0	10	20	4
1	1	14	19
2	5	10	17
3	17	8	2
4	9	3	20
5	0	8	13
6	16	2	14
7	9	1	7
8	6	12	4
9	7	10	11
10	6	2	13
11	6	4	19
12	0	17	1
13	12	13	9
14	10	13	9
15	11	19	20
16	15	8	2
17	6	17	8
18	15	18	13
19	7	13	2
20	6	9	13
21	14	17	3
22	19	0	16
23	17	19	15
24	10	9	1
25	11	18	15
26	18	5	17
27	10	17	12
28	13	5	11
29	18	13	16
30	10	8	2
31	6	10	12
32	5	20	17
33	1	6	16
34	14	20	13
35	12	13	15
36	19	6	16
37	5	17	11
38	20	1	13
39	6	0	12
40	11	19	15
41	0	11	12
42	11	19	6
43	13	17	12
44	7	11	6
45	5	8	3
46	7	19	9
47	17	18	10
48	14	17	2
49	3	20	1
50	12	16	20
51	7	17	5
52	10	3	2
53	18	16	15
54	10	0	6
55	8	20	9
56	20	6	14
57	1	4	11
58	11	15	12
59	20	9	11
60	2	20	13
61	0	9	3
62	20	3	14
63	20	4	16
64	9	17	2
65	2	19	4
66	14	4	20
67	2	13	4
68	19	13	5
69	10	9	12
70	3	20	16
71	5	3	19
72	17	5	20
73	2	14	0
74	18	2	20
75	5	16	2
76	15	8	2
77	15	12	3
78	10	18	3
79	17	19	16
80	12	1	19
81	14	6	18
82	7	18	1
83	10	3	12
84	5	3	9
85	19	7	8
86	14	20	18
87	17	9	6
88	4	7	19
89	2	7	15
90	15	8	13
91	5	2	7
92	12	4	14
93	14	20	7
94	18	19	13
95	18	6	5
96	13	6	11
97	3	10	16
98	7	1	2
99	16	9	13
100	9	12	4
101	3	10	19
102	14	5	11
103	13	0	2
104	15	11	1
105	19	16	8
106	17	5	2
107	7	4	10
108	20	15	18
109	5	19	9
110	16	15	1
111	10	5	17
112	19	1	13
113	9	7	4
114	6	1	18
115	0	13	5
116	20	19	1
117	11	9	10
118	10	8	7
119	4	19	0
120	18	15	5
121	6	4	15
122	19	1	18
123	1	8	20
124	1	12	2
125	7	20	16
126	18	16	13
127	5	13	9
128	0	15	3
129	5	3	18
130	19	13	11
131	16	13	17
132	19	1	0
133	0	1	20
134	10	19	12
135	8	6	11
136	19	8	6
137	16	1	13
138	20	9	12
139	20	16	13
140	13	5	17
141	8	17	14
142	3	12	9
143	6	20	13
144	5	12	8
145	1	15	7
146	6	12	2
147	13	19	3
148	15	20	6
149	16	8	0
150	4	18	14
151	1	8	13
152	14	20	15
153	12	1	3
154	14	13	1
155	12	20	19
156	15	17	5
157	7	16	9
158	16	4	1
159	19	18	3
160	19	2	17
161	2	9	18
162	20	17	5
163	18	12	11
164	4	16	3
165	16	11	9
166	17	13	9
167	3	4	14
168	5	16	7
169	1	15	0
170	10	4	6
171	8	11	19
172	15	5	20
173	7	8	17
174	3	2	10
175	13	1	7
176	8	19	20
177	0	13	18
178	19	5	6
179	13	16	8
180	3	19	15
181	1	0	7
182	20	14	15
183	7	8	12
184	10	17	5
185	6	3	1
186	7	16	20
187	0	11	12
188	11	18	17
189	1	0	17
190	8	11	19
191	12	1	5
192	3	17	13
193	13	15	20
194	6	13	15
195	4	5	7
196	8	11	16
197	19	13	1
198	14	11	5
199	17	12	10
200	20	2	17
201	4	12	11
202	13	8	3
203	14	5	20
204	8	3	1
205	19	20	7
206	17	10	19
207	12	7	2
208	18	2	0
209	8	18	15
210	8	17	1
211	16	13	7
212	20	18	1
213	11	0	6
214	12	0	16
215	7	17	4
216	6	8	10
217	16	19	18
218	9	5	3
219	12	4	18
220	8	19	14
221	12	16	18
222	4	14	11
223	7	18	12
224	15	12	5
225	8	16	4
226	17	1	5
227	8	18	5
228	10	2	0
229	19	12	6
230	9	1	5
231	16	15	19
232	16	4	11
233	7	18	17
234	4	19	14
235	10	16	1
236	7	0	19
237	14	12	4
238	11	20	3
239	16	2	17
240	7	4	13
241	3	9	5
242	1	4	13
243	9	18	13
244	9	7	1
245	0	9	5
246	10	19	13
247	10	20	3
248	9	19	17
249	1	18	20
250	5	11	12
251	18	3	19
252	13	14	15
253	4	17	20
254	3	19	17
255	1	4	9
256	0	4	18
257	3	20	13
258	8	16	13
259	7	17	9
260	7	13	4
261	1	8	4
262	7	18	20
263	10	6	1
264	2	0	16
265	13	0	5
266	15	1	18
267	8	14	7
268	0	14	16
269	5	3	14
270	18	20	3
271	4	6	5
272	1	18	3
273	15	14	9
274	16	20	6
275	1	14	16
276	3	4	6
277	11	4	13
278	0	17	15
279	19	14	17
280	1	17	10
281	16	3	8
282	19	18	1
283	8	20	16
284	1	18	16
285	10	2	5
286	3	16	13
287	2	4	14
288	5	19	8
289	7	19	5
290	19	11	10
291	4	6	18
292	13	18	11
293	1	12	16
294	5	17	13
295	0	7	16
296	10	5	0
297	18	5	2
298	5	16	15
299	9	17	16
300	16	0	18
301	13	3	15
302	20	17	16
303	9	14	4
304	18	2	16
305	2	17	14
306	7	14	6
307	10	19	3
308	11	18	12
309	6	3	0
310	7	14	12
311	8	20	6
312	0	7	12
313	6	10	3
314	19	12	2
315	17	18	20
316	17	0	10
317	16	6	2
318	6	4	1
319	14	20	3
320	2	18	8
321	6	11	7
322	1	8	9
323	6	3	8
324	4	6	15
325	20	17	6
326	4	19	5
327	18	13	0
328	19	18	9
329	10	3	19
330	10	2	17
331	3	5	11
332	17	12	19
333	8	17	11
334	12	20	19
335	7	6	0
336	9	15	2
337	3	0	8
338	15	5	20
339	13	15	20
340	8	1	15
341	12	19	18
342	2	19	16
343	5	17	4
344	8	4	14
345	11	13	0
346	16	20	3
347	10	20	9
348	20	4	8
349	12	3	8
350	9	10	5
351	6	12	16
352	9	14	5
353	4	16	7
354	8	11	7
355	12	9	3
356	8	14	6
357	16	12	20
358	4	16	10
359	8	3	5
360	9	15	10
361	4	10	19
362	5	2	9
363	7	0	17
364	3	16	1
365	11	10	12
366	17	19	8
367	4	16	9
368	18	2	15
369	2	16	19
370	9	16	8
371	8	10	20
372	7	17	9
373	4	8	1
374	13	6	15
375	1	17	12
376	12	2	20
377	15	20	3
378	19	7	0
379	0	4	19
380	1	11	10
381	13	10	16
382	0	9	10
383	18	13	11
384	2	15	16
385	0	12	4
386	15	11	3
387	13	14	16
388	9	6	17
389	15	0	2
390	13	1	2
391	17	3	10
392	16	17	5
393	2	19	6
394	0	7	13
395	18	14	19
396	8	16	6
397	0	4	20
398	7	0	1
399	12	17	6
400	12	14	4
401	0	8	9
402	8	0	10
403	6	13	2
404	5	19	7
405	1	19	17
406	1	3	15
407	8	4	19
408	7	11	0
409	1	17	0
410	12	14	11
411	15	4	10
412	18	13	19
413	18	19	8
414	19	14	9
415	0	5	4
416	16	17	3
417	5	9	1
418	13	8	1
419	5	4	18
420	12	3	14
421	14	13	8
422	13	6	3
423	3	11	16
424	16	2	11
425	14	13	18
426	0	6	14
427	13	7	17
428	5	7	9
429	18	5	15
430	16	15	19
431	18	16	3
432	13	16	5
433	6	18	1
434	15	13	0
435	8	4	7
436	9	20	10
437	5	14	11
438	11	13	12
439	7	4	10
440	5	4	3
441	7	20	11
442	13	8	17
443	16	9	18
444	14	20	9
445	1	10	17
446	5	18	12
447	8	6	4
448	1	6	12
449	12	9	20
450	1	4	18
451	1	5	12
452	16	19	10
453	7	19	5
454	18	20	12
455	19	12	5
456	17	4	3
457	7	0	4
458	2	3	10
459	0	3	11
460	17	10	9
461	18	16	20
462	1	11	18
463	14	18	9
464	2	8	13
465	18	7	2
466	8	6	19
467	18	19	20
468	1	7	6
469	19	4	8
470	11	14	5
471	2	18	19
472	18	12	1
473	7	3	19
474	14	3	15
475	4	1	12
476	6	7	16
477	20	16	11
478	10	1	6
479	17	5	13
480	9	0	18
481	8	2	18
482	8	19	5
483	6	2	14
484	0	17	5
485	5	19	2
486	6	18	17
487	4	1	5
488	15	0	10
489	19	18	6
490	17	1	9
491	0	19	4
492	20	14	3
493	7	20	8
494	16	7	18
495	17	2	12
496	19	0	2
497	4	13	10
498	16	14	18
499	14	5	2
500	12	6	4
501	16	12	6
502	19	4	2
503	11	2	19
504	13	2	10
505	11	15	1
506	4	12	9
507	7	4	5
508	11	1	7
509	11	4	16
510	9	2	20
511	16	8	0
512	18	1	10
513	5	12	2
514	0	14	20
515	3	0	8
516	7	1	8
517	0	16	18
518	14	0	17
519	16	9	13
520	16	3	13
521	1	11	18
522	2	14	5
523	20	3	16
524	7	8	18
525	5	3	11
526	14	8	13
527	3	0	10
528	15	0	4
529	4	10	16
530	5	6	15
531	13	6	14
532	8	9	16
533	1	5	19
534	19	14	12
535	19	9	16
536	13	15	8
537	4	2	13
538	5	17	7
539	0	14	20
540	17	14	9
541	16	9	0
542	2	17	7
543	9	18	19
544	14	20	6
545	14	10	2
546	5	17	7
547	6	18	9
548	18	16	5
549	1	14	16
550	4	15	8
551	14	13	17
552	18	9	4
553	4	19	16
554	7	9	14
555	11	10	3
556	8	3	18
557	19	0	13
558	12	1	7
559	18	7	19
560	11	17	2
561	7	12	0
562	16	10	2
563	20	7	9
564	7	16	6
565	19	16	6
566	20	0	4
567	3	2	10
568	11	9	8
569	6	3	9
570	8	14	7
571	6	10	0
572	9	17	12
573	9	2	1
574	19	14	5
575	19	2	16
576	18	17	15
577	1	6	7
578	5	2	4
579	14	5	7
580	1	18	0
581	7	6	8
582	5	10	4
583	2	9	16
584	7	8	0
585	14	18	0
586	3	17	13
587	17	1	15
588	1	13	14
589	4	18	2
590	14	17	7
591	7	10	8
592	19	3	10
593	1	3	18
594	15	5	2
595	20	5	15
596	7	4	6
597	6	18	0
598	18	6	16
599	11	20	5
600	0	5	11
601	19	8	17
602	6	5	3
603	15	19	14
604	15	12	20
605	5	8	6
606	3	12	18
607	12	18	8
608	12	0	20
609	4	6	20
610	13	18	16
611	2	18	12
612	10	9	16
613	4	11	6
614	6	13	20
615	18	5	3
616	1	2	4
617	11	5	16
618	11	10	18
619	3	17	0
620	3	13	0
621	18	17	11
622	7	10	17
623	8	14	12
624	12	19	11
625	20	16	4
626	12	16	7
627	5	20	13
628	6	0	8
629	8	2	7
630	7	5	18
631	9	8	20
632	8	0	15
633	19	1	12
634	2	19	5
635	11	10	12
636	5	1	17
637	20	12	1
638	9	3	6
639	17	14	18
640	14	4	5
641	14	1	0
642	20	3	12
643	12	18	6
644	18	6	14
645	19	0	1
646	19	2	12
647	12	18	17
648	6	4	16
649	18	4	17
650	16	18	10
651	4	3	17
652	1	0	20
653	10	5	8
654	6	17	18
655	9	19	1
656	17	13	14
657	2	14	18
658	18	5	20
659	1	2	15
660	18	14	5
661	3	14	2
662	19	14	6
663	17	0	15
664	3	20	6
665	20	17	3
666	14	17	1
667	7	0	2
668	18	6	5
669	12	19	16
670	13	20	9
671	14	13	20
672	20	14	18
673	9	17	0
674	14	9	6
675	11	14	4
676	19	0	6
677	18	17	1
678	1	11	18
679	16	6	11
680	15	7	5
681	12	19	11
682	3	11	4
683	0	5	3
684	2	19	17
685	19	2	17
686	5	2	7
687	18	20	14
688	6	8	18
689	15	12	14
690	10	20	17
691	4	16	14
692	3	5	0
693	8	11	15
694	3	0	18
695	15	2	11
696	17	0	18
697	8	20	9
698	11	6	5
699	13	15	6
700	2	6	19
701	8	12	13
702	14	6	4
703	2	4	17
704	2	9	15
705	19	10	3
706	10	6	16
707	20	14	16
708	2	11	4
709	5	11	13
710	17	3	19
711	2	14	20
712	4	18	9
713	15	16	8
714	6	7	1
715	17	12	14
716	19	9	5
717	6	13	14
718	13	15	8
719	9	19	15
720	14	4	19
721	7	20	19
722	5	3	14
723	2	16	11
724	17	0	9
725	0	19	8
726	14	3	1
727	16	0	8
728	1	4	2
729	2	12	5
730	2	15	14
731	16	10	9
732	1	18	5
733	9	19	17
734	9	3	0
735	0	6	14
736	9	2	8
737	11	19	18
738	5	7	16
739	6	18	16
740	16	15	2
741	14	16	13
742	3	9	19
743	15	1	14
744	10	3	15
745	6	2	19
746	9	8	12
747	10	14	9
748	4	0	9
749	17	4	6
750	12	6	9
751	17	15	9
752	11	12	6
753	9	18	17
754	2	16	0
755	14	11	2
756	12	4	18
757	7	0	20
758	17	9	20
759	1	5	2
760	9	16	12
761	18	10	16
762	9	2	8
763	16	19	18
764	6	4	3
765	4	3	2
766	10	8	4
767	15	17	13
768	3	19	6
769	12	10	19
770	19	18	11
771	11	10	12
772	13	19	16
773	0	9	20
774	12	9	0
775	3	8	18
776	4	18	17
777	15	6	17
778	13	14	16
779	1	7	13
780	16	3	1
781	2	18	4
782	3	17	11
783	13	1	3
784	10	12	19
785	20	5	6
786	18	11	20
787	17	18	8
788	7	20	15
789	13	5	19
790	8	16	1
791	18	14	15
792	18	0	3
793	16	18	15
794	14	12	11
795	4	17	9
796	16	13	19
797	12	13	6
798	12	10	19
799	6	1	17
800	1	13	16
801	8	13	3
802	17	1	9
803	4	12	0
804	11	1	2
805	11	6	19
806	9	17	16
807	9	10	20
808	4	18	1
809	13	8	10
810	5	7	10
811	17	18	16
812	0	2	16
813	12	3	15
814	17	9	3
815	11	18	10
816	14	8	17
817	12	10	8
818	1	20	16
819	1	15	13
820	11	3	15
821	11	0	5
822	11	13	19
823	5	9	2
824	17	20	14
825	1	12	5
826	15	6	11
827	17	5	15
828	17	5	18
829	19	7	20
830	20	7	3
831	19	18	7
832	2	9	7
833	14	7	10
834	17	0	9
835	19	13	2
836	0	16	3
837	11	9	3
838	2	10	17
839	5	17	9
840	20	4	12
841	1	15	6
842	4	18	8
843	4	17	18
844	6	0	16
845	13	11	19
846	9	3	6
847	6	7	13
848	6	9	15
849	18	8	4
850	10	13	8
851	12	19	11
852	5	9	6
853	9	19	14
854	3	5	20
855	9	7	6
856	5	12	13
857	4	8	15
858	14	8	18
859	4	20	15
860	0	16	20
861	7	1	4
862	17	19	4
863	7	8	15
864	4	19	6
865	19	13	17
866	16	7	8
867	1	19	2
868	2	0	4
869	15	4	13
870	5	2	8
871	10	12	0
872	11	12	7
873	4	7	10
874	14	11	5
875	7	6	19
876	4	7	18
877	16	6	4
878	8	7	2
879	11	5	13
880	11	16	19
881	5	13	15
882	1	19	9
883	9	19	14
884	12	16	7
885	10	5	18
886	11	4	16
887	2	19	18
888	18	4	19
889	20	3	16
890	14	7	13
891	6	2	1
892	0	6	7
893	0	1	5
894	3	16	9
895	9	19	7
896	17	11	9
897	19	15	6
898	4	15	7
899	15	10	4
900	2	14	9
901	4	17	13
902	5	10	1
903	20	8	2
904	12	13	3
905	7	8	12
906	19	4	14
907	2	11	7
908	8	1	0
909	20	14	8
910	17	5	0
911	10	20	4
912	0	9	13
913	15	6	4
914	12	10	8
915	9	6	10
916	12	10	16
917	12	5	19
918	15	19	20
919	8	0	2
920	0	3	13
921	18	15	14
922	4	13	20
923	17	11	20
924	11	17	13
925	3	10	16
926	0	12	15
927	13	7	11
928	11	15	4
929	11	5	8
930	14	1	3
931	13	6	9
932	8	7	18
933	6	5	0
934	3	6	9
935	3	10	14
936	5	13	10
937	15	12	17
938	2	10	0
939	12	8	15
940	3	1	19
941	2	14	12
942	5	7	3
943	4	0	5
944	2	14	1
945	0	6	17
946	6	14	7
947	12	0	3
948	12	17	3
949	10	6	11
950	12	5	20
951	13	9	15
952	18	12	14
953	2	15	12
954	13	11	20
955	2	5	7
956	3	17	20
957	13	19	4
958	20	9	4
959	4	16	8
960	13	12	20
961	6	13	4
962	17	16	18
963	8	3	14
964	19	18	3
965	20	0	17
966	19	0	8
967	5	4	15
968	20	2	18
969	11	16	10
970	19	8	14
971	0	4	18
972	7	14	19
973	19	7	1
974	8	7	15
975	16	6	1
976	12	15	11
977	16	10	20
978	14	11	0
979	3	10	19
980	19	12	9
981	8	1	11
982	20	15	5
983	16	15	1
984	4	6	7
985	16	2	15
986	1	11	17
987	12	16	9
988	12	3	0
989	17	12	5
990	9	7	3
991	12	20	4
992	0	10	18
993	7	9	15
994	20	9	13
995	1	17	2
996	14	9	1
997	0	10	3
998	7	6	11
999	3	14	12
1000	4	13	0
1001	18	3	4
1002	13	7	14
1003	2	18	12
1004	4	19	20
1005	1	6	12
1006	19	15	7
1007	20	4	11
1008	18	2	7
1009	4	16	17
1010	13	11	3
1011	19	16	8
1012	15	12	0
1013	6	14	11
1014	18	12	6
1015	4	13	2
1016	17	9	19
1017	16	8	6
1018	12	11	17
1019	11	20	3
1020	16	0	2
1021	6	20	16
1022	10	0	15
1023	13	0	2
1024	2	8	9
1025	4	11	7
1026	7	19	3
1027	18	9	10
1028	17	0	16
1029	2	9	8
1030	1	11	4
1031	12	20	16
1032	20	3	0
1033	3	18	19
1034	15	10	17
1035	5	13	15
1036	17	19	2
1037	20	1	5
1038	19	20	16
1039	2	8	0
1040	10	12	17
1041	13	16	4
1042	11	4	1
1043	13	0	17
1044	19	13	0
1045	19	20	6
1046	2	4	5
1047	1	4	8
1048	7	19	12
1049	2	5	9
1050	7	17	4
1051	13	17	11
1052	7	8	17
1053	7	9	15
1054	18	7	3
1055	20	19	10
1056	16	1	13
1057	12	4	19
1058	0	19	7
1059	0	11	4
1060	7	1	15
1061	12	11	5
1062	9	15	12
1063	1	15	11
1064	9	12	10
1065	14	0	8
1066	15	10	11
1067	4	7	3
1068	0	4	8
1069	15	16	4
1070	10	5	12
1071	19	7	9
1072	13	16	12
1073	9	6	15
1074	7	10	20
1075	15	17	7
1076	11	3	14
1077	1	13	3
1078	2	3	12
1079	10	1	5
1080	19	16	3
1081	8	16	12
1082	16	7	3
1083	20	11	12
1084	4	12	15
1085	3	19	12
1086	20	8	6
1087	10	7	3
1088	3	7	15
1089	0	6	7
1090	14	20	19
1091	5	18	6
1092	0	9	7
1093	16	9	17
1094	1	20	17
1095	1	19	12
1096	4	9	15
1097	4	3	10
1098	17	10	3
1099	3	19	7
1100	11	3	2
1101	20	19	4
1102	11	17	19
1103	7	4	14
1104	18	14	1
1105	1	10	16
1106	19	16	13
1107	19	12	17
1108	3	19	7
1109	16	14	20
1110	0	14	16
1111	14	6	17
1112	4	13	2
1113	4	8	15
1114	9	12	14
1115	14	15	1
1116	15	12	1
1117	5	0	1
1118	12	6	20
1119	20	2	19
1120	9	11	10
1121	8	3	16
1122	9	5	6
1123	6	15	9
1124	18	2	9
1125	19	13	12
1126	6	18	8
1127	13	12	3
1128	20	4	18
1129	5	19	3
1130	12	15	4
1131	20	2	9
1132	19	18	10
1133	4	2	20
1134	15	6	12
1135	13	17	14
1136	12	0	13
1137	12	10	1
1138	13	3	19
1139	13	16	20
1140	5	4	11
1141	14	16	4
1142	6	7	9
1143	2	19	20
1144	18	19	4
1145	14	6	3
1146	20	11	12
1147	7	14	19
1148	15	4	6
1149	6	1	3
1150	15	12	9
1151	4	14	20
1152	14	11	1
1153	5	12	6
1154	8	20	16
1155	2	6	8
1156	14	5	20
1157	5	1	8
1158	2	9	17
1159	3	19	17
1160	2	5	18
1161	14	15	1
1162	17	9	2
1163	20	4	18
1164	2	0	4
1165	15	11	8
1166	8	15	13
1167	2	19	3
1168	2	0	7
1169	10	9	15
1170	16	14	18
1171	19	17	13
1172	7	17	12
1173	3	11	16
1174	9	5	19
1175	7	11	12
1176	12	19	4
1177	0	18	16
1178	0	16	13
1179	5	17	19
1180	20	10	4
1181	2	1	11
1182	15	14	12
1183	19	4	13
1184	1	8	0
1185	0	19	7
1186	10	8	14
1187	10	18	20
1188	1	14	3
1189	5	1	14
1190	4	18	11
1191	4	12	10
1192	4	16	6
1193	14	15	18
1194	7	14	10
1195	4	6	10
1196	13	16	15
1197	14	12	3
1198	19	11	16
1199	17	8	11
1200	14	18	2
1201	10	17	16
1202	18	11	5
1203	5	2	4
1204	20	11	8
1205	16	20	12
1206	18	17	14
1207	13	14	15
1208	20	10	12
1209	13	2	20
1210	12	14	2
1211	9	19	12
1212	12	3	14
1213	13	0	12
1214	6	18	19
1215	16	14	13
1216	16	5	15
1217	7	15	14
1218	3	10	8
1219	8	11	1
1220	9	18	6
1221	6	5	2
1222	1	18	9
1223	0	11	7
1224	11	5	0
1225	5	18	4
1226	10	1	20
1227	18	14	7
1228	10	15	4
1229	14	17	3
1230	1	6	14
1231	3	14	10
1232	13	4	1
1233	14	17	11
1234	18	12	13
1235	11	8	12
1236	19	17	3
1237	14	0	20
1238	5	10	15
1239	5	12	20
1240	3	12	13
1241	9	2	7
1242	13	0	5
1243	5	19	18
1244	19	2	3
1245	6	14	20
1246	1	10	9
1247	14	16	8
1248	5	9	15
1249	4	12	8
1250	11	19	10
1251	19	16	12
1252	15	12	7
1253	6	12	0
1254	10	4	16
1255	10	8	20
1256	9	2	17
1257	3	17	13
1258	12	0	6
1259	12	0	5
1260	19	20	15
1261	12	18	19
1262	3	18	15
1263	4	11	16
1264	0	5	11
1265	7	3	1
1266	17	15	18
1267	15	13	19
1268	2	12	6
1269	11	6	3
1270	5	8	0
1271	3	7	2
1272	0	12	8
1273	20	9	13
1274	14	3	4
1275	20	3	1
1276	7	20	11
1277	20	2	9
1278	18	13	0
1279	17	19	4
1280	3	1	12
1281	16	15	6
1282	17	7	15
1283	19	2	18
1284	4	12	6
1285	12	14	13
1286	5	10	18
1287	9	17	12
1288	6	17	5
1289	7	6	5
1290	11	4	0
1291	7	9	12
1292	2	5	12
1293	0	14	2
1294	15	4	11
1295	16	10	14
1296	0	7	14
1297	2	13	20
1298	11	13	20
1299	19	7	16
1300	5	7	6
1301	5	19	8
1302	18	11	10
1303	6	9	17
1304	0	3	17
1305	14	13	19
1306	2	18	8
1307	6	18	3
1308	8	16	11
1309	16	4	1
1310	1	15	7
1311	14	20	18
1312	12	14	11
1313	0	7	14
1314	20	12	16
1315	11	3	14
1316	15	8	6
1317	1	12	8
1318	20	11	18
1319	12	9	17
1320	4	12	7
1321	1	15	10
1322	3	10	7
1323	0	17	14
1324	19	8	6
1325	9	7	8
1326	7	9	17
1327	3	15	20
1328	15	19	17
1329	11	4	12
1330	3	0	1
1331	14	15	4
1332	7	15	20
1333	13	11	17
1334	2	11	7
1335	5	1	6
1336	11	12	2
1337	17	12	1
1338	7	12	16
1339	7	10	18
1340	2	10	4
1341	5	7	0
1342	0	18	1
1343	7	18	11
1344	10	13	0
1345	8	10	12
1346	8	0	20
1347	5	0	8
1348	8	0	20
1349	8	1	18
1350	11	18	3
1351	9	14	7
1352	3	2	15
1353	4	18	6
1354	6	0	1
1355	12	3	20
1356	12	10	5
1357	20	17	15
1358	4	8	15
1359	15	0	16
1360	1	7	5
1361	13	17	15
1362	7	17	10
1363	10	17	8
1364	7	5	19
1365	3	18	20
1366	11	16	4
1367	19	6	4
1368	19	20	5
1369	15	7	5
1370	11	0	6
1371	10	8	11
1372	1	10	12
1373	18	5	19
1374	6	15	17
1375	6	12	11
1376	2	10	6
1377	18	16	7
1378	1	16	5
1379	10	11	19
1380	20	1	13
1381	8	4	14
1382	4	12	0
1383	14	6	1
1384	10	4	17
1385	8	6	17
1386	0	13	12
1387	20	3	1
1388	20	2	13
1389	18	1	8
1390	3	10	15
1391	7	17	14
1392	11	19	13
1393	3	15	2
1394	3	15	16
1395	5	7	16
1396	17	6	10
1397	20	9	4
1398	13	16	10
1399	7	17	19
1400	9	10	19
1401	9	10	8
1402	13	4	7
1403	11	7	6
1404	2	3	18
1405	3	12	6
1406	15	1	20
1407	13	7	1
1408	4	2	8
1409	19	6	3
1410	20	17	11
1411	6	10	2
1412	19	11	1
1413	9	3	20
1414	3	18	20
1415	11	14	3
1416	17	9	8
1417	5	11	12
1418	17	16	4
1419	18	4	5
1420	4	2	9
1421	7	17	14
1422	6	2	12
1423	14	12	6
1424	8	3	20
1425	9	19	10
1426	2	8	6
1427	7	11	14
1428	6	2	16
1429	20	2	17
1430	20	9	19
1431	14	3	13
1432	20	18	10
1433	1	9	13
1434	4	8	12
1435	19	20	8
1436	13	1	0
1437	13	7	17
1438	13	10	12
1439	4	2	17
1440	0	17	1
1441	19	8	17
1442	0	16	7
1443	12	3	20
1444	14	19	8
1445	11	8	6
1446	18	9	10
1447	4	11	18
1448	8	15	5
1449	15	17	1
1450	8	9	15
1451	14	16	2
1452	6	11	15
1453	6	5	12
1454	7	16	2
1455	17	19	4
1456	1	2	19
1457	4	2	12
1458	15	17	18
1459	19	1	20
1460	15	4	18
1461	18	5	12
1462	1	10	3
1463	5	10	13
1464	0	20	17
1465	9	11	0
1466	4	16	6
1467	8	14	17
1468	16	13	19
1469	15	2	18
1470	15	11	12
1471	6	11	17
1472	7	19	12
1473	6	3	8
1474	4	0	7
1475	11	15	4
1476	18	14	1
1477	1	2	16
1478	9	0	11
1479	5	11	12
1480	3	0	13
1481	1	10	12
1482	7	6	13
1483	18	20	4
1484	11	20	8
1485	9	15	12
1486	17	18	14
1487	11	9	4
1488	6	18	8
1489	20	1	4
1490	5	6	16
1491	13	2	0
1492	0	2	19
1493	14	1	18
1494	8	7	15
1495	1	7	17
1496	16	0	10
1497	4	1	11
1498	15	18	5
1499	17	4	18
1500	1	20	13
1501	19	2	9
1502	3	6	13
1503	8	7	17
1504	5	4	12
1505	20	0	7
1506	17	1	9
1507	1	12	10
1508	15	11	9
1509	15	14	17
1510	2	5	0
1511	19	8	7
1512	5	9	16
1513	3	10	11
1514	16	2	13
1515	11	12	5
1516	11	10	20
1517	11	12	10
1518	1	2	15
1519	4	14	15
1520	1	2	7
1521	7	18	2
1522	8	6	10
1523	4	15	17
1524	18	16	3
1525	14	19	3
1526	5	17	19
1527	2	9	10
1528	1	12	15
1529	5	11	12
1530	3	13	8
1531	5	11	14
1532	15	12	5
1533	0	20	17
1534	4	7	11
1535	8	16	2
1536	8	11	5
1537	6	13	16
1538	13	5	18
1539	15	12	4
1540	4	10	3
1541	10	13	14
1542	8	6	9
1543	4	12	10
1544	16	18	11
1545	18	1	2
1546	5	13	17
1547	20	12	18
1548	1	14	5
1549	18	4	3
1550	0	9	12
1551	12	15	20
1552	20	7	8
1553	4	20	2
1554	12	4	17
1555	7	20	3
1556	17	1	10
1557	1	13	5
1558	14	4	3
1559	7	16	4
1560	16	12	9
1561	14	16	17
1562	8	6	17
1563	2	13	17
1564	2	19	15
1565	13	16	18
1566	14	0	8
1567	4	20	18
1568	8	2	16
1569	13	5	4
1570	14	18	20
1571	9	3	10
1572	9	4	18
1573	11	17	16
1574	2	0	3
1575	13	15	14
1576	18	3	6
1577	12	9	2
1578	8	14	4
1579	2	17	11
1580	10	9	7
1581	19	2	10
1582	8	4	14
1583	0	8	16
1584	9	15	12
1585	2	1	15
1586	20	16	5
1587	6	2	4
1588	3	1	9
1589	9	12	7
1590	11	10	4
1591	14	3	10
1592	18	20	17
1593	7	8	11
1594	1	3	5
1595	17	5	11
1596	16	9	2
1597	1	12	15
1598	4	20	11
1599	19	16	3
1600	5	0	20
1601	1	8	6
1602	15	11	2
1603	0	3	11
1604	16	2	17
1605	19	18	2
1606	6	3	18
1607	2	12	18
1608	10	8	2
1609	17	3	16
1610	12	4	14
1611	0	20	2
1612	14	4	19
1613	11	10	1
1614	9	12	17
1615	11	15	3
1616	3	0	6
1617	2	3	19
1618	14	19	7
1619	9	4	3
1620	16	14	12
1621	11	10	7
1622	13	9	3
1623	7	14	10
1624	0	7	15
1625	13	12	3
1626	16	9	1
1627	15	16	13
1628	5	15	3
1629	4	20	18
1630	9	17	4
1631	17	9	13
1632	9	1	6
1633	14	9	3
1634	10	6	12
1635	5	1	13
1636	7	12	9
1637	8	19	11
1638	1	5	12
1639	16	1	2
1640	0	7	5
1641	6	8	0
1642	12	16	17
1643	2	8	6
1644	16	9	10
1645	18	20	11
1646	18	14	5
1647	14	2	11
1648	0	11	2
1649	2	13	9
1650	14	1	16
1651	19	2	9
1652	4	8	0
1653	9	8	17
1654	12	11	2
1655	13	5	2
1656	18	16	7
1657	6	16	20
1658	3	14	5
1659	14	2	9
1660	2	19	1
1661	7	2	16
1662	0	19	17
1663	13	5	12
1664	1	8	16
1665	13	14	9
1666	16	6	14
1667	5	16	4
1668	6	19	9
1669	10	13	18
1670	19	6	5
1671	5	6	16
1672	8	1	9
1673	1	4	12
1674	10	20	0
1675	18	6	17
1676	5	0	12
1677	15	7	11
1678	15	3	1
1679	18	9	1
1680	18	15	11
1681	8	9	20
1682	7	0	3
1683	15	11	12
1684	1	9	4
1685	15	4	9
1686	10	13	8
1687	8	20	9
1688	12	18	16
1689	4	3	12
1690	15	12	7
1691	12	13	19
1692	8	0	3
1693	20	17	3
1694	7	17	2
1695	1	8	16
1696	0	4	3
1697	13	0	2
1698	18	17	14
1699	9	13	14
1700	11	8	16
1701	15	4	9
1702	15	16	2
1703	3	18	17
1704	10	17	12
1705	10	17	3
1706	17	9	2
1707	14	19	13
1708	13	12	18
1709	8	1	13
1710	3	7	6
1711	6	20	15
1712	4	15	0
1713	12	5	11
1714	15	3	6
1715	1	4	0
1716	19	18	10
1717	11	12	18
1718	10	11	5
1719	1	9	3
1720	6	10	15
1721	5	19	17
1722	15	17	20
1723	17	3	7
1724	10	19	17
1725	12	1	5
1726	15	18	16
1727	20	14	10
1728	8	16	15
1729	11	20	7
1730	17	1	13
1731	5	13	8
1732	0	1	8
1733	8	15	1
1734	14	8	9
1735	4	18	10
1736	10	12	19
1737	18	19	0
1738	19	10	20
1739	3	16	0
1740	8	2	5
1741	15	5	11
1742	19	8	7
1743	5	10	15
1744	17	2	14
1745	0	7	14
1746	16	12	18
1747	13	8	4
1748	3	6	13
1749	5	13	16
1750	2	20	4
1751	5	2	1
1752	9	18	14
1753	13	7	16
1754	8	14	17
1755	18	10	0
1756	7	10	3
1757	10	15	3
1758	18	9	16
1759	12	9	13
1760	7	8	15
1761	6	17	3
1762	15	18	8
1763	6	5	3
1764	14	2	8
1765	18	12	11
1766	8	1	15
1767	3	6	9
1768	1	5	14
1769	12	5	11
1770	13	0	2
1771	15	6	10
1772	18	14	1
1773	12	16	10
1774	18	13	6
1775	9	12	1
1776	14	17	9
1777	19	12	17
1778	16	13	6
1779	4	11	12
1780	19	6	17
1781	15	17	8
1782	4	16	10
1783	3	5	9
1784	0	17	7
1785	6	14	13
1786	11	5	6
1787	6	11	10
1788	12	15	3
1789	4	1	13
1790	3	8	13
1791	8	13	1
1792	0	16	9
1793	11	12	2
1794	18	10	13
1795	2	9	13
1796	20	4	15
1797	19	0	5
1798	1	15	17
1799	2	3	1
1800	19	8	5
1801	10	4	2
1802	4	10	16
1803	16	5	12
1804	20	4	17
1805	13	0	5
1806	12	15	0
1807	11	3	18
1808	19	5	6
1809	1	15	3
1810	17	8	16
1811	9	3	6
1812	14	18	7
1813	1	16	0
1814	19	18	17
1815	11	0	19
1816	2	19	18
1817	9	15	20
1818	9	2	13
1819	19	11	1
1820	9	0	16
1821	15	9	5
1822	2	16	1
1823	0	4	9
1824	7	4	2
1825	18	2	16
1826	11	18	9
1827	6	17	19
1828	7	15	9
1829	7	3	17
1830	14	7	13
1831	19	2	4
1832	4	1	19
1833	8	17	7
1834	0	7	4
1835	15	16	3
1836	2	14	10
1837	16	18	12
1838	12	3	5
1839	11	4	19
1840	19	10	5
1841	1	15	14
1842	1	13	3
1843	1	3	16
1844	5	10	14
1845	13	9	14
1846	19	13	12
1847	19	6	13
1848	20	12	19
1849	9	12	11
1850	4	8	12
1851	17	7	2
1852	6	14	0
1853	19	14	11
1854	6	16	13
1855	13	9	5
1856	0	12	7
1857	17	3	11
1858	12	7	6
1859	19	0	4
1860	10	3	1
1861	15	10	12
1862	14	12	4
1863	13	20	9
1864	0	17	8
1865	14	17	8
1866	5	11	17
1867	0	17	12
1868	2	11	20
1869	15	9	8
1870	16	7	3
1871	3	16	18
1872	8	14	13
1873	18	19	14
1874	5	12	0
1875	6	9	15
1876	18	17	4
1877	9	18	15
1878	19	17	4
1879	8	0	2
1880	5	13	3
1881	7	13	12
1882	0	10	2
1883	16	3	11
1884	5	15	7
1885	10	11	13
1886	13	12	0
1887	9	5	8
1888	18	13	1
1889	2	1	10
1890	5	12	1
1891	20	15	12
1892	3	17	7
1893	17	12	7
1894	18	20	6
1895	10	2	3
1896	20	6	4
1897	14	12	11
1898	6	0	2
1899	4	6	3
1900	1	6	2
1901	6	3	13
1902	5	3	17
1903	13	4	2
1904	19	7	13
1905	13	18	9
1906	12	3	1
1907	15	2	1
1908	10	9	13
1909	10	15	17
1910	1	6	0
1911	13	12	9
1912	13	19	14
1913	1	16	18
1914	8	11	17
1915	1	13	17
1916	20	3	12
1917	0	14	12
1918	5	6	11
1919	3	18	4
1920	4	19	16
1921	4	17	19
1922	16	13	4
1923	8	20	11
1924	2	20	6
1925	5	9	2
1926	20	7	19
1927	2	8	5
1928	2	14	18
1929	3	7	17
1930	16	10	0
1931	6	4	9
1932	8	4	1
1933	18	3	2
1934	0	6	2
1935	20	19	0
1936	11	2	18
1937	14	3	19
1938	2	1	0
1939	7	4	18
1940	5	9	17
1941	14	6	19
1942	11	15	7
1943	8	12	16
1944	12	11	16
1945	16	5	6
1946	4	2	12
1947	2	3	18
1948	14	5	9
1949	5	10	9
1950	2	16	10
1951	0	13	15
1952	11	0	19
1953	20	18	6
1954	12	16	7
1955	4	19	14
1956	3	13	20
1957	16	10	1
1958	4	1	19
1959	1	13	18
1960	17	1	15
1961	1	3	15
1962	12	3	1
1963	19	5	16
1964	9	11	18
1965	20	16	9
1966	13	10	7
1967	16	14	11
1968	7	20	5
1969	17	15	3
1970	6	0	15
1971	1	11	4
1972	17	1	12
1973	7	11	18
1974	20	6	18
1975	18	9	2
1976	0	7	16
1977	16	3	6
1978	6	9	7
1979	17	1	3
1980	11	13	1
1981	7	19	5
1982	9	12	10
1983	7	6	10
1984	3	6	13
1985	12	4	8
1986	15	5	18
1987	15	10	18
1988	16	1	8
1989	20	0	16
1990	0	13	18
1991	5	3	11
1992	12	16	15
1993	5	18	2
1994	5	11	8
1995	17	10	4
1996	19	7	17
1997	15	5	14
1998	18	6	4
1999	7	18	9
2000	17	7	10
2001	0	3	2
2002	4	8	3
2003	17	19	11
2004	4	19	3
2005	1	2	10
2006	19	0	4
2007	16	13	8
2008	3	8	6
2009	3	5	17
2010	13	15	4
2011	6	7	12
2012	16	0	10
2013	19	12	16
2014	7	17	20
2015	6	10	12
2016	6	3	2
2017	11	6	19
2018	20	0	11
2019	18	10	12
2020	17	7	13
2021	0	19	1
2022	1	15	16
2023	7	17	13
2024	1	8	10
2025	3	9	18
2026	4	7	9
2027	18	10	17
2028	16	15	19
2029	15	4	14
2030	15	5	7
2031	14	19	9
2032	16	19	15
2033	6	2	0
2034	0	3	16
2035	13	20	9
2036	18	16	14
2037	16	2	18
2038	4	6	13
2039	13	2	6
2040	20	10	9
2041	15	6	5
2042	17	2	7
2043	12	0	14
2044	13	0	6
2045	11	14	8
2046	12	7	8
2047	16	0	10
2048	13	14	16
2049	0	20	12
2050	2	16	6
2051	19	18	8
2052	8	7	17
2053	2	4	7
2054	9	14	0
2055	17	13	8
2056	4	17	1
2057	4	7	2
2058	16	18	2
2059	7	9	4
2060	3	6	19
2061	12	2	14
2062	12	8	19
2063	3	12	2
2064	14	0	13
2065	17	4	14
2066	11	4	0
2067	14	3	10
2068	6	12	7
2069	14	19	13
2070	13	6	2
2071	5	7	0
2072	20	4	15
2073	2	15	16
2074	13	19	6
2075	13	18	1
2076	6	8	4
2077	20	8	16
2078	4	5	19
2079	0	2	1
2080	9	10	19
2081	0	8	18
2082	6	15	17
2083	0	17	19
2084	12	14	19
2085	12	5	3
2086	1	6	3
2087	12	7	0
2088	5	14	3
2089	1	7	13
2090	13	15	0
2091	2	3	5
2092	1	18	5
2093	15	20	1
2094	1	3	18
2095	10	14	6
2096	8	4	6
2097	3	2	6
2098	15	10	14
2099	15	17	11
2100	14	18	2
2101	7	16	3
2102	14	1	0
2103	20	1	9
2104	18	20	16
2105	17	4	12
2106	15	5	16
2107	19	1	5
2108	3	9	16
2109	13	15	18
2110	0	17	5
2111	19	9	7
2112	12	1	5
2113	16	10	15
2114	8	2	3
2115	4	8	14
2116	5	3	13
2117	19	11	1
2118	12	3	10
2119	10	5	14
2120	3	11	18
2121	4	12	1
2122	14	9	7
2123	15	19	20
2124	9	20	11
2125	6	1	8
2126	11	12	18
2127	13	18	14
2128	0	18	13
2129	15	12	0
2130	12	0	9
2131	5	19	16
2132	18	20	16
2133	9	11	4
2134	4	14	0
2135	19	16	11
2136	20	4	18
2137	18	7	15
2138	8	10	6
2139	7	5	2
2140	18	6	14
2141	0	17	10
2142	18	19	7
2143	4	19	0
2144	19	12	20
2145	2	16	18
2146	19	4	0
2147	16	3	8
2148	1	7	16
2149	12	7	17
2150	14	7	15
2151	17	7	2
2152	12	18	19
2153	10	4	8
2154	3	10	9
2155	19	18	4
2156	13	0	1
2157	16	7	15
2158	6	9	4
2159	16	19	1
2160	20	16	11
2161	4	15	20
2162	15	19	14
2163	0	3	20
2164	10	9	7
2165	6	13	7
2166	9	8	18
2167	12	11	6
2168	19	20	10
2169	10	0	3
2170	3	19	18
2171	13	17	15
2172	18	2	5
2173	19	16	15
2174	20	15	7
2175	18	17	3
2176	9	20	18
2177	2	0	6
2178	19	10	12
2179	5	18	6
2180	20	0	1
2181	16	7	15
2182	4	17	6
2183	14	1	10
2184	18	12	3
2185	5	11	4
2186	10	0	17
2187	20	10	18
2188	19	15	20
2189	17	5	10
2190	15	10	4
2191	17	8	20
2192	5	9	6
2193	1	11	17
2194	3	13	14
2195	1	7	13
2196	16	5	13
2197	7	0	11
2198	7	1	13
2199	18	2	8
2200	4	5	3
2201	1	15	12
2202	11	3	2
2203	12	20	1
2204	9	19	14
2205	17	1	19
2206	1	8	16
2207	14	20	12
2208	2	12	4
2209	5	20	9
2210	11	16	8
2211	6	15	12
2212	3	19	8
2213	3	19	20
2214	10	4	5
2215	5	13	3
2216	16	20	4
2217	19	15	18
2218	19	6	3
2219	13	17	12
2220	13	18	16
2221	11	17	10
2222	13	3	1
2223	8	4	2
2224	7	4	8
2225	9	12	7
2226	2	14	18
2227	5	11	19
2228	5	12	6
2229	18	20	13
2230	11	4	20
2231	5	8	6
2232	0	6	19
2233	18	19	5
2234	7	8	16
2235	14	4	9
2236	20	18	14
2237	16	17	8
2238	10	19	0
2239	3	9	0
2240	18	1	10
2241	18	16	0
2242	0	19	14
2243	7	14	5
2244	12	17	8
2245	6	2	19
2246	12	2	20
2247	5	16	8
2248	9	0	3
2249	14	17	3
2250	16	18	5
2251	11	4	6
2252	3	8	11
2253	13	16	17
2254	0	13	18
2255	17	4	1
2256	1	13	9
2257	1	11	10
2258	1	10	5
2259	2	6	15
2260	18	5	2
2261	1	10	12
2262	13	6	8
2263	11	13	17
2264	20	10	9
2265	13	11	12
2266	16	7	9
2267	17	1	12
2268	8	18	3
2269	10	6	17
2270	13	1	18
2271	4	13	0
2272	17	20	1
2273	15	0	8
2274	13	5	9
2275	8	10	18
2276	6	15	18
2277	17	14	13
2278	4	12	10
2279	10	18	16
2280	13	8	14
2281	5	7	1
2282	3	10	17
2283	16	19	18
2284	11	1	14
2285	14	18	19
2286	13	6	18
2287	20	18	15
2288	7	1	3
2289	1	5	10
2290	4	18	10
2291	0	9	12
2292	0	20	4
2293	9	7	17
2294	1	14	16
2295	16	19	2
2296	18	5	12
2297	12	20	11
2298	10	4	20
2299	18	0	4
2300	11	19	10
2301	8	13	3
2302	11	9	2
2303	18	20	1
2304	2	9	1
2305	16	20	19
2306	12	20	15
2307	14	20	7
2308	2	6	11
2309	6	14	10
2310	14	1	17
2311	5	8	14
2312	8	5	6
2313	16	4	18
2314	0	3	16
2315	15	5	12
2316	16	5	7
2317	5	17	10
2318	15	4	8
2319	13	19	8
2320	11	20	19
2321	17	8	3
2322	15	16	11
2323	20	13	12
2324	0	11	8
2325	13	18	9
2326	2	0	4
2327	18	12	8
2328	9	14	5
2329	8	1	4
2330	8	18	5
2331	8	7	10
2332	19	8	0
2333	9	15	2
2334	19	16	0
2335	14	19	10
2336	9	0	11
2337	5	12	14
2338	0	20	5
2339	13	7	6
2340	13	5	2
2341	14	12	20
2342	11	1	3
2343	12	17	9
2344	12	14	3
2345	17	16	6
2346	6	9	19
2347	4	9	0
2348	2	19	0
2349	13	2	18
2350	10	3	17
2351	13	19	11
2352	9	15	1
2353	1	3	18
2354	10	18	8
2355	2	16	1
2356	6	13	4
2357	7	6	17
2358	15	13	18
2359	1	19	8
2360	8	15	7
2361	4	3	19
2362	1	8	5
2363	12	1	2
2364	15	14	2
2365	16	8	15
2366	7	8	18
2367	12	11	8
2368	18	4	6
2369	4	0	9
2370	11	17	8
2371	5	13	0
2372	11	5	8
2373	19	5	6
2374	20	8	11
2375	6	10	2
2376	13	5	18
2377	7	3	15
2378	0	11	20
2379	11	4	16
2380	19	5	2
2381	19	1	7
2382	18	5	12
2383	8	16	2
2384	17	19	13
2385	16	0	1
2386	20	10	9
2387	0	13	2
2388	1	12	13
2389	20	5	9
2390	20	2	17
2391	8	15	10
2392	6	19	20
2393	12	18	11
2394	17	15	4
2395	6	14	5
2396	19	8	3
2397	11	7	14
2398	20	2	17
2399	20	3	14
2400	8	4	20
2401	16	2	0
2402	16	7	5
2403	18	20	3
2404	19	5	0
2405	13	1	10
2406	8	11	19
2407	12	7	20
2408	4	3	1
2409	10	1	19
2410	5	13	18
2411	5	3	2
2412	1	4	0
2413	0	1	17
2414	7	2	17
2415	1	9	4
2416	7	20	11
2417	16	13	17
2418	16	5	13
2419	5	19	12
2420	11	5	19
2421	12	5	15
2422	12	9	20
2423	10	5	14
2424	15	11	2
2425	7	9	0
2426	16	4	17
2427	8	6	10
2428	8	1	13
2429	7	14	10
2430	17	7	5
2431	2	6	9
2432	7	8	13
2433	10	11	14
2434	6	19	18
2435	2	16	0
2436	10	17	11
2437	19	20	14
2438	20	7	2
2439	17	3	20
2440	18	15	5
2441	20	13	9
2442	12	19	7
2443	7	16	6
2444	4	9	7
2445	8	14	7
2446	17	16	13
2447	2	3	11
2448	2	19	4
2449	0	4	5
2450	8	16	2
2451	13	11	6
2452	12	7	17
2453	0	7	11
2454	13	3	1
2455	11	19	4
2456	20	9	17
2457	1	3	16
2458	4	10	18
2459	18	8	5
2460	14	12	7
2461	17	8	0
2462	13	18	6
2463	6	7	19
2464	0	10	18
2465	14	11	15
2466	15	11	17
2467	3	4	7
2468	0	14	18
2469	4	16	10
2470	17	15	4
2471	4	1	12
2472	4	5	15
2473	18	10	11
2474	3	8	7
2475	20	4	16
2476	3	11	10
2477	9	17	18
2478	1	0	19
2479	17	1	6
2480	19	6	2
2481	6	11	7
2482	14	18	19
2483	1	10	11
2484	5	1	17
2485	1	3	2
2486	19	12	1
2487	9	17	20
2488	10	15	2
2489	10	6	1
2490	4	16	15
2491	4	1	0
2492	6	19	3
2493	13	3	0
2494	15	7	12
2495	11	4	18
2496	10	18	7
2497	18	7	5
2498	17	1	15
2499	17	10	15
2500	9	20	11
2501	5	3	16
2502	13	7	17
2503	18	5	4
2504	11	0	7
2505	19	15	14
2506	7	19	4
2507	14	0	1
2508	12	1	10
2509	0	14	1
2510	12	5	13
2511	20	9	10
2512	0	19	13
2513	18	0	19
2514	4	6	16
2515	10	16	18
2516	3	15	9
2517	15	3	12
2518	4	0	5
2519	19	20	8
2520	5	1	15
2521	2	12	18
2522	18	6	19
2523	16	18	9
2524	14	12	11
2525	7	2	1
2526	17	14	6
2527	18	15	9
2528	15	14	4
2529	6	18	11
2530	1	6	18
2531	6	16	19
2532	13	6	3
2533	15	10	17
2534	5	6	13
2535	9	19	18
2536	8	13	14
2537	14	3	9
2538	19	20	3
2539	5	3	6
2540	1	20	4
2541	16	9	6
2542	9	0	8
2543	8	20	7
2544	19	17	16
2545	19	12	2
2546	9	12	14
2547	14	9	11
2548	13	16	10
2549	3	19	15
2550	20	18	19
2551	11	10	6
2552	13	1	15
2553	14	2	9
2554	11	20	1
2555	1	15	3
2556	6	18	0
2557	19	14	12
2558	6	16	8
2559	14	5	4
2560	3	16	8
2561	13	7	5
2562	6	19	7
2563	3	6	17
2564	12	1	7
2565	4	19	15
2566	14	13	20
2567	11	19	4
2568	4	20	7
2569	8	19	11
2570	7	4	10
2571	9	0	8
2572	2	3	8
2573	5	3	14
2574	9	7	6
2575	6	8	15
2576	8	16	12
2577	7	13	8
2578	17	10	13
2579	6	3	5
2580	16	1	9
2581	10	15	9
2582	16	10	4
2583	7	3	6
2584	2	14	16
2585	20	8	14
2586	9	8	14
2587	0	16	12
2588	5	13	9
2589	9	11	13
2590	11	18	17
2591	10	1	11
2592	16	12	9
2593	4	10	15
2594	10	12	16
2595	0	8	7
2596	17	9	12
2597	8	15	0
2598	5	16	1
2599	12	7	16
2600	10	20	6
2601	3	20	9
2602	3	16	17
2603	15	18	17
2604	2	9	13
2605	5	15	3
2606	18	6	19
2607	9	19	10
2608	15	8	7
2609	7	9	11
2610	13	4	9
2611	5	7	1
2612	2	18	14
2613	5	20	12
2614	18	1	5
2615	17	7	11
2616	20	18	2
2617	3	7	14
2618	15	0	12
2619	13	14	19
2620	12	18	14
2621	5	19	6
2622	18	3	6
2623	18	17	0
2624	16	13	10
2625	13	0	19
2626	17	19	15
2627	20	1	0
2628	8	13	15
2629	20	10	1
2630	13	1	2
2631	13	20	4
2632	0	6	18
2633	8	3	6
2634	11	20	2
2635	1	12	15
2636	19	9	2
2637	20	4	5
2638	10	9	2
2639	10	4	19
2640	7	2	13
2641	10	14	0
2642	4	10	16
2643	13	6	9
2644	4	8	7
2645	13	5	1
2646	3	9	2
2647	2	20	0
2648	2	10	3
2649	3	13	8
2650	1	2	0
2651	5	0	18
2652	16	14	7
2653	19	18	17
2654	16	13	17
2655	10	15	8
2656	12	15	20
2657	11	19	15
2658	7	18	4
2659	17	5	18
2660	19	8	10
2661	8	16	9
2662	6	12	5
2663	19	12	8
2664	3	20	17
2665	0	1	18
2666	2	5	19
2667	13	4	0
2668	11	1	10
2669	20	9	0
2670	7	17	4
2671	6	19	12
2672	9	8	1
2673	2	0	18
2674	14	16	6
2675	10	1	2
2676	20	5	15
2677	5	13	1
2678	18	4	16
2679	16	8	19
2680	4	1	11
2681	18	16	14
2682	18	9	8
2683	19	0	7
2684	11	7	15
2685	6	9	1
2686	1	0	6
2687	10	16	5
2688	16	8	15
2689	20	17	15
2690	15	5	20
2691	11	3	13
2692	15	8	1
2693	8	15	20
2694	18	9	7
2695	4	7	10
2696	18	14	5
2697	10	7	19
2698	3	15	13
2699	4	14	17
2700	11	6	14
2701	10	7	5
2702	4	17	6
2703	2	15	16
2704	13	14	12
2705	20	10	16
2706	7	0	8
2707	3	9	0
2708	7	12	9
2709	5	12	7
2710	16	2	12
2711	14	20	1
2712	20	16	12
2713	17	2	8
2714	7	12	17
2715	15	19	6
2716	8	1	17
2717	2	12	19
2718	18	16	12
2719	14	6	10
2720	18	19	1
2721	6	9	10
2722	5	11	14
2723	12	15	6
2724	16	6	15
2725	9	1	15
2726	0	14	11
2727	14	7	20
2728	3	1	2
2729	17	3	15
2730	18	15	14
2731	7	13	16
2732	20	17	5
2733	3	9	1
2734	18	17	12
2735	19	3	6
2736	14	10	0
2737	1	9	18
2738	7	15	10
2739	16	0	20
2740	3	6	1
2741	20	18	16
2742	10	8	7
2743	1	3	2
2744	20	19	12
2745	20	18	6
2746	4	9	7
2747	4	12	20
2748	7	0	16
2749	2	8	10
2750	10	13	2
2751	13	2	9
2752	0	2	10
2753	11	4	17
2754	14	5	15
2755	8	12	1
2756	14	16	9
2757	13	0	20
2758	2	20	3
2759	18	19	15
2760	12	19	6
2761	5	11	9
2762	12	20	3
2763	5	2	14
2764	5	17	1
2765	13	12	9
2766	6	16	10
2767	7	9	18
2768	8	12	16
2769	8	2	3
2770	7	6	12
2771	8	10	18
2772	3	20	15
2773	3	15	17
2774	20	11	6
2775	20	14	19
2776	7	6	1
2777	15	16	10
2778	1	3	19
2779	19	5	3
2780	6	11	17
2781	10	4	20
2782	19	12	9
2783	19	9	2
2784	12	2	7
2785	15	14	18
2786	1	13	6
2787	17	2	15
2788	17	8	13
2789	9	2	0
2790	20	13	18
2791	15	19	5
2792	4	13	17
2793	11	4	6
2794	3	0	4
2795	10	14	17
2796	7	10	13
2797	13	2	10
2798	17	10	9
2799	3	6	12
2800	1	20	6
2801	2	9	4
2802	7	4	16
2803	1	4	10
2804	1	2	7
2805	18	2	11
2806	7	17	11
2807	3	2	7
2808	19	10	15
2809	5	8	15
2810	19	12	2
2811	16	19	9
2812	13	3	6
2813	14	15	7
2814	18	12	0
2815	2	8	10
2816	5	3	0
2817	14	20	18
2818	13	6	7
2819	16	3	9
2820	14	17	4
2821	15	19	7
2822	6	17	10
2823	4	17	16
2824	19	1	9
2825	3	14	0
2826	6	17	7
2827	19	0	2
2828	18	16	19
2829	1	15	5
2830	18	13	6
2831	9	16	10
2832	15	0	8
2833	0	18	6
2834	4	14	18
2835	1	19	8
2836	8	12	19
2837	8	12	9
2838	14	11	1
2839	18	9	7
2840	0	2	14
2841	6	17	2
2842	3	13	18
2843	16	20	6
2844	2	12	13
2845	16	17	6
2846	1	10	4
2847	0	8	2
2848	3	18	2
2849	4	14	7
2850	18	1	17
2851	9	0	13
2852	7	2	18
2853	0	4	2
2854	20	16	2
2855	10	17	3
2856	14	17	5
2857	17	15	19
2858	10	13	1
2859	5	16	2
2860	14	1	9
2861	2	18	3
2862	17	20	8
2863	6	20	3
2864	8	0	6
2865	18	15	1
2866	10	2	1
2867	14	13	0
2868	8	20	14
2869	20	8	6
2870	1	15	0
2871	4	6	20
2872	16	3	15
2873	9	8	12
2874	13	16	7
2875	7	9	2
2876	10	19	15
2877	3	8	20
2878	12	16	17
2879	13	14	6
2880	4	5	8
2881	17	12	2
2882	14	3	13
2883	5	16	15
2884	14	8	4
2885	8	9	4
2886	11	6	8
2887	5	7	18
2888	0	3	8
2889	12	7	4
2890	5	11	6
2891	17	18	8
2892	1	19	11
2893	6	5	16
2894	10	0	11
2895	18	4	2
2896	5	3	20
2897	12	3	2
2898	8	10	1
2899	8	2	3
2900	6	2	19
2901	18	15	3
2902	7	6	1
2903	17	12	11
2904	20	12	16
2905	6	3	12
2906	18	13	9
2907	10	1	3
2908	13	18	3
2909	10	1	0
2910	10	17	3
2911	14	18	16
2912	4	1	11
2913	19	18	14
2914	13	7	2
2915	10	16	7
2916	13	3	20
2917	1	11	0
2918	18	1	0
2919	5	8	17
2920	9	19	11
2921	19	10	17
2922	1	3	4
2923	5	7	6
2924	1	0	13
2925	18	7	15
2926	1	0	11
2927	2	12	3
2928	11	17	20
2929	3	9	18
2930	9	15	2
2931	3	19	20
2932	10	8	3
2933	20	1	7
2934	18	4	16
2935	11	14	5
2936	0	11	19
2937	9	0	5
2938	17	16	15
2939	3	12	16
2940	10	20	0
2941	17	20	13
2942	2	20	7
2943	11	19	8
2944	5	4	17
2945	3	1	15
2946	9	11	19
2947	18	11	14
2948	8	9	20
2949	4	3	19
2950	3	5	17
2951	3	14	9
2952	20	7	1
2953	9	14	12
2954	14	1	13
2955	2	9	8
2956	10	20	7
2957	9	12	0
2958	5	20	15
2959	12	20	9
2960	10	13	3
2961	19	6	20
2962	10	16	8
2963	8	18	4
2964	6	7	9
2965	14	10	17
2966	13	2	1
2967	6	19	8
2968	20	5	4
2969	11	2	8
2970	0	2	15
2971	18	7	6
2972	2	14	8
2973	2	6	20
2974	4	0	6
2975	10	20	3
2976	0	8	20
2977	17	19	0
2978	14	15	9
2979	8	7	18
2980	13	11	19
2981	6	14	4
2982	13	0	11
2983	4	14	20
2984	10	0	5
2985	6	9	3
2986	5	16	20
2987	16	6	5
2988	6	5	8
2989	15	11	10
2990	15	14	4
2991	8	17	13
2992	13	18	7
2993	5	17	9
2994	0	20	11
2995	12	16	6
2996	15	18	1
2997	3	16	7
2998	12	7	5
2999	5	17	11
3000	13	20	8
3001	1	4	6
3002	7	16	6
3003	20	8	6
3004	10	4	16
3005	2	3	19
3006	2	6	13
3007	1	13	11
3008	1	19	12
3009	16	17	10
3010	14	8	7
3011	18	13	4
3012	9	14	17
3013	1	19	8
3014	1	15	13
3015	12	11	10
3016	17	20	16
3017	20	10	1
3018	20	4	19
3019	20	10	11
3020	14	10	0
3021	19	15	18
3022	1	3	17
3023	9	18	8
3024	9	8	7
3025	13	14	7
3026	18	16	15
3027	5	13	17
3028	8	14	3
3029	13	4	14
3030	6	1	16
3031	8	16	5
3032	1	12	11
3033	15	1	18
3034	10	9	13
3035	8	11	13
3036	20	3	18
3037	2	13	3
3038	11	6	19
3039	6	8	14
3040	7	4	2
3041	10	19	6
3042	14	9	8
3043	16	8	7
3044	20	0	8
3045	11	5	1
3046	12	18	7
3047	9	7	14
3048	1	14	16
3049	16	9	12
3050	11	15	1
3051	5	11	4
3052	7	16	18
3053	8	3	16
3054	14	13	18
3055	9	14	11
3056	11	4	3
3057	8	1	13
3058	17	3	15
3059	4	0	1
3060	14	15	0
3061	9	10	0
3062	12	15	1
3063	15	0	11
3064	5	0	2
3065	7	6	1
3066	11	7	4
3067	7	17	3
3068	18	1	16
3069	6	11	1
3070	10	20	4
3071	17	13	18
3072	3	9	7
3073	20	17	4
3074	0	13	8
3075	10	6	1
3076	3	15	9
3077	15	17	3
3078	14	15	18
3079	11	8	6
3080	8	18	17
3081	10	2	4
3082	2	8	4
3083	2	15	19
3084	11	13	6
3085	16	11	20
3086	5	15	17
3087	0	5	3
3088	16	14	12
3089	9	16	4
3090	7	19	11
3091	12	11	13
3092	19	18	13
3093	5	9	18
3094	1	6	13
3095	1	5	16
3096	6	15	2
3097	13	5	0
3098	5	7	18
3099	16	20	0
3100	19	5	0
3101	10	3	17
3102	8	1	14
3103	6	18	12
3104	18	19	16
3105	3	9	0
3106	12	10	18
3107	1	18	0
3108	12	20	0
3109	18	16	17
3110	6	15	5
3111	3	16	14
3112	5	14	17
3113	6	3	16
3114	3	20	8
3115	3	6	2
3116	18	2	0
3117	18	17	7
3118	9	4	6
3119	17	10	7
3120	1	20	17
3121	0	5	15
3122	13	20	14
3123	7	11	15
3124	3	12	15
3125	12	5	15
3126	5	9	2
3127	16	5	20
3128	0	1	11
3129	0	11	8
3130	5	18	12
3131	2	18	0
3132	5	19	13
3133	5	9	14
3134	19	10	18
3135	14	18	6
3136	3	16	12
3137	12	7	14
3138	18	19	13
3139	11	10	1
3140	5	2	9
3141	20	15	9
3142	19	0	15
3143	14	18	19
3144	18	10	8
3145	20	19	3
3146	19	7	15
3147	19	5	4
3148	20	13	6
3149	19	8	3
3150	20	13	18
3151	10	14	16
3152	8	4	3
3153	13	15	10
3154	19	1	10
3155	5	16	15
3156	3	18	6
3157	14	20	1
3158	9	10	5
3159	7	20	6
3160	2	11	0
3161	11	14	19
3162	9	2	0
3163	19	5	14
3164	17	0	1
3165	20	0	18
3166	11	7	10
3167	6	19	2
3168	16	14	9
3169	2	18	5
3170	20	9	19
3171	18	1	3
3172	16	5	11
3173	12	2	9
3174	9	7	11
3175	20	7	19
3176	20	2	10
3177	13	8	5
3178	0	16	17
3179	6	2	16
3180	6	17	15
3181	16	10	14
3182	14	13	11
3183	2	16	19
3184	0	13	9
3185	16	8	13
3186	4	15	13
3187	13	12	6
3188	16	15	2
3189	6	10	15
3190	6	3	5
3191	14	15	13
3192	8	2	17
3193	5	16	8
3194	20	5	10
3195	13	5	10
3196	6	12	8
3197	6	18	14
3198	2	11	5
3199	11	18	10
3200	8	1	0
3201	8	6	4
3202	18	17	19
3203	11	6	16
3204	9	2	0
3205	19	18	5
3206	15	9	6
3207	18	19	5
3208	15	13	3
3209	12	4	5
3210	1	6	7
3211	16	20	8
3212	3	13	0
3213	13	17	1
3214	17	15	3
3215	3	17	2
3216	1	3	4
3217	5	9	1
3218	12	10	18
3219	20	10	0
3220	19	0	10
3221	17	20	3
3222	0	3	16
3223	16	15	11
3224	0	20	19
3225	12	17	0
3226	7	2	14
3227	13	9	14
3228	16	12	14
3229	1	15	12
3230	17	13	16
3231	15	10	8
3232	4	0	15
3233	9	16	4
3234	7	10	11
3235	16	11	18
3236	16	0	4
3237	3	2	20
3238	5	3	18
3239	1	18	6
3240	2	3	19
3241	9	6	0
3242	20	7	15
3243	11	17	19
3244	19	2	9
3245	7	12	3
3246	18	5	7
3247	19	3	2
3248	16	18	4
3249	10	0	8
3250	4	6	1
3251	19	10	12
3252	3	7	20
3253	15	7	1
3254	10	17	9
3255	17	16	0
3256	10	16	1
3257	6	3	4
3258	13	7	6
3259	16	12	3
3260	2	8	3
3261	1	2	0
3262	17	6	4
3263	17	5	11
3264	13	14	2
3265	17	8	12
3266	20	19	6
3267	7	8	20
3268	17	0	16
3269	11	7	4
3270	8	20	17
3271	3	6	4
3272	5	16	10
3273	3	10	4
3274	16	15	11
3275	2	19	1
3276	11	3	9
3277	20	18	0
3278	0	15	2
3279	10	6	20
3280	0	10	6
3281	13	19	18
3282	3	10	20
3283	13	20	1
3284	2	19	9
3285	1	12	5
3286	9	19	18
3287	19	6	14
3288	10	19	12
3289	1	13	18
3290	5	0	3
3291	18	14	15
3292	9	16	13
3293	4	11	6
3294	11	14	5
3295	8	19	1
3296	3	12	0
3297	5	20	18
3298	13	6	12
3299	9	7	13
3300	6	17	11
3301	12	4	7
3302	14	16	12
3303	17	9	11
3304	11	5	17
3305	4	6	1
3306	10	19	11
3307	9	11	12
3308	3	16	4
3309	17	20	10
3310	17	14	20
3311	20	5	6
3312	20	18	10
3313	10	3	20
3314	16	17	11
3315	17	7	10
3316	13	2	0
3317	19	10	20
3318	9	0	3
3319	14	20	15
3320	9	11	14
3321	18	4	5
3322	12	7	14
3323	17	15	9
3324	19	1	17
3325	2	4	0
3326	4	18	0
3327	9	2	10
3328	7	2	18
3329	13	6	5
3330	16	1	12
3331	6	7	8
3332	1	0	14
3333	16	15	5
3334	14	6	13
3335	6	11	2
3336	16	20	3
3337	8	19	20
3338	2	18	15
3339	17	14	12
3340	15	4	13
3341	19	12	18
3342	0	12	7
3343	14	17	9
3344	2	15	19
3345	10	13	4
3346	18	4	7
3347	2	20	15
3348	2	5	9
3349	2	16	12
3350	10	20	13
3351	9	13	17
3352	1	0	16
3353	6	2	4
3354	12	0	18
3355	19	3	2
3356	5	11	3
3357	13	18	10
3358	4	6	11
3359	9	2	11
3360	9	6	13
3361	4	10	15
3362	1	9	13
3363	13	3	1
3364	2	11	5
3365	4	3	8
3366	3	14	20
3367	18	14	17
3368	4	20	14
3369	1	13	9
3370	13	1	0
3371	4	17	18
3372	17	12	9
3373	9	0	1
3374	14	5	16
3375	9	2	18
3376	3	13	11
3377	11	0	2
3378	2	5	0
3379	14	3	2
3380	20	12	1
3381	10	4	7
3382	15	20	9
3383	14	13	19
3384	12	9	7
3385	19	10	9
3386	18	5	19
3387	4	17	18
3388	16	14	20
3389	5	3	7
3390	0	17	11
3391	13	4	7
3392	16	10	8
3393	7	15	19
3394	7	4	10
3395	11	4	1
3396	3	19	7
3397	3	16	5
3398	12	11	6
3399	4	18	0
3400	20	16	19
3401	10	20	18
3402	0	6	18
3403	2	8	4
3404	3	10	8
3405	17	19	14
3406	19	20	9
3407	2	19	16
3408	16	4	12
3409	19	18	6
3410	5	16	4
3411	0	20	6
3412	6	20	4
3413	13	8	5
3414	3	12	9
3415	7	19	5
3416	6	11	2
3417	15	0	8
3418	5	20	14
3419	3	5	6
3420	7	0	5
3421	0	17	14
3422	1	3	18
3423	6	5	2
3424	17	15	0
3425	9	7	11
3426	5	3	7
3427	12	13	10
3428	3	17	18
3429	7	6	16
3430	1	12	13
3431	5	6	8
3432	7	3	10
3433	2	11	7
3434	3	0	1
3435	3	7	0
3436	9	8	20
3437	1	12	19
3438	14	20	16
3439	10	9	0
3440	10	19	0
3441	8	15	20
3442	12	19	18
3443	8	7	18
3444	18	4	14
3445	16	5	19
3446	3	12	18
3447	8	6	19
3448	15	14	8
3449	20	14	0
3450	4	14	18
3451	20	11	8
3452	16	9	13
3453	5	2	6
3454	6	1	18
3455	13	15	14
3456	11	6	5
3457	1	17	15
3458	18	2	7
3459	15	12	18
3460	6	12	5
3461	2	5	1
3462	14	7	20
3463	18	13	11
3464	11	10	4
3465	8	0	14
3466	18	0	20
3467	19	13	10
3468	7	10	6
3469	9	5	19
3470	14	18	16
3471	13	3	4
3472	15	6	11
3473	4	16	17
3474	11	17	14
3475	10	13	20
3476	9	12	10
3477	8	15	18
3478	20	7	18
3479	11	0	4
3480	6	5	8
3481	4	12	3
3482	20	3	7
3483	15	6	12
3484	18	20	10
3485	17	14	16
3486	19	16	18
3487	3	19	12
3488	4	19	9
3489	6	8	12
3490	11	6	18
3491	3	8	16
3492	9	19	11
3493	13	2	4
3494	15	17	19
3495	20	7	4
3496	0	11	8
3497	10	17	2
3498	0	6	1
3499	16	3	0
3500	18	14	3
3501	20	18	6
3502	5	19	8
3503	8	1	10
3504	10	7	17
3505	17	3	0
3506	0	12	13
3507	16	14	19
3508	6	19	1
3509	12	17	11
3510	7	5	2
3511	11	6	5
3512	8	3	14
3513	14	12	7
3514	12	11	6
3515	2	10	11
3516	15	3	18
3517	4	11	0
3518	9	6	15
3519	8	10	1
3520	4	8	1
3521	19	20	11
3522	15	13	6
3523	8	11	14
3524	14	9	18
3525	1	18	20
3526	9	17	20
3527	19	6	15
3528	17	16	2
3529	16	5	6
3530	12	17	3
3531	3	19	16
3532	3	2	20
3533	1	15	3
3534	3	6	4
3535	13	0	12
3536	2	14	20
3537	14	16	18
3538	3	19	12
3539	9	10	16
3540	14	8	3
3541	19	0	7
3542	15	1	2
3543	15	3	1
3544	18	5	13
3545	0	3	12
3546	7	19	17
3547	18	15	17
3548	6	17	2
3549	14	15	6
3550	6	19	17
3551	13	20	10
3552	17	3	0
3553	13	19	5
3554	17	0	11
3555	17	12	16
3556	16	18	6
3557	7	13	12
3558	14	10	15
3559	11	14	10
3560	0	15	17
3561	11	6	18
3562	9	18	4
3563	1	5	4
3564	1	3	18
3565	5	1	18
3566	5	16	13
3567	20	12	0
3568	17	7	14
3569	16	1	12
3570	12	8	3
3571	6	19	17
3572	13	5	2
3573	9	17	13
3574	4	20	0
3575	8	5	3
3576	15	20	10
3577	6	11	8
3578	17	15	1
3579	14	18	15
3580	5	18	10
3581	19	1	18
3582	12	11	19
3583	15	0	13
3584	9	10	11
3585	18	0	11
3586	18	11	0
3587	19	2	9
3588	3	10	7
3589	10	19	7
3590	18	0	4
3591	0	7	9
3592	8	10	0
3593	10	7	2
3594	16	20	2
3595	4	2	17
3596	17	6	4
3597	20	12	15
3598	3	5	1
3599	20	9	7
3600	1	15	14
3601	2	9	13
3602	7	16	10
3603	11	5	15
3604	14	7	2
3605	18	4	0
3606	8	12	5
3607	4	16	19
3608	5	1	17
3609	20	11	17
3610	8	17	12
3611	13	1	0
3612	16	8	20
3613	20	4	15
3614	0	7	19
3615	2	8	9
3616	14	7	19
3617	18	19	8
3618	9	4	5
3619	2	8	4
3620	5	13	3
3621	7	9	3
3622	1	18	19
3623	7	17	1
3624	5	7	17
3625	20	15	11
3626	2	1	11
3627	0	8	5
3628	10	3	1
3629	12	2	9
3630	18	11	3
3631	6	10	14
3632	17	0	11
3633	11	1	0
3634	2	13	10
3635	9	13	8
3636	6	8	2
3637	14	8	6
3638	7	16	20
3639	12	11	4
3640	2	6	17
3641	1	5	17
3642	9	16	13
3643	1	5	3
3644	7	0	6
3645	5	18	8
3646	20	6	18
3647	11	20	15
3648	12	4	0
3649	19	7	13
3650	2	19	15
3651	15	1	10
3652	18	10	0
3653	16	2	6
3654	5	0	11
3655	15	18	3
3656	15	14	12
3657	16	0	17
3658	0	2	5
3659	8	20	3
3660	20	0	6
3661	13	3	16
3662	17	0	10
3663	0	9	15
3664	19	13	12
3665	16	7	19
3666	0	7	13
3667	15	12	16
3668	3	0	8
3669	17	10	16
3670	11	1	4
3671	12	13	3
3672	0	11	16
3673	14	4	1
3674	20	9	2
3675	20	1	8
3676	18	20	0
3677	17	13	3
3678	6	9	1
3679	19	10	18
3680	13	7	2
3681	7	1	17
3682	10	5	4
3683	11	15	9
3684	17	12	16
3685	13	14	2
3686	6	3	15
3687	20	11	10
3688	7	13	20
3689	0	11	18
3690	7	3	8
3691	20	1	0
3692	5	0	12
3693	4	3	2
3694	11	20	1
3695	15	9	3
3696	10	6	7
3697	9	12	15
3698	3	0	19
3699	9	0	18
3700	14	15	9
3701	14	13	6
3702	6	16	13
3703	20	4	18
3704	6	15	12
3705	17	4	19
3706	8	13	15
3707	2	10	20
3708	6	17	9
3709	8	9	19
3710	4	8	14
3711	8	16	3
3712	13	1	15
3713	4	15	2
3714	2	16	15
3715	18	16	13
3716	12	5	20
3717	6	5	7
3718	13	18	8
3719	3	11	7
3720	17	6	12
3721	3	7	11
3722	7	12	19
3723	4	13	8
3724	4	10	1
3725	17	2	16
3726	18	11	14
3727	10	11	0
3728	17	14	20
3729	18	4	19
3730	3	8	6
3731	16	20	12
3732	16	8	4
3733	6	11	10
3734	19	6	0
3735	18	8	16
3736	10	19	18
3737	14	5	4
3738	2	18	1
3739	6	16	12
3740	4	6	18
3741	16	9	3
3742	5	7	6
3743	19	18	2
3744	0	3	9
3745	20	2	4
3746	1	7	4
3747	0	12	6
3748	9	6	19
3749	16	11	3
3750	2	0	7
3751	2	1	0
3752	9	11	1
3753	5	15	9
3754	8	5	13
3755	11	0	7
3756	18	7	15
3757	11	4	10
3758	12	1	3
3759	0	14	4
3760	2	3	17
3761	18	9	4
3762	6	19	10
3763	14	8	15
3764	4	13	9
3765	13	5	2
3766	17	20	11
3767	14	8	20
3768	8	13	5
3769	4	18	3
3770	18	6	15
3771	5	4	8
3772	18	14	12
3773	2	17	5
3774	13	14	9
3775	0	4	2
3776	16	3	17
3777	7	4	15
3778	7	4	14
3779	7	0	18
3780	8	16	4
3781	15	19	10
3782	3	20	5
3783	6	13	12
3784	1	17	7
3785	10	14	9
3786	8	0	4
3787	13	15	3
3788	19	5	2
3789	10	6	4
3790	7	5	11
3791	6	15	20
3792	10	6	12
3793	4	10	14
3794	6	4	11
3795	7	5	20
3796	10	9	11
3797	12	10	4
3798	2	11	7
3799	4	17	14
3800	3	17	14
3801	2	4	12
3802	15	13	14
3803	12	19	14
3804	4	9	15
3805	8	1	11
3806	13	19	2
3807	0	10	11
3808	8	0	20
3809	12	16	10
3810	6	11	20
3811	6	15	17
3812	1	19	2
3813	9	0	19
3814	2	4	10
3815	8	3	18
3816	8	18	17
3817	20	18	13
3818	11	16	2
3819	14	4	7
3820	6	20	14
3821	13	16	15
3822	13	19	1
3823	17	7	14
3824	20	2	12
3825	2	13	15
3826	11	16	4
3827	0	7	8
3828	2	15	10
3829	4	0	16
3830	20	10	2
3831	17	11	15
3832	7	18	1
3833	7	18	4
3834	14	9	11
3835	17	1	10
3836	9	2	12
3837	8	16	15
3838	7	10	5
3839	19	7	15
3840	4	9	2
3841	3	13	2
3842	13	1	17
3843	5	20	10
3844	10	3	13
3845	2	4	19
3846	1	16	9
3847	7	0	2
3848	7	4	15
3849	17	15	18
3850	14	6	15
3851	3	6	10
3852	10	17	16
3853	11	3	16
3854	13	15	11
3855	4	11	17
3856	2	20	10
3857	5	11	19
3858	12	5	2
3859	20	15	18
3860	14	17	10
3861	11	12	0
3862	9	7	3
3863	17	2	14
3864	4	1	12
3865	6	15	0
3866	19	20	0
3867	13	15	7
3868	8	4	0
3869	20	18	6
3870	19	14	10
3871	3	12	20
3872	6	13	18
3873	2	14	12
3874	13	14	11
3875	12	6	20
3876	12	15	0
3877	4	19	5
3878	0	2	6
3879	3	7	9
3880	20	11	3
3881	8	16	14
3882	19	16	8
3883	4	10	11
3884	0	11	5
3885	11	6	15
3886	18	14	3
3887	12	0	15
3888	1	19	18
3889	13	11	0
3890	14	16	18
3891	0	20	13
3892	1	19	15
3893	5	18	14
3894	8	2	9
3895	9	7	5
3896	11	18	15
3897	0	14	12
3898	9	4	8
3899	13	10	20
3900	19	16	11
3901	17	12	20
3902	13	17	18
3903	9	4	0
3904	15	19	17
3905	10	17	14
3906	2	16	0
3907	10	5	12
3908	0	17	5
3909	16	5	17
3910	17	0	16
3911	15	1	0
3912	6	11	10
3913	19	3	5
3914	6	18	5
3915	15	4	1
3916	5	16	2
3917	15	1	20
3918	7	6	10
3919	16	10	7
3920	4	15	9
3921	19	12	8
3922	12	0	2
3923	0	3	5
3924	5	14	7
3925	2	12	11
3926	3	0	8
3927	6	3	7
3928	15	0	8
3929	2	17	12
3930	0	16	9
3931	11	1	17
3932	6	15	4
3933	14	5	13
3934	14	13	1
3935	10	13	20
3936	9	6	18
3937	20	2	13
3938	14	7	8
3939	16	4	0
3940	19	10	3
3941	8	16	10
3942	20	4	19
3943	16	3	2
3944	12	19	9
3945	6	15	10
3946	14	18	20
3947	10	12	2
3948	19	17	9
3949	2	12	7
3950	4	6	8
3951	3	17	0
3952	6	1	15
3953	11	16	3
3954	0	14	1
3955	6	10	17
3956	7	20	12
3957	2	8	10
3958	15	16	18
3959	20	18	1
3960	12	10	5
3961	1	12	15
3962	12	14	0
3963	9	6	14
3964	4	9	16
3965	12	14	19
3966	9	4	19
3967	13	2	7
3968	10	11	8
3969	12	20	7
3970	13	10	6
3971	17	12	2
3972	3	10	19
3973	9	6	11
3974	0	5	8
3975	13	20	8
3976	4	6	11
3977	10	2	4
3978	8	5	7
3979	18	0	10
3980	16	1	13
3981	16	19	20
3982	6	5	7
3983	20	19	14
3984	7	3	18
3985	9	2	0
3986	0	3	17
3987	0	12	9
3988	9	17	5
3989	6	19	14
3990	10	12	6
3991	16	7	11
3992	20	7	6
3993	15	16	7
3994	18	11	20
3995	16	6	19
3996	10	7	11
3997	7	17	20
3998	3	12	15
3999	12	8	5
4000	20	10	3
4001	5	16	18
4002	8	18	3
4003	1	3	15
4004	12	4	11
4005	5	13	19
4006	10	5	12
4007	13	1	14
4008	13	9	0
4009	9	4	3
4010	10	13	17
4011	7	17	4
4012	13	14	7
4013	5	1	14
4014	11	7	2
4015	18	19	6
4016	8	11	14
4017	6	10	13
4018	15	19	9
4019	3	0	8
4020	7	6	11
4021	13	16	12
4022	6	11	18
4023	12	16	3
4024	0	18	14
4025	8	6	14
4026	15	17	3
4027	4	9	2
4028	16	17	4
4029	10	5	3
4030	4	6	13
4031	18	3	4
4032	11	5	18
4033	12	17	6
4034	0	4	12
4035	12	16	19
4036	8	14	18
4037	5	14	16
4038	14	19	4
4039	11	18	1
4040	9	19	17
4041	3	14	5
4042	5	3	9
4043	15	9	2
4044	4	9	3
4045	13	18	1
4046	12	11	2
4047	1	17	15
4048	11	13	5
4049	11	1	18
4050	18	13	12
4051	9	20	18
4052	15	17	6
4053	7	3	6
4054	11	7	13
4055	13	20	11
4056	12	20	9
4057	14	1	2
4058	19	10	18
4059	3	7	0
4060	6	1	2
4061	19	2	9
4062	15	19	5
4063	20	12	1
4064	0	19	6
4065	11	17	4
4066	9	13	4
4067	10	19	12
4068	4	3	5
4069	1	18	0
4070	18	1	11
4071	4	6	15
4072	15	0	4
4073	12	3	10
4074	5	13	0
4075	7	18	20
4076	20	9	10
4077	11	12	1
4078	12	9	10
4079	20	7	2
4080	3	15	6
4081	4	18	20
4082	13	8	12
4083	17	2	1
4084	18	8	12
4085	10	9	11
4086	9	4	11
4087	19	16	13
4088	10	6	3
4089	3	6	0
4090	19	10	12
4091	12	3	20
4092	14	17	16
4093	6	3	1
4094	15	16	5
4095	13	10	9
4096	5	13	6
4097	19	11	16
4098	14	15	12
4099	8	2	4
4100	14	12	3
4101	10	17	2
4102	0	18	15
4103	3	10	15
4104	14	16	1
4105	11	0	17
4106	5	10	19
4107	17	18	4
4108	11	12	2
4109	18	19	9
4110	14	6	9
4111	12	11	19
4112	20	16	17
4113	9	19	4
4114	17	12	10
4115	7	20	4
4116	17	12	3
4117	6	19	18
4118	3	12	6
4119	5	20	18
4120	16	4	10
4121	0	6	5
4122	3	20	7
4123	10	3	1
4124	20	15	0
4125	20	10	16
4126	10	11	2
4127	14	10	19
4128	13	10	6
4129	14	9	13
4130	2	12	0
4131	10	19	13
4132	6	19	17
4133	4	16	9
4134	6	18	20
4135	4	17	0
4136	5	13	6
4137	20	11	18
4138	3	16	17
4139	3	17	8
4140	8	19	3
4141	18	12	16
4142	13	18	7
4143	2	9	4
4144	0	5	18
4145	19	8	1
4146	4	10	19
4147	18	9	20
4148	2	11	3
4149	4	16	7
4150	0	1	18
4151	3	11	17
4152	13	0	19
4153	8	6	0
4154	0	18	17
4155	19	3	11
4156	6	17	5
4157	20	9	10
4158	19	11	7
4159	13	18	15
4160	3	15	10
4161	17	3	2
4162	19	8	7
4163	18	7	20
4164	7	2	18
4165	18	20	3
4166	1	14	16
4167	5	13	12
4168	9	0	12
4169	9	8	3
4170	8	15	20
4171	14	13	9
4172	15	16	6
4173	9	5	4
4174	12	16	15
4175	0	9	2
4176	8	7	9
4177	18	20	7
4178	2	3	12
4179	9	17	20
4180	4	6	14
4181	12	11	8
4182	8	9	14
4183	13	8	3
4184	18	13	5
4185	11	17	4
4186	4	16	2
4187	7	15	18
4188	12	20	9
4189	20	16	9
4190	9	1	6
4191	19	3	10
4192	18	13	4
4193	19	12	18
4194	20	17	7
4195	6	8	10
4196	10	13	19
4197	11	13	0
4198	9	2	15
4199	0	3	13
4200	5	7	6
4201	17	15	19
4202	10	9	15
4203	10	15	16
4204	13	5	16
4205	10	5	15
4206	7	14	11
4207	6	13	1
4208	10	13	12
4209	18	7	10
4210	7	20	9
4211	14	19	9
4212	17	1	13
4213	16	11	8
4214	12	4	20
4215	2	1	11
4216	1	11	20
4217	19	13	7
4218	6	15	14
4219	18	7	11
4220	18	0	12
4221	5	17	18
4222	9	8	20
4223	5	6	12
4224	12	15	7
4225	15	4	2
4226	16	1	0
4227	6	16	14
4228	10	16	19
4229	0	11	4
4230	19	8	11
4231	4	13	14
4232	2	9	6
4233	7	14	12
4234	14	1	9
4235	19	18	7
4236	6	4	17
4237	13	8	9
4238	19	13	16
4239	19	18	12
4240	12	1	2
4241	11	17	10
4242	2	15	4
4243	6	1	5
4244	7	20	6
4245	14	4	9
4246	10	3	12
4247	9	18	4
4248	15	12	8
4249	0	6	4
4250	15	5	9
4251	7	20	3
4252	9	3	18
4253	9	16	3
4254	3	2	20
4255	0	3	18
4256	6	14	15
4257	16	2	1
4258	1	7	12
4259	9	0	19
4260	3	12	19
4261	0	1	15
4262	12	7	15
4263	1	0	10
4264	18	13	6
4265	16	8	20
4266	20	6	13
4267	4	16	13
4268	20	1	17
4269	18	1	14
4270	12	19	7
4271	19	13	6
4272	13	7	17
4273	1	6	4
4274	14	10	6
4275	0	12	7
4276	9	4	7
4277	20	8	19
4278	2	4	6
4279	10	16	20
4280	3	13	8
4281	20	15	1
4282	19	10	14
4283	15	20	1
4284	2	11	8
4285	19	4	3
4286	8	13	0
4287	3	10	1
4288	20	2	3
4289	19	20	17
4290	10	7	1
4291	14	19	0
4292	12	0	18
4293	18	2	7
4294	13	18	4
4295	17	16	3
4296	11	4	8
4297	15	6	17
4298	20	1	8
4299	7	1	8
4300	1	6	2
4301	1	8	6
4302	17	1	9
4303	0	3	16
4304	12	11	5
4305	3	6	8
4306	19	6	7
4307	2	12	3
4308	16	17	5
4309	11	20	16
4310	10	11	5
4311	16	0	19
4312	20	11	17
4313	6	20	5
4314	8	9	5
4315	6	10	1
4316	8	6	5
4317	12	6	19
4318	14	16	3
4319	17	4	2
4320	7	2	8
4321	5	12	2
4322	17	9	1
4323	0	17	19
4324	7	15	14
4325	3	1	19
4326	15	18	14
4327	19	6	11
4328	15	6	8
4329	9	8	17
4330	3	10	18
4331	16	15	6
4332	9	20	4
4333	17	20	6
4334	7	12	13
4335	9	8	11
4336	4	14	10
4337	10	3	2
4338	17	16	2
4339	1	15	13
4340	19	17	0
4341	13	15	17
4342	9	6	14
4343	1	16	5
4344	17	1	9
4345	15	3	7
4346	11	3	14
4347	10	8	7
4348	11	12	8
4349	0	20	16
4350	0	13	10
4351	19	7	15
4352	10	20	1
4353	19	4	12
4354	16	13	10
4355	14	0	4
4356	6	16	19
4357	10	9	15
4358	4	18	13
4359	15	10	4
4360	5	14	12
4361	8	6	16
4362	12	1	17
4363	17	6	18
4364	3	7	5
4365	16	8	1
4366	2	17	19
4367	3	2	11
4368	3	7	19
4369	0	20	11
4370	13	8	14
4371	18	16	7
4372	1	9	4
4373	15	12	4
4374	4	12	16
4375	6	18	2
4376	4	17	5
4377	11	1	3
4378	8	12	17
4379	3	4	7
4380	18	16	17
4381	19	11	16
4382	0	12	18
4383	16	15	17
4384	17	16	0
4385	11	18	9
4386	2	5	15
4387	14	4	10
4388	0	20	19
4389	9	13	7
4390	7	13	18
4391	0	14	15
4392	3	10	9
4393	4	20	5
4394	6	9	5
4395	2	11	8
4396	20	7	8
4397	18	5	6
4398	3	12	11
4399	4	8	3
4400	13	5	15
4401	8	3	15
4402	0	19	10
4403	10	19	6
4404	12	11	8
4405	0	7	20
4406	14	1	17
4407	13	14	10
4408	20	19	17
4409	17	12	9
4410	5	1	13
4411	7	8	17
4412	14	11	19
4413	2	0	9
4414	20	3	11
4415	2	17	11
4416	16	12	18
4417	16	1	6
4418	10	8	19
4419	14	5	0
4420	10	3	12
4421	18	15	6
4422	18	8	20
4423	16	20	12
4424	15	3	13
4425	19	4	8
4426	19	13	10
4427	15	8	3
4428	20	2	10
4429	2	4	12
4430	15	4	11
4431	6	9	5
4432	19	15	1
4433	12	1	19
4434	2	15	6
4435	11	13	15
4436	1	15	19
4437	17	3	6
4438	9	16	4
4439	18	6	15
4440	11	17	8
4441	9	7	18
4442	7	12	20
4443	1	14	15
4444	6	18	5
4445	18	1	5
4446	4	19	6
4447	17	8	12
4448	16	9	5
4449	16	1	18
4450	4	8	16
4451	8	19	3
4452	14	5	18
4453	15	20	12
4454	14	1	15
4455	18	0	3
4456	8	18	14
4457	1	0	15
4458	9	17	20
4459	17	18	13
4460	11	16	3
4461	18	1	3
4462	16	15	19
4463	0	1	13
4464	5	4	16
4465	2	20	6
4466	2	16	19
4467	20	11	15
4468	15	5	9
4469	20	9	14
4470	7	14	11
4471	15	19	0
4472	18	1	10
4473	17	16	15
4474	8	6	1
4475	18	5	3
4476	16	9	18
4477	6	9	2
4478	10	18	7
4479	9	1	12
4480	9	6	13
4481	5	14	9
4482	11	4	0
4483	3	15	10
4484	13	17	0
4485	8	11	18
4486	15	17	7
4487	2	16	15
4488	14	9	19
4489	15	17	11
4490	13	14	20
4491	13	0	15
4492	0	5	17
4493	12	1	10
4494	3	19	8
4495	13	6	15
4496	0	6	14
4497	18	19	5
4498	13	11	2
4499	17	14	4
4500	7	4	0
4501	11	3	16
4502	8	6	0
4503	5	8	16
4504	2	13	5
4505	9	0	16
4506	7	13	8
4507	0	14	11
4508	1	12	14
4509	7	17	10
4510	7	12	20
4511	9	1	7
4512	4	0	15
4513	19	11	9
4514	17	18	11
4515	3	16	2
4516	10	15	11
4517	17	13	7
4518	1	11	2
4519	0	5	16
4520	6	17	0
4521	10	4	6
4522	17	14	0
4523	6	5	1
4524	18	5	13
4525	11	4	7
4526	9	20	5
4527	18	1	20
4528	19	17	13
4529	20	12	0
4530	14	5	17
4531	13	11	9
4532	15	13	1
4533	2	16	14
4534	8	15	0
4535	15	20	16
4536	5	16	9
4537	15	1	12
4538	1	3	18
4539	11	6	2
4540	17	14	19
4541	9	11	18
4542	20	18	0
4543	2	11	8
4544	0	11	20
4545	6	17	4
4546	0	16	8
4547	7	4	9
4548	12	8	7
4549	19	10	16
4550	1	8	14
4551	6	0	10
4552	6	17	0
4553	1	18	3
4554	6	10	0
4555	9	20	0
4556	16	15	0
4557	7	13	9
4558	20	4	13
4559	8	14	18
4560	8	16	2
4561	14	11	18
4562	9	4	10
4563	11	18	17
4564	3	7	17
4565	8	9	18
4566	19	2	18
4567	19	16	13
4568	4	15	3
4569	3	10	4
4570	3	15	7
4571	13	17	9
4572	13	16	12
4573	6	19	17
4574	6	20	0
4575	14	18	19
4576	15	20	14
4577	5	2	1
4578	4	20	7
4579	4	14	11
4580	14	20	7
4581	5	12	4
4582	16	4	8
4583	7	18	5
4584	13	0	2
4585	10	20	1
4586	8	13	12
4587	3	17	13
4588	18	17	0
4589	9	14	1
4590	13	9	10
4591	15	5	6
4592	16	9	15
4593	3	13	1
4594	18	19	13
4595	12	5	19
4596	10	0	12
4597	6	12	11
4598	10	15	2
4599	3	20	17
4600	1	15	11
4601	9	2	14
4602	13	15	17
4603	18	8	15
4604	19	5	8
4605	13	0	11
4606	5	20	15
4607	12	17	0
4608	6	1	17
4609	3	17	2
4610	1	4	14
4611	14	18	9
4612	9	10	5
4613	11	6	14
4614	9	14	19
4615	18	14	15
4616	3	8	7
4617	15	13	17
4618	20	5	2
4619	7	12	15
4620	19	5	10
4621	18	15	20
4622	9	2	8
4623	5	2	16
4624	20	5	8
4625	7	15	6
4626	9	1	0
4627	14	20	19
4628	2	20	14
4629	6	8	11
4630	13	20	18
4631	17	15	0
4632	20	2	18
4633	18	5	3
4634	3	16	7
4635	15	17	5
4636	7	8	16
4637	12	4	3
4638	8	3	16
4639	7	2	5
4640	1	5	11
4641	10	2	4
4642	20	18	14
4643	12	9	17
4644	5	2	19
4645	12	10	14
4646	20	7	15
4647	7	1	17
4648	4	18	6
4649	16	18	10
4650	18	14	7
4651	6	7	10
4652	17	11	19
4653	13	10	15
4654	18	16	13
4655	13	8	2
4656	15	16	12
4657	14	13	10
4658	6	4	0
4659	7	13	0
4660	8	18	10
4661	12	1	4
4662	2	20	19
4663	14	11	18
4664	18	0	20
4665	19	11	14
4666	3	13	20
4667	4	7	15
4668	13	17	14
4669	16	0	12
4670	16	12	13
4671	9	7	14
4672	1	18	12
4673	12	16	20
4674	0	1	15
4675	17	19	5
4676	6	3	0
4677	12	1	18
4678	12	7	4
4679	20	19	4
4680	5	18	13
4681	11	3	16
4682	8	14	10
4683	8	16	3
4684	13	15	10
4685	5	16	0
4686	5	13	17
4687	8	16	19
4688	3	20	18
4689	19	18	11
4690	10	4	15
4691	8	13	14
4692	7	1	17
4693	12	16	1
4694	13	20	8
4695	16	11	15
4696	16	7	14
4697	4	13	8
4698	11	7	2
4699	18	17	12
4700	7	12	0
4701	3	13	16
4702	14	16	7
4703	0	19	16
4704	7	8	1
4705	6	1	16
4706	20	9	19
4707	10	18	20
4708	11	16	2
4709	7	17	13
4710	3	1	5
4711	7	0	12
4712	12	0	13
4713	7	6	17
4714	4	11	8
4715	4	1	14
4716	9	7	18
4717	5	19	20
4718	6	3	7
4719	3	9	12
4720	1	15	9
4721	7	2	11
4722	6	4	5
4723	2	15	1
4724	18	6	12
4725	1	4	20
4726	13	14	6
4727	9	2	8
4728	12	10	6
4729	1	11	2
4730	7	2	3
4731	0	8	13
4732	6	7	5
4733	1	14	13
4734	1	17	2
4735	4	16	8
4736	17	20	7
4737	0	12	11
4738	8	3	17
4739	2	7	20
4740	16	6	4
4741	11	13	6
4742	15	11	5
4743	13	6	5
4744	15	16	12
4745	20	11	9
4746	4	5	15
4747	8	17	12
4748	13	16	11
4749	6	12	14
4750	9	5	1
4751	11	13	4
4752	3	2	19
4753	2	6	0
4754	9	7	18
4755	8	0	1
4756	7	3	6
4757	15	7	9
4758	14	8	11
4759	18	2	16
4760	9	18	4
4761	15	2	8
4762	16	0	20
4763	7	14	16
4764	15	11	2
4765	0	3	13
4766	6	3	13
4767	5	4	13
4768	10	17	11
4769	2	18	5
4770	17	4	15
4771	15	3	7
4772	12	18	6
4773	15	1	5
4774	4	15	20
4775	2	16	17
4776	2	5	4
4777	13	2	20
4778	10	14	9
4779	6	11	20
4780	17	8	7
4781	17	1	9
4782	9	13	6
4783	18	13	10
4784	13	0	18
4785	18	9	13
4786	4	20	7
4787	0	13	20
4788	8	20	19
4789	11	3	10
4790	14	16	4
4791	13	16	1
4792	13	4	9
4793	5	10	14
4794	2	15	12
4795	15	17	0
4796	14	2	17
4797	10	17	11
4798	3	18	4
4799	0	20	10
4800	5	9	18
4801	2	7	17
4802	6	10	16
4803	14	4	17
4804	17	20	8
4805	5	7	4
4806	15	14	10
4807	5	19	12
4808	18	1	0
4809	12	7	0
4810	14	0	13
4811	15	13	6
4812	12	20	17
4813	14	12	10
4814	1	7	18
4815	16	18	5
4816	20	2	9
4817	3	8	2
4818	1	14	11
4819	3	19	2
4820	5	16	20
4821	10	4	16
4822	16	7	9
4823	12	17	16
4824	14	12	18
4825	11	12	5
4826	7	13	0
4827	9	15	13
4828	2	18	20
4829	15	8	10
4830	1	10	2
4831	5	11	17
4832	3	10	13
4833	0	17	3
4834	12	19	11
4835	3	17	11
4836	9	2	11
4837	2	20	16
4838	9	0	17
4839	7	19	13
4840	0	14	1
4841	11	9	16
4842	11	16	1
4843	9	13	15
4844	4	0	7
4845	6	13	18
4846	18	14	16
4847	11	5	12
4848	15	5	20
4849	18	16	17
4850	15	7	16
4851	0	5	13
4852	3	10	14
4853	1	6	17
4854	4	11	13
4855	19	2	14
4856	3	18	5
4857	13	1	15
4858	4	15	5
4859	10	1	16
4860	1	4	3
4861	13	7	8
4862	8	11	5
4863	12	3	14
4864	0	19	20
4865	12	14	8
4866	16	8	18
4867	14	4	20
4868	9	20	2
4869	5	1	6
4870	1	11	15
4871	3	13	9
4872	1	5	20
4873	19	1	10
4874	3	1	15
4875	9	15	13
4876	4	0	17
4877	15	17	18
4878	11	0	16
4879	5	2	19
4880	1	18	17
4881	3	20	8
4882	3	18	11
4883	10	5	7
4884	11	1	15
4885	17	3	14
4886	15	9	16
4887	14	18	3
4888	3	8	19
4889	4	11	12
4890	17	15	13
4891	0	15	3
4892	9	4	2
4893	1	8	2
4894	17	20	14
4895	7	12	14
4896	11	10	3
4897	14	16	6
4898	13	15	20
4899	16	6	14
4900	18	7	15
4901	8	12	10
4902	9	15	8
4903	10	0	9
4904	13	11	8
4905	14	4	6
4906	14	0	19
4907	7	13	20
4908	8	4	12
4909	15	11	5
4910	15	7	20
4911	15	9	1
4912	12	6	0
4913	15	1	20
4914	13	7	10
4915	5	7	13
4916	9	1	8
4917	4	19	16
4918	11	2	14
4919	4	20	5
4920	7	14	11
4921	11	20	4
4922	13	0	6
4923	15	0	1
4924	5	0	19
4925	14	4	9
4926	14	9	4
4927	14	12	11
4928	0	11	14
4929	16	12	10
4930	11	20	7
4931	2	3	9
4932	20	10	19
4933	14	15	4
4934	6	19	0
4935	8	10	18
4936	17	14	2
4937	2	18	12
4938	20	15	6
4939	5	9	18
4940	16	14	5
4941	9	13	5
4942	18	10	20
4943	15	13	8
4944	19	11	18
4945	12	2	16
4946	14	2	12
4947	20	16	15
4948	13	18	5
4949	6	3	16
4950	12	18	1
4951	10	17	7
4952	3	17	6
4953	1	5	15
4954	9	0	2
4955	6	8	15
4956	9	17	2
4957	16	19	7
4958	18	15	9
4959	12	2	17
4960	10	20	19
4961	7	3	14
4962	3	17	7
4963	17	18	16
4964	2	5	15
4965	2	0	1
4966	10	1	19
4967	18	13	10
4968	7	9	17
4969	13	7	18
4970	14	3	2
4971	14	10	11
4972	14	15	0
4973	3	8	9
4974	19	0	14
4975	4	1	16
4976	12	17	7
4977	5	15	0
4978	15	10	12
4979	12	3	17
4980	1	18	7
4981	9	17	13
4982	8	9	5
4983	4	10	19
4984	2	10	14
4985	20	12	13
4986	5	2	14
4987	7	15	17
4988	7	3	1
4989	3	5	18
4990	18	19	2
4991	13	4	10
4992	9	3	11
4993	1	12	11
4994	19	13	7
4995	19	12	8
4996	9	5	13
4997	4	10	11
4998	9	16	7
4999	2	5	6
5000	14	1	4
5001	5	20	8
5002	20	14	12
5003	13	6	10
5004	12	19	14
5005	8	3	7
5006	6	10	17
5007	20	7	13
5008	9	17	19
5009	10	12	1
5010	18	10	20
5011	4	11	12
5012	8	14	20
5013	1	0	15
5014	4	16	17
5015	14	7	18
5016	11	0	1
5017	2	17	16
5018	11	14	16
5019	17	9	14
5020	13	5	19
5021	14	8	2
5022	16	3	1
5023	4	14	7
5024	9	4	5
5025	7	17	20
5026	13	7	5
5027	16	2	6
5028	6	10	17
5029	7	9	19
5030	19	11	15
5031	7	6	4
5032	2	20	6
5033	7	13	18
5034	7	19	18
5035	9	7	4
5036	11	13	12
5037	16	0	12
5038	16	9	18
5039	11	3	13
5040	5	15	3
5041	1	4	2
5042	18	19	3
5043	20	19	18
5044	7	15	18
5045	9	17	0
5046	13	11	18
5047	11	3	20
5048	7	12	18
5049	8	14	11
5050	11	19	16
5051	0	20	4
5052	11	2	10
5053	20	0	4
5054	2	1	4
5055	20	1	17
5056	10	5	7
5057	6	13	7
5058	20	19	17
5059	1	17	5
5060	1	20	6
5061	8	11	15
5062	10	16	2
5063	20	17	0
5064	9	17	14
5065	8	0	4
5066	18	19	3
5067	1	12	13
5068	18	6	17
5069	8	20	18
5070	4	6	1
5071	2	7	11
5072	8	0	11
5073	8	18	16
5074	19	12	18
5075	4	11	16
5076	1	8	15
5077	14	15	4
5078	7	0	1
5079	20	14	11
5080	15	18	9
5081	3	14	4
5082	14	8	16
5083	2	0	12
5084	13	18	15
5085	0	11	5
5086	4	15	14
5087	7	5	19
5088	7	0	3
5089	11	4	19
5090	2	9	12
5091	15	20	3
5092	2	17	18
5093	8	16	12
5094	4	17	20
5095	7	8	11
5096	19	20	17
5097	6	8	0
5098	13	15	5
5099	19	3	10
5100	19	6	11
5101	5	11	1
5102	5	12	15
5103	9	8	13
5104	5	8	13
5105	0	10	16
5106	0	20	1
5107	19	20	10
5108	19	4	17
5109	18	19	5
5110	5	7	6
5111	5	13	4
5112	15	7	1
5113	18	1	14
5114	13	5	10
5115	0	12	10
5116	17	12	10
5117	3	13	14
5118	3	9	15
5119	9	6	16
5120	14	8	18
5121	14	1	12
5122	10	17	15
5123	8	15	0
5124	0	1	5
5125	13	18	5
5126	10	8	18
5127	17	5	14
5128	5	16	13
5129	17	7	14
5130	2	8	5
5131	3	16	5
5132	11	14	4
5133	20	9	8
5134	1	12	13
5135	3	7	13
5136	12	18	13
5137	17	13	3
5138	1	19	9
5139	10	3	6
5140	13	5	7
5141	13	15	7
5142	13	14	8
5143	9	3	16
5144	12	1	20
5145	9	13	0
5146	1	5	10
5147	20	11	4
5148	7	6	1
5149	3	4	8
5150	20	6	3
5151	9	4	18
5152	0	4	9
5153	9	1	5
5154	17	12	1
5155	9	13	4
5156	16	20	13
5157	13	8	6
5158	14	19	13
5159	3	2	6
5160	1	9	2
5161	1	0	9
5162	16	4	3
5163	18	2	12
5164	17	10	1
5165	7	10	8
5166	4	16	20
5167	4	13	8
5168	13	8	11
5169	13	4	11
5170	16	20	14
5171	20	9	15
5172	1	18	5
5173	19	11	4
5174	14	11	20
5175	19	0	20
5176	1	11	2
5177	7	4	2
5178	6	20	12
5179	7	19	0
5180	9	12	1
5181	17	18	2
5182	14	9	4
5183	15	16	2
5184	19	20	0
5185	15	13	10
5186	16	17	1
5187	13	0	4
5188	11	20	4
5189	10	8	16
5190	20	19	9
5191	0	14	1
5192	5	11	18
5193	5	1	17
5194	14	13	0
5195	15	5	2
5196	17	15	18
5197	6	15	7
5198	16	15	3
5199	13	4	9
5200	7	3	1
5201	11	17	5
5202	15	9	6
5203	0	15	19
5204	13	12	11
5205	20	10	4
5206	9	17	3
5207	6	14	3
5208	18	11	5
5209	16	14	11
5210	10	0	8
5211	18	13	17
5212	8	17	20
5213	0	18	7
5214	7	17	19
5215	15	18	13
5216	8	7	0
5217	13	14	20
5218	16	10	9
5219	1	2	9
5220	2	9	8
5221	8	2	20
5222	20	16	10
5223	9	6	16
5224	1	19	5
5225	7	11	17
5226	5	11	12
5227	8	4	18
5228	9	17	11
5229	10	11	16
5230	0	13	10
5231	12	7	8
5232	10	17	19
5233	5	11	4
5234	11	20	7
5235	17	14	11
5236	10	13	16
5237	7	15	3
5238	16	18	11
5239	0	7	2
5240	3	13	14
5241	19	13	7
5242	8	5	1
5243	11	19	3
5244	6	3	12
5245	5	0	13
5246	6	19	9
5247	0	1	17
5248	15	7	5
5249	0	17	13
5250	18	0	10
5251	3	6	10
5252	13	17	10
5253	15	1	19
5254	11	15	9
5255	0	11	14
5256	8	19	12
5257	6	19	10
5258	20	11	19
5259	10	17	3
5260	19	18	8
5261	1	16	3
5262	7	12	0
5263	18	0	20
5264	7	0	20
5265	10	5	0
5266	11	12	8
5267	18	1	16
5268	14	17	15
5269	4	8	20
5270	2	19	20
5271	14	2	19
5272	0	7	18
5273	12	10	7
5274	10	14	0
5275	18	20	8
5276	13	9	5
5277	15	1	19
5278	16	20	19
5279	12	20	17
5280	20	8	12
5281	16	19	14
5282	18	2	3
5283	7	2	0
5284	9	4	10
5285	14	11	4
5286	20	1	9
5287	14	11	15
5288	3	10	1
5289	8	9	4
5290	1	6	14
5291	4	1	14
5292	14	11	17
5293	8	1	11
5294	8	11	9
5295	19	5	1
5296	8	17	16
5297	19	8	11
5298	3	0	7
5299	17	2	16
5300	13	10	1
5301	8	6	3
5302	16	10	2
5303	18	20	11
5304	11	17	18
5305	7	17	20
5306	9	20	1
5307	7	13	12
5308	5	20	16
5309	0	5	20
5310	8	16	3
5311	18	16	10
5312	6	12	17
5313	9	0	17
5314	5	6	16
5315	2	15	8
5316	12	18	7
5317	8	2	6
5318	16	13	14
5319	3	9	6
5320	10	8	13
5321	1	17	16
5322	2	20	4
5323	17	2	15
5324	11	9	20
5325	17	3	20
5326	14	0	1
5327	20	7	19
5328	18	16	20
5329	17	14	13
5330	5	7	11
5331	16	5	10
5332	17	20	13
5333	14	19	10
5334	16	4	12
5335	20	14	11
5336	4	19	18
5337	12	5	9
5338	8	14	10
5339	10	20	17
5340	6	8	9
5341	9	16	19
5342	2	20	13
5343	14	9	2
5344	17	15	4
5345	0	5	7
5346	12	4	8
5347	6	20	12
5348	2	16	18
5349	11	9	20
5350	14	19	6
5351	13	16	0
5352	4	16	10
5353	16	2	10
5354	11	8	14
5355	0	5	7
5356	19	20	16
5357	18	9	3
5358	1	19	5
5359	15	4	20
5360	11	5	12
5361	11	14	19
5362	2	18	4
5363	1	16	6
5364	8	14	0
5365	1	15	14
5366	5	8	18
5367	17	10	7
5368	12	8	19
5369	18	17	1
5370	15	5	12
5371	10	4	17
5372	10	16	13
5373	13	10	5
5374	19	15	10
5375	16	6	5
5376	14	6	0
5377	19	15	7
5378	14	9	18
5379	14	12	4
5380	6	7	20
5381	12	3	13
5382	8	9	0
5383	14	5	17
5384	12	14	2
5385	4	0	12
5386	0	12	16
5387	8	20	9
5388	8	11	3
5389	6	1	19
5390	5	16	7
5391	20	6	18
5392	15	12	20
5393	5	16	19
5394	11	19	12
5395	1	14	7
5396	19	8	14
5397	18	9	17
5398	8	0	13
5399	13	7	6
5400	7	0	14
5401	14	12	20
5402	4	14	3
5403	16	4	20
5404	7	11	18
5405	11	2	8
5406	2	12	16
5407	19	14	4
5408	11	9	17
5409	14	13	20
5410	8	1	6
5411	14	11	5
5412	17	5	3
5413	16	7	10
5414	9	10	2
5415	3	0	12
5416	13	11	7
5417	10	2	8
5418	7	14	13
5419	9	5	19
5420	10	4	18
5421	3	4	20
5422	20	6	19
5423	17	1	2
5424	9	1	12
5425	17	7	19
5426	16	4	15
5427	20	1	19
5428	0	11	9
5429	3	0	13
5430	11	2	9
5431	6	15	10
5432	14	10	15
5433	18	16	1
5434	6	4	2
5435	7	20	5
5436	6	3	15
5437	14	20	18
5438	11	12	6
5439	7	8	13
5440	17	19	13
5441	16	10	20
5442	11	7	18
5443	3	4	15
5444	5	8	18
5445	12	0	3
5446	11	13	5
5447	14	2	16
5448	16	3	4
5449	15	0	14
5450	6	8	1
5451	6	8	3
5452	16	18	13
5453	15	10	16
5454	10	16	19
5455	5	2	16
5456	1	3	19
5457	2	14	0
5458	20	8	10
5459	4	1	8
5460	18	3	8
5461	2	8	15
5462	13	10	16
5463	10	16	17
5464	17	4	12
5465	6	11	3
5466	0	5	9
5467	6	18	2
5468	20	0	3
5469	10	17	7
5470	5	12	11
5471	3	13	2
5472	9	4	10
5473	14	8	7
5474	19	11	10
5475	0	14	15
5476	0	9	12
5477	20	0	4
5478	6	16	8
5479	14	17	2
5480	19	18	15
5481	20	17	11
5482	20	2	7
5483	16	15	18
5484	15	19	3
5485	9	10	8
5486	1	14	2
5487	16	13	6
5488	0	13	3
5489	2	15	8
5490	4	3	6
5491	1	5	9
5492	18	20	16
5493	18	17	13
5494	14	8	13
5495	1	8	2
5496	11	7	16
5497	11	18	6
5498	10	13	9
5499	19	11	14
5500	10	8	16
5501	7	17	9
5502	8	17	9
5503	15	16	18
5504	1	8	7
5505	12	15	14
5506	18	12	10
5507	7	13	20
5508	8	14	18
5509	12	11	0
5510	14	11	18
5511	7	2	13
5512	8	0	17
5513	8	4	14
5514	16	11	8
5515	15	7	20
5516	0	19	5
5517	13	18	19
5518	11	15	10
5519	8	3	20
5520	14	9	7
5521	5	3	6
5522	20	6	11
5523	6	9	0
5524	0	14	8
5525	18	19	9
5526	15	2	13
5527	9	8	3
5528	2	16	17
5529	12	10	2
5530	4	10	0
5531	9	2	4
5532	17	15	18
5533	20	2	17
5534	6	10	4
5535	10	19	0
5536	6	4	1
5537	7	15	3
5538	19	13	3
5539	20	11	5
5540	0	11	18
5541	14	20	17
5542	15	17	10
5543	8	12	15
5544	2	6	17
5545	1	9	20
5546	3	13	20
5547	5	13	15
5548	17	15	0
5549	4	13	9
5550	1	10	14
5551	2	4	13
5552	20	4	14
5553	13	17	2
5554	0	12	2
5555	12	6	11
5556	13	18	7
5557	1	15	14
5558	4	0	5
5559	18	6	12
5560	6	5	1
5561	2	18	17
5562	15	13	17
5563	7	8	20
5564	13	1	10
5565	18	10	12
5566	8	4	6
5567	10	0	14
5568	19	15	12
5569	8	6	20
5570	17	8	4
5571	7	18	3
5572	9	2	16
5573	10	5	6
5574	8	19	2
5575	8	14	10
5576	2	4	18
5577	20	0	4
5578	7	11	12
5579	17	5	10
5580	16	7	1
5581	6	10	15
5582	0	19	4
5583	15	4	12
5584	13	12	18
5585	2	16	17
5586	20	4	16
5587	7	0	1
5588	12	8	10
5589	0	12	8
5590	20	5	14
5591	17	14	16
5592	3	16	1
5593	1	12	17
5594	9	17	18
5595	19	7	18
5596	2	20	6
5597	16	0	12
5598	13	8	7
5599	13	18	16
5600	9	12	6
5601	16	3	11
5602	13	2	7
5603	16	5	10
5604	10	3	11
5605	6	11	16
5606	18	8	6
5607	1	15	18
5608	15	14	7
5609	18	20	6
5610	15	7	1
5611	13	1	11
5612	15	16	11
5613	1	16	0
5614	3	16	0
5615	8	0	11
5616	18	2	20
5617	6	14	13
5618	12	19	18
5619	2	4	9
5620	5	15	11
5621	20	8	4
5622	13	1	5
5623	14	16	1
5624	10	6	4
5625	17	19	9
5626	18	13	17
5627	20	4	11
5628	10	15	14
5629	17	3	13
5630	1	14	20
5631	8	2	3
5632	5	0	7
5633	17	12	19
5634	18	14	11
5635	10	18	1
5636	12	14	15
5637	11	16	0
5638	12	2	9
5639	5	9	6
5640	12	17	16
5641	17	5	18
5642	12	17	6
5643	19	20	10
5644	10	12	15
5645	19	18	10
5646	0	2	9
5647	1	13	9
5648	18	0	13
5649	15	2	11
5650	1	12	4
5651	0	13	17
5652	4	0	12
5653	12	4	17
5654	1	20	17
5655	2	14	20
5656	7	11	1
5657	20	10	19
5658	14	10	12
5659	13	8	17
5660	8	9	12
5661	10	6	2
5662	3	2	7
5663	11	0	20
5664	11	2	19
5665	3	17	0
5666	17	7	2
5667	16	6	9
5668	18	15	9
5669	6	7	4
5670	11	17	3
5671	18	2	10
5672	17	3	0
5673	12	1	17
5674	12	2	11
5675	4	10	3
5676	8	12	14
5677	16	19	10
5678	5	18	19
5679	18	6	9
5680	5	18	16
5681	0	13	3
5682	8	14	18
5683	17	16	9
5684	16	18	7
5685	16	20	3
5686	8	6	2
5687	17	10	16
5688	15	17	7
5689	2	8	13
5690	20	9	4
5691	16	6	11
5692	2	19	10
5693	12	7	5
5694	0	6	5
5695	2	14	15
5696	9	1	10
5697	11	0	14
5698	7	15	13
5699	13	19	4
5700	3	1	5
5701	8	15	0
5702	14	9	10
5703	8	12	16
5704	3	12	7
5705	2	4	8
5706	16	17	4
5707	13	18	15
5708	4	15	17
5709	18	14	7
5710	17	3	9
5711	9	14	19
5712	0	10	7
5713	4	14	10
5714	0	19	14
5715	11	13	0
5716	6	0	11
5717	6	2	20
5718	1	3	19
5719	8	13	1
5720	17	3	7
5721	18	4	19
5722	18	4	9
5723	6	2	13
5724	0	8	19
5725	13	12	11
5726	4	6	19
5727	17	10	12
5728	4	15	7
5729	0	14	5
5730	10	18	16
5731	18	14	11
5732	16	18	20
5733	8	19	12
5734	14	8	0
5735	13	16	14
5736	14	13	19
5737	6	14	5
5738	1	0	16
5739	4	19	5
5740	15	1	14
5741	8	10	5
5742	5	6	11
5743	13	17	1
5744	3	12	16
5745	12	18	3
5746	20	14	5
5747	14	13	5
5748	1	16	7
5749	12	17	18
5750	7	4	15
5751	11	13	16
5752	15	18	14
5753	7	13	18
5754	15	2	1
5755	14	13	3
5756	17	13	15
5757	7	9	3
5758	6	3	13
5759	20	7	17
5760	12	16	7
5761	12	3	9
5762	20	3	8
5763	8	20	13
5764	10	9	15
5765	15	2	8
5766	5	0	11
5767	16	0	14
5768	14	5	11
5769	13	8	9
5770	16	0	2
5771	16	8	11
5772	10	3	7
5773	14	18	12
5774	9	20	0
5775	0	8	1
5776	20	18	8
5777	12	2	19
5778	19	13	5
5779	1	10	2
5780	16	3	6
5781	2	5	0
5782	8	7	17
5783	11	5	8
5784	2	13	7
5785	11	18	20
5786	3	16	0
5787	17	15	14
5788	9	14	8
5789	5	18	9
5790	12	9	13
5791	2	5	7
5792	0	4	19
5793	18	17	0
5794	4	5	19
5795	16	4	5
5796	4	5	18
5797	12	15	13
5798	20	1	10
5799	3	9	17
5800	9	7	11
5801	9	3	15
5802	17	15	11
5803	14	18	0
5804	0	10	6
5805	5	16	1
5806	11	20	18
5807	1	12	9
5808	19	3	5
5809	13	0	9
5810	17	14	20
5811	20	0	2
5812	2	3	1
5813	1	7	16
5814	6	7	11
5815	11	20	0
5816	7	16	17
5817	7	17	15
5818	15	5	17
5819	0	20	17
5820	1	4	20
5821	8	13	12
5822	6	20	4
5823	17	7	11
5824	7	18	19
5825	13	2	14
5826	11	13	12
5827	2	15	16
5828	16	11	1
5829	3	16	2
5830	9	8	11
5831	7	15	16
5832	15	10	2
5833	15	18	20
5834	14	1	16
5835	7	11	16
5836	10	0	1
5837	3	15	16
5838	12	11	7
5839	17	18	7
5840	1	6	0
5841	7	17	0
5842	3	20	9
5843	14	4	17
5844	15	8	2
5845	9	17	16
5846	10	20	6
5847	0	17	14
5848	7	9	3
5849	6	14	18
5850	19	6	11
5851	0	14	5
5852	6	5	19
5853	6	20	1
5854	13	0	5
5855	13	1	14
5856	11	20	19
5857	3	16	18
5858	6	9	2
5859	16	15	10
5860	15	3	5
5861	4	15	3
5862	18	11	3
5863	19	3	4
5864	15	18	0
5865	8	2	13
5866	8	3	20
5867	18	2	10
5868	20	18	17
5869	4	18	13
5870	12	5	2
5871	1	15	14
5872	14	16	13
5873	14	16	11
5874	15	12	0
5875	11	15	13
5876	6	10	0
5877	14	1	15
5878	1	17	11
5879	8	17	9
5880	4	5	0
5881	20	7	5
5882	16	14	20
5883	3	18	8
5884	8	19	7
5885	11	7	12
5886	18	12	16
5887	13	2	20
5888	15	19	5
5889	7	4	13
5890	3	10	1
5891	16	20	5
5892	14	15	1
5893	9	13	12
5894	20	5	18
5895	10	0	18
5896	3	8	10
5897	7	13	11
5898	7	11	4
5899	20	18	17
5900	15	7	6
5901	0	1	4
5902	3	6	18
5903	20	16	8
5904	2	18	0
5905	16	7	14
5906	7	8	12
5907	0	8	10
5908	19	1	0
5909	13	16	7
5910	20	17	8
5911	10	13	1
5912	7	12	15
5913	3	1	4
5914	14	3	13
5915	12	10	11
5916	17	11	9
5917	16	0	11
5918	16	17	4
5919	10	16	18
5920	1	0	16
5921	10	17	9
5922	19	15	2
5923	13	1	4
5924	0	3	11
5925	17	3	2
5926	18	6	20
5927	7	2	3
5928	16	9	11
5929	17	16	6
5930	10	2	11
5931	5	20	4
5932	14	10	6
5933	17	9	5
5934	15	8	7
5935	3	14	16
5936	13	11	3
5937	0	10	5
5938	5	3	1
5939	20	9	19
5940	19	10	13
5941	13	4	16
5942	18	5	8
5943	10	17	18
5944	3	19	17
5945	8	20	6
5946	7	5	20
5947	0	14	9
5948	6	9	20
5949	10	6	18
5950	0	14	6
5951	2	16	11
5952	7	18	11
5953	20	0	18
5954	6	0	7
5955	18	11	10
5956	9	2	14
5957	11	18	3
5958	5	13	11
5959	1	6	5
5960	1	7	12
5961	7	5	13
5962	13	15	0
5963	3	19	20
5964	18	6	7
5965	7	15	18
5966	9	0	15
5967	10	3	14
5968	10	1	0
5969	19	5	6
5970	15	13	20
5971	19	7	3
5972	16	9	0
5973	14	8	13
5974	11	6	20
5975	7	12	13
5976	3	15	5
5977	8	18	19
5978	13	2	12
5979	17	20	3
5980	4	13	14
5981	19	9	7
5982	19	15	4
5983	4	2	0
5984	1	19	5
5985	19	0	5
5986	14	19	12
5987	17	18	4
5988	7	17	4
5989	11	0	6
5990	16	15	7
5991	1	7	9
5992	9	8	1
5993	16	8	11
5994	7	10	13
5995	8	1	15
5996	13	1	18
5997	19	15	9
5998	4	15	8
5999	10	7	16
6000	14	5	8
6001	1	5	20
6002	0	8	13
6003	4	18	16
6004	12	0	2
6005	15	16	17
6006	6	16	8
6007	6	16	13
6008	5	1	3
6009	16	9	11
6010	12	17	20
6011	17	1	9
6012	1	15	3
6013	18	8	2
6014	12	2	10
6015	7	13	20
6016	17	15	9
6017	12	4	13
6018	12	9	15
6019	5	15	8
6020	10	3	19
6021	9	1	15
6022	19	10	7
6023	6	8	12
6024	11	13	16
6025	13	2	3
6026	9	11	3
6027	5	17	19
6028	13	7	5
6029	12	3	5
6030	15	6	16
6031	16	8	3
6032	16	5	9
6033	15	17	10
6034	20	8	16
6035	3	0	5
6036	20	16	4
6037	5	12	8
6038	11	6	10
6039	13	19	6
6040	8	19	9
6041	10	11	12
6042	3	19	2
6043	5	9	6
6044	11	20	3
6045	17	4	7
6046	2	14	10
6047	18	7	3
6048	3	1	11
6049	11	16	18
6050	19	20	3
6051	15	4	9
6052	8	10	6
6053	9	2	12
6054	11	4	5
6055	20	17	3
6056	16	14	4
6057	10	17	20
6058	16	20	9
6059	17	1	2
6060	17	8	18
6061	1	10	15
6062	9	17	10
6063	1	17	16
6064	20	13	6
6065	3	2	6
6066	5	6	16
6067	3	4	0
6068	14	6	4
6069	9	6	15
6070	9	17	2
6071	18	3	14
6072	4	5	17
6073	16	3	19
6074	11	12	13
6075	1	10	5
6076	10	5	11
6077	4	7	6
6078	2	5	19
6079	4	12	13
6080	15	7	0
6081	2	1	6
6082	17	3	15
6083	0	16	8
6084	5	10	15
6085	18	14	0
6086	13	8	3
6087	19	3	18
6088	17	3	7
6089	13	4	15
6090	11	18	14
6091	8	15	7
6092	12	10	2
6093	7	15	16
6094	13	15	0
6095	14	8	18
6096	3	15	11
6097	5	7	0
6098	19	0	3
6099	19	6	12
6100	10	19	14
6101	14	7	5
6102	2	20	1
6103	19	0	3
6104	6	14	5
6105	8	16	15
6106	15	18	19
6107	12	15	3
6108	3	10	6
6109	20	13	10
6110	6	20	4
6111	17	2	19
6112	3	19	13
6113	18	13	17
6114	13	20	4
6115	20	9	14
6116	0	11	8
6117	3	1	13
6118	13	6	7
6119	1	9	19
6120	8	13	15
6121	19	13	10
6122	12	19	0
6123	10	4	14
6124	10	1	11
6125	16	15	10
6126	15	3	9
6127	17	4	6
6128	16	20	5
6129	13	6	14
6130	8	1	4
6131	2	20	17
6132	10	20	16
6133	11	15	20
6134	17	7	8
6135	14	2	13
6136	12	7	4
6137	15	0	8
6138	3	4	18
6139	14	19	7
6140	4	11	16
6141	8	4	9
6142	8	7	20
6143	19	20	8
6144	5	16	6
6145	15	20	18
6146	10	17	2
6147	6	5	8
6148	3	12	11
6149	11	8	12
6150	9	16	15
6151	16	4	15
6152	0	14	8
6153	18	20	0
6154	5	18	17
6155	5	9	7
6156	19	3	1
6157	2	16	17
6158	8	4	15
6159	11	15	7
6160	1	2	19
6161	3	12	5
6162	11	9	20
6163	18	12	0
6164	17	15	10
6165	14	19	15
6166	1	15	20
6167	2	12	6
6168	19	20	9
6169	5	1	12
6170	16	20	6
6171	4	19	15
6172	0	12	16
6173	12	13	10
6174	12	0	9
6175	6	9	18
6176	20	3	2
6177	8	13	1
6178	1	7	19
6179	1	6	10
6180	19	17	13
6181	3	18	8
6182	9	13	15
6183	9	19	3
6184	20	5	8
6185	11	2	13
6186	20	5	1
6187	16	4	9
6188	0	16	15
6189	0	18	15
6190	0	15	2
6191	6	14	10
6192	11	7	9
6193	0	10	18
6194	8	2	20
6195	0	16	14
6196	3	13	10
6197	4	10	18
6198	16	12	8
6199	13	15	17
6200	20	13	9
6201	16	2	17
6202	7	17	4
6203	18	6	20
6204	2	8	9
6205	3	9	19
6206	11	13	8
6207	10	13	11
6208	7	16	3
6209	6	0	18
6210	6	8	18
6211	17	5	15
6212	12	19	15
6213	16	11	0
6214	6	0	12
6215	4	8	5
6216	12	20	9
6217	19	3	9
6218	2	13	17
6219	10	15	0
6220	10	18	3
6221	1	2	15
6222	19	1	7
6223	11	17	3
6224	8	1	14
6225	5	15	19
6226	14	8	18
6227	19	13	4
6228	1	17	4
6229	2	9	14
6230	7	2	11
6231	15	18	1
6232	7	1	0
6233	2	1	4
6234	13	5	17
6235	6	9	15
6236	3	11	9
6237	3	4	20
6238	14	8	16
6239	14	8	12
6240	14	8	1
6241	17	13	6
6242	7	15	9
6243	19	16	18
6244	2	18	7
6245	8	17	7
6246	16	14	18
6247	15	20	14
6248	5	17	20
6249	9	0	20
6250	7	10	2
6251	15	6	14
6252	4	20	9
6253	5	2	6
6254	15	12	8
6255	7	19	0
6256	3	1	13
6257	20	4	5
6258	4	6	2
6259	17	12	11
6260	18	17	7
6261	19	20	12
6262	6	19	16
6263	7	4	5
6264	7	11	4
6265	6	3	9
6266	19	1	0
6267	6	16	17
6268	2	13	9
6269	12	14	6
6270	15	18	12
6271	16	5	4
6272	0	12	17
6273	3	17	6
6274	8	7	4
6275	2	14	9
6276	8	2	1
6277	14	17	10
6278	1	15	9
6279	16	1	17
6280	1	6	15
6281	16	10	4
6282	13	15	14
6283	6	14	5
6284	17	12	20
6285	19	3	8
6286	16	15	7
6287	7	10	18
6288	2	14	15
6289	17	5	7
6290	8	6	10
6291	2	20	17
6292	11	17	15
6293	4	13	20
6294	5	20	18
6295	10	3	8
6296	0	6	16
6297	17	2	5
6298	3	20	1
6299	5	9	18
6300	1	4	3
6301	15	9	1
6302	6	14	19
6303	3	10	15
6304	20	6	4
6305	19	6	15
6306	14	16	19
6307	7	19	13
6308	11	3	15
6309	7	20	5
6310	0	3	9
6311	5	14	17
6312	12	18	8
6313	9	7	17
6314	16	4	20
6315	13	7	10
6316	5	18	13
6317	0	14	10
6318	16	11	20
6319	14	13	1
6320	20	0	13
6321	16	18	2
6322	10	5	6
6323	4	3	0
6324	3	2	9
6325	20	19	2
6326	7	20	4
6327	12	1	9
6328	12	3	9
6329	15	2	16
6330	11	9	16
6331	8	4	6
6332	20	19	18
6333	4	12	10
6334	15	16	20
6335	2	10	8
6336	8	16	6
6337	10	9	18
6338	8	13	19
6339	6	5	10
6340	6	1	5
6341	12	15	1
6342	9	0	20
6343	8	7	20
6344	11	16	5
6345	9	13	10
6346	11	14	19
6347	7	9	20
6348	10	11	1
6349	0	20	14
6350	16	0	15
6351	15	7	13
6352	11	6	18
6353	17	19	6
6354	8	10	6
6355	13	15	1
6356	18	5	9
6357	12	7	2
6358	1	13	18
6359	8	15	10
6360	6	9	2
6361	17	16	9
6362	18	17	2
6363	10	18	12
6364	13	20	14
6365	17	3	12
6366	12	10	15
6367	18	15	0
6368	19	5	6
6369	8	12	20
6370	5	0	2
6371	17	14	7
6372	16	2	18
6373	7	0	16
6374	20	17	15
6375	7	5	9
6376	14	6	13
6377	19	20	13
6378	2	4	6
6379	7	3	2
6380	15	7	6
6381	2	3	9
6382	7	2	10
6383	18	10	2
6384	18	7	11
6385	7	9	6
6386	4	12	1
6387	16	10	14
6388	13	10	16
6389	16	9	0
6390	6	0	19
6391	3	15	17
6392	8	3	16
6393	12	13	18
6394	9	3	5
6395	3	13	1
6396	1	17	18
6397	8	12	17
6398	13	16	4
6399	3	12	16
6400	16	9	3
6401	12	11	2
6402	17	0	6
6403	20	16	18
6404	1	11	6
6405	5	10	16
6406	19	15	0
6407	13	16	20
6408	10	12	19
6409	4	8	12
6410	16	13	7
6411	15	8	2
6412	12	9	11
6413	10	8	17
6414	9	16	14
6415	20	15	4
6416	3	15	5
6417	0	11	12
6418	13	12	17
6419	14	15	10
6420	18	19	20
6421	17	18	3
6422	1	11	10
6423	20	14	7
6424	19	18	5
6425	0	13	16
6426	0	20	14
6427	14	2	3
6428	4	8	12
6429	10	1	5
6430	15	9	8
6431	13	5	8
6432	13	5	16
6433	3	14	19
6434	11	2	6
6435	2	20	13
6436	18	7	16
6437	4	0	11
6438	3	5	16
6439	19	2	5
6440	3	1	6
6441	15	4	9
6442	19	5	10
6443	13	18	12
6444	9	18	12
6445	3	8	10
6446	0	11	16
6447	6	8	0
6448	2	4	0
6449	8	11	12
6450	11	12	0
6451	0	16	20
6452	6	14	20
6453	16	3	10
6454	14	18	9
6455	15	3	5
6456	4	16	2
6457	13	15	9
6458	6	18	2
6459	15	20	2
6460	10	5	4
6461	20	18	13
6462	19	4	12
6463	13	1	8
6464	20	4	16
6465	2	9	4
6466	3	5	8
6467	13	14	10
6468	2	10	1
6469	7	9	1
6470	15	14	3
6471	8	20	19
6472	7	3	11
6473	13	17	11
6474	4	3	16
6475	16	0	20
6476	4	15	10
6477	11	3	2
6478	17	14	16
6479	3	11	17
6480	14	0	20
6481	9	1	10
6482	3	16	8
6483	2	10	16
6484	1	16	6
6485	0	19	7
6486	11	16	13
6487	16	18	4
6488	13	8	17
6489	19	13	16
6490	17	2	15
6491	20	0	10
6492	12	19	7
6493	13	20	3
6494	4	9	20
6495	11	12	5
6496	16	12	9
6497	10	17	14
6498	6	19	20
6499	11	0	7
6500	20	18	3
6501	5	1	17
6502	4	6	2
6503	11	12	9
6504	8	9	11
6505	14	18	3
6506	19	16	13
6507	0	2	1
6508	1	7	13
6509	15	0	18
6510	11	14	10
6511	8	1	6
6512	16	19	8
6513	1	3	11
6514	20	3	14
6515	5	10	17
6516	14	19	4
6517	9	0	6
6518	18	16	2
6519	15	13	5
6520	13	17	11
6521	14	20	10
6522	3	1	8
6523	14	18	3
6524	10	4	20
6525	6	15	3
6526	11	19	14
6527	2	17	8
6528	8	4	10
6529	5	2	4
6530	10	3	17
6531	7	8	19
6532	0	17	9
6533	7	6	20
6534	6	13	3
6535	9	12	5
6536	9	6	15
6537	10	16	8
6538	0	6	10
6539	11	0	16
6540	2	20	6
6541	12	20	18
6542	20	1	10
6543	11	14	17
6544	17	12	20
6545	6	20	8
6546	2	12	4
6547	1	15	6
6548	0	12	4
6549	11	1	12
6550	13	12	4
6551	3	2	4
6552	10	19	8
6553	9	15	7
6554	1	13	4
6555	8	5	12
6556	2	3	4
6557	19	14	7
6558	18	12	2
6559	6	1	5
6560	7	4	8
6561	15	8	9
6562	0	2	14
6563	2	20	0
6564	9	1	7
6565	10	1	19
6566	4	5	17
6567	8	11	10
6568	0	7	15
6569	11	2	13
6570	16	5	14
6571	5	1	15
6572	15	4	18
6573	17	10	19
6574	10	15	19
6575	2	19	6
6576	14	8	9
6577	7	2	10
6578	8	19	16
6579	7	17	15
6580	5	19	13
6581	9	1	4
6582	14	3	18
6583	8	9	11
6584	13	19	5
6585	20	8	18
6586	6	17	15
6587	12	14	1
6588	14	7	18
6589	7	8	5
6590	1	2	9
6591	5	14	4
6592	9	19	20
6593	16	10	2
6594	19	10	3
6595	11	15	2
6596	12	7	10
6597	17	0	7
6598	20	15	17
6599	16	0	3
6600	9	7	4
6601	1	5	16
6602	0	16	18
6603	19	5	17
6604	2	16	3
6605	15	12	20
6606	18	8	11
6607	5	16	10
6608	11	14	3
6609	7	8	19
6610	13	10	1
6611	17	11	0
6612	19	8	20
6613	9	6	17
6614	15	8	13
6615	8	19	10
6616	19	0	5
6617	15	13	9
6618	13	6	4
6619	20	14	7
6620	1	8	18
6621	4	2	16
6622	13	7	3
6623	6	15	8
6624	9	8	0
6625	10	12	4
6626	7	17	18
6627	10	7	13
6628	20	19	11
6629	1	15	3
6630	20	4	0
6631	1	9	15
6632	19	12	1
6633	2	20	13
6634	0	16	3
6635	1	16	5
6636	12	10	13
6637	20	8	4
6638	13	4	17
6639	16	20	11
6640	4	3	1
6641	18	12	16
6642	0	2	19
6643	12	14	8
6644	8	1	19
6645	5	19	4
6646	16	9	2
6647	7	16	18
6648	18	9	2
6649	14	0	4
6650	18	3	12
6651	1	19	10
6652	16	11	7
6653	9	2	5
6654	19	9	12
6655	3	2	6
6656	0	9	14
6657	0	4	11
6658	2	10	12
6659	11	1	14
6660	4	9	2
6661	12	18	15
6662	15	18	19
6663	17	18	6
6664	6	11	18
6665	4	14	15
6666	17	4	16
6667	15	20	3
6668	3	17	13
6669	3	15	4
6670	11	20	10
6671	14	12	11
6672	8	20	10
6673	1	0	9
6674	11	20	18
6675	11	9	6
6676	15	14	10
6677	2	8	10
6678	4	8	2
6679	11	9	7
6680	12	10	16
6681	8	2	7
6682	4	10	16
6683	13	4	3
6684	1	6	4
6685	1	0	13
6686	5	10	17
6687	18	12	3
6688	1	6	3
6689	5	3	16
6690	19	20	13
6691	0	11	3
6692	5	11	16
6693	14	11	12
6694	15	14	18
6695	13	0	20
6696	18	14	3
6697	13	18	20
6698	14	7	13
6699	9	5	15
6700	7	0	19
6701	5	17	9
6702	3	19	16
6703	7	5	3
6704	1	15	3
6705	11	20	15
6706	11	2	8
6707	12	7	19
6708	15	2	4
6709	20	2	15
6710	9	5	20
6711	12	18	9
6712	12	14	16
6713	14	1	11
6714	9	15	1
6715	3	12	11
6716	11	17	5
6717	20	11	13
6718	11	19	8
6719	3	12	5
6720	18	5	13
6721	4	13	1
6722	12	8	5
6723	1	17	6
6724	11	13	16
6725	17	4	7
6726	14	18	19
6727	4	16	12
6728	14	6	5
6729	14	3	19
6730	16	2	10
6731	8	13	14
6732	13	10	8
6733	11	1	7
6734	17	18	12
6735	14	2	18
6736	16	7	1
6737	20	18	13
6738	9	13	1
6739	12	15	7
6740	10	11	19
6741	20	19	0
6742	8	0	13
6743	16	1	19
6744	3	10	19
6745	9	0	10
6746	18	17	20
6747	11	10	14
6748	0	3	6
6749	4	14	6
6750	10	17	6
6751	4	11	0
6752	8	6	14
6753	17	0	18
6754	16	10	3
6755	5	12	15
6756	7	13	16
6757	0	10	15
6758	0	3	14
6759	17	0	10
6760	3	16	4
6761	13	18	20
6762	4	14	1
6763	2	7	8
6764	12	19	20
6765	0	17	7
6766	16	20	3
6767	7	3	4
6768	18	7	3
6769	19	20	12
6770	5	17	14
6771	15	12	11
6772	0	11	3
6773	4	18	2
6774	16	20	10
6775	16	20	11
6776	20	12	10
6777	15	10	6
6778	19	0	16
6779	17	13	19
6780	18	6	20
6781	0	18	17
6782	19	8	20
6783	15	9	11
6784	3	5	15
6785	9	12	13
6786	7	0	15
6787	8	15	18
6788	7	11	3
6789	8	16	14
6790	0	1	4
6791	7	5	9
6792	0	9	17
6793	13	15	2
6794	8	0	4
6795	17	8	20
6796	6	20	12
6797	12	2	16
6798	12	10	2
6799	3	19	12
6800	7	18	15
6801	15	13	10
6802	11	2	10
6803	9	17	18
6804	2	8	15
6805	12	4	7
6806	3	10	9
6807	0	14	8
6808	19	14	3
6809	11	19	3
6810	15	12	2
6811	9	3	17
6812	8	15	1
6813	6	2	19
6814	18	3	9
6815	12	15	16
6816	3	9	4
6817	7	17	10
6818	18	8	17
6819	0	7	2
6820	9	14	0
6821	16	19	3
6822	7	2	1
6823	15	10	7
6824	14	15	4
6825	5	14	20
6826	20	17	7
6827	15	4	11
6828	3	7	8
6829	20	5	2
6830	3	4	11
6831	6	10	2
6832	12	11	5
6833	4	14	9
6834	6	9	2
6835	13	11	18
6836	17	13	18
6837	2	7	9
6838	5	16	6
6839	8	4	19
6840	4	15	2
6841	10	11	16
6842	12	17	10
6843	10	1	13
6844	15	19	20
6845	7	13	5
6846	15	8	18
6847	13	4	10
6848	3	7	14
6849	1	17	0
6850	10	3	18
6851	20	19	14
6852	18	17	0
6853	18	5	19
6854	9	18	19
6855	19	0	13
6856	3	12	17
6857	13	6	16
6858	12	14	6
6859	8	14	13
6860	1	12	5
6861	1	16	0
6862	19	13	16
6863	13	18	2
6864	11	6	12
6865	8	6	9
6866	7	19	8
6867	19	4	20
6868	4	3	19
6869	4	11	18
6870	7	1	14
6871	18	1	7
6872	0	6	18
6873	5	4	0
6874	18	0	6
6875	12	17	20
6876	1	0	18
6877	18	0	12
6878	13	12	18
6879	10	4	2
6880	4	11	19
6881	0	5	16
6882	4	13	16
6883	1	12	2
6884	2	0	18
6885	15	20	2
6886	17	1	15
6887	19	18	8
6888	15	4	11
6889	14	1	6
6890	12	11	2
6891	1	20	6
6892	18	13	15
6893	13	6	16
6894	4	15	1
6895	2	0	6
6896	10	12	9
6897	19	13	6
6898	12	10	17
6899	6	3	10
6900	18	11	12
6901	10	7	11
6902	16	19	10
6903	12	1	4
6904	15	0	14
6905	7	6	15
6906	18	20	8
6907	19	18	4
6908	19	18	17
6909	19	1	3
6910	19	7	10
6911	13	4	9
6912	14	0	20
6913	11	19	12
6914	16	4	2
6915	13	12	18
6916	18	6	20
6917	19	13	5
6918	4	15	10
6919	15	5	0
6920	11	1	4
6921	17	4	11
6922	14	8	7
6923	20	6	3
6924	15	1	4
6925	13	14	18
6926	17	3	4
6927	12	6	10
6928	20	4	11
6929	4	20	8
6930	8	14	11
6931	18	2	13
6932	12	20	19
6933	13	7	6
6934	14	19	9
6935	19	10	16
6936	18	17	1
6937	18	13	8
6938	3	9	12
6939	15	5	6
6940	17	13	7
6941	20	4	9
6942	1	3	19
6943	20	7	4
6944	7	3	18
6945	4	14	18
6946	2	17	14
6947	10	6	18
6948	8	6	1
6949	16	11	13
6950	13	0	15
6951	8	10	3
6952	8	0	3
6953	7	19	16
6954	9	16	3
6955	1	6	0
6956	17	15	6
6957	5	9	15
6958	19	4	17
6959	19	7	0
6960	4	9	20
6961	18	15	10
6962	19	11	1
6963	14	9	13
6964	9	13	16
6965	3	0	4
6966	17	4	11
6967	7	20	17
6968	10	15	12
6969	2	20	18
6970	11	19	15
6971	5	19	7
6972	11	16	3
6973	0	18	14
6974	17	9	4
6975	1	5	6
6976	1	5	2
6977	5	4	10
6978	13	14	3
6979	1	9	19
6980	10	19	11
6981	7	18	11
6982	19	1	20
6983	15	4	9
6984	20	17	11
6985	17	5	3
6986	18	16	6
6987	11	12	4
6988	3	11	2
6989	20	10	6
6990	7	15	13
6991	4	11	18
6992	11	12	7
6993	17	16	7
6994	7	17	14
6995	18	20	4
6996	16	20	19
6997	15	6	13
6998	4	3	6
6999	12	4	13
7000	2	7	11
7001	19	14	0
7002	8	17	12
7003	2	5	19
7004	10	6	7
7005	2	4	3
7006	3	16	0
7007	20	0	11
7008	7	10	3
7009	17	10	13
7010	19	6	12
7011	14	7	11
7012	1	15	19
7013	5	8	16
7014	6	12	13
7015	19	14	8
7016	20	3	9
7017	4	12	20
7018	12	9	5
7019	3	20	15
7020	19	3	11
7021	7	14	15
7022	7	9	11
7023	10	19	13
7024	15	20	4
7025	20	15	14
7026	1	19	9
7027	15	12	3
7028	8	1	10
7029	19	9	16
7030	1	3	14
7031	12	14	6
7032	10	17	0
7033	19	18	13
7034	2	5	18
7035	18	16	6
7036	14	5	17
7037	5	19	7
7038	1	14	17
7039	7	15	9
7040	11	13	16
7041	1	16	7
7042	1	20	9
7043	20	11	16
7044	19	5	2
7045	17	14	2
7046	13	16	0
7047	7	13	16
7048	13	18	6
7049	6	20	16
7050	10	13	11
7051	4	1	15
7052	9	10	8
7053	8	15	19
7054	4	11	6
7055	8	1	3
7056	4	5	17
7057	18	6	16
7058	17	14	3
7059	16	7	17
7060	6	15	9
7061	11	13	7
7062	3	19	1
7063	20	18	12
7064	9	6	2
7065	4	7	0
7066	2	3	1
7067	7	5	0
7068	10	17	8
7069	10	2	8
7070	17	2	5
7071	4	14	0
7072	3	6	1
7073	20	8	17
7074	7	12	8
7075	8	9	0
7076	19	1	3
7077	0	3	10
7078	6	10	12
7079	15	19	7
7080	7	9	8
7081	3	5	4
7082	9	11	7
7083	17	7	14
7084	2	20	19
7085	6	7	20
7086	6	1	0
7087	6	12	1
7088	20	10	15
7089	4	17	13
7090	18	2	3
7091	17	10	0
7092	14	4	16
7093	14	2	5
7094	0	20	19
7095	5	11	1
7096	15	18	17
7097	5	2	7
7098	12	9	3
7099	11	19	2
7100	10	20	7
7101	8	14	12
7102	0	17	5
7103	11	4	9
7104	12	11	18
7105	3	11	8
7106	17	18	2
7107	10	17	19
7108	5	19	1
7109	17	15	13
7110	10	11	12
7111	14	7	18
7112	1	15	4
7113	12	11	19
7114	0	5	10
7115	19	15	14
7116	10	8	2
7117	4	6	12
7118	5	20	4
7119	8	11	4
7120	13	17	5
7121	13	6	5
7122	3	11	20
7123	4	18	0
7124	15	16	2
7125	13	0	11
7126	10	15	3
7127	3	19	7
7128	17	20	19
7129	19	1	14
7130	16	8	6
7131	9	10	2
7132	10	8	12
7133	6	14	0
7134	20	13	12
7135	15	2	6
7136	11	0	14
7137	19	8	3
7138	7	18	14
7139	8	4	12
7140	6	5	19
7141	2	16	19
7142	14	10	2
7143	19	5	4
7144	14	5	9
7145	12	5	4
7146	11	2	8
7147	2	10	18
7148	8	14	10
7149	16	19	2
7150	15	1	5
7151	9	5	12
7152	0	12	7
7153	6	4	16
7154	5	18	0
7155	1	16	2
7156	8	3	19
7157	9	17	19
7158	19	1	2
7159	11	20	0
7160	5	18	3
7161	0	16	10
7162	6	17	7
7163	3	20	11
7164	17	2	16
7165	13	4	0
7166	13	19	9
7167	12	0	18
7168	14	3	9
7169	15	10	9
7170	19	5	16
7171	19	7	12
7172	0	12	16
7173	1	0	14
7174	9	15	17
7175	0	11	19
7176	20	11	1
7177	16	5	2
7178	2	9	4
7179	0	3	8
7180	17	3	11
7181	13	7	10
7182	19	16	0
7183	4	19	1
7184	3	8	6
7185	18	17	13
7186	12	4	8
7187	0	5	19
7188	3	11	10
7189	8	1	16
7190	14	2	20
7191	19	16	6
7192	8	0	6
7193	4	6	13
7194	6	5	11
7195	2	9	5
7196	13	19	6
7197	18	13	8
7198	14	15	2
7199	4	0	1
7200	13	4	14
7201	1	17	11
7202	0	19	14
7203	0	8	9
7204	4	7	9
7205	18	1	2
7206	3	14	10
7207	1	16	2
7208	17	5	6
7209	13	3	8
7210	8	13	2
7211	10	20	17
7212	20	17	8
7213	20	0	16
7214	14	9	8
7215	20	9	13
7216	16	14	0
7217	4	7	20
7218	11	18	5
7219	19	3	7
7220	17	14	3
7221	12	18	19
7222	2	4	6
7223	12	0	8
7224	10	2	15
7225	14	0	9
7226	8	19	11
7227	2	6	13
7228	4	5	18
7229	17	4	11
7230	12	9	13
7231	2	18	7
7232	19	14	1
7233	15	2	8
7234	18	4	1
7235	0	1	11
7236	15	7	6
7237	2	8	5
7238	3	8	18
7239	14	15	20
7240	14	17	11
7241	17	5	8
7242	9	0	10
7243	20	2	13
7244	6	4	1
7245	17	7	15
7246	1	4	10
7247	0	14	16
7248	8	14	7
7249	15	12	14
7250	6	18	14
7251	16	20	19
7252	16	5	20
7253	6	20	3
7254	17	0	13
7255	15	14	8
7256	13	9	10
7257	10	18	7
7258	0	20	11
7259	8	3	20
7260	2	14	4
7261	18	8	2
7262	0	14	9
7263	11	16	10
7264	7	19	8
7265	15	9	14
7266	12	20	9
7267	19	8	15
7268	9	5	15
7269	19	6	0
7270	13	14	2
7271	7	15	6
7272	18	20	11
7273	7	19	8
7274	6	17	11
7275	3	7	6
7276	14	11	7
7277	13	8	15
7278	6	9	3
7279	16	7	11
7280	7	20	9
7281	7	16	9
7282	18	11	0
7283	9	0	20
7284	11	1	10
7285	9	6	13
7286	20	5	13
7287	0	15	5
7288	13	18	11
7289	15	10	0
7290	10	16	13
7291	4	16	3
7292	13	15	0
7293	18	3	4
7294	17	16	8
7295	7	18	1
7296	5	20	0
7297	2	7	6
7298	7	5	15
7299	10	17	4
7300	1	7	10
7301	11	12	6
7302	10	7	16
7303	10	5	11
7304	6	0	5
7305	18	13	3
7306	13	17	12
7307	4	2	19
7308	7	1	19
7309	0	9	13
7310	19	11	7
7311	6	3	11
7312	15	6	20
7313	10	4	2
7314	18	3	0
7315	19	18	17
7316	3	8	17
7317	14	6	1
7318	12	9	14
7319	16	17	14
7320	4	0	12
7321	11	3	2
7322	1	14	20
7323	2	8	5
7324	7	12	5
7325	4	5	12
7326	17	14	6
7327	16	5	20
7328	13	12	6
7329	6	11	16
7330	17	2	12
7331	17	6	19
7332	6	8	1
7333	4	2	7
7334	1	0	8
7335	10	1	7
7336	9	11	5
7337	0	14	6
7338	2	14	6
7339	3	13	17
7340	16	20	19
7341	2	9	19
7342	3	12	1
7343	16	11	13
7344	19	13	3
7345	0	11	13
7346	20	5	7
7347	9	2	16
7348	1	17	19
7349	19	10	17
7350	6	4	11
7351	1	9	18
7352	1	19	4
7353	18	17	0
7354	2	10	13
7355	6	10	5
7356	12	5	8
7357	14	1	2
7358	5	9	18
7359	20	9	15
7360	6	3	7
7361	15	12	16
7362	17	10	1
7363	15	7	16
7364	11	15	8
7365	16	8	19
7366	12	19	11
7367	3	10	14
7368	13	19	12
7369	9	17	16
7370	4	12	6
7371	7	4	12
7372	20	3	1
7373	19	9	8
7374	9	13	15
7375	3	4	19
7376	19	14	4
7377	5	8	3
7378	9	19	11
7379	8	7	6
7380	3	10	6
7381	13	10	5
7382	18	5	7
7383	17	11	7
7384	5	10	7
7385	6	5	7
7386	5	20	8
7387	20	17	11
7388	3	13	14
7389	7	12	9
7390	3	5	16
7391	13	7	4
7392	0	12	1
7393	7	11	4
7394	6	16	12
7395	4	1	14
7396	10	3	15
7397	14	0	5
7398	0	20	3
7399	0	18	16
7400	17	15	18
7401	2	20	9
7402	5	8	16
7403	15	19	17
7404	0	2	1
7405	18	9	12
7406	20	2	12
7407	5	1	0
7408	13	18	2
7409	20	5	9
7410	2	18	17
7411	0	9	12
7412	18	1	20
7413	7	20	16
7414	20	8	1
7415	19	7	12
7416	5	7	6
7417	3	17	7
7418	3	13	18
7419	10	6	5
7420	9	3	15
7421	6	11	0
7422	17	1	12
7423	6	5	13
7424	20	7	0
7425	18	16	9
7426	0	1	3
7427	18	14	8
7428	5	12	9
7429	5	9	10
7430	1	17	20
7431	0	17	2
7432	4	17	3
7433	0	12	8
7434	20	6	0
7435	11	6	13
7436	11	13	2
7437	12	20	7
7438	17	19	2
7439	14	11	16
7440	20	3	2
7441	9	20	8
7442	10	4	1
7443	4	18	7
7444	8	20	5
7445	20	12	15
7446	9	15	14
7447	19	4	17
7448	13	15	14
7449	5	3	4
7450	10	8	17
7451	4	18	2
7452	10	8	20
7453	20	17	12
7454	18	0	2
7455	11	0	4
7456	4	2	19
7457	15	5	9
7458	9	5	12
7459	1	3	4
7460	0	6	14
7461	13	5	8
7462	19	10	6
7463	5	6	20
7464	1	8	20
7465	20	0	17
7466	10	3	14
7467	0	5	2
7468	1	10	7
7469	4	18	8
7470	19	9	1
7471	2	6	10
7472	19	12	18
7473	0	10	16
7474	4	5	16
7475	1	20	11
7476	18	12	14
7477	9	16	2
7478	11	6	2
7479	14	18	7
7480	9	6	1
7481	5	0	2
7482	19	7	20
7483	10	0	1
7484	18	17	11
7485	17	2	5
7486	13	2	6
7487	3	5	6
7488	17	10	18
7489	1	4	5
7490	18	20	2
7491	2	6	0
7492	2	1	16
7493	20	8	4
7494	18	3	8
7495	12	6	3
7496	2	18	10
7497	3	5	2
7498	3	4	5
7499	17	9	8
7500	5	10	20
7501	0	2	10
7502	0	7	20
7503	20	1	7
7504	14	15	19
7505	11	1	19
7506	1	12	4
7507	6	9	4
7508	5	1	20
7509	11	10	2
7510	4	0	7
7511	17	10	18
7512	17	9	12
7513	1	12	18
7514	7	9	16
7515	2	18	5
7516	0	9	19
7517	16	7	1
7518	16	3	14
7519	1	16	17
7520	14	7	2
7521	10	19	12
7522	15	9	13
7523	14	16	9
7524	12	5	1
7525	0	15	11
7526	12	16	20
7527	6	12	7
7528	3	8	13
7529	7	16	10
7530	19	0	13
7531	17	0	7
7532	8	18	9
7533	18	13	4
7534	11	17	10
7535	2	12	13
7536	9	13	0
7537	10	2	11
7538	20	0	3
7539	5	19	18
7540	5	4	12
7541	13	1	3
7542	6	3	7
7543	17	9	2
7544	9	15	20
7545	2	15	9
7546	20	7	8
7547	0	20	3
7548	4	1	9
7549	9	14	16
7550	14	12	9
7551	7	15	10
7552	16	13	9
7553	13	7	14
7554	6	5	18
7555	1	17	13
7556	20	14	8
7557	9	13	4
7558	20	5	2
7559	8	13	11
7560	18	3	9
7561	8	5	14
7562	17	3	12
7563	13	19	17
7564	7	11	2
7565	7	20	15
7566	0	7	19
7567	4	8	16
7568	17	3	20
7569	5	1	16
7570	9	16	4
7571	14	20	17
7572	5	13	20
7573	6	1	18
7574	12	3	8
7575	6	5	10
7576	10	8	1
7577	4	5	7
7578	15	16	11
7579	2	4	10
7580	9	3	10
7581	11	1	0
7582	0	19	5
7583	5	11	2
7584	11	14	7
7585	14	7	16
7586	11	17	0
7587	0	9	14
7588	0	9	16
7589	3	14	11
7590	7	18	11
7591	13	4	12
7592	11	3	10
7593	17	20	3
7594	10	0	11
7595	9	8	17
7596	19	14	18
7597	15	6	13
7598	12	19	15
7599	11	18	20
7600	2	15	11
7601	0	15	13
7602	18	0	20
7603	11	5	9
7604	4	18	20
7605	9	8	19
7606	7	5	20
7607	0	10	12
7608	6	12	19
7609	16	11	2
7610	7	10	9
7611	8	9	13
7612	11	5	10
7613	2	8	1
7614	2	18	3
7615	7	12	1
7616	16	8	0
7617	18	0	11
7618	12	6	13
7619	12	20	13
7620	8	9	20
7621	1	11	3
7622	10	0	8
7623	2	0	20
7624	7	17	8
7625	19	7	4
7626	10	13	8
7627	16	10	5
7628	13	3	9
7629	12	5	14
7630	6	0	3
7631	19	14	3
7632	5	9	18
7633	19	5	10
7634	16	13	19
7635	16	1	15
7636	6	12	14
7637	9	10	13
7638	1	14	9
7639	13	17	12
7640	5	16	10
7641	6	7	1
7642	5	15	1
7643	14	15	20
7644	0	3	14
7645	4	0	8
7646	6	1	3
7647	12	17	16
7648	1	13	4
7649	11	9	8
7650	1	16	5
7651	8	2	16
7652	15	1	11
7653	3	1	4
7654	3	2	17
7655	12	10	9
7656	1	20	13
7657	17	14	12
7658	6	8	4
7659	9	7	17
7660	0	5	15
7661	7	20	19
7662	9	18	14
7663	19	6	16
7664	17	16	20
7665	9	11	16
7666	14	15	19
7667	7	10	19
7668	10	6	3
7669	2	3	10
7670	10	18	9
7671	19	14	18
7672	15	5	1
7673	20	6	16
7674	11	13	5
7675	7	14	6
7676	14	1	15
7677	20	4	13
7678	8	13	3
7679	0	17	6
7680	20	10	2
7681	12	5	3
7682	17	15	9
7683	17	8	10
7684	19	4	14
7685	12	4	5
7686	13	1	20
7687	5	10	0
7688	7	2	6
7689	14	18	8
7690	4	15	1
7691	5	9	10
7692	11	13	17
7693	5	6	14
7694	12	16	13
7695	18	3	17
7696	11	16	8
7697	4	17	7
7698	15	5	0
7699	6	16	20
7700	20	14	19
7701	3	20	19
7702	12	4	17
7703	0	14	12
7704	17	5	0
7705	0	15	11
7706	13	7	9
7707	11	2	18
7708	8	20	2
7709	0	5	4
7710	16	20	18
7711	12	19	10
7712	6	16	15
7713	7	13	6
7714	6	2	0
7715	3	4	15
7716	15	6	4
7717	6	4	16
7718	11	15	20
7719	15	13	2
7720	14	19	9
7721	10	1	15
7722	4	12	6
7723	13	14	9
7724	15	19	11
7725	20	14	18
7726	19	3	8
7727	10	20	6
7728	10	16	3
7729	0	10	2
7730	13	2	3
7731	6	13	12
7732	6	18	14
7733	10	7	0
7734	3	17	15
7735	10	6	14
7736	18	12	9
7737	14	15	16
7738	11	5	6
7739	16	9	5
7740	10	16	7
7741	20	18	7
7742	17	16	8
7743	0	9	17
7744	9	0	3
7745	6	0	18
7746	5	17	12
7747	0	8	13
7748	8	16	19
7749	7	20	19
7750	0	16	13
7751	9	8	16
7752	12	13	1
7753	9	20	14
7754	10	19	12
7755	4	5	11
7756	11	19	13
7757	15	11	18
7758	11	19	4
7759	8	15	1
7760	4	16	13
7761	18	13	15
7762	6	11	5
7763	17	14	4
7764	14	4	6
7765	13	7	18
7766	4	15	13
7767	9	15	1
7768	0	11	14
7769	12	18	2
7770	1	5	6
7771	11	14	3
7772	7	1	8
7773	1	9	4
7774	15	14	5
7775	17	20	9
7776	3	13	2
7777	12	18	17
7778	9	4	7
7779	18	6	15
7780	0	3	18
7781	7	8	11
7782	18	11	14
7783	0	14	10
7784	3	9	1
7785	11	15	13
7786	9	2	18
7787	9	2	4
7788	1	13	18
7789	20	2	6
7790	0	7	5
7791	1	0	6
7792	17	2	15
7793	9	19	15
7794	1	10	16
7795	7	15	17
7796	9	17	20
7797	12	17	2
7798	3	10	1
7799	2	3	19
7800	3	2	7
7801	12	5	3
7802	11	10	12
7803	20	15	5
7804	20	1	13
7805	3	16	19
7806	7	4	15
7807	20	15	13
7808	15	1	6
7809	20	12	9
7810	7	9	6
7811	9	11	4
7812	11	8	19
7813	15	10	19
7814	8	9	14
7815	7	4	9
7816	11	10	7
7817	18	3	4
7818	18	6	4
7819	12	1	4
7820	17	12	18
7821	12	15	17
7822	16	9	17
7823	1	6	19
7824	4	2	7
7825	7	12	3
7826	2	12	7
7827	3	19	2
7828	8	1	6
7829	8	12	15
7830	6	8	5
7831	11	6	15
7832	19	7	0
7833	7	15	8
7834	1	18	4
7835	3	10	7
7836	6	5	7
7837	8	12	14
7838	18	0	16
7839	13	15	6
7840	18	5	4
7841	9	11	7
7842	16	17	6
7843	6	7	19
7844	5	7	18
7845	11	13	19
7846	8	4	6
7847	12	18	16
7848	14	19	10
7849	4	8	13
7850	15	14	7
7851	5	7	0
7852	14	10	4
7853	15	0	14
7854	9	16	4
7855	1	16	4
7856	12	2	10
7857	2	19	16
7858	19	7	15
7859	14	4	17
7860	15	18	14
7861	0	16	18
7862	14	11	20
7863	14	1	6
7864	9	11	10
7865	19	8	1
7866	2	5	10
7867	1	20	15
7868	0	11	2
7869	11	2	10
7870	14	15	17
7871	11	1	15
7872	11	5	14
7873	19	5	10
7874	11	5	7
7875	9	2	15
7876	9	15	19
7877	9	1	2
7878	5	14	18
7879	0	18	3
7880	4	9	7
7881	20	13	8
7882	16	9	13
7883	2	16	20
7884	19	12	3
7885	4	12	13
7886	5	15	8
7887	19	0	2
7888	11	1	0
7889	8	19	6
7890	1	20	12
7891	5	13	8
7892	12	10	20
7893	19	5	2
7894	7	18	4
7895	1	19	3
7896	10	2	11
7897	11	8	5
7898	5	16	4
7899	16	9	14
7900	20	8	7
7901	17	2	14
7902	11	8	12
7903	17	18	9
7904	10	12	17
7905	3	9	16
7906	15	14	20
7907	13	2	20
7908	20	2	13
7909	12	2	7
7910	7	0	11
7911	1	20	10
7912	9	17	4
7913	9	8	19
7914	14	20	19
7915	15	10	19
7916	4	20	1
7917	7	10	17
7918	20	14	18
7919	3	7	9
7920	17	14	3
7921	7	10	0
7922	5	2	17
7923	18	6	14
7924	17	15	3
7925	15	5	10
7926	15	3	11
7927	15	17	10
7928	4	8	19
7929	8	10	14
7930	8	6	13
7931	9	5	19
7932	12	20	5
7933	15	8	2
7934	5	7	14
7935	9	19	18
7936	4	1	14
7937	18	13	1
7938	6	2	20
7939	4	2	11
7940	9	14	20
7941	0	20	11
7942	16	2	9
7943	4	13	0
7944	18	15	16
7945	12	19	8
7946	6	9	4
7947	6	13	9
7948	11	18	6
7949	0	6	19
7950	16	6	20
7951	17	3	18
7952	20	1	12
7953	17	16	9
7954	3	1	17
7955	20	12	19
7956	4	12	17
7957	7	4	2
7958	2	1	5
7959	18	1	10
7960	6	10	9
7961	20	10	9
7962	6	19	5
7963	13	3	18
7964	10	11	5
7965	12	3	2
7966	8	17	11
7967	16	4	8
7968	1	17	13
7969	6	11	20
7970	1	3	7
7971	7	19	4
7972	9	6	19
7973	9	19	2
7974	18	1	19
7975	3	20	13
7976	16	7	18
7977	15	12	16
7978	1	6	14
7979	12	4	10
7980	9	1	0
7981	6	2	18
7982	8	0	11
7983	5	13	7
7984	9	19	8
7985	17	12	6
7986	12	11	9
7987	10	9	12
7988	4	13	15
7989	12	14	2
7990	0	20	13
7991	19	20	10
7992	19	1	13
7993	9	0	17
7994	6	15	8
7995	19	20	10
7996	3	9	4
7997	2	14	3
7998	5	2	6
7999	20	17	7
8000	8	7	5
8001	5	2	9
8002	17	2	14
8003	11	13	2
8004	5	10	20
8005	0	6	13
8006	0	14	12
8007	18	14	7
8008	3	1	7
8009	3	13	9
8010	11	18	13
8011	18	17	0
8012	7	5	4
8013	16	10	19
8014	3	13	2
8015	14	10	0
8016	20	12	3
8017	16	2	11
8018	20	18	17
8019	3	20	15
8020	9	17	10
8021	6	20	10
8022	8	9	20
8023	5	16	15
8024	15	12	11
8025	8	20	15
8026	15	20	8
8027	11	20	14
8028	0	1	13
8029	5	9	20
8030	9	8	4
8031	20	4	10
8032	13	17	5
8033	10	14	12
8034	4	5	1
8035	10	12	4
8036	14	3	16
8037	2	16	17
8038	9	10	18
8039	5	9	10
8040	11	7	14
8041	20	2	14
8042	16	12	8
8043	0	18	20
8044	15	9	10
8045	2	15	5
8046	4	2	1
8047	1	3	14
8048	20	10	13
8049	12	4	0
8050	3	8	19
8051	17	18	5
8052	17	3	12
8053	11	10	14
8054	10	7	6
8055	3	14	20
8056	15	17	20
8057	11	7	2
8058	14	10	20
8059	12	5	1
8060	14	17	1
8061	18	6	10
8062	7	11	17
8063	12	3	14
8064	17	19	9
8065	10	13	8
8066	2	11	10
8067	15	12	6
8068	14	8	10
8069	0	10	5
8070	15	16	6
8071	15	13	9
8072	3	18	20
8073	18	2	8
8074	2	11	16
8075	7	6	10
8076	17	8	20
8077	10	15	2
8078	16	15	7
8079	11	20	16
8080	9	8	16
8081	19	6	7
8082	14	9	18
8083	7	12	15
8084	4	16	0
8085	14	13	8
8086	0	13	2
8087	18	6	15
8088	8	14	0
8089	7	8	20
8090	1	19	12
8091	19	6	0
8092	6	20	13
8093	18	3	12
8094	5	7	0
8095	15	9	19
8096	1	2	20
8097	4	13	12
8098	13	18	3
8099	9	0	5
8100	11	3	18
8101	6	10	18
8102	8	5	14
8103	11	19	10
8104	14	13	2
8105	7	15	3
8106	14	20	12
8107	16	7	9
8108	11	10	7
8109	14	17	15
8110	13	8	4
8111	7	12	19
8112	7	16	5
8113	10	14	1
8114	10	13	4
8115	19	9	3
8116	7	13	20
8117	18	12	2
8118	6	8	1
8119	11	12	1
8120	9	20	15
8121	16	15	19
8122	16	6	17
8123	4	1	5
8124	11	16	2
8125	15	2	6
8126	5	13	11
8127	8	5	1
8128	17	3	6
8129	15	16	3
8130	6	16	11
8131	5	6	12
8132	20	16	19
8133	11	10	20
8134	11	19	20
8135	13	15	0
8136	13	2	19
8137	5	8	15
8138	13	20	17
8139	5	9	16
8140	3	5	0
8141	16	1	15
8142	20	9	6
8143	15	3	14
8144	4	7	3
8145	0	13	15
8146	7	0	4
8147	19	2	16
8148	6	1	4
8149	19	15	4
8150	5	0	3
8151	9	6	0
8152	17	10	9
8153	11	4	18
8154	5	1	0
8155	10	16	15
8156	2	18	20
8157	2	5	7
8158	11	2	20
8159	14	7	2
8160	1	10	14
8161	14	16	9
8162	13	10	20
8163	12	2	4
8164	1	20	19
8165	20	12	1
8166	19	0	1
8167	15	13	1
8168	6	19	2
8169	1	3	7
8170	5	2	9
8171	18	11	9
8172	6	20	13
8173	3	14	5
8174	14	17	5
8175	17	16	10
8176	7	5	0
8177	14	6	20
8178	2	19	13
8179	20	2	17
8180	20	5	1
8181	4	1	16
8182	4	20	5
8183	14	12	11
8184	14	7	12
8185	11	1	3
8186	1	10	3
8187	2	5	4
8188	0	17	1
8189	16	9	10
8190	2	6	0
8191	7	2	14
8192	19	2	7
8193	8	1	9
8194	3	1	9
8195	1	15	17
8196	13	7	14
8197	19	17	4
8198	7	20	6
8199	0	20	1
8200	6	9	10
8201	5	9	11
8202	19	3	17
8203	12	7	9
8204	10	1	16
8205	12	20	15
8206	1	11	15
8207	0	16	5
8208	7	2	18
8209	1	14	15
8210	10	4	7
8211	20	16	9
8212	2	14	16
8213	16	19	9
8214	18	3	13
8215	6	13	9
8216	0	1	18
8217	19	1	9
8218	18	5	13
8219	17	11	9
8220	18	9	17
8221	18	11	10
8222	17	2	4
8223	18	6	15
8224	20	15	12
8225	17	2	3
8226	4	6	11
8227	0	19	14
8228	16	10	20
8229	16	5	20
8230	11	1	18
8231	8	15	2
8232	3	8	15
8233	17	16	3
8234	16	2	19
8235	1	6	8
8236	19	3	7
8237	17	16	13
8238	11	12	2
8239	0	3	15
8240	2	9	20
8241	9	1	18
8242	7	5	17
8243	10	9	20
8244	13	8	2
8245	8	5	9
8246	12	18	6
8247	13	6	12
8248	0	20	18
8249	12	20	13
8250	7	18	13
8251	20	13	12
8252	12	17	11
8253	17	5	0
8254	11	3	15
8255	4	9	17
8256	2	14	19
8257	2	13	7
8258	15	8	6
8259	11	1	18
8260	16	18	20
8261	0	2	15
8262	0	9	1
8263	14	20	10
8264	8	4	11
8265	5	20	0
8266	8	0	19
8267	19	10	0
8268	2	17	6
8269	15	12	4
8270	8	13	6
8271	1	10	5
8272	18	15	19
8273	14	6	13
8274	13	19	5
8275	19	3	20
8276	13	14	3
8277	10	2	18
8278	20	0	8
8279	9	10	0
8280	9	6	8
8281	17	12	1
8282	6	16	3
8283	10	1	18
8284	19	18	14
8285	1	18	15
8286	11	10	13
8287	11	9	6
8288	12	14	8
8289	7	5	16
8290	3	13	0
8291	15	1	5
8292	18	6	19
8293	0	15	9
8294	8	3	13
8295	1	18	6
8296	12	18	17
8297	1	2	0
8298	17	18	16
8299	13	3	0
8300	18	15	11
8301	12	19	3
8302	14	7	6
8303	18	8	2
8304	0	9	16
8305	18	9	17
8306	14	1	6
8307	17	6	3
8308	7	6	10
8309	0	11	12
8310	11	5	18
8311	16	2	19
8312	18	7	5
8313	8	14	4
8314	2	14	12
8315	20	3	12
8316	7	11	19
8317	4	13	18
8318	16	13	11
8319	11	12	16
8320	8	16	19
8321	20	1	16
8322	8	16	19
8323	4	0	17
8324	16	11	10
8325	7	9	19
8326	13	5	14
8327	5	17	11
8328	5	18	12
8329	5	20	2
8330	19	8	10
8331	15	4	6
8332	0	11	7
8333	3	1	20
8334	1	4	15
8335	20	1	18
8336	8	19	9
8337	12	18	3
8338	10	8	5
8339	6	13	15
8340	13	14	8
8341	19	9	6
8342	10	8	2
8343	9	12	0
8344	12	4	10
8345	4	12	17
8346	13	18	4
8347	8	0	3
8348	7	20	16
8349	2	5	16
8350	9	8	2
8351	17	5	6
8352	2	19	8
8353	5	15	19
8354	3	15	16
8355	12	14	10
8356	10	7	19
8357	10	7	20
8358	14	7	1
8359	6	2	7
8360	15	13	14
8361	13	18	0
8362	16	10	8
8363	6	12	13
8364	4	15	9
8365	6	16	3
8366	5	7	8
8367	13	8	14
8368	19	4	10
8369	8	13	5
8370	1	17	7
8371	10	3	11
8372	11	9	15
8373	12	0	9
8374	0	12	5
8375	11	19	5
8376	1	0	4
8377	12	18	16
8378	19	17	8
8379	17	10	7
8380	13	1	7
8381	14	4	10
8382	20	4	0
8383	7	13	17
8384	8	17	15
8385	17	14	5
8386	7	11	19
8387	14	5	20
8388	4	18	15
8389	10	5	3
8390	18	16	2
8391	12	19	8
8392	3	19	16
8393	7	5	12
8394	19	17	18
8395	18	13	0
8396	7	10	8
8397	13	2	12
8398	15	16	8
8399	8	11	5
8400	4	2	17
8401	18	5	20
8402	19	3	20
8403	19	17	10
8404	0	17	13
8405	4	14	11
8406	14	16	9
8407	8	4	14
8408	3	2	6
8409	19	17	18
8410	1	12	5
8411	8	11	4
8412	9	15	1
8413	12	0	18
8414	4	18	2
8415	2	11	14
8416	2	0	15
8417	19	6	5
8418	11	18	5
8419	12	0	6
8420	18	2	19
8421	17	15	6
8422	14	4	19
8423	15	13	11
8424	5	13	2
8425	20	6	8
8426	16	10	1
8427	16	8	18
8428	20	13	6
8429	20	13	3
8430	3	12	2
8431	4	9	14
8432	14	12	20
8433	14	1	15
8434	20	19	2
8435	18	15	5
8436	5	20	10
8437	16	7	17
8438	1	8	2
8439	1	2	0
8440	17	20	13
8441	16	7	0
8442	2	18	6
8443	7	17	12
8444	9	4	5
8445	8	18	14
8446	20	13	7
8447	1	9	0
8448	2	17	1
8449	10	11	0
8450	20	17	10
8451	17	20	2
8452	9	11	6
8453	5	2	13
8454	3	1	10
8455	16	15	3
8456	3	1	0
8457	2	14	19
8458	12	10	4
8459	4	14	6
8460	13	2	16
8461	9	20	11
8462	3	19	20
8463	3	18	9
8464	12	19	3
8465	18	5	9
8466	9	20	5
8467	9	19	15
8468	8	4	20
8469	8	16	7
8470	15	10	7
8471	19	11	15
8472	9	5	1
8473	17	9	13
8474	19	0	20
8475	13	3	6
8476	5	11	8
8477	16	17	2
8478	16	6	8
8479	11	1	0
8480	10	5	15
8481	16	20	4
8482	19	7	11
8483	11	14	17
8484	0	8	16
8485	9	19	14
8486	13	3	11
8487	5	4	10
8488	3	2	16
8489	12	20	11
8490	3	10	13
8491	6	1	7
8492	20	8	9
8493	9	18	15
8494	5	18	17
8495	0	18	2
8496	16	17	18
8497	9	5	19
8498	6	1	17
8499	13	2	9
8500	10	6	5
8501	11	20	4
8502	3	5	16
8503	5	15	11
8504	0	18	9
8505	3	15	1
8506	19	18	13
8507	19	20	15
8508	8	1	17
8509	3	17	6
8510	5	4	19
8511	1	3	2
8512	19	17	10
8513	6	8	9
8514	1	12	4
8515	10	5	18
8516	9	7	12
8517	11	10	9
8518	2	19	16
8519	12	13	8
8520	6	15	2
8521	3	14	6
8522	18	14	12
8523	20	18	13
8524	2	4	7
8525	1	20	19
8526	12	5	4
8527	0	13	18
8528	15	3	8
8529	8	0	2
8530	14	17	1
8531	4	18	13
8532	9	11	18
8533	15	11	19
8534	9	19	2
8535	1	15	10
8536	14	9	11
8537	3	4	15
8538	0	14	4
8539	20	10	11
8540	19	20	0
8541	18	9	4
8542	0	5	7
8543	19	11	15
8544	8	5	2
8545	18	8	11
8546	11	8	5
8547	0	6	8
8548	2	16	0
8549	18	2	19
8550	18	13	16
8551	17	13	8
8552	3	19	15
8553	4	19	5
8554	11	19	13
8555	16	10	20
8556	7	8	18
8557	3	13	17
8558	14	10	13
8559	12	14	9
8560	3	1	5
8561	0	4	19
8562	6	3	18
8563	4	13	14
8564	4	2	1
8565	0	16	3
8566	13	5	16
8567	5	10	12
8568	11	12	17
8569	5	12	19
8570	12	9	0
8571	11	20	16
8572	14	19	13
8573	7	3	2
8574	15	19	16
8575	17	3	16
8576	4	13	15
8577	8	5	2
8578	6	20	7
8579	9	17	16
8580	5	11	20
8581	10	13	9
8582	7	15	6
8583	12	19	2
8584	13	3	8
8585	11	3	16
8586	1	7	10
8587	9	20	1
8588	4	9	12
8589	2	1	20
8590	18	11	7
8591	3	4	6
8592	8	15	14
8593	0	17	7
8594	13	20	10
8595	20	6	0
8596	4	20	17
8597	19	17	5
8598	13	17	11
8599	6	19	1
8600	4	9	18
8601	9	0	14
8602	11	18	20
8603	14	0	3
8604	17	12	10
8605	13	9	15
8606	6	18	3
8607	12	13	14
8608	20	7	11
8609	11	2	0
8610	19	6	20
8611	13	9	0
8612	13	9	17
8613	5	7	19
8614	13	16	15
8615	0	6	14
8616	19	9	1
8617	12	6	19
8618	8	15	4
8619	13	1	2
8620	16	12	11
8621	0	2	8
8622	1	2	18
8623	4	16	5
8624	3	13	14
8625	11	17	4
8626	3	16	20
8627	9	7	10
8628	7	4	15
8629	18	13	2
8630	5	1	8
8631	20	18	0
8632	19	13	20
8633	18	20	13
8634	15	17	10
8635	17	10	5
8636	4	16	12
8637	5	20	17
8638	17	5	4
8639	7	8	1
8640	18	19	2
8641	10	9	2
8642	11	15	16
8643	7	9	2
8644	6	20	14
8645	18	8	15
8646	14	15	9
8647	17	3	12
8648	3	6	2
8649	1	10	9
8650	20	6	16
8651	5	6	12
8652	11	20	6
8653	7	14	2
8654	18	13	7
8655	19	7	11
8656	16	0	9
8657	3	16	19
8658	16	10	19
8659	12	17	14
8660	8	10	9
8661	11	20	7
8662	11	0	9
8663	1	17	9
8664	3	5	1
8665	18	6	0
8666	15	17	10
8667	16	20	7
8668	5	14	8
8669	16	4	11
8670	13	0	4
8671	3	11	2
8672	1	0	7
8673	15	2	6
8674	8	14	9
8675	0	10	19
8676	1	5	10
8677	0	6	16
8678	19	13	14
8679	10	6	11
8680	9	2	4
8681	17	16	11
8682	7	3	6
8683	1	13	7
8684	5	0	17
8685	6	1	9
8686	3	7	13
8687	2	4	0
8688	0	20	12
8689	19	3	4
8690	3	17	18
8691	13	3	4
8692	9	10	13
8693	5	20	12
8694	8	15	3
8695	1	5	2
8696	19	10	15
8697	5	15	18
8698	6	13	2
8699	2	1	13
8700	5	19	9
8701	11	18	10
8702	5	6	14
8703	14	18	7
8704	19	5	16
8705	0	4	14
8706	16	7	11
8707	13	18	3
8708	17	2	18
8709	11	15	19
8710	6	15	13
8711	14	6	19
8712	18	4	17
8713	1	2	15
8714	14	18	2
8715	4	13	1
8716	4	17	9
8717	10	12	3
8718	1	14	8
8719	7	2	5
8720	8	2	16
8721	18	10	8
8722	14	5	10
8723	1	13	17
8724	13	1	17
8725	8	16	19
8726	8	19	16
8727	5	4	12
8728	2	0	15
8729	7	9	19
8730	1	10	0
8731	10	4	1
8732	10	11	14
8733	11	12	9
8734	12	17	11
8735	6	1	2
8736	0	1	7
8737	3	2	14
8738	1	17	10
8739	8	9	0
8740	7	4	13
8741	12	13	11
8742	19	14	17
8743	12	9	14
8744	12	4	14
8745	20	5	7
8746	18	11	3
8747	4	6	1
8748	17	5	15
8749	18	7	19
8750	4	20	10
8751	9	7	5
8752	8	7	11
8753	19	9	4
8754	16	10	6
8755	4	15	17
8756	20	5	4
8757	5	0	15
8758	18	6	17
8759	1	6	14
8760	12	8	20
8761	3	11	18
8762	7	10	20
8763	15	0	18
8764	13	10	16
8765	5	11	4
8766	11	18	0
8767	13	5	8
8768	2	13	10
8769	11	13	17
8770	18	20	9
8771	2	19	7
8772	2	18	13
8773	0	15	14
8774	2	5	16
8775	9	15	1
8776	0	17	11
8777	6	5	8
8778	20	14	10
8779	11	17	4
8780	19	18	6
8781	20	14	1
8782	2	3	16
8783	12	4	9
8784	1	15	13
8785	3	2	4
8786	8	11	6
8787	3	11	8
8788	0	7	5
8789	18	9	15
8790	18	20	16
8791	1	8	3
8792	12	13	16
8793	17	18	2
8794	18	20	3
8795	17	3	7
8796	8	15	5
8797	5	3	4
8798	12	13	19
8799	3	17	15
8800	11	12	10
8801	9	0	12
8802	13	1	20
8803	20	7	19
8804	7	17	20
8805	19	3	9
8806	1	10	12
8807	9	16	18
8808	11	6	8
8809	6	19	17
8810	15	5	9
8811	3	18	4
8812	17	3	5
8813	0	17	13
8814	12	20	17
8815	19	11	16
8816	11	15	7
8817	6	3	5
8818	10	16	15
8819	1	13	6
8820	12	10	19
8821	8	1	13
8822	5	16	12
8823	0	13	3
8824	2	20	10
8825	2	3	18
8826	18	11	20
8827	19	3	17
8828	16	13	11
8829	17	6	18
8830	11	7	0
8831	10	0	14
8832	6	20	19
8833	2	4	1
8834	20	17	1
8835	5	18	17
8836	2	1	0
8837	16	4	2
8838	5	20	19
8839	16	11	2
8840	11	2	7
8841	13	10	2
8842	13	0	8
8843	15	10	14
8844	4	20	5
8845	10	2	0
8846	5	0	13
8847	11	17	2
8848	8	10	16
8849	17	19	18
8850	18	14	17
8851	1	7	4
8852	14	10	18
8853	9	17	3
8854	0	19	10
8855	2	11	10
8856	14	1	6
8857	2	15	4
8858	5	14	19
8859	9	7	1
8860	15	9	8
8861	8	1	19
8862	17	10	16
8863	12	8	16
8864	6	8	16
8865	16	4	15
8866	0	5	14
8867	12	15	13
8868	10	16	7
8869	14	16	15
8870	0	3	8
8871	15	6	16
8872	13	2	18
8873	3	8	7
8874	8	14	13
8875	14	8	7
8876	11	7	8
8877	10	1	15
8878	7	4	20
8879	4	16	20
8880	14	20	5
8881	8	0	4
8882	6	12	18
8883	2	6	16
8884	11	20	0
8885	5	20	16
8886	3	10	9
8887	2	14	7
8888	8	14	4
8889	15	10	17
8890	4	8	20
8891	15	17	11
8892	9	19	15
8893	15	16	6
8894	1	17	8
8895	7	11	17
8896	2	15	3
8897	20	8	3
8898	18	3	2
8899	15	9	18
8900	7	18	15
8901	4	12	6
8902	4	7	12
8903	11	6	14
8904	16	12	17
8905	9	7	19
8906	8	4	17
8907	1	6	18
8908	10	14	9
8909	2	5	0
8910	11	15	13
8911	18	9	10
8912	18	0	13
8913	8	10	3
8914	19	2	11
8915	1	2	17
8916	10	3	6
8917	4	5	20
8918	17	6	2
8919	5	3	12
8920	7	20	6
8921	0	20	2
8922	18	5	12
8923	5	8	14
8924	12	8	18
8925	7	3	9
8926	3	9	20
8927	5	6	0
8928	0	17	15
8929	19	17	0
8930	4	16	1
8931	17	18	10
8932	9	5	6
8933	2	4	5
8934	6	19	13
8935	20	3	6
8936	3	1	4
8937	6	15	18
8938	7	10	1
8939	18	4	7
8940	7	18	5
8941	0	13	17
8942	9	19	17
8943	20	16	1
8944	4	8	12
8945	2	5	7
8946	20	11	0
8947	0	8	14
8948	4	14	10
8949	11	18	0
8950	8	10	17
8951	14	18	13
8952	2	7	8
8953	20	13	8
8954	3	11	17
8955	14	13	20
8956	1	9	12
8957	7	9	10
8958	8	2	9
8959	7	9	3
8960	3	5	11
8961	17	7	20
8962	20	3	4
8963	4	19	10
8964	1	15	13
8965	14	12	7
8966	6	4	10
8967	6	10	7
8968	6	4	16
8969	20	2	8
8970	20	18	2
8971	5	20	8
8972	1	11	0
8973	2	12	18
8974	15	12	7
8975	5	18	13
8976	14	9	19
8977	16	15	1
8978	18	0	20
8979	17	18	5
8980	12	20	3
8981	6	4	3
8982	15	18	20
8983	16	18	11
8984	19	17	11
8985	7	14	0
8986	6	7	10
8987	10	13	14
8988	15	20	4
8989	7	4	2
8990	20	14	1
8991	12	20	15
8992	8	16	15
8993	10	5	9
8994	7	6	19
8995	2	1	13
8996	15	13	16
8997	7	19	11
8998	5	15	19
8999	15	9	17
9000	15	13	2
9001	19	5	16
9002	4	1	7
9003	0	17	2
9004	9	7	13
9005	5	9	7
9006	12	17	15
9007	15	14	7
9008	14	18	6
9009	2	3	5
9010	4	10	1
9011	2	20	7
9012	3	7	4
9013	8	6	15
9014	12	1	0
9015	6	0	3
9016	11	16	12
9017	17	9	10
9018	13	8	14
9019	11	5	8
9020	14	9	13
9021	11	8	6
9022	16	7	11
9023	5	7	15
9024	15	14	12
9025	4	3	0
9026	1	11	18
9027	16	12	2
9028	9	17	10
9029	10	11	4
9030	7	1	10
9031	9	17	19
9032	18	0	14
9033	1	7	4
9034	20	2	3
9035	0	13	20
9036	1	10	8
9037	19	8	0
9038	1	10	13
9039	7	19	4
9040	1	14	8
9041	11	7	6
9042	12	7	8
9043	9	3	13
9044	3	6	11
9045	10	9	1
9046	12	9	10
9047	20	4	13
9048	0	12	17
9049	14	4	19
9050	16	11	2
9051	3	13	5
9052	18	9	5
9053	20	5	9
9054	5	20	9
9055	19	20	9
9056	0	4	14
9057	10	13	9
9058	4	14	20
9059	3	0	20
9060	5	20	17
9061	10	14	2
9062	0	2	12
9063	9	2	3
9064	9	20	1
9065	13	17	4
9066	4	5	13
9067	1	5	12
9068	14	18	19
9069	9	4	10
9070	7	4	1
9071	3	17	2
9072	1	4	13
9073	3	7	15
9074	8	13	6
9075	2	18	4
9076	5	19	17
9077	11	1	2
9078	9	0	4
9079	12	1	14
9080	7	14	17
9081	13	6	11
9082	14	5	10
9083	0	17	8
9084	14	3	4
9085	13	8	18
9086	15	2	14
9087	5	0	19
9088	6	12	14
9089	20	17	7
9090	1	4	12
9091	5	7	13
9092	0	8	10
9093	20	14	15
9094	2	19	1
9095	15	7	9
9096	5	16	20
9097	10	11	2
9098	9	3	4
9099	9	14	12
9100	17	1	13
9101	1	19	14
9102	0	13	14
9103	11	2	1
9104	7	17	8
9105	17	12	18
9106	14	16	10
9107	20	18	9
9108	5	20	8
9109	18	10	3
9110	11	2	18
9111	10	11	6
9112	12	16	7
9113	10	18	9
9114	15	8	13
9115	7	16	2
9116	13	3	14
9117	16	6	2
9118	10	6	7
9119	13	19	16
9120	18	16	1
9121	19	3	7
9122	20	2	3
9123	7	6	9
9124	10	14	8
9125	15	3	8
9126	18	14	3
9127	7	6	12
9128	13	6	5
9129	2	12	17
9130	6	2	0
9131	5	3	13
9132	8	13	17
9133	14	9	20
9134	17	12	9
9135	8	7	0
9136	20	10	13
9137	17	6	14
9138	5	12	0
9139	13	7	2
9140	10	4	20
9141	2	7	6
9142	19	18	3
9143	8	15	3
9144	5	7	15
9145	6	4	1
9146	18	4	3
9147	16	10	7
9148	11	7	18
9149	14	3	5
9150	6	9	2
9151	15	0	17
9152	8	1	14
9153	2	11	6
9154	16	2	12
9155	15	16	2
9156	7	4	17
9157	9	2	13
9158	7	11	2
9159	19	15	9
9160	19	5	14
9161	15	10	1
9162	13	9	6
9163	3	13	1
9164	7	12	18
9165	18	2	16
9166	4	8	9
9167	20	17	7
9168	6	15	16
9169	12	17	4
9170	14	8	0
9171	6	13	12
9172	15	16	6
9173	7	2	1
9174	6	10	18
9175	5	2	0
9176	10	12	5
9177	13	14	17
9178	9	1	0
9179	14	20	12
9180	7	14	16
9181	10	6	18
9182	8	15	13
9183	12	16	17
9184	7	13	6
9185	17	12	11
9186	3	18	0
9187	10	2	16
9188	19	15	3
9189	1	7	6
9190	17	0	6
9191	19	20	1
9192	7	13	11
9193	8	19	1
9194	9	6	20
9195	14	8	18
9196	14	1	10
9197	9	8	16
9198	16	0	19
9199	16	6	7
9200	6	11	16
9201	7	15	4
9202	20	5	10
9203	12	20	11
9204	11	15	8
9205	16	7	10
9206	19	3	17
9207	12	16	2
9208	18	0	3
9209	1	2	12
9210	6	4	18
9211	1	3	17
9212	19	9	6
9213	13	17	14
9214	10	0	5
9215	3	19	15
9216	5	1	19
9217	15	18	4
9218	5	8	14
9219	0	16	7
9220	6	10	16
9221	4	3	18
9222	19	13	2
9223	13	2	5
9224	9	12	13
9225	16	20	17
9226	18	16	8
9227	1	19	15
9228	7	1	11
9229	17	4	15
9230	1	12	11
9231	14	20	3
9232	3	16	8
9233	6	3	9
9234	8	3	20
9235	7	11	16
9236	9	11	7
9237	2	16	17
9238	2	9	12
9239	13	7	3
9240	9	8	17
9241	3	5	19
9242	10	7	19
9243	18	20	4
9244	16	10	20
9245	9	3	20
9246	9	19	0
9247	8	4	16
9248	10	4	5
9249	4	15	1
9250	19	14	0
9251	6	1	0
9252	0	1	13
9253	0	12	9
9254	14	16	15
9255	12	19	14
9256	14	17	6
9257	5	6	11
9258	17	10	12
9259	16	15	18
9260	10	4	0
9261	14	12	2
9262	9	19	16
9263	16	13	7
9264	11	0	6
9265	17	4	14
9266	11	14	2
9267	3	0	9
9268	20	16	9
9269	2	9	7
9270	3	1	0
9271	10	5	17
9272	17	16	4
9273	1	19	7
9274	7	15	11
9275	9	17	3
9276	14	19	7
9277	19	17	11
9278	2	12	10
9279	3	9	4
9280	12	16	10
9281	15	1	20
9282	4	14	2
9283	5	15	10
9284	9	3	10
9285	3	0	2
9286	17	9	19
9287	19	3	6
9288	18	8	9
9289	18	17	3
9290	10	19	5
9291	10	4	6
9292	5	0	7
9293	10	20	2
9294	6	4	16
9295	8	20	15
9296	2	7	5
9297	18	20	4
9298	20	19	18
9299	17	18	7
9300	7	8	11
9301	18	1	0
9302	11	6	5
9303	20	7	18
9304	11	13	19
9305	8	13	17
9306	2	6	11
9307	9	19	8
9308	17	13	1
9309	3	17	12
9310	7	11	13
9311	5	9	1
9312	0	4	3
9313	0	20	15
9314	6	16	13
9315	12	0	5
9316	6	16	11
9317	6	8	19
9318	11	16	2
9319	19	4	12
9320	10	17	6
9321	13	5	16
9322	10	6	7
9323	1	17	6
9324	20	15	3
9325	5	19	4
9326	18	0	8
9327	7	18	3
9328	10	2	5
9329	0	15	12
9330	13	8	1
9331	12	15	7
9332	19	9	4
9333	9	15	2
9334	19	5	17
9335	11	8	10
9336	15	1	17
9337	15	12	16
9338	2	9	4
9339	10	15	18
9340	8	10	12
9341	8	20	16
9342	11	20	8
9343	19	1	0
9344	4	19	20
9345	20	11	6
9346	5	18	12
9347	15	4	20
9348	0	17	20
9349	19	3	0
9350	0	9	7
9351	3	16	7
9352	15	9	4
9353	15	10	5
9354	19	16	17
9355	14	18	19
9356	18	11	8
9357	9	18	3
9358	4	16	1
9359	20	16	17
9360	9	3	1
9361	11	15	19
9362	13	20	3
9363	11	9	4
9364	16	4	3
9365	13	19	9
9366	13	8	5
9367	2	14	11
9368	13	9	7
9369	19	11	1
9370	0	12	3
9371	17	10	9
9372	13	2	17
9373	14	12	16
9374	17	7	13
9375	20	8	12
9376	9	6	17
9377	18	13	9
9378	8	6	14
9379	5	10	14
9380	3	4	10
9381	17	2	3
9382	1	8	14
9383	17	2	4
9384	6	1	17
9385	15	8	7
9386	9	20	1
9387	19	15	5
9388	7	12	13
9389	9	19	1
9390	15	11	20
9391	1	0	17
9392	15	0	7
9393	5	7	17
9394	19	3	9
9395	9	3	6
9396	0	12	4
9397	20	17	5
9398	8	19	12
9399	16	2	20
9400	19	5	20
9401	3	9	20
9402	9	18	13
9403	19	9	13
9404	9	7	3
9405	7	2	18
9406	10	2	15
9407	2	5	0
9408	6	13	0
9409	14	1	13
9410	17	1	11
9411	16	14	9
9412	3	1	4
9413	11	17	15
9414	14	1	13
9415	17	4	0
9416	9	1	4
9417	15	10	0
9418	17	3	7
9419	15	18	13
9420	12	5	13
9421	1	4	13
9422	15	7	17
9423	4	13	17
9424	11	2	18
9425	8	10	15
9426	9	2	8
9427	9	7	17
9428	15	3	9
9429	2	6	19
9430	6	18	16
9431	6	1	17
9432	17	20	12
9433	0	4	18
9434	9	4	13
9435	1	10	9
9436	10	15	14
9437	20	14	17
9438	13	14	5
9439	9	6	20
9440	5	2	13
9441	17	11	7
9442	16	10	11
9443	1	13	18
9444	10	19	14
9445	12	17	3
9446	10	6	0
9447	11	7	0
9448	4	20	14
9449	18	11	13
9450	17	20	12
9451	12	0	14
9452	10	8	14
9453	3	19	12
9454	6	17	0
9455	5	12	4
9456	10	16	12
9457	5	12	7
9458	5	2	3
9459	2	20	10
9460	3	10	1
9461	12	7	8
9462	7	9	3
9463	5	3	7
9464	9	20	5
9465	15	12	19
9466	6	19	15
9467	11	15	3
9468	1	11	4
9469	15	16	20
9470	15	17	5
9471	16	5	9
9472	16	19	8
9473	7	18	17
9474	12	13	0
9475	19	1	11
9476	9	4	12
9477	10	1	3
9478	3	12	8
9479	13	17	18
9480	14	9	6
9481	7	11	8
9482	19	5	11
9483	12	1	3
9484	7	11	15
9485	14	16	4
9486	7	13	16
9487	16	11	6
9488	14	3	10
9489	15	1	3
9490	17	6	7
9491	18	12	1
9492	5	12	1
9493	17	1	6
9494	17	15	13
9495	13	5	14
9496	17	4	9
9497	14	3	12
9498	17	7	5
9499	19	12	13
9500	14	12	0
9501	10	19	11
9502	8	18	13
9503	10	19	16
9504	20	12	4
9505	20	15	17
9506	0	10	4
9507	9	2	8
9508	17	8	2
9509	5	12	16
9510	20	5	13
9511	11	16	3
9512	2	0	6
9513	18	20	8
9514	17	12	18
9515	7	17	9
9516	1	14	2
9517	13	20	14
9518	4	0	5
9519	4	16	11
9520	5	14	10
9521	18	16	1
9522	17	9	12
9523	1	8	16
9524	12	15	0
9525	18	1	15
9526	5	8	6
9527	12	9	5
9528	3	13	18
9529	12	20	3
9530	14	3	18
9531	12	20	15
9532	18	15	10
9533	5	13	10
9534	18	11	1
9535	10	1	6
9536	13	0	11
9537	18	17	4
9538	1	3	15
9539	4	1	20
9540	6	0	4
9541	2	0	16
9542	3	4	5
9543	12	20	16
9544	14	5	9
9545	9	10	20
9546	11	9	14
9547	7	2	15
9548	17	10	5
9549	18	12	1
9550	17	8	13
9551	15	1	17
9552	2	18	12
9553	15	20	18
9554	15	10	16
9555	18	5	10
9556	13	19	9
9557	10	4	14
9558	14	13	11
9559	13	4	10
9560	19	0	6
9561	9	8	14
9562	15	14	0
9563	17	0	10
9564	14	20	12
9565	0	17	10
9566	1	18	10
9567	2	11	6
9568	1	10	17
9569	13	10	8
9570	2	14	6
9571	18	2	9
9572	11	12	3
9573	11	1	18
9574	20	3	10
9575	10	17	12
9576	19	14	16
9577	1	12	16
9578	19	7	4
9579	20	4	9
9580	15	16	17
9581	1	17	15
9582	6	2	20
9583	19	11	9
9584	11	8	16
9585	12	5	20
9586	7	13	16
9587	20	10	5
9588	8	6	18
9589	19	2	12
9590	1	7	9
9591	5	7	20
9592	16	17	2
9593	14	9	11
9594	8	19	15
9595	8	20	13
9596	13	20	8
9597	20	3	14
9598	9	16	0
9599	17	13	1
9600	14	13	4
9601	1	10	18
9602	16	10	6
9603	12	17	10
9604	1	0	13
9605	15	9	5
9606	3	12	11
9607	14	8	15
9608	14	11	9
9609	7	18	14
9610	11	12	13
9611	1	17	12
9612	5	4	15
9613	2	19	5
9614	14	7	17
9615	11	10	8
9616	13	20	7
9617	19	17	10
9618	3	16	20
9619	16	3	1
9620	7	17	18
9621	11	2	19
9622	7	18	3
9623	11	1	16
9624	12	0	10
9625	12	2	17
9626	4	15	10
9627	2	1	3
9628	16	17	2
9629	14	2	16
9630	2	1	18
9631	0	2	7
9632	4	15	13
9633	0	15	4
9634	4	11	3
9635	11	20	9
9636	10	4	19
9637	12	9	18
9638	15	10	2
9639	6	4	17
9640	20	13	8
9641	0	14	1
9642	5	12	14
9643	11	8	20
9644	9	1	13
9645	7	5	9
9646	17	5	19
9647	1	6	2
9648	2	7	12
9649	12	8	20
9650	11	19	8
9651	9	17	8
9652	6	8	0
9653	7	5	12
9654	7	18	13
9655	8	20	7
9656	17	13	11
9657	8	14	0
9658	14	7	2
9659	20	15	10
9660	13	12	1
9661	10	9	11
9662	16	17	2
9663	15	19	10
9664	0	14	15
9665	14	10	13
9666	14	0	18
9667	6	19	17
9668	0	12	15
9669	11	19	0
9670	11	10	13
9671	11	9	14
9672	7	2	3
9673	2	3	11
9674	3	9	10
9675	11	1	5
9676	17	0	4
9677	10	7	6
9678	14	3	4
9679	1	3	7
9680	5	13	4
9681	5	9	7
9682	6	20	10
9683	10	14	9
9684	2	6	12
9685	10	16	13
9686	9	11	10
9687	15	2	1
9688	11	9	0
9689	9	3	20
9690	11	18	5
9691	5	12	16
9692	18	3	0
9693	10	5	20
9694	13	19	14
9695	12	13	8
9696	17	1	20
9697	6	18	20
9698	19	4	1
9699	6	11	12
9700	2	15	13
9701	1	19	20
9702	8	14	13
9703	13	11	6
9704	13	15	3
9705	16	4	9
9706	2	18	4
9707	7	0	11
9708	14	12	6
9709	11	20	7
9710	18	2	3
9711	2	14	16
9712	1	18	6
9713	15	10	0
9714	1	10	13
9715	12	5	7
9716	6	5	10
9717	4	13	16
9718	8	17	2
9719	20	0	3
9720	18	8	20
9721	17	13	20
9722	19	2	5
9723	15	5	1
9724	1	20	8
9725	7	9	20
9726	14	11	5
9727	5	8	14
9728	4	17	18
9729	19	17	12
9730	2	18	4
9731	19	17	8
9732	6	7	3
9733	10	11	18
9734	14	9	1
9735	1	15	8
9736	19	10	6
9737	3	17	20
9738	6	17	2
9739	1	0	16
9740	5	1	10
9741	7	14	11
9742	1	13	12
9743	11	19	8
9744	7	15	8
9745	18	13	8
9746	13	0	12
9747	9	0	14
9748	3	0	11
9749	11	7	4
9750	9	0	16
9751	19	15	4
9752	8	12	2
9753	4	18	11
9754	3	8	13
9755	20	14	11
9756	8	11	2
9757	16	9	8
9758	14	18	17
9759	5	4	15
9760	3	9	12
9761	5	14	13
9762	3	15	8
9763	3	7	10
9764	7	1	16
9765	1	15	18
9766	8	7	14
9767	9	14	15
9768	8	3	16
9769	5	0	12
9770	0	8	10
9771	20	6	4
9772	17	8	20
9773	5	0	19
9774	20	7	18
9775	1	3	11
9776	6	3	8
9777	14	17	4
9778	3	13	11
9779	2	4	18
9780	11	14	6
9781	5	4	1
9782	19	9	12
9783	7	15	12
9784	10	1	7
9785	6	7	17
9786	10	2	17
9787	9	1	15
9788	4	1	0
9789	4	8	17
9790	5	12	10
9791	3	19	6
9792	11	3	19
9793	5	7	3
9794	9	18	8
9795	0	6	8
9796	13	7	9
9797	20	7	15
9798	6	14	3
9799	9	6	16
9800	12	8	4
9801	20	7	6
9802	20	5	9
9803	9	8	15
9804	12	5	10
9805	1	17	3
9806	16	11	3
9807	9	8	19
9808	7	5	15
9809	2	16	3
9810	3	18	19
9811	19	9	6
9812	0	12	7
9813	10	13	7
9814	12	13	7
9815	1	2	10
9816	20	7	13
9817	10	16	5
9818	2	1	11
9819	0	4	10
9820	13	14	17
9821	7	18	19
9822	4	1	12
9823	4	17	13
9824	7	8	5
9825	20	7	15
9826	5	4	16
9827	18	3	7
9828	9	15	20
9829	13	4	20
9830	4	5	12
9831	2	12	7
9832	1	12	2
9833	0	10	6
9834	5	2	15
9835	9	8	7
9836	3	13	16
9837	8	1	17
9838	12	18	7
9839	12	2	8
9840	17	20	16
9841	12	17	11
9842	8	3	5
9843	13	11	12
9844	18	3	19
9845	11	17	4
9846	20	12	15
9847	2	0	7
9848	4	2	0
9849	13	6	3
9850	4	9	20
9851	11	7	0
9852	12	5	1
9853	4	7	8
9854	7	6	3
9855	1	15	19
9856	8	15	12
9857	1	14	13
9858	18	0	6
9859	13	6	16
9860	2	12	10
9861	13	7	5
9862	18	2	15
9863	12	6	8
9864	16	9	19
9865	16	19	17
9866	17	14	2
9867	19	6	7
9868	19	20	9
9869	7	1	17
9870	7	11	20
9871	5	1	20
9872	11	2	9
9873	8	9	1
9874	8	16	4
9875	6	16	14
9876	0	19	3
9877	14	9	18
9878	8	20	2
9879	15	3	19
9880	3	10	7
9881	17	20	1
9882	3	9	6
9883	3	6	20
9884	6	14	15
9885	16	14	19
9886	6	20	2
9887	12	19	10
9888	18	7	2
9889	3	10	13
9890	13	9	19
9891	18	19	12
9892	13	14	6
9893	17	9	20
9894	0	3	8
9895	19	5	2
9896	5	3	18
9897	5	8	0
9898	5	16	9
9899	16	4	1
9900	3	19	18
9901	2	1	12
9902	13	20	0
9903	19	11	9
9904	5	11	20
9905	12	4	7
9906	9	16	13
9907	15	11	1
9908	17	16	6
9909	9	13	3
9910	1	4	12
9911	13	14	10
9912	14	4	7
9913	0	13	1
9914	19	10	20
9915	19	4	20
9916	3	14	20
9917	6	13	5
9918	10	12	17
9919	13	8	4
9920	13	4	17
9921	3	19	10
9922	14	5	12
9923	14	3	8
9924	12	7	14
9925	15	6	10
9926	11	14	16
9927	6	14	12
9928	16	19	5
9929	16	9	13
9930	10	17	1
9931	3	2	4
9932	11	10	1
9933	20	18	5
9934	12	17	5
9935	13	6	7
9936	14	1	13
9937	5	15	0
9938	6	3	15
9939	19	13	18
9940	13	7	20
9941	5	0	16
9942	8	12	13
9943	7	4	6
9944	10	4	5
9945	1	18	16
9946	9	18	7
9947	9	4	16
9948	10	19	1
9949	18	19	16
9950	10	0	7
9951	14	8	17
9952	18	8	3
9953	3	1	10
9954	3	20	2
9955	3	2	10
9956	9	19	14
9957	17	16	1
9958	5	20	18
9959	9	17	13
9960	3	5	16
9961	20	8	11
9962	16	5	8
9963	6	18	19
9964	18	17	9
9965	4	10	3
9966	13	2	10
9967	13	2	0
9968	17	14	16
9969	9	13	1
9970	10	9	2
9971	12	5	20
9972	11	4	17
9973	1	3	11
9974	7	11	5
9975	17	7	19
9976	0	12	6
9977	20	3	14
9978	3	15	7
9979	18	3	2
9980	20	5	0
9981	15	14	18
9982	13	3	0
9983	2	5	10
9984	6	20	17
9985	6	18	16
9986	17	11	15
9987	12	5	13
9988	1	20	0
9989	11	2	7
9990	0	17	11
9991	2	1	13
9992	8	13	19
9993	14	17	4
9994	15	6	3
9995	2	20	11
9996	10	4	12
9997	15	1	2
9998	12	1	5
9999	15	2	11
10000	6	7	0
10001	20	11	7
10002	20	1	16
10003	12	6	5
10004	2	20	4
10005	14	2	18
10006	16	14	7
10007	10	0	14
10008	7	5	19
10009	17	14	13
10010	5	17	19
10011	5	19	17
10012	14	8	9
10013	18	0	1
10014	15	10	4
10015	1	7	19
10016	3	14	4
10017	19	0	18
10018	17	18	0
10019	15	3	0
10020	1	8	3
10021	11	18	1
10022	19	4	13
10023	16	8	2
10024	19	14	17
10025	11	9	14
10026	7	9	4
10027	17	7	2
10028	14	15	1
10029	10	14	8
10030	2	18	9
10031	15	3	17
10032	15	2	13
10033	9	4	16
10034	6	18	17
10035	2	1	11
10036	9	19	2
10037	12	19	9
10038	20	14	6
10039	8	1	2
10040	12	16	11
10041	15	13	4
10042	14	15	20
10043	10	9	3
10044	0	14	2
10045	7	2	12
10046	10	20	2
10047	12	16	3
10048	7	1	19
10049	10	18	2
10050	11	17	0
10051	11	14	9
10052	9	2	0
10053	6	0	17
10054	11	20	4
10055	19	7	17
10056	3	0	16
10057	14	0	12
10058	13	18	20
10059	7	6	4
10060	19	12	17
10061	18	19	14
10062	9	5	6
10063	14	6	12
10064	11	19	1
10065	13	2	7
10066	13	5	8
10067	17	2	3
10068	11	3	18
10069	18	1	2
10070	5	7	0
10071	14	4	9
10072	11	1	9
10073	18	15	14
10074	9	15	19
10075	0	15	13
10076	6	8	11
10077	12	7	3
10078	2	18	3
10079	4	12	2
10080	16	4	3
10081	14	7	2
10082	13	6	10
10083	4	2	8
10084	2	5	20
10085	9	14	11
10086	13	8	7
10087	2	20	5
10088	15	9	2
10089	3	9	8
10090	18	4	20
10091	2	20	10
10092	1	12	3
10093	15	12	13
10094	3	18	19
10095	18	10	1
10096	0	20	8
10097	17	0	19
10098	0	20	5
10099	13	2	4
10100	12	19	10
10101	15	3	2
10102	18	8	19
10103	2	18	17
10104	12	3	8
10105	6	13	3
10106	15	2	17
10107	1	16	9
10108	12	19	11
10109	19	3	11
10110	1	7	4
10111	14	13	9
10112	6	16	14
10113	14	2	17
10114	15	9	1
10115	8	1	16
10116	2	18	12
10117	10	15	9
10118	16	8	13
10119	9	20	14
10120	17	11	15
10121	0	18	10
10122	6	4	11
10123	8	10	7
10124	17	10	19
10125	19	14	12
10126	16	2	15
10127	15	10	8
10128	15	10	11
10129	1	9	7
10130	5	6	15
10131	18	0	17
10132	13	2	1
10133	16	9	18
10134	3	1	12
10135	19	4	3
10136	8	16	7
10137	11	8	13
10138	0	11	10
10139	2	8	16
10140	16	17	7
10141	0	7	11
10142	10	2	19
10143	3	0	13
10144	19	9	17
10145	11	19	15
10146	16	13	15
10147	11	8	10
10148	5	3	11
10149	17	12	4
10150	5	0	20
10151	2	6	5
10152	18	8	11
10153	12	11	16
10154	17	19	6
10155	20	4	19
10156	16	8	20
10157	10	12	15
10158	8	1	16
10159	8	6	20
10160	18	6	15
10161	16	3	15
10162	5	0	20
10163	12	1	15
10164	4	18	1
10165	11	12	0
10166	9	5	18
10167	12	7	1
10168	19	3	4
10169	18	17	6
10170	1	8	9
10171	8	14	19
10172	11	19	8
10173	13	15	9
10174	16	9	4
10175	17	6	15
10176	19	18	20
10177	19	4	9
10178	2	18	6
10179	14	19	15
10180	18	8	6
10181	4	5	18
10182	11	20	15
10183	17	18	14
10184	7	12	3
10185	7	4	15
10186	8	4	18
10187	14	13	15
10188	13	14	8
10189	16	3	20
10190	16	4	10
10191	10	12	14
10192	14	1	7
10193	17	2	11
10194	17	8	5
10195	20	13	11
10196	17	14	0
10197	0	12	6
10198	20	2	7
10199	12	6	5
10200	16	9	14
10201	8	9	18
10202	10	20	14
10203	1	2	12
10204	14	16	11
10205	15	18	6
10206	6	9	2
10207	17	11	18
10208	3	1	7
10209	3	7	18
10210	0	17	3
10211	11	13	2
10212	13	11	18
10213	2	12	20
10214	6	10	12
10215	20	6	12
10216	18	6	19
10217	12	15	11
10218	2	4	14
10219	7	1	9
10220	19	4	1
10221	11	3	18
10222	17	15	16
10223	1	18	4
10224	10	11	6
10225	11	16	2
10226	12	6	16
10227	20	8	15
10228	6	10	13
10229	16	17	19
10230	0	16	4
10231	13	4	12
10232	8	10	13
10233	19	5	20
10234	19	6	5
10235	19	16	13
10236	12	14	3
10237	1	15	5
10238	7	20	0
10239	17	6	18
10240	16	13	10
10241	19	5	4
10242	13	0	12
10243	14	0	15
10244	3	2	11
10245	10	0	6
10246	4	7	17
10247	16	13	0
10248	12	6	14
10249	0	10	1
10250	16	14	4
10251	9	5	20
10252	19	15	9
10253	19	2	3
10254	1	0	10
10255	8	2	12
10256	5	7	8
10257	8	3	11
10258	14	17	4
10259	18	2	15
10260	16	12	10
10261	17	15	18
10262	10	20	0
10263	4	20	13
10264	9	7	18
10265	18	2	5
10266	10	15	6
10267	0	3	11
10268	12	20	3
10269	14	13	17
10270	20	6	17
10271	2	10	14
10272	15	8	4
10273	2	11	10
10274	8	14	3
10275	5	11	17
10276	2	10	11
10277	4	6	9
10278	19	18	4
10279	19	20	3
10280	12	7	11
10281	4	12	15
10282	11	2	16
10283	16	13	1
10284	3	15	20
10285	13	9	4
10286	20	18	3
10287	11	15	17
10288	17	14	4
10289	9	4	11
10290	12	17	15
10291	3	4	18
10292	4	10	1
10293	3	10	20
10294	9	14	18
10295	8	10	18
10296	19	8	5
10297	17	6	0
10298	16	14	6
10299	5	12	7
10300	12	2	14
10301	7	16	19
10302	11	0	15
10303	20	8	3
10304	2	10	13
10305	17	18	5
10306	7	8	10
10307	10	13	1
10308	6	11	8
10309	7	17	6
10310	9	12	6
10311	20	19	11
10312	14	16	18
10313	20	4	12
10314	4	0	6
10315	4	12	16
10316	1	16	17
10317	8	19	2
10318	5	14	3
10319	15	14	2
10320	17	6	7
10321	20	16	7
10322	16	14	13
10323	9	14	12
10324	5	14	10
10325	17	18	6
10326	10	18	13
10327	8	17	18
10328	20	0	14
10329	20	14	9
10330	0	13	9
10331	0	14	15
10332	11	1	0
10333	13	2	6
10334	11	15	7
10335	13	16	6
10336	1	12	3
10337	8	15	10
10338	1	3	20
10339	14	19	3
10340	13	20	8
10341	19	2	5
10342	5	4	16
10343	7	0	10
10344	17	2	10
10345	20	7	16
10346	4	9	17
10347	6	12	9
10348	4	16	3
10349	19	12	16
10350	3	13	1
10351	14	1	6
10352	16	5	14
10353	4	13	16
10354	1	5	15
10355	19	7	8
10356	9	20	10
10357	7	3	14
10358	10	5	0
10359	12	6	3
10360	12	19	18
10361	14	16	0
10362	16	7	14
10363	17	12	10
10364	7	12	6
10365	8	10	0
10366	7	20	12
10367	6	1	11
10368	15	19	13
10369	13	5	9
10370	13	5	4
10371	18	9	20
10372	13	16	4
10373	20	9	14
10374	3	19	18
10375	7	12	18
10376	18	6	17
10377	10	16	2
10378	10	13	19
10379	6	0	8
10380	15	17	2
10381	16	4	18
10382	17	0	2
10383	3	4	2
10384	14	11	20
10385	1	16	7
10386	3	6	5
10387	0	3	19
10388	3	18	4
10389	14	6	2
10390	8	12	19
10391	10	9	5
10392	4	1	20
10393	19	8	10
10394	8	11	14
10395	14	11	4
10396	16	10	5
10397	9	5	2
10398	7	0	1
10399	9	5	10
10400	9	3	4
10401	14	8	0
10402	5	0	20
10403	13	1	6
10404	7	9	13
10405	16	4	5
10406	20	16	9
10407	2	9	0
10408	17	16	0
10409	16	11	10
10410	10	2	6
10411	14	9	10
10412	5	13	9
10413	3	15	18
10414	5	0	10
10415	10	13	0
10416	14	8	4
10417	1	17	12
10418	5	15	18
10419	18	11	17
10420	11	15	3
10421	7	13	20
10422	16	3	5
10423	13	12	20
10424	20	4	3
10425	16	7	17
10426	2	11	17
10427	17	14	4
10428	18	14	12
10429	12	11	15
10430	15	18	13
10431	15	17	19
10432	1	5	0
10433	8	16	13
10434	13	2	12
10435	8	11	13
10436	8	5	9
10437	9	5	15
10438	12	5	1
10439	19	8	13
10440	13	9	10
10441	20	4	1
10442	8	3	17
10443	14	1	15
10444	17	8	10
10445	9	13	6
10446	11	18	4
10447	8	11	10
10448	18	7	6
10449	5	2	18
10450	3	5	14
10451	4	8	18
10452	16	0	8
10453	6	4	13
10454	10	16	4
10455	15	17	14
10456	16	6	2
10457	1	10	11
10458	18	15	3
10459	19	7	3
10460	5	19	16
10461	6	7	10
10462	4	1	19
10463	3	12	13
10464	12	16	6
10465	4	20	6
10466	8	9	19
10467	0	18	10
10468	4	9	14
10469	14	9	10
10470	20	3	15
10471	14	2	17
10472	13	0	7
10473	15	19	7
10474	6	11	4
10475	7	12	13
10476	13	18	19
10477	20	11	19
10478	20	1	19
10479	13	1	2
10480	18	0	16
10481	8	0	12
10482	11	10	6
10483	18	17	9
10484	0	6	10
10485	4	6	7
10486	2	3	14
10487	4	3	20
10488	10	4	20
10489	12	11	20
10490	1	6	9
10491	8	14	6
10492	9	13	0
10493	15	4	18
10494	9	17	1
10495	7	0	13
10496	7	13	12
10497	12	4	11
10498	16	8	14
10499	15	1	14
10500	11	0	4
10501	3	7	15
10502	6	7	16
10503	10	17	5
10504	12	17	1
10505	18	2	19
10506	15	12	7
10507	18	4	19
10508	11	4	14
10509	6	2	17
10510	8	17	19
10511	5	6	19
10512	19	20	2
10513	4	7	12
10514	2	1	12
10515	2	15	19
10516	18	12	10
10517	3	20	5
10518	11	16	18
10519	7	19	15
10520	17	19	11
10521	10	6	7
10522	20	18	6
10523	10	1	20
10524	6	0	19
10525	4	19	20
10526	15	1	7
10527	5	12	8
10528	18	0	7
10529	13	11	2
10530	1	18	6
10531	3	15	10
10532	15	5	6
10533	10	20	1
10534	4	0	6
10535	11	1	12
10536	13	4	7
10537	6	5	20
10538	10	18	4
10539	2	11	20
10540	15	8	2
10541	18	7	1
10542	20	1	13
10543	9	19	5
10544	13	7	1
10545	20	13	16
10546	10	16	14
10547	13	6	8
10548	2	9	15
10549	20	11	17
10550	11	18	13
10551	1	9	3
10552	11	17	19
10553	19	0	12
10554	13	4	11
10555	19	17	15
10556	0	12	8
10557	10	9	13
10558	11	10	6
10559	13	4	6
10560	0	2	19
10561	18	0	4
10562	8	0	9
10563	9	19	20
10564	3	13	2
10565	11	18	5
10566	19	0	11
10567	8	19	7
10568	5	11	16
10569	17	11	2
10570	11	8	14
10571	17	16	8
10572	18	13	20
10573	0	19	15
10574	3	5	13
10575	9	10	8
10576	16	14	20
10577	14	11	10
10578	10	3	1
10579	20	16	7
10580	2	13	12
10581	10	7	14
10582	10	11	14
10583	20	17	7
10584	1	20	6
10585	0	18	10
10586	0	17	11
10587	14	16	12
10588	2	18	19
10589	0	1	18
10590	5	14	1
10591	18	15	2
10592	18	10	15
10593	15	12	0
10594	13	10	2
10595	2	16	11
10596	19	7	15
10597	3	6	10
10598	14	9	19
10599	18	17	8
10600	7	14	13
10601	10	16	14
10602	20	18	13
10603	4	0	7
10604	4	11	6
10605	15	8	6
10606	18	6	16
10607	2	14	16
10608	13	14	17
10609	14	10	17
10610	6	16	11
10611	11	16	12
10612	8	13	18
10613	10	16	14
10614	18	11	19
10615	14	7	19
10616	3	10	16
10617	16	14	4
10618	10	5	20
10619	5	2	0
10620	4	19	16
10621	14	7	6
10622	10	11	3
10623	16	4	18
10624	3	8	15
10625	6	12	9
10626	14	16	15
10627	18	5	20
10628	15	1	0
10629	14	1	4
10630	15	17	12
10631	14	12	6
10632	8	18	9
10633	7	14	5
10634	20	3	18
10635	14	0	16
10636	20	11	18
10637	13	8	17
10638	8	18	4
10639	20	2	3
10640	2	14	12
10641	6	13	5
10642	15	14	12
10643	6	9	18
10644	17	13	16
10645	2	10	6
10646	3	10	18
10647	4	17	2
10648	1	17	6
10649	7	16	4
10650	16	5	15
10651	7	4	0
10652	3	6	1
10653	8	16	0
10654	1	8	3
10655	8	13	18
10656	11	10	0
10657	12	20	19
10658	5	0	16
10659	3	5	1
10660	15	6	13
10661	13	20	2
10662	12	8	20
10663	8	20	11
10664	1	0	2
10665	1	3	9
10666	9	3	17
10667	18	3	11
10668	12	2	17
10669	17	14	12
10670	13	12	16
10671	17	19	11
10672	10	17	13
10673	18	8	4
10674	3	12	15
10675	8	10	12
10676	11	1	8
10677	8	14	18
10678	15	18	6
10679	0	20	1
10680	16	4	18
10681	9	11	16
10682	19	8	13
10683	1	10	15
10684	18	20	11
10685	12	17	13
10686	16	18	14
10687	5	0	3
10688	3	10	18
10689	13	18	16
10690	6	1	0
10691	18	6	0
10692	15	13	20
10693	5	0	1
10694	19	2	13
10695	17	13	7
10696	7	11	2
10697	2	10	13
10698	16	15	5
10699	12	10	7
10700	7	6	19
10701	10	19	5
10702	8	0	20
10703	17	14	7
10704	16	19	4
10705	0	10	13
10706	7	12	14
10707	3	11	8
10708	17	13	0
10709	13	4	9
10710	7	0	2
10711	3	18	10
10712	9	13	16
10713	1	3	9
10714	13	0	7
10715	1	20	11
10716	0	17	16
10717	0	3	17
10718	8	18	19
10719	14	9	11
10720	17	0	2
10721	8	15	10
10722	14	1	11
10723	1	13	7
10724	7	11	12
10725	5	19	18
10726	13	15	8
10727	8	3	18
10728	14	0	7
10729	18	5	17
10730	2	11	3
10731	16	7	2
10732	13	9	18
10733	1	4	6
10734	12	11	15
10735	13	4	5
10736	13	11	7
10737	4	10	13
10738	14	18	9
10739	19	8	17
10740	3	13	18
10741	15	4	9
10742	3	14	17
10743	16	4	8
10744	14	7	20
10745	6	10	13
10746	10	16	11
10747	12	1	6
10748	20	15	1
10749	19	15	20
10750	15	7	5
10751	11	17	14
10752	12	20	11
10753	13	0	19
10754	7	18	2
10755	16	0	14
10756	17	7	0
10757	5	15	3
10758	20	5	7
10759	8	10	9
10760	6	2	7
10761	1	18	6
10762	14	15	4
10763	9	5	6
10764	12	1	16
10765	8	14	0
10766	20	8	7
10767	1	11	5
10768	17	0	14
10769	15	0	10
10770	3	8	7
10771	13	7	20
10772	16	0	9
10773	1	6	4
10774	14	10	17
10775	1	5	10
10776	10	17	5
10777	12	1	13
10778	17	13	11
10779	7	1	0
10780	9	4	2
10781	8	0	18
10782	18	7	3
10783	7	6	4
10784	3	20	1
10785	7	0	11
10786	19	18	1
10787	17	12	8
10788	2	16	4
10789	13	0	17
10790	10	9	0
10791	11	19	0
10792	2	12	16
10793	11	9	14
10794	15	4	10
10795	13	14	4
10796	12	8	14
10797	19	5	7
10798	1	11	7
10799	7	9	3
10800	3	14	11
10801	8	5	7
10802	7	10	15
10803	0	16	12
10804	20	7	3
10805	16	11	5
10806	12	3	7
10807	1	19	5
10808	13	1	3
10809	14	10	3
10810	0	20	6
10811	12	20	6
10812	3	4	7
10813	12	0	19
10814	17	6	1
10815	3	18	5
10816	14	17	7
10817	1	7	14
10818	19	10	2
10819	6	15	13
10820	17	20	4
10821	11	6	4
10822	15	10	11
10823	8	13	10
10824	17	10	20
10825	14	3	18
10826	20	9	5
10827	12	8	11
10828	1	8	3
10829	12	8	15
10830	17	20	8
10831	5	14	17
10832	17	18	15
10833	14	12	19
10834	1	3	20
10835	18	5	10
10836	1	20	5
10837	5	20	8
10838	8	5	18
10839	8	16	19
10840	13	17	2
10841	11	0	3
10842	1	13	14
10843	3	7	0
10844	18	17	6
10845	5	13	12
10846	14	15	16
10847	20	16	13
10848	0	11	13
10849	9	8	14
10850	8	6	20
10851	12	11	7
10852	9	19	11
10853	16	10	14
10854	17	10	15
10855	7	11	12
10856	15	10	8
10857	18	5	19
10858	15	0	9
10859	8	4	12
10860	8	20	2
10861	20	3	10
10862	3	6	19
10863	17	9	1
10864	1	14	0
10865	6	13	16
10866	12	8	13
10867	9	16	15
10868	1	12	0
10869	1	13	0
10870	3	0	16
10871	18	9	15
10872	16	8	14
10873	6	15	2
10874	6	11	14
10875	2	7	8
10876	14	0	20
10877	10	17	7
10878	15	11	6
10879	15	8	2
10880	6	8	17
10881	9	2	10
10882	14	6	5
10883	4	15	6
10884	7	20	15
10885	7	0	1
10886	7	20	2
10887	15	1	6
10888	10	6	2
10889	19	14	2
10890	11	4	6
10891	0	11	1
10892	9	11	16
10893	15	0	2
10894	11	5	1
10895	3	0	19
10896	19	10	15
10897	8	13	0
10898	12	7	18
10899	20	7	4
10900	6	2	0
10901	8	16	4
10902	19	6	9
10903	3	7	18
10904	7	1	3
10905	1	19	18
10906	8	14	4
10907	16	19	4
10908	14	20	7
10909	9	3	2
10910	17	7	13
10911	15	10	6
10912	8	10	13
10913	8	20	0
10914	3	1	8
10915	12	8	17
10916	6	10	4
10917	12	6	15
10918	14	8	0
10919	3	10	7
10920	2	20	5
10921	5	3	7
10922	6	16	1
10923	14	2	10
10924	5	17	19
10925	20	19	16
10926	4	16	19
10927	16	11	0
10928	11	0	1
10929	7	16	2
10930	13	6	12
10931	10	7	18
10932	0	7	18
10933	19	2	8
10934	16	8	15
10935	17	2	6
10936	8	17	13
10937	13	20	1
10938	20	9	19
10939	3	12	8
10940	0	4	18
10941	10	16	8
10942	11	8	20
10943	5	1	18
10944	6	15	10
10945	5	13	4
10946	18	11	15
10947	2	4	9
10948	4	5	9
10949	15	10	12
10950	5	12	18
10951	11	9	2
10952	7	2	9
10953	9	15	14
10954	7	18	2
10955	8	5	6
10956	11	4	8
10957	19	12	16
10958	6	2	0
10959	12	16	18
10960	2	20	10
10961	19	8	9
10962	17	9	8
10963	2	13	14
10964	14	5	9
10965	13	8	10
10966	2	20	10
10967	15	0	1
10968	19	1	11
10969	5	10	9
10970	13	5	20
10971	7	1	14
10972	10	4	3
10973	10	19	2
10974	20	12	8
10975	13	11	12
10976	2	0	11
10977	20	19	0
10978	0	9	3
10979	17	13	10
10980	8	12	20
10981	9	12	16
10982	6	14	7
10983	8	18	19
10984	1	13	4
10985	7	8	19
10986	5	11	17
10987	9	20	12
10988	2	0	6
10989	6	17	4
10990	19	0	18
10991	19	2	1
10992	6	1	3
10993	10	0	14
10994	1	16	13
10995	9	2	15
10996	4	1	3
10997	5	6	7
10998	19	3	16
10999	15	13	4
11000	1	13	14
11001	1	20	10
11002	15	18	3
11003	6	0	14
11004	1	10	20
11005	8	20	0
11006	1	0	20
11007	9	13	11
11008	3	4	12
11009	16	14	5
11010	4	16	1
11011	14	6	5
11012	1	17	12
11013	12	19	8
11014	0	5	6
11015	7	9	16
11016	20	15	5
11017	12	8	5
11018	3	2	9
11019	18	5	20
11020	14	16	20
11021	0	15	19
11022	6	14	13
11023	5	11	17
11024	8	0	10
11025	0	5	19
11026	10	3	13
11027	0	12	19
11028	11	5	12
11029	6	14	0
11030	2	12	14
11031	20	15	16
11032	4	7	17
11033	9	3	11
11034	2	17	11
11035	17	2	10
11036	17	12	16
11037	4	9	5
11038	2	7	4
11039	10	14	18
11040	20	2	5
11041	19	9	12
11042	7	13	20
11043	3	18	2
11044	7	9	19
11045	5	17	10
11046	20	8	17
11047	19	3	4
11048	20	1	14
11049	9	14	7
11050	12	15	20
11051	10	2	14
11052	11	8	17
11053	12	20	2
11054	15	4	7
11055	19	0	14
11056	6	14	8
11057	9	0	6
11058	6	15	19
11059	15	5	12
11060	5	10	12
11061	9	0	8
11062	16	18	19
11063	8	16	7
11064	10	17	8
11065	13	17	2
11066	6	0	7
11067	0	2	4
11068	7	9	15
11069	15	6	11
11070	0	20	14
11071	10	18	16
11072	1	10	16
11073	19	1	15
11074	2	13	15
11075	12	16	7
11076	0	7	11
11077	20	13	3
11078	14	0	10
11079	3	7	8
11080	19	16	1
11081	0	8	17
11082	2	8	3
11083	15	4	16
11084	6	2	10
11085	2	9	8
11086	17	6	3
11087	8	6	13
11088	1	20	5
11089	3	20	14
11090	15	2	8
11091	16	11	15
11092	0	5	2
11093	17	16	10
11094	7	1	0
11095	19	1	3
11096	17	19	0
11097	12	9	7
11098	17	19	5
11099	6	20	1
11100	6	16	2
11101	7	9	8
11102	7	17	9
11103	14	7	11
11104	15	7	6
11105	16	11	19
11106	16	1	0
11107	8	17	20
11108	17	15	14
11109	2	9	13
11110	1	0	9
11111	13	3	19
11112	6	10	18
11113	1	5	12
11114	3	2	16
11115	13	14	1
11116	8	14	19
11117	16	13	19
11118	17	15	0
11119	2	15	19
11120	10	19	14
11121	2	4	20
11122	20	3	5
11123	7	0	6
11124	15	20	1
11125	19	11	20
11126	18	3	1
11127	18	5	14
11128	12	17	6
11129	14	2	12
11130	17	9	18
11131	6	17	3
11132	17	10	4
11133	11	10	6
11134	1	9	4
11135	20	10	1
11136	12	3	0
11137	11	10	3
11138	0	18	13
11139	11	14	16
11140	10	11	20
11141	18	13	4
11142	14	13	10
11143	14	4	15
11144	0	16	10
11145	8	16	18
11146	17	18	6
11147	5	9	14
11148	1	17	5
11149	0	7	4
11150	12	18	3
11151	1	4	2
11152	4	15	0
11153	3	1	18
11154	16	12	17
11155	0	20	11
11156	4	6	7
11157	8	2	12
11158	2	12	8
11159	20	7	17
11160	16	10	4
11161	4	19	14
11162	6	9	2
11163	10	11	0
11164	11	17	13
11165	17	8	18
11166	11	18	16
11167	10	9	6
11168	20	0	1
11169	12	0	11
11170	16	15	10
11171	18	8	6
11172	14	15	6
11173	3	13	1
11174	17	11	16
11175	13	17	19
11176	11	1	19
11177	4	2	8
11178	5	0	16
11179	20	2	16
11180	6	3	4
11181	14	1	20
11182	6	8	0
11183	19	1	18
11184	2	4	15
11185	11	19	8
11186	1	9	13
11187	5	16	12
11188	20	13	10
11189	0	14	13
11190	18	15	8
11191	12	4	8
11192	5	0	16
11193	3	19	8
11194	8	14	18
11195	8	4	0
11196	8	0	6
11197	2	7	10
11198	3	13	4
11199	0	7	4
11200	20	2	0
11201	15	19	11
11202	3	15	17
11203	15	10	4
11204	0	3	19
11205	15	8	9
11206	15	5	18
11207	5	13	12
11208	14	20	13
11209	18	6	13
11210	8	2	1
11211	5	3	8
11212	12	17	19
11213	3	20	10
11214	7	1	10
11215	20	12	4
11216	3	19	7
11217	6	14	16
11218	16	4	0
11219	18	14	5
11220	6	11	10
11221	15	3	6
11222	12	9	7
11223	2	17	12
11224	17	1	18
11225	14	12	2
11226	7	17	9
11227	5	10	18
11228	20	16	0
11229	19	13	18
11230	3	14	13
11231	12	10	2
11232	14	6	11
11233	8	2	10
11234	1	4	3
11235	8	15	7
11236	4	1	10
11237	10	3	7
11238	3	7	19
11239	14	20	13
11240	5	15	8
11241	11	1	8
11242	9	14	3
11243	20	12	15
11244	17	3	1
11245	8	16	12
11246	19	4	16
11247	14	5	11
11248	16	15	18
11249	4	5	18
11250	8	12	11
11251	12	20	16
11252	7	2	16
11253	16	5	3
11254	5	10	17
11255	17	6	18
11256	17	11	7
11257	17	6	13
11258	7	14	2
11259	13	1	7
11260	6	5	0
11261	19	4	2
11262	20	3	10
11263	9	7	12
11264	2	3	17
11265	14	0	11
11266	5	8	9
11267	18	11	5
11268	10	2	5
11269	6	16	1
11270	8	19	10
11271	17	0	7
11272	9	0	6
11273	20	16	10
11274	9	4	15
11275	7	10	4
11276	20	15	16
11277	18	16	8
11278	8	1	13
11279	12	20	15
11280	17	16	1
11281	10	13	6
11282	20	5	14
11283	9	13	10
11284	8	19	6
11285	2	18	19
11286	15	7	10
11287	4	10	8
11288	10	14	17
11289	1	15	10
11290	8	11	9
11291	10	4	17
11292	8	1	11
11293	11	18	16
11294	4	5	17
11295	16	8	17
11296	10	12	13
11297	16	5	9
11298	4	18	14
11299	20	15	16
11300	0	1	13
11301	7	13	15
11302	17	18	15
11303	2	13	18
11304	20	18	13
11305	15	2	4
11306	5	20	3
11307	7	4	3
11308	17	15	0
11309	6	0	4
11310	16	5	13
11311	17	0	4
11312	19	6	17
11313	12	11	5
11314	2	14	10
11315	2	20	15
11316	0	12	14
11317	10	9	15
11318	16	14	9
11319	17	13	16
11320	10	16	6
11321	6	4	18
11322	6	16	20
11323	19	14	0
11324	14	1	11
11325	16	12	0
11326	17	11	8
11327	7	2	9
11328	19	3	9
11329	13	15	8
11330	14	18	1
11331	12	6	11
11332	5	6	0
11333	19	11	6
11334	19	14	12
11335	16	8	5
11336	9	2	15
11337	20	17	18
11338	1	18	3
11339	2	0	7
11340	14	15	4
11341	5	11	12
11342	3	13	9
11343	18	17	5
11344	8	19	14
11345	0	20	2
11346	16	12	13
11347	16	6	17
11348	13	18	7
11349	3	19	17
11350	7	0	18
11351	7	12	15
11352	20	8	0
11353	12	6	3
11354	0	8	18
11355	9	18	14
11356	9	6	19
11357	10	2	0
11358	14	7	6
11359	20	13	17
11360	13	5	0
11361	20	8	4
11362	12	4	1
11363	12	11	0
11364	10	0	18
11365	1	8	4
11366	14	17	12
11367	7	18	9
11368	11	19	9
11369	6	7	2
11370	11	3	5
11371	20	18	5
11372	20	5	7
11373	9	1	8
11374	20	11	16
11375	20	18	3
11376	20	10	3
11377	0	7	15
11378	14	13	16
11379	1	18	16
11380	5	10	16
11381	13	3	14
11382	1	11	9
11383	1	9	11
11384	9	0	17
11385	11	18	5
11386	4	2	9
11387	11	8	20
11388	11	7	13
11389	12	20	13
11390	6	17	3
11391	4	13	9
11392	10	20	11
11393	14	4	1
11394	7	11	0
11395	16	10	11
11396	12	9	10
11397	9	12	14
11398	5	0	1
11399	13	3	4
11400	9	1	17
11401	6	9	2
11402	8	11	12
11403	0	2	10
11404	15	2	12
11405	13	8	19
11406	16	18	8
11407	0	18	3
11408	10	3	13
11409	14	20	6
11410	16	20	9
11411	6	15	4
11412	0	14	7
11413	0	13	3
11414	0	17	14
11415	11	19	9
11416	8	19	18
11417	1	0	11
11418	2	4	11
11419	4	14	20
11420	7	11	18
11421	12	15	20
11422	14	19	17
11423	2	5	6
11424	19	13	15
11425	15	12	4
11426	18	7	4
11427	20	12	4
11428	12	16	17
11429	19	8	14
11430	11	5	15
11431	13	7	12
11432	5	8	1
11433	6	11	19
11434	0	16	7
11435	16	4	11
11436	16	0	15
11437	5	6	9
11438	6	5	19
11439	0	13	17
11440	14	15	3
11441	12	1	0
11442	2	5	13
11443	8	17	2
11444	9	14	13
11445	12	1	2
11446	1	8	17
11447	15	3	12
11448	10	5	12
11449	4	16	6
11450	16	0	5
11451	18	1	20
11452	17	5	14
11453	18	2	4
11454	18	20	5
11455	4	0	7
11456	17	9	11
11457	13	20	18
11458	20	4	1
11459	14	16	9
11460	9	18	15
11461	8	12	0
11462	15	5	16
11463	13	2	7
11464	15	4	16
11465	5	12	9
11466	1	7	11
11467	0	13	1
11468	1	12	14
11469	17	20	4
11470	7	11	3
11471	13	3	9
11472	11	5	16
11473	1	11	6
11474	14	8	17
11475	7	1	11
11476	12	8	15
11477	5	0	20
11478	1	20	15
11479	12	2	16
11480	16	20	13
11481	7	2	9
11482	18	3	1
11483	3	17	18
11484	18	15	12
11485	1	6	8
11486	13	6	16
11487	10	7	12
11488	8	12	0
11489	8	2	12
11490	11	8	3
11491	8	4	6
11492	10	20	11
11493	1	4	11
11494	4	18	7
11495	0	11	8
11496	17	15	12
11497	10	13	2
11498	11	18	14
11499	4	6	12
11500	18	9	20
11501	16	14	20
11502	6	9	15
11503	2	6	13
11504	15	20	14
11505	14	17	2
11506	4	20	7
11507	15	5	6
11508	10	4	14
11509	20	11	5
11510	10	12	11
11511	10	7	20
11512	17	1	11
11513	5	14	3
11514	16	4	14
11515	14	13	16
11516	16	18	14
11517	3	15	7
11518	20	7	1
11519	9	10	13
11520	16	10	14
11521	6	9	0
11522	16	1	5
11523	18	20	0
11524	18	15	1
11525	16	6	3
11526	7	12	6
11527	14	9	3
11528	14	13	12
11529	7	15	19
11530	6	0	2
11531	3	5	2
11532	14	5	10
11533	12	7	19
11534	6	9	17
11535	0	6	12
11536	12	4	18
11537	14	7	18
11538	11	16	8
11539	19	0	10
11540	1	16	20
11541	2	9	13
11542	14	20	15
11543	12	4	13
11544	5	4	1
11545	19	13	15
11546	2	9	0
11547	15	3	9
11548	13	5	3
11549	6	9	15
11550	11	6	3
11551	13	2	11
11552	2	17	1
11553	17	18	5
11554	12	8	13
11555	12	15	14
11556	10	4	19
11557	15	4	5
11558	4	11	6
11559	6	13	2
11560	6	15	19
11561	2	15	13
11562	6	11	10
11563	2	0	16
11564	0	6	17
11565	13	10	9
11566	7	10	5
11567	5	18	9
11568	10	12	0
11569	18	10	2
11570	1	13	6
11571	17	2	9
11572	8	3	2
11573	12	1	16
11574	5	17	4
11575	10	13	11
11576	19	16	5
11577	9	18	4
11578	11	8	5
11579	10	8	6
11580	14	7	10
11581	5	14	15
11582	2	13	19
11583	6	17	20
11584	5	11	2
11585	0	20	15
11586	5	0	13
11587	18	1	7
11588	7	8	20
11589	13	4	9
11590	18	11	16
11591	6	7	0
11592	6	11	8
11593	0	11	7
11594	1	9	18
11595	7	14	0
11596	16	11	1
11597	14	10	1
11598	5	15	7
11599	20	3	16
11600	15	19	11
11601	19	12	2
11602	20	18	17
11603	1	0	10
11604	4	16	2
11605	14	6	5
11606	11	19	7
11607	10	15	17
11608	7	1	2
11609	6	1	12
11610	11	16	0
11611	14	11	4
11612	2	0	17
11613	4	13	11
11614	4	13	16
11615	19	6	0
11616	6	4	5
11617	8	7	17
11618	11	3	12
11619	7	19	1
11620	20	6	5
11621	3	9	11
11622	16	14	1
11623	10	2	1
11624	1	13	14
11625	0	17	15
11626	11	0	6
11627	7	1	2
11628	9	10	4
11629	20	2	13
11630	11	0	14
11631	7	20	4
11632	9	3	4
11633	17	10	2
11634	3	10	15
11635	15	20	4
11636	0	14	13
11637	6	0	11
11638	9	19	11
11639	18	13	8
11640	15	4	0
11641	12	16	4
11642	7	11	19
11643	12	2	17
11644	1	2	5
11645	12	0	14
11646	0	6	16
11647	17	12	10
11648	4	20	19
11649	13	15	19
11650	16	19	20
11651	13	20	14
11652	1	16	12
11653	14	0	13
11654	18	7	10
11655	8	12	18
11656	16	7	0
11657	4	17	12
11658	4	17	19
11659	12	2	5
11660	15	12	17
11661	18	20	4
11662	16	20	10
11663	3	17	20
11664	9	17	10
11665	3	20	16
11666	3	1	6
11667	15	3	14
11668	16	2	8
11669	8	3	20
11670	3	18	14
11671	9	19	4
11672	18	7	0
11673	19	1	10
11674	13	17	3
11675	9	17	14
11676	8	9	1
11677	4	13	0
11678	20	1	4
11679	18	3	1
11680	6	14	13
11681	15	1	11
11682	19	6	14
11683	1	20	13
11684	12	8	19
11685	4	5	7
11686	6	9	1
11687	6	2	5
11688	10	11	6
11689	14	4	5
11690	12	10	17
11691	5	16	17
11692	12	5	4
11693	16	8	14
11694	4	20	16
11695	16	14	7
11696	13	14	6
11697	5	1	15
11698	15	3	0
11699	11	19	5
11700	7	4	15
11701	8	17	9
11702	9	11	12
11703	7	11	1
11704	5	16	13
11705	12	7	6
11706	0	19	1
11707	4	6	19
11708	13	19	20
11709	1	18	6
11710	11	17	8
11711	3	11	4
11712	9	17	8
11713	4	3	9
11714	17	13	6
11715	10	2	1
11716	20	4	18
11717	12	13	8
11718	0	19	5
11719	15	9	14
11720	20	16	14
11721	16	13	8
11722	5	3	2
11723	1	4	19
11724	7	13	5
11725	11	7	4
11726	1	9	16
11727	13	12	19
11728	12	0	11
11729	13	11	0
11730	17	8	11
11731	13	10	17
11732	16	11	3
11733	1	10	11
11734	4	0	5
11735	14	11	3
11736	0	3	2
11737	13	6	2
11738	4	7	0
11739	2	18	10
11740	13	8	11
11741	10	0	19
11742	13	8	5
11743	9	7	4
11744	6	4	0
11745	20	2	7
11746	2	1	14
11747	18	8	3
11748	13	18	15
11749	1	9	10
11750	4	5	13
11751	5	18	10
11752	9	16	3
11753	20	16	7
11754	10	19	13
11755	15	9	3
11756	7	17	15
11757	5	14	20
11758	19	8	4
11759	6	17	12
11760	9	1	6
11761	4	6	3
11762	9	16	5
11763	17	15	0
11764	12	8	5
11765	8	16	20
11766	8	7	0
11767	0	14	15
11768	11	13	7
11769	8	14	16
11770	13	18	6
11771	1	3	6
11772	14	16	6
11773	18	1	7
11774	9	5	0
11775	6	1	16
11776	11	8	4
11777	19	15	8
11778	5	6	17
11779	17	3	18
11780	3	18	9
11781	20	0	14
11782	2	8	1
11783	5	20	10
11784	19	15	4
11785	3	16	7
11786	4	7	15
11787	15	2	4
11788	0	9	10
11789	18	7	20
11790	0	9	3
11791	4	19	15
11792	12	2	17
11793	7	1	4
11794	0	9	2
11795	20	13	19
11796	1	12	19
11797	2	19	20
11798	13	5	4
11799	2	1	17
11800	1	8	10
11801	18	14	6
11802	8	13	7
11803	1	19	15
11804	8	10	19
11805	16	0	9
11806	7	19	9
11807	12	3	5
11808	2	8	7
11809	6	14	3
11810	4	18	15
11811	17	1	15
11812	0	9	11
11813	11	18	7
11814	6	14	9
11815	4	14	12
11816	19	3	0
11817	9	13	7
11818	0	12	15
11819	12	0	4
11820	7	16	5
11821	2	8	5
11822	1	5	20
11823	16	3	0
11824	11	20	19
11825	4	9	6
11826	3	14	4
11827	1	14	20
11828	5	9	17
11829	6	9	17
11830	10	16	20
11831	5	0	20
11832	14	10	11
11833	13	16	14
11834	8	12	14
11835	16	5	4
11836	7	3	19
11837	17	18	11
11838	0	11	2
11839	13	6	2
11840	14	3	12
11841	14	15	0
11842	11	5	13
11843	19	18	11
11844	2	18	7
11845	7	0	1
11846	15	19	0
11847	3	9	1
11848	14	1	5
11849	2	4	8
11850	17	15	0
11851	9	15	2
11852	18	15	2
11853	8	6	3
11854	6	18	15
11855	4	6	14
11856	14	18	6
11857	14	7	4
11858	19	10	4
11859	15	0	5
11860	2	0	15
11861	0	10	7
11862	16	2	14
11863	1	16	5
11864	12	17	3
11865	9	17	6
11866	2	19	1
11867	16	5	10
11868	0	17	3
11869	6	13	3
11870	20	10	19
11871	2	16	1
11872	19	17	10
11873	7	1	9
11874	4	8	19
11875	4	15	3
11876	1	17	15
11877	16	7	5
11878	13	4	7
11879	14	13	0
11880	20	0	11
11881	2	16	5
11882	2	8	3
11883	14	17	19
11884	0	1	20
11885	1	10	2
11886	20	11	8
11887	0	15	6
11888	19	10	6
11889	17	14	1
11890	3	13	0
11891	10	20	19
11892	11	19	20
11893	3	19	4
11894	2	10	9
11895	11	4	0
11896	1	11	6
11897	3	6	13
11898	16	5	14
11899	10	9	17
11900	0	5	17
11901	20	6	3
11902	17	3	11
11903	7	14	3
11904	0	11	4
11905	7	5	15
11906	18	0	10
11907	10	1	8
11908	2	9	12
11909	17	1	19
11910	1	13	17
11911	11	6	0
11912	3	8	5
11913	19	6	3
11914	11	8	3
11915	1	18	11
11916	8	14	19
11917	14	19	20
11918	15	18	11
11919	19	8	10
11920	11	2	5
11921	11	15	1
11922	6	5	12
11923	10	7	11
11924	17	10	18
11925	6	20	11
11926	2	8	6
11927	8	4	10
11928	8	5	13
11929	14	10	8
11930	18	6	1
11931	7	10	11
11932	7	0	2
11933	9	16	8
11934	4	15	1
11935	15	0	19
11936	1	5	4
11937	12	0	7
11938	14	2	20
11939	7	19	12
11940	6	15	4
11941	4	1	0
11942	10	9	6
11943	14	15	1
11944	14	20	18
11945	9	19	17
11946	12	17	13
11947	12	15	14
11948	11	10	2
11949	20	16	19
11950	9	12	18
11951	16	12	8
11952	4	5	2
11953	20	4	16
11954	14	1	18
11955	1	16	3
11956	13	19	9
11957	7	0	10
11958	12	0	20
11959	18	14	8
11960	17	3	1
11961	17	7	16
11962	12	15	13
11963	9	3	13
11964	9	20	7
11965	19	20	11
11966	0	4	1
11967	19	1	0
11968	15	4	8
11969	18	3	17
11970	15	4	8
11971	16	20	3
11972	17	14	11
11973	6	2	20
11974	16	11	8
11975	2	19	9
11976	2	6	10
11977	8	1	13
11978	15	14	3
11979	6	20	18
11980	11	6	0
11981	0	20	12
11982	9	14	18
11983	6	2	7
11984	1	19	8
11985	6	14	3
11986	17	11	7
11987	20	6	9
11988	6	0	8
11989	8	9	20
11990	7	9	20
11991	16	1	4
11992	17	15	8
11993	2	4	6
11994	5	0	16
11995	13	20	6
11996	6	20	16
11997	2	15	6
11998	1	14	11
11999	15	16	19
12000	8	7	9
12001	5	15	6
12002	6	12	14
12003	17	14	6
12004	2	18	11
12005	10	0	5
12006	14	13	19
12007	5	8	18
12008	16	6	13
12009	5	11	0
12010	13	20	6
12011	13	6	3
12012	13	8	7
12013	6	10	2
12014	12	16	5
12015	0	6	7
12016	13	9	5
12017	3	14	11
12018	11	20	7
12019	10	4	11
12020	2	20	8
12021	6	12	5
12022	2	0	10
12023	3	16	11
12024	0	17	18
12025	4	7	6
12026	3	9	12
12027	4	8	6
12028	7	10	0
12029	10	1	17
12030	2	13	7
12031	1	16	8
12032	0	20	14
12033	16	3	18
12034	7	10	14
12035	18	7	14
12036	3	0	5
12037	19	0	18
12038	3	16	13
12039	15	19	11
12040	14	2	10
12041	4	13	5
12042	15	2	17
12043	20	16	12
12044	14	20	2
12045	5	9	20
12046	17	10	11
12047	12	10	18
12048	5	13	6
12049	14	20	17
12050	14	9	17
12051	6	3	9
12052	9	0	17
12053	12	17	16
12054	3	20	9
12055	18	5	8
12056	8	9	6
12057	15	5	11
12058	11	0	15
12059	17	1	19
12060	13	16	14
12061	19	18	9
12062	7	3	9
12063	13	17	8
12064	3	16	7
12065	13	4	20
12066	14	16	18
12067	6	19	2
12068	18	0	7
12069	11	16	6
12070	5	12	15
12071	20	8	7
12072	7	16	1
12073	7	12	8
12074	5	4	17
12075	2	8	3
12076	11	20	3
12077	5	1	6
12078	17	19	10
12079	19	14	2
12080	20	17	6
12081	13	5	1
12082	20	7	1
12083	15	19	6
12084	12	20	16
12085	6	7	19
12086	15	7	0
12087	7	2	15
12088	10	3	6
12089	13	5	16
12090	13	15	11
12091	15	13	12
12092	0	18	3
12093	15	17	14
12094	4	15	20
12095	0	19	1
12096	8	2	4
12097	14	10	17
12098	3	12	16
12099	10	2	9
12100	19	16	14
12101	17	15	19
12102	16	10	8
12103	9	15	7
12104	14	1	20
12105	6	0	11
12106	20	17	13
12107	14	15	20
12108	9	18	2
12109	12	1	18
12110	10	3	4
12111	16	0	14
12112	9	10	19
12113	8	11	9
12114	0	5	9
12115	11	12	13
12116	19	2	0
12117	20	16	10
12118	0	19	1
12119	16	5	18
12120	9	15	19
12121	6	4	1
12122	11	0	15
12123	3	13	17
12124	11	5	13
12125	13	2	19
12126	19	4	16
12127	2	11	3
12128	13	17	16
12129	5	17	14
12130	16	4	9
12131	5	19	20
12132	18	15	14
12133	7	17	9
12134	17	16	4
12135	2	6	8
12136	9	17	0
12137	15	6	14
12138	16	20	17
12139	10	2	13
12140	9	2	5
12141	2	8	7
12142	8	10	0
12143	8	18	5
12144	11	14	19
12145	3	9	2
12146	5	10	14
12147	18	0	5
12148	3	4	18
12149	11	5	16
12150	5	6	8
12151	5	15	16
12152	0	3	20
12153	0	10	5
12154	14	0	6
12155	8	4	14
12156	3	11	0
12157	2	15	5
12158	12	2	11
12159	0	9	17
12160	13	19	18
12161	18	17	19
12162	4	11	6
12163	9	18	14
12164	12	0	15
12165	13	0	6
12166	17	8	10
12167	10	13	2
12168	17	9	7
12169	11	8	20
12170	6	5	1
12171	16	4	7
12172	19	14	7
12173	15	14	16
12174	5	8	3
12175	12	4	15
12176	7	2	15
12177	10	11	1
12178	9	2	18
12179	20	18	4
12180	19	13	18
12181	13	5	14
12182	20	14	2
12183	19	6	8
12184	17	1	2
12185	0	16	8
12186	0	7	6
12187	4	20	15
12188	3	4	15
12189	10	3	8
12190	2	14	5
12191	6	9	13
12192	20	18	16
12193	14	1	10
12194	8	7	13
12195	0	12	4
12196	2	13	12
12197	6	7	4
12198	19	3	18
12199	12	19	2
12200	15	10	17
12201	14	10	7
12202	19	11	16
12203	7	4	19
12204	20	12	7
12205	2	13	15
12206	16	11	5
12207	7	9	15
12208	18	3	17
12209	8	2	14
12210	0	20	8
12211	14	2	15
12212	11	2	19
12213	3	11	2
12214	5	3	7
12215	1	5	3
12216	17	3	12
12217	13	3	4
12218	5	11	2
12219	8	3	4
12220	1	4	3
12221	2	5	12
12222	18	11	13
12223	1	18	8
12224	12	18	9
12225	1	10	15
12226	18	3	10
12227	18	5	12
12228	13	0	16
12229	16	14	7
12230	3	11	4
12231	6	14	10
12232	13	5	1
12233	3	7	9
12234	13	7	5
12235	10	15	0
12236	13	19	10
12237	14	8	17
12238	0	19	13
12239	8	3	12
12240	6	20	19
12241	18	2	13
12242	12	7	1
12243	9	16	11
12244	4	11	0
12245	13	4	9
12246	18	3	20
12247	10	9	2
12248	19	7	13
12249	7	13	4
12250	0	4	19
12251	14	15	0
12252	15	17	8
12253	4	11	0
12254	17	14	3
12255	6	13	20
12256	19	10	3
12257	15	7	18
12258	14	1	9
12259	13	17	15
12260	12	8	6
12261	14	6	15
12262	12	4	1
12263	1	3	4
12264	4	3	18
12265	7	13	10
12266	2	6	17
12267	10	5	12
12268	0	18	13
12269	8	13	20
12270	8	4	5
12271	17	20	11
12272	3	13	16
12273	1	4	9
12274	11	5	2
12275	19	0	6
12276	1	16	17
12277	5	0	11
12278	20	9	14
12279	18	9	17
12280	13	12	14
12281	0	12	7
12282	13	17	5
12283	7	3	8
12284	8	14	0
12285	6	20	2
12286	15	6	16
12287	18	5	12
12288	5	3	9
12289	11	15	1
12290	4	20	13
12291	13	9	12
12292	6	12	5
12293	10	20	1
12294	20	16	13
12295	7	6	16
12296	12	1	4
12297	11	19	1
12298	5	9	16
12299	20	15	18
12300	15	14	1
12301	13	12	5
12302	7	4	13
12303	13	10	19
12304	8	6	11
12305	19	18	2
12306	0	18	2
12307	14	15	9
12308	0	4	2
12309	4	20	17
12310	18	8	2
12311	8	2	4
12312	3	7	17
12313	15	11	13
12314	10	9	7
12315	17	1	5
12316	4	20	3
12317	2	1	17
12318	9	1	17
12319	3	10	1
12320	15	5	7
12321	10	9	1
12322	11	1	15
12323	9	14	6
12324	6	0	16
12325	16	19	9
12326	14	4	17
12327	19	0	15
12328	0	11	8
12329	20	1	8
12330	1	12	3
12331	18	3	9
12332	14	12	13
12333	3	2	14
12334	10	7	19
12335	5	10	1
12336	20	8	18
12337	7	19	12
12338	0	12	16
12339	5	2	15
12340	7	10	14
12341	4	0	17
12342	1	12	6
12343	12	18	5
12344	17	1	20
12345	8	15	5
12346	3	16	0
12347	13	14	9
12348	10	12	13
12349	16	18	9
12350	20	17	15
12351	12	4	0
12352	8	0	9
12353	0	20	10
12354	1	12	0
12355	14	16	2
12356	6	8	5
12357	12	18	7
12358	16	11	8
12359	11	4	1
12360	13	8	9
12361	8	14	4
12362	1	2	9
12363	1	8	17
12364	6	2	14
12365	18	2	8
12366	10	0	13
12367	12	0	11
12368	17	11	16
12369	2	12	14
12370	8	19	1
12371	6	1	9
12372	8	15	12
12373	12	15	4
12374	12	9	2
12375	19	4	12
12376	8	1	7
12377	20	2	7
12378	20	19	10
12379	7	11	9
12380	19	7	1
12381	8	9	7
12382	14	11	15
12383	9	13	11
12384	3	8	16
12385	9	12	0
12386	18	8	12
12387	17	10	13
12388	13	12	17
12389	14	8	12
12390	14	15	1
12391	20	4	0
12392	10	19	16
12393	17	10	5
12394	17	6	4
12395	15	19	16
12396	17	14	16
12397	10	17	20
12398	9	12	14
12399	2	1	10
12400	4	11	0
12401	14	2	6
12402	7	6	17
12403	10	14	19
12404	16	10	12
12405	13	8	6
12406	17	6	1
12407	18	9	19
12408	18	0	15
12409	20	1	5
12410	12	18	0
12411	20	2	10
12412	6	1	13
12413	6	8	7
12414	2	4	5
12415	8	2	5
12416	6	18	7
12417	3	10	17
12418	7	19	12
12419	11	17	19
12420	17	6	8
12421	12	10	7
12422	17	0	18
12423	11	0	10
12424	19	2	20
12425	7	15	13
12426	10	4	9
12427	3	20	9
12428	2	8	17
12429	12	9	14
12430	2	5	9
12431	7	4	12
12432	10	0	12
12433	7	9	20
12434	10	1	0
12435	9	20	2
12436	2	8	14
12437	11	18	3
12438	7	14	10
12439	0	10	4
12440	11	6	5
12441	5	8	19
12442	13	2	15
12443	4	12	10
12444	15	19	1
12445	10	3	8
12446	0	18	16
12447	12	13	0
12448	15	12	11
12449	19	11	7
12450	14	3	16
12451	12	13	9
12452	9	18	14
12453	9	11	14
12454	17	13	5
12455	10	16	0
12456	8	13	0
12457	14	8	20
12458	16	20	9
12459	4	0	15
12460	3	16	13
12461	3	12	20
12462	20	10	8
12463	8	19	9
12464	6	10	13
12465	6	2	7
12466	12	3	8
12467	1	18	6
12468	20	15	3
12469	13	2	1
12470	17	6	8
12471	9	16	17
12472	14	10	13
12473	1	0	20
12474	6	3	8
12475	20	9	15
12476	13	12	3
12477	4	8	1
12478	16	8	4
12479	11	6	9
12480	14	4	15
12481	15	5	4
12482	1	13	8
12483	13	19	12
12484	7	5	3
12485	16	19	7
12486	19	16	18
12487	5	0	18
12488	9	19	0
12489	17	12	2
12490	1	15	11
12491	11	3	19
12492	3	11	9
12493	9	19	14
12494	12	7	16
12495	7	0	17
12496	15	16	2
12497	15	5	3
12498	18	2	9
12499	14	15	18
12500	18	9	14
12501	2	4	7
12502	12	15	8
12503	9	11	13
12504	8	20	6
12505	5	9	13
12506	12	16	13
12507	8	4	11
12508	11	12	6
12509	8	18	14
12510	0	13	7
12511	7	10	11
12512	7	2	0
12513	20	13	7
12514	0	7	17
12515	11	0	12
12516	10	17	6
12517	17	20	11
12518	6	8	9
12519	19	11	1
12520	13	7	12
12521	12	6	1
12522	16	19	6
12523	19	2	11
12524	6	14	12
12525	15	19	0
12526	2	3	5
12527	12	7	17
12528	1	14	4
12529	11	1	3
12530	16	19	17
12531	9	2	10
12532	4	12	5
12533	17	2	8
12534	14	8	2
12535	13	9	7
12536	18	10	15
12537	13	8	5
12538	8	3	4
12539	9	4	8
12540	5	9	2
12541	18	9	12
12542	9	14	3
12543	7	9	13
12544	19	11	8
12545	19	10	18
12546	18	2	19
12547	20	3	15
12548	12	20	4
12549	18	6	13
12550	11	8	3
12551	2	19	4
12552	15	3	9
12553	10	3	19
12554	12	9	10
12555	20	16	3
12556	20	2	12
12557	0	9	18
12558	4	17	1
12559	9	0	12
12560	7	19	12
12561	15	16	1
12562	2	7	10
12563	19	14	18
12564	7	0	1
12565	19	1	5
12566	9	0	11
12567	4	1	16
12568	6	20	11
12569	13	10	8
12570	9	12	13
12571	13	9	18
12572	7	16	19
12573	20	8	2
12574	5	3	9
12575	5	16	10
12576	2	6	8
12577	9	11	18
12578	5	18	15
12579	2	19	15
12580	20	0	18
12581	18	4	0
12582	8	9	3
12583	3	10	9
12584	20	3	12
12585	9	20	19
12586	12	17	6
12587	15	4	1
12588	8	18	1
12589	20	4	16
12590	18	5	1
12591	9	6	14
12592	4	3	1
12593	12	13	9
12594	7	11	0
12595	18	11	13
12596	6	4	10
12597	10	9	12
12598	6	11	2
12599	8	13	12
12600	9	12	2
12601	8	18	20
12602	10	6	16
12603	2	0	20
12604	18	2	13
12605	6	0	5
12606	7	19	3
12607	17	3	8
12608	11	4	8
12609	13	0	7
12610	13	17	1
12611	6	3	19
12612	6	16	12
12613	14	11	4
12614	20	9	14
12615	4	17	19
12616	15	11	16
12617	20	15	13
12618	4	19	15
12619	10	3	1
12620	4	20	7
12621	2	16	7
12622	19	9	5
12623	14	16	3
12624	11	7	15
12625	14	15	2
12626	2	20	8
12627	3	19	4
12628	5	18	4
12629	0	10	9
12630	12	13	9
12631	18	13	8
12632	15	3	1
12633	17	9	8
12634	2	10	20
12635	12	13	10
12636	9	18	8
12637	4	6	3
12638	20	14	19
12639	18	19	2
12640	3	11	5
12641	8	7	18
12642	5	18	7
12643	12	20	9
12644	15	7	6
12645	16	14	0
12646	9	0	14
12647	6	4	15
12648	0	5	16
12649	3	4	18
12650	0	14	16
12651	0	15	7
12652	7	1	5
12653	7	16	19
12654	8	12	18
12655	16	5	10
12656	18	2	4
12657	7	9	19
12658	12	5	8
12659	15	10	8
12660	14	8	20
12661	3	4	11
12662	17	20	5
12663	2	14	15
12664	18	14	5
12665	13	12	8
12666	8	14	17
12667	2	1	10
12668	12	16	2
12669	2	11	19
12670	13	7	8
12671	14	7	17
12672	10	4	14
12673	15	17	6
12674	5	7	6
12675	14	18	8
12676	18	4	12
12677	19	2	11
12678	5	13	7
12679	1	7	3
12680	7	12	14
12681	18	7	9
12682	7	16	12
12683	18	3	15
12684	13	0	16
12685	8	9	13
12686	3	7	0
12687	4	18	10
12688	2	19	3
12689	4	13	1
12690	12	6	11
12691	11	9	20
12692	19	15	2
12693	3	6	15
12694	9	19	10
12695	4	15	8
12696	18	16	11
12697	2	9	5
12698	16	4	18
12699	1	15	8
12700	11	14	5
12701	9	14	6
12702	12	20	7
12703	0	15	11
12704	20	12	19
12705	20	2	16
12706	9	19	11
12707	16	19	11
12708	13	1	12
12709	4	5	16
12710	12	4	17
12711	17	19	12
12712	9	17	2
12713	0	11	17
12714	0	11	6
12715	12	15	2
12716	20	9	2
12717	5	16	3
12718	6	10	3
12719	5	9	18
12720	3	10	1
12721	20	18	0
12722	2	7	16
12723	9	1	11
12724	14	5	2
12725	4	8	6
12726	3	2	11
12727	15	16	7
12728	3	12	10
12729	19	5	15
12730	18	3	20
12731	15	6	3
12732	0	7	10
12733	9	11	6
12734	15	13	16
12735	5	17	12
12736	1	4	13
12737	10	12	6
12738	14	0	8
12739	14	15	7
12740	19	12	2
12741	12	7	4
12742	7	15	10
12743	16	13	10
12744	20	9	5
12745	9	2	17
12746	14	16	8
12747	10	1	15
12748	6	18	11
12749	5	11	14
12750	2	18	13
12751	5	3	16
12752	17	12	18
12753	10	1	5
12754	4	14	20
12755	7	6	12
12756	9	4	3
12757	9	14	2
12758	6	9	11
12759	13	20	2
12760	6	4	10
12761	4	14	15
12762	11	2	1
12763	11	18	7
12764	12	8	2
12765	16	0	19
12766	18	15	6
12767	10	9	11
12768	18	16	12
12769	2	15	18
12770	6	9	3
12771	19	15	14
12772	6	9	0
12773	4	9	18
12774	8	11	20
12775	19	6	11
12776	17	13	12
12777	5	20	2
12778	7	11	6
12779	15	6	2
12780	1	13	5
12781	17	14	9
12782	0	14	8
12783	19	9	0
12784	11	17	3
12785	12	16	8
12786	18	1	7
12787	12	9	20
12788	10	12	3
12789	6	11	17
12790	6	13	20
12791	12	10	4
12792	5	8	17
12793	6	1	16
12794	1	10	8
12795	13	4	17
12796	10	9	6
12797	2	12	4
12798	9	7	6
12799	17	6	8
12800	19	15	17
12801	11	1	12
12802	18	20	8
12803	13	11	20
12804	16	1	15
12805	20	3	2
12806	19	20	0
12807	8	10	20
12808	15	17	2
12809	17	2	4
12810	10	13	7
12811	13	6	16
12812	6	16	10
12813	8	18	10
12814	19	4	3
12815	17	8	5
12816	1	10	12
12817	17	0	12
12818	20	7	4
12819	18	14	0
12820	6	11	12
12821	13	4	18
12822	14	20	15
12823	6	8	9
12824	2	20	5
12825	13	1	9
12826	19	17	2
12827	15	6	14
12828	18	1	4
12829	15	0	6
12830	20	3	4
12831	15	2	14
12832	12	10	5
12833	18	7	19
12834	2	15	16
12835	13	16	9
12836	3	8	9
12837	15	14	11
12838	5	0	10
12839	4	8	12
12840	11	2	13
12841	16	2	15
12842	6	2	18
12843	17	13	7
12844	16	13	19
12845	6	11	2
12846	18	3	16
12847	10	11	8
12848	19	16	3
12849	9	17	0
12850	16	7	18
12851	5	1	3
12852	16	4	1
12853	10	15	1
12854	5	4	7
12855	20	6	18
12856	11	17	12
12857	12	10	14
12858	10	13	12
12859	16	20	11
12860	6	7	9
12861	15	7	20
12862	12	0	17
12863	10	12	2
12864	1	8	5
12865	12	2	1
12866	2	5	16
12867	18	7	13
12868	3	6	11
12869	20	6	10
12870	20	2	3
12871	0	20	18
12872	5	12	13
12873	9	1	2
12874	8	14	19
12875	6	10	17
12876	1	8	0
12877	9	6	11
12878	12	19	9
12879	3	7	1
12880	19	6	5
12881	17	12	19
12882	1	17	13
12883	7	6	4
12884	0	17	11
12885	0	15	17
12886	17	19	13
12887	8	6	7
12888	6	9	2
12889	16	2	13
12890	17	18	2
12891	8	17	5
12892	17	16	13
12893	2	0	4
12894	3	19	12
12895	12	18	7
12896	3	17	2
12897	14	4	11
12898	13	1	12
12899	19	15	20
12900	12	6	9
12901	16	10	12
12902	9	13	3
12903	14	20	1
12904	17	12	7
12905	18	13	9
12906	14	10	4
12907	16	13	2
12908	3	7	9
12909	2	10	15
12910	10	0	7
12911	17	7	19
12912	6	17	11
12913	0	19	2
12914	7	17	0
12915	18	20	8
12916	14	15	5
12917	19	16	0
12918	3	12	16
12919	13	12	10
12920	0	8	17
12921	10	6	2
12922	17	0	5
12923	13	5	18
12924	15	0	11
12925	5	9	8
12926	6	2	12
12927	7	4	17
12928	20	8	9
12929	17	11	10
12930	3	9	14
12931	16	2	9
12932	20	16	17
12933	19	18	0
12934	0	1	15
12935	4	5	20
12936	19	15	20
12937	4	8	19
12938	12	9	17
12939	6	18	10
12940	5	7	2
12941	2	13	20
12942	9	12	16
12943	6	8	2
12944	11	5	10
12945	10	14	5
12946	9	16	3
12947	0	5	2
12948	0	10	9
12949	19	5	12
12950	5	17	4
12951	5	18	20
12952	20	19	10
12953	9	16	14
12954	2	17	15
12955	4	12	7
12956	19	9	2
12957	11	10	15
12958	4	17	16
12959	18	14	2
12960	6	9	10
12961	0	7	6
12962	7	1	0
12963	13	11	2
12964	11	8	13
12965	6	2	1
12966	18	8	7
12967	1	18	16
12968	12	2	11
12969	17	20	8
12970	6	20	5
12971	13	14	18
12972	17	5	3
12973	20	13	10
12974	0	10	4
12975	10	2	5
12976	12	8	5
12977	15	20	5
12978	14	17	9
12979	1	11	9
12980	0	11	13
12981	13	4	14
12982	4	5	14
12983	10	12	20
12984	15	3	2
12985	16	4	19
12986	11	4	9
12987	17	11	1
12988	14	13	18
12989	15	13	5
12990	18	10	16
12991	6	5	12
12992	4	15	11
12993	9	20	8
12994	16	10	8
12995	17	0	19
12996	1	18	15
12997	17	16	4
12998	6	2	14
12999	2	12	15
13000	12	4	3
13001	13	1	4
13002	20	14	17
13003	4	7	14
13004	9	12	1
13005	13	0	8
13006	5	12	9
13007	4	18	11
13008	9	7	17
13009	20	1	11
13010	1	11	13
13011	15	4	16
13012	18	0	12
13013	19	11	7
13014	8	17	15
13015	11	4	13
13016	20	16	17
13017	1	2	3
13018	15	3	13
13019	18	1	19
13020	5	14	13
13021	18	17	0
13022	4	11	10
13023	12	13	1
13024	3	15	6
13025	6	20	7
13026	4	0	9
13027	10	0	11
13028	6	2	15
13029	19	10	9
13030	4	13	11
13031	17	10	19
13032	3	4	6
13033	0	13	2
13034	1	0	18
13035	16	14	0
13036	19	20	3
13037	17	1	5
13038	11	13	9
13039	14	3	9
13040	3	8	10
13041	20	9	10
13042	2	18	4
13043	4	6	19
13044	15	19	2
13045	16	5	8
13046	3	14	4
13047	17	5	8
13048	12	0	6
13049	20	1	6
13050	15	12	17
13051	19	6	11
13052	2	10	11
13053	8	1	20
13054	20	5	4
13055	3	18	10
13056	3	15	18
13057	17	11	4
13058	13	5	19
13059	2	17	13
13060	19	8	9
13061	19	1	20
13062	20	12	0
13063	5	13	11
13064	12	20	15
13065	6	19	15
13066	9	5	2
13067	19	16	10
13068	11	2	6
13069	0	15	1
13070	4	3	17
13071	20	19	1
13072	10	5	14
13073	18	4	15
13074	18	16	6
13075	19	11	3
13076	5	20	8
13077	4	16	15
13078	6	18	5
13079	8	17	18
13080	14	1	13
13081	16	8	3
13082	10	9	16
13083	11	5	18
13084	19	9	3
13085	19	7	18
13086	0	2	10
13087	6	0	5
13088	20	11	17
13089	10	15	14
13090	16	17	20
13091	16	17	11
13092	3	4	10
13093	14	17	0
13094	16	20	19
13095	15	5	4
13096	11	9	10
13097	9	0	19
13098	7	13	12
13099	5	1	7
13100	5	12	3
13101	16	0	9
13102	2	20	13
13103	18	14	0
13104	7	5	1
13105	5	19	8
13106	19	17	9
13107	20	3	12
13108	4	9	14
13109	13	0	9
13110	5	19	12
13111	5	0	7
13112	18	13	0
13113	5	16	0
13114	2	5	7
13115	6	1	10
13116	0	5	3
13117	17	6	14
13118	14	8	12
13119	13	6	7
13120	4	8	14
13121	8	7	3
13122	9	3	7
13123	3	14	2
13124	5	3	10
13125	6	3	15
13126	18	5	3
13127	4	5	15
13128	15	9	11
13129	7	13	4
13130	19	18	3
13131	5	20	13
13132	20	16	12
13133	3	5	9
13134	1	18	13
13135	6	10	1
13136	19	3	5
13137	18	0	11
13138	20	12	0
13139	6	10	3
13140	11	7	6
13141	11	9	13
13142	14	17	0
13143	15	14	17
13144	6	19	3
13145	13	4	1
13146	2	14	16
13147	11	12	19
13148	11	18	13
13149	17	1	7
13150	9	3	14
13151	12	2	16
13152	3	17	16
13153	3	0	13
13154	14	2	1
13155	15	1	10
13156	18	14	12
13157	8	7	11
13158	11	15	7
13159	20	15	7
13160	5	13	1
13161	18	20	4
13162	1	15	17
13163	2	17	5
13164	15	14	16
13165	4	3	15
13166	5	13	11
13167	3	18	13
13168	5	19	2
13169	11	10	9
13170	0	11	13
13171	20	15	11
13172	12	18	20
13173	3	0	13
13174	18	14	19
13175	7	0	1
13176	18	12	7
13177	18	20	8
13178	11	20	16
13179	5	14	2
13180	3	16	15
13181	18	7	20
13182	15	12	17
13183	6	16	11
13184	0	17	4
13185	2	10	3
13186	13	18	12
13187	4	14	19
13188	4	6	3
13189	3	11	10
13190	12	11	1
13191	7	11	20
13192	18	13	20
13193	5	8	6
13194	8	13	10
13195	8	20	7
13196	2	16	0
13197	8	10	3
13198	18	7	10
13199	19	5	3
13200	10	9	2
13201	9	11	18
13202	11	18	19
13203	6	18	16
13204	7	12	16
13205	18	10	9
13206	20	18	2
13207	14	6	3
13208	20	17	12
13209	12	16	7
13210	11	8	9
13211	19	18	11
13212	7	10	3
13213	15	18	13
13214	15	3	1
13215	11	5	14
13216	0	13	4
13217	17	10	20
13218	14	15	6
13219	9	11	16
13220	10	15	13
13221	2	5	17
13222	3	10	20
13223	5	9	15
13224	5	11	10
13225	19	18	20
13226	6	8	17
13227	2	9	4
13228	3	2	8
13229	6	12	17
13230	19	3	10
13231	15	5	2
13232	4	2	11
13233	7	1	14
13234	12	3	16
13235	5	6	20
13236	2	3	20
13237	16	9	18
13238	14	11	3
13239	13	0	2
13240	12	1	5
13241	12	16	3
13242	10	9	6
13243	18	6	4
13244	3	15	19
13245	7	6	0
13246	2	3	16
13247	10	0	1
13248	4	6	19
13249	13	14	8
13250	20	16	11
13251	4	11	18
13252	3	20	5
13253	9	13	18
13254	19	9	7
13255	6	19	12
13256	15	13	18
13257	3	10	16
13258	5	10	18
13259	18	4	10
13260	17	11	16
13261	0	12	20
13262	1	17	2
13263	17	4	6
13264	6	11	7
13265	0	15	3
13266	15	12	1
13267	14	4	2
13268	10	5	8
13269	10	11	7
13270	16	6	1
13271	10	3	0
13272	19	17	12
13273	19	17	18
13274	7	16	12
13275	9	18	20
13276	17	7	16
13277	8	18	6
13278	10	8	14
13279	12	17	2
13280	8	2	4
13281	13	12	7
13282	17	6	19
13283	4	7	20
13284	12	7	6
13285	14	19	5
13286	6	10	14
13287	3	18	14
13288	14	8	3
13289	1	0	16
13290	19	3	18
13291	2	7	0
13292	9	18	7
13293	5	6	17
13294	3	5	9
13295	6	8	7
13296	7	20	14
13297	18	1	7
13298	12	4	5
13299	1	18	8
13300	6	12	10
13301	4	6	5
13302	11	20	9
13303	4	12	17
13304	8	2	14
13305	2	17	8
13306	12	0	15
13307	4	11	3
13308	14	4	11
13309	5	18	14
13310	17	11	10
13311	15	10	17
13312	15	8	17
13313	12	16	0
13314	11	13	18
13315	16	12	9
13316	16	0	17
13317	10	4	14
13318	3	20	18
13319	5	7	3
13320	3	17	10
13321	2	15	17
13322	17	4	0
13323	4	2	11
13324	11	10	2
13325	18	5	19
13326	0	17	12
13327	5	12	7
13328	20	18	17
13329	5	17	11
13330	6	13	8
13331	20	3	9
13332	14	4	9
13333	8	20	7
13334	2	13	11
13335	18	11	1
13336	8	7	15
13337	19	17	16
13338	1	14	13
13339	12	16	13
13340	6	8	15
13341	16	6	9
13342	14	1	15
13343	2	11	6
13344	12	1	3
13345	19	3	6
13346	4	2	19
13347	12	19	1
13348	15	2	6
13349	19	3	6
13350	2	8	3
13351	9	8	11
13352	12	11	9
13353	20	17	13
13354	6	11	13
13355	20	18	19
13356	17	9	14
13357	18	11	14
13358	5	4	12
13359	8	16	13
13360	18	20	14
13361	20	12	5
13362	16	1	17
13363	0	12	2
13364	0	13	18
13365	13	4	6
13366	4	19	2
13367	13	11	3
13368	18	3	6
13369	16	1	11
13370	0	1	16
13371	7	17	13
13372	18	4	2
13373	8	0	1
13374	4	8	13
13375	15	16	1
13376	3	16	17
13377	15	0	5
13378	0	3	13
13379	17	15	4
13380	5	2	1
13381	5	3	13
13382	0	15	8
13383	14	11	9
13384	20	14	6
13385	19	11	3
13386	17	1	20
13387	19	5	4
13388	16	15	4
13389	17	6	16
13390	15	18	1
13391	18	4	7
13392	3	12	6
13393	2	13	3
13394	4	19	17
13395	10	2	20
13396	14	3	15
13397	18	11	0
13398	17	7	12
13399	13	12	18
13400	4	10	3
13401	3	13	20
13402	14	0	10
13403	6	19	16
13404	11	18	0
13405	9	8	5
13406	1	6	20
13407	19	6	8
13408	17	15	3
13409	18	3	12
13410	14	19	0
13411	13	20	14
13412	7	3	15
13413	12	9	15
13414	12	3	14
13415	8	7	4
13416	10	4	0
13417	9	10	17
13418	18	16	10
13419	10	9	1
13420	7	18	12
13421	9	5	14
13422	15	10	2
13423	16	18	1
13424	19	1	2
13425	4	13	0
13426	7	6	16
13427	7	8	11
13428	17	16	19
13429	14	9	13
13430	14	16	4
13431	11	7	13
13432	5	15	17
13433	5	17	1
13434	19	1	11
13435	16	5	17
13436	0	8	19
13437	6	11	2
13438	9	17	0
13439	4	5	17
13440	1	0	20
13441	8	6	10
13442	16	17	12
13443	2	8	7
13444	17	18	10
13445	8	10	19
13446	11	15	7
13447	5	16	7
13448	16	15	14
13449	6	15	7
13450	10	13	4
13451	6	15	20
13452	19	0	11
13453	10	16	7
13454	12	6	4
13455	3	10	0
13456	19	16	3
13457	17	2	19
13458	7	1	12
13459	5	12	4
13460	18	14	16
13461	14	0	7
13462	16	19	5
13463	10	6	7
13464	3	5	18
13465	2	13	20
13466	1	6	10
13467	16	4	19
13468	16	10	2
13469	16	3	20
13470	4	11	15
13471	18	19	16
13472	1	8	14
13473	2	17	20
13474	9	6	10
13475	2	20	11
13476	8	12	13
13477	16	18	8
13478	4	3	2
13479	11	17	15
13480	10	20	8
13481	19	14	17
13482	3	17	13
13483	11	4	8
13484	12	7	13
13485	13	15	12
13486	3	6	14
13487	8	13	18
13488	14	8	12
13489	12	17	16
13490	3	5	16
13491	13	9	16
13492	16	3	12
13493	13	19	0
13494	2	19	4
13495	14	20	1
13496	20	15	14
13497	14	16	4
13498	11	3	16
13499	12	11	20
13500	3	19	0
13501	6	13	12
13502	6	9	16
13503	0	18	4
13504	8	18	6
13505	12	7	4
13506	8	6	18
13507	14	7	8
13508	5	18	3
13509	14	7	9
13510	15	7	9
13511	18	13	1
13512	19	18	14
13513	6	19	18
13514	8	14	18
13515	3	20	14
13516	0	2	9
13517	20	14	4
13518	10	0	5
13519	16	15	19
13520	20	7	0
13521	5	2	15
13522	18	4	2
13523	14	17	4
13524	18	13	16
13525	16	10	2
13526	10	17	19
13527	9	16	20
13528	20	7	10
13529	20	4	9
13530	12	11	19
13531	18	20	17
13532	8	1	6
13533	1	19	11
13534	5	12	1
13535	8	20	1
13536	3	12	18
13537	6	12	17
13538	14	19	20
13539	19	4	11
13540	13	6	8
13541	7	11	15
13542	16	5	13
13543	13	15	10
13544	13	3	2
13545	19	4	11
13546	16	12	8
13547	20	7	19
13548	3	17	1
13549	10	5	1
13550	15	11	9
13551	9	6	0
13552	19	4	0
13553	10	6	17
13554	9	20	13
13555	1	16	5
13556	10	6	20
13557	2	10	11
13558	3	5	0
13559	8	5	0
13560	15	11	19
13561	0	5	1
13562	13	2	14
13563	8	16	18
13564	8	10	11
13565	4	20	15
13566	16	20	13
13567	1	5	14
13568	9	14	10
13569	0	16	18
13570	8	15	0
13571	20	9	2
13572	1	16	18
13573	8	7	17
13574	1	0	17
13575	19	13	2
13576	11	17	0
13577	3	4	0
13578	0	13	18
13579	11	9	3
13580	3	4	14
13581	5	0	10
13582	0	4	12
13583	8	9	14
13584	20	15	5
13585	2	1	3
13586	9	2	19
13587	3	10	11
13588	10	14	6
13589	19	15	6
13590	1	5	16
13591	1	12	7
13592	15	0	19
13593	2	11	20
13594	4	9	11
13595	1	8	11
13596	4	17	2
13597	6	7	13
13598	2	8	3
13599	20	15	3
13600	10	5	1
13601	3	2	14
13602	15	6	0
13603	19	4	8
13604	5	11	1
13605	20	10	4
13606	12	16	14
13607	7	3	11
13608	1	18	10
13609	0	5	4
13610	1	10	14
13611	10	20	15
13612	17	9	16
13613	3	7	16
13614	18	4	11
13615	19	0	4
13616	20	3	15
13617	7	10	3
13618	3	0	16
13619	14	11	6
13620	13	7	17
13621	3	14	15
13622	20	15	17
13623	18	1	8
13624	6	3	1
13625	16	9	12
13626	5	10	1
13627	11	19	20
13628	15	3	19
13629	19	11	20
13630	5	4	16
13631	19	20	2
13632	16	8	14
13633	12	6	9
13634	2	0	7
13635	3	8	20
13636	16	9	18
13637	9	13	8
13638	10	8	14
13639	8	11	20
13640	13	8	3
13641	1	13	3
13642	2	7	9
13643	14	11	19
13644	19	20	8
13645	16	10	15
13646	9	14	20
13647	1	12	17
13648	15	6	1
13649	20	12	2
13650	10	16	6
13651	14	10	17
13652	10	17	15
13653	7	3	11
13654	8	14	2
13655	20	16	1
13656	18	10	7
13657	12	20	9
13658	7	12	16
13659	16	12	17
13660	14	19	15
13661	5	16	11
13662	4	15	5
13663	7	18	14
13664	20	5	11
13665	7	18	19
13666	12	15	20
13667	19	20	3
13668	3	20	10
13669	5	2	17
13670	0	2	10
13671	0	20	17
13672	19	9	18
13673	9	0	18
13674	13	19	7
13675	12	10	8
13676	0	10	9
13677	0	9	3
13678	7	8	0
13679	2	6	17
13680	18	6	17
13681	4	2	11
13682	19	0	8
13683	3	19	18
13684	4	20	7
13685	10	0	16
13686	10	13	7
13687	18	12	20
13688	10	1	2
13689	3	0	6
13690	19	13	12
13691	14	18	11
13692	3	4	17
13693	3	12	13
13694	15	7	19
13695	20	14	1
13696	5	15	19
13697	2	19	8
13698	12	7	11
13699	17	1	13
13700	15	1	3
13701	0	8	13
13702	16	14	7
13703	18	0	15
13704	4	20	14
13705	6	16	19
13706	6	3	0
13707	20	19	12
13708	6	2	18
13709	0	4	17
13710	0	6	8
13711	16	4	11
13712	11	2	19
13713	2	18	19
13714	15	7	20
13715	14	4	19
13716	17	1	11
13717	13	3	9
13718	4	16	2
13719	0	5	12
13720	16	19	12
13721	0	10	6
13722	14	5	1
13723	9	15	6
13724	8	14	19
13725	13	16	12
13726	2	18	1
13727	16	8	1
13728	19	7	3
13729	16	13	20
13730	6	14	0
13731	12	10	15
13732	11	9	3
13733	15	0	9
13734	15	12	18
13735	7	2	9
13736	20	5	12
13737	11	14	13
13738	1	20	19
13739	5	8	6
13740	18	9	19
13741	14	15	10
13742	17	18	5
13743	1	0	4
13744	16	7	5
13745	6	19	15
13746	5	0	8
13747	19	1	16
13748	4	14	5
13749	18	15	5
13750	1	17	13
13751	6	5	11
13752	1	16	14
13753	13	20	3
13754	13	12	10
13755	10	11	17
13756	20	16	12
13757	3	10	7
13758	17	13	5
13759	9	14	10
13760	7	17	12
13761	0	20	18
13762	17	19	18
13763	2	16	11
13764	13	7	8
13765	12	17	18
13766	0	13	9
13767	11	10	4
13768	19	2	1
13769	3	5	11
13770	16	7	9
13771	15	5	20
13772	15	5	18
13773	3	5	18
13774	20	11	5
13775	14	13	6
13776	20	5	3
13777	7	12	16
13778	9	18	2
13779	8	11	20
13780	17	0	20
13781	14	20	9
13782	11	9	17
13783	19	18	20
13784	20	5	3
13785	8	6	0
13786	8	0	17
13787	11	17	2
13788	1	9	15
13789	8	10	1
13790	11	6	12
13791	8	6	13
13792	1	11	18
13793	13	9	18
13794	15	12	5
13795	6	20	11
13796	20	19	18
13797	7	8	15
13798	2	15	12
13799	13	0	6
13800	15	1	18
13801	14	15	5
13802	9	12	17
13803	10	20	5
13804	14	18	19
13805	15	20	3
13806	3	5	7
13807	6	9	10
13808	17	16	11
13809	4	14	1
13810	10	8	12
13811	7	11	17
13812	14	11	8
13813	9	13	10
13814	14	18	5
13815	13	12	16
13816	18	19	14
13817	10	3	5
13818	18	2	20
13819	4	11	2
13820	3	18	2
13821	13	6	3
13822	10	3	2
13823	1	0	15
13824	10	9	14
13825	1	0	19
13826	9	19	2
13827	12	16	19
13828	18	16	19
13829	16	13	14
13830	18	7	11
13831	18	10	9
13832	19	10	1
13833	8	4	0
13834	15	5	18
13835	7	5	8
13836	1	12	16
13837	19	12	4
13838	19	8	20
13839	15	9	5
13840	14	10	3
13841	4	18	17
13842	12	20	10
13843	2	10	5
13844	9	3	8
13845	11	4	15
13846	15	10	5
13847	11	20	19
13848	11	8	14
13849	9	19	15
13850	4	15	2
13851	13	5	9
13852	12	5	9
13853	7	18	9
13854	12	0	7
13855	12	11	4
13856	20	9	11
13857	6	14	1
13858	10	18	16
13859	19	11	15
13860	5	13	8
13861	4	18	1
13862	11	17	6
13863	15	12	4
13864	0	7	4
13865	4	2	16
13866	5	1	9
13867	2	14	0
13868	5	18	6
13869	15	10	13
13870	11	20	8
13871	8	3	18
13872	11	10	4
13873	10	1	3
13874	6	5	12
13875	7	2	16
13876	0	16	9
13877	17	3	12
13878	9	20	12
13879	19	2	10
13880	19	13	1
13881	0	20	1
13882	14	8	11
13883	10	14	0
13884	5	4	18
13885	7	11	20
13886	12	18	8
13887	9	19	2
13888	6	3	2
13889	0	3	17
13890	7	6	5
13891	13	10	11
13892	12	14	3
13893	13	12	7
13894	18	2	14
13895	15	14	7
13896	3	9	11
13897	4	16	19
13898	3	2	10
13899	15	16	11
13900	18	16	19
13901	10	18	1
13902	4	8	14
13903	4	18	15
13904	11	14	16
13905	0	9	8
13906	12	13	14
13907	13	20	16
13908	14	4	18
13909	13	19	9
13910	17	13	4
13911	8	0	14
13912	5	15	1
13913	18	1	14
13914	8	2	20
13915	2	20	17
13916	17	7	8
13917	2	6	3
13918	6	13	10
13919	17	8	6
13920	6	15	2
13921	4	2	9
13922	8	9	10
13923	12	3	20
13924	10	11	13
13925	17	16	13
13926	14	12	11
13927	20	12	16
13928	17	1	2
13929	1	12	2
13930	14	11	2
13931	20	19	17
13932	13	20	4
13933	9	17	5
13934	9	14	11
13935	3	10	11
13936	9	2	17
13937	7	3	8
13938	7	5	14
13939	4	9	20
13940	19	16	14
13941	13	3	12
13942	15	9	4
13943	2	19	20
13944	2	15	19
13945	9	1	12
13946	9	8	5
13947	19	4	6
13948	12	20	0
13949	14	2	0
13950	10	3	11
13951	6	17	7
13952	16	10	14
13953	12	17	4
13954	15	20	4
13955	17	19	20
13956	14	18	11
13957	16	14	18
13958	0	20	18
13959	2	4	14
13960	20	6	0
13961	13	4	14
13962	11	1	10
13963	15	3	13
13964	6	11	1
13965	2	1	12
13966	19	8	9
13967	15	10	19
13968	2	11	13
13969	16	8	9
13970	8	5	10
13971	10	8	14
13972	4	18	0
13973	16	7	6
13974	15	6	14
13975	19	4	7
13976	4	18	19
13977	0	11	13
13978	12	8	4
13979	11	3	4
13980	0	2	17
13981	3	8	10
13982	4	11	19
13983	3	7	11
13984	11	15	7
13985	1	19	9
13986	20	1	6
13987	2	12	5
13988	4	17	2
13989	4	10	15
13990	10	1	6
13991	3	9	16
13992	2	13	5
13993	9	4	15
13994	20	4	19
13995	3	20	10
13996	7	10	14
13997	5	3	10
13998	14	11	18
13999	15	1	2
14000	4	15	18
14001	13	9	8
14002	5	1	16
14003	2	8	7
14004	9	19	15
14005	0	20	5
14006	5	18	7
14007	10	11	1
14008	4	7	16
14009	13	0	15
14010	1	3	13
14011	10	12	2
14012	0	16	19
14013	16	9	12
14014	7	14	16
14015	14	16	11
14016	17	16	18
14017	4	7	2
14018	6	10	16
14019	15	2	16
14020	19	7	18
14021	14	16	17
14022	8	1	2
14023	16	8	20
14024	8	19	14
14025	9	5	1
14026	15	14	17
14027	0	11	6
14028	11	14	7
14029	2	9	4
14030	3	17	16
14031	11	17	10
14032	14	18	7
14033	14	3	7
14034	10	7	20
14035	8	13	18
14036	8	9	3
14037	17	4	5
14038	9	14	13
14039	15	9	2
14040	16	14	3
14041	6	1	0
14042	3	9	18
14043	18	14	13
14044	20	9	5
14045	19	20	18
14046	8	0	19
14047	17	15	5
14048	2	16	3
14049	1	20	2
14050	8	3	17
14051	8	0	3
14052	5	2	20
14053	13	17	16
14054	2	11	13
14055	17	15	5
14056	6	12	14
14057	12	13	2
14058	1	0	3
14059	1	9	17
14060	0	1	2
14061	19	10	2
14062	14	10	17
14063	12	17	1
14064	1	10	11
14065	10	7	20
14066	13	16	17
14067	7	6	20
14068	6	10	16
14069	7	12	15
14070	11	12	3
14071	4	7	20
14072	11	8	19
14073	12	16	17
14074	15	3	5
14075	5	9	7
14076	0	3	7
14077	0	4	20
14078	15	1	7
14079	12	2	1
14080	3	16	14
14081	13	15	12
14082	1	9	14
14083	6	0	13
14084	18	7	13
14085	6	4	8
14086	7	14	11
14087	12	19	10
14088	18	10	17
14089	3	11	15
14090	8	18	5
14091	16	11	12
14092	11	5	0
14093	3	0	9
14094	7	4	16
14095	15	5	2
14096	0	4	17
14097	6	5	11
14098	7	10	16
14099	7	2	8
14100	20	4	17
14101	5	10	3
14102	4	7	16
14103	3	4	20
14104	16	5	0
14105	6	19	13
14106	2	11	5
14107	13	0	14
14108	5	6	20
14109	0	12	10
14110	15	10	0
14111	7	6	12
14112	13	5	19
14113	19	12	7
14114	11	9	8
14115	8	10	9
14116	5	14	1
14117	0	12	17
14118	15	12	11
14119	17	12	11
14120	4	19	3
14121	10	19	15
14122	4	10	11
14123	16	7	4
14124	8	10	2
14125	11	5	15
14126	7	5	15
14127	3	9	16
14128	16	10	1
14129	5	1	17
14130	0	12	3
14131	20	9	12
14132	18	13	3
14133	6	2	18
14134	15	2	13
14135	0	19	10
14136	5	20	15
14137	2	10	12
14138	13	11	19
14139	3	18	9
14140	19	5	20
14141	8	5	16
14142	15	10	13
14143	13	18	4
14144	6	10	13
14145	9	6	4
14146	16	5	17
14147	2	14	17
14148	18	3	17
14149	5	4	3
14150	19	4	12
14151	10	16	19
14152	20	17	3
14153	15	4	14
14154	5	12	16
14155	20	0	11
14156	9	11	3
14157	12	13	3
14158	1	18	20
14159	1	13	6
14160	7	8	2
14161	10	14	11
14162	4	9	6
14163	2	5	19
14164	10	5	16
14165	3	8	0
14166	15	8	12
14167	5	18	16
14168	5	10	1
14169	3	13	12
14170	13	17	8
14171	4	19	10
14172	3	20	5
14173	0	8	10
14174	15	3	16
14175	15	17	7
14176	2	16	15
14177	15	17	9
14178	11	2	6
14179	9	8	6
14180	18	12	19
14181	5	6	15
14182	16	7	20
14183	6	17	19
14184	3	2	14
14185	18	0	20
14186	12	3	9
14187	2	19	14
14188	15	14	10
14189	16	19	9
14190	7	0	15
14191	18	11	12
14192	18	13	17
14193	15	14	13
14194	19	4	2
14195	10	19	9
14196	19	9	1
14197	1	7	8
14198	13	12	9
14199	1	19	3
14200	10	13	1
14201	20	2	8
14202	11	4	14
14203	0	8	13
14204	6	19	7
14205	0	4	11
14206	13	2	0
14207	5	17	9
14208	2	16	19
14209	6	7	16
14210	2	3	0
14211	19	15	14
14212	15	11	9
14213	12	1	17
14214	15	8	11
14215	1	8	20
14216	9	15	12
14217	2	19	5
14218	2	11	19
14219	18	4	7
14220	4	1	3
14221	5	6	13
14222	19	1	17
14223	3	12	6
14224	12	7	0
14225	20	3	19
14226	18	5	15
14227	6	3	16
14228	15	1	18
14229	0	6	17
14230	0	16	20
14231	8	4	15
14232	3	10	7
14233	2	11	9
14234	4	0	6
14235	2	13	9
14236	4	12	2
14237	18	13	16
14238	3	13	0
14239	4	18	2
14240	19	7	18
14241	9	5	8
14242	16	13	3
14243	5	1	10
14244	0	18	19
14245	1	6	9
14246	4	20	14
14247	18	4	10
14248	11	10	2
14249	16	6	0
14250	14	12	13
14251	17	15	0
14252	0	17	14
14253	5	13	16
14254	11	7	19
14255	20	2	18
14256	15	7	20
14257	4	14	19
14258	15	16	0
14259	1	12	5
14260	18	20	0
14261	10	18	12
14262	19	7	11
14263	11	17	0
14264	16	10	14
14265	15	1	18
14266	15	4	8
14267	15	8	6
14268	13	12	19
14269	12	0	16
14270	2	16	12
14271	10	12	3
14272	2	8	0
14273	9	20	7
14274	5	20	19
14275	12	3	11
14276	14	2	3
14277	3	9	17
14278	12	2	17
14279	19	9	20
14280	19	2	17
14281	20	0	4
14282	11	13	12
14283	15	13	0
14284	8	10	3
14285	20	6	15
14286	0	1	12
14287	6	11	8
14288	4	17	18
14289	12	18	11
14290	17	14	18
14291	7	15	11
14292	7	6	15
14293	18	15	7
14294	8	13	2
14295	6	5	4
14296	3	20	14
14297	1	16	4
14298	3	7	20
14299	13	3	10
14300	20	7	3
14301	14	16	3
14302	15	13	7
14303	8	0	19
14304	15	20	7
14305	4	19	16
14306	20	12	5
14307	4	14	5
14308	14	12	4
14309	7	9	6
14310	9	19	16
14311	12	16	5
14312	16	14	4
14313	12	4	3
14314	4	13	10
14315	1	5	12
14316	12	14	7
14317	20	10	19
14318	14	8	3
14319	9	7	0
14320	6	9	18
14321	2	15	6
14322	15	20	9
14323	14	20	9
14324	0	6	8
14325	11	2	14
14326	19	11	8
14327	7	3	16
14328	16	14	15
14329	12	7	6
14330	6	7	16
14331	16	18	11
14332	15	1	5
14333	17	2	3
14334	8	2	9
14335	18	5	11
14336	13	7	8
14337	12	20	7
14338	19	3	13
14339	5	19	8
14340	10	2	0
14341	14	12	1
14342	17	2	3
14343	7	11	8
14344	20	1	18
14345	2	4	1
14346	10	1	2
14347	17	11	4
14348	4	11	20
14349	19	3	6
14350	7	0	9
14351	2	3	17
14352	1	20	6
14353	19	10	11
14354	7	8	16
14355	0	3	6
14356	16	7	0
14357	20	10	14
14358	8	4	12
14359	0	5	1
14360	18	8	5
14361	13	3	8
14362	13	9	19
14363	3	6	10
14364	20	8	18
14365	20	4	17
14366	0	20	8
14367	18	15	2
14368	18	4	8
14369	11	13	8
14370	6	1	14
14371	11	3	16
14372	20	9	7
14373	19	12	16
14374	18	19	1
14375	16	7	1
14376	16	18	2
14377	17	19	12
14378	5	3	1
14379	18	1	10
14380	20	10	9
14381	5	14	16
14382	10	4	12
14383	17	18	0
14384	8	12	14
14385	4	0	16
14386	11	6	9
14387	10	8	20
14388	1	7	15
14389	4	12	7
14390	16	5	18
14391	19	11	8
14392	5	17	14
14393	8	18	12
14394	5	13	17
14395	6	3	12
14396	17	10	20
14397	17	11	9
14398	4	1	11
14399	13	0	15
14400	1	16	20
14401	15	13	4
14402	1	2	11
14403	7	1	3
14404	10	3	6
14405	18	6	20
14406	0	20	16
14407	14	10	7
14408	18	20	4
14409	15	5	1
14410	1	15	0
14411	20	6	5
14412	3	4	7
14413	12	14	7
14414	10	15	1
14415	2	9	10
14416	17	3	19
14417	11	8	20
14418	1	16	11
14419	12	5	4
14420	12	19	20
14421	17	2	1
14422	19	18	13
14423	2	11	17
14424	3	19	11
14425	20	17	4
14426	7	8	2
14427	19	3	7
14428	16	14	11
14429	17	11	19
14430	18	6	4
14431	10	2	13
14432	9	8	2
14433	6	10	4
14434	20	9	4
14435	1	4	16
14436	13	8	0
14437	2	4	11
14438	13	8	16
14439	16	2	4
14440	9	7	2
14441	12	19	3
14442	0	14	16
14443	9	16	12
14444	18	16	17
14445	2	0	20
14446	4	13	5
14447	10	14	12
14448	12	1	15
14449	8	10	7
14450	2	11	7
14451	10	20	0
14452	8	16	6
14453	1	11	7
14454	20	10	5
14455	19	9	6
14456	19	13	0
14457	16	18	9
14458	8	0	19
14459	8	7	12
14460	1	6	8
14461	8	14	0
14462	15	17	19
14463	18	5	20
14464	10	12	1
14465	3	13	19
14466	6	4	18
14467	14	10	20
14468	13	16	7
14469	12	16	17
14470	6	5	15
14471	12	11	20
14472	20	5	3
14473	16	18	11
14474	2	15	13
14475	12	1	6
14476	5	7	3
14477	15	9	0
14478	6	18	17
14479	18	7	20
14480	13	12	14
14481	17	14	19
14482	0	5	8
14483	11	8	9
14484	4	12	6
14485	5	15	20
14486	8	14	9
14487	14	10	8
14488	4	6	0
14489	17	20	5
14490	11	10	9
14491	11	14	13
14492	11	20	6
14493	19	4	10
14494	6	19	16
14495	2	13	4
14496	16	18	0
14497	10	6	18
14498	11	8	20
14499	1	19	20
14500	0	15	17
14501	5	8	13
14502	20	16	2
14503	11	5	20
14504	6	10	11
14505	1	13	19
14506	20	5	8
14507	20	7	0
14508	9	2	11
14509	2	10	20
14510	11	20	16
14511	6	2	1
14512	13	9	19
14513	9	12	15
14514	16	5	1
14515	3	19	20
14516	20	12	14
14517	15	3	14
14518	20	2	16
14519	5	1	19
14520	14	15	12
14521	16	6	2
14522	9	7	15
14523	6	18	11
14524	11	17	7
14525	15	12	18
14526	17	12	4
14527	19	15	6
14528	0	12	10
14529	2	4	12
14530	15	18	8
14531	4	8	13
14532	16	3	4
14533	1	14	5
14534	4	18	17
14535	6	7	5
14536	18	5	4
14537	19	12	5
14538	12	5	3
14539	2	12	15
14540	13	19	5
14541	16	9	18
14542	15	13	9
14543	7	18	20
14544	12	3	16
14545	3	13	20
14546	4	15	12
14547	14	0	8
14548	15	17	11
14549	10	7	3
14550	0	9	10
14551	6	12	14
14552	17	15	13
14553	14	13	18
14554	9	18	4
14555	13	8	1
14556	4	7	6
14557	17	2	1
14558	18	15	14
14559	13	5	11
14560	2	18	16
14561	16	3	10
14562	10	15	2
14563	11	20	8
14564	8	11	7
14565	2	8	13
14566	7	3	9
14567	0	17	12
14568	17	18	16
14569	15	3	13
14570	3	11	1
14571	6	7	8
14572	17	19	10
14573	2	8	13
14574	3	18	5
14575	8	20	11
14576	4	9	6
14577	13	16	10
14578	19	1	3
14579	19	1	8
14580	17	16	8
14581	8	16	5
14582	12	0	11
14583	19	9	16
14584	1	18	17
14585	7	12	16
14586	7	16	14
14587	4	5	3
14588	0	20	5
14589	3	14	17
14590	2	15	17
14591	10	11	5
14592	20	11	7
14593	2	8	0
14594	10	5	7
14595	12	16	5
14596	14	7	10
14597	4	0	12
14598	4	6	17
14599	19	8	9
14600	18	9	0
14601	11	16	18
14602	2	10	3
14603	5	4	14
14604	3	13	10
14605	20	18	16
14606	13	9	2
14607	8	11	5
14608	14	11	19
14609	20	14	8
14610	7	4	0
14611	6	4	11
14612	4	17	5
14613	16	13	19
14614	0	3	9
14615	4	20	3
14616	13	17	7
14617	20	15	11
14618	11	19	18
14619	12	17	16
14620	6	9	8
14621	10	6	1
14622	10	5	12
14623	17	2	14
14624	4	8	5
14625	9	3	1
14626	11	2	12
14627	3	13	6
14628	18	2	1
14629	14	12	3
14630	14	13	16
14631	10	12	2
14632	2	10	6
14633	13	4	11
14634	10	3	6
14635	3	13	15
14636	11	17	1
14637	12	9	0
14638	1	4	10
14639	20	5	13
14640	7	15	17
14641	3	9	20
14642	13	18	8
14643	19	1	17
14644	7	9	18
14645	15	13	5
14646	8	7	9
14647	0	20	13
14648	6	16	20
14649	1	6	0
14650	17	3	6
14651	4	14	12
14652	5	20	14
14653	8	10	12
14654	7	17	13
14655	13	9	11
14656	1	7	12
14657	13	11	0
14658	19	8	13
14659	1	18	2
14660	6	17	9
14661	6	0	7
14662	8	0	12
14663	5	12	14
14664	2	18	3
14665	3	2	9
14666	13	17	18
14667	9	17	7
14668	12	11	7
14669	4	0	19
14670	12	18	17
14671	17	13	19
14672	10	6	12
14673	2	12	14
14674	20	11	19
14675	18	0	5
14676	1	5	12
14677	0	3	9
14678	10	15	2
14679	9	12	5
14680	19	8	18
14681	10	20	18
14682	15	19	13
14683	8	4	7
14684	17	0	1
14685	19	14	18
14686	12	13	4
14687	10	7	12
14688	18	20	9
14689	7	9	14
14690	2	20	1
14691	4	15	1
14692	6	4	5
14693	17	18	13
14694	7	17	18
14695	4	17	8
14696	0	13	11
14697	0	14	6
14698	16	6	14
14699	12	11	6
14700	2	4	8
14701	6	1	3
14702	13	20	14
14703	19	3	17
14704	10	11	3
14705	10	0	17
14706	8	18	15
14707	13	4	0
14708	12	14	17
14709	12	2	14
14710	17	12	8
14711	1	11	18
14712	15	7	13
14713	17	14	6
14714	9	19	13
14715	10	17	6
14716	7	20	0
14717	1	8	20
14718	4	15	7
14719	15	9	6
14720	8	1	7
14721	8	19	6
14722	10	18	11
14723	3	17	19
14724	1	18	20
14725	3	14	7
14726	8	12	7
14727	6	1	11
14728	14	16	12
14729	0	13	14
14730	8	7	12
14731	14	1	8
14732	10	1	18
14733	6	14	20
14734	18	5	9
14735	5	17	2
14736	11	8	17
14737	15	13	14
14738	15	1	10
14739	18	14	1
14740	10	19	9
14741	17	18	2
14742	16	4	17
14743	15	16	10
14744	11	4	10
14745	9	2	3
14746	2	10	0
14747	14	12	2
14748	1	13	2
14749	13	11	18
14750	12	13	4
14751	2	12	19
14752	2	1	17
14753	6	12	8
14754	8	20	4
14755	8	17	11
14756	10	4	13
14757	2	12	20
14758	9	16	4
14759	7	18	6
14760	7	14	20
14761	3	13	9
14762	16	17	4
14763	10	4	16
14764	13	20	19
14765	14	5	17
14766	5	3	8
14767	9	5	19
14768	12	17	18
14769	1	18	5
14770	2	15	19
14771	2	19	3
14772	0	8	18
14773	14	19	0
14774	8	0	15
14775	0	8	9
14776	11	15	17
14777	7	2	20
14778	18	13	10
14779	3	2	6
14780	20	19	7
14781	13	20	9
14782	5	17	6
14783	14	20	11
14784	0	7	18
14785	14	2	18
14786	13	1	19
14787	17	9	1
14788	7	18	4
14789	16	12	6
14790	16	5	8
14791	1	7	17
14792	1	12	8
14793	10	17	1
14794	2	20	6
14795	7	17	4
14796	13	11	10
14797	17	11	7
14798	10	1	9
14799	13	12	7
14800	1	17	16
14801	2	7	0
14802	14	5	15
14803	14	5	4
14804	9	5	4
14805	10	6	19
14806	8	13	15
14807	12	15	11
14808	18	11	7
14809	13	3	14
14810	18	17	15
14811	16	6	10
14812	18	6	4
14813	16	4	5
14814	1	20	14
14815	0	7	10
14816	6	18	17
14817	7	20	9
14818	4	19	0
14819	9	1	13
14820	15	20	8
14821	11	0	16
14822	5	20	9
14823	14	1	12
14824	1	5	6
14825	5	6	16
14826	16	5	18
14827	18	8	11
14828	13	18	19
14829	5	19	4
14830	11	2	16
14831	17	19	6
14832	10	13	15
14833	3	6	18
14834	1	18	7
14835	19	8	18
14836	18	14	5
14837	2	19	4
14838	15	8	12
14839	3	18	13
14840	17	4	11
14841	10	20	16
14842	6	3	13
14843	18	16	13
14844	8	6	1
14845	1	19	14
14846	0	1	14
14847	6	17	12
14848	1	11	9
14849	14	4	11
14850	19	9	14
14851	1	20	5
14852	19	13	9
14853	2	11	13
14854	2	7	1
14855	5	11	18
14856	6	18	4
14857	6	2	14
14858	12	5	6
14859	13	7	3
14860	0	7	6
14861	8	15	13
14862	20	17	11
14863	8	3	18
14864	17	1	4
14865	7	8	6
14866	3	18	7
14867	4	7	20
14868	18	14	13
14869	8	1	20
14870	12	14	8
14871	6	15	14
14872	15	8	10
14873	13	1	12
14874	5	9	0
14875	3	11	5
14876	9	20	4
14877	17	19	10
14878	12	0	14
14879	20	16	8
14880	12	8	7
14881	6	12	5
14882	18	1	7
14883	1	6	17
14884	7	5	15
14885	9	16	12
14886	1	19	7
14887	13	19	15
14888	6	12	9
14889	2	14	11
14890	12	18	8
14891	13	6	3
14892	5	10	8
14893	9	13	4
14894	17	8	16
14895	18	6	4
14896	6	0	16
14897	20	12	9
14898	8	11	20
14899	20	11	15
14900	6	8	10
14901	16	19	5
14902	0	14	6
14903	7	4	19
14904	6	13	0
14905	18	9	1
14906	19	2	1
14907	12	8	14
14908	5	8	9
14909	17	1	2
14910	0	9	16
14911	1	7	9
14912	7	19	18
14913	18	0	13
14914	18	1	7
14915	0	11	15
14916	2	15	3
14917	14	18	5
14918	0	14	15
14919	3	4	17
14920	11	2	5
14921	10	18	17
14922	9	13	19
14923	15	8	10
14924	0	9	19
14925	18	7	9
14926	17	20	1
14927	2	3	20
14928	15	18	4
14929	20	16	5
14930	0	7	20
14931	12	5	3
14932	20	5	4
14933	19	3	16
14934	20	2	10
14935	11	9	18
14936	4	10	6
14937	19	2	4
14938	1	8	18
14939	19	11	13
14940	15	8	17
14941	1	7	8
14942	2	5	17
14943	9	16	0
14944	0	8	4
14945	8	13	4
14946	20	4	14
14947	17	7	9
14948	1	4	17
14949	8	4	3
14950	12	5	18
14951	16	12	6
14952	12	19	10
14953	19	18	16
14954	6	4	5
14955	16	7	17
14956	17	0	4
14957	17	10	3
14958	1	2	8
14959	5	3	4
14960	15	6	7
14961	8	10	3
14962	16	13	7
14963	12	18	19
14964	5	13	2
14965	0	17	9
14966	8	4	9
14967	4	11	3
14968	7	10	5
14969	5	11	15
14970	2	9	10
14971	11	2	6
14972	5	9	2
14973	16	9	11
14974	13	2	14
14975	0	16	20
14976	1	17	8
14977	20	17	0
14978	0	17	4
14979	4	18	1
14980	9	17	16
14981	3	8	13
14982	20	4	14
14983	18	15	11
14984	15	13	5
14985	7	17	10
14986	9	20	11
14987	8	4	5
14988	11	2	3
14989	7	18	4
14990	5	15	13
14991	2	5	6
14992	13	6	4
14993	13	11	6
14994	15	7	8
14995	17	16	4
14996	16	15	18
14997	20	10	12
14998	7	17	6
14999	9	5	2
15000	6	16	4
15001	4	6	3
15002	19	11	14
15003	13	20	4
15004	2	10	4
15005	19	17	1
15006	20	19	4
15007	20	16	18
15008	12	1	13
15009	19	7	4
15010	5	16	3
15011	1	4	11
15012	6	2	11
15013	14	15	3
15014	17	11	7
15015	3	7	17
15016	12	14	2
15017	4	1	10
15018	5	4	16
15019	2	1	12
15020	16	9	18
15021	2	8	1
15022	7	3	20
15023	15	11	0
15024	12	0	1
15025	2	6	7
15026	11	1	19
15027	10	5	13
15028	10	3	0
15029	11	12	3
15030	8	2	17
15031	11	8	6
15032	0	4	5
15033	6	3	20
15034	19	12	5
15035	13	3	17
15036	2	7	9
15037	1	14	5
15038	20	0	17
15039	4	3	20
15040	16	11	10
15041	17	18	5
15042	7	14	16
15043	9	19	18
15044	6	8	15
15045	10	19	5
15046	8	3	0
15047	7	0	15
15048	1	0	9
15049	5	20	16
15050	19	20	18
15051	9	7	3
15052	18	4	12
15053	15	2	12
15054	20	12	2
15055	2	5	14
15056	2	3	6
15057	0	15	16
15058	19	12	7
15059	3	4	7
15060	6	8	10
15061	14	5	20
15062	15	8	5
15063	15	6	12
15064	0	2	5
15065	3	9	1
15066	16	17	6
15067	16	3	6
15068	8	1	9
15069	2	18	12
15070	18	8	10
15071	9	0	11
15072	4	6	15
15073	14	18	8
15074	7	3	19
15075	9	11	19
15076	17	10	7
15077	15	17	0
15078	6	0	20
15079	6	1	13
15080	10	6	3
15081	0	19	7
15082	17	0	8
15083	20	17	2
15084	19	12	17
15085	12	13	0
15086	11	13	5
15087	4	16	13
15088	0	1	2
15089	8	5	18
15090	14	0	18
15091	13	18	20
15092	14	18	4
15093	1	3	8
15094	12	17	6
15095	6	15	2
15096	14	11	2
15097	7	11	0
15098	1	7	9
15099	4	1	5
15100	8	1	14
15101	6	13	10
15102	19	7	18
15103	18	15	10
15104	8	13	19
15105	20	4	5
15106	18	11	20
15107	2	1	8
15108	0	13	16
15109	11	18	6
15110	10	17	19
15111	17	3	11
15112	7	12	18
15113	10	16	17
15114	17	18	9
15115	17	0	19
15116	20	1	14
15117	5	0	20
15118	18	5	6
15119	1	17	6
15120	14	18	19
15121	2	15	6
15122	8	15	16
15123	8	15	9
15124	14	2	19
15125	6	2	8
15126	3	6	10
15127	4	7	20
15128	14	6	3
15129	2	6	11
15130	6	0	18
15131	9	10	7
15132	15	8	16
15133	14	17	15
15134	16	13	0
15135	15	19	14
15136	17	9	7
15137	11	19	8
15138	17	15	19
15139	7	13	3
15140	19	12	13
15141	15	17	14
15142	13	16	12
15143	12	4	1
15144	13	5	18
15145	19	10	12
15146	17	0	10
15147	11	13	2
15148	12	4	3
15149	20	8	10
15150	3	0	7
15151	11	13	5
15152	11	12	16
15153	13	3	0
15154	20	13	1
15155	2	14	15
15156	8	3	16
15157	18	2	3
15158	10	5	14
15159	17	3	20
15160	0	8	7
15161	3	17	4
15162	20	17	2
15163	1	19	12
15164	3	13	7
15165	19	9	8
15166	9	6	14
15167	11	8	17
15168	11	12	16
15169	9	8	6
15170	19	9	16
15171	2	12	15
15172	20	1	16
15173	1	0	6
15174	20	17	3
15175	14	8	13
15176	12	15	17
15177	0	13	3
15178	18	16	4
15179	9	1	18
15180	14	9	13
15181	7	15	3
15182	1	16	15
15183	16	11	6
15184	8	1	12
15185	11	3	6
15186	4	7	20
15187	12	17	2
15188	14	5	6
15189	9	10	18
15190	5	12	13
15191	3	7	18
15192	7	2	8
15193	17	16	1
15194	18	13	5
15195	3	8	10
15196	7	3	2
15197	8	11	10
15198	19	18	6
15199	4	10	17
15200	13	16	12
15201	0	12	13
15202	11	3	7
15203	14	19	4
15204	0	11	15
15205	16	17	7
15206	14	9	4
15207	18	15	6
15208	6	15	13
15209	11	13	14
15210	19	3	4
15211	17	2	12
15212	10	11	9
15213	9	19	7
15214	9	18	2
15215	14	2	6
15216	17	20	4
15217	16	2	11
15218	15	3	8
15219	9	20	0
15220	10	14	6
15221	5	7	19
15222	5	2	7
15223	1	10	13
15224	14	20	6
15225	11	16	19
15226	2	11	8
15227	4	19	5
15228	1	7	13
15229	6	0	4
15230	13	8	18
15231	6	20	12
15232	20	18	14
15233	8	4	11
15234	14	10	4
15235	20	19	3
15236	0	10	20
15237	13	11	9
15238	3	15	19
15239	12	7	17
15240	6	19	8
15241	18	12	1
15242	10	18	11
15243	8	1	9
15244	20	18	16
15245	11	0	14
15246	10	0	3
15247	16	13	15
15248	12	18	16
15249	5	14	17
15250	19	17	14
15251	0	17	8
15252	4	10	11
15253	6	13	9
15254	15	8	17
15255	0	14	11
15256	11	17	16
15257	13	0	7
15258	20	7	15
15259	19	20	13
15260	11	17	0
15261	17	20	15
15262	14	7	16
15263	19	1	20
15264	19	5	18
15265	13	5	3
15266	17	4	13
15267	15	9	19
15268	5	2	18
15269	19	2	7
15270	17	1	9
15271	11	7	8
15272	14	12	2
15273	5	4	2
15274	1	2	9
15275	9	5	1
15276	12	16	5
15277	20	6	0
15278	19	8	5
15279	1	6	7
15280	1	20	6
15281	4	17	16
15282	0	19	2
15283	9	12	14
15284	13	9	0
15285	12	0	19
15286	3	10	19
15287	12	3	19
15288	14	1	2
15289	3	1	9
15290	5	1	18
15291	18	0	14
15292	8	20	18
15293	10	1	18
15294	8	20	6
15295	2	14	1
15296	1	3	4
15297	16	0	8
15298	10	19	8
15299	20	17	0
15300	16	19	9
15301	10	7	1
15302	15	9	1
15303	19	11	9
15304	5	11	10
15305	5	12	16
15306	15	10	2
15307	2	13	19
15308	0	20	6
15309	1	11	15
15310	4	7	20
15311	20	11	18
15312	15	0	11
15313	17	16	4
15314	20	4	2
15315	16	20	18
15316	0	4	18
15317	3	6	1
15318	11	3	20
15319	19	18	6
15320	20	19	14
15321	20	18	3
15322	0	6	14
15323	11	4	12
15324	3	8	15
15325	8	13	18
15326	11	1	2
15327	1	13	17
15328	12	15	11
15329	18	12	7
15330	1	9	4
15331	1	5	10
15332	13	14	1
15333	2	1	9
15334	19	12	16
15335	10	3	12
15336	12	16	15
15337	13	16	2
15338	20	4	19
15339	11	0	12
15340	19	1	8
15341	20	0	18
15342	7	2	17
15343	7	13	8
15344	7	5	3
15345	0	1	12
15346	2	5	18
15347	5	18	19
15348	6	19	2
15349	19	16	0
15350	12	15	3
15351	0	15	12
15352	2	0	11
15353	8	17	19
15354	1	4	12
15355	9	10	16
15356	16	17	12
15357	19	3	7
15358	17	20	18
15359	7	8	6
15360	18	20	1
15361	2	17	6
15362	7	0	1
15363	5	0	3
15364	11	20	9
15365	12	20	11
15366	13	14	4
15367	17	13	3
15368	5	19	14
15369	14	3	17
15370	17	18	20
15371	13	20	9
15372	0	13	17
15373	18	17	20
15374	0	5	1
15375	6	1	11
15376	5	2	15
15377	7	8	2
15378	19	11	12
15379	1	11	13
15380	17	2	13
15381	1	17	16
15382	4	2	14
15383	5	16	2
15384	9	0	3
15385	11	8	2
15386	20	19	10
15387	4	5	16
15388	6	8	20
15389	4	7	9
15390	10	13	19
15391	5	10	12
15392	4	13	9
15393	5	1	4
15394	11	2	0
15395	2	7	3
15396	20	9	4
15397	3	18	10
15398	16	3	10
15399	8	9	4
15400	9	16	2
15401	14	17	12
15402	18	6	10
15403	6	16	10
15404	7	8	20
15405	2	18	15
15406	16	20	13
15407	17	9	19
15408	0	9	14
15409	8	20	10
15410	8	12	1
15411	14	13	5
15412	18	0	1
15413	18	15	7
15414	8	15	13
15415	13	5	6
15416	4	8	5
15417	15	14	11
15418	4	2	16
15419	20	4	15
15420	0	19	8
15421	14	18	19
15422	4	7	19
15423	17	9	13
15424	13	18	3
15425	8	11	19
15426	10	12	17
15427	6	14	7
15428	16	18	19
15429	7	14	10
15430	2	15	14
15431	3	2	18
15432	18	19	12
15433	8	16	0
15434	8	4	11
15435	16	0	6
15436	9	3	14
15437	16	18	1
15438	4	8	3
15439	3	12	14
15440	6	13	10
15441	14	6	9
15442	16	5	19
15443	3	20	6
15444	19	17	9
15445	12	2	17
15446	16	0	17
15447	15	4	10
15448	8	1	10
15449	17	12	11
15450	13	0	2
15451	13	0	17
15452	10	20	2
15453	1	6	3
15454	8	1	4
15455	16	5	11
15456	3	1	0
15457	1	13	18
15458	3	7	15
15459	11	0	6
15460	1	11	6
15461	17	19	20
15462	9	8	19
15463	2	10	0
15464	1	9	17
15465	10	12	6
15466	16	20	9
15467	5	2	9
15468	6	10	5
15469	6	11	4
15470	1	8	20
15471	15	11	10
15472	2	18	0
15473	0	13	20
15474	15	16	9
15475	3	9	0
15476	2	9	19
15477	13	14	10
15478	7	15	3
15479	15	19	18
15480	6	7	4
15481	15	1	9
15482	10	8	7
15483	11	2	19
15484	12	9	3
15485	10	3	18
15486	16	13	10
15487	2	6	18
15488	10	17	9
15489	7	17	12
15490	4	10	11
15491	3	17	0
15492	6	8	3
15493	3	20	18
15494	9	14	5
15495	2	3	5
15496	16	12	17
15497	15	14	3
15498	16	12	14
15499	13	7	16
15500	7	19	15
15501	17	15	11
15502	5	19	18
15503	12	4	8
15504	9	14	13
15505	5	1	4
15506	5	20	16
15507	14	2	7
15508	3	6	13
15509	11	12	3
15510	3	8	16
15511	18	13	7
15512	17	8	7
15513	5	4	8
15514	20	15	16
15515	6	16	4
15516	8	13	18
15517	1	5	10
15518	20	12	10
15519	13	0	16
15520	13	6	4
15521	9	3	18
15522	10	1	9
15523	17	4	16
15524	0	19	4
15525	0	12	17
15526	18	11	13
15527	20	13	11
15528	19	15	18
15529	14	0	10
15530	20	3	12
15531	4	17	13
15532	14	8	12
15533	15	20	3
15534	0	17	7
15535	7	10	17
15536	7	2	18
15537	20	4	17
15538	7	20	10
15539	13	2	9
15540	20	12	8
15541	12	17	3
15542	15	3	0
15543	4	5	8
15544	11	16	0
15545	6	4	18
15546	2	6	3
15547	7	5	14
15548	17	9	3
15549	4	12	3
15550	4	0	2
15551	20	19	2
15552	14	8	0
15553	4	10	6
15554	11	16	12
15555	14	13	6
15556	7	19	13
15557	0	13	17
15558	16	17	10
15559	7	12	15
15560	11	18	12
15561	0	17	1
15562	15	20	4
15563	18	12	1
15564	12	15	19
15565	17	5	14
15566	1	11	14
15567	7	1	16
15568	12	4	11
15569	6	17	20
15570	20	15	0
15571	9	4	15
15572	5	11	7
15573	19	3	17
15574	16	4	11
15575	19	15	3
15576	10	16	6
15577	18	4	14
15578	20	0	13
15579	0	16	15
15580	15	14	0
15581	12	9	4
15582	8	20	17
15583	8	13	14
15584	12	18	15
15585	8	2	7
15586	6	18	12
15587	18	11	2
15588	3	11	4
15589	0	2	19
15590	19	2	5
15591	8	2	1
15592	18	19	12
15593	0	5	16
15594	2	5	0
15595	14	16	13
15596	18	0	2
15597	13	19	10
15598	14	15	8
15599	11	15	3
15600	1	2	3
15601	19	6	0
15602	18	9	14
15603	13	5	12
15604	17	8	2
15605	3	17	10
15606	13	2	5
15607	16	20	12
15608	9	0	19
15609	5	12	20
15610	6	13	19
15611	16	14	8
15612	14	20	0
15613	8	17	18
15614	15	4	16
15615	6	14	5
15616	17	5	20
15617	12	16	13
15618	4	7	19
15619	12	19	11
15620	17	2	15
15621	15	9	7
15622	20	4	10
15623	11	16	5
15624	16	12	1
15625	5	20	1
15626	7	20	17
15627	13	2	12
15628	3	12	2
15629	18	2	15
15630	11	17	16
15631	13	1	17
15632	14	8	6
15633	18	4	20
15634	8	2	6
15635	20	14	2
15636	11	15	14
15637	3	12	4
15638	3	18	2
15639	0	15	5
15640	16	9	5
15641	13	16	6
15642	20	16	10
15643	7	0	2
15644	12	6	18
15645	14	12	16
15646	2	3	11
15647	12	13	3
15648	17	0	8
15649	3	11	6
15650	5	17	16
15651	16	2	13
15652	0	12	19
15653	1	17	4
15654	8	14	17
15655	11	6	3
15656	7	6	8
15657	13	5	1
15658	1	18	5
15659	10	3	20
15660	5	11	15
15661	18	14	5
15662	8	10	7
15663	18	15	17
15664	11	6	1
15665	19	2	10
15666	8	18	7
15667	12	19	15
15668	2	4	15
15669	8	15	17
15670	18	6	12
15671	17	2	3
15672	10	15	1
15673	5	16	2
15674	9	6	3
15675	2	12	9
15676	20	8	11
15677	3	6	4
15678	17	5	9
15679	18	7	0
15680	8	2	12
15681	12	7	19
15682	18	20	17
15683	8	10	16
15684	19	18	0
15685	8	7	9
15686	15	20	18
15687	20	3	2
15688	7	19	9
15689	1	15	13
15690	15	8	20
15691	13	4	8
15692	1	12	19
15693	6	15	10
15694	16	10	15
15695	6	0	8
15696	5	0	13
15697	4	12	0
15698	7	0	6
15699	20	9	12
15700	1	14	9
15701	3	9	19
15702	19	14	1
15703	17	14	18
15704	20	9	7
15705	9	6	4
15706	6	18	20
15707	10	14	13
15708	0	12	3
15709	10	4	8
15710	9	17	13
15711	5	7	16
15712	18	9	1
15713	18	4	12
15714	16	13	1
15715	4	14	6
15716	17	12	7
15717	10	19	20
15718	10	5	15
15719	15	17	14
15720	0	10	2
15721	10	3	12
15722	11	0	2
15723	10	12	16
15724	14	16	15
15725	17	19	4
15726	16	17	7
15727	11	9	3
15728	20	7	1
15729	4	20	10
15730	13	18	5
15731	6	18	9
15732	5	14	7
15733	4	2	5
15734	4	11	18
15735	16	20	19
15736	11	2	10
15737	4	7	20
15738	14	2	16
15739	3	10	18
15740	6	20	9
15741	6	8	5
15742	8	15	3
15743	7	4	10
15744	19	2	3
15745	19	18	15
15746	0	19	18
15747	15	2	8
15748	7	13	12
15749	14	18	4
15750	16	20	13
15751	18	16	7
15752	15	19	12
15753	17	5	14
15754	3	15	9
15755	20	15	5
15756	20	15	8
15757	10	7	20
15758	15	1	8
15759	13	8	16
15760	4	2	17
15761	3	5	19
15762	14	1	5
15763	9	13	10
15764	10	17	13
15765	4	19	7
15766	15	5	20
15767	5	15	8
15768	3	0	5
15769	10	4	13
15770	10	13	11
15771	16	3	2
15772	6	9	5
15773	5	3	15
15774	13	17	20
15775	18	7	6
15776	17	6	18
15777	17	16	9
15778	4	17	15
15779	1	16	2
15780	18	2	7
15781	1	3	2
15782	1	6	12
15783	17	8	12
15784	10	20	19
15785	15	13	16
15786	14	16	3
15787	0	18	9
15788	1	9	13
15789	14	8	10
15790	1	11	6
15791	5	20	17
15792	5	20	16
15793	15	7	2
15794	4	0	1
15795	15	17	13
15796	19	13	10
15797	4	9	0
15798	4	10	2
15799	0	9	20
15800	18	1	10
15801	8	5	11
15802	17	3	7
15803	1	13	14
15804	20	15	7
15805	12	2	16
15806	10	19	5
15807	12	18	14
15808	20	14	12
15809	1	9	19
15810	16	0	9
15811	5	14	13
15812	2	18	3
15813	17	9	6
15814	6	9	17
15815	3	9	0
15816	9	4	13
15817	15	19	3
15818	20	9	16
15819	6	16	17
15820	20	6	4
15821	7	19	5
15822	4	10	2
15823	3	17	1
15824	1	0	18
15825	18	20	16
15826	15	9	1
15827	12	19	18
15828	5	17	4
15829	15	19	4
15830	6	10	14
15831	9	6	0
15832	1	12	16
15833	9	16	7
15834	18	0	8
15835	16	20	12
15836	20	3	10
15837	6	12	13
15838	0	12	13
15839	17	5	13
15840	17	20	7
15841	12	7	9
15842	17	18	4
15843	12	20	7
15844	4	3	17
15845	18	13	3
15846	0	8	7
15847	11	9	13
15848	7	12	9
15849	2	15	17
15850	5	7	1
15851	19	4	13
15852	11	0	3
15853	10	1	14
15854	4	5	10
15855	2	3	6
15856	9	3	13
15857	12	18	11
15858	14	13	0
15859	12	15	19
15860	14	13	20
15861	14	15	7
15862	14	5	9
15863	4	6	7
15864	17	8	13
15865	12	16	4
15866	19	9	16
15867	0	2	4
15868	6	3	7
15869	19	6	17
15870	4	5	10
15871	18	17	20
15872	11	15	8
15873	3	15	10
15874	3	4	11
15875	20	16	17
15876	16	4	3
15877	19	6	8
15878	6	13	12
15879	4	12	0
15880	12	4	8
15881	7	14	19
15882	11	5	12
15883	0	1	10
15884	7	10	4
15885	19	10	9
15886	11	20	8
15887	3	20	6
15888	18	12	1
15889	0	19	18
15890	10	11	2
15891	16	1	19
15892	13	17	8
15893	0	7	15
15894	17	5	16
15895	7	15	5
15896	0	8	19
15897	13	10	6
15898	15	10	8
15899	17	18	20
15900	2	16	7
15901	0	18	12
15902	0	15	17
15903	15	9	17
15904	18	7	9
15905	4	6	16
15906	5	1	16
15907	4	5	18
15908	14	6	18
15909	5	8	20
15910	3	11	14
15911	9	3	20
15912	6	14	18
15913	2	5	20
15914	17	14	6
15915	4	12	18
15916	10	7	20
15917	16	0	12
15918	11	2	0
15919	17	1	7
15920	11	20	17
15921	8	12	4
15922	17	9	6
15923	7	13	11
15924	5	10	14
15925	6	5	8
15926	9	14	4
15927	16	12	19
15928	6	7	8
15929	0	1	2
15930	0	8	17
15931	10	16	17
15932	20	4	17
15933	1	14	6
15934	9	8	5
15935	1	8	14
15936	20	17	4
15937	18	17	7
15938	5	18	17
15939	7	3	9
15940	1	16	0
15941	1	8	19
15942	1	8	4
15943	19	5	13
15944	8	4	7
15945	13	0	12
15946	16	19	4
15947	5	18	13
15948	19	17	0
15949	5	2	18
15950	15	1	9
15951	6	16	19
15952	0	4	6
15953	17	16	13
15954	2	3	4
15955	14	5	1
15956	4	7	15
15957	8	10	3
15958	15	5	8
15959	2	9	11
15960	10	3	15
15961	3	7	6
15962	0	16	5
15963	20	7	16
15964	10	14	13
15965	1	11	4
15966	10	17	0
15967	2	0	18
15968	1	4	19
15969	17	15	16
15970	3	4	9
15971	20	12	14
15972	12	2	13
15973	19	14	9
15974	10	13	18
15975	3	9	1
15976	16	8	4
15977	3	1	20
15978	16	20	4
15979	2	13	0
15980	2	20	11
15981	0	2	1
15982	14	17	9
15983	4	16	6
15984	7	4	9
15985	20	6	0
15986	17	0	8
15987	5	18	13
15988	11	4	9
15989	16	19	13
15990	6	15	9
15991	4	9	14
15992	9	15	14
15993	18	20	1
15994	1	4	12
15995	6	0	9
15996	11	20	9
15997	14	5	2
15998	20	6	13
15999	17	7	6
16000	3	20	12
16001	10	13	9
16002	11	17	13
16003	12	9	6
16004	4	0	15
16005	5	18	3
16006	10	18	3
16007	4	7	16
16008	6	9	2
16009	17	18	15
16010	3	9	13
16011	16	3	19
16012	18	1	15
16013	5	13	7
16014	8	9	10
16015	6	20	8
16016	15	9	5
16017	4	14	5
16018	7	2	5
16019	15	19	9
16020	11	19	10
16021	6	7	20
16022	3	20	12
16023	4	15	0
16024	14	5	8
16025	9	6	19
16026	9	1	14
16027	16	19	18
16028	18	10	4
16029	12	17	2
16030	12	6	4
16031	0	11	19
16032	4	10	6
16033	17	16	5
16034	1	3	19
16035	8	9	19
16036	18	2	12
16037	16	11	7
16038	16	9	20
16039	12	8	19
16040	4	14	15
16041	14	1	10
16042	10	11	7
16043	8	19	9
16044	15	11	12
16045	20	16	10
16046	12	2	13
16047	6	3	2
16048	7	4	1
16049	12	20	5
16050	7	1	19
16051	13	9	2
16052	8	18	13
16053	11	5	12
16054	3	1	16
16055	18	13	15
16056	17	13	11
16057	15	3	4
16058	12	6	9
16059	0	8	18
16060	2	15	5
16061	19	18	5
16062	3	16	6
16063	5	2	17
16064	6	14	16
16065	5	1	2
16066	12	18	14
16067	1	15	20
16068	7	13	0
16069	12	19	13
16070	4	5	10
16071	19	6	2
16072	14	16	17
16073	2	6	17
16074	13	15	20
16075	5	10	14
16076	9	3	0
16077	10	17	12
16078	4	9	6
16079	2	16	1
16080	10	11	12
16081	1	13	2
16082	20	11	7
16083	2	11	14
16084	0	14	20
16085	20	6	18
16086	15	13	12
16087	6	8	17
16088	14	20	3
16089	12	15	2
16090	6	2	3
16091	5	17	4
16092	5	0	15
16093	17	19	6
16094	12	15	17
16095	13	17	10
16096	13	12	7
16097	6	14	7
16098	10	18	13
16099	1	10	7
16100	16	15	12
16101	13	12	18
16102	3	17	8
16103	0	7	6
16104	14	17	3
16105	4	16	10
16106	6	2	19
16107	18	2	3
16108	16	10	11
16109	12	16	2
16110	5	0	7
16111	11	12	14
16112	3	19	0
16113	2	7	8
16114	19	0	10
16115	17	16	9
16116	8	19	20
16117	14	0	4
16118	20	12	16
16119	5	11	14
16120	7	6	13
16121	5	0	12
16122	9	17	19
16123	16	19	2
16124	12	4	7
16125	2	8	12
16126	17	4	7
16127	17	11	15
16128	4	14	7
16129	5	19	1
16130	1	12	15
16131	3	7	1
16132	7	5	20
16133	1	19	0
16134	2	3	11
16135	2	4	0
16136	7	19	13
16137	7	14	1
16138	2	19	7
16139	19	4	16
16140	2	16	11
16141	4	9	13
16142	17	20	13
16143	6	3	4
16144	3	0	7
16145	2	18	13
16146	19	16	17
16147	15	2	18
16148	7	16	0
16149	1	11	12
16150	14	20	18
16151	7	12	11
16152	14	15	8
16153	8	18	2
16154	18	11	16
16155	20	19	2
16156	6	18	7
16157	0	11	14
16158	16	12	3
16159	16	20	2
16160	9	3	0
16161	6	7	0
16162	11	18	16
16163	7	16	2
16164	9	18	10
16165	19	9	18
16166	15	10	9
16167	8	6	5
16168	15	7	13
16169	9	4	12
16170	17	7	11
16171	8	12	15
16172	3	17	20
16173	14	17	0
16174	8	7	11
16175	3	9	2
16176	3	16	12
16177	13	18	17
16178	8	10	9
16179	16	15	11
16180	9	11	10
16181	18	19	6
16182	13	5	8
16183	3	20	7
16184	3	15	12
16185	20	0	2
16186	11	15	4
16187	5	1	2
16188	1	10	17
16189	8	11	16
16190	15	9	11
16191	8	7	12
16192	4	12	7
16193	17	4	19
16194	9	17	8
16195	18	20	4
16196	2	6	15
16197	13	10	14
16198	3	6	16
16199	10	1	15
16200	20	6	12
16201	2	19	9
16202	20	15	11
16203	4	9	17
16204	12	3	4
16205	10	9	20
16206	17	8	2
16207	1	7	15
16208	2	10	15
16209	11	4	1
16210	10	14	1
16211	14	13	7
16212	0	12	13
16213	20	14	11
16214	7	18	2
16215	4	16	19
16216	4	12	9
16217	5	6	9
16218	15	20	5
16219	9	10	2
16220	9	11	10
16221	5	15	1
16222	18	10	9
16223	10	20	17
16224	18	1	0
16225	11	14	16
16226	6	20	3
16227	6	16	10
16228	4	15	19
16229	16	18	6
16230	10	15	3
16231	2	11	20
16232	13	2	6
16233	14	10	18
16234	0	6	16
16235	11	9	13
16236	19	11	6
16237	20	4	16
16238	13	11	6
16239	12	19	20
16240	13	9	8
16241	12	8	15
16242	0	19	11
16243	16	12	15
16244	12	18	13
16245	20	1	17
16246	2	8	5
16247	15	10	5
16248	6	20	10
16249	6	20	5
16250	7	3	0
16251	8	15	11
16252	18	11	13
16253	12	3	2
16254	8	11	6
16255	18	8	20
16256	12	8	11
16257	4	13	11
16258	11	13	3
16259	1	8	20
16260	5	2	1
16261	7	1	6
16262	2	13	20
16263	8	16	2
16264	20	1	14
16265	9	12	7
16266	9	17	5
16267	14	19	4
16268	6	7	4
16269	8	5	10
16270	12	18	4
16271	18	11	16
16272	14	10	3
16273	1	11	6
16274	16	10	20
16275	2	19	5
16276	8	11	17
16277	11	4	2
16278	16	19	14
16279	13	0	2
16280	2	0	12
16281	10	20	12
16282	8	6	15
16283	20	19	7
16284	18	3	19
16285	8	15	19
16286	4	9	16
16287	5	6	16
16288	20	14	15
16289	10	13	18
16290	19	20	14
16291	14	7	20
16292	7	17	2
16293	12	6	13
16294	10	16	3
16295	17	16	14
16296	1	2	20
16297	19	12	6
16298	19	18	14
16299	3	10	13
16300	5	2	15
16301	5	3	11
16302	11	2	12
16303	14	5	15
16304	18	11	20
16305	16	13	5
16306	7	0	4
16307	12	19	7
16308	16	11	5
16309	5	13	7
16310	10	18	1
16311	11	7	4
16312	5	3	1
16313	0	3	17
16314	1	15	16
16315	7	8	9
16316	14	0	9
16317	9	17	4
16318	6	18	0
16319	8	6	13
16320	9	15	4
16321	15	18	10
16322	9	14	19
16323	6	3	8
16324	12	13	11
16325	3	12	14
16326	17	12	10
16327	0	6	7
16328	0	11	20
16329	15	6	9
16330	11	8	15
16331	9	1	18
16332	6	0	7
16333	13	10	8
16334	19	15	7
16335	5	15	20
16336	17	3	0
16337	2	4	0
16338	2	13	9
16339	18	1	16
16340	13	5	6
16341	20	8	13
16342	13	19	2
16343	7	1	8
16344	16	19	14
16345	15	5	2
16346	19	9	3
16347	18	0	9
16348	7	18	10
16349	15	9	13
16350	7	20	1
16351	6	15	14
16352	2	17	7
16353	0	11	14
16354	6	17	8
16355	1	16	7
16356	1	6	9
16357	6	19	16
16358	18	3	8
16359	6	17	12
16360	4	9	16
16361	6	14	2
16362	20	17	6
16363	19	11	18
16364	8	4	18
16365	3	20	5
16366	5	19	13
16367	8	12	7
16368	14	13	12
16369	6	18	16
16370	12	8	3
16371	20	16	19
16372	6	8	20
16373	3	10	6
16374	17	5	13
16375	19	7	2
16376	15	4	8
16377	2	14	6
16378	2	9	19
16379	5	2	7
16380	4	15	18
16381	4	13	15
16382	8	9	15
16383	4	16	20
16384	12	8	7
16385	14	2	9
16386	14	17	9
16387	18	0	7
16388	3	1	12
16389	20	8	17
16390	12	2	9
16391	6	4	17
16392	3	18	20
16393	13	19	3
16394	6	8	0
16395	15	1	18
16396	17	6	3
16397	9	3	5
16398	20	9	13
16399	9	4	11
16400	17	2	5
16401	13	14	7
16402	9	13	20
16403	9	16	10
16404	10	18	7
16405	5	0	8
16406	3	7	15
16407	14	19	17
16408	1	19	7
16409	3	10	7
16410	3	12	20
16411	5	4	8
16412	9	18	20
16413	18	9	7
16414	10	5	18
16415	12	18	19
16416	0	17	12
16417	17	4	19
16418	7	11	4
16419	12	2	6
16420	6	3	8
16421	1	16	13
16422	5	0	9
16423	7	6	3
16424	4	18	13
16425	1	16	19
16426	15	7	8
16427	13	16	12
16428	12	19	8
16429	12	9	8
16430	19	0	15
16431	18	2	12
16432	9	5	19
16433	0	19	5
16434	0	12	19
16435	1	10	7
16436	4	0	15
16437	12	11	15
16438	15	9	8
16439	20	19	18
16440	3	9	16
16441	5	17	8
16442	9	2	3
16443	14	16	6
16444	16	13	6
16445	3	0	13
16446	13	3	6
16447	14	10	0
16448	15	20	1
16449	15	7	0
16450	20	17	8
16451	10	19	1
16452	12	3	10
16453	20	11	19
16454	2	7	6
16455	10	14	12
16456	17	1	11
16457	13	7	14
16458	4	12	7
16459	17	14	9
16460	20	13	14
16461	13	10	11
16462	18	10	7
16463	8	11	7
16464	1	5	3
16465	19	18	17
16466	16	13	15
16467	19	9	3
16468	13	15	8
16469	5	19	0
16470	3	2	16
16471	9	13	14
16472	12	1	3
16473	16	18	2
16474	16	14	2
16475	8	15	11
16476	12	16	4
16477	5	19	15
16478	19	9	8
16479	11	19	12
16480	7	5	19
16481	19	10	3
16482	12	3	1
16483	16	0	7
16484	16	11	9
16485	12	8	13
16486	3	14	4
16487	4	14	11
16488	9	2	7
16489	2	12	15
16490	18	17	10
16491	13	5	0
16492	16	15	17
16493	5	11	14
16494	15	18	8
16495	17	4	1
16496	0	2	14
16497	5	18	20
16498	10	13	2
16499	10	20	9
16500	9	16	5
16501	20	5	17
16502	20	13	19
16503	10	1	4
16504	12	1	14
16505	3	15	4
16506	4	2	12
16507	18	14	10
16508	2	16	9
16509	19	8	7
16510	5	6	17
16511	8	5	20
16512	9	4	15
16513	17	8	13
16514	1	15	16
16515	6	19	11
16516	6	19	7
16517	11	18	5
16518	11	4	9
16519	3	6	2
16520	14	19	1
16521	17	10	1
16522	6	11	17
16523	4	0	9
16524	11	6	16
16525	17	18	2
16526	17	2	15
16527	13	15	3
16528	13	12	2
16529	3	10	15
16530	10	1	20
16531	3	15	12
16532	18	1	15
16533	18	19	10
16534	2	10	5
16535	12	4	15
16536	15	8	13
16537	4	18	1
16538	7	19	10
16539	5	17	6
16540	12	13	15
16541	19	12	15
16542	10	5	2
16543	8	7	19
16544	14	6	2
16545	12	2	7
16546	2	6	13
16547	6	4	5
16548	7	4	1
16549	0	19	18
16550	5	20	12
16551	6	0	13
16552	3	10	7
16553	13	16	12
16554	7	16	19
16555	7	9	0
16556	8	19	17
16557	20	14	2
16558	0	9	12
16559	20	19	1
16560	20	16	5
16561	14	5	11
16562	6	7	12
16563	9	1	13
16564	1	6	0
16565	19	20	9
16566	0	19	2
16567	8	18	13
16568	14	3	2
16569	10	4	15
16570	15	0	17
16571	10	13	19
16572	17	14	1
16573	17	14	0
16574	18	19	9
16575	13	5	6
16576	12	5	3
16577	8	10	7
16578	1	18	8
16579	6	14	5
16580	0	2	11
16581	4	20	0
16582	16	5	4
16583	20	7	8
16584	18	7	19
16585	6	20	13
16586	17	15	7
16587	10	3	2
16588	5	18	7
16589	19	17	0
16590	12	7	17
16591	12	17	13
16592	12	16	19
16593	12	9	17
16594	18	0	11
16595	9	3	10
16596	14	5	3
16597	1	20	13
16598	1	16	2
16599	0	9	7
16600	1	20	14
16601	5	10	8
16602	20	1	15
16603	1	20	6
16604	2	20	3
16605	8	20	5
16606	0	18	17
16607	15	3	19
16608	7	17	1
16609	10	16	13
16610	17	19	14
16611	16	2	5
16612	15	5	10
16613	3	13	12
16614	20	12	19
16615	18	19	0
16616	15	7	0
16617	17	8	13
16618	6	3	13
16619	1	16	18
16620	4	7	20
16621	20	13	5
16622	10	14	6
16623	4	5	13
16624	12	0	7
16625	11	2	10
16626	9	5	8
16627	20	19	11
16628	15	5	17
16629	20	8	11
16630	4	18	19
16631	15	7	19
16632	13	6	18
16633	2	15	10
16634	1	8	3
16635	16	18	19
16636	8	18	20
16637	9	3	19
16638	5	17	20
16639	12	2	18
16640	20	15	9
16641	11	3	9
16642	10	0	6
16643	16	17	1
16644	12	1	2
16645	3	8	12
16646	12	5	7
16647	14	0	20
16648	11	18	9
16649	19	8	0
16650	2	18	4
16651	9	19	7
16652	18	16	6
16653	18	8	9
16654	13	16	9
16655	3	6	0
16656	18	9	13
16657	5	19	17
16658	10	0	14
16659	19	17	18
16660	12	16	8
16661	2	18	10
16662	9	0	12
16663	17	11	0
16664	15	16	0
16665	0	12	14
16666	12	15	16
16667	17	14	13
16668	18	14	15
16669	12	13	18
16670	7	2	1
16671	5	10	7
16672	18	7	17
16673	6	1	14
16674	0	7	2
16675	10	3	15
16676	4	20	16
16677	1	5	19
16678	2	15	19
16679	18	15	9
16680	12	15	19
16681	15	2	5
16682	1	15	10
16683	7	11	17
16684	18	7	17
16685	0	12	20
16686	10	8	17
16687	14	10	1
16688	7	5	8
16689	12	5	0
16690	18	14	5
16691	14	9	7
16692	6	4	7
16693	2	12	20
16694	9	19	0
16695	0	2	10
16696	5	6	1
16697	18	13	19
16698	1	12	4
16699	13	0	5
16700	13	5	12
16701	1	0	19
16702	20	8	2
16703	8	13	6
16704	1	11	10
16705	19	16	5
16706	3	14	12
16707	19	1	18
16708	15	5	3
16709	2	16	17
16710	13	10	2
16711	18	7	17
16712	15	11	5
16713	16	17	0
16714	11	14	3
16715	4	18	11
16716	7	19	15
16717	19	13	20
16718	10	0	3
16719	4	5	6
16720	12	14	2
16721	19	20	11
16722	18	3	13
16723	3	17	20
16724	9	14	20
16725	18	10	14
16726	16	0	9
16727	19	8	13
16728	16	15	18
16729	13	7	1
16730	6	18	15
16731	0	8	13
16732	13	9	8
16733	7	17	18
16734	7	17	8
16735	8	14	12
16736	16	6	0
16737	5	13	12
16738	20	6	9
16739	18	6	11
16740	13	8	5
16741	10	12	3
16742	20	18	13
16743	15	6	0
16744	3	15	8
16745	9	4	0
16746	8	16	10
16747	10	2	5
16748	5	6	9
16749	16	1	5
16750	8	7	17
16751	5	9	3
16752	16	9	19
16753	19	20	6
16754	4	16	11
16755	12	1	13
16756	20	13	11
16757	2	7	10
16758	13	19	3
16759	0	12	11
16760	11	14	9
16761	9	13	5
16762	14	2	15
16763	17	5	3
16764	15	13	19
16765	6	1	2
16766	15	12	8
16767	2	12	13
16768	2	9	5
16769	10	15	7
16770	2	18	0
16771	7	8	19
16772	5	7	13
16773	13	11	6
16774	1	7	2
16775	6	10	0
16776	15	9	11
16777	4	7	3
16778	11	6	1
16779	9	5	6
16780	2	14	8
16781	10	3	18
16782	8	19	6
16783	0	5	14
16784	18	20	16
16785	7	11	15
16786	7	10	5
16787	11	1	5
16788	19	9	6
16789	13	5	15
16790	20	0	5
16791	20	4	5
16792	20	5	19
16793	18	6	13
16794	14	10	16
16795	15	5	13
16796	14	8	19
16797	16	8	17
16798	18	16	7
16799	6	5	17
16800	8	7	17
16801	16	13	15
16802	10	8	2
16803	1	4	8
16804	1	6	12
16805	10	13	15
16806	19	2	3
16807	18	3	0
16808	1	12	14
16809	4	8	6
16810	7	17	10
16811	7	16	15
16812	15	3	19
16813	6	12	11
16814	2	1	12
16815	0	13	11
16816	4	17	0
16817	13	19	16
16818	17	6	1
16819	13	3	17
16820	17	9	8
16821	7	13	2
16822	11	14	13
16823	19	9	15
16824	16	9	4
16825	12	15	3
16826	6	13	16
16827	15	17	19
16828	9	7	1
16829	3	18	1
16830	12	7	15
16831	11	10	6
16832	20	7	17
16833	15	1	11
16834	9	17	18
16835	12	20	6
16836	16	13	3
16837	9	20	16
16838	17	5	20
16839	20	11	10
16840	11	8	3
16841	5	16	3
16842	14	3	6
16843	10	16	2
16844	1	9	8
16845	10	19	15
16846	11	7	13
16847	11	10	2
16848	6	11	18
16849	17	13	19
16850	9	11	14
16851	11	4	12
16852	5	2	16
16853	19	6	15
16854	20	13	16
16855	19	12	3
16856	18	9	13
16857	7	16	9
16858	16	18	3
16859	8	20	11
16860	17	18	12
16861	3	8	4
16862	10	12	3
16863	11	8	9
16864	13	12	15
16865	18	8	19
16866	18	17	0
16867	6	8	9
16868	17	10	5
16869	11	14	2
16870	5	14	18
16871	9	8	0
16872	14	0	4
16873	18	16	2
16874	9	3	7
16875	17	8	12
16876	5	3	11
16877	6	16	9
16878	7	1	6
16879	7	15	4
16880	0	13	14
16881	19	11	13
16882	3	18	4
16883	15	3	20
16884	17	15	13
16885	17	10	2
16886	0	18	19
16887	19	11	15
16888	16	20	1
16889	12	19	16
16890	8	17	12
16891	19	2	10
16892	15	5	1
16893	5	14	3
16894	18	4	12
16895	7	2	3
16896	19	12	15
16897	3	13	9
16898	14	4	0
16899	16	5	13
16900	20	4	10
16901	17	9	7
16902	7	2	14
16903	18	5	7
16904	8	15	20
16905	0	7	8
16906	2	13	17
16907	10	5	16
16908	10	16	17
16909	13	12	14
16910	19	17	3
16911	16	0	5
16912	6	7	17
16913	7	20	11
16914	19	6	10
16915	9	3	17
16916	1	17	7
16917	6	15	12
16918	17	16	18
16919	12	17	15
16920	8	12	19
16921	18	4	12
16922	5	10	11
16923	10	6	15
16924	15	7	17
16925	18	3	8
16926	1	8	3
16927	8	16	6
16928	5	8	13
16929	2	20	4
16930	8	0	2
16931	7	12	2
16932	15	20	1
16933	13	11	18
16934	5	16	8
16935	5	7	6
16936	13	6	20
16937	20	2	10
16938	11	8	14
16939	5	12	20
16940	1	8	11
16941	9	12	3
16942	1	4	13
16943	1	14	5
16944	9	17	16
16945	4	15	5
16946	8	12	6
16947	17	1	6
16948	11	3	15
16949	2	11	18
16950	7	5	11
16951	2	5	12
16952	0	10	13
16953	7	4	9
16954	13	18	20
16955	9	10	18
16956	9	13	14
16957	1	19	11
16958	4	3	12
16959	18	6	11
16960	20	13	9
16961	15	19	0
16962	19	16	12
16963	9	17	13
16964	14	10	7
16965	9	10	6
16966	11	12	5
16967	7	5	6
16968	0	2	6
16969	7	8	18
16970	1	16	8
16971	3	12	11
16972	9	14	19
16973	14	10	19
16974	13	14	10
16975	10	8	15
16976	17	13	9
16977	7	15	20
16978	16	17	0
16979	3	17	15
16980	12	14	7
16981	0	11	14
16982	10	0	7
16983	13	6	17
16984	13	5	2
16985	13	10	11
16986	18	19	0
16987	18	8	3
16988	13	2	9
16989	16	2	1
16990	8	5	15
16991	13	9	2
16992	2	9	8
16993	16	2	17
16994	18	6	0
16995	8	14	13
16996	7	11	3
16997	3	19	2
16998	19	11	3
16999	7	3	12
17000	4	0	5
17001	13	12	0
17002	16	14	3
17003	6	14	9
17004	12	3	10
17005	17	8	3
17006	5	8	15
17007	2	8	14
17008	16	4	12
17009	17	14	7
17010	20	7	15
17011	4	6	3
17012	0	11	9
17013	12	6	8
17014	13	15	20
17015	14	2	3
17016	6	13	20
17017	11	15	9
17018	20	14	0
17019	19	10	8
17020	2	13	6
17021	2	16	3
17022	19	18	12
17023	1	20	18
17024	1	0	13
17025	2	14	9
17026	0	2	13
17027	20	2	13
17028	3	11	8
17029	13	11	12
17030	3	7	14
17031	9	20	1
17032	0	10	2
17033	17	4	9
17034	14	3	18
17035	0	8	2
17036	17	0	1
17037	12	4	6
17038	2	15	1
17039	9	10	7
17040	19	5	3
17041	2	4	3
17042	17	20	0
17043	12	4	18
17044	9	11	17
17045	8	7	1
17046	11	16	14
17047	4	20	12
17048	4	12	7
17049	1	0	16
17050	6	15	12
17051	5	1	14
17052	17	1	6
17053	2	16	19
17054	20	18	19
17055	14	12	4
17056	11	6	1
17057	12	19	0
17058	0	13	18
17059	18	17	12
17060	13	17	1
17061	3	0	9
17062	14	17	6
17063	1	5	13
17064	8	17	18
17065	11	18	8
17066	12	11	13
17067	4	19	6
17068	9	2	12
17069	9	11	15
17070	17	18	13
17071	13	9	20
17072	11	16	7
17073	1	15	2
17074	16	4	9
17075	18	20	12
17076	5	1	13
17077	6	7	2
17078	9	20	5
17079	5	14	7
17080	6	0	10
17081	19	9	4
17082	1	15	0
17083	4	16	14
17084	20	2	3
17085	2	12	5
17086	8	20	5
17087	15	13	20
17088	2	15	17
17089	17	13	16
17090	11	17	0
17091	6	19	16
17092	2	13	20
17093	7	14	11
17094	9	20	2
17095	19	0	14
17096	10	9	15
17097	2	9	1
17098	9	6	11
17099	20	8	15
17100	0	9	1
17101	15	9	17
17102	1	19	16
17103	18	9	3
17104	4	14	5
17105	10	2	4
17106	10	4	17
17107	3	20	2
17108	11	14	4
17109	11	14	18
17110	7	19	18
17111	11	7	9
17112	15	14	3
17113	20	13	9
17114	17	2	7
17115	8	14	6
17116	18	10	3
17117	5	0	4
17118	9	19	5
17119	15	0	14
17120	8	11	4
17121	18	16	10
17122	8	18	0
17123	16	7	10
17124	12	20	3
17125	0	15	1
17126	19	12	5
17127	8	17	4
17128	5	13	3
17129	17	10	0
17130	18	7	5
17131	1	14	8
17132	5	19	18
17133	9	10	16
17134	2	10	19
17135	16	2	8
17136	19	11	15
17137	0	2	5
17138	6	7	0
17139	19	10	13
17140	15	12	17
17141	11	3	20
17142	9	2	1
17143	9	15	0
17144	18	20	12
17145	4	15	11
17146	12	2	1
17147	1	9	17
17148	2	18	0
17149	13	0	7
17150	20	9	11
17151	8	19	5
17152	12	9	0
17153	8	18	5
17154	6	4	7
17155	9	16	1
17156	15	7	10
17157	20	17	4
17158	0	11	9
17159	1	3	7
17160	10	8	17
17161	10	7	3
17162	8	18	3
17163	18	9	12
17164	9	17	3
17165	5	15	1
17166	3	1	13
17167	11	6	19
17168	20	19	12
17169	18	3	10
17170	9	18	17
17171	10	17	3
17172	8	14	12
17173	4	17	1
17174	20	4	2
17175	18	15	19
17176	8	20	11
17177	19	16	11
17178	18	10	13
17179	2	17	19
17180	20	5	2
17181	9	14	16
17182	18	6	15
17183	1	13	20
17184	2	10	5
17185	17	15	13
17186	11	3	17
17187	12	17	14
17188	13	0	4
17189	4	12	11
17190	17	10	5
17191	4	20	18
17192	11	0	3
17193	15	2	14
17194	12	0	9
17195	11	20	4
17196	2	3	19
17197	7	12	8
17198	17	13	20
17199	7	12	0
17200	6	19	13
17201	1	16	14
17202	13	8	19
17203	15	4	3
17204	10	8	20
17205	14	15	2
17206	7	15	5
17207	14	2	12
17208	5	8	18
17209	6	20	17
17210	17	12	13
17211	11	2	16
17212	15	13	19
17213	11	9	16
17214	13	4	15
17215	14	7	2
17216	8	7	6
17217	12	0	4
17218	1	4	16
17219	10	1	0
17220	9	14	6
17221	8	17	6
17222	18	17	15
17223	16	14	13
17224	6	12	10
17225	2	19	11
17226	15	7	6
17227	0	3	16
17228	17	3	19
17229	10	6	1
17230	5	4	16
17231	19	14	12
17232	0	7	1
17233	6	11	12
17234	14	10	8
17235	19	3	7
17236	4	12	16
17237	16	15	18
17238	19	3	5
17239	10	8	12
17240	17	10	19
17241	9	8	18
17242	15	12	2
17243	18	13	7
17244	11	8	16
17245	19	17	5
17246	3	6	5
17247	13	9	6
17248	17	2	11
17249	8	14	9
17250	16	13	20
17251	18	14	10
17252	2	17	1
17253	8	9	4
17254	13	18	11
17255	17	7	15
17256	6	12	19
17257	11	14	5
17258	0	20	7
17259	4	7	10
17260	20	12	19
17261	10	6	13
17262	6	1	10
17263	11	10	7
17264	5	3	13
17265	2	10	14
17266	2	9	12
17267	9	12	16
17268	11	16	6
17269	17	6	20
17270	3	13	9
17271	18	16	7
17272	13	17	14
17273	4	6	10
17274	14	12	18
17275	6	4	17
17276	15	7	9
17277	18	14	7
17278	14	20	4
17279	7	1	18
17280	4	19	20
17281	2	20	18
17282	15	9	12
17283	8	16	7
17284	12	7	1
17285	10	9	15
17286	18	2	12
17287	6	14	13
17288	16	11	9
17289	8	6	16
17290	14	11	9
17291	18	6	5
17292	13	5	7
17293	2	7	18
17294	0	16	7
17295	15	19	8
17296	2	16	3
17297	20	14	12
17298	6	20	9
17299	13	6	2
17300	9	6	19
17301	1	15	20
17302	16	3	9
17303	19	3	16
17304	19	8	15
17305	4	20	6
17306	9	16	12
17307	10	18	15
17308	1	5	11
17309	7	12	9
17310	3	6	11
17311	5	1	9
17312	16	6	20
17313	12	8	16
17314	4	18	8
17315	20	10	6
17316	5	3	13
17317	3	7	8
17318	17	1	12
17319	11	1	18
17320	4	3	11
17321	1	16	12
17322	9	0	6
17323	0	6	7
17324	13	11	19
17325	11	3	2
17326	19	5	3
17327	16	10	15
17328	7	17	9
17329	9	8	0
17330	15	20	18
17331	0	5	10
17332	0	4	2
17333	8	11	3
17334	16	8	0
17335	4	0	13
17336	18	12	19
17337	11	5	19
17338	19	17	4
17339	13	0	2
17340	19	20	15
17341	8	11	12
17342	13	5	4
17343	5	20	10
17344	1	2	17
17345	6	11	10
17346	15	4	7
17347	9	12	1
17348	4	9	7
17349	17	9	0
17350	0	12	17
17351	1	9	0
17352	12	10	2
17353	7	6	17
17354	15	16	2
17355	4	1	2
17356	9	11	4
17357	17	2	12
17358	7	17	9
17359	5	17	6
17360	10	14	11
17361	7	17	11
17362	10	3	8
17363	16	14	5
17364	20	11	18
17365	6	3	8
17366	14	7	5
17367	19	4	17
17368	12	8	4
17369	6	20	7
17370	1	11	18
17371	9	20	10
17372	1	20	19
17373	15	2	13
17374	13	1	10
17375	20	19	5
17376	14	19	3
17377	19	15	8
17378	19	12	20
17379	1	2	17
17380	13	3	14
17381	11	6	4
17382	1	4	10
17383	19	6	4
17384	6	10	20
17385	16	18	4
17386	15	4	19
17387	16	0	15
17388	14	17	11
17389	8	12	5
17390	10	4	17
17391	3	10	18
17392	7	1	15
17393	2	18	8
17394	5	20	6
17395	9	18	13
17396	20	3	9
17397	16	1	17
17398	20	2	18
17399	15	10	12
17400	16	0	2
17401	5	1	17
17402	18	12	11
17403	5	2	6
17404	10	0	7
17405	5	7	13
17406	15	16	3
17407	12	18	6
17408	13	11	16
17409	3	6	11
17410	19	10	9
17411	6	0	3
17412	3	10	0
17413	10	16	14
17414	14	2	13
17415	11	0	1
17416	4	2	9
17417	14	0	16
17418	5	2	19
17419	8	20	17
17420	12	2	5
17421	10	9	11
17422	3	6	10
17423	14	2	4
17424	11	2	14
17425	9	17	13
17426	10	15	16
17427	16	19	0
17428	5	9	10
17429	8	12	14
17430	10	0	16
17431	4	16	3
17432	4	19	1
17433	15	11	13
17434	7	3	4
17435	18	2	7
17436	5	12	14
17437	8	14	19
17438	8	17	2
17439	19	20	5
17440	15	5	16
17441	13	8	18
17442	10	12	18
17443	5	15	7
17444	6	15	14
17445	1	6	7
17446	8	18	16
17447	16	19	10
17448	14	9	6
17449	17	12	0
17450	3	6	4
17451	0	15	20
17452	17	5	12
17453	14	10	5
17454	1	7	6
17455	0	13	12
17456	15	18	17
17457	14	19	7
17458	14	20	8
17459	20	11	13
17460	19	14	17
17461	9	7	14
17462	14	10	9
17463	16	18	11
17464	2	19	6
17465	18	0	19
17466	1	12	20
17467	4	14	10
17468	16	11	5
17469	14	13	10
17470	15	17	12
17471	17	0	14
17472	7	19	18
17473	14	4	5
17474	10	18	0
17475	20	8	6
17476	11	8	17
17477	11	9	10
17478	14	20	16
17479	8	2	18
17480	19	12	18
17481	12	7	1
17482	14	9	18
17483	5	2	6
17484	20	1	7
17485	10	11	2
17486	19	18	7
17487	14	0	13
17488	13	16	3
17489	18	20	8
17490	7	15	17
17491	7	16	4
17492	0	13	5
17493	0	19	18
17494	4	8	18
17495	10	0	2
17496	11	13	16
17497	3	7	19
17498	8	0	15
17499	3	20	15
17500	12	16	13
17501	4	8	14
17502	8	13	10
17503	13	6	12
17504	20	7	3
17505	20	5	11
17506	20	9	13
17507	11	20	8
17508	19	1	3
17509	20	4	6
17510	20	18	11
17511	15	0	9
17512	5	17	10
17513	8	6	4
17514	14	1	20
17515	1	10	17
17516	8	10	17
17517	15	13	6
17518	15	6	12
17519	5	4	2
17520	17	13	11
17521	9	12	0
17522	11	10	16
17523	1	16	19
17524	12	15	20
17525	2	17	3
17526	3	5	17
17527	1	3	20
17528	13	4	3
17529	6	5	4
17530	8	2	14
17531	3	14	10
17532	17	12	19
17533	0	18	4
17534	13	12	8
17535	0	3	20
17536	5	7	6
17537	2	14	3
17538	0	10	18
17539	11	6	20
17540	6	11	1
17541	9	4	14
17542	1	10	12
17543	3	4	11
17544	15	9	0
17545	17	14	1
17546	16	1	11
17547	6	20	3
17548	19	11	13
17549	16	4	20
17550	18	19	14
17551	1	11	19
17552	6	2	10
17553	1	15	11
17554	8	6	19
17555	4	9	5
17556	13	15	10
17557	17	0	11
17558	15	16	8
17559	20	4	11
17560	12	14	8
17561	6	9	20
17562	4	12	8
17563	5	12	13
17564	1	7	17
17565	5	7	11
17566	1	12	9
17567	17	2	20
17568	10	18	12
17569	3	0	2
17570	17	7	12
17571	1	14	8
17572	19	12	7
17573	2	4	10
17574	18	1	15
17575	8	3	18
17576	6	16	12
17577	11	9	7
17578	13	8	7
17579	14	7	0
17580	14	1	11
17581	6	5	12
17582	1	4	14
17583	12	8	13
17584	11	3	8
17585	5	16	15
17586	8	15	17
17587	3	13	19
17588	16	11	12
17589	11	3	10
17590	7	16	3
17591	17	3	1
17592	6	15	16
17593	9	14	11
17594	13	15	0
17595	17	19	16
17596	10	2	17
17597	7	10	0
17598	10	4	20
17599	16	1	2
17600	5	13	18
17601	7	5	2
17602	15	0	19
17603	10	15	0
17604	14	16	4
17605	2	10	19
17606	13	1	9
17607	12	15	4
17608	16	12	6
17609	14	4	15
17610	8	0	19
17611	13	18	16
17612	2	8	1
17613	3	0	2
17614	2	16	17
17615	11	16	3
17616	12	9	7
17617	20	9	18
17618	17	14	8
17619	13	4	18
17620	19	4	15
17621	3	5	0
17622	4	19	7
17623	10	3	4
17624	18	6	19
17625	11	16	1
17626	7	5	15
17627	13	12	18
17628	14	7	4
17629	17	14	9
17630	2	14	13
17631	18	0	10
17632	15	18	9
17633	8	15	20
17634	8	7	14
17635	9	18	4
17636	13	8	12
17637	8	10	18
17638	2	4	8
17639	19	13	3
17640	19	13	0
17641	2	12	18
17642	11	7	20
17643	17	19	1
17644	4	20	17
17645	12	4	7
17646	9	2	0
17647	1	9	6
17648	18	14	12
17649	16	20	9
17650	12	3	9
17651	5	0	3
17652	15	5	3
17653	7	17	11
17654	9	10	20
17655	7	10	12
17656	12	3	17
17657	17	16	9
17658	18	7	0
17659	19	1	2
17660	8	16	3
17661	19	3	0
17662	6	9	0
17663	11	13	20
17664	17	4	9
17665	10	19	5
17666	12	9	1
17667	12	3	15
17668	6	12	16
17669	1	15	6
17670	3	5	8
17671	15	4	1
17672	4	15	10
17673	16	15	12
17674	6	1	5
17675	12	14	16
17676	19	7	14
17677	5	4	16
17678	2	17	20
17679	3	2	17
17680	3	8	2
17681	2	6	15
17682	8	17	15
17683	19	8	17
17684	9	3	20
17685	17	16	0
17686	13	11	4
17687	18	12	14
17688	9	0	1
17689	5	0	7
17690	18	8	2
17691	16	7	11
17692	19	18	17
17693	11	15	1
17694	15	14	6
17695	16	14	11
17696	19	2	0
17697	18	6	9
17698	2	11	9
17699	1	5	6
17700	11	6	20
17701	16	1	18
17702	5	0	8
17703	5	17	1
17704	15	10	5
17705	16	11	10
17706	3	8	14
17707	7	1	10
17708	18	4	20
17709	2	18	4
17710	8	2	9
17711	20	1	8
17712	11	18	3
17713	17	13	11
17714	4	7	6
17715	0	16	12
17716	11	4	12
17717	2	19	14
17718	4	12	0
17719	18	2	10
17720	7	6	0
17721	17	14	8
17722	6	0	4
17723	6	14	3
17724	15	10	14
17725	8	13	20
17726	4	10	13
17727	0	11	1
17728	4	17	5
17729	19	17	3
17730	18	5	9
17731	8	15	3
17732	15	14	17
17733	3	19	15
17734	19	0	5
17735	1	7	20
17736	14	5	20
17737	3	11	7
17738	19	14	7
17739	13	2	16
17740	9	0	7
17741	0	1	10
17742	6	5	10
17743	0	14	9
17744	12	18	16
17745	7	8	14
17746	7	20	10
17747	3	7	17
17748	17	15	14
17749	7	15	2
17750	2	17	5
17751	1	14	10
17752	1	19	13
17753	17	19	4
17754	10	14	6
17755	17	8	12
17756	3	1	2
17757	20	4	18
17758	13	7	20
17759	8	13	4
17760	6	13	2
17761	6	16	14
17762	7	2	17
17763	1	4	12
17764	3	12	13
17765	15	3	12
17766	16	4	7
17767	3	14	0
17768	18	16	19
17769	2	13	0
17770	5	19	11
17771	9	8	15
17772	4	12	5
17773	7	4	1
17774	2	1	18
17775	17	13	3
17776	2	8	17
17777	16	5	14
17778	17	6	9
17779	11	13	12
17780	4	3	14
17781	8	7	11
17782	3	5	16
17783	14	2	11
17784	11	15	4
17785	6	16	14
17786	20	2	0
17787	2	5	0
17788	11	10	15
17789	5	12	17
17790	13	4	19
17791	2	9	8
17792	3	16	8
17793	6	4	7
17794	6	7	19
17795	11	6	17
17796	15	19	20
17797	8	11	3
17798	17	16	19
17799	14	15	16
17800	7	13	18
17801	16	9	7
17802	9	16	2
17803	8	15	9
17804	20	4	7
17805	8	5	11
17806	20	18	7
17807	9	14	16
17808	3	6	11
17809	8	14	6
17810	15	0	13
17811	13	6	2
17812	8	1	3
17813	12	8	20
17814	4	3	16
17815	4	6	2
17816	1	6	13
17817	11	17	9
17818	12	1	7
17819	5	1	2
17820	3	20	14
17821	3	8	5
17822	14	1	20
17823	0	12	11
17824	7	19	6
17825	6	13	14
17826	14	13	1
17827	10	19	2
17828	18	16	11
17829	17	4	18
17830	12	18	2
17831	8	12	0
17832	17	16	11
17833	16	6	13
17834	11	17	10
17835	15	12	16
17836	10	19	15
17837	7	10	20
17838	19	9	18
17839	14	9	15
17840	14	6	11
17841	9	7	14
17842	6	3	7
17843	8	2	20
17844	5	15	12
17845	20	18	10
17846	2	18	14
17847	5	7	3
17848	7	11	19
17849	8	7	19
17850	10	2	20
17851	20	6	11
17852	16	9	1
17853	11	6	19
17854	16	19	4
17855	3	5	8
17856	2	16	11
17857	20	19	10
17858	19	7	12
17859	10	2	18
17860	19	8	16
17861	0	11	17
17862	3	10	0
17863	13	8	6
17864	15	16	4
17865	5	10	15
17866	2	4	12
17867	8	6	12
17868	10	11	20
17869	12	3	6
17870	5	12	3
17871	0	6	14
17872	0	6	12
17873	1	3	14
17874	13	17	19
17875	4	15	5
17876	20	18	15
17877	6	17	11
17878	14	17	2
17879	5	4	10
17880	10	1	15
17881	18	0	8
17882	20	5	13
17883	16	9	8
17884	11	5	3
17885	15	20	10
17886	10	12	4
17887	7	18	20
17888	0	14	17
17889	7	19	11
17890	0	8	5
17891	5	15	20
17892	14	2	0
17893	11	16	15
17894	16	9	0
17895	14	0	19
17896	5	1	13
17897	9	7	2
17898	7	12	2
17899	7	2	17
17900	5	19	17
17901	11	12	20
17902	15	0	11
17903	17	2	8
17904	5	15	0
17905	12	7	15
17906	16	6	20
17907	20	13	3
17908	16	15	5
17909	7	20	14
17910	12	10	3
17911	9	1	17
17912	17	0	3
17913	10	2	11
17914	8	11	16
17915	11	5	1
17916	1	12	17
17917	20	9	10
17918	16	8	17
17919	4	9	1
17920	12	0	2
17921	14	7	13
17922	0	1	4
17923	14	19	4
17924	11	13	17
17925	18	19	6
17926	20	14	0
17927	17	6	15
17928	2	15	20
17929	9	13	12
17930	5	12	10
17931	12	14	13
17932	10	7	8
17933	16	18	9
17934	2	16	18
17935	15	6	19
17936	18	13	17
17937	4	18	11
17938	12	15	2
17939	2	19	17
17940	13	2	7
17941	10	1	14
17942	14	12	7
17943	6	9	14
17944	18	16	0
17945	13	20	1
17946	9	16	1
17947	1	19	15
17948	18	17	1
17949	19	20	15
17950	14	10	5
17951	6	1	7
17952	3	5	8
17953	10	19	1
17954	5	13	8
17955	2	16	3
17956	2	20	8
17957	18	5	19
17958	4	13	1
17959	12	20	1
17960	1	18	8
17961	12	2	13
17962	6	8	10
17963	5	19	2
17964	7	3	13
17965	3	5	11
17966	6	10	3
17967	4	14	8
17968	5	10	15
17969	20	1	11
17970	10	17	12
17971	15	18	11
17972	19	6	0
17973	17	11	7
17974	20	17	15
17975	6	19	16
17976	4	16	19
17977	17	15	14
17978	14	18	7
17979	3	19	6
17980	14	3	9
17981	5	0	13
17982	19	17	12
17983	3	20	1
17984	12	1	5
17985	11	8	15
17986	8	18	1
17987	17	7	10
17988	9	1	6
17989	11	17	5
17990	18	10	5
17991	3	18	19
17992	17	20	19
17993	2	4	9
17994	1	0	2
17995	8	1	12
17996	14	7	6
17997	15	4	3
17998	12	1	9
17999	4	3	9
18000	8	11	9
18001	13	8	18
18002	12	16	19
18003	17	16	0
18004	3	20	10
18005	6	18	17
18006	18	3	2
18007	1	20	2
18008	11	1	0
18009	5	13	17
18010	16	6	2
18011	5	9	3
18012	15	6	10
18013	2	10	8
18014	2	16	4
18015	17	6	2
18016	14	10	18
18017	3	12	2
18018	5	15	19
18019	5	20	13
18020	1	13	4
18021	4	11	10
18022	19	4	16
18023	13	5	19
18024	17	9	1
18025	10	8	17
18026	3	9	20
18027	2	0	4
18028	10	14	7
18029	16	20	14
18030	17	16	2
18031	16	14	19
18032	11	0	7
18033	6	3	12
18034	17	15	2
18035	11	5	18
18036	5	7	14
18037	13	4	7
18038	1	17	6
18039	0	14	7
18040	11	16	6
18041	10	16	0
18042	3	16	10
18043	4	6	2
18044	14	19	13
18045	20	1	4
18046	5	17	8
18047	20	2	10
18048	13	10	17
18049	8	10	20
18050	16	4	7
18051	16	17	10
18052	14	9	16
18053	4	0	7
18054	11	18	5
18055	9	13	15
18056	18	12	0
18057	0	9	4
18058	16	17	13
18059	5	17	9
18060	4	0	1
18061	8	19	7
18062	6	9	1
18063	20	14	8
18064	20	15	2
18065	1	10	6
18066	3	10	9
18067	7	8	9
18068	20	13	0
18069	15	9	19
18070	14	3	8
18071	10	16	2
18072	14	17	10
18073	16	18	5
18074	15	4	7
18075	10	14	13
18076	8	10	0
18077	3	5	0
18078	16	17	8
18079	4	9	14
18080	0	11	9
18081	19	12	20
18082	9	13	8
18083	8	2	12
18084	16	17	1
18085	11	9	14
18086	11	4	1
18087	0	16	17
18088	7	18	17
18089	20	18	10
18090	19	7	16
18091	6	9	18
18092	17	2	13
18093	6	8	2
18094	0	8	12
18095	8	18	12
18096	11	5	17
18097	0	8	3
18098	18	11	16
18099	13	18	10
18100	16	14	18
18101	20	9	4
18102	14	10	1
18103	8	13	0
18104	8	0	7
18105	8	13	14
18106	13	12	11
18107	16	15	9
18108	19	1	16
18109	4	5	18
18110	18	13	8
18111	16	17	1
18112	9	16	8
18113	18	6	20
18114	1	9	4
18115	8	14	9
18116	16	18	11
18117	11	0	2
18118	10	20	14
18119	0	15	11
18120	14	15	8
18121	16	2	4
18122	19	14	15
18123	13	20	17
18124	15	3	10
18125	10	20	9
18126	12	6	8
18127	8	12	9
18128	11	6	1
18129	10	13	18
18130	17	7	13
18131	15	4	19
18132	2	1	20
18133	17	7	18
18134	13	2	8
18135	0	17	2
18136	2	9	16
18137	3	11	18
18138	16	15	8
18139	7	2	12
18140	10	20	0
18141	5	17	10
18142	10	5	11
18143	20	7	1
18144	9	14	20
18145	20	7	3
18146	9	8	19
18147	9	8	10
18148	1	16	9
18149	3	16	7
18150	4	1	11
18151	0	13	12
18152	15	14	10
18153	4	18	16
18154	6	20	19
18155	0	9	20
18156	20	19	0
18157	9	10	6
18158	10	7	18
18159	16	3	15
18160	16	10	12
18161	14	6	0
18162	12	15	10
18163	19	8	15
18164	13	19	2
18165	7	0	13
18166	10	15	17
18167	3	4	0
18168	20	16	9
18169	0	11	13
18170	8	16	10
18171	2	0	8
18172	13	14	15
18173	6	9	11
18174	16	9	3
18175	12	1	9
18176	20	18	16
18177	4	9	3
18178	19	0	15
18179	4	18	17
18180	0	19	3
18181	2	8	0
18182	10	1	19
18183	16	12	18
18184	14	11	2
18185	9	13	17
18186	7	20	14
18187	19	2	15
18188	10	2	9
18189	17	1	20
18190	19	14	8
18191	8	17	12
18192	11	18	6
18193	8	4	11
18194	13	20	3
18195	9	17	11
18196	6	17	3
18197	2	9	20
18198	9	16	15
18199	14	5	19
18200	13	8	11
18201	18	13	4
18202	17	11	1
18203	3	16	17
18204	2	20	8
18205	20	7	3
18206	5	20	6
18207	17	7	5
18208	8	4	14
18209	8	0	7
18210	3	9	4
18211	15	14	5
18212	3	4	7
18213	7	4	12
18214	19	15	20
18215	0	16	13
18216	6	1	5
18217	2	20	6
18218	11	3	12
18219	0	13	14
18220	4	12	6
18221	0	4	14
18222	5	11	6
18223	12	15	16
18224	0	10	13
18225	1	20	13
18226	20	12	19
18227	4	9	18
18228	1	15	10
18229	6	18	0
18230	13	9	6
18231	5	16	13
18232	12	1	8
18233	2	0	11
18234	2	17	19
18235	16	2	1
18236	4	15	2
18237	11	13	19
18238	18	2	20
18239	9	8	13
18240	13	19	11
18241	13	5	6
18242	0	11	6
18243	4	8	20
18244	7	16	10
18245	0	6	3
18246	3	8	2
18247	11	13	19
18248	5	6	10
18249	8	6	20
18250	14	2	3
18251	10	2	20
18252	4	15	0
18253	17	2	3
18254	17	4	3
18255	19	16	10
18256	19	6	8
18257	6	2	17
18258	3	14	15
18259	12	1	16
18260	6	3	20
18261	3	10	7
18262	11	16	6
18263	0	20	7
18264	14	19	6
18265	20	6	8
18266	14	4	1
18267	20	13	15
18268	9	5	12
18269	15	2	6
18270	2	15	20
18271	1	7	2
18272	17	13	20
18273	11	16	2
18274	0	6	18
18275	6	12	16
18276	8	10	12
18277	1	18	17
18278	10	18	7
18279	7	18	16
18280	18	19	9
18281	12	20	18
18282	18	6	4
18283	14	10	6
18284	19	16	8
18285	12	16	2
18286	16	0	9
18287	6	20	5
18288	16	19	14
18289	9	6	20
18290	18	9	0
18291	1	11	7
18292	19	16	14
18293	8	9	17
18294	15	17	1
18295	18	8	13
18296	12	17	3
18297	8	2	15
18298	12	18	0
18299	18	12	4
18300	10	1	4
18301	14	1	20
18302	14	11	10
18303	15	20	11
18304	12	3	13
18305	12	0	18
18306	1	8	16
18307	16	12	0
18308	1	12	13
18309	14	2	9
18310	18	11	17
18311	14	16	17
18312	9	12	20
18313	19	17	7
18314	2	14	12
18315	6	5	0
18316	14	6	10
18317	18	1	13
18318	14	8	2
18319	14	5	17
18320	16	0	4
18321	17	7	14
18322	16	7	11
18323	2	8	7
18324	9	6	11
18325	8	5	11
18326	16	19	10
18327	3	6	0
18328	16	17	6
18329	1	4	0
18330	1	9	13
18331	9	1	5
18332	16	1	6
18333	15	12	13
18334	12	14	0
18335	8	4	10
18336	1	19	6
18337	8	5	13
18338	10	6	15
18339	0	10	15
18340	3	17	10
18341	8	3	11
18342	7	2	8
18343	2	3	5
18344	6	2	4
18345	5	2	4
18346	0	17	6
18347	7	14	16
18348	17	1	12
18349	19	16	17
18350	3	19	10
18351	11	13	2
18352	18	3	1
18353	14	18	19
18354	12	14	19
18355	5	14	12
18356	17	0	14
18357	4	9	13
18358	12	18	20
18359	7	11	10
18360	15	10	0
18361	6	19	9
18362	7	6	5
18363	9	14	2
18364	5	6	12
18365	4	20	15
18366	11	15	16
18367	1	15	14
18368	18	5	9
18369	12	11	19
18370	6	19	20
18371	20	12	0
18372	4	20	7
18373	3	15	18
18374	16	12	20
18375	6	12	4
18376	14	13	5
18377	9	18	2
18378	9	8	5
18379	6	0	18
18380	1	7	12
18381	2	20	7
18382	19	20	9
18383	12	16	7
18384	17	15	6
18385	7	13	12
18386	6	14	8
18387	15	20	19
18388	7	2	3
18389	9	8	16
18390	2	10	0
18391	11	9	3
18392	18	17	4
18393	18	4	11
18394	8	15	19
18395	5	17	13
18396	16	0	20
18397	9	17	14
18398	18	1	2
18399	11	17	0
18400	10	4	11
18401	7	5	9
18402	20	16	18
18403	12	4	17
18404	2	11	10
18405	12	6	17
18406	9	3	14
18407	1	3	19
18408	7	17	11
18409	16	4	18
18410	7	2	18
18411	9	17	12
18412	17	11	13
18413	12	3	17
18414	7	3	6
18415	16	17	1
18416	11	10	14
18417	3	13	10
18418	10	13	9
18419	3	6	19
18420	15	8	20
18421	15	6	20
18422	16	9	12
18423	3	1	6
18424	0	4	13
18425	8	20	13
18426	13	1	15
18427	14	15	1
18428	14	1	5
18429	5	9	17
18430	19	3	16
18431	10	0	14
18432	10	15	2
18433	16	1	18
18434	2	9	10
18435	15	20	7
18436	6	20	15
18437	6	10	14
18438	17	20	18
18439	20	8	10
18440	16	15	10
18441	6	13	1
18442	4	17	18
18443	8	14	0
18444	12	2	0
18445	3	18	12
18446	12	0	5
18447	17	11	10
18448	1	18	6
18449	10	20	14
18450	20	15	0
18451	8	11	10
18452	5	11	0
18453	3	6	2
18454	11	9	10
18455	1	13	20
18456	18	11	9
18457	19	17	6
18458	16	4	14
18459	18	4	1
18460	0	15	3
18461	14	1	12
18462	13	1	10
18463	10	20	4
18464	7	14	18
18465	9	17	7
18466	15	14	8
18467	5	16	2
18468	7	6	9
18469	1	7	2
18470	13	17	15
18471	0	14	13
18472	2	19	4
18473	1	6	20
18474	12	2	1
18475	13	15	12
18476	9	7	5
18477	20	13	15
18478	12	8	5
18479	16	20	6
18480	1	16	9
18481	16	5	3
18482	10	5	2
18483	4	12	17
18484	7	14	16
18485	6	13	7
18486	15	5	19
18487	9	13	4
18488	10	8	18
18489	17	9	12
18490	7	18	10
18491	8	15	2
18492	20	12	16
18493	13	16	4
18494	5	8	1
18495	17	16	11
18496	8	13	4
18497	12	16	3
18498	9	8	18
18499	11	10	20
18500	19	12	9
18501	19	16	15
18502	14	17	18
18503	0	16	17
18504	3	0	16
18505	1	0	17
18506	10	4	12
18507	17	8	13
18508	8	6	17
18509	13	16	0
18510	4	13	7
18511	15	0	14
18512	8	3	4
18513	10	20	8
18514	18	1	5
18515	18	10	5
18516	18	16	0
18517	8	9	18
18518	13	5	16
18519	14	2	18
18520	5	10	7
18521	14	0	12
18522	18	15	9
18523	7	1	14
18524	1	15	11
18525	14	18	11
18526	0	13	4
18527	4	16	1
18528	2	19	0
18529	9	7	15
18530	1	15	12
18531	4	11	14
18532	13	2	6
18533	8	3	13
18534	13	18	0
18535	2	5	0
18536	5	7	6
18537	7	0	10
18538	15	16	13
18539	1	5	15
18540	4	17	12
18541	11	19	17
18542	5	7	1
18543	4	8	12
18544	6	20	14
18545	7	11	0
18546	7	14	1
18547	2	9	12
18548	13	17	9
18549	13	16	15
18550	6	2	13
18551	20	10	9
18552	10	1	14
18553	6	12	8
18554	4	2	10
18555	4	2	16
18556	17	8	0
18557	1	9	2
18558	0	9	20
18559	9	15	13
18560	17	5	9
18561	8	3	11
18562	4	5	19
18563	13	18	19
18564	3	0	15
18565	3	20	12
18566	4	7	18
18567	1	10	4
18568	15	3	12
18569	0	7	19
18570	8	18	20
18571	15	18	6
18572	13	16	8
18573	12	15	9
18574	3	16	0
18575	3	18	10
18576	3	13	5
18577	13	6	17
18578	8	4	10
18579	19	4	0
18580	13	19	6
18581	12	5	2
18582	11	3	12
18583	9	11	8
18584	10	5	7
18585	1	12	4
18586	19	6	17
18587	15	19	8
18588	16	3	9
18589	4	8	13
18590	18	4	3
18591	8	0	6
18592	8	12	14
18593	3	13	5
18594	9	16	8
18595	1	12	17
18596	19	4	1
18597	8	16	3
18598	16	4	0
18599	11	16	3
18600	9	0	14
18601	10	19	4
18602	0	14	20
18603	6	16	4
18604	5	11	9
18605	18	6	2
18606	13	12	6
18607	8	15	6
18608	8	17	6
18609	15	8	7
18610	5	17	18
18611	3	4	5
18612	14	1	11
18613	3	15	9
18614	19	4	13
18615	8	7	15
18616	10	6	9
18617	16	3	15
18618	11	19	2
18619	7	6	3
18620	0	10	17
18621	18	8	2
18622	8	7	6
18623	16	17	4
18624	16	15	12
18625	13	6	20
18626	0	6	8
18627	0	12	11
18628	15	13	17
18629	6	8	3
18630	10	19	2
18631	6	4	0
18632	1	12	15
18633	6	20	19
18634	1	19	9
18635	19	1	7
18636	18	16	12
18637	0	1	19
18638	19	4	9
18639	6	2	14
18640	12	4	9
18641	1	0	7
18642	7	13	4
18643	2	14	6
18644	3	19	17
18645	17	4	9
18646	19	1	6
18647	7	16	5
18648	4	6	16
18649	7	6	16
18650	20	16	13
18651	17	4	5
18652	13	0	2
18653	18	12	8
18654	18	0	5
18655	1	18	10
18656	16	14	7
18657	11	17	4
18658	2	8	12
18659	9	11	20
18660	8	9	12
18661	9	14	3
18662	16	18	5
18663	19	15	14
18664	8	18	1
18665	9	11	3
18666	10	16	7
18667	16	18	10
18668	12	4	9
18669	11	3	16
18670	20	6	0
18671	10	12	5
18672	13	7	8
18673	7	19	14
18674	6	9	19
18675	0	17	11
18676	2	7	9
18677	9	2	19
18678	9	13	19
18679	7	3	18
18680	13	16	15
18681	10	17	15
18682	15	14	1
18683	7	3	1
18684	2	1	4
18685	4	8	15
18686	11	5	14
18687	7	11	20
18688	2	12	10
18689	11	1	6
18690	20	10	15
18691	20	4	18
18692	5	19	14
18693	14	8	11
18694	5	10	8
18695	20	0	11
18696	2	0	20
18697	4	11	13
18698	9	7	4
18699	10	0	20
18700	5	3	4
18701	13	15	0
18702	9	4	13
18703	5	14	12
18704	6	19	12
18705	11	7	14
18706	10	20	15
18707	14	5	13
18708	19	1	6
18709	12	11	13
18710	1	15	7
18711	16	7	20
18712	13	1	3
18713	13	6	17
18714	10	6	13
18715	19	2	9
18716	8	19	1
18717	16	2	13
18718	9	0	11
18719	10	4	1
18720	4	19	18
18721	12	1	13
18722	10	11	7
18723	0	16	20
18724	12	9	20
18725	1	15	6
18726	0	11	9
18727	12	17	20
18728	8	16	20
18729	0	14	7
18730	7	19	4
18731	8	12	10
18732	17	10	8
18733	16	18	4
18734	4	15	6
18735	12	15	18
18736	7	6	10
18737	16	9	15
18738	20	15	11
18739	18	0	15
18740	1	15	7
18741	15	11	6
18742	12	10	11
18743	14	6	5
18744	13	4	14
18745	14	20	17
18746	0	3	11
18747	5	13	18
18748	15	20	3
18749	20	19	2
18750	8	9	19
18751	19	6	13
18752	2	7	18
18753	8	10	0
18754	9	10	14
18755	6	16	14
18756	15	10	17
18757	20	16	12
18758	1	5	18
18759	6	7	2
18760	17	10	0
18761	3	1	14
18762	16	3	12
18763	13	16	1
18764	19	4	20
18765	9	14	4
18766	13	3	15
18767	12	0	10
18768	2	20	15
18769	2	16	3
18770	9	14	1
18771	13	11	9
18772	11	4	5
18773	18	1	19
18774	18	4	11
18775	18	13	10
18776	18	4	13
18777	18	11	0
18778	1	9	7
18779	19	4	0
18780	19	20	5
18781	7	20	3
18782	11	6	3
18783	15	3	14
18784	17	9	12
18785	10	16	0
18786	9	13	1
18787	10	11	8
18788	10	19	17
18789	20	4	17
18790	1	16	8
18791	11	0	20
18792	8	9	16
18793	1	0	6
18794	1	5	16
18795	20	6	8
18796	13	10	9
18797	14	15	13
18798	17	9	10
18799	9	1	13
18800	1	19	5
18801	3	19	18
18802	18	5	1
18803	17	16	2
18804	15	6	3
18805	6	8	19
18806	15	9	0
18807	10	18	8
18808	6	11	10
18809	19	17	20
18810	11	14	9
18811	5	11	16
18812	11	13	0
18813	5	12	1
18814	20	13	12
18815	16	10	14
18816	7	14	4
18817	13	15	1
18818	5	14	9
18819	7	9	18
18820	1	19	2
18821	0	15	12
18822	2	3	6
18823	9	7	5
18824	0	1	3
18825	7	20	12
18826	1	0	20
18827	1	14	10
18828	17	14	13
18829	15	11	4
18830	3	2	4
18831	12	17	3
18832	10	8	5
18833	0	11	3
18834	0	18	14
18835	1	15	16
18836	9	15	0
18837	14	4	5
18838	11	6	4
18839	4	2	8
18840	3	19	17
18841	6	16	17
18842	9	4	18
18843	9	19	11
18844	11	0	16
18845	2	0	18
18846	16	5	19
18847	6	20	2
18848	8	7	15
18849	0	3	13
18850	8	4	13
18851	16	6	11
18852	20	5	10
18853	0	4	8
18854	18	3	8
18855	7	4	1
18856	14	4	1
18857	19	10	13
18858	0	17	7
18859	6	11	12
18860	19	11	18
18861	15	10	5
18862	18	16	10
18863	10	20	4
18864	5	13	0
18865	19	1	11
18866	18	19	13
18867	12	6	3
18868	11	16	10
18869	17	8	11
18870	14	5	12
18871	13	18	9
18872	8	9	4
18873	16	6	8
18874	14	1	17
18875	12	8	14
18876	15	7	1
18877	14	15	4
18878	8	10	15
18879	19	18	4
18880	9	12	10
18881	11	7	0
18882	1	19	13
18883	3	8	18
18884	0	6	11
18885	1	7	8
18886	13	6	10
18887	20	9	3
18888	8	18	14
18889	18	19	1
18890	1	13	16
18891	13	9	8
18892	19	0	9
18893	3	6	4
18894	9	2	0
18895	15	0	6
18896	11	19	6
18897	5	8	1
18898	14	12	6
18899	16	8	10
18900	14	1	11
18901	18	0	15
18902	12	9	19
18903	6	4	5
18904	14	20	10
18905	8	5	9
18906	13	15	18
18907	10	3	13
18908	20	9	19
18909	3	5	2
18910	17	18	15
18911	11	14	9
18912	0	12	4
18913	4	17	14
18914	6	17	0
18915	5	13	17
18916	19	6	11
18917	7	0	13
18918	19	2	20
18919	1	12	16
18920	10	4	8
18921	14	10	9
18922	6	3	8
18923	19	13	9
18924	19	2	13
18925	18	5	10
18926	16	2	15
18927	18	10	19
18928	2	20	11
18929	0	18	10
18930	13	12	20
18931	19	3	0
18932	5	0	4
18933	14	9	8
18934	20	4	14
18935	20	0	2
18936	19	13	10
18937	6	3	5
18938	1	6	18
18939	10	20	5
18940	4	17	19
18941	13	11	19
18942	5	17	19
18943	10	2	8
18944	18	3	1
18945	6	5	0
18946	19	3	15
18947	20	18	5
18948	17	3	6
18949	1	2	17
18950	17	11	8
18951	1	9	16
18952	4	13	5
18953	10	3	1
18954	10	4	19
18955	13	5	16
18956	11	14	20
18957	17	9	13
18958	3	20	16
18959	5	19	4
18960	6	7	16
18961	12	7	9
18962	14	15	20
18963	15	5	16
18964	14	19	6
18965	9	12	0
18966	17	10	6
18967	7	6	10
18968	17	15	9
18969	16	15	18
18970	3	19	6
18971	2	16	18
18972	18	20	0
18973	13	18	11
18974	19	4	0
18975	0	12	20
18976	2	17	10
18977	19	8	16
18978	12	11	15
18979	13	7	10
18980	0	16	9
18981	9	8	5
18982	15	6	17
18983	6	9	0
18984	6	8	7
18985	11	8	14
18986	14	16	19
18987	20	15	16
18988	4	12	9
18989	0	13	17
18990	12	7	0
18991	3	2	4
18992	7	13	5
18993	16	18	12
18994	8	10	6
18995	15	5	12
18996	16	12	6
18997	19	0	5
18998	5	4	17
18999	4	5	13
19000	14	13	12
19001	18	5	4
19002	0	17	1
19003	0	18	10
19004	0	8	5
19005	9	4	6
19006	0	7	5
19007	11	4	1
19008	2	1	16
19009	13	12	11
19010	6	0	10
19011	10	3	7
19012	18	9	5
19013	17	14	10
19014	9	3	17
19015	4	3	6
19016	11	3	2
19017	16	15	14
19018	8	15	12
19019	0	14	9
19020	3	15	7
19021	3	11	1
19022	18	0	14
19023	18	14	17
19024	0	14	18
19025	8	9	1
19026	11	19	20
19027	0	11	1
19028	3	13	0
19029	7	0	8
19030	16	2	14
19031	20	2	12
19032	15	20	3
19033	14	7	11
19034	17	19	4
19035	9	6	14
19036	4	6	13
19037	4	14	1
19038	5	10	15
19039	18	9	2
19040	1	10	11
19041	17	16	11
19042	9	8	19
19043	13	4	17
19044	1	14	19
19045	2	10	8
19046	14	12	8
19047	15	7	2
19048	16	6	18
19049	11	20	12
19050	10	6	2
19051	9	5	10
19052	9	12	3
19053	8	10	9
19054	6	5	18
19055	10	1	2
19056	9	1	10
19057	14	9	10
19058	12	0	6
19059	16	17	12
19060	6	13	10
19061	9	17	8
19062	9	19	10
19063	4	16	8
19064	17	15	4
19065	14	20	16
19066	17	18	9
19067	4	10	12
19068	13	19	4
19069	18	4	19
19070	10	0	11
19071	14	12	0
19072	5	1	9
19073	14	19	16
19074	11	3	1
19075	8	17	0
19076	10	8	14
19077	4	2	12
19078	19	7	18
19079	1	8	15
19080	9	15	10
19081	1	10	19
19082	12	6	8
19083	19	1	17
19084	19	10	0
19085	12	13	1
19086	12	13	11
19087	3	13	9
19088	2	1	15
19089	18	12	11
19090	12	7	0
19091	7	17	5
19092	2	15	1
19093	12	0	11
19094	3	7	10
19095	11	20	19
19096	9	2	7
19097	4	14	17
19098	20	14	16
19099	13	10	18
19100	7	3	14
19101	17	10	0
19102	14	6	4
19103	5	2	17
19104	20	14	12
19105	6	0	2
19106	18	8	0
19107	17	19	18
19108	10	4	15
19109	17	13	15
19110	2	20	6
19111	11	4	6
19112	8	14	15
19113	3	6	1
19114	4	15	1
19115	17	9	16
19116	17	6	11
19117	6	8	3
19118	2	6	8
19119	17	12	1
19120	17	5	4
19121	5	9	13
19122	11	17	16
19123	0	5	8
19124	12	0	1
19125	11	17	19
19126	12	2	1
19127	8	4	14
19128	2	17	5
19129	18	2	5
19130	3	11	9
19131	13	3	11
19132	3	2	5
19133	6	4	0
19134	18	3	2
19135	5	19	1
19136	11	8	15
19137	1	17	9
19138	13	7	0
19139	15	14	18
19140	18	19	2
19141	19	11	6
19142	15	0	8
19143	16	12	6
19144	10	2	16
19145	1	8	13
19146	4	6	13
19147	9	20	2
19148	16	8	19
19149	5	10	12
19150	1	3	5
19151	3	11	14
19152	4	12	18
19153	2	4	18
19154	0	16	1
19155	12	18	0
19156	8	7	14
19157	20	15	4
19158	19	17	10
19159	5	6	1
19160	4	5	13
19161	0	1	8
19162	1	17	8
19163	12	18	19
19164	12	7	9
19165	3	8	10
19166	10	20	8
19167	0	4	13
19168	8	10	2
19169	6	8	19
19170	5	1	8
19171	4	11	7
19172	5	13	16
19173	8	14	9
19174	16	8	4
19175	2	7	1
19176	18	2	4
19177	16	15	2
19178	2	15	18
19179	2	4	9
19180	12	9	14
19181	19	1	6
19182	4	3	19
19183	14	3	11
19184	8	2	1
19185	12	4	16
19186	6	3	8
19187	7	1	9
19188	12	13	20
19189	12	17	15
19190	11	9	2
19191	11	20	15
19192	14	0	3
19193	15	14	18
19194	18	19	8
19195	1	6	15
19196	11	16	1
19197	2	6	20
19198	6	12	3
19199	18	17	8
19200	9	8	13
19201	15	3	0
19202	18	5	8
19203	3	13	20
19204	19	20	2
19205	8	19	6
19206	8	13	7
19207	3	19	14
19208	6	11	14
19209	9	4	13
19210	8	6	1
19211	12	3	4
19212	2	1	19
19213	12	2	7
19214	15	6	14
19215	10	1	15
19216	0	2	9
19217	7	6	12
19218	0	5	4
19219	16	10	6
19220	20	4	8
19221	8	19	14
19222	10	11	19
19223	13	11	12
19224	11	16	10
19225	18	16	0
19226	3	7	14
19227	14	15	12
19228	5	13	18
19229	5	12	13
19230	16	14	10
19231	15	2	9
19232	6	8	16
19233	0	18	2
19234	15	13	1
19235	6	16	3
19236	8	16	3
19237	2	4	19
19238	16	12	19
19239	19	5	20
19240	3	15	16
19241	10	3	4
19242	20	19	12
19243	13	15	14
19244	16	3	4
19245	12	2	15
19246	3	16	17
19247	7	10	12
19248	4	6	14
19249	12	11	1
19250	8	15	16
19251	9	18	17
19252	6	15	3
19253	3	18	12
19254	17	20	0
19255	7	15	2
19256	11	16	18
19257	10	1	17
19258	5	11	1
19259	11	10	9
19260	12	14	16
19261	16	12	6
19262	15	6	18
19263	14	0	20
19264	13	0	9
19265	0	20	3
19266	6	1	11
19267	0	5	1
19268	12	4	7
19269	20	8	13
19270	1	3	10
19271	11	13	20
19272	17	13	3
19273	14	16	6
19274	2	20	8
19275	18	6	1
19276	7	5	15
19277	7	15	1
19278	7	4	16
19279	9	5	8
19280	8	4	20
19281	5	4	10
19282	6	0	16
19283	18	20	11
19284	4	15	7
19285	19	2	15
19286	17	19	4
19287	4	17	13
19288	15	19	8
19289	14	17	0
19290	15	9	7
19291	1	11	20
19292	7	16	8
19293	2	0	8
19294	14	15	18
19295	0	12	1
19296	13	10	1
19297	19	7	2
19298	14	12	9
19299	18	9	3
19300	14	20	7
19301	9	6	12
19302	0	15	14
19303	18	0	4
19304	15	11	17
19305	13	10	1
19306	8	19	9
19307	7	4	0
19308	6	12	16
19309	0	14	17
19310	15	7	14
19311	19	3	2
19312	8	13	2
19313	1	15	7
19314	18	19	7
19315	7	17	12
19316	10	19	3
19317	9	17	18
19318	8	17	6
19319	8	9	15
19320	7	20	16
19321	9	4	0
19322	18	4	19
19323	15	8	16
19324	5	4	12
19325	8	9	19
19326	7	3	20
19327	17	2	16
19328	18	4	3
19329	1	13	10
19330	1	5	15
19331	5	14	10
19332	6	8	11
19333	3	14	0
19334	11	12	8
19335	3	10	15
19336	3	19	5
19337	17	9	10
19338	19	2	15
19339	2	20	10
19340	3	15	2
19341	4	19	20
19342	18	11	13
19343	17	18	13
19344	16	7	1
19345	20	18	11
19346	4	20	7
19347	1	13	17
19348	1	13	10
19349	20	11	4
19350	6	15	17
19351	19	9	1
19352	16	1	8
19353	0	20	2
19354	13	5	6
19355	9	14	10
19356	19	10	11
19357	13	1	10
19358	20	8	14
19359	9	16	18
19360	12	11	5
19361	14	20	13
19362	20	5	19
19363	13	9	11
19364	3	10	1
19365	13	16	9
19366	7	16	19
19367	7	1	6
19368	19	5	13
19369	3	6	9
19370	9	0	17
19371	7	5	12
19372	20	1	18
19373	10	15	16
19374	11	0	12
19375	20	5	2
19376	13	6	10
19377	2	11	14
19378	18	5	14
19379	12	1	2
19380	15	16	2
19381	19	16	15
19382	3	9	0
19383	17	13	15
19384	11	2	16
19385	4	11	6
19386	0	16	5
19387	16	5	2
19388	10	1	16
19389	4	2	17
19390	2	0	16
19391	14	3	18
19392	4	3	5
19393	10	0	5
19394	10	13	12
19395	15	1	14
19396	5	1	3
19397	20	3	14
19398	9	4	10
19399	17	15	1
19400	11	4	19
19401	15	20	14
19402	9	3	8
19403	20	7	19
19404	6	1	17
19405	14	11	19
19406	8	18	5
19407	7	6	2
19408	10	4	5
19409	12	2	15
19410	15	17	16
19411	15	17	10
19412	0	9	10
19413	9	10	13
19414	4	18	20
19415	20	1	5
19416	8	15	18
19417	17	12	9
19418	19	1	8
19419	2	16	20
19420	6	13	16
19421	11	17	4
19422	6	18	8
19423	14	19	0
19424	19	5	4
19425	6	11	8
19426	18	12	3
19427	1	7	15
19428	14	0	17
19429	10	15	11
19430	15	1	7
19431	15	1	11
19432	2	15	13
19433	0	19	13
19434	13	14	6
19435	6	20	11
19436	11	2	10
19437	3	20	9
19438	17	3	16
19439	6	7	5
19440	17	16	12
19441	9	20	18
19442	20	19	15
19443	15	7	11
19444	2	15	17
19445	19	1	10
19446	20	4	15
19447	5	3	18
19448	15	3	17
19449	10	3	0
19450	16	1	3
19451	2	16	5
19452	13	8	17
19453	10	16	9
19454	15	1	13
19455	7	0	14
19456	1	3	16
19457	12	0	18
19458	19	5	1
19459	3	2	9
19460	10	5	17
19461	0	11	6
19462	0	15	6
19463	8	1	7
19464	18	19	3
19465	3	10	16
19466	12	15	19
19467	13	7	16
19468	16	20	1
19469	14	1	0
19470	8	17	14
19471	5	3	11
19472	8	20	2
19473	18	9	15
19474	17	13	14
19475	1	8	17
19476	5	12	9
19477	5	0	8
19478	5	10	13
19479	13	17	19
19480	5	4	6
19481	17	15	10
19482	3	16	17
19483	20	2	16
19484	17	7	5
19485	10	9	7
19486	0	17	14
19487	18	17	7
19488	20	19	4
19489	7	2	14
19490	12	13	14
19491	8	0	5
19492	14	9	16
19493	14	3	18
19494	17	1	18
19495	19	7	1
19496	11	5	10
19497	16	20	6
19498	20	3	18
19499	2	7	15
19500	16	20	19
19501	5	15	13
19502	1	5	6
19503	1	8	4
19504	19	16	12
19505	17	10	19
19506	14	7	9
19507	14	0	1
19508	14	17	15
19509	5	2	15
19510	3	12	20
19511	12	17	19
19512	8	2	19
19513	18	5	10
19514	15	10	5
19515	19	12	15
19516	10	14	20
19517	18	5	14
19518	3	2	6
19519	16	12	7
19520	10	3	15
19521	11	15	13
19522	19	4	2
19523	13	14	16
19524	13	4	17
19525	4	16	12
19526	5	14	16
19527	20	19	10
19528	12	18	19
19529	7	15	5
19530	12	19	10
19531	11	10	0
19532	6	9	7
19533	10	0	19
19534	16	19	12
19535	6	14	9
19536	3	12	4
19537	5	15	13
19538	9	3	20
19539	15	8	1
19540	2	15	16
19541	8	19	5
19542	11	15	17
19543	19	0	7
19544	7	15	9
19545	1	16	6
19546	3	12	5
19547	8	16	17
19548	12	13	19
19549	15	5	7
19550	18	16	17
19551	17	15	8
19552	6	8	16
19553	8	3	12
19554	8	17	5
19555	18	19	1
19556	12	9	17
19557	8	4	13
19558	11	4	20
19559	8	3	12
19560	4	18	6
19561	10	17	20
19562	5	2	18
19563	11	1	2
19564	16	5	17
19565	18	13	17
19566	8	10	5
19567	5	12	2
19568	7	4	12
19569	12	20	14
19570	10	20	13
19571	20	7	19
19572	17	1	16
19573	12	2	0
19574	7	11	4
19575	0	8	17
19576	7	14	5
19577	1	15	8
19578	15	3	7
19579	0	18	12
19580	16	10	13
19581	17	13	3
19582	9	2	7
19583	2	9	0
19584	14	17	11
19585	13	14	3
19586	0	19	17
19587	19	20	7
19588	11	4	18
19589	10	12	18
19590	20	15	9
19591	3	15	11
19592	7	6	17
19593	17	19	10
19594	6	7	19
19595	15	3	0
19596	10	3	19
19597	6	20	11
19598	6	18	12
19599	11	12	15
19600	4	10	19
19601	10	3	0
19602	3	1	6
19603	13	8	18
19604	1	5	15
19605	2	13	0
19606	13	12	2
19607	17	4	16
19608	16	1	19
19609	15	7	9
19610	15	11	13
19611	14	5	11
19612	1	20	15
19613	8	3	16
19614	3	0	16
19615	7	1	10
19616	19	1	10
19617	16	20	17
19618	7	9	13
19619	7	18	2
19620	17	0	10
19621	20	5	15
19622	8	5	17
19623	1	14	17
19624	15	11	2
19625	9	8	7
19626	10	12	1
19627	2	9	16
19628	4	11	13
19629	10	19	3
19630	19	3	4
19631	5	3	18
19632	16	20	19
19633	5	4	10
19634	14	13	7
19635	14	17	1
19636	3	16	2
19637	20	3	11
19638	2	6	7
19639	9	1	20
19640	12	20	4
19641	13	11	4
19642	18	19	5
19643	4	3	15
19644	2	16	4
19645	16	8	17
19646	8	2	0
19647	3	13	15
19648	12	15	5
19649	19	16	20
19650	13	2	0
19651	3	10	7
19652	9	10	12
19653	1	5	18
19654	5	10	11
19655	2	9	10
19656	20	19	3
19657	7	20	18
19658	8	20	3
19659	19	14	15
19660	7	15	18
19661	9	12	19
19662	14	19	13
19663	6	20	15
19664	19	4	12
19665	6	19	18
19666	6	20	4
19667	11	10	3
19668	13	1	12
19669	20	8	10
19670	9	8	12
19671	2	17	20
19672	7	8	14
19673	5	13	18
19674	3	13	18
19675	16	7	2
19676	11	19	9
19677	2	19	3
19678	20	5	18
19679	18	14	12
19680	1	14	7
19681	18	9	13
19682	3	19	13
19683	13	0	14
19684	16	11	7
19685	0	13	19
19686	17	4	1
19687	5	16	1
19688	9	1	14
19689	20	3	13
19690	12	14	18
19691	3	11	17
19692	16	8	0
19693	13	2	10
19694	1	16	13
19695	10	7	6
19696	0	3	17
19697	3	18	7
19698	7	12	2
19699	18	8	2
19700	7	9	8
19701	7	9	13
19702	8	4	3
19703	6	8	7
19704	4	6	5
19705	20	12	8
19706	13	3	1
19707	20	10	11
19708	9	10	13
19709	7	10	20
19710	0	7	4
19711	11	15	17
19712	18	8	7
19713	3	13	18
19714	11	13	0
19715	4	8	16
19716	8	12	9
19717	12	10	18
19718	0	5	13
19719	16	14	19
19720	18	2	10
19721	11	0	15
19722	8	2	12
19723	11	17	14
19724	20	19	10
19725	8	6	3
19726	6	0	2
19727	3	13	19
19728	3	14	11
19729	2	1	4
19730	15	6	7
19731	5	15	3
19732	4	12	1
19733	11	17	19
19734	20	0	12
19735	2	14	0
19736	8	15	5
19737	14	2	15
19738	12	6	19
19739	9	8	17
19740	17	15	14
19741	17	13	11
19742	7	15	19
19743	8	15	18
19744	20	1	7
19745	0	13	9
19746	11	2	15
19747	20	12	11
19748	19	6	4
19749	10	20	5
19750	19	4	15
19751	19	16	14
19752	2	0	6
19753	5	17	7
19754	16	20	13
19755	4	13	1
19756	20	11	5
19757	10	15	16
19758	19	13	8
19759	18	10	9
19760	15	20	9
19761	2	18	4
19762	7	16	6
19763	6	7	3
19764	14	4	16
19765	10	2	12
19766	11	0	4
19767	15	0	17
19768	12	11	8
19769	15	14	11
19770	10	17	2
19771	13	19	1
19772	15	0	4
19773	19	3	10
19774	16	14	11
19775	4	8	18
19776	5	2	9
19777	9	17	8
19778	1	2	5
19779	16	4	18
19780	5	9	7
19781	12	7	10
19782	11	0	5
19783	18	20	14
19784	9	20	0
19785	15	18	4
19786	19	16	7
19787	4	6	12
19788	1	3	2
19789	19	8	0
19790	12	7	0
19791	6	4	11
19792	12	8	5
19793	15	4	6
19794	18	13	0
19795	17	1	0
19796	20	2	13
19797	12	5	6
19798	13	14	10
19799	3	1	5
19800	18	2	6
19801	19	20	5
19802	17	13	8
19803	18	9	5
19804	16	13	6
19805	20	13	16
19806	0	12	3
19807	20	18	0
19808	20	6	19
19809	0	3	7
19810	2	8	9
19811	0	5	2
19812	8	0	14
19813	15	18	5
19814	0	20	18
19815	6	1	8
19816	8	0	10
19817	7	17	15
19818	6	12	20
19819	18	1	19
19820	20	17	8
19821	6	0	20
19822	2	11	13
19823	5	3	19
19824	13	17	6
19825	8	19	10
19826	9	10	1
19827	14	18	0
19828	4	15	5
19829	17	14	4
19830	8	5	12
19831	6	10	0
19832	4	5	7
19833	6	0	14
19834	16	7	9
19835	2	4	3
19836	10	3	15
19837	2	15	20
19838	18	10	1
19839	18	17	16
19840	12	9	3
19841	16	13	18
19842	3	19	16
19843	12	16	13
19844	2	6	4
19845	13	18	1
19846	2	3	17
19847	10	17	12
19848	18	4	11
19849	11	16	2
19850	14	20	4
19851	20	14	0
19852	9	0	4
19853	4	12	19
19854	17	15	5
19855	3	8	16
19856	11	5	19
19857	18	4	9
19858	12	17	4
19859	12	7	8
19860	10	16	17
19861	15	1	10
19862	15	19	12
19863	6	10	0
19864	0	20	14
19865	15	4	19
19866	1	12	17
19867	17	5	4
19868	7	3	9
19869	3	9	11
19870	16	17	10
19871	16	19	4
19872	17	10	12
19873	14	4	19
19874	0	12	2
19875	9	12	17
19876	1	17	13
19877	14	3	6
19878	17	2	12
19879	4	3	8
19880	9	4	2
19881	20	5	2
19882	18	9	11
19883	19	6	17
19884	18	20	19
19885	17	15	12
19886	12	0	9
19887	9	11	8
19888	9	18	4
19889	2	15	14
19890	11	1	12
19891	17	14	1
19892	8	14	15
19893	5	4	18
19894	18	19	3
19895	16	5	10
19896	5	12	3
19897	5	19	2
19898	14	12	9
19899	15	0	12
19900	0	3	16
19901	6	19	11
19902	7	9	15
19903	9	6	5
19904	6	0	3
19905	20	0	7
19906	12	11	7
19907	1	20	19
19908	20	9	15
19909	6	3	12
19910	13	3	14
19911	6	7	12
19912	18	16	15
19913	3	9	19
19914	10	16	1
19915	19	16	9
19916	13	20	15
19917	5	20	12
19918	13	4	15
19919	15	3	0
19920	1	8	5
19921	9	5	20
19922	15	19	6
19923	9	7	3
19924	2	10	7
19925	19	4	8
19926	7	16	5
19927	14	10	18
19928	18	15	0
19929	3	18	6
19930	13	20	0
19931	16	15	3
19932	7	18	17
19933	6	19	18
19934	19	4	16
19935	20	2	18
19936	9	4	10
19937	14	0	9
19938	9	7	13
19939	13	10	12
19940	2	4	15
19941	4	9	19
19942	19	6	16
19943	10	17	9
19944	16	18	5
19945	14	0	19
19946	5	0	13
19947	3	11	4
19948	5	8	18
19949	15	5	16
19950	13	0	14
19951	15	10	6
19952	12	11	8
19953	19	0	17
19954	12	7	15
19955	3	16	17
19956	20	3	11
19957	3	0	17
19958	17	18	1
19959	3	8	2
19960	19	16	14
19961	5	12	1
19962	20	17	0
19963	3	12	4
19964	15	14	17
19965	6	12	4
19966	17	2	10
19967	7	9	3
19968	11	12	0
19969	14	13	12
19970	19	0	3
19971	18	10	2
19972	16	3	11
19973	15	4	3
19974	1	15	0
19975	18	7	0
19976	4	0	16
19977	14	10	9
19978	10	3	12
19979	2	19	5
19980	9	3	2
19981	15	5	18
19982	15	18	4
19983	15	19	7
19984	7	2	19
19985	1	4	9
19986	8	16	10
19987	14	10	15
19988	10	1	18
19989	5	10	18
19990	10	2	17
19991	15	13	8
19992	15	10	20
19993	15	13	2
19994	0	1	14
19995	14	17	0
19996	6	1	15
19997	14	7	19
19998	15	10	14
19999	1	18	5
20000	10	20	3
20001	17	13	19
20002	4	13	19
20003	0	13	10
20004	15	0	5
20005	4	13	17
20006	13	8	17
20007	13	2	18
20008	16	13	6
20009	15	17	1
20010	9	6	10
20011	10	4	12
20012	1	5	17
20013	0	20	13
20014	14	13	16
20015	18	4	20
20016	14	10	13
20017	18	16	1
20018	17	8	9
20019	1	17	6
20020	19	13	9
20021	13	0	5
20022	19	20	7
20023	6	19	3
20024	20	6	7
20025	11	0	5
20026	19	14	11
20027	8	5	9
20028	11	17	16
20029	12	10	7
20030	19	10	13
20031	20	12	3
20032	7	6	19
20033	12	15	8
20034	2	5	6
20035	6	18	2
20036	10	5	9
20037	18	7	3
20038	5	3	7
20039	6	1	15
20040	15	19	18
20041	10	9	4
20042	3	14	7
20043	19	15	0
20044	0	20	18
20045	14	8	1
20046	0	17	8
20047	4	6	7
20048	2	13	8
20049	6	15	13
20050	12	10	18
20051	4	6	13
20052	3	2	1
20053	20	19	7
20054	9	19	12
20055	0	5	3
20056	3	17	5
20057	0	16	13
20058	13	12	4
20059	0	12	18
20060	7	0	14
20061	10	7	6
20062	20	9	16
20063	13	20	19
20064	18	19	3
20065	13	11	10
20066	5	15	6
20067	12	2	20
20068	5	16	15
20069	9	11	0
20070	18	5	2
20071	7	14	10
20072	13	11	12
20073	13	14	5
20074	6	0	5
20075	5	2	7
20076	18	3	14
20077	20	7	12
20078	6	7	20
20079	17	5	18
20080	1	15	20
20081	2	19	4
20082	3	10	0
20083	10	3	20
20084	4	8	16
20085	17	1	20
20086	18	8	19
20087	12	3	11
20088	19	11	10
20089	20	0	3
20090	4	3	19
20091	10	13	11
20092	3	10	15
20093	11	0	18
20094	18	6	8
20095	14	17	9
20096	19	11	1
20097	20	19	5
20098	19	1	17
20099	5	2	13
20100	11	12	6
20101	1	4	16
20102	0	11	10
20103	18	19	9
20104	17	12	6
20105	11	4	7
20106	10	6	17
20107	10	18	14
20108	14	20	4
20109	0	20	10
20110	20	13	6
20111	2	11	1
20112	6	13	0
20113	2	0	5
20114	7	3	11
20115	14	0	7
20116	17	20	4
20117	8	2	0
20118	16	15	20
20119	11	0	19
20120	10	14	11
20121	20	2	5
20122	15	11	5
20123	11	7	19
20124	13	17	3
20125	0	8	19
20126	20	12	10
20127	13	14	7
20128	1	12	19
20129	1	10	15
20130	18	10	20
20131	19	1	17
20132	7	10	15
20133	17	9	16
20134	13	5	14
20135	14	17	6
20136	10	6	18
20137	13	19	12
20138	4	18	14
20139	8	13	5
20140	8	9	13
20141	20	11	15
20142	20	2	5
20143	4	0	2
20144	1	12	2
20145	6	19	10
20146	0	9	2
20147	19	13	15
20148	15	1	5
20149	17	12	13
20150	15	7	5
20151	6	0	12
20152	17	12	16
20153	15	6	8
20154	10	4	14
20155	5	15	0
20156	14	4	2
20157	10	9	3
20158	5	18	17
20159	18	5	20
20160	19	7	1
20161	8	10	19
20162	18	4	13
20163	5	6	7
20164	6	4	13
20165	2	0	11
20166	14	0	8
20167	17	5	7
20168	10	6	15
20169	17	1	8
20170	5	7	11
20171	14	5	19
20172	6	1	19
20173	1	19	10
20174	8	4	13
20175	7	6	1
20176	11	14	8
20177	6	15	13
20178	4	16	17
20179	12	1	20
20180	19	18	20
20181	19	14	16
20182	19	20	11
20183	17	18	20
20184	10	1	18
20185	12	5	9
20186	2	5	13
20187	17	8	18
20188	4	0	14
20189	5	12	8
20190	2	3	11
20191	11	15	16
20192	10	20	19
20193	1	9	19
20194	6	12	2
20195	10	9	20
20196	1	17	9
20197	12	9	7
20198	8	19	6
20199	14	19	8
20200	17	11	14
20201	3	17	14
20202	3	14	2
20203	11	18	10
20204	6	16	0
20205	4	2	18
20206	7	14	16
20207	7	19	2
20208	11	10	8
20209	12	10	19
20210	8	2	16
20211	17	18	6
20212	5	13	11
20213	5	9	10
20214	19	5	7
20215	3	1	10
20216	0	9	16
20217	16	2	12
20218	13	1	11
20219	3	17	6
20220	3	9	8
20221	5	15	7
20222	13	20	3
20223	0	5	3
20224	0	12	3
20225	17	2	5
20226	9	0	2
20227	17	1	0
20228	18	9	3
20229	12	16	14
20230	1	18	9
20231	18	17	5
20232	18	2	19
20233	11	4	19
20234	11	2	17
20235	14	18	16
20236	12	20	19
20237	19	6	13
20238	13	5	10
20239	11	2	6
20240	2	12	20
20241	7	2	13
20242	15	14	8
20243	2	9	19
20244	4	1	14
20245	11	17	0
20246	12	15	18
20247	20	13	6
20248	7	4	18
20249	19	0	3
20250	1	15	19
20251	1	13	8
20252	14	5	9
20253	8	18	19
20254	15	8	14
20255	6	14	17
20256	17	11	10
20257	4	16	19
20258	2	5	14
20259	17	8	3
20260	4	11	18
20261	11	7	20
20262	15	14	6
20263	8	12	10
20264	2	8	10
20265	13	17	5
20266	15	10	19
20267	9	12	7
20268	10	0	18
20269	20	0	3
20270	1	19	11
20271	3	19	11
20272	8	6	19
20273	0	19	7
20274	0	17	8
20275	3	19	12
20276	5	8	3
20277	12	8	19
20278	6	7	18
20279	0	12	19
20280	9	7	10
20281	13	0	6
20282	2	12	17
20283	16	2	20
20284	3	13	17
20285	19	0	11
20286	0	18	4
20287	19	12	3
20288	4	11	17
20289	6	17	2
20290	13	15	3
20291	0	9	16
20292	3	13	18
20293	5	15	7
20294	19	2	14
20295	18	3	14
20296	9	4	11
20297	3	4	1
20298	4	2	19
20299	0	14	17
20300	18	17	12
20301	20	12	10
20302	15	8	9
20303	20	10	16
20304	4	18	12
20305	3	7	18
20306	20	4	3
20307	11	6	7
20308	20	1	16
20309	11	0	13
20310	5	6	14
20311	6	14	5
20312	0	2	3
20313	10	19	18
20314	14	10	7
20315	1	18	0
20316	12	20	8
20317	16	2	8
20318	17	5	2
20319	8	12	10
20320	6	19	9
20321	20	11	18
20322	20	10	3
20323	8	6	9
20324	9	15	20
20325	11	5	6
20326	19	17	10
20327	3	18	7
20328	0	19	5
20329	15	2	6
20330	7	12	17
20331	17	12	4
20332	14	16	0
20333	14	17	10
20334	8	0	9
20335	3	7	0
20336	11	2	16
20337	12	9	8
20338	11	15	6
20339	9	8	19
20340	4	1	11
20341	9	10	17
20342	11	4	18
20343	3	20	0
20344	15	4	7
20345	0	7	6
20346	17	16	18
20347	17	9	3
20348	10	19	20
20349	14	15	9
20350	9	15	1
20351	7	1	19
20352	10	3	1
20353	8	16	18
20354	7	6	14
20355	2	12	0
20356	13	4	8
20357	3	10	15
20358	5	9	8
20359	12	0	18
20360	7	16	20
20361	9	20	1
20362	19	12	17
20363	0	3	6
20364	7	15	6
20365	12	2	0
20366	0	9	4
20367	13	19	9
20368	17	19	3
20369	5	7	0
20370	9	19	7
20371	0	2	6
20372	9	15	17
20373	8	14	0
20374	14	4	13
20375	0	6	10
20376	11	1	0
20377	6	14	8
20378	1	17	10
20379	12	11	2
20380	10	1	2
20381	15	9	12
20382	1	14	5
20383	16	8	6
20384	3	12	1
20385	1	20	18
20386	14	3	7
20387	2	5	18
20388	3	16	5
20389	19	17	16
20390	11	2	6
20391	16	14	13
20392	11	3	6
20393	16	19	15
20394	13	9	5
20395	0	5	18
20396	16	0	4
20397	7	11	16
20398	0	17	20
20399	12	0	13
20400	9	1	15
20401	20	4	15
20402	13	16	17
20403	17	7	15
20404	2	5	9
20405	11	13	1
20406	4	3	16
20407	13	12	15
20408	12	5	6
20409	19	8	6
20410	16	18	11
20411	2	15	10
20412	18	5	12
20413	14	2	13
20414	7	4	2
20415	12	15	18
20416	6	19	9
20417	8	10	12
20418	14	18	1
20419	4	10	9
20420	10	15	3
20421	18	20	12
20422	10	20	12
20423	20	9	11
20424	6	19	3
20425	3	1	4
20426	1	3	19
20427	7	20	3
20428	20	17	2
20429	1	11	17
20430	16	9	4
20431	2	9	17
20432	16	6	7
20433	7	4	9
20434	13	1	12
20435	18	0	9
20436	10	13	19
20437	15	11	3
20438	8	12	0
20439	11	13	20
20440	8	0	12
20441	5	10	20
20442	4	17	10
20443	5	0	9
20444	3	4	8
20445	6	19	7
20446	6	5	0
20447	2	12	7
20448	15	9	14
20449	12	19	16
20450	14	9	2
20451	18	1	2
20452	12	20	18
20453	16	7	14
20454	20	4	10
20455	8	18	6
20456	1	4	2
20457	18	7	5
20458	16	0	18
20459	13	5	0
20460	19	18	20
20461	14	20	10
20462	10	3	12
20463	8	16	9
20464	11	14	16
20465	17	10	11
20466	2	15	12
20467	17	9	16
20468	12	8	20
20469	9	2	14
20470	5	12	17
20471	10	16	7
20472	0	8	12
20473	17	8	11
20474	0	3	18
20475	3	6	0
20476	17	7	3
20477	18	15	5
20478	12	6	18
20479	2	11	19
20480	0	19	5
20481	1	18	12
20482	11	6	9
20483	3	6	19
20484	16	6	3
20485	14	18	2
20486	2	6	20
20487	16	19	17
20488	17	12	19
20489	10	18	5
20490	8	3	4
20491	2	14	6
20492	16	13	17
20493	18	6	16
20494	15	14	2
20495	2	6	19
20496	6	4	2
20497	17	2	4
20498	15	19	4
20499	2	1	7
20500	20	19	0
20501	15	8	20
20502	5	19	14
20503	12	15	17
20504	1	8	20
20505	18	14	2
20506	15	0	14
20507	7	2	20
20508	15	16	18
20509	5	0	13
20510	18	20	6
20511	2	1	20
20512	5	10	3
20513	18	1	6
20514	14	10	15
20515	6	7	5
20516	6	14	1
20517	20	19	16
20518	0	20	4
20519	13	7	3
20520	12	16	18
20521	4	15	19
20522	8	0	12
20523	15	9	8
20524	4	15	1
20525	16	14	13
20526	15	17	5
20527	20	8	0
20528	17	4	0
20529	3	1	0
20530	17	10	20
20531	6	8	10
20532	5	13	8
20533	5	14	19
20534	12	8	19
20535	4	18	12
20536	17	15	14
20537	4	13	3
20538	20	15	18
20539	5	1	4
20540	2	16	14
20541	19	15	17
20542	12	5	2
20543	15	11	18
20544	8	14	0
20545	2	7	14
20546	5	15	3
20547	16	9	7
20548	13	0	8
20549	13	19	2
20550	2	13	1
20551	3	7	16
20552	17	18	14
20553	1	20	4
20554	1	18	11
20555	8	12	15
20556	7	20	4
20557	7	16	19
20558	6	15	17
20559	17	14	13
20560	12	10	11
20561	19	9	6
20562	18	3	6
20563	18	17	6
20564	6	13	1
20565	6	4	12
20566	13	12	6
20567	20	3	7
20568	16	2	0
20569	14	16	8
20570	12	19	7
20571	2	3	0
20572	6	20	11
20573	16	4	9
20574	20	16	2
20575	6	8	4
20576	1	7	10
20577	13	1	17
20578	5	7	12
20579	15	12	3
20580	2	11	19
20581	18	20	2
20582	11	1	8
20583	2	3	10
20584	3	16	4
20585	14	3	12
20586	6	2	20
20587	6	19	7
20588	3	6	18
20589	20	2	4
20590	2	19	10
20591	7	5	11
20592	20	8	12
20593	11	12	19
20594	6	7	18
20595	13	0	20
20596	20	17	0
20597	15	16	0
20598	8	11	20
20599	9	16	8
20600	3	4	1
20601	14	6	1
20602	1	6	0
20603	17	16	7
20604	7	5	18
20605	3	8	0
20606	18	14	15
20607	3	4	19
20608	4	18	16
20609	17	8	20
20610	16	14	17
20611	4	1	17
20612	11	20	13
20613	17	14	12
20614	16	17	10
20615	17	20	18
20616	10	7	5
20617	10	19	16
20618	18	9	10
20619	9	3	15
20620	18	4	0
20621	13	15	5
20622	13	1	0
20623	11	4	1
20624	20	7	1
20625	14	19	9
20626	7	16	0
20627	7	13	15
20628	20	14	7
20629	10	5	7
20630	9	5	1
20631	0	7	15
20632	12	1	5
20633	16	6	17
20634	1	9	6
20635	18	1	4
20636	4	16	7
20637	10	17	16
20638	6	17	20
20639	5	15	8
20640	14	7	8
20641	4	6	14
20642	17	8	4
20643	19	16	3
20644	3	0	18
20645	5	12	14
20646	9	1	3
20647	3	18	8
20648	3	10	0
20649	1	3	17
20650	20	13	6
20651	15	14	19
20652	3	12	1
20653	7	8	2
20654	20	13	18
20655	5	18	9
20656	13	6	8
20657	19	20	3
20658	8	13	2
20659	1	12	11
20660	13	15	17
20661	2	7	20
20662	2	12	10
20663	5	19	10
20664	10	19	2
20665	16	10	20
20666	6	13	0
20667	14	17	4
20668	9	3	11
20669	7	8	9
20670	8	2	0
20671	18	1	10
20672	2	1	4
20673	18	7	1
20674	14	11	12
20675	3	0	11
20676	5	20	7
20677	16	1	6
20678	19	0	3
20679	9	5	1
20680	12	8	17
20681	17	18	9
20682	0	5	1
20683	17	20	10
20684	12	0	13
20685	15	5	16
20686	8	5	18
20687	8	19	7
20688	12	14	1
20689	16	9	2
20690	16	4	6
20691	13	15	6
20692	9	3	18
20693	15	19	12
20694	4	15	18
20695	9	16	19
20696	3	13	4
20697	17	13	20
20698	8	20	2
20699	18	2	5
20700	3	12	0
20701	14	0	4
20702	8	13	4
20703	20	7	18
20704	18	4	13
20705	0	11	4
20706	7	1	14
20707	13	20	2
20708	20	7	10
20709	11	6	13
20710	10	18	7
20711	12	7	18
20712	0	8	3
20713	15	3	12
20714	16	1	4
20715	18	19	14
20716	13	11	17
20717	18	2	7
20718	1	11	18
20719	7	15	0
20720	6	20	9
20721	14	15	4
20722	6	19	8
20723	13	5	3
20724	14	20	11
20725	19	8	15
20726	6	7	20
20727	11	2	20
20728	3	9	11
20729	11	19	10
20730	5	15	20
20731	0	19	4
20732	7	15	4
20733	14	20	9
20734	14	17	7
20735	13	17	11
20736	1	4	5
20737	9	4	2
20738	3	4	18
20739	6	3	4
20740	1	11	2
20741	10	12	19
20742	10	15	2
20743	18	7	1
20744	8	6	15
20745	2	7	9
20746	5	8	18
20747	18	5	11
20748	20	11	9
20749	17	4	1
20750	12	16	1
20751	17	16	5
20752	14	5	12
20753	12	19	2
20754	20	18	12
20755	12	8	7
20756	18	3	15
20757	4	2	1
20758	14	6	18
20759	17	19	15
20760	7	15	12
20761	8	19	12
20762	6	14	3
20763	9	13	14
20764	5	9	7
20765	6	5	19
20766	19	7	13
20767	3	6	1
20768	18	9	10
20769	13	1	16
20770	14	11	6
20771	5	16	8
20772	11	1	4
20773	10	19	6
20774	19	14	8
20775	5	10	8
20776	4	2	7
20777	7	13	12
20778	3	18	9
20779	10	5	2
20780	10	9	2
20781	7	12	15
20782	15	17	1
20783	15	10	5
20784	14	9	19
20785	19	5	20
20786	17	16	7
20787	15	1	10
20788	11	2	7
20789	6	17	8
20790	5	17	0
20791	4	12	0
20792	11	10	1
20793	13	1	11
20794	18	4	10
20795	8	1	6
20796	8	13	16
20797	14	11	1
20798	11	18	20
20799	11	18	2
20800	15	5	11
20801	14	8	9
20802	2	14	7
20803	12	20	16
20804	11	12	5
20805	2	14	8
20806	13	5	17
20807	11	20	7
20808	13	1	20
20809	8	11	2
20810	10	13	19
20811	15	18	19
20812	9	10	15
20813	17	14	5
20814	14	19	8
20815	3	13	11
20816	4	8	15
20817	12	2	0
20818	14	19	0
20819	3	12	6
20820	4	13	9
20821	6	17	3
20822	20	16	6
20823	0	6	20
20824	20	6	9
20825	17	3	15
20826	5	2	7
20827	14	2	3
20828	15	1	9
20829	5	6	13
20830	0	15	14
20831	9	6	3
20832	20	3	10
20833	16	7	14
20834	4	1	10
20835	16	4	5
20836	10	12	7
20837	7	19	11
20838	1	17	4
20839	7	16	10
20840	7	10	9
20841	5	0	15
20842	12	15	1
20843	12	6	16
20844	9	5	3
20845	1	17	15
20846	4	13	0
20847	16	1	12
20848	6	9	7
20849	20	16	10
20850	4	15	3
20851	7	1	16
20852	4	9	11
20853	0	14	3
20854	10	7	19
20855	4	5	2
20856	1	10	8
20857	18	14	13
20858	7	14	4
20859	12	17	20
20860	14	8	7
20861	10	6	15
20862	3	18	10
20863	9	20	16
20864	16	13	10
20865	12	2	10
20866	7	17	11
20867	10	14	1
20868	8	7	11
20869	18	7	3
20870	12	8	14
20871	8	15	2
20872	2	3	8
20873	20	18	7
20874	10	9	16
20875	10	19	20
20876	17	2	15
20877	6	8	15
20878	10	16	8
20879	16	4	17
20880	11	3	14
20881	10	15	20
20882	13	3	20
20883	12	9	19
20884	19	11	7
20885	2	8	6
20886	18	14	11
20887	15	8	17
20888	16	0	6
20889	15	6	0
20890	20	13	15
20891	19	1	5
20892	19	16	11
20893	10	17	7
20894	0	13	18
20895	9	3	6
20896	1	19	7
20897	3	1	19
20898	5	4	14
20899	8	19	18
20900	3	11	10
20901	1	14	5
20902	18	19	4
20903	20	3	6
20904	0	17	1
20905	5	20	7
20906	2	15	6
20907	15	5	13
20908	12	5	14
20909	4	18	16
20910	2	3	15
20911	4	7	17
20912	16	18	11
20913	11	9	7
20914	4	8	11
20915	0	17	16
20916	9	3	18
20917	18	19	4
20918	4	7	15
20919	16	13	1
20920	8	20	4
20921	7	0	13
20922	10	4	5
20923	9	14	10
20924	14	16	9
20925	19	14	9
20926	4	18	6
20927	2	18	12
20928	20	10	6
20929	14	0	3
20930	14	18	10
20931	16	15	13
20932	3	13	16
20933	4	1	19
20934	4	13	11
20935	10	4	1
20936	8	16	7
20937	3	2	4
20938	4	2	12
20939	6	16	20
20940	18	11	9
20941	11	10	15
20942	13	17	18
20943	20	4	15
20944	9	1	14
20945	15	14	6
20946	19	2	13
20947	14	9	19
20948	17	16	2
20949	20	10	11
20950	18	0	1
20951	11	16	20
20952	20	0	4
20953	4	14	5
20954	5	15	3
20955	4	9	11
20956	19	2	8
20957	5	19	7
20958	8	16	6
20959	16	17	10
20960	10	18	15
20961	3	1	12
20962	7	12	3
20963	9	13	8
20964	16	14	9
20965	15	0	14
20966	2	13	19
20967	17	2	14
20968	11	15	6
20969	11	14	13
20970	13	9	7
20971	16	5	3
20972	19	20	2
20973	3	10	17
20974	10	1	4
20975	4	1	13
20976	5	12	2
20977	17	19	1
20978	13	12	0
20979	1	14	17
20980	1	13	11
20981	12	11	7
20982	17	12	18
20983	4	11	2
20984	17	10	9
20985	16	8	17
20986	5	0	10
20987	11	14	4
20988	6	15	13
20989	8	7	13
20990	6	4	7
20991	10	19	5
20992	0	18	17
20993	2	4	6
20994	16	4	13
20995	14	1	12
20996	0	1	12
20997	13	3	2
20998	6	1	2
20999	3	12	14
21000	9	6	20
21001	8	4	5
21002	2	18	16
21003	13	6	10
21004	8	13	11
21005	4	12	9
21006	12	3	2
21007	6	8	20
21008	5	0	17
21009	20	4	19
21010	15	0	7
21011	20	17	13
21012	12	0	13
21013	3	4	2
21014	13	17	2
21015	20	0	12
21016	1	3	20
21017	0	7	9
21018	17	1	10
21019	15	8	12
21020	9	3	6
21021	9	1	3
21022	18	15	4
21023	3	8	11
21024	10	5	20
21025	12	4	0
21026	0	15	3
21027	8	20	19
21028	12	15	14
21029	2	15	16
21030	16	4	2
21031	16	14	9
21032	8	2	7
21033	16	15	8
21034	8	11	12
21035	12	16	17
21036	6	13	14
21037	20	1	3
21038	12	17	18
21039	1	6	10
21040	5	15	1
21041	12	1	0
21042	11	13	20
21043	5	10	17
21044	7	5	2
21045	13	19	14
21046	18	20	15
21047	17	12	10
21048	20	16	3
21049	1	11	8
21050	1	18	4
21051	18	20	12
21052	19	11	9
21053	15	3	6
21054	0	8	9
21055	6	9	14
21056	15	2	12
21057	17	20	19
21058	19	0	15
21059	6	7	4
21060	6	3	20
21061	19	8	18
21062	9	1	6
21063	5	3	11
21064	3	9	12
21065	13	0	2
21066	19	12	13
21067	15	1	11
21068	15	8	12
21069	10	14	0
21070	10	17	5
21071	1	5	16
21072	0	20	9
21073	2	6	14
21074	13	15	11
21075	4	19	14
21076	3	9	7
21077	0	9	14
21078	5	16	4
21079	11	0	13
21080	14	3	10
21081	7	11	3
21082	6	16	3
21083	16	1	12
21084	5	9	8
21085	8	12	1
21086	15	7	17
21087	6	20	2
21088	14	7	16
21089	8	17	12
21090	3	16	10
21091	2	14	9
21092	20	19	4
21093	2	17	13
21094	13	2	19
21095	2	13	9
21096	9	3	12
21097	4	13	18
21098	17	4	8
21099	13	3	6
21100	5	10	20
21101	17	12	18
21102	9	7	11
21103	13	18	7
21104	5	20	11
21105	9	20	16
21106	9	18	10
21107	15	12	5
21108	4	18	7
21109	1	6	19
21110	3	0	12
21111	2	6	13
21112	1	7	5
21113	6	15	12
21114	5	8	2
21115	16	18	0
21116	16	2	0
21117	10	20	9
21118	4	19	1
21119	6	9	18
21120	9	18	12
21121	4	1	0
21122	0	17	7
21123	2	5	14
21124	20	8	18
21125	13	3	14
21126	3	19	1
21127	4	7	1
21128	0	15	16
21129	17	16	2
21130	4	8	3
21131	4	2	17
21132	16	1	11
21133	9	18	14
21134	20	0	16
21135	16	19	10
21136	20	19	14
21137	10	5	4
21138	11	4	9
21139	0	1	9
21140	16	18	5
21141	13	5	1
21142	15	11	14
21143	9	8	5
21144	4	12	14
21145	20	2	1
21146	5	20	4
21147	3	2	5
21148	20	13	7
21149	20	14	3
21150	2	14	16
21151	2	10	6
21152	8	14	10
21153	20	11	10
21154	7	2	14
21155	16	20	1
21156	16	15	4
21157	6	12	10
21158	5	12	6
21159	14	7	11
21160	12	13	17
21161	0	7	14
21162	5	4	20
21163	16	14	15
21164	5	11	4
21165	16	18	13
21166	3	19	10
21167	15	14	1
21168	13	7	19
21169	14	5	11
21170	8	1	19
21171	7	2	19
21172	1	20	19
21173	1	3	13
21174	0	17	11
21175	14	19	6
21176	17	11	8
21177	0	1	20
21178	13	7	1
21179	19	0	8
21180	15	9	17
21181	2	19	0
21182	11	1	10
21183	4	17	10
21184	0	5	15
21185	10	14	11
21186	9	3	1
21187	20	17	11
21188	1	0	7
21189	17	20	8
21190	19	14	20
21191	20	5	14
21192	5	9	4
21193	3	20	13
21194	14	15	1
21195	6	10	19
21196	14	7	5
21197	8	19	3
21198	9	17	3
21199	7	6	15
21200	9	10	4
21201	17	14	3
21202	18	20	8
21203	9	17	8
21204	7	19	6
21205	1	17	5
21206	10	8	20
21207	8	18	9
21208	5	9	2
21209	20	8	4
21210	8	14	16
21211	9	13	7
21212	5	9	13
21213	4	20	1
21214	14	0	12
21215	11	18	7
21216	6	8	20
21217	8	0	16
21218	9	12	16
21219	11	12	4
21220	8	3	10
21221	10	13	0
21222	9	3	0
21223	19	7	9
21224	5	1	15
21225	6	3	11
21226	1	15	17
21227	5	2	12
21228	4	13	12
21229	12	6	5
21230	17	1	15
21231	11	4	17
21232	3	1	14
21233	20	4	18
21234	16	7	5
21235	10	1	4
21236	15	9	10
21237	10	6	14
21238	10	1	0
21239	19	9	10
21240	18	8	5
21241	5	17	10
21242	10	13	17
21243	16	5	17
21244	3	16	1
21245	18	7	5
21246	13	19	18
21247	3	6	15
21248	8	9	19
21249	11	15	9
21250	9	5	2
21251	7	8	10
21252	16	20	10
21253	18	2	14
21254	18	15	4
21255	15	13	0
21256	5	15	17
21257	14	0	3
21258	13	20	10
21259	15	6	0
21260	20	10	16
21261	13	19	17
21262	10	6	2
21263	14	13	17
21264	0	14	17
21265	17	16	8
21266	4	14	8
21267	19	17	14
21268	12	4	16
21269	18	0	15
21270	14	18	2
21271	4	14	8
21272	5	0	13
21273	18	11	15
21274	8	20	17
21275	20	4	10
21276	11	10	1
21277	10	3	9
21278	16	1	17
21279	9	18	16
21280	16	20	2
21281	4	15	12
21282	0	5	7
21283	2	18	11
21284	10	16	1
21285	19	4	15
21286	17	20	5
21287	9	5	4
21288	0	7	17
21289	1	4	18
21290	18	16	13
21291	6	1	2
21292	9	5	20
21293	6	0	14
21294	13	12	2
21295	0	13	15
21296	0	11	19
21297	0	5	3
21298	9	14	5
21299	11	9	12
21300	3	5	7
21301	9	15	18
21302	1	17	18
21303	11	16	9
21304	15	2	10
21305	0	3	8
21306	1	6	19
21307	20	3	4
21308	18	2	4
21309	12	4	14
21310	1	14	12
21311	1	4	3
21312	0	12	16
21313	17	8	9
21314	11	4	1
21315	15	8	9
21316	9	15	12
21317	5	0	14
21318	17	9	16
21319	13	15	2
21320	7	4	6
21321	1	20	10
21322	10	20	12
21323	14	1	8
21324	16	8	12
21325	14	12	0
21326	15	16	17
21327	4	14	2
21328	13	12	2
21329	10	16	9
21330	2	9	10
21331	8	4	15
21332	19	17	7
21333	18	4	17
21334	20	1	15
21335	18	0	10
21336	0	17	9
21337	13	0	19
21338	18	11	10
21339	7	19	8
21340	5	13	8
21341	6	18	4
21342	0	8	17
21343	1	15	6
21344	18	11	7
21345	14	7	13
21346	3	20	6
21347	8	20	19
21348	3	15	0
21349	6	20	16
21350	7	13	14
21351	11	2	4
21352	15	9	1
21353	6	17	16
21354	9	20	14
21355	13	17	3
21356	1	8	0
21357	1	17	0
21358	5	12	17
21359	2	5	13
21360	18	19	10
21361	14	4	1
21362	14	7	17
21363	12	16	20
21364	7	12	17
21365	3	16	15
21366	10	12	14
21367	19	18	6
21368	11	5	2
21369	15	7	14
21370	13	19	5
21371	17	19	5
21372	13	14	18
21373	15	5	16
21374	9	17	5
21375	2	0	7
21376	13	17	6
21377	1	10	19
21378	13	10	15
21379	20	16	3
21380	20	15	19
21381	16	18	11
21382	7	13	2
21383	20	0	4
21384	15	9	5
21385	20	19	2
21386	6	19	20
21387	18	1	14
21388	12	5	1
21389	17	3	10
21390	4	1	17
21391	6	16	19
21392	0	3	5
21393	16	1	6
21394	1	14	3
21395	8	16	14
21396	18	1	4
21397	2	9	10
21398	6	16	8
21399	10	17	13
21400	1	12	11
21401	8	5	16
21402	6	13	10
21403	9	10	3
21404	10	3	0
21405	10	7	8
21406	14	20	9
21407	3	13	9
21408	5	4	16
21409	1	4	15
21410	5	16	10
21411	7	9	14
21412	20	10	13
21413	1	15	13
21414	17	14	9
21415	9	11	16
21416	4	8	1
21417	0	19	13
21418	9	0	10
21419	19	5	1
21420	11	15	1
21421	16	14	0
21422	12	0	9
21423	6	18	10
21424	3	20	9
21425	8	0	13
21426	8	20	7
21427	11	14	17
21428	9	16	20
21429	17	5	15
21430	14	2	0
21431	11	19	6
21432	12	13	0
21433	16	10	4
21434	12	8	14
21435	4	3	8
21436	10	5	0
21437	17	20	15
21438	17	2	6
21439	16	9	1
21440	1	3	18
21441	7	15	4
21442	16	9	5
21443	11	14	1
21444	13	17	8
21445	7	20	10
21446	3	10	11
21447	10	20	3
21448	4	3	12
21449	20	17	14
21450	7	12	1
21451	17	16	2
21452	14	15	6
21453	16	14	7
21454	12	11	13
21455	20	5	16
21456	0	10	11
21457	10	19	18
21458	11	12	3
21459	4	11	5
21460	7	15	19
21461	1	8	3
21462	20	3	1
21463	10	16	18
21464	3	0	1
21465	8	7	18
21466	10	14	13
21467	14	6	19
21468	0	1	15
21469	17	11	20
21470	4	11	12
21471	14	11	13
21472	0	3	14
21473	2	14	20
21474	11	1	0
21475	16	11	10
21476	16	13	20
21477	3	16	7
21478	10	19	12
21479	16	11	5
21480	18	3	16
21481	15	19	7
21482	16	20	5
21483	15	18	17
21484	15	17	2
21485	6	1	20
21486	14	12	18
21487	3	15	0
21488	7	12	14
21489	2	10	9
21490	14	12	7
21491	3	4	10
21492	1	13	11
21493	16	14	20
21494	16	3	8
21495	1	7	14
21496	8	0	20
21497	10	18	17
21498	10	6	16
21499	3	13	8
21500	13	0	15
21501	4	9	0
21502	16	5	9
21503	17	14	12
21504	17	6	5
21505	19	12	16
21506	2	18	20
21507	14	17	15
21508	5	4	10
21509	12	2	16
21510	8	0	9
21511	4	9	1
21512	13	6	1
21513	16	7	3
21514	8	14	9
21515	19	15	7
21516	15	17	12
21517	11	16	20
21518	12	16	17
21519	7	11	13
21520	10	16	15
21521	5	1	18
21522	13	7	18
21523	12	7	2
21524	13	9	20
21525	20	10	0
21526	2	0	18
21527	20	16	4
21528	17	18	12
21529	2	1	6
21530	4	7	8
21531	11	13	20
21532	7	14	6
21533	7	19	20
21534	3	12	5
21535	17	16	18
21536	5	4	7
21537	9	0	18
21538	8	15	17
21539	8	12	14
21540	7	18	0
21541	10	3	16
21542	2	6	19
21543	13	18	0
21544	13	3	10
21545	12	14	13
21546	12	4	19
21547	19	16	14
21548	12	8	1
21549	20	16	15
21550	6	20	10
21551	0	3	2
21552	16	15	2
21553	19	7	17
21554	1	11	10
21555	16	4	3
21556	4	14	7
21557	19	20	10
21558	9	16	8
21559	2	13	5
21560	6	16	11
21561	19	15	20
21562	16	12	8
21563	6	15	0
21564	8	19	10
21565	10	12	17
21566	1	13	6
21567	15	13	0
21568	2	4	7
21569	20	6	12
21570	6	20	8
21571	17	4	3
21572	0	9	13
21573	4	11	18
21574	16	10	2
21575	14	13	8
21576	14	9	5
21577	5	2	1
21578	8	7	14
21579	12	3	0
21580	8	16	1
21581	3	11	4
21582	19	4	18
21583	4	15	12
21584	3	10	7
21585	20	18	1
21586	18	10	4
21587	16	11	2
21588	10	3	17
21589	8	9	19
21590	15	10	4
21591	0	9	4
21592	18	15	7
21593	15	17	4
21594	3	16	14
21595	13	16	0
21596	9	6	10
21597	11	20	8
21598	8	6	16
21599	17	8	1
21600	6	13	7
21601	2	5	6
21602	3	8	1
21603	10	13	2
21604	7	14	16
21605	17	19	16
21606	8	5	1
21607	13	7	0
21608	20	19	17
21609	1	3	11
21610	1	3	5
21611	19	8	11
21612	20	7	4
21613	0	17	10
21614	8	10	16
21615	17	14	1
21616	0	7	3
21617	0	18	9
21618	18	8	13
21619	5	1	12
21620	3	19	12
21621	11	19	7
21622	4	13	0
21623	16	10	11
21624	10	1	13
21625	18	15	12
21626	2	17	12
21627	10	19	2
21628	12	8	14
21629	8	0	3
21630	4	11	12
21631	8	18	14
21632	1	11	3
21633	16	1	2
21634	13	19	15
21635	10	11	7
21636	9	0	20
21637	2	19	16
21638	9	5	20
21639	3	15	5
21640	18	5	2
21641	10	6	0
21642	5	7	9
21643	6	17	18
21644	13	17	20
21645	7	13	9
21646	20	5	1
21647	10	17	15
21648	1	8	10
21649	15	12	11
21650	20	4	2
21651	4	14	3
21652	2	13	3
21653	18	10	7
21654	7	12	3
21655	9	19	0
21656	19	2	4
21657	5	16	10
21658	19	8	1
21659	3	11	2
21660	10	14	9
21661	17	13	16
21662	7	14	5
21663	18	20	4
21664	1	4	18
21665	4	19	6
21666	6	14	13
21667	19	4	20
21668	7	20	10
21669	19	5	3
21670	7	0	11
21671	2	17	9
21672	1	15	13
21673	11	12	3
21674	4	6	13
21675	14	2	0
21676	13	11	6
21677	12	11	2
21678	20	2	1
21679	10	8	7
21680	15	1	6
21681	12	18	19
21682	10	18	3
21683	4	20	14
21684	3	7	2
21685	11	2	9
21686	8	9	20
21687	16	18	14
21688	11	7	18
21689	14	11	16
21690	3	15	4
21691	6	19	13
21692	3	13	1
21693	6	7	11
21694	16	10	18
21695	15	0	8
21696	17	9	16
21697	11	19	2
21698	4	3	15
21699	1	13	6
21700	10	1	15
21701	1	20	12
21702	0	14	19
21703	19	18	4
21704	11	18	5
21705	20	15	6
21706	11	5	8
21707	6	1	14
21708	0	18	14
21709	3	14	17
21710	13	1	10
21711	6	10	7
21712	13	8	20
21713	15	0	11
21714	13	8	9
21715	10	14	15
21716	2	10	20
21717	15	14	2
21718	20	9	11
21719	10	11	14
21720	12	5	8
21721	15	0	11
21722	9	20	2
21723	19	15	12
21724	11	7	3
21725	6	3	14
21726	17	10	3
21727	12	9	5
21728	9	20	13
21729	11	9	0
21730	13	20	3
21731	2	1	10
21732	5	11	7
21733	19	11	4
21734	15	6	7
21735	20	16	3
21736	2	6	13
21737	17	18	14
21738	13	12	5
21739	3	8	4
21740	16	14	2
21741	10	3	1
21742	6	11	18
21743	16	9	4
21744	7	6	3
21745	17	8	19
21746	13	19	3
21747	18	1	20
21748	20	8	6
21749	12	7	11
21750	15	3	14
21751	8	19	20
21752	20	8	10
21753	20	4	1
21754	9	16	6
21755	2	11	9
21756	8	15	7
21757	15	6	3
21758	16	7	4
21759	19	4	17
21760	15	12	5
21761	17	2	10
21762	13	20	0
21763	9	3	13
21764	14	18	2
21765	1	12	17
21766	14	10	9
21767	18	3	4
21768	20	8	11
21769	18	15	11
21770	3	7	8
21771	9	3	13
21772	20	19	2
21773	1	5	20
21774	4	1	14
21775	2	19	1
21776	10	6	11
21777	3	6	10
21778	14	6	2
21779	9	2	10
21780	11	4	7
21781	13	4	5
21782	16	18	13
21783	3	9	7
21784	8	5	1
21785	0	3	11
21786	2	5	4
21787	5	13	0
21788	11	12	9
21789	12	0	16
21790	6	3	2
21791	5	6	10
21792	14	5	19
21793	9	13	11
21794	8	1	7
21795	19	12	17
21796	11	10	13
21797	7	18	10
21798	17	20	3
21799	13	11	6
21800	12	2	4
21801	19	14	17
21802	1	17	16
21803	6	17	5
21804	0	5	14
21805	1	8	15
21806	8	3	12
21807	2	3	0
21808	18	1	17
21809	9	5	10
21810	20	1	2
21811	10	2	12
21812	5	7	10
21813	6	15	14
21814	5	8	1
21815	13	6	2
21816	12	19	0
21817	13	6	2
21818	11	12	4
21819	11	4	9
21820	2	12	1
21821	15	7	2
21822	4	7	0
21823	16	1	15
21824	16	1	9
21825	14	0	2
21826	18	12	11
21827	20	3	16
21828	8	18	1
21829	13	4	0
21830	9	20	14
21831	8	3	12
21832	3	7	5
21833	7	12	8
21834	11	1	18
21835	15	12	13
21836	3	14	13
21837	5	4	10
21838	20	11	13
21839	6	11	1
21840	17	5	16
21841	11	20	7
21842	10	5	18
21843	8	20	15
21844	16	1	17
21845	18	19	1
21846	17	9	12
21847	9	7	14
21848	14	9	12
21849	10	3	18
21850	12	9	8
21851	10	3	15
21852	7	2	16
21853	17	14	7
21854	19	15	1
21855	9	0	4
21856	15	18	14
21857	14	16	10
21858	18	11	10
21859	11	12	17
21860	18	19	5
21861	10	15	1
21862	6	15	16
21863	10	17	1
21864	14	17	19
21865	11	8	18
21866	5	11	6
21867	18	11	19
21868	5	1	19
21869	13	4	20
21870	5	15	14
21871	2	7	5
21872	16	6	15
21873	3	6	8
21874	13	20	1
21875	8	7	1
21876	3	8	19
21877	5	9	13
21878	10	12	5
21879	7	0	6
21880	15	19	13
21881	5	8	3
21882	4	10	17
21883	5	4	2
21884	4	14	3
21885	7	3	10
21886	11	9	6
21887	17	3	15
21888	16	5	15
21889	18	1	12
21890	5	18	4
21891	9	12	0
21892	14	7	18
21893	5	19	8
21894	16	9	17
21895	14	5	9
21896	14	17	12
21897	10	12	7
21898	6	5	19
21899	1	20	19
21900	7	2	12
21901	0	5	20
21902	14	11	4
21903	1	18	4
21904	20	12	8
21905	17	15	8
21906	7	10	1
21907	11	5	7
21908	15	12	5
21909	8	10	17
21910	6	20	0
21911	8	2	19
21912	7	6	2
21913	13	11	10
21914	16	0	7
21915	0	15	1
21916	0	4	10
21917	14	20	12
21918	8	20	9
21919	18	19	16
21920	15	8	6
21921	5	6	13
21922	2	6	8
21923	11	6	7
21924	18	19	13
21925	6	13	4
21926	7	6	4
21927	13	18	10
21928	15	0	7
21929	11	0	18
21930	16	8	0
21931	1	13	8
21932	11	6	12
21933	5	13	20
21934	8	0	15
21935	18	14	3
21936	2	8	1
21937	14	10	18
21938	6	13	1
21939	16	15	11
21940	0	12	9
21941	14	1	10
21942	12	15	8
21943	9	5	19
21944	14	5	1
21945	1	9	14
21946	10	5	14
21947	15	8	16
21948	16	4	12
21949	10	13	15
21950	16	1	7
21951	14	0	17
21952	15	12	17
21953	2	1	18
21954	7	4	9
21955	8	0	11
21956	15	12	11
21957	20	3	11
21958	8	12	1
21959	1	3	19
21960	20	2	17
21961	0	2	20
21962	20	10	14
21963	13	17	6
21964	1	20	17
21965	2	17	1
21966	15	5	8
21967	18	2	5
21968	14	1	15
21969	5	6	2
21970	17	14	19
21971	20	13	18
21972	6	14	17
21973	3	5	19
21974	16	14	1
21975	8	2	1
21976	10	5	8
21977	8	9	2
21978	13	18	14
21979	18	11	8
21980	10	4	1
21981	7	9	16
21982	15	2	10
21983	14	18	5
21984	4	1	0
21985	11	5	19
21986	8	17	7
21987	11	10	18
21988	16	8	19
21989	17	18	13
21990	12	8	19
21991	20	18	0
21992	12	13	15
21993	19	13	4
21994	2	5	4
21995	10	4	1
21996	19	0	1
21997	3	18	16
21998	7	20	10
21999	18	5	2
22000	18	4	2
22001	3	4	10
22002	18	2	4
22003	13	10	16
22004	11	12	18
22005	10	19	5
22006	7	15	3
22007	13	6	16
22008	20	15	6
22009	11	8	18
22010	19	20	11
22011	3	7	14
22012	11	10	6
22013	15	8	0
22014	8	4	15
22015	17	12	7
22016	8	2	18
22017	6	3	4
22018	3	11	18
22019	0	4	20
22020	12	15	11
22021	10	4	5
22022	2	15	5
22023	17	3	16
22024	13	2	6
22025	15	20	18
22026	4	13	19
22027	12	6	7
22028	6	16	20
22029	18	12	19
22030	10	7	16
22031	10	6	5
22032	13	4	5
22033	6	18	20
22034	9	18	11
22035	4	0	5
22036	16	3	20
22037	11	16	6
22038	5	0	12
22039	7	1	9
22040	17	4	6
22041	7	15	20
22042	18	14	0
22043	0	18	6
22044	6	14	11
22045	20	10	1
22046	1	15	6
22047	17	16	10
22048	14	8	11
22049	2	19	5
22050	7	6	0
22051	1	12	2
22052	11	0	3
22053	16	8	0
22054	14	19	0
22055	0	17	2
22056	12	15	10
22057	15	12	19
22058	19	0	1
22059	20	1	11
22060	1	18	2
22061	9	20	17
22062	2	11	14
22063	12	1	8
22064	11	10	9
22065	6	18	5
22066	9	19	8
22067	17	20	0
22068	11	0	16
22069	3	2	12
22070	11	14	4
22071	12	6	2
22072	16	13	17
22073	20	18	13
22074	6	2	4
22075	14	7	8
22076	6	19	12
22077	2	16	12
22078	18	19	8
22079	20	10	19
22080	2	13	7
22081	16	9	10
22082	14	15	8
22083	2	17	9
22084	8	11	6
22085	3	18	2
22086	18	13	16
22087	2	4	17
22088	3	2	14
22089	6	7	14
22090	9	17	1
22091	3	16	14
22092	19	0	9
22093	7	6	13
22094	11	10	2
22095	3	19	6
22096	13	4	8
22097	3	16	17
22098	14	2	5
22099	15	13	14
22100	7	13	6
22101	14	17	16
22102	3	12	13
22103	3	4	6
22104	12	2	16
22105	17	12	18
22106	12	2	8
22107	8	0	11
22108	11	19	0
22109	0	3	17
22110	4	9	0
22111	10	7	2
22112	14	10	13
22113	4	9	3
22114	7	14	1
22115	13	5	11
22116	19	7	4
22117	0	20	11
22118	14	11	7
22119	19	4	2
22120	16	3	7
22121	19	16	14
22122	13	7	11
22123	14	10	0
22124	19	16	12
22125	13	16	0
22126	13	3	11
22127	2	9	3
22128	5	6	10
22129	1	4	6
22130	0	16	10
22131	12	11	2
22132	17	4	8
22133	16	2	1
22134	1	10	18
22135	12	6	9
22136	5	15	12
22137	16	10	11
22138	17	12	14
22139	20	1	16
22140	4	3	20
22141	19	18	6
22142	9	4	15
22143	10	6	20
22144	3	6	13
22145	1	6	20
22146	20	15	3
22147	5	6	10
22148	17	14	13
22149	10	20	1
22150	3	19	20
22151	2	19	11
22152	7	14	10
22153	7	19	2
22154	3	10	17
22155	13	14	20
22156	10	0	6
22157	19	15	6
22158	9	17	14
22159	7	2	6
22160	1	17	8
22161	19	20	17
22162	14	19	1
22163	17	5	1
22164	9	7	20
22165	12	6	9
22166	15	1	2
22167	18	14	1
22168	1	7	19
22169	9	6	4
22170	15	1	6
22171	8	14	9
22172	2	18	9
22173	3	9	19
22174	11	0	1
22175	6	9	15
22176	17	9	5
22177	9	12	4
22178	6	9	18
22179	16	15	0
22180	9	2	0
22181	11	6	16
22182	5	7	18
22183	2	17	1
22184	13	9	5
22185	13	7	0
22186	5	20	15
22187	1	12	6
22188	20	4	12
22189	3	0	7
22190	13	16	8
22191	6	2	13
22192	12	3	15
22193	9	5	13
22194	17	2	9
22195	10	5	15
22196	16	15	8
22197	10	5	13
22198	1	18	8
22199	7	4	8
22200	13	11	1
22201	3	13	14
22202	13	11	2
22203	7	20	0
22204	7	12	3
22205	18	3	7
22206	20	2	14
22207	18	12	2
22208	7	12	17
22209	20	11	8
22210	17	1	12
22211	9	20	19
22212	8	9	18
22213	14	2	17
22214	17	5	6
22215	13	6	5
22216	9	15	6
22217	10	2	15
22218	13	7	19
22219	20	13	18
22220	16	3	0
22221	9	6	17
22222	7	6	5
22223	11	1	5
22224	19	10	5
22225	5	1	16
22226	16	14	12
22227	13	19	0
22228	9	2	19
22229	6	17	11
22230	12	20	0
22231	1	16	14
22232	0	6	8
22233	4	10	13
22234	4	17	3
22235	9	18	5
22236	6	7	12
22237	18	19	7
22238	16	13	1
22239	11	15	19
22240	10	5	9
22241	5	13	10
22242	2	4	6
22243	2	13	1
22244	7	13	2
22245	6	20	9
22246	20	0	15
22247	17	10	4
22248	3	9	8
22249	10	20	17
22250	3	7	18
22251	10	16	14
22252	6	3	9
22253	20	0	11
22254	4	19	12
22255	7	6	2
22256	18	8	9
22257	7	1	5
22258	9	12	7
22259	7	13	17
22260	4	11	17
22261	7	6	12
22262	13	7	1
22263	8	1	19
22264	9	0	5
22265	10	9	5
22266	10	17	7
22267	6	19	4
22268	13	4	3
22269	14	1	12
22270	14	17	13
22271	5	3	1
22272	17	14	8
22273	18	1	19
22274	13	5	11
22275	20	18	4
22276	0	11	9
22277	16	3	13
22278	11	19	1
22279	20	14	2
22280	0	17	12
22281	14	9	10
22282	14	12	15
22283	0	18	13
22284	0	13	17
22285	6	16	0
22286	1	3	20
22287	8	0	12
22288	1	13	20
22289	6	7	9
22290	19	14	20
22291	9	18	17
22292	7	0	4
22293	12	20	13
22294	3	6	2
22295	9	15	7
22296	16	10	7
22297	1	17	14
22298	12	16	1
22299	12	17	5
22300	1	16	0
22301	7	6	2
22302	17	20	10
22303	4	0	11
22304	9	0	2
22305	0	5	10
22306	14	19	6
22307	11	2	17
22308	20	10	7
22309	17	12	0
22310	16	2	4
22311	0	7	2
22312	4	3	6
22313	9	5	14
22314	10	0	7
22315	16	2	20
22316	12	13	2
22317	14	8	19
22318	16	6	7
22319	19	0	3
22320	14	8	10
22321	12	14	2
22322	17	10	0
22323	2	8	11
22324	18	9	13
22325	13	17	14
22326	12	4	19
22327	14	19	8
22328	0	8	6
22329	16	3	2
22330	1	4	19
22331	0	4	20
22332	6	3	14
22333	7	2	9
22334	6	13	15
22335	15	2	7
22336	6	3	14
22337	16	20	5
22338	13	15	4
22339	5	12	10
22340	2	10	18
22341	10	4	5
22342	7	10	9
22343	8	14	7
22344	19	6	1
22345	20	5	11
22346	3	17	14
22347	0	2	1
22348	14	2	13
22349	11	18	9
22350	13	1	6
22351	2	20	8
22352	11	4	8
22353	11	18	9
22354	7	8	5
22355	5	12	0
22356	18	5	17
22357	8	14	3
22358	15	20	17
22359	1	13	0
22360	1	0	5
22361	14	8	2
22362	1	19	3
22363	18	4	13
22364	18	3	14
22365	20	16	8
22366	19	18	13
22367	15	8	2
22368	0	20	8
22369	0	19	1
22370	19	8	4
22371	0	17	14
22372	11	13	14
22373	14	10	5
22374	5	2	10
22375	16	17	8
22376	20	2	12
22377	10	8	7
22378	19	8	17
22379	9	7	20
22380	20	0	12
22381	11	4	15
22382	16	11	15
22383	12	3	14
22384	3	15	16
22385	4	2	5
22386	8	3	5
22387	5	20	12
22388	1	3	5
22389	19	12	4
22390	11	3	20
22391	19	15	7
22392	12	8	6
22393	9	2	20
22394	4	18	5
22395	12	13	4
22396	7	3	18
22397	16	20	13
22398	17	3	4
22399	2	12	20
22400	7	15	9
22401	10	20	2
22402	0	13	3
22403	13	12	9
22404	1	3	7
22405	2	16	14
22406	4	14	17
22407	8	20	6
22408	11	0	5
22409	16	12	4
22410	6	18	11
22411	18	9	14
22412	15	16	11
22413	9	20	0
22414	20	0	5
22415	20	0	11
22416	10	17	3
22417	16	1	18
22418	7	9	5
22419	12	6	8
22420	18	4	12
22421	10	20	7
22422	18	19	5
22423	12	14	6
22424	0	13	5
22425	12	16	5
22426	5	10	14
22427	5	18	17
22428	12	10	13
22429	5	13	15
22430	10	20	16
22431	6	14	12
22432	2	20	15
22433	13	10	6
22434	7	8	18
22435	9	13	10
22436	12	14	18
22437	2	18	20
22438	10	9	7
22439	9	15	17
22440	12	16	20
22441	4	9	13
22442	11	8	18
22443	15	1	6
22444	18	10	8
22445	19	9	12
22446	15	7	4
22447	12	1	13
22448	9	6	12
22449	20	14	6
22450	8	2	19
22451	7	13	17
22452	14	3	18
22453	20	14	11
22454	0	3	13
22455	2	8	0
22456	10	17	0
22457	5	11	13
22458	14	19	12
22459	7	4	13
22460	1	17	20
22461	15	0	19
22462	18	3	8
22463	14	6	3
22464	3	17	9
22465	6	14	13
22466	2	18	0
22467	0	15	5
22468	2	15	9
22469	9	19	17
22470	10	15	8
22471	18	6	16
22472	14	10	11
22473	5	2	1
22474	12	1	9
22475	17	5	16
22476	1	10	17
22477	3	12	4
22478	17	8	2
22479	11	12	2
22480	1	20	13
22481	18	19	15
22482	15	5	20
22483	20	15	16
22484	10	1	13
22485	18	17	14
22486	9	8	2
22487	13	16	19
22488	17	14	3
22489	12	14	9
22490	17	4	15
22491	8	16	5
22492	14	9	7
22493	20	8	13
22494	19	2	6
22495	6	2	4
22496	1	18	3
22497	2	1	4
22498	1	13	0
22499	19	6	14
22500	19	18	10
22501	17	8	1
22502	12	13	7
22503	8	13	14
22504	20	12	6
22505	15	5	9
22506	9	7	15
22507	17	3	18
22508	18	13	14
22509	3	9	4
22510	8	15	5
22511	1	14	13
22512	13	17	18
22513	6	7	15
22514	8	9	1
22515	13	0	4
22516	13	18	5
22517	12	3	5
22518	3	14	17
22519	13	20	14
22520	9	4	2
22521	9	5	13
22522	14	2	10
22523	14	20	9
22524	11	10	20
22525	2	8	0
22526	8	13	11
22527	3	7	4
22528	13	18	2
22529	1	15	9
22530	15	2	18
22531	16	13	15
22532	9	3	5
22533	17	8	9
22534	4	18	13
22535	18	13	11
22536	20	5	10
22537	13	6	19
22538	19	5	2
22539	11	6	5
22540	17	0	15
22541	19	0	1
22542	15	2	3
22543	16	11	4
22544	0	2	5
22545	1	16	5
22546	20	19	11
22547	2	1	18
22548	16	8	17
22549	1	17	2
22550	20	9	1
22551	15	6	19
22552	9	11	15
22553	9	14	2
22554	8	17	7
22555	2	1	18
22556	19	10	11
22557	8	9	7
22558	9	8	4
22559	6	2	8
22560	17	12	9
22561	18	7	4
22562	8	19	0
22563	6	8	7
22564	7	16	12
22565	1	20	11
22566	7	10	1
22567	8	5	3
22568	7	20	18
22569	16	8	19
22570	0	9	13
22571	6	10	5
22572	12	10	4
22573	15	6	13
22574	15	3	16
22575	6	15	3
22576	8	7	13
22577	5	9	4
22578	19	4	6
22579	5	0	7
22580	15	13	14
22581	1	18	20
22582	8	11	3
22583	15	2	9
22584	7	19	8
22585	4	6	7
22586	2	9	3
22587	14	7	18
22588	18	4	17
22589	13	0	1
22590	1	5	17
22591	12	15	20
22592	20	9	7
22593	1	20	5
22594	10	4	5
22595	15	4	3
22596	8	9	14
22597	17	10	20
22598	4	14	19
22599	19	17	2
22600	7	20	13
22601	14	6	8
22602	3	7	5
22603	15	12	6
22604	2	10	7
22605	18	12	13
22606	5	19	13
22607	11	15	16
22608	7	8	15
22609	0	2	3
22610	13	7	8
22611	1	0	9
22612	6	14	0
22613	15	18	12
22614	1	14	2
22615	12	16	9
22616	11	16	6
22617	11	4	0
22618	20	3	15
22619	5	2	10
22620	14	1	6
22621	14	10	7
22622	0	17	18
22623	20	14	9
22624	13	10	6
22625	1	11	19
22626	16	13	10
22627	16	8	14
22628	11	18	17
22629	10	0	11
22630	4	20	6
22631	16	10	7
22632	18	3	14
22633	11	18	14
22634	18	3	7
22635	10	2	18
22636	14	10	16
22637	10	1	11
22638	16	12	15
22639	5	4	6
22640	17	7	12
22641	7	4	3
22642	0	17	13
22643	7	6	14
22644	18	9	20
22645	7	14	12
22646	19	9	11
22647	8	2	13
22648	13	5	10
22649	10	8	5
22650	13	16	17
22651	8	4	2
22652	0	17	16
22653	12	6	2
22654	10	14	11
22655	14	19	1
22656	8	0	20
22657	5	12	11
22658	3	11	0
22659	8	5	16
22660	19	5	4
22661	5	13	7
22662	1	11	17
22663	2	14	7
22664	17	10	14
22665	2	12	17
22666	11	17	1
22667	4	3	8
22668	4	13	10
22669	7	9	2
22670	12	19	15
22671	1	5	3
22672	13	1	10
22673	0	18	14
22674	7	15	4
22675	12	13	6
22676	13	1	3
22677	19	13	14
22678	18	12	19
22679	6	16	12
22680	5	14	12
22681	17	12	0
22682	2	12	3
22683	4	3	9
22684	19	8	16
22685	13	12	15
22686	13	0	6
22687	16	7	17
22688	18	2	4
22689	15	11	8
22690	0	7	15
22691	14	6	2
22692	20	18	16
22693	10	13	1
22694	10	8	6
22695	3	18	12
22696	16	13	17
22697	19	5	11
22698	6	2	16
22699	14	20	15
22700	18	1	16
22701	13	16	11
22702	3	5	2
22703	19	4	15
22704	14	4	8
22705	10	4	20
22706	11	1	8
22707	9	3	10
22708	12	5	11
22709	3	11	9
22710	1	19	6
22711	4	0	11
22712	0	9	10
22713	1	10	9
22714	1	10	6
22715	19	15	5
22716	8	13	7
22717	6	5	0
22718	1	7	4
22719	1	4	5
22720	8	20	6
22721	11	0	9
22722	7	20	10
22723	18	11	3
22724	14	19	11
22725	19	14	17
22726	7	15	17
22727	10	17	0
22728	19	4	2
22729	13	0	15
22730	11	6	7
22731	2	13	6
22732	2	12	1
22733	12	19	16
22734	16	13	10
22735	7	20	14
22736	6	14	9
22737	6	17	0
22738	6	15	0
22739	5	0	2
22740	6	8	1
22741	12	4	1
22742	3	7	17
22743	19	3	5
22744	17	3	5
22745	1	12	0
22746	6	1	8
22747	2	12	14
22748	8	14	18
22749	12	20	17
22750	15	16	9
22751	13	10	2
22752	18	5	4
22753	6	13	7
22754	0	10	3
22755	0	9	13
22756	5	17	15
22757	10	8	9
22758	20	14	17
22759	0	14	5
22760	0	20	6
22761	8	15	13
22762	1	19	9
22763	3	17	10
22764	3	4	0
22765	8	1	20
22766	12	20	14
22767	10	7	5
22768	3	11	12
22769	11	7	6
22770	12	13	20
22771	5	17	9
22772	2	13	18
22773	10	9	4
22774	2	4	13
22775	4	7	17
22776	2	14	17
22777	14	17	7
22778	7	8	5
22779	20	12	18
22780	12	9	1
22781	4	5	3
22782	13	7	15
22783	1	15	7
22784	14	0	16
22785	7	16	4
22786	7	10	8
22787	10	7	15
22788	7	14	16
22789	3	19	8
22790	18	9	1
22791	15	10	14
22792	12	3	13
22793	0	6	17
22794	17	16	20
22795	4	9	7
22796	6	20	13
22797	6	1	2
22798	8	2	14
22799	1	17	11
22800	8	14	5
22801	20	13	3
22802	14	3	10
22803	16	8	20
22804	17	2	18
22805	13	12	19
22806	13	3	14
22807	17	14	4
22808	7	17	10
22809	3	6	7
22810	10	8	7
22811	6	3	13
22812	4	15	18
22813	17	10	7
22814	18	1	3
22815	10	16	13
22816	12	4	5
22817	12	5	19
22818	13	18	19
22819	16	18	4
22820	9	1	7
22821	19	15	9
22822	8	3	18
22823	20	9	6
22824	10	2	11
22825	20	0	11
22826	10	1	13
22827	19	8	1
22828	3	14	8
22829	13	5	12
22830	20	0	8
22831	10	6	5
22832	16	5	2
22833	5	7	18
22834	0	14	18
22835	7	11	19
22836	15	20	11
22837	0	1	9
22838	17	10	6
22839	4	20	2
22840	7	14	11
22841	14	10	19
22842	8	14	11
22843	16	1	2
22844	13	8	12
22845	19	10	6
22846	1	9	17
22847	12	1	8
22848	2	14	10
22849	13	10	11
22850	9	15	1
22851	14	2	10
22852	4	9	18
22853	15	8	1
22854	8	1	19
22855	17	15	4
22856	12	11	3
22857	6	17	10
22858	19	16	2
22859	17	8	9
22860	0	7	9
22861	8	7	14
22862	15	17	1
22863	5	12	8
22864	3	12	15
22865	5	11	7
22866	14	17	19
22867	15	3	7
22868	14	0	19
22869	4	7	5
22870	7	19	16
22871	15	10	9
22872	13	12	19
22873	17	14	3
22874	19	9	14
22875	9	4	3
22876	11	9	5
22877	12	10	19
22878	19	10	5
22879	17	6	0
22880	3	6	9
22881	0	15	12
22882	18	11	0
22883	14	3	19
22884	4	16	7
22885	20	13	4
22886	5	16	2
22887	2	8	16
22888	2	4	3
22889	20	14	1
22890	10	12	16
22891	12	0	1
22892	5	11	19
22893	3	2	15
22894	15	12	16
22895	14	19	9
22896	12	1	7
22897	1	9	8
22898	16	0	15
22899	13	3	12
22900	19	10	13
22901	1	10	6
22902	8	11	19
22903	19	18	15
22904	15	0	1
22905	7	12	13
22906	9	12	5
22907	14	6	2
22908	11	9	0
22909	17	14	4
22910	18	10	8
22911	10	8	16
22912	3	14	15
22913	1	7	11
22914	20	6	4
22915	12	15	18
22916	17	6	16
22917	14	11	2
22918	4	12	16
22919	3	9	7
22920	0	1	3
22921	1	0	7
22922	3	1	0
22923	10	16	4
22924	2	6	9
22925	2	3	8
22926	5	1	14
22927	16	15	6
22928	1	4	17
22929	10	1	20
22930	14	13	3
22931	8	11	0
22932	9	11	18
22933	7	1	2
22934	20	3	6
22935	13	20	19
22936	3	10	12
22937	16	4	1
22938	20	19	1
22939	10	8	4
22940	20	13	15
22941	3	14	13
22942	4	17	0
22943	7	1	16
22944	9	7	13
22945	14	7	11
22946	6	20	17
22947	6	11	12
22948	5	1	7
22949	13	19	1
22950	13	5	20
22951	9	17	11
22952	12	18	11
22953	19	5	16
22954	8	18	10
22955	0	13	20
22956	13	7	5
22957	2	17	8
22958	3	12	8
22959	16	14	12
22960	10	19	11
22961	12	11	5
22962	5	7	1
22963	19	18	1
22964	20	16	13
22965	18	1	15
22966	10	16	12
22967	8	7	15
22968	2	0	9
22969	12	7	8
22970	9	7	14
22971	17	10	8
22972	9	0	5
22973	5	1	12
22974	8	0	7
22975	13	4	20
22976	15	18	3
22977	18	17	10
22978	14	3	4
22979	0	14	10
22980	1	15	10
22981	16	20	5
22982	14	7	4
22983	16	1	11
22984	6	16	4
22985	13	14	2
22986	6	19	2
22987	1	2	4
22988	19	12	0
22989	12	2	14
22990	3	12	13
22991	7	9	17
22992	3	9	7
22993	12	5	19
22994	12	15	5
22995	9	4	6
22996	20	11	3
22997	15	4	6
22998	12	15	11
22999	6	7	16
23000	7	17	19
23001	18	19	10
23002	6	11	14
23003	12	5	2
23004	14	17	12
23005	1	12	13
23006	6	11	4
23007	14	1	7
23008	9	3	0
23009	14	5	15
23010	17	19	15
23011	13	16	19
23012	16	19	14
23013	5	19	20
23014	20	3	8
23015	1	15	19
23016	1	4	11
23017	10	11	4
23018	0	13	14
23019	2	13	6
23020	18	1	13
23021	20	5	8
23022	2	9	0
23023	18	6	2
23024	2	19	1
23025	7	3	18
23026	6	7	5
23027	14	9	3
23028	17	18	5
23029	2	11	10
23030	17	11	3
23031	4	15	9
23032	0	14	13
23033	11	2	20
23034	14	12	0
23035	19	20	11
23036	0	5	16
23037	18	5	20
23038	10	13	3
23039	15	2	9
23040	19	6	13
23041	5	14	2
23042	11	2	1
23043	3	14	7
23044	9	4	20
23045	9	16	6
23046	9	15	4
23047	13	10	12
23048	14	13	4
23049	7	5	8
23050	3	10	19
23051	6	2	11
23052	8	10	4
23053	11	3	0
23054	4	16	20
23055	10	12	0
23056	17	9	15
23057	17	3	6
23058	3	10	8
23059	0	16	19
23060	5	8	3
23061	19	0	4
23062	0	13	16
23063	5	9	7
23064	14	16	1
23065	5	11	4
23066	4	19	16
23067	18	11	20
23068	11	1	20
23069	11	3	0
23070	4	15	9
23071	18	5	8
23072	13	1	14
23073	16	4	18
23074	3	10	13
23075	17	8	15
23076	6	15	13
23077	18	2	20
23078	11	10	20
23079	1	5	12
23080	20	12	2
23081	2	17	11
23082	18	4	2
23083	17	14	19
23084	15	1	20
23085	7	18	2
23086	2	4	3
23087	1	16	13
23088	10	4	7
23089	9	13	6
23090	2	18	9
23091	1	10	11
23092	10	13	2
23093	7	1	14
23094	11	12	1
23095	1	7	18
23096	15	8	16
23097	11	13	4
23098	4	0	5
23099	8	19	2
23100	15	3	12
23101	16	17	5
23102	3	16	5
23103	14	15	7
23104	16	13	7
23105	1	6	14
23106	3	19	16
23107	1	19	10
23108	7	16	18
23109	5	4	20
23110	5	18	2
23111	10	20	2
23112	15	4	13
23113	4	20	7
23114	0	20	3
23115	9	15	18
23116	1	6	7
23117	0	2	6
23118	3	14	10
23119	16	3	7
23120	15	12	10
23121	3	9	2
23122	18	8	16
23123	12	18	15
23124	8	15	9
23125	20	16	17
23126	15	13	2
23127	17	7	11
23128	11	6	19
23129	9	1	11
23130	5	20	8
23131	10	1	9
23132	15	16	13
23133	1	16	14
23134	6	0	18
23135	2	8	4
23136	2	10	12
23137	17	10	3
23138	6	14	5
23139	18	5	7
23140	2	0	9
23141	13	3	0
23142	20	16	0
23143	20	7	10
23144	13	0	18
23145	20	13	7
23146	18	2	11
23147	19	13	9
23148	16	2	20
23149	2	19	8
23150	16	1	11
23151	17	1	4
23152	14	8	15
23153	4	2	14
23154	9	12	1
23155	8	7	6
23156	4	18	2
23157	7	15	5
23158	13	16	12
23159	15	17	16
23160	7	8	20
23161	19	6	0
23162	2	6	3
23163	20	5	11
23164	18	3	17
23165	15	5	18
23166	2	14	13
23167	14	6	19
23168	12	19	7
23169	4	3	6
23170	4	3	19
23171	7	5	1
23172	11	10	15
23173	13	19	11
23174	4	10	6
23175	0	12	18
23176	14	2	9
23177	12	7	20
23178	7	8	13
23179	9	10	19
23180	14	4	11
23181	1	13	11
23182	6	16	15
23183	19	10	0
23184	10	5	4
23185	10	14	3
23186	19	7	3
23187	18	4	6
23188	4	12	8
23189	13	17	0
23190	3	15	20
23191	10	0	1
23192	5	2	17
23193	7	6	12
23194	13	18	0
23195	11	5	13
23196	10	6	3
23197	14	0	10
23198	9	15	7
23199	19	11	16
23200	15	19	5
23201	7	5	19
23202	7	9	10
23203	14	17	4
23204	6	9	15
23205	14	0	6
23206	2	9	14
23207	20	14	18
23208	13	11	20
23209	8	7	13
23210	9	17	6
23211	17	1	2
23212	10	18	16
23213	13	4	10
23214	3	8	20
23215	8	6	13
23216	16	17	12
23217	18	5	6
23218	14	6	0
23219	19	20	13
23220	0	13	20
23221	3	11	16
23222	1	0	16
23223	15	3	13
23224	4	5	6
23225	9	20	8
23226	20	13	5
23227	1	13	12
23228	20	3	8
23229	20	9	11
23230	17	6	14
23231	10	12	20
23232	17	2	5
23233	17	15	14
23234	8	18	0
23235	10	11	19
23236	10	19	20
23237	8	14	18
23238	1	4	16
23239	2	12	20
23240	11	2	9
23241	13	15	7
23242	18	7	10
23243	14	12	13
23244	0	14	3
23245	14	4	6
23246	12	3	4
23247	18	7	2
23248	0	8	15
23249	6	0	1
23250	7	5	19
23251	20	14	15
23252	3	11	20
23253	13	14	17
23254	17	14	11
23255	14	0	20
23256	0	15	16
23257	1	12	2
23258	4	6	9
23259	12	19	6
23260	19	5	6
23261	4	9	0
23262	8	17	15
23263	20	12	3
23264	4	14	18
23265	0	2	11
23266	11	15	12
23267	11	4	15
23268	3	12	15
23269	3	10	12
23270	15	13	9
23271	18	16	10
23272	0	19	17
23273	15	16	3
23274	3	15	13
23275	5	4	12
23276	9	18	13
23277	9	17	7
23278	2	0	16
23279	2	13	6
23280	0	5	7
23281	13	5	9
23282	17	3	1
23283	17	10	5
23284	3	9	7
23285	7	16	10
23286	2	12	4
23287	10	8	16
23288	13	6	14
23289	5	3	7
23290	12	7	16
23291	14	8	13
23292	13	19	10
23293	4	0	16
23294	17	10	20
23295	13	1	15
23296	9	20	13
23297	18	10	11
23298	13	7	5
23299	14	16	5
23300	1	15	4
23301	13	3	1
23302	2	10	12
23303	2	5	15
23304	0	10	7
23305	19	3	15
23306	11	16	6
23307	20	7	12
23308	6	17	11
23309	8	17	10
23310	13	2	9
23311	2	15	8
23312	4	13	5
23313	4	15	5
23314	17	12	20
23315	0	2	3
23316	4	1	10
23317	20	12	15
23318	11	10	5
23319	5	9	2
23320	4	13	20
23321	1	6	11
23322	19	13	9
23323	15	19	13
23324	4	12	6
23325	15	7	18
23326	20	4	6
23327	2	19	0
23328	17	15	16
23329	3	7	6
23330	9	11	16
23331	12	2	16
23332	10	3	9
23333	16	12	10
23334	11	19	1
23335	5	17	15
23336	19	13	0
23337	16	20	7
23338	7	2	13
23339	2	16	18
23340	13	7	6
23341	12	16	4
23342	7	12	19
23343	19	1	3
23344	6	15	7
23345	0	1	17
23346	15	3	8
23347	15	10	8
23348	3	13	7
23349	4	6	15
23350	11	19	14
23351	1	15	5
23352	5	3	2
23353	10	1	13
23354	16	3	1
23355	4	11	5
23356	20	4	9
23357	5	20	18
23358	9	20	5
23359	20	3	16
23360	4	13	19
23361	0	1	14
23362	18	2	13
23363	4	11	6
23364	10	1	11
23365	20	15	3
23366	1	2	19
23367	10	6	3
23368	7	2	18
23369	20	14	18
23370	11	7	3
23371	8	3	2
23372	3	8	7
23373	8	11	2
23374	7	20	6
23375	20	4	17
23376	14	8	9
23377	18	10	7
23378	13	4	19
23379	3	8	17
23380	12	7	6
23381	5	17	6
23382	11	1	13
23383	19	20	6
23384	15	16	9
23385	6	19	15
23386	19	15	16
23387	15	0	8
23388	10	16	4
23389	6	1	14
23390	20	7	16
23391	1	19	14
23392	5	13	20
23393	0	5	20
23394	16	0	5
23395	8	7	3
23396	13	15	7
23397	2	17	13
23398	17	1	8
23399	19	18	13
23400	12	6	1
23401	17	5	19
23402	3	6	5
23403	11	5	2
23404	20	0	10
23405	17	16	2
23406	4	7	12
23407	5	0	20
23408	4	3	13
23409	4	17	0
23410	19	14	3
23411	2	1	11
23412	10	6	2
23413	0	4	18
23414	15	10	5
23415	7	2	0
23416	19	20	7
23417	2	6	18
23418	0	14	4
23419	18	5	2
23420	1	16	14
23421	0	15	20
23422	0	8	7
23423	10	18	13
23424	19	18	8
23425	5	0	18
23426	16	5	17
23427	12	19	2
23428	12	19	6
23429	7	14	11
23430	5	12	8
23431	18	13	1
23432	15	19	2
23433	7	10	17
23434	4	17	15
23435	11	18	19
23436	2	3	19
23437	17	11	13
23438	8	9	15
23439	20	13	6
23440	16	11	9
23441	17	0	4
23442	8	10	16
23443	11	17	8
23444	12	15	17
23445	20	18	1
23446	3	9	0
23447	18	2	3
23448	3	4	6
23449	18	0	12
23450	12	7	18
23451	13	18	11
23452	9	2	15
23453	10	16	2
23454	2	7	9
23455	9	11	0
23456	4	12	19
23457	12	14	19
23458	2	17	14
23459	9	16	20
23460	20	17	6
23461	19	14	8
23462	4	1	19
23463	14	18	19
23464	14	16	8
23465	4	2	12
23466	13	12	14
23467	7	13	10
23468	4	2	9
23469	1	6	16
23470	9	5	2
23471	2	7	5
23472	9	13	4
23473	5	3	6
23474	4	1	8
23475	7	13	16
23476	9	14	8
23477	3	19	2
23478	13	14	18
23479	18	6	0
23480	16	11	17
23481	17	11	14
23482	5	3	11
23483	1	12	0
23484	9	13	16
23485	18	16	19
23486	2	0	16
23487	19	12	16
23488	11	10	3
23489	3	18	2
23490	5	17	10
23491	14	20	6
23492	1	15	18
23493	17	0	13
23494	4	19	17
23495	6	13	12
23496	9	1	10
23497	2	9	10
23498	4	11	12
23499	4	17	3
23500	4	5	14
23501	18	8	17
23502	10	12	19
23503	1	18	16
23504	2	13	19
23505	13	16	12
23506	8	3	19
23507	10	1	14
23508	12	16	13
23509	7	3	8
23510	17	14	3
23511	4	9	17
23512	20	9	10
23513	12	5	6
23514	19	1	10
23515	14	13	16
23516	6	8	19
23517	5	15	11
23518	8	4	14
23519	8	6	1
23520	6	3	9
23521	1	19	2
23522	6	8	14
23523	0	20	8
23524	11	13	6
23525	3	5	18
23526	19	13	6
23527	6	17	1
23528	15	2	0
23529	19	6	8
23530	12	11	15
23531	6	17	15
23532	4	5	1
23533	17	10	18
23534	16	4	17
23535	15	11	4
23536	7	18	12
23537	15	12	2
23538	3	8	0
23539	1	6	14
23540	7	12	17
23541	0	10	4
23542	18	9	16
23543	5	13	0
23544	11	5	16
23545	0	2	5
23546	14	17	11
23547	12	14	1
23548	3	12	14
23549	19	18	13
23550	7	11	1
23551	11	19	5
23552	10	18	9
23553	8	9	16
23554	13	9	2
23555	4	5	8
23556	8	16	17
23557	15	13	19
23558	4	19	1
23559	13	14	1
23560	6	8	20
23561	2	8	10
23562	2	14	7
23563	14	13	16
23564	0	15	20
23565	1	13	18
23566	9	14	8
23567	5	6	0
23568	2	0	14
23569	10	5	11
23570	3	5	19
23571	4	19	17
23572	5	1	4
23573	1	4	20
23574	1	19	12
23575	1	8	9
23576	16	1	12
23577	3	2	20
23578	3	17	11
23579	11	10	12
23580	18	16	5
23581	20	8	2
23582	1	3	5
23583	11	12	14
23584	16	8	6
23585	19	0	14
23586	18	12	15
23587	17	2	1
23588	12	3	15
23589	18	0	5
23590	6	2	9
23591	16	2	6
23592	16	11	5
23593	8	18	19
23594	1	5	10
23595	6	15	16
23596	7	2	20
23597	5	12	18
23598	8	19	7
23599	7	6	17
23600	16	13	9
23601	7	10	18
23602	17	12	0
23603	0	16	15
23604	6	5	20
23605	16	1	15
23606	4	7	19
23607	16	10	15
23608	16	7	18
23609	14	10	7
23610	5	18	4
23611	8	1	3
23612	14	9	20
23613	9	3	5
23614	16	20	13
23615	10	2	5
23616	2	18	0
23617	1	3	17
23618	19	12	4
23619	5	1	7
23620	12	14	7
23621	0	10	18
23622	2	11	6
23623	20	4	9
23624	16	13	12
23625	16	14	20
23626	4	19	6
23627	18	13	14
23628	19	15	18
23629	13	2	11
23630	11	6	0
23631	3	9	19
23632	19	3	7
23633	5	15	7
23634	14	9	10
23635	18	10	13
23636	19	11	5
23637	8	5	18
23638	7	18	20
23639	19	1	11
23640	8	10	18
23641	5	6	8
23642	6	5	1
23643	3	10	19
23644	2	18	19
23645	2	10	7
23646	10	5	17
23647	16	18	13
23648	5	3	7
23649	18	0	7
23650	5	11	0
23651	9	11	19
23652	14	1	17
23653	19	17	6
23654	15	17	0
23655	12	8	10
23656	3	19	12
23657	1	11	16
23658	3	18	4
23659	6	12	16
23660	1	10	19
23661	4	0	2
23662	4	2	11
23663	15	19	7
23664	15	5	3
23665	19	13	6
23666	11	0	1
23667	8	3	15
23668	13	11	17
23669	11	9	1
23670	12	8	4
23671	15	16	7
23672	5	6	17
23673	14	13	18
23674	10	7	0
23675	20	16	1
23676	11	14	5
23677	18	7	12
23678	2	9	10
23679	5	13	10
23680	13	8	7
23681	15	11	6
23682	10	9	20
23683	6	8	15
23684	2	3	15
23685	12	19	7
23686	8	2	13
23687	18	15	2
23688	3	17	12
23689	19	10	6
23690	7	3	20
23691	7	13	14
23692	18	16	4
23693	16	19	10
23694	20	4	7
23695	7	6	2
23696	7	16	6
23697	10	11	20
23698	15	9	3
23699	4	19	17
23700	5	6	3
23701	16	18	10
23702	6	3	11
23703	19	16	7
23704	20	14	0
23705	6	16	7
23706	9	2	17
23707	14	6	13
23708	6	12	5
23709	9	13	17
23710	10	18	17
23711	2	3	6
23712	4	14	7
23713	12	16	6
23714	0	1	8
23715	17	0	11
23716	15	18	16
23717	13	18	14
23718	15	6	18
23719	9	13	14
23720	7	16	13
23721	11	6	17
23722	12	9	5
23723	18	11	13
23724	19	7	11
23725	4	10	2
23726	15	1	14
23727	2	6	3
23728	20	17	7
23729	20	11	1
23730	15	1	3
23731	9	1	12
23732	8	12	15
23733	15	17	12
23734	7	8	18
23735	16	3	6
23736	17	11	7
23737	17	13	15
23738	15	17	8
23739	5	17	19
23740	19	3	6
23741	9	3	12
23742	20	0	19
23743	13	19	9
23744	5	12	16
23745	3	8	19
23746	3	16	12
23747	13	1	0
23748	19	9	17
23749	16	9	6
23750	18	12	19
23751	3	11	8
23752	12	13	19
23753	2	0	1
23754	3	2	11
23755	0	11	7
23756	3	11	10
23757	14	18	16
23758	9	6	12
23759	12	15	4
23760	12	7	10
23761	20	4	7
23762	10	9	4
23763	4	10	17
23764	5	1	13
23765	16	10	20
23766	0	9	18
23767	3	16	12
23768	7	17	18
23769	14	5	9
23770	1	11	4
23771	15	11	20
23772	6	15	7
23773	11	4	13
23774	14	1	8
23775	2	5	4
23776	13	19	14
23777	15	6	1
23778	0	14	18
23779	13	12	17
23780	11	9	20
23781	2	5	7
23782	13	17	11
23783	9	8	15
23784	19	3	14
23785	17	15	13
23786	14	18	4
23787	9	20	11
23788	7	10	1
23789	6	12	2
23790	0	2	4
23791	6	13	3
23792	6	0	7
23793	15	0	9
23794	19	3	6
23795	0	1	4
23796	7	20	19
23797	15	20	9
23798	14	3	20
23799	0	4	11
23800	6	11	20
23801	18	7	1
23802	10	16	11
23803	9	20	8
23804	6	20	4
23805	1	9	16
23806	5	4	12
23807	9	6	1
23808	18	1	5
23809	4	11	2
23810	15	13	17
23811	4	2	1
23812	19	2	3
23813	8	17	9
23814	11	20	5
23815	7	1	10
23816	5	12	14
23817	3	16	18
23818	0	20	19
23819	10	0	4
23820	9	3	17
23821	4	18	19
23822	8	9	19
23823	7	18	6
23824	5	11	10
23825	6	3	9
23826	15	7	17
23827	10	18	9
23828	12	5	0
23829	6	15	20
23830	6	16	12
23831	10	1	2
23832	4	18	12
23833	15	10	6
23834	10	8	16
23835	16	5	18
23836	10	6	19
23837	2	14	7
23838	10	13	6
23839	6	12	5
23840	9	11	19
23841	16	10	8
23842	12	4	8
23843	13	0	10
23844	17	8	7
23845	8	3	18
23846	14	5	3
23847	14	19	16
23848	7	15	17
23849	12	6	10
23850	10	7	16
23851	18	16	14
23852	12	19	3
23853	15	13	20
23854	6	3	14
23855	16	2	11
23856	18	1	0
23857	6	13	12
23858	16	11	3
23859	16	14	19
23860	6	19	18
23861	6	7	10
23862	9	0	11
23863	19	15	4
23864	6	11	1
23865	6	15	5
23866	7	4	20
23867	12	9	6
23868	5	2	17
23869	6	3	17
23870	20	0	15
23871	4	18	16
23872	2	18	16
23873	13	0	11
23874	16	2	11
23875	3	13	6
23876	0	7	13
23877	2	7	17
23878	6	0	10
23879	2	0	5
23880	14	4	6
23881	11	14	6
23882	11	5	12
23883	9	19	11
23884	15	2	19
23885	0	10	11
23886	4	18	8
23887	3	10	1
23888	11	8	14
23889	1	4	10
23890	16	0	20
23891	2	10	7
23892	12	7	20
23893	16	0	1
23894	7	17	1
23895	12	14	15
23896	12	19	0
23897	2	9	4
23898	4	1	15
23899	19	6	14
23900	11	16	1
23901	2	9	14
23902	17	15	20
23903	8	6	14
23904	7	3	19
23905	14	2	7
23906	9	7	12
23907	10	6	15
23908	17	18	19
23909	9	1	10
23910	6	17	15
23911	10	5	0
23912	8	14	9
23913	18	19	11
23914	12	15	14
23915	16	3	11
23916	11	7	8
23917	5	14	18
23918	1	18	13
23919	20	8	13
23920	1	6	18
23921	17	20	11
23922	5	4	0
23923	4	1	14
23924	12	20	6
23925	6	15	11
23926	1	17	10
23927	19	13	11
23928	5	8	20
23929	16	6	8
23930	1	17	3
23931	15	13	10
23932	19	13	1
23933	15	19	12
23934	19	18	11
23935	16	9	0
23936	6	18	3
23937	17	14	6
23938	14	10	0
23939	5	11	4
23940	3	13	16
23941	16	13	2
23942	12	19	4
23943	7	9	15
23944	3	13	14
23945	17	0	18
23946	15	10	8
23947	11	12	6
23948	8	9	20
23949	17	8	3
23950	13	1	9
23951	0	7	15
23952	14	7	18
23953	1	6	11
23954	20	2	0
23955	12	9	19
23956	17	6	16
23957	15	12	17
23958	10	2	19
23959	0	3	13
23960	17	14	16
23961	5	20	7
23962	16	8	18
23963	17	5	14
23964	10	2	18
23965	1	19	4
23966	5	6	12
23967	12	15	20
23968	12	10	7
23969	12	1	0
23970	1	0	18
23971	8	17	3
23972	6	14	3
23973	4	17	13
23974	0	17	14
23975	16	6	19
23976	3	2	10
23977	15	5	20
23978	10	16	15
23979	3	20	19
23980	2	0	9
23981	10	0	6
23982	4	18	7
23983	6	17	19
23984	2	8	7
23985	9	19	7
23986	16	18	9
23987	16	2	3
23988	20	12	9
23989	17	9	18
23990	6	2	9
23991	16	18	20
23992	14	7	10
23993	15	0	17
23994	8	7	5
23995	13	9	5
23996	16	1	10
23997	19	2	6
23998	15	4	10
23999	11	16	9
24000	4	8	18
24001	15	9	1
24002	12	7	14
24003	13	3	15
24004	1	0	12
24005	3	8	7
24006	11	14	4
24007	1	12	11
24008	18	6	19
24009	1	7	2
24010	6	16	13
24011	4	0	17
24012	11	16	14
24013	11	15	6
24014	9	10	12
24015	7	5	15
24016	20	19	1
24017	0	20	17
24018	5	17	6
24019	16	11	14
24020	0	12	16
24021	9	10	19
24022	15	13	17
24023	18	7	16
24024	9	20	11
24025	15	16	4
24026	0	15	12
24027	10	0	17
24028	0	16	12
24029	12	16	13
24030	18	1	16
24031	17	15	4
24032	13	2	19
24033	16	14	6
24034	16	12	1
24035	14	17	7
24036	3	4	1
24037	20	6	17
24038	11	13	1
24039	15	4	20
24040	7	1	14
24041	18	9	3
24042	20	6	0
24043	18	10	9
24044	2	0	1
24045	4	10	20
24046	10	2	0
24047	0	9	4
24048	20	6	3
24049	2	5	8
24050	14	19	1
24051	17	6	15
24052	20	12	11
24053	7	16	2
24054	5	0	19
24055	10	11	3
24056	9	4	6
24057	9	1	17
24058	5	2	15
24059	14	4	16
24060	2	4	10
24061	5	11	8
24062	11	0	13
24063	20	7	16
24064	10	13	0
24065	15	17	7
24066	10	4	0
24067	11	18	1
24068	16	18	5
24069	4	8	7
24070	9	15	0
24071	4	8	10
24072	20	6	4
24073	19	18	15
24074	2	1	11
24075	6	12	19
24076	12	16	19
24077	11	20	9
24078	11	15	6
24079	0	6	11
24080	9	14	6
24081	3	19	12
24082	18	0	8
24083	19	16	15
24084	13	12	9
24085	15	20	11
24086	4	5	14
24087	7	4	11
24088	12	6	2
24089	0	13	14
24090	13	1	19
24091	16	14	8
24092	2	8	5
24093	20	19	5
24094	16	17	7
24095	10	19	0
24096	15	2	13
24097	5	8	16
24098	10	3	11
24099	5	4	15
24100	20	8	3
24101	8	15	20
24102	9	4	6
24103	0	4	15
24104	12	8	3
24105	14	6	5
24106	7	14	1
24107	5	16	3
24108	4	7	19
24109	20	1	18
24110	8	10	9
24111	11	3	1
24112	9	5	1
24113	19	14	10
24114	16	20	13
24115	20	1	2
24116	1	12	2
24117	3	20	9
24118	12	17	14
24119	5	18	2
24120	4	1	0
24121	15	18	6
24122	12	18	11
24123	16	18	17
24124	16	4	12
24125	10	2	14
24126	11	20	10
24127	19	2	12
24128	13	9	10
24129	19	18	12
24130	9	20	17
24131	5	9	12
24132	6	7	9
24133	7	11	4
24134	7	9	13
24135	18	19	14
24136	16	19	11
24137	14	11	5
24138	19	7	1
24139	11	1	18
24140	7	8	5
24141	11	17	4
24142	18	14	13
24143	7	2	18
24144	11	8	0
24145	0	5	13
24146	6	8	2
24147	15	13	1
24148	2	4	15
24149	10	9	8
24150	11	13	20
24151	19	1	17
24152	13	8	16
24153	13	1	19
24154	12	7	20
24155	16	8	17
24156	17	0	13
24157	13	17	20
24158	2	11	9
24159	8	9	4
24160	15	7	1
24161	1	10	2
24162	20	13	10
24163	7	12	13
24164	16	13	19
24165	8	3	18
24166	8	9	2
24167	4	0	11
24168	2	17	20
24169	14	13	10
24170	12	1	18
24171	1	8	5
24172	16	13	15
24173	4	6	13
24174	13	20	16
24175	20	17	7
24176	6	13	8
24177	15	7	1
24178	18	3	2
24179	17	0	19
24180	8	20	4
24181	13	17	12
24182	15	6	5
24183	17	4	15
24184	13	0	19
24185	1	10	0
24186	11	20	7
24187	13	7	1
24188	16	2	1
24189	6	11	2
24190	8	11	19
24191	8	16	2
24192	4	9	14
24193	19	6	20
24194	20	7	3
24195	20	18	1
24196	6	1	18
24197	6	15	7
24198	9	20	2
24199	4	8	1
24200	0	7	16
24201	9	4	13
24202	18	15	17
24203	5	0	15
24204	13	19	0
24205	19	13	4
24206	13	6	1
24207	10	19	6
24208	14	0	9
24209	1	12	13
24210	1	0	5
24211	9	19	11
24212	2	16	4
24213	18	6	16
24214	20	4	12
24215	3	15	14
24216	11	9	10
24217	16	5	11
24218	11	1	18
24219	17	11	18
24220	6	17	7
24221	15	18	20
24222	12	3	18
24223	20	19	1
24224	15	20	9
24225	13	18	19
24226	15	2	19
24227	6	5	3
24228	7	2	19
24229	7	6	15
24230	4	9	15
24231	19	4	7
24232	6	18	19
24233	19	20	12
24234	4	12	7
24235	1	20	6
24236	3	10	5
24237	15	7	19
24238	14	11	6
24239	17	13	19
24240	15	0	13
24241	15	12	4
24242	2	18	14
24243	2	7	1
24244	14	17	2
24245	16	7	13
24246	10	12	13
24247	17	4	3
24248	3	8	1
24249	10	0	14
24250	9	4	17
24251	18	3	17
24252	2	4	17
24253	19	18	20
24254	3	14	10
24255	14	0	9
24256	19	11	0
24257	7	20	16
24258	1	6	9
24259	12	7	15
24260	4	5	9
24261	9	0	14
24262	2	16	9
24263	13	18	8
24264	19	12	9
24265	2	12	11
24266	19	13	10
24267	11	6	4
24268	5	0	20
24269	7	15	20
24270	3	1	17
24271	9	15	16
24272	15	17	20
24273	2	1	8
24274	17	7	6
24275	19	14	8
24276	5	16	19
24277	2	10	4
24278	3	19	18
24279	18	3	8
24280	4	5	0
24281	19	12	3
24282	5	14	15
24283	10	15	5
24284	13	9	19
24285	6	7	12
24286	8	10	12
24287	4	8	0
24288	11	4	7
24289	15	16	20
24290	16	20	13
24291	13	3	19
24292	3	13	19
24293	12	8	16
24294	10	4	3
24295	13	3	12
24296	1	8	17
24297	0	9	19
24298	18	11	14
24299	7	1	17
24300	5	19	4
24301	7	14	18
24302	18	14	6
24303	11	0	12
24304	15	1	17
24305	7	9	12
24306	17	14	12
24307	5	8	11
24308	14	13	0
24309	17	4	3
24310	5	11	1
24311	12	3	15
24312	0	7	8
24313	8	18	20
24314	0	12	17
24315	17	7	19
24316	14	2	5
24317	0	4	5
24318	18	3	14
24319	3	6	0
24320	14	6	12
24321	10	15	11
24322	9	2	16
24323	2	1	10
24324	0	20	11
24325	11	12	6
24326	9	19	2
24327	18	11	5
24328	9	16	0
24329	3	0	17
24330	18	6	20
24331	3	17	13
24332	14	17	16
24333	8	1	14
24334	6	8	7
24335	7	13	1
24336	0	6	5
24337	10	8	2
24338	5	18	10
24339	16	5	3
24340	13	10	8
24341	14	3	10
24342	11	9	10
24343	5	4	20
24344	16	0	17
24345	4	6	20
24346	6	12	15
24347	2	18	14
24348	16	18	17
24349	16	18	12
24350	19	9	4
24351	14	4	3
24352	7	3	18
24353	0	10	13
24354	9	4	16
24355	17	10	20
24356	5	14	11
24357	0	9	20
24358	13	4	6
24359	5	12	3
24360	11	19	1
24361	20	5	14
24362	16	12	2
24363	18	14	17
24364	16	3	17
24365	9	16	14
24366	16	1	5
24367	18	1	9
24368	8	5	7
24369	20	7	19
24370	0	6	20
24371	19	4	10
24372	11	20	15
24373	14	7	20
24374	2	16	5
24375	20	10	4
24376	8	17	16
24377	5	0	16
24378	11	14	12
24379	17	14	15
24380	2	10	1
24381	2	8	4
24382	7	19	13
24383	16	2	11
24384	4	19	3
24385	6	18	4
24386	16	13	14
24387	15	17	2
24388	8	17	6
24389	10	15	9
24390	1	20	9
24391	2	19	4
24392	3	4	0
24393	0	8	2
24394	18	7	4
24395	9	13	4
24396	14	13	4
24397	4	2	20
24398	11	18	13
24399	2	1	10
24400	18	3	5
24401	7	15	17
24402	13	16	6
24403	8	12	16
24404	8	0	19
24405	17	3	1
24406	12	2	11
24407	16	2	8
24408	4	11	3
24409	1	16	15
24410	5	13	6
24411	5	20	4
24412	13	1	17
24413	17	2	5
24414	5	10	6
24415	18	6	4
24416	16	11	1
24417	15	7	14
24418	15	5	20
24419	10	17	2
24420	6	4	1
24421	15	0	14
24422	0	11	13
24423	9	13	8
24424	19	3	12
24425	6	14	7
24426	11	8	9
24427	0	8	5
24428	9	7	4
24429	20	3	6
24430	18	16	12
24431	7	2	3
24432	7	2	8
24433	8	15	17
24434	5	16	9
24435	5	10	4
24436	12	0	19
24437	1	17	8
24438	5	14	11
24439	0	13	2
24440	5	2	7
24441	18	9	2
24442	6	5	14
24443	17	9	6
24444	1	14	13
24445	6	10	19
24446	18	19	15
24447	5	0	19
24448	13	7	2
24449	20	10	9
24450	1	16	5
24451	19	3	10
24452	3	4	17
24453	13	16	5
24454	19	18	12
24455	12	5	19
24456	6	19	13
24457	7	0	5
24458	6	3	18
24459	5	14	20
24460	19	2	0
24461	19	1	6
24462	13	1	3
24463	13	18	1
24464	10	0	4
24465	15	19	17
24466	16	12	18
24467	19	7	9
24468	15	0	1
24469	3	12	20
24470	0	11	4
24471	12	1	17
24472	12	5	6
24473	12	14	17
24474	1	19	9
24475	9	7	1
24476	8	2	20
24477	20	18	3
24478	1	4	2
24479	15	16	8
24480	14	17	10
24481	11	13	2
24482	1	16	12
24483	13	3	17
24484	8	7	16
24485	5	17	4
24486	16	1	10
24487	4	1	15
24488	7	9	4
24489	11	3	19
24490	8	7	12
24491	18	0	12
24492	2	17	15
24493	8	12	11
24494	12	7	9
24495	9	13	8
24496	5	0	19
24497	14	20	7
24498	0	6	7
24499	4	13	20
24500	12	16	3
24501	10	4	9
24502	15	17	0
24503	2	15	3
24504	3	8	7
24505	17	14	19
24506	8	3	9
24507	13	2	6
24508	5	8	10
24509	17	12	10
24510	11	2	19
24511	1	0	4
24512	14	0	18
24513	9	19	14
24514	13	1	12
24515	12	10	15
24516	12	13	2
24517	10	3	9
24518	4	10	17
24519	12	2	19
24520	4	13	6
24521	20	6	1
24522	19	9	8
24523	18	0	11
24524	16	5	18
24525	3	5	12
24526	12	18	2
24527	7	18	12
24528	4	0	18
24529	16	15	19
24530	3	15	20
24531	10	16	12
24532	1	9	8
24533	6	9	4
24534	8	11	2
24535	10	6	7
24536	19	4	18
24537	15	9	5
24538	2	15	7
24539	6	15	16
24540	5	4	6
24541	4	0	12
24542	7	5	19
24543	4	13	12
24544	8	9	4
24545	18	9	4
24546	15	6	3
24547	0	10	3
24548	10	9	12
24549	6	16	20
24550	20	0	8
24551	20	12	4
24552	8	11	9
24553	0	9	2
24554	17	15	4
24555	10	7	12
24556	2	19	11
24557	5	12	13
24558	7	18	3
24559	16	11	6
24560	1	16	13
24561	3	4	7
24562	4	15	17
24563	19	11	1
24564	3	15	12
24565	1	12	3
24566	6	12	17
24567	13	14	5
24568	6	14	19
24569	15	13	4
24570	19	17	15
24571	20	0	8
24572	1	19	17
24573	4	20	8
24574	3	15	14
24575	2	18	12
24576	18	19	17
24577	8	11	17
24578	11	16	10
24579	18	3	16
24580	10	18	12
24581	9	17	3
24582	9	20	10
24583	13	17	1
24584	2	20	15
24585	1	12	17
24586	3	2	16
24587	15	3	7
24588	15	3	18
24589	9	15	6
24590	16	14	13
24591	18	13	0
24592	5	2	0
24593	10	15	1
24594	17	20	4
24595	18	7	8
24596	20	17	14
24597	20	10	2
24598	0	16	20
24599	2	10	6
24600	6	1	11
24601	4	7	11
24602	13	20	16
24603	20	16	14
24604	4	8	16
24605	12	8	3
24606	1	13	3
24607	20	18	0
24608	5	12	18
24609	1	11	14
24610	13	18	14
24611	20	17	4
24612	17	6	16
24613	0	13	4
24614	5	19	8
24615	11	9	10
24616	12	4	0
24617	8	12	6
24618	10	16	4
24619	11	2	8
24620	9	16	0
24621	11	19	15
24622	17	10	13
24623	8	16	14
24624	4	16	1
24625	3	14	9
24626	18	9	10
24627	11	19	8
24628	0	11	18
24629	16	6	12
24630	9	10	3
24631	3	9	12
24632	5	17	7
24633	20	9	4
24634	17	2	6
24635	16	13	19
24636	9	0	17
24637	0	16	7
24638	6	4	5
24639	20	10	5
24640	6	1	3
24641	15	8	16
24642	10	1	7
24643	10	9	20
24644	16	10	4
24645	2	3	1
24646	0	20	18
24647	2	17	7
24648	17	1	13
24649	13	9	6
24650	18	6	5
24651	15	3	20
24652	9	4	5
24653	3	14	11
24654	4	16	7
24655	8	0	19
24656	15	13	10
24657	0	6	17
24658	7	6	5
24659	19	20	15
24660	7	13	4
24661	11	4	7
24662	10	6	11
24663	1	20	19
24664	6	3	13
24665	20	14	18
24666	5	11	16
24667	8	2	15
24668	7	10	2
24669	7	3	10
24670	14	11	3
24671	18	7	2
24672	1	14	7
24673	19	6	20
24674	4	20	7
24675	17	16	12
24676	16	15	18
24677	16	17	5
24678	19	17	8
24679	19	9	13
24680	17	4	14
24681	16	5	7
24682	20	11	3
24683	8	9	1
24684	17	19	7
24685	14	6	4
24686	12	10	8
24687	16	18	3
24688	7	3	15
24689	18	16	15
24690	18	11	4
24691	3	12	0
24692	16	15	7
24693	18	4	13
24694	19	12	2
24695	4	7	5
24696	7	12	20
24697	12	4	18
24698	13	3	6
24699	6	3	1
24700	1	14	8
24701	11	9	16
24702	16	2	13
24703	17	14	9
24704	6	13	11
24705	15	1	8
24706	11	16	10
24707	2	14	9
24708	9	5	15
24709	20	4	2
24710	15	8	16
24711	15	9	16
24712	3	9	0
24713	3	15	8
24714	19	0	7
24715	5	20	9
24716	16	12	3
24717	20	12	14
24718	8	14	15
24719	13	17	18
24720	13	5	14
24721	8	1	0
24722	3	17	6
24723	2	20	12
24724	19	8	4
24725	0	2	19
24726	0	18	3
24727	16	4	2
24728	4	11	5
24729	14	4	10
24730	4	20	7
24731	17	19	9
24732	11	13	20
24733	7	20	18
24734	20	12	2
24735	17	9	16
24736	16	8	13
24737	11	19	10
24738	16	13	8
24739	18	20	8
24740	18	11	8
24741	20	14	12
24742	5	8	9
24743	20	14	7
24744	15	6	7
24745	13	5	9
24746	6	5	11
24747	6	17	18
24748	1	4	5
24749	5	9	10
24750	5	4	14
24751	6	10	12
24752	6	2	11
24753	11	5	13
24754	20	2	1
24755	15	16	20
24756	13	9	1
24757	20	18	14
24758	0	17	19
24759	16	20	9
24760	16	8	10
24761	0	17	8
24762	18	3	7
24763	18	7	6
24764	15	2	12
24765	6	10	2
24766	4	12	14
24767	4	1	0
24768	5	18	20
24769	13	8	5
24770	8	14	9
24771	13	15	4
24772	18	13	4
24773	8	5	15
24774	3	6	13
24775	14	11	6
24776	8	0	13
24777	9	3	13
24778	5	15	10
24779	12	18	10
24780	1	12	8
24781	13	20	3
24782	2	4	0
24783	10	20	9
24784	18	3	14
24785	5	13	18
24786	0	4	3
24787	18	12	13
24788	4	9	3
24789	11	8	9
24790	12	17	0
24791	17	6	1
24792	18	19	20
24793	12	14	9
24794	4	15	2
24795	9	13	0
24796	4	1	6
24797	11	4	0
24798	18	12	20
24799	16	9	7
24800	6	20	3
24801	19	2	14
24802	12	0	20
24803	17	0	3
24804	14	0	20
24805	3	2	12
24806	8	6	9
24807	4	17	2
24808	8	5	12
24809	14	1	8
24810	17	14	4
24811	14	20	16
24812	15	7	16
24813	1	6	0
24814	11	19	5
24815	8	20	7
24816	20	5	15
24817	19	12	1
24818	18	11	4
24819	1	10	20
24820	11	16	10
24821	20	6	8
24822	14	18	3
24823	19	17	8
24824	14	18	19
24825	12	2	11
24826	12	8	19
24827	18	12	9
24828	18	1	17
24829	17	7	18
24830	4	18	6
24831	8	14	2
24832	17	8	12
24833	10	8	12
24834	0	20	5
24835	6	16	8
24836	7	0	20
24837	8	3	1
24838	3	14	5
24839	16	17	11
24840	15	4	3
24841	9	16	18
24842	7	3	11
24843	14	7	0
24844	16	17	12
24845	6	13	7
24846	16	19	18
24847	3	8	11
24848	12	9	18
24849	7	5	11
24850	9	0	6
24851	13	15	3
24852	18	1	0
24853	16	15	14
24854	16	15	11
24855	4	7	8
24856	2	15	3
24857	10	1	16
24858	1	19	18
24859	9	19	20
24860	17	8	2
24861	5	0	9
24862	6	11	15
24863	8	12	0
24864	10	2	20
24865	5	1	9
24866	9	16	20
24867	19	11	8
24868	15	5	10
24869	18	15	0
24870	14	0	1
24871	16	4	5
24872	4	20	19
24873	5	16	15
24874	10	12	20
24875	20	0	12
24876	9	8	3
24877	16	3	15
24878	15	17	1
24879	8	4	0
24880	3	4	6
24881	16	10	19
24882	9	12	14
24883	20	4	8
24884	5	16	15
24885	20	9	8
24886	13	2	11
24887	18	4	11
24888	5	12	20
24889	14	16	5
24890	6	0	13
24891	20	3	6
24892	11	6	8
24893	3	11	4
24894	9	2	6
24895	1	7	19
24896	14	7	10
24897	10	5	7
24898	16	4	3
24899	14	4	3
24900	9	12	13
24901	3	1	16
24902	2	17	9
24903	18	15	10
24904	3	9	14
24905	17	5	13
24906	14	18	8
24907	5	2	4
24908	7	1	14
24909	0	15	20
24910	16	13	15
24911	16	14	17
24912	7	2	14
24913	9	0	20
24914	20	13	19
24915	15	11	6
24916	16	15	17
24917	18	4	8
24918	4	1	11
24919	12	16	13
24920	15	17	6
24921	15	13	14
24922	9	1	2
24923	12	14	6
24924	10	14	3
24925	6	18	8
24926	12	10	1
24927	6	20	9
24928	11	16	8
24929	9	7	8
24930	16	18	15
24931	1	2	5
24932	10	18	1
24933	3	8	11
24934	9	4	5
24935	20	5	2
24936	14	19	12
24937	6	15	2
24938	12	4	18
24939	14	3	15
24940	9	14	15
24941	13	20	4
24942	17	13	19
24943	5	14	16
24944	18	12	10
24945	3	14	11
24946	9	2	12
24947	8	11	9
24948	0	7	15
24949	2	13	6
24950	0	10	20
24951	4	20	8
24952	20	12	11
24953	2	15	10
24954	17	11	10
24955	4	9	0
24956	4	8	2
24957	13	3	6
24958	18	2	9
24959	11	14	1
24960	18	9	12
24961	0	2	13
24962	5	7	3
24963	18	14	11
24964	12	5	2
24965	3	1	20
24966	8	18	2
24967	6	14	3
24968	0	17	11
24969	13	0	5
24970	15	9	11
24971	6	2	17
24972	9	5	1
24973	2	13	10
24974	14	20	6
24975	2	15	19
24976	0	2	18
24977	19	10	20
24978	14	20	5
24979	17	20	19
24980	4	19	15
24981	15	12	9
24982	3	9	4
24983	11	19	13
24984	13	4	17
24985	14	9	11
24986	2	9	0
24987	14	20	9
24988	11	5	9
24989	18	4	15
24990	1	17	9
24991	20	16	1
24992	1	0	6
24993	20	12	9
24994	9	10	20
24995	14	7	17
24996	13	8	1
24997	5	3	17
24998	6	4	11
24999	18	16	15
25000	16	2	6
25001	14	1	17
25002	16	8	1
25003	18	19	4
25004	16	18	7
25005	16	1	10
25006	13	7	12
25007	5	14	8
25008	8	0	20
25009	12	20	16
25010	0	9	10
25011	7	11	6
25012	12	11	14
25013	3	17	19
25014	20	18	2
25015	8	3	15
25016	3	8	5
25017	19	0	7
25018	19	12	14
25019	14	0	20
25020	7	19	5
25021	8	20	17
25022	11	19	9
25023	18	16	6
25024	5	4	6
25025	7	1	5
25026	9	20	4
25027	1	10	17
25028	3	8	2
25029	2	8	7
25030	9	7	1
25031	18	3	8
25032	0	17	20
25033	9	11	19
25034	19	6	9
25035	10	12	6
25036	8	15	3
25037	18	4	15
25038	2	9	3
25039	9	20	1
25040	12	18	20
25041	13	7	16
25042	14	1	0
25043	15	17	1
25044	7	3	18
25045	2	5	16
25046	17	2	12
25047	17	5	3
25048	12	2	18
25049	10	20	9
25050	16	2	0
25051	1	15	20
25052	14	11	12
25053	4	17	15
25054	9	4	0
25055	12	4	7
25056	4	12	3
25057	18	6	7
25058	8	15	0
25059	1	7	12
25060	3	11	18
25061	11	18	17
25062	14	5	7
25063	4	17	5
25064	9	2	5
25065	7	8	0
25066	18	4	15
25067	1	18	19
25068	12	18	14
25069	12	16	10
25070	2	20	6
25071	1	20	14
25072	13	5	6
25073	2	8	5
25074	17	19	7
25075	20	10	18
25076	0	20	3
25077	14	3	4
25078	2	6	8
25079	1	17	10
25080	16	9	6
25081	12	13	17
25082	14	10	20
25083	17	3	1
25084	15	0	16
25085	8	12	7
25086	7	19	12
25087	18	14	19
25088	20	8	11
25089	15	4	9
25090	0	20	1
25091	20	7	1
25092	2	0	9
25093	20	11	8
25094	10	15	1
25095	17	9	5
25096	14	15	2
25097	13	6	1
25098	6	10	2
25099	8	0	7
25100	10	16	2
25101	18	20	0
25102	16	9	14
25103	10	2	4
25104	13	14	11
25105	18	16	9
25106	20	3	4
25107	2	6	16
25108	11	7	15
25109	20	18	7
25110	1	17	15
25111	9	16	12
25112	5	17	15
25113	17	16	6
25114	13	19	15
25115	18	1	14
25116	6	1	10
25117	10	8	5
25118	20	3	1
25119	1	9	17
25120	11	2	10
25121	9	0	5
25122	10	13	4
25123	17	6	8
25124	9	12	8
25125	6	3	7
25126	13	16	0
25127	3	5	15
25128	10	1	3
25129	6	5	0
25130	19	20	3
25131	4	17	5
25132	14	3	0
25133	4	18	11
25134	17	18	14
25135	8	3	4
25136	10	1	9
25137	0	5	10
25138	15	16	2
25139	16	20	9
25140	6	1	16
25141	4	13	2
25142	18	2	14
25143	8	14	11
25144	14	16	13
25145	7	13	15
25146	17	10	4
25147	18	3	19
25148	16	15	7
25149	7	13	20
25150	16	11	12
25151	8	17	9
25152	19	16	9
25153	20	10	1
25154	9	20	8
25155	5	15	9
25156	7	14	0
25157	9	7	15
25158	9	0	2
25159	5	7	10
25160	12	5	8
25161	9	4	0
25162	8	15	18
25163	13	14	16
25164	2	3	18
25165	10	8	11
25166	19	17	10
25167	7	11	16
25168	5	7	10
25169	14	8	11
25170	6	3	10
25171	18	9	3
25172	4	12	5
25173	8	10	7
25174	20	5	7
25175	15	19	18
25176	16	13	9
25177	8	20	14
25178	9	18	12
25179	6	4	1
25180	6	7	11
25181	15	19	17
25182	20	12	18
25183	12	18	10
25184	16	9	17
25185	13	8	0
25186	16	20	9
25187	8	9	0
25188	12	3	19
25189	18	6	7
25190	5	20	12
25191	5	3	4
25192	14	20	6
25193	9	0	14
25194	19	5	4
25195	0	13	8
25196	19	17	20
25197	10	9	16
25198	16	15	2
25199	14	0	11
25200	9	20	2
25201	15	13	5
25202	17	8	9
25203	4	12	7
25204	0	8	3
25205	4	14	1
25206	17	4	0
25207	8	13	18
25208	19	12	1
25209	9	8	4
25210	19	15	18
25211	18	15	5
25212	9	2	13
25213	9	15	6
25214	15	3	11
25215	13	0	3
25216	5	10	16
25217	0	7	6
25218	2	17	8
25219	0	3	15
25220	9	14	3
25221	19	15	6
25222	15	6	9
25223	9	13	1
25224	10	18	1
25225	6	0	1
25226	12	11	2
25227	18	19	6
25228	16	2	3
25229	19	15	16
25230	10	2	6
25231	7	12	19
25232	3	19	14
25233	1	7	17
25234	19	9	11
25235	13	17	11
25236	19	2	7
25237	20	7	4
25238	0	9	8
25239	18	20	6
25240	2	14	8
25241	3	5	11
25242	11	6	0
25243	15	19	10
25244	12	16	2
25245	6	9	0
25246	7	17	4
25247	20	4	8
25248	5	4	15
25249	19	11	16
25250	17	12	16
25251	5	18	11
25252	16	1	4
25253	18	7	3
25254	1	2	17
25255	0	19	17
25256	10	17	14
25257	20	4	1
25258	11	2	12
25259	16	17	5
25260	18	12	4
25261	11	8	18
25262	14	17	18
25263	17	2	20
25264	3	9	7
25265	1	5	4
25266	18	7	10
25267	0	4	14
25268	19	8	3
25269	0	15	2
25270	10	19	4
25271	18	6	8
25272	11	8	20
25273	17	5	3
25274	20	15	9
25275	16	6	8
25276	17	8	5
25277	4	14	15
25278	2	12	8
25279	4	3	1
25280	3	4	19
25281	5	15	10
25282	8	5	2
25283	3	13	1
25284	6	17	5
25285	2	18	9
25286	3	4	9
25287	15	4	12
25288	13	8	9
25289	18	15	6
25290	18	4	20
25291	5	18	14
25292	3	15	5
25293	17	7	10
25294	14	19	1
25295	1	15	12
25296	1	17	7
25297	7	8	18
25298	8	4	12
25299	11	3	19
25300	0	15	6
25301	7	17	15
25302	19	11	15
25303	18	9	0
25304	6	10	12
25305	16	2	10
25306	19	14	10
25307	17	5	8
25308	5	12	11
25309	20	2	0
25310	9	12	11
25311	4	20	0
25312	12	13	3
25313	14	13	19
25314	14	6	20
25315	15	17	16
25316	11	13	5
25317	17	2	20
25318	1	6	5
25319	14	12	3
25320	7	17	15
25321	2	19	4
25322	13	0	3
25323	15	0	4
25324	17	19	6
25325	14	2	12
25326	2	3	12
25327	16	4	14
25328	6	8	19
25329	7	13	20
25330	0	10	12
25331	1	4	17
25332	10	6	1
25333	5	10	15
25334	18	10	12
25335	2	7	9
25336	5	18	11
25337	12	15	3
25338	4	20	8
25339	5	7	2
25340	15	8	2
25341	14	8	0
25342	1	20	8
25343	18	20	5
25344	9	11	13
25345	12	4	0
25346	14	7	4
25347	10	3	2
25348	16	8	15
25349	5	19	13
25350	5	3	0
25351	12	18	16
25352	3	1	7
25353	10	14	8
25354	7	9	2
25355	11	9	5
25356	19	16	8
25357	3	18	2
25358	13	19	2
25359	20	11	3
25360	8	3	15
25361	8	12	19
25362	6	18	14
25363	6	15	7
25364	4	6	11
25365	11	18	10
25366	9	5	6
25367	8	4	16
25368	14	2	11
25369	9	18	1
25370	14	10	4
25371	11	7	0
25372	17	1	3
25373	3	8	14
25374	9	8	4
25375	1	2	17
25376	19	18	15
25377	19	1	10
25378	0	19	7
25379	20	3	1
25380	8	19	13
25381	12	13	1
25382	19	11	14
25383	6	11	0
25384	2	11	19
25385	18	16	10
25386	20	11	4
25387	3	2	0
25388	6	19	3
25389	10	3	7
25390	8	14	20
25391	20	8	1
25392	1	13	12
25393	1	2	10
25394	5	19	4
25395	14	4	19
25396	5	8	0
25397	2	12	11
25398	19	13	16
25399	14	8	0
25400	0	18	2
25401	9	4	18
25402	20	12	4
25403	17	13	3
25404	11	4	5
25405	17	15	14
25406	3	11	6
25407	19	5	2
25408	3	9	5
25409	14	9	17
25410	14	19	12
25411	20	0	13
25412	9	5	12
25413	14	3	6
25414	20	11	0
25415	19	15	8
25416	0	17	9
25417	15	9	1
25418	10	2	4
25419	19	1	2
25420	3	17	7
25421	1	0	2
25422	16	8	11
25423	20	15	16
25424	6	9	7
25425	11	20	2
25426	15	13	20
25427	6	19	20
25428	14	8	20
25429	4	5	14
25430	0	15	20
25431	1	11	5
25432	9	10	15
25433	19	15	9
25434	12	13	0
25435	18	2	7
25436	11	6	12
25437	15	2	17
25438	4	9	11
25439	3	0	5
25440	10	0	14
25441	19	9	18
25442	14	12	4
25443	10	3	8
25444	17	3	4
25445	17	7	9
25446	10	20	5
25447	13	9	14
25448	7	16	20
25449	7	13	0
25450	10	9	4
25451	7	1	4
25452	7	16	1
25453	7	0	18
25454	8	2	19
25455	9	16	0
25456	19	20	17
25457	15	1	11
25458	1	0	14
25459	3	6	12
25460	20	1	8
25461	0	11	20
25462	9	1	12
25463	9	2	8
25464	8	15	16
25465	20	1	12
25466	17	8	6
25467	13	4	2
25468	17	14	19
25469	0	13	17
25470	7	2	16
25471	0	3	19
25472	16	20	0
25473	9	16	15
25474	10	8	11
25475	5	0	3
25476	20	19	12
25477	7	15	2
25478	7	0	2
25479	9	14	5
25480	6	8	1
25481	16	18	0
25482	9	16	7
25483	3	6	1
25484	14	7	15
25485	1	15	20
25486	17	3	2
25487	5	17	7
25488	2	1	8
25489	4	19	9
25490	1	20	8
25491	3	1	0
25492	17	12	7
25493	5	13	0
25494	20	4	14
25495	14	9	0
25496	8	16	19
25497	19	20	11
25498	17	3	5
25499	13	7	17
25500	18	9	7
25501	3	7	13
25502	2	6	3
25503	9	11	6
25504	3	12	0
25505	1	11	5
25506	18	17	13
25507	10	20	16
25508	7	20	6
25509	2	0	18
25510	7	13	18
25511	4	8	20
25512	4	8	6
25513	0	10	12
25514	3	2	11
25515	1	5	3
25516	0	6	3
25517	12	19	9
25518	18	7	8
25519	15	2	1
25520	3	14	6
25521	14	9	2
25522	17	19	6
25523	8	4	11
25524	2	5	1
25525	20	15	8
25526	19	0	20
25527	0	5	6
25528	16	6	12
25529	13	18	7
25530	7	0	6
25531	0	15	9
25532	1	8	17
25533	20	9	2
25534	8	16	19
25535	17	14	16
25536	8	2	9
25537	10	6	1
25538	6	11	18
25539	2	8	18
25540	19	1	10
25541	6	13	8
25542	16	18	19
25543	5	11	19
25544	18	9	5
25545	6	19	14
25546	15	14	12
25547	1	14	0
25548	20	11	0
25549	20	0	11
25550	14	0	6
25551	15	13	7
25552	16	20	15
25553	2	17	14
25554	3	2	7
25555	0	13	9
25556	6	11	17
25557	1	20	15
25558	13	3	4
25559	3	12	18
25560	5	20	1
25561	11	6	8
25562	5	3	17
25563	9	5	2
25564	0	8	3
25565	2	9	16
25566	10	11	5
25567	4	0	18
25568	6	19	17
25569	1	12	0
25570	3	5	13
25571	5	0	12
25572	20	6	2
25573	4	9	19
25574	12	13	9
25575	2	14	10
25576	1	11	2
25577	6	9	19
25578	8	12	9
25579	0	9	4
25580	14	10	11
25581	14	19	11
25582	10	13	11
25583	0	18	3
25584	0	12	18
25585	0	10	1
25586	6	4	8
25587	6	12	5
25588	16	8	9
25589	10	15	4
25590	13	1	12
25591	3	1	11
25592	0	19	20
25593	14	10	2
25594	8	0	11
25595	5	17	18
25596	0	3	4
25597	13	5	1
25598	10	1	6
25599	5	3	18
25600	5	17	4
25601	5	8	13
25602	3	18	20
25603	4	13	2
25604	15	13	1
25605	11	2	10
25606	15	13	18
25607	10	16	3
25608	9	7	20
25609	3	9	17
25610	17	4	8
25611	16	4	19
25612	14	16	10
25613	15	8	20
25614	10	16	3
25615	15	12	16
25616	6	4	10
25617	17	10	19
25618	8	19	11
25619	14	6	0
25620	5	3	4
25621	12	2	19
25622	10	6	20
25623	9	18	13
25624	15	10	8
25625	20	0	13
25626	4	8	0
25627	12	8	14
25628	5	7	19
25629	0	16	10
25630	20	14	12
25631	17	4	19
25632	13	9	16
25633	2	10	6
25634	19	11	3
25635	16	12	19
25636	16	5	6
25637	19	13	10
25638	14	13	5
25639	15	1	5
25640	18	13	14
25641	17	20	7
25642	14	8	3
25643	9	19	12
25644	15	4	10
25645	6	12	3
25646	20	8	15
25647	6	11	0
25648	7	10	20
25649	17	16	5
25650	17	16	4
25651	2	19	14
25652	12	4	8
25653	1	15	0
25654	12	14	10
25655	10	13	1
25656	20	2	15
25657	17	12	6
25658	19	14	3
25659	10	19	12
25660	4	13	3
25661	16	7	13
25662	7	19	9
25663	9	13	20
25664	12	5	1
25665	8	1	0
25666	11	19	14
25667	0	17	20
25668	16	10	4
25669	7	2	9
25670	12	7	17
25671	10	20	2
25672	10	7	9
25673	11	3	1
25674	9	10	13
25675	16	10	14
25676	14	20	3
25677	18	11	15
25678	6	12	14
25679	11	6	15
25680	12	14	19
25681	13	16	20
25682	6	15	18
25683	9	13	5
25684	7	12	4
25685	11	14	15
25686	4	20	16
25687	13	12	4
25688	1	12	6
25689	14	18	1
25690	11	18	1
25691	2	10	17
25692	10	19	3
25693	5	3	4
25694	17	18	5
25695	6	20	0
25696	3	19	9
25697	16	5	17
25698	10	4	5
25699	7	0	12
25700	16	0	12
25701	3	5	16
25702	7	13	16
25703	5	17	10
25704	9	17	10
25705	8	0	2
25706	19	20	1
25707	11	16	12
25708	17	20	19
25709	9	3	4
25710	15	17	7
25711	2	4	19
25712	13	8	10
25713	6	19	4
25714	19	14	7
25715	12	4	20
25716	12	8	1
25717	11	1	16
25718	18	0	11
25719	10	19	2
25720	7	2	18
25721	7	15	4
25722	5	8	0
25723	3	14	0
25724	13	9	11
25725	6	9	4
25726	14	11	7
25727	5	20	7
25728	20	2	18
25729	16	14	2
25730	5	10	2
25731	15	1	6
25732	2	0	4
25733	1	10	3
25734	7	2	12
25735	18	6	14
25736	20	1	7
25737	15	20	4
25738	18	20	10
25739	18	15	10
25740	16	18	14
25741	13	9	18
25742	6	3	18
25743	9	12	10
25744	14	12	3
25745	17	20	8
25746	0	15	20
25747	4	13	18
25748	15	4	3
25749	0	13	8
25750	13	19	6
25751	3	14	18
25752	4	19	13
25753	14	17	19
25754	15	19	14
25755	8	9	11
25756	13	10	7
25757	7	12	15
25758	11	10	6
25759	10	16	17
25760	1	2	4
25761	3	9	4
25762	6	1	11
25763	6	1	17
25764	18	3	11
25765	8	1	17
25766	0	10	19
25767	13	12	17
25768	18	12	9
25769	14	9	19
25770	17	5	7
25771	17	1	4
25772	20	4	9
25773	8	12	14
25774	13	10	7
25775	5	12	13
25776	17	2	10
25777	18	15	6
25778	7	18	8
25779	8	18	19
25780	9	0	15
25781	19	16	13
25782	18	14	12
25783	20	19	9
25784	15	17	16
25785	13	5	9
25786	3	18	16
25787	14	10	9
25788	15	8	18
25789	17	11	13
25790	1	17	3
25791	17	19	10
25792	18	13	8
25793	17	12	19
25794	12	13	18
25795	14	0	17
25796	5	9	0
25797	2	10	18
25798	0	3	9
25799	15	5	16
25800	3	7	5
25801	12	19	5
25802	4	2	16
25803	6	11	18
25804	1	15	0
25805	19	5	2
25806	6	18	5
25807	19	12	3
25808	11	9	8
25809	10	2	20
25810	11	10	17
25811	7	0	12
25812	2	1	11
25813	20	16	19
25814	2	3	16
25815	6	18	19
25816	17	2	15
25817	7	11	0
25818	19	11	15
25819	15	7	2
25820	9	20	11
25821	13	8	1
25822	3	0	16
25823	17	9	16
25824	0	7	11
25825	5	6	15
25826	16	11	6
25827	18	1	17
25828	3	8	2
25829	17	2	6
25830	14	11	9
25831	13	9	4
25832	18	2	0
25833	3	1	17
25834	9	2	1
25835	20	15	19
25836	20	14	4
25837	5	1	15
25838	13	5	17
25839	0	17	1
25840	3	8	2
25841	12	3	0
25842	3	0	19
25843	19	16	1
25844	12	10	13
25845	1	12	5
25846	15	5	20
25847	13	6	7
25848	5	12	7
25849	9	15	14
25850	15	7	12
25851	19	15	6
25852	14	0	19
25853	15	2	3
25854	0	15	8
25855	15	18	9
25856	5	9	14
25857	20	5	11
25858	13	7	16
25859	4	7	10
25860	1	14	10
25861	4	0	13
25862	7	2	4
25863	6	12	13
25864	5	2	9
25865	20	10	4
25866	17	8	11
25867	13	4	19
25868	16	14	19
25869	4	19	9
25870	11	9	5
25871	2	13	12
25872	1	12	4
25873	11	16	9
25874	19	0	12
25875	5	11	1
25876	20	16	9
25877	3	2	20
25878	14	3	7
25879	4	7	11
25880	9	11	20
25881	13	11	5
25882	14	15	16
25883	6	19	11
25884	18	8	13
25885	9	5	6
25886	16	9	11
25887	2	7	10
25888	11	13	6
25889	1	8	11
25890	1	7	0
25891	0	17	10
25892	2	15	6
25893	19	5	9
25894	10	17	5
25895	0	19	1
25896	6	16	8
25897	1	19	11
25898	17	3	0
25899	13	17	14
25900	8	9	10
25901	15	0	9
25902	5	10	20
25903	17	5	10
25904	2	5	19
25905	17	11	20
25906	6	0	11
25907	9	15	1
25908	5	14	13
25909	1	0	2
25910	10	8	7
25911	15	20	0
25912	19	9	15
25913	8	11	9
25914	20	16	11
25915	15	19	1
25916	15	2	13
25917	9	5	16
25918	17	2	16
25919	6	0	17
25920	19	17	7
25921	16	15	11
25922	3	17	4
25923	1	20	19
25924	14	10	11
25925	8	0	3
25926	5	16	13
25927	20	3	5
25928	12	2	19
25929	17	7	19
25930	16	12	8
25931	6	10	7
25932	10	0	6
25933	4	17	19
25934	18	11	5
25935	17	20	4
25936	14	13	11
25937	2	6	14
25938	17	7	5
25939	5	3	10
25940	12	1	14
25941	18	6	0
25942	19	6	9
25943	4	7	12
25944	3	12	2
25945	14	17	13
25946	0	20	3
25947	20	1	18
25948	10	16	19
25949	8	1	3
25950	0	7	5
25951	2	8	4
25952	17	12	11
25953	12	6	1
25954	3	15	4
25955	19	14	2
25956	20	11	16
25957	3	15	20
25958	16	8	2
25959	18	1	12
25960	12	11	5
25961	18	0	9
25962	16	9	4
25963	4	17	3
25964	12	5	8
25965	8	17	4
25966	7	0	11
25967	9	2	20
25968	1	17	15
25969	17	8	9
25970	11	17	2
25971	13	6	1
25972	11	18	1
25973	16	3	0
25974	2	16	13
25975	14	0	12
25976	17	10	4
25977	5	9	0
25978	4	11	19
25979	13	3	8
25980	18	17	13
25981	7	20	12
25982	3	13	8
25983	4	2	19
25984	20	7	6
25985	11	7	4
25986	13	15	4
25987	5	14	11
25988	17	14	3
25989	14	10	4
25990	14	2	9
25991	19	11	18
25992	15	3	16
25993	6	7	12
25994	6	19	15
25995	10	1	16
25996	12	16	1
25997	2	9	1
25998	12	7	19
25999	7	15	11
26000	13	17	3
26001	14	0	13
26002	19	6	17
26003	6	10	17
26004	6	9	5
26005	19	15	3
26006	8	14	16
26007	10	4	11
26008	3	2	9
26009	20	3	11
26010	5	6	3
26011	16	19	7
26012	16	14	1
26013	13	17	16
26014	15	1	17
26015	19	14	18
26016	13	12	0
26017	6	20	14
26018	7	3	1
26019	15	11	0
26020	2	9	18
26021	0	10	9
26022	20	5	1
26023	17	15	0
26024	8	5	2
26025	2	12	16
26026	20	0	18
26027	17	3	8
26028	20	17	7
26029	4	0	10
26030	2	6	8
26031	7	5	6
26032	11	18	2
26033	0	3	16
26034	13	18	20
26035	5	16	19
26036	12	0	9
26037	17	16	20
26038	12	17	16
26039	6	19	2
26040	15	3	6
26041	2	10	18
26042	2	9	13
26043	15	11	7
26044	2	14	5
26045	3	9	1
26046	4	10	2
26047	1	5	6
26048	13	12	17
26049	18	16	13
26050	18	5	15
26051	0	19	17
26052	14	9	1
26053	19	15	2
26054	18	4	0
26055	5	6	9
26056	3	9	5
26057	18	11	19
26058	13	2	0
26059	17	16	3
26060	3	0	19
26061	4	10	12
26062	14	19	2
26063	11	8	4
26064	19	16	1
26065	2	7	10
26066	1	3	5
26067	7	20	13
26068	2	15	19
26069	12	2	9
26070	9	12	0
26071	17	0	9
26072	1	16	12
26073	13	8	1
26074	14	17	15
26075	16	1	10
26076	0	18	1
26077	0	12	10
26078	7	1	5
26079	20	2	8
26080	12	6	1
26081	14	12	2
26082	3	16	20
26083	10	3	15
26084	2	9	5
26085	0	10	17
26086	8	18	9
26087	14	8	2
26088	5	6	4
26089	16	13	8
26090	8	1	9
26091	1	14	19
26092	5	2	19
26093	12	0	16
26094	5	9	20
26095	14	18	3
26096	5	18	4
26097	20	3	11
26098	10	2	12
26099	12	17	13
26100	4	9	3
26101	12	20	19
26102	4	10	16
26103	0	15	17
26104	8	11	9
26105	19	10	1
26106	5	6	16
26107	20	6	5
26108	19	5	16
26109	18	16	2
26110	18	5	11
26111	6	9	13
26112	14	0	17
26113	4	0	14
26114	19	14	9
26115	13	0	9
26116	17	7	20
26117	11	10	4
26118	9	11	15
26119	6	13	5
26120	2	20	4
26121	4	13	7
26122	11	10	7
26123	0	9	20
26124	18	16	14
26125	2	15	16
26126	5	1	17
26127	13	5	20
26128	15	20	14
26129	15	4	8
26130	17	2	11
26131	3	5	9
26132	12	18	20
26133	13	9	4
26134	9	20	1
26135	10	2	9
26136	1	4	17
26137	14	12	10
26138	3	14	10
26139	11	19	5
26140	3	17	20
26141	8	14	0
26142	6	10	7
26143	4	20	15
26144	13	7	6
26145	10	12	4
26146	15	11	6
26147	12	0	3
26148	8	15	11
26149	1	13	9
26150	18	19	20
26151	4	18	13
26152	3	1	6
26153	13	7	20
26154	4	2	7
26155	18	20	7
26156	9	0	4
26157	12	11	8
26158	18	13	4
26159	16	4	20
26160	15	16	12
26161	10	6	8
26162	16	1	6
26163	10	4	3
26164	5	19	8
26165	4	17	7
26166	17	7	16
26167	16	19	4
26168	8	7	12
26169	3	16	15
26170	19	2	9
26171	2	4	11
26172	12	7	2
26173	6	16	10
26174	6	14	20
26175	7	6	8
26176	8	10	7
26177	1	2	13
26178	15	20	2
26179	18	0	19
26180	16	19	20
26181	16	7	20
26182	16	1	7
26183	18	19	5
26184	6	9	2
26185	19	0	15
26186	13	1	5
26187	7	16	5
26188	8	15	11
26189	19	15	20
26190	8	17	1
26191	5	4	1
26192	13	19	6
26193	6	4	17
26194	19	17	3
26195	12	7	18
26196	15	4	1
26197	10	20	17
26198	0	10	5
26199	20	13	8
26200	0	3	10
26201	15	13	9
26202	16	13	11
26203	0	18	14
26204	3	14	5
26205	9	18	10
26206	8	6	15
26207	2	16	8
26208	12	4	13
26209	20	12	19
26210	18	16	2
26211	20	19	15
26212	15	11	16
26213	0	7	1
26214	2	9	6
26215	18	20	3
26216	5	8	4
26217	2	0	15
26218	19	16	9
26219	20	10	12
26220	14	18	11
26221	13	17	19
26222	7	6	9
26223	10	1	8
26224	7	8	0
26225	3	0	14
26226	19	15	7
26227	20	10	8
26228	6	20	15
26229	20	3	15
26230	5	16	7
26231	20	6	15
26232	19	20	10
26233	3	12	6
26234	7	6	17
26235	7	10	6
26236	1	4	19
26237	2	15	3
26238	19	6	12
26239	6	3	4
26240	2	10	4
26241	13	10	4
26242	2	0	10
26243	20	15	18
26244	5	13	12
26245	2	1	13
26246	0	8	1
26247	0	16	20
26248	13	12	0
26249	11	12	0
26250	3	7	4
26251	1	14	0
26252	2	7	12
26253	18	2	0
26254	1	2	13
26255	13	10	7
26256	12	4	6
26257	19	15	20
26258	20	19	4
26259	11	0	20
26260	10	16	0
26261	7	3	17
26262	2	3	14
26263	14	18	5
26264	0	9	17
26265	13	20	15
26266	18	15	17
26267	19	5	7
26268	11	1	8
26269	8	13	10
26270	1	15	5
26271	2	3	7
26272	9	5	13
26273	0	11	6
26274	1	14	0
26275	11	19	16
26276	13	8	12
26277	9	10	11
26278	9	5	7
26279	4	0	1
26280	5	10	4
26281	9	11	4
26282	17	6	7
26283	7	1	3
26284	1	16	6
26285	16	18	4
26286	5	3	17
26287	16	6	14
26288	6	13	15
26289	2	14	7
26290	6	18	0
26291	14	7	1
26292	20	10	0
26293	18	5	4
26294	18	17	10
26295	12	19	17
26296	8	14	10
26297	16	18	6
26298	17	16	4
26299	14	8	10
26300	19	5	14
26301	20	17	2
26302	11	20	8
26303	4	18	10
26304	14	5	7
26305	11	16	9
26306	16	15	14
26307	3	6	15
26308	0	8	18
26309	11	7	6
26310	0	13	17
26311	7	9	0
26312	10	18	13
26313	16	15	17
26314	16	3	13
26315	17	19	10
26316	19	14	17
26317	16	10	11
26318	0	7	13
26319	9	14	15
26320	14	3	15
26321	19	5	17
26322	0	14	5
26323	17	19	15
26324	10	1	20
26325	18	11	2
26326	9	4	10
26327	3	20	4
26328	18	13	8
26329	2	18	4
26330	13	4	9
26331	5	18	12
26332	20	13	12
26333	11	15	19
26334	10	8	17
26335	18	14	4
26336	9	20	13
26337	7	12	16
26338	19	4	2
26339	6	18	12
26340	19	8	11
26341	4	13	10
26342	2	15	20
26343	13	20	12
26344	13	7	17
26345	6	20	17
26346	15	17	9
26347	2	5	3
26348	1	13	4
26349	20	10	1
26350	10	8	14
26351	7	15	8
26352	12	7	16
26353	1	6	9
26354	10	16	1
26355	19	2	3
26356	4	2	12
26357	8	7	15
26358	16	13	0
26359	11	13	6
26360	9	15	17
26361	18	14	7
26362	17	1	4
26363	9	14	15
26364	17	3	9
26365	2	11	15
26366	14	8	13
26367	9	15	7
26368	15	6	8
26369	9	17	20
26370	16	9	6
26371	1	11	17
26372	0	4	1
26373	4	16	8
26374	10	20	11
26375	16	18	13
26376	17	19	15
26377	16	11	15
26378	6	8	9
26379	9	6	17
26380	20	6	16
26381	8	13	5
26382	3	15	1
26383	2	12	4
26384	14	6	7
26385	13	20	9
26386	17	8	12
26387	8	4	12
26388	18	3	14
26389	19	16	6
26390	14	13	0
26391	15	7	12
26392	6	12	16
26393	15	1	9
26394	20	19	2
26395	4	14	13
26396	11	8	10
26397	9	5	14
26398	7	11	15
26399	6	19	1
26400	19	9	15
26401	7	6	15
26402	17	20	0
26403	9	17	18
26404	12	1	18
26405	10	1	4
26406	7	16	5
26407	11	16	7
26408	5	2	4
26409	0	19	4
26410	4	6	15
26411	10	12	18
26412	5	3	20
26413	15	13	3
26414	2	16	5
26415	7	18	12
26416	16	7	14
26417	6	0	11
26418	13	8	4
26419	15	14	12
26420	19	20	8
26421	12	6	19
26422	1	17	6
26423	12	0	4
26424	3	8	16
26425	16	15	12
26426	18	16	0
26427	4	5	13
26428	16	7	12
26429	15	12	11
26430	1	0	18
26431	19	18	16
26432	10	20	4
26433	8	15	7
26434	14	16	17
26435	0	16	15
26436	18	20	17
26437	17	3	7
26438	2	12	13
26439	2	4	8
26440	9	10	3
26441	20	12	15
26442	6	12	2
26443	15	10	5
26444	3	2	5
26445	7	2	15
26446	5	2	11
26447	18	20	19
26448	15	19	16
26449	18	11	7
26450	7	2	17
26451	11	7	20
26452	4	9	13
26453	20	2	15
26454	11	7	19
26455	16	15	8
26456	19	17	16
26457	6	16	18
26458	16	11	10
26459	16	6	18
26460	16	0	1
26461	5	14	15
26462	5	10	11
26463	5	12	0
26464	12	16	14
26465	14	9	18
26466	14	1	18
26467	14	20	1
26468	2	7	14
26469	1	15	14
26470	20	10	8
26471	6	10	8
26472	8	4	16
26473	5	16	15
26474	3	1	14
26475	20	10	4
26476	8	12	7
26477	18	16	12
26478	7	17	18
26479	9	17	16
26480	12	16	19
26481	6	20	12
26482	15	12	20
26483	5	16	10
26484	14	18	3
26485	13	3	6
26486	11	13	10
26487	0	9	12
26488	10	3	9
26489	1	14	15
26490	8	18	15
26491	11	1	19
26492	18	8	13
26493	1	16	0
26494	3	18	2
26495	18	9	7
26496	1	5	8
26497	10	2	9
26498	7	3	12
26499	4	1	3
26500	13	15	1
26501	12	20	7
26502	9	19	10
26503	4	16	12
26504	11	2	15
26505	20	12	1
26506	0	6	12
26507	3	0	10
26508	14	16	17
26509	6	19	9
26510	1	20	15
26511	12	17	13
26512	20	2	4
26513	2	18	19
26514	4	8	15
26515	5	3	1
26516	13	3	6
26517	5	18	19
26518	7	4	3
26519	6	0	10
26520	3	10	14
26521	3	11	1
26522	7	11	19
26523	8	18	9
26524	11	12	1
26525	5	11	1
26526	6	10	11
26527	1	9	0
26528	6	2	11
26529	8	20	1
26530	19	8	10
26531	3	11	1
26532	15	0	2
26533	11	8	9
26534	8	12	0
26535	14	6	9
26536	20	2	0
26537	14	8	5
26538	10	4	0
26539	9	2	20
26540	6	13	20
26541	13	4	17
26542	8	10	2
26543	17	20	2
26544	8	19	14
26545	12	8	14
26546	14	7	5
26547	5	12	18
26548	0	1	7
26549	9	0	18
26550	4	1	0
26551	13	7	18
26552	17	15	1
26553	12	1	7
26554	6	10	0
26555	11	20	8
26556	15	11	1
26557	14	3	18
26558	5	7	13
26559	5	0	4
26560	15	1	13
26561	11	4	3
26562	5	17	2
26563	7	10	15
26564	20	0	1
26565	5	19	20
26566	8	13	19
26567	15	4	13
26568	20	4	2
26569	19	7	18
26570	17	1	4
26571	20	0	2
26572	2	14	1
26573	4	17	20
26574	14	2	19
26575	2	11	13
26576	14	13	15
26577	7	4	10
26578	12	11	7
26579	13	5	15
26580	12	5	14
26581	8	14	9
26582	2	11	18
26583	16	9	10
26584	17	16	4
26585	3	16	18
26586	1	15	19
26587	14	16	2
26588	1	20	8
26589	1	3	6
26590	10	17	6
26591	11	7	9
26592	11	19	2
26593	17	20	15
26594	3	10	19
26595	13	4	7
26596	5	7	4
26597	13	1	10
26598	6	5	18
26599	9	18	6
26600	2	11	5
26601	9	20	2
26602	3	13	14
26603	10	7	6
26604	17	13	5
26605	13	16	14
26606	13	7	14
26607	12	16	5
26608	17	16	20
26609	15	6	3
26610	9	13	0
26611	14	11	19
26612	9	5	19
26613	11	12	4
26614	4	3	13
26615	4	13	18
26616	1	10	3
26617	20	11	18
26618	7	3	15
26619	15	4	10
26620	20	11	19
26621	3	4	9
26622	3	0	14
26623	12	19	0
26624	20	17	1
26625	15	0	10
26626	16	4	5
26627	1	11	20
26628	8	6	17
26629	14	2	5
26630	14	5	3
26631	14	19	1
26632	11	6	18
26633	12	15	9
26634	11	13	16
26635	8	19	10
26636	15	20	12
26637	12	2	11
26638	14	7	13
26639	4	14	2
26640	8	20	1
26641	2	13	11
26642	5	7	18
26643	6	0	3
26644	8	17	4
26645	17	0	1
26646	4	16	2
26647	17	5	16
26648	9	10	13
26649	12	10	20
26650	20	3	4
26651	6	2	0
26652	4	19	0
26653	10	5	1
26654	13	6	10
26655	6	0	1
26656	15	6	16
26657	0	4	11
26658	19	7	8
26659	5	6	10
26660	20	7	6
26661	12	2	4
26662	2	1	16
26663	14	9	13
26664	12	1	15
26665	7	13	9
26666	0	17	13
26667	12	13	17
26668	5	20	4
26669	20	18	12
26670	17	8	4
26671	18	3	17
26672	17	0	7
26673	18	7	0
26674	5	15	2
26675	13	14	20
26676	2	15	4
26677	20	16	6
26678	20	3	10
26679	10	12	4
26680	17	1	3
26681	8	2	17
26682	14	7	17
26683	19	3	2
26684	8	4	3
26685	8	13	15
26686	5	6	18
26687	17	6	14
26688	8	19	1
26689	9	19	4
26690	4	7	14
26691	7	9	18
26692	20	16	14
26693	8	4	9
26694	7	14	12
26695	19	0	11
26696	9	6	20
26697	17	12	0
26698	2	3	19
26699	17	7	15
26700	0	1	5
26701	10	17	15
26702	5	4	3
26703	1	15	2
26704	19	7	10
26705	10	9	1
26706	16	10	9
26707	4	7	8
26708	3	19	4
26709	9	10	1
26710	12	2	18
26711	4	8	17
26712	2	8	19
26713	10	7	15
26714	14	3	8
26715	2	6	20
26716	17	4	0
26717	8	13	15
26718	19	6	16
26719	16	14	8
26720	20	17	4
26721	12	3	7
26722	10	6	7
26723	16	10	7
26724	15	17	19
26725	20	13	15
26726	10	1	5
26727	8	3	2
26728	6	9	13
26729	6	2	20
26730	3	7	20
26731	9	13	0
26732	0	9	4
26733	0	11	6
26734	1	19	11
26735	13	18	12
26736	16	1	12
26737	10	14	6
26738	0	5	19
26739	14	9	0
26740	20	11	5
26741	18	6	5
26742	3	12	11
26743	0	7	3
26744	12	6	19
26745	17	16	19
26746	18	5	1
26747	1	0	10
26748	6	10	9
26749	13	6	10
26750	14	6	1
26751	3	14	15
26752	4	1	10
26753	2	7	16
26754	12	0	14
26755	1	0	7
26756	16	9	18
26757	11	17	10
26758	5	11	0
26759	5	7	12
26760	2	10	13
26761	6	0	18
26762	14	16	18
26763	11	9	17
26764	15	4	17
26765	12	20	16
26766	19	11	1
26767	19	4	12
26768	19	1	4
26769	19	12	1
26770	12	17	14
26771	16	0	15
26772	11	9	19
26773	8	7	19
26774	6	1	15
26775	20	5	19
26776	6	20	12
26777	11	18	8
26778	18	0	6
26779	8	2	6
26780	11	15	3
26781	7	20	16
26782	5	15	8
26783	15	0	10
26784	9	5	11
26785	2	6	4
26786	20	9	10
26787	16	13	9
26788	8	9	20
26789	10	7	16
26790	1	2	12
26791	5	17	8
26792	5	15	12
26793	14	1	20
26794	17	5	11
26795	7	12	14
26796	20	6	12
26797	12	3	11
26798	1	14	18
26799	17	3	2
26800	6	10	5
26801	10	2	19
26802	18	12	13
26803	11	8	3
26804	16	14	10
26805	2	11	16
26806	14	0	20
26807	14	9	0
26808	0	4	16
26809	7	0	9
26810	17	13	4
26811	19	13	0
26812	5	3	14
26813	13	6	18
26814	9	12	8
26815	19	3	5
26816	15	3	20
26817	18	3	13
26818	17	3	19
26819	19	12	2
26820	10	20	3
26821	7	13	3
26822	4	19	9
26823	5	9	4
26824	17	1	19
26825	1	0	3
26826	16	6	1
26827	15	6	4
26828	10	11	6
26829	13	12	10
26830	11	17	9
26831	18	0	16
26832	9	18	8
26833	14	16	9
26834	20	18	9
26835	15	7	8
26836	8	1	13
26837	11	10	0
26838	7	17	14
26839	6	18	2
26840	7	5	18
26841	8	0	14
26842	13	6	9
26843	9	15	1
26844	7	12	0
26845	15	17	1
26846	11	16	17
26847	15	6	4
26848	16	4	9
26849	16	6	9
26850	17	14	1
26851	12	10	8
26852	16	20	5
26853	13	4	2
26854	7	4	10
26855	3	11	0
26856	18	12	6
26857	17	4	1
26858	12	6	8
26859	20	15	19
26860	18	14	13
26861	5	3	10
26862	3	18	15
26863	12	16	1
26864	14	20	17
26865	8	9	3
26866	18	6	1
26867	13	5	14
26868	9	7	16
26869	3	14	11
26870	11	16	13
26871	10	16	18
26872	8	13	1
26873	14	20	8
26874	17	15	8
26875	18	11	17
26876	9	1	20
26877	0	6	16
26878	11	18	2
26879	20	11	4
26880	18	19	20
26881	4	10	11
26882	1	2	5
26883	12	2	3
26884	10	18	8
26885	9	7	12
26886	4	7	18
26887	13	17	2
26888	13	16	2
26889	13	4	5
26890	6	19	7
26891	5	0	7
26892	2	11	13
26893	15	20	19
26894	5	14	15
26895	2	3	11
26896	17	14	10
26897	0	19	13
26898	9	6	3
26899	8	6	9
26900	18	1	0
26901	17	1	15
26902	6	10	13
26903	3	19	14
26904	18	13	1
26905	5	7	9
26906	6	15	2
26907	13	5	6
26908	5	1	17
26909	19	1	14
26910	9	19	5
26911	3	7	12
26912	20	5	10
26913	9	18	13
26914	1	13	0
26915	3	1	16
26916	7	11	10
26917	1	10	12
26918	14	10	12
26919	19	20	6
26920	5	6	10
26921	0	6	19
26922	14	17	8
26923	0	5	8
26924	16	12	13
26925	17	0	4
26926	18	7	5
26927	3	17	18
26928	9	16	3
26929	15	7	2
26930	15	13	1
26931	16	6	20
26932	9	18	11
26933	7	19	13
26934	0	5	19
26935	14	4	0
26936	4	10	2
26937	10	7	4
26938	0	18	4
26939	12	20	9
26940	16	2	3
26941	12	14	17
26942	12	13	2
26943	20	10	15
26944	11	2	20
26945	17	12	16
26946	6	10	0
26947	3	17	11
26948	19	15	3
26949	2	9	11
26950	11	3	6
26951	2	10	7
26952	8	0	14
26953	9	18	14
26954	1	7	14
26955	5	17	11
26956	16	13	1
26957	2	1	20
26958	13	11	1
26959	16	11	0
26960	15	17	19
26961	18	10	2
26962	4	2	11
26963	17	18	14
26964	15	3	13
26965	3	11	4
26966	15	12	9
26967	13	5	18
26968	11	1	10
26969	11	15	7
26970	13	12	17
26971	0	8	1
26972	6	5	8
26973	19	17	5
26974	13	4	6
26975	3	10	19
26976	9	12	0
26977	20	4	19
26978	8	11	14
26979	2	18	9
26980	10	7	18
26981	19	9	5
26982	12	18	10
26983	8	14	13
26984	1	3	10
26985	17	11	18
26986	17	15	11
26987	20	18	13
26988	16	6	4
26989	9	2	16
26990	17	8	11
26991	4	8	6
26992	9	16	11
26993	7	19	0
26994	11	15	10
26995	4	8	16
26996	0	20	12
26997	12	19	8
26998	1	0	6
26999	4	10	3
27000	7	19	4
27001	3	13	10
27002	13	1	0
27003	6	10	20
27004	0	9	1
27005	11	12	7
27006	10	17	4
27007	3	15	6
27008	20	14	6
27009	4	0	7
27010	16	18	13
27011	18	9	4
27012	2	12	13
27013	10	9	8
27014	6	19	9
27015	4	11	2
27016	1	20	17
27017	13	11	5
27018	20	13	7
27019	10	14	9
27020	14	17	3
27021	14	18	13
27022	8	20	15
27023	8	9	3
27024	11	19	8
27025	13	8	19
27026	4	10	3
27027	15	17	19
27028	5	18	16
27029	15	17	12
27030	18	11	20
27031	4	17	8
27032	1	4	2
27033	12	20	5
27034	5	14	17
27035	4	12	8
27036	2	19	20
27037	2	17	3
27038	20	17	1
27039	15	18	6
27040	6	8	4
27041	4	7	6
27042	16	20	3
27043	16	12	19
27044	19	5	13
27045	15	6	3
27046	19	14	16
27047	1	10	14
27048	2	19	5
27049	19	5	17
27050	4	6	12
27051	20	15	10
27052	6	20	7
27053	0	20	10
27054	14	18	2
27055	10	11	16
27056	18	5	4
27057	13	10	15
27058	4	15	11
27059	5	19	13
27060	16	8	0
27061	5	8	11
27062	11	4	1
27063	5	9	14
27064	3	13	7
27065	11	18	1
27066	14	20	16
27067	12	5	1
27068	2	3	6
27069	11	19	8
27070	7	1	4
27071	18	1	5
27072	2	0	18
27073	3	9	20
27074	13	17	1
27075	19	20	10
27076	13	1	14
27077	19	16	1
27078	10	0	18
27079	12	11	3
27080	20	16	17
27081	6	12	17
27082	15	8	1
27083	20	18	4
27084	2	11	5
27085	8	6	3
27086	1	19	18
27087	10	14	2
27088	17	13	5
27089	15	17	13
27090	15	3	7
27091	9	18	3
27092	0	14	8
27093	14	12	19
27094	10	18	12
27095	16	10	20
27096	0	9	17
27097	6	2	0
27098	14	17	20
27099	8	4	17
27100	13	1	4
27101	10	16	13
27102	14	17	6
27103	20	11	10
27104	0	9	7
27105	17	12	7
27106	11	14	18
27107	11	0	9
27108	4	12	0
27109	12	3	0
27110	10	2	6
27111	3	6	5
27112	13	5	2
27113	6	18	14
27114	5	20	1
27115	12	14	1
27116	20	10	17
27117	9	12	14
27118	7	9	0
27119	13	4	10
27120	5	1	20
27121	5	0	6
27122	7	3	17
27123	2	18	8
27124	5	19	9
27125	8	15	12
27126	14	18	13
27127	2	20	3
27128	19	15	1
27129	3	14	15
27130	19	11	4
27131	14	9	5
27132	5	10	11
27133	1	9	3
27134	17	18	15
27135	5	13	10
27136	6	3	13
27137	9	1	17
27138	14	12	4
27139	1	16	6
27140	20	2	13
27141	4	18	15
27142	11	9	12
27143	19	20	16
27144	8	18	17
27145	12	9	4
27146	16	5	12
27147	4	7	11
27148	15	11	9
27149	14	6	16
27150	12	14	19
27151	3	4	17
27152	8	9	4
27153	13	9	5
27154	20	4	17
27155	15	9	16
27156	11	0	14
27157	14	13	0
27158	20	13	17
27159	13	5	12
27160	6	9	1
27161	11	6	14
27162	19	17	13
27163	6	17	2
27164	1	12	3
27165	5	3	11
27166	10	2	1
27167	18	16	19
27168	5	16	20
27169	19	2	17
27170	18	1	16
27171	20	6	0
27172	13	11	16
27173	0	12	19
27174	1	9	15
27175	1	16	7
27176	7	3	17
27177	9	6	19
27178	18	17	1
27179	9	7	15
27180	15	19	17
27181	2	10	18
27182	1	20	9
27183	6	9	3
27184	15	20	6
27185	13	3	0
27186	7	0	13
27187	5	11	16
27188	2	13	9
27189	3	17	4
27190	6	4	18
27191	12	14	4
27192	4	18	6
27193	2	16	19
27194	1	2	13
27195	10	17	5
27196	8	16	15
27197	7	17	13
27198	10	17	3
27199	5	16	12
27200	13	8	20
27201	17	12	3
27202	9	18	5
27203	20	3	18
27204	19	0	11
27205	1	14	3
27206	17	20	3
27207	9	6	5
27208	16	14	2
27209	11	20	19
27210	5	3	15
27211	5	7	6
27212	9	13	4
27213	1	0	14
27214	7	17	18
27215	9	13	6
27216	3	6	13
27217	6	7	18
27218	16	9	2
27219	19	9	2
27220	19	4	3
27221	10	16	4
27222	17	18	9
27223	2	9	12
27224	6	10	3
27225	4	3	9
27226	6	11	12
27227	0	6	19
27228	7	16	6
27229	4	7	11
27230	13	16	4
27231	8	11	2
27232	9	20	7
27233	4	7	19
27234	6	8	17
27235	18	17	7
27236	8	12	4
27237	7	14	18
27238	6	5	20
27239	11	10	16
27240	0	7	5
27241	18	20	4
27242	19	20	2
27243	10	17	13
27244	18	20	1
27245	3	12	13
27246	2	8	14
27247	14	0	6
27248	1	10	7
27249	4	12	1
27250	6	8	9
27251	0	17	14
27252	20	1	15
27253	11	6	0
27254	20	12	11
27255	19	17	1
27256	19	9	7
27257	13	4	0
27258	5	14	12
27259	18	19	15
27260	12	11	20
27261	2	11	20
27262	6	11	18
27263	8	11	13
27264	8	15	3
27265	11	9	18
27266	8	2	18
27267	6	19	4
27268	5	6	17
27269	3	15	10
27270	11	0	5
27271	14	5	15
27272	19	2	5
27273	17	12	19
27274	15	19	6
27275	3	0	5
27276	19	14	16
27277	1	8	11
27278	18	3	12
27279	14	15	4
27280	17	3	20
27281	16	18	14
27282	14	1	17
27283	1	11	17
27284	20	15	4
27285	19	14	18
27286	10	16	6
27287	10	13	7
27288	15	17	3
27289	16	3	15
27290	14	20	17
27291	18	2	3
27292	5	20	10
27293	13	19	8
27294	2	10	15
27295	11	14	9
27296	8	12	7
27297	16	11	19
27298	15	0	9
27299	17	0	15
27300	10	17	0
27301	20	2	8
27302	14	0	7
27303	18	19	8
27304	13	15	4
27305	9	11	6
27306	11	17	13
27307	17	18	12
27308	18	20	12
27309	7	12	3
27310	5	7	16
27311	11	5	19
27312	9	18	2
27313	15	0	14
27314	7	2	6
27315	0	3	1
27316	12	0	19
27317	20	18	15
27318	3	0	13
27319	18	12	7
27320	14	11	9
27321	1	19	18
27322	1	20	5
27323	12	1	19
27324	19	4	1
27325	2	9	15
27326	17	9	5
27327	10	17	3
27328	14	11	7
27329	13	9	19
27330	8	5	20
27331	16	14	6
27332	13	9	6
27333	2	1	18
27334	10	14	16
27335	6	2	4
27336	12	18	6
27337	12	10	6
27338	12	15	1
27339	10	20	13
27340	11	16	10
27341	1	9	8
27342	7	8	6
27343	0	13	8
27344	4	3	11
27345	4	7	11
27346	2	12	20
27347	5	6	17
27348	14	10	18
27349	6	2	4
27350	1	9	13
27351	19	2	17
27352	12	5	13
27353	16	13	11
27354	9	7	15
27355	2	0	8
27356	14	19	16
27357	20	16	17
27358	8	10	4
27359	12	4	5
27360	2	5	12
27361	10	12	13
27362	10	1	3
27363	2	13	12
27364	17	13	2
27365	20	0	5
27366	5	10	20
27367	10	2	19
27368	17	2	5
27369	5	2	0
27370	13	18	19
27371	3	1	18
27372	9	17	12
27373	3	11	10
27374	15	13	12
27375	8	2	20
27376	4	14	8
27377	0	17	12
27378	11	9	15
27379	20	4	11
27380	6	2	7
27381	17	15	6
27382	3	7	5
27383	5	18	1
27384	19	14	13
27385	0	10	7
27386	19	0	8
27387	2	8	19
27388	0	4	13
27389	11	15	18
27390	3	0	19
27391	19	15	18
27392	17	13	20
27393	13	16	14
27394	19	2	15
27395	10	9	1
27396	9	5	13
27397	13	9	2
27398	11	7	2
27399	14	10	2
27400	18	12	0
27401	6	14	1
27402	8	19	14
27403	16	3	9
27404	9	13	8
27405	12	3	17
27406	12	13	20
27407	1	14	4
27408	14	8	3
27409	18	15	5
27410	7	1	3
27411	15	2	7
27412	3	14	12
27413	3	12	11
27414	7	19	12
27415	5	19	8
27416	11	18	1
27417	18	13	6
27418	7	0	19
27419	0	3	8
27420	3	1	9
27421	1	13	12
27422	20	11	0
27423	7	2	12
27424	18	6	10
27425	17	13	2
27426	0	3	5
27427	3	20	10
27428	10	7	16
27429	20	4	18
27430	5	15	20
27431	20	3	14
27432	19	14	2
27433	1	6	18
27434	5	4	1
27435	2	18	3
27436	19	17	7
27437	6	10	9
27438	5	1	12
27439	18	19	16
27440	19	20	2
27441	3	19	5
27442	5	4	18
27443	12	17	1
27444	9	1	18
27445	11	2	6
27446	12	9	3
27447	18	4	12
27448	11	19	2
27449	11	10	9
27450	4	20	10
27451	9	2	5
27452	10	17	13
27453	10	5	20
27454	7	20	11
27455	15	11	0
27456	13	11	10
27457	6	10	13
27458	1	8	7
27459	9	16	11
27460	4	15	16
27461	5	14	12
27462	4	12	20
27463	11	7	18
27464	18	11	8
27465	17	11	16
27466	1	7	6
27467	2	12	10
27468	20	4	16
27469	15	6	8
27470	0	15	14
27471	2	10	7
27472	10	4	3
27473	5	12	10
27474	14	6	3
27475	13	17	2
27476	4	1	0
27477	19	3	0
27478	0	11	19
27479	9	7	3
27480	12	17	2
27481	2	13	6
27482	18	7	4
27483	0	11	17
27484	12	7	9
27485	10	1	15
27486	9	14	5
27487	1	2	16
27488	20	12	9
27489	6	17	15
27490	10	5	4
27491	18	14	3
27492	10	6	12
27493	2	18	11
27494	6	2	17
27495	18	14	2
27496	20	13	5
27497	12	6	16
27498	6	3	14
27499	17	6	13
27500	11	2	20
27501	8	9	0
27502	20	18	15
27503	1	4	2
27504	15	6	13
27505	7	2	19
27506	1	11	14
27507	13	17	0
27508	17	8	1
27509	18	0	19
27510	12	18	5
27511	10	1	12
27512	4	3	7
27513	9	12	20
27514	19	13	9
27515	12	5	0
27516	3	8	0
27517	20	7	8
27518	20	4	19
27519	12	1	18
27520	14	13	18
27521	11	8	12
27522	0	7	8
27523	15	5	12
27524	13	14	12
27525	12	3	4
27526	3	20	2
27527	4	10	2
27528	18	14	4
27529	7	15	8
27530	12	19	13
27531	8	18	15
27532	8	3	17
27533	0	7	5
27534	1	3	18
27535	12	4	3
27536	7	6	13
27537	19	10	4
27538	18	8	10
27539	3	2	19
27540	15	18	13
27541	8	19	0
27542	18	8	14
27543	3	16	19
27544	12	7	9
27545	7	19	5
27546	18	6	10
27547	18	15	16
27548	3	5	9
27549	16	20	8
27550	15	6	3
27551	14	1	20
27552	5	8	9
27553	13	19	17
27554	6	4	3
27555	19	10	11
27556	7	12	9
27557	6	7	10
27558	18	14	4
27559	4	9	6
27560	2	7	11
27561	4	6	13
27562	16	7	12
27563	4	1	8
27564	1	11	17
27565	7	12	17
27566	15	12	0
27567	8	4	2
27568	2	0	16
27569	1	2	14
27570	13	18	3
27571	20	7	17
27572	18	19	20
27573	14	19	2
27574	20	15	11
27575	19	3	2
27576	19	20	7
27577	13	5	15
27578	3	14	20
27579	11	1	17
27580	8	17	19
27581	18	17	16
27582	7	0	5
27583	1	18	9
27584	3	4	2
27585	8	1	2
27586	18	17	6
27587	10	14	3
27588	16	19	1
27589	4	10	8
27590	1	18	8
27591	14	18	1
27592	14	1	0
27593	18	8	7
27594	9	6	14
27595	18	8	6
27596	6	3	0
27597	15	3	8
27598	17	13	14
27599	5	4	14
27600	11	3	16
27601	6	14	3
27602	18	11	2
27603	4	0	7
27604	5	19	1
27605	14	17	6
27606	11	5	10
27607	12	10	11
27608	16	15	14
27609	18	0	5
27610	4	15	6
27611	20	8	13
27612	3	14	5
27613	16	1	3
27614	14	18	5
27615	11	17	1
27616	16	14	2
27617	2	17	12
27618	0	11	16
27619	6	20	16
27620	16	11	5
27621	15	8	9
27622	20	6	19
27623	15	17	5
27624	20	15	14
27625	1	14	19
27626	6	11	18
27627	8	4	5
27628	17	3	16
27629	12	18	4
27630	4	10	14
27631	7	17	8
27632	19	3	13
27633	16	0	15
27634	17	16	6
27635	7	11	16
27636	1	16	15
27637	12	6	11
27638	13	20	16
27639	9	10	11
27640	20	15	19
27641	0	10	3
27642	13	15	11
27643	9	10	20
27644	6	18	7
27645	20	5	1
27646	17	2	5
27647	2	5	16
27648	8	13	4
27649	18	16	14
27650	17	6	8
27651	5	14	0
27652	2	11	12
27653	12	5	20
27654	20	5	7
27655	11	8	3
27656	14	4	13
27657	19	17	20
27658	14	4	15
27659	6	1	16
27660	13	4	6
27661	0	6	4
27662	7	11	4
27663	6	3	13
27664	14	12	9
27665	14	20	18
27666	0	2	9
27667	18	6	4
27668	3	20	9
27669	16	13	19
27670	2	8	10
27671	2	16	19
27672	1	10	7
27673	9	20	6
27674	15	1	8
27675	4	11	17
27676	17	16	2
27677	11	4	20
27678	14	18	7
27679	10	4	1
27680	0	20	16
27681	13	7	16
27682	10	20	17
27683	5	15	20
27684	3	2	17
27685	8	7	2
27686	2	11	9
27687	13	9	11
27688	10	1	9
27689	20	6	18
27690	14	12	1
27691	10	8	17
27692	12	19	8
27693	20	10	0
27694	13	18	19
27695	10	15	11
27696	19	9	5
27697	16	18	3
27698	2	19	9
27699	2	19	16
27700	9	4	7
27701	2	7	10
27702	10	20	17
27703	4	9	12
27704	13	17	1
27705	15	12	9
27706	14	7	15
27707	3	4	2
27708	12	3	15
27709	5	7	20
27710	7	20	6
27711	8	13	0
27712	7	18	12
27713	17	13	16
27714	10	1	9
27715	5	8	12
27716	1	19	7
27717	0	9	5
27718	9	17	3
27719	5	6	15
27720	2	10	17
27721	6	13	18
27722	1	0	17
27723	10	13	6
27724	15	0	10
27725	13	15	7
27726	6	19	18
27727	13	1	20
27728	12	2	20
27729	6	3	9
27730	16	12	1
27731	15	20	19
27732	2	17	1
27733	4	19	20
27734	1	18	6
27735	13	2	8
27736	15	20	6
27737	13	5	0
27738	19	13	18
27739	17	2	12
27740	3	11	17
27741	3	13	20
27742	15	2	17
27743	14	19	16
27744	13	6	12
27745	9	5	18
27746	4	16	18
27747	2	0	13
27748	3	10	18
27749	5	9	1
27750	2	5	16
27751	19	17	3
27752	16	3	2
27753	17	20	2
27754	8	7	6
27755	16	7	12
27756	17	10	16
27757	17	3	10
27758	6	0	18
27759	7	8	4
27760	10	6	17
27761	16	14	5
27762	3	18	4
27763	6	0	2
27764	8	6	7
27765	7	4	15
27766	14	0	20
27767	7	16	6
27768	4	9	7
27769	20	0	3
27770	13	18	7
27771	1	7	4
27772	20	5	17
27773	18	6	10
27774	7	5	14
27775	16	6	15
27776	14	17	5
27777	4	20	5
27778	8	14	4
27779	18	19	7
27780	10	12	15
27781	20	5	17
27782	20	10	14
27783	4	12	14
27784	0	16	8
27785	12	18	6
27786	12	11	7
27787	6	12	11
27788	5	12	0
27789	14	16	15
27790	2	5	4
27791	4	11	15
27792	2	15	18
27793	20	4	7
27794	6	13	18
27795	0	14	8
27796	6	17	13
27797	13	4	19
27798	0	17	5
27799	7	2	11
27800	9	12	15
27801	10	8	1
27802	4	0	1
27803	20	16	3
27804	13	12	2
27805	15	1	16
27806	3	2	14
27807	9	8	5
27808	12	3	8
27809	17	0	18
27810	5	12	19
27811	13	19	16
27812	1	3	8
27813	4	10	9
27814	1	13	17
27815	0	17	1
27816	1	0	15
27817	5	6	10
27818	8	3	16
27819	0	7	4
27820	4	19	1
27821	19	0	5
27822	9	8	14
27823	17	9	8
27824	4	10	17
27825	4	16	7
27826	5	9	3
27827	13	14	3
27828	20	3	9
27829	16	7	0
27830	20	12	5
27831	8	14	4
27832	12	15	9
27833	13	17	20
27834	20	4	2
27835	1	20	11
27836	12	1	6
27837	20	16	6
27838	12	9	11
27839	9	16	6
27840	12	13	2
27841	13	1	5
27842	1	2	20
27843	3	9	15
27844	1	15	5
27845	6	20	12
27846	20	1	12
27847	12	19	0
27848	8	9	18
27849	2	7	13
27850	20	13	6
27851	13	9	5
27852	9	16	19
27853	0	18	4
27854	14	4	16
27855	10	9	5
27856	18	5	7
27857	12	9	5
27858	7	12	9
27859	15	16	20
27860	6	15	5
27861	7	0	10
27862	7	2	9
27863	9	13	17
27864	4	0	10
27865	19	0	12
27866	7	2	20
27867	3	4	9
27868	17	11	5
27869	14	16	15
27870	15	18	6
27871	16	5	9
27872	15	16	7
27873	10	18	9
27874	2	14	15
27875	15	8	10
27876	12	16	0
27877	3	2	13
27878	17	12	20
27879	9	6	4
27880	6	15	0
27881	13	9	10
27882	10	18	0
27883	3	12	15
27884	19	8	12
27885	5	1	17
27886	3	5	10
27887	20	11	9
27888	11	9	8
27889	6	9	12
27890	12	13	3
27891	0	19	18
27892	17	9	7
27893	14	5	0
27894	15	19	17
27895	7	17	20
27896	14	13	10
27897	20	12	19
27898	6	0	9
27899	12	17	0
27900	14	10	19
27901	17	6	3
27902	3	6	0
27903	5	1	17
27904	4	11	14
27905	8	2	20
27906	20	8	14
27907	6	16	2
27908	4	8	2
27909	6	10	16
27910	14	0	18
27911	20	17	1
27912	4	15	8
27913	4	0	8
27914	16	5	12
27915	16	7	3
27916	1	13	16
27917	20	1	16
27918	15	16	12
27919	18	11	1
27920	18	11	10
27921	13	11	10
27922	14	7	0
27923	20	11	7
27924	11	13	18
27925	12	9	4
27926	1	16	2
27927	13	1	8
27928	14	6	11
27929	14	7	6
27930	18	8	7
27931	3	20	18
27932	20	6	13
27933	11	6	16
27934	6	2	18
27935	13	4	9
27936	7	18	1
27937	2	0	5
27938	9	11	6
27939	9	12	6
27940	12	0	16
27941	14	17	11
27942	11	14	1
27943	19	16	5
27944	11	3	0
27945	13	3	15
27946	8	7	12
27947	0	19	9
27948	10	4	1
27949	4	19	16
27950	8	13	11
27951	13	14	10
27952	15	18	9
27953	15	9	0
27954	10	0	15
27955	18	14	5
27956	18	12	4
27957	15	7	14
27958	13	7	0
27959	11	14	0
27960	12	6	0
27961	13	9	1
27962	19	18	2
27963	8	10	12
27964	4	10	20
27965	11	13	16
27966	11	8	5
27967	5	4	1
27968	10	19	9
27969	16	3	0
27970	18	20	8
27971	14	19	9
27972	1	14	7
27973	0	1	2
27974	16	5	20
27975	9	19	8
27976	6	10	0
27977	12	10	0
27978	15	2	7
27979	16	11	18
27980	10	8	1
27981	19	20	16
27982	5	18	7
27983	9	8	17
27984	13	6	4
27985	18	2	16
27986	2	5	9
27987	6	19	14
27988	19	4	8
27989	18	0	17
27990	17	6	4
27991	20	6	9
27992	5	1	2
27993	6	17	0
27994	6	2	20
27995	14	15	2
27996	15	20	0
27997	16	14	4
27998	11	19	6
27999	7	8	3
28000	2	4	0
28001	7	1	5
28002	15	12	4
28003	9	1	6
28004	14	6	11
28005	1	18	7
28006	14	9	8
28007	12	20	7
28008	5	0	13
28009	5	7	1
28010	6	3	14
28011	14	0	19
28012	18	20	5
28013	11	1	7
28014	8	6	1
28015	7	11	12
28016	16	9	15
28017	18	10	16
28018	4	5	8
28019	16	8	3
28020	3	10	2
28021	16	20	8
28022	19	2	13
28023	11	18	10
28024	11	15	16
28025	14	2	7
28026	15	14	5
28027	9	2	3
28028	12	16	11
28029	0	14	20
28030	12	15	0
28031	8	2	9
28032	7	1	0
28033	14	5	7
28034	17	6	15
28035	2	11	12
28036	12	10	14
28037	2	1	19
28038	17	3	0
28039	19	1	11
28040	16	10	2
28041	20	10	9
28042	20	13	9
28043	14	2	11
28044	14	3	15
28045	19	15	5
28046	15	16	20
28047	13	12	19
28048	20	11	15
28049	13	14	9
28050	13	5	14
28051	9	19	0
28052	13	20	15
28053	0	6	16
28054	0	20	6
28055	7	13	20
28056	9	2	7
28057	11	10	7
28058	2	7	11
28059	3	12	10
28060	20	5	8
28061	16	2	6
28062	4	20	12
28063	6	12	18
28064	2	4	11
28065	1	0	16
28066	20	8	15
28067	10	15	7
28068	13	8	0
28069	10	17	15
28070	9	20	7
28071	3	11	6
28072	5	11	15
28073	4	3	9
28074	7	9	15
28075	8	11	5
28076	13	8	10
28077	8	0	17
28078	9	8	11
28079	7	2	4
28080	16	13	15
28081	0	16	2
28082	12	11	1
28083	18	8	14
28084	15	1	4
28085	10	1	17
28086	1	6	8
28087	18	17	5
28088	16	0	10
28089	13	0	1
28090	9	13	6
28091	14	8	6
28092	20	12	3
28093	7	19	10
28094	8	5	20
28095	3	2	13
28096	5	6	7
28097	4	10	16
28098	10	13	11
28099	1	18	0
28100	15	1	6
28101	18	20	15
28102	3	14	2
28103	0	11	4
28104	18	1	5
28105	0	2	20
28106	10	0	1
28107	12	5	20
28108	11	3	19
28109	14	3	11
28110	9	6	1
28111	19	15	7
28112	18	2	19
28113	2	10	1
28114	6	14	0
28115	10	0	9
28116	3	2	5
28117	3	9	19
28118	8	3	12
28119	3	14	12
28120	1	17	11
28121	14	9	13
28122	3	4	7
28123	7	1	20
28124	20	13	6
28125	7	5	15
28126	1	7	15
28127	0	3	16
28128	19	15	3
28129	20	19	15
28130	14	7	10
28131	4	13	18
28132	8	18	20
28133	5	4	12
28134	7	15	18
28135	7	17	1
28136	13	12	14
28137	4	7	19
28138	19	9	12
28139	4	14	9
28140	16	2	20
28141	6	13	4
28142	4	9	0
28143	11	0	12
28144	14	20	17
28145	12	4	5
28146	1	20	16
28147	11	6	3
28148	15	10	11
28149	6	7	4
28150	6	9	0
28151	18	3	19
28152	2	16	13
28153	0	15	4
28154	2	1	6
28155	17	15	7
28156	2	20	17
28157	17	9	8
28158	8	15	12
28159	1	14	9
28160	19	16	2
28161	5	6	8
28162	4	9	6
28163	12	5	20
28164	19	12	15
28165	20	13	17
28166	18	10	5
28167	18	4	1
28168	5	14	2
28169	17	6	12
28170	16	0	19
28171	16	2	15
28172	2	11	15
28173	20	19	1
28174	5	10	9
28175	16	4	13
28176	3	11	10
28177	15	6	20
28178	19	16	4
28179	3	14	10
28180	12	4	18
28181	10	1	14
28182	9	0	2
28183	7	14	18
28184	2	15	6
28185	7	1	10
28186	9	3	4
28187	18	13	4
28188	19	20	3
28189	4	10	15
28190	16	11	9
28191	3	12	9
28192	17	19	6
28193	10	4	5
28194	19	13	3
28195	3	20	10
28196	1	13	15
28197	14	1	13
28198	11	15	13
28199	4	17	16
28200	10	9	1
28201	8	6	5
28202	4	3	7
28203	9	5	2
28204	12	13	20
28205	9	11	18
28206	16	12	6
28207	13	8	4
28208	16	14	2
28209	10	2	8
28210	18	1	2
28211	11	1	4
28212	20	10	12
28213	14	0	1
28214	9	20	10
28215	4	16	2
28216	16	6	7
28217	15	9	19
28218	1	20	12
28219	11	18	13
28220	16	11	5
28221	9	2	8
28222	15	5	0
28223	7	6	14
28224	17	1	9
28225	9	6	4
28226	18	19	3
28227	11	1	5
28228	5	4	12
28229	14	18	19
28230	19	9	13
28231	2	12	4
28232	11	15	4
28233	8	7	6
28234	16	0	9
28235	6	4	5
28236	20	5	4
28237	15	3	7
28238	13	5	19
28239	20	11	4
28240	11	2	4
28241	1	17	0
28242	9	13	10
28243	9	10	13
28244	7	12	20
28245	17	4	5
28246	5	15	19
28247	18	11	5
28248	18	3	17
28249	5	9	11
28250	6	3	1
28251	3	4	9
28252	5	14	7
28253	1	2	7
28254	17	5	11
28255	20	11	12
28256	8	4	7
28257	18	15	2
28258	13	19	18
28259	20	1	7
28260	18	2	11
28261	5	19	20
28262	11	10	7
28263	12	8	7
28264	7	5	9
28265	8	17	1
28266	8	19	5
28267	15	12	7
28268	10	0	2
28269	10	4	19
28270	7	9	11
28271	0	8	1
28272	20	8	10
28273	19	14	9
28274	7	20	0
28275	19	11	3
28276	16	17	14
28277	4	1	18
28278	10	16	3
28279	20	17	8
28280	0	13	8
28281	0	13	15
28282	5	9	16
28283	1	6	18
28284	5	17	12
28285	12	1	4
28286	18	1	7
28287	6	12	10
28288	1	0	15
28289	16	6	9
28290	7	20	12
28291	6	17	2
28292	8	17	2
28293	13	16	3
28294	13	4	5
28295	3	17	18
28296	6	5	11
28297	20	6	16
28298	2	9	11
28299	5	10	0
28300	11	12	0
28301	6	13	11
28302	7	20	11
28303	9	2	20
28304	13	15	11
28305	1	20	0
28306	14	8	0
28307	2	17	8
28308	0	13	16
28309	14	18	15
28310	8	5	13
28311	10	1	8
28312	20	12	11
28313	6	18	10
28314	18	11	12
28315	20	1	8
28316	12	8	6
28317	16	10	20
28318	17	16	4
28319	13	7	2
28320	3	7	18
28321	14	18	20
28322	1	9	11
28323	14	3	11
28324	16	4	13
28325	9	7	3
28326	3	16	5
28327	11	13	16
28328	8	17	18
28329	4	10	12
28330	0	7	16
28331	11	16	18
28332	10	9	7
28333	5	3	19
28334	5	6	0
28335	14	1	4
28336	12	9	13
28337	10	12	5
28338	2	14	1
28339	6	17	18
28340	17	5	9
28341	9	8	5
28342	0	8	11
28343	20	5	1
28344	13	18	7
28345	17	13	18
28346	4	2	11
28347	0	13	14
28348	20	0	19
28349	4	7	20
28350	3	18	6
28351	9	12	15
28352	7	20	4
28353	8	5	19
28354	6	11	3
28355	1	8	19
28356	13	2	18
28357	5	9	13
28358	10	4	0
28359	5	14	17
28360	1	17	11
28361	15	18	1
28362	10	14	13
28363	19	11	14
28364	5	18	2
28365	1	20	6
28366	5	2	3
28367	10	3	14
28368	16	20	15
28369	13	5	10
28370	10	1	5
28371	3	14	8
28372	0	13	20
28373	18	7	16
28374	18	3	20
28375	11	19	17
28376	12	8	6
28377	10	6	17
28378	9	6	12
28379	4	6	13
28380	1	18	8
28381	12	19	18
28382	2	9	20
28383	17	3	14
28384	9	10	5
28385	9	12	10
28386	19	11	9
28387	12	16	18
28388	16	13	19
28389	14	16	5
28390	13	9	19
28391	16	13	10
28392	17	5	3
28393	5	19	8
28394	18	12	3
28395	7	2	12
28396	6	12	1
28397	10	16	20
28398	11	7	12
28399	14	6	1
28400	3	12	0
28401	2	19	6
28402	3	5	20
28403	11	0	6
28404	3	5	20
28405	19	11	14
28406	9	13	7
28407	1	19	8
28408	6	3	4
28409	12	15	8
28410	12	8	4
28411	9	10	1
28412	2	0	1
28413	6	17	3
28414	0	19	7
28415	9	4	15
28416	7	16	20
28417	14	10	7
28418	10	15	2
28419	4	17	3
28420	1	19	5
28421	18	3	11
28422	2	5	18
28423	2	0	3
28424	11	2	14
28425	10	8	4
28426	10	16	3
28427	8	5	10
28428	0	18	6
28429	3	0	8
28430	6	9	15
28431	10	8	1
28432	7	0	4
28433	4	7	16
28434	15	7	10
28435	4	9	12
28436	11	18	16
28437	4	12	7
28438	10	9	11
28439	4	19	20
28440	2	12	6
28441	13	16	15
28442	15	8	17
28443	8	17	15
28444	0	12	19
28445	6	2	14
28446	4	13	11
28447	17	16	15
28448	1	14	7
28449	20	6	16
28450	12	20	3
28451	5	17	19
28452	9	6	3
28453	0	7	15
28454	15	9	18
28455	16	17	7
28456	13	3	19
28457	10	3	16
28458	9	5	19
28459	8	14	20
28460	15	8	9
28461	9	3	18
28462	12	3	11
28463	18	1	7
28464	10	4	19
28465	2	3	6
28466	19	4	20
28467	8	6	19
28468	9	6	11
28469	19	4	5
28470	2	19	17
28471	14	8	7
28472	10	4	1
28473	19	1	6
28474	13	5	2
28475	6	11	8
28476	14	9	12
28477	15	11	18
28478	0	11	10
28479	8	3	1
28480	6	3	19
28481	12	2	11
28482	9	2	15
28483	1	8	10
28484	18	8	15
28485	2	9	4
28486	0	16	13
28487	16	15	0
28488	5	4	13
28489	6	18	13
28490	13	15	18
28491	16	14	0
28492	8	9	14
28493	3	0	7
28494	1	13	20
28495	2	14	19
28496	6	15	11
28497	13	1	3
28498	20	11	14
28499	11	18	19
28500	19	3	9
28501	1	8	0
28502	17	16	10
28503	7	5	13
28504	5	16	20
28505	16	1	7
28506	9	12	14
28507	13	17	15
28508	11	4	16
28509	1	18	20
28510	9	17	1
28511	12	15	8
28512	1	5	12
28513	6	15	3
28514	18	6	13
28515	4	9	10
28516	3	12	2
28517	7	17	11
28518	0	19	9
28519	19	13	11
28520	2	17	13
28521	15	4	2
28522	3	1	0
28523	15	5	17
28524	17	19	6
28525	17	16	1
28526	5	18	20
28527	10	15	2
28528	18	7	0
28529	17	0	18
28530	18	13	19
28531	5	17	15
28532	3	20	2
28533	13	6	4
28534	16	9	12
28535	18	6	3
28536	9	6	1
28537	16	17	14
28538	19	18	1
28539	13	10	5
28540	4	10	2
28541	0	11	15
28542	7	4	14
28543	15	16	6
28544	7	20	17
28545	15	8	3
28546	2	3	16
28547	11	19	1
28548	5	18	7
28549	20	15	0
28550	19	8	16
28551	0	18	2
28552	4	8	7
28553	8	17	4
28554	8	1	10
28555	12	19	20
28556	6	1	16
28557	11	4	7
28558	17	20	16
28559	7	11	18
28560	15	8	14
28561	4	17	19
28562	9	4	14
28563	5	19	4
28564	20	4	6
28565	13	4	7
28566	6	14	13
28567	1	0	18
28568	5	2	15
28569	4	17	15
28570	11	20	1
28571	6	14	8
28572	18	1	14
28573	4	3	5
28574	8	16	9
28575	1	14	9
28576	18	11	15
28577	16	4	14
28578	14	16	0
28579	13	9	14
28580	8	15	20
28581	1	7	14
28582	1	11	15
28583	13	5	3
28584	8	2	6
28585	1	12	18
28586	6	15	18
28587	6	13	15
28588	15	0	14
28589	15	18	0
28590	1	7	2
28591	18	3	17
28592	2	8	15
28593	18	19	5
28594	13	20	11
28595	15	10	19
28596	11	10	15
28597	15	8	6
28598	12	10	2
28599	12	9	0
28600	12	17	4
28601	15	13	5
28602	4	6	12
28603	6	0	4
28604	16	15	20
28605	13	20	19
28606	16	5	10
28607	5	2	4
28608	9	20	6
28609	7	14	13
28610	19	9	17
28611	2	6	17
28612	14	17	0
28613	1	19	8
28614	3	12	0
28615	10	6	12
28616	14	6	10
28617	16	12	2
28618	18	11	15
28619	14	9	15
28620	12	14	17
28621	18	12	19
28622	0	15	1
28623	7	15	17
28624	8	20	0
28625	20	6	10
28626	19	9	7
28627	17	14	19
28628	18	3	9
28629	13	20	19
28630	7	20	16
28631	14	18	19
28632	2	1	20
28633	17	2	18
28634	0	4	2
28635	5	12	16
28636	11	16	15
28637	19	8	0
28638	10	7	5
28639	7	8	17
28640	15	12	7
28641	20	13	14
28642	20	0	19
28643	18	8	14
28644	11	14	8
28645	4	9	2
28646	7	6	0
28647	18	1	3
28648	12	20	9
28649	11	15	20
28650	20	10	9
28651	2	18	7
28652	9	10	6
28653	4	10	11
28654	5	1	7
28655	11	16	5
28656	11	5	19
28657	5	19	6
28658	17	19	9
28659	1	3	11
28660	7	4	12
28661	10	6	18
28662	3	10	6
28663	19	20	3
28664	6	3	12
28665	3	6	0
28666	17	1	7
28667	1	18	8
28668	8	2	15
28669	1	2	3
28670	5	16	8
28671	9	11	17
28672	0	14	4
28673	10	8	12
28674	20	5	16
28675	18	5	15
28676	17	18	3
28677	6	0	11
28678	3	8	13
28679	0	1	2
28680	16	9	13
28681	14	9	15
28682	9	15	11
28683	0	4	11
28684	12	6	0
28685	9	6	17
28686	13	8	19
28687	13	20	16
28688	7	2	5
28689	12	10	13
28690	2	0	9
28691	8	5	15
28692	17	6	14
28693	2	10	11
28694	14	7	0
28695	10	19	17
28696	14	1	17
28697	2	8	19
28698	18	7	1
28699	8	17	11
28700	20	7	2
28701	1	7	19
28702	16	15	8
28703	18	10	13
28704	18	8	20
28705	4	8	0
28706	15	17	9
28707	7	20	5
28708	16	14	19
28709	3	18	5
28710	12	17	14
28711	7	15	8
28712	8	5	15
28713	18	12	16
28714	13	4	2
28715	17	20	9
28716	8	16	20
28717	19	1	14
28718	20	19	6
28719	11	20	2
28720	17	14	8
28721	1	8	3
28722	20	9	3
28723	0	11	2
28724	0	20	16
28725	12	9	15
28726	1	18	15
28727	18	7	2
28728	17	14	16
28729	6	19	11
28730	16	4	2
28731	20	5	0
28732	10	13	1
28733	8	16	9
28734	16	12	20
28735	18	3	16
28736	9	20	11
28737	11	18	20
28738	11	18	1
28739	18	13	0
28740	20	14	3
28741	11	5	16
28742	20	17	0
28743	20	14	18
28744	4	3	18
28745	17	4	2
28746	17	3	8
28747	17	7	9
28748	10	8	3
28749	11	6	12
28750	3	14	7
28751	19	1	17
28752	6	5	20
28753	17	9	18
28754	10	9	14
28755	13	16	8
28756	5	7	12
28757	20	16	11
28758	1	19	9
28759	9	5	14
28760	19	7	18
28761	9	15	20
28762	4	16	18
28763	0	9	8
28764	3	17	6
28765	1	9	15
28766	4	3	16
28767	4	18	10
28768	13	9	1
28769	1	15	12
28770	2	19	15
28771	0	12	4
28772	5	8	20
28773	11	5	3
28774	7	2	11
28775	4	7	15
28776	13	17	7
28777	0	1	20
28778	7	19	20
28779	12	8	18
28780	0	11	8
28781	2	19	1
28782	14	18	12
28783	11	20	19
28784	5	19	15
28785	11	6	9
28786	4	6	1
28787	20	12	18
28788	12	11	4
28789	7	11	1
28790	12	15	18
28791	0	10	12
28792	6	19	11
28793	7	1	0
28794	5	1	12
28795	9	4	8
28796	15	2	12
28797	6	13	2
28798	1	15	17
28799	20	2	4
28800	7	3	19
28801	13	14	11
28802	10	3	0
28803	4	15	19
28804	14	13	15
28805	3	8	4
28806	14	19	17
28807	3	11	19
28808	2	6	0
28809	19	0	10
28810	11	9	17
28811	1	10	5
28812	3	20	18
28813	20	16	11
28814	14	8	13
28815	12	5	11
28816	11	20	5
28817	18	20	5
28818	15	9	12
28819	0	7	20
28820	13	0	3
28821	14	8	18
28822	5	16	10
28823	5	2	14
28824	16	12	14
28825	4	13	17
28826	15	16	3
28827	10	15	5
28828	13	0	16
28829	4	1	20
28830	14	19	15
28831	17	9	5
28832	2	15	0
28833	9	3	18
28834	15	20	19
28835	13	14	1
28836	19	0	12
28837	14	4	12
28838	13	17	5
28839	3	14	18
28840	11	15	10
28841	9	0	6
28842	19	2	15
28843	14	15	3
28844	4	16	11
28845	16	12	3
28846	7	19	16
28847	18	17	19
28848	7	4	17
28849	4	7	3
28850	12	7	0
28851	8	16	17
28852	1	13	11
28853	18	16	9
28854	13	10	5
28855	18	15	20
28856	17	15	11
28857	5	11	6
28858	13	12	16
28859	16	12	17
28860	17	10	19
28861	16	1	18
28862	11	2	6
28863	16	15	7
28864	7	20	6
28865	12	5	8
28866	17	15	3
28867	16	20	9
28868	5	8	11
28869	17	1	9
28870	16	18	6
28871	20	9	6
28872	8	20	11
28873	3	9	15
28874	4	2	3
28875	16	17	8
28876	16	8	11
28877	4	18	0
28878	3	6	4
28879	19	12	1
28880	0	5	1
28881	8	2	4
28882	1	10	16
28883	11	17	8
28884	20	15	2
28885	20	17	11
28886	5	9	17
28887	6	14	4
28888	19	20	15
28889	15	16	1
28890	9	18	17
28891	2	18	5
28892	9	0	16
28893	9	6	17
28894	9	3	2
28895	3	1	15
28896	4	9	6
28897	6	20	9
28898	15	12	2
28899	16	1	2
28900	8	16	13
28901	9	17	10
28902	13	8	2
28903	1	6	15
28904	18	6	4
28905	8	16	17
28906	7	5	8
28907	19	2	10
28908	12	7	18
28909	15	8	3
28910	9	5	15
28911	20	3	1
28912	3	1	10
28913	12	1	8
28914	8	1	19
28915	15	20	10
28916	19	8	2
28917	10	0	16
28918	14	0	1
28919	11	16	20
28920	1	15	8
28921	18	10	16
28922	7	2	1
28923	7	6	2
28924	18	6	1
28925	18	17	15
28926	7	8	0
28927	0	19	5
28928	9	0	17
28929	2	14	12
28930	10	19	16
28931	0	14	20
28932	4	10	2
28933	13	1	19
28934	14	16	19
28935	8	10	13
28936	12	7	20
28937	12	18	15
28938	3	16	20
28939	6	18	1
28940	17	15	20
28941	15	0	3
28942	12	5	17
28943	3	12	16
28944	2	12	9
28945	12	2	18
28946	18	20	12
28947	11	10	9
28948	18	10	0
28949	5	12	13
28950	10	20	8
28951	0	10	14
28952	12	4	2
28953	8	19	16
28954	9	14	1
28955	15	13	10
28956	7	3	9
28957	0	12	2
28958	5	0	2
28959	7	10	12
28960	17	12	2
28961	14	19	15
28962	5	17	18
28963	10	7	6
28964	3	20	14
28965	5	7	9
28966	17	9	6
28967	9	13	11
28968	3	14	5
28969	2	9	4
28970	8	1	2
28971	14	16	6
28972	4	5	0
28973	1	10	4
28974	17	6	4
28975	2	13	15
28976	11	20	3
28977	7	0	13
28978	1	10	19
28979	0	10	14
28980	4	0	18
28981	9	3	14
28982	6	4	5
28983	17	1	3
28984	17	15	18
28985	0	14	18
28986	11	14	17
28987	9	1	18
28988	1	5	18
28989	4	6	7
28990	17	5	19
28991	5	14	20
28992	7	13	18
28993	11	17	4
28994	19	3	13
28995	18	10	4
28996	12	2	17
28997	11	16	4
28998	12	11	5
28999	12	15	8
29000	13	18	12
29001	3	0	14
29002	8	1	3
29003	16	2	8
29004	0	7	4
29005	2	7	3
29006	0	18	11
29007	5	19	0
29008	1	0	10
29009	17	4	8
29010	2	8	4
29011	0	20	5
29012	16	20	5
29013	17	12	5
29014	10	3	11
29015	1	11	0
29016	3	4	9
29017	11	3	7
29018	2	5	11
29019	4	10	16
29020	13	5	11
29021	20	17	4
29022	5	12	0
29023	11	16	10
29024	16	17	12
29025	13	0	20
29026	20	6	11
29027	0	6	12
29028	12	6	16
29029	9	8	10
29030	12	0	14
29031	15	6	9
29032	1	14	20
29033	11	6	7
29034	2	14	16
29035	14	4	10
29036	10	20	13
29037	10	3	18
29038	6	14	18
29039	14	4	9
29040	15	20	16
29041	18	3	20
29042	15	12	3
29043	8	18	17
29044	7	18	2
29045	3	8	12
29046	20	4	5
29047	0	20	16
29048	19	7	8
29049	14	7	13
29050	7	6	12
29051	8	5	3
29052	10	19	16
29053	3	8	13
29054	8	5	13
29055	6	5	15
29056	18	2	4
29057	18	19	0
29058	12	10	14
29059	8	12	13
29060	4	16	19
29061	16	18	8
29062	1	10	11
29063	7	2	4
29064	5	11	17
29065	13	10	15
29066	7	16	9
29067	16	3	10
29068	8	6	7
29069	0	13	19
29070	8	16	3
29071	8	6	5
29072	14	19	1
29073	3	11	8
29074	7	13	1
29075	1	2	17
29076	18	1	4
29077	13	12	3
29078	6	14	9
29079	9	4	14
29080	14	19	6
29081	1	20	6
29082	5	10	16
29083	18	11	6
29084	7	9	20
29085	5	7	12
29086	8	3	11
29087	15	20	14
29088	10	4	19
29089	12	9	15
29090	8	4	5
29091	2	4	16
29092	15	4	18
29093	9	8	2
29094	17	4	10
29095	13	11	19
29096	0	12	6
29097	13	9	0
29098	0	1	11
29099	20	16	2
29100	16	17	7
29101	6	16	5
29102	18	2	17
29103	10	9	15
29104	10	11	13
29105	20	13	16
29106	20	0	1
29107	18	17	8
29108	3	0	13
29109	6	0	8
29110	11	2	9
29111	1	14	16
29112	0	3	2
29113	12	15	0
29114	7	0	15
29115	13	18	3
29116	12	11	7
29117	19	12	3
29118	13	20	6
29119	5	2	20
29120	0	13	18
29121	6	19	12
29122	8	10	5
29123	0	6	15
29124	16	14	2
29125	12	16	5
29126	8	6	14
29127	13	14	9
29128	8	2	3
29129	19	2	6
29130	8	20	13
29131	5	14	7
29132	18	20	11
29133	1	12	6
29134	13	17	5
29135	11	19	9
29136	11	6	19
29137	19	1	5
29138	5	17	20
29139	6	9	7
29140	1	3	4
29141	8	10	9
29142	13	18	10
29143	3	0	11
29144	8	19	2
29145	5	20	16
29146	8	9	14
29147	18	1	0
29148	1	11	6
29149	17	18	0
29150	7	1	11
29151	4	0	12
29152	6	2	18
29153	15	4	10
29154	7	6	15
29155	11	18	4
29156	0	14	9
29157	1	12	10
29158	2	16	3
29159	8	19	3
29160	0	11	6
29161	16	0	2
29162	4	20	19
29163	19	3	6
29164	1	18	6
29165	13	12	5
29166	19	4	3
29167	9	18	20
29168	1	11	15
29169	13	2	20
29170	9	5	16
29171	1	4	7
29172	0	10	13
29173	17	3	19
29174	5	3	8
29175	16	12	20
29176	6	0	2
29177	11	8	1
29178	20	8	3
29179	9	20	1
29180	1	8	9
29181	7	4	13
29182	0	2	1
29183	6	10	16
29184	14	17	9
29185	4	2	18
29186	8	12	2
29187	18	3	15
29188	10	14	16
29189	13	2	7
29190	15	19	9
29191	9	13	15
29192	4	5	7
29193	13	17	9
29194	11	10	2
29195	16	13	15
29196	3	16	0
29197	9	2	13
29198	0	3	8
29199	6	2	17
29200	4	16	11
29201	0	12	4
29202	8	5	6
29203	5	17	8
29204	2	8	20
29205	2	7	15
29206	18	11	3
29207	10	12	20
29208	0	16	5
29209	15	3	20
29210	4	14	5
29211	0	18	9
29212	9	14	18
29213	11	0	4
29214	19	10	14
29215	3	13	14
29216	10	9	1
29217	0	2	5
29218	2	0	8
29219	3	1	9
29220	14	16	2
29221	6	16	7
29222	13	14	16
29223	12	14	3
29224	15	12	4
29225	8	13	12
29226	2	16	15
29227	7	12	11
29228	20	6	3
29229	9	0	16
29230	20	16	19
29231	6	10	4
29232	3	6	11
29233	14	15	20
29234	8	0	13
29235	2	10	8
29236	15	7	4
29237	11	13	2
29238	13	1	20
29239	12	11	14
29240	11	0	7
29241	11	7	14
29242	18	5	11
29243	13	19	0
29244	16	4	3
29245	15	12	14
29246	1	3	14
29247	0	5	4
29248	8	19	10
29249	13	9	11
29250	12	3	19
29251	6	14	12
29252	16	19	0
29253	2	15	12
29254	7	16	11
29255	20	8	13
29256	13	14	16
29257	6	7	0
29258	1	4	17
29259	12	17	0
29260	14	13	7
29261	6	5	14
29262	0	2	18
29263	3	13	15
29264	8	7	6
29265	19	12	14
29266	18	8	15
29267	14	16	4
29268	14	2	15
29269	20	17	10
29270	15	1	11
29271	10	12	17
29272	19	10	5
29273	6	9	16
29274	5	6	7
29275	2	13	0
29276	10	20	12
29277	16	19	18
29278	6	4	3
29279	20	19	3
29280	3	4	7
29281	10	11	20
29282	10	4	17
29283	7	5	4
29284	10	12	15
29285	6	19	14
29286	7	13	4
29287	7	0	17
29288	11	6	18
29289	14	9	6
29290	16	0	2
29291	19	11	16
29292	8	13	17
29293	7	4	10
29294	5	15	18
29295	18	3	19
29296	16	4	1
29297	15	12	0
29298	2	4	3
29299	6	4	12
29300	17	14	4
29301	0	1	18
29302	11	8	19
29303	12	17	7
29304	10	2	20
29305	0	4	19
29306	11	6	2
29307	7	14	1
29308	10	13	1
29309	1	12	4
29310	10	16	5
29311	6	20	1
29312	4	10	18
29313	12	1	9
29314	11	0	14
29315	15	16	1
29316	20	15	1
29317	2	16	14
29318	10	3	8
29319	3	4	19
29320	1	11	19
29321	6	5	13
29322	13	20	6
29323	4	15	14
29324	16	9	15
29325	15	12	1
29326	1	20	19
29327	10	14	12
29328	5	10	11
29329	7	9	0
29330	16	15	0
29331	15	2	14
29332	11	18	8
29333	3	9	0
29334	18	12	19
29335	5	20	12
29336	5	13	20
29337	18	11	19
29338	9	2	16
29339	4	20	5
29340	1	17	20
29341	3	4	12
29342	17	2	13
29343	11	1	2
29344	9	19	16
29345	13	16	8
29346	9	12	20
29347	10	20	13
29348	7	11	2
29349	0	20	8
29350	0	16	9
29351	16	14	8
29352	17	13	20
29353	11	7	4
29354	2	15	8
29355	6	12	4
29356	20	11	3
29357	2	16	7
29358	5	6	18
29359	17	6	13
29360	10	4	5
29361	14	7	9
29362	11	13	1
29363	17	12	11
29364	20	17	10
29365	13	18	3
29366	13	0	1
29367	11	5	3
29368	15	16	0
29369	12	16	11
29370	15	10	1
29371	8	7	9
29372	3	4	10
29373	2	9	0
29374	3	11	9
29375	19	17	3
29376	11	2	4
29377	1	8	12
29378	10	0	20
29379	5	20	0
29380	10	20	4
29381	4	0	8
29382	4	18	0
29383	15	12	9
29384	4	9	0
29385	2	13	1
29386	9	6	20
29387	10	4	16
29388	2	1	13
29389	1	0	19
29390	2	11	17
29391	7	16	1
29392	5	17	10
29393	17	0	5
29394	6	12	18
29395	16	14	10
29396	9	12	3
29397	14	18	11
29398	6	15	3
29399	7	15	4
29400	7	2	3
29401	1	9	16
29402	3	10	6
29403	6	12	2
29404	20	3	18
29405	1	17	2
29406	17	4	13
29407	12	18	6
29408	5	8	2
29409	13	16	20
29410	14	19	10
29411	1	11	3
29412	20	8	6
29413	13	9	17
29414	17	2	5
29415	10	4	14
29416	4	14	9
29417	1	16	17
29418	13	18	20
29419	14	9	20
29420	2	1	8
29421	10	11	7
29422	2	14	16
29423	14	6	19
29424	4	13	0
29425	3	13	19
29426	18	5	15
29427	4	16	19
29428	14	9	1
29429	5	13	7
29430	19	13	6
29431	1	8	17
29432	9	0	3
29433	2	0	10
29434	13	0	15
29435	8	14	10
29436	3	4	12
29437	12	19	3
29438	8	9	15
29439	2	16	13
29440	13	0	14
29441	18	16	7
29442	9	0	8
29443	20	0	2
29444	2	9	19
29445	19	2	10
29446	7	0	9
29447	15	9	7
29448	7	11	2
29449	14	18	16
29450	15	9	6
29451	19	3	7
29452	5	18	4
29453	18	14	8
29454	1	0	17
29455	12	4	0
29456	5	4	18
29457	8	2	1
29458	1	15	8
29459	10	19	3
29460	0	16	6
29461	19	3	16
29462	5	3	6
29463	12	3	17
29464	0	10	11
29465	18	8	6
29466	0	16	13
29467	12	2	11
29468	13	4	2
29469	5	17	8
29470	17	3	19
29471	0	12	13
29472	6	5	0
29473	18	1	12
29474	16	2	8
29475	0	20	4
29476	6	20	13
29477	0	10	20
29478	5	12	13
29479	11	17	4
29480	6	1	0
29481	17	10	3
29482	6	11	16
29483	9	3	20
29484	8	10	14
29485	14	8	20
29486	15	3	1
29487	4	12	19
29488	10	13	19
29489	0	5	16
29490	3	20	10
29491	2	8	9
29492	15	16	6
29493	20	6	18
29494	12	17	0
29495	8	3	10
29496	15	17	10
29497	0	6	3
29498	8	9	11
29499	17	13	18
29500	12	13	17
29501	15	10	13
29502	20	16	8
29503	9	14	15
29504	9	8	16
29505	4	8	16
29506	8	7	9
29507	5	2	12
29508	5	7	0
29509	12	7	6
29510	12	11	6
29511	6	14	20
29512	8	4	7
29513	13	0	18
29514	3	15	12
29515	14	7	20
29516	7	19	0
29517	19	20	10
29518	8	15	11
29519	14	12	1
29520	15	5	17
29521	16	20	6
29522	13	20	1
29523	13	19	4
29524	10	3	11
29525	17	10	14
29526	9	16	11
29527	13	11	0
29528	9	10	15
29529	2	20	10
29530	3	15	12
29531	17	11	5
29532	14	19	17
29533	13	1	5
29534	4	19	11
29535	3	12	6
29536	14	7	0
29537	4	20	2
29538	3	10	2
29539	18	10	20
29540	18	11	13
29541	14	2	8
29542	15	1	20
29543	3	17	6
29544	15	13	6
29545	2	13	0
29546	11	2	20
29547	15	4	17
29548	16	0	11
29549	9	19	5
29550	5	18	3
29551	7	0	11
29552	6	0	1
29553	16	14	2
29554	8	18	17
29555	16	9	5
29556	4	16	12
29557	10	15	13
29558	20	7	4
29559	7	11	6
29560	4	13	12
29561	8	18	9
29562	7	9	14
29563	14	9	4
29564	6	10	12
29565	15	2	18
29566	2	15	10
29567	15	0	2
29568	4	0	11
29569	12	3	20
29570	18	8	4
29571	6	10	19
29572	18	6	9
29573	2	19	0
29574	14	19	20
29575	8	11	6
29576	0	16	15
29577	0	3	1
29578	12	19	15
29579	20	10	8
29580	1	14	5
29581	19	12	14
29582	9	18	12
29583	16	5	9
29584	19	18	12
29585	10	13	5
29586	16	19	7
29587	17	6	14
29588	7	16	5
29589	6	15	3
29590	2	8	20
29591	16	5	15
29592	18	16	1
29593	1	6	13
29594	8	11	13
29595	1	13	5
29596	7	19	2
29597	4	13	12
29598	18	0	3
29599	13	10	0
29600	19	2	13
29601	8	19	1
29602	19	12	6
29603	2	17	3
29604	9	12	11
29605	4	15	17
29606	18	4	10
29607	12	13	0
29608	10	12	7
29609	11	15	4
29610	4	11	15
29611	8	1	9
29612	18	0	14
29613	17	6	9
29614	20	2	6
29615	16	1	18
29616	6	18	2
29617	14	19	6
29618	5	10	16
29619	16	12	1
29620	3	8	5
29621	5	18	2
29622	2	5	3
29623	13	17	18
29624	20	15	8
29625	0	12	7
29626	18	10	15
29627	7	1	2
29628	9	1	2
29629	17	10	11
29630	3	1	12
29631	8	1	5
29632	1	12	20
29633	3	9	7
29634	5	0	11
29635	9	16	12
29636	15	13	19
29637	4	12	2
29638	18	10	2
29639	7	4	9
29640	18	6	19
29641	14	5	11
29642	5	14	0
29643	7	5	18
29644	18	8	14
29645	0	20	17
29646	3	9	12
29647	17	20	14
29648	3	19	12
29649	5	2	18
29650	0	8	1
29651	4	3	6
29652	0	1	15
29653	11	9	14
29654	2	1	19
29655	7	17	10
29656	11	8	7
29657	20	10	2
29658	8	9	20
29659	13	5	7
29660	14	4	12
29661	10	15	13
29662	11	0	4
29663	2	6	17
29664	6	16	13
29665	0	7	13
29666	19	5	6
29667	15	9	12
29668	15	4	11
29669	12	13	6
29670	15	18	19
29671	14	0	6
29672	7	9	6
29673	17	2	5
29674	11	12	1
29675	18	14	1
29676	5	14	6
29677	10	4	19
29678	14	13	12
29679	6	5	17
29680	0	9	7
29681	5	20	2
29682	5	2	8
29683	17	1	18
29684	14	18	3
29685	2	14	18
29686	10	9	8
29687	11	10	9
29688	17	15	0
29689	20	1	3
29690	14	18	12
29691	3	1	11
29692	2	0	3
29693	3	11	19
29694	13	10	2
29695	19	17	3
29696	14	12	8
29697	6	20	11
29698	6	20	13
29699	3	5	7
29700	11	20	8
29701	16	9	10
29702	7	13	0
29703	14	13	20
29704	20	3	15
29705	12	13	4
29706	11	9	12
29707	2	0	10
29708	16	14	4
29709	13	3	12
29710	14	5	17
29711	13	8	15
29712	10	19	8
29713	13	19	20
29714	10	16	19
29715	0	8	5
29716	5	14	18
29717	18	9	4
29718	13	12	5
29719	9	5	11
29720	18	19	13
29721	13	8	11
29722	2	9	1
29723	20	0	9
29724	3	13	0
29725	17	8	2
29726	11	20	1
29727	18	14	3
29728	4	7	18
29729	9	14	11
29730	2	10	15
29731	14	19	15
29732	9	20	17
29733	12	6	10
29734	10	14	12
29735	2	17	11
29736	8	16	9
29737	15	3	4
29738	2	7	20
29739	13	11	1
29740	11	10	19
29741	15	1	2
29742	11	17	18
29743	7	6	19
29744	5	19	10
29745	11	16	20
29746	18	16	0
29747	18	20	16
29748	3	18	9
29749	12	19	10
29750	18	2	15
29751	20	2	9
29752	7	15	0
29753	8	12	18
29754	15	16	5
29755	20	17	5
29756	20	11	5
29757	2	18	5
29758	17	6	9
29759	10	2	8
29760	9	4	13
29761	9	4	8
29762	0	19	9
29763	1	2	5
29764	8	17	11
29765	20	17	5
29766	1	7	6
29767	4	0	9
29768	19	15	17
29769	13	12	16
29770	4	6	7
29771	18	12	20
29772	9	15	8
29773	1	5	17
29774	13	17	20
29775	7	14	0
29776	10	6	14
29777	2	10	18
29778	2	3	10
29779	15	16	5
29780	4	1	7
29781	19	11	8
29782	9	2	5
29783	20	11	10
29784	15	0	5
29785	12	19	0
29786	15	16	0
29787	19	7	8
29788	4	20	10
29789	4	12	15
29790	17	15	4
29791	20	0	13
29792	14	3	18
29793	9	6	13
29794	6	17	16
29795	8	19	4
29796	0	20	13
29797	19	5	15
29798	9	17	0
29799	20	18	15
29800	15	10	0
29801	7	17	20
29802	4	9	1
29803	3	14	18
29804	3	16	17
29805	7	12	17
29806	16	12	17
29807	0	12	16
29808	0	19	12
29809	1	18	7
29810	1	17	15
29811	9	14	2
29812	5	7	9
29813	0	5	3
29814	6	4	15
29815	19	2	5
29816	19	11	4
29817	9	17	15
29818	12	8	15
29819	12	2	14
29820	3	6	20
29821	11	10	8
29822	18	17	8
29823	2	12	9
29824	6	12	20
29825	6	14	19
29826	13	6	1
29827	4	1	11
29828	11	3	4
29829	17	10	9
29830	1	13	18
29831	19	15	16
29832	1	11	7
29833	12	9	10
29834	7	5	16
29835	19	20	11
29836	6	16	7
29837	17	16	11
29838	19	13	2
29839	15	3	7
29840	4	14	6
29841	4	20	16
29842	18	6	12
29843	3	5	1
29844	0	9	11
29845	18	8	17
29846	3	17	2
29847	15	19	16
29848	3	6	10
29849	15	18	2
29850	14	11	1
29851	19	5	7
29852	19	13	2
29853	19	16	0
29854	0	3	12
29855	12	9	15
29856	16	5	3
29857	6	16	0
29858	6	19	2
29859	9	15	20
29860	3	11	18
29861	19	6	11
29862	12	3	5
29863	1	16	3
29864	13	17	7
29865	10	11	15
29866	4	2	19
29867	20	15	7
29868	13	2	10
29869	19	14	17
29870	19	4	12
29871	11	15	4
29872	14	1	5
29873	4	19	15
29874	5	20	15
29875	0	1	11
29876	5	15	19
29877	14	6	7
29878	16	13	10
29879	12	8	14
29880	4	9	7
29881	17	16	0
29882	13	2	19
29883	20	1	19
29884	20	6	16
29885	4	11	12
29886	12	18	4
29887	3	9	4
29888	13	10	17
29889	12	17	0
29890	2	19	10
29891	6	10	13
29892	0	19	3
29893	12	5	17
29894	10	2	14
29895	18	16	8
29896	19	6	12
29897	17	5	16
29898	16	15	10
29899	17	16	1
29900	19	3	6
29901	8	15	3
29902	12	8	17
29903	5	14	17
29904	0	7	14
29905	14	4	11
29906	7	11	6
29907	10	15	4
29908	5	15	17
29909	9	6	10
29910	2	18	19
29911	5	6	12
29912	15	16	1
29913	17	18	19
29914	8	19	4
29915	18	4	6
29916	1	0	3
29917	2	8	18
29918	1	16	2
29919	0	9	10
29920	11	1	20
29921	20	3	5
29922	12	4	6
29923	1	12	17
29924	17	10	6
29925	1	14	15
29926	11	8	2
29927	9	16	20
29928	2	8	3
29929	10	9	20
29930	15	4	1
29931	17	16	2
29932	2	17	14
29933	19	5	1
29934	9	15	13
29935	6	18	16
29936	8	9	15
29937	4	7	9
29938	13	5	6
29939	0	13	1
29940	13	11	16
29941	18	11	16
29942	17	10	16
29943	10	0	17
29944	15	20	16
29945	8	3	14
29946	6	9	5
29947	17	8	1
29948	13	10	0
29949	16	8	12
29950	20	2	7
29951	3	2	4
29952	2	8	13
29953	0	7	9
29954	13	17	10
29955	10	11	13
29956	5	3	9
29957	9	14	4
29958	8	11	20
29959	15	4	11
29960	2	3	16
29961	18	10	7
29962	10	16	5
29963	7	2	0
29964	15	5	9
29965	7	2	13
29966	14	2	4
29967	4	17	2
29968	19	14	5
29969	0	20	6
29970	20	17	1
29971	14	7	2
29972	15	20	3
29973	7	17	8
29974	7	12	10
29975	18	4	17
29976	12	1	15
29977	2	7	5
29978	5	2	14
29979	19	9	4
29980	14	6	13
29981	8	9	6
29982	8	18	3
29983	9	15	4
29984	4	14	1
29985	2	9	18
29986	4	8	5
29987	19	7	10
29988	4	20	3
29989	7	20	15
29990	10	3	0
29991	18	7	20
29992	19	1	11
29993	20	10	15
29994	2	6	5
29995	9	18	13
29996	8	19	15
29997	8	11	20
29998	11	3	5
29999	17	14	15
30000	5	10	14
30001	3	7	9
30002	9	5	18
30003	11	3	6
30004	20	0	18
30005	9	19	17
30006	1	5	15
30007	13	10	7
30008	11	4	12
30009	3	20	11
30010	8	7	10
30011	1	13	11
30012	11	4	20
30013	0	6	2
30014	18	9	12
30015	3	5	7
30016	17	1	7
30017	4	7	14
30018	20	7	3
30019	12	15	3
30020	16	11	10
30021	7	3	15
30022	9	8	17
30023	17	11	15
30024	19	11	20
30025	5	4	13
30026	19	7	13
30027	2	17	12
30028	13	0	12
30029	3	6	13
30030	5	3	4
30031	2	0	4
30032	14	10	0
30033	11	7	18
30034	13	17	20
30035	11	13	15
30036	11	4	10
30037	16	18	4
30038	17	14	20
30039	1	0	19
30040	13	18	10
30041	1	9	8
30042	12	8	11
30043	5	8	15
30044	17	7	12
30045	4	3	8
30046	15	13	10
30047	13	9	11
30048	17	1	4
30049	19	3	15
30050	17	0	6
30051	6	20	18
30052	10	18	12
30053	15	16	0
30054	17	18	10
30055	3	16	19
30056	17	14	7
30057	2	8	0
30058	0	6	17
30059	0	16	5
30060	2	13	3
30061	1	18	9
30062	19	10	20
30063	2	7	14
30064	15	0	17
30065	8	9	17
30066	1	15	0
30067	5	0	15
30068	14	3	4
30069	0	17	15
30070	6	5	18
30071	20	13	15
30072	16	19	20
30073	13	15	17
30074	9	11	5
30075	10	4	15
30076	16	0	4
30077	17	20	2
30078	8	0	10
30079	0	7	8
30080	20	8	18
30081	8	17	11
30082	12	8	16
30083	13	17	1
30084	10	19	20
30085	9	18	3
30086	18	19	3
30087	17	1	2
30088	17	10	0
30089	8	14	16
30090	15	10	13
30091	3	13	15
30092	5	8	3
30093	12	3	20
30094	5	19	10
30095	6	0	11
30096	15	6	16
30097	19	17	15
30098	3	0	10
30099	2	20	14
30100	9	17	7
30101	1	20	6
30102	2	14	11
30103	14	15	4
30104	1	11	6
30105	4	6	17
30106	6	1	3
30107	1	9	17
30108	7	4	10
30109	6	8	13
30110	9	13	14
30111	11	6	16
30112	18	7	10
30113	18	17	2
30114	6	3	9
30115	0	5	20
30116	15	8	6
30117	7	0	13
30118	20	9	1
30119	5	9	4
30120	2	10	20
30121	15	0	5
30122	15	2	1
30123	4	16	17
30124	12	3	10
30125	16	15	14
30126	6	19	8
30127	7	2	12
30128	17	12	18
30129	10	13	4
30130	6	13	18
30131	11	14	1
30132	18	15	10
30133	4	13	12
30134	11	19	15
30135	14	13	2
30136	3	16	15
30137	7	17	3
30138	7	11	17
30139	3	19	15
30140	4	8	13
30141	11	5	8
30142	8	17	5
30143	10	11	0
30144	16	20	15
30145	0	7	20
30146	11	4	10
30147	16	4	20
30148	14	7	11
30149	6	4	7
30150	4	16	2
30151	6	7	18
30152	0	14	18
30153	12	7	17
30154	6	3	10
30155	6	19	18
30156	7	17	8
30157	4	19	15
30158	16	0	14
30159	7	13	6
30160	0	15	4
30161	17	6	20
30162	1	14	17
30163	11	8	9
30164	12	2	19
30165	14	0	1
30166	8	3	13
30167	10	0	4
30168	4	17	19
30169	6	7	18
30170	14	9	19
30171	14	13	12
30172	13	1	7
30173	19	10	1
30174	15	20	13
30175	20	17	8
30176	19	10	1
30177	1	14	8
30178	13	8	2
30179	9	15	17
30180	11	7	5
30181	4	17	10
30182	1	17	6
30183	8	15	0
30184	7	20	6
30185	9	15	18
30186	11	13	16
30187	16	12	1
30188	6	7	14
30189	8	13	4
30190	13	6	11
30191	8	0	5
30192	4	10	13
30193	8	19	20
30194	4	14	20
30195	2	12	3
30196	20	11	18
30197	15	19	18
30198	6	16	20
30199	11	16	1
30200	12	11	2
30201	2	17	3
30202	20	3	16
30203	4	2	13
30204	12	11	17
30205	3	12	18
30206	2	5	4
30207	1	2	9
30208	20	17	15
30209	3	9	10
30210	15	9	17
30211	15	1	5
30212	13	0	7
30213	5	16	12
30214	8	2	3
30215	19	0	16
30216	11	18	16
30217	5	11	20
30218	5	4	11
30219	10	2	9
30220	13	2	10
30221	5	13	6
30222	16	4	12
30223	6	15	19
30224	3	6	2
30225	19	5	16
30226	1	16	11
30227	10	15	3
30228	14	1	8
30229	1	6	4
30230	11	3	7
30231	1	13	7
30232	3	20	11
30233	19	14	0
30234	19	5	6
30235	19	10	18
30236	6	17	8
30237	12	9	18
30238	13	6	2
30239	15	5	19
30240	3	13	7
30241	0	20	14
30242	7	12	15
30243	8	13	0
30244	9	5	8
30245	15	11	0
30246	14	19	8
30247	9	12	0
30248	0	6	18
30249	20	14	4
30250	20	8	17
30251	16	3	8
30252	15	18	17
30253	20	6	18
30254	8	20	2
30255	14	12	1
30256	6	16	15
30257	11	13	15
30258	10	13	16
30259	8	3	12
30260	19	18	0
30261	1	10	19
30262	0	10	1
30263	11	20	17
30264	11	0	2
30265	7	2	20
30266	2	19	7
30267	5	19	14
30268	16	6	12
30269	17	9	3
30270	14	19	4
30271	10	14	3
30272	16	19	12
30273	2	13	0
30274	6	9	20
30275	20	4	11
30276	18	15	16
30277	19	11	13
30278	10	17	0
30279	6	16	1
30280	5	1	20
30281	7	5	11
30282	13	7	2
30283	16	2	3
30284	15	4	1
30285	5	7	16
30286	11	17	19
30287	20	1	4
30288	5	14	16
30289	9	0	4
30290	16	15	11
30291	1	3	15
30292	7	10	5
30293	15	20	3
30294	3	14	20
30295	17	9	15
30296	3	8	5
30297	5	11	12
30298	4	11	0
30299	1	3	5
30300	1	14	12
30301	13	2	6
30302	2	17	9
30303	5	13	6
30304	17	3	13
30305	13	5	15
30306	10	18	9
30307	7	18	12
30308	9	13	6
30309	10	19	6
30310	2	10	14
30311	12	8	1
30312	13	14	0
30313	20	3	2
30314	7	2	17
30315	6	9	8
30316	13	3	12
30317	5	12	7
30318	7	17	11
30319	6	10	4
30320	3	15	17
30321	19	12	17
30322	20	15	14
30323	12	17	10
30324	8	7	6
30325	7	9	13
30326	0	18	16
30327	15	12	10
30328	5	15	19
30329	4	2	20
30330	11	9	17
30331	2	17	19
30332	20	13	2
30333	4	1	3
30334	18	6	15
30335	20	5	13
30336	12	1	10
30337	6	2	9
30338	11	2	1
30339	5	3	17
30340	17	18	19
30341	16	7	18
30342	16	1	7
30343	3	16	13
30344	20	4	19
30345	10	6	19
30346	4	8	0
30347	1	14	3
30348	2	3	15
30349	12	13	3
30350	17	15	10
30351	5	20	7
30352	20	8	17
30353	19	7	8
30354	15	4	9
30355	9	20	19
30356	7	4	18
30357	2	1	18
30358	10	7	2
30359	3	19	0
30360	2	6	15
30361	3	0	15
30362	5	20	10
30363	0	8	19
30364	12	6	18
30365	0	18	3
30366	9	16	3
30367	0	19	13
30368	20	19	2
30369	12	14	6
30370	19	9	4
30371	8	16	19
30372	7	0	5
30373	6	16	5
30374	11	20	9
30375	4	16	15
30376	17	1	9
30377	19	16	0
30378	9	17	18
30379	7	16	19
30380	12	0	14
30381	10	12	1
30382	6	12	9
30383	15	2	0
30384	1	2	8
30385	18	14	8
30386	10	8	14
30387	18	11	19
30388	12	0	11
30389	7	17	16
30390	19	6	12
30391	3	20	16
30392	13	2	10
30393	7	19	0
30394	12	16	19
30395	18	20	17
30396	6	13	7
30397	13	9	0
30398	7	13	2
30399	13	18	16
30400	19	2	0
30401	8	2	16
30402	0	10	13
30403	7	13	15
30404	20	4	14
30405	19	11	20
30406	19	14	13
30407	15	1	16
30408	19	3	13
30409	14	1	12
30410	1	11	2
30411	9	5	12
30412	5	4	12
30413	18	2	12
30414	11	18	13
30415	17	11	16
30416	19	0	17
30417	16	18	8
30418	6	20	0
30419	6	13	1
30420	19	3	5
30421	12	2	6
30422	20	13	18
30423	5	7	1
30424	20	14	19
30425	6	19	3
30426	9	10	4
30427	18	2	20
30428	19	12	3
30429	17	18	6
30430	8	20	14
30431	9	13	16
30432	8	15	6
30433	1	12	20
30434	13	8	7
30435	8	2	5
30436	3	19	6
30437	14	20	0
30438	10	3	16
30439	20	17	4
30440	16	1	7
30441	4	19	14
30442	6	12	3
30443	8	12	0
30444	19	1	0
30445	3	8	14
30446	17	10	9
30447	18	6	0
30448	16	9	14
30449	2	7	10
30450	17	1	11
30451	6	11	7
30452	15	3	8
30453	1	17	4
30454	7	14	16
30455	20	1	2
30456	14	16	3
30457	19	9	12
30458	14	5	2
30459	10	17	1
30460	9	12	19
30461	4	17	6
30462	0	12	8
30463	15	8	19
30464	11	2	20
30465	16	10	0
30466	10	16	9
30467	4	6	17
30468	4	12	11
30469	15	5	4
30470	4	9	6
30471	7	13	5
30472	3	9	20
30473	14	6	17
30474	19	10	17
30475	16	18	6
30476	6	9	14
30477	12	8	20
30478	17	5	3
30479	7	6	15
30480	15	1	2
30481	12	11	19
30482	18	11	2
30483	19	4	10
30484	18	13	20
30485	1	16	15
30486	11	1	17
30487	9	15	13
30488	17	19	11
30489	19	7	0
30490	3	12	6
30491	14	2	6
30492	4	16	15
30493	13	20	19
30494	4	7	19
30495	4	15	12
30496	8	0	20
30497	5	4	15
30498	18	14	5
30499	11	12	16
30500	15	16	3
30501	8	12	10
30502	5	17	7
30503	8	7	9
30504	16	19	13
30505	0	16	18
30506	19	8	9
30507	6	8	2
30508	17	18	6
30509	10	1	18
30510	6	18	7
30511	14	1	20
30512	18	9	8
30513	8	15	4
30514	4	17	0
30515	20	3	18
30516	3	18	5
30517	11	2	5
30518	4	2	11
30519	0	16	15
30520	15	11	9
30521	10	1	5
30522	12	18	5
30523	0	17	19
30524	7	14	13
30525	7	12	2
30526	18	16	4
30527	15	17	6
30528	2	4	13
30529	3	14	15
30530	5	8	3
30531	4	1	11
30532	15	0	20
30533	20	7	18
30534	9	12	20
30535	6	13	0
30536	20	10	5
30537	10	14	17
30538	6	16	2
30539	18	0	8
30540	10	3	15
30541	5	15	11
30542	9	18	1
30543	9	12	10
30544	19	18	8
30545	18	17	2
30546	14	10	9
30547	11	9	13
30548	15	0	12
30549	14	17	12
30550	2	12	10
30551	16	15	0
30552	18	7	15
30553	0	12	14
30554	11	5	1
30555	0	8	9
30556	8	15	11
30557	0	15	9
30558	19	12	0
30559	4	17	5
30560	16	12	7
30561	12	14	3
30562	0	5	13
30563	14	7	2
30564	17	1	16
30565	18	10	11
30566	4	3	9
30567	11	4	16
30568	11	9	7
30569	19	9	20
30570	7	8	11
30571	0	11	8
30572	17	16	1
30573	4	5	14
30574	1	7	9
30575	11	4	9
30576	1	10	14
30577	18	19	1
30578	5	9	20
30579	17	10	14
30580	20	17	2
30581	16	19	6
30582	2	5	10
30583	5	7	12
30584	9	18	16
30585	11	10	2
30586	19	0	2
30587	19	1	15
30588	7	19	2
30589	2	4	12
30590	17	14	7
30591	0	7	11
30592	6	12	8
30593	0	17	16
30594	18	4	13
30595	3	7	17
30596	8	4	20
30597	0	17	11
30598	7	5	10
30599	20	3	11
30600	0	17	19
30601	18	2	11
30602	19	18	10
30603	17	1	19
30604	16	14	8
30605	7	10	12
30606	2	17	7
30607	20	13	1
30608	15	4	1
30609	10	1	4
30610	18	7	10
30611	5	15	3
30612	1	19	11
30613	5	15	16
30614	6	9	17
30615	12	18	10
30616	20	5	0
30617	20	1	0
30618	13	7	4
30619	9	7	0
30620	10	17	11
30621	3	8	15
30622	18	5	1
30623	0	20	15
30624	8	4	12
30625	6	15	5
30626	19	10	6
30627	20	0	1
30628	11	2	17
30629	4	9	13
30630	16	0	19
30631	8	4	3
30632	4	13	18
30633	3	11	15
30634	10	13	6
30635	8	5	13
30636	17	1	3
30637	4	9	17
30638	0	9	14
30639	18	17	4
30640	5	19	7
30641	11	15	1
30642	11	9	13
30643	11	16	15
30644	5	6	1
30645	9	1	16
30646	17	2	16
30647	20	4	13
30648	17	9	3
30649	13	0	9
30650	5	20	8
30651	4	8	17
30652	19	7	16
30653	17	1	7
30654	8	18	14
30655	4	3	20
30656	7	16	9
30657	19	2	18
30658	7	11	2
30659	8	5	19
30660	7	9	1
30661	15	3	16
30662	1	5	20
30663	12	7	19
30664	16	10	18
30665	1	3	8
30666	5	12	16
30667	7	12	11
30668	8	11	15
30669	18	1	7
30670	18	20	14
30671	2	13	7
30672	16	3	18
30673	19	13	6
30674	12	4	5
30675	8	20	7
30676	16	18	5
30677	10	14	20
30678	20	4	9
30679	4	9	13
30680	19	15	10
30681	19	18	12
30682	11	16	2
30683	20	15	3
30684	1	7	20
30685	14	18	2
30686	2	17	8
30687	20	10	16
30688	17	10	18
30689	0	10	6
30690	18	16	4
30691	5	18	1
30692	1	8	17
30693	2	8	7
30694	12	20	11
30695	15	8	4
30696	16	2	19
30697	9	3	17
30698	5	2	16
30699	2	8	20
30700	7	12	14
30701	1	9	4
30702	18	8	15
30703	13	15	18
30704	17	18	8
30705	14	17	15
30706	7	9	19
30707	10	3	15
30708	12	1	9
30709	16	11	20
30710	19	9	3
30711	6	13	11
30712	4	19	12
30713	13	15	2
30714	1	6	16
30715	19	12	17
30716	14	7	19
30717	5	6	2
30718	7	12	16
30719	7	11	12
30720	15	1	3
30721	16	19	12
30722	13	9	2
30723	8	9	18
30724	15	11	10
30725	3	10	20
30726	17	14	10
30727	13	10	8
30728	11	18	12
30729	15	0	5
30730	10	12	13
30731	0	2	5
30732	6	14	7
30733	3	1	18
30734	1	2	16
30735	19	18	10
30736	1	9	6
30737	20	18	15
30738	17	2	16
30739	20	14	6
30740	4	14	15
30741	18	11	20
30742	2	18	16
30743	0	11	4
30744	2	4	16
30745	6	9	17
30746	8	17	15
30747	9	16	10
30748	2	1	6
30749	8	0	20
30750	10	16	9
30751	11	8	16
30752	17	0	6
30753	15	12	9
30754	2	6	16
30755	4	8	19
30756	13	7	18
30757	1	3	10
30758	19	1	12
30759	8	10	15
30760	14	12	4
30761	12	10	2
30762	0	16	13
30763	16	17	2
30764	1	15	5
30765	12	17	7
30766	5	0	18
30767	11	18	8
30768	3	0	2
30769	2	15	14
30770	5	19	16
30771	12	19	15
30772	15	19	4
30773	8	11	15
30774	20	19	17
30775	11	17	1
30776	4	16	10
30777	2	17	1
30778	14	0	16
30779	0	5	7
30780	7	13	3
30781	9	3	20
30782	0	17	13
30783	8	7	15
30784	19	15	18
30785	8	7	9
30786	7	0	14
30787	19	13	6
30788	6	19	20
30789	17	9	12
30790	0	7	17
30791	4	13	14
30792	15	13	11
30793	5	15	3
30794	5	1	0
30795	17	19	4
30796	0	11	17
30797	13	7	3
30798	1	5	20
30799	1	18	5
30800	10	9	16
30801	6	8	15
30802	4	2	18
30803	7	4	9
30804	7	0	1
30805	11	3	14
30806	0	9	4
30807	13	14	16
30808	10	14	2
30809	10	7	5
30810	1	10	4
30811	3	10	0
30812	17	0	12
30813	0	20	16
30814	16	5	7
30815	11	3	15
30816	4	14	9
30817	0	16	12
30818	5	12	4
30819	9	12	11
30820	2	9	16
30821	2	20	5
30822	4	19	3
30823	17	18	9
30824	14	9	12
30825	9	13	15
30826	8	2	1
30827	12	14	20
30828	3	6	2
30829	7	8	3
30830	16	8	7
30831	12	3	5
30832	3	1	19
30833	10	12	0
30834	18	10	5
30835	11	16	18
30836	20	9	10
30837	0	2	4
30838	19	2	0
30839	4	8	12
30840	14	5	17
30841	19	13	9
30842	3	2	4
30843	14	5	0
30844	19	4	8
30845	4	8	0
30846	10	13	6
30847	16	8	11
30848	15	3	13
30849	2	5	10
30850	19	3	16
30851	11	16	4
30852	18	0	6
30853	15	6	20
30854	1	0	16
30855	16	20	6
30856	0	15	2
30857	9	18	4
30858	3	9	15
30859	0	15	2
30860	16	9	17
30861	10	3	2
30862	6	12	20
30863	11	5	3
30864	4	13	20
30865	19	1	5
30866	12	2	9
30867	10	11	12
30868	8	2	15
30869	3	19	10
30870	17	9	12
30871	12	6	13
30872	18	19	1
30873	7	5	14
30874	8	4	2
30875	3	11	12
30876	2	20	0
30877	9	18	10
30878	4	17	20
30879	16	13	2
30880	17	2	15
30881	11	13	20
30882	12	3	10
30883	20	13	5
30884	14	3	4
30885	18	9	7
30886	6	12	7
30887	4	5	6
30888	6	9	16
30889	2	3	6
30890	4	1	19
30891	16	13	9
30892	2	1	20
30893	7	8	19
30894	7	10	14
30895	2	20	6
30896	8	10	19
30897	1	12	10
30898	8	10	2
30899	20	15	11
30900	17	16	12
30901	4	14	13
30902	5	6	4
30903	1	15	4
30904	4	14	7
30905	16	15	18
30906	13	5	8
30907	16	15	19
30908	6	1	20
30909	1	19	13
30910	4	10	13
30911	4	11	20
30912	5	12	16
30913	11	15	13
30914	5	2	16
30915	16	20	5
30916	11	10	6
30917	2	16	13
30918	3	15	1
30919	20	19	2
30920	15	12	19
30921	17	0	9
30922	19	7	13
30923	15	10	2
30924	14	5	7
30925	12	16	18
30926	8	9	4
30927	19	15	6
30928	4	13	14
30929	3	9	7
30930	17	16	0
30931	8	9	7
30932	2	16	4
30933	0	17	15
30934	8	15	3
30935	13	0	19
30936	20	16	13
30937	20	18	15
30938	14	5	15
30939	19	0	8
30940	16	4	14
30941	9	18	8
30942	3	11	1
30943	13	12	1
30944	10	6	9
30945	15	9	19
30946	4	14	19
30947	19	12	14
30948	9	3	8
30949	4	2	5
30950	4	9	5
30951	2	17	11
30952	0	7	1
30953	12	14	6
30954	6	4	18
30955	13	8	7
30956	20	2	5
30957	1	16	15
30958	3	8	14
30959	16	7	10
30960	2	8	4
30961	5	4	12
30962	16	12	8
30963	19	8	7
30964	15	17	19
30965	15	13	18
30966	11	7	1
30967	6	10	20
30968	9	14	15
30969	14	8	5
30970	3	6	13
30971	7	20	2
30972	13	2	14
30973	20	4	8
30974	12	19	5
30975	17	19	16
30976	17	3	1
30977	3	16	10
30978	19	14	11
30979	12	17	18
30980	10	15	18
30981	15	3	12
30982	8	1	15
30983	14	17	9
30984	3	19	5
30985	20	14	1
30986	10	6	16
30987	8	17	18
30988	18	11	10
30989	3	14	12
30990	13	8	9
30991	2	7	8
30992	11	4	13
30993	3	12	1
30994	0	8	20
30995	6	8	12
30996	11	20	8
30997	6	20	18
30998	6	4	10
30999	18	15	2
31000	18	5	0
31001	1	15	8
31002	2	1	16
31003	11	15	18
31004	6	7	14
31005	11	8	12
31006	9	17	19
31007	6	12	19
31008	13	16	11
31009	5	14	19
31010	1	8	6
31011	12	18	7
31012	13	1	16
31013	8	4	5
31014	8	2	17
31015	6	5	18
31016	20	10	1
31017	18	20	13
31018	5	11	15
31019	3	7	8
31020	10	6	2
31021	13	3	6
31022	3	17	2
31023	8	4	7
31024	0	18	17
31025	4	17	3
31026	11	19	8
31027	7	9	11
31028	20	9	13
31029	8	20	16
31030	8	18	11
31031	10	16	2
31032	6	12	10
31033	12	5	3
31034	12	17	10
31035	4	16	10
31036	3	0	19
31037	5	2	1
31038	17	4	1
31039	0	17	10
31040	19	15	2
31041	7	15	13
31042	8	9	5
31043	4	7	0
31044	17	1	3
31045	6	4	16
31046	4	12	11
31047	20	14	16
31048	16	10	11
31049	2	11	10
31050	2	14	10
31051	8	9	10
31052	16	18	13
31053	5	12	0
31054	8	13	0
31055	8	7	1
31056	15	6	1
31057	11	0	20
31058	7	19	13
31059	1	18	13
31060	11	14	18
31061	20	16	6
31062	5	16	12
31063	19	3	5
31064	12	17	5
31065	11	6	17
31066	9	2	1
31067	3	15	19
31068	10	17	8
31069	14	6	4
31070	20	7	12
31071	2	16	5
31072	19	12	5
31073	13	8	11
31074	6	4	2
31075	0	1	14
31076	14	16	8
31077	11	18	17
31078	19	14	7
31079	5	1	17
31080	4	14	2
31081	2	0	17
31082	4	7	15
31083	16	4	2
31084	8	15	12
31085	5	14	19
31086	15	7	1
31087	17	7	8
31088	0	15	12
31089	5	4	19
31090	2	19	18
31091	13	5	19
31092	16	6	19
31093	19	20	1
31094	6	15	3
31095	20	19	18
31096	14	13	17
31097	3	0	10
31098	2	7	12
31099	1	6	15
31100	16	0	20
31101	14	4	19
31102	8	14	20
31103	4	0	16
31104	3	9	19
31105	20	3	15
31106	7	14	2
31107	12	18	4
31108	7	16	19
31109	11	15	14
31110	16	9	12
31111	11	0	18
31112	18	11	7
31113	13	1	11
31114	11	6	2
31115	19	14	2
31116	20	18	7
31117	14	20	10
31118	9	16	20
31119	15	4	19
31120	18	6	16
31121	6	10	17
31122	19	3	0
31123	18	7	12
31124	12	5	13
31125	7	8	13
31126	18	7	4
31127	12	6	4
31128	2	17	16
31129	11	1	9
31130	15	4	20
31131	5	9	19
31132	19	20	0
31133	0	3	12
31134	13	14	6
31135	7	12	3
31136	6	16	2
31137	5	11	2
31138	5	17	12
31139	17	6	12
31140	18	0	5
31141	5	18	13
31142	12	14	0
31143	19	14	15
31144	5	17	4
31145	9	0	4
31146	14	9	0
31147	14	5	17
31148	13	18	5
31149	3	20	1
31150	16	2	3
31151	10	0	20
31152	17	1	10
31153	9	10	14
31154	12	3	10
31155	20	6	14
31156	0	1	18
31157	5	16	2
31158	3	0	17
31159	16	12	6
31160	19	0	13
31161	8	11	4
31162	1	20	2
31163	16	10	6
31164	10	7	11
31165	19	8	15
31166	9	8	6
31167	8	13	4
31168	6	7	8
31169	3	13	15
31170	18	7	8
31171	18	9	5
31172	12	9	14
31173	12	4	5
31174	12	3	13
31175	6	2	5
31176	4	2	17
31177	20	12	5
31178	4	3	9
31179	7	16	11
31180	17	2	4
31181	16	2	19
31182	11	14	20
31183	9	4	16
31184	9	18	15
31185	15	16	8
31186	19	17	5
31187	2	10	5
31188	17	12	8
31189	1	15	13
31190	2	0	19
31191	1	8	19
31192	18	20	4
31193	6	7	18
31194	9	17	16
31195	19	1	9
31196	3	17	1
31197	18	4	5
31198	14	9	1
31199	15	20	10
31200	0	15	20
31201	12	10	4
31202	15	9	2
31203	20	2	15
31204	11	0	3
31205	9	12	15
31206	19	6	20
31207	4	1	6
31208	3	8	18
31209	8	18	11
31210	14	13	12
31211	4	12	20
31212	12	0	7
31213	0	13	16
31214	8	9	11
31215	4	5	19
31216	19	9	1
31217	13	1	12
31218	17	13	15
31219	1	14	5
31220	17	20	0
31221	7	13	1
31222	14	7	15
31223	14	18	11
31224	9	11	17
31225	2	4	11
31226	8	10	13
31227	7	6	1
31228	4	3	2
31229	20	16	2
31230	11	13	17
31231	2	1	3
31232	15	5	13
31233	8	13	17
31234	2	9	16
31235	19	0	15
31236	14	6	20
31237	4	17	0
31238	1	7	3
31239	6	7	8
31240	8	1	0
31241	12	6	20
31242	0	6	13
31243	14	0	9
31244	13	17	19
31245	13	3	16
31246	13	0	19
31247	15	0	7
31248	18	6	3
31249	20	14	18
31250	4	10	15
31251	17	7	0
31252	10	0	3
31253	19	15	2
31254	12	10	17
31255	11	0	17
31256	17	11	1
31257	11	5	9
31258	4	14	17
31259	7	2	15
31260	18	11	16
31261	0	11	14
31262	4	0	19
31263	17	1	10
31264	7	8	19
31265	13	0	10
31266	7	10	5
31267	8	1	5
31268	1	6	10
31269	13	11	5
31270	0	15	14
31271	0	16	13
31272	11	20	18
31273	16	10	8
31274	3	17	9
31275	17	6	16
31276	10	19	16
31277	9	3	13
31278	14	18	9
31279	11	5	17
31280	0	19	5
31281	9	14	8
31282	7	2	0
31283	0	7	1
31284	0	18	19
31285	13	19	10
31286	14	3	4
31287	8	4	7
31288	9	6	18
31289	2	18	16
31290	5	3	13
31291	10	17	19
31292	2	16	13
31293	0	6	15
31294	13	8	0
31295	3	12	0
31296	2	13	19
31297	0	3	1
31298	16	20	1
31299	10	4	15
31300	3	13	5
31301	18	15	3
31302	8	3	0
31303	7	20	6
31304	1	4	17
31305	7	16	12
31306	5	14	19
31307	9	6	13
31308	20	11	10
31309	14	4	5
31310	2	11	3
31311	11	20	13
31312	20	5	19
31313	2	3	7
31314	2	5	4
31315	11	17	6
31316	3	7	0
31317	20	6	14
31318	8	2	4
31319	1	16	13
31320	11	14	5
31321	20	7	15
31322	7	16	9
31323	1	16	10
31324	7	12	18
31325	16	15	10
31326	8	20	4
31327	3	15	8
31328	20	9	12
31329	6	4	13
31330	6	3	18
31331	17	6	15
31332	19	8	10
31333	17	2	15
31334	8	14	0
31335	17	5	2
31336	16	6	14
31337	4	9	19
31338	19	17	13
31339	1	14	4
31340	17	16	18
31341	5	6	16
31342	7	9	19
31343	0	19	20
31344	3	17	11
31345	9	17	5
31346	3	16	0
31347	13	3	6
31348	10	8	14
31349	2	13	12
31350	3	16	15
31351	19	18	3
31352	7	18	17
31353	15	8	9
31354	2	11	6
31355	2	15	5
31356	14	5	15
31357	4	18	14
31358	13	11	4
31359	8	4	3
31360	14	2	4
31361	3	1	7
31362	12	1	0
31363	1	0	3
31364	13	3	18
31365	14	11	5
31366	18	8	10
31367	19	7	12
31368	8	4	0
31369	1	11	19
31370	17	11	1
31371	12	19	11
31372	3	17	10
31373	19	0	11
31374	8	0	18
31375	19	12	8
31376	18	10	12
31377	10	8	12
31378	20	17	7
31379	2	10	19
31380	14	16	8
31381	17	1	18
31382	4	16	2
31383	2	20	4
31384	17	9	15
31385	18	14	19
31386	5	10	0
31387	16	15	13
31388	1	6	9
31389	19	1	8
31390	10	6	8
31391	13	9	12
31392	9	11	16
31393	6	17	7
31394	15	17	8
31395	13	4	6
31396	15	18	8
31397	17	13	4
31398	2	1	19
31399	13	0	7
31400	9	13	12
31401	14	3	1
31402	17	1	6
31403	11	19	18
31404	19	18	1
31405	8	19	5
31406	14	4	20
31407	8	14	20
31408	9	14	19
31409	4	19	11
31410	1	11	5
31411	17	20	10
31412	10	15	19
31413	4	14	6
31414	0	9	10
31415	12	5	15
31416	4	17	15
31417	4	2	15
31418	1	16	5
31419	7	20	8
31420	11	12	0
31421	3	4	7
31422	4	14	19
31423	5	4	20
31424	5	11	4
31425	3	5	8
31426	19	5	12
31427	1	15	5
31428	1	6	5
31429	3	5	17
31430	10	15	3
31431	9	4	2
31432	9	6	17
31433	20	7	9
31434	0	2	15
31435	8	13	1
31436	14	16	11
31437	6	1	0
31438	11	0	4
31439	19	16	1
31440	4	0	16
31441	20	9	19
31442	4	2	13
31443	14	3	9
31444	17	8	1
31445	4	15	8
31446	8	0	7
31447	20	15	18
31448	3	1	4
31449	8	0	2
31450	7	16	9
31451	13	4	0
31452	4	13	5
31453	19	9	4
31454	20	12	18
31455	13	9	14
31456	17	10	13
31457	0	16	18
31458	0	8	1
31459	11	7	0
31460	15	9	0
31461	8	14	20
31462	5	15	0
31463	14	15	10
31464	10	11	3
31465	13	6	16
31466	10	14	4
31467	11	5	7
31468	18	12	15
31469	13	4	14
31470	12	1	15
31471	13	17	1
31472	5	12	1
31473	13	8	16
31474	15	14	16
31475	20	9	5
31476	2	0	8
31477	16	19	4
31478	20	2	10
31479	11	1	0
31480	20	10	18
31481	19	4	10
31482	15	6	10
31483	18	10	16
31484	20	17	1
31485	8	0	3
31486	12	16	5
31487	9	5	10
31488	10	12	7
31489	8	7	15
31490	3	16	12
31491	1	0	16
31492	8	11	12
31493	4	12	1
31494	5	10	18
31495	3	17	7
31496	2	1	17
31497	3	10	8
31498	3	10	2
31499	14	3	19
31500	6	15	11
31501	18	19	2
31502	7	13	15
31503	16	17	11
31504	12	6	18
31505	0	10	18
31506	15	3	18
31507	3	17	15
31508	16	18	20
31509	4	1	10
31510	12	8	5
31511	8	12	9
31512	4	15	2
31513	8	15	14
31514	17	18	11
31515	15	6	5
31516	20	19	8
31517	15	17	3
31518	9	16	7
31519	11	5	7
31520	0	11	13
31521	0	2	11
31522	14	0	1
31523	11	8	9
31524	0	5	3
31525	15	14	11
31526	9	18	17
31527	2	1	20
31528	15	9	14
31529	18	20	16
31530	19	8	13
31531	20	7	8
31532	12	17	11
31533	19	6	10
31534	20	16	8
31535	19	1	5
31536	16	17	20
31537	6	12	7
31538	6	8	1
31539	3	13	11
31540	12	13	2
31541	8	16	18
31542	19	7	6
31543	7	9	19
31544	19	20	10
31545	11	19	2
31546	10	0	19
31547	15	11	17
31548	5	12	2
31549	15	0	4
31550	8	2	7
31551	18	17	3
31552	4	8	14
31553	18	0	20
31554	18	13	5
31555	2	12	10
31556	13	4	12
31557	5	10	8
31558	4	17	9
31559	4	2	5
31560	6	4	18
31561	14	15	8
31562	3	6	12
31563	3	11	10
31564	17	19	0
31565	10	8	5
31566	13	12	17
31567	3	15	5
31568	6	3	13
31569	20	10	8
31570	0	17	19
31571	20	3	12
31572	8	7	2
31573	9	17	18
31574	19	20	14
31575	14	7	11
31576	19	11	8
31577	10	3	1
31578	3	6	20
31579	2	17	18
31580	17	16	9
31581	2	8	6
31582	13	6	10
31583	16	2	14
31584	14	1	2
31585	13	10	9
31586	2	10	16
31587	8	14	0
31588	19	11	20
31589	15	17	11
31590	6	0	17
31591	13	3	0
31592	19	17	8
31593	5	2	20
31594	20	17	7
31595	6	17	7
31596	16	15	0
31597	1	13	11
31598	19	9	20
31599	9	13	2
31600	2	6	5
31601	10	14	5
31602	6	8	10
31603	4	5	15
31604	16	1	18
31605	9	17	20
31606	0	7	14
31607	8	1	12
31608	2	6	3
31609	13	11	2
31610	3	15	13
31611	2	15	6
31612	9	14	17
31613	16	20	4
31614	2	18	8
31615	5	2	15
31616	11	18	0
31617	9	1	18
31618	13	18	4
31619	13	2	6
31620	9	2	10
31621	2	0	10
31622	3	9	1
31623	3	12	2
31624	3	7	11
31625	20	16	3
31626	11	10	14
31627	9	20	12
31628	18	16	2
31629	20	8	16
31630	15	18	5
31631	8	1	19
31632	19	15	5
31633	10	7	17
31634	16	7	17
31635	5	10	8
31636	7	2	19
31637	7	20	10
31638	1	16	14
31639	19	5	7
31640	8	19	4
31641	6	2	4
31642	2	5	14
31643	17	10	9
31644	6	15	8
31645	0	17	2
31646	1	19	12
31647	18	2	19
31648	7	18	12
31649	3	11	8
31650	10	16	6
31651	16	13	15
31652	0	9	5
31653	6	15	7
31654	0	2	7
31655	20	15	0
31656	20	7	12
31657	6	8	18
31658	16	2	4
31659	9	2	14
31660	16	4	11
31661	17	2	15
31662	9	2	14
31663	7	20	15
31664	3	15	1
31665	19	11	1
31666	2	0	15
31667	0	15	6
31668	9	8	1
31669	13	17	1
31670	18	10	7
31671	15	12	14
31672	5	16	7
31673	20	16	17
31674	9	4	19
31675	14	3	8
31676	11	8	13
31677	17	0	4
31678	7	1	13
31679	18	2	11
31680	9	4	7
31681	9	12	13
31682	11	7	19
31683	3	6	17
31684	19	20	16
31685	1	2	0
31686	18	16	13
31687	0	10	20
31688	18	19	12
31689	6	8	16
31690	0	20	17
31691	13	4	11
31692	2	12	14
31693	19	14	5
31694	7	5	15
31695	3	12	16
31696	4	5	8
31697	3	19	18
31698	9	16	5
31699	15	5	3
31700	16	15	20
31701	20	6	5
31702	9	3	15
31703	14	20	7
31704	19	5	7
31705	13	11	17
31706	0	17	11
31707	11	15	6
31708	0	10	6
31709	8	15	5
31710	17	11	19
31711	11	15	2
31712	0	18	5
31713	12	5	17
31714	13	3	15
31715	4	1	0
31716	18	16	6
31717	11	16	20
31718	13	17	20
31719	2	11	1
31720	17	1	20
31721	0	9	18
31722	18	3	14
31723	19	3	8
31724	4	13	12
31725	10	13	2
31726	16	3	6
31727	2	10	16
31728	6	10	3
31729	9	10	19
31730	3	18	12
31731	11	7	2
31732	4	13	18
31733	14	6	3
31734	7	16	1
31735	12	7	14
31736	19	4	14
31737	7	18	16
31738	11	18	1
31739	16	8	19
31740	18	13	11
31741	8	5	9
31742	15	0	1
31743	20	0	16
31744	4	17	7
31745	13	1	20
31746	9	1	15
31747	13	20	19
31748	18	20	1
31749	18	2	8
31750	13	15	2
31751	16	3	13
31752	16	9	11
31753	19	15	12
31754	18	20	19
31755	8	20	2
31756	7	9	13
31757	9	4	7
31758	16	18	20
31759	5	8	2
31760	14	10	0
31761	4	14	8
31762	9	4	10
31763	15	4	18
31764	2	7	4
31765	16	10	18
31766	19	0	7
31767	1	16	18
31768	2	3	11
31769	4	14	13
31770	2	7	8
31771	13	20	6
31772	14	5	10
31773	16	15	2
31774	19	11	17
31775	18	19	14
31776	10	13	19
31777	5	1	17
31778	4	14	17
31779	19	4	6
31780	11	15	8
31781	1	14	20
31782	12	0	11
31783	6	13	2
31784	4	18	19
31785	15	2	9
31786	20	1	18
31787	17	3	14
31788	5	8	12
31789	5	3	6
31790	15	13	2
31791	14	8	6
31792	5	0	7
31793	3	9	7
31794	16	4	19
31795	2	9	19
31796	20	1	9
31797	18	11	12
31798	11	16	6
31799	2	0	7
31800	16	18	13
31801	20	2	4
31802	19	13	12
31803	18	0	13
31804	17	7	19
31805	1	3	12
31806	0	19	20
31807	2	19	13
31808	11	13	12
31809	11	4	10
31810	7	3	17
31811	16	5	8
31812	9	13	4
31813	15	0	7
31814	2	16	11
31815	13	17	10
31816	11	3	15
31817	1	20	0
31818	19	11	10
31819	2	17	14
31820	17	6	10
31821	14	9	0
31822	9	11	10
31823	13	12	19
31824	0	4	18
31825	16	3	11
31826	4	12	14
31827	1	3	18
31828	5	20	19
31829	7	6	10
31830	7	5	1
31831	10	3	0
31832	9	2	5
31833	4	11	14
31834	19	6	7
31835	13	10	14
31836	0	9	7
31837	2	11	15
31838	9	5	13
31839	1	12	0
31840	17	11	1
31841	1	6	15
31842	8	10	4
31843	2	11	12
31844	10	17	13
31845	4	9	7
31846	10	15	1
31847	15	20	7
31848	12	13	2
31849	20	5	13
31850	8	7	20
31851	1	0	7
31852	12	10	17
31853	19	13	9
31854	7	8	13
31855	9	0	1
31856	7	3	17
31857	15	13	1
31858	19	3	14
31859	15	16	19
31860	0	1	4
31861	12	5	16
31862	3	13	1
31863	20	16	12
31864	10	6	4
31865	15	1	10
31866	16	0	8
31867	12	18	14
31868	19	4	7
31869	13	11	6
31870	1	4	5
31871	16	5	14
31872	6	8	7
31873	15	18	5
31874	12	17	2
31875	7	0	16
31876	4	9	1
31877	13	10	2
31878	2	12	11
31879	3	18	2
31880	14	3	20
31881	20	7	17
31882	13	14	6
31883	17	3	6
31884	3	9	10
31885	4	8	2
31886	1	5	14
31887	2	9	20
31888	11	15	14
31889	19	11	15
31890	6	10	12
31891	16	17	4
31892	12	9	13
31893	15	18	20
31894	10	4	5
31895	2	12	5
31896	17	15	10
31897	12	13	20
31898	18	19	2
31899	18	4	6
31900	11	16	13
31901	4	9	6
31902	10	5	12
31903	11	17	18
31904	11	20	6
31905	3	9	11
31906	8	17	9
31907	11	17	13
31908	13	16	19
31909	7	12	6
31910	5	17	3
31911	14	11	9
31912	8	5	10
31913	7	13	6
31914	1	7	5
31915	15	2	20
31916	7	6	14
31917	4	7	3
31918	16	3	17
31919	4	12	13
31920	1	17	5
31921	14	15	4
31922	20	12	8
31923	6	0	11
31924	16	4	2
31925	7	12	16
31926	16	17	5
31927	0	7	11
31928	5	12	20
31929	12	20	17
31930	6	11	14
31931	3	14	7
31932	20	5	10
31933	9	2	20
31934	14	11	4
31935	7	17	3
31936	4	16	11
31937	12	7	0
31938	8	11	9
31939	17	18	20
31940	15	20	7
31941	5	7	10
31942	14	0	11
31943	17	14	0
31944	9	19	13
31945	5	3	18
31946	14	0	16
31947	3	16	12
31948	12	7	19
31949	0	2	18
31950	3	13	14
31951	0	1	3
31952	7	13	3
31953	12	6	13
31954	13	20	5
31955	1	12	19
31956	5	8	3
31957	4	19	17
31958	2	4	5
31959	2	3	1
31960	18	13	10
31961	10	19	18
31962	10	11	13
31963	1	13	5
31964	3	1	20
31965	16	4	19
31966	19	1	20
31967	17	14	2
31968	2	17	18
31969	10	13	17
31970	15	2	8
31971	18	12	14
31972	6	17	2
31973	6	20	8
31974	4	0	16
31975	14	7	4
31976	12	17	13
31977	20	14	6
31978	10	17	20
31979	1	13	12
31980	15	9	18
31981	6	0	19
31982	18	11	9
31983	8	10	9
31984	12	14	17
31985	0	16	13
31986	4	2	5
31987	6	14	13
31988	3	12	9
31989	8	19	17
31990	20	5	1
31991	20	3	12
31992	6	5	17
31993	17	15	19
31994	19	4	3
31995	19	1	12
31996	15	19	2
31997	6	3	10
31998	9	2	20
31999	6	13	5
32000	11	0	1
32001	18	13	14
32002	0	12	20
32003	7	11	15
32004	2	1	4
32005	17	15	4
32006	1	19	0
32007	20	0	4
32008	13	11	2
32009	8	3	0
32010	6	9	10
32011	2	14	16
32012	2	18	11
32013	3	1	16
32014	1	10	6
32015	7	4	10
32016	2	7	1
32017	17	13	6
32018	16	2	20
32019	13	1	8
32020	13	5	18
32021	1	12	16
32022	19	20	7
32023	10	0	1
32024	9	12	1
32025	6	18	13
32026	16	20	2
32027	20	5	12
32028	14	18	15
32029	0	12	2
32030	12	20	0
32031	13	2	12
32032	13	17	1
32033	7	0	20
32034	9	15	13
32035	11	1	6
32036	15	18	19
32037	0	8	19
32038	10	3	19
32039	6	0	20
32040	0	11	7
32041	9	15	8
32042	4	14	10
32043	1	14	20
32044	4	10	12
32045	5	13	2
32046	7	5	14
32047	4	15	5
32048	9	1	12
32049	19	18	0
32050	9	19	16
32051	16	11	19
32052	15	12	2
32053	16	8	18
32054	19	18	16
32055	12	7	17
32056	9	4	12
32057	14	8	2
32058	18	3	0
32059	7	16	19
32060	5	18	11
32061	11	16	12
32062	4	16	2
32063	7	0	18
32064	5	20	2
32065	7	1	11
32066	11	2	5
32067	14	2	16
32068	11	15	18
32069	2	4	6
32070	19	9	7
32071	5	1	8
32072	18	3	11
32073	7	4	9
32074	10	1	11
32075	8	16	17
32076	7	15	6
32077	15	17	6
32078	7	1	10
32079	18	8	7
32080	10	7	16
32081	15	11	9
32082	15	0	11
32083	17	5	16
32084	7	13	2
32085	1	9	13
32086	8	7	1
32087	9	2	5
32088	2	19	9
32089	8	15	10
32090	6	14	9
32091	12	13	4
32092	12	0	8
32093	0	20	4
32094	10	9	19
32095	1	6	16
32096	13	5	12
32097	5	17	14
32098	14	7	15
32099	1	2	10
32100	18	5	2
32101	1	11	17
32102	20	10	9
32103	2	20	6
32104	20	16	7
32105	9	6	18
32106	3	14	2
32107	1	14	3
32108	7	1	10
32109	2	11	5
32110	16	1	7
32111	12	11	9
32112	16	15	6
32113	3	5	20
32114	16	17	15
32115	0	13	1
32116	14	12	15
32117	20	8	4
32118	20	14	8
32119	8	2	9
32120	14	19	13
32121	6	18	12
32122	9	19	10
32123	4	17	9
32124	6	5	13
32125	16	20	8
32126	12	13	17
32127	10	1	16
32128	1	16	3
32129	10	11	13
32130	17	8	10
32131	5	18	7
32132	13	12	14
32133	18	14	6
32134	16	12	2
32135	19	14	13
32136	11	17	19
32137	10	12	16
32138	13	6	9
32139	18	12	1
32140	4	5	19
32141	4	17	14
32142	12	1	2
32143	20	17	2
32144	14	1	2
32145	8	2	17
32146	0	14	6
32147	0	3	16
32148	11	10	9
32149	12	14	8
32150	11	14	4
32151	17	3	7
32152	8	11	19
32153	1	11	13
32154	2	18	7
32155	3	15	12
32156	16	3	13
32157	6	18	11
32158	19	18	1
32159	17	12	11
32160	10	2	12
32161	15	2	18
32162	17	1	18
32163	17	16	2
32164	11	17	18
32165	5	16	12
32166	10	6	14
32167	8	2	0
32168	8	13	11
32169	16	3	4
32170	3	14	9
32171	9	3	20
32172	0	19	1
32173	20	6	11
32174	16	4	12
32175	4	14	9
32176	5	18	0
32177	13	8	0
32178	2	3	13
32179	11	19	15
32180	5	10	11
32181	2	14	6
32182	5	6	10
32183	19	7	8
32184	19	12	7
32185	12	15	20
32186	6	15	8
32187	0	10	5
32188	6	1	20
32189	7	11	6
32190	20	17	9
32191	12	7	0
32192	18	17	2
32193	11	10	2
32194	9	3	11
32195	9	8	3
32196	20	5	14
32197	1	8	5
32198	8	4	6
32199	4	20	15
32200	4	2	18
32201	14	11	13
32202	7	1	5
32203	4	19	3
32204	14	1	9
32205	20	4	9
32206	8	2	13
32207	13	16	17
32208	11	4	15
32209	20	17	10
32210	14	15	6
32211	16	17	7
32212	17	5	1
32213	17	3	19
32214	8	15	17
32215	7	9	16
32216	12	7	5
32217	5	12	1
32218	7	11	1
32219	10	6	4
32220	7	20	0
32221	20	16	15
32222	7	2	10
32223	8	19	10
32224	18	0	20
32225	3	8	2
32226	5	4	11
32227	17	4	0
32228	19	14	18
32229	6	17	14
32230	8	10	0
32231	16	1	11
32232	8	20	10
32233	2	14	1
32234	4	18	20
32235	20	3	2
32236	9	3	6
32237	2	13	17
32238	13	2	10
32239	0	16	13
32240	3	5	2
32241	9	4	20
32242	20	15	19
32243	3	5	10
32244	7	14	12
32245	2	18	1
32246	3	14	9
32247	8	15	1
32248	9	20	13
32249	12	1	8
32250	6	3	14
32251	14	16	2
32252	5	8	20
32253	16	13	17
32254	4	14	12
32255	7	8	14
32256	10	7	20
32257	19	10	8
32258	14	8	6
32259	16	3	4
32260	4	10	0
32261	19	12	3
32262	8	15	11
32263	10	7	9
32264	1	5	4
32265	12	16	8
32266	1	16	18
32267	1	6	8
32268	6	10	14
32269	5	2	3
32270	19	1	2
32271	1	6	12
32272	1	0	6
32273	14	17	19
32274	19	7	20
32275	12	18	6
32276	3	20	14
32277	5	0	14
32278	11	5	8
32279	12	3	2
32280	3	15	20
32281	9	14	16
32282	6	11	7
32283	4	2	15
32284	17	6	2
32285	3	16	10
32286	9	1	5
32287	3	19	20
32288	5	16	0
32289	2	12	3
32290	3	5	15
32291	1	7	4
32292	11	6	17
32293	14	15	10
32294	7	6	17
32295	20	16	10
32296	8	7	18
32297	20	2	0
32298	15	7	4
32299	12	7	14
32300	6	5	7
32301	13	20	10
32302	20	15	5
32303	8	5	3
32304	9	18	1
32305	7	5	1
32306	0	10	2
32307	5	20	7
32308	13	7	10
32309	7	12	14
32310	16	3	14
32311	12	19	6
32312	1	7	13
32313	17	19	5
32314	14	8	18
32315	16	10	4
32316	6	16	7
32317	15	8	1
32318	3	20	13
32319	9	12	15
32320	17	10	9
32321	7	0	2
32322	6	3	1
32323	3	10	0
32324	15	4	8
32325	15	0	18
32326	4	16	6
32327	14	6	5
32328	12	10	15
32329	1	20	6
32330	19	20	13
32331	8	7	1
32332	18	8	6
32333	19	13	8
32334	3	11	1
32335	11	2	17
32336	1	8	13
32337	16	20	5
32338	8	2	11
32339	2	18	3
32340	18	10	14
32341	6	5	1
32342	8	3	10
32343	11	0	6
32344	15	16	1
32345	8	6	10
32346	6	3	10
32347	3	18	13
32348	6	14	15
32349	2	13	15
32350	0	2	9
32351	11	20	14
32352	8	9	12
32353	4	3	9
32354	10	1	6
32355	5	11	18
32356	11	17	16
32357	19	12	8
32358	9	18	1
32359	3	18	20
32360	7	3	5
32361	9	11	13
32362	1	16	15
32363	4	0	11
32364	19	3	12
32365	9	19	5
32366	13	15	10
32367	5	13	1
32368	10	15	7
32369	13	16	4
32370	2	16	3
32371	11	18	0
32372	20	1	11
32373	9	10	1
32374	18	9	12
32375	17	11	9
32376	4	19	15
32377	19	7	9
32378	20	1	14
32379	8	5	16
32380	4	14	2
32381	6	0	1
32382	16	11	8
32383	5	20	3
32384	19	2	4
32385	12	8	11
32386	4	7	17
32387	18	11	4
32388	15	6	13
32389	10	1	20
32390	4	10	1
32391	5	19	2
32392	13	3	2
32393	19	11	3
32394	12	19	11
32395	14	18	1
32396	9	12	17
32397	3	4	19
32398	1	6	16
32399	11	0	1
32400	9	12	15
32401	1	0	4
32402	17	19	15
32403	2	19	20
32404	2	0	16
32405	19	12	4
32406	15	18	19
32407	3	13	15
32408	17	19	1
32409	15	20	13
32410	11	5	12
32411	8	2	18
32412	13	7	0
32413	15	7	20
32414	15	19	12
32415	14	18	15
32416	20	8	12
32417	18	0	1
32418	5	14	9
32419	11	3	13
32420	16	18	4
32421	20	9	15
32422	20	13	9
32423	13	5	0
32424	12	0	10
32425	13	14	17
32426	0	6	2
32427	13	19	0
32428	1	5	20
32429	9	6	4
32430	19	4	7
32431	14	5	10
32432	2	11	16
32433	11	1	16
32434	8	1	7
32435	3	5	1
32436	2	3	6
32437	6	13	15
32438	6	9	11
32439	15	1	0
32440	15	7	8
32441	12	15	4
32442	18	17	1
32443	6	14	12
32444	10	19	15
32445	6	18	12
32446	1	3	15
32447	14	3	15
32448	19	2	14
32449	9	10	0
32450	20	18	11
32451	2	13	16
32452	6	19	12
32453	13	9	2
32454	8	19	0
32455	1	20	5
32456	16	0	11
32457	9	17	20
32458	17	0	13
32459	16	1	5
32460	2	15	11
32461	15	1	2
32462	14	17	1
32463	11	13	7
32464	8	12	17
32465	13	5	11
32466	2	13	4
32467	11	14	19
32468	10	17	1
32469	20	2	13
32470	18	14	6
32471	1	15	8
32472	8	13	4
32473	19	15	10
32474	6	0	1
32475	16	17	18
32476	4	9	20
32477	6	20	10
32478	17	9	8
32479	3	0	18
32480	5	16	4
32481	6	14	19
32482	18	8	2
32483	3	13	10
32484	10	0	6
32485	6	20	9
32486	17	4	7
32487	9	5	11
32488	4	2	8
32489	3	11	17
32490	3	0	8
32491	5	14	12
32492	14	5	12
32493	11	1	9
32494	17	13	5
32495	5	12	15
32496	3	5	1
32497	15	7	16
32498	13	17	19
32499	4	17	9
32500	10	1	6
32501	7	9	20
32502	7	20	9
32503	18	11	3
32504	18	13	5
32505	12	2	5
32506	5	17	8
32507	3	17	16
32508	0	18	10
32509	6	14	10
32510	10	15	0
32511	12	14	10
32512	20	14	13
32513	3	8	11
32514	12	14	11
32515	13	15	10
32516	6	11	18
32517	13	12	18
32518	7	20	15
32519	17	18	6
32520	20	6	7
32521	17	15	7
32522	6	3	8
32523	6	4	0
32524	9	19	14
32525	13	1	7
32526	9	5	10
32527	7	6	17
32528	3	7	0
32529	0	12	20
32530	13	4	17
32531	12	5	0
32532	15	18	4
32533	14	4	16
32534	12	8	14
32535	17	3	15
32536	8	9	12
32537	2	9	6
32538	4	17	0
32539	7	13	6
32540	6	11	13
32541	9	20	14
32542	15	11	1
32543	16	4	19
32544	18	19	15
32545	7	16	20
32546	7	11	16
32547	19	15	11
32548	9	0	13
32549	5	11	3
32550	10	3	13
32551	4	15	9
32552	15	8	14
32553	12	13	3
32554	12	18	15
32555	10	12	4
32556	13	16	0
32557	9	14	8
32558	7	17	0
32559	2	1	13
32560	20	14	16
32561	12	20	5
32562	10	15	7
32563	10	6	16
32564	5	7	4
32565	12	6	16
32566	1	16	9
32567	1	7	13
32568	5	6	1
32569	7	2	4
32570	19	3	8
32571	20	12	9
32572	13	7	20
32573	8	9	13
32574	20	17	9
32575	7	5	19
32576	5	7	6
32577	2	6	18
32578	13	18	6
32579	1	2	11
32580	16	8	11
32581	16	18	5
32582	10	18	19
32583	5	11	14
32584	9	0	12
32585	1	5	12
32586	5	20	13
32587	4	18	15
32588	10	15	7
32589	19	16	14
32590	6	10	1
32591	19	5	3
32592	12	5	13
32593	4	3	0
32594	3	11	8
32595	17	6	20
32596	16	15	13
32597	5	15	3
32598	1	20	19
32599	8	3	12
32600	7	16	2
32601	8	13	9
32602	19	1	14
32603	20	6	8
32604	19	16	18
32605	12	14	9
32606	6	4	15
32607	20	2	18
32608	6	15	0
32609	3	20	18
32610	17	4	3
32611	18	1	14
32612	10	6	9
32613	3	8	4
32614	20	5	18
32615	6	4	12
32616	18	14	3
32617	15	13	9
32618	0	17	19
32619	12	19	16
32620	9	13	3
32621	2	7	4
32622	14	7	20
32623	4	2	5
32624	6	12	10
32625	7	16	4
32626	17	10	9
32627	16	2	4
32628	6	16	12
32629	8	19	6
32630	3	13	19
32631	10	7	4
32632	1	13	14
32633	17	1	8
32634	2	5	11
32635	7	13	8
32636	0	15	4
32637	9	13	7
32638	15	4	6
32639	13	16	3
32640	0	15	16
32641	10	20	14
32642	3	20	4
32643	20	0	7
32644	0	11	1
32645	18	6	5
32646	17	13	11
32647	10	19	0
32648	6	9	7
32649	6	10	19
32650	6	12	2
32651	20	16	0
32652	3	1	9
32653	16	5	3
32654	10	11	4
32655	18	16	12
32656	8	20	9
32657	10	1	5
32658	7	15	0
32659	2	18	14
32660	15	10	18
32661	5	8	16
32662	4	8	15
32663	2	7	1
32664	9	2	13
32665	14	13	20
32666	19	2	6
32667	8	7	15
32668	4	8	0
32669	1	16	15
32670	19	7	6
32671	14	3	1
32672	18	16	9
32673	6	12	4
32674	17	14	12
32675	20	11	8
32676	10	17	20
32677	17	19	20
32678	6	17	0
32679	12	4	15
32680	15	10	4
32681	1	14	6
32682	1	8	9
32683	3	4	11
32684	9	7	1
32685	9	11	6
32686	19	17	10
32687	7	3	11
32688	16	19	14
32689	19	18	13
32690	7	18	6
32691	1	14	11
32692	12	10	11
32693	4	16	8
32694	2	6	15
32695	4	11	1
32696	12	3	9
32697	20	12	15
32698	8	6	13
32699	0	4	11
32700	9	7	17
32701	18	13	9
32702	5	3	20
32703	3	7	12
32704	16	8	5
32705	0	17	1
32706	13	14	5
32707	17	19	18
32708	17	5	16
32709	7	19	10
32710	12	15	8
32711	19	12	5
32712	1	17	0
32713	20	11	1
32714	6	8	7
32715	3	11	6
32716	19	20	4
32717	12	14	20
32718	8	15	6
32719	17	11	12
32720	12	8	17
32721	0	17	9
32722	14	18	2
32723	19	1	9
32724	18	7	20
32725	6	9	8
32726	12	6	20
32727	11	16	18
32728	10	0	3
32729	19	13	10
32730	9	19	20
32731	13	10	15
32732	8	19	3
32733	12	8	18
32734	11	15	8
32735	20	13	19
32736	11	6	8
32737	20	9	17
32738	7	5	17
32739	2	9	8
32740	4	1	12
32741	6	2	19
32742	14	13	1
32743	0	17	5
32744	15	3	0
32745	3	11	14
32746	10	18	17
32747	17	19	2
32748	13	11	14
32749	14	3	19
32750	6	17	7
32751	10	20	19
32752	9	3	4
32753	11	15	10
32754	17	5	18
32755	4	11	8
32756	11	15	13
32757	9	8	1
32758	15	14	12
32759	9	8	10
32760	15	18	16
32761	4	20	13
32762	20	10	9
32763	17	0	13
32764	11	13	16
32765	0	3	7
