target_slot	color	position	swapped_node
0	A	0	2
0	C	0	4
0	E	0	8
0	F	0	16
0	I	0	32
0	H	1	64
0	G	1	128
0	B	1	256
0	J	2	512
0	D	3	1024
1	A	0	2
1	C	0	4
1	E	0	8
1	F	0	16
1	I	0	32
1	H	1	64
1	G	1	128
1	B	1	256
1	J	2	512
1	D	4	1025
2	A	0	2
2	C	0	4
2	E	0	8
2	F	0	16
2	I	0	32
2	H	1	64
2	G	1	128
2	B	1	256
2	J	3	513
2	D	5	1026
3	A	0	2
3	C	0	4
3	E	0	8
3	F	0	16
3	I	0	32
3	H	1	64
3	G	1	128
3	B	1	256
3	J	3	513
3	D	6	1027
4	A	0	2
4	C	0	4
4	E	0	8
4	F	0	16
4	I	0	32
4	H	1	64
4	G	1	128
4	D	2	257
4	B	2	514
4	J	5	1028
5	A	0	2
5	C	0	4
5	E	0	8
5	F	0	16
5	I	0	32
5	H	1	64
5	G	1	128
5	D	2	257
5	B	2	514
5	J	6	1029
6	A	0	2
6	C	0	4
6	E	0	8
6	F	0	16
6	I	0	32
6	H	1	64
6	G	1	128
6	D	2	257
6	J	4	515
6	B	3	1030
7	A	0	2
7	C	0	4
7	E	0	8
7	F	0	16
7	I	0	32
7	H	1	64
7	G	1	128
7	D	2	257
7	J	4	515
7	B	4	1031
8	A	0	2
8	C	0	4
8	E	0	8
8	F	0	16
8	I	0	32
8	H	1	64
8	D	1	129
8	B	5	258
8	J	7	516
8	G	3	1032
9	A	0	2
9	C	0	4
9	E	0	8
9	F	0	16
9	I	0	32
9	H	1	64
9	D	1	129
9	B	5	258
9	J	7	516
9	G	4	1033
10	A	0	2
10	C	0	4
10	E	0	8
10	F	0	16
10	I	0	32
10	H	1	64
10	D	1	129
10	B	5	258
10	J	8	517
10	G	5	1034
11	A	0	2
11	C	0	4
11	E	0	8
11	F	0	16
11	I	0	32
11	H	1	64
11	D	1	129
11	B	5	258
11	J	8	517
11	G	6	1035
12	A	0	2
12	C	0	4
12	E	0	8
12	F	0	16
12	I	0	32
12	H	1	64
12	D	1	129
12	G	2	259
12	B	6	518
12	J	9	1036
13	A	0	2
13	C	0	4
13	E	0	8
13	F	0	16
13	I	0	32
13	H	1	64
13	D	1	129
13	G	2	259
13	B	6	518
13	J	10	1037
14	A	0	2
14	C	0	4
14	E	0	8
14	F	0	16
14	I	0	32
14	H	1	64
14	D	1	129
14	G	2	259
14	B	7	519
14	J	11	1038
15	A	0	2
15	C	0	4
15	E	0	8
15	F	0	16
15	I	0	32
15	H	1	64
15	D	1	129
15	G	2	259
15	B	7	519
15	J	12	1039
16	A	0	2
16	C	0	4
16	E	0	8
16	F	0	16
16	I	0	32
16	J	1	65
16	G	7	130
16	D	7	260
16	H	2	520
16	B	10	1040
17	A	0	2
17	C	0	4
17	E	0	8
17	F	0	16
17	I	0	32
17	J	1	65
17	G	7	130
17	D	7	260
17	H	2	520
17	B	11	1041
18	A	0	2
18	C	0	4
18	E	0	8
18	F	0	16
18	I	0	32
18	J	1	65
18	G	7	130
18	D	7	260
18	H	3	521
18	B	12	1042
19	A	0	2
19	C	0	4
19	E	0	8
19	F	0	16
19	I	0	32
19	J	1	65
19	G	7	130
19	D	7	260
19	H	3	521
19	B	13	1043
20	A	0	2
20	C	0	4
20	E	0	8
20	F	0	16
20	I	0	32
20	J	1	65
20	G	7	130
20	B	9	261
20	D	8	522
20	H	5	1044
21	A	0	2
21	C	0	4
21	E	0	8
21	F	0	16
21	I	0	32
21	J	1	65
21	G	7	130
21	B	9	261
21	D	8	522
21	H	6	1045
22	A	0	2
22	C	0	4
22	E	0	8
22	F	0	16
22	I	0	32
22	J	1	65
22	G	7	130
22	B	9	261
22	H	4	523
22	D	9	1046
23	A	0	2
23	C	0	4
23	E	0	8
23	F	0	16
23	I	0	32
23	J	1	65
23	G	7	130
23	B	9	261
23	H	4	523
23	D	10	1047
24	A	0	2
24	C	0	4
24	E	0	8
24	F	0	16
24	I	0	32
24	J	1	65
24	B	8	131
24	D	11	262
24	H	7	524
24	G	9	1048
25	A	0	2
25	C	0	4
25	E	0	8
25	F	0	16
25	I	0	32
25	J	1	65
25	B	8	131
25	D	11	262
25	H	7	524
25	G	10	1049
26	A	0	2
26	C	0	4
26	E	0	8
26	F	0	16
26	I	0	32
26	J	1	65
26	B	8	131
26	D	11	262
26	H	8	525
26	G	11	1050
27	A	0	2
27	C	0	4
27	E	0	8
27	F	0	16
27	I	0	32
27	J	1	65
27	B	8	131
27	D	11	262
27	H	8	525
27	G	12	1051
28	A	0	2
28	C	0	4
28	E	0	8
28	F	0	16
28	I	0	32
28	J	1	65
28	B	8	131
28	G	8	263
28	D	12	526
28	H	9	1052
29	A	0	2
29	C	0	4
29	E	0	8
29	F	0	16
29	I	0	32
29	J	1	65
29	B	8	131
29	G	8	263
29	D	12	526
29	H	10	1053
30	A	0	2
30	C	0	4
30	E	0	8
30	F	0	16
30	I	0	32
30	J	1	65
30	B	8	131
30	G	8	263
30	D	13	527
30	H	11	1054
31	A	0	2
31	C	0	4
31	E	0	8
31	F	0	16
31	I	0	32
31	J	1	65
31	B	8	131
31	G	8	263
31	D	13	527
31	H	12	1055
32	A	0	2
32	C	0	4
32	E	0	8
32	F	0	16
32	H	0	33
32	I	1	66
32	D	14	132
32	B	14	264
32	J	14	528
32	G	15	1056
33	A	0	2
33	C	0	4
33	E	0	8
33	F	0	16
33	H	0	33
33	I	1	66
33	D	14	132
33	B	14	264
33	J	14	528
33	G	16	1057
34	A	0	2
34	C	0	4
34	E	0	8
34	F	0	16
34	H	0	33
34	I	1	66
34	D	14	132
34	B	14	264
34	J	15	529
34	G	17	1058
35	A	0	2
35	C	0	4
35	E	0	8
35	F	0	16
35	H	0	33
35	I	1	66
35	D	14	132
35	B	14	264
35	J	15	529
35	G	18	1059
36	A	0	2
36	C	0	4
36	E	0	8
36	F	0	16
36	H	0	33
36	I	1	66
36	D	14	132
36	G	14	265
36	B	15	530
36	J	17	1060
37	A	0	2
37	C	0	4
37	E	0	8
37	F	0	16
37	H	0	33
37	I	1	66
37	D	14	132
37	G	14	265
37	B	15	530
37	J	18	1061
38	A	0	2
38	C	0	4
38	E	0	8
38	F	0	16
38	H	0	33
38	I	1	66
38	D	14	132
38	G	14	265
38	J	16	531
38	B	16	1062
39	A	0	2
39	C	0	4
39	E	0	8
39	F	0	16
39	H	0	33
39	I	1	66
39	D	14	132
39	G	14	265
39	J	16	531
39	B	17	1063
40	A	0	2
40	C	0	4
40	E	0	8
40	F	0	16
40	H	0	33
40	I	1	66
40	G	13	133
40	B	18	266
40	J	19	532
40	D	16	1064
41	A	0	2
41	C	0	4
41	E	0	8
41	F	0	16
41	H	0	33
41	I	1	66
41	G	13	133
41	B	18	266
41	J	19	532
41	D	17	1065
42	A	0	2
42	C	0	4
42	E	0	8
42	F	0	16
42	H	0	33
42	I	1	66
42	G	13	133
42	B	18	266
42	J	20	533
42	D	18	1066
43	A	0	2
43	C	0	4
43	E	0	8
43	F	0	16
43	H	0	33
43	I	1	66
43	G	13	133
43	B	18	266
43	J	20	533
43	D	19	1067
44	A	0	2
44	C	0	4
44	E	0	8
44	F	0	16
44	H	0	33
44	I	1	66
44	G	13	133
44	D	15	267
44	B	19	534
44	J	21	1068
45	A	0	2
45	C	0	4
45	E	0	8
45	F	0	16
45	H	0	33
45	I	1	66
45	G	13	133
45	D	15	267
45	B	19	534
45	J	22	1069
46	A	0	2
46	C	0	4
46	E	0	8
46	F	0	16
46	H	0	33
46	I	1	66
46	G	13	133
46	D	15	267
46	B	20	535
46	J	23	1070
47	A	0	2
47	C	0	4
47	E	0	8
47	F	0	16
47	H	0	33
47	I	1	66
47	G	13	133
47	D	15	267
47	B	20	535
47	J	24	1071
48	A	0	2
48	C	0	4
48	E	0	8
48	F	0	16
48	H	0	33
48	J	13	67
48	D	20	134
48	G	19	268
48	I	2	536
48	B	23	1072
49	A	0	2
49	C	0	4
49	E	0	8
49	F	0	16
49	H	0	33
49	J	13	67
49	D	20	134
49	G	19	268
49	I	2	536
49	B	24	1073
50	A	0	2
50	C	0	4
50	E	0	8
50	F	0	16
50	H	0	33
50	J	13	67
50	D	20	134
50	G	19	268
50	I	3	537
50	B	25	1074
51	A	0	2
51	C	0	4
51	E	0	8
51	F	0	16
51	H	0	33
51	J	13	67
51	D	20	134
51	G	19	268
51	I	3	537
51	B	26	1075
52	A	0	2
52	C	0	4
52	E	0	8
52	F	0	16
52	H	0	33
52	J	13	67
52	D	20	134
52	B	22	269
52	G	20	538
52	I	5	1076
53	A	0	2
53	C	0	4
53	E	0	8
53	F	0	16
53	H	0	33
53	J	13	67
53	D	20	134
53	B	22	269
53	G	20	538
53	I	6	1077
54	A	0	2
54	C	0	4
54	E	0	8
54	F	0	16
54	H	0	33
54	J	13	67
54	D	20	134
54	B	22	269
54	I	4	539
54	G	21	1078
55	A	0	2
55	C	0	4
55	E	0	8
55	F	0	16
55	H	0	33
55	J	13	67
55	D	20	134
55	B	22	269
55	I	4	539
55	G	22	1079
56	A	0	2
56	C	0	4
56	E	0	8
56	F	0	16
56	H	0	33
56	J	13	67
56	B	21	135
56	G	23	270
56	I	7	540
56	D	22	1080
57	A	0	2
57	C	0	4
57	E	0	8
57	F	0	16
57	H	0	33
57	J	13	67
57	B	21	135
57	G	23	270
57	I	7	540
57	D	23	1081
58	A	0	2
58	C	0	4
58	E	0	8
58	F	0	16
58	H	0	33
58	J	13	67
58	B	21	135
58	G	23	270
58	I	8	541
58	D	24	1082
59	A	0	2
59	C	0	4
59	E	0	8
59	F	0	16
59	H	0	33
59	J	13	67
59	B	21	135
59	G	23	270
59	I	8	541
59	D	25	1083
60	A	0	2
60	C	0	4
60	E	0	8
60	F	0	16
60	H	0	33
60	J	13	67
60	B	21	135
60	D	21	271
60	G	24	542
60	I	9	1084
61	A	0	2
61	C	0	4
61	E	0	8
61	F	0	16
61	H	0	33
61	J	13	67
61	B	21	135
61	D	21	271
61	G	24	542
61	I	10	1085
62	A	0	2
62	C	0	4
62	E	0	8
62	F	0	16
62	H	0	33
62	J	13	67
62	B	21	135
62	D	21	271
62	G	25	543
62	I	11	1086
63	A	0	2
63	C	0	4
63	E	0	8
63	F	0	16
63	H	0	33
63	J	13	67
63	B	21	135
63	D	21	271
63	G	25	543
63	I	12	1087
64	A	0	2
64	C	0	4
64	E	0	8
64	J	0	17
64	I	13	34
64	H	14	68
64	G	26	136
64	D	26	272
64	F	2	544
64	B	29	1088
65	A	0	2
65	C	0	4
65	E	0	8
65	J	0	17
65	I	13	34
65	H	14	68
65	G	26	136
65	D	26	272
65	F	2	544
65	B	30	1089
66	A	0	2
66	C	0	4
66	E	0	8
66	J	0	17
66	I	13	34
66	H	14	68
66	G	26	136
66	D	26	272
66	F	3	545
66	B	31	1090
67	A	0	2
67	C	0	4
67	E	0	8
67	J	0	17
67	I	13	34
67	H	14	68
67	G	26	136
67	D	26	272
67	F	3	545
67	B	32	1091
68	A	0	2
68	C	0	4
68	E	0	8
68	J	0	17
68	I	13	34
68	H	14	68
68	G	26	136
68	B	28	273
68	D	27	546
68	F	5	1092
69	A	0	2
69	C	0	4
69	E	0	8
69	J	0	17
69	I	13	34
69	H	14	68
69	G	26	136
69	B	28	273
69	D	27	546
69	F	6	1093
70	A	0	2
70	C	0	4
70	E	0	8
70	J	0	17
70	I	13	34
70	H	14	68
70	G	26	136
70	B	28	273
70	F	4	547
70	D	28	1094
71	A	0	2
71	C	0	4
71	E	0	8
71	J	0	17
71	I	13	34
71	H	14	68
71	G	26	136
71	B	28	273
71	F	4	547
71	D	29	1095
72	A	0	2
72	C	0	4
72	E	0	8
72	J	0	17
72	I	13	34
72	H	14	68
72	B	27	137
72	D	30	274
72	F	7	548
72	G	28	1096
73	A	0	2
73	C	0	4
73	E	0	8
73	J	0	17
73	I	13	34
73	H	14	68
73	B	27	137
73	D	30	274
73	F	7	548
73	G	29	1097
74	A	0	2
74	C	0	4
74	E	0	8
74	J	0	17
74	I	13	34
74	H	14	68
74	B	27	137
74	D	30	274
74	F	8	549
74	G	30	1098
75	A	0	2
75	C	0	4
75	E	0	8
75	J	0	17
75	I	13	34
75	H	14	68
75	B	27	137
75	D	30	274
75	F	8	549
75	G	31	1099
76	A	0	2
76	C	0	4
76	E	0	8
76	J	0	17
76	I	13	34
76	H	14	68
76	B	27	137
76	G	27	275
76	D	31	550
76	F	9	1100
77	A	0	2
77	C	0	4
77	E	0	8
77	J	0	17
77	I	13	34
77	H	14	68
77	B	27	137
77	G	27	275
77	D	31	550
77	F	10	1101
78	A	0	2
78	C	0	4
78	E	0	8
78	J	0	17
78	I	13	34
78	H	14	68
78	B	27	137
78	G	27	275
78	D	32	551
78	F	11	1102
79	A	0	2
79	C	0	4
79	E	0	8
79	J	0	17
79	I	13	34
79	H	14	68
79	B	27	137
79	G	27	275
79	D	32	551
79	F	12	1103
80	A	0	2
80	C	0	4
80	E	0	8
80	J	0	17
80	I	13	34
80	F	1	69
80	G	32	138
80	B	33	276
80	H	15	552
80	D	35	1104
81	A	0	2
81	C	0	4
81	E	0	8
81	J	0	17
81	I	13	34
81	F	1	69
81	G	32	138
81	B	33	276
81	H	15	552
81	D	36	1105
82	A	0	2
82	C	0	4
82	E	0	8
82	J	0	17
82	I	13	34
82	F	1	69
82	G	32	138
82	B	33	276
82	H	16	553
82	D	37	1106
83	A	0	2
83	C	0	4
83	E	0	8
83	J	0	17
83	I	13	34
83	F	1	69
83	G	32	138
83	B	33	276
83	H	16	553
83	D	38	1107
84	A	0	2
84	C	0	4
84	E	0	8
84	J	0	17
84	I	13	34
84	F	1	69
84	G	32	138
84	D	34	277
84	B	34	554
84	H	18	1108
85	A	0	2
85	C	0	4
85	E	0	8
85	J	0	17
85	I	13	34
85	F	1	69
85	G	32	138
85	D	34	277
85	B	34	554
85	H	19	1109
86	A	0	2
86	C	0	4
86	E	0	8
86	J	0	17
86	I	13	34
86	F	1	69
86	G	32	138
86	D	34	277
86	H	17	555
86	B	35	1110
87	A	0	2
87	C	0	4
87	E	0	8
87	J	0	17
87	I	13	34
87	F	1	69
87	G	32	138
87	D	34	277
87	H	17	555
87	B	36	1111
88	A	0	2
88	C	0	4
88	E	0	8
88	J	0	17
88	I	13	34
88	F	1	69
88	D	33	139
88	B	37	278
88	H	20	556
88	G	34	1112
89	A	0	2
89	C	0	4
89	E	0	8
89	J	0	17
89	I	13	34
89	F	1	69
89	D	33	139
89	B	37	278
89	H	20	556
89	G	35	1113
90	A	0	2
90	C	0	4
90	E	0	8
90	J	0	17
90	I	13	34
90	F	1	69
90	D	33	139
90	B	37	278
90	H	21	557
90	G	36	1114
91	A	0	2
91	C	0	4
91	E	0	8
91	J	0	17
91	I	13	34
91	F	1	69
91	D	33	139
91	B	37	278
91	H	21	557
91	G	37	1115
92	A	0	2
92	C	0	4
92	E	0	8
92	J	0	17
92	I	13	34
92	F	1	69
92	D	33	139
92	G	33	279
92	B	38	558
92	H	22	1116
93	A	0	2
93	C	0	4
93	E	0	8
93	J	0	17
93	I	13	34
93	F	1	69
93	D	33	139
93	G	33	279
93	B	38	558
93	H	23	1117
94	A	0	2
94	C	0	4
94	E	0	8
94	J	0	17
94	I	13	34
94	F	1	69
94	D	33	139
94	G	33	279
94	B	39	559
94	H	24	1118
95	A	0	2
95	C	0	4
95	E	0	8
95	J	0	17
95	I	13	34
95	F	1	69
95	D	33	139
95	G	33	279
95	B	39	559
95	H	25	1119
96	A	0	2
96	C	0	4
96	E	0	8
96	J	0	17
96	H	13	35
96	I	14	70
96	B	40	140
96	D	39	280
96	F	14	560
96	G	40	1120
97	A	0	2
97	C	0	4
97	E	0	8
97	J	0	17
97	H	13	35
97	I	14	70
97	B	40	140
97	D	39	280
97	F	14	560
97	G	41	1121
98	A	0	2
98	C	0	4
98	E	0	8
98	J	0	17
98	H	13	35
98	I	14	70
98	B	40	140
98	D	39	280
98	F	15	561
98	G	42	1122
99	A	0	2
99	C	0	4
99	E	0	8
99	J	0	17
99	H	13	35
99	I	14	70
99	B	40	140
99	D	39	280
99	F	15	561
99	G	43	1123
100	A	0	2
100	C	0	4
100	E	0	8
100	J	0	17
100	H	13	35
100	I	14	70
100	B	40	140
100	G	39	281
100	D	40	562
100	F	17	1124
101	A	0	2
101	C	0	4
101	E	0	8
101	J	0	17
101	H	13	35
101	I	14	70
101	B	40	140
101	G	39	281
101	D	40	562
101	F	18	1125
102	A	0	2
102	C	0	4
102	E	0	8
102	J	0	17
102	H	13	35
102	I	14	70
102	B	40	140
102	G	39	281
102	F	16	563
102	D	41	1126
103	A	0	2
103	C	0	4
103	E	0	8
103	J	0	17
103	H	13	35
103	I	14	70
103	B	40	140
103	G	39	281
103	F	16	563
103	D	42	1127
104	A	0	2
104	C	0	4
104	E	0	8
104	J	0	17
104	H	13	35
104	I	14	70
104	G	38	141
104	D	43	282
104	F	19	564
104	B	42	1128
105	A	0	2
105	C	0	4
105	E	0	8
105	J	0	17
105	H	13	35
105	I	14	70
105	G	38	141
105	D	43	282
105	F	19	564
105	B	43	1129
106	A	0	2
106	C	0	4
106	E	0	8
106	J	0	17
106	H	13	35
106	I	14	70
106	G	38	141
106	D	43	282
106	F	20	565
106	B	44	1130
107	A	0	2
107	C	0	4
107	E	0	8
107	J	0	17
107	H	13	35
107	I	14	70
107	G	38	141
107	D	43	282
107	F	20	565
107	B	45	1131
108	A	0	2
108	C	0	4
108	E	0	8
108	J	0	17
108	H	13	35
108	I	14	70
108	G	38	141
108	B	41	283
108	D	44	566
108	F	21	1132
109	A	0	2
109	C	0	4
109	E	0	8
109	J	0	17
109	H	13	35
109	I	14	70
109	G	38	141
109	B	41	283
109	D	44	566
109	F	22	1133
110	A	0	2
110	C	0	4
110	E	0	8
110	J	0	17
110	H	13	35
110	I	14	70
110	G	38	141
110	B	41	283
110	D	45	567
110	F	23	1134
111	A	0	2
111	C	0	4
111	E	0	8
111	J	0	17
111	H	13	35
111	I	14	70
111	G	38	141
111	B	41	283
111	D	45	567
111	F	24	1135
112	A	0	2
112	C	0	4
112	E	0	8
112	J	0	17
112	H	13	35
112	F	13	71
112	B	46	142
112	G	44	284
112	I	15	568
112	D	48	1136
113	A	0	2
113	C	0	4
113	E	0	8
113	J	0	17
113	H	13	35
113	F	13	71
113	B	46	142
113	G	44	284
113	I	15	568
113	D	49	1137
114	A	0	2
114	C	0	4
114	E	0	8
114	J	0	17
114	H	13	35
114	F	13	71
114	B	46	142
114	G	44	284
114	I	16	569
114	D	50	1138
115	A	0	2
115	C	0	4
115	E	0	8
115	J	0	17
115	H	13	35
115	F	13	71
115	B	46	142
115	G	44	284
115	I	16	569
115	D	51	1139
116	A	0	2
116	C	0	4
116	E	0	8
116	J	0	17
116	H	13	35
116	F	13	71
116	B	46	142
116	D	47	285
116	G	45	570
116	I	18	1140
117	A	0	2
117	C	0	4
117	E	0	8
117	J	0	17
117	H	13	35
117	F	13	71
117	B	46	142
117	D	47	285
117	G	45	570
117	I	19	1141
118	A	0	2
118	C	0	4
118	E	0	8
118	J	0	17
118	H	13	35
118	F	13	71
118	B	46	142
118	D	47	285
118	I	17	571
118	G	46	1142
119	A	0	2
119	C	0	4
119	E	0	8
119	J	0	17
119	H	13	35
119	F	13	71
119	B	46	142
119	D	47	285
119	I	17	571
119	G	47	1143
120	A	0	2
120	C	0	4
120	E	0	8
120	J	0	17
120	H	13	35
120	F	13	71
120	D	46	143
120	G	48	286
120	I	20	572
120	B	48	1144
121	A	0	2
121	C	0	4
121	E	0	8
121	J	0	17
121	H	13	35
121	F	13	71
121	D	46	143
121	G	48	286
121	I	20	572
121	B	49	1145
122	A	0	2
122	C	0	4
122	E	0	8
122	J	0	17
122	H	13	35
122	F	13	71
122	D	46	143
122	G	48	286
122	I	21	573
122	B	50	1146
123	A	0	2
123	C	0	4
123	E	0	8
123	J	0	17
123	H	13	35
123	F	13	71
123	D	46	143
123	G	48	286
123	I	21	573
123	B	51	1147
124	A	0	2
124	C	0	4
124	E	0	8
124	J	0	17
124	H	13	35
124	F	13	71
124	D	46	143
124	B	47	287
124	G	49	574
124	I	22	1148
125	A	0	2
125	C	0	4
125	E	0	8
125	J	0	17
125	H	13	35
125	F	13	71
125	D	46	143
125	B	47	287
125	G	49	574
125	I	23	1149
126	A	0	2
126	C	0	4
126	E	0	8
126	J	0	17
126	H	13	35
126	F	13	71
126	D	46	143
126	B	47	287
126	G	50	575
126	I	24	1150
127	A	0	2
127	C	0	4
127	E	0	8
127	J	0	17
127	H	13	35
127	F	13	71
127	D	46	143
127	B	47	287
127	G	50	575
127	I	25	1151
128	A	0	2
128	C	0	4
128	G	0	9
128	I	26	18
128	J	25	36
128	H	27	72
128	D	52	144
128	B	52	288
128	E	2	576
128	F	28	1152
129	A	0	2
129	C	0	4
129	G	0	9
129	I	26	18
129	J	25	36
129	H	27	72
129	D	52	144
129	B	52	288
129	E	2	576
129	F	29	1153
130	A	0	2
130	C	0	4
130	G	0	9
130	I	26	18
130	J	25	36
130	H	27	72
130	D	52	144
130	B	52	288
130	E	3	577
130	F	30	1154
131	A	0	2
131	C	0	4
131	G	0	9
131	I	26	18
131	J	25	36
131	H	27	72
131	D	52	144
131	B	52	288
131	E	3	577
131	F	31	1155
132	A	0	2
132	C	0	4
132	G	0	9
132	I	26	18
132	J	25	36
132	H	27	72
132	D	52	144
132	F	27	289
132	B	53	578
132	E	5	1156
133	A	0	2
133	C	0	4
133	G	0	9
133	I	26	18
133	J	25	36
133	H	27	72
133	D	52	144
133	F	27	289
133	B	53	578
133	E	6	1157
134	A	0	2
134	C	0	4
134	G	0	9
134	I	26	18
134	J	25	36
134	H	27	72
134	D	52	144
134	F	27	289
134	E	4	579
134	B	54	1158
135	A	0	2
135	C	0	4
135	G	0	9
135	I	26	18
135	J	25	36
135	H	27	72
135	D	52	144
135	F	27	289
135	E	4	579
135	B	55	1159
136	A	0	2
136	C	0	4
136	G	0	9
136	I	26	18
136	J	25	36
136	H	27	72
136	F	26	145
136	B	56	290
136	E	7	580
136	D	54	1160
137	A	0	2
137	C	0	4
137	G	0	9
137	I	26	18
137	J	25	36
137	H	27	72
137	F	26	145
137	B	56	290
137	E	7	580
137	D	55	1161
138	A	0	2
138	C	0	4
138	G	0	9
138	I	26	18
138	J	25	36
138	H	27	72
138	F	26	145
138	B	56	290
138	E	8	581
138	D	56	1162
139	A	0	2
139	C	0	4
139	G	0	9
139	I	26	18
139	J	25	36
139	H	27	72
139	F	26	145
139	B	56	290
139	E	8	581
139	D	57	1163
140	A	0	2
140	C	0	4
140	G	0	9
140	I	26	18
140	J	25	36
140	H	27	72
140	F	26	145
140	D	53	291
140	B	57	582
140	E	9	1164
141	A	0	2
141	C	0	4
141	G	0	9
141	I	26	18
141	J	25	36
141	H	27	72
141	F	26	145
141	D	53	291
141	B	57	582
141	E	10	1165
142	A	0	2
142	C	0	4
142	G	0	9
142	I	26	18
142	J	25	36
142	H	27	72
142	F	26	145
142	D	53	291
142	B	58	583
142	E	11	1166
143	A	0	2
143	C	0	4
143	G	0	9
143	I	26	18
143	J	25	36
143	H	27	72
143	F	26	145
143	D	53	291
143	B	58	583
143	E	12	1167
144	A	0	2
144	C	0	4
144	G	0	9
144	I	26	18
144	J	25	36
144	E	1	73
144	D	58	146
144	F	32	292
144	H	28	584
144	B	61	1168
145	A	0	2
145	C	0	4
145	G	0	9
145	I	26	18
145	J	25	36
145	E	1	73
145	D	58	146
145	F	32	292
145	H	28	584
145	B	62	1169
146	A	0	2
146	C	0	4
146	G	0	9
146	I	26	18
146	J	25	36
146	E	1	73
146	D	58	146
146	F	32	292
146	H	29	585
146	B	63	1170
147	A	0	2
147	C	0	4
147	G	0	9
147	I	26	18
147	J	25	36
147	E	1	73
147	D	58	146
147	F	32	292
147	H	29	585
147	B	64	1171
148	A	0	2
148	C	0	4
148	G	0	9
148	I	26	18
148	J	25	36
148	E	1	73
148	D	58	146
148	B	60	293
148	F	33	586
148	H	31	1172
149	A	0	2
149	C	0	4
149	G	0	9
149	I	26	18
149	J	25	36
149	E	1	73
149	D	58	146
149	B	60	293
149	F	33	586
149	H	32	1173
150	A	0	2
150	C	0	4
150	G	0	9
150	I	26	18
150	J	25	36
150	E	1	73
150	D	58	146
150	B	60	293
150	H	30	587
150	F	34	1174
151	A	0	2
151	C	0	4
151	G	0	9
151	I	26	18
151	J	25	36
151	E	1	73
151	D	58	146
151	B	60	293
151	H	30	587
151	F	35	1175
152	A	0	2
152	C	0	4
152	G	0	9
152	I	26	18
152	J	25	36
152	E	1	73
152	B	59	147
152	F	36	294
152	H	33	588
152	D	60	1176
153	A	0	2
153	C	0	4
153	G	0	9
153	I	26	18
153	J	25	36
153	E	1	73
153	B	59	147
153	F	36	294
153	H	33	588
153	D	61	1177
154	A	0	2
154	C	0	4
154	G	0	9
154	I	26	18
154	J	25	36
154	E	1	73
154	B	59	147
154	F	36	294
154	H	34	589
154	D	62	1178
155	A	0	2
155	C	0	4
155	G	0	9
155	I	26	18
155	J	25	36
155	E	1	73
155	B	59	147
155	F	36	294
155	H	34	589
155	D	63	1179
156	A	0	2
156	C	0	4
156	G	0	9
156	I	26	18
156	J	25	36
156	E	1	73
156	B	59	147
156	D	59	295
156	F	37	590
156	H	35	1180
157	A	0	2
157	C	0	4
157	G	0	9
157	I	26	18
157	J	25	36
157	E	1	73
157	B	59	147
157	D	59	295
157	F	37	590
157	H	36	1181
158	A	0	2
158	C	0	4
158	G	0	9
158	I	26	18
158	J	25	36
158	E	1	73
158	B	59	147
158	D	59	295
158	F	38	591
158	H	37	1182
159	A	0	2
159	C	0	4
159	G	0	9
159	I	26	18
159	J	25	36
159	E	1	73
159	B	59	147
159	D	59	295
159	F	38	591
159	H	38	1183
160	A	0	2
160	C	0	4
160	G	0	9
160	I	26	18
160	H	26	37
160	J	26	74
160	B	65	148
160	D	64	296
160	F	40	592
160	E	15	1184
161	A	0	2
161	C	0	4
161	G	0	9
161	I	26	18
161	H	26	37
161	J	26	74
161	B	65	148
161	D	64	296
161	F	40	592
161	E	16	1185
162	A	0	2
162	C	0	4
162	G	0	9
162	I	26	18
162	H	26	37
162	J	26	74
162	B	65	148
162	D	64	296
162	F	41	593
162	E	17	1186
163	A	0	2
163	C	0	4
163	G	0	9
163	I	26	18
163	H	26	37
163	J	26	74
163	B	65	148
163	D	64	296
163	F	41	593
163	E	18	1187
164	A	0	2
164	C	0	4
164	G	0	9
164	I	26	18
164	H	26	37
164	J	26	74
164	B	65	148
164	E	14	297
164	D	65	594
164	F	43	1188
165	A	0	2
165	C	0	4
165	G	0	9
165	I	26	18
165	H	26	37
165	J	26	74
165	B	65	148
165	E	14	297
165	D	65	594
165	F	44	1189
166	A	0	2
166	C	0	4
166	G	0	9
166	I	26	18
166	H	26	37
166	J	26	74
166	B	65	148
166	E	14	297
166	F	42	595
166	D	66	1190
167	A	0	2
167	C	0	4
167	G	0	9
167	I	26	18
167	H	26	37
167	J	26	74
167	B	65	148
167	E	14	297
167	F	42	595
167	D	67	1191
168	A	0	2
168	C	0	4
168	G	0	9
168	I	26	18
168	H	26	37
168	J	26	74
168	E	13	149
168	D	68	298
168	F	45	596
168	B	67	1192
169	A	0	2
169	C	0	4
169	G	0	9
169	I	26	18
169	H	26	37
169	J	26	74
169	E	13	149
169	D	68	298
169	F	45	596
169	B	68	1193
170	A	0	2
170	C	0	4
170	G	0	9
170	I	26	18
170	H	26	37
170	J	26	74
170	E	13	149
170	D	68	298
170	F	46	597
170	B	69	1194
171	A	0	2
171	C	0	4
171	G	0	9
171	I	26	18
171	H	26	37
171	J	26	74
171	E	13	149
171	D	68	298
171	F	46	597
171	B	70	1195
172	A	0	2
172	C	0	4
172	G	0	9
172	I	26	18
172	H	26	37
172	J	26	74
172	E	13	149
172	B	66	299
172	D	69	598
172	F	47	1196
173	A	0	2
173	C	0	4
173	G	0	9
173	I	26	18
173	H	26	37
173	J	26	74
173	E	13	149
173	B	66	299
173	D	69	598
173	F	48	1197
174	A	0	2
174	C	0	4
174	G	0	9
174	I	26	18
174	H	26	37
174	J	26	74
174	E	13	149
174	B	66	299
174	D	70	599
174	F	49	1198
175	A	0	2
175	C	0	4
175	G	0	9
175	I	26	18
175	H	26	37
175	J	26	74
175	E	13	149
175	B	66	299
175	D	70	599
175	F	50	1199
176	A	0	2
176	C	0	4
176	G	0	9
176	I	26	18
176	H	26	37
176	F	39	75
176	B	71	150
176	E	19	300
176	J	27	600
176	D	73	1200
177	A	0	2
177	C	0	4
177	G	0	9
177	I	26	18
177	H	26	37
177	F	39	75
177	B	71	150
177	E	19	300
177	J	27	600
177	D	74	1201
178	A	0	2
178	C	0	4
178	G	0	9
178	I	26	18
178	H	26	37
178	F	39	75
178	B	71	150
178	E	19	300
178	J	28	601
178	D	75	1202
179	A	0	2
179	C	0	4
179	G	0	9
179	I	26	18
179	H	26	37
179	F	39	75
179	B	71	150
179	E	19	300
179	J	28	601
179	D	76	1203
180	A	0	2
180	C	0	4
180	G	0	9
180	I	26	18
180	H	26	37
180	F	39	75
180	B	71	150
180	D	72	301
180	E	20	602
180	J	30	1204
181	A	0	2
181	C	0	4
181	G	0	9
181	I	26	18
181	H	26	37
181	F	39	75
181	B	71	150
181	D	72	301
181	E	20	602
181	J	31	1205
182	A	0	2
182	C	0	4
182	G	0	9
182	I	26	18
182	H	26	37
182	F	39	75
182	B	71	150
182	D	72	301
182	J	29	603
182	E	21	1206
183	A	0	2
183	C	0	4
183	G	0	9
183	I	26	18
183	H	26	37
183	F	39	75
183	B	71	150
183	D	72	301
183	J	29	603
183	E	22	1207
184	A	0	2
184	C	0	4
184	G	0	9
184	I	26	18
184	H	26	37
184	F	39	75
184	D	71	151
184	E	23	302
184	J	32	604
184	B	73	1208
185	A	0	2
185	C	0	4
185	G	0	9
185	I	26	18
185	H	26	37
185	F	39	75
185	D	71	151
185	E	23	302
185	J	32	604
185	B	74	1209
186	A	0	2
186	C	0	4
186	G	0	9
186	I	26	18
186	H	26	37
186	F	39	75
186	D	71	151
186	E	23	302
186	J	33	605
186	B	75	1210
187	A	0	2
187	C	0	4
187	G	0	9
187	I	26	18
187	H	26	37
187	F	39	75
187	D	71	151
187	E	23	302
187	J	33	605
187	B	76	1211
188	A	0	2
188	C	0	4
188	G	0	9
188	I	26	18
188	H	26	37
188	F	39	75
188	D	71	151
188	B	72	303
188	E	24	606
188	J	34	1212
189	A	0	2
189	C	0	4
189	G	0	9
189	I	26	18
189	H	26	37
189	F	39	75
189	D	71	151
189	B	72	303
189	E	24	606
189	J	35	1213
190	A	0	2
190	C	0	4
190	G	0	9
190	I	26	18
190	H	26	37
190	F	39	75
190	D	71	151
190	B	72	303
190	E	25	607
190	J	36	1214
191	A	0	2
191	C	0	4
191	G	0	9
191	I	26	18
191	H	26	37
191	F	39	75
191	D	71	151
191	B	72	303
191	E	25	607
191	J	37	1215
192	A	0	2
192	C	0	4
192	G	0	9
192	F	25	19
192	J	38	38
192	H	40	76
192	E	26	152
192	B	77	304
192	I	28	608
192	D	79	1216
193	A	0	2
193	C	0	4
193	G	0	9
193	F	25	19
193	J	38	38
193	H	40	76
193	E	26	152
193	B	77	304
193	I	28	608
193	D	80	1217
194	A	0	2
194	C	0	4
194	G	0	9
194	F	25	19
194	J	38	38
194	H	40	76
194	E	26	152
194	B	77	304
194	I	29	609
194	D	81	1218
195	A	0	2
195	C	0	4
195	G	0	9
195	F	25	19
195	J	38	38
195	H	40	76
195	E	26	152
195	B	77	304
195	I	29	609
195	D	82	1219
196	A	0	2
196	C	0	4
196	G	0	9
196	F	25	19
196	J	38	38
196	H	40	76
196	E	26	152
196	D	78	305
196	B	78	610
196	I	31	1220
197	A	0	2
197	C	0	4
197	G	0	9
197	F	25	19
197	J	38	38
197	H	40	76
197	E	26	152
197	D	78	305
197	B	78	610
197	I	32	1221
198	A	0	2
198	C	0	4
198	G	0	9
198	F	25	19
198	J	38	38
198	H	40	76
198	E	26	152
198	D	78	305
198	I	30	611
198	B	79	1222
199	A	0	2
199	C	0	4
199	G	0	9
199	F	25	19
199	J	38	38
199	H	40	76
199	E	26	152
199	D	78	305
199	I	30	611
199	B	80	1223
200	A	0	2
200	C	0	4
200	G	0	9
200	F	25	19
200	J	38	38
200	H	40	76
200	D	77	153
200	B	81	306
200	I	33	612
200	E	28	1224
201	A	0	2
201	C	0	4
201	G	0	9
201	F	25	19
201	J	38	38
201	H	40	76
201	D	77	153
201	B	81	306
201	I	33	612
201	E	29	1225
202	A	0	2
202	C	0	4
202	G	0	9
202	F	25	19
202	J	38	38
202	H	40	76
202	D	77	153
202	B	81	306
202	I	34	613
202	E	30	1226
203	A	0	2
203	C	0	4
203	G	0	9
203	F	25	19
203	J	38	38
203	H	40	76
203	D	77	153
203	B	81	306
203	I	34	613
203	E	31	1227
204	A	0	2
204	C	0	4
204	G	0	9
204	F	25	19
204	J	38	38
204	H	40	76
204	D	77	153
204	E	27	307
204	B	82	614
204	I	35	1228
205	A	0	2
205	C	0	4
205	G	0	9
205	F	25	19
205	J	38	38
205	H	40	76
205	D	77	153
205	E	27	307
205	B	82	614
205	I	36	1229
206	A	0	2
206	C	0	4
206	G	0	9
206	F	25	19
206	J	38	38
206	H	40	76
206	D	77	153
206	E	27	307
206	B	83	615
206	I	37	1230
207	A	0	2
207	C	0	4
207	G	0	9
207	F	25	19
207	J	38	38
207	H	40	76
207	D	77	153
207	E	27	307
207	B	83	615
207	I	38	1231
208	A	0	2
208	C	0	4
208	G	0	9
208	F	25	19
208	J	38	38
208	I	27	77
208	E	32	154
208	D	83	308
208	H	41	616
208	B	86	1232
209	A	0	2
209	C	0	4
209	G	0	9
209	F	25	19
209	J	38	38
209	I	27	77
209	E	32	154
209	D	83	308
209	H	41	616
209	B	87	1233
210	A	0	2
210	C	0	4
210	G	0	9
210	F	25	19
210	J	38	38
210	I	27	77
210	E	32	154
210	D	83	308
210	H	42	617
210	B	88	1234
211	A	0	2
211	C	0	4
211	G	0	9
211	F	25	19
211	J	38	38
211	I	27	77
211	E	32	154
211	D	83	308
211	H	42	617
211	B	89	1235
212	A	0	2
212	C	0	4
212	G	0	9
212	F	25	19
212	J	38	38
212	I	27	77
212	E	32	154
212	B	85	309
212	D	84	618
212	H	44	1236
213	A	0	2
213	C	0	4
213	G	0	9
213	F	25	19
213	J	38	38
213	I	27	77
213	E	32	154
213	B	85	309
213	D	84	618
213	H	45	1237
214	A	0	2
214	C	0	4
214	G	0	9
214	F	25	19
214	J	38	38
214	I	27	77
214	E	32	154
214	B	85	309
214	H	43	619
214	D	85	1238
215	A	0	2
215	C	0	4
215	G	0	9
215	F	25	19
215	J	38	38
215	I	27	77
215	E	32	154
215	B	85	309
215	H	43	619
215	D	86	1239
216	A	0	2
216	C	0	4
216	G	0	9
216	F	25	19
216	J	38	38
216	I	27	77
216	B	84	155
216	D	87	310
216	H	46	620
216	E	34	1240
217	A	0	2
217	C	0	4
217	G	0	9
217	F	25	19
217	J	38	38
217	I	27	77
217	B	84	155
217	D	87	310
217	H	46	620
217	E	35	1241
218	A	0	2
218	C	0	4
218	G	0	9
218	F	25	19
218	J	38	38
218	I	27	77
218	B	84	155
218	D	87	310
218	H	47	621
218	E	36	1242
219	A	0	2
219	C	0	4
219	G	0	9
219	F	25	19
219	J	38	38
219	I	27	77
219	B	84	155
219	D	87	310
219	H	47	621
219	E	37	1243
220	A	0	2
220	C	0	4
220	G	0	9
220	F	25	19
220	J	38	38
220	I	27	77
220	B	84	155
220	E	33	311
220	D	88	622
220	H	48	1244
221	A	0	2
221	C	0	4
221	G	0	9
221	F	25	19
221	J	38	38
221	I	27	77
221	B	84	155
221	E	33	311
221	D	88	622
221	H	49	1245
222	A	0	2
222	C	0	4
222	G	0	9
222	F	25	19
222	J	38	38
222	I	27	77
222	B	84	155
222	E	33	311
222	D	89	623
222	H	50	1246
223	A	0	2
223	C	0	4
223	G	0	9
223	F	25	19
223	J	38	38
223	I	27	77
223	B	84	155
223	E	33	311
223	D	89	623
223	H	51	1247
224	A	0	2
224	C	0	4
224	G	0	9
224	F	25	19
224	H	39	39
224	J	39	78
224	D	90	156
224	B	90	312
224	I	40	624
224	E	40	1248
225	A	0	2
225	C	0	4
225	G	0	9
225	F	25	19
225	H	39	39
225	J	39	78
225	D	90	156
225	B	90	312
225	I	40	624
225	E	41	1249
226	A	0	2
226	C	0	4
226	G	0	9
226	F	25	19
226	H	39	39
226	J	39	78
226	D	90	156
226	B	90	312
226	I	41	625
226	E	42	1250
227	A	0	2
227	C	0	4
227	G	0	9
227	F	25	19
227	H	39	39
227	J	39	78
227	D	90	156
227	B	90	312
227	I	41	625
227	E	43	1251
228	A	0	2
228	C	0	4
228	G	0	9
228	F	25	19
228	H	39	39
228	J	39	78
228	D	90	156
228	E	39	313
228	B	91	626
228	I	43	1252
229	A	0	2
229	C	0	4
229	G	0	9
229	F	25	19
229	H	39	39
229	J	39	78
229	D	90	156
229	E	39	313
229	B	91	626
229	I	44	1253
230	A	0	2
230	C	0	4
230	G	0	9
230	F	25	19
230	H	39	39
230	J	39	78
230	D	90	156
230	E	39	313
230	I	42	627
230	B	92	1254
231	A	0	2
231	C	0	4
231	G	0	9
231	F	25	19
231	H	39	39
231	J	39	78
231	D	90	156
231	E	39	313
231	I	42	627
231	B	93	1255
232	A	0	2
232	C	0	4
232	G	0	9
232	F	25	19
232	H	39	39
232	J	39	78
232	E	38	157
232	B	94	314
232	I	45	628
232	D	92	1256
233	A	0	2
233	C	0	4
233	G	0	9
233	F	25	19
233	H	39	39
233	J	39	78
233	E	38	157
233	B	94	314
233	I	45	628
233	D	93	1257
234	A	0	2
234	C	0	4
234	G	0	9
234	F	25	19
234	H	39	39
234	J	39	78
234	E	38	157
234	B	94	314
234	I	46	629
234	D	94	1258
235	A	0	2
235	C	0	4
235	G	0	9
235	F	25	19
235	H	39	39
235	J	39	78
235	E	38	157
235	B	94	314
235	I	46	629
235	D	95	1259
236	A	0	2
236	C	0	4
236	G	0	9
236	F	25	19
236	H	39	39
236	J	39	78
236	E	38	157
236	D	91	315
236	B	95	630
236	I	47	1260
237	A	0	2
237	C	0	4
237	G	0	9
237	F	25	19
237	H	39	39
237	J	39	78
237	E	38	157
237	D	91	315
237	B	95	630
237	I	48	1261
238	A	0	2
238	C	0	4
238	G	0	9
238	F	25	19
238	H	39	39
238	J	39	78
238	E	38	157
238	D	91	315
238	B	96	631
238	I	49	1262
239	A	0	2
239	C	0	4
239	G	0	9
239	F	25	19
239	H	39	39
239	J	39	78
239	E	38	157
239	D	91	315
239	B	96	631
239	I	50	1263
240	A	0	2
240	C	0	4
240	G	0	9
240	F	25	19
240	H	39	39
240	I	39	79
240	D	96	158
240	E	44	316
240	J	40	632
240	B	99	1264
241	A	0	2
241	C	0	4
241	G	0	9
241	F	25	19
241	H	39	39
241	I	39	79
241	D	96	158
241	E	44	316
241	J	40	632
241	B	100	1265
242	A	0	2
242	C	0	4
242	G	0	9
242	F	25	19
242	H	39	39
242	I	39	79
242	D	96	158
242	E	44	316
242	J	41	633
242	B	101	1266
243	A	0	2
243	C	0	4
243	G	0	9
243	F	25	19
243	H	39	39
243	I	39	79
243	D	96	158
243	E	44	316
243	J	41	633
243	B	102	1267
244	A	0	2
244	C	0	4
244	G	0	9
244	F	25	19
244	H	39	39
244	I	39	79
244	D	96	158
244	B	98	317
244	E	45	634
244	J	43	1268
245	A	0	2
245	C	0	4
245	G	0	9
245	F	25	19
245	H	39	39
245	I	39	79
245	D	96	158
245	B	98	317
245	E	45	634
245	J	44	1269
246	A	0	2
246	C	0	4
246	G	0	9
246	F	25	19
246	H	39	39
246	I	39	79
246	D	96	158
246	B	98	317
246	J	42	635
246	E	46	1270
247	A	0	2
247	C	0	4
247	G	0	9
247	F	25	19
247	H	39	39
247	I	39	79
247	D	96	158
247	B	98	317
247	J	42	635
247	E	47	1271
248	A	0	2
248	C	0	4
248	G	0	9
248	F	25	19
248	H	39	39
248	I	39	79
248	B	97	159
248	E	48	318
248	J	45	636
248	D	98	1272
249	A	0	2
249	C	0	4
249	G	0	9
249	F	25	19
249	H	39	39
249	I	39	79
249	B	97	159
249	E	48	318
249	J	45	636
249	D	99	1273
250	A	0	2
250	C	0	4
250	G	0	9
250	F	25	19
250	H	39	39
250	I	39	79
250	B	97	159
250	E	48	318
250	J	46	637
250	D	100	1274
251	A	0	2
251	C	0	4
251	G	0	9
251	F	25	19
251	H	39	39
251	I	39	79
251	B	97	159
251	E	48	318
251	J	46	637
251	D	101	1275
252	A	0	2
252	C	0	4
252	G	0	9
252	F	25	19
252	H	39	39
252	I	39	79
252	B	97	159
252	D	97	319
252	E	49	638
252	J	47	1276
253	A	0	2
253	C	0	4
253	G	0	9
253	F	25	19
253	H	39	39
253	I	39	79
253	B	97	159
253	D	97	319
253	E	49	638
253	J	48	1277
254	A	0	2
254	C	0	4
254	G	0	9
254	F	25	19
254	H	39	39
254	I	39	79
254	B	97	159
254	D	97	319
254	E	50	639
254	J	49	1278
255	A	0	2
255	C	0	4
255	G	0	9
255	F	25	19
255	H	39	39
255	I	39	79
255	B	97	159
255	D	97	319
255	E	50	639
255	J	50	1279
256	A	0	2
256	D	0	5
256	E	51	10
256	H	52	20
256	F	51	40
256	J	52	80
256	C	1	160
256	B	103	320
256	G	53	640
256	I	54	1280
257	A	0	2
257	D	0	5
257	E	51	10
257	H	52	20
257	F	51	40
257	J	52	80
257	C	1	160
257	B	103	320
257	G	53	640
257	I	55	1281
258	A	0	2
258	D	0	5
258	E	51	10
258	H	52	20
258	F	51	40
258	J	52	80
258	C	1	160
258	B	103	320
258	G	54	641
258	I	56	1282
259	A	0	2
259	D	0	5
259	E	51	10
259	H	52	20
259	F	51	40
259	J	52	80
259	C	1	160
259	B	103	320
259	G	54	641
259	I	57	1283
260	A	0	2
260	D	0	5
260	E	51	10
260	H	52	20
260	F	51	40
260	J	52	80
260	C	1	160
260	I	53	321
260	B	104	642
260	G	56	1284
261	A	0	2
261	D	0	5
261	E	51	10
261	H	52	20
261	F	51	40
261	J	52	80
261	C	1	160
261	I	53	321
261	B	104	642
261	G	57	1285
262	A	0	2
262	D	0	5
262	E	51	10
262	H	52	20
262	F	51	40
262	J	52	80
262	C	1	160
262	I	53	321
262	G	55	643
262	B	105	1286
263	A	0	2
263	D	0	5
263	E	51	10
263	H	52	20
263	F	51	40
263	J	52	80
263	C	1	160
263	I	53	321
263	G	55	643
263	B	106	1287
264	A	0	2
264	D	0	5
264	E	51	10
264	H	52	20
264	F	51	40
264	J	52	80
264	I	52	161
264	B	107	322
264	G	58	644
264	C	3	1288
265	A	0	2
265	D	0	5
265	E	51	10
265	H	52	20
265	F	51	40
265	J	52	80
265	I	52	161
265	B	107	322
265	G	58	644
265	C	4	1289
266	A	0	2
266	D	0	5
266	E	51	10
266	H	52	20
266	F	51	40
266	J	52	80
266	I	52	161
266	B	107	322
266	G	59	645
266	C	5	1290
267	A	0	2
267	D	0	5
267	E	51	10
267	H	52	20
267	F	51	40
267	J	52	80
267	I	52	161
267	B	107	322
267	G	59	645
267	C	6	1291
268	A	0	2
268	D	0	5
268	E	51	10
268	H	52	20
268	F	51	40
268	J	52	80
268	I	52	161
268	C	2	323
268	B	108	646
268	G	60	1292
269	A	0	2
269	D	0	5
269	E	51	10
269	H	52	20
269	F	51	40
269	J	52	80
269	I	52	161
269	C	2	323
269	B	108	646
269	G	61	1293
270	A	0	2
270	D	0	5
270	E	51	10
270	H	52	20
270	F	51	40
270	J	52	80
270	I	52	161
270	C	2	323
270	B	109	647
270	G	62	1294
271	A	0	2
271	D	0	5
271	E	51	10
271	H	52	20
271	F	51	40
271	J	52	80
271	I	52	161
271	C	2	323
271	B	109	647
271	G	63	1295
272	A	0	2
272	D	0	5
272	E	51	10
272	H	52	20
272	F	51	40
272	G	52	81
272	C	7	162
272	I	58	324
272	J	53	648
272	B	112	1296
273	A	0	2
273	D	0	5
273	E	51	10
273	H	52	20
273	F	51	40
273	G	52	81
273	C	7	162
273	I	58	324
273	J	53	648
273	B	113	1297
274	A	0	2
274	D	0	5
274	E	51	10
274	H	52	20
274	F	51	40
274	G	52	81
274	C	7	162
274	I	58	324
274	J	54	649
274	B	114	1298
275	A	0	2
275	D	0	5
275	E	51	10
275	H	52	20
275	F	51	40
275	G	52	81
275	C	7	162
275	I	58	324
275	J	54	649
275	B	115	1299
276	A	0	2
276	D	0	5
276	E	51	10
276	H	52	20
276	F	51	40
276	G	52	81
276	C	7	162
276	B	111	325
276	I	59	650
276	J	56	1300
277	A	0	2
277	D	0	5
277	E	51	10
277	H	52	20
277	F	51	40
277	G	52	81
277	C	7	162
277	B	111	325
277	I	59	650
277	J	57	1301
278	A	0	2
278	D	0	5
278	E	51	10
278	H	52	20
278	F	51	40
278	G	52	81
278	C	7	162
278	B	111	325
278	J	55	651
278	I	60	1302
279	A	0	2
279	D	0	5
279	E	51	10
279	H	52	20
279	F	51	40
279	G	52	81
279	C	7	162
279	B	111	325
279	J	55	651
279	I	61	1303
280	A	0	2
280	D	0	5
280	E	51	10
280	H	52	20
280	F	51	40
280	G	52	81
280	B	110	163
280	I	62	326
280	J	58	652
280	C	9	1304
281	A	0	2
281	D	0	5
281	E	51	10
281	H	52	20
281	F	51	40
281	G	52	81
281	B	110	163
281	I	62	326
281	J	58	652
281	C	10	1305
282	A	0	2
282	D	0	5
282	E	51	10
282	H	52	20
282	F	51	40
282	G	52	81
282	B	110	163
282	I	62	326
282	J	59	653
282	C	11	1306
283	A	0	2
283	D	0	5
283	E	51	10
283	H	52	20
283	F	51	40
283	G	52	81
283	B	110	163
283	I	62	326
283	J	59	653
283	C	12	1307
284	A	0	2
284	D	0	5
284	E	51	10
284	H	52	20
284	F	51	40
284	G	52	81
284	B	110	163
284	C	8	327
284	I	63	654
284	J	60	1308
285	A	0	2
285	D	0	5
285	E	51	10
285	H	52	20
285	F	51	40
285	G	52	81
285	B	110	163
285	C	8	327
285	I	63	654
285	J	61	1309
286	A	0	2
286	D	0	5
286	E	51	10
286	H	52	20
286	F	51	40
286	G	52	81
286	B	110	163
286	C	8	327
286	I	64	655
286	J	62	1310
287	A	0	2
287	D	0	5
287	E	51	10
287	H	52	20
287	F	51	40
287	G	52	81
287	B	110	163
287	C	8	327
287	I	64	655
287	J	63	1311
288	A	0	2
288	D	0	5
288	E	51	10
288	H	52	20
288	J	51	41
288	F	52	82
288	B	116	164
288	C	13	328
288	I	66	656
288	G	66	1312
289	A	0	2
289	D	0	5
289	E	51	10
289	H	52	20
289	J	51	41
289	F	52	82
289	B	116	164
289	C	13	328
289	I	66	656
289	G	67	1313
290	A	0	2
290	D	0	5
290	E	51	10
290	H	52	20
290	J	51	41
290	F	52	82
290	B	116	164
290	C	13	328
290	I	67	657
290	G	68	1314
291	A	0	2
291	D	0	5
291	E	51	10
291	H	52	20
291	J	51	41
291	F	52	82
291	B	116	164
291	C	13	328
291	I	67	657
291	G	69	1315
292	A	0	2
292	D	0	5
292	E	51	10
292	H	52	20
292	J	51	41
292	F	52	82
292	B	116	164
292	G	65	329
292	C	14	658
292	I	69	1316
293	A	0	2
293	D	0	5
293	E	51	10
293	H	52	20
293	J	51	41
293	F	52	82
293	B	116	164
293	G	65	329
293	C	14	658
293	I	70	1317
294	A	0	2
294	D	0	5
294	E	51	10
294	H	52	20
294	J	51	41
294	F	52	82
294	B	116	164
294	G	65	329
294	I	68	659
294	C	15	1318
295	A	0	2
295	D	0	5
295	E	51	10
295	H	52	20
295	J	51	41
295	F	52	82
295	B	116	164
295	G	65	329
295	I	68	659
295	C	16	1319
296	A	0	2
296	D	0	5
296	E	51	10
296	H	52	20
296	J	51	41
296	F	52	82
296	G	64	165
296	C	17	330
296	I	71	660
296	B	118	1320
297	A	0	2
297	D	0	5
297	E	51	10
297	H	52	20
297	J	51	41
297	F	52	82
297	G	64	165
297	C	17	330
297	I	71	660
297	B	119	1321
298	A	0	2
298	D	0	5
298	E	51	10
298	H	52	20
298	J	51	41
298	F	52	82
298	G	64	165
298	C	17	330
298	I	72	661
298	B	120	1322
299	A	0	2
299	D	0	5
299	E	51	10
299	H	52	20
299	J	51	41
299	F	52	82
299	G	64	165
299	C	17	330
299	I	72	661
299	B	121	1323
300	A	0	2
300	D	0	5
300	E	51	10
300	H	52	20
300	J	51	41
300	F	52	82
300	G	64	165
300	B	117	331
300	C	18	662
300	I	73	1324
301	A	0	2
301	D	0	5
301	E	51	10
301	H	52	20
301	J	51	41
301	F	52	82
301	G	64	165
301	B	117	331
301	C	18	662
301	I	74	1325
302	A	0	2
302	D	0	5
302	E	51	10
302	H	52	20
302	J	51	41
302	F	52	82
302	G	64	165
302	B	117	331
302	C	19	663
302	I	75	1326
303	A	0	2
303	D	0	5
303	E	51	10
303	H	52	20
303	J	51	41
303	F	52	82
303	G	64	165
303	B	117	331
303	C	19	663
303	I	76	1327
304	A	0	2
304	D	0	5
304	E	51	10
304	H	52	20
304	J	51	41
304	I	65	83
304	B	122	166
304	G	70	332
304	F	53	664
304	C	22	1328
305	A	0	2
305	D	0	5
305	E	51	10
305	H	52	20
305	J	51	41
305	I	65	83
305	B	122	166
305	G	70	332
305	F	53	664
305	C	23	1329
306	A	0	2
306	D	0	5
306	E	51	10
306	H	52	20
306	J	51	41
306	I	65	83
306	B	122	166
306	G	70	332
306	F	54	665
306	C	24	1330
307	A	0	2
307	D	0	5
307	E	51	10
307	H	52	20
307	J	51	41
307	I	65	83
307	B	122	166
307	G	70	332
307	F	54	665
307	C	25	1331
308	A	0	2
308	D	0	5
308	E	51	10
308	H	52	20
308	J	51	41
308	I	65	83
308	B	122	166
308	C	21	333
308	G	71	666
308	F	56	1332
309	A	0	2
309	D	0	5
309	E	51	10
309	H	52	20
309	J	51	41
309	I	65	83
309	B	122	166
309	C	21	333
309	G	71	666
309	F	57	1333
310	A	0	2
310	D	0	5
310	E	51	10
310	H	52	20
310	J	51	41
310	I	65	83
310	B	122	166
310	C	21	333
310	F	55	667
310	G	72	1334
311	A	0	2
311	D	0	5
311	E	51	10
311	H	52	20
311	J	51	41
311	I	65	83
311	B	122	166
311	C	21	333
311	F	55	667
311	G	73	1335
312	A	0	2
312	D	0	5
312	E	51	10
312	H	52	20
312	J	51	41
312	I	65	83
312	C	20	167
312	G	74	334
312	F	58	668
312	B	124	1336
313	A	0	2
313	D	0	5
313	E	51	10
313	H	52	20
313	J	51	41
313	I	65	83
313	C	20	167
313	G	74	334
313	F	58	668
313	B	125	1337
314	A	0	2
314	D	0	5
314	E	51	10
314	H	52	20
314	J	51	41
314	I	65	83
314	C	20	167
314	G	74	334
314	F	59	669
314	B	126	1338
315	A	0	2
315	D	0	5
315	E	51	10
315	H	52	20
315	J	51	41
315	I	65	83
315	C	20	167
315	G	74	334
315	F	59	669
315	B	127	1339
316	A	0	2
316	D	0	5
316	E	51	10
316	H	52	20
316	J	51	41
316	I	65	83
316	C	20	167
316	B	123	335
316	G	75	670
316	F	60	1340
317	A	0	2
317	D	0	5
317	E	51	10
317	H	52	20
317	J	51	41
317	I	65	83
317	C	20	167
317	B	123	335
317	G	75	670
317	F	61	1341
318	A	0	2
318	D	0	5
318	E	51	10
318	H	52	20
318	J	51	41
318	I	65	83
318	C	20	167
318	B	123	335
318	G	76	671
318	F	62	1342
319	A	0	2
319	D	0	5
319	E	51	10
319	H	52	20
319	J	51	41
319	I	65	83
319	C	20	167
319	B	123	335
319	G	76	671
319	F	63	1343
320	A	0	2
320	D	0	5
320	E	51	10
320	I	51	21
320	F	64	42
320	J	65	84
320	G	77	168
320	B	128	336
320	H	54	672
320	C	28	1344
321	A	0	2
321	D	0	5
321	E	51	10
321	I	51	21
321	F	64	42
321	J	65	84
321	G	77	168
321	B	128	336
321	H	54	672
321	C	29	1345
322	A	0	2
322	D	0	5
322	E	51	10
322	I	51	21
322	F	64	42
322	J	65	84
322	G	77	168
322	B	128	336
322	H	55	673
322	C	30	1346
323	A	0	2
323	D	0	5
323	E	51	10
323	I	51	21
323	F	64	42
323	J	65	84
323	G	77	168
323	B	128	336
323	H	55	673
323	C	31	1347
324	A	0	2
324	D	0	5
324	E	51	10
324	I	51	21
324	F	64	42
324	J	65	84
324	G	77	168
324	C	27	337
324	B	129	674
324	H	57	1348
325	A	0	2
325	D	0	5
325	E	51	10
325	I	51	21
325	F	64	42
325	J	65	84
325	G	77	168
325	C	27	337
325	B	129	674
325	H	58	1349
326	A	0	2
326	D	0	5
326	E	51	10
326	I	51	21
326	F	64	42
326	J	65	84
326	G	77	168
326	C	27	337
326	H	56	675
326	B	130	1350
327	A	0	2
327	D	0	5
327	E	51	10
327	I	51	21
327	F	64	42
327	J	65	84
327	G	77	168
327	C	27	337
327	H	56	675
327	B	131	1351
328	A	0	2
328	D	0	5
328	E	51	10
328	I	51	21
328	F	64	42
328	J	65	84
328	C	26	169
328	B	132	338
328	H	59	676
328	G	79	1352
329	A	0	2
329	D	0	5
329	E	51	10
329	I	51	21
329	F	64	42
329	J	65	84
329	C	26	169
329	B	132	338
329	H	59	676
329	G	80	1353
330	A	0	2
330	D	0	5
330	E	51	10
330	I	51	21
330	F	64	42
330	J	65	84
330	C	26	169
330	B	132	338
330	H	60	677
330	G	81	1354
331	A	0	2
331	D	0	5
331	E	51	10
331	I	51	21
331	F	64	42
331	J	65	84
331	C	26	169
331	B	132	338
331	H	60	677
331	G	82	1355
332	A	0	2
332	D	0	5
332	E	51	10
332	I	51	21
332	F	64	42
332	J	65	84
332	C	26	169
332	G	78	339
332	B	133	678
332	H	61	1356
333	A	0	2
333	D	0	5
333	E	51	10
333	I	51	21
333	F	64	42
333	J	65	84
333	C	26	169
333	G	78	339
333	B	133	678
333	H	62	1357
334	A	0	2
334	D	0	5
334	E	51	10
334	I	51	21
334	F	64	42
334	J	65	84
334	C	26	169
334	G	78	339
334	B	134	679
334	H	63	1358
335	A	0	2
335	D	0	5
335	E	51	10
335	I	51	21
335	F	64	42
335	J	65	84
335	C	26	169
335	G	78	339
335	B	134	679
335	H	64	1359
336	A	0	2
336	D	0	5
336	E	51	10
336	I	51	21
336	F	64	42
336	H	53	85
336	G	83	170
336	C	32	340
336	J	66	680
336	B	137	1360
337	A	0	2
337	D	0	5
337	E	51	10
337	I	51	21
337	F	64	42
337	H	53	85
337	G	83	170
337	C	32	340
337	J	66	680
337	B	138	1361
338	A	0	2
338	D	0	5
338	E	51	10
338	I	51	21
338	F	64	42
338	H	53	85
338	G	83	170
338	C	32	340
338	J	67	681
338	B	139	1362
339	A	0	2
339	D	0	5
339	E	51	10
339	I	51	21
339	F	64	42
339	H	53	85
339	G	83	170
339	C	32	340
339	J	67	681
339	B	140	1363
340	A	0	2
340	D	0	5
340	E	51	10
340	I	51	21
340	F	64	42
340	H	53	85
340	G	83	170
340	B	136	341
340	C	33	682
340	J	69	1364
341	A	0	2
341	D	0	5
341	E	51	10
341	I	51	21
341	F	64	42
341	H	53	85
341	G	83	170
341	B	136	341
341	C	33	682
341	J	70	1365
342	A	0	2
342	D	0	5
342	E	51	10
342	I	51	21
342	F	64	42
342	H	53	85
342	G	83	170
342	B	136	341
342	J	68	683
342	C	34	1366
343	A	0	2
343	D	0	5
343	E	51	10
343	I	51	21
343	F	64	42
343	H	53	85
343	G	83	170
343	B	136	341
343	J	68	683
343	C	35	1367
344	A	0	2
344	D	0	5
344	E	51	10
344	I	51	21
344	F	64	42
344	H	53	85
344	B	135	171
344	C	36	342
344	J	71	684
344	G	85	1368
345	A	0	2
345	D	0	5
345	E	51	10
345	I	51	21
345	F	64	42
345	H	53	85
345	B	135	171
345	C	36	342
345	J	71	684
345	G	86	1369
346	A	0	2
346	D	0	5
346	E	51	10
346	I	51	21
346	F	64	42
346	H	53	85
346	B	135	171
346	C	36	342
346	J	72	685
346	G	87	1370
347	A	0	2
347	D	0	5
347	E	51	10
347	I	51	21
347	F	64	42
347	H	53	85
347	B	135	171
347	C	36	342
347	J	72	685
347	G	88	1371
348	A	0	2
348	D	0	5
348	E	51	10
348	I	51	21
348	F	64	42
348	H	53	85
348	B	135	171
348	G	84	343
348	C	37	686
348	J	73	1372
349	A	0	2
349	D	0	5
349	E	51	10
349	I	51	21
349	F	64	42
349	H	53	85
349	B	135	171
349	G	84	343
349	C	37	686
349	J	74	1373
350	A	0	2
350	D	0	5
350	E	51	10
350	I	51	21
350	F	64	42
350	H	53	85
350	B	135	171
350	G	84	343
350	C	38	687
350	J	75	1374
351	A	0	2
351	D	0	5
351	E	51	10
351	I	51	21
351	F	64	42
351	H	53	85
351	B	135	171
351	G	84	343
351	C	38	687
351	J	76	1375
352	A	0	2
352	D	0	5
352	E	51	10
352	I	51	21
352	J	64	43
352	F	65	86
352	C	39	172
352	B	141	344
352	H	66	688
352	G	91	1376
353	A	0	2
353	D	0	5
353	E	51	10
353	I	51	21
353	J	64	43
353	F	65	86
353	C	39	172
353	B	141	344
353	H	66	688
353	G	92	1377
354	A	0	2
354	D	0	5
354	E	51	10
354	I	51	21
354	J	64	43
354	F	65	86
354	C	39	172
354	B	141	344
354	H	67	689
354	G	93	1378
355	A	0	2
355	D	0	5
355	E	51	10
355	I	51	21
355	J	64	43
355	F	65	86
355	C	39	172
355	B	141	344
355	H	67	689
355	G	94	1379
356	A	0	2
356	D	0	5
356	E	51	10
356	I	51	21
356	J	64	43
356	F	65	86
356	C	39	172
356	G	90	345
356	B	142	690
356	H	69	1380
357	A	0	2
357	D	0	5
357	E	51	10
357	I	51	21
357	J	64	43
357	F	65	86
357	C	39	172
357	G	90	345
357	B	142	690
357	H	70	1381
358	A	0	2
358	D	0	5
358	E	51	10
358	I	51	21
358	J	64	43
358	F	65	86
358	C	39	172
358	G	90	345
358	H	68	691
358	B	143	1382
359	A	0	2
359	D	0	5
359	E	51	10
359	I	51	21
359	J	64	43
359	F	65	86
359	C	39	172
359	G	90	345
359	H	68	691
359	B	144	1383
360	A	0	2
360	D	0	5
360	E	51	10
360	I	51	21
360	J	64	43
360	F	65	86
360	G	89	173
360	B	145	346
360	H	71	692
360	C	41	1384
361	A	0	2
361	D	0	5
361	E	51	10
361	I	51	21
361	J	64	43
361	F	65	86
361	G	89	173
361	B	145	346
361	H	71	692
361	C	42	1385
362	A	0	2
362	D	0	5
362	E	51	10
362	I	51	21
362	J	64	43
362	F	65	86
362	G	89	173
362	B	145	346
362	H	72	693
362	C	43	1386
363	A	0	2
363	D	0	5
363	E	51	10
363	I	51	21
363	J	64	43
363	F	65	86
363	G	89	173
363	B	145	346
363	H	72	693
363	C	44	1387
364	A	0	2
364	D	0	5
364	E	51	10
364	I	51	21
364	J	64	43
364	F	65	86
364	G	89	173
364	C	40	347
364	B	146	694
364	H	73	1388
365	A	0	2
365	D	0	5
365	E	51	10
365	I	51	21
365	J	64	43
365	F	65	86
365	G	89	173
365	C	40	347
365	B	146	694
365	H	74	1389
366	A	0	2
366	D	0	5
366	E	51	10
366	I	51	21
366	J	64	43
366	F	65	86
366	G	89	173
366	C	40	347
366	B	147	695
366	H	75	1390
367	A	0	2
367	D	0	5
367	E	51	10
367	I	51	21
367	J	64	43
367	F	65	86
367	G	89	173
367	C	40	347
367	B	147	695
367	H	76	1391
368	A	0	2
368	D	0	5
368	E	51	10
368	I	51	21
368	J	64	43
368	H	65	87
368	C	45	174
368	G	95	348
368	F	66	696
368	B	150	1392
369	A	0	2
369	D	0	5
369	E	51	10
369	I	51	21
369	J	64	43
369	H	65	87
369	C	45	174
369	G	95	348
369	F	66	696
369	B	151	1393
370	A	0	2
370	D	0	5
370	E	51	10
370	I	51	21
370	J	64	43
370	H	65	87
370	C	45	174
370	G	95	348
370	F	67	697
370	B	152	1394
371	A	0	2
371	D	0	5
371	E	51	10
371	I	51	21
371	J	64	43
371	H	65	87
371	C	45	174
371	G	95	348
371	F	67	697
371	B	153	1395
372	A	0	2
372	D	0	5
372	E	51	10
372	I	51	21
372	J	64	43
372	H	65	87
372	C	45	174
372	B	149	349
372	G	96	698
372	F	69	1396
373	A	0	2
373	D	0	5
373	E	51	10
373	I	51	21
373	J	64	43
373	H	65	87
373	C	45	174
373	B	149	349
373	G	96	698
373	F	70	1397
374	A	0	2
374	D	0	5
374	E	51	10
374	I	51	21
374	J	64	43
374	H	65	87
374	C	45	174
374	B	149	349
374	F	68	699
374	G	97	1398
375	A	0	2
375	D	0	5
375	E	51	10
375	I	51	21
375	J	64	43
375	H	65	87
375	C	45	174
375	B	149	349
375	F	68	699
375	G	98	1399
376	A	0	2
376	D	0	5
376	E	51	10
376	I	51	21
376	J	64	43
376	H	65	87
376	B	148	175
376	G	99	350
376	F	71	700
376	C	47	1400
377	A	0	2
377	D	0	5
377	E	51	10
377	I	51	21
377	J	64	43
377	H	65	87
377	B	148	175
377	G	99	350
377	F	71	700
377	C	48	1401
378	A	0	2
378	D	0	5
378	E	51	10
378	I	51	21
378	J	64	43
378	H	65	87
378	B	148	175
378	G	99	350
378	F	72	701
378	C	49	1402
379	A	0	2
379	D	0	5
379	E	51	10
379	I	51	21
379	J	64	43
379	H	65	87
379	B	148	175
379	G	99	350
379	F	72	701
379	C	50	1403
380	A	0	2
380	D	0	5
380	E	51	10
380	I	51	21
380	J	64	43
380	H	65	87
380	B	148	175
380	C	46	351
380	G	100	702
380	F	73	1404
381	A	0	2
381	D	0	5
381	E	51	10
381	I	51	21
381	J	64	43
381	H	65	87
381	B	148	175
381	C	46	351
381	G	100	702
381	F	74	1405
382	A	0	2
382	D	0	5
382	E	51	10
382	I	51	21
382	J	64	43
382	H	65	87
382	B	148	175
382	C	46	351
382	G	101	703
382	F	75	1406
383	A	0	2
383	D	0	5
383	E	51	10
383	I	51	21
383	J	64	43
383	H	65	87
383	B	148	175
383	C	46	351
383	G	101	703
383	F	76	1407
384	A	0	2
384	D	0	5
384	G	51	11
384	I	77	22
384	F	77	44
384	J	78	88
384	B	154	176
384	C	51	352
384	E	53	704
384	H	80	1408
385	A	0	2
385	D	0	5
385	G	51	11
385	I	77	22
385	F	77	44
385	J	78	88
385	B	154	176
385	C	51	352
385	E	53	704
385	H	81	1409
386	A	0	2
386	D	0	5
386	G	51	11
386	I	77	22
386	F	77	44
386	J	78	88
386	B	154	176
386	C	51	352
386	E	54	705
386	H	82	1410
387	A	0	2
387	D	0	5
387	G	51	11
387	I	77	22
387	F	77	44
387	J	78	88
387	B	154	176
387	C	51	352
387	E	54	705
387	H	83	1411
388	A	0	2
388	D	0	5
388	G	51	11
388	I	77	22
388	F	77	44
388	J	78	88
388	B	154	176
388	H	79	353
388	C	52	706
388	E	56	1412
389	A	0	2
389	D	0	5
389	G	51	11
389	I	77	22
389	F	77	44
389	J	78	88
389	B	154	176
389	H	79	353
389	C	52	706
389	E	57	1413
390	A	0	2
390	D	0	5
390	G	51	11
390	I	77	22
390	F	77	44
390	J	78	88
390	B	154	176
390	H	79	353
390	E	55	707
390	C	53	1414
391	A	0	2
391	D	0	5
391	G	51	11
391	I	77	22
391	F	77	44
391	J	78	88
391	B	154	176
391	H	79	353
391	E	55	707
391	C	54	1415
392	A	0	2
392	D	0	5
392	G	51	11
392	I	77	22
392	F	77	44
392	J	78	88
392	H	78	177
392	C	55	354
392	E	58	708
392	B	156	1416
393	A	0	2
393	D	0	5
393	G	51	11
393	I	77	22
393	F	77	44
393	J	78	88
393	H	78	177
393	C	55	354
393	E	58	708
393	B	157	1417
394	A	0	2
394	D	0	5
394	G	51	11
394	I	77	22
394	F	77	44
394	J	78	88
394	H	78	177
394	C	55	354
394	E	59	709
394	B	158	1418
395	A	0	2
395	D	0	5
395	G	51	11
395	I	77	22
395	F	77	44
395	J	78	88
395	H	78	177
395	C	55	354
395	E	59	709
395	B	159	1419
396	A	0	2
396	D	0	5
396	G	51	11
396	I	77	22
396	F	77	44
396	J	78	88
396	H	78	177
396	B	155	355
396	C	56	710
396	E	60	1420
397	A	0	2
397	D	0	5
397	G	51	11
397	I	77	22
397	F	77	44
397	J	78	88
397	H	78	177
397	B	155	355
397	C	56	710
397	E	61	1421
398	A	0	2
398	D	0	5
398	G	51	11
398	I	77	22
398	F	77	44
398	J	78	88
398	H	78	177
398	B	155	355
398	C	57	711
398	E	62	1422
399	A	0	2
399	D	0	5
399	G	51	11
399	I	77	22
399	F	77	44
399	J	78	88
399	H	78	177
399	B	155	355
399	C	57	711
399	E	63	1423
400	A	0	2
400	D	0	5
400	G	51	11
400	I	77	22
400	F	77	44
400	E	52	89
400	B	160	178
400	H	84	356
400	J	79	712
400	C	60	1424
401	A	0	2
401	D	0	5
401	G	51	11
401	I	77	22
401	F	77	44
401	E	52	89
401	B	160	178
401	H	84	356
401	J	79	712
401	C	61	1425
402	A	0	2
402	D	0	5
402	G	51	11
402	I	77	22
402	F	77	44
402	E	52	89
402	B	160	178
402	H	84	356
402	J	80	713
402	C	62	1426
403	A	0	2
403	D	0	5
403	G	51	11
403	I	77	22
403	F	77	44
403	E	52	89
403	B	160	178
403	H	84	356
403	J	80	713
403	C	63	1427
404	A	0	2
404	D	0	5
404	G	51	11
404	I	77	22
404	F	77	44
404	E	52	89
404	B	160	178
404	C	59	357
404	H	85	714
404	J	82	1428
405	A	0	2
405	D	0	5
405	G	51	11
405	I	77	22
405	F	77	44
405	E	52	89
405	B	160	178
405	C	59	357
405	H	85	714
405	J	83	1429
406	A	0	2
406	D	0	5
406	G	51	11
406	I	77	22
406	F	77	44
406	E	52	89
406	B	160	178
406	C	59	357
406	J	81	715
406	H	86	1430
407	A	0	2
407	D	0	5
407	G	51	11
407	I	77	22
407	F	77	44
407	E	52	89
407	B	160	178
407	C	59	357
407	J	81	715
407	H	87	1431
408	A	0	2
408	D	0	5
408	G	51	11
408	I	77	22
408	F	77	44
408	E	52	89
408	C	58	179
408	H	88	358
408	J	84	716
408	B	162	1432
409	A	0	2
409	D	0	5
409	G	51	11
409	I	77	22
409	F	77	44
409	E	52	89
409	C	58	179
409	H	88	358
409	J	84	716
409	B	163	1433
410	A	0	2
410	D	0	5
410	G	51	11
410	I	77	22
410	F	77	44
410	E	52	89
410	C	58	179
410	H	88	358
410	J	85	717
410	B	164	1434
411	A	0	2
411	D	0	5
411	G	51	11
411	I	77	22
411	F	77	44
411	E	52	89
411	C	58	179
411	H	88	358
411	J	85	717
411	B	165	1435
412	A	0	2
412	D	0	5
412	G	51	11
412	I	77	22
412	F	77	44
412	E	52	89
412	C	58	179
412	B	161	359
412	H	89	718
412	J	86	1436
413	A	0	2
413	D	0	5
413	G	51	11
413	I	77	22
413	F	77	44
413	E	52	89
413	C	58	179
413	B	161	359
413	H	89	718
413	J	87	1437
414	A	0	2
414	D	0	5
414	G	51	11
414	I	77	22
414	F	77	44
414	E	52	89
414	C	58	179
414	B	161	359
414	H	90	719
414	J	88	1438
415	A	0	2
415	D	0	5
415	G	51	11
415	I	77	22
415	F	77	44
415	E	52	89
415	C	58	179
415	B	161	359
415	H	90	719
415	J	89	1439
416	A	0	2
416	D	0	5
416	G	51	11
416	I	77	22
416	J	77	45
416	F	78	90
416	C	64	180
416	B	166	360
416	H	92	720
416	E	66	1440
417	A	0	2
417	D	0	5
417	G	51	11
417	I	77	22
417	J	77	45
417	F	78	90
417	C	64	180
417	B	166	360
417	H	92	720
417	E	67	1441
418	A	0	2
418	D	0	5
418	G	51	11
418	I	77	22
418	J	77	45
418	F	78	90
418	C	64	180
418	B	166	360
418	H	93	721
418	E	68	1442
419	A	0	2
419	D	0	5
419	G	51	11
419	I	77	22
419	J	77	45
419	F	78	90
419	C	64	180
419	B	166	360
419	H	93	721
419	E	69	1443
420	A	0	2
420	D	0	5
420	G	51	11
420	I	77	22
420	J	77	45
420	F	78	90
420	C	64	180
420	E	65	361
420	B	167	722
420	H	95	1444
421	A	0	2
421	D	0	5
421	G	51	11
421	I	77	22
421	J	77	45
421	F	78	90
421	C	64	180
421	E	65	361
421	B	167	722
421	H	96	1445
422	A	0	2
422	D	0	5
422	G	51	11
422	I	77	22
422	J	77	45
422	F	78	90
422	C	64	180
422	E	65	361
422	H	94	723
422	B	168	1446
423	A	0	2
423	D	0	5
423	G	51	11
423	I	77	22
423	J	77	45
423	F	78	90
423	C	64	180
423	E	65	361
423	H	94	723
423	B	169	1447
424	A	0	2
424	D	0	5
424	G	51	11
424	I	77	22
424	J	77	45
424	F	78	90
424	E	64	181
424	B	170	362
424	H	97	724
424	C	66	1448
425	A	0	2
425	D	0	5
425	G	51	11
425	I	77	22
425	J	77	45
425	F	78	90
425	E	64	181
425	B	170	362
425	H	97	724
425	C	67	1449
426	A	0	2
426	D	0	5
426	G	51	11
426	I	77	22
426	J	77	45
426	F	78	90
426	E	64	181
426	B	170	362
426	H	98	725
426	C	68	1450
427	A	0	2
427	D	0	5
427	G	51	11
427	I	77	22
427	J	77	45
427	F	78	90
427	E	64	181
427	B	170	362
427	H	98	725
427	C	69	1451
428	A	0	2
428	D	0	5
428	G	51	11
428	I	77	22
428	J	77	45
428	F	78	90
428	E	64	181
428	C	65	363
428	B	171	726
428	H	99	1452
429	A	0	2
429	D	0	5
429	G	51	11
429	I	77	22
429	J	77	45
429	F	78	90
429	E	64	181
429	C	65	363
429	B	171	726
429	H	100	1453
430	A	0	2
430	D	0	5
430	G	51	11
430	I	77	22
430	J	77	45
430	F	78	90
430	E	64	181
430	C	65	363
430	B	172	727
430	H	101	1454
431	A	0	2
431	D	0	5
431	G	51	11
431	I	77	22
431	J	77	45
431	F	78	90
431	E	64	181
431	C	65	363
431	B	172	727
431	H	102	1455
432	A	0	2
432	D	0	5
432	G	51	11
432	I	77	22
432	J	77	45
432	H	91	91
432	C	70	182
432	E	70	364
432	F	79	728
432	B	175	1456
433	A	0	2
433	D	0	5
433	G	51	11
433	I	77	22
433	J	77	45
433	H	91	91
433	C	70	182
433	E	70	364
433	F	79	728
433	B	176	1457
434	A	0	2
434	D	0	5
434	G	51	11
434	I	77	22
434	J	77	45
434	H	91	91
434	C	70	182
434	E	70	364
434	F	80	729
434	B	177	1458
435	A	0	2
435	D	0	5
435	G	51	11
435	I	77	22
435	J	77	45
435	H	91	91
435	C	70	182
435	E	70	364
435	F	80	729
435	B	178	1459
436	A	0	2
436	D	0	5
436	G	51	11
436	I	77	22
436	J	77	45
436	H	91	91
436	C	70	182
436	B	174	365
436	E	71	730
436	F	82	1460
437	A	0	2
437	D	0	5
437	G	51	11
437	I	77	22
437	J	77	45
437	H	91	91
437	C	70	182
437	B	174	365
437	E	71	730
437	F	83	1461
438	A	0	2
438	D	0	5
438	G	51	11
438	I	77	22
438	J	77	45
438	H	91	91
438	C	70	182
438	B	174	365
438	F	81	731
438	E	72	1462
439	A	0	2
439	D	0	5
439	G	51	11
439	I	77	22
439	J	77	45
439	H	91	91
439	C	70	182
439	B	174	365
439	F	81	731
439	E	73	1463
440	A	0	2
440	D	0	5
440	G	51	11
440	I	77	22
440	J	77	45
440	H	91	91
440	B	173	183
440	E	74	366
440	F	84	732
440	C	72	1464
441	A	0	2
441	D	0	5
441	G	51	11
441	I	77	22
441	J	77	45
441	H	91	91
441	B	173	183
441	E	74	366
441	F	84	732
441	C	73	1465
442	A	0	2
442	D	0	5
442	G	51	11
442	I	77	22
442	J	77	45
442	H	91	91
442	B	173	183
442	E	74	366
442	F	85	733
442	C	74	1466
443	A	0	2
443	D	0	5
443	G	51	11
443	I	77	22
443	J	77	45
443	H	91	91
443	B	173	183
443	E	74	366
443	F	85	733
443	C	75	1467
444	A	0	2
444	D	0	5
444	G	51	11
444	I	77	22
444	J	77	45
444	H	91	91
444	B	173	183
444	C	71	367
444	E	75	734
444	F	86	1468
445	A	0	2
445	D	0	5
445	G	51	11
445	I	77	22
445	J	77	45
445	H	91	91
445	B	173	183
445	C	71	367
445	E	75	734
445	F	87	1469
446	A	0	2
446	D	0	5
446	G	51	11
446	I	77	22
446	J	77	45
446	H	91	91
446	B	173	183
446	C	71	367
446	E	76	735
446	F	88	1470
447	A	0	2
447	D	0	5
447	G	51	11
447	I	77	22
447	J	77	45
447	H	91	91
447	B	173	183
447	C	71	367
447	E	76	735
447	F	89	1471
448	A	0	2
448	D	0	5
448	G	51	11
448	H	77	23
448	F	90	46
448	J	91	92
448	E	77	184
448	C	76	368
448	I	79	736
448	B	181	1472
449	A	0	2
449	D	0	5
449	G	51	11
449	H	77	23
449	F	90	46
449	J	91	92
449	E	77	184
449	C	76	368
449	I	79	736
449	B	182	1473
450	A	0	2
450	D	0	5
450	G	51	11
450	H	77	23
450	F	90	46
450	J	91	92
450	E	77	184
450	C	76	368
450	I	80	737
450	B	183	1474
451	A	0	2
451	D	0	5
451	G	51	11
451	H	77	23
451	F	90	46
451	J	91	92
451	E	77	184
451	C	76	368
451	I	80	737
451	B	184	1475
452	A	0	2
452	D	0	5
452	G	51	11
452	H	77	23
452	F	90	46
452	J	91	92
452	E	77	184
452	B	180	369
452	C	77	738
452	I	82	1476
453	A	0	2
453	D	0	5
453	G	51	11
453	H	77	23
453	F	90	46
453	J	91	92
453	E	77	184
453	B	180	369
453	C	77	738
453	I	83	1477
454	A	0	2
454	D	0	5
454	G	51	11
454	H	77	23
454	F	90	46
454	J	91	92
454	E	77	184
454	B	180	369
454	I	81	739
454	C	78	1478
455	A	0	2
455	D	0	5
455	G	51	11
455	H	77	23
455	F	90	46
455	J	91	92
455	E	77	184
455	B	180	369
455	I	81	739
455	C	79	1479
456	A	0	2
456	D	0	5
456	G	51	11
456	H	77	23
456	F	90	46
456	J	91	92
456	B	179	185
456	C	80	370
456	I	84	740
456	E	79	1480
457	A	0	2
457	D	0	5
457	G	51	11
457	H	77	23
457	F	90	46
457	J	91	92
457	B	179	185
457	C	80	370
457	I	84	740
457	E	80	1481
458	A	0	2
458	D	0	5
458	G	51	11
458	H	77	23
458	F	90	46
458	J	91	92
458	B	179	185
458	C	80	370
458	I	85	741
458	E	81	1482
459	A	0	2
459	D	0	5
459	G	51	11
459	H	77	23
459	F	90	46
459	J	91	92
459	B	179	185
459	C	80	370
459	I	85	741
459	E	82	1483
460	A	0	2
460	D	0	5
460	G	51	11
460	H	77	23
460	F	90	46
460	J	91	92
460	B	179	185
460	E	78	371
460	C	81	742
460	I	86	1484
461	A	0	2
461	D	0	5
461	G	51	11
461	H	77	23
461	F	90	46
461	J	91	92
461	B	179	185
461	E	78	371
461	C	81	742
461	I	87	1485
462	A	0	2
462	D	0	5
462	G	51	11
462	H	77	23
462	F	90	46
462	J	91	92
462	B	179	185
462	E	78	371
462	C	82	743
462	I	88	1486
463	A	0	2
463	D	0	5
463	G	51	11
463	H	77	23
463	F	90	46
463	J	91	92
463	B	179	185
463	E	78	371
463	C	82	743
463	I	89	1487
464	A	0	2
464	D	0	5
464	G	51	11
464	H	77	23
464	F	90	46
464	I	78	93
464	E	83	186
464	B	185	372
464	J	92	744
464	C	85	1488
465	A	0	2
465	D	0	5
465	G	51	11
465	H	77	23
465	F	90	46
465	I	78	93
465	E	83	186
465	B	185	372
465	J	92	744
465	C	86	1489
466	A	0	2
466	D	0	5
466	G	51	11
466	H	77	23
466	F	90	46
466	I	78	93
466	E	83	186
466	B	185	372
466	J	93	745
466	C	87	1490
467	A	0	2
467	D	0	5
467	G	51	11
467	H	77	23
467	F	90	46
467	I	78	93
467	E	83	186
467	B	185	372
467	J	93	745
467	C	88	1491
468	A	0	2
468	D	0	5
468	G	51	11
468	H	77	23
468	F	90	46
468	I	78	93
468	E	83	186
468	C	84	373
468	B	186	746
468	J	95	1492
469	A	0	2
469	D	0	5
469	G	51	11
469	H	77	23
469	F	90	46
469	I	78	93
469	E	83	186
469	C	84	373
469	B	186	746
469	J	96	1493
470	A	0	2
470	D	0	5
470	G	51	11
470	H	77	23
470	F	90	46
470	I	78	93
470	E	83	186
470	C	84	373
470	J	94	747
470	B	187	1494
471	A	0	2
471	D	0	5
471	G	51	11
471	H	77	23
471	F	90	46
471	I	78	93
471	E	83	186
471	C	84	373
471	J	94	747
471	B	188	1495
472	A	0	2
472	D	0	5
472	G	51	11
472	H	77	23
472	F	90	46
472	I	78	93
472	C	83	187
472	B	189	374
472	J	97	748
472	E	85	1496
473	A	0	2
473	D	0	5
473	G	51	11
473	H	77	23
473	F	90	46
473	I	78	93
473	C	83	187
473	B	189	374
473	J	97	748
473	E	86	1497
474	A	0	2
474	D	0	5
474	G	51	11
474	H	77	23
474	F	90	46
474	I	78	93
474	C	83	187
474	B	189	374
474	J	98	749
474	E	87	1498
475	A	0	2
475	D	0	5
475	G	51	11
475	H	77	23
475	F	90	46
475	I	78	93
475	C	83	187
475	B	189	374
475	J	98	749
475	E	88	1499
476	A	0	2
476	D	0	5
476	G	51	11
476	H	77	23
476	F	90	46
476	I	78	93
476	C	83	187
476	E	84	375
476	B	190	750
476	J	99	1500
477	A	0	2
477	D	0	5
477	G	51	11
477	H	77	23
477	F	90	46
477	I	78	93
477	C	83	187
477	E	84	375
477	B	190	750
477	J	100	1501
478	A	0	2
478	D	0	5
478	G	51	11
478	H	77	23
478	F	90	46
478	I	78	93
478	C	83	187
478	E	84	375
478	B	191	751
478	J	101	1502
479	A	0	2
479	D	0	5
479	G	51	11
479	H	77	23
479	F	90	46
479	I	78	93
479	C	83	187
479	E	84	375
479	B	191	751
479	J	102	1503
480	A	0	2
480	D	0	5
480	G	51	11
480	H	77	23
480	J	90	47
480	F	91	94
480	B	192	188
480	C	89	376
480	I	91	752
480	E	91	1504
481	A	0	2
481	D	0	5
481	G	51	11
481	H	77	23
481	J	90	47
481	F	91	94
481	B	192	188
481	C	89	376
481	I	91	752
481	E	92	1505
482	A	0	2
482	D	0	5
482	G	51	11
482	H	77	23
482	J	90	47
482	F	91	94
482	B	192	188
482	C	89	376
482	I	92	753
482	E	93	1506
483	A	0	2
483	D	0	5
483	G	51	11
483	H	77	23
483	J	90	47
483	F	91	94
483	B	192	188
483	C	89	376
483	I	92	753
483	E	94	1507
484	A	0	2
484	D	0	5
484	G	51	11
484	H	77	23
484	J	90	47
484	F	91	94
484	B	192	188
484	E	90	377
484	C	90	754
484	I	94	1508
485	A	0	2
485	D	0	5
485	G	51	11
485	H	77	23
485	J	90	47
485	F	91	94
485	B	192	188
485	E	90	377
485	C	90	754
485	I	95	1509
486	A	0	2
486	D	0	5
486	G	51	11
486	H	77	23
486	J	90	47
486	F	91	94
486	B	192	188
486	E	90	377
486	I	93	755
486	C	91	1510
487	A	0	2
487	D	0	5
487	G	51	11
487	H	77	23
487	J	90	47
487	F	91	94
487	B	192	188
487	E	90	377
487	I	93	755
487	C	92	1511
488	A	0	2
488	D	0	5
488	G	51	11
488	H	77	23
488	J	90	47
488	F	91	94
488	E	89	189
488	C	93	378
488	I	96	756
488	B	194	1512
489	A	0	2
489	D	0	5
489	G	51	11
489	H	77	23
489	J	90	47
489	F	91	94
489	E	89	189
489	C	93	378
489	I	96	756
489	B	195	1513
490	A	0	2
490	D	0	5
490	G	51	11
490	H	77	23
490	J	90	47
490	F	91	94
490	E	89	189
490	C	93	378
490	I	97	757
490	B	196	1514
491	A	0	2
491	D	0	5
491	G	51	11
491	H	77	23
491	J	90	47
491	F	91	94
491	E	89	189
491	C	93	378
491	I	97	757
491	B	197	1515
492	A	0	2
492	D	0	5
492	G	51	11
492	H	77	23
492	J	90	47
492	F	91	94
492	E	89	189
492	B	193	379
492	C	94	758
492	I	98	1516
493	A	0	2
493	D	0	5
493	G	51	11
493	H	77	23
493	J	90	47
493	F	91	94
493	E	89	189
493	B	193	379
493	C	94	758
493	I	99	1517
494	A	0	2
494	D	0	5
494	G	51	11
494	H	77	23
494	J	90	47
494	F	91	94
494	E	89	189
494	B	193	379
494	C	95	759
494	I	100	1518
495	A	0	2
495	D	0	5
495	G	51	11
495	H	77	23
495	J	90	47
495	F	91	94
495	E	89	189
495	B	193	379
495	C	95	759
495	I	101	1519
496	A	0	2
496	D	0	5
496	G	51	11
496	H	77	23
496	J	90	47
496	I	90	95
496	B	198	190
496	E	95	380
496	F	92	760
496	C	98	1520
497	A	0	2
497	D	0	5
497	G	51	11
497	H	77	23
497	J	90	47
497	I	90	95
497	B	198	190
497	E	95	380
497	F	92	760
497	C	99	1521
498	A	0	2
498	D	0	5
498	G	51	11
498	H	77	23
498	J	90	47
498	I	90	95
498	B	198	190
498	E	95	380
498	F	93	761
498	C	100	1522
499	A	0	2
499	D	0	5
499	G	51	11
499	H	77	23
499	J	90	47
499	I	90	95
499	B	198	190
499	E	95	380
499	F	93	761
499	C	101	1523
500	A	0	2
500	D	0	5
500	G	51	11
500	H	77	23
500	J	90	47
500	I	90	95
500	B	198	190
500	C	97	381
500	E	96	762
500	F	95	1524
501	A	0	2
501	D	0	5
501	G	51	11
501	H	77	23
501	J	90	47
501	I	90	95
501	B	198	190
501	C	97	381
501	E	96	762
501	F	96	1525
502	A	0	2
502	D	0	5
502	G	51	11
502	H	77	23
502	J	90	47
502	I	90	95
502	B	198	190
502	C	97	381
502	F	94	763
502	E	97	1526
503	A	0	2
503	D	0	5
503	G	51	11
503	H	77	23
503	J	90	47
503	I	90	95
503	B	198	190
503	C	97	381
503	F	94	763
503	E	98	1527
504	A	0	2
504	D	0	5
504	G	51	11
504	H	77	23
504	J	90	47
504	I	90	95
504	C	96	191
504	E	99	382
504	F	97	764
504	B	200	1528
505	A	0	2
505	D	0	5
505	G	51	11
505	H	77	23
505	J	90	47
505	I	90	95
505	C	96	191
505	E	99	382
505	F	97	764
505	B	201	1529
506	A	0	2
506	D	0	5
506	G	51	11
506	H	77	23
506	J	90	47
506	I	90	95
506	C	96	191
506	E	99	382
506	F	98	765
506	B	202	1530
507	A	0	2
507	D	0	5
507	G	51	11
507	H	77	23
507	J	90	47
507	I	90	95
507	C	96	191
507	E	99	382
507	F	98	765
507	B	203	1531
508	A	0	2
508	D	0	5
508	G	51	11
508	H	77	23
508	J	90	47
508	I	90	95
508	C	96	191
508	B	199	383
508	E	100	766
508	F	99	1532
509	A	0	2
509	D	0	5
509	G	51	11
509	H	77	23
509	J	90	47
509	I	90	95
509	C	96	191
509	B	199	383
509	E	100	766
509	F	100	1533
510	A	0	2
510	D	0	5
510	G	51	11
510	H	77	23
510	J	90	47
510	I	90	95
510	C	96	191
510	B	199	383
510	E	101	767
510	F	101	1534
511	A	0	2
511	D	0	5
511	G	51	11
511	H	77	23
511	J	90	47
511	I	90	95
511	C	96	191
511	B	199	383
511	E	101	767
511	F	102	1535
512	B	0	3
512	C	102	6
512	F	103	12
512	E	102	24
512	J	103	48
512	G	103	96
512	H	104	192
512	A	1	384
512	I	104	768
512	D	105	1536
513	B	0	3
513	C	102	6
513	F	103	12
513	E	102	24
513	J	103	48
513	G	103	96
513	H	104	192
513	A	1	384
513	I	104	768
513	D	106	1537
514	B	0	3
514	C	102	6
514	F	103	12
514	E	102	24
514	J	103	48
514	G	103	96
514	H	104	192
514	A	1	384
514	I	105	769
514	D	107	1538
515	B	0	3
515	C	102	6
515	F	103	12
515	E	102	24
515	J	103	48
515	G	103	96
515	H	104	192
515	A	1	384
515	I	105	769
515	D	108	1539
516	B	0	3
516	C	102	6
516	F	103	12
516	E	102	24
516	J	103	48
516	G	103	96
516	H	104	192
516	D	104	385
516	A	2	770
516	I	107	1540
517	B	0	3
517	C	102	6
517	F	103	12
517	E	102	24
517	J	103	48
517	G	103	96
517	H	104	192
517	D	104	385
517	A	2	770
517	I	108	1541
518	B	0	3
518	C	102	6
518	F	103	12
518	E	102	24
518	J	103	48
518	G	103	96
518	H	104	192
518	D	104	385
518	I	106	771
518	A	3	1542
519	B	0	3
519	C	102	6
519	F	103	12
519	E	102	24
519	J	103	48
519	G	103	96
519	H	104	192
519	D	104	385
519	I	106	771
519	A	4	1543
520	B	0	3
520	C	102	6
520	F	103	12
520	E	102	24
520	J	103	48
520	G	103	96
520	D	103	193
520	A	5	386
520	I	109	772
520	H	106	1544
521	B	0	3
521	C	102	6
521	F	103	12
521	E	102	24
521	J	103	48
521	G	103	96
521	D	103	193
521	A	5	386
521	I	109	772
521	H	107	1545
522	B	0	3
522	C	102	6
522	F	103	12
522	E	102	24
522	J	103	48
522	G	103	96
522	D	103	193
522	A	5	386
522	I	110	773
522	H	108	1546
523	B	0	3
523	C	102	6
523	F	103	12
523	E	102	24
523	J	103	48
523	G	103	96
523	D	103	193
523	A	5	386
523	I	110	773
523	H	109	1547
524	B	0	3
524	C	102	6
524	F	103	12
524	E	102	24
524	J	103	48
524	G	103	96
524	D	103	193
524	H	105	387
524	A	6	774
524	I	111	1548
525	B	0	3
525	C	102	6
525	F	103	12
525	E	102	24
525	J	103	48
525	G	103	96
525	D	103	193
525	H	105	387
525	A	6	774
525	I	112	1549
526	B	0	3
526	C	102	6
526	F	103	12
526	E	102	24
526	J	103	48
526	G	103	96
526	D	103	193
526	H	105	387
526	A	7	775
526	I	113	1550
527	B	0	3
527	C	102	6
527	F	103	12
527	E	102	24
527	J	103	48
527	G	103	96
527	D	103	193
527	H	105	387
527	A	7	775
527	I	114	1551
528	B	0	3
528	C	102	6
528	F	103	12
528	E	102	24
528	J	103	48
528	I	103	97
528	H	110	194
528	D	109	388
528	G	104	776
528	A	10	1552
529	B	0	3
529	C	102	6
529	F	103	12
529	E	102	24
529	J	103	48
529	I	103	97
529	H	110	194
529	D	109	388
529	G	104	776
529	A	11	1553
530	B	0	3
530	C	102	6
530	F	103	12
530	E	102	24
530	J	103	48
530	I	103	97
530	H	110	194
530	D	109	388
530	G	105	777
530	A	12	1554
531	B	0	3
531	C	102	6
531	F	103	12
531	E	102	24
531	J	103	48
531	I	103	97
531	H	110	194
531	D	109	388
531	G	105	777
531	A	13	1555
532	B	0	3
532	C	102	6
532	F	103	12
532	E	102	24
532	J	103	48
532	I	103	97
532	H	110	194
532	A	9	389
532	D	110	778
532	G	107	1556
533	B	0	3
533	C	102	6
533	F	103	12
533	E	102	24
533	J	103	48
533	I	103	97
533	H	110	194
533	A	9	389
533	D	110	778
533	G	108	1557
534	B	0	3
534	C	102	6
534	F	103	12
534	E	102	24
534	J	103	48
534	I	103	97
534	H	110	194
534	A	9	389
534	G	106	779
534	D	111	1558
535	B	0	3
535	C	102	6
535	F	103	12
535	E	102	24
535	J	103	48
535	I	103	97
535	H	110	194
535	A	9	389
535	G	106	779
535	D	112	1559
536	B	0	3
536	C	102	6
536	F	103	12
536	E	102	24
536	J	103	48
536	I	103	97
536	A	8	195
536	D	113	390
536	G	109	780
536	H	112	1560
537	B	0	3
537	C	102	6
537	F	103	12
537	E	102	24
537	J	103	48
537	I	103	97
537	A	8	195
537	D	113	390
537	G	109	780
537	H	113	1561
538	B	0	3
538	C	102	6
538	F	103	12
538	E	102	24
538	J	103	48
538	I	103	97
538	A	8	195
538	D	113	390
538	G	110	781
538	H	114	1562
539	B	0	3
539	C	102	6
539	F	103	12
539	E	102	24
539	J	103	48
539	I	103	97
539	A	8	195
539	D	113	390
539	G	110	781
539	H	115	1563
540	B	0	3
540	C	102	6
540	F	103	12
540	E	102	24
540	J	103	48
540	I	103	97
540	A	8	195
540	H	111	391
540	D	114	782
540	G	111	1564
541	B	0	3
541	C	102	6
541	F	103	12
541	E	102	24
541	J	103	48
541	I	103	97
541	A	8	195
541	H	111	391
541	D	114	782
541	G	112	1565
542	B	0	3
542	C	102	6
542	F	103	12
542	E	102	24
542	J	103	48
542	I	103	97
542	A	8	195
542	H	111	391
542	D	115	783
542	G	113	1566
543	B	0	3
543	C	102	6
543	F	103	12
543	E	102	24
543	J	103	48
543	I	103	97
543	A	8	195
543	H	111	391
543	D	115	783
543	G	114	1567
544	B	0	3
544	C	102	6
544	F	103	12
544	E	102	24
544	G	102	49
544	J	104	98
544	D	116	196
544	A	14	392
544	I	116	784
544	H	118	1568
545	B	0	3
545	C	102	6
545	F	103	12
545	E	102	24
545	G	102	49
545	J	104	98
545	D	116	196
545	A	14	392
545	I	116	784
545	H	119	1569
546	B	0	3
546	C	102	6
546	F	103	12
546	E	102	24
546	G	102	49
546	J	104	98
546	D	116	196
546	A	14	392
546	I	117	785
546	H	120	1570
547	B	0	3
547	C	102	6
547	F	103	12
547	E	102	24
547	G	102	49
547	J	104	98
547	D	116	196
547	A	14	392
547	I	117	785
547	H	121	1571
548	B	0	3
548	C	102	6
548	F	103	12
548	E	102	24
548	G	102	49
548	J	104	98
548	D	116	196
548	H	117	393
548	A	15	786
548	I	119	1572
549	B	0	3
549	C	102	6
549	F	103	12
549	E	102	24
549	G	102	49
549	J	104	98
549	D	116	196
549	H	117	393
549	A	15	786
549	I	120	1573
550	B	0	3
550	C	102	6
550	F	103	12
550	E	102	24
550	G	102	49
550	J	104	98
550	D	116	196
550	H	117	393
550	I	118	787
550	A	16	1574
551	B	0	3
551	C	102	6
551	F	103	12
551	E	102	24
551	G	102	49
551	J	104	98
551	D	116	196
551	H	117	393
551	I	118	787
551	A	17	1575
552	B	0	3
552	C	102	6
552	F	103	12
552	E	102	24
552	G	102	49
552	J	104	98
552	H	116	197
552	A	18	394
552	I	121	788
552	D	118	1576
553	B	0	3
553	C	102	6
553	F	103	12
553	E	102	24
553	G	102	49
553	J	104	98
553	H	116	197
553	A	18	394
553	I	121	788
553	D	119	1577
554	B	0	3
554	C	102	6
554	F	103	12
554	E	102	24
554	G	102	49
554	J	104	98
554	H	116	197
554	A	18	394
554	I	122	789
554	D	120	1578
555	B	0	3
555	C	102	6
555	F	103	12
555	E	102	24
555	G	102	49
555	J	104	98
555	H	116	197
555	A	18	394
555	I	122	789
555	D	121	1579
556	B	0	3
556	C	102	6
556	F	103	12
556	E	102	24
556	G	102	49
556	J	104	98
556	H	116	197
556	D	117	395
556	A	19	790
556	I	123	1580
557	B	0	3
557	C	102	6
557	F	103	12
557	E	102	24
557	G	102	49
557	J	104	98
557	H	116	197
557	D	117	395
557	A	19	790
557	I	124	1581
558	B	0	3
558	C	102	6
558	F	103	12
558	E	102	24
558	G	102	49
558	J	104	98
558	H	116	197
558	D	117	395
558	A	20	791
558	I	125	1582
559	B	0	3
559	C	102	6
559	F	103	12
559	E	102	24
559	G	102	49
559	J	104	98
559	H	116	197
559	D	117	395
559	A	20	791
559	I	126	1583
560	B	0	3
560	C	102	6
560	F	103	12
560	E	102	24
560	G	102	49
560	I	115	99
560	D	122	198
560	H	122	396
560	J	105	792
560	A	23	1584
561	B	0	3
561	C	102	6
561	F	103	12
561	E	102	24
561	G	102	49
561	I	115	99
561	D	122	198
561	H	122	396
561	J	105	792
561	A	24	1585
562	B	0	3
562	C	102	6
562	F	103	12
562	E	102	24
562	G	102	49
562	I	115	99
562	D	122	198
562	H	122	396
562	J	106	793
562	A	25	1586
563	B	0	3
563	C	102	6
563	F	103	12
563	E	102	24
563	G	102	49
563	I	115	99
563	D	122	198
563	H	122	396
563	J	106	793
563	A	26	1587
564	B	0	3
564	C	102	6
564	F	103	12
564	E	102	24
564	G	102	49
564	I	115	99
564	D	122	198
564	A	22	397
564	H	123	794
564	J	108	1588
565	B	0	3
565	C	102	6
565	F	103	12
565	E	102	24
565	G	102	49
565	I	115	99
565	D	122	198
565	A	22	397
565	H	123	794
565	J	109	1589
566	B	0	3
566	C	102	6
566	F	103	12
566	E	102	24
566	G	102	49
566	I	115	99
566	D	122	198
566	A	22	397
566	J	107	795
566	H	124	1590
567	B	0	3
567	C	102	6
567	F	103	12
567	E	102	24
567	G	102	49
567	I	115	99
567	D	122	198
567	A	22	397
567	J	107	795
567	H	125	1591
568	B	0	3
568	C	102	6
568	F	103	12
568	E	102	24
568	G	102	49
568	I	115	99
568	A	21	199
568	H	126	398
568	J	110	796
568	D	124	1592
569	B	0	3
569	C	102	6
569	F	103	12
569	E	102	24
569	G	102	49
569	I	115	99
569	A	21	199
569	H	126	398
569	J	110	796
569	D	125	1593
570	B	0	3
570	C	102	6
570	F	103	12
570	E	102	24
570	G	102	49
570	I	115	99
570	A	21	199
570	H	126	398
570	J	111	797
570	D	126	1594
571	B	0	3
571	C	102	6
571	F	103	12
571	E	102	24
571	G	102	49
571	I	115	99
571	A	21	199
571	H	126	398
571	J	111	797
571	D	127	1595
572	B	0	3
572	C	102	6
572	F	103	12
572	E	102	24
572	G	102	49
572	I	115	99
572	A	21	199
572	D	123	399
572	H	127	798
572	J	112	1596
573	B	0	3
573	C	102	6
573	F	103	12
573	E	102	24
573	G	102	49
573	I	115	99
573	A	21	199
573	D	123	399
573	H	127	798
573	J	113	1597
574	B	0	3
574	C	102	6
574	F	103	12
574	E	102	24
574	G	102	49
574	I	115	99
574	A	21	199
574	D	123	399
574	H	128	799
574	J	114	1598
575	B	0	3
575	C	102	6
575	F	103	12
575	E	102	24
575	G	102	49
575	I	115	99
575	A	21	199
575	D	123	399
575	H	128	799
575	J	115	1599
576	B	0	3
576	C	102	6
576	F	103	12
576	I	102	25
576	J	116	50
576	G	116	100
576	H	129	200
576	D	128	400
576	E	104	800
576	A	29	1600
577	B	0	3
577	C	102	6
577	F	103	12
577	I	102	25
577	J	116	50
577	G	116	100
577	H	129	200
577	D	128	400
577	E	104	800
577	A	30	1601
578	B	0	3
578	C	102	6
578	F	103	12
578	I	102	25
578	J	116	50
578	G	116	100
578	H	129	200
578	D	128	400
578	E	105	801
578	A	31	1602
579	B	0	3
579	C	102	6
579	F	103	12
579	I	102	25
579	J	116	50
579	G	116	100
579	H	129	200
579	D	128	400
579	E	105	801
579	A	32	1603
580	B	0	3
580	C	102	6
580	F	103	12
580	I	102	25
580	J	116	50
580	G	116	100
580	H	129	200
580	A	28	401
580	D	129	802
580	E	107	1604
581	B	0	3
581	C	102	6
581	F	103	12
581	I	102	25
581	J	116	50
581	G	116	100
581	H	129	200
581	A	28	401
581	D	129	802
581	E	108	1605
582	B	0	3
582	C	102	6
582	F	103	12
582	I	102	25
582	J	116	50
582	G	116	100
582	H	129	200
582	A	28	401
582	E	106	803
582	D	130	1606
583	B	0	3
583	C	102	6
583	F	103	12
583	I	102	25
583	J	116	50
583	G	116	100
583	H	129	200
583	A	28	401
583	E	106	803
583	D	131	1607
584	B	0	3
584	C	102	6
584	F	103	12
584	I	102	25
584	J	116	50
584	G	116	100
584	A	27	201
584	D	132	402
584	E	109	804
584	H	131	1608
585	B	0	3
585	C	102	6
585	F	103	12
585	I	102	25
585	J	116	50
585	G	116	100
585	A	27	201
585	D	132	402
585	E	109	804
585	H	132	1609
586	B	0	3
586	C	102	6
586	F	103	12
586	I	102	25
586	J	116	50
586	G	116	100
586	A	27	201
586	D	132	402
586	E	110	805
586	H	133	1610
587	B	0	3
587	C	102	6
587	F	103	12
587	I	102	25
587	J	116	50
587	G	116	100
587	A	27	201
587	D	132	402
587	E	110	805
587	H	134	1611
588	B	0	3
588	C	102	6
588	F	103	12
588	I	102	25
588	J	116	50
588	G	116	100
588	A	27	201
588	H	130	403
588	D	133	806
588	E	111	1612
589	B	0	3
589	C	102	6
589	F	103	12
589	I	102	25
589	J	116	50
589	G	116	100
589	A	27	201
589	H	130	403
589	D	133	806
589	E	112	1613
590	B	0	3
590	C	102	6
590	F	103	12
590	I	102	25
590	J	116	50
590	G	116	100
590	A	27	201
590	H	130	403
590	D	134	807
590	E	113	1614
591	B	0	3
591	C	102	6
591	F	103	12
591	I	102	25
591	J	116	50
591	G	116	100
591	A	27	201
591	H	130	403
591	D	134	807
591	E	114	1615
592	B	0	3
592	C	102	6
592	F	103	12
592	I	102	25
592	J	116	50
592	E	103	101
592	H	135	202
592	A	33	404
592	G	117	808
592	D	137	1616
593	B	0	3
593	C	102	6
593	F	103	12
593	I	102	25
593	J	116	50
593	E	103	101
593	H	135	202
593	A	33	404
593	G	117	808
593	D	138	1617
594	B	0	3
594	C	102	6
594	F	103	12
594	I	102	25
594	J	116	50
594	E	103	101
594	H	135	202
594	A	33	404
594	G	118	809
594	D	139	1618
595	B	0	3
595	C	102	6
595	F	103	12
595	I	102	25
595	J	116	50
595	E	103	101
595	H	135	202
595	A	33	404
595	G	118	809
595	D	140	1619
596	B	0	3
596	C	102	6
596	F	103	12
596	I	102	25
596	J	116	50
596	E	103	101
596	H	135	202
596	D	136	405
596	A	34	810
596	G	120	1620
597	B	0	3
597	C	102	6
597	F	103	12
597	I	102	25
597	J	116	50
597	E	103	101
597	H	135	202
597	D	136	405
597	A	34	810
597	G	121	1621
598	B	0	3
598	C	102	6
598	F	103	12
598	I	102	25
598	J	116	50
598	E	103	101
598	H	135	202
598	D	136	405
598	G	119	811
598	A	35	1622
599	B	0	3
599	C	102	6
599	F	103	12
599	I	102	25
599	J	116	50
599	E	103	101
599	H	135	202
599	D	136	405
599	G	119	811
599	A	36	1623
600	B	0	3
600	C	102	6
600	F	103	12
600	I	102	25
600	J	116	50
600	E	103	101
600	D	135	203
600	A	37	406
600	G	122	812
600	H	137	1624
601	B	0	3
601	C	102	6
601	F	103	12
601	I	102	25
601	J	116	50
601	E	103	101
601	D	135	203
601	A	37	406
601	G	122	812
601	H	138	1625
602	B	0	3
602	C	102	6
602	F	103	12
602	I	102	25
602	J	116	50
602	E	103	101
602	D	135	203
602	A	37	406
602	G	123	813
602	H	139	1626
603	B	0	3
603	C	102	6
603	F	103	12
603	I	102	25
603	J	116	50
603	E	103	101
603	D	135	203
603	A	37	406
603	G	123	813
603	H	140	1627
604	B	0	3
604	C	102	6
604	F	103	12
604	I	102	25
604	J	116	50
604	E	103	101
604	D	135	203
604	H	136	407
604	A	38	814
604	G	124	1628
605	B	0	3
605	C	102	6
605	F	103	12
605	I	102	25
605	J	116	50
605	E	103	101
605	D	135	203
605	H	136	407
605	A	38	814
605	G	125	1629
606	B	0	3
606	C	102	6
606	F	103	12
606	I	102	25
606	J	116	50
606	E	103	101
606	D	135	203
606	H	136	407
606	A	39	815
606	G	126	1630
607	B	0	3
607	C	102	6
607	F	103	12
607	I	102	25
607	J	116	50
607	E	103	101
607	D	135	203
607	H	136	407
607	A	39	815
607	G	127	1631
608	B	0	3
608	C	102	6
608	F	103	12
608	I	102	25
608	G	115	51
608	J	117	102
608	A	40	204
608	D	141	408
608	E	116	816
608	H	143	1632
609	B	0	3
609	C	102	6
609	F	103	12
609	I	102	25
609	G	115	51
609	J	117	102
609	A	40	204
609	D	141	408
609	E	116	816
609	H	144	1633
610	B	0	3
610	C	102	6
610	F	103	12
610	I	102	25
610	G	115	51
610	J	117	102
610	A	40	204
610	D	141	408
610	E	117	817
610	H	145	1634
611	B	0	3
611	C	102	6
611	F	103	12
611	I	102	25
611	G	115	51
611	J	117	102
611	A	40	204
611	D	141	408
611	E	117	817
611	H	146	1635
612	B	0	3
612	C	102	6
612	F	103	12
612	I	102	25
612	G	115	51
612	J	117	102
612	A	40	204
612	H	142	409
612	D	142	818
612	E	119	1636
613	B	0	3
613	C	102	6
613	F	103	12
613	I	102	25
613	G	115	51
613	J	117	102
613	A	40	204
613	H	142	409
613	D	142	818
613	E	120	1637
614	B	0	3
614	C	102	6
614	F	103	12
614	I	102	25
614	G	115	51
614	J	117	102
614	A	40	204
614	H	142	409
614	E	118	819
614	D	143	1638
615	B	0	3
615	C	102	6
615	F	103	12
615	I	102	25
615	G	115	51
615	J	117	102
615	A	40	204
615	H	142	409
615	E	118	819
615	D	144	1639
616	B	0	3
616	C	102	6
616	F	103	12
616	I	102	25
616	G	115	51
616	J	117	102
616	H	141	205
616	D	145	410
616	E	121	820
616	A	42	1640
617	B	0	3
617	C	102	6
617	F	103	12
617	I	102	25
617	G	115	51
617	J	117	102
617	H	141	205
617	D	145	410
617	E	121	820
617	A	43	1641
618	B	0	3
618	C	102	6
618	F	103	12
618	I	102	25
618	G	115	51
618	J	117	102
618	H	141	205
618	D	145	410
618	E	122	821
618	A	44	1642
619	B	0	3
619	C	102	6
619	F	103	12
619	I	102	25
619	G	115	51
619	J	117	102
619	H	141	205
619	D	145	410
619	E	122	821
619	A	45	1643
620	B	0	3
620	C	102	6
620	F	103	12
620	I	102	25
620	G	115	51
620	J	117	102
620	H	141	205
620	A	41	411
620	D	146	822
620	E	123	1644
621	B	0	3
621	C	102	6
621	F	103	12
621	I	102	25
621	G	115	51
621	J	117	102
621	H	141	205
621	A	41	411
621	D	146	822
621	E	124	1645
622	B	0	3
622	C	102	6
622	F	103	12
622	I	102	25
622	G	115	51
622	J	117	102
622	H	141	205
622	A	41	411
622	D	147	823
622	E	125	1646
623	B	0	3
623	C	102	6
623	F	103	12
623	I	102	25
623	G	115	51
623	J	117	102
623	H	141	205
623	A	41	411
623	D	147	823
623	E	126	1647
624	B	0	3
624	C	102	6
624	F	103	12
624	I	102	25
624	G	115	51
624	E	115	103
624	A	46	206
624	H	147	412
624	J	118	824
624	D	150	1648
625	B	0	3
625	C	102	6
625	F	103	12
625	I	102	25
625	G	115	51
625	E	115	103
625	A	46	206
625	H	147	412
625	J	118	824
625	D	151	1649
626	B	0	3
626	C	102	6
626	F	103	12
626	I	102	25
626	G	115	51
626	E	115	103
626	A	46	206
626	H	147	412
626	J	119	825
626	D	152	1650
627	B	0	3
627	C	102	6
627	F	103	12
627	I	102	25
627	G	115	51
627	E	115	103
627	A	46	206
627	H	147	412
627	J	119	825
627	D	153	1651
628	B	0	3
628	C	102	6
628	F	103	12
628	I	102	25
628	G	115	51
628	E	115	103
628	A	46	206
628	D	149	413
628	H	148	826
628	J	121	1652
629	B	0	3
629	C	102	6
629	F	103	12
629	I	102	25
629	G	115	51
629	E	115	103
629	A	46	206
629	D	149	413
629	H	148	826
629	J	122	1653
630	B	0	3
630	C	102	6
630	F	103	12
630	I	102	25
630	G	115	51
630	E	115	103
630	A	46	206
630	D	149	413
630	J	120	827
630	H	149	1654
631	B	0	3
631	C	102	6
631	F	103	12
631	I	102	25
631	G	115	51
631	E	115	103
631	A	46	206
631	D	149	413
631	J	120	827
631	H	150	1655
632	B	0	3
632	C	102	6
632	F	103	12
632	I	102	25
632	G	115	51
632	E	115	103
632	D	148	207
632	H	151	414
632	J	123	828
632	A	48	1656
633	B	0	3
633	C	102	6
633	F	103	12
633	I	102	25
633	G	115	51
633	E	115	103
633	D	148	207
633	H	151	414
633	J	123	828
633	A	49	1657
634	B	0	3
634	C	102	6
634	F	103	12
634	I	102	25
634	G	115	51
634	E	115	103
634	D	148	207
634	H	151	414
634	J	124	829
634	A	50	1658
635	B	0	3
635	C	102	6
635	F	103	12
635	I	102	25
635	G	115	51
635	E	115	103
635	D	148	207
635	H	151	414
635	J	124	829
635	A	51	1659
636	B	0	3
636	C	102	6
636	F	103	12
636	I	102	25
636	G	115	51
636	E	115	103
636	D	148	207
636	A	47	415
636	H	152	830
636	J	125	1660
637	B	0	3
637	C	102	6
637	F	103	12
637	I	102	25
637	G	115	51
637	E	115	103
637	D	148	207
637	A	47	415
637	H	152	830
637	J	126	1661
638	B	0	3
638	C	102	6
638	F	103	12
638	I	102	25
638	G	115	51
638	E	115	103
638	D	148	207
638	A	47	415
638	H	153	831
638	J	127	1662
639	B	0	3
639	C	102	6
639	F	103	12
639	I	102	25
639	G	115	51
639	E	115	103
639	D	148	207
639	A	47	415
639	H	153	831
639	J	128	1663
640	B	0	3
640	C	102	6
640	H	103	13
640	J	129	26
640	I	127	52
640	G	129	104
640	D	154	208
640	A	52	416
640	F	105	832
640	E	130	1664
641	B	0	3
641	C	102	6
641	H	103	13
641	J	129	26
641	I	127	52
641	G	129	104
641	D	154	208
641	A	52	416
641	F	105	832
641	E	131	1665
642	B	0	3
642	C	102	6
642	H	103	13
642	J	129	26
642	I	127	52
642	G	129	104
642	D	154	208
642	A	52	416
642	F	106	833
642	E	132	1666
643	B	0	3
643	C	102	6
643	H	103	13
643	J	129	26
643	I	127	52
643	G	129	104
643	D	154	208
643	A	52	416
643	F	106	833
643	E	133	1667
644	B	0	3
644	C	102	6
644	H	103	13
644	J	129	26
644	I	127	52
644	G	129	104
644	D	154	208
644	E	129	417
644	A	53	834
644	F	108	1668
645	B	0	3
645	C	102	6
645	H	103	13
645	J	129	26
645	I	127	52
645	G	129	104
645	D	154	208
645	E	129	417
645	A	53	834
645	F	109	1669
646	B	0	3
646	C	102	6
646	H	103	13
646	J	129	26
646	I	127	52
646	G	129	104
646	D	154	208
646	E	129	417
646	F	107	835
646	A	54	1670
647	B	0	3
647	C	102	6
647	H	103	13
647	J	129	26
647	I	127	52
647	G	129	104
647	D	154	208
647	E	129	417
647	F	107	835
647	A	55	1671
648	B	0	3
648	C	102	6
648	H	103	13
648	J	129	26
648	I	127	52
648	G	129	104
648	E	128	209
648	A	56	418
648	F	110	836
648	D	156	1672
649	B	0	3
649	C	102	6
649	H	103	13
649	J	129	26
649	I	127	52
649	G	129	104
649	E	128	209
649	A	56	418
649	F	110	836
649	D	157	1673
650	B	0	3
650	C	102	6
650	H	103	13
650	J	129	26
650	I	127	52
650	G	129	104
650	E	128	209
650	A	56	418
650	F	111	837
650	D	158	1674
651	B	0	3
651	C	102	6
651	H	103	13
651	J	129	26
651	I	127	52
651	G	129	104
651	E	128	209
651	A	56	418
651	F	111	837
651	D	159	1675
652	B	0	3
652	C	102	6
652	H	103	13
652	J	129	26
652	I	127	52
652	G	129	104
652	E	128	209
652	D	155	419
652	A	57	838
652	F	112	1676
653	B	0	3
653	C	102	6
653	H	103	13
653	J	129	26
653	I	127	52
653	G	129	104
653	E	128	209
653	D	155	419
653	A	57	838
653	F	113	1677
654	B	0	3
654	C	102	6
654	H	103	13
654	J	129	26
654	I	127	52
654	G	129	104
654	E	128	209
654	D	155	419
654	A	58	839
654	F	114	1678
655	B	0	3
655	C	102	6
655	H	103	13
655	J	129	26
655	I	127	52
655	G	129	104
655	E	128	209
655	D	155	419
655	A	58	839
655	F	115	1679
656	B	0	3
656	C	102	6
656	H	103	13
656	J	129	26
656	I	127	52
656	F	104	105
656	D	160	210
656	E	134	420
656	G	130	840
656	A	61	1680
657	B	0	3
657	C	102	6
657	H	103	13
657	J	129	26
657	I	127	52
657	F	104	105
657	D	160	210
657	E	134	420
657	G	130	840
657	A	62	1681
658	B	0	3
658	C	102	6
658	H	103	13
658	J	129	26
658	I	127	52
658	F	104	105
658	D	160	210
658	E	134	420
658	G	131	841
658	A	63	1682
659	B	0	3
659	C	102	6
659	H	103	13
659	J	129	26
659	I	127	52
659	F	104	105
659	D	160	210
659	E	134	420
659	G	131	841
659	A	64	1683
660	B	0	3
660	C	102	6
660	H	103	13
660	J	129	26
660	I	127	52
660	F	104	105
660	D	160	210
660	A	60	421
660	E	135	842
660	G	133	1684
661	B	0	3
661	C	102	6
661	H	103	13
661	J	129	26
661	I	127	52
661	F	104	105
661	D	160	210
661	A	60	421
661	E	135	842
661	G	134	1685
662	B	0	3
662	C	102	6
662	H	103	13
662	J	129	26
662	I	127	52
662	F	104	105
662	D	160	210
662	A	60	421
662	G	132	843
662	E	136	1686
663	B	0	3
663	C	102	6
663	H	103	13
663	J	129	26
663	I	127	52
663	F	104	105
663	D	160	210
663	A	60	421
663	G	132	843
663	E	137	1687
664	B	0	3
664	C	102	6
664	H	103	13
664	J	129	26
664	I	127	52
664	F	104	105
664	A	59	211
664	E	138	422
664	G	135	844
664	D	162	1688
665	B	0	3
665	C	102	6
665	H	103	13
665	J	129	26
665	I	127	52
665	F	104	105
665	A	59	211
665	E	138	422
665	G	135	844
665	D	163	1689
666	B	0	3
666	C	102	6
666	H	103	13
666	J	129	26
666	I	127	52
666	F	104	105
666	A	59	211
666	E	138	422
666	G	136	845
666	D	164	1690
667	B	0	3
667	C	102	6
667	H	103	13
667	J	129	26
667	I	127	52
667	F	104	105
667	A	59	211
667	E	138	422
667	G	136	845
667	D	165	1691
668	B	0	3
668	C	102	6
668	H	103	13
668	J	129	26
668	I	127	52
668	F	104	105
668	A	59	211
668	D	161	423
668	E	139	846
668	G	137	1692
669	B	0	3
669	C	102	6
669	H	103	13
669	J	129	26
669	I	127	52
669	F	104	105
669	A	59	211
669	D	161	423
669	E	139	846
669	G	138	1693
670	B	0	3
670	C	102	6
670	H	103	13
670	J	129	26
670	I	127	52
670	F	104	105
670	A	59	211
670	D	161	423
670	E	140	847
670	G	139	1694
671	B	0	3
671	C	102	6
671	H	103	13
671	J	129	26
671	I	127	52
671	F	104	105
671	A	59	211
671	D	161	423
671	E	140	847
671	G	140	1695
672	B	0	3
672	C	102	6
672	H	103	13
672	J	129	26
672	G	128	53
672	I	128	106
672	A	65	212
672	D	166	424
672	E	142	848
672	F	118	1696
673	B	0	3
673	C	102	6
673	H	103	13
673	J	129	26
673	G	128	53
673	I	128	106
673	A	65	212
673	D	166	424
673	E	142	848
673	F	119	1697
674	B	0	3
674	C	102	6
674	H	103	13
674	J	129	26
674	G	128	53
674	I	128	106
674	A	65	212
674	D	166	424
674	E	143	849
674	F	120	1698
675	B	0	3
675	C	102	6
675	H	103	13
675	J	129	26
675	G	128	53
675	I	128	106
675	A	65	212
675	D	166	424
675	E	143	849
675	F	121	1699
676	B	0	3
676	C	102	6
676	H	103	13
676	J	129	26
676	G	128	53
676	I	128	106
676	A	65	212
676	F	117	425
676	D	167	850
676	E	145	1700
677	B	0	3
677	C	102	6
677	H	103	13
677	J	129	26
677	G	128	53
677	I	128	106
677	A	65	212
677	F	117	425
677	D	167	850
677	E	146	1701
678	B	0	3
678	C	102	6
678	H	103	13
678	J	129	26
678	G	128	53
678	I	128	106
678	A	65	212
678	F	117	425
678	E	144	851
678	D	168	1702
679	B	0	3
679	C	102	6
679	H	103	13
679	J	129	26
679	G	128	53
679	I	128	106
679	A	65	212
679	F	117	425
679	E	144	851
679	D	169	1703
680	B	0	3
680	C	102	6
680	H	103	13
680	J	129	26
680	G	128	53
680	I	128	106
680	F	116	213
680	D	170	426
680	E	147	852
680	A	67	1704
681	B	0	3
681	C	102	6
681	H	103	13
681	J	129	26
681	G	128	53
681	I	128	106
681	F	116	213
681	D	170	426
681	E	147	852
681	A	68	1705
682	B	0	3
682	C	102	6
682	H	103	13
682	J	129	26
682	G	128	53
682	I	128	106
682	F	116	213
682	D	170	426
682	E	148	853
682	A	69	1706
683	B	0	3
683	C	102	6
683	H	103	13
683	J	129	26
683	G	128	53
683	I	128	106
683	F	116	213
683	D	170	426
683	E	148	853
683	A	70	1707
684	B	0	3
684	C	102	6
684	H	103	13
684	J	129	26
684	G	128	53
684	I	128	106
684	F	116	213
684	A	66	427
684	D	171	854
684	E	149	1708
685	B	0	3
685	C	102	6
685	H	103	13
685	J	129	26
685	G	128	53
685	I	128	106
685	F	116	213
685	A	66	427
685	D	171	854
685	E	150	1709
686	B	0	3
686	C	102	6
686	H	103	13
686	J	129	26
686	G	128	53
686	I	128	106
686	F	116	213
686	A	66	427
686	D	172	855
686	E	151	1710
687	B	0	3
687	C	102	6
687	H	103	13
687	J	129	26
687	G	128	53
687	I	128	106
687	F	116	213
687	A	66	427
687	D	172	855
687	E	152	1711
688	B	0	3
688	C	102	6
688	H	103	13
688	J	129	26
688	G	128	53
688	E	141	107
688	A	71	214
688	F	122	428
688	I	129	856
688	D	175	1712
689	B	0	3
689	C	102	6
689	H	103	13
689	J	129	26
689	G	128	53
689	E	141	107
689	A	71	214
689	F	122	428
689	I	129	856
689	D	176	1713
690	B	0	3
690	C	102	6
690	H	103	13
690	J	129	26
690	G	128	53
690	E	141	107
690	A	71	214
690	F	122	428
690	I	130	857
690	D	177	1714
691	B	0	3
691	C	102	6
691	H	103	13
691	J	129	26
691	G	128	53
691	E	141	107
691	A	71	214
691	F	122	428
691	I	130	857
691	D	178	1715
692	B	0	3
692	C	102	6
692	H	103	13
692	J	129	26
692	G	128	53
692	E	141	107
692	A	71	214
692	D	174	429
692	F	123	858
692	I	132	1716
693	B	0	3
693	C	102	6
693	H	103	13
693	J	129	26
693	G	128	53
693	E	141	107
693	A	71	214
693	D	174	429
693	F	123	858
693	I	133	1717
694	B	0	3
694	C	102	6
694	H	103	13
694	J	129	26
694	G	128	53
694	E	141	107
694	A	71	214
694	D	174	429
694	I	131	859
694	F	124	1718
695	B	0	3
695	C	102	6
695	H	103	13
695	J	129	26
695	G	128	53
695	E	141	107
695	A	71	214
695	D	174	429
695	I	131	859
695	F	125	1719
696	B	0	3
696	C	102	6
696	H	103	13
696	J	129	26
696	G	128	53
696	E	141	107
696	D	173	215
696	F	126	430
696	I	134	860
696	A	73	1720
697	B	0	3
697	C	102	6
697	H	103	13
697	J	129	26
697	G	128	53
697	E	141	107
697	D	173	215
697	F	126	430
697	I	134	860
697	A	74	1721
698	B	0	3
698	C	102	6
698	H	103	13
698	J	129	26
698	G	128	53
698	E	141	107
698	D	173	215
698	F	126	430
698	I	135	861
698	A	75	1722
699	B	0	3
699	C	102	6
699	H	103	13
699	J	129	26
699	G	128	53
699	E	141	107
699	D	173	215
699	F	126	430
699	I	135	861
699	A	76	1723
700	B	0	3
700	C	102	6
700	H	103	13
700	J	129	26
700	G	128	53
700	E	141	107
700	D	173	215
700	A	72	431
700	F	127	862
700	I	136	1724
701	B	0	3
701	C	102	6
701	H	103	13
701	J	129	26
701	G	128	53
701	E	141	107
701	D	173	215
701	A	72	431
701	F	127	862
701	I	137	1725
702	B	0	3
702	C	102	6
702	H	103	13
702	J	129	26
702	G	128	53
702	E	141	107
702	D	173	215
702	A	72	431
702	F	128	863
702	I	138	1726
703	B	0	3
703	C	102	6
703	H	103	13
703	J	129	26
703	G	128	53
703	E	141	107
703	D	173	215
703	A	72	431
703	F	128	863
703	I	139	1727
704	B	0	3
704	C	102	6
704	H	103	13
704	E	127	27
704	I	140	54
704	G	142	108
704	F	129	216
704	A	77	432
704	J	131	864
704	D	181	1728
705	B	0	3
705	C	102	6
705	H	103	13
705	E	127	27
705	I	140	54
705	G	142	108
705	F	129	216
705	A	77	432
705	J	131	864
705	D	182	1729
706	B	0	3
706	C	102	6
706	H	103	13
706	E	127	27
706	I	140	54
706	G	142	108
706	F	129	216
706	A	77	432
706	J	132	865
706	D	183	1730
707	B	0	3
707	C	102	6
707	H	103	13
707	E	127	27
707	I	140	54
707	G	142	108
707	F	129	216
707	A	77	432
707	J	132	865
707	D	184	1731
708	B	0	3
708	C	102	6
708	H	103	13
708	E	127	27
708	I	140	54
708	G	142	108
708	F	129	216
708	D	180	433
708	A	78	866
708	J	134	1732
709	B	0	3
709	C	102	6
709	H	103	13
709	E	127	27
709	I	140	54
709	G	142	108
709	F	129	216
709	D	180	433
709	A	78	866
709	J	135	1733
710	B	0	3
710	C	102	6
710	H	103	13
710	E	127	27
710	I	140	54
710	G	142	108
710	F	129	216
710	D	180	433
710	J	133	867
710	A	79	1734
711	B	0	3
711	C	102	6
711	H	103	13
711	E	127	27
711	I	140	54
711	G	142	108
711	F	129	216
711	D	180	433
711	J	133	867
711	A	80	1735
712	B	0	3
712	C	102	6
712	H	103	13
712	E	127	27
712	I	140	54
712	G	142	108
712	D	179	217
712	A	81	434
712	J	136	868
712	F	131	1736
713	B	0	3
713	C	102	6
713	H	103	13
713	E	127	27
713	I	140	54
713	G	142	108
713	D	179	217
713	A	81	434
713	J	136	868
713	F	132	1737
714	B	0	3
714	C	102	6
714	H	103	13
714	E	127	27
714	I	140	54
714	G	142	108
714	D	179	217
714	A	81	434
714	J	137	869
714	F	133	1738
715	B	0	3
715	C	102	6
715	H	103	13
715	E	127	27
715	I	140	54
715	G	142	108
715	D	179	217
715	A	81	434
715	J	137	869
715	F	134	1739
716	B	0	3
716	C	102	6
716	H	103	13
716	E	127	27
716	I	140	54
716	G	142	108
716	D	179	217
716	F	130	435
716	A	82	870
716	J	138	1740
717	B	0	3
717	C	102	6
717	H	103	13
717	E	127	27
717	I	140	54
717	G	142	108
717	D	179	217
717	F	130	435
717	A	82	870
717	J	139	1741
718	B	0	3
718	C	102	6
718	H	103	13
718	E	127	27
718	I	140	54
718	G	142	108
718	D	179	217
718	F	130	435
718	A	83	871
718	J	140	1742
719	B	0	3
719	C	102	6
719	H	103	13
719	E	127	27
719	I	140	54
719	G	142	108
719	D	179	217
719	F	130	435
719	A	83	871
719	J	141	1743
720	B	0	3
720	C	102	6
720	H	103	13
720	E	127	27
720	I	140	54
720	J	130	109
720	F	135	218
720	D	185	436
720	G	143	872
720	A	86	1744
721	B	0	3
721	C	102	6
721	H	103	13
721	E	127	27
721	I	140	54
721	J	130	109
721	F	135	218
721	D	185	436
721	G	143	872
721	A	87	1745
722	B	0	3
722	C	102	6
722	H	103	13
722	E	127	27
722	I	140	54
722	J	130	109
722	F	135	218
722	D	185	436
722	G	144	873
722	A	88	1746
723	B	0	3
723	C	102	6
723	H	103	13
723	E	127	27
723	I	140	54
723	J	130	109
723	F	135	218
723	D	185	436
723	G	144	873
723	A	89	1747
724	B	0	3
724	C	102	6
724	H	103	13
724	E	127	27
724	I	140	54
724	J	130	109
724	F	135	218
724	A	85	437
724	D	186	874
724	G	146	1748
725	B	0	3
725	C	102	6
725	H	103	13
725	E	127	27
725	I	140	54
725	J	130	109
725	F	135	218
725	A	85	437
725	D	186	874
725	G	147	1749
726	B	0	3
726	C	102	6
726	H	103	13
726	E	127	27
726	I	140	54
726	J	130	109
726	F	135	218
726	A	85	437
726	G	145	875
726	D	187	1750
727	B	0	3
727	C	102	6
727	H	103	13
727	E	127	27
727	I	140	54
727	J	130	109
727	F	135	218
727	A	85	437
727	G	145	875
727	D	188	1751
728	B	0	3
728	C	102	6
728	H	103	13
728	E	127	27
728	I	140	54
728	J	130	109
728	A	84	219
728	D	189	438
728	G	148	876
728	F	137	1752
729	B	0	3
729	C	102	6
729	H	103	13
729	E	127	27
729	I	140	54
729	J	130	109
729	A	84	219
729	D	189	438
729	G	148	876
729	F	138	1753
730	B	0	3
730	C	102	6
730	H	103	13
730	E	127	27
730	I	140	54
730	J	130	109
730	A	84	219
730	D	189	438
730	G	149	877
730	F	139	1754
731	B	0	3
731	C	102	6
731	H	103	13
731	E	127	27
731	I	140	54
731	J	130	109
731	A	84	219
731	D	189	438
731	G	149	877
731	F	140	1755
732	B	0	3
732	C	102	6
732	H	103	13
732	E	127	27
732	I	140	54
732	J	130	109
732	A	84	219
732	F	136	439
732	D	190	878
732	G	150	1756
733	B	0	3
733	C	102	6
733	H	103	13
733	E	127	27
733	I	140	54
733	J	130	109
733	A	84	219
733	F	136	439
733	D	190	878
733	G	151	1757
734	B	0	3
734	C	102	6
734	H	103	13
734	E	127	27
734	I	140	54
734	J	130	109
734	A	84	219
734	F	136	439
734	D	191	879
734	G	152	1758
735	B	0	3
735	C	102	6
735	H	103	13
735	E	127	27
735	I	140	54
735	J	130	109
735	A	84	219
735	F	136	439
735	D	191	879
735	G	153	1759
736	B	0	3
736	C	102	6
736	H	103	13
736	E	127	27
736	G	141	55
736	I	141	110
736	D	192	220
736	A	90	440
736	J	143	880
736	F	143	1760
737	B	0	3
737	C	102	6
737	H	103	13
737	E	127	27
737	G	141	55
737	I	141	110
737	D	192	220
737	A	90	440
737	J	143	880
737	F	144	1761
738	B	0	3
738	C	102	6
738	H	103	13
738	E	127	27
738	G	141	55
738	I	141	110
738	D	192	220
738	A	90	440
738	J	144	881
738	F	145	1762
739	B	0	3
739	C	102	6
739	H	103	13
739	E	127	27
739	G	141	55
739	I	141	110
739	D	192	220
739	A	90	440
739	J	144	881
739	F	146	1763
740	B	0	3
740	C	102	6
740	H	103	13
740	E	127	27
740	G	141	55
740	I	141	110
740	D	192	220
740	F	142	441
740	A	91	882
740	J	146	1764
741	B	0	3
741	C	102	6
741	H	103	13
741	E	127	27
741	G	141	55
741	I	141	110
741	D	192	220
741	F	142	441
741	A	91	882
741	J	147	1765
742	B	0	3
742	C	102	6
742	H	103	13
742	E	127	27
742	G	141	55
742	I	141	110
742	D	192	220
742	F	142	441
742	J	145	883
742	A	92	1766
743	B	0	3
743	C	102	6
743	H	103	13
743	E	127	27
743	G	141	55
743	I	141	110
743	D	192	220
743	F	142	441
743	J	145	883
743	A	93	1767
744	B	0	3
744	C	102	6
744	H	103	13
744	E	127	27
744	G	141	55
744	I	141	110
744	F	141	221
744	A	94	442
744	J	148	884
744	D	194	1768
745	B	0	3
745	C	102	6
745	H	103	13
745	E	127	27
745	G	141	55
745	I	141	110
745	F	141	221
745	A	94	442
745	J	148	884
745	D	195	1769
746	B	0	3
746	C	102	6
746	H	103	13
746	E	127	27
746	G	141	55
746	I	141	110
746	F	141	221
746	A	94	442
746	J	149	885
746	D	196	1770
747	B	0	3
747	C	102	6
747	H	103	13
747	E	127	27
747	G	141	55
747	I	141	110
747	F	141	221
747	A	94	442
747	J	149	885
747	D	197	1771
748	B	0	3
748	C	102	6
748	H	103	13
748	E	127	27
748	G	141	55
748	I	141	110
748	F	141	221
748	D	193	443
748	A	95	886
748	J	150	1772
749	B	0	3
749	C	102	6
749	H	103	13
749	E	127	27
749	G	141	55
749	I	141	110
749	F	141	221
749	D	193	443
749	A	95	886
749	J	151	1773
750	B	0	3
750	C	102	6
750	H	103	13
750	E	127	27
750	G	141	55
750	I	141	110
750	F	141	221
750	D	193	443
750	A	96	887
750	J	152	1774
751	B	0	3
751	C	102	6
751	H	103	13
751	E	127	27
751	G	141	55
751	I	141	110
751	F	141	221
751	D	193	443
751	A	96	887
751	J	153	1775
752	B	0	3
752	C	102	6
752	H	103	13
752	E	127	27
752	G	141	55
752	J	142	111
752	D	198	222
752	F	147	444
752	I	142	888
752	A	99	1776
753	B	0	3
753	C	102	6
753	H	103	13
753	E	127	27
753	G	141	55
753	J	142	111
753	D	198	222
753	F	147	444
753	I	142	888
753	A	100	1777
754	B	0	3
754	C	102	6
754	H	103	13
754	E	127	27
754	G	141	55
754	J	142	111
754	D	198	222
754	F	147	444
754	I	143	889
754	A	101	1778
755	B	0	3
755	C	102	6
755	H	103	13
755	E	127	27
755	G	141	55
755	J	142	111
755	D	198	222
755	F	147	444
755	I	143	889
755	A	102	1779
756	B	0	3
756	C	102	6
756	H	103	13
756	E	127	27
756	G	141	55
756	J	142	111
756	D	198	222
756	A	98	445
756	F	148	890
756	I	145	1780
757	B	0	3
757	C	102	6
757	H	103	13
757	E	127	27
757	G	141	55
757	J	142	111
757	D	198	222
757	A	98	445
757	F	148	890
757	I	146	1781
758	B	0	3
758	C	102	6
758	H	103	13
758	E	127	27
758	G	141	55
758	J	142	111
758	D	198	222
758	A	98	445
758	I	144	891
758	F	149	1782
759	B	0	3
759	C	102	6
759	H	103	13
759	E	127	27
759	G	141	55
759	J	142	111
759	D	198	222
759	A	98	445
759	I	144	891
759	F	150	1783
760	B	0	3
760	C	102	6
760	H	103	13
760	E	127	27
760	G	141	55
760	J	142	111
760	A	97	223
760	F	151	446
760	I	147	892
760	D	200	1784
761	B	0	3
761	C	102	6
761	H	103	13
761	E	127	27
761	G	141	55
761	J	142	111
761	A	97	223
761	F	151	446
761	I	147	892
761	D	201	1785
762	B	0	3
762	C	102	6
762	H	103	13
762	E	127	27
762	G	141	55
762	J	142	111
762	A	97	223
762	F	151	446
762	I	148	893
762	D	202	1786
763	B	0	3
763	C	102	6
763	H	103	13
763	E	127	27
763	G	141	55
763	J	142	111
763	A	97	223
763	F	151	446
763	I	148	893
763	D	203	1787
764	B	0	3
764	C	102	6
764	H	103	13
764	E	127	27
764	G	141	55
764	J	142	111
764	A	97	223
764	D	199	447
764	F	152	894
764	I	149	1788
765	B	0	3
765	C	102	6
765	H	103	13
765	E	127	27
765	G	141	55
765	J	142	111
765	A	97	223
765	D	199	447
765	F	152	894
765	I	150	1789
766	B	0	3
766	C	102	6
766	H	103	13
766	E	127	27
766	G	141	55
766	J	142	111
766	A	97	223
766	D	199	447
766	F	153	895
766	I	151	1790
767	B	0	3
767	C	102	6
767	H	103	13
767	E	127	27
767	G	141	55
767	J	142	111
767	A	97	223
767	D	199	447
767	F	153	895
767	I	152	1791
768	B	0	3
768	D	102	7
768	F	154	14
768	G	154	28
768	E	153	56
768	I	154	112
768	C	103	224
768	A	103	448
768	H	156	896
768	J	157	1792
769	B	0	3
769	D	102	7
769	F	154	14
769	G	154	28
769	E	153	56
769	I	154	112
769	C	103	224
769	A	103	448
769	H	156	896
769	J	158	1793
770	B	0	3
770	D	102	7
770	F	154	14
770	G	154	28
770	E	153	56
770	I	154	112
770	C	103	224
770	A	103	448
770	H	157	897
770	J	159	1794
771	B	0	3
771	D	102	7
771	F	154	14
771	G	154	28
771	E	153	56
771	I	154	112
771	C	103	224
771	A	103	448
771	H	157	897
771	J	160	1795
772	B	0	3
772	D	102	7
772	F	154	14
772	G	154	28
772	E	153	56
772	I	154	112
772	C	103	224
772	J	156	449
772	A	104	898
772	H	159	1796
773	B	0	3
773	D	102	7
773	F	154	14
773	G	154	28
773	E	153	56
773	I	154	112
773	C	103	224
773	J	156	449
773	A	104	898
773	H	160	1797
774	B	0	3
774	D	102	7
774	F	154	14
774	G	154	28
774	E	153	56
774	I	154	112
774	C	103	224
774	J	156	449
774	H	158	899
774	A	105	1798
775	B	0	3
775	D	102	7
775	F	154	14
775	G	154	28
775	E	153	56
775	I	154	112
775	C	103	224
775	J	156	449
775	H	158	899
775	A	106	1799
776	B	0	3
776	D	102	7
776	F	154	14
776	G	154	28
776	E	153	56
776	I	154	112
776	J	155	225
776	A	107	450
776	H	161	900
776	C	105	1800
777	B	0	3
777	D	102	7
777	F	154	14
777	G	154	28
777	E	153	56
777	I	154	112
777	J	155	225
777	A	107	450
777	H	161	900
777	C	106	1801
778	B	0	3
778	D	102	7
778	F	154	14
778	G	154	28
778	E	153	56
778	I	154	112
778	J	155	225
778	A	107	450
778	H	162	901
778	C	107	1802
779	B	0	3
779	D	102	7
779	F	154	14
779	G	154	28
779	E	153	56
779	I	154	112
779	J	155	225
779	A	107	450
779	H	162	901
779	C	108	1803
780	B	0	3
780	D	102	7
780	F	154	14
780	G	154	28
780	E	153	56
780	I	154	112
780	J	155	225
780	C	104	451
780	A	108	902
780	H	163	1804
781	B	0	3
781	D	102	7
781	F	154	14
781	G	154	28
781	E	153	56
781	I	154	112
781	J	155	225
781	C	104	451
781	A	108	902
781	H	164	1805
782	B	0	3
782	D	102	7
782	F	154	14
782	G	154	28
782	E	153	56
782	I	154	112
782	J	155	225
782	C	104	451
782	A	109	903
782	H	165	1806
783	B	0	3
783	D	102	7
783	F	154	14
783	G	154	28
783	E	153	56
783	I	154	112
783	J	155	225
783	C	104	451
783	A	109	903
783	H	166	1807
784	B	0	3
784	D	102	7
784	F	154	14
784	G	154	28
784	E	153	56
784	H	155	113
784	C	109	226
784	J	161	452
784	I	155	904
784	A	112	1808
785	B	0	3
785	D	102	7
785	F	154	14
785	G	154	28
785	E	153	56
785	H	155	113
785	C	109	226
785	J	161	452
785	I	155	904
785	A	113	1809
786	B	0	3
786	D	102	7
786	F	154	14
786	G	154	28
786	E	153	56
786	H	155	113
786	C	109	226
786	J	161	452
786	I	156	905
786	A	114	1810
787	B	0	3
787	D	102	7
787	F	154	14
787	G	154	28
787	E	153	56
787	H	155	113
787	C	109	226
787	J	161	452
787	I	156	905
787	A	115	1811
788	B	0	3
788	D	102	7
788	F	154	14
788	G	154	28
788	E	153	56
788	H	155	113
788	C	109	226
788	A	111	453
788	J	162	906
788	I	158	1812
789	B	0	3
789	D	102	7
789	F	154	14
789	G	154	28
789	E	153	56
789	H	155	113
789	C	109	226
789	A	111	453
789	J	162	906
789	I	159	1813
790	B	0	3
790	D	102	7
790	F	154	14
790	G	154	28
790	E	153	56
790	H	155	113
790	C	109	226
790	A	111	453
790	I	157	907
790	J	163	1814
791	B	0	3
791	D	102	7
791	F	154	14
791	G	154	28
791	E	153	56
791	H	155	113
791	C	109	226
791	A	111	453
791	I	157	907
791	J	164	1815
792	B	0	3
792	D	102	7
792	F	154	14
792	G	154	28
792	E	153	56
792	H	155	113
792	A	110	227
792	J	165	454
792	I	160	908
792	C	111	1816
793	B	0	3
793	D	102	7
793	F	154	14
793	G	154	28
793	E	153	56
793	H	155	113
793	A	110	227
793	J	165	454
793	I	160	908
793	C	112	1817
794	B	0	3
794	D	102	7
794	F	154	14
794	G	154	28
794	E	153	56
794	H	155	113
794	A	110	227
794	J	165	454
794	I	161	909
794	C	113	1818
795	B	0	3
795	D	102	7
795	F	154	14
795	G	154	28
795	E	153	56
795	H	155	113
795	A	110	227
795	J	165	454
795	I	161	909
795	C	114	1819
796	B	0	3
796	D	102	7
796	F	154	14
796	G	154	28
796	E	153	56
796	H	155	113
796	A	110	227
796	C	110	455
796	J	166	910
796	I	162	1820
797	B	0	3
797	D	102	7
797	F	154	14
797	G	154	28
797	E	153	56
797	H	155	113
797	A	110	227
797	C	110	455
797	J	166	910
797	I	163	1821
798	B	0	3
798	D	102	7
798	F	154	14
798	G	154	28
798	E	153	56
798	H	155	113
798	A	110	227
798	C	110	455
798	J	167	911
798	I	164	1822
799	B	0	3
799	D	102	7
799	F	154	14
799	G	154	28
799	E	153	56
799	H	155	113
799	A	110	227
799	C	110	455
799	J	167	911
799	I	165	1823
800	B	0	3
800	D	102	7
800	F	154	14
800	G	154	28
800	I	153	57
800	E	154	114
800	A	116	228
800	C	115	456
800	J	169	912
800	H	169	1824
801	B	0	3
801	D	102	7
801	F	154	14
801	G	154	28
801	I	153	57
801	E	154	114
801	A	116	228
801	C	115	456
801	J	169	912
801	H	170	1825
802	B	0	3
802	D	102	7
802	F	154	14
802	G	154	28
802	I	153	57
802	E	154	114
802	A	116	228
802	C	115	456
802	J	170	913
802	H	171	1826
803	B	0	3
803	D	102	7
803	F	154	14
803	G	154	28
803	I	153	57
803	E	154	114
803	A	116	228
803	C	115	456
803	J	170	913
803	H	172	1827
804	B	0	3
804	D	102	7
804	F	154	14
804	G	154	28
804	I	153	57
804	E	154	114
804	A	116	228
804	H	168	457
804	C	116	914
804	J	172	1828
805	B	0	3
805	D	102	7
805	F	154	14
805	G	154	28
805	I	153	57
805	E	154	114
805	A	116	228
805	H	168	457
805	C	116	914
805	J	173	1829
806	B	0	3
806	D	102	7
806	F	154	14
806	G	154	28
806	I	153	57
806	E	154	114
806	A	116	228
806	H	168	457
806	J	171	915
806	C	117	1830
807	B	0	3
807	D	102	7
807	F	154	14
807	G	154	28
807	I	153	57
807	E	154	114
807	A	116	228
807	H	168	457
807	J	171	915
807	C	118	1831
808	B	0	3
808	D	102	7
808	F	154	14
808	G	154	28
808	I	153	57
808	E	154	114
808	H	167	229
808	C	119	458
808	J	174	916
808	A	118	1832
809	B	0	3
809	D	102	7
809	F	154	14
809	G	154	28
809	I	153	57
809	E	154	114
809	H	167	229
809	C	119	458
809	J	174	916
809	A	119	1833
810	B	0	3
810	D	102	7
810	F	154	14
810	G	154	28
810	I	153	57
810	E	154	114
810	H	167	229
810	C	119	458
810	J	175	917
810	A	120	1834
811	B	0	3
811	D	102	7
811	F	154	14
811	G	154	28
811	I	153	57
811	E	154	114
811	H	167	229
811	C	119	458
811	J	175	917
811	A	121	1835
812	B	0	3
812	D	102	7
812	F	154	14
812	G	154	28
812	I	153	57
812	E	154	114
812	H	167	229
812	A	117	459
812	C	120	918
812	J	176	1836
813	B	0	3
813	D	102	7
813	F	154	14
813	G	154	28
813	I	153	57
813	E	154	114
813	H	167	229
813	A	117	459
813	C	120	918
813	J	177	1837
814	B	0	3
814	D	102	7
814	F	154	14
814	G	154	28
814	I	153	57
814	E	154	114
814	H	167	229
814	A	117	459
814	C	121	919
814	J	178	1838
815	B	0	3
815	D	102	7
815	F	154	14
815	G	154	28
815	I	153	57
815	E	154	114
815	H	167	229
815	A	117	459
815	C	121	919
815	J	179	1839
816	B	0	3
816	D	102	7
816	F	154	14
816	G	154	28
816	I	153	57
816	J	168	115
816	A	122	230
816	H	173	460
816	E	155	920
816	C	124	1840
817	B	0	3
817	D	102	7
817	F	154	14
817	G	154	28
817	I	153	57
817	J	168	115
817	A	122	230
817	H	173	460
817	E	155	920
817	C	125	1841
818	B	0	3
818	D	102	7
818	F	154	14
818	G	154	28
818	I	153	57
818	J	168	115
818	A	122	230
818	H	173	460
818	E	156	921
818	C	126	1842
819	B	0	3
819	D	102	7
819	F	154	14
819	G	154	28
819	I	153	57
819	J	168	115
819	A	122	230
819	H	173	460
819	E	156	921
819	C	127	1843
820	B	0	3
820	D	102	7
820	F	154	14
820	G	154	28
820	I	153	57
820	J	168	115
820	A	122	230
820	C	123	461
820	H	174	922
820	E	158	1844
821	B	0	3
821	D	102	7
821	F	154	14
821	G	154	28
821	I	153	57
821	J	168	115
821	A	122	230
821	C	123	461
821	H	174	922
821	E	159	1845
822	B	0	3
822	D	102	7
822	F	154	14
822	G	154	28
822	I	153	57
822	J	168	115
822	A	122	230
822	C	123	461
822	E	157	923
822	H	175	1846
823	B	0	3
823	D	102	7
823	F	154	14
823	G	154	28
823	I	153	57
823	J	168	115
823	A	122	230
823	C	123	461
823	E	157	923
823	H	176	1847
824	B	0	3
824	D	102	7
824	F	154	14
824	G	154	28
824	I	153	57
824	J	168	115
824	C	122	231
824	H	177	462
824	E	160	924
824	A	124	1848
825	B	0	3
825	D	102	7
825	F	154	14
825	G	154	28
825	I	153	57
825	J	168	115
825	C	122	231
825	H	177	462
825	E	160	924
825	A	125	1849
826	B	0	3
826	D	102	7
826	F	154	14
826	G	154	28
826	I	153	57
826	J	168	115
826	C	122	231
826	H	177	462
826	E	161	925
826	A	126	1850
827	B	0	3
827	D	102	7
827	F	154	14
827	G	154	28
827	I	153	57
827	J	168	115
827	C	122	231
827	H	177	462
827	E	161	925
827	A	127	1851
828	B	0	3
828	D	102	7
828	F	154	14
828	G	154	28
828	I	153	57
828	J	168	115
828	C	122	231
828	A	123	463
828	H	178	926
828	E	162	1852
829	B	0	3
829	D	102	7
829	F	154	14
829	G	154	28
829	I	153	57
829	J	168	115
829	C	122	231
829	A	123	463
829	H	178	926
829	E	163	1853
830	B	0	3
830	D	102	7
830	F	154	14
830	G	154	28
830	I	153	57
830	J	168	115
830	C	122	231
830	A	123	463
830	H	179	927
830	E	164	1854
831	B	0	3
831	D	102	7
831	F	154	14
831	G	154	28
831	I	153	57
831	J	168	115
831	C	122	231
831	A	123	463
831	H	179	927
831	E	165	1855
832	B	0	3
832	D	102	7
832	F	154	14
832	J	154	29
832	E	166	58
832	I	167	116
832	H	180	232
832	A	128	464
832	G	156	928
832	C	130	1856
833	B	0	3
833	D	102	7
833	F	154	14
833	J	154	29
833	E	166	58
833	I	167	116
833	H	180	232
833	A	128	464
833	G	156	928
833	C	131	1857
834	B	0	3
834	D	102	7
834	F	154	14
834	J	154	29
834	E	166	58
834	I	167	116
834	H	180	232
834	A	128	464
834	G	157	929
834	C	132	1858
835	B	0	3
835	D	102	7
835	F	154	14
835	J	154	29
835	E	166	58
835	I	167	116
835	H	180	232
835	A	128	464
835	G	157	929
835	C	133	1859
836	B	0	3
836	D	102	7
836	F	154	14
836	J	154	29
836	E	166	58
836	I	167	116
836	H	180	232
836	C	129	465
836	A	129	930
836	G	159	1860
837	B	0	3
837	D	102	7
837	F	154	14
837	J	154	29
837	E	166	58
837	I	167	116
837	H	180	232
837	C	129	465
837	A	129	930
837	G	160	1861
838	B	0	3
838	D	102	7
838	F	154	14
838	J	154	29
838	E	166	58
838	I	167	116
838	H	180	232
838	C	129	465
838	G	158	931
838	A	130	1862
839	B	0	3
839	D	102	7
839	F	154	14
839	J	154	29
839	E	166	58
839	I	167	116
839	H	180	232
839	C	129	465
839	G	158	931
839	A	131	1863
840	B	0	3
840	D	102	7
840	F	154	14
840	J	154	29
840	E	166	58
840	I	167	116
840	C	128	233
840	A	132	466
840	G	161	932
840	H	182	1864
841	B	0	3
841	D	102	7
841	F	154	14
841	J	154	29
841	E	166	58
841	I	167	116
841	C	128	233
841	A	132	466
841	G	161	932
841	H	183	1865
842	B	0	3
842	D	102	7
842	F	154	14
842	J	154	29
842	E	166	58
842	I	167	116
842	C	128	233
842	A	132	466
842	G	162	933
842	H	184	1866
843	B	0	3
843	D	102	7
843	F	154	14
843	J	154	29
843	E	166	58
843	I	167	116
843	C	128	233
843	A	132	466
843	G	162	933
843	H	185	1867
844	B	0	3
844	D	102	7
844	F	154	14
844	J	154	29
844	E	166	58
844	I	167	116
844	C	128	233
844	H	181	467
844	A	133	934
844	G	163	1868
845	B	0	3
845	D	102	7
845	F	154	14
845	J	154	29
845	E	166	58
845	I	167	116
845	C	128	233
845	H	181	467
845	A	133	934
845	G	164	1869
846	B	0	3
846	D	102	7
846	F	154	14
846	J	154	29
846	E	166	58
846	I	167	116
846	C	128	233
846	H	181	467
846	A	134	935
846	G	165	1870
847	B	0	3
847	D	102	7
847	F	154	14
847	J	154	29
847	E	166	58
847	I	167	116
847	C	128	233
847	H	181	467
847	A	134	935
847	G	166	1871
848	B	0	3
848	D	102	7
848	F	154	14
848	J	154	29
848	E	166	58
848	G	155	117
848	H	186	234
848	C	134	468
848	I	168	936
848	A	137	1872
849	B	0	3
849	D	102	7
849	F	154	14
849	J	154	29
849	E	166	58
849	G	155	117
849	H	186	234
849	C	134	468
849	I	168	936
849	A	138	1873
850	B	0	3
850	D	102	7
850	F	154	14
850	J	154	29
850	E	166	58
850	G	155	117
850	H	186	234
850	C	134	468
850	I	169	937
850	A	139	1874
851	B	0	3
851	D	102	7
851	F	154	14
851	J	154	29
851	E	166	58
851	G	155	117
851	H	186	234
851	C	134	468
851	I	169	937
851	A	140	1875
852	B	0	3
852	D	102	7
852	F	154	14
852	J	154	29
852	E	166	58
852	G	155	117
852	H	186	234
852	A	136	469
852	C	135	938
852	I	171	1876
853	B	0	3
853	D	102	7
853	F	154	14
853	J	154	29
853	E	166	58
853	G	155	117
853	H	186	234
853	A	136	469
853	C	135	938
853	I	172	1877
854	B	0	3
854	D	102	7
854	F	154	14
854	J	154	29
854	E	166	58
854	G	155	117
854	H	186	234
854	A	136	469
854	I	170	939
854	C	136	1878
855	B	0	3
855	D	102	7
855	F	154	14
855	J	154	29
855	E	166	58
855	G	155	117
855	H	186	234
855	A	136	469
855	I	170	939
855	C	137	1879
856	B	0	3
856	D	102	7
856	F	154	14
856	J	154	29
856	E	166	58
856	G	155	117
856	A	135	235
856	C	138	470
856	I	173	940
856	H	188	1880
857	B	0	3
857	D	102	7
857	F	154	14
857	J	154	29
857	E	166	58
857	G	155	117
857	A	135	235
857	C	138	470
857	I	173	940
857	H	189	1881
858	B	0	3
858	D	102	7
858	F	154	14
858	J	154	29
858	E	166	58
858	G	155	117
858	A	135	235
858	C	138	470
858	I	174	941
858	H	190	1882
859	B	0	3
859	D	102	7
859	F	154	14
859	J	154	29
859	E	166	58
859	G	155	117
859	A	135	235
859	C	138	470
859	I	174	941
859	H	191	1883
860	B	0	3
860	D	102	7
860	F	154	14
860	J	154	29
860	E	166	58
860	G	155	117
860	A	135	235
860	H	187	471
860	C	139	942
860	I	175	1884
861	B	0	3
861	D	102	7
861	F	154	14
861	J	154	29
861	E	166	58
861	G	155	117
861	A	135	235
861	H	187	471
861	C	139	942
861	I	176	1885
862	B	0	3
862	D	102	7
862	F	154	14
862	J	154	29
862	E	166	58
862	G	155	117
862	A	135	235
862	H	187	471
862	C	140	943
862	I	177	1886
863	B	0	3
863	D	102	7
863	F	154	14
863	J	154	29
863	E	166	58
863	G	155	117
863	A	135	235
863	H	187	471
863	C	140	943
863	I	178	1887
864	B	0	3
864	D	102	7
864	F	154	14
864	J	154	29
864	I	166	59
864	E	167	118
864	C	141	236
864	A	141	472
864	G	168	944
864	H	194	1888
865	B	0	3
865	D	102	7
865	F	154	14
865	J	154	29
865	I	166	59
865	E	167	118
865	C	141	236
865	A	141	472
865	G	168	944
865	H	195	1889
866	B	0	3
866	D	102	7
866	F	154	14
866	J	154	29
866	I	166	59
866	E	167	118
866	C	141	236
866	A	141	472
866	G	169	945
866	H	196	1890
867	B	0	3
867	D	102	7
867	F	154	14
867	J	154	29
867	I	166	59
867	E	167	118
867	C	141	236
867	A	141	472
867	G	169	945
867	H	197	1891
868	B	0	3
868	D	102	7
868	F	154	14
868	J	154	29
868	I	166	59
868	E	167	118
868	C	141	236
868	H	193	473
868	A	142	946
868	G	171	1892
869	B	0	3
869	D	102	7
869	F	154	14
869	J	154	29
869	I	166	59
869	E	167	118
869	C	141	236
869	H	193	473
869	A	142	946
869	G	172	1893
870	B	0	3
870	D	102	7
870	F	154	14
870	J	154	29
870	I	166	59
870	E	167	118
870	C	141	236
870	H	193	473
870	G	170	947
870	A	143	1894
871	B	0	3
871	D	102	7
871	F	154	14
871	J	154	29
871	I	166	59
871	E	167	118
871	C	141	236
871	H	193	473
871	G	170	947
871	A	144	1895
872	B	0	3
872	D	102	7
872	F	154	14
872	J	154	29
872	I	166	59
872	E	167	118
872	H	192	237
872	A	145	474
872	G	173	948
872	C	143	1896
873	B	0	3
873	D	102	7
873	F	154	14
873	J	154	29
873	I	166	59
873	E	167	118
873	H	192	237
873	A	145	474
873	G	173	948
873	C	144	1897
874	B	0	3
874	D	102	7
874	F	154	14
874	J	154	29
874	I	166	59
874	E	167	118
874	H	192	237
874	A	145	474
874	G	174	949
874	C	145	1898
875	B	0	3
875	D	102	7
875	F	154	14
875	J	154	29
875	I	166	59
875	E	167	118
875	H	192	237
875	A	145	474
875	G	174	949
875	C	146	1899
876	B	0	3
876	D	102	7
876	F	154	14
876	J	154	29
876	I	166	59
876	E	167	118
876	H	192	237
876	C	142	475
876	A	146	950
876	G	175	1900
877	B	0	3
877	D	102	7
877	F	154	14
877	J	154	29
877	I	166	59
877	E	167	118
877	H	192	237
877	C	142	475
877	A	146	950
877	G	176	1901
878	B	0	3
878	D	102	7
878	F	154	14
878	J	154	29
878	I	166	59
878	E	167	118
878	H	192	237
878	C	142	475
878	A	147	951
878	G	177	1902
879	B	0	3
879	D	102	7
879	F	154	14
879	J	154	29
879	I	166	59
879	E	167	118
879	H	192	237
879	C	142	475
879	A	147	951
879	G	178	1903
880	B	0	3
880	D	102	7
880	F	154	14
880	J	154	29
880	I	166	59
880	G	167	119
880	C	147	238
880	H	198	476
880	E	168	952
880	A	150	1904
881	B	0	3
881	D	102	7
881	F	154	14
881	J	154	29
881	I	166	59
881	G	167	119
881	C	147	238
881	H	198	476
881	E	168	952
881	A	151	1905
882	B	0	3
882	D	102	7
882	F	154	14
882	J	154	29
882	I	166	59
882	G	167	119
882	C	147	238
882	H	198	476
882	E	169	953
882	A	152	1906
883	B	0	3
883	D	102	7
883	F	154	14
883	J	154	29
883	I	166	59
883	G	167	119
883	C	147	238
883	H	198	476
883	E	169	953
883	A	153	1907
884	B	0	3
884	D	102	7
884	F	154	14
884	J	154	29
884	I	166	59
884	G	167	119
884	C	147	238
884	A	149	477
884	H	199	954
884	E	171	1908
885	B	0	3
885	D	102	7
885	F	154	14
885	J	154	29
885	I	166	59
885	G	167	119
885	C	147	238
885	A	149	477
885	H	199	954
885	E	172	1909
886	B	0	3
886	D	102	7
886	F	154	14
886	J	154	29
886	I	166	59
886	G	167	119
886	C	147	238
886	A	149	477
886	E	170	955
886	H	200	1910
887	B	0	3
887	D	102	7
887	F	154	14
887	J	154	29
887	I	166	59
887	G	167	119
887	C	147	238
887	A	149	477
887	E	170	955
887	H	201	1911
888	B	0	3
888	D	102	7
888	F	154	14
888	J	154	29
888	I	166	59
888	G	167	119
888	A	148	239
888	H	202	478
888	E	173	956
888	C	149	1912
889	B	0	3
889	D	102	7
889	F	154	14
889	J	154	29
889	I	166	59
889	G	167	119
889	A	148	239
889	H	202	478
889	E	173	956
889	C	150	1913
890	B	0	3
890	D	102	7
890	F	154	14
890	J	154	29
890	I	166	59
890	G	167	119
890	A	148	239
890	H	202	478
890	E	174	957
890	C	151	1914
891	B	0	3
891	D	102	7
891	F	154	14
891	J	154	29
891	I	166	59
891	G	167	119
891	A	148	239
891	H	202	478
891	E	174	957
891	C	152	1915
892	B	0	3
892	D	102	7
892	F	154	14
892	J	154	29
892	I	166	59
892	G	167	119
892	A	148	239
892	C	148	479
892	H	203	958
892	E	175	1916
893	B	0	3
893	D	102	7
893	F	154	14
893	J	154	29
893	I	166	59
893	G	167	119
893	A	148	239
893	C	148	479
893	H	203	958
893	E	176	1917
894	B	0	3
894	D	102	7
894	F	154	14
894	J	154	29
894	I	166	59
894	G	167	119
894	A	148	239
894	C	148	479
894	H	204	959
894	E	177	1918
895	B	0	3
895	D	102	7
895	F	154	14
895	J	154	29
895	I	166	59
895	G	167	119
895	A	148	239
895	C	148	479
895	H	204	959
895	E	178	1919
896	B	0	3
896	D	102	7
896	H	154	15
896	J	180	30
896	E	179	60
896	I	180	120
896	A	154	240
896	C	153	480
896	F	156	960
896	G	182	1920
897	B	0	3
897	D	102	7
897	H	154	15
897	J	180	30
897	E	179	60
897	I	180	120
897	A	154	240
897	C	153	480
897	F	156	960
897	G	183	1921
898	B	0	3
898	D	102	7
898	H	154	15
898	J	180	30
898	E	179	60
898	I	180	120
898	A	154	240
898	C	153	480
898	F	157	961
898	G	184	1922
899	B	0	3
899	D	102	7
899	H	154	15
899	J	180	30
899	E	179	60
899	I	180	120
899	A	154	240
899	C	153	480
899	F	157	961
899	G	185	1923
900	B	0	3
900	D	102	7
900	H	154	15
900	J	180	30
900	E	179	60
900	I	180	120
900	A	154	240
900	G	181	481
900	C	154	962
900	F	159	1924
901	B	0	3
901	D	102	7
901	H	154	15
901	J	180	30
901	E	179	60
901	I	180	120
901	A	154	240
901	G	181	481
901	C	154	962
901	F	160	1925
902	B	0	3
902	D	102	7
902	H	154	15
902	J	180	30
902	E	179	60
902	I	180	120
902	A	154	240
902	G	181	481
902	F	158	963
902	C	155	1926
903	B	0	3
903	D	102	7
903	H	154	15
903	J	180	30
903	E	179	60
903	I	180	120
903	A	154	240
903	G	181	481
903	F	158	963
903	C	156	1927
904	B	0	3
904	D	102	7
904	H	154	15
904	J	180	30
904	E	179	60
904	I	180	120
904	G	180	241
904	C	157	482
904	F	161	964
904	A	156	1928
905	B	0	3
905	D	102	7
905	H	154	15
905	J	180	30
905	E	179	60
905	I	180	120
905	G	180	241
905	C	157	482
905	F	161	964
905	A	157	1929
906	B	0	3
906	D	102	7
906	H	154	15
906	J	180	30
906	E	179	60
906	I	180	120
906	G	180	241
906	C	157	482
906	F	162	965
906	A	158	1930
907	B	0	3
907	D	102	7
907	H	154	15
907	J	180	30
907	E	179	60
907	I	180	120
907	G	180	241
907	C	157	482
907	F	162	965
907	A	159	1931
908	B	0	3
908	D	102	7
908	H	154	15
908	J	180	30
908	E	179	60
908	I	180	120
908	G	180	241
908	A	155	483
908	C	158	966
908	F	163	1932
909	B	0	3
909	D	102	7
909	H	154	15
909	J	180	30
909	E	179	60
909	I	180	120
909	G	180	241
909	A	155	483
909	C	158	966
909	F	164	1933
910	B	0	3
910	D	102	7
910	H	154	15
910	J	180	30
910	E	179	60
910	I	180	120
910	G	180	241
910	A	155	483
910	C	159	967
910	F	165	1934
911	B	0	3
911	D	102	7
911	H	154	15
911	J	180	30
911	E	179	60
911	I	180	120
911	G	180	241
911	A	155	483
911	C	159	967
911	F	166	1935
912	B	0	3
912	D	102	7
912	H	154	15
912	J	180	30
912	E	179	60
912	F	155	121
912	A	160	242
912	G	186	484
912	I	181	968
912	C	162	1936
913	B	0	3
913	D	102	7
913	H	154	15
913	J	180	30
913	E	179	60
913	F	155	121
913	A	160	242
913	G	186	484
913	I	181	968
913	C	163	1937
914	B	0	3
914	D	102	7
914	H	154	15
914	J	180	30
914	E	179	60
914	F	155	121
914	A	160	242
914	G	186	484
914	I	182	969
914	C	164	1938
915	B	0	3
915	D	102	7
915	H	154	15
915	J	180	30
915	E	179	60
915	F	155	121
915	A	160	242
915	G	186	484
915	I	182	969
915	C	165	1939
916	B	0	3
916	D	102	7
916	H	154	15
916	J	180	30
916	E	179	60
916	F	155	121
916	A	160	242
916	C	161	485
916	G	187	970
916	I	184	1940
917	B	0	3
917	D	102	7
917	H	154	15
917	J	180	30
917	E	179	60
917	F	155	121
917	A	160	242
917	C	161	485
917	G	187	970
917	I	185	1941
918	B	0	3
918	D	102	7
918	H	154	15
918	J	180	30
918	E	179	60
918	F	155	121
918	A	160	242
918	C	161	485
918	I	183	971
918	G	188	1942
919	B	0	3
919	D	102	7
919	H	154	15
919	J	180	30
919	E	179	60
919	F	155	121
919	A	160	242
919	C	161	485
919	I	183	971
919	G	189	1943
920	B	0	3
920	D	102	7
920	H	154	15
920	J	180	30
920	E	179	60
920	F	155	121
920	C	160	243
920	G	190	486
920	I	186	972
920	A	162	1944
921	B	0	3
921	D	102	7
921	H	154	15
921	J	180	30
921	E	179	60
921	F	155	121
921	C	160	243
921	G	190	486
921	I	186	972
921	A	163	1945
922	B	0	3
922	D	102	7
922	H	154	15
922	J	180	30
922	E	179	60
922	F	155	121
922	C	160	243
922	G	190	486
922	I	187	973
922	A	164	1946
923	B	0	3
923	D	102	7
923	H	154	15
923	J	180	30
923	E	179	60
923	F	155	121
923	C	160	243
923	G	190	486
923	I	187	973
923	A	165	1947
924	B	0	3
924	D	102	7
924	H	154	15
924	J	180	30
924	E	179	60
924	F	155	121
924	C	160	243
924	A	161	487
924	G	191	974
924	I	188	1948
925	B	0	3
925	D	102	7
925	H	154	15
925	J	180	30
925	E	179	60
925	F	155	121
925	C	160	243
925	A	161	487
925	G	191	974
925	I	189	1949
926	B	0	3
926	D	102	7
926	H	154	15
926	J	180	30
926	E	179	60
926	F	155	121
926	C	160	243
926	A	161	487
926	G	192	975
926	I	190	1950
927	B	0	3
927	D	102	7
927	H	154	15
927	J	180	30
927	E	179	60
927	F	155	121
927	C	160	243
927	A	161	487
927	G	192	975
927	I	191	1951
928	B	0	3
928	D	102	7
928	H	154	15
928	J	180	30
928	I	179	61
928	E	180	122
928	C	166	244
928	A	166	488
928	G	194	976
928	F	169	1952
929	B	0	3
929	D	102	7
929	H	154	15
929	J	180	30
929	I	179	61
929	E	180	122
929	C	166	244
929	A	166	488
929	G	194	976
929	F	170	1953
930	B	0	3
930	D	102	7
930	H	154	15
930	J	180	30
930	I	179	61
930	E	180	122
930	C	166	244
930	A	166	488
930	G	195	977
930	F	171	1954
931	B	0	3
931	D	102	7
931	H	154	15
931	J	180	30
931	I	179	61
931	E	180	122
931	C	166	244
931	A	166	488
931	G	195	977
931	F	172	1955
932	B	0	3
932	D	102	7
932	H	154	15
932	J	180	30
932	I	179	61
932	E	180	122
932	C	166	244
932	F	168	489
932	A	167	978
932	G	197	1956
933	B	0	3
933	D	102	7
933	H	154	15
933	J	180	30
933	I	179	61
933	E	180	122
933	C	166	244
933	F	168	489
933	A	167	978
933	G	198	1957
934	B	0	3
934	D	102	7
934	H	154	15
934	J	180	30
934	I	179	61
934	E	180	122
934	C	166	244
934	F	168	489
934	G	196	979
934	A	168	1958
935	B	0	3
935	D	102	7
935	H	154	15
935	J	180	30
935	I	179	61
935	E	180	122
935	C	166	244
935	F	168	489
935	G	196	979
935	A	169	1959
936	B	0	3
936	D	102	7
936	H	154	15
936	J	180	30
936	I	179	61
936	E	180	122
936	F	167	245
936	A	170	490
936	G	199	980
936	C	168	1960
937	B	0	3
937	D	102	7
937	H	154	15
937	J	180	30
937	I	179	61
937	E	180	122
937	F	167	245
937	A	170	490
937	G	199	980
937	C	169	1961
938	B	0	3
938	D	102	7
938	H	154	15
938	J	180	30
938	I	179	61
938	E	180	122
938	F	167	245
938	A	170	490
938	G	200	981
938	C	170	1962
939	B	0	3
939	D	102	7
939	H	154	15
939	J	180	30
939	I	179	61
939	E	180	122
939	F	167	245
939	A	170	490
939	G	200	981
939	C	171	1963
940	B	0	3
940	D	102	7
940	H	154	15
940	J	180	30
940	I	179	61
940	E	180	122
940	F	167	245
940	C	167	491
940	A	171	982
940	G	201	1964
941	B	0	3
941	D	102	7
941	H	154	15
941	J	180	30
941	I	179	61
941	E	180	122
941	F	167	245
941	C	167	491
941	A	171	982
941	G	202	1965
942	B	0	3
942	D	102	7
942	H	154	15
942	J	180	30
942	I	179	61
942	E	180	122
942	F	167	245
942	C	167	491
942	A	172	983
942	G	203	1966
943	B	0	3
943	D	102	7
943	H	154	15
943	J	180	30
943	I	179	61
943	E	180	122
943	F	167	245
943	C	167	491
943	A	172	983
943	G	204	1967
944	B	0	3
944	D	102	7
944	H	154	15
944	J	180	30
944	I	179	61
944	G	193	123
944	C	172	246
944	F	173	492
944	E	181	984
944	A	175	1968
945	B	0	3
945	D	102	7
945	H	154	15
945	J	180	30
945	I	179	61
945	G	193	123
945	C	172	246
945	F	173	492
945	E	181	984
945	A	176	1969
946	B	0	3
946	D	102	7
946	H	154	15
946	J	180	30
946	I	179	61
946	G	193	123
946	C	172	246
946	F	173	492
946	E	182	985
946	A	177	1970
947	B	0	3
947	D	102	7
947	H	154	15
947	J	180	30
947	I	179	61
947	G	193	123
947	C	172	246
947	F	173	492
947	E	182	985
947	A	178	1971
948	B	0	3
948	D	102	7
948	H	154	15
948	J	180	30
948	I	179	61
948	G	193	123
948	C	172	246
948	A	174	493
948	F	174	986
948	E	184	1972
949	B	0	3
949	D	102	7
949	H	154	15
949	J	180	30
949	I	179	61
949	G	193	123
949	C	172	246
949	A	174	493
949	F	174	986
949	E	185	1973
950	B	0	3
950	D	102	7
950	H	154	15
950	J	180	30
950	I	179	61
950	G	193	123
950	C	172	246
950	A	174	493
950	E	183	987
950	F	175	1974
951	B	0	3
951	D	102	7
951	H	154	15
951	J	180	30
951	I	179	61
951	G	193	123
951	C	172	246
951	A	174	493
951	E	183	987
951	F	176	1975
952	B	0	3
952	D	102	7
952	H	154	15
952	J	180	30
952	I	179	61
952	G	193	123
952	A	173	247
952	F	177	494
952	E	186	988
952	C	174	1976
953	B	0	3
953	D	102	7
953	H	154	15
953	J	180	30
953	I	179	61
953	G	193	123
953	A	173	247
953	F	177	494
953	E	186	988
953	C	175	1977
954	B	0	3
954	D	102	7
954	H	154	15
954	J	180	30
954	I	179	61
954	G	193	123
954	A	173	247
954	F	177	494
954	E	187	989
954	C	176	1978
955	B	0	3
955	D	102	7
955	H	154	15
955	J	180	30
955	I	179	61
955	G	193	123
955	A	173	247
955	F	177	494
955	E	187	989
955	C	177	1979
956	B	0	3
956	D	102	7
956	H	154	15
956	J	180	30
956	I	179	61
956	G	193	123
956	A	173	247
956	C	173	495
956	F	178	990
956	E	188	1980
957	B	0	3
957	D	102	7
957	H	154	15
957	J	180	30
957	I	179	61
957	G	193	123
957	A	173	247
957	C	173	495
957	F	178	990
957	E	189	1981
958	B	0	3
958	D	102	7
958	H	154	15
958	J	180	30
958	I	179	61
958	G	193	123
958	A	173	247
958	C	173	495
958	F	179	991
958	E	190	1982
959	B	0	3
959	D	102	7
959	H	154	15
959	J	180	30
959	I	179	61
959	G	193	123
959	A	173	247
959	C	173	495
959	F	179	991
959	E	191	1983
960	B	0	3
960	D	102	7
960	H	154	15
960	G	179	31
960	E	192	62
960	I	193	124
960	F	180	248
960	C	178	496
960	J	182	992
960	A	181	1984
961	B	0	3
961	D	102	7
961	H	154	15
961	G	179	31
961	E	192	62
961	I	193	124
961	F	180	248
961	C	178	496
961	J	182	992
961	A	182	1985
962	B	0	3
962	D	102	7
962	H	154	15
962	G	179	31
962	E	192	62
962	I	193	124
962	F	180	248
962	C	178	496
962	J	183	993
962	A	183	1986
963	B	0	3
963	D	102	7
963	H	154	15
963	G	179	31
963	E	192	62
963	I	193	124
963	F	180	248
963	C	178	496
963	J	183	993
963	A	184	1987
964	B	0	3
964	D	102	7
964	H	154	15
964	G	179	31
964	E	192	62
964	I	193	124
964	F	180	248
964	A	180	497
964	C	179	994
964	J	185	1988
965	B	0	3
965	D	102	7
965	H	154	15
965	G	179	31
965	E	192	62
965	I	193	124
965	F	180	248
965	A	180	497
965	C	179	994
965	J	186	1989
966	B	0	3
966	D	102	7
966	H	154	15
966	G	179	31
966	E	192	62
966	I	193	124
966	F	180	248
966	A	180	497
966	J	184	995
966	C	180	1990
967	B	0	3
967	D	102	7
967	H	154	15
967	G	179	31
967	E	192	62
967	I	193	124
967	F	180	248
967	A	180	497
967	J	184	995
967	C	181	1991
968	B	0	3
968	D	102	7
968	H	154	15
968	G	179	31
968	E	192	62
968	I	193	124
968	A	179	249
968	C	182	498
968	J	187	996
968	F	182	1992
969	B	0	3
969	D	102	7
969	H	154	15
969	G	179	31
969	E	192	62
969	I	193	124
969	A	179	249
969	C	182	498
969	J	187	996
969	F	183	1993
970	B	0	3
970	D	102	7
970	H	154	15
970	G	179	31
970	E	192	62
970	I	193	124
970	A	179	249
970	C	182	498
970	J	188	997
970	F	184	1994
971	B	0	3
971	D	102	7
971	H	154	15
971	G	179	31
971	E	192	62
971	I	193	124
971	A	179	249
971	C	182	498
971	J	188	997
971	F	185	1995
972	B	0	3
972	D	102	7
972	H	154	15
972	G	179	31
972	E	192	62
972	I	193	124
972	A	179	249
972	F	181	499
972	C	183	998
972	J	189	1996
973	B	0	3
973	D	102	7
973	H	154	15
973	G	179	31
973	E	192	62
973	I	193	124
973	A	179	249
973	F	181	499
973	C	183	998
973	J	190	1997
974	B	0	3
974	D	102	7
974	H	154	15
974	G	179	31
974	E	192	62
974	I	193	124
974	A	179	249
974	F	181	499
974	C	184	999
974	J	191	1998
975	B	0	3
975	D	102	7
975	H	154	15
975	G	179	31
975	E	192	62
975	I	193	124
975	A	179	249
975	F	181	499
975	C	184	999
975	J	192	1999
976	B	0	3
976	D	102	7
976	H	154	15
976	G	179	31
976	E	192	62
976	J	181	125
976	F	186	250
976	A	185	500
976	I	194	1000
976	C	187	2000
977	B	0	3
977	D	102	7
977	H	154	15
977	G	179	31
977	E	192	62
977	J	181	125
977	F	186	250
977	A	185	500
977	I	194	1000
977	C	188	2001
978	B	0	3
978	D	102	7
978	H	154	15
978	G	179	31
978	E	192	62
978	J	181	125
978	F	186	250
978	A	185	500
978	I	195	1001
978	C	189	2002
979	B	0	3
979	D	102	7
979	H	154	15
979	G	179	31
979	E	192	62
979	J	181	125
979	F	186	250
979	A	185	500
979	I	195	1001
979	C	190	2003
980	B	0	3
980	D	102	7
980	H	154	15
980	G	179	31
980	E	192	62
980	J	181	125
980	F	186	250
980	C	186	501
980	A	186	1002
980	I	197	2004
981	B	0	3
981	D	102	7
981	H	154	15
981	G	179	31
981	E	192	62
981	J	181	125
981	F	186	250
981	C	186	501
981	A	186	1002
981	I	198	2005
982	B	0	3
982	D	102	7
982	H	154	15
982	G	179	31
982	E	192	62
982	J	181	125
982	F	186	250
982	C	186	501
982	I	196	1003
982	A	187	2006
983	B	0	3
983	D	102	7
983	H	154	15
983	G	179	31
983	E	192	62
983	J	181	125
983	F	186	250
983	C	186	501
983	I	196	1003
983	A	188	2007
984	B	0	3
984	D	102	7
984	H	154	15
984	G	179	31
984	E	192	62
984	J	181	125
984	C	185	251
984	A	189	502
984	I	199	1004
984	F	188	2008
985	B	0	3
985	D	102	7
985	H	154	15
985	G	179	31
985	E	192	62
985	J	181	125
985	C	185	251
985	A	189	502
985	I	199	1004
985	F	189	2009
986	B	0	3
986	D	102	7
986	H	154	15
986	G	179	31
986	E	192	62
986	J	181	125
986	C	185	251
986	A	189	502
986	I	200	1005
986	F	190	2010
987	B	0	3
987	D	102	7
987	H	154	15
987	G	179	31
987	E	192	62
987	J	181	125
987	C	185	251
987	A	189	502
987	I	200	1005
987	F	191	2011
988	B	0	3
988	D	102	7
988	H	154	15
988	G	179	31
988	E	192	62
988	J	181	125
988	C	185	251
988	F	187	503
988	A	190	1006
988	I	201	2012
989	B	0	3
989	D	102	7
989	H	154	15
989	G	179	31
989	E	192	62
989	J	181	125
989	C	185	251
989	F	187	503
989	A	190	1006
989	I	202	2013
990	B	0	3
990	D	102	7
990	H	154	15
990	G	179	31
990	E	192	62
990	J	181	125
990	C	185	251
990	F	187	503
990	A	191	1007
990	I	203	2014
991	B	0	3
991	D	102	7
991	H	154	15
991	G	179	31
991	E	192	62
991	J	181	125
991	C	185	251
991	F	187	503
991	A	191	1007
991	I	204	2015
992	B	0	3
992	D	102	7
992	H	154	15
992	G	179	31
992	I	192	63
992	E	193	126
992	A	192	252
992	C	191	504
992	J	194	1008
992	F	194	2016
993	B	0	3
993	D	102	7
993	H	154	15
993	G	179	31
993	I	192	63
993	E	193	126
993	A	192	252
993	C	191	504
993	J	194	1008
993	F	195	2017
994	B	0	3
994	D	102	7
994	H	154	15
994	G	179	31
994	I	192	63
994	E	193	126
994	A	192	252
994	C	191	504
994	J	195	1009
994	F	196	2018
995	B	0	3
995	D	102	7
995	H	154	15
995	G	179	31
995	I	192	63
995	E	193	126
995	A	192	252
995	C	191	504
995	J	195	1009
995	F	197	2019
996	B	0	3
996	D	102	7
996	H	154	15
996	G	179	31
996	I	192	63
996	E	193	126
996	A	192	252
996	F	193	505
996	C	192	1010
996	J	197	2020
997	B	0	3
997	D	102	7
997	H	154	15
997	G	179	31
997	I	192	63
997	E	193	126
997	A	192	252
997	F	193	505
997	C	192	1010
997	J	198	2021
998	B	0	3
998	D	102	7
998	H	154	15
998	G	179	31
998	I	192	63
998	E	193	126
998	A	192	252
998	F	193	505
998	J	196	1011
998	C	193	2022
999	B	0	3
999	D	102	7
999	H	154	15
999	G	179	31
999	I	192	63
999	E	193	126
999	A	192	252
999	F	193	505
999	J	196	1011
999	C	194	2023
1000	B	0	3
1000	D	102	7
1000	H	154	15
1000	G	179	31
1000	I	192	63
1000	E	193	126
1000	F	192	253
1000	C	195	506
1000	J	199	1012
1000	A	194	2024
1001	B	0	3
1001	D	102	7
1001	H	154	15
1001	G	179	31
1001	I	192	63
1001	E	193	126
1001	F	192	253
1001	C	195	506
1001	J	199	1012
1001	A	195	2025
1002	B	0	3
1002	D	102	7
1002	H	154	15
1002	G	179	31
1002	I	192	63
1002	E	193	126
1002	F	192	253
1002	C	195	506
1002	J	200	1013
1002	A	196	2026
1003	B	0	3
1003	D	102	7
1003	H	154	15
1003	G	179	31
1003	I	192	63
1003	E	193	126
1003	F	192	253
1003	C	195	506
1003	J	200	1013
1003	A	197	2027
1004	B	0	3
1004	D	102	7
1004	H	154	15
1004	G	179	31
1004	I	192	63
1004	E	193	126
1004	F	192	253
1004	A	193	507
1004	C	196	1014
1004	J	201	2028
1005	B	0	3
1005	D	102	7
1005	H	154	15
1005	G	179	31
1005	I	192	63
1005	E	193	126
1005	F	192	253
1005	A	193	507
1005	C	196	1014
1005	J	202	2029
1006	B	0	3
1006	D	102	7
1006	H	154	15
1006	G	179	31
1006	I	192	63
1006	E	193	126
1006	F	192	253
1006	A	193	507
1006	C	197	1015
1006	J	203	2030
1007	B	0	3
1007	D	102	7
1007	H	154	15
1007	G	179	31
1007	I	192	63
1007	E	193	126
1007	F	192	253
1007	A	193	507
1007	C	197	1015
1007	J	204	2031
1008	B	0	3
1008	D	102	7
1008	H	154	15
1008	G	179	31
1008	I	192	63
1008	J	193	127
1008	A	198	254
1008	F	198	508
1008	E	194	1016
1008	C	200	2032
1009	B	0	3
1009	D	102	7
1009	H	154	15
1009	G	179	31
1009	I	192	63
1009	J	193	127
1009	A	198	254
1009	F	198	508
1009	E	194	1016
1009	C	201	2033
1010	B	0	3
1010	D	102	7
1010	H	154	15
1010	G	179	31
1010	I	192	63
1010	J	193	127
1010	A	198	254
1010	F	198	508
1010	E	195	1017
1010	C	202	2034
1011	B	0	3
1011	D	102	7
1011	H	154	15
1011	G	179	31
1011	I	192	63
1011	J	193	127
1011	A	198	254
1011	F	198	508
1011	E	195	1017
1011	C	203	2035
1012	B	0	3
1012	D	102	7
1012	H	154	15
1012	G	179	31
1012	I	192	63
1012	J	193	127
1012	A	198	254
1012	C	199	509
1012	F	199	1018
1012	E	197	2036
1013	B	0	3
1013	D	102	7
1013	H	154	15
1013	G	179	31
1013	I	192	63
1013	J	193	127
1013	A	198	254
1013	C	199	509
1013	F	199	1018
1013	E	198	2037
1014	B	0	3
1014	D	102	7
1014	H	154	15
1014	G	179	31
1014	I	192	63
1014	J	193	127
1014	A	198	254
1014	C	199	509
1014	E	196	1019
1014	F	200	2038
1015	B	0	3
1015	D	102	7
1015	H	154	15
1015	G	179	31
1015	I	192	63
1015	J	193	127
1015	A	198	254
1015	C	199	509
1015	E	196	1019
1015	F	201	2039
1016	B	0	3
1016	D	102	7
1016	H	154	15
1016	G	179	31
1016	I	192	63
1016	J	193	127
1016	C	198	255
1016	F	202	510
1016	E	199	1020
1016	A	200	2040
1017	B	0	3
1017	D	102	7
1017	H	154	15
1017	G	179	31
1017	I	192	63
1017	J	193	127
1017	C	198	255
1017	F	202	510
1017	E	199	1020
1017	A	201	2041
1018	B	0	3
1018	D	102	7
1018	H	154	15
1018	G	179	31
1018	I	192	63
1018	J	193	127
1018	C	198	255
1018	F	202	510
1018	E	200	1021
1018	A	202	2042
1019	B	0	3
1019	D	102	7
1019	H	154	15
1019	G	179	31
1019	I	192	63
1019	J	193	127
1019	C	198	255
1019	F	202	510
1019	E	200	1021
1019	A	203	2043
1020	B	0	3
1020	D	102	7
1020	H	154	15
1020	G	179	31
1020	I	192	63
1020	J	193	127
1020	C	198	255
1020	A	199	511
1020	F	203	1022
1020	E	201	2044
1021	B	0	3
1021	D	102	7
1021	H	154	15
1021	G	179	31
1021	I	192	63
1021	J	193	127
1021	C	198	255
1021	A	199	511
1021	F	203	1022
1021	E	202	2045
1022	B	0	3
1022	D	102	7
1022	H	154	15
1022	G	179	31
1022	I	192	63
1022	J	193	127
1022	C	198	255
1022	A	199	511
1022	F	204	1023
1022	E	203	2046
1023	B	0	3
1023	D	102	7
1023	H	154	15
1023	G	179	31
1023	I	192	63
1023	J	193	127
1023	C	198	255
1023	A	199	511
1023	F	204	1023
1023	E	204	2047
