id,source_index,n,N,m,B_joint,OPT,original_AB,pair_union,three_color,three_then_four,original_AB_coloring_seconds,pair_additional_seconds,three_additional_seconds,four_additional_seconds,final_stop
S0000,0,2,2,1,2,2,2,2,2,2,1.8700025975704193e-05,4.800036549568176e-06,3.00002284348011e-06,1.700012944638729e-06,capacity_certificate
S0001,1,3,4,2,2,2,2,2,2,2,3.2400013878941536e-05,2.7999049052596092e-06,1.600012183189392e-06,1.00000761449337e-06,capacity_certificate
S0002,2,4,6,3,2,2,2,2,2,2,4.1899969801306725e-05,2.100015990436077e-06,1.300009898841381e-06,9.00006853044033e-07,capacity_certificate
S0003,3,4,6,2,3,3,3,3,3,3,4.269997589290142e-05,2.00001522898674e-06,9.00006853044033e-07,8.00006091594696e-07,capacity_certificate
S0004,4,5,8,4,2,2,2,2,2,2,6.19000056758523e-05,2.299901098012924e-06,1.400010660290718e-06,1.100008375942707e-06,capacity_certificate
S0005,5,5,8,3,3,3,3,3,3,3,7.069995626807213e-05,2.200016751885414e-06,1.200009137392044e-06,1.00000761449337e-06,capacity_certificate
S0006,6,5,8,3,3,3,3,3,3,3,8.509994950145483e-05,2.00001522898674e-06,1.300009898841381e-06,9.00006853044033e-07,capacity_certificate
S0007,7,6,10,5,2,2,2,2,2,2,9.220000356435776e-05,2.400018274784088e-06,1.600012183189392e-06,1.300009898841381e-06,capacity_certificate
S0008,8,6,10,4,3,3,3,3,3,3,0.00011059991084039211,2.400018274784088e-06,1.500011421740055e-06,1.300009898841381e-06,capacity_certificate
S0009,9,6,10,4,3,3,3,3,3,3,0.00012940005399286747,2.300017513334751e-06,1.400010660290718e-06,1.100008375942707e-06,capacity_certificate
S0010,10,6,10,4,3,3,3,3,3,3,0.00014300004113465548,2.200016751885414e-06,1.3998942449688911e-06,1.200009137392044e-06,capacity_certificate
S0011,11,6,10,3,4,4,4,4,4,4,8.530006743967533e-05,2.100015990436077e-06,1.200009137392044e-06,9.998911991715431e-07,capacity_certificate
S0012,12,6,10,3,4,4,4,4,4,4,8.570007048547268e-05,2.00001522898674e-06,1.400010660290718e-06,1.100008375942707e-06,capacity_certificate
S0013,13,7,12,6,2,2,2,2,2,2,0.00013860000763088465,2.700020559132099e-06,2.100015990436077e-06,1.8998980522155762e-06,capacity_certificate
S0014,14,7,12,5,3,3,3,3,3,3,0.00017600005958229303,2.800021320581436e-06,1.800013706088066e-06,1.600012183189392e-06,capacity_certificate
S0015,15,7,12,5,3,3,3,3,3,3,0.00020509993191808462,2.800021320581436e-06,2.00001522898674e-06,1.5998957678675652e-06,capacity_certificate
S0016,16,7,12,5,3,3,3,3,3,3,0.0003525000065565109,7.300055585801601e-06,3.0999071896076202e-06,1.9000144675374031e-06,capacity_certificate
S0017,17,7,12,4,4,4,4,4,4,4,0.00017230003140866756,3.900029696524143e-06,2.09989957511425e-06,1.500011421740055e-06,capacity_certificate
S0018,18,7,12,4,4,4,4,4,4,4,0.0001542000100016594,4.400033503770828e-06,2.299901098012924e-06,1.500011421740055e-06,capacity_certificate
S0019,19,7,12,5,3,3,3,3,3,3,0.00029520003590732813,3.900029696524143e-06,2.200016751885414e-06,1.600012183189392e-06,capacity_certificate
S0020,20,7,12,4,3,3,3,3,3,3,0.0002597999991849065,4.200031980872154e-06,2.00001522898674e-06,1.500011421740055e-06,capacity_certificate
S0021,21,7,12,4,3,3,3,3,3,3,0.00024040008429437876,2.900022082030773e-06,1.800013706088066e-06,1.300009898841381e-06,capacity_certificate
S0022,22,7,12,4,3,3,3,3,3,3,0.00023340003099292517,2.600019797682762e-06,1.800013706088066e-06,1.300009898841381e-06,capacity_certificate
S0023,23,7,12,3,4,4,5,5,4,4,0.00015950005035847425,5.9999991208314896e-05,0.00012450001668184996,1.700012944638729e-06,capacity_certificate
S0024,24,8,14,6,3,3,3,3,3,3,0.00034509995020926,3.500026650726795e-06,2.500019036233425e-06,2.00001522898674e-06,capacity_certificate
S0025,25,8,14,6,3,3,3,3,3,3,0.0002964999293908477,4.100031219422817e-06,2.600019797682762e-06,2.00001522898674e-06,capacity_certificate
S0026,26,8,14,6,3,3,3,3,3,3,0.0003512999974191189,4.300032742321491e-06,2.399901859462261e-06,2.00001522898674e-06,capacity_certificate
S0027,27,8,14,5,4,4,4,4,4,4,0.00044980004895478487,5.199923180043697e-06,2.500019036233425e-06,1.700012944638729e-06,capacity_certificate
S0028,28,8,14,5,4,4,4,4,4,4,0.00019479996990412474,3.100023604929447e-06,1.999898813664913e-06,1.800013706088066e-06,capacity_certificate
S0029,29,8,14,6,3,3,3,3,3,3,0.0003223000094294548,4.100031219422817e-06,2.400018274784088e-06,1.8998980522155762e-06,capacity_certificate
S0030,30,8,14,5,3,3,3,3,3,3,0.00030800001695752144,3.400025889277458e-06,2.300017513334751e-06,1.800013706088066e-06,capacity_certificate
S0031,31,8,14,5,3,3,3,3,3,3,0.0003380998969078064,3.00002284348011e-06,2.00001522898674e-06,1.4998950064182281e-06,capacity_certificate
S0032,32,8,14,5,3,3,3,3,3,3,0.000327700050547719,3.00002284348011e-06,2.00001522898674e-06,1.700012944638729e-06,capacity_certificate
S0033,33,8,14,4,4,4,5,5,4,4,0.0001311999512836337,5.010003224015236e-05,0.0002837999491021037,2.100015990436077e-06,capacity_certificate
S0034,34,8,14,6,3,3,3,3,3,3,0.00034850009251385927,4.00003045797348e-06,2.300017513334751e-06,1.800013706088066e-06,capacity_certificate
S0035,35,8,14,5,3,3,3,3,3,3,0.0004112999886274338,3.500026650726795e-06,2.100015990436077e-06,1.800013706088066e-06,capacity_certificate
S0036,36,8,14,5,3,3,3,3,3,3,0.00044650002382695675,3.8000289350748062e-06,2.00001522898674e-06,1.6998965293169022e-06,capacity_certificate
S0037,37,8,14,5,3,3,3,3,3,3,0.006324799964204431,6.400048732757568e-06,2.6999041438102722e-06,1.700012944638729e-06,capacity_certificate
S0038,38,8,14,4,4,4,4,4,4,4,0.00017529993783682585,4.600035026669502e-06,2.300017513334751e-06,1.600012183189392e-06,capacity_certificate
S0039,39,8,14,4,4,4,4,4,4,4,0.00015790003817528486,2.6999041438102722e-06,1.800013706088066e-06,1.600012183189392e-06,capacity_certificate
S0040,40,8,14,5,3,3,3,3,3,3,0.0003717000363394618,2.9999064281582832e-06,1.9000144675374031e-06,1.600012183189392e-06,capacity_certificate
S0041,41,8,14,4,4,4,4,4,4,4,0.00017310003750026226,2.700020559132099e-06,1.800013706088066e-06,1.600012183189392e-06,capacity_certificate
S0042,42,8,14,4,4,4,4,4,4,4,0.0001821999903768301,2.7999049052596092e-06,1.700012944638729e-06,1.500011421740055e-06,capacity_certificate
S0043,43,8,14,4,4,4,4,4,4,4,0.0001713999081403017,2.900022082030773e-06,1.7998972907662392e-06,1.400010660290718e-06,capacity_certificate
S0044,44,8,14,4,4,4,4,4,4,4,0.0002816000487655401,2.900022082030773e-06,1.700012944638729e-06,1.400010660290718e-06,capacity_certificate
S0045,45,8,14,3,5,5,5,5,5,5,9.590003173798323e-05,2.600019797682762e-06,1.700012944638729e-06,1.300009898841381e-06,capacity_certificate
S0046,46,9,16,6,4,4,4,4,4,4,0.0002858999650925398,3.600027412176132e-06,2.499902620911598e-06,2.200016751885414e-06,capacity_certificate
S0047,47,9,16,6,4,4,4,4,4,4,0.000292200013063848,4.200031980872154e-06,2.800021320581436e-06,2.100015990436077e-06,capacity_certificate
S0048,48,9,16,6,3,3,3,3,3,3,0.0004599000094458461,5.09992241859436e-06,2.700020559132099e-06,2.400018274784088e-06,capacity_certificate
S0049,49,9,16,6,3,3,3,3,3,3,0.00046440004371106625,3.900029696524143e-06,2.400018274784088e-06,2.199900336563587e-06,capacity_certificate
S0050,50,9,16,6,3,3,3,3,3,3,0.0004528999561443925,3.400025889277458e-06,2.400018274784088e-06,2.300017513334751e-06,capacity_certificate
S0051,51,9,16,5,4,4,5,5,4,4,0.0003712000325322151,7.850001566112041e-05,0.0005440999520942569,2.700020559132099e-06,capacity_certificate
S0052,52,9,16,6,3,3,3,3,3,3,0.00047690002247691154,4.00003045797348e-06,2.700020559132099e-06,2.300017513334751e-06,capacity_certificate
S0053,53,9,16,6,3,3,3,3,3,3,0.0005026001017540693,3.7999125197529793e-06,2.700020559132099e-06,2.300017513334751e-06,capacity_certificate
S0054,54,9,16,6,3,3,3,3,3,3,0.0006244000978767872,5.00003807246685e-06,2.900022082030773e-06,2.00001522898674e-06,capacity_certificate
S0055,55,9,16,5,4,4,4,4,4,4,0.0002239999594166875,3.100023604929447e-06,2.00001522898674e-06,1.9000144675374031e-06,capacity_certificate
S0056,56,9,16,5,4,4,4,4,4,4,0.00022749998606741428,3.100023604929447e-06,2.00001522898674e-06,1.800013706088066e-06,capacity_certificate
S0057,57,9,16,6,3,3,3,3,3,3,0.0005105999298393726,3.5999109968543053e-06,2.600019797682762e-06,2.100015990436077e-06,capacity_certificate
S0058,58,9,16,5,4,4,4,4,4,4,0.00022409996017813683,3.200024366378784e-06,2.09989957511425e-06,1.800013706088066e-06,capacity_certificate
S0059,59,9,16,5,4,4,4,4,4,4,0.0002389999572187662,2.8999056667089462e-06,2.200016751885414e-06,2.00001522898674e-06,capacity_certificate
S0060,60,9,16,5,4,4,4,4,4,4,0.00022569997236132622,3.300025127828121e-06,2.400018274784088e-06,1.9000144675374031e-06,capacity_certificate
S0061,61,9,16,5,4,4,4,4,4,4,0.00035660003777593374,3.00002284348011e-06,2.300017513334751e-06,1.9000144675374031e-06,capacity_certificate
S0062,62,9,16,4,5,5,5,5,5,5,0.00013840000610798597,3.0999071896076202e-06,2.100015990436077e-06,1.9000144675374031e-06,capacity_certificate
S0063,63,9,16,6,3,3,3,3,3,3,0.0004909000126644969,3.5999109968543053e-06,2.400018274784088e-06,2.200016751885414e-06,capacity_certificate
S0064,64,9,16,6,3,3,3,3,3,3,0.0005480999825522304,4.399917088449001e-06,2.800021320581436e-06,2.00001522898674e-06,capacity_certificate
S0065,65,9,16,6,3,3,3,3,3,3,0.0005570999346673489,3.500026650726795e-06,2.400018274784088e-06,1.9000144675374031e-06,capacity_certificate
S0066,66,9,16,5,4,4,4,4,4,4,0.0003529000096023083,3.400025889277458e-06,2.100015990436077e-06,1.800013706088066e-06,capacity_certificate
S0067,67,9,16,5,4,4,4,4,4,4,0.0003451999509707093,3.300025127828121e-06,2.100015990436077e-06,1.9000144675374031e-06,capacity_certificate
S0068,68,9,16,6,3,3,3,3,3,3,0.000570200034417212,1.1399970389902592e-05,3.200024366378784e-06,2.400018274784088e-06,capacity_certificate
S0069,69,9,16,5,4,4,4,4,4,4,0.00047109997831285,3.500026650726795e-06,2.100015990436077e-06,1.9000144675374031e-06,capacity_certificate
S0070,70,9,16,5,4,4,4,4,4,4,0.000417300034314394,3.900029696524143e-06,2.300017513334751e-06,1.700012944638729e-06,capacity_certificate
S0071,71,9,16,5,4,4,4,4,4,4,0.00039160007145255804,3.100023604929447e-06,2.00001522898674e-06,1.800013706088066e-06,capacity_certificate
S0072,72,9,16,4,5,5,5,5,5,5,0.0002652999246492982,3.200024366378784e-06,2.09989957511425e-06,1.700012944638729e-06,capacity_certificate
S0073,73,9,16,6,3,3,3,3,3,3,0.000624899985268712,5.600042641162872e-06,2.800021320581436e-06,2.400018274784088e-06,capacity_certificate
S0074,74,9,16,5,4,4,4,4,4,4,0.0003801999846473336,3.500026650726795e-06,2.400018274784088e-06,2.00001522898674e-06,capacity_certificate
S0075,75,9,16,5,4,4,4,4,4,4,0.00040250003803521395,3.500026650726795e-06,2.300017513334751e-06,2.00001522898674e-06,capacity_certificate
S0076,76,9,16,5,4,4,4,4,4,4,0.0004566999850794673,4.599918611347675e-06,2.600019797682762e-06,1.700012944638729e-06,capacity_certificate
S0077,77,9,16,4,4,4,5,5,4,4,0.00018309999722987413,5.6699966080486774e-05,0.0004539999645203352,2.100015990436077e-06,capacity_certificate
S0078,78,9,16,4,4,4,5,5,4,4,0.00018239999189972878,4.909990821033716e-05,0.00034280004911124706,1.9000144675374031e-06,capacity_certificate
S0079,79,9,16,5,4,4,4,4,4,4,0.0004075999604538083,3.400025889277458e-06,2.00001522898674e-06,1.700012944638729e-06,capacity_certificate
S0080,80,9,16,4,4,4,5,5,4,4,0.0001642000861465931,4.9900030717253685e-05,0.0003095000283792615,2.6999041438102722e-06,capacity_certificate
S0081,81,9,16,4,4,4,5,5,4,4,0.0001895000459626317,5.1200040616095066e-05,0.00032160000409930944,2.499902620911598e-06,capacity_certificate
S0082,82,9,16,5,4,4,4,4,4,4,0.00043919996824115515,4.300032742321491e-06,2.00001522898674e-06,1.7998972907662392e-06,capacity_certificate
S0083,83,9,16,4,4,4,5,5,4,4,0.00018179998733103275,7.070007268339396e-05,0.00045739999040961266,2.100015990436077e-06,capacity_certificate
S0084,84,9,16,4,4,4,5,5,4,4,0.00019669998437166214,5.100003909319639e-05,0.0004265999887138605,2.00001522898674e-06,capacity_certificate
S0085,85,10,18,6,4,4,5,5,4,4,0.0003013999667018652,0.00010810000821948051,0.0007700000423938036,3.0999071896076202e-06,capacity_certificate
S0086,86,10,18,6,4,4,4,4,4,4,0.00030800001695752144,3.899913281202316e-06,2.800021320581436e-06,2.400018274784088e-06,capacity_certificate
S0087,87,10,18,6,4,4,4,4,4,4,0.0007506998954340816,7.0999376475811005e-06,3.8000289350748062e-06,3.00002284348011e-06,capacity_certificate
S0088,88,10,18,6,4,4,4,4,4,4,0.0006129000103101134,5.800044164061546e-06,3.2999087125062943e-06,2.500019036233425e-06,capacity_certificate
S0089,89,10,18,6,4,4,4,4,4,4,0.00040929997339844704,5.900044925510883e-06,3.500026650726795e-06,2.600019797682762e-06,capacity_certificate
S0090,90,10,18,6,4,4,4,4,4,4,0.00031619996298104525,4.200031980872154e-06,2.600019797682762e-06,2.399901859462261e-06,capacity_certificate
S0091,91,10,18,6,4,4,4,4,4,4,0.0005188999930396676,3.700028173625469e-06,2.800021320581436e-06,2.400018274784088e-06,capacity_certificate
S0092,92,10,18,5,5,5,5,5,5,5,0.00021279999054968357,4.09991480410099e-06,2.700020559132099e-06,2.300017513334751e-06,capacity_certificate
S0093,93,10,18,6,4,4,4,4,4,4,0.0005228999070823193,5.100038833916187e-06,2.8999056667089462e-06,2.300017513334751e-06,capacity_certificate
S0094,94,10,18,6,4,4,4,4,4,4,0.0004835999570786953,4.100031219422817e-06,2.700020559132099e-06,2.400018274784088e-06,capacity_certificate
S0095,95,10,18,6,4,4,4,4,4,4,0.0006167999235913157,5.800044164061546e-06,3.400025889277458e-06,2.499902620911598e-06,capacity_certificate
S0096,96,10,18,6,4,4,4,4,4,4,0.0006354999495670199,5.499925464391708e-06,3.00002284348011e-06,2.300017513334751e-06,capacity_certificate
S0097,97,10,18,6,4,4,4,4,4,4,0.0005494999932125211,3.900029696524143e-06,2.599903382360935e-06,2.300017513334751e-06,capacity_certificate
S0098,98,10,18,5,5,5,5,5,5,5,0.00034200004301965237,3.500026650726795e-06,2.6999041438102722e-06,2.200016751885414e-06,capacity_certificate
S0099,99,10,18,6,4,4,4,4,4,4,0.0005056000081822276,3.4999102354049683e-06,2.700020559132099e-06,2.200016751885414e-06,capacity_certificate
S0100,100,10,18,6,4,4,4,4,4,4,0.0005487999878823757,3.400025889277458e-06,2.7999049052596092e-06,2.200016751885414e-06,capacity_certificate
S0101,101,10,18,6,4,4,4,4,4,4,0.0006569999968633056,5.200039595365524e-06,3.2999087125062943e-06,2.400018274784088e-06,capacity_certificate
S0102,102,10,18,5,4,4,5,5,4,4,0.000269699958153069,8.779997006058693e-05,0.0009732999606058002,3.300025127828121e-06,capacity_certificate
S0103,103,10,18,5,4,4,5,5,4,4,0.0002663999330252409,8.159992285072803e-05,0.0007210000185295939,2.500019036233425e-06,capacity_certificate
S0104,104,10,18,6,4,4,4,4,4,4,0.0005494999932125211,3.999914042651653e-06,2.700020559132099e-06,2.300017513334751e-06,capacity_certificate
S0105,105,10,18,5,4,4,5,5,4,4,0.00023090001195669174,7.940002251416445e-05,0.0005966000026091933,2.7999049052596092e-06,capacity_certificate
S0106,106,10,18,5,4,4,5,5,4,4,0.0002546999603509903,8.209992665797472e-05,0.0008174000540748239,4.500034265220165e-06,capacity_certificate
S0107,107,10,18,6,4,4,4,4,4,4,0.0005637999856844544,5.499925464391708e-06,2.900022082030773e-06,2.200016751885414e-06,capacity_certificate
S0108,108,10,18,5,4,4,5,5,4,4,0.00026210001669824123,8.729996625334024e-05,0.0008773000445216894,2.700020559132099e-06,capacity_certificate
S0109,109,10,18,5,4,4,5,5,4,4,0.00026949995663017035,8.080003317445517e-05,0.0008840999798849225,2.800021320581436e-06,capacity_certificate
S0110,110,10,18,6,4,4,4,4,4,4,0.0005151999648660421,4.299916326999664e-06,2.700020559132099e-06,2.300017513334751e-06,capacity_certificate
S0111,111,10,18,6,4,4,4,4,4,4,0.0005267000524327159,4.00003045797348e-06,3.00002284348011e-06,2.299901098012924e-06,capacity_certificate
S0112,112,10,18,6,3,3,3,3,3,3,0.0007483999943360686,4.399917088449001e-06,3.00002284348011e-06,2.900022082030773e-06,capacity_certificate
S0113,113,10,18,6,3,3,3,3,3,3,0.0007453999714925885,4.00003045797348e-06,2.7999049052596092e-06,2.200016751885414e-06,capacity_certificate
S0114,114,10,18,6,3,3,3,3,3,3,0.0007903999648988247,4.600035026669502e-06,3.00002284348011e-06,2.199900336563587e-06,capacity_certificate
S0115,115,10,18,5,4,4,5,5,4,4,0.0003766000736504793,8.460006210952997e-05,0.0008268000092357397,2.900022082030773e-06,capacity_certificate
S0116,116,10,18,6,3,3,3,3,3,3,0.0007435999577865005,3.900029696524143e-06,2.700020559132099e-06,2.200016751885414e-06,capacity_certificate
S0117,117,10,18,6,3,3,3,3,3,3,0.0008462000405415893,5.399924702942371e-06,2.800021320581436e-06,2.100015990436077e-06,capacity_certificate
S0118,118,10,18,6,3,3,3,3,3,3,0.0008571000071242452,4.500034265220165e-06,2.7999049052596092e-06,2.200016751885414e-06,capacity_certificate
S0119,119,10,18,5,4,4,4,4,4,4,0.00029889994766563177,4.300032742321491e-06,2.8999056667089462e-06,2.200016751885414e-06,capacity_certificate
S0120,120,10,18,5,4,4,4,4,4,4,0.00029859994538128376,3.8000289350748062e-06,2.700020559132099e-06,2.300017513334751e-06,capacity_certificate
S0121,121,10,18,6,3,3,3,3,3,3,0.0009046000195667148,4.09991480410099e-06,2.700020559132099e-06,2.400018274784088e-06,capacity_certificate
S0122,122,10,18,5,4,4,4,4,4,4,0.00039930001366883516,6.09993003308773e-06,3.500026650726795e-06,2.700020559132099e-06,capacity_certificate
S0123,123,10,18,5,4,4,4,4,4,4,0.000547699979506433,3.8000289350748062e-06,2.500019036233425e-06,2.09989957511425e-06,capacity_certificate
S0124,124,10,18,5,4,4,4,4,4,4,0.0002894999925047159,4.100031219422817e-06,2.600019797682762e-06,2.200016751885414e-06,capacity_certificate
S0125,125,10,18,5,4,4,4,4,4,4,0.0006030000513419509,5.300040356814861e-06,2.500019036233425e-06,1.999898813664913e-06,capacity_certificate
S0126,126,10,18,4,5,5,5,5,5,5,0.00033900002017617226,3.400025889277458e-06,2.299901098012924e-06,2.00001522898674e-06,capacity_certificate
S0127,127,10,18,6,3,3,3,3,3,3,0.0007928000995889306,3.7999125197529793e-06,3.00002284348011e-06,2.500019036233425e-06,capacity_certificate
S0128,128,10,18,6,3,3,3,3,3,3,0.0011581000871956348,5.900044925510883e-06,3.400025889277458e-06,2.700020559132099e-06,capacity_certificate
S0129,129,10,18,6,3,3,3,3,3,3,0.0012829999905079603,6.09993003308773e-06,3.600027412176132e-06,2.800021320581436e-06,capacity_certificate
S0130,130,10,18,5,4,4,4,4,4,4,0.0004288000054657459,4.500034265220165e-06,2.800021320581436e-06,2.800021320581436e-06,capacity_certificate
S0131,131,10,18,5,4,4,4,4,4,4,0.00034199992660433054,4.00003045797348e-06,2.900022082030773e-06,2.599903382360935e-06,capacity_certificate
S0132,132,10,18,6,3,3,3,3,3,3,0.0012181999627500772,6.800051778554916e-06,3.899913281202316e-06,2.900022082030773e-06,capacity_certificate
S0133,133,10,18,5,4,4,4,4,4,4,0.00036509998608380556,4.600035026669502e-06,2.900022082030773e-06,2.499902620911598e-06,capacity_certificate
S0134,134,10,18,5,4,4,4,4,4,4,0.0004296000115573406,4.599918611347675e-06,2.700020559132099e-06,2.300017513334751e-06,capacity_certificate
S0135,135,10,18,5,4,4,4,4,4,4,0.00035710004158318043,4.700035788118839e-06,2.800021320581436e-06,2.300017513334751e-06,capacity_certificate
S0136,136,10,18,4,5,5,5,5,5,5,0.00045110005885362625,3.6999117583036423e-06,2.300017513334751e-06,2.400018274784088e-06,capacity_certificate
S0137,137,10,18,6,3,3,3,3,3,3,0.0008406999986618757,4.199915565550327e-06,2.700020559132099e-06,2.300017513334751e-06,capacity_certificate
S0138,138,10,18,5,4,4,4,4,4,4,0.00028439995367079973,3.300025127828121e-06,2.500019036233425e-06,2.100015990436077e-06,capacity_certificate
S0139,139,10,18,5,4,4,4,4,4,4,0.00032279989682137966,3.7999125197529793e-06,2.700020559132099e-06,2.300017513334751e-06,capacity_certificate
S0140,140,10,18,5,4,4,4,4,4,4,0.00035280000884085894,3.6999117583036423e-06,2.600019797682762e-06,2.200016751885414e-06,capacity_certificate
S0141,141,10,18,4,5,5,5,5,5,5,0.0003312000771984458,3.999914042651653e-06,2.500019036233425e-06,2.200016751885414e-06,capacity_certificate
S0142,142,10,18,4,5,5,5,5,5,5,0.0007354000117629766,5.199923180043697e-06,3.00002284348011e-06,2.200016751885414e-06,capacity_certificate
S0143,143,10,18,5,4,4,4,4,4,4,0.00037129991687834263,7.1999384090304375e-06,3.8000289350748062e-06,2.700020559132099e-06,capacity_certificate
S0144,144,10,18,5,4,4,4,4,4,4,0.0006145999068394303,5.499925464391708e-06,3.200024366378784e-06,2.400018274784088e-06,capacity_certificate
S0145,145,10,18,5,4,4,4,4,4,4,0.0005490999901667237,4.500034265220165e-06,2.9999064281582832e-06,2.400018274784088e-06,capacity_certificate
S0146,146,10,18,6,3,3,3,3,3,3,0.0009558999445289373,4.100031219422817e-06,2.900022082030773e-06,2.500019036233425e-06,capacity_certificate
S0147,147,10,18,5,4,4,4,4,4,4,0.0004662999417632818,3.2999087125062943e-06,2.300017513334751e-06,2.00001522898674e-06,capacity_certificate
S0148,148,10,18,4,5,5,5,5,5,5,0.0001650999765843153,2.900022082030773e-06,2.199900336563587e-06,6.820005364716053e-05,capacity_certificate
S0149,149,10,18,4,5,5,5,5,5,5,0.00020499993115663528,4.400033503770828e-06,2.300017513334751e-06,1.7998972907662392e-06,capacity_certificate
S0150,150,10,18,5,4,4,4,4,4,4,0.0005869000451639295,4.700035788118839e-06,2.500019036233425e-06,2.00001522898674e-06,capacity_certificate
S0151,151,10,18,5,4,4,4,4,4,4,0.0004675000673159957,3.400025889277458e-06,2.200016751885414e-06,1.9000144675374031e-06,capacity_certificate
S0152,152,10,18,4,5,5,5,5,5,5,0.00019649998284876347,3.00002284348011e-06,1.999898813664913e-06,1.800013706088066e-06,capacity_certificate
S0153,153,10,18,4,5,5,5,5,5,5,0.00021839991677552462,4.600035026669502e-06,2.6999041438102722e-06,1.9000144675374031e-06,capacity_certificate
S0154,154,10,18,4,5,5,5,5,5,5,0.000229199999012053,3.500026650726795e-06,2.399901859462261e-06,2.300017513334751e-06,capacity_certificate
S0155,155,11,20,6,5,5,5,5,5,5,0.00035509990993887186,5.200039595365524e-06,3.5999109968543053e-06,3.400025889277458e-06,capacity_certificate
S0156,156,11,20,6,5,5,5,5,5,5,0.0005515000084415078,5.300040356814861e-06,4.09991480410099e-06,3.600027412176132e-06,capacity_certificate
S0157,157,11,20,6,4,4,5,5,4,4,0.0004683000734075904,0.00016379996668547392,0.002060399972833693,5.300040356814861e-06,capacity_certificate
S0158,158,11,20,6,4,4,5,5,4,4,0.0005544000305235386,0.00019539997447282076,0.001852500019595027,5.500041879713535e-06,capacity_certificate
S0159,159,11,20,6,4,4,5,5,4,4,0.0006877999985590577,0.00018930004443973303,0.001551999943330884,5.200039595365524e-06,capacity_certificate
S0160,160,11,20,6,4,4,5,5,4,4,0.0005614999681711197,0.0001960000954568386,0.0017886001151055098,5.100038833916187e-06,capacity_certificate
S0161,161,11,20,6,4,4,5,5,4,4,0.0005536000244319439,0.0001759999431669712,0.001765600056387484,4.799920134246349e-06,capacity_certificate
S0162,162,11,20,6,4,4,5,5,4,4,0.0004755000118166208,0.00024309998843818903,0.002016299986280501,5.09992241859436e-06,capacity_certificate
S0163,163,11,20,6,4,4,5,5,4,4,0.0008743000216782093,0.0001810999820008874,0.002386300009675324,5.600042641162872e-06,capacity_certificate
S0164,164,11,20,6,4,4,4,4,4,4,0.0006118000019341707,7.3999399319291115e-06,4.700035788118839e-06,4.100031219422817e-06,capacity_certificate
S0165,165,11,20,6,4,4,4,4,4,4,0.0007206000154837966,7.6000578701496124e-06,5.299923941493034e-06,4.600035026669502e-06,capacity_certificate
S0166,166,11,20,6,4,4,4,4,4,4,0.0008375999750569463,8.399947546422482e-06,5.600042641162872e-06,4.599918611347675e-06,capacity_certificate
S0167,167,11,20,6,4,4,4,4,4,4,0.0009945000056177378,6.900052540004253e-06,4.299916326999664e-06,4.00003045797348e-06,capacity_certificate
S0168,168,11,20,6,4,4,4,4,4,4,0.0006157000316306949,6.5999338403344154e-06,5.00003807246685e-06,4.299916326999664e-06,capacity_certificate
S0169,169,11,20,6,4,4,4,4,4,4,0.0013540999498218298,1.1899974197149277e-05,6.200047209858894e-06,4.630000330507755e-05,capacity_certificate
S0170,170,11,20,5,5,5,5,5,5,5,0.0009785000002011657,7.500057108700275e-06,4.799920134246349e-06,4.00003045797348e-06,capacity_certificate
S0171,171,11,20,6,4,4,4,4,4,4,0.0005725999362766743,6.400048732757568e-06,4.599918611347675e-06,4.200031980872154e-06,capacity_certificate
S0172,172,11,20,6,4,4,4,4,4,4,0.000547999981790781,7.300055585801601e-06,2.659996971487999e-05,3.900029696524143e-06,capacity_certificate
S0173,173,11,20,6,4,4,4,4,4,4,0.0005665000062435865,5.700043402612209e-06,4.199915565550327e-06,3.8000289350748062e-06,capacity_certificate
S0174,174,11,20,6,4,4,4,4,4,4,0.0007663000142201781,7.3999399319291115e-06,4.900037311017513e-06,3.8000289350748062e-06,capacity_certificate
S0175,175,11,20,6,4,4,4,4,4,4,0.0007211000192910433,7.6000578701496124e-06,4.799920134246349e-06,4.100031219422817e-06,capacity_certificate
S0176,176,11,20,5,5,5,5,5,5,5,0.000907599925994873,9.599956683814526e-06,5.400041118264198e-06,4.400033503770828e-06,capacity_certificate
S0177,177,11,20,6,4,4,4,4,4,4,0.000622799969278276,6.4999330788850784e-06,4.700035788118839e-06,4.200031980872154e-06,capacity_certificate
S0178,178,11,20,6,4,4,4,4,4,4,0.0009551000548526645,8.600065484642982e-06,4.499917849898338e-06,3.600027412176132e-06,capacity_certificate
S0179,179,11,20,6,4,4,4,4,4,4,0.0005793001037091017,6.900052540004253e-06,4.599918611347675e-06,3.500026650726795e-06,capacity_certificate
S0180,180,11,20,5,5,5,5,5,5,5,0.00046140002086758614,5.00003807246685e-06,3.400025889277458e-06,3.00002284348011e-06,capacity_certificate
S0181,181,11,20,5,5,5,5,5,5,5,0.0004705999745056033,5.500041879713535e-06,3.700028173625469e-06,3.1999079510569572e-06,capacity_certificate
S0182,182,11,20,6,4,4,4,4,4,4,0.0004914000164717436,5.700043402612209e-06,3.900029696524143e-06,3.5999109968543053e-06,capacity_certificate
S0183,183,11,20,6,4,4,4,4,4,4,0.0009720000671222806,8.400063961744308e-06,5.200039595365524e-06,4.199915565550327e-06,capacity_certificate
S0184,184,11,20,6,4,4,4,4,4,4,0.000896400073543191,7.00005330145359e-06,4.400033503770828e-06,3.2999087125062943e-06,capacity_certificate
S0185,185,11,20,6,4,4,4,4,4,4,0.0007728999480605125,5.100038833916187e-06,3.600027412176132e-06,3.300025127828121e-06,capacity_certificate
S0186,186,11,20,5,5,5,5,5,5,5,0.00029910006560385227,4.800036549568176e-06,3.700028173625469e-06,3.3999094739556313e-06,capacity_certificate
S0187,187,11,20,5,5,5,5,5,5,5,0.000278900028206408,4.400033503770828e-06,3.1999079510569572e-06,2.700020559132099e-06,capacity_certificate
S0188,188,11,20,6,4,4,4,4,4,4,0.0006417999975383282,4.200031980872154e-06,3.100023604929447e-06,2.700020559132099e-06,capacity_certificate
S0189,189,11,20,6,4,4,4,4,4,4,0.0008177999407052994,5.700043402612209e-06,3.300025127828121e-06,2.499902620911598e-06,capacity_certificate
S0190,190,11,20,5,5,5,5,5,5,5,0.0003060000017285347,4.899920895695686e-06,3.00002284348011e-06,2.500019036233425e-06,capacity_certificate
S0191,191,11,20,5,5,5,5,5,5,5,0.00030449999030679464,4.400033503770828e-06,2.9999064281582832e-06,2.500019036233425e-06,capacity_certificate
S0192,192,11,20,5,5,5,5,5,5,5,0.0002797000342980027,3.700028173625469e-06,2.599903382360935e-06,2.200016751885414e-06,capacity_certificate
S0193,193,11,20,6,4,4,5,5,4,4,0.0005262000486254692,0.00012280000373721123,0.0012163999490439892,3.200024366378784e-06,capacity_certificate
S0194,194,11,20,6,4,4,4,4,4,4,0.0005841999081894755,4.500034265220165e-06,3.0999071896076202e-06,2.600019797682762e-06,capacity_certificate
S0195,195,11,20,6,4,4,4,4,4,4,0.0006936000427231193,7.300055585801601e-06,3.700028173625469e-06,2.9999064281582832e-06,capacity_certificate
S0196,196,11,20,6,4,4,4,4,4,4,0.0006868999917060137,5.300040356814861e-06,3.300025127828121e-06,2.900022082030773e-06,capacity_certificate
S0197,197,11,20,6,4,4,4,4,4,4,0.0006278000073507428,4.900037311017513e-06,2.700020559132099e-06,2.400018274784088e-06,capacity_certificate
S0198,198,11,20,6,4,4,4,4,4,4,0.0005626999773085117,3.700028173625469e-06,2.6999041438102722e-06,2.500019036233425e-06,capacity_certificate
S0199,199,11,20,6,4,4,4,4,4,4,0.0007758999709039927,4.200031980872154e-06,2.7999049052596092e-06,2.300017513334751e-06,capacity_certificate
S0200,200,11,20,5,5,5,5,5,5,5,0.0003605999518185854,3.700028173625469e-06,2.700020559132099e-06,2.400018274784088e-06,capacity_certificate
S0201,201,11,20,6,4,4,4,4,4,4,0.0005848999135196209,4.300032742321491e-06,2.6999041438102722e-06,2.400018274784088e-06,capacity_certificate
S0202,202,11,20,6,4,4,4,4,4,4,0.0005720999324694276,4.100031219422817e-06,2.700020559132099e-06,2.300017513334751e-06,capacity_certificate
S0203,203,11,20,6,4,4,4,4,4,4,0.0005865999264642596,3.600027412176132e-06,2.600019797682762e-06,2.400018274784088e-06,capacity_certificate
S0204,204,11,20,6,4,4,4,4,4,4,0.000609799986705184,3.400025889277458e-06,2.700020559132099e-06,2.300017513334751e-06,capacity_certificate
S0205,205,11,20,6,4,4,4,4,4,4,0.000646800035610795,4.899920895695686e-06,3.200024366378784e-06,2.400018274784088e-06,capacity_certificate
S0206,206,11,20,5,5,5,5,5,5,5,0.0005308000836521387,4.09991480410099e-06,2.600019797682762e-06,2.300017513334751e-06,capacity_certificate
S0207,207,11,20,6,4,4,4,4,4,4,0.0007154999766498804,5.800044164061546e-06,3.2999087125062943e-06,2.700020559132099e-06,capacity_certificate
S0208,208,11,20,6,4,4,4,4,4,4,0.0006229000864550471,4.100031219422817e-06,2.700020559132099e-06,2.500019036233425e-06,capacity_certificate
S0209,209,11,20,6,4,4,4,4,4,4,0.00043159991037100554,3.8000289350748062e-06,2.800021320581436e-06,2.200016751885414e-06,capacity_certificate
S0210,210,11,20,5,5,5,5,5,5,5,0.00044029997661709785,3.8000289350748062e-06,2.500019036233425e-06,2.399901859462261e-06,capacity_certificate
S0211,211,11,20,5,5,5,5,5,5,5,0.00043839996214956045,3.900029696524143e-06,2.600019797682762e-06,2.600019797682762e-06,capacity_certificate
S0212,212,11,20,6,4,4,4,4,4,4,0.0006350000621750951,4.09991480410099e-06,3.00002284348011e-06,2.500019036233425e-06,capacity_certificate
S0213,213,11,20,5,5,5,5,5,5,5,0.00040170003194361925,4.09991480410099e-06,2.600019797682762e-06,2.200016751885414e-06,capacity_certificate
S0214,214,11,20,5,5,5,5,5,5,5,0.0006346999434754252,5.500041879713535e-06,2.900022082030773e-06,2.300017513334751e-06,capacity_certificate
S0215,215,11,20,6,4,4,4,4,4,4,0.000842199893668294,4.900037311017513e-06,3.00002284348011e-06,2.199900336563587e-06,capacity_certificate
S0216,216,11,20,5,5,5,5,5,5,5,0.0004734999965876341,3.8000289350748062e-06,2.500019036233425e-06,3.300025127828121e-06,capacity_certificate
S0217,217,11,20,5,5,5,5,5,5,5,0.0005095000378787518,5.900044925510883e-06,3.400025889277458e-06,2.800021320581436e-06,capacity_certificate
S0218,218,11,20,6,4,4,4,4,4,4,0.0006958000594750047,4.300032742321491e-06,2.900022082030773e-06,2.400018274784088e-06,capacity_certificate
S0219,219,11,20,6,4,4,4,4,4,4,0.0007876999443396926,4.300032742321491e-06,2.800021320581436e-06,2.399901859462261e-06,capacity_certificate
S0220,220,11,20,6,4,4,4,4,4,4,0.0006950999377295375,5.399924702942371e-06,3.300025127828121e-06,2.300017513334751e-06,capacity_certificate
S0221,221,11,20,6,4,4,4,4,4,4,0.0006371000781655312,3.8000289350748062e-06,2.700020559132099e-06,2.300017513334751e-06,capacity_certificate
S0222,222,11,20,6,4,4,4,4,4,4,0.0006446999032050371,3.600027412176132e-06,2.800021320581436e-06,2.400018274784088e-06,capacity_certificate
S0223,223,11,20,5,5,5,5,5,5,5,0.00043610006105154753,1.6900012269616127e-05,7.2999391704797745e-06,2.800021320581436e-06,capacity_certificate
S0224,224,11,20,6,4,4,4,4,4,4,0.0006988999666646123,1.8000020645558834e-05,1.2599979527294636e-05,6.500049494206905e-06,capacity_certificate
S0225,225,11,20,6,4,4,4,4,4,4,0.0007514000171795487,4.299916326999664e-06,3.00002284348011e-06,2.600019797682762e-06,capacity_certificate
S0226,226,11,20,6,4,4,4,4,4,4,0.0010500999633222818,5.899928510189056e-06,4.100031219422817e-06,3.200024366378784e-06,capacity_certificate
S0227,227,11,20,5,4,4,5,5,4,4,0.0003872000379487872,0.0001148999435827136,0.0013852000702172518,3.100023604929447e-06,capacity_certificate
S0228,228,11,20,5,4,4,5,5,4,4,0.000340700033120811,0.0001004999503493309,0.0010210999753326178,2.400018274784088e-06,capacity_certificate
S0229,229,11,20,6,4,4,4,4,4,4,0.0008301000343635678,5.200039595365524e-06,2.8999056667089462e-06,2.400018274784088e-06,capacity_certificate
S0230,230,11,20,5,4,4,5,5,4,4,0.0003215000033378601,0.00017310003750026226,0.0014123000437393785,3.1999079510569572e-06,capacity_certificate
S0231,231,11,20,5,4,4,4,4,4,4,0.0006927000358700752,4.100031219422817e-06,2.700020559132099e-06,2.09989957511425e-06,capacity_certificate
S0232,232,11,20,5,4,4,5,5,4,4,0.00030720001086592674,9.049999061971903e-05,0.00094369996804744,3.100023604929447e-06,capacity_certificate
S0233,233,11,20,5,4,4,5,5,4,4,0.0005185999907553196,9.679992217570543e-05,0.0018435000674799085,3.6999117583036423e-06,capacity_certificate
S0234,234,11,20,4,6,6,6,6,6,6,0.0005134000675752759,4.299916326999664e-06,2.900022082030773e-06,2.700020559132099e-06,capacity_certificate
S0235,235,11,20,6,4,4,4,4,4,4,0.0006800999399274588,3.900029696524143e-06,2.900022082030773e-06,2.500019036233425e-06,capacity_certificate
S0236,236,11,20,6,4,4,4,4,4,4,0.0006413999944925308,5.800044164061546e-06,3.3999094739556313e-06,2.200016751885414e-06,capacity_certificate
S0237,237,11,20,6,4,4,4,4,4,4,0.0006785000441595912,3.900029696524143e-06,2.8999056667089462e-06,2.400018274784088e-06,capacity_certificate
S0238,238,11,20,5,4,4,5,5,4,4,0.0003372000064700842,9.739992674440145e-05,0.0012858000118285418,9.599956683814526e-06,capacity_certificate
S0239,239,11,20,5,4,4,5,5,4,4,0.0004151000175625086,0.00010390009265393019,0.0009113000705838203,2.900022082030773e-06,capacity_certificate
S0240,240,11,20,6,4,4,4,4,4,4,0.0007829000242054462,4.500034265220165e-06,3.200024366378784e-06,2.600019797682762e-06,capacity_certificate
S0241,241,11,20,5,4,4,5,5,4,4,0.0003872000379487872,0.00011700007598847151,0.0015857999678701162,5.300040356814861e-06,capacity_certificate
S0242,242,11,20,5,4,4,5,5,4,4,0.00041450001299381256,0.0001249000197276473,0.0012429000344127417,3.200024366378784e-06,capacity_certificate
S0243,243,11,20,5,4,4,5,5,4,4,0.00038109999150037766,9.680003859102726e-05,0.000998699921183288,2.600019797682762e-06,capacity_certificate
S0244,244,11,20,4,5,5,6,6,6,5,0.00036289996933192015,5.9999991208314896e-05,0.00043169991113245487,0.001596700050868094,capacity_certificate
S0245,245,11,20,6,4,4,4,4,4,4,0.0006584000075235963,5.09992241859436e-06,3.100023604929447e-06,2.400018274784088e-06,capacity_certificate
S0246,246,11,20,5,4,4,5,5,4,4,0.00027950003277510405,9.049999061971903e-05,0.0008228999795392156,3.500026650726795e-06,capacity_certificate
S0247,247,11,20,5,4,4,5,5,4,4,0.00031759997364133596,9.770004544407129e-05,0.0008463000413030386,3.4999102354049683e-06,capacity_certificate
S0248,248,11,20,5,4,4,5,5,4,4,0.00033680000342428684,0.0001556000206619501,0.0010101000079885125,4.00003045797348e-06,capacity_certificate
S0249,249,11,20,5,4,4,4,4,4,4,0.0007856000447645783,5.199923180043697e-06,3.200024366378784e-06,2.600019797682762e-06,capacity_certificate
S0250,250,11,20,5,4,4,4,4,4,4,0.0007551000453531742,4.299916326999664e-06,2.900022082030773e-06,2.500019036233425e-06,capacity_certificate
S0251,251,11,20,6,4,4,4,4,4,4,0.0009014001116156578,5.399924702942371e-06,3.900029696524143e-06,3.100023604929447e-06,capacity_certificate
S0252,252,11,20,6,4,4,4,4,4,4,0.0014079000102356076,8.900067768990993e-06,4.800036549568176e-06,3.6999117583036423e-06,capacity_certificate
S0253,253,11,20,6,4,4,4,4,4,4,0.0009602999780327082,6.700051017105579e-06,4.299916326999664e-06,4.100031219422817e-06,capacity_certificate
S0254,254,11,20,5,4,4,5,5,4,4,0.0003991000121459365,0.00012780004180967808,0.0011968000326305628,3.200024366378784e-06,capacity_certificate
S0255,255,11,20,5,4,4,5,5,4,4,0.0005549000343307853,0.000112100038677454,0.0013046000385656953,3.899913281202316e-06,capacity_certificate
S0256,256,11,20,6,4,4,4,4,4,4,0.000902900006622076,5.399924702942371e-06,3.200024366378784e-06,2.600019797682762e-06,capacity_certificate
S0257,257,11,20,5,4,4,5,5,4,4,0.00042719999328255653,0.00011929997708648443,0.001205399981699884,3.8000289350748062e-06,capacity_certificate
S0258,258,11,20,5,4,4,5,5,4,4,0.0004347999347373843,0.00011800008360296488,0.0016163000836968422,4.899920895695686e-06,capacity_certificate
S0259,259,11,20,4,5,5,5,5,5,5,0.0006161999190226197,8.100061677396297e-06,4.599918611347675e-06,3.600027412176132e-06,capacity_certificate
S0260,260,11,20,4,5,5,5,5,5,5,0.0004425999941304326,5.599926225841045e-06,3.700028173625469e-06,3.00002284348011e-06,capacity_certificate
S0261,261,11,20,5,4,4,5,5,4,4,0.0004968000575900078,0.00014430005103349686,0.001806700020097196,4.500034265220165e-06,capacity_certificate
S0262,262,11,20,6,4,4,4,4,4,4,0.0016176000935956836,2.5999965146183968e-05,6.640003994107246e-05,8.09994526207447e-06,capacity_certificate
S0263,263,11,20,5,4,4,5,5,4,4,0.00048429996240884066,0.0001458000624552369,0.0019160999218001962,5.100038833916187e-06,capacity_certificate
S0264,264,11,20,5,4,4,5,5,4,4,0.0005023999838158488,0.00046040001325309277,0.002060800092294812,6.09993003308773e-06,capacity_certificate
S0265,265,11,20,6,4,4,4,4,4,4,0.0012341000838205218,7.200054824352264e-06,4.400033503770828e-06,3.3999094739556313e-06,capacity_certificate
S0266,266,11,20,5,4,4,5,5,4,4,0.0004854999715462327,0.0001351999817416072,0.002021700027398765,4.300032742321491e-06,capacity_certificate
S0267,267,11,20,5,4,4,5,5,4,4,0.0006978999590501189,0.00012260000221431255,0.0015517999418079853,3.400025889277458e-06,capacity_certificate
S0268,268,11,20,5,4,4,5,5,4,4,0.0004737999988719821,0.0001327999634668231,0.002126300008967519,5.400041118264198e-06,capacity_certificate
S0269,269,11,20,4,5,5,5,5,5,5,0.0005304999649524689,6.9999368861317635e-06,3.900029696524143e-06,3.100023604929447e-06,capacity_certificate
S0270,270,11,20,5,4,4,5,5,4,4,0.0005825000116601586,0.00015979993622750044,0.002110700006596744,5.300040356814861e-06,capacity_certificate
S0271,271,11,20,4,5,5,5,5,5,5,0.0007777999853715301,9.600073099136353e-06,5.499925464391708e-06,4.300032742321491e-06,capacity_certificate
S0272,272,11,20,4,5,5,5,5,5,5,0.0005421999376267195,7.00005330145359e-06,3.900029696524143e-06,2.9999064281582832e-06,capacity_certificate
S0273,273,12,22,6,5,5,5,5,5,5,0.0010522999800741673,1.1599971912801266e-05,7.00005330145359e-06,5.399924702942371e-06,capacity_certificate
S0274,274,12,22,6,5,5,5,5,5,5,0.0011295999865978956,2.2000051103532314e-05,1.0699965059757233e-05,4.800036549568176e-06,capacity_certificate
S0275,275,12,22,6,5,5,5,5,5,5,0.0008581000147387385,8.300063200294971e-06,5.09992241859436e-06,4.800036549568176e-06,capacity_certificate
S0276,276,12,22,6,5,5,5,5,5,5,0.0009968000231310725,1.3400102034211159e-05,8.399947546422482e-06,7.70005863159895e-06,capacity_certificate
S0277,277,12,22,6,5,5,5,5,5,5,0.0005211998941376805,7.100054062902927e-06,5.299923941493034e-06,4.600035026669502e-06,capacity_certificate
S0278,278,12,22,6,5,5,5,5,5,5,0.0005371000152081251,6.7999353632330894e-06,5.300040356814861e-06,4.900037311017513e-06,capacity_certificate
S0279,279,12,22,6,5,5,5,5,5,5,0.0008524999720975757,1.1399970389902592e-05,7.1999384090304375e-06,6.100046448409557e-06,capacity_certificate
S0280,280,12,22,6,5,5,5,5,5,5,0.0006881000008434057,8.79995059221983e-06,5.900044925510883e-06,4.899920895695686e-06,capacity_certificate
S0281,281,12,22,6,5,5,5,5,5,5,0.0005669000092893839,6.800051778554916e-06,5.09992241859436e-06,4.500034265220165e-06,capacity_certificate
S0282,282,12,22,6,5,5,5,5,5,5,0.0007753000827506185,6.400048732757568e-06,4.899920895695686e-06,4.400033503770828e-06,capacity_certificate
S0283,283,12,22,6,5,5,5,5,5,5,0.001319900038652122,7.400056347250938e-06,4.600035026669502e-06,3.899913281202316e-06,capacity_certificate
S0284,284,12,22,6,5,5,5,5,5,5,0.0008368999697268009,6.09993003308773e-06,4.200031980872154e-06,3.700028173625469e-06,capacity_certificate
S0285,285,12,22,6,5,5,5,5,5,5,0.0007397999288514256,5.900044925510883e-06,4.499917849898338e-06,3.900029696524143e-06,capacity_certificate
S0286,286,12,22,6,5,5,5,5,5,5,0.0007723000599071383,9.299954399466515e-06,5.100038833916187e-06,4.199915565550327e-06,capacity_certificate
S0287,287,12,22,6,5,5,5,5,5,5,0.0009783999994397163,8.899951353669167e-06,5.00003807246685e-06,3.999914042651653e-06,capacity_certificate
S0288,288,12,22,6,5,5,5,5,5,5,0.0009541000472381711,8.00006091594696e-06,5.299923941493034e-06,4.400033503770828e-06,capacity_certificate
S0289,289,12,22,6,5,5,5,5,5,5,0.0008576000109314919,6.200047209858894e-06,4.700035788118839e-06,4.399917088449001e-06,capacity_certificate
S0290,290,12,22,6,5,5,5,5,5,5,0.0007654000073671341,6.200047209858894e-06,4.700035788118839e-06,4.299916326999664e-06,capacity_certificate
S0291,291,12,22,6,4,4,5,5,4,4,0.0005040999967604876,0.00016900000628083944,0.002449900028295815,4.599918611347675e-06,capacity_certificate
S0292,292,12,22,6,4,4,5,5,4,4,0.000499499961733818,0.00015740003436803818,0.001754899974912405,4.00003045797348e-06,capacity_certificate
S0293,293,12,22,6,4,4,5,5,4,4,0.0004928000271320343,0.00014870008453726768,0.0020803000079467893,4.599918611347675e-06,capacity_certificate
S0294,294,12,22,6,4,4,4,4,4,4,0.0009785000002011657,6.200047209858894e-06,3.999914042651653e-06,3.700028173625469e-06,capacity_certificate
S0295,295,12,22,6,4,4,5,5,4,4,0.0005754000740125775,0.00015909993089735508,0.0019239999819546938,4.100031219422817e-06,capacity_certificate
S0296,296,12,22,6,4,4,5,5,4,4,0.0008126000175252557,0.00019020005129277706,0.00287730002310127,5.09992241859436e-06,capacity_certificate
S0297,297,12,22,5,6,6,6,6,6,6,0.0008050000760704279,7.100054062902927e-06,4.100031219422817e-06,3.2999087125062943e-06,capacity_certificate
S0298,298,12,22,6,4,4,5,5,4,4,0.0005120999412611127,0.0002885999856516719,0.0028162000235170126,5.600042641162872e-06,capacity_certificate
S0299,299,12,22,6,4,4,5,5,4,4,0.0006413999944925308,0.0001996000064536929,0.0026005000108852983,5.900044925510883e-06,capacity_certificate
S0300,300,12,22,6,4,4,5,5,4,4,0.000600299914367497,0.0001824999926611781,0.0022811999078840017,4.900037311017513e-06,capacity_certificate
S0301,301,12,22,6,4,4,5,5,4,4,0.0007059000199660659,0.00020000000949949026,0.003044300014153123,5.100038833916187e-06,capacity_certificate
S0302,302,12,22,6,4,4,5,5,4,4,0.0005582999438047409,0.00016289995983242989,0.002398999989964068,7.900060154497623e-06,capacity_certificate
S0303,303,12,22,5,5,5,6,6,6,5,0.0008917000377550721,0.0001962999813258648,0.001456800033338368,0.006496399990282953,capacity_certificate
S0304,304,12,22,6,4,4,5,5,4,4,0.00042639998719096184,0.00017200002912431955,0.0011950999032706022,3.8000289350748062e-06,capacity_certificate
S0305,305,12,22,6,4,4,5,5,4,4,0.00055570004042238,0.0001474000746384263,0.0021672999719157815,5.09992241859436e-06,capacity_certificate
S0306,306,12,22,6,4,4,5,5,4,4,0.000519599998369813,0.0001631999621167779,0.0013848000671714544,3.900029696524143e-06,capacity_certificate
S0307,307,12,22,6,4,4,4,4,4,4,0.0008354000747203827,4.499917849898338e-06,3.500026650726795e-06,2.700020559132099e-06,capacity_certificate
S0308,308,12,22,6,4,4,4,4,4,4,0.0010010000551119447,5.500041879713535e-06,3.4999102354049683e-06,3.00002284348011e-06,capacity_certificate
S0309,309,12,22,6,4,4,5,5,4,4,0.0008875000057742,0.00013970001600682735,0.001617099973373115,3.8000289350748062e-06,capacity_certificate
S0310,310,12,22,6,4,4,5,5,4,4,0.0004110999871045351,0.00013060006313025951,0.0016911999555304646,3.700028173625469e-06,capacity_certificate
S0311,311,12,22,6,4,4,5,5,4,4,0.000534399994648993,0.00018770003225654364,0.0018725000554695725,4.100031219422817e-06,capacity_certificate
S0312,312,12,22,6,4,4,5,5,4,4,0.0006175000453367829,0.0001596000511199236,0.0024907999904826283,5.899928510189056e-06,capacity_certificate
S0313,313,12,22,5,5,5,5,5,5,5,0.0006693999748677015,8.09994526207447e-06,5.300040356814861e-06,4.09991480410099e-06,capacity_certificate
S0314,314,12,22,5,5,5,5,5,5,5,0.0008000999223440886,7.800059393048286e-06,4.799920134246349e-06,3.900029696524143e-06,capacity_certificate
S0315,315,12,22,6,4,4,5,5,4,4,0.0006880000000819564,0.00021490000654011965,0.00324749993160367,5.900044925510883e-06,capacity_certificate
S0316,316,12,22,6,4,4,5,5,4,4,0.0006087999790906906,0.00020400003995746374,0.0031153999734669924,7.400056347250938e-06,capacity_certificate
S0317,317,12,22,6,4,4,5,5,4,4,0.0008759000338613987,0.00025479996111243963,0.0033446999732404947,6.700051017105579e-06,capacity_certificate
S0318,318,12,22,6,4,4,5,5,4,4,0.0007989999139681458,0.00020670006051659584,0.002878399915061891,5.500041879713535e-06,capacity_certificate
S0319,319,12,22,6,4,4,5,5,4,4,0.0005574000533670187,0.00016549997963011265,0.002686999971047044,5.200039595365524e-06,capacity_certificate
S0320,320,12,22,6,4,4,5,5,4,4,0.0006652000593021512,0.00019419996533542871,0.0025324999587610364,5.400041118264198e-06,capacity_certificate
S0321,321,12,22,5,5,5,5,5,5,5,0.0008622999303042889,8.800067007541656e-06,5.799927748739719e-06,4.800036549568176e-06,capacity_certificate
S0322,322,12,22,6,4,4,5,5,4,4,0.0009349000174552202,0.00024229998234659433,0.003287100000306964,7.3999399319291115e-06,capacity_certificate
S0323,323,12,22,5,5,5,5,5,5,5,0.0009589999681338668,1.379998866468668e-05,7.500057108700275e-06,6.3999323174357414e-06,capacity_certificate
S0324,324,12,22,5,5,5,5,5,5,5,0.0010103000095114112,1.0100076906383038e-05,6.8999361246824265e-06,5.300040356814861e-06,capacity_certificate
S0325,325,12,22,6,5,5,5,5,5,5,0.0011341000208631158,1.7600017599761486e-05,6.800051778554916e-06,5.699926987290382e-06,capacity_certificate
S0326,326,12,22,6,5,5,5,5,5,5,0.0013524999376386404,7.699942216277122e-06,5.600042641162872e-06,4.800036549568176e-06,capacity_certificate
S0327,327,12,22,6,4,4,5,5,4,4,0.0010967999696731567,0.00020819995552301407,0.0024406000738963485,4.999921657145023e-06,capacity_certificate
S0328,328,12,22,6,4,4,5,5,4,4,0.0012529999949038029,0.0002351999282836914,0.003024199977517128,7.70005863159895e-06,capacity_certificate
S0329,329,12,22,6,4,4,5,5,4,4,0.0009473999962210655,0.00023260002490133047,0.0039218999445438385,7.200054824352264e-06,capacity_certificate
S0330,330,12,22,6,4,4,5,5,4,4,0.0011224000481888652,0.00024119997397065163,0.003366100019775331,7.0999376475811005e-06,capacity_certificate
S0331,331,12,22,6,4,4,5,5,4,4,0.0010223999852314591,0.00021769991144537926,0.003421099972911179,6.300047971308231e-06,capacity_certificate
S0332,332,12,22,6,4,4,5,5,4,4,0.0010350000811740756,0.0002297000028192997,0.003208399983122945,6.800051778554916e-06,capacity_certificate
S0333,333,12,22,6,4,4,5,5,4,4,0.0014665999915450811,0.00033359997905790806,0.0031645999988541007,4.599918611347675e-06,capacity_certificate
S0334,334,12,22,6,4,4,4,4,4,4,0.0013274999801069498,1.2699980288743973e-05,7.4999406933784485e-06,5.800044164061546e-06,capacity_certificate
S0335,335,12,22,6,4,4,4,4,4,4,0.0010722000151872635,1.0699965059757233e-05,9.300070814788342e-06,6.5999338403344154e-06,capacity_certificate
S0336,336,12,22,6,4,4,4,4,4,4,0.0010255000088363886,1.3899989426136017e-05,8.899951353669167e-06,7.200054824352264e-06,capacity_certificate
S0337,337,12,22,6,4,4,4,4,4,4,0.0014482999686151743,1.0499963536858559e-05,6.8999361246824265e-06,6.00004568696022e-06,capacity_certificate
S0338,338,12,22,6,4,4,4,4,4,4,0.0009788000024855137,1.2399978004395962e-05,7.300055585801601e-06,5.900044925510883e-06,capacity_certificate
S0339,339,12,22,6,4,4,4,4,4,4,0.0018621999770402908,1.5199999324977398e-05,9.399955160915852e-06,7.6000578701496124e-06,capacity_certificate
S0340,340,12,22,5,5,5,5,5,5,5,0.0016847000224515796,1.0800082236528397e-05,9.599956683814526e-06,6.100046448409557e-06,capacity_certificate
S0341,341,12,22,6,4,4,4,4,4,4,0.0008956999517977238,7.400056347250938e-06,5.899928510189056e-06,4.700035788118839e-06,capacity_certificate
S0342,342,12,22,6,4,4,4,4,4,4,0.0015908998902887106,9.70007386058569e-06,5.599926225841045e-06,4.200031980872154e-06,capacity_certificate
S0343,343,12,22,6,4,4,4,4,4,4,0.0011198000283911824,8.00006091594696e-06,4.899920895695686e-06,3.8000289350748062e-06,capacity_certificate
S0344,344,12,22,6,4,4,4,4,4,4,0.001069099991582334,6.700051017105579e-06,4.600035026669502e-06,3.899913281202316e-06,capacity_certificate
S0345,345,12,22,6,4,4,4,4,4,4,0.0013598999939858913,9.199953638017178e-06,5.800044164061546e-06,4.500034265220165e-06,capacity_certificate
S0346,346,12,22,5,5,5,5,5,5,5,0.0011365999234840274,8.699949830770493e-06,6.00004568696022e-06,5.09992241859436e-06,capacity_certificate
S0347,347,12,22,6,4,4,4,4,4,4,0.0006833999650552869,7.3999399319291115e-06,5.200039595365524e-06,4.200031980872154e-06,capacity_certificate
S0348,348,12,22,6,4,4,4,4,4,4,0.0011463999981060624,7.4999406933784485e-06,5.400041118264198e-06,4.500034265220165e-06,capacity_certificate
S0349,349,12,22,6,4,4,4,4,4,4,0.0016574000474065542,1.1699972674250603e-05,6.5999338403344154e-06,5.400041118264198e-06,capacity_certificate
S0350,350,12,22,5,5,5,5,5,5,5,0.0012060999870300293,9.399955160915852e-06,8.300063200294971e-06,5.299923941493034e-06,capacity_certificate
S0351,351,12,22,5,5,5,5,5,5,5,0.0015124999918043613,9.899958968162537e-06,6.400048732757568e-06,5.09992241859436e-06,capacity_certificate
S0352,352,12,22,6,4,4,4,4,4,4,0.0010620999382808805,1.109996810555458e-05,7.400056347250938e-06,5.900044925510883e-06,capacity_certificate
S0353,353,12,22,6,4,4,4,4,4,4,0.0014592999359592795,8.599949069321156e-06,6.00004568696022e-06,5.399924702942371e-06,capacity_certificate
S0354,354,12,22,6,4,4,4,4,4,4,0.0013276999816298485,8.199946023523808e-06,5.300040356814861e-06,4.800036549568176e-06,capacity_certificate
S0355,355,12,22,6,4,4,4,4,4,4,0.0010589000303298235,6.900052540004253e-06,4.399917088449001e-06,3.8000289350748062e-06,capacity_certificate
S0356,356,12,22,5,5,5,5,5,5,5,0.0008390999864786863,7.900060154497623e-06,5.00003807246685e-06,4.200031980872154e-06,capacity_certificate
S0357,357,12,22,5,5,5,5,5,5,5,0.0009603999787941575,7.100054062902927e-06,5.100038833916187e-06,4.499917849898338e-06,capacity_certificate
S0358,358,12,22,6,4,4,4,4,4,4,0.0013722000876441598,1.279998105019331e-05,6.600050255656242e-06,5.09992241859436e-06,capacity_certificate
S0359,359,12,22,6,4,4,4,4,4,4,0.001909599988721311,8.899951353669167e-06,5.900044925510883e-06,5.09992241859436e-06,capacity_certificate
S0360,360,12,22,5,5,5,5,5,5,5,0.0011389999417588115,7.6000578701496124e-06,4.699919372797012e-06,3.900029696524143e-06,capacity_certificate
S0361,361,12,22,5,5,5,5,5,5,5,0.001188000082038343,8.399947546422482e-06,4.800036549568176e-06,3.600027412176132e-06,capacity_certificate
S0362,362,12,22,5,5,5,5,5,5,5,0.0010117999045178294,7.1999384090304375e-06,4.800036549568176e-06,4.00003045797348e-06,capacity_certificate
S0363,363,12,22,6,4,4,5,5,4,4,0.0010842999909073114,0.00024259998463094234,0.0028649000450968742,5.999929271638393e-06,capacity_certificate
S0364,364,12,22,6,4,4,4,4,4,4,0.0007342000026255846,1.00000761449337e-05,5.499925464391708e-06,4.500034265220165e-06,capacity_certificate
S0365,365,12,22,6,4,4,4,4,4,4,0.0007301999721676111,8.499948307871819e-06,6.100046448409557e-06,4.999921657145023e-06,capacity_certificate
S0366,366,12,22,6,4,4,4,4,4,4,0.0009235000470653176,9.299954399466515e-06,5.900044925510883e-06,5.100038833916187e-06,capacity_certificate
S0367,367,12,22,6,4,4,4,4,4,4,0.0014324999647215009,9.299954399466515e-06,5.800044164061546e-06,4.900037311017513e-06,capacity_certificate
S0368,368,12,22,6,4,4,4,4,4,4,0.000896400073543191,9.499955922365189e-06,9.400071576237679e-06,5.899928510189056e-06,capacity_certificate
S0369,369,12,22,6,4,4,4,4,4,4,0.0017978999530896544,1.9700033590197563e-05,1.079996582120657e-05,9.699957445263863e-06,capacity_certificate
S0370,370,12,22,5,5,5,5,5,5,5,0.0012295000487938523,9.399955160915852e-06,6.500049494206905e-06,5.300040356814861e-06,capacity_certificate
S0371,371,12,22,6,4,4,4,4,4,4,0.0017519999528303742,8.70006624609232e-06,5.400041118264198e-06,4.499917849898338e-06,capacity_certificate
S0372,372,12,22,6,4,4,4,4,4,4,0.0008560999995097518,1.0199961252510548e-05,6.100046448409557e-06,4.799920134246349e-06,capacity_certificate
S0373,373,12,22,6,4,4,4,4,4,4,0.0008170000510290265,8.499948307871819e-06,5.600042641162872e-06,4.600035026669502e-06,capacity_certificate
S0374,374,12,22,6,4,4,4,4,4,4,0.0009030000073835254,1.479999627918005e-05,8.699949830770493e-06,6.600050255656242e-06,capacity_certificate
S0375,375,12,22,6,4,4,4,4,4,4,0.001227300032041967,1.009996049106121e-05,6.300047971308231e-06,5.599926225841045e-06,capacity_certificate
S0376,376,12,22,5,5,5,5,5,5,5,0.0009116999572142959,9.300070814788342e-06,5.699926987290382e-06,4.300032742321491e-06,capacity_certificate
S0377,377,12,22,6,4,4,4,4,4,4,0.0010470999404788017,1.209997572004795e-05,6.200047209858894e-06,5.699926987290382e-06,capacity_certificate
S0378,378,12,22,6,4,4,4,4,4,4,0.0015478000277653337,1.079996582120657e-05,3.370002377778292e-05,5.900044925510883e-06,capacity_certificate
S0379,379,12,22,6,4,4,4,4,4,4,0.0013497000327333808,7.4999406933784485e-06,5.500041879713535e-06,4.600035026669502e-06,capacity_certificate
S0380,380,12,22,5,5,5,5,5,5,5,0.0011331000132486224,8.09994526207447e-06,4.700035788118839e-06,3.600027412176132e-06,capacity_certificate
S0381,381,12,22,5,5,5,5,5,5,5,0.03655079996678978,1.1899974197149277e-05,6.600050255656242e-06,5.499925464391708e-06,capacity_certificate
S0382,382,12,22,6,4,4,4,4,4,4,0.0009562999475747347,9.500072337687016e-06,6.199930794537067e-06,5.500041879713535e-06,capacity_certificate
S0383,383,12,22,5,5,5,5,5,5,5,0.0019238999811932445,1.2399978004395962e-05,7.70005863159895e-06,6.199930794537067e-06,capacity_certificate
S0384,384,12,22,5,5,5,5,5,5,5,0.0016826000064611435,1.379998866468668e-05,8.600065484642982e-06,6.299931555986404e-06,capacity_certificate
S0385,385,12,22,6,4,4,4,4,4,4,0.0025294999359175563,1.9000028260052204e-05,1.1199968867003918e-05,8.399947546422482e-06,capacity_certificate
S0386,386,12,22,5,5,5,5,5,5,5,0.0016692999051883817,1.0300078429281712e-05,6.6999346017837524e-06,6.00004568696022e-06,capacity_certificate
S0387,387,12,22,5,5,5,5,5,5,5,0.002475599991157651,1.200009137392044e-05,7.999944500625134e-06,6.400048732757568e-06,capacity_certificate
S0388,388,12,22,6,4,4,4,4,4,4,0.000977999996393919,9.900075383484364e-06,7.0999376475811005e-06,6.00004568696022e-06,capacity_certificate
S0389,389,12,22,6,4,4,4,4,4,4,0.0008287000237032771,7.800059393048286e-06,5.499925464391708e-06,5.100038833916187e-06,capacity_certificate
S0390,390,12,22,6,4,4,4,4,4,4,0.0007999000372365117,7.70005863159895e-06,5.399924702942371e-06,4.700035788118839e-06,capacity_certificate
S0391,391,12,22,6,4,4,4,4,4,4,0.0008842999814078212,9.199953638017178e-06,5.900044925510883e-06,4.700035788118839e-06,capacity_certificate
S0392,392,12,22,6,4,4,4,4,4,4,0.0006899000145494938,6.09993003308773e-06,4.500034265220165e-06,4.00003045797348e-06,capacity_certificate
S0393,393,12,22,5,5,5,5,5,5,5,0.0009180000051856041,6.600050255656242e-06,5.09992241859436e-06,4.600035026669502e-06,capacity_certificate
S0394,394,12,22,6,4,4,4,4,4,4,0.000937800039537251,8.400063961744308e-06,5.699926987290382e-06,5.00003807246685e-06,capacity_certificate
S0395,395,12,22,6,4,4,4,4,4,4,0.001020899973809719,1.109996810555458e-05,6.8999361246824265e-06,5.200039595365524e-06,capacity_certificate
S0396,396,12,22,6,4,4,4,4,4,4,0.0009362000273540616,8.399947546422482e-06,6.400048732757568e-06,5.09992241859436e-06,capacity_certificate
S0397,397,12,22,5,5,5,5,5,5,5,0.0012811999768018723,1.5099998563528061e-05,6.7999353632330894e-06,5.800044164061546e-06,capacity_certificate
S0398,398,12,22,5,5,5,5,5,5,5,0.00123259995598346,1.0999967344105244e-05,7.100054062902927e-06,5.599926225841045e-06,capacity_certificate
S0399,399,12,22,6,4,4,4,4,4,4,0.0012790999608114362,1.1399970389902592e-05,7.800059393048286e-06,6.5999338403344154e-06,capacity_certificate
S0400,400,12,22,5,5,5,5,5,5,5,0.00164020003285259,1.279998105019331e-05,7.900060154497623e-06,6.199930794537067e-06,capacity_certificate
S0401,401,12,22,5,5,5,5,5,5,5,0.0015969999367371202,9.900075383484364e-06,6.4999330788850784e-06,5.400041118264198e-06,capacity_certificate
S0402,402,12,22,5,5,5,5,5,5,5,0.001028900034725666,8.600065484642982e-06,6.199930794537067e-06,5.300040356814861e-06,capacity_certificate
S0403,403,12,22,5,5,5,5,5,5,5,0.001269300002604723,1.0199961252510548e-05,6.00004568696022e-06,4.599918611347675e-06,capacity_certificate
S0404,404,12,22,4,6,6,6,6,6,6,0.0008483999408781528,7.200054824352264e-06,5.300040356814861e-06,4.199915565550327e-06,capacity_certificate
S0405,405,12,22,6,4,4,4,4,4,4,0.0011600999860092998,1.1499971151351929e-05,7.300055585801601e-06,5.699926987290382e-06,capacity_certificate
S0406,406,12,22,6,4,4,4,4,4,4,0.0014769000699743629,1.98000343516469e-05,9.599956683814526e-06,7.900060154497623e-06,capacity_certificate
S0407,407,12,22,6,4,4,4,4,4,4,0.001011399901472032,8.299946784973145e-06,5.800044164061546e-06,5.400041118264198e-06,capacity_certificate
S0408,408,12,22,5,5,5,5,5,5,5,0.0008292000275105238,8.79995059221983e-06,5.300040356814861e-06,4.299916326999664e-06,capacity_certificate
S0409,409,12,22,5,5,5,5,5,5,5,0.000889900024048984,8.599949069321156e-06,5.900044925510883e-06,4.800036549568176e-06,capacity_certificate
S0410,410,12,22,6,4,4,4,4,4,4,0.0008441999088972807,9.199953638017178e-06,5.500041879713535e-06,4.399917088449001e-06,capacity_certificate
S0411,411,12,22,5,5,5,5,5,5,5,0.0008990999776870012,7.900060154497623e-06,6.09993003308773e-06,5.300040356814861e-06,capacity_certificate
S0412,412,12,22,5,5,5,5,5,5,5,0.001380199915729463,8.199946023523808e-06,5.300040356814861e-06,5.00003807246685e-06,capacity_certificate
S0413,413,12,22,5,5,5,5,5,5,5,0.0011484000133350492,8.499948307871819e-06,5.500041879713535e-06,0.00010179996024817228,capacity_certificate
S0414,414,12,22,5,5,5,5,5,5,5,0.0011995999375358224,6.4999330788850784e-06,5.100038833916187e-06,4.00003045797348e-06,capacity_certificate
S0415,415,12,22,6,4,4,4,4,4,4,0.0007287999615073204,7.300055585801601e-06,5.09992241859436e-06,4.200031980872154e-06,capacity_certificate
S0416,416,12,22,6,4,4,4,4,4,4,0.001165800029411912,3.460003063082695e-05,4.900037311017513e-06,3.6999117583036423e-06,capacity_certificate
S0417,417,12,22,6,4,4,4,4,4,4,0.0010998999932780862,1.2399978004395962e-05,4.800036549568176e-06,4.299916326999664e-06,capacity_certificate
S0418,418,12,22,6,4,4,4,4,4,4,0.0012432000366970897,7.00005330145359e-06,5.600042641162872e-06,4.399917088449001e-06,capacity_certificate
S0419,419,12,22,6,4,4,4,4,4,4,0.001588999992236495,1.0100076906383038e-05,5.999929271638393e-06,5.00003807246685e-06,capacity_certificate
S0420,420,12,22,6,4,4,4,4,4,4,0.0012774000642821193,8.800067007541656e-06,5.599926225841045e-06,4.200031980872154e-06,capacity_certificate
S0421,421,12,22,6,4,4,4,4,4,4,0.001325500081293285,1.1899974197149277e-05,7.6000578701496124e-06,6.299931555986404e-06,capacity_certificate
S0422,422,12,22,6,4,4,4,4,4,4,0.0016289000632241368,1.1999974958598614e-05,8.00006091594696e-06,6.3999323174357414e-06,capacity_certificate
S0423,423,12,22,5,5,5,5,5,5,5,0.000640600104816258,1.0599964298307896e-05,7.400056347250938e-06,6.100046448409557e-06,capacity_certificate
S0424,424,12,22,5,5,5,5,5,5,5,0.0008057999657467008,1.070008147507906e-05,7.239996921271086e-05,1.6200006939470768e-05,capacity_certificate
S0425,425,12,22,5,5,5,5,5,5,5,0.0007337999995797873,1.0499963536858559e-05,6.500049494206905e-06,5.599926225841045e-06,capacity_certificate
S0426,426,12,22,5,5,5,5,5,5,5,0.0013232999481260777,1.3899989426136017e-05,9.900075383484364e-06,7.4999406933784485e-06,capacity_certificate
S0427,427,12,22,5,5,5,5,5,5,5,0.0011097999522462487,6.9999368861317635e-06,5.600042641162872e-06,4.399917088449001e-06,capacity_certificate
S0428,428,12,22,6,4,4,4,4,4,4,0.0015116999857127666,1.5300000086426735e-05,9.299954399466515e-06,6.900052540004253e-06,capacity_certificate
S0429,429,12,22,6,4,4,4,4,4,4,0.001510299975052476,8.900067768990993e-06,6.400048732757568e-06,5.500041879713535e-06,capacity_certificate
S0430,430,12,22,6,4,4,4,4,4,4,0.001716800034046173,1.1699972674250603e-05,7.900060154497623e-06,6.3999323174357414e-06,capacity_certificate
S0431,431,12,22,6,4,4,4,4,4,4,0.0014786000829190016,8.899951353669167e-06,6.00004568696022e-06,5.500041879713535e-06,capacity_certificate
S0432,432,12,22,6,4,4,4,4,4,4,0.0015032000374048948,9.900075383484364e-06,5.999929271638393e-06,4.800036549568176e-06,capacity_certificate
S0433,433,12,22,5,5,5,5,5,5,5,0.0007194000063464046,7.0999376475811005e-06,4.700035788118839e-06,3.899913281202316e-06,capacity_certificate
S0434,434,12,22,5,5,5,5,5,5,5,0.0005675000138580799,6.500049494206905e-06,4.699919372797012e-06,4.300032742321491e-06,capacity_certificate
S0435,435,12,22,6,4,4,4,4,4,4,0.0010098000057041645,5.199923180043697e-06,3.8000289350748062e-06,3.400025889277458e-06,capacity_certificate
S0436,436,12,22,5,5,5,5,5,5,5,0.0004293000092729926,4.400033503770828e-06,3.700028173625469e-06,3.300025127828121e-06,capacity_certificate
S0437,437,12,22,5,5,5,5,5,5,5,0.0003789999755099416,4.00003045797348e-06,3.200024366378784e-06,2.599903382360935e-06,capacity_certificate
S0438,438,12,22,5,5,5,5,5,5,5,0.00039039994589984417,4.00003045797348e-06,3.100023604929447e-06,2.6999041438102722e-06,capacity_certificate
S0439,439,12,22,4,6,6,6,6,6,6,0.00030889990739524364,5.00003807246685e-06,2.7999049052596092e-06,2.300017513334751e-06,capacity_certificate
S0440,440,12,22,5,5,5,5,5,5,5,0.0003279000520706177,5.699926987290382e-06,3.100023604929447e-06,2.400018274784088e-06,capacity_certificate
S0441,441,12,22,5,5,5,5,5,5,5,0.0003501999890431762,4.500034265220165e-06,2.800021320581436e-06,2.6999041438102722e-06,capacity_certificate
S0442,442,12,22,5,5,5,5,5,5,5,0.0005128999473527074,4.100031219422817e-06,2.800021320581436e-06,2.500019036233425e-06,capacity_certificate
S0443,443,12,22,5,5,5,5,5,5,5,0.0004981000674888492,3.5999109968543053e-06,2.700020559132099e-06,2.300017513334751e-06,capacity_certificate
S0444,444,12,22,6,4,4,4,4,4,4,0.00076149997767061,4.100031219422817e-06,2.900022082030773e-06,2.600019797682762e-06,capacity_certificate
S0445,445,12,22,6,4,4,4,4,4,4,0.0010276999091729522,6.500049494206905e-06,3.899913281202316e-06,3.900029696524143e-06,capacity_certificate
S0446,446,12,22,5,5,5,5,5,5,5,0.0004904000088572502,5.500041879713535e-06,3.3999094739556313e-06,2.800021320581436e-06,capacity_certificate
S0447,447,12,22,6,4,4,4,4,4,4,0.0008084999863058329,4.999921657145023e-06,3.8000289350748062e-06,3.500026650726795e-06,capacity_certificate
S0448,448,12,22,5,5,5,5,5,5,5,0.00035069999285042286,3.8000289350748062e-06,2.900022082030773e-06,2.499902620911598e-06,capacity_certificate
S0449,449,12,22,6,4,4,4,4,4,4,0.0007072999142110348,3.700028173625469e-06,3.00002284348011e-06,2.500019036233425e-06,capacity_certificate
S0450,450,12,22,5,5,5,5,5,5,5,0.0005535000236704946,6.8999361246824265e-06,3.500026650726795e-06,2.600019797682762e-06,capacity_certificate
S0451,451,12,22,6,4,4,4,4,4,4,0.0008154999231919646,5.899928510189056e-06,3.200024366378784e-06,2.600019797682762e-06,capacity_certificate
S0452,452,12,22,6,4,4,4,4,4,4,0.0007431999547407031,5.800044164061546e-06,3.3999094739556313e-06,2.700020559132099e-06,capacity_certificate
S0453,453,12,22,6,4,4,4,4,4,4,0.0007229000329971313,4.300032742321491e-06,2.8999056667089462e-06,2.600019797682762e-06,capacity_certificate
S0454,454,12,22,5,5,5,5,5,5,5,0.00032899994403123856,3.8000289350748062e-06,2.800021320581436e-06,2.500019036233425e-06,capacity_certificate
S0455,455,12,22,5,5,5,5,5,5,5,0.0003581999335438013,3.8000289350748062e-06,2.900022082030773e-06,2.600019797682762e-06,capacity_certificate
S0456,456,12,22,6,4,4,4,4,4,4,0.0008268000092357397,4.500034265220165e-06,3.400025889277458e-06,3.200024366378784e-06,capacity_certificate
S0457,457,12,22,5,5,5,5,5,5,5,0.0004325000336393714,5.800044164061546e-06,3.6999117583036423e-06,3.00002284348011e-06,capacity_certificate
S0458,458,12,22,5,5,5,5,5,5,5,0.0006952999392524362,9.26000066101551e-05,8.499948307871819e-06,3.600027412176132e-06,capacity_certificate
S0459,459,12,22,5,5,5,5,5,5,5,0.0006710001034662127,7.800059393048286e-06,4.600035026669502e-06,3.3999094739556313e-06,capacity_certificate
S0460,460,12,22,5,5,5,5,5,5,5,0.0008795999456197023,7.2999391704797745e-06,4.300032742321491e-06,3.500026650726795e-06,capacity_certificate
S0461,461,12,22,4,6,6,6,6,6,6,0.0004552999744191766,5.600042641162872e-06,3.6999117583036423e-06,3.200024366378784e-06,capacity_certificate
S0462,462,12,22,6,4,4,4,4,4,4,0.001400599954649806,8.200062438845634e-06,4.999921657145023e-06,3.900029696524143e-06,capacity_certificate
S0463,463,12,22,5,5,5,5,5,5,5,0.00066840008366853,8.300063200294971e-06,4.900037311017513e-06,3.7999125197529793e-06,capacity_certificate
S0464,464,12,22,5,5,5,5,5,5,5,0.0005014999769628048,5.200039595365524e-06,4.100031219422817e-06,3.2999087125062943e-06,capacity_certificate
S0465,465,12,22,5,5,5,5,5,5,5,0.0005005999701097608,4.900037311017513e-06,3.600027412176132e-06,3.2999087125062943e-06,capacity_certificate
S0466,466,12,22,4,6,6,6,6,6,6,0.00041480001527816057,9.499955922365189e-06,3.8000289350748062e-06,3.300025127828121e-06,capacity_certificate
S0467,467,12,22,5,5,5,5,5,5,5,0.0005095000378787518,6.300047971308231e-06,5.019991658627987e-05,3.600027412176132e-06,capacity_certificate
S0468,468,12,22,5,5,5,5,5,5,5,0.0006626000395044684,5.399924702942371e-06,3.700028173625469e-06,2.800021320581436e-06,capacity_certificate
S0469,469,12,22,5,5,5,5,5,5,5,0.0007834000280126929,3.260001540184021e-05,2.2799940779805183e-05,4.500034265220165e-06,capacity_certificate
S0470,470,12,22,4,6,6,6,6,6,6,0.0002749999985098839,5.09992241859436e-06,3.400025889277458e-06,2.800021320581436e-06,capacity_certificate
S0471,471,12,22,4,6,6,6,6,6,6,0.00026789994444698095,4.500034265220165e-06,3.1999079510569572e-06,2.700020559132099e-06,capacity_certificate
S0472,472,12,22,4,6,6,6,6,6,6,0.00035989994648844004,5.700043402612209e-06,3.700028173625469e-06,3.2999087125062943e-06,capacity_certificate
S0473,473,13,24,6,6,6,6,6,6,6,0.0011208000360056758,7.00005330145359e-06,4.500034265220165e-06,4.199915565550327e-06,capacity_certificate
S0474,474,13,24,6,5,5,6,6,6,5,0.0007312999805435538,0.00025679997634142637,0.0014915000647306442,0.009463800000958145,capacity_certificate
S0475,475,13,24,6,5,5,5,5,5,5,0.0005400000372901559,8.70006624609232e-06,4.299916326999664e-06,3.400025889277458e-06,capacity_certificate
S0476,476,13,24,6,5,5,5,5,5,5,0.0005286000669002533,4.700035788118839e-06,3.600027412176132e-06,3.200024366378784e-06,capacity_certificate
S0477,477,13,24,6,5,5,5,5,5,5,0.000532899983227253,4.599918611347675e-06,3.8000289350748062e-06,3.300025127828121e-06,capacity_certificate
S0478,478,13,24,6,5,5,5,5,5,5,0.0005494999932125211,4.700035788118839e-06,3.5999109968543053e-06,3.300025127828121e-06,capacity_certificate
S0479,479,13,24,6,5,5,5,5,5,5,0.0005379000212997198,4.500034265220165e-06,3.700028173625469e-06,3.300025127828121e-06,capacity_certificate
S0480,480,13,24,6,5,5,5,5,5,5,0.0011137999827042222,7.4999406933784485e-06,4.700035788118839e-06,3.900029696524143e-06,capacity_certificate
S0481,481,13,24,6,5,5,5,5,5,5,0.0009347000159323215,5.800044164061546e-06,4.599918611347675e-06,3.900029696524143e-06,capacity_certificate
S0482,482,13,24,6,5,5,5,5,5,5,0.0011343000223860145,1.1300086043775082e-05,1.1499971151351929e-05,8.699949830770493e-06,capacity_certificate
S0483,483,13,24,6,5,5,5,5,5,5,0.0012832999927923083,9.599956683814526e-06,6.400048732757568e-06,5.899928510189056e-06,capacity_certificate
S0484,484,13,24,6,5,5,5,5,5,5,0.0017954000504687428,1.1399970389902592e-05,7.200054824352264e-06,5.699926987290382e-06,capacity_certificate
S0485,485,13,24,6,5,5,5,5,5,5,0.0015130999963730574,9.7999582067132e-06,7.100054062902927e-06,5.999929271638393e-06,capacity_certificate
S0486,486,13,24,6,5,5,5,5,5,5,0.001799900084733963,1.179997343569994e-05,7.899943739175797e-06,6.600050255656242e-06,capacity_certificate
S0487,487,13,24,6,5,5,5,5,5,5,0.0016430000541731715,9.70007386058569e-06,6.9999368861317635e-06,5.700043402612209e-06,capacity_certificate
S0488,488,13,24,6,5,5,5,5,5,5,0.0015740999951958656,1.1100084520876408e-05,6.7999353632330894e-06,5.700043402612209e-06,capacity_certificate
S0489,489,13,24,6,5,5,5,5,5,5,0.0014557000249624252,1.0999967344105244e-05,7.800059393048286e-06,6.7999353632330894e-06,capacity_certificate
S0490,490,13,24,6,5,5,5,5,5,5,0.001236199983395636,9.899958968162537e-06,7.2999391704797745e-06,6.00004568696022e-06,capacity_certificate
S0491,491,13,24,6,5,5,5,5,5,5,0.0017519000684842467,1.0999967344105244e-05,7.4999406933784485e-06,6.600050255656242e-06,capacity_certificate
S0492,492,13,24,6,5,5,5,5,5,5,0.0015258000930771232,8.09994526207447e-06,5.700043402612209e-06,5.00003807246685e-06,capacity_certificate
S0493,493,13,24,6,5,5,5,5,5,5,0.0012876999098807573,1.3199984095990658e-05,6.800051778554916e-06,5.599926225841045e-06,capacity_certificate
S0494,494,13,24,6,5,5,5,5,5,5,0.0011038000229746103,7.1999384090304375e-06,4.800036549568176e-06,4.100031219422817e-06,capacity_certificate
S0495,495,13,24,6,5,5,5,5,5,5,0.0008911999175325036,4.700035788118839e-06,3.999914042651653e-06,3.400025889277458e-06,capacity_certificate
S0496,496,13,24,6,5,5,5,5,5,5,0.0012525999918580055,6.00004568696022e-06,3.700028173625469e-06,3.0999071896076202e-06,capacity_certificate
S0497,497,13,24,6,5,5,5,5,5,5,0.000788699951954186,5.800044164061546e-06,4.299916326999664e-06,3.8000289350748062e-06,capacity_certificate
S0498,498,13,24,6,5,5,5,5,5,5,0.0007587999571114779,6.400048732757568e-06,4.600035026669502e-06,3.999914042651653e-06,capacity_certificate
S0499,499,13,24,6,5,5,5,5,5,5,0.000759500078856945,4.800036549568176e-06,3.8000289350748062e-06,3.2999087125062943e-06,capacity_certificate
S0500,500,13,24,6,5,5,5,5,5,5,0.000699399970471859,6.8999361246824265e-06,4.300032742321491e-06,3.500026650726795e-06,capacity_certificate
S0501,501,13,24,6,5,5,5,5,5,5,0.001025900011882186,5.500041879713535e-06,4.199915565550327e-06,3.600027412176132e-06,capacity_certificate
S0502,502,13,24,6,5,5,5,5,5,5,0.0009116999572142959,6.800051778554916e-06,4.599918611347675e-06,4.00003045797348e-06,capacity_certificate
S0503,503,13,24,6,5,5,5,5,5,5,0.0012959999730810523,8.299946784973145e-06,5.600042641162872e-06,4.899920895695686e-06,capacity_certificate
S0504,504,13,24,5,6,6,6,6,6,6,0.001072299899533391,9.600073099136353e-06,5.899928510189056e-06,4.900037311017513e-06,capacity_certificate
S0505,505,13,24,6,5,5,5,5,5,5,0.0009581999620422721,7.900060154497623e-06,6.3999323174357414e-06,0.00017440004739910364,capacity_certificate
S0506,506,13,24,6,5,5,5,5,5,5,0.000834000064060092,8.09994526207447e-06,5.200039595365524e-06,4.200031980872154e-06,capacity_certificate
S0507,507,13,24,6,5,5,5,5,5,5,0.000771000050008297,5.300040356814861e-06,4.400033503770828e-06,3.5999109968543053e-06,capacity_certificate
S0508,508,13,24,6,5,5,5,5,5,5,0.0006853999802842736,4.500034265220165e-06,3.700028173625469e-06,3.2999087125062943e-06,capacity_certificate
S0509,509,13,24,6,5,5,5,5,5,5,0.0006565999938175082,4.500034265220165e-06,3.600027412176132e-06,3.1999079510569572e-06,capacity_certificate
S0510,510,13,24,6,5,5,5,5,5,5,0.0011243000626564026,8.499948307871819e-06,5.900044925510883e-06,3.8000289350748062e-06,capacity_certificate
S0511,511,13,24,6,5,5,5,5,5,5,0.0004008000250905752,6.09993003308773e-06,4.100031219422817e-06,3.200024366378784e-06,capacity_certificate
S0512,512,13,24,6,5,5,5,5,5,5,0.0004010000266134739,4.799920134246349e-06,3.600027412176132e-06,1.1299969628453255e-05,capacity_certificate
S0513,513,13,24,6,5,5,5,5,5,5,0.0003971999976783991,4.600035026669502e-06,3.5999109968543053e-06,3.100023604929447e-06,capacity_certificate
S0514,514,13,24,6,5,5,5,5,5,5,0.000633200048469007,4.700035788118839e-06,3.8000289350748062e-06,3.200024366378784e-06,capacity_certificate
S0515,515,13,24,6,5,5,5,5,5,5,0.0006702999817207456,5.00003807246685e-06,4.100031219422817e-06,3.3999094739556313e-06,capacity_certificate
S0516,516,13,24,6,5,5,5,5,5,5,0.0008744000224396586,1.2499978765845299e-05,1.8099904991686344e-05,6.500049494206905e-06,capacity_certificate
S0517,517,13,24,6,5,5,5,5,5,5,0.0005583999445661902,7.3999399319291115e-06,5.100038833916187e-06,4.09991480410099e-06,capacity_certificate
S0518,518,13,24,6,5,5,5,5,5,5,0.0005677000153809786,6.3999323174357414e-06,4.900037311017513e-06,4.200031980872154e-06,capacity_certificate
S0519,519,13,24,6,5,5,5,5,5,5,0.0006656999466940761,6.700051017105579e-06,5.199923180043697e-06,4.900037311017513e-06,capacity_certificate
S0520,520,13,24,6,5,5,5,5,5,5,0.0008450000314041972,7.500057108700275e-06,5.799927748739719e-06,5.300040356814861e-06,capacity_certificate
S0521,521,13,24,5,6,6,6,6,6,6,0.0006845000898465514,8.800067007541656e-06,6.199930794537067e-06,5.200039595365524e-06,capacity_certificate
S0522,522,13,24,6,5,5,5,5,5,5,0.0007292999653145671,8.70006624609232e-06,6.09993003308773e-06,5.600042641162872e-06,capacity_certificate
S0523,523,13,24,6,5,5,5,5,5,5,0.0008091999916359782,9.899958968162537e-06,7.200054824352264e-06,6.6999346017837524e-06,capacity_certificate
S0524,524,13,24,6,5,5,5,5,5,5,0.0016840999014675617,1.079996582120657e-05,7.899943739175797e-06,6.200047209858894e-06,capacity_certificate
S0525,525,13,24,6,5,5,5,5,5,5,0.0012020999565720558,8.999952115118504e-06,6.600050255656242e-06,5.700043402612209e-06,capacity_certificate
S0526,526,13,24,6,5,5,5,5,5,5,0.0007806000066921115,8.999952115118504e-06,6.600050255656242e-06,1.7399899661540985e-05,capacity_certificate
S0527,527,13,24,6,5,5,5,5,5,5,0.0007256000535562634,9.70007386058569e-06,6.5999338403344154e-06,5.500041879713535e-06,capacity_certificate
S0528,528,13,24,6,5,5,5,5,5,5,0.00105339998845011,8.599949069321156e-06,6.200047209858894e-06,5.199923180043697e-06,capacity_certificate
S0529,529,13,24,6,5,5,5,5,5,5,0.0007117000641301274,6.700051017105579e-06,5.300040356814861e-06,4.599918611347675e-06,capacity_certificate
S0530,530,13,24,6,5,5,5,5,5,5,0.000650899950414896,6.5999338403344154e-06,5.300040356814861e-06,4.600035026669502e-06,capacity_certificate
S0531,531,13,24,6,5,5,5,5,5,5,0.0008185000624507666,6.800051778554916e-06,4.499917849898338e-06,4.00003045797348e-06,capacity_certificate
S0532,532,13,24,6,5,5,5,5,5,5,0.0008129000198096037,6.00004568696022e-06,4.200031980872154e-06,3.2999087125062943e-06,capacity_certificate
S0533,533,13,24,6,5,5,5,5,5,5,0.0005447000730782747,5.599926225841045e-06,4.700035788118839e-06,3.700028173625469e-06,capacity_certificate
S0534,534,13,24,6,5,5,5,5,5,5,0.001117900013923645,8.199946023523808e-06,5.100038833916187e-06,4.300032742321491e-06,capacity_certificate
S0535,535,13,24,5,6,6,6,6,6,6,0.0006763000274077058,1.1599971912801266e-05,6.00004568696022e-06,4.600035026669502e-06,capacity_certificate
S0536,536,13,24,6,5,5,5,5,5,5,0.0008653999539092183,9.100069291889668e-06,6.09993003308773e-06,5.100038833916187e-06,capacity_certificate
S0537,537,13,24,6,5,5,5,5,5,5,0.0007022999925538898,6.8999361246824265e-06,5.00003807246685e-06,4.600035026669502e-06,capacity_certificate
S0538,538,13,24,6,5,5,5,5,5,5,0.000631400034762919,7.100054062902927e-06,5.200039595365524e-06,4.199915565550327e-06,capacity_certificate
S0539,539,13,24,5,6,6,6,6,6,6,0.0006073000840842724,6.900052540004253e-06,5.00003807246685e-06,4.399917088449001e-06,capacity_certificate
S0540,540,13,24,6,5,5,5,5,5,5,0.0008798000635579228,2.4799956008791924e-05,7.00005330145359e-06,5.399924702942371e-06,capacity_certificate
S0541,541,13,24,6,5,5,5,5,5,5,0.001214299933053553,8.09994526207447e-06,6.100046448409557e-06,5.199923180043697e-06,capacity_certificate
S0542,542,13,24,6,5,5,5,5,5,5,0.0014949999749660492,1.0800082236528397e-05,7.1999384090304375e-06,5.900044925510883e-06,capacity_certificate
S0543,543,13,24,5,6,6,6,6,6,6,0.00070980004966259,1.1899974197149277e-05,7.79994297772646e-06,6.100046448409557e-06,capacity_certificate
S0544,544,13,24,5,6,6,6,6,6,6,0.0004781000316143036,6.900052540004253e-06,5.299923941493034e-06,5.00003807246685e-06,capacity_certificate
S0545,545,13,24,5,6,6,6,6,6,6,0.000521100009791553,7.79994297772646e-06,6.200047209858894e-06,5.499925464391708e-06,capacity_certificate
S0546,546,13,24,6,5,5,5,5,5,5,0.00226690003182739,1.1699972674250603e-05,8.200062438845634e-06,6.7999353632330894e-06,capacity_certificate
S0547,547,13,24,6,5,5,5,5,5,5,0.002166599966585636,1.2599979527294636e-05,8.499948307871819e-06,7.100054062902927e-06,capacity_certificate
S0548,548,13,24,6,5,5,5,5,5,5,0.002310300013050437,2.529995981603861e-05,1.2800097465515137e-05,7.2999391704797745e-06,capacity_certificate
S0549,549,13,24,6,5,5,5,5,5,5,0.0015784000279381871,9.70007386058569e-06,6.5999338403344154e-06,5.700043402612209e-06,capacity_certificate
S0550,550,13,24,6,5,5,5,5,5,5,0.0011184000177308917,8.699949830770493e-06,7.100054062902927e-06,6.199930794537067e-06,capacity_certificate
S0551,551,13,24,6,5,5,5,5,5,5,0.0015412999782711267,8.699949830770493e-06,5.400041118264198e-06,4.799920134246349e-06,capacity_certificate
S0552,552,13,24,6,5,5,5,5,5,5,0.0010973000898957253,8.199946023523808e-06,6.500049494206905e-06,5.600042641162872e-06,capacity_certificate
S0553,553,13,24,6,5,5,5,5,5,5,0.0012263000244274735,8.100061677396297e-06,5.999929271638393e-06,5.400041118264198e-06,capacity_certificate
S0554,554,13,24,6,5,5,5,5,5,5,0.0013405000790953636,1.0299962013959885e-05,7.200054824352264e-06,6.199930794537067e-06,capacity_certificate
S0555,555,13,24,6,5,5,5,5,5,5,0.0012436999240890145,1.2499978765845299e-05,7.0999376475811005e-06,5.600042641162872e-06,capacity_certificate
S0556,556,13,24,6,5,5,5,5,5,5,0.0022060999181121588,1.1100084520876408e-05,6.6999346017837524e-06,5.500041879713535e-06,capacity_certificate
S0557,557,13,24,6,5,5,5,5,5,5,0.0016558000352233648,9.199953638017178e-06,6.00004568696022e-06,4.500034265220165e-06,capacity_certificate
S0558,558,13,24,6,5,5,5,5,5,5,0.0012932999525219202,6.4999330788850784e-06,4.200031980872154e-06,3.700028173625469e-06,capacity_certificate
S0559,559,13,24,6,5,5,5,5,5,5,0.001018799957819283,6.100046448409557e-06,4.299916326999664e-06,3.8000289350748062e-06,capacity_certificate
S0560,560,13,24,6,5,5,5,5,5,5,0.0011932000052183867,7.3999399319291115e-06,4.700035788118839e-06,3.899913281202316e-06,capacity_certificate
S0561,561,13,24,6,5,5,5,5,5,5,0.0010244000004604459,5.700043402612209e-06,3.900029696524143e-06,3.5999109968543053e-06,capacity_certificate
S0562,562,13,24,6,5,5,5,5,5,5,0.0009904000908136368,6.300047971308231e-06,4.00003045797348e-06,3.4999102354049683e-06,capacity_certificate
S0563,563,13,24,6,5,5,5,5,5,5,0.0008608000352978706,5.899928510189056e-06,3.8000289350748062e-06,3.00002284348011e-06,capacity_certificate
S0564,564,13,24,6,5,5,5,5,5,5,0.000686999992467463,4.299916326999664e-06,3.300025127828121e-06,2.800021320581436e-06,capacity_certificate
S0565,565,13,24,6,5,5,5,5,5,5,0.0006844999734312296,4.800036549568176e-06,3.5999109968543053e-06,3.300025127828121e-06,capacity_certificate
S0566,566,13,24,6,5,5,5,5,5,5,0.0007330999942496419,6.500049494206905e-06,4.899920895695686e-06,4.200031980872154e-06,capacity_certificate
S0567,567,13,24,6,5,5,5,5,5,5,0.0011382000520825386,6.5999338403344154e-06,4.200031980872154e-06,3.600027412176132e-06,capacity_certificate
S0568,568,13,24,6,5,5,5,5,5,5,0.0009419999551028013,7.100054062902927e-06,4.600035026669502e-06,4.09991480410099e-06,capacity_certificate
S0569,569,13,24,6,5,5,5,5,5,5,0.001107499934732914,5.300040356814861e-06,3.8000289350748062e-06,3.300025127828121e-06,capacity_certificate
S0570,570,13,24,5,6,6,6,6,6,6,0.0008274000138044357,5.199923180043697e-06,3.300025127828121e-06,2.900022082030773e-06,capacity_certificate
S0571,571,13,24,6,5,5,5,5,5,5,0.0008455000352114439,6.300047971308231e-06,3.6999117583036423e-06,3.00002284348011e-06,capacity_certificate
S0572,572,13,24,6,5,5,5,5,5,5,0.0007265000604093075,7.1999384090304375e-06,3.8000289350748062e-06,3.200024366378784e-06,capacity_certificate
S0573,573,13,24,6,5,5,5,5,5,5,0.0007028999971225858,4.400033503770828e-06,3.500026650726795e-06,2.9999064281582832e-06,capacity_certificate
S0574,574,13,24,6,5,5,5,5,5,5,0.0007149999728426337,4.700035788118839e-06,3.6999117583036423e-06,3.100023604929447e-06,capacity_certificate
S0575,575,13,24,6,5,5,5,5,5,5,0.0008518999675288796,5.100038833916187e-06,4.00003045797348e-06,3.4999102354049683e-06,capacity_certificate
S0576,576,13,24,5,6,6,6,6,6,6,0.02055450004991144,1.1599971912801266e-05,7.200054824352264e-06,5.199923180043697e-06,capacity_certificate
S0577,577,13,24,6,5,5,5,5,5,5,0.0015394999645650387,1.0200077667832375e-05,5.799927748739719e-06,4.800036549568176e-06,capacity_certificate
S0578,578,13,24,6,5,5,5,5,5,5,0.0013765000039711595,9.399955160915852e-06,5.700043402612209e-06,4.899920895695686e-06,capacity_certificate
S0579,579,13,24,6,5,5,5,5,5,5,0.0012722999090328813,7.800059393048286e-06,5.700043402612209e-06,5.09992241859436e-06,capacity_certificate
S0580,580,13,24,6,5,5,5,5,5,5,0.0020218000281602144,1.0900082997977734e-05,6.9999368861317635e-06,5.800044164061546e-06,capacity_certificate
S0581,581,13,24,6,5,5,5,5,5,5,0.0015780999092385173,7.2999391704797745e-06,5.400041118264198e-06,4.599918611347675e-06,capacity_certificate
S0582,582,13,24,6,5,5,5,5,5,5,0.0011499000247567892,7.900060154497623e-06,4.999921657145023e-06,4.200031980872154e-06,capacity_certificate
S0583,583,13,24,6,5,5,5,5,5,5,0.0008985999738797545,1.71000137925148e-05,4.400033503770828e-06,3.999914042651653e-06,capacity_certificate
S0584,584,13,24,6,5,5,5,5,5,5,0.0009852999355643988,8.100061677396297e-06,5.799927748739719e-06,4.400033503770828e-06,capacity_certificate
S0585,585,13,24,6,5,5,5,5,5,5,0.0014256000285968184,7.100054062902927e-06,5.199923180043697e-06,4.800036549568176e-06,capacity_certificate
S0586,586,13,24,5,6,6,6,6,6,6,0.0012638999614864588,9.7999582067132e-06,5.800044164061546e-06,4.700035788118839e-06,capacity_certificate
S0587,587,13,24,5,6,6,6,6,6,6,0.0011893999762833118,9.699957445263863e-06,6.300047971308231e-06,5.199923180043697e-06,capacity_certificate
S0588,588,13,24,6,5,5,5,5,5,5,0.001447899965569377,8.400063961744308e-06,6.5999338403344154e-06,6.100046448409557e-06,capacity_certificate
S0589,589,13,24,6,5,5,5,5,5,5,0.0013486999087035656,9.200070053339005e-06,6.299931555986404e-06,4.900037311017513e-06,capacity_certificate
S0590,590,13,24,6,5,5,5,5,5,5,0.0012147000525146723,9.199953638017178e-06,6.800051778554916e-06,5.699926987290382e-06,capacity_certificate
S0591,591,13,24,6,5,5,5,5,5,5,0.0021373999770730734,1.4999997802078724e-05,9.300070814788342e-06,7.899943739175797e-06,capacity_certificate
S0592,592,13,24,6,5,5,5,5,5,5,0.001509399968199432,1.0299962013959885e-05,7.200054824352264e-06,5.900044925510883e-06,capacity_certificate
S0593,593,13,24,6,5,5,5,5,5,5,0.001993199926801026,1.3499986380338669e-05,9.200070053339005e-06,6.7999353632330894e-06,capacity_certificate
S0594,594,13,24,5,6,6,6,6,6,6,0.0015335000352934003,1.0499963536858559e-05,6.700051017105579e-06,5.699926987290382e-06,capacity_certificate
S0595,595,13,24,6,5,5,5,5,5,5,0.0014471999602392316,8.79995059221983e-06,7.400056347250938e-06,6.6999346017837524e-06,capacity_certificate
S0596,596,13,24,5,6,6,6,6,6,6,0.0010523999808356166,8.199946023523808e-06,5.00003807246685e-06,4.499917849898338e-06,capacity_certificate
S0597,597,13,24,5,6,6,6,6,6,6,0.0009210000280290842,7.400056347250938e-06,4.599918611347675e-06,4.200031980872154e-06,capacity_certificate
S0598,598,13,24,6,5,5,5,5,5,5,0.0009952000109478831,8.200062438845634e-06,6.4999330788850784e-06,5.900044925510883e-06,capacity_certificate
S0599,599,13,24,6,5,5,5,5,5,5,0.0015881999861449003,1.0899966582655907e-05,6.700051017105579e-06,5.899928510189056e-06,capacity_certificate
S0600,600,13,24,6,5,5,5,5,5,5,0.0012590999249368906,8.199946023523808e-06,6.00004568696022e-06,5.700043402612209e-06,capacity_certificate
S0601,601,13,24,6,5,5,5,5,5,5,0.0013841999461874366,9.300070814788342e-06,7.1999384090304375e-06,6.100046448409557e-06,capacity_certificate
S0602,602,13,24,6,5,5,5,5,5,5,0.001974400016479194,1.3299984857439995e-05,8.899951353669167e-06,7.70005863159895e-06,capacity_certificate
S0603,603,13,24,6,5,5,5,5,5,5,0.0016437000595033169,1.2400094419717789e-05,7.4999406933784485e-06,5.900044925510883e-06,capacity_certificate
S0604,604,13,24,6,5,5,5,5,5,5,0.0019344000611454248,1.279998105019331e-05,8.199946023523808e-06,6.900052540004253e-06,capacity_certificate
S0605,605,13,24,6,5,5,5,5,5,5,0.0014391000149771571,9.299954399466515e-06,6.700051017105579e-06,5.799927748739719e-06,capacity_certificate
S0606,606,13,24,6,4,4,5,5,5,5,0.0017986999591812491,0.00024720001965761185,0.003823900013230741,0.037806799984537065,no_strict_4_color_improvement
S0607,607,13,24,6,4,4,5,5,4,4,0.0008960999548435211,0.000282099936157465,0.004957200028002262,8.999952115118504e-06,capacity_certificate
S0608,608,13,24,6,4,4,5,5,4,4,0.0010644999565556645,0.0003252999158576131,0.00424500007648021,6.6999346017837524e-06,capacity_certificate
S0609,609,13,24,6,4,4,5,5,4,4,0.000939300050958991,0.0002514999359846115,0.004212800064124167,8.100061677396297e-06,capacity_certificate
S0610,610,13,24,6,4,4,5,5,5,4,0.0013497000327333808,0.0002858000807464123,0.006108099943958223,0.045039999997243285,capacity_certificate
S0611,611,13,24,6,4,4,5,5,4,4,0.000637299963273108,0.00017629994545131922,0.00205060001462698,3.900029696524143e-06,capacity_certificate
S0612,612,13,24,6,4,4,5,5,4,4,0.0009963000193238258,0.00014809996355324984,0.002964499988593161,4.900037311017513e-06,capacity_certificate
S0613,613,13,24,5,6,6,6,6,6,6,0.0005584999453276396,4.899920895695686e-06,3.100023604929447e-06,2.600019797682762e-06,capacity_certificate
S0614,614,13,24,6,4,4,5,5,4,4,0.0004662999417632818,0.00014110002666711807,0.0024091999512165785,4.800036549568176e-06,capacity_certificate
S0615,615,13,24,6,4,4,5,5,4,4,0.0008285000221803784,0.0001697000116109848,0.0026372000575065613,5.699926987290382e-06,capacity_certificate
S0616,616,13,24,6,4,4,4,4,4,4,0.0015236999606713653,7.0999376475811005e-06,5.00003807246685e-06,4.200031980872154e-06,capacity_certificate
S0617,617,13,24,6,4,4,4,4,4,4,0.0017210000660270452,1.0599964298307896e-05,6.00004568696022e-06,4.900037311017513e-06,capacity_certificate
S0618,618,13,24,6,4,4,4,4,4,4,0.0014512999914586544,5.900044925510883e-06,4.100031219422817e-06,3.899913281202316e-06,capacity_certificate
S0619,619,13,24,5,5,5,6,6,5,5,0.0008122000144794583,0.00013229995965957642,0.002217500004917383,4.300032742321491e-06,capacity_certificate
S0620,620,13,24,6,4,4,5,5,4,4,0.0005836000200361013,0.0002753000007942319,0.0021029000636190176,3.400025889277458e-06,capacity_certificate
S0621,621,13,24,6,4,4,4,4,4,4,0.0010917999316006899,5.600042641162872e-06,4.00003045797348e-06,3.2999087125062943e-06,capacity_certificate
S0622,622,13,24,6,4,4,4,4,4,4,0.0017491999315097928,8.599949069321156e-06,0.00018350000027567148,5.500041879713535e-06,capacity_certificate
S0623,623,13,24,5,5,5,5,5,5,5,0.0012153999414294958,6.9999368861317635e-06,4.800036549568176e-06,4.199915565550327e-06,capacity_certificate
S0624,624,13,24,5,5,5,5,5,5,5,0.0014495999785140157,7.200054824352264e-06,5.400041118264198e-06,4.599918611347675e-06,capacity_certificate
S0625,625,13,24,6,4,4,5,5,4,4,0.0009193000150844455,0.0002440999960526824,0.0024353000335395336,5.100038833916187e-06,capacity_certificate
S0626,626,13,24,6,4,4,5,5,4,4,0.0011770999990403652,0.00034909998066723347,0.004371299990452826,6.9999368861317635e-06,capacity_certificate
S0627,627,13,24,6,4,4,5,5,4,4,0.0014670999953523278,0.0002839999506250024,0.005200300016440451,6.300047971308231e-06,capacity_certificate
S0628,628,13,24,6,4,4,5,5,4,4,0.001518600038252771,0.00027730001602321863,0.004581499961204827,7.100054062902927e-06,capacity_certificate
S0629,629,13,24,5,5,5,5,5,5,5,0.001987099996767938,1.0199961252510548e-05,6.00004568696022e-06,4.500034265220165e-06,capacity_certificate
S0630,630,13,24,5,5,5,5,5,5,5,0.0011944000143557787,7.200054824352264e-06,5.200039595365524e-06,4.199915565550327e-06,capacity_certificate
S0631,631,13,24,6,4,4,5,5,4,4,0.0014330000849440694,0.0003132999408990145,0.004936399986036122,7.00005330145359e-06,capacity_certificate
S0632,632,13,24,6,4,4,5,5,4,4,0.002675499999895692,0.0003809999907389283,0.006010300014168024,8.999952115118504e-06,capacity_certificate
S0633,633,13,24,5,5,5,5,5,5,5,0.0020016999915242195,1.0599964298307896e-05,6.500049494206905e-06,4.899920895695686e-06,capacity_certificate
S0634,634,13,24,5,5,5,5,5,5,5,0.002230199985206127,1.0200077667832375e-05,6.299931555986404e-06,5.300040356814861e-06,capacity_certificate
S0635,635,13,24,5,5,5,5,5,5,5,0.0019655999494716525,9.900075383484364e-06,6.8999361246824265e-06,5.800044164061546e-06,capacity_certificate
S0636,636,13,24,6,5,5,5,5,5,5,0.001631599967367947,1.3499986380338669e-05,8.999952115118504e-06,7.300055585801601e-06,capacity_certificate
S0637,637,13,24,6,4,4,5,5,4,4,0.0016328999772667885,0.00034030003007501364,0.004474799963645637,7.400056347250938e-06,capacity_certificate
S0638,638,13,24,6,4,4,5,5,4,4,0.0009032998932525516,0.00022899999748915434,0.0032740000169724226,6.299931555986404e-06,capacity_certificate
S0639,639,13,24,6,4,4,5,5,4,4,0.0009905999759212136,0.0002628000220283866,0.0043744000140577555,7.4999406933784485e-06,capacity_certificate
S0640,640,13,24,6,4,4,4,4,4,4,0.0019283000146970153,1.0499963536858559e-05,6.500049494206905e-06,5.399924702942371e-06,capacity_certificate
S0641,641,13,24,6,4,4,5,5,4,4,0.0009899999713525176,0.0003192999865859747,0.0039428999880328774,7.500057108700275e-06,capacity_certificate
S0642,642,13,24,6,4,4,5,5,4,4,0.0014721000334247947,0.00033139996230602264,0.005116300075314939,8.399947546422482e-06,capacity_certificate
S0643,643,13,24,5,6,6,6,6,6,6,0.0015312000177800655,1.0699965059757233e-05,6.800051778554916e-06,5.700043402612209e-06,capacity_certificate
S0644,644,13,24,6,4,4,5,5,4,4,0.0009776001097634435,0.00030070007778704166,0.004836900043301284,8.300063200294971e-06,capacity_certificate
S0645,645,13,24,6,4,4,5,5,4,4,0.0016901999479159713,0.00035770004615187645,0.005060700001195073,7.5999414548277855e-06,capacity_certificate
S0646,646,13,24,6,4,4,5,5,4,4,0.0011953000212088227,0.0003659999929368496,0.00427160004619509,6.9999368861317635e-06,capacity_certificate
S0647,647,13,24,6,4,4,5,5,4,4,0.0009150000987574458,0.0004472000291571021,0.0038219999987632036,6.8999361246824265e-06,capacity_certificate
S0648,648,13,24,6,4,4,5,5,4,4,0.0011080000549554825,0.0002775000175461173,0.004150299937464297,5.400041118264198e-06,capacity_certificate
S0649,649,13,24,5,5,5,6,6,5,5,0.0006502000615000725,0.00013880000915378332,0.002100599929690361,4.100031219422817e-06,capacity_certificate
S0650,650,13,24,6,4,4,5,5,4,4,0.00049769994802773,0.00014459993690252304,0.002379300072789192,4.199915565550327e-06,capacity_certificate
S0651,651,13,24,6,4,4,5,5,4,4,0.0005946999881416559,0.00015110010281205177,0.002673500101082027,5.199923180043697e-06,capacity_certificate
S0652,652,13,24,6,4,4,5,5,4,4,0.0009668000275269151,0.0001813999842852354,0.0030718999914824963,4.400033503770828e-06,capacity_certificate
S0653,653,13,24,5,5,5,5,5,5,5,0.0007197998929768801,5.300040356814861e-06,2.9999064281582832e-06,2.700020559132099e-06,capacity_certificate
S0654,654,13,24,5,5,5,5,5,5,5,0.0007047000108286738,4.400033503770828e-06,3.0999071896076202e-06,2.700020559132099e-06,capacity_certificate
S0655,655,13,24,6,4,4,5,5,4,4,0.0005899999523535371,0.00017330003902316093,0.0035650000208988786,5.500041879713535e-06,capacity_certificate
S0656,656,13,24,5,5,5,5,5,5,5,0.0007729000644758344,6.700051017105579e-06,4.00003045797348e-06,3.400025889277458e-06,capacity_certificate
S0657,657,13,24,5,5,5,5,5,5,5,0.0007990000303834677,5.00003807246685e-06,3.7999125197529793e-06,3.100023604929447e-06,capacity_certificate
S0658,658,13,24,6,4,4,5,5,4,4,0.0009142000926658511,0.00016250007320195436,0.0027436999371275306,4.600035026669502e-06,capacity_certificate
S0659,659,13,24,5,5,5,5,5,5,5,0.0007033000001683831,5.399924702942371e-06,3.100023604929447e-06,2.600019797682762e-06,capacity_certificate
S0660,660,13,24,5,5,5,5,5,5,5,0.000892499927431345,4.800036549568176e-06,3.0999071896076202e-06,2.600019797682762e-06,capacity_certificate
S0661,661,13,24,6,4,4,5,5,4,4,0.0004735999973490834,0.0001556000206619501,0.002407599939033389,5.300040356814861e-06,capacity_certificate
S0662,662,13,24,6,4,4,5,5,4,4,0.0005723000504076481,0.00017959997057914734,0.002063099993392825,5.200039595365524e-06,capacity_certificate
S0663,663,13,24,6,4,4,5,5,4,4,0.0006384000880643725,0.0001813999842852354,0.0029366000089794397,6.100046448409557e-06,capacity_certificate
S0664,664,13,24,6,4,4,5,5,4,4,0.0006677999626845121,0.00019700010307133198,0.002728099934756756,5.500041879713535e-06,capacity_certificate
S0665,665,13,24,6,4,4,5,5,4,4,0.0006845999741926789,0.0007128999568521976,0.00314539996907115,5.300040356814861e-06,capacity_certificate
S0666,666,13,24,5,5,5,6,6,6,5,0.0006857000989839435,0.00014300004113465548,0.0015049000503495336,0.007054800051264465,capacity_certificate
S0667,667,13,24,6,4,4,5,5,4,4,0.0007345000049099326,0.00021329999435693026,0.0029424000531435013,5.900044925510883e-06,capacity_certificate
S0668,668,13,24,6,4,4,5,5,4,4,0.001081199967302382,0.0001922999508678913,0.0025258000241592526,5.00003807246685e-06,capacity_certificate
S0669,669,13,24,6,4,4,5,5,4,4,0.0007048000115901232,0.0002161000156775117,0.0033343000104650855,5.499925464391708e-06,capacity_certificate
S0670,670,13,24,5,5,5,5,5,5,5,0.0009599999757483602,8.699949830770493e-06,4.500034265220165e-06,3.2999087125062943e-06,capacity_certificate
S0671,671,13,24,5,5,5,5,5,5,5,0.000989499967545271,7.900060154497623e-06,4.499917849898338e-06,3.300025127828121e-06,capacity_certificate
S0672,672,13,24,6,4,4,5,5,4,4,0.000694400048814714,0.00019139994401484728,0.0023410000139847398,3.700028173625469e-06,capacity_certificate
S0673,673,13,24,5,5,5,5,5,5,5,0.0008495000656694174,5.599926225841045e-06,3.100023604929447e-06,2.400018274784088e-06,capacity_certificate
S0674,674,13,24,5,5,5,5,5,5,5,0.0007786999922245741,5.299923941493034e-06,3.400025889277458e-06,2.900022082030773e-06,capacity_certificate
S0675,675,13,24,5,5,5,5,5,5,5,0.0007104999385774136,5.199923180043697e-06,3.300025127828121e-06,2.700020559132099e-06,capacity_certificate
S0676,676,13,24,5,5,5,5,5,5,5,0.0008233999833464622,4.299916326999664e-06,3.00002284348011e-06,2.500019036233425e-06,capacity_certificate
S0677,677,13,24,5,5,5,5,5,5,5,0.0007138000801205635,4.100031219422817e-06,3.100023604929447e-06,2.600019797682762e-06,capacity_certificate
S0678,678,13,24,6,4,4,5,5,4,4,0.0008047000737860799,0.0001705000177025795,0.0017662999453023076,5.200039595365524e-06,capacity_certificate
S0679,679,13,24,6,4,4,5,5,4,4,0.000609199982136488,0.0001865000231191516,0.0020126999588683248,5.700043402612209e-06,capacity_certificate
S0680,680,13,24,6,4,4,5,5,4,4,0.0007857999298721552,0.0002367999404668808,0.002128200023435056,5.09992241859436e-06,capacity_certificate
S0681,681,13,24,6,4,4,4,4,4,4,0.001689300057478249,3.0099996365606785e-05,1.5700003132224083e-05,5.479995161294937e-05,capacity_certificate
S0682,682,13,24,6,4,4,4,4,4,4,0.001909899991005659,1.0699965059757233e-05,6.100046448409557e-06,4.900037311017513e-06,capacity_certificate
S0683,683,13,24,6,4,4,5,5,4,4,0.0007954000029712915,0.00023330003023147583,0.00281660002656281,6.7999353632330894e-06,capacity_certificate
S0684,684,13,24,6,4,4,5,5,4,4,0.0012954999692738056,0.00023449992295354605,0.003248100052587688,6.00004568696022e-06,capacity_certificate
S0685,685,13,24,6,4,4,4,4,4,4,0.0015866999747231603,9.900075383484364e-06,5.09992241859436e-06,4.300032742321491e-06,capacity_certificate
S0686,686,13,24,6,4,4,4,4,4,4,0.001347400015220046,6.300047971308231e-06,4.799920134246349e-06,4.200031980872154e-06,capacity_certificate
S0687,687,13,24,6,4,4,5,5,4,4,0.001213999930769205,0.0002607000060379505,0.006450299988500774,6.8999361246824265e-06,capacity_certificate
S0688,688,13,24,6,4,4,5,5,4,4,0.0007873000577092171,0.0002199000446125865,0.003091300022788346,7.1999384090304375e-06,capacity_certificate
S0689,689,13,24,6,4,4,5,5,4,4,0.000839899992570281,0.00043979997280985117,0.0036956999683752656,7.1999384090304375e-06,capacity_certificate
S0690,690,13,24,6,4,4,5,5,4,4,0.0008432000176981091,0.00024239998310804367,0.00305649999063462,5.100038833916187e-06,capacity_certificate
S0691,691,13,24,6,4,4,4,4,4,4,0.0015642999205738306,8.900067768990993e-06,5.300040356814861e-06,4.199915565550327e-06,capacity_certificate
S0692,692,13,24,6,4,4,4,4,4,4,0.001679499982856214,9.300070814788342e-06,6.3999323174357414e-06,5.700043402612209e-06,capacity_certificate
S0693,693,13,24,6,4,4,5,5,4,4,0.0008196000708267093,0.0002498000394552946,0.003039299976080656,6.300047971308231e-06,capacity_certificate
S0694,694,13,24,6,4,4,5,5,4,4,0.0011819000355899334,0.00021309999283403158,0.002531600068323314,4.00003045797348e-06,capacity_certificate
S0695,695,13,24,5,5,5,5,5,5,5,0.0004757000133395195,4.700035788118839e-06,3.1999079510569572e-06,2.800021320581436e-06,capacity_certificate
S0696,696,13,24,5,5,5,5,5,5,5,0.0004521000664681196,4.300032742321491e-06,3.00002284348011e-06,2.800021320581436e-06,capacity_certificate
S0697,697,13,24,6,4,4,5,5,4,4,0.0004910000134259462,0.00020889996085315943,0.0027262000367045403,4.399917088449001e-06,capacity_certificate
S0698,698,13,24,5,5,5,5,5,5,5,0.000524599920026958,5.300040356814861e-06,2.9999064281582832e-06,2.800021320581436e-06,capacity_certificate
S0699,699,13,24,5,5,5,5,5,5,5,0.0004841000773012638,4.200031980872154e-06,3.00002284348011e-06,2.600019797682762e-06,capacity_certificate
S0700,700,13,24,5,5,5,5,5,5,5,0.000556900049559772,5.00003807246685e-06,3.3999094739556313e-06,2.800021320581436e-06,capacity_certificate
S0701,701,13,24,5,5,5,5,5,5,5,0.0007519000209867954,7.2999391704797745e-06,3.900029696524143e-06,3.300025127828121e-06,capacity_certificate
S0702,702,13,24,6,4,4,5,5,4,4,0.000598000013269484,0.00018119998276233673,0.0025406000204384327,5.00003807246685e-06,capacity_certificate
S0703,703,13,24,6,4,4,5,5,4,4,0.0010571000166237354,0.00036830001045018435,0.00379569991491735,6.00004568696022e-06,capacity_certificate
S0704,704,13,24,6,4,4,4,4,4,4,0.00149639998562634,6.700051017105579e-06,4.299916326999664e-06,4.200031980872154e-06,capacity_certificate
S0705,705,13,24,6,4,4,4,4,4,4,0.001242100028321147,5.899928510189056e-06,4.00003045797348e-06,3.600027412176132e-06,capacity_certificate
S0706,706,13,24,6,4,4,5,5,4,4,0.0005674000130966306,0.00015979993622750044,0.002257700078189373,3.899913281202316e-06,capacity_certificate
S0707,707,13,24,6,4,4,5,5,4,4,0.0006798999384045601,0.00020949996542185545,0.0036823999835178256,5.400041118264198e-06,capacity_certificate
S0708,708,13,24,6,4,4,5,5,4,4,0.0006174999289214611,0.00018880004063248634,0.0028124001109972596,5.499925464391708e-06,capacity_certificate
S0709,709,13,24,6,4,4,5,5,4,4,0.0005419000517576933,0.00016679998952895403,0.0030223000794649124,5.499925464391708e-06,capacity_certificate
S0710,710,13,24,6,4,4,5,5,5,5,0.0015318000223487616,0.00022879999596625566,0.003884500009007752,0.037064800038933754,no_strict_4_color_improvement
S0711,711,13,24,6,4,4,5,5,4,4,0.0007213999051600695,0.00025050004478543997,0.004498600028455257,7.5999414548277855e-06,capacity_certificate
S0712,712,13,24,6,4,4,5,5,4,4,0.001016800059005618,0.00030619988683611155,0.005678000045008957,8.199946023523808e-06,capacity_certificate
S0713,713,13,24,6,4,4,5,5,4,4,0.0009250999428331852,0.00025310006458312273,0.005103199975565076,6.3999323174357414e-06,capacity_certificate
S0714,714,13,24,5,5,5,5,5,5,5,0.0007373999105766416,9.200070053339005e-06,5.599926225841045e-06,4.700035788118839e-06,capacity_certificate
S0715,715,13,24,6,4,4,5,5,4,4,0.0009719999507069588,0.000282099936157465,0.005152600002475083,7.400056347250938e-06,capacity_certificate
S0716,716,13,24,6,4,4,5,5,4,4,0.001231999951414764,0.0002767000114545226,0.004148800042457879,6.6999346017837524e-06,capacity_certificate
S0717,717,13,24,6,4,4,5,5,4,4,0.0011880999663844705,0.0002723999787122011,0.004590500029735267,7.00005330145359e-06,capacity_certificate
S0718,718,13,24,5,5,5,5,5,5,5,0.0009678000351414084,9.00006853044033e-06,5.399924702942371e-06,4.700035788118839e-06,capacity_certificate
S0719,719,13,24,5,5,5,5,5,5,5,0.0008565000025555491,6.400048732757568e-06,4.700035788118839e-06,3.999914042651653e-06,capacity_certificate
S0720,720,13,24,6,4,4,5,5,4,4,0.0007943999953567982,0.00022169994190335274,0.004489999962970614,6.200047209858894e-06,capacity_certificate
S0721,721,13,24,5,5,5,5,5,5,5,0.0012432999210432172,1.2499978765845299e-05,7.0999376475811005e-06,5.500041879713535e-06,capacity_certificate
S0722,722,13,24,5,5,5,5,5,5,5,0.001316900015808642,1.2699980288743973e-05,6.300047971308231e-06,4.600035026669502e-06,capacity_certificate
S0723,723,13,24,5,5,5,5,5,5,5,0.0010099998908117414,8.499948307871819e-06,5.900044925510883e-06,4.500034265220165e-06,capacity_certificate
S0724,724,13,24,5,5,5,5,5,5,5,0.001267499988898635,1.0199961252510548e-05,6.800051778554916e-06,5.300040356814861e-06,capacity_certificate
S0725,725,13,24,4,6,6,7,7,6,6,0.000596199999563396,0.00013589998707175255,0.0009734999621286988,5.400041118264198e-06,capacity_certificate
S0726,726,13,24,6,4,4,5,5,4,4,0.0009286999702453613,0.00029280001763254404,0.004759100032970309,1.7000013031065464e-05,capacity_certificate
S0727,727,13,24,5,5,5,5,5,5,5,0.0012217001058161259,1.2199976481497288e-05,7.0999376475811005e-06,5.800044164061546e-06,capacity_certificate
S0728,728,13,24,5,5,5,5,5,5,5,0.0012592000421136618,1.200009137392044e-05,7.0999376475811005e-06,5.900044925510883e-06,capacity_certificate
S0729,729,13,24,6,4,4,5,5,4,4,0.0011541000567376614,0.0003168999683111906,0.00592929997947067,9.599956683814526e-06,capacity_certificate
S0730,730,13,24,5,5,5,5,5,5,5,0.001402399968355894,1.1999974958598614e-05,7.300055585801601e-06,5.899928510189056e-06,capacity_certificate
S0731,731,13,24,5,5,5,5,5,5,5,0.0011381000513210893,9.499955922365189e-06,6.00004568696022e-06,5.100038833916187e-06,capacity_certificate
S0732,732,13,24,5,5,5,5,5,5,5,0.0011548999464139342,1.0299962013959885e-05,6.600050255656242e-06,5.199923180043697e-06,capacity_certificate
S0733,733,13,24,5,5,5,5,5,5,5,0.001095399959012866,9.100069291889668e-06,6.4999330788850784e-06,5.500041879713535e-06,capacity_certificate
S0734,734,13,24,6,4,4,5,5,4,4,0.0016049999976530671,0.0004072999581694603,0.005500899977050722,9.7999582067132e-06,capacity_certificate
S0735,735,13,24,6,4,4,5,5,4,4,0.001790700014680624,0.00030670000705868006,0.004365699947811663,5.600042641162872e-06,capacity_certificate
S0736,736,13,24,6,4,4,5,5,4,4,0.0010215999791398644,0.00017899996601045132,0.002612299984320998,4.600035026669502e-06,capacity_certificate
S0737,737,13,24,6,4,4,5,5,4,4,0.0005093000363558531,0.00014500005636364222,0.002697699936106801,4.900037311017513e-06,capacity_certificate
S0738,738,13,24,5,5,5,5,5,5,5,0.0006003999151289463,6.00004568696022e-06,3.5999109968543053e-06,3.200024366378784e-06,capacity_certificate
S0739,739,13,24,5,5,5,5,5,5,5,0.0005985000170767307,5.600042641162872e-06,3.400025889277458e-06,2.600019797682762e-06,capacity_certificate
S0740,740,13,24,5,5,5,5,5,5,5,0.0005372000159695745,4.800036549568176e-06,3.200024366378784e-06,2.9999064281582832e-06,capacity_certificate
S0741,741,13,24,6,4,4,5,5,4,4,0.0005669000092893839,0.00016030005645006895,0.0035613999934867024,7.2999391704797745e-06,capacity_certificate
S0742,742,13,24,6,4,4,5,5,4,4,0.0008166999323293567,0.00022499996703118086,0.003891300060786307,6.09993003308773e-06,capacity_certificate
S0743,743,13,24,6,4,4,5,5,4,4,0.0008120000129565597,0.00022009992972016335,0.0036457000533118844,8.499948307871819e-06,capacity_certificate
S0744,744,13,24,5,5,5,5,5,5,5,0.0008052999619394541,7.900060154497623e-06,5.299923941493034e-06,4.200031980872154e-06,capacity_certificate
S0745,745,13,24,5,5,5,5,5,5,5,0.0009088000515475869,8.09994526207447e-06,4.700035788118839e-06,3.8000289350748062e-06,capacity_certificate
S0746,746,13,24,5,5,5,5,5,5,5,0.000784000032581389,6.400048732757568e-06,4.400033503770828e-06,3.999914042651653e-06,capacity_certificate
S0747,747,13,24,6,4,4,5,5,4,4,0.0007384000346064568,0.00021399999968707561,0.00396180001553148,5.600042641162872e-06,capacity_certificate
S0748,748,13,24,6,4,4,5,5,4,4,0.0005138999549672008,0.00014830008149147034,0.0024479998974129558,3.900029696524143e-06,capacity_certificate
S0749,749,13,24,5,5,5,5,5,5,5,0.0006136000156402588,5.900044925510883e-06,3.400025889277458e-06,2.599903382360935e-06,capacity_certificate
S0750,750,13,24,6,4,4,5,5,4,4,0.001130599994212389,0.00014589994680136442,0.0025146000552922487,3.500026650726795e-06,capacity_certificate
S0751,751,13,24,6,4,4,5,5,4,4,0.0004765000194311142,0.00013939989730715752,0.0024820000398904085,5.00003807246685e-06,capacity_certificate
S0752,752,13,24,6,4,4,5,5,4,4,0.000883100088685751,0.00017040001694113016,0.002554600010626018,3.500026650726795e-06,capacity_certificate
S0753,753,13,24,5,5,5,5,5,5,5,0.0008707999950274825,5.500041879713535e-06,3.5999109968543053e-06,2.800021320581436e-06,capacity_certificate
S0754,754,13,24,6,4,4,5,5,4,4,0.0006726999999955297,0.00014929997269064188,0.002557000028900802,3.700028173625469e-06,capacity_certificate
S0755,755,13,24,6,4,4,5,5,4,4,0.000494200037792325,0.00014180003199726343,0.0024150999961420894,3.600027412176132e-06,capacity_certificate
S0756,756,13,24,6,4,4,5,5,4,4,0.0005187999922782183,0.00014539994299411774,0.0027338999789208174,4.800036549568176e-06,capacity_certificate
S0757,757,13,24,6,4,4,5,5,4,4,0.000596199999563396,0.00015219999477267265,0.0026911000022664666,3.8000289350748062e-06,capacity_certificate
S0758,758,13,24,6,4,4,5,5,4,4,0.0005242000333964825,0.0001542998943477869,0.0027895000530406833,4.500034265220165e-06,capacity_certificate
S0759,759,13,24,5,5,5,5,5,5,5,0.0006918000290170312,7.3999399319291115e-06,4.300032742321491e-06,3.600027412176132e-06,capacity_certificate
S0760,760,13,24,6,4,4,5,5,4,4,0.0007333999965339899,0.00019390007946640253,0.0034049999667331576,5.300040356814861e-06,capacity_certificate
S0761,761,13,24,6,4,4,5,5,4,4,0.0007973000174388289,0.00020729994866997004,0.0034310000482946634,1.0599964298307896e-05,capacity_certificate
S0762,762,13,24,6,4,4,5,5,4,4,0.0012245000107213855,0.00021389999892562628,0.0035500999074429274,5.600042641162872e-06,capacity_certificate
S0763,763,13,24,5,5,5,5,5,5,5,0.0006793999345973134,5.699926987290382e-06,3.700028173625469e-06,3.200024366378784e-06,capacity_certificate
S0764,764,13,24,5,5,5,5,5,5,5,0.0005957999965175986,4.200031980872154e-06,3.100023604929447e-06,2.8999056667089462e-06,capacity_certificate
S0765,765,13,24,6,4,4,5,5,4,4,0.001067899982444942,0.00014819996431469917,0.0028209000593051314,4.100031219422817e-06,capacity_certificate
S0766,766,13,24,5,5,5,5,5,5,5,0.0005564000457525253,5.299923941493034e-06,3.100023604929447e-06,2.700020559132099e-06,capacity_certificate
S0767,767,13,24,5,5,5,5,5,5,5,0.0005764000816270709,4.900037311017513e-06,3.500026650726795e-06,2.9999064281582832e-06,capacity_certificate
S0768,768,13,24,6,4,4,5,5,4,4,0.0010735000250861049,0.00023999996483325958,0.0034902000334113836,5.400041118264198e-06,capacity_certificate
S0769,769,13,24,5,5,5,5,5,5,5,0.0008975000819191337,1.0400079190731049e-05,5.499925464391708e-06,4.800036549568176e-06,capacity_certificate
S0770,770,13,24,5,5,5,5,5,5,5,0.0014601999428123236,8.499948307871819e-06,5.100038833916187e-06,4.400033503770828e-06,capacity_certificate
S0771,771,13,24,6,4,4,5,5,4,4,0.000816799933090806,0.0002367000561207533,0.004564799950458109,7.300055585801601e-06,capacity_certificate
S0772,772,13,24,6,4,4,5,5,4,4,0.0009043000172823668,0.0002741999924182892,0.003288000007160008,4.300032742321491e-06,capacity_certificate
S0773,773,13,24,6,4,4,5,5,4,4,0.0006613000296056271,0.00016220007091760635,0.003079799935221672,5.00003807246685e-06,capacity_certificate
S0774,774,13,24,5,5,5,5,5,5,5,0.000750300008803606,6.8999361246824265e-06,4.500034265220165e-06,3.600027412176132e-06,capacity_certificate
S0775,775,13,24,5,5,5,5,5,5,5,0.0009592999704182148,1.070008147507906e-05,5.700043402612209e-06,4.600035026669502e-06,capacity_certificate
S0776,776,13,24,6,4,4,5,5,4,4,0.0008461000397801399,0.00022869999520480633,0.00391010008752346,5.399924702942371e-06,capacity_certificate
S0777,777,13,24,5,5,5,5,5,5,5,0.0007270999485626817,6.6999346017837524e-06,4.00003045797348e-06,4.500034265220165e-06,capacity_certificate
S0778,778,13,24,5,5,5,5,5,5,5,0.0007278000703081489,6.200047209858894e-06,4.400033503770828e-06,4.199915565550327e-06,capacity_certificate
S0779,779,13,24,5,5,5,5,5,5,5,0.0008536999812349677,7.79994297772646e-06,4.700035788118839e-06,3.8000289350748062e-06,capacity_certificate
S0780,780,13,24,5,5,5,5,5,5,5,0.000893999938853085,7.1999384090304375e-06,4.900037311017513e-06,4.500034265220165e-06,capacity_certificate
S0781,781,13,24,4,6,6,7,7,6,6,0.0007214000215753913,0.00012470001820474863,0.0011817000340670347,4.799920134246349e-06,capacity_certificate
S0782,782,13,24,6,4,4,5,5,4,4,0.0007541000377386808,0.00019369996152818203,0.0031823000172153115,5.300040356814861e-06,capacity_certificate
S0783,783,13,24,5,5,5,5,5,5,5,0.0007957998896017671,7.400056347250938e-06,4.499917849898338e-06,3.8000289350748062e-06,capacity_certificate
S0784,784,13,24,5,5,5,5,5,5,5,0.0007833999115973711,7.100054062902927e-06,5.00003807246685e-06,4.300032742321491e-06,capacity_certificate
S0785,785,13,24,5,5,5,5,5,5,5,0.0008878998924046755,7.3999399319291115e-06,5.700043402612209e-06,4.700035788118839e-06,capacity_certificate
S0786,786,13,24,5,5,5,5,5,5,5,0.001806400017812848,9.899958968162537e-06,5.600042641162872e-06,4.799920134246349e-06,capacity_certificate
S0787,787,13,24,6,4,4,5,5,4,4,0.0012306999415159225,0.00028540007770061493,0.0034004999324679375,6.500049494206905e-06,capacity_certificate
S0788,788,13,24,6,4,4,5,5,4,4,0.001056100009009242,0.00017120002303272486,0.0029552000341936946,4.899920895695686e-06,capacity_certificate
S0789,789,13,24,5,5,5,5,5,5,5,0.0010436000302433968,8.699949830770493e-06,5.100038833916187e-06,4.300032742321491e-06,capacity_certificate
S0790,790,13,24,5,5,5,5,5,5,5,0.0011272999690845609,8.399947546422482e-06,4.900037311017513e-06,4.800036549568176e-06,capacity_certificate
S0791,791,13,24,5,5,5,5,5,5,5,0.000914399977773428,7.00005330145359e-06,4.799920134246349e-06,4.300032742321491e-06,capacity_certificate
S0792,792,13,24,5,5,5,5,5,5,5,0.0008092999923974276,5.600042641162872e-06,4.299916326999664e-06,3.700028173625469e-06,capacity_certificate
S0793,793,13,24,4,6,6,7,7,6,6,0.00027210009284317493,9.280000813305378e-05,0.0009290999732911587,4.200031980872154e-06,capacity_certificate
S0794,794,13,24,5,5,5,5,5,5,5,0.0006712999893352389,6.500049494206905e-06,3.600027412176132e-06,3.2999087125062943e-06,capacity_certificate
S0795,795,13,24,5,5,5,5,5,5,5,0.0006925000343471766,5.600042641162872e-06,3.600027412176132e-06,3.00002284348011e-06,capacity_certificate
S0796,796,13,24,4,6,6,7,7,6,6,0.0002722999779507518,8.869997691363096e-05,0.0008337999461218715,4.800036549568176e-06,capacity_certificate
S0797,797,14,26,6,6,6,6,6,6,6,0.001277000061236322,9.299954399466515e-06,6.600050255656242e-06,5.999929271638393e-06,capacity_certificate
S0798,798,14,26,6,6,6,6,6,6,6,0.000853499979712069,8.899951353669167e-06,6.200047209858894e-06,5.199923180043697e-06,capacity_certificate
S0799,799,14,26,6,6,6,6,6,6,6,0.0007298999698832631,7.2999391704797745e-06,5.900044925510883e-06,5.199923180043697e-06,capacity_certificate
S0800,800,14,26,6,6,6,6,6,6,6,0.000732000102289021,6.400048732757568e-06,4.600035026669502e-06,4.09991480410099e-06,capacity_certificate
S0801,801,14,26,6,6,6,6,6,6,6,0.0004221999552100897,6.900052540004253e-06,4.499917849898338e-06,4.00003045797348e-06,capacity_certificate
S0802,802,14,26,6,6,6,6,6,6,6,0.0005161999724805355,6.600050255656242e-06,4.599918611347675e-06,3.900029696524143e-06,capacity_certificate
S0803,803,14,26,6,6,6,6,6,6,6,0.0004039999330416322,5.599926225841045e-06,4.300032742321491e-06,3.8000289350748062e-06,capacity_certificate
S0804,804,14,26,6,6,6,6,6,6,6,0.0008518000831827521,6.100046448409557e-06,5.100038833916187e-06,4.199915565550327e-06,capacity_certificate
S0805,805,14,26,6,6,6,6,6,6,6,0.001184399938210845,6.600050255656242e-06,5.399924702942371e-06,4.900037311017513e-06,capacity_certificate
S0806,806,14,26,6,6,6,6,6,6,6,0.0013380000600591302,1.0400079190731049e-05,6.6999346017837524e-06,5.400041118264198e-06,capacity_certificate
S0807,807,14,26,6,6,6,6,6,6,6,0.0011078000534325838,7.3999399319291115e-06,5.800044164061546e-06,4.799920134246349e-06,capacity_certificate
S0808,808,14,26,6,6,6,6,6,6,6,0.0013955000322312117,1.009996049106121e-05,7.0999376475811005e-06,6.200047209858894e-06,capacity_certificate
S0809,809,14,26,6,6,6,6,6,6,6,0.0015829999465495348,1.079996582120657e-05,6.199930794537067e-06,5.200039595365524e-06,capacity_certificate
S0810,810,14,26,6,6,6,6,6,6,6,0.0012681999942287803,8.200062438845634e-06,6.299931555986404e-06,5.300040356814861e-06,capacity_certificate
S0811,811,14,26,6,6,6,6,6,6,6,0.0010910999262705445,9.09995287656784e-06,6.700051017105579e-06,6.100046448409557e-06,capacity_certificate
S0812,812,14,26,6,5,5,6,6,5,5,0.0017784000374376774,0.0003299000672996044,0.0046449999790638685,8.399947546422482e-06,capacity_certificate
S0813,813,14,26,6,5,5,5,5,5,5,0.001438200008124113,8.899951353669167e-06,5.500041879713535e-06,4.500034265220165e-06,capacity_certificate
S0814,814,14,26,6,5,5,5,5,5,5,0.00134379998780787,7.100054062902927e-06,4.800036549568176e-06,4.399917088449001e-06,capacity_certificate
S0815,815,14,26,6,5,5,5,5,5,5,0.002079300000332296,9.100069291889668e-06,6.09993003308773e-06,5.500041879713535e-06,capacity_certificate
S0816,816,14,26,6,5,5,5,5,5,5,0.0016676000086590648,8.899951353669167e-06,6.500049494206905e-06,5.899928510189056e-06,capacity_certificate
S0817,817,14,26,6,5,5,5,5,5,5,0.002311800024472177,1.1899974197149277e-05,7.100054062902927e-06,5.599926225841045e-06,capacity_certificate
S0818,818,14,26,6,5,5,5,5,5,5,0.0023923999397084117,1.1499971151351929e-05,7.200054824352264e-06,5.799927748739719e-06,capacity_certificate
S0819,819,14,26,6,5,5,5,5,5,5,0.0021606999216601253,8.900067768990993e-06,6.299931555986404e-06,5.300040356814861e-06,capacity_certificate
S0820,820,14,26,6,6,6,6,6,6,6,0.001372199971228838,8.300063200294971e-06,5.699926987290382e-06,5.100038833916187e-06,capacity_certificate
S0821,821,14,26,6,5,5,6,6,5,5,0.000964700011536479,0.0003350999904796481,0.0041047000559046865,8.399947546422482e-06,capacity_certificate
S0822,822,14,26,6,5,5,5,5,5,5,0.0013812000397592783,8.70006624609232e-06,5.799927748739719e-06,5.100038833916187e-06,capacity_certificate
S0823,823,14,26,6,5,5,5,5,5,5,0.0015338999219238758,1.1299969628453255e-05,6.900052540004253e-06,1.8200022168457508e-05,capacity_certificate
S0824,824,14,26,6,5,5,5,5,5,5,0.001140700071118772,9.400071576237679e-06,5.699926987290382e-06,4.900037311017513e-06,capacity_certificate
S0825,825,14,26,6,5,5,5,5,5,5,0.001204199972562492,6.900052540004253e-06,5.300040356814861e-06,4.999921657145023e-06,capacity_certificate
S0826,826,14,26,6,5,5,5,5,5,5,0.0016165000852197409,1.1399970389902592e-05,6.200047209858894e-06,5.399924702942371e-06,capacity_certificate
S0827,827,14,26,6,5,5,5,5,5,5,0.0016662999987602234,7.899943739175797e-06,6.200047209858894e-06,5.299923941493034e-06,capacity_certificate
S0828,828,14,26,6,5,5,6,6,6,5,0.0011000999948009849,0.00019369996152818203,0.002693300019018352,0.02013359998818487,capacity_certificate
S0829,829,14,26,6,5,5,5,5,5,5,0.00114799989387393,9.599956683814526e-06,6.00004568696022e-06,4.999921657145023e-06,capacity_certificate
S0830,830,14,26,6,5,5,5,5,5,5,0.0012922999449074268,7.6000578701496124e-06,7.2999391704797745e-06,5.200039595365524e-06,capacity_certificate
S0831,831,14,26,6,5,5,5,5,5,5,0.0018204000080004334,9.599956683814526e-06,6.300047971308231e-06,5.100038833916187e-06,capacity_certificate
S0832,832,14,26,6,5,5,5,5,5,5,0.0014021999668329954,9.00006853044033e-06,6.299931555986404e-06,7.200054824352264e-06,capacity_certificate
S0833,833,14,26,6,5,5,5,5,5,5,0.0012729999143630266,9.299954399466515e-06,7.200054824352264e-06,6.700051017105579e-06,capacity_certificate
S0834,834,14,26,6,5,5,5,5,5,5,0.0020037000067532063,9.199953638017178e-06,6.300047971308231e-06,6.200047209858894e-06,capacity_certificate
S0835,835,14,26,6,5,5,5,5,5,5,0.001354200066998601,7.5999414548277855e-06,6.100046448409557e-06,5.100038833916187e-06,capacity_certificate
S0836,836,14,26,6,5,5,5,5,5,5,0.001028600032441318,8.400063961744308e-06,6.7999353632330894e-06,5.900044925510883e-06,capacity_certificate
S0837,837,14,26,6,5,5,5,5,5,5,0.001042200019583106,1.7999904230237007e-05,2.2600055672228336e-05,7.899943739175797e-06,capacity_certificate
S0838,838,14,26,6,5,5,5,5,5,5,0.0009131999686360359,8.100061677396297e-06,5.799927748739719e-06,5.300040356814861e-06,capacity_certificate
S0839,839,14,26,6,5,5,5,5,5,5,0.001396800042130053,1.0999967344105244e-05,6.700051017105579e-06,2.4399952962994576e-05,capacity_certificate
S0840,840,14,26,6,5,5,5,5,5,5,0.0014902000548318028,9.999959729611874e-06,6.200047209858894e-06,5.09992241859436e-06,capacity_certificate
S0841,841,14,26,6,5,5,5,5,5,5,0.000997799914330244,7.800059393048286e-06,5.199923180043697e-06,4.300032742321491e-06,capacity_certificate
S0842,842,14,26,6,5,5,5,5,5,5,0.000767099903896451,7.899943739175797e-06,5.800044164061546e-06,3.120000474154949e-05,capacity_certificate
S0843,843,14,26,6,5,5,5,5,5,5,0.0008743000216782093,7.70005863159895e-06,4.899920895695686e-06,4.00003045797348e-06,capacity_certificate
S0844,844,14,26,6,5,5,5,5,5,5,0.0008221999742090702,6.6999346017837524e-06,5.100038833916187e-06,4.400033503770828e-06,capacity_certificate
S0845,845,14,26,6,5,5,5,5,5,5,0.0008321999339386821,8.899951353669167e-06,5.100038833916187e-06,3.999914042651653e-06,capacity_certificate
S0846,846,14,26,6,5,5,5,5,5,5,0.001123199937865138,7.300055585801601e-06,4.899920895695686e-06,4.200031980872154e-06,capacity_certificate
S0847,847,14,26,6,5,5,5,5,5,5,0.0010569998994469643,3.160000778734684e-05,5.600042641162872e-06,4.399917088449001e-06,capacity_certificate
S0848,848,14,26,6,5,5,5,5,5,5,0.0008668999653309584,6.400048732757568e-06,4.500034265220165e-06,3.899913281202316e-06,capacity_certificate
S0849,849,14,26,5,6,6,7,7,6,6,0.0004916000179946423,0.0001327999634668231,0.0014905999414622784,5.100038833916187e-06,capacity_certificate
S0850,850,14,26,6,5,5,5,5,5,5,0.0007592999609187245,6.600050255656242e-06,3.900029696524143e-06,3.3999094739556313e-06,capacity_certificate
S0851,851,14,26,6,5,5,5,5,5,5,0.000645300024189055,6.199930794537067e-06,4.100031219422817e-06,3.400025889277458e-06,capacity_certificate
S0852,852,14,26,6,5,5,5,5,5,5,0.0007011000998318195,6.100046448409557e-06,4.200031980872154e-06,3.300025127828121e-06,capacity_certificate
S0853,853,14,26,6,5,5,5,5,5,5,0.0006963999476283789,5.399924702942371e-06,4.100031219422817e-06,3.400025889277458e-06,capacity_certificate
S0854,854,14,26,6,5,5,5,5,5,5,0.0007822000188753009,5.500041879713535e-06,4.300032742321491e-06,3.899913281202316e-06,capacity_certificate
S0855,855,14,26,6,5,5,5,5,5,5,0.001171399955637753,4.5500113628804684e-05,6.700051017105579e-06,5.300040356814861e-06,capacity_certificate
S0856,856,14,26,6,5,5,5,5,5,5,0.0009793000062927604,8.09994526207447e-06,5.600042641162872e-06,4.899920895695686e-06,capacity_certificate
S0857,857,14,26,6,5,5,5,5,5,5,0.0009084999328479171,7.300055585801601e-06,4.899920895695686e-06,4.400033503770828e-06,capacity_certificate
S0858,858,14,26,6,5,5,5,5,5,5,0.0007478999905288219,5.300040356814861e-06,4.100031219422817e-06,3.6999117583036423e-06,capacity_certificate
S0859,859,14,26,6,5,5,5,5,5,5,0.0009218000341206789,7.2999391704797745e-06,5.00003807246685e-06,4.300032742321491e-06,capacity_certificate
S0860,860,14,26,6,5,5,5,5,5,5,0.0008971999632194638,6.7999353632330894e-06,5.100038833916187e-06,4.400033503770828e-06,capacity_certificate
S0861,861,14,26,6,5,5,5,5,5,5,0.000950200017541647,6.9999368861317635e-06,5.400041118264198e-06,4.900037311017513e-06,capacity_certificate
S0862,862,14,26,6,5,5,5,5,5,5,0.0009408000623807311,5.999929271638393e-06,5.00003807246685e-06,4.500034265220165e-06,capacity_certificate
S0863,863,14,26,6,5,5,5,5,5,5,0.0015510000521317124,1.1299969628453255e-05,6.09993003308773e-06,5.00003807246685e-06,capacity_certificate
S0864,864,14,26,6,5,5,5,5,5,5,0.0007382000330835581,6.200047209858894e-06,4.500034265220165e-06,3.4999102354049683e-06,capacity_certificate
S0865,865,14,26,6,5,5,5,5,5,5,0.0008168999338522553,7.1999384090304375e-06,4.300032742321491e-06,3.700028173625469e-06,capacity_certificate
S0866,866,14,26,6,5,5,5,5,5,5,0.0006748000159859657,4.700035788118839e-06,3.500026650726795e-06,3.200024366378784e-06,capacity_certificate
S0867,867,14,26,6,5,5,5,5,5,5,0.0007217000238597393,6.800051778554916e-06,5.300040356814861e-06,3.7999125197529793e-06,capacity_certificate
S0868,868,14,26,6,5,5,5,5,5,5,0.0006826999597251415,5.199923180043697e-06,3.600027412176132e-06,3.400025889277458e-06,capacity_certificate
S0869,869,14,26,6,5,5,5,5,5,5,0.0006676999619230628,4.999921657145023e-06,4.700035788118839e-06,3.100023604929447e-06,capacity_certificate
S0870,870,14,26,6,5,5,5,5,5,5,0.0010357999708503485,1.5300000086426735e-05,1.0199961252510548e-05,8.400063961744308e-06,capacity_certificate
S0871,871,14,26,6,5,5,5,5,5,5,0.0011260000756010413,8.299946784973145e-06,4.500034265220165e-06,5.100038833916187e-06,capacity_certificate
S0872,872,14,26,6,5,5,5,5,5,5,0.0007918999763205647,6.100046448409557e-06,3.999914042651653e-06,3.200024366378784e-06,capacity_certificate
S0873,873,14,26,6,5,5,5,5,5,5,0.0006845999741926789,5.00003807246685e-06,3.500026650726795e-06,4.200031980872154e-06,capacity_certificate
S0874,874,14,26,6,5,5,5,5,5,5,0.0008663999615237117,6.09993003308773e-06,3.8000289350748062e-06,3.300025127828121e-06,capacity_certificate
S0875,875,14,26,6,5,5,5,5,5,5,0.0007827999070286751,6.120000034570694e-05,8.09994526207447e-06,2.2700056433677673e-05,capacity_certificate
S0876,876,14,26,6,5,5,5,5,5,5,0.0008050999604165554,5.999929271638393e-06,4.200031980872154e-06,3.400025889277458e-06,capacity_certificate
S0877,877,14,26,5,6,6,7,7,6,6,0.0005675000138580799,0.00011199992150068283,0.0012570000253617764,4.500034265220165e-06,capacity_certificate
S0878,878,14,26,6,5,5,5,5,5,5,0.0006706999847665429,6.300047971308231e-06,4.09991480410099e-06,3.400025889277458e-06,capacity_certificate
S0879,879,14,26,6,5,5,5,5,5,5,0.0007232000352814794,5.999929271638393e-06,4.200031980872154e-06,3.900029696524143e-06,capacity_certificate
S0880,880,14,26,6,5,5,5,5,5,5,0.0008415000047534704,6.500049494206905e-06,4.599918611347675e-06,3.8000289350748062e-06,capacity_certificate
S0881,881,14,26,6,5,5,5,5,5,5,0.0007309999782592058,5.699926987290382e-06,3.900029696524143e-06,3.400025889277458e-06,capacity_certificate
S0882,882,14,26,6,5,5,5,5,5,5,0.0006699999794363976,5.09992241859436e-06,4.00003045797348e-06,3.200024366378784e-06,capacity_certificate
S0883,883,14,26,6,5,5,5,5,5,5,0.0007353998953476548,8.100061677396297e-06,4.700035788118839e-06,3.4999102354049683e-06,capacity_certificate
S0884,884,14,26,6,5,5,5,5,5,5,0.0007507000118494034,5.999929271638393e-06,3.900029696524143e-06,3.200024366378784e-06,capacity_certificate
S0885,885,14,26,6,5,5,5,5,5,5,0.0008043000707402825,5.799927748739719e-06,3.8000289350748062e-06,3.100023604929447e-06,capacity_certificate
S0886,886,14,26,5,6,6,7,7,6,6,0.00030999991577118635,0.00011150003410875797,0.001240900019183755,3.6999117583036423e-06,capacity_certificate
S0887,887,14,26,6,5,5,5,5,5,5,0.0007088999263942242,5.200039595365524e-06,3.899913281202316e-06,3.200024366378784e-06,capacity_certificate
S0888,888,14,26,6,5,5,5,5,5,5,0.0006828999612480402,4.600035026669502e-06,3.6999117583036423e-06,3.100023604929447e-06,capacity_certificate
S0889,889,14,26,5,6,6,7,7,6,6,0.0002908000024035573,0.00011679995805025101,0.0011804000241681933,4.100031219422817e-06,capacity_certificate
S0890,890,14,26,6,6,6,6,6,6,6,0.0012144999345764518,5.200039595365524e-06,3.899913281202316e-06,3.400025889277458e-06,capacity_certificate
S0891,891,14,26,6,5,5,6,6,6,5,0.0009723000694066286,0.00014730007387697697,0.0019583000103011727,0.017158799921162426,capacity_certificate
S0892,892,14,26,6,5,5,5,5,5,5,0.0008219999726861715,7.1999384090304375e-06,4.00003045797348e-06,3.500026650726795e-06,capacity_certificate
S0893,893,14,26,6,5,5,5,5,5,5,0.0008098999969661236,6.9999368861317635e-06,3.900029696524143e-06,3.700028173625469e-06,capacity_certificate
S0894,894,14,26,6,5,5,5,5,5,5,0.000987500068731606,7.699942216277122e-06,4.800036549568176e-06,3.8000289350748062e-06,capacity_certificate
S0895,895,14,26,6,5,5,5,5,5,5,0.0008494999492540956,5.299923941493034e-06,3.900029696524143e-06,3.400025889277458e-06,capacity_certificate
S0896,896,14,26,6,5,5,5,5,5,5,0.0008323999354615808,4.700035788118839e-06,3.6999117583036423e-06,3.300025127828121e-06,capacity_certificate
S0897,897,14,26,6,5,5,6,6,5,5,0.0006572999991476536,0.00015440001152455807,0.0028732999926432967,4.699919372797012e-06,capacity_certificate
S0898,898,14,26,6,5,5,5,5,5,5,0.0011006999993696809,6.600050255656242e-06,3.999914042651653e-06,3.200024366378784e-06,capacity_certificate
S0899,899,14,26,6,5,5,5,5,5,5,0.0012069999938830733,6.400048732757568e-06,4.199915565550327e-06,3.300025127828121e-06,capacity_certificate
S0900,900,14,26,6,5,5,5,5,5,5,0.001218099961988628,7.899943739175797e-06,4.900037311017513e-06,3.600027412176132e-06,capacity_certificate
S0901,901,14,26,6,5,5,5,5,5,5,0.0012112000258639455,5.900044925510883e-06,4.399917088449001e-06,3.8000289350748062e-06,capacity_certificate
S0902,902,14,26,6,5,5,5,5,5,5,0.0011786000104621053,4.900037311017513e-06,4.799920134246349e-06,3.300025127828121e-06,capacity_certificate
S0903,903,14,26,6,5,5,5,5,5,5,0.0011262999614700675,4.700035788118839e-06,3.4999102354049683e-06,3.00002284348011e-06,capacity_certificate
S0904,904,14,26,6,5,5,5,5,5,5,0.0012369999894872308,7.1999384090304375e-06,5.100038833916187e-06,3.3999094739556313e-06,capacity_certificate
S0905,905,14,26,6,5,5,5,5,5,5,0.0011251999530941248,5.00003807246685e-06,3.700028173625469e-06,3.300025127828121e-06,capacity_certificate
S0906,906,14,26,6,5,5,5,5,5,5,0.001056700013577938,4.800036549568176e-06,3.700028173625469e-06,4.199915565550327e-06,capacity_certificate
S0907,907,14,26,6,5,5,5,5,5,5,0.0010940999491140246,4.900037311017513e-06,3.500026650726795e-06,3.1999079510569572e-06,capacity_certificate
S0908,908,14,26,6,5,5,5,5,5,5,0.0009951000101864338,5.799927748739719e-06,3.500026650726795e-06,4.300032742321491e-06,capacity_certificate
S0909,909,14,26,6,5,5,5,5,5,5,0.0010111000156030059,7.00005330145359e-06,4.09991480410099e-06,3.00002284348011e-06,capacity_certificate
S0910,910,14,26,6,5,5,5,5,5,5,0.0009176000021398067,4.699919372797012e-06,3.700028173625469e-06,3.300025127828121e-06,capacity_certificate
S0911,911,14,26,6,5,5,5,5,5,5,0.0009857999393716455,4.799920134246349e-06,3.600027412176132e-06,3.100023604929447e-06,capacity_certificate
S0912,912,14,26,6,5,5,5,5,5,5,0.0011793000157922506,6.7999353632330894e-06,4.300032742321491e-06,3.500026650726795e-06,capacity_certificate
S0913,913,14,26,6,5,5,5,5,5,5,0.0014690998941659927,6.600050255656242e-06,4.499917849898338e-06,4.00003045797348e-06,capacity_certificate
S0914,914,14,26,6,5,5,5,5,5,5,0.001230300054885447,7.100054062902927e-06,5.299923941493034e-06,4.700035788118839e-06,capacity_certificate
S0915,915,14,26,6,5,5,5,5,5,5,0.00165200000628829,9.7999582067132e-06,6.600050255656242e-06,5.799927748739719e-06,capacity_certificate
S0916,916,14,26,6,5,5,5,5,5,5,0.0015456000110134482,8.300063200294971e-06,5.300040356814861e-06,4.300032742321491e-06,capacity_certificate
S0917,917,14,26,6,5,5,5,5,5,5,0.0014434999320656061,7.100054062902927e-06,5.300040356814861e-06,4.399917088449001e-06,capacity_certificate
S0918,918,14,26,6,5,5,5,5,5,5,0.001443500048480928,9.999959729611874e-06,5.900044925510883e-06,4.599918611347675e-06,capacity_certificate
S0919,919,14,26,6,5,5,5,5,5,5,0.0014703000197187066,8.900067768990993e-06,5.799927748739719e-06,4.700035788118839e-06,capacity_certificate
S0920,920,14,26,6,5,5,5,5,5,5,0.001798100071027875,7.5999414548277855e-06,4.900037311017513e-06,4.500034265220165e-06,capacity_certificate
S0921,921,14,26,5,6,6,6,6,6,6,0.0010010000551119447,7.300055585801601e-06,4.700035788118839e-06,3.899913281202316e-06,capacity_certificate
S0922,922,14,26,6,5,5,5,5,5,5,0.0011821999214589596,7.500057108700275e-06,4.699919372797012e-06,4.00003045797348e-06,capacity_certificate
S0923,923,14,26,6,5,5,5,5,5,5,0.0010628999443724751,1.8000020645558834e-05,1.1199968867003918e-05,9.299954399466515e-06,capacity_certificate
S0924,924,14,26,6,5,5,5,5,5,5,0.0010334999533370137,7.1999384090304375e-06,4.500034265220165e-06,3.700028173625469e-06,capacity_certificate
S0925,925,14,26,6,5,5,5,5,5,5,0.0010272000217810273,5.899928510189056e-06,3.8000289350748062e-06,3.100023604929447e-06,capacity_certificate
S0926,926,14,26,6,5,5,5,5,5,5,0.0010636999504640698,5.399924702942371e-06,4.00003045797348e-06,3.600027412176132e-06,capacity_certificate
S0927,927,14,26,6,5,5,5,5,5,5,0.0013913000002503395,8.09994526207447e-06,5.600042641162872e-06,4.799920134246349e-06,capacity_certificate
S0928,928,14,26,6,5,5,5,5,5,5,0.0011783000081777573,8.199946023523808e-06,5.600042641162872e-06,4.600035026669502e-06,capacity_certificate
S0929,929,14,26,6,5,5,5,5,5,5,0.0011875999625772238,6.7999353632330894e-06,5.200039595365524e-06,4.700035788118839e-06,capacity_certificate
S0930,930,14,26,6,5,5,5,5,5,5,0.0015687000704929233,8.499948307871819e-06,6.00004568696022e-06,5.100038833916187e-06,capacity_certificate
S0931,931,14,26,6,5,5,5,5,5,5,0.0013852999545633793,7.79994297772646e-06,5.100038833916187e-06,4.100031219422817e-06,capacity_certificate
S0932,932,14,26,6,5,5,5,5,5,5,0.0013551999581977725,7.4999406933784485e-06,5.800044164061546e-06,5.999929271638393e-06,capacity_certificate
S0933,933,14,26,6,5,5,5,5,5,5,0.0017146000172942877,1.1200085282325745e-05,0.00010730000212788582,9.199953638017178e-06,capacity_certificate
S0934,934,14,26,6,5,5,5,5,5,5,0.0016138999490067363,9.199953638017178e-06,6.500049494206905e-06,5.500041879713535e-06,capacity_certificate
S0935,935,14,26,6,5,5,5,5,5,5,0.001969599979929626,1.0399962775409222e-05,6.800051778554916e-06,5.399924702942371e-06,capacity_certificate
S0936,936,14,26,6,5,5,5,5,5,5,0.0020219000289216638,9.7999582067132e-06,5.999929271638393e-06,4.600035026669502e-06,capacity_certificate
S0937,937,14,26,6,5,5,5,5,5,5,0.00148610002361238,9.09995287656784e-06,5.700043402612209e-06,5.09992241859436e-06,capacity_certificate
S0938,938,14,26,5,6,6,6,6,6,6,0.0014432999305427074,8.599949069321156e-06,5.800044164061546e-06,4.999921657145023e-06,capacity_certificate
S0939,939,14,26,6,5,5,5,5,5,5,0.0014345000963658094,8.600065484642982e-06,5.299923941493034e-06,4.900037311017513e-06,capacity_certificate
S0940,940,14,26,6,5,5,5,5,5,5,0.001435799989849329,7.900060154497623e-06,5.700043402612209e-06,5.199923180043697e-06,capacity_certificate
S0941,941,14,26,6,5,5,5,5,5,5,0.0026009000139310956,1.109996810555458e-05,8.100061677396297e-06,5.799927748739719e-06,capacity_certificate
S0942,942,14,26,6,5,5,5,5,5,5,0.0018681000219658017,9.70007386058569e-06,6.5999338403344154e-06,5.400041118264198e-06,capacity_certificate
S0943,943,14,26,6,5,5,5,5,5,5,0.0016963999951258302,9.09995287656784e-06,7.200054824352264e-06,4.899920895695686e-06,capacity_certificate
S0944,944,14,26,6,5,5,5,5,5,5,0.001434599980711937,7.6000578701496124e-06,5.699926987290382e-06,4.800036549568176e-06,capacity_certificate
S0945,945,14,26,6,5,5,5,5,5,5,0.0015827000606805086,7.900060154497623e-06,6.100046448409557e-06,6.9999368861317635e-06,capacity_certificate
S0946,946,14,26,6,5,5,5,5,5,5,0.0015459000132977962,8.199946023523808e-06,5.800044164061546e-06,4.700035788118839e-06,capacity_certificate
S0947,947,14,26,6,5,5,5,5,5,5,0.0015423999866470695,1.0599964298307896e-05,6.200047209858894e-06,6.6999346017837524e-06,capacity_certificate
S0948,948,14,26,6,5,5,5,5,5,5,0.0021189000690355897,1.1599971912801266e-05,7.2999391704797745e-06,6.100046448409557e-06,capacity_certificate
S0949,949,14,26,6,5,5,5,5,5,5,0.0021192000713199377,1.1299969628453255e-05,7.899943739175797e-06,6.900052540004253e-06,capacity_certificate
S0950,950,14,26,6,5,5,5,5,5,5,0.002040599938482046,1.2699980288743973e-05,7.4999406933784485e-06,5.900044925510883e-06,capacity_certificate
S0951,951,14,26,6,5,5,5,5,5,5,0.0018162999767810106,9.500072337687016e-06,6.9999368861317635e-06,6.100046448409557e-06,capacity_certificate
S0952,952,14,26,5,6,6,6,6,6,6,0.002184899989515543,1.279998105019331e-05,7.699942216277122e-06,6.800051778554916e-06,capacity_certificate
S0953,953,14,26,6,5,5,5,5,5,5,0.00187590008135885,1.2300093658268452e-05,8.199946023523808e-06,6.900052540004253e-06,capacity_certificate
S0954,954,14,26,6,5,5,5,5,5,5,0.002486899960786104,1.070008147507906e-05,7.2999391704797745e-06,6.100046448409557e-06,capacity_certificate
S0955,955,14,26,6,5,5,5,5,5,5,0.0020725999493151903,1.0800082236528397e-05,8.599949069321156e-06,6.00004568696022e-06,capacity_certificate
S0956,956,14,26,5,6,6,6,6,6,6,0.0019420000026002526,9.499955922365189e-06,5.900044925510883e-06,4.799920134246349e-06,capacity_certificate
S0957,957,14,26,6,5,5,5,5,5,5,0.0014482000842690468,7.5999414548277855e-06,5.400041118264198e-06,4.799920134246349e-06,capacity_certificate
S0958,958,14,26,6,5,5,5,5,5,5,0.0016728999326005578,8.599949069321156e-06,6.00004568696022e-06,5.300040356814861e-06,capacity_certificate
S0959,959,14,26,6,5,5,5,5,5,5,0.0019484999356791377,1.0899966582655907e-05,6.8999361246824265e-06,5.700043402612209e-06,capacity_certificate
S0960,960,14,26,5,6,6,6,6,6,6,0.0009588999673724174,1.0499963536858559e-05,7.00005330145359e-06,6.09993003308773e-06,capacity_certificate
S0961,961,14,26,5,6,6,6,6,6,6,0.0010770000517368317,1.0900082997977734e-05,8.199946023523808e-06,6.900052540004253e-06,capacity_certificate
S0962,962,14,26,5,6,6,6,6,6,6,0.0010726000182330608,1.200009137392044e-05,8.09994526207447e-06,6.500049494206905e-06,capacity_certificate
S0963,963,14,26,6,5,5,6,6,5,5,0.0013617000076919794,0.000322899897582829,0.006524100084789097,1.1699972674250603e-05,capacity_certificate
S0964,964,14,26,6,5,5,5,5,5,5,0.002730900072492659,1.680001150816679e-05,9.7999582067132e-06,8.499948307871819e-06,capacity_certificate
S0965,965,14,26,6,5,5,5,5,5,5,0.0022854999406263232,1.5300000086426735e-05,9.999959729611874e-06,8.699949830770493e-06,capacity_certificate
S0966,966,14,26,6,5,5,5,5,5,5,0.002125700004398823,1.2599979527294636e-05,8.500064723193645e-06,7.2999391704797745e-06,capacity_certificate
S0967,967,14,26,6,5,5,5,5,5,5,0.0019023000495508313,1.1600088328123093e-05,8.600065484642982e-06,7.4999406933784485e-06,capacity_certificate
S0968,968,14,26,6,5,5,5,5,5,5,0.002392300055362284,1.6200006939470768e-05,1.1399970389902592e-05,9.999959729611874e-06,capacity_certificate
S0969,969,14,26,6,5,5,5,5,5,5,0.002233599894680083,1.0599964298307896e-05,8.200062438845634e-06,7.3999399319291115e-06,capacity_certificate
S0970,970,14,26,6,5,5,5,5,5,5,0.002302599954418838,1.3399985618889332e-05,8.599949069321156e-06,7.200054824352264e-06,capacity_certificate
S0971,971,14,26,6,5,5,5,5,5,5,0.0025473000714555383,1.6099889762699604e-05,1.0600080713629723e-05,8.499948307871819e-06,capacity_certificate
S0972,972,14,26,6,5,5,5,5,5,5,0.0023842999944463372,1.7400016076862812e-05,1.079996582120657e-05,9.09995287656784e-06,capacity_certificate
S0973,973,14,26,6,5,5,5,5,5,5,0.0019863999914377928,1.5300000086426735e-05,1.009996049106121e-05,8.400063961744308e-06,capacity_certificate
S0974,974,14,26,6,5,5,5,5,5,5,0.0017093999776989222,2.050003968179226e-05,9.09995287656784e-06,8.600065484642982e-06,capacity_certificate
S0975,975,14,26,6,5,5,5,5,5,5,0.0015611000126227736,1.1299969628453255e-05,7.200054824352264e-06,6.5999338403344154e-06,capacity_certificate
S0976,976,14,26,6,5,5,5,5,5,5,0.0016889000544324517,1.4400109648704529e-05,8.699949830770493e-06,7.5999414548277855e-06,capacity_certificate
S0977,977,14,26,6,5,5,5,5,5,5,0.002368499990552664,1.4599994756281376e-05,9.7999582067132e-06,8.200062438845634e-06,capacity_certificate
S0978,978,14,26,6,5,5,5,5,5,5,0.0020578999537974596,1.5400000847876072e-05,8.500064723193645e-06,7.0999376475811005e-06,capacity_certificate
S0979,979,14,26,6,5,5,5,5,5,5,0.0021288000280037522,1.1399970389902592e-05,7.1999384090304375e-06,5.600042641162872e-06,capacity_certificate
S0980,980,14,26,6,5,5,5,5,5,5,0.0015022000297904015,9.00006853044033e-06,6.7999353632330894e-06,5.600042641162872e-06,capacity_certificate
S0981,981,14,26,6,5,5,5,5,5,5,0.00196899997536093,1.009996049106121e-05,6.300047971308231e-06,5.199923180043697e-06,capacity_certificate
S0982,982,14,26,6,5,5,5,5,5,5,0.0015836999518796802,8.300063200294971e-06,7.79994297772646e-06,5.500041879713535e-06,capacity_certificate
S0983,983,14,26,6,5,5,5,5,5,5,0.0019531999714672565,1.0300078429281712e-05,6.8999361246824265e-06,5.700043402612209e-06,capacity_certificate
S0984,984,14,26,6,5,5,5,5,5,5,0.0023601000430062413,8.600065484642982e-06,7.5999414548277855e-06,6.800051778554916e-06,capacity_certificate
S0985,985,14,26,6,5,5,5,5,5,5,0.0017337000463157892,9.09995287656784e-06,6.00004568696022e-06,4.500034265220165e-06,capacity_certificate
S0986,986,14,26,6,5,5,5,5,5,5,0.0017859999788925052,7.100054062902927e-06,4.400033503770828e-06,4.599918611347675e-06,capacity_certificate
S0987,987,14,26,5,6,6,7,6,6,6,0.0008765999227762222,0.00013990001752972603,0.0020604999735951424,4.400033503770828e-06,capacity_certificate
S0988,988,14,26,6,5,5,5,5,5,5,0.001105500035919249,6.5999338403344154e-06,3.700028173625469e-06,4.300032742321491e-06,capacity_certificate
S0989,989,14,26,6,5,5,5,5,5,5,0.0010273000225424767,5.300040356814861e-06,3.600027412176132e-06,3.00002284348011e-06,capacity_certificate
S0990,990,14,26,6,5,5,5,5,5,5,0.001116100000217557,5.699926987290382e-06,3.700028173625469e-06,4.400033503770828e-06,capacity_certificate
S0991,991,14,26,6,5,5,5,5,5,5,0.0013811999233439565,5.900044925510883e-06,3.899913281202316e-06,3.00002284348011e-06,capacity_certificate
S0992,992,14,26,6,5,5,5,5,5,5,0.0012623999500647187,5.600042641162872e-06,3.7999125197529793e-06,3.100023604929447e-06,capacity_certificate
S0993,993,14,26,5,6,6,6,6,6,6,0.0009657000191509724,5.00003807246685e-06,3.700028173625469e-06,3.200024366378784e-06,capacity_certificate
S0994,994,14,26,6,5,5,5,5,5,5,0.0012378999963402748,7.5999414548277855e-06,5.100038833916187e-06,4.200031980872154e-06,capacity_certificate
S0995,995,14,26,6,5,5,5,5,5,5,0.0011698000598698854,6.700051017105579e-06,4.400033503770828e-06,3.4999102354049683e-06,capacity_certificate
S0996,996,14,26,6,5,5,5,5,5,5,0.0012106000212952495,5.800044164061546e-06,4.600035026669502e-06,3.999914042651653e-06,capacity_certificate
S0997,997,14,26,6,5,5,5,5,5,5,0.0017331999260932207,6.700051017105579e-06,5.300040356814861e-06,4.199915565550327e-06,capacity_certificate
S0998,998,14,26,6,5,5,5,5,5,5,0.002056300058029592,9.299954399466515e-06,5.800044164061546e-06,4.299916326999664e-06,capacity_certificate
S0999,999,14,26,6,5,5,5,5,5,5,0.001752300071530044,1.0100076906383038e-05,6.500049494206905e-06,5.300040356814861e-06,capacity_certificate
S1000,1000,14,26,6,5,5,5,5,5,5,0.0022897999733686447,4.75000124424696e-05,8.900067768990993e-06,6.299931555986404e-06,capacity_certificate
S1001,1001,14,26,6,5,5,5,5,5,5,0.0025478999596089125,9.400071576237679e-06,6.299931555986404e-06,4.900037311017513e-06,capacity_certificate
S1002,1002,14,26,6,5,5,5,5,5,5,0.002164200064726174,9.499955922365189e-06,5.400041118264198e-06,4.300032742321491e-06,capacity_certificate
S1003,1003,14,26,5,6,6,6,6,6,6,0.001043400028720498,5.899928510189056e-06,4.500034265220165e-06,4.00003045797348e-06,capacity_certificate
S1004,1004,14,26,5,6,6,6,6,6,6,0.0012377999955788255,6.3999323174357414e-06,4.900037311017513e-06,4.600035026669502e-06,capacity_certificate
S1005,1005,14,26,6,5,5,5,5,5,5,0.0022817000281065702,7.79994297772646e-06,5.200039595365524e-06,4.199915565550327e-06,capacity_certificate
S1006,1006,14,26,6,5,5,5,5,5,5,0.0014001999516040087,6.900052540004253e-06,4.899920895695686e-06,4.00003045797348e-06,capacity_certificate
S1007,1007,14,26,6,5,5,5,5,5,5,0.0013082000659778714,5.599926225841045e-06,4.100031219422817e-06,3.500026650726795e-06,capacity_certificate
S1008,1008,14,26,6,5,5,5,5,5,5,0.0016636999789625406,7.300055585801601e-06,4.100031219422817e-06,3.0999071896076202e-06,capacity_certificate
S1009,1009,14,26,6,5,5,5,5,5,5,0.0014694000128656626,6.00004568696022e-06,4.500034265220165e-06,3.6999117583036423e-06,capacity_certificate
S1010,1010,14,26,6,5,5,5,5,5,5,0.0018010999774560332,6.00004568696022e-06,4.700035788118839e-06,4.299916326999664e-06,capacity_certificate
S1011,1011,14,26,5,6,6,6,6,6,6,0.0013177999062463641,8.399947546422482e-06,5.400041118264198e-06,4.300032742321491e-06,capacity_certificate
S1012,1012,14,26,6,5,5,5,5,5,5,0.001790700014680624,6.299931555986404e-06,5.900044925510883e-06,4.300032742321491e-06,capacity_certificate
S1013,1013,14,26,5,6,6,6,6,6,6,0.001011700020171702,6.600050255656242e-06,4.100031219422817e-06,3.3999094739556313e-06,capacity_certificate
S1014,1014,14,26,5,6,6,6,6,6,6,0.0011912999907508492,7.699942216277122e-06,4.500034265220165e-06,3.700028173625469e-06,capacity_certificate
S1015,1015,14,26,6,5,5,5,5,5,5,0.0012721000239253044,9.09995287656784e-06,6.100046448409557e-06,5.100038833916187e-06,capacity_certificate
S1016,1016,14,26,6,5,5,5,5,5,5,0.001312499982304871,8.900067768990993e-06,6.199930794537067e-06,5.300040356814861e-06,capacity_certificate
S1017,1017,14,26,6,5,5,5,5,5,5,0.0017707999795675278,1.0600080713629723e-05,7.0999376475811005e-06,5.600042641162872e-06,capacity_certificate
S1018,1018,14,26,6,5,5,5,5,5,5,0.0013816999271512032,7.699942216277122e-06,5.500041879713535e-06,4.599918611347675e-06,capacity_certificate
S1019,1019,14,26,6,5,5,5,5,5,5,0.002054199925623834,4.83999028801918e-05,5.900044925510883e-06,4.600035026669502e-06,capacity_certificate
S1020,1020,14,26,6,5,5,5,5,5,5,0.0018442999571561813,9.999959729611874e-06,6.600050255656242e-06,5.299923941493034e-06,capacity_certificate
S1021,1021,14,26,6,5,5,5,5,5,5,0.0015791000332683325,8.600065484642982e-06,5.199923180043697e-06,4.500034265220165e-06,capacity_certificate
S1022,1022,14,26,6,5,5,5,5,5,5,0.0019781000446528196,7.79994297772646e-06,5.100038833916187e-06,3.899913281202316e-06,capacity_certificate
S1023,1023,14,26,6,5,5,5,5,5,5,0.0011741999769583344,5.100038833916187e-06,7.5999414548277855e-06,3.700028173625469e-06,capacity_certificate
S1024,1024,14,26,6,5,5,5,5,5,5,0.0007917999755591154,4.500034265220165e-06,3.400025889277458e-06,3.100023604929447e-06,capacity_certificate
S1025,1025,14,26,6,5,5,5,5,5,5,0.000763299991376698,4.500034265220165e-06,4.100031219422817e-06,2.8999056667089462e-06,capacity_certificate
S1026,1026,14,26,6,5,5,5,5,5,5,0.0010383999906480312,5.700043402612209e-06,3.600027412176132e-06,2.8999056667089462e-06,capacity_certificate
S1027,1027,14,26,6,5,5,5,5,5,5,0.0008645000634714961,5.100038833916187e-06,3.2999087125062943e-06,4.00003045797348e-06,capacity_certificate
S1028,1028,14,26,6,5,5,5,5,5,5,0.000757400062866509,5.299923941493034e-06,3.600027412176132e-06,2.900022082030773e-06,capacity_certificate
S1029,1029,14,26,6,5,5,5,5,5,5,0.0008585999021306634,5.500041879713535e-06,3.600027412176132e-06,4.200031980872154e-06,capacity_certificate
S1030,1030,14,26,5,6,6,7,6,6,6,0.0007120000664144754,0.00014180003199726343,0.0019816000713035464,3.6999117583036423e-06,capacity_certificate
S1031,1031,14,26,6,5,5,5,5,5,5,0.0007661000126972795,5.499925464391708e-06,3.300025127828121e-06,4.200031980872154e-06,capacity_certificate
S1032,1032,14,26,6,5,5,5,5,5,5,0.0008671999676153064,5.500041879713535e-06,3.300025127828121e-06,3.00002284348011e-06,capacity_certificate
S1033,1033,14,26,6,5,5,5,5,5,5,0.0012265000259503722,7.00005330145359e-06,4.699919372797012e-06,9.70007386058569e-06,capacity_certificate
S1034,1034,14,26,6,5,5,5,5,5,5,0.0013322000158950686,6.800051778554916e-06,5.09992241859436e-06,3.600027412176132e-06,capacity_certificate
S1035,1035,14,26,6,5,5,5,5,5,5,0.0013629000168293715,5.699926987290382e-06,4.100031219422817e-06,3.600027412176132e-06,capacity_certificate
S1036,1036,14,26,5,6,6,6,6,6,6,0.0008211000822484493,5.399924702942371e-06,4.100031219422817e-06,3.500026650726795e-06,capacity_certificate
S1037,1037,14,26,6,5,5,5,5,5,5,0.001449999981559813,7.5999414548277855e-06,4.900037311017513e-06,4.199915565550327e-06,capacity_certificate
S1038,1038,14,26,6,5,5,5,5,5,5,0.001428700052201748,7.900060154497623e-06,5.399924702942371e-06,4.500034265220165e-06,capacity_certificate
S1039,1039,14,26,6,5,5,5,5,5,5,0.001310099964030087,7.100054062902927e-06,4.299916326999664e-06,3.600027412176132e-06,capacity_certificate
S1040,1040,14,26,5,6,6,6,6,6,6,0.0008951000636443496,6.09993003308773e-06,3.700028173625469e-06,3.400025889277458e-06,capacity_certificate
S1041,1041,14,26,5,6,6,6,6,6,6,0.0007019999902695417,4.800036549568176e-06,3.5999109968543053e-06,2.800021320581436e-06,capacity_certificate
S1042,1042,14,26,6,5,5,5,5,5,5,0.0007606999715790153,4.799920134246349e-06,3.400025889277458e-06,2.900022082030773e-06,capacity_certificate
S1043,1043,14,26,6,5,5,5,5,5,5,0.001145099988207221,6.900052540004253e-06,3.899913281202316e-06,3.00002284348011e-06,capacity_certificate
S1044,1044,14,26,6,5,5,5,5,5,5,0.0011504999129101634,3.270001616328955e-05,5.299923941493034e-06,3.8000289350748062e-06,capacity_certificate
S1045,1045,14,26,6,5,5,5,5,5,5,0.0016905000666156411,1.0200077667832375e-05,5.799927748739719e-06,4.300032742321491e-06,capacity_certificate
S1046,1046,14,26,5,6,6,6,6,6,6,0.0009970000246539712,7.500057108700275e-06,5.199923180043697e-06,4.600035026669502e-06,capacity_certificate
S1047,1047,14,26,5,6,6,6,6,6,6,0.0014668999938294291,8.800067007541656e-06,5.999929271638393e-06,5.00003807246685e-06,capacity_certificate
S1048,1048,14,26,6,5,5,5,5,5,5,0.0017314000288024545,8.09994526207447e-06,5.200039595365524e-06,4.300032742321491e-06,capacity_certificate
S1049,1049,14,26,6,5,5,5,5,5,5,0.0019224999705329537,6.500049494206905e-06,4.400033503770828e-06,3.7999125197529793e-06,capacity_certificate
S1050,1050,14,26,5,6,6,6,6,6,6,0.0013336000265553594,7.2999391704797745e-06,4.400033503770828e-06,3.700028173625469e-06,capacity_certificate
S1051,1051,14,26,5,6,6,6,6,6,6,0.0008694999851286411,7.100054062902927e-06,1.3299984857439995e-05,3.500026650726795e-06,capacity_certificate
S1052,1052,14,26,5,6,6,6,6,6,6,0.000888700014911592,5.800044164061546e-06,4.300032742321491e-06,3.6999117583036423e-06,capacity_certificate
S1053,1053,14,26,6,5,5,5,5,5,5,0.002049400005489588,1.1899974197149277e-05,6.700051017105579e-06,5.700043402612209e-06,capacity_certificate
S1054,1054,14,26,6,5,5,5,5,5,5,0.001129099982790649,8.600065484642982e-06,5.799927748739719e-06,4.900037311017513e-06,capacity_certificate
S1055,1055,14,26,6,5,5,5,5,5,5,0.0009858999401330948,5.700043402612209e-06,4.200031980872154e-06,3.7999125197529793e-06,capacity_certificate
S1056,1056,14,26,6,5,5,5,5,5,5,0.0009717000648379326,5.799927748739719e-06,3.8000289350748062e-06,3.300025127828121e-06,capacity_certificate
S1057,1057,14,26,6,5,5,5,5,5,5,0.0011993999360129237,6.7999353632330894e-06,3.8000289350748062e-06,3.300025127828121e-06,capacity_certificate
S1058,1058,14,26,6,5,5,5,5,5,5,0.0007738000713288784,5.299923941493034e-06,4.300032742321491e-06,3.400025889277458e-06,capacity_certificate
S1059,1059,14,26,6,5,5,5,5,5,5,0.0013389000669121742,7.899943739175797e-06,4.800036549568176e-06,3.900029696524143e-06,capacity_certificate
S1060,1060,14,26,5,6,6,6,6,6,6,0.0011507999151945114,8.79995059221983e-06,5.800044164061546e-06,4.499917849898338e-06,capacity_certificate
S1061,1061,14,26,6,5,5,5,5,5,5,0.0014593000523746014,9.199953638017178e-06,5.400041118264198e-06,4.00003045797348e-06,capacity_certificate
S1062,1062,14,26,6,5,5,5,5,5,5,0.0010760000441223383,7.5999414548277855e-06,4.900037311017513e-06,4.400033503770828e-06,capacity_certificate
S1063,1063,14,26,6,5,5,5,5,5,5,0.001325499964877963,1.1399970389902592e-05,7.300055585801601e-06,6.199930794537067e-06,capacity_certificate
S1064,1064,14,26,6,5,5,5,5,5,5,0.0012777000665664673,8.399947546422482e-06,5.500041879713535e-06,4.600035026669502e-06,capacity_certificate
S1065,1065,14,26,6,5,5,5,5,5,5,0.0013108999701216817,7.699942216277122e-06,5.500041879713535e-06,5.199923180043697e-06,capacity_certificate
S1066,1066,14,26,5,6,6,6,6,6,6,0.001574199995957315,8.79995059221983e-06,5.700043402612209e-06,4.500034265220165e-06,capacity_certificate
S1067,1067,14,26,6,5,5,5,5,5,5,0.001111700083129108,7.0999376475811005e-06,5.00003807246685e-06,4.400033503770828e-06,capacity_certificate
S1068,1068,14,26,6,5,5,5,5,5,5,0.0013271999778226018,1.0200077667832375e-05,6.6999346017837524e-06,5.400041118264198e-06,capacity_certificate
S1069,1069,14,26,6,5,5,5,5,5,5,0.0019795000553131104,9.899958968162537e-06,6.300047971308231e-06,5.200039595365524e-06,capacity_certificate
S1070,1070,14,26,5,6,6,6,6,6,6,0.0012543000048026443,8.500064723193645e-06,5.600042641162872e-06,4.699919372797012e-06,capacity_certificate
S1071,1071,14,26,5,6,6,6,6,6,6,0.0015557999722659588,7.999944500625134e-06,5.900044925510883e-06,5.500041879713535e-06,capacity_certificate
S1072,1072,14,26,6,5,5,5,5,5,5,0.001892999978736043,1.2699980288743973e-05,7.999944500625134e-06,6.800051778554916e-06,capacity_certificate
S1073,1073,14,26,5,6,6,6,6,6,6,0.002126400009728968,1.3199984095990658e-05,7.999944500625134e-06,6.800051778554916e-06,capacity_certificate
S1074,1074,14,26,5,6,6,6,6,6,6,0.0022412000689655542,1.1999974958598614e-05,7.5999414548277855e-06,5.900044925510883e-06,capacity_certificate
S1075,1075,14,26,6,5,5,5,5,5,5,0.0020797000033780932,1.0299962013959885e-05,6.800051778554916e-06,5.399924702942371e-06,capacity_certificate
S1076,1076,14,26,5,6,6,6,6,6,6,0.0014922000700607896,9.499955922365189e-06,5.700043402612209e-06,4.600035026669502e-06,capacity_certificate
S1077,1077,14,26,5,6,6,6,6,6,6,0.0013163000112399459,7.100054062902927e-06,5.09992241859436e-06,4.500034265220165e-06,capacity_certificate
S1078,1078,14,26,6,5,5,5,5,5,5,0.001128499978221953,8.800067007541656e-06,6.299931555986404e-06,5.700043402612209e-06,capacity_certificate
S1079,1079,14,26,6,5,5,5,5,5,5,0.001117600011639297,1.009996049106121e-05,6.400048732757568e-06,5.100038833916187e-06,capacity_certificate
S1080,1080,14,26,6,5,5,5,5,5,5,0.0010804999619722366,8.299946784973145e-06,6.100046448409557e-06,5.200039595365524e-06,capacity_certificate
S1081,1081,14,26,6,5,5,5,5,5,5,0.0014639000874012709,9.299954399466515e-06,6.500049494206905e-06,5.900044925510883e-06,capacity_certificate
S1082,1082,14,26,6,5,5,5,5,5,5,0.001283199992030859,1.0199961252510548e-05,6.500049494206905e-06,5.200039595365524e-06,capacity_certificate
S1083,1083,14,26,6,5,5,5,5,5,5,0.001766399946063757,9.7999582067132e-06,6.300047971308231e-06,5.300040356814861e-06,capacity_certificate
S1084,1084,14,26,6,5,5,5,5,5,5,0.001555299968458712,1.279998105019331e-05,7.100054062902927e-06,5.900044925510883e-06,capacity_certificate
S1085,1085,14,26,6,5,5,5,5,5,5,0.0012380999978631735,8.899951353669167e-06,5.900044925510883e-06,4.999921657145023e-06,capacity_certificate
S1086,1086,14,26,6,5,5,5,5,5,5,0.00107999995816499,6.700051017105579e-06,4.999921657145023e-06,4.400033503770828e-06,capacity_certificate
S1087,1087,14,26,6,5,5,5,5,5,5,0.0014730000402778387,7.00005330145359e-06,4.09991480410099e-06,3.600027412176132e-06,capacity_certificate
S1088,1088,14,26,6,5,5,5,5,5,5,0.0011986999306827784,7.0999376475811005e-06,4.500034265220165e-06,3.500026650726795e-06,capacity_certificate
S1089,1089,14,26,6,5,5,5,5,5,5,0.0007519000209867954,4.899920895695686e-06,3.700028173625469e-06,3.200024366378784e-06,capacity_certificate
S1090,1090,14,26,6,5,5,5,5,5,5,0.0010198999661952257,4.800036549568176e-06,3.500026650726795e-06,3.1999079510569572e-06,capacity_certificate
S1091,1091,14,26,6,5,5,5,5,5,5,0.0012305999407544732,6.200047209858894e-06,3.5999109968543053e-06,3.00002284348011e-06,capacity_certificate
S1092,1092,14,26,6,5,5,5,5,5,5,0.001122599933296442,6.6999346017837524e-06,4.00003045797348e-06,3.600027412176132e-06,capacity_certificate
S1093,1093,14,26,6,5,5,5,5,5,5,0.0010352999670431018,5.900044925510883e-06,3.4999102354049683e-06,2.900022082030773e-06,capacity_certificate
S1094,1094,14,26,6,5,5,5,5,5,5,0.0011215000413358212,5.300040356814861e-06,3.5999109968543053e-06,3.200024366378784e-06,capacity_certificate
S1095,1095,14,26,6,5,5,5,5,5,5,0.0004474999150261283,6.9999368861317635e-06,4.100031219422817e-06,3.700028173625469e-06,capacity_certificate
S1096,1096,14,26,6,5,5,5,5,5,5,0.0004708999767899513,6.00004568696022e-06,4.09991480410099e-06,3.200024366378784e-06,capacity_certificate
S1097,1097,14,26,6,5,5,5,5,5,5,0.0004599000094458461,4.600035026669502e-06,3.600027412176132e-06,3.100023604929447e-06,capacity_certificate
S1098,1098,14,26,6,5,5,5,5,5,5,0.000749400001950562,5.300040356814861e-06,4.00003045797348e-06,3.4999102354049683e-06,capacity_certificate
S1099,1099,14,26,6,5,5,5,5,5,5,0.0006986999651417136,4.400033503770828e-06,3.600027412176132e-06,3.100023604929447e-06,capacity_certificate
S1100,1100,14,26,6,5,5,5,5,5,5,0.0005193999968469143,5.200039595365524e-06,3.8000289350748062e-06,3.300025127828121e-06,capacity_certificate
S1101,1101,14,26,6,5,5,5,5,5,5,0.0008302999194711447,6.00004568696022e-06,4.300032742321491e-06,3.6999117583036423e-06,capacity_certificate
S1102,1102,14,26,6,5,5,5,5,5,5,0.0008045999566093087,4.999921657145023e-06,3.900029696524143e-06,3.400025889277458e-06,capacity_certificate
S1103,1103,14,26,6,5,5,5,5,5,5,0.0007714000530540943,4.499917849898338e-06,3.400025889277458e-06,3.100023604929447e-06,capacity_certificate
S1104,1104,14,26,6,5,5,5,5,5,5,0.0010834999848157167,6.300047971308231e-06,4.00003045797348e-06,2.9999064281582832e-06,capacity_certificate
S1105,1105,14,26,6,5,5,5,5,5,5,0.000511899939738214,5.600042641162872e-06,3.900029696524143e-06,3.2999087125062943e-06,capacity_certificate
S1106,1106,14,26,6,5,5,5,5,5,5,0.00048340007197111845,5.100038833916187e-06,3.600027412176132e-06,3.0999071896076202e-06,capacity_certificate
S1107,1107,14,26,6,5,5,5,5,5,5,0.0004857999738305807,4.400033503770828e-06,3.5999109968543053e-06,3.100023604929447e-06,capacity_certificate
S1108,1108,14,26,6,5,5,5,5,5,5,0.0004958000499755144,4.199915565550327e-06,3.300025127828121e-06,2.900022082030773e-06,capacity_certificate
S1109,1109,14,26,6,5,5,5,5,5,5,0.000561599968932569,6.900052540004253e-06,4.500034265220165e-06,3.999914042651653e-06,capacity_certificate
S1110,1110,14,26,5,6,6,6,6,6,6,0.0008041999535635114,4.700035788118839e-06,3.3999094739556313e-06,2.900022082030773e-06,capacity_certificate
S1111,1111,14,26,6,5,5,5,5,5,5,0.0005129000637680292,5.600042641162872e-06,3.500026650726795e-06,2.9999064281582832e-06,capacity_certificate
S1112,1112,14,26,6,5,5,5,5,5,5,0.0005206000059843063,4.900037311017513e-06,3.200024366378784e-06,3.00002284348011e-06,capacity_certificate
S1113,1113,14,26,6,5,5,5,5,5,5,0.0005131999496370554,4.800036549568176e-06,3.5999109968543053e-06,3.100023604929447e-06,capacity_certificate
S1114,1114,14,26,5,6,6,6,6,6,6,0.0004715999821200967,4.09991480410099e-06,3.100023604929447e-06,2.900022082030773e-06,capacity_certificate
S1115,1115,14,26,5,6,6,6,6,6,6,0.00047109997831285,4.200031980872154e-06,3.0999071896076202e-06,2.900022082030773e-06,capacity_certificate
S1116,1116,14,26,6,5,5,5,5,5,5,0.0005179999861866236,4.600035026669502e-06,3.400025889277458e-06,3.00002284348011e-06,capacity_certificate
S1117,1117,14,26,5,6,6,6,6,6,6,0.0010019999463111162,6.8999361246824265e-06,4.00003045797348e-06,3.100023604929447e-06,capacity_certificate
S1118,1118,14,26,5,6,6,6,6,6,6,0.0006387999746948481,6.9999368861317635e-06,3.700028173625469e-06,2.900022082030773e-06,capacity_certificate
S1119,1119,14,26,5,6,6,6,6,6,6,0.0004913000157102942,4.699919372797012e-06,3.200024366378784e-06,2.700020559132099e-06,capacity_certificate
S1120,1120,14,26,5,6,6,6,6,6,6,0.0006787999300286174,4.500034265220165e-06,3.2999087125062943e-06,3.00002284348011e-06,capacity_certificate
S1121,1121,14,26,5,6,6,6,6,6,6,0.0006971999537199736,4.100031219422817e-06,3.300025127828121e-06,2.900022082030773e-06,capacity_certificate
S1122,1122,14,26,6,5,5,5,5,5,5,0.0004664999432861805,7.00005330145359e-06,4.399917088449001e-06,3.600027412176132e-06,capacity_certificate
S1123,1123,14,26,6,5,5,5,5,5,5,0.0005791999865323305,5.900044925510883e-06,3.700028173625469e-06,3.200024366378784e-06,capacity_certificate
S1124,1124,14,26,6,5,5,5,5,5,5,0.0007467999821528792,4.699919372797012e-06,3.600027412176132e-06,3.200024366378784e-06,capacity_certificate
S1125,1125,14,26,6,5,5,5,5,5,5,0.0007483999943360686,4.499917849898338e-06,3.8000289350748062e-06,3.200024366378784e-06,capacity_certificate
S1126,1126,14,26,6,5,5,5,5,5,5,0.000542100053280592,4.899920895695686e-06,3.900029696524143e-06,3.400025889277458e-06,capacity_certificate
S1127,1127,14,26,6,5,5,5,5,5,5,0.0009728999575600028,5.200039595365524e-06,4.00003045797348e-06,3.600027412176132e-06,capacity_certificate
S1128,1128,14,26,6,5,5,5,5,5,5,0.001216100063174963,9.300070814788342e-06,5.300040356814861e-06,4.100031219422817e-06,capacity_certificate
S1129,1129,14,26,6,5,5,5,5,5,5,0.0010702998843044043,6.8999361246824265e-06,4.900037311017513e-06,3.600027412176132e-06,capacity_certificate
S1130,1130,14,26,6,5,5,5,5,5,5,0.001437300001271069,6.600050255656242e-06,4.799920134246349e-06,4.100031219422817e-06,capacity_certificate
S1131,1131,14,26,6,5,5,5,5,5,5,0.0006682999664917588,7.3999399319291115e-06,4.800036549568176e-06,3.8000289350748062e-06,capacity_certificate
S1132,1132,14,26,6,5,5,5,5,5,5,0.0006765000289306045,5.499925464391708e-06,4.00003045797348e-06,3.600027412176132e-06,capacity_certificate
S1133,1133,14,26,6,5,5,5,5,5,5,0.000880099949426949,5.500041879713535e-06,4.900037311017513e-06,4.199915565550327e-06,capacity_certificate
S1134,1134,14,26,6,5,5,5,5,5,5,0.0009185998933389783,5.600042641162872e-06,4.200031980872154e-06,3.700028173625469e-06,capacity_certificate
S1135,1135,14,26,6,5,5,5,5,5,5,0.0005856000352650881,7.3999399319291115e-06,4.400033503770828e-06,3.400025889277458e-06,capacity_certificate
S1136,1136,14,26,6,5,5,5,5,5,5,0.0008356999605894089,6.200047209858894e-06,3.7999125197529793e-06,3.200024366378784e-06,capacity_certificate
S1137,1137,14,26,6,5,5,5,5,5,5,0.0008183999452739954,5.300040356814861e-06,3.8000289350748062e-06,3.400025889277458e-06,capacity_certificate
S1138,1138,14,26,6,5,5,5,5,5,5,0.0008919999236240983,6.5999338403344154e-06,4.500034265220165e-06,3.700028173625469e-06,capacity_certificate
S1139,1139,14,26,6,5,5,5,5,5,5,0.0009408999467268586,7.4999406933784485e-06,4.900037311017513e-06,4.200031980872154e-06,capacity_certificate
S1140,1140,14,26,6,5,5,5,5,5,5,0.0010785000631585717,7.500057108700275e-06,5.499925464391708e-06,4.600035026669502e-06,capacity_certificate
S1141,1141,14,26,6,5,5,5,5,5,5,0.0010183999547734857,6.4999330788850784e-06,5.100038833916187e-06,4.300032742321491e-06,capacity_certificate
S1142,1142,14,26,6,5,5,5,5,5,5,0.0006396999815478921,6.100046448409557e-06,4.399917088449001e-06,3.8000289350748062e-06,capacity_certificate
S1143,1143,14,26,6,5,5,5,5,5,5,0.0005641999887302518,5.449994932860136e-05,8.499948307871819e-06,4.500034265220165e-06,capacity_certificate
S1144,1144,14,26,6,5,5,5,5,5,5,0.0005734999431297183,6.09993003308773e-06,4.400033503770828e-06,3.600027412176132e-06,capacity_certificate
S1145,1145,14,26,6,5,5,5,5,5,5,0.0010868000099435449,6.400048732757568e-06,3.8000289350748062e-06,3.200024366378784e-06,capacity_certificate
S1146,1146,14,26,6,5,5,5,5,5,5,0.0005225000204518437,4.299916326999664e-06,3.400025889277458e-06,2.900022082030773e-06,capacity_certificate
S1147,1147,14,26,6,5,5,5,5,5,5,0.0015184000367298722,6.700051017105579e-06,3.900029696524143e-06,2.9999064281582832e-06,capacity_certificate
S1148,1148,14,26,5,6,6,6,6,6,6,0.0004775999113917351,5.09992241859436e-06,3.500026650726795e-06,2.800021320581436e-06,capacity_certificate
S1149,1149,14,26,6,5,5,5,5,5,5,0.0005079000256955624,4.800036549568176e-06,3.500026650726795e-06,2.9999064281582832e-06,capacity_certificate
S1150,1150,14,26,6,5,5,5,5,5,5,0.0004968000575900078,4.300032742321491e-06,3.200024366378784e-06,2.8999056667089462e-06,capacity_certificate
S1151,1151,14,26,6,5,5,5,5,5,5,0.0006034000543877482,4.300032742321491e-06,3.400025889277458e-06,3.100023604929447e-06,capacity_certificate
S1152,1152,14,26,6,5,5,5,5,5,5,0.0006865999894216657,5.900044925510883e-06,3.8000289350748062e-06,3.3999094739556313e-06,capacity_certificate
S1153,1153,14,26,6,5,5,5,5,5,5,0.0006392999785020947,5.500041879713535e-06,4.199915565550327e-06,4.00003045797348e-06,capacity_certificate
S1154,1154,14,26,5,6,6,6,6,6,6,0.000873900018632412,8.79995059221983e-06,5.00003807246685e-06,4.00003045797348e-06,capacity_certificate
S1155,1155,14,26,6,5,5,5,5,5,5,0.0007710999343544245,7.400056347250938e-06,5.200039595365524e-06,4.399917088449001e-06,capacity_certificate
S1156,1156,14,26,6,5,5,5,5,5,5,0.0008054000791162252,7.200054824352264e-06,4.899920895695686e-06,4.400033503770828e-06,capacity_certificate
S1157,1157,14,26,6,5,5,5,5,5,5,0.0017127000028267503,1.1299969628453255e-05,7.900060154497623e-06,5.100038833916187e-06,capacity_certificate
S1158,1158,14,26,5,6,6,6,6,6,6,0.0009876999538391829,8.499948307871819e-06,5.600042641162872e-06,4.499917849898338e-06,capacity_certificate
S1159,1159,14,26,5,6,6,6,6,6,6,0.0008055000798776746,5.900044925510883e-06,4.500034265220165e-06,3.7999125197529793e-06,capacity_certificate
S1160,1160,14,26,6,5,5,5,5,5,5,0.0009599999757483602,7.70005863159895e-06,4.700035788118839e-06,3.899913281202316e-06,capacity_certificate
S1161,1161,14,26,5,6,6,6,6,6,6,0.0006780000403523445,7.100054062902927e-06,4.400033503770828e-06,3.5999109968543053e-06,capacity_certificate
S1162,1162,14,26,5,6,6,6,6,6,6,0.000700899981893599,5.899928510189056e-06,4.400033503770828e-06,3.700028173625469e-06,capacity_certificate
S1163,1163,14,26,6,5,5,5,5,5,5,0.001123500056564808,6.600050255656242e-06,4.900037311017513e-06,4.699919372797012e-06,capacity_certificate
S1164,1164,14,26,5,6,6,6,6,6,6,0.0008858999935910106,8.999952115118504e-06,5.200039595365524e-06,4.00003045797348e-06,capacity_certificate
S1165,1165,14,26,5,6,6,6,6,6,6,0.0009082000469788909,7.1999384090304375e-06,4.900037311017513e-06,4.00003045797348e-06,capacity_certificate
S1166,1166,14,26,6,5,5,5,5,5,5,0.0007478999905288219,7.70005863159895e-06,5.399924702942371e-06,4.600035026669502e-06,capacity_certificate
S1167,1167,14,26,6,5,5,5,5,5,5,0.0007125000702217221,6.3999323174357414e-06,4.300032742321491e-06,3.700028173625469e-06,capacity_certificate
S1168,1168,14,26,6,5,5,5,5,5,5,0.0006283000111579895,5.199923180043697e-06,3.8000289350748062e-06,3.400025889277458e-06,capacity_certificate
S1169,1169,14,26,5,6,6,6,6,6,6,0.0008876000065356493,6.500049494206905e-06,4.100031219422817e-06,3.3999094739556313e-06,capacity_certificate
S1170,1170,14,26,6,5,5,5,5,5,5,0.000511599937453866,5.399924702942371e-06,3.600027412176132e-06,3.100023604929447e-06,capacity_certificate
S1171,1171,14,26,6,5,5,5,5,5,5,0.000548299984075129,5.500041879713535e-06,3.400025889277458e-06,2.9999064281582832e-06,capacity_certificate
S1172,1172,14,26,6,5,5,5,5,5,5,0.0005495999939739704,4.600035026669502e-06,3.300025127828121e-06,3.0999071896076202e-06,capacity_certificate
S1173,1173,14,26,5,6,6,6,6,6,6,0.0005410000449046493,4.700035788118839e-06,3.700028173625469e-06,3.2999087125062943e-06,capacity_certificate
S1174,1174,14,26,5,6,6,6,6,6,6,0.0005597000708803535,4.600035026669502e-06,3.500026650726795e-06,3.100023604929447e-06,capacity_certificate
S1175,1175,14,26,6,5,5,5,5,5,5,0.000864999950863421,8.400063961744308e-06,4.699919372797012e-06,4.00003045797348e-06,capacity_certificate
S1176,1176,14,26,5,6,6,6,6,6,6,0.000686699990183115,6.500049494206905e-06,4.200031980872154e-06,3.600027412176132e-06,capacity_certificate
S1177,1177,14,26,5,6,6,6,6,6,6,0.0007188000017777085,6.00004568696022e-06,4.600035026669502e-06,3.7999125197529793e-06,capacity_certificate
S1178,1178,14,26,5,6,6,6,6,6,6,0.0007051000138744712,5.600042641162872e-06,4.599918611347675e-06,4.100031219422817e-06,capacity_certificate
S1179,1179,14,26,5,6,6,6,6,6,6,0.0012277000350877643,9.199953638017178e-06,5.700043402612209e-06,4.799920134246349e-06,capacity_certificate
S1180,1180,14,26,5,6,6,6,6,6,6,0.0009295999770984054,7.500057108700275e-06,5.600042641162872e-06,4.800036549568176e-06,capacity_certificate
S1181,1181,14,26,6,5,5,5,5,5,5,0.000835200073197484,8.100061677396297e-06,6.200047209858894e-06,5.599926225841045e-06,capacity_certificate
S1182,1182,14,26,6,5,5,5,5,5,5,0.0012795999646186829,6.9999368861317635e-06,5.700043402612209e-06,4.900037311017513e-06,capacity_certificate
S1183,1183,14,26,6,5,5,5,5,5,5,0.0011799999047070742,8.399947546422482e-06,5.600042641162872e-06,4.400033503770828e-06,capacity_certificate
S1184,1184,14,26,6,5,5,5,5,5,5,0.0007395000429823995,7.500057108700275e-06,5.499925464391708e-06,5.00003807246685e-06,capacity_certificate
S1185,1185,14,26,6,5,5,5,5,5,5,0.0013327999040484428,9.100069291889668e-06,6.299931555986404e-06,5.400041118264198e-06,capacity_certificate
S1186,1186,14,26,6,5,5,5,5,5,5,0.0016450999537482858,9.999959729611874e-06,7.00005330145359e-06,5.999929271638393e-06,capacity_certificate
S1187,1187,14,26,6,5,5,5,5,5,5,0.0019805999472737312,1.279998105019331e-05,8.599949069321156e-06,8.00006091594696e-06,capacity_certificate
S1188,1188,14,26,6,5,5,5,5,5,5,0.0024071000516414642,1.4099990949034691e-05,8.999952115118504e-06,7.70005863159895e-06,capacity_certificate
S1189,1189,14,26,6,5,5,5,5,5,5,0.0013339000288397074,1.1899974197149277e-05,8.599949069321156e-06,7.200054824352264e-06,capacity_certificate
S1190,1190,14,26,6,5,5,5,5,5,5,0.0021060999715700746,1.1599971912801266e-05,7.300055585801601e-06,5.999929271638393e-06,capacity_certificate
S1191,1191,14,26,6,5,5,5,5,5,5,0.0014984000008553267,9.699957445263863e-06,7.200054824352264e-06,5.899928510189056e-06,capacity_certificate
S1192,1192,14,26,5,6,6,6,6,6,6,0.0013936000177636743,1.0900082997977734e-05,7.0999376475811005e-06,5.800044164061546e-06,capacity_certificate
S1193,1193,14,26,5,6,6,6,6,6,6,0.001006399979814887,9.400071576237679e-06,7.1999384090304375e-06,6.500049494206905e-06,capacity_certificate
S1194,1194,14,26,6,5,5,5,5,5,5,0.0018638999899849296,1.6600009985268116e-05,8.699949830770493e-06,6.700051017105579e-06,capacity_certificate
S1195,1195,14,26,5,6,6,6,6,6,6,0.0011539999395608902,1.3400102034211159e-05,8.199946023523808e-06,6.500049494206905e-06,capacity_certificate
S1196,1196,14,26,5,6,6,6,6,6,6,0.0010222999844700098,9.09995287656784e-06,6.700051017105579e-06,5.499925464391708e-06,capacity_certificate
S1197,1197,14,26,5,6,6,6,6,6,6,0.0010501999640837312,9.300070814788342e-06,5.999929271638393e-06,5.00003807246685e-06,capacity_certificate
S1198,1198,14,26,5,6,6,6,6,6,6,0.0009307999862357974,8.200062438845634e-06,5.09992241859436e-06,4.200031980872154e-06,capacity_certificate
S1199,1199,14,26,6,5,5,5,5,5,5,0.0008305000374093652,7.00005330145359e-06,5.299923941493034e-06,4.700035788118839e-06,capacity_certificate
S1200,1200,14,26,6,5,5,5,5,5,5,0.0010529999854043126,5.800044164061546e-06,4.499917849898338e-06,4.100031219422817e-06,capacity_certificate
S1201,1201,14,26,6,5,5,5,5,5,5,0.0010903000365942717,7.200054824352264e-06,4.199915565550327e-06,3.900029696524143e-06,capacity_certificate
S1202,1202,14,26,6,5,5,5,5,5,5,0.0005252999253571033,5.700043402612209e-06,3.900029696524143e-06,3.00002284348011e-06,capacity_certificate
S1203,1203,14,26,6,5,5,5,5,5,5,0.0005222000181674957,4.700035788118839e-06,3.400025889277458e-06,2.9999064281582832e-06,capacity_certificate
S1204,1204,14,26,6,5,5,5,5,5,5,0.0007746000774204731,5.00003807246685e-06,3.999914042651653e-06,3.500026650726795e-06,capacity_certificate
S1205,1205,14,26,5,6,6,6,6,6,6,0.0006772999186068773,6.100046448409557e-06,4.299916326999664e-06,3.600027412176132e-06,capacity_certificate
S1206,1206,14,26,6,5,5,5,5,5,5,0.001449099974706769,8.300063200294971e-06,5.399924702942371e-06,4.700035788118839e-06,capacity_certificate
S1207,1207,14,26,5,6,6,6,6,6,6,0.0006891000084578991,6.600050255656242e-06,4.900037311017513e-06,4.299916326999664e-06,capacity_certificate
S1208,1208,14,26,5,6,6,6,6,6,6,0.0007776999846100807,7.70005863159895e-06,5.399924702942371e-06,4.400033503770828e-06,capacity_certificate
S1209,1209,14,26,5,6,6,6,6,6,6,0.0008580000139772892,7.100054062902927e-06,5.600042641162872e-06,4.999921657145023e-06,capacity_certificate
S1210,1210,14,26,5,6,6,6,6,6,6,0.0009935999987646937,8.999952115118504e-06,5.400041118264198e-06,4.500034265220165e-06,capacity_certificate
S1211,1211,14,26,6,5,5,5,5,5,5,0.0008692999836057425,8.79995059221983e-06,5.900044925510883e-06,5.00003807246685e-06,capacity_certificate
S1212,1212,14,26,6,5,5,5,5,5,5,0.0011587999761104584,7.70005863159895e-06,5.499925464391708e-06,4.300032742321491e-06,capacity_certificate
S1213,1213,14,26,6,5,5,5,5,5,5,0.0012659999774768949,8.800067007541656e-06,5.199923180043697e-06,4.200031980872154e-06,capacity_certificate
S1214,1214,14,26,6,5,5,5,5,5,5,0.0006080999737605453,5.800044164061546e-06,4.200031980872154e-06,3.500026650726795e-06,capacity_certificate
S1215,1215,14,26,5,6,6,6,6,6,6,0.0009360000258311629,6.9999368861317635e-06,4.600035026669502e-06,4.100031219422817e-06,capacity_certificate
S1216,1216,14,26,5,6,6,6,6,6,6,0.0007916000904515386,6.199930794537067e-06,4.300032742321491e-06,3.500026650726795e-06,capacity_certificate
S1217,1217,14,26,5,6,6,6,6,6,6,0.0006665000692009926,6.600050255656242e-06,4.400033503770828e-06,3.4999102354049683e-06,capacity_certificate
S1218,1218,14,26,6,5,5,5,5,5,5,0.00102980004157871,6.09993003308773e-06,4.600035026669502e-06,3.900029696524143e-06,capacity_certificate
S1219,1219,14,26,6,5,5,5,5,5,5,0.0010680999839678407,4.600035026669502e-06,3.7999125197529793e-06,3.300025127828121e-06,capacity_certificate
S1220,1220,14,26,6,5,5,5,5,5,5,0.0011998999398201704,6.4999330788850784e-06,4.300032742321491e-06,3.600027412176132e-06,capacity_certificate
S1221,1221,14,26,6,5,5,5,5,5,5,0.0006685000844299793,5.500041879713535e-06,3.700028173625469e-06,3.100023604929447e-06,capacity_certificate
S1222,1222,14,26,6,5,5,5,5,5,5,0.0010466999374330044,6.7999353632330894e-06,4.400033503770828e-06,3.200024366378784e-06,capacity_certificate
S1223,1223,14,26,6,5,5,5,5,5,5,0.0007856999291107059,5.00003807246685e-06,3.600027412176132e-06,3.00002284348011e-06,capacity_certificate
S1224,1224,14,26,6,5,5,5,5,5,5,0.0010597999207675457,5.499925464391708e-06,4.100031219422817e-06,3.500026650726795e-06,capacity_certificate
S1225,1225,14,26,6,5,5,5,5,5,5,0.0013377000577747822,6.8999361246824265e-06,4.900037311017513e-06,3.900029696524143e-06,capacity_certificate
S1226,1226,14,26,5,6,6,6,6,6,6,0.0011918999953195453,7.4999406933784485e-06,4.800036549568176e-06,3.900029696524143e-06,capacity_certificate
S1227,1227,14,26,6,5,5,5,5,5,5,0.001753399963490665,6.6999346017837524e-06,4.600035026669502e-06,3.8000289350748062e-06,capacity_certificate
S1228,1228,14,26,6,5,5,5,5,5,5,0.001205699983984232,8.699949830770493e-06,5.100038833916187e-06,4.300032742321491e-06,capacity_certificate
S1229,1229,14,26,6,5,5,5,5,5,5,0.0010872998973354697,8.09994526207447e-06,4.700035788118839e-06,3.900029696524143e-06,capacity_certificate
S1230,1230,14,26,6,5,5,5,5,5,5,0.0006812999490648508,6.300047971308231e-06,4.500034265220165e-06,3.5999109968543053e-06,capacity_certificate
S1231,1231,14,26,6,5,5,5,5,5,5,0.0006234999746084213,5.400041118264198e-06,4.200031980872154e-06,3.3999094739556313e-06,capacity_certificate
S1232,1232,14,26,6,5,5,5,5,5,5,0.0016563000390306115,8.699949830770493e-06,5.900044925510883e-06,5.00003807246685e-06,capacity_certificate
S1233,1233,14,26,6,5,5,5,5,5,5,0.0007371000247076154,7.4999406933784485e-06,5.100038833916187e-06,4.100031219422817e-06,capacity_certificate
S1234,1234,14,26,6,5,5,5,5,5,5,0.031113000004552305,1.4899997040629387e-05,8.699949830770493e-06,6.900052540004253e-06,capacity_certificate
S1235,1235,14,26,5,6,6,6,6,6,6,0.0010430000256747007,2.4799956008791924e-05,7.00005330145359e-06,5.499925464391708e-06,capacity_certificate
S1236,1236,14,26,6,5,5,5,5,5,5,0.0014534000074490905,1.2600095942616463e-05,8.699949830770493e-06,6.900052540004253e-06,capacity_certificate
S1237,1237,14,26,6,5,5,5,5,5,5,0.0015619000187143683,1.2699980288743973e-05,7.900060154497623e-06,6.6999346017837524e-06,capacity_certificate
S1238,1238,14,26,6,5,5,5,5,5,5,0.001915200031362474,1.2899981811642647e-05,8.100061677396297e-06,6.5999338403344154e-06,capacity_certificate
S1239,1239,14,26,6,5,5,5,5,5,5,0.0023012999445199966,1.4399993233382702e-05,9.00006853044033e-06,7.1999384090304375e-06,capacity_certificate
S1240,1240,14,26,6,5,5,5,5,5,5,0.001975800027139485,1.0399962775409222e-05,7.6000578701496124e-06,6.8999361246824265e-06,capacity_certificate
S1241,1241,14,26,5,6,6,6,6,6,6,0.0015498000429943204,1.3999990187585354e-05,7.800059393048286e-06,5.899928510189056e-06,capacity_certificate
S1242,1242,14,26,6,5,5,5,5,5,5,0.0010519999777898192,1.1699972674250603e-05,7.200054824352264e-06,5.599926225841045e-06,capacity_certificate
S1243,1243,14,26,6,5,5,5,5,5,5,0.0015480000292882323,8.09994526207447e-06,5.500041879713535e-06,4.699919372797012e-06,capacity_certificate
S1244,1244,14,26,6,5,5,5,5,5,5,0.0013043000362813473,7.899943739175797e-06,5.200039595365524e-06,4.300032742321491e-06,capacity_certificate
S1245,1245,14,26,5,6,6,6,6,6,6,0.0007735999533906579,6.4999330788850784e-06,4.900037311017513e-06,4.200031980872154e-06,capacity_certificate
S1246,1246,14,26,5,6,6,6,6,6,6,0.0008994000963866711,7.2999391704797745e-06,5.700043402612209e-06,5.200039595365524e-06,capacity_certificate
S1247,1247,14,26,6,5,5,5,5,5,5,0.001554699963890016,9.70007386058569e-06,6.3999323174357414e-06,4.700035788118839e-06,capacity_certificate
S1248,1248,14,26,6,5,5,5,5,5,5,0.001245700055733323,7.5999414548277855e-06,5.900044925510883e-06,5.00003807246685e-06,capacity_certificate
S1249,1249,14,26,6,5,5,5,5,5,5,0.0013768000062555075,8.199946023523808e-06,5.600042641162872e-06,4.499917849898338e-06,capacity_certificate
S1250,1250,14,26,6,5,5,5,5,5,5,0.0012308999430388212,7.899943739175797e-06,5.300040356814861e-06,4.499917849898338e-06,capacity_certificate
S1251,1251,14,26,5,6,6,6,6,6,6,0.0010917999316006899,7.200054824352264e-06,5.300040356814861e-06,4.599918611347675e-06,capacity_certificate
S1252,1252,14,26,5,6,6,6,6,6,6,0.0009586000815033913,7.4999406933784485e-06,5.400041118264198e-06,4.899920895695686e-06,capacity_certificate
S1253,1253,14,26,6,5,5,5,5,5,5,0.0017125000013038516,1.0299962013959885e-05,6.300047971308231e-06,5.09992241859436e-06,capacity_certificate
S1254,1254,14,26,6,5,5,5,5,5,5,0.0020182000007480383,9.600073099136353e-06,6.09993003308773e-06,5.200039595365524e-06,capacity_certificate
S1255,1255,14,26,5,6,6,6,6,6,6,0.0013005000073462725,8.299946784973145e-06,5.500041879713535e-06,4.400033503770828e-06,capacity_certificate
S1256,1256,14,26,5,6,6,6,6,6,6,0.0012407000176608562,7.00005330145359e-06,4.900037311017513e-06,4.499917849898338e-06,capacity_certificate
S1257,1257,14,26,5,6,6,6,6,6,6,0.0013654999202117324,1.100008375942707e-05,5.999929271638393e-06,4.800036549568176e-06,capacity_certificate
S1258,1258,14,26,6,5,5,5,5,5,5,0.001039499999023974,1.0600080713629723e-05,6.6999346017837524e-06,5.300040356814861e-06,capacity_certificate
S1259,1259,14,26,6,5,5,5,5,5,5,0.0008518000831827521,7.899943739175797e-06,6.00004568696022e-06,4.999921657145023e-06,capacity_certificate
S1260,1260,14,26,6,5,5,5,5,5,5,0.0010439000325277448,8.499948307871819e-06,5.100038833916187e-06,4.499917849898338e-06,capacity_certificate
S1261,1261,14,26,6,5,5,5,5,5,5,0.0008479999378323555,8.499948307871819e-06,5.600042641162872e-06,4.499917849898338e-06,capacity_certificate
S1262,1262,14,26,6,5,5,5,5,5,5,0.000762699986808002,7.300055585801601e-06,4.899920895695686e-06,4.200031980872154e-06,capacity_certificate
S1263,1263,14,26,5,6,6,6,6,6,6,0.0007365000201389194,7.4999406933784485e-06,5.200039595365524e-06,4.00003045797348e-06,capacity_certificate
S1264,1264,14,26,6,5,5,5,5,5,5,0.0007780999876558781,6.6999346017837524e-06,4.900037311017513e-06,4.300032742321491e-06,capacity_certificate
S1265,1265,14,26,6,5,5,5,5,5,5,0.000745000084862113,4.700035788118839e-06,3.6999117583036423e-06,3.400025889277458e-06,capacity_certificate
S1266,1266,14,26,6,5,5,5,5,5,5,0.0012000000569969416,7.500057108700275e-06,4.300032742321491e-06,3.1999079510569572e-06,capacity_certificate
S1267,1267,14,26,5,6,6,6,6,6,6,0.0005651999963447452,4.299916326999664e-06,3.100023604929447e-06,2.900022082030773e-06,capacity_certificate
S1268,1268,14,26,5,6,6,6,6,6,6,0.0006038999417796731,4.300032742321491e-06,3.2999087125062943e-06,3.00002284348011e-06,capacity_certificate
S1269,1269,14,26,6,5,5,5,5,5,5,0.000797600019723177,6.8999361246824265e-06,4.300032742321491e-06,3.8000289350748062e-06,capacity_certificate
S1270,1270,14,26,5,6,6,6,6,6,6,0.001373699982650578,6.7999353632330894e-06,4.800036549568176e-06,3.8000289350748062e-06,capacity_certificate
S1271,1271,14,26,5,6,6,6,6,6,6,0.0009488000068813562,6.6999346017837524e-06,4.400033503770828e-06,3.600027412176132e-06,capacity_certificate
S1272,1272,14,26,6,5,5,5,5,5,5,0.0009949000086635351,5.00003807246685e-06,3.900029696524143e-06,3.2999087125062943e-06,capacity_certificate
S1273,1273,14,26,5,6,6,6,6,6,6,0.0005896999500691891,4.600035026669502e-06,3.300025127828121e-06,2.800021320581436e-06,capacity_certificate
S1274,1274,14,26,5,6,6,6,6,6,6,0.0007165999850258231,5.600042641162872e-06,3.3999094739556313e-06,2.700020559132099e-06,capacity_certificate
S1275,1275,14,26,6,5,5,5,5,5,5,0.0005852999165654182,7.00005330145359e-06,3.7999125197529793e-06,3.200024366378784e-06,capacity_certificate
S1276,1276,14,26,6,5,5,5,5,5,5,0.0005545000312849879,5.800044164061546e-06,3.700028173625469e-06,2.900022082030773e-06,capacity_certificate
S1277,1277,14,26,6,5,5,5,5,5,5,0.0005556999240070581,4.200031980872154e-06,3.300025127828121e-06,2.8999056667089462e-06,capacity_certificate
S1278,1278,14,26,5,6,6,6,6,6,6,0.0006110999966040254,4.300032742321491e-06,3.3999094739556313e-06,2.900022082030773e-06,capacity_certificate
S1279,1279,14,26,5,6,6,6,6,6,6,0.000546799972653389,4.300032742321491e-06,3.1999079510569572e-06,3.100023604929447e-06,capacity_certificate
S1280,1280,14,26,6,5,5,5,5,5,5,0.0008553999941796064,5.900044925510883e-06,4.299916326999664e-06,4.00003045797348e-06,capacity_certificate
S1281,1281,14,26,5,6,6,6,6,6,6,0.00092889997176826,8.100061677396297e-06,4.699919372797012e-06,3.700028173625469e-06,capacity_certificate
S1282,1282,14,26,5,6,6,6,6,6,6,0.0007837999146431684,7.2999391704797745e-06,4.300032742321491e-06,3.600027412176132e-06,capacity_certificate
S1283,1283,14,26,5,6,6,6,6,6,6,0.0007224999135360122,6.500049494206905e-06,4.499917849898338e-06,3.500026650726795e-06,capacity_certificate
S1284,1284,14,26,5,6,6,6,6,6,6,0.0010978999780490994,8.300063200294971e-06,5.199923180043697e-06,4.800036549568176e-06,capacity_certificate
S1285,1285,14,26,5,6,6,6,6,6,6,0.0008835999760776758,7.200054824352264e-06,4.299916326999664e-06,2.889998722821474e-05,capacity_certificate
S1286,1286,14,26,6,5,5,5,5,5,5,0.0006722999969497323,6.8999361246824265e-06,4.400033503770828e-06,3.900029696524143e-06,capacity_certificate
S1287,1287,14,26,6,5,5,5,5,5,5,0.001101000001654029,6.500049494206905e-06,4.800036549568176e-06,3.999914042651653e-06,capacity_certificate
S1288,1288,14,26,6,5,5,5,5,5,5,0.0012849000049754977,7.3999399319291115e-06,5.400041118264198e-06,4.499917849898338e-06,capacity_certificate
S1289,1289,14,26,6,5,5,5,5,5,5,0.001123500056564808,8.399947546422482e-06,5.600042641162872e-06,4.799920134246349e-06,capacity_certificate
S1290,1290,14,26,6,5,5,5,5,5,5,0.0012243000091984868,7.899943739175797e-06,5.600042641162872e-06,4.600035026669502e-06,capacity_certificate
S1291,1291,14,26,6,5,5,5,5,5,5,0.0012517999857664108,7.00005330145359e-06,4.399917088449001e-06,3.700028173625469e-06,capacity_certificate
S1292,1292,14,26,6,5,5,5,5,5,5,0.0010621000546962023,6.800051778554916e-06,4.700035788118839e-06,4.09991480410099e-06,capacity_certificate
S1293,1293,14,26,5,6,6,6,6,6,6,0.0006703999824821949,6.199930794537067e-06,4.600035026669502e-06,3.900029696524143e-06,capacity_certificate
S1294,1294,14,26,5,6,6,6,6,6,6,0.0008716000011190772,8.999952115118504e-06,5.200039595365524e-06,4.199915565550327e-06,capacity_certificate
S1295,1295,14,26,5,6,6,6,6,6,6,0.0009680000366643071,8.999952115118504e-06,6.300047971308231e-06,1.1199968867003918e-05,capacity_certificate
S1296,1296,14,26,5,6,6,6,6,6,6,0.0009175000013783574,7.1999384090304375e-06,5.200039595365524e-06,4.400033503770828e-06,capacity_certificate
S1297,1297,14,26,6,5,5,5,5,5,5,0.0011332000140100718,5.199923180043697e-06,4.300032742321491e-06,3.8000289350748062e-06,capacity_certificate
S1298,1298,14,26,6,5,5,5,5,5,5,0.0011903000995516777,6.7999353632330894e-06,4.200031980872154e-06,3.400025889277458e-06,capacity_certificate
S1299,1299,14,26,6,5,5,5,5,5,5,0.0010180999524891376,6.6999346017837524e-06,4.300032742321491e-06,3.500026650726795e-06,capacity_certificate
S1300,1300,14,26,5,6,6,6,6,6,6,0.0006560999900102615,5.699926987290382e-06,4.100031219422817e-06,3.00002284348011e-06,capacity_certificate
S1301,1301,14,26,5,6,6,6,6,6,6,0.000775999971665442,7.200054824352264e-06,4.799920134246349e-06,3.8000289350748062e-06,capacity_certificate
S1302,1302,14,26,6,5,5,5,5,5,5,0.0013224000576883554,9.899958968162537e-06,7.200054824352264e-06,6.6999346017837524e-06,capacity_certificate
S1303,1303,14,26,5,6,6,6,6,6,6,0.0009689999278634787,7.899943739175797e-06,5.600042641162872e-06,4.700035788118839e-06,capacity_certificate
S1304,1304,14,26,5,6,6,6,6,6,6,0.0011136999819427729,8.300063200294971e-06,5.699926987290382e-06,4.500034265220165e-06,capacity_certificate
S1305,1305,14,26,5,6,6,6,6,6,6,0.0008487000595778227,6.100046448409557e-06,4.700035788118839e-06,4.199915565550327e-06,capacity_certificate
S1306,1306,14,26,5,6,6,6,6,6,6,0.0008779000490903854,5.400041118264198e-06,3.999914042651653e-06,3.700028173625469e-06,capacity_certificate
S1307,1307,14,26,4,7,7,7,7,7,7,0.0010089999996125698,7.3999399319291115e-06,3.600027412176132e-06,2.800021320581436e-06,capacity_certificate
S1308,1308,14,26,5,6,6,6,6,6,6,0.0010860000038519502,7.100054062902927e-06,4.09991480410099e-06,3.300025127828121e-06,capacity_certificate
S1309,1309,14,26,5,6,6,6,6,6,6,0.0006518999580293894,7.200054824352264e-06,3.700028173625469e-06,2.8999056667089462e-06,capacity_certificate
S1310,1310,14,26,5,6,6,6,6,6,6,0.0006173000438138843,4.700035788118839e-06,3.400025889277458e-06,3.0999071896076202e-06,capacity_certificate
S1311,1311,14,26,6,5,5,5,5,5,5,0.0009547000518068671,5.199923180043697e-06,3.8000289350748062e-06,3.400025889277458e-06,capacity_certificate
S1312,1312,14,26,5,6,6,6,6,6,6,0.000903200008906424,7.5999414548277855e-06,4.900037311017513e-06,3.600027412176132e-06,capacity_certificate
S1313,1313,14,26,5,6,6,6,6,6,6,0.0006889000069350004,6.500049494206905e-06,4.09991480410099e-06,3.300025127828121e-06,capacity_certificate
S1314,1314,14,26,6,5,5,5,5,5,5,0.0010212999768555164,6.100046448409557e-06,4.399917088449001e-06,3.900029696524143e-06,capacity_certificate
S1315,1315,14,26,5,6,6,6,6,6,6,0.0009589999681338668,7.4999406933784485e-06,4.600035026669502e-06,3.900029696524143e-06,capacity_certificate
S1316,1316,14,26,5,6,6,6,6,6,6,0.0012806999729946256,8.499948307871819e-06,5.100038833916187e-06,4.300032742321491e-06,capacity_certificate
S1317,1317,14,26,5,6,6,6,6,6,6,0.0009808000177145004,9.200070053339005e-06,5.599926225841045e-06,4.500034265220165e-06,capacity_certificate
S1318,1318,14,26,5,6,6,6,6,6,6,0.0009503000183030963,6.600050255656242e-06,5.00003807246685e-06,4.299916326999664e-06,capacity_certificate
S1319,1319,14,26,4,7,7,7,7,7,7,0.0010062999790534377,1.0199961252510548e-05,6.600050255656242e-06,5.400041118264198e-06,capacity_certificate
S1320,1320,14,26,5,6,6,6,6,6,6,0.0010708000045269728,8.699949830770493e-06,5.900044925510883e-06,5.299923941493034e-06,capacity_certificate
S1321,1321,14,26,5,6,6,6,6,6,6,0.001435199985280633,1.2499978765845299e-05,7.5999414548277855e-06,6.400048732757568e-06,capacity_certificate
S1322,1322,14,26,4,7,7,7,7,7,7,0.0004909000126644969,8.999952115118504e-06,7.3999399319291115e-06,5.400041118264198e-06,capacity_certificate
