node_index,depth,left_rank,right_rank,weight,color
274877906944,38,1,1,1,16
137438953472,37,2,2,1,6
68719476736,36,3,7,5,7
34359738368,35,8,13,6,8
17179869184,34,14,21,8,4
8589934592,33,22,40,19,17
4294967296,32,41,84,44,15
2147483648,31,85,173,89,11
1073741824,30,174,330,157,9
536870912,29,331,663,333,1
268435456,28,664,1311,648,3
134217728,27,1312,2493,1182,12
67108864,26,2494,5094,2601,6
33554432,25,5095,9999,4905,1
274877906945,38,0,0,1,16
137438953473,37,0,1,2,6
274877906948,38,4,4,1,16
137438953474,37,5,7,3,6
68719476737,36,0,2,3,7
274877906949,38,3,3,1,16
274877906950,38,6,7,2,16
137438953475,37,3,4,2,6
4398046511218,42,7,7,1,5
274877906951,38,5,5,1,16
4398046511219,42,6,6,1,5
274877906952,38,9,9,1,16
137438953476,37,10,10,1,6
68719476738,36,11,13,3,7
34359738369,35,0,7,8,8
274877906953,38,8,8,1,16
137438953477,37,8,9,2,6
137438953478,37,12,13,2,6
68719476739,36,8,10,3,7
8796093022680,43,13,13,1,16
137438953479,37,11,11,1,6
8796093022681,43,12,12,1,16
274877906960,38,15,15,1,6
137438953480,37,16,16,1,7
34359738370,35,17,21,5,8
17179869185,34,0,13,14,4
274877906961,38,14,14,1,6
137438953481,37,14,15,2,7
1099511627872,40,18,18,1,5
274877906968,38,19,19,1,16
137438953484,37,20,20,1,6
68719476742,36,21,21,1,7
34359738371,35,14,16,3,8
1099511627873,40,17,17,1,5
274877906969,38,17,18,2,16
137438953485,37,17,19,3,6
68719476743,36,17,20,4,7
274877906976,38,23,23,1,16
137438953488,37,24,26,3,6
68719476744,36,27,27,1,7
34359738372,35,28,32,5,8
17179869186,34,33,40,8,4
8589934593,33,0,21,22,17
274877906977,38,22,22,1,16
2199023255828,41,25,25,1,5
274877906978,38,26,26,1,16
137438953489,37,22,23,2,6
2199023255829,41,24,24,1,5
274877906979,38,24,25,2,16
68719476745,36,22,26,5,7
137438953492,37,29,30,2,6
68719476746,36,31,32,2,7
34359738373,35,22,27,6,8
2199023255902,41,30,30,1,16
137438953493,37,28,28,1,6
2199023255903,41,29,29,1,16
1099511627966,40,32,32,1,6
68719476747,36,28,30,3,7
1099511627967,40,31,31,1,6
68719476748,36,34,37,4,7
34359738374,35,38,40,3,8
17179869187,34,22,32,11,4
549755813994,39,35,35,1,16
137438953498,37,36,37,2,6
68719476749,36,33,33,1,7
549755813995,39,34,34,1,16
274877906998,38,37,37,1,16
137438953499,37,34,35,2,6
274877906999,38,36,36,1,16
137438953500,37,39,39,1,6
68719476750,36,40,40,1,7
34359738375,35,33,37,5,8
137438953501,37,38,38,1,6
68719476751,36,38,39,2,7
137438953504,37,42,43,2,6
68719476752,36,44,45,2,7
34359738376,35,46,51,6,8
17179869188,34,52,64,13,4
8589934594,33,65,84,20,17
4294967297,32,0,40,41,15
274877907010,38,43,43,1,16
137438953505,37,41,41,1,6
274877907011,38,42,42,1,16
137438953506,37,45,45,1,6
68719476753,36,41,43,3,7
137438953507,37,44,44,1,6
549755814032,39,47,47,1,6
68719476754,36,48,51,4,7
34359738377,35,41,45,5,8
549755814033,39,46,46,1,6
137438953510,37,49,51,3,6
68719476755,36,46,47,2,7
274877907022,38,50,51,2,16
137438953511,37,48,48,1,6
1099511628092,40,51,51,1,5
274877907023,38,49,49,1,16
1099511628093,40,50,50,1,5
137438953512,37,53,54,2,6
68719476756,36,55,57,3,7
34359738378,35,58,64,7,8
17179869189,34,41,51,11,4
274877907026,38,54,54,1,16
137438953513,37,52,52,1,6
274877907027,38,53,53,1,16
274877907030,38,56,57,2,6
68719476757,36,52,54,3,7
1099511628126,40,57,57,1,16
274877907031,38,55,55,1,6
1099511628127,40,56,56,1,16
137438953516,37,59,59,1,6
68719476758,36,60,64,5,7
34359738379,35,52,57,6,8
137438953517,37,58,58,1,6
549755814076,39,61,61,1,16
274877907038,38,62,64,3,6
68719476759,36,58,59,2,7
549755814077,39,60,60,1,16
4398046512624,42,63,63,1,5
549755814078,39,64,64,1,16
274877907039,38,60,61,2,6
4398046512625,42,62,62,1,5
549755814079,39,62,63,2,16
274877907040,38,66,66,1,16
137438953520,37,67,69,3,6
68719476760,36,70,70,1,7
34359738380,35,71,75,5,8
17179869190,34,76,84,9,4
8589934595,33,41,64,24,17
274877907041,38,65,65,1,16
549755814084,39,68,68,1,5
274877907042,38,69,69,1,16
137438953521,37,65,66,2,6
549755814085,39,67,67,1,5
274877907043,38,67,68,2,16
68719476761,36,65,69,5,7
4398046512776,42,72,72,1,16
1099511628194,40,73,73,1,6
68719476762,36,74,75,2,7
34359738381,35,65,70,6,8
4398046512777,42,71,71,1,16
1099511628195,40,71,72,2,6
137438953526,37,75,75,1,6
68719476763,36,71,73,3,7
137438953527,37,74,74,1,6
274877907056,38,77,77,1,16
137438953528,37,78,80,3,6
68719476764,36,81,82,2,7
34359738382,35,83,84,2,8
17179869191,34,65,75,11,4
274877907057,38,76,76,1,16
1099511628232,40,79,79,1,5
274877907058,38,80,80,1,16
137438953529,37,76,77,2,6
1099511628233,40,78,78,1,5
274877907059,38,78,79,2,16
1099511628244,40,82,82,1,6
68719476765,36,76,80,5,7
1099511628245,40,81,81,1,6
68719476766,36,84,84,1,7
34359738383,35,76,82,7,8
68719476767,36,83,83,1,7
137438953536,37,86,88,3,6
68719476768,36,89,91,3,7
34359738384,35,92,97,6,8
17179869192,34,98,110,13,4
8589934596,33,111,130,20,17
4294967298,32,131,173,43,15
2147483649,31,0,84,85,11
274877907074,38,87,88,2,16
137438953537,37,85,85,1,6
1099511628300,40,88,88,1,5
274877907075,38,86,86,1,16
1099511628301,40,87,87,1,5
274877907076,38,90,90,1,16
137438953538,37,91,91,1,6
68719476769,36,85,88,4,7
274877907077,38,89,89,1,16
137438953539,37,89,90,2,6
4398046513324,42,93,93,1,16
274877907082,38,94,94,1,6
68719476770,36,95,97,3,7
34359738385,35,85,91,7,8
4398046513325,42,92,92,1,16
274877907083,38,92,93,2,6
274877907084,38,96,96,1,16
137438953542,37,97,97,1,6
68719476771,36,92,94,3,7
274877907085,38,95,95,1,16
137438953543,37,95,96,2,6
274877907088,38,99,99,1,16
137438953544,37,100,100,1,6
68719476772,36,101,101,1,7
34359738386,35,102,110,9,8
17179869193,34,85,97,13,4
274877907089,38,98,98,1,16
137438953545,37,98,99,2,6
68719476773,36,98,100,3,7
1099511628398,40,103,103,1,6
68719476774,36,104,110,7,7
34359738387,35,98,101,4,8
1099511628399,40,102,102,1,6
549755814200,39,105,107,3,16
137438953550,37,108,110,3,6
68719476775,36,102,103,2,7
2199023256804,41,106,106,1,12
1099511628402,40,107,107,1,5
549755814201,39,104,104,1,16
2199023256805,41,105,105,1,12
1099511628403,40,105,106,2,5
1099511628410,40,109,109,1,5
274877907102,38,110,110,1,16
137438953551,37,104,107,4,6
1099511628411,40,108,108,1,5
274877907103,38,108,109,2,16
34359738388,35,112,115,4,8
17179869194,34,116,130,15,4
8589934597,33,85,110,26,17
549755814228,39,113,113,1,6
68719476778,36,114,115,2,7
34359738389,35,111,111,1,8
549755814229,39,112,112,1,6
137438953558,37,115,115,1,6
68719476779,36,112,113,2,7
137438953559,37,114,114,1,6
549755814240,39,117,117,1,16
137438953560,37,118,119,2,6
68719476780,36,120,127,8,7
34359738390,35,128,130,3,8
17179869195,34,111,115,5,4
549755814241,39,116,116,1,16
274877907122,38,119,119,1,16
137438953561,37,116,117,2,6
274877907123,38,118,118,1,16
274877907124,38,121,123,3,16
137438953562,37,124,127,4,6
68719476781,36,116,119,4,7
1099511628500,40,122,122,1,12
549755814250,39,123,123,1,5
274877907125,38,120,120,1,16
1099511628501,40,121,121,1,12
549755814251,39,121,122,2,5
549755814252,39,125,125,1,5
274877907126,38,126,127,2,16
137438953563,37,120,123,4,6
549755814253,39,124,124,1,5
17592186056162,44,127,127,1,5
274877907127,38,124,125,2,16
17592186056163,44,126,126,1,5
68719476782,36,129,130,2,7
34359738391,35,116,127,12,8
137438953566,37,130,130,1,6
68719476783,36,128,128,1,7
137438953567,37,129,129,1,6
137438953568,37,132,133,2,6
68719476784,36,134,138,5,7
34359738392,35,139,146,8,8
17179869196,34,147,153,7,4
8589934598,33,154,173,20,17
4294967299,32,85,130,46,15
274877907138,38,133,133,1,16
137438953569,37,131,131,1,6
274877907139,38,132,132,1,16
137438953570,37,135,138,4,6
68719476785,36,131,133,3,7
549755814286,39,136,138,3,16
137438953571,37,134,134,1,6
1099511628574,40,137,138,2,5
549755814287,39,135,135,1,16
4398046514302,42,138,138,1,12
1099511628575,40,136,136,1,5
4398046514303,42,137,137,1,12
137438953572,37,140,141,2,6
68719476786,36,142,146,5,7
34359738393,35,131,138,8,8
274877907146,38,141,141,1,16
137438953573,37,139,139,1,6
274877907147,38,140,140,1,16
274877907148,38,143,146,4,6
68719476787,36,139,141,3,7
2199023257192,41,144,144,1,5
549755814298,39,145,146,2,16
274877907149,38,142,142,1,6
2199023257193,41,143,143,1,5
2199023257196,41,146,146,1,5
549755814299,39,143,144,2,16
2199023257197,41,145,145,1,5
68719476788,36,148,148,1,7
34359738394,35,149,153,5,8
17179869197,34,131,146,16,4
68719476789,36,147,147,1,7
137438953580,37,150,150,1,6
68719476790,36,151,153,3,7
34359738395,35,147,148,2,8
137438953581,37,149,149,1,6
4398046514636,42,152,152,1,16
137438953582,37,153,153,1,6
68719476791,36,149,150,2,7
4398046514637,42,151,151,1,16
137438953583,37,151,152,2,6
549755814340,39,155,155,1,16
274877907170,38,156,156,1,6
68719476792,36,157,160,4,7
34359738396,35,161,165,5,8
17179869198,34,166,173,8,4
8589934599,33,131,153,23,17
549755814341,39,154,154,1,16
274877907171,38,154,155,2,6
274877907172,38,158,158,1,16
137438953586,37,159,160,2,6
68719476793,36,154,156,3,7
274877907173,38,157,157,1,16
1099511628698,40,160,160,1,16
137438953587,37,157,158,2,6
1099511628699,40,159,159,1,16
137438953588,37,162,162,1,6
68719476794,36,163,165,3,7
34359738397,35,154,160,7,8
137438953589,37,161,161,1,6
274877907180,38,164,164,1,16
137438953590,37,165,165,1,6
68719476795,36,161,162,2,7
274877907181,38,163,163,1,16
137438953591,37,163,164,2,6
68719476796,36,167,168,2,7
34359738398,35,169,173,5,8
17179869199,34,154,165,12,4
137438953594,37,168,168,1,6
68719476797,36,166,166,1,7
137438953595,37,167,167,1,6
8796093030144,43,170,170,1,16
549755814384,39,171,171,1,6
68719476798,36,172,173,2,7
34359738399,35,166,168,3,8
8796093030145,43,169,169,1,16
549755814385,39,169,170,2,6
137438953598,37,173,173,1,6
68719476799,36,169,171,3,7
137438953599,37,172,172,1,6
549755814400,39,175,175,1,16
274877907200,38,176,176,1,6
68719476800,36,177,180,4,7
34359738400,35,181,188,8,8
17179869200,34,189,200,12,4
8589934600,33,201,223,23,17
4294967300,32,224,260,37,15
2147483650,31,261,330,70,11
1073741825,30,0,173,174,9
549755814401,39,174,174,1,16
274877907201,38,174,175,2,6
137438953602,37,178,180,3,6
68719476801,36,174,176,3,7
274877907206,38,179,180,2,16
137438953603,37,177,177,1,6
2199023257660,41,180,180,1,5
274877907207,38,178,178,1,16
2199023257661,41,179,179,1,5
274877907208,38,182,182,1,16
137438953604,37,183,186,4,6
68719476802,36,187,188,2,7
34359738401,35,174,180,7,8
274877907209,38,181,181,1,16
274877907210,38,184,186,3,16
137438953605,37,181,182,2,6
2199023257690,41,185,185,1,12
549755814422,39,186,186,1,5
274877907211,38,183,183,1,16
2199023257691,41,184,184,1,12
549755814423,39,184,185,2,5
137438953606,37,188,188,1,6
68719476803,36,181,186,6,7
137438953607,37,187,187,1,6
137438953608,37,190,193,4,6
68719476804,36,194,197,4,7
34359738402,35,198,200,3,8
17179869201,34,174,188,15,4
1099511628874,40,191,192,2,5
274877907218,38,193,193,1,16
137438953609,37,189,189,1,6
8796093031006,43,192,192,1,12
1099511628875,40,190,190,1,5
8796093031007,43,191,191,1,12
274877907219,38,190,192,3,16
274877907220,38,195,196,2,16
137438953610,37,197,197,1,6
68719476805,36,189,193,5,7
4398046515536,42,196,196,1,5
274877907221,38,194,194,1,16
4398046515537,42,195,195,1,5
137438953611,37,194,196,3,6
2199023257794,41,199,199,1,6
137438953612,37,200,200,1,7
34359738403,35,189,197,9,8
2199023257795,41,198,198,1,6
137438953613,37,198,199,2,7
68719476808,36,202,205,4,7
34359738404,35,206,212,7,8
17179869202,34,213,223,11,4
8589934601,33,174,200,27,17
137438953618,37,203,205,3,6
68719476809,36,201,201,1,7
274877907238,38,204,205,2,16
137438953619,37,202,202,1,6
549755814478,39,205,205,1,5
274877907239,38,203,203,1,16
549755814479,39,204,204,1,5
137438953620,37,207,208,2,6
68719476810,36,209,212,4,7
34359738405,35,201,205,5,8
274877907242,38,208,208,1,16
137438953621,37,206,206,1,6
274877907243,38,207,207,1,16
1099511628982,40,210,210,1,16
137438953622,37,211,212,2,6
68719476811,36,206,208,3,7
1099511628983,40,209,209,1,16
274877907246,38,212,212,1,16
137438953623,37,209,210,2,6
274877907247,38,211,211,1,16
68719476812,36,214,214,1,7
34359738406,35,215,223,9,8
17179869203,34,201,212,12,4
68719476813,36,213,213,1,7
137438953628,37,216,216,1,6
68719476814,36,217,223,7,7
34359738407,35,213,214,2,8
137438953629,37,215,215,1,6
274877907260,38,218,218,1,16
137438953630,37,219,223,5,6
68719476815,36,215,216,2,7
274877907261,38,217,217,1,16
274877907262,38,220,223,4,16
137438953631,37,217,218,2,6
1099511629052,40,221,222,2,12
549755814526,39,223,223,1,5
274877907263,38,219,219,1,16
2199023258106,41,222,222,1,2
1099511629053,40,220,220,1,12
2199023258107,41,221,221,1,2
549755814527,39,220,222,3,5
68719476816,36,225,228,4,7
34359738408,35,229,235,7,8
17179869204,34,236,242,7,4
8589934602,33,243,260,18,17
4294967301,32,174,223,50,15
4398046516336,42,226,226,1,5
1099511629084,40,227,227,1,16
549755814542,39,228,228,1,6
68719476817,36,224,224,1,7
4398046516337,42,225,225,1,5
1099511629085,40,225,226,2,16
549755814543,39,225,227,3,6
2199023258178,41,230,230,1,5
274877907272,38,231,231,1,16
137438953636,37,232,234,3,6
68719476818,36,235,235,1,7
34359738409,35,224,228,5,8
2199023258179,41,229,229,1,5
274877907273,38,229,230,2,16
1099511629102,40,233,234,2,16
137438953637,37,229,231,3,6
140737488525300,47,234,234,1,5
1099511629103,40,232,232,1,16
140737488525301,47,233,233,1,5
68719476819,36,229,234,6,7
137438953640,37,237,239,3,6
68719476820,36,240,241,2,7
34359738410,35,242,242,1,8
17179869205,34,224,235,12,4
274877907282,38,238,239,2,16
137438953641,37,236,236,1,6
549755814566,39,239,239,1,5
274877907283,38,237,237,1,16
549755814567,39,238,238,1,5
137438953642,37,241,241,1,6
68719476821,36,236,239,4,7
137438953643,37,240,240,1,6
34359738411,35,236,241,6,8
137438953648,37,244,244,1,6
68719476824,36,245,245,1,7
34359738412,35,246,246,1,8
17179869206,34,247,260,14,4
8589934603,33,224,242,19,17
137438953649,37,243,243,1,6
68719476825,36,243,244,2,7
34359738413,35,243,245,3,8
17592186068018,44,248,248,1,5
274877907312,38,249,250,2,16
137438953656,37,251,252,2,6
68719476828,36,253,254,2,7
34359738414,35,255,260,6,8
17179869207,34,243,246,4,4
17592186068019,44,247,247,1,5
549755814626,39,250,250,1,5
274877907313,38,247,248,2,16
549755814627,39,249,249,1,5
549755814630,39,252,252,1,16
137438953657,37,247,250,4,6
549755814631,39,251,251,1,16
549755814638,39,254,254,1,6
68719476829,36,247,252,6,7
549755814639,39,253,253,1,6
274877907322,38,256,257,2,6
68719476830,36,258,260,3,7
34359738415,35,247,254,8,8
2199023258588,41,257,257,1,16
274877907323,38,255,255,1,6
2199023258589,41,256,256,1,16
1099511629298,40,259,259,1,16
137438953662,37,260,260,1,6
68719476831,36,255,257,3,7
1099511629299,40,258,258,1,16
137438953663,37,258,259,2,6
68719476832,36,262,266,5,7
34359738416,35,267,272,6,8
17179869208,34,273,280,8,4
8589934604,33,281,298,18,17
4294967302,32,299,330,32,15
2147483651,31,174,260,87,11
137438953666,37,263,266,4,6
68719476833,36,261,261,1,7
549755814668,39,264,264,1,5
274877907334,38,265,266,2,16
137438953667,37,262,262,1,6
549755814669,39,263,263,1,5
1099511629340,40,266,266,1,5
274877907335,38,263,264,2,16
1099511629341,40,265,265,1,5
137438953668,37,268,268,1,6
68719476834,36,269,272,4,7
34359738417,35,261,266,6,8
137438953669,37,267,267,1,6
137438953670,37,270,272,3,6
68719476835,36,267,268,2,7
274877907342,38,271,272,2,16
137438953671,37,269,269,1,6
1099511629374,40,272,272,1,5
274877907343,38,270,270,1,16
1099511629375,40,271,271,1,5
549755814694,39,274,274,1,6
68719476836,36,275,277,3,7
34359738418,35,278,280,3,8
17179869209,34,261,272,12,4
549755814695,39,273,273,1,6
274877907348,38,276,276,1,16
137438953674,37,277,277,1,6
68719476837,36,273,274,2,7
274877907349,38,275,275,1,16
137438953675,37,275,276,2,6
137438953676,37,279,279,1,6
68719476838,36,280,280,1,7
34359738419,35,273,277,5,8
137438953677,37,278,278,1,6
68719476839,36,278,279,2,7
549755814720,39,282,282,1,7
34359738420,35,283,288,6,8
17179869210,34,289,298,10,4
8589934605,33,261,280,20,17
549755814721,39,281,281,1,7
1099511629474,40,284,284,1,6
68719476842,36,285,288,4,7
34359738421,35,281,282,2,8
1099511629475,40,283,283,1,6
274877907372,38,286,288,3,6
68719476843,36,283,284,2,7
549755814746,39,287,288,2,16
274877907373,38,285,285,1,6
8796093035964,43,288,288,1,5
549755814747,39,286,286,1,16
8796093035965,43,287,287,1,5
137438953688,37,290,290,1,6
68719476844,36,291,295,5,7
34359738422,35,296,298,3,8
17179869211,34,281,288,8,4
137438953689,37,289,289,1,6
2199023259058,41,292,292,1,16
274877907382,38,293,295,3,6
68719476845,36,289,290,2,7
2199023259059,41,291,291,1,16
549755814766,39,294,295,2,16
274877907383,38,291,292,2,6
4398046518140,42,295,295,1,5
549755814767,39,293,293,1,16
4398046518141,42,294,294,1,5
68719476846,36,297,298,2,7
34359738423,35,289,295,7,8
137438953694,37,298,298,1,6
68719476847,36,296,296,1,7
137438953695,37,297,297,1,6
274877907396,38,300,300,1,7
34359738424,35,301,305,5,8
17179869212,34,306,309,4,4
8589934606,33,310,330,21,17
4294967303,32,261,298,38,15
274877907397,38,299,299,1,7
274877907400,38,302,302,1,16
137438953700,37,303,303,1,6
68719476850,36,304,305,2,7
34359738425,35,299,300,2,8
274877907401,38,301,301,1,16
137438953701,37,301,302,2,6
70368744296100,46,305,305,1,6
68719476851,36,301,303,3,7
70368744296101,46,304,304,1,6
137438953706,37,307,307,1,7
34359738426,35,308,309,2,8
17179869213,34,299,305,7,4
137438953707,37,306,306,1,7
68719476854,36,309,309,1,7
34359738427,35,306,307,2,8
68719476855,36,308,308,1,7
274877907424,38,311,312,2,16
137438953712,37,313,315,3,6
68719476856,36,316,318,3,7
34359738428,35,319,320,2,8
17179869214,34,321,330,10,4
8589934607,33,299,309,11,17
549755814850,39,312,312,1,5
274877907425,38,310,310,1,16
549755814851,39,311,311,1,5
2199023259408,41,314,314,1,5
274877907426,38,315,315,1,16
137438953713,37,310,312,3,6
2199023259409,41,313,313,1,5
274877907427,38,313,314,2,16
549755814856,39,317,317,1,16
137438953714,37,318,318,1,6
68719476857,36,310,315,6,7
549755814857,39,316,316,1,16
137438953715,37,316,317,2,6
68719476858,36,320,320,1,7
34359738429,35,310,318,9,8
68719476859,36,319,319,1,7
274877907440,38,322,322,1,16
137438953720,37,323,323,1,6
68719476860,36,324,327,4,7
34359738430,35,328,330,3,8
17179869215,34,310,320,11,4
274877907441,38,321,321,1,16
137438953721,37,321,322,2,6
137438953722,37,325,327,3,6
68719476861,36,321,323,3,7
274877907446,38,326,327,2,16
137438953723,37,324,324,1,6
549755814894,39,327,327,1,5
274877907447,38,325,325,1,16
549755814895,39,326,326,1,5
274877907448,38,329,329,1,6
68719476862,36,330,330,1,7
34359738431,35,321,327,7,8
274877907449,38,328,328,1,6
68719476863,36,328,329,2,7
137438953728,37,332,333,2,6
68719476864,36,334,335,2,7
34359738432,35,336,343,8,8
17179869216,34,344,357,14,4
8589934608,33,358,389,32,17
4294967304,32,390,419,30,15
2147483652,31,420,493,74,11
1073741826,30,494,663,170,9
536870913,29,0,330,331,1
549755814918,39,333,333,1,16
137438953729,37,331,331,1,6
549755814919,39,332,332,1,16
137438953730,37,335,335,1,6
68719476865,36,331,333,3,7
137438953731,37,334,334,1,6
274877907466,38,337,339,3,6
68719476866,36,340,343,4,7
34359738433,35,331,335,5,8
4398046519472,42,338,338,1,5
549755814934,39,339,339,1,16
274877907467,38,336,336,1,6
4398046519473,42,337,337,1,5
549755814935,39,337,338,2,16
1099511629872,40,341,341,1,16
274877907468,38,342,343,2,6
68719476867,36,336,339,4,7
1099511629873,40,340,340,1,16
549755814938,39,343,343,1,16
274877907469,38,340,341,2,6
549755814939,39,342,342,1,16
274877907472,38,345,345,1,16
137438953736,37,346,350,5,6
68719476868,36,351,351,1,7
34359738434,35,352,357,6,8
17179869217,34,331,343,13,4
274877907473,38,344,344,1,16
1099511629898,40,347,347,1,5
274877907474,38,348,350,3,16
137438953737,37,344,345,2,6
1099511629899,40,346,346,1,5
2199023259800,41,349,349,1,12
549755814950,39,350,350,1,5
274877907475,38,346,347,2,16
2199023259801,41,348,348,1,12
549755814951,39,348,349,2,5
68719476869,36,344,350,7,7
549755814964,39,353,354,2,16
274877907482,38,355,355,1,6
68719476870,36,356,357,2,7
34359738435,35,344,351,8,8
35184372157790,45,354,354,1,5
549755814965,39,352,352,1,16
35184372157791,45,353,353,1,5
274877907483,38,352,354,3,6
137438953742,37,357,357,1,6
68719476871,36,352,355,4,7
137438953743,37,356,356,1,6
17592186079254,44,359,359,1,5
549755814976,39,360,360,1,16
137438953744,37,361,363,3,6
68719476872,36,364,367,4,7
34359738436,35,368,371,4,8
17179869218,34,372,389,18,4
8589934609,33,331,357,27,17
17592186079255,44,358,358,1,5
549755814977,39,358,359,2,16
2199023259920,41,362,362,1,5
274877907490,38,363,363,1,16
137438953745,37,358,360,3,6
2199023259921,41,361,361,1,5
274877907491,38,361,362,2,16
137438953746,37,365,367,3,6
68719476873,36,358,363,6,7
1099511629978,40,366,366,1,5
274877907494,38,367,367,1,16
137438953747,37,364,364,1,6
1099511629979,40,365,365,1,5
274877907495,38,365,366,2,16
274877907496,38,369,369,1,6
68719476874,36,370,371,2,7
34359738437,35,358,367,10,8
274877907497,38,368,368,1,6
137438953750,37,371,371,1,6
68719476875,36,368,369,2,7
137438953751,37,370,370,1,6
137438953752,37,373,373,1,6
68719476876,36,374,377,4,7
34359738438,35,378,389,12,8
17179869219,34,358,371,14,4
137438953753,37,372,372,1,6
137438953754,37,375,377,3,6
68719476877,36,372,373,2,7
549755815020,39,376,376,1,5
274877907510,38,377,377,1,16
137438953755,37,374,374,1,6
549755815021,39,375,375,1,5
274877907511,38,375,376,2,16
274877907512,38,379,380,2,16
137438953756,37,381,382,2,6
68719476878,36,383,389,7,7
34359738439,35,372,377,6,8
1099511630052,40,380,380,1,5
274877907513,38,378,378,1,16
1099511630053,40,379,379,1,5
549755815030,39,382,382,1,16
137438953757,37,378,380,3,6
549755815031,39,381,381,1,16
1099511630064,40,384,384,1,12
549755815032,39,385,386,2,5
274877907516,38,387,388,2,16
137438953758,37,389,389,1,6
68719476879,36,378,382,5,7
1099511630065,40,383,383,1,12
2199023260134,41,386,386,1,12
549755815033,39,383,384,2,5
2199023260135,41,385,385,1,12
1099511630070,40,388,388,1,5
274877907517,38,383,386,4,16
1099511630071,40,387,387,1,5
137438953759,37,383,388,6,6
549755815042,39,391,391,1,16
137438953760,37,392,393,2,6
68719476880,36,394,394,1,7
34359738440,35,395,400,6,8
17179869220,34,401,405,5,4
8589934610,33,406,419,14,17
4294967305,32,331,389,59,15
549755815043,39,390,390,1,16
274877907522,38,393,393,1,16
137438953761,37,390,391,2,6
274877907523,38,392,392,1,16
68719476881,36,390,393,4,7
274877907530,38,396,397,2,6
68719476882,36,398,400,3,7
34359738441,35,390,394,5,8
35184372164076,45,397,397,1,16
274877907531,38,395,395,1,6
35184372164077,45,396,396,1,16
137438953766,37,399,400,2,6
68719476883,36,395,397,3,7
274877907534,38,400,400,1,16
137438953767,37,398,398,1,6
274877907535,38,399,399,1,16
549755815074,39,402,402,1,6
137438953768,37,403,403,1,7
34359738442,35,404,405,2,8
17179869221,34,390,400,11,4
549755815075,39,401,401,1,6
137438953769,37,401,402,2,7
68719476886,36,405,405,1,7
34359738443,35,401,403,3,8
68719476887,36,404,404,1,7
1099511630240,40,407,407,1,7
137438953780,37,408,409,2,8
17179869222,34,410,419,10,4
8589934611,33,390,405,16,17
1099511630241,40,406,406,1,7
274877907562,38,409,409,1,7
137438953781,37,406,407,2,8
274877907563,38,408,408,1,7
137438953784,37,411,412,2,7
34359738446,35,413,419,7,8
17179869223,34,406,409,4,4
2199023260570,41,412,412,1,6
137438953785,37,410,410,1,7
2199023260571,41,411,411,1,6
549755815156,39,414,414,1,16
274877907578,38,415,415,1,6
68719476894,36,416,419,4,7
34359738447,35,410,412,3,8
549755815157,39,413,413,1,16
274877907579,38,413,414,2,6
137438953790,37,417,419,3,6
68719476895,36,413,415,3,7
274877907582,38,418,419,2,16
137438953791,37,416,416,1,6
549755815166,39,419,419,1,5
274877907583,38,417,417,1,16
549755815167,39,418,418,1,5
68719476896,36,421,423,3,7
34359738448,35,424,429,6,8
17179869224,34,430,436,7,4
8589934612,33,437,461,25,17
4294967306,32,462,493,32,15
2147483653,31,331,419,89,11
549755815176,39,422,422,1,16
137438953794,37,423,423,1,6
68719476897,36,420,420,1,7
549755815177,39,421,421,1,16
137438953795,37,421,422,2,6
274877907592,38,425,426,2,16
137438953796,37,427,427,1,6
68719476898,36,428,429,2,7
34359738449,35,420,423,4,8
1099511630374,40,426,426,1,5
274877907593,38,424,424,1,16
1099511630375,40,425,425,1,5
137438953797,37,424,426,3,6
274877907596,38,429,429,1,6
68719476899,36,424,427,4,7
274877907597,38,428,428,1,6
274877907602,38,431,431,1,7
34359738450,35,432,436,5,8
17179869225,34,420,429,10,4
274877907603,38,430,430,1,7
68719476902,36,433,436,4,7
34359738451,35,430,431,2,8
137438953806,37,434,436,3,6
68719476903,36,432,432,1,7
274877907614,38,435,436,2,16
137438953807,37,433,433,1,6
4398046521846,42,436,436,1,5
274877907615,38,434,434,1,16
4398046521847,42,435,435,1,5
274877907616,38,438,438,1,16
137438953808,37,439,441,3,6
68719476904,36,442,443,2,7
34359738452,35,444,450,7,8
17179869226,34,451,461,11,4
8589934613,33,420,436,17,17
274877907617,38,437,437,1,16
274877907618,38,440,441,2,16
137438953809,37,437,438,2,6
549755815238,39,441,441,1,5
274877907619,38,439,439,1,16
549755815239,39,440,440,1,5
8796093043888,43,443,443,1,6
68719476905,36,437,441,5,7
8796093043889,43,442,442,1,6
549755815248,39,445,445,1,16
137438953812,37,446,447,2,6
68719476906,36,448,450,3,7
34359738453,35,437,443,7,8
549755815249,39,444,444,1,16
274877907626,38,447,447,1,16
137438953813,37,444,445,2,6
274877907627,38,446,446,1,16
274877907628,38,449,449,1,16
137438953814,37,450,450,1,6
68719476907,36,444,447,4,7
274877907629,38,448,448,1,16
137438953815,37,448,449,2,6
2199023261064,41,452,452,1,6
68719476908,36,453,457,5,7
34359738454,35,458,461,4,8
17179869227,34,437,450,14,4
2199023261065,41,451,451,1,6
549755815272,39,454,455,2,5
274877907636,38,456,456,1,16
137438953818,37,457,457,1,6
68719476909,36,451,452,2,7
1099511630546,40,455,455,1,12
549755815273,39,453,453,1,5
1099511630547,40,454,454,1,12
274877907637,38,453,455,3,16
137438953819,37,453,456,4,6
549755815288,39,459,459,1,16
274877907644,38,460,460,1,6
137438953822,37,461,461,1,7
34359738455,35,451,457,7,8
549755815289,39,458,458,1,16
274877907645,38,458,459,2,6
137438953823,37,458,460,3,7
68719476912,36,463,465,3,7
34359738456,35,466,466,1,8
17179869228,34,467,471,5,4
8589934614,33,472,493,22,17
4294967307,32,420,461,42,15
137438953826,37,464,465,2,6
68719476913,36,462,462,1,7
2199023261242,41,465,465,1,16
137438953827,37,463,463,1,6
2199023261243,41,464,464,1,16
34359738457,35,462,465,4,8
68719476916,36,468,468,1,7
34359738458,35,469,471,3,8
17179869229,34,462,466,5,4
68719476917,36,467,467,1,7
68719476918,36,470,471,2,7
34359738459,35,467,468,2,8
137438953838,37,471,471,1,6
68719476919,36,469,469,1,7
137438953839,37,470,470,1,6
549755815360,39,473,473,1,5
274877907680,38,474,474,1,16
137438953840,37,475,476,2,6
68719476920,36,477,479,3,7
34359738460,35,480,487,8,8
17179869230,34,488,493,6,4
8589934615,33,462,471,10,17
549755815361,39,472,472,1,5
274877907681,38,472,473,2,16
274877907682,38,476,476,1,16
137438953841,37,472,474,3,6
274877907683,38,475,475,1,16
137438953842,37,478,479,2,6
68719476921,36,472,476,5,7
549755815374,39,479,479,1,16
137438953843,37,477,477,1,6
549755815375,39,478,478,1,16
549755815376,39,481,481,1,5
274877907688,38,482,483,2,16
137438953844,37,484,485,2,6
68719476922,36,486,487,2,7
34359738461,35,472,479,8,8
549755815377,39,480,480,1,5
1099511630756,40,483,483,1,5
274877907689,38,480,481,2,16
1099511630757,40,482,482,1,5
274877907690,38,485,485,1,16
137438953845,37,480,483,4,6
274877907691,38,484,484,1,16
274877907694,38,487,487,1,6
68719476923,36,480,485,6,7
274877907695,38,486,486,1,6
34359738462,35,489,493,5,8
17179869231,34,472,487,16,4
549755815408,39,490,490,1,16
274877907704,38,491,491,1,6
68719476926,36,492,493,2,7
34359738463,35,488,488,1,8
549755815409,39,489,489,1,16
274877907705,38,489,490,2,6
274877907708,38,493,493,1,6
68719476927,36,489,491,3,7
274877907709,38,492,492,1,6
68719476928,36,495,498,4,7
34359738464,35,499,506,8,8
17179869232,34,507,513,7,4
8589934616,33,514,527,14,17
4294967308,32,528,572,45,15
2147483654,31,573,663,91,11
1073741827,30,331,493,163,9
2199023261732,41,496,496,1,5
1099511630866,40,497,497,1,16
137438953858,37,498,498,1,6
68719476929,36,494,494,1,7
2199023261733,41,495,495,1,5
1099511630867,40,495,496,2,16
137438953859,37,495,497,3,6
549755815442,39,500,500,1,16
137438953860,37,501,502,2,6
68719476930,36,503,506,4,7
34359738465,35,494,498,5,8
549755815443,39,499,499,1,16
274877907722,38,502,502,1,16
137438953861,37,499,500,2,6
274877907723,38,501,501,1,16
274877907724,38,504,504,1,16
137438953862,37,505,506,2,6
68719476931,36,499,502,4,7
274877907725,38,503,503,1,16
2199023261810,41,506,506,1,16
137438953863,37,503,504,2,6
2199023261811,41,505,505,1,16
137438953866,37,508,509,2,7
34359738466,35,510,513,4,8
17179869233,34,494,506,13,4
274877907734,38,509,509,1,6
137438953867,37,507,507,1,7
274877907735,38,508,508,1,6
68719476934,36,511,513,3,7
34359738467,35,507,509,3,8
549755815480,39,512,513,2,6
68719476935,36,510,510,1,7
1099511630962,40,513,513,1,16
549755815481,39,511,511,1,6
1099511630963,40,512,512,1,16
68719476936,36,515,518,4,7
34359738468,35,519,521,3,8
17179869234,34,522,527,6,4
8589934617,33,494,513,20,17
274877907748,38,516,516,1,16
137438953874,37,517,518,2,6
68719476937,36,514,514,1,7
274877907749,38,515,515,1,16
2199023262014,41,518,518,1,16
137438953875,37,515,516,2,6
2199023262015,41,517,517,1,16
68719476938,36,520,521,2,7
34359738469,35,514,518,5,8
274877907756,38,521,521,1,6
68719476939,36,519,519,1,7
274877907757,38,520,520,1,6
274877907762,38,523,524,2,6
68719476940,36,525,526,2,7
34359738470,35,527,527,1,8
17179869235,34,514,521,8,4
4398046524220,42,524,524,1,16
274877907763,38,522,522,1,6
4398046524221,42,523,523,1,16
137438953882,37,526,526,1,6
68719476941,36,522,524,3,7
137438953883,37,525,525,1,6
34359738471,35,522,526,5,8
549755815556,39,529,529,1,16
274877907778,38,530,530,1,6
68719476944,36,531,536,6,7
34359738472,35,537,544,8,8
17179869236,34,545,554,10,4
8589934618,33,555,572,18,17
4294967309,32,494,527,34,15
549755815557,39,528,528,1,16
274877907779,38,528,529,2,6
2199023262244,41,532,532,1,5
274877907780,38,533,534,2,16
137438953890,37,535,536,2,6
68719476945,36,528,530,3,7
2199023262245,41,531,531,1,5
549755815562,39,534,534,1,5
274877907781,38,531,532,2,16
549755815563,39,533,533,1,5
274877907782,38,536,536,1,16
137438953891,37,531,534,4,6
274877907783,38,535,535,1,16
137438953892,37,538,538,1,6
68719476946,36,539,544,6,7
34359738473,35,528,536,9,8
137438953893,37,537,537,1,6
8796093049242,43,540,540,1,5
274877907788,38,541,542,2,16
137438953894,37,543,544,2,6
68719476947,36,537,538,2,7
8796093049243,43,539,539,1,5
8796093049252,43,542,542,1,5
274877907789,38,539,540,2,16
8796093049253,43,541,541,1,5
4398046524656,42,544,544,1,16
137438953895,37,539,542,4,6
4398046524657,42,543,543,1,16
68719476948,36,546,547,2,7
34359738474,35,548,554,7,8
17179869237,34,528,544,17,4
137438953898,37,547,547,1,6
68719476949,36,545,545,1,7
137438953899,37,546,546,1,6
1099511631200,40,549,549,1,5
274877907800,38,550,550,1,16
137438953900,37,551,553,3,6
68719476950,36,554,554,1,7
34359738475,35,545,547,3,8
1099511631201,40,548,548,1,5
274877907801,38,548,549,2,16
1099511631208,40,552,553,2,16
137438953901,37,548,550,3,6
2199023262418,41,553,553,1,5
1099511631209,40,551,551,1,16
2199023262419,41,552,552,1,5
68719476951,36,548,553,6,7
274877907808,38,556,556,1,6
137438953904,37,557,557,1,7
34359738476,35,558,562,5,8
17179869238,34,563,572,10,4
8589934619,33,528,554,27,17
274877907809,38,555,555,1,6
137438953905,37,555,556,2,7
68719476954,36,559,562,4,7
34359738477,35,555,557,3,8
274877907820,38,560,561,2,16
137438953910,37,562,562,1,6
68719476955,36,558,558,1,7
549755815642,39,561,561,1,5
274877907821,38,559,559,1,16
549755815643,39,560,560,1,5
137438953911,37,559,561,3,6
137438953912,37,564,564,1,6
68719476956,36,565,567,3,7
34359738478,35,568,572,5,8
17179869239,34,555,562,8,4
137438953913,37,563,563,1,6
274877907828,38,566,566,1,16
137438953914,37,567,567,1,6
68719476957,36,563,564,2,7
274877907829,38,565,565,1,16
137438953915,37,565,566,2,6
68719476958,36,569,572,4,7
34359738479,35,563,567,5,8
137438953918,37,570,572,3,6
68719476959,36,568,568,1,7
549755815676,39,571,572,2,16
137438953919,37,569,569,1,6
4398046525420,42,572,572,1,5
549755815677,39,570,570,1,16
4398046525421,42,571,571,1,5
34359738480,35,574,584,11,8
17179869240,34,585,596,12,4
8589934620,33,597,622,26,17
4294967310,32,623,663,41,15
2147483655,31,494,572,79,11
137438953924,37,575,578,4,6
68719476962,36,579,584,6,7
34359738481,35,573,573,1,8
1099511631400,40,576,576,1,12
549755815700,39,577,577,1,5
274877907850,38,578,578,1,16
137438953925,37,574,574,1,6
1099511631401,40,575,575,1,12
549755815701,39,575,576,2,5
274877907851,38,575,577,3,16
2199023262822,41,580,580,1,5
274877907852,38,581,581,1,16
137438953926,37,582,584,3,6
68719476963,36,574,578,5,7
2199023262823,41,579,579,1,5
274877907853,38,579,580,2,16
274877907854,38,583,584,2,16
137438953927,37,579,581,3,6
1099511631422,40,584,584,1,5
274877907855,38,582,582,1,16
1099511631423,40,583,583,1,5
137438953928,37,586,586,1,6
68719476964,36,587,591,5,7
34359738482,35,592,596,5,8
17179869241,34,573,584,12,4
137438953929,37,585,585,1,6
137438953930,37,588,591,4,6
68719476965,36,585,586,2,7
2199023262898,41,589,590,2,5
549755815724,39,591,591,1,16
137438953931,37,587,587,1,6
4398046525798,42,590,590,1,12
2199023262899,41,588,588,1,5
4398046525799,42,589,589,1,12
549755815725,39,588,590,3,16
137438953932,37,593,594,2,6
68719476966,36,595,596,2,7
34359738483,35,585,591,7,8
274877907866,38,594,594,1,16
137438953933,37,592,592,1,6
274877907867,38,593,593,1,16
137438953934,37,596,596,1,6
68719476967,36,592,594,3,7
137438953935,37,595,595,1,6
8796093052082,43,598,598,1,6
137438953938,37,599,599,1,7
34359738484,35,600,608,9,8
17179869242,34,609,622,14,4
8589934621,33,573,596,24,17
8796093052083,43,597,597,1,6
137438953939,37,597,598,2,7
274877907880,38,601,603,3,6
68719476970,36,604,608,5,7
34359738485,35,597,599,3,8
1099511631524,40,602,602,1,5
549755815762,39,603,603,1,16
274877907881,38,600,600,1,6
1099511631525,40,601,601,1,5
549755815763,39,601,602,2,16
2199023263074,41,605,605,1,5
274877907884,38,606,607,2,16
137438953942,37,608,608,1,6
68719476971,36,600,603,4,7
2199023263075,41,604,604,1,5
549755815770,39,607,607,1,5
274877907885,38,604,605,2,16
549755815771,39,606,606,1,5
137438953943,37,604,607,4,6
2199023263106,41,610,610,1,12
549755815776,39,611,611,1,5
274877907888,38,612,612,1,16
137438953944,37,613,613,1,6
68719476972,36,614,618,5,7
34359738486,35,619,622,4,8
17179869243,34,597,608,12,4
2199023263107,41,609,609,1,12
549755815777,39,609,610,2,5
274877907889,38,609,611,3,16
137438953945,37,609,612,4,6
549755815784,39,615,615,1,16
137438953946,37,616,618,3,6
68719476973,36,609,613,5,7
549755815785,39,614,614,1,16
274877907894,38,617,618,2,16
137438953947,37,614,615,2,6
4398046526322,42,618,618,1,5
274877907895,38,616,616,1,16
4398046526323,42,617,617,1,5
137438953948,37,620,620,1,6
68719476974,36,621,622,2,7
34359738487,35,609,618,10,8
137438953949,37,619,619,1,6
137438953950,37,622,622,1,6
68719476975,36,619,620,2,7
137438953951,37,621,621,1,6
4398046526472,42,624,624,1,5
274877907904,38,625,626,2,16
137438953952,37,627,627,1,6
68719476976,36,628,629,2,7
34359738488,35,630,632,3,8
17179869244,34,633,635,3,4
8589934622,33,636,663,28,17
4294967311,32,573,622,50,15
4398046526473,42,623,623,1,5
1099511631622,40,626,626,1,5
274877907905,38,623,624,2,16
1099511631623,40,625,625,1,5
137438953953,37,623,626,4,6
549755815818,39,629,629,1,6
68719476977,36,623,627,5,7
549755815819,39,628,628,1,6
68719476978,36,631,632,2,7
34359738489,35,623,629,7,8
549755815832,39,632,632,1,6
68719476979,36,630,630,1,7
549755815833,39,631,631,1,6
34359738490,35,634,635,2,8
17179869245,34,623,632,10,4
68719476982,36,635,635,1,7
34359738491,35,633,633,1,8
68719476983,36,634,634,1,7
1099511631762,40,637,637,1,6
137438953970,37,638,641,4,7
34359738492,35,642,648,7,8
17179869246,34,649,663,15,4
8589934623,33,623,635,13,17
1099511631763,40,636,636,1,6
549755815884,39,639,639,1,16
274877907942,38,640,641,2,6
137438953971,37,636,637,2,7
549755815885,39,638,638,1,16
549755815886,39,641,641,1,16
274877907943,38,638,639,2,6
549755815887,39,640,640,1,16
274877907944,38,643,644,2,16
137438953972,37,645,646,2,6
68719476986,36,647,648,2,7
34359738493,35,636,641,6,8
1099511631780,40,644,644,1,5
274877907945,38,642,642,1,16
1099511631781,40,643,643,1,5
549755815894,39,646,646,1,16
137438953973,37,642,644,3,6
549755815895,39,645,645,1,16
274877907950,38,648,648,1,6
68719476987,36,642,646,5,7
274877907951,38,647,647,1,6
4398046527232,42,650,650,1,5
274877907952,38,651,651,1,16
137438953976,37,652,654,3,6
68719476988,36,655,660,6,7
34359738494,35,661,663,3,8
17179869247,34,636,648,13,4
4398046527233,42,649,649,1,5
274877907953,38,649,650,2,16
549755815908,39,653,654,2,16
137438953977,37,649,651,3,6
1099511631818,40,654,654,1,5
549755815909,39,652,652,1,16
1099511631819,40,653,653,1,5
274877907956,38,656,659,4,16
137438953978,37,660,660,1,6
68719476989,36,649,654,6,7
1099511631828,40,657,658,2,12
549755815914,39,659,659,1,5
274877907957,38,655,655,1,16
2199023263658,41,658,658,1,2
1099511631829,40,656,656,1,12
2199023263659,41,657,657,1,2
549755815915,39,656,658,3,5
137438953979,37,655,659,5,6
274877907960,38,662,662,1,6
68719476990,36,663,663,1,7
34359738495,35,649,660,12,8
274877907961,38,661,661,1,6
68719476991,36,661,662,2,7
2199023263746,41,665,665,1,16
137438953984,37,666,667,2,6
68719476992,36,668,668,1,7
34359738496,35,669,671,3,8
17179869248,34,672,679,8,4
8589934624,33,680,701,22,17
4294967312,32,702,742,41,15
2147483656,31,743,831,89,11
1073741828,30,832,980,149,9
536870914,29,981,1311,331,1
268435457,28,0,663,664,3
2199023263747,41,664,664,1,16
2199023263766,41,667,667,1,16
137438953985,37,664,665,2,6
2199023263767,41,666,666,1,16
68719476993,36,664,667,4,7
8796093055330,43,670,670,1,6
68719476994,36,671,671,1,7
34359738497,35,664,668,5,8
8796093055331,43,669,669,1,6
68719476995,36,669,670,2,7
68719476996,36,673,675,3,7
34359738498,35,676,679,4,8
17179869249,34,664,671,8,4
274877907988,38,674,674,1,16
137438953994,37,675,675,1,6
68719476997,36,672,672,1,7
274877907989,38,673,673,1,16
137438953995,37,673,674,2,6
2199023263978,41,677,677,1,6
137438953998,37,678,679,2,7
34359738499,35,672,675,4,8
2199023263979,41,676,676,1,6
4398046527978,42,679,679,1,6
137438953999,37,676,677,2,7
4398046527979,42,678,678,1,6
274877908004,38,681,681,1,6
137438954002,37,682,682,1,7
34359738500,35,683,693,11,8
17179869250,34,694,701,8,4
8589934625,33,664,679,16,17
274877908005,38,680,680,1,6
137438954003,37,680,681,2,7
137438954004,37,684,688,5,6
68719477002,36,689,693,5,7
34359738501,35,680,682,3,8
35184372225332,45,685,685,1,12
549755816020,39,686,687,2,5
274877908010,38,688,688,1,16
137438954005,37,683,683,1,6
35184372225333,45,684,684,1,12
8796093056346,43,687,687,1,12
549755816021,39,684,685,2,5
8796093056347,43,686,686,1,12
274877908011,38,684,687,4,16
549755816026,39,690,690,1,16
137438954006,37,691,693,3,6
68719477003,36,683,688,6,7
549755816027,39,689,689,1,16
549755816028,39,692,693,2,16
137438954007,37,689,690,2,6
1099511632058,40,693,693,1,5
549755816029,39,691,691,1,16
1099511632059,40,692,692,1,5
274877908016,38,695,695,1,16
137438954008,37,696,696,1,6
68719477004,36,697,697,1,7
34359738502,35,698,701,4,8
17179869251,34,680,693,14,4
274877908017,38,694,694,1,16
137438954009,37,694,695,2,6
68719477005,36,694,696,3,7
274877908024,38,699,700,2,6
68719477006,36,701,701,1,7
34359738503,35,694,697,4,8
1099511632102,40,700,700,1,16
274877908025,38,698,698,1,6
1099511632103,40,699,699,1,16
68719477007,36,698,700,3,7
68719477008,36,703,705,3,7
34359738504,35,706,711,6,8
17179869252,34,712,719,8,4
8589934626,33,720,742,23,17
4294967313,32,664,701,38,15
137438954018,37,704,705,2,6
68719477009,36,702,702,1,7
549755816078,39,705,705,1,16
137438954019,37,703,703,1,6
549755816079,39,704,704,1,16
274877908040,38,707,707,1,6
68719477010,36,708,711,4,7
34359738505,35,702,705,4,8
274877908041,38,706,706,1,6
2199023264358,41,709,709,1,5
274877908044,38,710,710,1,16
137438954022,37,711,711,1,6
68719477011,36,706,707,2,7
2199023264359,41,708,708,1,5
274877908045,38,708,709,2,16
137438954023,37,708,710,3,6
549755816098,39,713,713,1,6
68719477012,36,714,714,1,7
34359738506,35,715,719,5,8
17179869253,34,702,711,10,4
549755816099,39,712,712,1,6
68719477013,36,712,713,2,7
68719477014,36,716,719,4,7
34359738507,35,712,714,3,8
2199023264482,41,717,717,1,5
549755816120,39,718,718,1,16
137438954030,37,719,719,1,6
68719477015,36,715,715,1,7
2199023264483,41,716,716,1,5
549755816121,39,716,717,2,16
137438954031,37,716,718,3,6
549755816128,39,721,721,1,6
68719477016,36,722,723,2,7
34359738508,35,724,729,6,8
17179869254,34,730,742,13,4
8589934627,33,702,719,18,17
549755816129,39,720,720,1,6
137438954034,37,723,723,1,6
68719477017,36,720,721,2,7
137438954035,37,722,722,1,6
549755816146,39,725,725,1,16
137438954036,37,726,727,2,6
68719477018,36,728,729,2,7
34359738509,35,720,723,4,8
549755816147,39,724,724,1,16
1099511632302,40,727,727,1,16
137438954037,37,724,725,2,6
1099511632303,40,726,726,1,16
137438954038,37,729,729,1,6
68719477019,36,724,727,4,7
137438954039,37,728,728,1,6
274877908080,38,731,733,3,16
137438954040,37,734,734,1,6
68719477020,36,735,735,1,7
34359738510,35,736,742,7,8
17179869255,34,720,729,10,4
2199023264648,41,732,732,1,12
549755816162,39,733,733,1,5
274877908081,38,730,730,1,16
2199023264649,41,731,731,1,12
549755816163,39,731,732,2,5
137438954041,37,730,733,4,6
68719477021,36,730,734,5,7
549755816180,39,737,737,1,16
274877908090,38,738,738,1,6
68719477022,36,739,742,4,7
34359738511,35,730,735,6,8
549755816181,39,736,736,1,16
274877908091,38,736,737,2,6
549755816186,39,740,740,1,16
137438954046,37,741,742,2,6
68719477023,36,736,738,3,7
549755816187,39,739,739,1,16
17592186118092,44,742,742,1,16
137438954047,37,739,740,2,6
17592186118093,44,741,741,1,16
68719477024,36,744,748,5,7
34359738512,35,749,756,8,8
17179869256,34,757,765,9,4
8589934628,33,766,788,23,17
4294967314,32,789,831,43,15
2147483657,31,664,742,79,11
4398046529610,42,745,746,2,5
1099511632402,40,747,747,1,16
137438954050,37,748,748,1,6
68719477025,36,743,743,1,7
17592186118446,44,746,746,1,12
4398046529611,42,744,744,1,5
17592186118447,44,745,745,1,12
1099511632403,40,744,746,3,16
137438954051,37,744,747,4,6
68719477026,36,750,756,7,7
34359738513,35,743,748,6,8
2199023264870,41,751,751,1,16
137438954054,37,752,756,5,6
68719477027,36,749,749,1,7
2199023264871,41,750,750,1,16
1099511632440,40,753,753,1,12
549755816220,39,754,754,1,5
274877908110,38,755,756,2,16
137438954055,37,750,751,2,6
1099511632441,40,752,752,1,12
549755816221,39,752,753,2,5
549755816222,39,756,756,1,5
274877908111,38,752,754,3,16
549755816223,39,755,755,1,5
4398046529808,42,758,758,1,6
68719477028,36,759,760,2,7
34359738514,35,761,765,5,8
17179869257,34,743,756,14,4
4398046529809,42,757,757,1,6
1099511632464,40,760,760,1,6
68719477029,36,757,758,2,7
1099511632465,40,759,759,1,6
68719477030,36,762,765,4,7
34359738515,35,757,760,4,8
549755816248,39,763,763,1,16
137438954062,37,764,765,2,6
68719477031,36,761,761,1,7
549755816249,39,762,762,1,16
274877908126,38,765,765,1,16
137438954063,37,762,763,2,6
274877908127,38,764,764,1,16
137438954064,37,767,768,2,6
68719477032,36,769,770,2,7
34359738516,35,771,771,1,8
17179869258,34,772,788,17,4
8589934629,33,743,765,23,17
274877908130,38,768,768,1,16
137438954065,37,766,766,1,6
274877908131,38,767,767,1,16
274877908132,38,770,770,1,6
68719477033,36,766,768,3,7
274877908133,38,769,769,1,6
34359738517,35,766,770,5,8
137438954072,37,773,777,5,6
68719477036,36,778,781,4,7
34359738518,35,782,788,7,8
17179869259,34,766,771,6,4
2199023265168,41,774,774,1,12
549755816292,39,775,775,1,5
274877908146,38,776,777,2,16
137438954073,37,772,772,1,6
2199023265169,41,773,773,1,12
549755816293,39,773,774,2,5
1099511632590,40,777,777,1,5
274877908147,38,773,775,3,16
1099511632591,40,776,776,1,5
274877908148,38,779,781,3,6
68719477037,36,772,777,6,7
1099511632596,40,780,780,1,5
549755816298,39,781,781,1,16
274877908149,38,778,778,1,6
1099511632597,40,779,779,1,5
549755816299,39,779,780,2,16
70368744486938,46,783,783,1,5
274877908152,38,784,784,1,16
137438954076,37,785,785,1,6
68719477038,36,786,788,3,7
34359738519,35,772,781,10,8
70368744486939,46,782,782,1,5
274877908153,38,782,783,2,16
137438954077,37,782,784,3,6
549755816312,39,787,787,1,16
274877908156,38,788,788,1,6
68719477039,36,782,785,4,7
549755816313,39,786,786,1,16
274877908157,38,786,787,2,6
137438954080,37,790,790,1,6
68719477040,36,791,794,4,7
34359738520,35,795,804,10,8
17179869260,34,805,809,5,4
8589934630,33,810,831,22,17
4294967315,32,743,788,46,15
137438954081,37,789,789,1,6
137438954082,37,792,794,3,6
68719477041,36,789,790,2,7
549755816334,39,793,794,2,16
137438954083,37,791,791,1,6
1099511632670,40,794,794,1,5
549755816335,39,792,792,1,16
1099511632671,40,793,793,1,5
274877908168,38,796,797,2,6
137438954084,37,798,804,7,7
34359738521,35,789,794,6,8
1099511632676,40,797,797,1,16
274877908169,38,795,795,1,6
1099511632677,40,796,796,1,16
1099511632680,40,799,799,1,5
549755816340,39,800,800,1,16
274877908170,38,801,804,4,6
137438954085,37,795,797,3,7
1099511632681,40,798,798,1,5
549755816341,39,798,799,2,16
1099511632684,40,802,802,1,5
549755816342,39,803,804,2,16
274877908171,38,798,800,3,6
1099511632685,40,801,801,1,5
1099511632686,40,804,804,1,5
549755816343,39,801,802,2,16
1099511632687,40,803,803,1,5
68719477044,36,806,806,1,7
34359738522,35,807,809,3,8
17179869261,34,789,804,16,4
68719477045,36,805,805,1,7
549755816374,39,808,808,1,6
68719477046,36,809,809,1,7
34359738523,35,805,806,2,8
549755816375,39,807,807,1,6
68719477047,36,807,808,2,7
274877908192,38,811,812,2,16
137438954096,37,813,813,1,6
68719477048,36,814,814,1,7
34359738524,35,815,819,5,8
17179869262,34,820,831,12,4
8589934631,33,789,809,21,17
549755816386,39,812,812,1,5
274877908193,38,810,810,1,16
549755816387,39,811,811,1,5
137438954097,37,810,812,3,6
68719477049,36,810,813,4,7
549755816400,39,816,816,1,16
137438954100,37,817,817,1,6
68719477050,36,818,819,2,7
34359738525,35,810,814,5,8
549755816401,39,815,815,1,16
137438954101,37,815,816,2,6
137438954102,37,819,819,1,6
68719477051,36,815,817,3,7
137438954103,37,818,818,1,6
68719477052,36,821,826,6,7
34359738526,35,827,831,5,8
17179869263,34,810,819,10,4
137438954106,37,822,826,5,6
68719477053,36,820,820,1,7
549755816428,39,823,823,1,5
274877908214,38,824,826,3,16
137438954107,37,821,821,1,6
549755816429,39,822,822,1,5
549755816430,39,825,826,2,5
274877908215,38,822,823,2,16
70368744503226,46,826,826,1,12
549755816431,39,824,824,1,5
70368744503227,46,825,825,1,12
137438954108,37,828,829,2,6
68719477054,36,830,831,2,7
34359738527,35,820,826,7,8
274877908218,38,829,829,1,16
137438954109,37,827,827,1,6
274877908219,38,828,828,1,16
549755816444,39,831,831,1,6
68719477055,36,827,829,3,7
549755816445,39,830,830,1,6
274877908224,38,833,834,2,16
137438954112,37,835,835,1,6
68719477056,36,836,836,1,7
34359738528,35,837,843,7,8
17179869264,34,844,846,3,4
8589934632,33,847,857,11,17
4294967316,32,858,892,35,15
2147483658,31,893,980,88,11
1073741829,30,664,831,168,9
549755816450,39,834,834,1,5
274877908225,38,832,832,1,16
549755816451,39,833,833,1,5
137438954113,37,832,834,3,6
68719477057,36,832,835,4,7
137438954116,37,838,839,2,6
68719477058,36,840,843,4,7
34359738529,35,832,836,5,8
274877908234,38,839,839,1,16
137438954117,37,837,837,1,6
274877908235,38,838,838,1,16
137438954118,37,841,843,3,6
68719477059,36,837,839,3,7
274877908238,38,842,843,2,16
137438954119,37,840,840,1,6
8796093063672,43,843,843,1,5
274877908239,38,841,841,1,16
8796093063673,43,842,842,1,5
34359738530,35,845,846,2,8
17179869265,34,832,843,12,4
68719477062,36,846,846,1,7
34359738531,35,844,844,1,8
68719477063,36,845,845,1,7
137438954128,37,848,848,1,6
68719477064,36,849,851,3,7
34359738532,35,852,853,2,8
17179869266,34,854,857,4,4
8589934633,33,832,846,15,17
137438954129,37,847,847,1,6
137438954130,37,850,851,2,6
68719477065,36,847,848,2,7
274877908262,38,851,851,1,16
137438954131,37,849,849,1,6
274877908263,38,850,850,1,16
68719477066,36,853,853,1,7
34359738533,35,847,851,5,8
68719477067,36,852,852,1,7
68719477068,36,855,855,1,7
34359738534,35,856,857,2,8
17179869267,34,847,853,7,4
68719477069,36,854,854,1,7
68719477070,36,857,857,1,7
34359738535,35,854,855,2,8
68719477071,36,856,856,1,7
137438954146,37,859,860,2,7
34359738536,35,861,863,3,8
17179869268,34,864,871,8,4
8589934634,33,872,892,21,17
4294967317,32,832,857,26,15
274877908294,38,860,860,1,6
137438954147,37,858,858,1,7
274877908295,38,859,859,1,6
137438954148,37,862,862,1,6
68719477074,36,863,863,1,7
34359738537,35,858,860,3,8
137438954149,37,861,861,1,6
68719477075,36,861,862,2,7
68719477076,36,865,865,1,7
34359738538,35,866,871,6,8
17179869269,34,858,863,6,4
68719477077,36,864,864,1,7
274877908312,38,867,867,1,16
137438954156,37,868,869,2,6
68719477078,36,870,871,2,7
34359738539,35,864,865,2,8
274877908313,38,866,866,1,16
274877908314,38,869,869,1,16
137438954157,37,866,867,2,6
274877908315,38,868,868,1,16
137438954158,37,871,871,1,6
68719477079,36,866,869,4,7
137438954159,37,870,870,1,6
137438954160,37,873,873,1,6
68719477080,36,874,877,4,7
34359738540,35,878,884,7,8
17179869270,34,885,892,8,4
8589934635,33,858,871,14,17
137438954161,37,872,872,1,6
549755816648,39,875,875,1,16
137438954162,37,876,877,2,6
68719477081,36,872,873,2,7
549755816649,39,874,874,1,16
274877908326,38,877,877,1,16
137438954163,37,874,875,2,6
274877908327,38,876,876,1,16
137438954164,37,879,879,1,6
68719477082,36,880,884,5,7
34359738541,35,872,877,6,8
137438954165,37,878,878,1,6
549755816664,39,881,881,1,5
274877908332,38,882,883,2,16
137438954166,37,884,884,1,6
68719477083,36,878,879,2,7
549755816665,39,880,880,1,5
2199023266668,41,883,883,1,5
274877908333,38,880,881,2,16
2199023266669,41,882,882,1,5
137438954167,37,880,883,4,6
549755816676,39,886,886,1,6
68719477084,36,887,888,2,7
34359738542,35,889,892,4,8
17179869271,34,872,884,13,4
549755816677,39,885,885,1,6
2199023266724,41,888,888,1,6
68719477085,36,885,886,2,7
2199023266725,41,887,887,1,6
68719477086,36,890,892,3,7
34359738543,35,885,888,4,8
549755816700,39,891,891,1,16
274877908350,38,892,892,1,6
68719477087,36,889,889,1,7
549755816701,39,890,890,1,16
274877908351,38,890,891,2,6
137438954176,37,894,894,1,6
68719477088,36,895,896,2,7
34359738544,35,897,901,5,8
17179869272,34,902,915,14,4
8589934636,33,916,941,26,17
4294967318,32,942,980,39,15
2147483659,31,832,892,61,11
137438954177,37,893,893,1,6
137438954178,37,896,896,1,6
68719477089,36,893,894,2,7
137438954179,37,895,895,1,6
274877908360,38,898,898,1,6
137438954180,37,899,901,3,7
34359738545,35,893,896,4,8
274877908361,38,897,897,1,6
549755816724,39,900,900,1,16
274877908362,38,901,901,1,6
137438954181,37,897,898,2,7
549755816725,39,899,899,1,16
274877908363,38,899,900,2,6
137438954186,37,903,904,2,7
34359738546,35,905,915,11,8
17179869273,34,893,901,9,4
274877908374,38,904,904,1,6
137438954187,37,902,902,1,7
274877908375,38,903,903,1,6
274877908376,38,906,906,1,16
137438954188,37,907,910,4,6
68719477094,36,911,915,5,7
34359738547,35,902,904,3,8
274877908377,38,905,905,1,16
549755816756,39,908,908,1,5
274877908378,38,909,910,2,16
137438954189,37,905,906,2,6
549755816757,39,907,907,1,5
549755816758,39,910,910,1,5
274877908379,38,907,908,2,16
549755816759,39,909,909,1,5
2199023267060,41,912,912,1,16
274877908382,38,913,915,3,6
68719477095,36,905,910,6,7
2199023267061,41,911,911,1,16
549755816766,39,914,915,2,16
274877908383,38,911,912,2,6
1099511633534,40,915,915,1,5
549755816767,39,913,913,1,16
1099511633535,40,914,914,1,5
137438954192,37,917,918,2,6
68719477096,36,919,922,4,7
34359738548,35,923,928,6,8
17179869274,34,929,941,13,4
8589934637,33,893,915,23,17
274877908386,38,918,918,1,16
137438954193,37,916,916,1,6
274877908387,38,917,917,1,16
137438954194,37,920,922,3,6
68719477097,36,916,918,3,7
2199023267132,41,921,921,1,5
1099511633566,40,922,922,1,16
137438954195,37,919,919,1,6
2199023267133,41,920,920,1,5
1099511633567,40,920,921,2,16
549755816786,39,924,924,1,16
137438954196,37,925,926,2,6
68719477098,36,927,928,2,7
34359738549,35,916,922,7,8
549755816787,39,923,923,1,16
274877908394,38,926,926,1,16
137438954197,37,923,924,2,6
274877908395,38,925,925,1,16
137438954198,37,928,928,1,6
68719477099,36,923,926,4,7
137438954199,37,927,927,1,6
8796093068852,43,930,930,1,16
137438954200,37,931,932,2,6
68719477100,36,933,934,2,7
34359738550,35,935,941,7,8
17179869275,34,916,928,13,4
8796093068853,43,929,929,1,16
274877908402,38,932,932,1,16
137438954201,37,929,930,2,6
274877908403,38,931,931,1,16
549755816810,39,934,934,1,6
68719477101,36,929,932,4,7
549755816811,39,933,933,1,6
4398046534544,42,936,936,1,5
1099511633636,40,937,937,1,16
137438954204,37,938,939,2,6
68719477102,36,940,941,2,7
34359738551,35,929,934,6,8
4398046534545,42,935,935,1,5
1099511633637,40,935,936,2,16
549755816820,39,939,939,1,16
137438954205,37,935,937,3,6
549755816821,39,938,938,1,16
137438954206,37,941,941,1,6
68719477103,36,935,939,5,7
137438954207,37,940,940,1,6
137438954208,37,943,944,2,6
68719477104,36,945,948,4,7
34359738552,35,949,952,4,8
17179869276,34,953,961,9,4
8589934638,33,962,980,19,17
4294967319,32,893,941,49,15
274877908418,38,944,944,1,16
137438954209,37,942,942,1,6
274877908419,38,943,943,1,16
274877908420,38,946,947,2,16
137438954210,37,948,948,1,6
68719477105,36,942,944,3,7
2199023267374,41,947,947,1,5
274877908421,38,945,945,1,16
2199023267375,41,946,946,1,5
137438954211,37,945,947,3,6
1099511633698,40,950,950,1,16
137438954212,37,951,951,1,6
68719477106,36,952,952,1,7
34359738553,35,942,948,7,8
1099511633699,40,949,949,1,16
137438954213,37,949,950,2,6
68719477107,36,949,951,3,7
137438954216,37,954,955,2,6
68719477108,36,956,957,2,7
34359738554,35,958,961,4,8
17179869277,34,942,952,11,4
549755816868,39,955,955,1,16
137438954217,37,953,953,1,6
549755816869,39,954,954,1,16
137438954218,37,957,957,1,6
68719477109,36,953,955,3,7
137438954219,37,956,956,1,6
8796093070166,43,959,959,1,6
68719477110,36,960,961,2,7
34359738555,35,953,957,5,8
8796093070167,43,958,958,1,6
137438954222,37,961,961,1,6
68719477111,36,958,959,2,7
137438954223,37,960,960,1,6
2199023267598,41,963,963,1,16
137438954224,37,964,964,1,6
68719477112,36,965,966,2,7
34359738556,35,967,973,7,8
17179869278,34,974,980,7,4
8589934639,33,942,961,20,17
2199023267599,41,962,962,1,16
137438954225,37,962,963,2,6
2199023267634,41,966,966,1,6
68719477113,36,962,964,3,7
2199023267635,41,965,965,1,6
274877908456,38,968,968,1,16
137438954228,37,969,969,1,6
68719477114,36,970,973,4,7
34359738557,35,962,966,5,8
274877908457,38,967,967,1,16
137438954229,37,967,968,2,6
549755816922,39,971,971,1,16
137438954230,37,972,973,2,6
68719477115,36,967,969,3,7
549755816923,39,970,970,1,16
274877908462,38,973,973,1,16
137438954231,37,970,971,2,6
274877908463,38,972,972,1,16
549755816930,39,975,975,1,6
68719477116,36,976,977,2,7
34359738558,35,978,980,3,8
17179869279,34,962,973,12,4
549755816931,39,974,974,1,6
137438954234,37,977,977,1,6
68719477117,36,974,975,2,7
137438954235,37,976,976,1,6
68719477118,36,979,980,2,7
34359738559,35,974,977,4,8
137438954238,37,980,980,1,6
68719477119,36,978,978,1,7
137438954239,37,979,979,1,6
68719477120,36,982,986,5,7
34359738560,35,987,989,3,8
17179869280,34,990,998,9,4
8589934640,33,999,1030,32,17
4294967320,32,1031,1067,37,15
2147483660,31,1068,1153,86,11
1073741830,30,1154,1311,158,9
536870915,29,664,980,317,1
274877908484,38,983,983,1,16
137438954242,37,984,986,3,6
68719477121,36,981,981,1,7
274877908485,38,982,982,1,16
549755816972,39,985,985,1,5
274877908486,38,986,986,1,16
137438954243,37,982,983,2,6
549755816973,39,984,984,1,5
274877908487,38,984,985,2,16
68719477122,36,988,989,2,7
34359738561,35,981,986,6,8
274877908492,38,989,989,1,6
68719477123,36,987,987,1,7
274877908493,38,988,988,1,6
2199023267968,41,991,991,1,5
274877908496,38,992,992,1,16
137438954248,37,993,993,1,6
68719477124,36,994,994,1,7
34359738562,35,995,998,4,8
17179869281,34,981,989,9,4
2199023267969,41,990,990,1,5
274877908497,38,990,991,2,16
137438954249,37,990,992,3,6
68719477125,36,990,993,4,7
68719477126,36,996,998,3,7
34359738563,35,990,994,5,8
137438954254,37,997,998,2,6
68719477127,36,995,995,1,7
274877908510,38,998,998,1,16
137438954255,37,996,996,1,6
274877908511,38,997,997,1,16
68719477128,36,1000,1001,2,7
34359738564,35,1002,1010,9,8
17179869282,34,1011,1030,20,4
8589934641,33,981,998,18,17
2199023268158,41,1001,1001,1,6
68719477129,36,999,999,1,7
2199023268159,41,1000,1000,1,6
274877908520,38,1003,1004,2,16
137438954260,37,1005,1005,1,6
68719477130,36,1006,1010,5,7
34359738565,35,999,1001,3,8
1099511634084,40,1004,1004,1,5
274877908521,38,1002,1002,1,16
1099511634085,40,1003,1003,1,5
137438954261,37,1002,1004,3,6
137438954262,37,1007,1010,4,6
68719477131,36,1002,1005,4,7
549755817052,39,1008,1008,1,5
274877908526,38,1009,1010,2,16
137438954263,37,1006,1006,1,6
549755817053,39,1007,1007,1,5
2199023268216,41,1010,1010,1,5
274877908527,38,1007,1008,2,16
2199023268217,41,1009,1009,1,5
4398046536476,42,1012,1012,1,6
68719477132,36,1013,1018,6,7
34359738566,35,1019,1030,12,8
17179869283,34,999,1010,12,4
4398046536477,42,1011,1011,1,6
274877908532,38,1014,1015,2,16
137438954266,37,1016,1018,3,6
68719477133,36,1011,1012,2,7
2199023268270,41,1015,1015,1,5
274877908533,38,1013,1013,1,16
2199023268271,41,1014,1014,1,5
274877908534,38,1017,1018,2,16
137438954267,37,1013,1015,3,6
549755817070,39,1018,1018,1,5
274877908535,38,1016,1016,1,16
549755817071,39,1017,1017,1,5
1099511634146,40,1020,1020,1,5
274877908536,38,1021,1021,1,16
137438954268,37,1022,1026,5,6
68719477134,36,1027,1030,4,7
34359738567,35,1011,1018,8,8
1099511634147,40,1019,1019,1,5
274877908537,38,1019,1020,2,16
274877908538,38,1023,1026,4,16
137438954269,37,1019,1021,3,6
549755817078,39,1024,1026,3,5
274877908539,38,1022,1022,1,16
140737489172256,47,1025,1025,1,2
1099511634158,40,1026,1026,1,12
549755817079,39,1023,1023,1,5
140737489172257,47,1024,1024,1,2
1099511634159,40,1024,1025,2,12
8796093073354,43,1028,1028,1,5
549755817084,39,1029,1029,1,16
274877908542,38,1030,1030,1,6
68719477135,36,1019,1026,8,7
8796093073355,43,1027,1027,1,5
549755817085,39,1027,1028,2,16
274877908543,38,1027,1029,3,6
137438954272,37,1032,1035,4,6
68719477136,36,1036,1036,1,7
34359738568,35,1037,1042,6,8
17179869284,34,1043,1049,7,4
8589934642,33,1050,1067,18,17
4294967321,32,981,1030,50,15
2199023268376,41,1033,1033,1,12
1099511634188,40,1034,1034,1,5
549755817094,39,1035,1035,1,16
137438954273,37,1031,1031,1,6
2199023268377,41,1032,1032,1,12
1099511634189,40,1032,1033,2,5
549755817095,39,1032,1034,3,16
68719477137,36,1031,1035,5,7
137438954276,37,1038,1039,2,6
68719477138,36,1040,1042,3,7
34359738569,35,1031,1036,6,8
549755817110,39,1039,1039,1,16
137438954277,37,1037,1037,1,6
549755817111,39,1038,1038,1,16
137438954278,37,1041,1042,2,6
68719477139,36,1037,1039,3,7
274877908558,38,1042,1042,1,16
137438954279,37,1040,1040,1,6
274877908559,38,1041,1041,1,16
274877908560,38,1044,1044,1,16
137438954280,37,1045,1045,1,6
68719477140,36,1046,1047,2,7
34359738570,35,1048,1049,2,8
17179869285,34,1031,1042,12,4
274877908561,38,1043,1043,1,16
137438954281,37,1043,1044,2,6
137438954282,37,1047,1047,1,6
68719477141,36,1043,1045,3,7
137438954283,37,1046,1046,1,6
549755817136,39,1049,1049,1,7
34359738571,35,1043,1047,5,8
549755817137,39,1048,1048,1,7
68719477144,36,1051,1054,4,7
34359738572,35,1055,1060,6,8
17179869286,34,1061,1067,7,4
8589934643,33,1031,1049,19,17
137438954290,37,1052,1054,3,6
68719477145,36,1050,1050,1,7
8796093074632,43,1053,1053,1,5
4398046537316,42,1054,1054,1,16
137438954291,37,1051,1051,1,6
8796093074633,43,1052,1052,1,5
4398046537317,42,1052,1053,2,16
274877908584,38,1056,1056,1,16
137438954292,37,1057,1057,1,6
68719477146,36,1058,1060,3,7
34359738573,35,1050,1054,5,8
274877908585,38,1055,1055,1,16
137438954293,37,1055,1056,2,6
4398046537446,42,1059,1059,1,16
549755817180,39,1060,1060,1,6
68719477147,36,1055,1057,3,7
4398046537447,42,1058,1058,1,16
549755817181,39,1058,1059,2,6
68719477148,36,1062,1064,3,7
34359738574,35,1065,1067,3,8
17179869287,34,1050,1060,11,4
274877908596,38,1063,1063,1,16
137438954298,37,1064,1064,1,6
68719477149,36,1061,1061,1,7
274877908597,38,1062,1062,1,16
137438954299,37,1062,1063,2,6
68719477150,36,1066,1067,2,7
34359738575,35,1061,1064,4,8
274877908606,38,1067,1067,1,6
68719477151,36,1065,1065,1,7
274877908607,38,1066,1066,1,6
274877908608,38,1069,1069,1,6
68719477152,36,1070,1070,1,7
34359738576,35,1071,1073,3,8
17179869288,34,1074,1087,14,4
8589934644,33,1088,1109,22,17
4294967322,32,1110,1153,44,15
2147483661,31,981,1067,87,11
274877908609,38,1068,1068,1,6
68719477153,36,1068,1069,2,7
137438954308,37,1072,1072,1,6
68719477154,36,1073,1073,1,7
34359738577,35,1068,1070,3,8
137438954309,37,1071,1071,1,6
68719477155,36,1071,1072,2,7
274877908624,38,1075,1076,2,6
68719477156,36,1077,1079,3,7
34359738578,35,1080,1087,8,8
17179869289,34,1068,1073,6,4
549755817250,39,1076,1076,1,16
274877908625,38,1074,1074,1,6
549755817251,39,1075,1075,1,16
137438954314,37,1078,1079,2,6
68719477157,36,1074,1076,3,7
274877908630,38,1079,1079,1,16
137438954315,37,1077,1077,1,6
274877908631,38,1078,1078,1,16
274877908632,38,1081,1081,1,16
137438954316,37,1082,1083,2,6
68719477158,36,1084,1087,4,7
34359738579,35,1074,1079,6,8
274877908633,38,1080,1080,1,16
274877908634,38,1083,1083,1,16
137438954317,37,1080,1081,2,6
274877908635,38,1082,1082,1,16
274877908636,38,1085,1086,2,16
137438954318,37,1087,1087,1,6
68719477159,36,1080,1083,4,7
549755817274,39,1086,1086,1,5
274877908637,38,1084,1084,1,16
549755817275,39,1085,1085,1,5
137438954319,37,1084,1086,3,6
137438954320,37,1089,1089,1,6
68719477160,36,1090,1091,2,7
34359738580,35,1092,1097,6,8
17179869290,34,1098,1109,12,4
8589934645,33,1068,1087,20,17
137438954321,37,1088,1088,1,6
137438954322,37,1091,1091,1,6
68719477161,36,1088,1089,2,7
137438954323,37,1090,1090,1,6
137438954324,37,1093,1094,2,6
68719477162,36,1095,1097,3,7
34359738581,35,1088,1091,4,8
549755817302,39,1094,1094,1,16
137438954325,37,1092,1092,1,6
549755817303,39,1093,1093,1,16
2199023269216,41,1096,1096,1,16
137438954326,37,1097,1097,1,6
68719477163,36,1092,1094,3,7
2199023269217,41,1095,1095,1,16
137438954327,37,1095,1096,2,6
137438954328,37,1099,1100,2,6
68719477164,36,1101,1103,3,7
34359738582,35,1104,1109,6,8
17179869291,34,1088,1097,10,4
274877908658,38,1100,1100,1,16
137438954329,37,1098,1098,1,6
274877908659,38,1099,1099,1,16
2199023269304,41,1102,1102,1,16
549755817326,39,1103,1103,1,6
68719477165,36,1098,1100,3,7
2199023269305,41,1101,1101,1,16
549755817327,39,1101,1102,2,6
549755817332,39,1105,1106,2,6
68719477166,36,1107,1109,3,7
34359738583,35,1098,1103,6,8
4398046538664,42,1106,1106,1,16
549755817333,39,1104,1104,1,6
4398046538665,42,1105,1105,1,16
137438954334,37,1108,1109,2,6
68719477167,36,1104,1106,3,7
274877908670,38,1109,1109,1,16
137438954335,37,1107,1107,1,6
274877908671,38,1108,1108,1,16
549755817344,39,1111,1111,1,16
274877908672,38,1112,1113,2,6
68719477168,36,1114,1116,3,7
34359738584,35,1117,1124,8,8
17179869292,34,1125,1136,12,4
8589934646,33,1137,1153,17,17
4294967323,32,1068,1109,42,15
549755817345,39,1110,1110,1,16
549755817346,39,1113,1113,1,16
274877908673,38,1110,1111,2,6
549755817347,39,1112,1112,1,16
274877908676,38,1115,1116,2,6
68719477169,36,1110,1113,4,7
1099511634708,40,1116,1116,1,16
274877908677,38,1114,1114,1,6
1099511634709,40,1115,1115,1,16
549755817360,39,1118,1118,1,5
274877908680,38,1119,1119,1,16
137438954340,37,1120,1121,2,6
68719477170,36,1122,1124,3,7
34359738585,35,1110,1116,7,8
549755817361,39,1117,1117,1,5
274877908681,38,1117,1118,2,16
274877908682,38,1121,1121,1,16
137438954341,37,1117,1119,3,6
274877908683,38,1120,1120,1,16
137438954342,37,1123,1124,2,6
68719477171,36,1117,1121,5,7
274877908686,38,1124,1124,1,16
137438954343,37,1122,1122,1,6
274877908687,38,1123,1123,1,16
274877908688,38,1126,1126,1,16
137438954344,37,1127,1127,1,6
68719477172,36,1128,1131,4,7
34359738586,35,1132,1136,5,8
17179869293,34,1110,1124,15,4
274877908689,38,1125,1125,1,16
137438954345,37,1125,1126,2,6
549755817384,39,1129,1129,1,16
274877908692,38,1130,1131,2,6
68719477173,36,1125,1127,3,7
549755817385,39,1128,1128,1,16
17592186156356,44,1131,1131,1,16
274877908693,38,1128,1129,2,6
17592186156357,44,1130,1130,1,16
137438954348,37,1133,1133,1,6
68719477174,36,1134,1136,3,7
34359738587,35,1125,1131,7,8
137438954349,37,1132,1132,1,6
274877908700,38,1135,1135,1,16
137438954350,37,1136,1136,1,6
68719477175,36,1132,1133,2,7
274877908701,38,1134,1134,1,16
137438954351,37,1134,1135,2,6
274877908704,38,1138,1138,1,6
68719477176,36,1139,1139,1,7
34359738588,35,1140,1145,6,8
17179869294,34,1146,1153,8,4
8589934647,33,1110,1136,27,17
274877908705,38,1137,1137,1,6
68719477177,36,1137,1138,2,7
2199023269700,41,1141,1141,1,16
137438954356,37,1142,1143,2,6
68719477178,36,1144,1145,2,7
34359738589,35,1137,1139,3,8
2199023269701,41,1140,1140,1,16
274877908714,38,1143,1143,1,16
137438954357,37,1140,1141,2,6
274877908715,38,1142,1142,1,16
1099511634876,40,1145,1145,1,6
68719477179,36,1140,1143,4,7
1099511634877,40,1144,1144,1,6
68719477180,36,1147,1148,2,7
34359738590,35,1149,1153,5,8
17179869295,34,1137,1145,9,4
1099511634900,40,1148,1148,1,6
68719477181,36,1146,1146,1,7
1099511634901,40,1147,1147,1,6
549755817456,39,1150,1150,1,16
137438954364,37,1151,1151,1,6
68719477182,36,1152,1153,2,7
34359738591,35,1146,1148,3,8
549755817457,39,1149,1149,1,16
137438954365,37,1149,1150,2,6
137438954366,37,1153,1153,1,6
68719477183,36,1149,1151,3,7
137438954367,37,1152,1152,1,6
137438954368,37,1155,1155,1,6
68719477184,36,1156,1158,3,7
34359738592,35,1159,1164,6,8
17179869296,34,1165,1172,8,4
8589934648,33,1173,1188,16,17
4294967324,32,1189,1238,50,15
2147483662,31,1239,1311,73,11
1073741831,30,981,1153,173,9
137438954369,37,1154,1154,1,6
549755817480,39,1157,1158,2,6
68719477185,36,1154,1155,2,7
17592186159416,44,1158,1158,1,16
549755817481,39,1156,1156,1,6
17592186159417,44,1157,1157,1,16
137438954372,37,1160,1161,2,6
68719477186,36,1162,1164,3,7
34359738593,35,1154,1158,5,8
549755817494,39,1161,1161,1,16
137438954373,37,1159,1159,1,6
549755817495,39,1160,1160,1,16
274877908748,38,1163,1163,1,16
137438954374,37,1164,1164,1,6
68719477187,36,1159,1161,3,7
274877908749,38,1162,1162,1,16
137438954375,37,1162,1163,2,6
137438954376,37,1166,1166,1,6
68719477188,36,1167,1168,2,7
34359738594,35,1169,1172,4,8
17179869297,34,1154,1164,11,4
137438954377,37,1165,1165,1,6
274877908756,38,1168,1168,1,6
68719477189,36,1165,1166,2,7
274877908757,38,1167,1167,1,6
549755817528,39,1170,1171,2,6
137438954382,37,1172,1172,1,7
34359738595,35,1165,1168,4,8
8796093080466,43,1171,1171,1,16
549755817529,39,1169,1169,1,6
8796093080467,43,1170,1170,1,16
137438954383,37,1169,1171,3,7
68719477192,36,1174,1174,1,7
34359738596,35,1175,1181,7,8
17179869298,34,1182,1188,7,4
8589934649,33,1154,1172,19,17
68719477193,36,1173,1173,1,7
274877908776,38,1176,1176,1,16
137438954388,37,1177,1177,1,6
68719477194,36,1178,1181,4,7
34359738597,35,1173,1174,2,8
274877908777,38,1175,1175,1,16
137438954389,37,1175,1176,2,6
549755817560,39,1179,1179,1,5
274877908780,38,1180,1180,1,16
137438954390,37,1181,1181,1,6
68719477195,36,1175,1177,3,7
549755817561,39,1178,1178,1,5
274877908781,38,1178,1179,2,16
137438954391,37,1178,1180,3,6
549755817572,39,1183,1183,1,6
68719477196,36,1184,1184,1,7
34359738598,35,1185,1188,4,8
17179869299,34,1173,1181,9,4
549755817573,39,1182,1182,1,6
68719477197,36,1182,1183,2,7
68719477198,36,1186,1188,3,7
34359738599,35,1182,1184,3,8
137438954398,37,1187,1188,2,6
68719477199,36,1185,1185,1,7
274877908798,38,1188,1188,1,16
137438954399,37,1186,1186,1,6
274877908799,38,1187,1187,1,16
137438954400,37,1190,1190,1,6
68719477200,36,1191,1192,2,7
34359738600,35,1193,1200,8,8
17179869300,34,1201,1214,14,4
8589934650,33,1215,1238,24,17
4294967325,32,1154,1188,35,15
137438954401,37,1189,1189,1,6
274877908806,38,1192,1192,1,6
68719477201,36,1189,1190,2,7
274877908807,38,1191,1191,1,6
549755817616,39,1194,1194,1,16
137438954404,37,1195,1195,1,6
68719477202,36,1196,1200,5,7
34359738601,35,1189,1192,4,8
549755817617,39,1193,1193,1,16
137438954405,37,1193,1194,2,6
281474978623540,48,1197,1197,1,12
549755817624,39,1198,1198,1,5
274877908812,38,1199,1199,1,16
137438954406,37,1200,1200,1,6
68719477203,36,1193,1195,3,7
281474978623541,48,1196,1196,1,12
549755817625,39,1196,1197,2,5
274877908813,38,1196,1198,3,16
137438954407,37,1196,1199,4,6
137438954408,37,1202,1204,3,6
68719477204,36,1205,1207,3,7
34359738602,35,1208,1214,7,8
17179869301,34,1189,1200,12,4
549755817636,39,1203,1203,1,5
274877908818,38,1204,1204,1,16
137438954409,37,1201,1201,1,6
549755817637,39,1202,1202,1,5
274877908819,38,1202,1203,2,16
274877908820,38,1206,1206,1,16
137438954410,37,1207,1207,1,6
68719477205,36,1201,1204,4,7
274877908821,38,1205,1205,1,16
137438954411,37,1205,1206,2,6
274877908824,38,1209,1211,3,16
137438954412,37,1212,1212,1,6
68719477206,36,1213,1214,2,7
34359738603,35,1201,1207,7,8
17592186164828,44,1210,1210,1,12
549755817650,39,1211,1211,1,5
274877908825,38,1208,1208,1,16
17592186164829,44,1209,1209,1,12
549755817651,39,1209,1210,2,5
137438954413,37,1208,1211,4,6
137438954414,37,1214,1214,1,6
68719477207,36,1208,1212,5,7
137438954415,37,1213,1213,1,6
137438954416,37,1216,1216,1,6
68719477208,36,1217,1219,3,7
34359738604,35,1220,1226,7,8
17179869302,34,1227,1238,12,4
8589934651,33,1189,1214,26,17
137438954417,37,1215,1215,1,6
274877908836,38,1218,1218,1,16
137438954418,37,1219,1219,1,6
68719477209,36,1215,1216,2,7
274877908837,38,1217,1217,1,16
137438954419,37,1217,1218,2,6
137438954420,37,1221,1221,1,6
68719477210,36,1222,1226,5,7
34359738605,35,1215,1219,5,8
137438954421,37,1220,1220,1,6
274877908844,38,1223,1224,2,16
137438954422,37,1225,1226,2,6
68719477211,36,1220,1221,2,7
4398046541520,42,1224,1224,1,5
274877908845,38,1222,1222,1,16
4398046541521,42,1223,1223,1,5
549755817692,39,1226,1226,1,16
137438954423,37,1222,1224,3,6
549755817693,39,1225,1225,1,16
274877908848,38,1228,1228,1,16
137438954424,37,1229,1229,1,6
68719477212,36,1230,1233,4,7
34359738606,35,1234,1238,5,8
17179869303,34,1215,1226,12,4
274877908849,38,1227,1227,1,16
137438954425,37,1227,1228,2,6
274877908852,38,1231,1231,1,16
137438954426,37,1232,1233,2,6
68719477213,36,1227,1229,3,7
274877908853,38,1230,1230,1,16
274877908854,38,1233,1233,1,16
137438954427,37,1230,1231,2,6
274877908855,38,1232,1232,1,16
137438954428,37,1235,1236,2,6
68719477214,36,1237,1238,2,7
34359738607,35,1227,1233,7,8
549755817718,39,1236,1236,1,16
137438954429,37,1234,1234,1,6
549755817719,39,1235,1235,1,16
137438954430,37,1238,1238,1,6
68719477215,36,1234,1236,3,7
137438954431,37,1237,1237,1,6
549755817730,39,1240,1240,1,6
137438954432,37,1241,1241,1,7
34359738608,35,1242,1247,6,8
17179869304,34,1248,1259,12,4
8589934652,33,1260,1278,19,17
4294967326,32,1279,1311,33,15
2147483663,31,1154,1238,85,11
549755817731,39,1239,1239,1,6
137438954433,37,1239,1240,2,7
68719477218,36,1243,1247,5,7
34359738609,35,1239,1241,3,8
1099511635506,40,1244,1244,1,5
274877908876,38,1245,1245,1,16
137438954438,37,1246,1247,2,6
68719477219,36,1242,1242,1,7
1099511635507,40,1243,1243,1,5
274877908877,38,1243,1244,2,16
274877908878,38,1247,1247,1,16
137438954439,37,1243,1245,3,6
274877908879,38,1246,1246,1,16
1099511635536,40,1249,1249,1,16
549755817768,39,1250,1250,1,6
137438954442,37,1251,1251,1,7
34359738610,35,1252,1259,8,8
17179869305,34,1239,1247,9,4
1099511635537,40,1248,1248,1,16
549755817769,39,1248,1249,2,6
137438954443,37,1248,1250,3,7
549755817776,39,1253,1253,1,5
274877908888,38,1254,1254,1,16
137438954444,37,1255,1256,2,6
68719477222,36,1257,1259,3,7
34359738611,35,1248,1251,4,8
549755817777,39,1252,1252,1,5
274877908889,38,1252,1253,2,16
549755817780,39,1256,1256,1,16
137438954445,37,1252,1254,3,6
549755817781,39,1255,1255,1,16
137438954446,37,1258,1259,2,6
68719477223,36,1252,1256,5,7
1099511635580,40,1259,1259,1,16
137438954447,37,1257,1257,1,6
1099511635581,40,1258,1258,1,16
1099511635584,40,1261,1261,1,5
274877908896,38,1262,1263,2,16
137438954448,37,1264,1266,3,6
68719477224,36,1267,1267,1,7
34359738612,35,1268,1272,5,8
17179869306,34,1273,1278,6,4
8589934653,33,1239,1259,21,17
1099511635585,40,1260,1260,1,5
2199023271176,41,1263,1263,1,5
274877908897,38,1260,1261,2,16
2199023271177,41,1262,1262,1,5
274877908898,38,1265,1266,2,16
137438954449,37,1260,1263,4,6
4398046542398,42,1266,1266,1,5
274877908899,38,1264,1264,1,16
4398046542399,42,1265,1265,1,5
68719477225,36,1260,1266,7,7
549755817808,39,1269,1269,1,16
137438954452,37,1270,1271,2,6
68719477226,36,1272,1272,1,7
34359738613,35,1260,1267,8,8
549755817809,39,1268,1268,1,16
274877908906,38,1271,1271,1,16
137438954453,37,1268,1269,2,6
274877908907,38,1270,1270,1,16
68719477227,36,1268,1271,4,7
274877908912,38,1274,1274,1,6
68719477228,36,1275,1275,1,7
34359738614,35,1276,1278,3,8
17179869307,34,1260,1272,13,4
274877908913,38,1273,1273,1,6
68719477229,36,1273,1274,2,7
68719477230,36,1277,1278,2,7
34359738615,35,1273,1275,3,8
549755817854,39,1278,1278,1,6
68719477231,36,1276,1276,1,7
549755817855,39,1277,1277,1,6
137438954464,37,1280,1281,2,6
68719477232,36,1282,1282,1,7
34359738616,35,1283,1288,6,8
17179869308,34,1289,1294,6,4
8589934654,33,1295,1311,17,17
4294967327,32,1239,1278,40,15
274877908930,38,1281,1281,1,16
137438954465,37,1279,1279,1,6
274877908931,38,1280,1280,1,16
68719477233,36,1279,1281,3,7
68719477234,36,1284,1288,5,7
34359738617,35,1279,1282,4,8
274877908940,38,1285,1287,3,16
137438954470,37,1288,1288,1,6
68719477235,36,1283,1283,1,7
1099511635764,40,1286,1286,1,12
549755817882,39,1287,1287,1,5
274877908941,38,1284,1284,1,16
1099511635765,40,1285,1285,1,12
549755817883,39,1285,1286,2,5
137438954471,37,1284,1287,4,6
137438954472,37,1290,1290,1,6
68719477236,36,1291,1291,1,7
34359738618,35,1292,1294,3,8
17179869309,34,1279,1288,10,4
137438954473,37,1289,1289,1,6
68719477237,36,1289,1290,2,7
68719477238,36,1293,1294,2,7
34359738619,35,1289,1291,3,8
549755817916,39,1294,1294,1,6
68719477239,36,1292,1292,1,7
549755817917,39,1293,1293,1,6
1099511635840,40,1296,1296,1,16
274877908960,38,1297,1297,1,6
137438954480,37,1298,1298,1,7
34359738620,35,1299,1302,4,8
17179869310,34,1303,1311,9,4
8589934655,33,1279,1294,16,17
1099511635841,40,1295,1295,1,16
274877908961,38,1295,1296,2,6
137438954481,37,1295,1297,3,7
137438954484,37,1300,1301,2,6
68719477242,36,1302,1302,1,7
34359738621,35,1295,1298,4,8
549755817942,39,1301,1301,1,16
137438954485,37,1299,1299,1,6
549755817943,39,1300,1300,1,16
68719477243,36,1299,1301,3,7
274877908976,38,1304,1304,1,16
137438954488,37,1305,1305,1,6
68719477244,36,1306,1307,2,7
34359738622,35,1308,1311,4,8
17179869311,34,1295,1302,8,4
274877908977,38,1303,1303,1,16
137438954489,37,1303,1304,2,6
137438954490,37,1307,1307,1,6
68719477245,36,1303,1305,3,7
137438954491,37,1306,1306,1,6
549755817970,39,1309,1309,1,6
68719477246,36,1310,1311,2,7
34359738623,35,1303,1307,5,8
549755817971,39,1308,1308,1,6
137438954494,37,1311,1311,1,6
68719477247,36,1308,1309,2,7
137438954495,37,1310,1310,1,6
549755817984,39,1313,1313,1,6
274877908992,38,1314,1314,1,8
137438954496,37,1315,1316,2,16
68719477248,36,1317,1319,3,7
34359738624,35,1320,1325,6,5
17179869312,34,1326,1331,6,4
8589934656,33,1332,1349,18,9
4294967328,32,1350,1377,28,10
2147483664,31,1378,1446,69,15
1073741832,30,1447,1621,175,3
536870916,29,1622,1903,282,11
268435458,28,1904,2493,590,1
134217729,27,0,1311,1312,10
549755817985,39,1312,1312,1,6
274877908993,38,1312,1313,2,8
274877908994,38,1316,1316,1,8
137438954497,37,1312,1314,3,16
274877908995,38,1315,1315,1,8
1099511635986,40,1318,1318,1,8
137438954498,37,1319,1319,1,16
68719477249,36,1312,1316,5,7
1099511635987,40,1317,1317,1,8
137438954499,37,1317,1318,2,16
137438954500,37,1321,1323,3,16
68719477250,36,1324,1325,2,7
34359738625,35,1312,1319,8,5
274877909002,38,1322,1323,2,8
137438954501,37,1320,1320,1,16
4398046544060,42,1323,1323,1,6
274877909003,38,1321,1321,1,8
4398046544061,42,1322,1322,1,6
549755818012,39,1325,1325,1,16
68719477251,36,1320,1323,4,7
549755818013,39,1324,1324,1,16
549755818024,39,1327,1327,1,16
137438954506,37,1328,1329,2,7
34359738626,35,1330,1331,2,5
17179869313,34,1312,1325,14,4
549755818025,39,1326,1326,1,16
2199023272126,41,1329,1329,1,16
137438954507,37,1326,1327,2,7
2199023272127,41,1328,1328,1,16
68719477254,36,1331,1331,1,7
34359738627,35,1326,1329,4,5
68719477255,36,1330,1330,1,7
68719477256,36,1333,1339,7,7
34359738628,35,1340,1341,2,5
17179869314,34,1342,1349,8,4
8589934657,33,1312,1331,20,9
549755818056,39,1334,1334,1,6
274877909028,38,1335,1336,2,8
137438954514,37,1337,1339,3,16
68719477257,36,1332,1332,1,7
549755818057,39,1333,1333,1,6
549755818058,39,1336,1336,1,6
274877909029,38,1333,1334,2,8
549755818059,39,1335,1335,1,6
1099511636124,40,1338,1338,1,6
549755818062,39,1339,1339,1,8
137438954515,37,1333,1336,4,16
1099511636125,40,1337,1337,1,6
549755818063,39,1337,1338,2,8
68719477258,36,1341,1341,1,7
34359738629,35,1332,1339,8,5
68719477259,36,1340,1340,1,7
137438954520,37,1343,1344,2,16
68719477260,36,1345,1347,3,7
34359738630,35,1348,1349,2,5
17179869315,34,1332,1341,10,4
274877909042,38,1344,1344,1,8
137438954521,37,1342,1342,1,16
274877909043,38,1343,1343,1,8
274877909044,38,1346,1346,1,8
137438954522,37,1347,1347,1,16
68719477261,36,1342,1344,3,7
274877909045,38,1345,1345,1,8
137438954523,37,1345,1346,2,16
137438954524,37,1349,1349,1,7
34359738631,35,1342,1347,6,5
137438954525,37,1348,1348,1,7
68719477264,36,1351,1351,1,16
34359738632,35,1352,1352,1,8
17179869316,34,1353,1361,9,9
8589934658,33,1362,1377,16,4
4294967329,32,1312,1349,38,2
68719477265,36,1350,1350,1,16
34359738633,35,1350,1351,2,8
1099511636296,40,1354,1354,1,7
68719477268,36,1355,1356,2,16
34359738634,35,1357,1361,5,8
17179869317,34,1350,1352,3,9
1099511636297,40,1353,1353,1,7
274877909078,38,1356,1356,1,7
68719477269,36,1353,1354,2,16
274877909079,38,1355,1355,1,7
137438954540,37,1358,1358,1,7
68719477270,36,1359,1361,3,16
34359738635,35,1353,1356,4,8
137438954541,37,1357,1357,1,7
1099511636340,40,1360,1360,1,6
549755818170,39,1361,1361,1,7
68719477271,36,1357,1358,2,16
1099511636341,40,1359,1359,1,6
549755818171,39,1359,1360,2,7
274877909088,38,1363,1363,1,7
68719477272,36,1364,1365,2,16
34359738636,35,1366,1369,4,8
17179869318,34,1370,1377,8,9
8589934659,33,1350,1361,12,4
274877909089,38,1362,1362,1,7
549755818184,39,1365,1365,1,7
68719477273,36,1362,1363,2,16
549755818185,39,1364,1364,1,7
274877909096,38,1367,1367,1,7
68719477274,36,1368,1369,2,16
34359738637,35,1362,1365,4,8
274877909097,38,1366,1366,1,7
137438954550,37,1369,1369,1,7
68719477275,36,1366,1367,2,16
137438954551,37,1368,1368,1,7
137438954552,37,1371,1371,1,7
68719477276,36,1372,1373,2,16
34359738638,35,1374,1377,4,8
17179869319,34,1362,1369,8,9
137438954553,37,1370,1370,1,7
8796093091572,43,1373,1373,1,7
68719477277,36,1370,1371,2,16
8796093091573,43,1372,1372,1,7
137438954556,37,1375,1377,3,16
34359738639,35,1370,1373,4,8
549755818228,39,1376,1376,1,6
274877909114,38,1377,1377,1,7
137438954557,37,1374,1374,1,16
549755818229,39,1375,1375,1,6
274877909115,38,1375,1376,2,7
137438954560,37,1379,1381,3,7
68719477280,36,1382,1383,2,16
34359738640,35,1384,1388,5,8
17179869320,34,1389,1399,11,9
8589934660,33,1400,1414,15,4
4294967330,32,1415,1446,32,10
2147483665,31,1312,1377,66,15
274877909122,38,1380,1381,2,6
137438954561,37,1378,1378,1,7
2199023272984,41,1381,1381,1,5
274877909123,38,1379,1379,1,6
2199023272985,41,1380,1380,1,5
137438954562,37,1383,1383,1,7
68719477281,36,1378,1381,4,16
137438954563,37,1382,1382,1,7
274877909128,38,1385,1385,1,7
68719477282,36,1386,1388,3,16
34359738641,35,1378,1383,6,8
274877909129,38,1384,1384,1,7
274877909132,38,1387,1387,1,6
137438954566,37,1388,1388,1,7
68719477283,36,1384,1385,2,16
274877909133,38,1386,1386,1,6
137438954567,37,1386,1387,2,7
274877909136,38,1390,1390,1,6
137438954568,37,1391,1392,2,7
68719477284,36,1393,1394,2,16
34359738642,35,1395,1399,5,8
17179869321,34,1378,1388,11,9
274877909137,38,1389,1389,1,6
1099511636558,40,1392,1392,1,6
137438954569,37,1389,1390,2,7
1099511636559,40,1391,1391,1,6
137438954570,37,1394,1394,1,7
68719477285,36,1389,1392,4,16
137438954571,37,1393,1393,1,7
137438954572,37,1396,1397,2,7
68719477286,36,1398,1399,2,16
34359738643,35,1389,1394,6,8
4398046546346,42,1397,1397,1,6
137438954573,37,1395,1395,1,7
4398046546347,42,1396,1396,1,6
274877909150,38,1399,1399,1,7
68719477287,36,1395,1397,3,16
274877909151,38,1398,1398,1,7
137438954576,37,1401,1401,1,7
68719477288,36,1402,1404,3,16
34359738644,35,1405,1406,2,8
17179869322,34,1407,1414,8,9
8589934661,33,1378,1399,22,4
137438954577,37,1400,1400,1,7
137438954578,37,1403,1404,2,7
68719477289,36,1400,1401,2,16
2199023273278,41,1404,1404,1,6
137438954579,37,1402,1402,1,7
2199023273279,41,1403,1403,1,6
68719477290,36,1406,1406,1,16
34359738645,35,1400,1404,5,8
68719477291,36,1405,1405,1,16
274877909172,38,1408,1409,2,16
34359738646,35,1410,1414,5,8
17179869323,34,1400,1406,7,9
1099511636694,40,1409,1409,1,7
274877909173,38,1407,1407,1,16
1099511636695,40,1408,1408,1,7
549755818356,39,1411,1411,1,7
68719477294,36,1412,1414,3,16
34359738647,35,1407,1409,3,8
549755818357,39,1410,1410,1,7
137438954590,37,1413,1414,2,7
68719477295,36,1410,1411,2,16
274877909182,38,1414,1414,1,6
137438954591,37,1412,1412,1,7
274877909183,38,1413,1413,1,6
137438954592,37,1416,1416,1,7
68719477296,36,1417,1418,2,16
34359738648,35,1419,1422,4,8
17179869324,34,1423,1431,9,9
8589934662,33,1432,1446,15,4
4294967331,32,1378,1414,37,10
137438954593,37,1415,1415,1,7
274877909190,38,1418,1418,1,7
68719477297,36,1415,1416,2,16
274877909191,38,1417,1417,1,7
274877909192,38,1420,1420,1,6
137438954596,37,1421,1421,1,7
68719477298,36,1422,1422,1,16
34359738649,35,1415,1418,4,8
274877909193,38,1419,1419,1,6
137438954597,37,1419,1420,2,7
68719477299,36,1419,1421,3,16
137438954600,37,1424,1425,2,7
68719477300,36,1426,1427,2,16
34359738650,35,1428,1431,4,8
17179869325,34,1415,1422,8,9
274877909202,38,1425,1425,1,6
137438954601,37,1423,1423,1,7
274877909203,38,1424,1424,1,6
274877909206,38,1427,1427,1,7
68719477301,36,1423,1425,3,16
274877909207,38,1426,1426,1,7
549755818420,39,1429,1429,1,7
68719477302,36,1430,1431,2,16
34359738651,35,1423,1427,5,8
549755818421,39,1428,1428,1,7
274877909212,38,1431,1431,1,7
68719477303,36,1428,1429,2,16
274877909213,38,1430,1430,1,7
68719477304,36,1433,1434,2,16
34359738652,35,1435,1439,5,8
17179869326,34,1440,1446,7,9
8589934663,33,1415,1431,17,4
137438954610,37,1434,1434,1,7
68719477305,36,1432,1432,1,16
137438954611,37,1433,1433,1,7
137438954612,37,1436,1437,2,7
68719477306,36,1438,1439,2,16
34359738653,35,1432,1434,3,8
274877909226,38,1437,1437,1,6
137438954613,37,1435,1435,1,7
274877909227,38,1436,1436,1,6
549755818460,39,1439,1439,1,7
68719477307,36,1435,1437,3,16
549755818461,39,1438,1438,1,7
137438954616,37,1441,1443,3,7
68719477308,36,1444,1445,2,16
34359738654,35,1446,1446,1,8
17179869327,34,1432,1439,8,9
2199023273872,41,1442,1442,1,5
274877909234,38,1443,1443,1,6
137438954617,37,1440,1440,1,7
2199023273873,41,1441,1441,1,5
274877909235,38,1441,1442,2,6
1099511636954,40,1445,1445,1,7
68719477309,36,1440,1443,4,16
1099511636955,40,1444,1444,1,7
34359738655,35,1440,1445,6,8
274877909248,38,1448,1449,2,7
68719477312,36,1450,1454,5,16
34359738656,35,1455,1463,9,8
17179869328,34,1464,1476,13,9
8589934664,33,1477,1501,25,4
4294967332,32,1502,1537,36,10
2147483666,31,1538,1621,84,15
1073741833,30,1312,1446,135,3
281474979071838,48,1449,1449,1,6
274877909249,38,1447,1447,1,7
281474979071839,48,1448,1448,1,6
274877909252,38,1451,1451,1,6
137438954626,37,1452,1454,3,7
68719477313,36,1447,1449,3,16
274877909253,38,1450,1450,1,6
1099511637016,40,1453,1454,2,6
137438954627,37,1450,1451,2,7
17592186192282,44,1454,1454,1,5
1099511637017,40,1452,1452,1,6
17592186192283,44,1453,1453,1,5
549755818512,39,1456,1456,1,5
274877909256,38,1457,1458,2,6
137438954628,37,1459,1459,1,7
68719477314,36,1460,1463,4,16
34359738657,35,1447,1454,8,8
549755818513,39,1455,1455,1,5
1099511637030,40,1458,1458,1,5
274877909257,38,1455,1456,2,6
1099511637031,40,1457,1457,1,5
137438954629,37,1455,1458,4,7
17592186192780,44,1461,1461,1,5
1099511637048,40,1462,1462,1,6
274877909262,38,1463,1463,1,7
68719477315,36,1455,1459,5,16
17592186192781,44,1460,1460,1,5
1099511637049,40,1460,1461,2,6
274877909263,38,1460,1462,3,7
274877909264,38,1465,1466,2,16
34359738658,35,1467,1476,10,8
17179869329,34,1447,1463,17,9
1099511637062,40,1466,1466,1,7
274877909265,38,1464,1464,1,16
1099511637063,40,1465,1465,1,7
4398046548372,42,1468,1468,1,5
549755818546,39,1469,1469,1,6
137438954636,37,1470,1471,2,7
68719477318,36,1472,1476,5,16
34359738659,35,1464,1466,3,8
4398046548373,42,1467,1467,1,5
549755818547,39,1467,1468,2,6
274877909274,38,1471,1471,1,6
137438954637,37,1467,1469,3,7
274877909275,38,1470,1470,1,6
1099511637104,40,1473,1473,1,5
549755818552,39,1474,1475,2,6
274877909276,38,1476,1476,1,7
68719477319,36,1467,1471,5,16
1099511637105,40,1472,1472,1,5
1099511637106,40,1475,1475,1,5
549755818553,39,1472,1473,2,6
1099511637107,40,1474,1474,1,5
274877909277,38,1472,1475,4,7
2199023274244,41,1478,1478,1,6
274877909280,38,1479,1479,1,7
68719477320,36,1480,1483,4,16
34359738660,35,1484,1487,4,8
17179869330,34,1488,1501,14,9
8589934665,33,1447,1476,30,4
2199023274245,41,1477,1477,1,6
274877909281,38,1477,1478,2,7
4398046548550,42,1481,1481,1,6
137438954642,37,1482,1483,2,7
68719477321,36,1477,1479,3,16
4398046548551,42,1480,1480,1,6
274877909286,38,1483,1483,1,6
137438954643,37,1480,1481,2,7
274877909287,38,1482,1482,1,6
137438954644,37,1485,1485,1,7
68719477322,36,1486,1487,2,16
34359738661,35,1477,1483,7,8
137438954645,37,1484,1484,1,7
274877909292,38,1487,1487,1,7
68719477323,36,1484,1485,2,16
274877909293,38,1486,1486,1,7
549755818592,39,1489,1489,1,5
274877909296,38,1490,1491,2,6
137438954648,37,1492,1493,2,7
68719477324,36,1494,1494,1,16
34359738662,35,1495,1501,7,8
17179869331,34,1477,1487,11,9
549755818593,39,1488,1488,1,5
549755818594,39,1491,1491,1,5
274877909297,38,1488,1489,2,6
549755818595,39,1490,1490,1,5
274877909298,38,1493,1493,1,6
137438954649,37,1488,1491,4,7
274877909299,38,1492,1492,1,6
68719477325,36,1488,1493,6,16
549755818610,39,1496,1496,1,6
137438954652,37,1497,1497,1,7
68719477326,36,1498,1501,4,16
34359738663,35,1488,1494,7,8
549755818611,39,1495,1495,1,6
137438954653,37,1495,1496,2,7
274877909308,38,1499,1499,1,6
137438954654,37,1500,1501,2,7
68719477327,36,1495,1497,3,16
274877909309,38,1498,1498,1,6
2199023274488,41,1501,1501,1,6
137438954655,37,1498,1499,2,7
2199023274489,41,1500,1500,1,6
137438954656,37,1503,1503,1,7
68719477328,36,1504,1506,3,16
34359738664,35,1507,1509,3,8
17179869332,34,1510,1520,11,9
8589934666,33,1521,1537,17,4
4294967333,32,1447,1501,55,10
137438954657,37,1502,1502,1,7
137438954658,37,1505,1506,2,7
68719477329,36,1502,1503,2,16
4398046549116,42,1506,1506,1,6
137438954659,37,1504,1504,1,7
4398046549117,42,1505,1505,1,6
68719477330,36,1508,1509,2,16
34359738665,35,1502,1506,5,8
549755818652,39,1509,1509,1,7
68719477331,36,1507,1507,1,16
549755818653,39,1508,1508,1,7
137438954664,37,1511,1511,1,7
68719477332,36,1512,1513,2,16
34359738666,35,1514,1520,7,8
17179869333,34,1502,1509,8,9
137438954665,37,1510,1510,1,7
549755818664,39,1513,1513,1,7
68719477333,36,1510,1511,2,16
549755818665,39,1512,1512,1,7
17592186197722,44,1515,1515,1,7
68719477334,36,1516,1520,5,16
34359738667,35,1510,1513,4,8
17592186197723,44,1514,1514,1,7
137438954670,37,1517,1520,4,7
68719477335,36,1514,1515,2,16
274877909342,38,1518,1520,3,6
137438954671,37,1516,1516,1,7
1099511637372,40,1519,1519,1,17
549755818686,39,1520,1520,1,5
274877909343,38,1517,1517,1,6
1099511637373,40,1518,1518,1,17
549755818687,39,1518,1519,2,5
137438954674,37,1522,1523,2,16
34359738668,35,1524,1525,2,8
17179869334,34,1526,1537,12,9
8589934667,33,1502,1520,19,4
274877909350,38,1523,1523,1,7
137438954675,37,1521,1521,1,16
274877909351,38,1522,1522,1,7
1099511637434,40,1525,1525,1,16
34359738669,35,1521,1523,3,8
1099511637435,40,1524,1524,1,16
137438954680,37,1527,1530,4,7
68719477340,36,1531,1531,1,16
34359738670,35,1532,1537,6,8
17179869335,34,1521,1525,5,9
274877909362,38,1528,1530,3,6
137438954681,37,1526,1526,1,7
549755818726,39,1529,1530,2,5
274877909363,38,1527,1527,1,6
1099511637454,40,1530,1530,1,17
549755818727,39,1528,1528,1,5
1099511637455,40,1529,1529,1,17
68719477341,36,1526,1530,5,16
137438954684,37,1533,1533,1,7
68719477342,36,1534,1537,4,16
34359738671,35,1526,1531,6,8
137438954685,37,1532,1532,1,7
549755818744,39,1535,1535,1,6
137438954686,37,1536,1537,2,7
68719477343,36,1532,1533,2,16
549755818745,39,1534,1534,1,6
274877909374,38,1537,1537,1,6
137438954687,37,1534,1535,2,7
274877909375,38,1536,1536,1,6
137438954688,37,1539,1539,1,7
68719477344,36,1540,1542,3,16
34359738672,35,1543,1546,4,8
17179869336,34,1547,1554,8,9
8589934668,33,1555,1580,26,4
4294967334,32,1581,1621,41,10
2147483667,31,1447,1537,91,15
137438954689,37,1538,1538,1,7
137438954690,37,1541,1542,2,7
68719477345,36,1538,1539,2,16
562949958418390,49,1542,1542,1,6
137438954691,37,1540,1540,1,7
562949958418391,49,1541,1541,1,6
137438954692,37,1544,1545,2,7
68719477346,36,1546,1546,1,16
34359738673,35,1538,1542,5,8
274877909386,38,1545,1545,1,6
137438954693,37,1543,1543,1,7
274877909387,38,1544,1544,1,6
68719477347,36,1543,1545,3,16
137438954696,37,1548,1548,1,7
68719477348,36,1549,1552,4,16
34359738674,35,1553,1554,2,8
17179869337,34,1538,1546,9,9
137438954697,37,1547,1547,1,7
137438954698,37,1550,1552,3,7
68719477349,36,1547,1548,2,16
274877909398,38,1551,1552,2,6
137438954699,37,1549,1549,1,7
1099511637596,40,1552,1552,1,5
274877909399,38,1550,1550,1,6
1099511637597,40,1551,1551,1,5
68719477350,36,1554,1554,1,16
34359738675,35,1547,1552,6,8
68719477351,36,1553,1553,1,16
4398046550558,42,1556,1556,1,6
137438954704,37,1557,1559,3,7
68719477352,36,1560,1564,5,16
34359738676,35,1565,1572,8,8
17179869338,34,1573,1580,8,9
8589934669,33,1538,1554,17,4
4398046550559,42,1555,1555,1,6
549755818820,39,1558,1558,1,5
274877909410,38,1559,1559,1,6
137438954705,37,1555,1556,2,7
549755818821,39,1557,1557,1,5
274877909411,38,1557,1558,2,6
274877909412,38,1561,1564,4,7
68719477353,36,1555,1559,5,16
4398046550612,42,1562,1562,1,17
2199023275306,41,1563,1563,1,5
549755818826,39,1564,1564,1,6
274877909413,38,1560,1560,1,7
4398046550613,42,1561,1561,1,17
2199023275307,41,1561,1562,2,5
549755818827,39,1561,1563,3,6
274877909416,38,1566,1566,1,6
137438954708,37,1567,1568,2,7
68719477354,36,1569,1572,4,16
34359738677,35,1555,1564,10,8
274877909417,38,1565,1565,1,6
274877909418,38,1568,1568,1,6
137438954709,37,1565,1566,2,7
274877909419,38,1567,1567,1,6
274877909420,38,1570,1570,1,6
137438954710,37,1571,1572,2,7
68719477355,36,1565,1568,4,16
274877909421,38,1569,1569,1,6
274877909422,38,1572,1572,1,6
137438954711,37,1569,1570,2,7
274877909423,38,1571,1571,1,6
1099511637700,40,1574,1574,1,7
68719477356,36,1575,1575,1,16
34359738678,35,1576,1580,5,8
17179869339,34,1555,1572,18,9
1099511637701,40,1573,1573,1,7
68719477357,36,1573,1574,2,16
137438954716,37,1577,1577,1,7
68719477358,36,1578,1580,3,16
34359738679,35,1573,1575,3,8
137438954717,37,1576,1576,1,7
137438954718,37,1579,1580,2,7
68719477359,36,1576,1577,2,16
2199023275512,41,1580,1580,1,6
137438954719,37,1578,1578,1,7
2199023275513,41,1579,1579,1,6
549755818880,39,1582,1582,1,5
274877909440,38,1583,1583,1,6
137438954720,37,1584,1585,2,7
68719477360,36,1586,1589,4,16
34359738680,35,1590,1590,1,8
17179869340,34,1591,1596,6,9
8589934670,33,1597,1621,25,4
4294967335,32,1538,1580,43,10
549755818881,39,1581,1581,1,5
274877909441,38,1581,1582,2,6
274877909442,38,1585,1585,1,6
137438954721,37,1581,1583,3,7
274877909443,38,1584,1584,1,6
4398046551118,42,1587,1587,1,6
274877909444,38,1588,1589,2,7
68719477361,36,1581,1585,5,16
4398046551119,42,1586,1586,1,6
1099511637782,40,1589,1589,1,6
274877909445,38,1586,1587,2,7
1099511637783,40,1588,1588,1,6
34359738681,35,1581,1589,9,8
137438954728,37,1592,1592,1,7
68719477364,36,1593,1593,1,16
34359738682,35,1594,1596,3,8
17179869341,34,1581,1590,10,9
137438954729,37,1591,1591,1,7
68719477365,36,1591,1592,2,16
137438954732,37,1595,1595,1,7
68719477366,36,1596,1596,1,16
34359738683,35,1591,1593,3,8
137438954733,37,1594,1594,1,7
68719477367,36,1594,1595,2,16
274877909472,38,1598,1598,1,6
137438954736,37,1599,1599,1,7
68719477368,36,1600,1603,4,16
34359738684,35,1604,1609,6,8
17179869342,34,1610,1621,12,9
8589934671,33,1581,1596,16,4
274877909473,38,1597,1597,1,6
137438954737,37,1597,1598,2,7
1099511637906,40,1601,1601,1,5
274877909476,38,1602,1602,1,6
137438954738,37,1603,1603,1,7
68719477369,36,1597,1599,3,16
1099511637907,40,1600,1600,1,5
274877909477,38,1600,1601,2,6
137438954739,37,1600,1602,3,7
549755818964,39,1605,1605,1,6
274877909482,38,1606,1607,2,7
68719477370,36,1608,1609,2,16
34359738685,35,1597,1603,7,8
549755818965,39,1604,1604,1,6
4398046551738,42,1607,1607,1,6
274877909483,38,1604,1605,2,7
4398046551739,42,1606,1606,1,6
274877909486,38,1609,1609,1,7
68719477371,36,1604,1607,4,16
274877909487,38,1608,1608,1,7
2199023275904,41,1611,1611,1,6
549755818976,39,1612,1613,2,7
68719477372,36,1614,1615,2,16
34359738686,35,1616,1621,6,8
17179869343,34,1597,1609,13,9
2199023275905,41,1610,1610,1,6
4398046551818,42,1613,1613,1,6
549755818977,39,1610,1611,2,7
4398046551819,42,1612,1612,1,6
274877909494,38,1615,1615,1,7
68719477373,36,1610,1613,4,16
274877909495,38,1614,1614,1,7
274877909496,38,1617,1617,1,6
137438954748,37,1618,1618,1,7
68719477374,36,1619,1621,3,16
34359738687,35,1610,1615,6,8
274877909497,38,1616,1616,1,6
137438954749,37,1616,1617,2,7
274877909502,38,1620,1621,2,7
68719477375,36,1616,1618,3,16
4398046552050,42,1621,1621,1,6
274877909503,38,1619,1619,1,7
4398046552051,42,1620,1620,1,6
68719477376,36,1623,1625,3,16
34359738688,35,1626,1635,10,8
17179869344,34,1636,1644,9,9
8589934672,33,1645,1654,10,4
4294967336,32,1655,1701,47,10
2147483668,31,1702,1751,50,15
1073741834,30,1752,1903,152,3
536870917,29,1312,1621,310,11
274877909508,38,1624,1624,1,6
137438954754,37,1625,1625,1,7
68719477377,36,1622,1622,1,16
274877909509,38,1623,1623,1,6
137438954755,37,1623,1624,2,7
2199023276102,41,1627,1627,1,5
274877909512,38,1628,1629,2,6
137438954756,37,1630,1630,1,7
68719477378,36,1631,1635,5,16
34359738689,35,1622,1625,4,8
2199023276103,41,1626,1626,1,5
1099511638052,40,1629,1629,1,5
274877909513,38,1626,1627,2,6
1099511638053,40,1628,1628,1,5
137438954757,37,1626,1629,4,7
1099511638064,40,1632,1632,1,17
549755819032,39,1633,1633,1,5
274877909516,38,1634,1634,1,6
137438954758,37,1635,1635,1,7
68719477379,36,1626,1630,5,16
1099511638065,40,1631,1631,1,17
549755819033,39,1631,1632,2,5
274877909517,38,1631,1633,3,6
137438954759,37,1631,1634,4,7
137438954760,37,1637,1637,1,7
68719477380,36,1638,1641,4,16
34359738690,35,1642,1644,3,8
17179869345,34,1622,1635,14,9
137438954761,37,1636,1636,1,7
4398046552390,42,1639,1639,1,5
274877909524,38,1640,1640,1,6
137438954762,37,1641,1641,1,7
68719477381,36,1636,1637,2,16
4398046552391,42,1638,1638,1,5
274877909525,38,1638,1639,2,6
137438954763,37,1638,1640,3,7
68719477382,36,1643,1644,2,16
34359738691,35,1636,1641,6,8
274877909532,38,1644,1644,1,7
68719477383,36,1642,1642,1,16
274877909533,38,1643,1643,1,7
68719477384,36,1646,1647,2,16
34359738692,35,1648,1650,3,8
17179869346,34,1651,1654,4,9
8589934673,33,1622,1644,23,4
137438954770,37,1647,1647,1,7
68719477385,36,1645,1645,1,16
137438954771,37,1646,1646,1,7
68719477386,36,1649,1650,2,16
34359738693,35,1645,1647,3,8
274877909550,38,1650,1650,1,7
68719477387,36,1648,1648,1,16
274877909551,38,1649,1649,1,7
34359738694,35,1652,1654,3,8
17179869347,34,1645,1650,6,9
137438954780,37,1653,1653,1,7
68719477390,36,1654,1654,1,16
34359738695,35,1651,1651,1,8
137438954781,37,1652,1652,1,7
68719477391,36,1652,1653,2,16
137438954784,37,1656,1659,4,7
68719477392,36,1660,1661,2,16
34359738696,35,1662,1668,7,8
17179869348,34,1669,1683,15,9
8589934674,33,1684,1701,18,4
4294967337,32,1622,1654,33,10
1099511638280,40,1657,1657,1,5
274877909570,38,1658,1659,2,6
137438954785,37,1655,1655,1,7
1099511638281,40,1656,1656,1,5
549755819142,39,1659,1659,1,5
274877909571,38,1656,1657,2,6
549755819143,39,1658,1658,1,5
2199023276584,41,1661,1661,1,7
68719477393,36,1655,1659,5,16
2199023276585,41,1660,1660,1,7
274877909576,38,1663,1663,1,6
137438954788,37,1664,1664,1,7
68719477394,36,1665,1668,4,16
34359738697,35,1655,1661,7,8
274877909577,38,1662,1662,1,6
137438954789,37,1662,1663,2,7
549755819160,39,1666,1667,2,6
137438954790,37,1668,1668,1,7
68719477395,36,1662,1664,3,16
2199023276644,41,1667,1667,1,5
549755819161,39,1665,1665,1,6
2199023276645,41,1666,1666,1,5
137438954791,37,1665,1667,3,7
549755819170,39,1670,1670,1,6
137438954792,37,1671,1671,1,7
68719477396,36,1672,1675,4,16
34359738698,35,1676,1683,8,8
17179869349,34,1655,1668,14,9
549755819171,39,1669,1669,1,6
137438954793,37,1669,1670,2,7
137438954794,37,1673,1675,3,7
68719477397,36,1669,1671,3,16
4398046553452,42,1674,1674,1,5
274877909590,38,1675,1675,1,6
137438954795,37,1672,1672,1,7
4398046553453,42,1673,1673,1,5
274877909591,38,1673,1674,2,6
137438954796,37,1677,1677,1,7
68719477398,36,1678,1683,6,16
34359738699,35,1669,1675,7,8
137438954797,37,1676,1676,1,7
274877909596,38,1679,1680,2,6
137438954798,37,1681,1683,3,7
68719477399,36,1676,1677,2,16
4398046553554,42,1680,1680,1,5
274877909597,38,1678,1678,1,6
4398046553555,42,1679,1679,1,5
274877909598,38,1682,1683,2,6
137438954799,37,1678,1680,3,7
1099511638398,40,1683,1683,1,5
274877909599,38,1681,1681,1,6
1099511638399,40,1682,1682,1,5
68719477400,36,1685,1688,4,16
34359738700,35,1689,1694,6,8
17179869350,34,1695,1701,7,9
8589934675,33,1655,1683,29,4
274877909604,38,1686,1687,2,6
137438954802,37,1688,1688,1,7
68719477401,36,1684,1684,1,16
1099511638420,40,1687,1687,1,5
274877909605,38,1685,1685,1,6
1099511638421,40,1686,1686,1,5
137438954803,37,1685,1687,3,7
68719477402,36,1690,1694,5,16
34359738701,35,1684,1688,5,8
549755819228,39,1691,1692,2,6
274877909614,38,1693,1694,2,7
68719477403,36,1689,1689,1,16
1099511638458,40,1692,1692,1,5
549755819229,39,1690,1690,1,6
1099511638459,40,1691,1691,1,5
549755819230,39,1694,1694,1,6
274877909615,38,1690,1692,3,7
549755819231,39,1693,1693,1,6
549755819250,39,1696,1696,1,7
137438954812,37,1697,1697,1,16
68719477406,36,1698,1701,4,8
17179869351,34,1684,1694,11,9
549755819251,39,1695,1695,1,7
137438954813,37,1695,1696,2,16
1099511638514,40,1699,1699,1,7
274877909628,38,1700,1701,2,16
68719477407,36,1695,1697,3,8
1099511638515,40,1698,1698,1,7
549755819258,39,1701,1701,1,7
274877909629,38,1698,1699,2,16
549755819259,39,1700,1700,1,7
549755819264,39,1703,1703,1,7
274877909632,38,1704,1704,1,16
34359738704,35,1705,1706,2,8
17179869352,34,1707,1711,5,9
8589934676,33,1712,1721,10,4
4294967338,32,1722,1751,30,10
2147483669,31,1622,1701,80,15
549755819265,39,1702,1702,1,7
274877909633,38,1702,1703,2,16
137438954822,37,1706,1706,1,16
34359738705,35,1702,1704,3,8
137438954823,37,1705,1705,1,16
34359738706,35,1708,1711,4,8
17179869353,34,1702,1706,5,9
274877909658,38,1709,1709,1,7
68719477414,36,1710,1711,2,16
34359738707,35,1707,1707,1,8
274877909659,38,1708,1708,1,7
274877909662,38,1711,1711,1,7
68719477415,36,1708,1709,2,16
274877909663,38,1710,1710,1,7
34359738708,35,1713,1715,3,8
17179869354,34,1716,1721,6,9
8589934677,33,1702,1711,10,4
274877909672,38,1714,1714,1,7
68719477418,36,1715,1715,1,16
34359738709,35,1712,1712,1,8
274877909673,38,1713,1713,1,7
68719477419,36,1713,1714,2,16
68719477420,36,1717,1717,1,16
34359738710,35,1718,1721,4,8
17179869355,34,1712,1715,4,9
68719477421,36,1716,1716,1,16
137438954844,37,1719,1719,1,7
68719477422,36,1720,1721,2,16
34359738711,35,1716,1717,2,8
137438954845,37,1718,1718,1,7
137438954846,37,1721,1721,1,7
68719477423,36,1718,1719,2,16
137438954847,37,1720,1720,1,7
137438954850,37,1723,1723,1,16
34359738712,35,1724,1727,4,8
17179869356,34,1728,1737,10,9
8589934678,33,1738,1751,14,4
4294967339,32,1702,1721,20,10
137438954851,37,1722,1722,1,16
549755819418,39,1725,1726,2,7
137438954854,37,1727,1727,1,16
34359738713,35,1722,1723,2,8
1099511638838,40,1726,1726,1,6
549755819419,39,1724,1724,1,7
1099511638839,40,1725,1725,1,6
137438954855,37,1724,1726,3,16
549755819428,39,1729,1729,1,6
274877909714,38,1730,1730,1,7
68719477428,36,1731,1731,1,16
34359738714,35,1732,1737,6,8
17179869357,34,1722,1727,6,9
549755819429,39,1728,1728,1,6
274877909715,38,1728,1729,2,7
68719477429,36,1728,1730,3,16
274877909720,38,1733,1733,1,6
137438954860,37,1734,1734,1,7
68719477430,36,1735,1737,3,16
34359738715,35,1728,1731,4,8
274877909721,38,1732,1732,1,6
137438954861,37,1732,1733,2,7
2199023277800,41,1736,1736,1,6
137438954862,37,1737,1737,1,7
68719477431,36,1732,1734,3,16
2199023277801,41,1735,1735,1,6
137438954863,37,1735,1736,2,7
68719477434,36,1739,1740,2,8
17179869358,34,1741,1751,11,9
8589934679,33,1722,1737,16,4
1099511638960,40,1740,1740,1,16
68719477435,36,1738,1738,1,8
1099511638961,40,1739,1739,1,16
68719477436,36,1742,1744,3,16
34359738718,35,1745,1751,7,8
17179869359,34,1738,1740,3,9
137438954874,37,1743,1744,2,7
68719477437,36,1741,1741,1,16
274877909750,38,1744,1744,1,6
137438954875,37,1742,1742,1,7
274877909751,38,1743,1743,1,6
274877909752,38,1746,1746,1,6
137438954876,37,1747,1747,1,7
68719477438,36,1748,1751,4,16
34359738719,35,1741,1744,4,8
274877909753,38,1745,1745,1,6
137438954877,37,1745,1746,2,7
274877909756,38,1749,1749,1,6
137438954878,37,1750,1751,2,7
68719477439,36,1745,1747,3,16
274877909757,38,1748,1748,1,6
274877909758,38,1751,1751,1,6
137438954879,37,1748,1749,2,7
274877909759,38,1750,1750,1,6
68719477440,36,1753,1756,4,16
34359738720,35,1757,1762,6,8
17179869360,34,1763,1771,9,9
8589934680,33,1772,1791,20,4
4294967340,32,1792,1831,40,10
2147483670,31,1832,1903,72,15
1073741835,30,1622,1751,130,3
549755819530,39,1754,1754,1,6
137438954882,37,1755,1756,2,7
68719477441,36,1752,1752,1,16
549755819531,39,1753,1753,1,6
274877909766,38,1756,1756,1,6
137438954883,37,1753,1754,2,7
274877909767,38,1755,1755,1,6
137438954884,37,1758,1759,2,7
68719477442,36,1760,1762,3,16
34359738721,35,1752,1756,5,8
2199023278170,41,1759,1759,1,6
137438954885,37,1757,1757,1,7
2199023278171,41,1758,1758,1,6
274877909772,38,1761,1761,1,6
137438954886,37,1762,1762,1,7
68719477443,36,1757,1759,3,16
274877909773,38,1760,1760,1,6
137438954887,37,1760,1761,2,7
549755819552,39,1764,1764,1,7
137438954888,37,1765,1766,2,16
34359738722,35,1767,1771,5,8
17179869361,34,1752,1762,11,9
549755819553,39,1763,1763,1,7
2199023278224,41,1766,1766,1,7
137438954889,37,1763,1764,2,16
2199023278225,41,1765,1765,1,7
1099511639146,40,1768,1768,1,7
68719477446,36,1769,1771,3,16
34359738723,35,1763,1766,4,8
1099511639147,40,1767,1767,1,7
137438954894,37,1770,1771,2,7
68719477447,36,1767,1768,2,16
274877909790,38,1771,1771,1,6
137438954895,37,1769,1769,1,7
274877909791,38,1770,1770,1,6
137438954898,37,1773,1773,1,16
34359738724,35,1774,1777,4,8
17179869362,34,1778,1791,14,9
8589934681,33,1752,1771,20,4
137438954899,37,1772,1772,1,16
137438954900,37,1775,1775,1,7
68719477450,36,1776,1777,2,16
34359738725,35,1772,1773,2,8
137438954901,37,1774,1774,1,7
8796093113772,43,1777,1777,1,7
68719477451,36,1774,1775,2,16
8796093113773,43,1776,1776,1,7
137438954904,37,1779,1779,1,7
68719477452,36,1780,1784,5,16
34359738726,35,1785,1791,7,8
17179869363,34,1772,1777,6,9
137438954905,37,1778,1778,1,7
137438954906,37,1781,1784,4,7
68719477453,36,1778,1779,2,16
274877909814,38,1782,1784,3,6
137438954907,37,1780,1780,1,7
35184372456326,45,1783,1783,1,17
1099511639260,40,1784,1784,1,5
274877909815,38,1781,1781,1,6
35184372456327,45,1782,1782,1,17
1099511639261,40,1782,1783,2,5
137438954908,37,1786,1788,3,7
68719477454,36,1789,1791,3,16
34359738727,35,1778,1784,7,8
549755819636,39,1787,1787,1,5
274877909818,38,1788,1788,1,6
137438954909,37,1785,1785,1,7
549755819637,39,1786,1786,1,5
274877909819,38,1786,1787,2,6
137438954910,37,1790,1791,2,7
68719477455,36,1785,1788,4,16
549755819646,39,1791,1791,1,6
137438954911,37,1789,1789,1,7
549755819647,39,1790,1790,1,6
1099511639324,40,1793,1793,1,16
34359738728,35,1794,1799,6,8
17179869364,34,1800,1808,9,9
8589934682,33,1809,1831,23,4
4294967341,32,1752,1791,40,10
1099511639325,40,1792,1792,1,16
137438954916,37,1795,1795,1,7
68719477458,36,1796,1799,4,16
34359738729,35,1792,1793,2,8
137438954917,37,1794,1794,1,7
4398046557386,42,1797,1797,1,5
274877909836,38,1798,1798,1,6
137438954918,37,1799,1799,1,7
68719477459,36,1794,1795,2,16
4398046557387,42,1796,1796,1,5
274877909837,38,1796,1797,2,6
137438954919,37,1796,1798,3,7
137438954920,37,1801,1801,1,7
68719477460,36,1802,1804,3,16
34359738730,35,1805,1808,4,8
17179869365,34,1792,1799,8,9
137438954921,37,1800,1800,1,7
274877909844,38,1803,1803,1,6
137438954922,37,1804,1804,1,7
68719477461,36,1800,1801,2,16
274877909845,38,1802,1802,1,6
137438954923,37,1802,1803,2,7
274877909848,38,1806,1806,1,6
137438954924,37,1807,1807,1,7
68719477462,36,1808,1808,1,16
34359738731,35,1800,1804,5,8
274877909849,38,1805,1805,1,6
137438954925,37,1805,1806,2,7
68719477463,36,1805,1807,3,16
2199023278866,41,1810,1810,1,7
68719477464,36,1811,1812,2,16
34359738732,35,1813,1818,6,8
17179869366,34,1819,1831,13,9
8589934683,33,1792,1808,17,4
2199023278867,41,1809,1809,1,7
274877909862,38,1812,1812,1,7
68719477465,36,1809,1810,2,16
274877909863,38,1811,1811,1,7
137438954932,37,1814,1814,1,7
68719477466,36,1815,1818,4,16
34359738733,35,1809,1812,4,8
137438954933,37,1813,1813,1,7
274877909868,38,1816,1816,1,6
137438954934,37,1817,1818,2,7
68719477467,36,1813,1814,2,16
274877909869,38,1815,1815,1,6
274877909870,38,1818,1818,1,6
137438954935,37,1815,1816,2,7
274877909871,38,1817,1817,1,6
274877909872,38,1820,1820,1,6
137438954936,37,1821,1822,2,7
68719477468,36,1823,1825,3,16
34359738734,35,1826,1831,6,8
17179869367,34,1809,1818,10,9
274877909873,38,1819,1819,1,6
549755819750,39,1822,1822,1,6
137438954937,37,1819,1820,2,7
549755819751,39,1821,1821,1,6
274877909876,38,1824,1824,1,6
137438954938,37,1825,1825,1,7
68719477469,36,1819,1822,4,16
274877909877,38,1823,1823,1,6
137438954939,37,1823,1824,2,7
274877909880,38,1827,1829,3,6
137438954940,37,1830,1830,1,7
68719477470,36,1831,1831,1,16
34359738735,35,1819,1825,7,8
2199023279052,41,1828,1828,1,17
1099511639526,40,1829,1829,1,5
274877909881,38,1826,1826,1,6
2199023279053,41,1827,1827,1,17
1099511639527,40,1827,1828,2,5
137438954941,37,1826,1829,4,7
68719477471,36,1826,1830,5,16
1099511639556,40,1833,1833,1,7
68719477472,36,1834,1836,3,16
34359738736,35,1837,1840,4,8
17179869368,34,1841,1851,11,9
8589934684,33,1852,1866,15,4
4294967342,32,1867,1903,37,10
2147483671,31,1752,1831,80,15
1099511639557,40,1832,1832,1,7
1099511639568,40,1835,1835,1,6
137438954946,37,1836,1836,1,7
68719477473,36,1832,1833,2,16
1099511639569,40,1834,1834,1,6
137438954947,37,1834,1835,2,7
137438954948,37,1838,1839,2,7
68719477474,36,1840,1840,1,16
34359738737,35,1832,1836,5,8
274877909898,38,1839,1839,1,6
137438954949,37,1837,1837,1,7
274877909899,38,1838,1838,1,6
68719477475,36,1837,1839,3,16
137438954952,37,1842,1842,1,7
68719477476,36,1843,1846,4,16
34359738738,35,1847,1851,5,8
17179869369,34,1832,1840,9,9
137438954953,37,1841,1841,1,7
137438954954,37,1844,1846,3,7
68719477477,36,1841,1842,2,16
274877909910,38,1845,1846,2,6
137438954955,37,1843,1843,1,7
549755819822,39,1846,1846,1,5
274877909911,38,1844,1844,1,6
549755819823,39,1845,1845,1,5
68719477478,36,1848,1851,4,16
34359738739,35,1841,1846,6,8
8796093117324,43,1849,1849,1,6
137438954958,37,1850,1851,2,7
68719477479,36,1847,1847,1,16
8796093117325,43,1848,1848,1,6
274877909918,38,1851,1851,1,6
137438954959,37,1848,1849,2,7
274877909919,38,1850,1850,1,6
274877909920,38,1853,1853,1,6
137438954960,37,1854,1854,1,7
68719477480,36,1855,1855,1,16
34359738740,35,1856,1859,4,8
17179869370,34,1860,1866,7,9
8589934685,33,1832,1851,20,4
274877909921,38,1852,1852,1,6
137438954961,37,1852,1853,2,7
68719477481,36,1852,1854,3,16
274877909928,38,1857,1857,1,7
68719477482,36,1858,1859,2,16
34359738741,35,1852,1855,4,8
274877909929,38,1856,1856,1,7
274877909934,38,1859,1859,1,7
68719477483,36,1856,1857,2,16
274877909935,38,1858,1858,1,7
274877909936,38,1861,1861,1,7
68719477484,36,1862,1864,3,16
34359738742,35,1865,1866,2,8
17179869371,34,1852,1859,8,9
274877909937,38,1860,1860,1,7
274877909940,38,1863,1864,2,7
68719477485,36,1860,1861,2,16
4398046559060,42,1864,1864,1,6
274877909941,38,1862,1862,1,7
4398046559061,42,1863,1863,1,6
137438954974,37,1866,1866,1,16
34359738743,35,1860,1864,5,8
137438954975,37,1865,1865,1,16
68719477488,36,1868,1869,2,16
34359738744,35,1870,1871,2,8
17179869372,34,1872,1879,8,9
8589934686,33,1880,1903,24,4
4294967343,32,1832,1866,35,10
274877909958,38,1869,1869,1,7
68719477489,36,1867,1867,1,16
274877909959,38,1868,1868,1,7
68719477490,36,1871,1871,1,16
34359738745,35,1867,1869,3,8
68719477491,36,1870,1870,1,16
137438954984,37,1873,1873,1,7
68719477492,36,1874,1876,3,16
34359738746,35,1877,1879,3,8
17179869373,34,1867,1871,5,9
137438954985,37,1872,1872,1,7
2199023279784,41,1875,1875,1,6
137438954986,37,1876,1876,1,7
68719477493,36,1872,1873,2,16
2199023279785,41,1874,1874,1,6
137438954987,37,1874,1875,2,7
137438954990,37,1878,1879,2,16
34359738747,35,1872,1876,5,8
274877909982,38,1879,1879,1,7
137438954991,37,1877,1877,1,16
274877909983,38,1878,1878,1,7
137438954992,37,1881,1882,2,7
68719477496,36,1883,1883,1,16
34359738748,35,1884,1888,5,8
17179869374,34,1889,1903,15,9
8589934687,33,1867,1879,13,4
274877909986,38,1882,1882,1,6
137438954993,37,1880,1880,1,7
274877909987,38,1881,1881,1,6
68719477497,36,1880,1882,3,16
549755819986,39,1885,1885,1,7
68719477498,36,1886,1888,3,16
34359738749,35,1880,1883,4,8
549755819987,39,1884,1884,1,7
137438954998,37,1887,1888,2,7
68719477499,36,1884,1885,2,16
1099511639996,40,1888,1888,1,6
137438954999,37,1886,1886,1,7
1099511639997,40,1887,1887,1,6
1099511640004,40,1890,1890,1,6
137438955000,37,1891,1892,2,7
68719477500,36,1893,1893,1,16
34359738750,35,1894,1903,10,8
17179869375,34,1880,1888,9,9
1099511640005,40,1889,1889,1,6
2199023280030,41,1892,1892,1,6
137438955001,37,1889,1890,2,7
2199023280031,41,1891,1891,1,6
68719477501,36,1889,1892,4,16
137438955004,37,1895,1897,3,7
68719477502,36,1898,1903,6,16
34359738751,35,1889,1893,5,8
549755820020,39,1896,1897,2,6
137438955005,37,1894,1894,1,7
2199023280084,41,1897,1897,1,5
549755820021,39,1895,1895,1,6
2199023280085,41,1896,1896,1,5
274877910012,38,1899,1899,1,6
137438955006,37,1900,1903,4,7
68719477503,36,1894,1897,4,16
274877910013,38,1898,1898,1,6
274877910014,38,1901,1903,3,6
137438955007,37,1898,1899,2,7
8796093120492,43,1902,1902,1,17
4398046560246,42,1903,1903,1,5
274877910015,38,1900,1900,1,6
8796093120493,43,1901,1901,1,17
4398046560247,42,1901,1902,2,5
137438955008,37,1905,1907,3,7
68719477504,36,1908,1908,1,16
34359738752,35,1909,1915,7,8
17179869376,34,1916,1919,4,9
8589934688,33,1920,1936,17,4
4294967344,32,1937,1972,36,10
2147483672,31,1973,2033,61,15
1073741836,30,2034,2207,174,3
536870918,29,2208,2493,286,11
268435459,28,1312,1903,592,1
549755820036,39,1906,1907,2,6
137438955009,37,1904,1904,1,7
4398046560302,42,1907,1907,1,5
549755820037,39,1905,1905,1,6
4398046560303,42,1906,1906,1,5
68719477505,36,1904,1907,4,16
1099511640102,40,1910,1910,1,6
137438955012,37,1911,1912,2,7
68719477506,36,1913,1915,3,16
34359738753,35,1904,1908,5,8
1099511640103,40,1909,1909,1,6
274877910026,38,1912,1912,1,6
137438955013,37,1909,1910,2,7
274877910027,38,1911,1911,1,6
274877910028,38,1914,1914,1,6
137438955014,37,1915,1915,1,7
68719477507,36,1909,1912,4,16
274877910029,38,1913,1913,1,6
137438955015,37,1913,1914,2,7
1099511640146,40,1917,1917,1,16
34359738754,35,1918,1919,2,8
17179869377,34,1904,1915,12,9
1099511640147,40,1916,1916,1,16
549755820092,39,1919,1919,1,16
34359738755,35,1916,1917,2,8
549755820093,39,1918,1918,1,16
137438955024,37,1921,1921,1,7
68719477512,36,1922,1924,3,16
34359738756,35,1925,1928,4,8
17179869378,34,1929,1936,8,9
8589934689,33,1904,1919,16,4
137438955025,37,1920,1920,1,7
1099511640210,40,1923,1923,1,6
137438955026,37,1924,1924,1,7
68719477513,36,1920,1921,2,16
1099511640211,40,1922,1922,1,6
137438955027,37,1922,1923,2,7
68719477514,36,1926,1928,3,16
34359738757,35,1920,1924,5,8
137438955030,37,1927,1928,2,7
68719477515,36,1925,1925,1,16
274877910062,38,1928,1928,1,6
137438955031,37,1926,1926,1,7
274877910063,38,1927,1927,1,6
137438955032,37,1930,1930,1,7
68719477516,36,1931,1932,2,16
34359738758,35,1933,1936,4,8
17179869379,34,1920,1928,9,9
137438955033,37,1929,1929,1,7
274877910068,38,1932,1932,1,7
68719477517,36,1929,1930,2,16
274877910069,38,1931,1931,1,7
2199023280590,41,1934,1934,1,6
137438955036,37,1935,1935,1,7
68719477518,36,1936,1936,1,16
34359738759,35,1929,1932,4,8
2199023280591,41,1933,1933,1,6
137438955037,37,1933,1934,2,7
68719477519,36,1933,1935,3,16
137438955040,37,1938,1940,3,7
68719477520,36,1941,1941,1,16
34359738760,35,1942,1944,3,8
17179869380,34,1945,1953,9,9
8589934690,33,1954,1972,19,4
4294967345,32,1904,1936,33,10
17592186245310,44,1939,1939,1,5
274877910082,38,1940,1940,1,6
137438955041,37,1937,1937,1,7
17592186245311,44,1938,1938,1,5
274877910083,38,1938,1939,2,6
68719477521,36,1937,1940,4,16
549755820176,39,1943,1943,1,7
137438955044,37,1944,1944,1,16
34359738761,35,1937,1941,5,8
549755820177,39,1942,1942,1,7
137438955045,37,1942,1943,2,16
137438955048,37,1946,1947,2,7
68719477524,36,1948,1948,1,16
34359738762,35,1949,1953,5,8
17179869381,34,1937,1944,8,9
274877910098,38,1947,1947,1,6
137438955049,37,1945,1945,1,7
274877910099,38,1946,1946,1,6
68719477525,36,1945,1947,3,16
137438955052,37,1950,1950,1,7
68719477526,36,1951,1953,3,16
34359738763,35,1945,1948,4,8
137438955053,37,1949,1949,1,7
549755820218,39,1952,1952,1,6
137438955054,37,1953,1953,1,7
68719477527,36,1949,1950,2,16
549755820219,39,1951,1951,1,6
137438955055,37,1951,1952,2,7
137438955056,37,1955,1955,1,7
68719477528,36,1956,1960,5,16
34359738764,35,1961,1966,6,8
17179869382,34,1967,1972,6,9
8589934691,33,1937,1953,17,4
137438955057,37,1954,1954,1,7
2199023280934,41,1957,1957,1,5
274877910116,38,1958,1958,1,6
137438955058,37,1959,1960,2,7
68719477529,36,1954,1955,2,16
2199023280935,41,1956,1956,1,5
274877910117,38,1956,1957,2,6
274877910118,38,1960,1960,1,6
137438955059,37,1956,1958,3,7
274877910119,38,1959,1959,1,6
274877910120,38,1962,1962,1,6
137438955060,37,1963,1964,2,7
68719477530,36,1965,1966,2,16
34359738765,35,1954,1960,7,8
274877910121,38,1961,1961,1,6
2199023280976,41,1964,1964,1,6
137438955061,37,1961,1962,2,7
2199023280977,41,1963,1963,1,6
137438955062,37,1966,1966,1,7
68719477531,36,1961,1964,4,16
137438955063,37,1965,1965,1,7
274877910128,38,1968,1968,1,7
137438955064,37,1969,1970,2,16
34359738766,35,1971,1972,2,8
17179869383,34,1954,1966,13,9
274877910129,38,1967,1967,1,7
1099511640520,40,1970,1970,1,7
137438955065,37,1967,1968,2,16
1099511640521,40,1969,1969,1,7
137438955070,37,1972,1972,1,16
34359738767,35,1967,1970,4,8
137438955071,37,1971,1971,1,16
68719477536,36,1974,1975,2,16
34359738768,35,1976,1977,2,8
17179869384,34,1978,1985,8,9
8589934692,33,1986,2004,19,4
4294967346,32,2005,2033,29,10
2147483673,31,1904,1972,69,15
274877910150,38,1975,1975,1,7
68719477537,36,1973,1973,1,16
274877910151,38,1974,1974,1,7
274877910158,38,1977,1977,1,16
34359738769,35,1973,1975,3,8
274877910159,38,1976,1976,1,16
549755820322,39,1979,1979,1,7
68719477540,36,1980,1982,3,16
34359738770,35,1983,1985,3,8
17179869385,34,1973,1977,5,9
549755820323,39,1978,1978,1,7
137438955082,37,1981,1982,2,7
68719477541,36,1978,1979,2,16
1099511640664,40,1982,1982,1,6
137438955083,37,1980,1980,1,7
1099511640665,40,1981,1981,1,6
137438955084,37,1984,1984,1,7
68719477542,36,1985,1985,1,16
34359738771,35,1978,1982,5,8
137438955085,37,1983,1983,1,7
68719477543,36,1983,1984,2,16
137438955088,37,1987,1987,1,7
68719477544,36,1988,1990,3,16
34359738772,35,1991,1994,4,8
17179869386,34,1995,2004,10,9
8589934693,33,1973,1985,13,4
137438955089,37,1986,1986,1,7
8796093125792,43,1989,1989,1,6
137438955090,37,1990,1990,1,7
68719477545,36,1986,1987,2,16
8796093125793,43,1988,1988,1,6
137438955091,37,1988,1989,2,7
1099511640736,40,1992,1992,1,6
137438955092,37,1993,1993,1,7
68719477546,36,1994,1994,1,16
34359738773,35,1986,1990,5,8
1099511640737,40,1991,1991,1,6
137438955093,37,1991,1992,2,7
68719477547,36,1991,1993,3,16
274877910194,38,1996,1997,2,7
68719477548,36,1998,1999,2,16
34359738774,35,2000,2004,5,8
17179869387,34,1986,1994,9,9
549755820390,39,1997,1997,1,6
274877910195,38,1995,1995,1,7
549755820391,39,1996,1996,1,6
274877910198,38,1999,1999,1,7
68719477549,36,1995,1997,3,16
274877910199,38,1998,1998,1,7
549755820400,39,2001,2002,2,6
137438955100,37,2003,2003,1,7
68719477550,36,2004,2004,1,16
34359738775,35,1995,1999,5,8
2199023281604,41,2002,2002,1,5
549755820401,39,2000,2000,1,6
2199023281605,41,2001,2001,1,5
137438955101,37,2000,2002,3,7
68719477551,36,2000,2003,4,16
1099511640838,40,2006,2006,1,7
137438955104,37,2007,2009,3,16
68719477552,36,2010,2010,1,8
17179869388,34,2011,2015,5,9
8589934694,33,2016,2033,18,4
4294967347,32,1973,2004,32,10
1099511640839,40,2005,2005,1,7
2199023281682,41,2008,2008,1,6
274877910210,38,2009,2009,1,7
137438955105,37,2005,2006,2,16
2199023281683,41,2007,2007,1,6
274877910211,38,2007,2008,2,7
68719477553,36,2005,2009,5,8
137438955112,37,2012,2013,2,16
68719477556,36,2014,2015,2,8
17179869389,34,2005,2010,6,9
274877910226,38,2013,2013,1,7
137438955113,37,2011,2011,1,16
274877910227,38,2012,2012,1,7
137438955114,37,2015,2015,1,16
68719477557,36,2011,2013,3,8
137438955115,37,2014,2014,1,16
137438955120,37,2017,2017,1,7
68719477560,36,2018,2019,2,16
34359738780,35,2020,2024,5,8
17179869390,34,2025,2033,9,9
8589934695,33,2005,2015,11,4
137438955121,37,2016,2016,1,7
274877910246,38,2019,2019,1,7
68719477561,36,2016,2017,2,16
274877910247,38,2018,2018,1,7
137438955124,37,2021,2024,4,16
34359738781,35,2016,2019,4,8
1099511641000,40,2022,2022,1,6
274877910250,38,2023,2024,2,7
137438955125,37,2020,2020,1,16
1099511641001,40,2021,2021,1,6
4398046564016,42,2024,2024,1,6
274877910251,38,2021,2022,2,7
4398046564017,42,2023,2023,1,6
137438955128,37,2026,2026,1,7
68719477564,36,2027,2028,2,16
34359738782,35,2029,2033,5,8
17179869391,34,2016,2024,9,9
137438955129,37,2025,2025,1,7
137438955130,37,2028,2028,1,7
68719477565,36,2025,2026,2,16
137438955131,37,2027,2027,1,7
274877910264,38,2030,2030,1,7
68719477566,36,2031,2033,3,16
34359738783,35,2025,2028,4,8
274877910265,38,2029,2029,1,7
549755820538,39,2032,2032,1,6
137438955134,37,2033,2033,1,7
68719477567,36,2029,2030,2,16
549755820539,39,2031,2031,1,6
137438955135,37,2031,2032,2,7
274877910272,38,2035,2036,2,6
137438955136,37,2037,2037,1,7
68719477568,36,2038,2039,2,16
34359738784,35,2040,2045,6,8
17179869392,34,2046,2056,11,9
8589934696,33,2057,2079,23,4
4294967348,32,2080,2127,48,10
2147483674,31,2128,2207,80,15
1073741837,30,1904,2033,130,3
549755820546,39,2036,2036,1,5
274877910273,38,2034,2034,1,6
549755820547,39,2035,2035,1,5
137438955137,37,2034,2036,3,7
274877910276,38,2039,2039,1,7
68719477569,36,2034,2037,4,16
274877910277,38,2038,2038,1,7
68719477570,36,2041,2045,5,16
34359738785,35,2034,2039,6,8
274877910284,38,2042,2044,3,6
137438955142,37,2045,2045,1,7
68719477571,36,2040,2040,1,16
549755820570,39,2043,2044,2,5
274877910285,38,2041,2041,1,6
1099511641142,40,2044,2044,1,17
549755820571,39,2042,2042,1,5
1099511641143,40,2043,2043,1,17
137438955143,37,2041,2044,4,7
68719477572,36,2047,2050,4,16
34359738786,35,2051,2056,6,8
17179869393,34,2034,2045,12,9
137438955146,37,2048,2050,3,7
68719477573,36,2046,2046,1,16
274877910294,38,2049,2050,2,6
137438955147,37,2047,2047,1,7
549755820590,39,2050,2050,1,5
274877910295,38,2048,2048,1,6
549755820591,39,2049,2049,1,5
137438955148,37,2052,2053,2,7
68719477574,36,2054,2056,3,16
34359738787,35,2046,2050,5,8
4398046564770,42,2053,2053,1,6
137438955149,37,2051,2051,1,7
4398046564771,42,2052,2052,1,6
549755820602,39,2055,2055,1,6
137438955150,37,2056,2056,1,7
68719477575,36,2051,2053,3,16
549755820603,39,2054,2054,1,6
137438955151,37,2054,2055,2,7
137438955152,37,2058,2062,5,7
68719477576,36,2063,2063,1,16
34359738788,35,2064,2066,3,8
17179869394,34,2067,2079,13,9
8589934697,33,2034,2056,23,4
1099511641224,40,2059,2059,1,17
549755820612,39,2060,2060,1,5
274877910306,38,2061,2062,2,6
137438955153,37,2057,2057,1,7
1099511641225,40,2058,2058,1,17
549755820613,39,2058,2059,2,5
2199023282462,41,2062,2062,1,5
274877910307,38,2058,2060,3,6
2199023282463,41,2061,2061,1,5
68719477577,36,2057,2062,6,16
274877910312,38,2065,2065,1,7
68719477578,36,2066,2066,1,16
34359738789,35,2057,2063,7,8
274877910313,38,2064,2064,1,7
68719477579,36,2064,2065,2,16
549755820642,39,2068,2069,2,7
68719477580,36,2070,2071,2,16
34359738790,35,2072,2079,8,8
17179869395,34,2057,2066,10,9
2199023282572,41,2069,2069,1,6
549755820643,39,2067,2067,1,7
2199023282573,41,2068,2068,1,6
137438955162,37,2071,2071,1,7
68719477581,36,2067,2069,3,16
137438955163,37,2070,2070,1,7
8796093130498,43,2073,2074,2,6
137438955164,37,2075,2077,3,7
68719477582,36,2078,2079,2,16
34359738791,35,2067,2071,5,8
35184372521998,45,2074,2074,1,5
8796093130499,43,2072,2072,1,6
35184372521999,45,2073,2073,1,5
2199023282644,41,2076,2076,1,5
1099511641322,40,2077,2077,1,6
137438955165,37,2072,2074,3,7
2199023282645,41,2075,2075,1,5
1099511641323,40,2075,2076,2,6
274877910334,38,2079,2079,1,7
68719477583,36,2072,2077,6,16
274877910335,38,2078,2078,1,7
549755820672,39,2081,2081,1,6
137438955168,37,2082,2082,1,7
68719477584,36,2083,2084,2,16
34359738792,35,2085,2088,4,8
17179869396,34,2089,2100,12,9
8589934698,33,2101,2127,27,4
4294967349,32,2034,2079,46,10
549755820673,39,2080,2080,1,6
137438955169,37,2080,2081,2,7
137438955170,37,2084,2084,1,7
68719477585,36,2080,2082,3,16
137438955171,37,2083,2083,1,7
549755820690,39,2086,2086,1,7
68719477586,36,2087,2088,2,16
34359738793,35,2080,2084,5,8
549755820691,39,2085,2085,1,7
137438955174,37,2088,2088,1,7
68719477587,36,2085,2086,2,16
137438955175,37,2087,2087,1,7
68719477588,36,2090,2093,4,16
34359738794,35,2094,2100,7,8
17179869397,34,2080,2088,9,9
549755820714,39,2091,2091,1,6
137438955178,37,2092,2093,2,7
68719477589,36,2089,2089,1,16
549755820715,39,2090,2090,1,6
549755820718,39,2093,2093,1,6
137438955179,37,2090,2091,2,7
549755820719,39,2092,2092,1,6
137438955180,37,2095,2096,2,7
68719477590,36,2097,2100,4,16
34359738795,35,2089,2093,5,8
1099511641448,40,2096,2096,1,6
137438955181,37,2094,2094,1,7
1099511641449,40,2095,2095,1,6
549755820728,39,2098,2098,1,5
274877910364,38,2099,2099,1,6
137438955182,37,2100,2100,1,7
68719477591,36,2094,2096,3,16
549755820729,39,2097,2097,1,5
274877910365,38,2097,2098,2,6
137438955183,37,2097,2099,3,7
8796093131778,43,2102,2103,2,17
2199023282944,41,2104,2104,1,5
274877910368,38,2105,2105,1,6
137438955184,37,2106,2106,1,7
68719477592,36,2107,2107,1,16
34359738796,35,2108,2114,7,8
17179869398,34,2115,2127,13,9
8589934699,33,2080,2100,21,4
281474980216940,48,2103,2103,1,2
8796093131779,43,2101,2101,1,17
281474980216941,48,2102,2102,1,2
2199023282945,41,2101,2103,3,5
274877910369,38,2101,2104,4,6
137438955185,37,2101,2105,5,7
68719477593,36,2101,2106,6,16
137438955188,37,2109,2111,3,7
68719477594,36,2112,2114,3,16
34359738797,35,2101,2107,7,8
2199023283026,41,2110,2110,1,5
274877910378,38,2111,2111,1,6
137438955189,37,2108,2108,1,7
2199023283027,41,2109,2109,1,5
274877910379,38,2109,2110,2,6
1099511641530,40,2113,2113,1,6
274877910382,38,2114,2114,1,7
68719477595,36,2108,2111,4,16
1099511641531,40,2112,2112,1,6
274877910383,38,2112,2113,2,7
137438955192,37,2116,2119,4,7
68719477596,36,2120,2123,4,16
34359738798,35,2124,2127,4,8
17179869399,34,2101,2114,14,9
274877910386,38,2117,2119,3,6
137438955193,37,2115,2115,1,7
1099511641548,40,2118,2118,1,17
549755820774,39,2119,2119,1,5
274877910387,38,2116,2116,1,6
1099511641549,40,2117,2117,1,17
549755820775,39,2117,2118,2,5
274877910390,38,2121,2123,3,7
68719477597,36,2115,2119,5,16
2199023283130,41,2122,2122,1,5
549755820782,39,2123,2123,1,6
274877910391,38,2120,2120,1,7
2199023283131,41,2121,2121,1,5
549755820783,39,2121,2122,2,6
137438955196,37,2125,2125,1,7
68719477598,36,2126,2127,2,16
34359738799,35,2115,2123,9,8
137438955197,37,2124,2124,1,7
137438955198,37,2127,2127,1,7
68719477599,36,2124,2125,2,16
137438955199,37,2126,2126,1,7
137438955200,37,2129,2130,2,7
68719477600,36,2131,2136,6,16
34359738800,35,2137,2142,6,8
17179869400,34,2143,2153,11,9
8589934700,33,2154,2172,19,4
4294967350,32,2173,2207,35,10
2147483675,31,2034,2127,94,15
549755820804,39,2130,2130,1,6
137438955201,37,2128,2128,1,7
549755820805,39,2129,2129,1,6
274877910404,38,2132,2132,1,6
137438955202,37,2133,2136,4,7
68719477601,36,2128,2130,3,16
274877910405,38,2131,2131,1,6
549755820812,39,2134,2134,1,5
274877910406,38,2135,2136,2,6
137438955203,37,2131,2132,2,7
549755820813,39,2133,2133,1,5
549755820814,39,2136,2136,1,5
274877910407,38,2133,2134,2,6
549755820815,39,2135,2135,1,5
274877910408,38,2138,2138,1,6
137438955204,37,2139,2140,2,7
68719477602,36,2141,2142,2,16
34359738801,35,2128,2136,9,8
274877910409,38,2137,2137,1,6
4398046566580,42,2140,2140,1,6
137438955205,37,2137,2138,2,7
4398046566581,42,2139,2139,1,6
274877910412,38,2142,2142,1,7
68719477603,36,2137,2140,4,16
274877910413,38,2141,2141,1,7
274877910416,38,2144,2144,1,6
137438955208,37,2145,2145,1,7
68719477604,36,2146,2147,2,16
34359738802,35,2148,2153,6,8
17179869401,34,2128,2142,15,9
274877910417,38,2143,2143,1,6
137438955209,37,2143,2144,2,7
549755820840,39,2147,2147,1,7
68719477605,36,2143,2145,3,16
549755820841,39,2146,2146,1,7
137438955212,37,2149,2150,2,7
68719477606,36,2151,2153,3,16
34359738803,35,2143,2147,5,8
2199023283422,41,2150,2150,1,6
137438955213,37,2148,2148,1,7
2199023283423,41,2149,2149,1,6
274877910428,38,2152,2152,1,6
137438955214,37,2153,2153,1,7
68719477607,36,2148,2150,3,16
274877910429,38,2151,2151,1,6
137438955215,37,2151,2152,2,7
274877910432,38,2155,2155,1,6
137438955216,37,2156,2157,2,7
68719477608,36,2158,2159,2,16
34359738804,35,2160,2164,5,8
17179869402,34,2165,2172,8,9
8589934701,33,2128,2153,26,4
274877910433,38,2154,2154,1,6
4398046566952,42,2157,2157,1,6
137438955217,37,2154,2155,2,7
4398046566953,42,2156,2156,1,6
1099511641746,40,2159,2159,1,7
68719477609,36,2154,2157,4,16
1099511641747,40,2158,2158,1,7
274877910444,38,2161,2161,1,7
137438955222,37,2162,2164,3,16
34359738805,35,2154,2159,6,8
274877910445,38,2160,2160,1,7
1099511641790,40,2163,2164,2,7
137438955223,37,2160,2161,2,16
70368745074638,46,2164,2164,1,6
1099511641791,40,2162,2162,1,7
70368745074639,46,2163,2163,1,6
68719477612,36,2166,2168,3,16
34359738806,35,2169,2172,4,8
17179869403,34,2154,2164,11,9
274877910454,38,2167,2168,2,7
68719477613,36,2165,2165,1,16
2199023283644,41,2168,2168,1,6
274877910455,38,2166,2166,1,7
2199023283645,41,2167,2167,1,6
68719477614,36,2170,2172,3,16
34359738807,35,2165,2168,4,8
274877910460,38,2171,2172,2,7
68719477615,36,2169,2169,1,16
1099511641846,40,2172,2172,1,6
274877910461,38,2170,2170,1,7
1099511641847,40,2171,2171,1,6
2199023283716,41,2174,2174,1,5
274877910464,38,2175,2175,1,6
137438955232,37,2176,2176,1,7
68719477616,36,2177,2179,3,16
34359738808,35,2180,2185,6,8
17179869404,34,2186,2192,7,9
8589934702,33,2193,2207,15,4
4294967351,32,2128,2172,45,10
2199023283717,41,2173,2173,1,5
274877910465,38,2173,2174,2,6
137438955233,37,2173,2175,3,7
274877910468,38,2178,2178,1,6
137438955234,37,2179,2179,1,7
68719477617,36,2173,2176,4,16
274877910469,38,2177,2177,1,6
137438955235,37,2177,2178,2,7
274877910474,38,2181,2181,1,7
68719477618,36,2182,2185,4,16
34359738809,35,2173,2179,7,8
274877910475,38,2180,2180,1,7
137438955238,37,2183,2185,3,7
68719477619,36,2180,2181,2,16
274877910478,38,2184,2185,2,6
137438955239,37,2182,2182,1,7
549755820958,39,2185,2185,1,5
274877910479,38,2183,2183,1,6
549755820959,39,2184,2184,1,5
549755820962,39,2187,2187,1,6
137438955240,37,2188,2188,1,7
68719477620,36,2189,2189,1,16
34359738810,35,2190,2192,3,8
17179869405,34,2173,2185,13,9
549755820963,39,2186,2186,1,6
137438955241,37,2186,2187,2,7
68719477621,36,2186,2188,3,16
68719477622,36,2191,2192,2,16
34359738811,35,2186,2189,4,8
137438955246,37,2192,2192,1,7
68719477623,36,2190,2190,1,16
137438955247,37,2191,2191,1,7
137438955248,37,2194,2194,1,16
34359738812,35,2195,2198,4,8
17179869406,34,2199,2207,9,9
8589934703,33,2173,2192,20,4
137438955249,37,2193,2193,1,16
137438955252,37,2196,2197,2,7
68719477626,36,2198,2198,1,16
34359738813,35,2193,2194,2,8
549755821012,39,2197,2197,1,6
137438955253,37,2195,2195,1,7
549755821013,39,2196,2196,1,6
68719477627,36,2195,2197,3,16
34359738814,35,2200,2207,8,8
17179869407,34,2193,2198,6,9
137438955260,37,2201,2203,3,7
68719477630,36,2204,2207,4,16
34359738815,35,2199,2199,1,8
549755821044,39,2202,2202,1,5
274877910522,38,2203,2203,1,6
137438955261,37,2200,2200,1,7
549755821045,39,2201,2201,1,5
274877910523,38,2201,2202,2,6
274877910524,38,2205,2206,2,6
137438955262,37,2207,2207,1,7
68719477631,36,2200,2203,4,16
549755821050,39,2206,2206,1,5
274877910525,38,2204,2204,1,6
549755821051,39,2205,2205,1,5
137438955263,37,2204,2206,3,7
4398046568450,42,2209,2209,1,6
137438955264,37,2210,2210,1,7
68719477632,36,2211,2213,3,16
34359738816,35,2214,2219,6,8
17179869408,34,2220,2224,5,9
8589934704,33,2225,2246,22,4
4294967352,32,2247,2272,26,10
2147483676,31,2273,2346,74,15
1073741838,30,2347,2493,147,3
536870919,29,1904,2207,304,11
4398046568451,42,2208,2208,1,6
137438955265,37,2208,2209,2,7
274877910532,38,2212,2212,1,6
137438955266,37,2213,2213,1,7
68719477633,36,2208,2210,3,16
274877910533,38,2211,2211,1,6
137438955267,37,2211,2212,2,7
68719477634,36,2215,2219,5,16
34359738817,35,2208,2213,6,8
137438955270,37,2216,2219,4,7
68719477635,36,2214,2214,1,16
2199023284338,41,2217,2217,1,5
549755821084,39,2218,2219,2,6
137438955271,37,2215,2215,1,7
2199023284339,41,2216,2216,1,5
70368745099000,46,2219,2219,1,5
549755821085,39,2216,2217,2,6
70368745099001,46,2218,2218,1,5
68719477636,36,2221,2222,2,16
34359738818,35,2223,2224,2,8
17179869409,34,2208,2219,12,9
1099511642192,40,2222,2222,1,7
68719477637,36,2220,2220,1,16
1099511642193,40,2221,2221,1,7
68719477638,36,2224,2224,1,16
34359738819,35,2220,2222,3,8
68719477639,36,2223,2223,1,16
1099511642266,40,2226,2226,1,7
274877910566,38,2227,2228,2,16
34359738820,35,2229,2233,5,8
17179869410,34,2234,2246,13,9
8589934705,33,2208,2224,17,4
1099511642267,40,2225,2225,1,7
4398046569072,42,2228,2228,1,7
274877910567,38,2225,2226,2,16
4398046569073,42,2227,2227,1,7
137438955284,37,2230,2231,2,7
68719477642,36,2232,2233,2,16
34359738821,35,2225,2228,4,8
549755821142,39,2231,2231,1,6
137438955285,37,2229,2229,1,7
549755821143,39,2230,2230,1,6
274877910572,38,2233,2233,1,7
68719477643,36,2229,2231,3,16
274877910573,38,2232,2232,1,7
549755821154,39,2235,2235,1,6
137438955288,37,2236,2238,3,7
68719477644,36,2239,2242,4,16
34359738822,35,2243,2246,4,8
17179869411,34,2225,2233,9,9
549755821155,39,2234,2234,1,6
274877910578,38,2237,2238,2,6
137438955289,37,2234,2235,2,7
549755821158,39,2238,2238,1,5
274877910579,38,2236,2236,1,6
549755821159,39,2237,2237,1,5
1099511642322,40,2240,2240,1,5
274877910580,38,2241,2241,1,6
137438955290,37,2242,2242,1,7
68719477645,36,2234,2238,5,16
1099511642323,40,2239,2239,1,5
274877910581,38,2239,2240,2,6
137438955291,37,2239,2241,3,7
137438955292,37,2244,2244,1,7
68719477646,36,2245,2246,2,16
34359738823,35,2234,2242,9,8
137438955293,37,2243,2243,1,7
274877910590,38,2246,2246,1,7
68719477647,36,2243,2244,2,16
274877910591,38,2245,2245,1,7
549755821184,39,2248,2248,1,6
137438955296,37,2249,2249,1,7
68719477648,36,2250,2251,2,16
34359738824,35,2252,2253,2,8
17179869412,34,2254,2263,10,9
8589934706,33,2264,2272,9,4
4294967353,32,2208,2246,39,10
549755821185,39,2247,2247,1,6
137438955297,37,2247,2248,2,7
137438955298,37,2251,2251,1,7
68719477649,36,2247,2249,3,16
137438955299,37,2250,2250,1,7
137438955300,37,2253,2253,1,16
34359738825,35,2247,2251,5,8
137438955301,37,2252,2252,1,16
137438955304,37,2255,2255,1,7
68719477652,36,2256,2256,1,16
34359738826,35,2257,2263,7,8
17179869413,34,2247,2253,7,9
137438955305,37,2254,2254,1,7
68719477653,36,2254,2255,2,16
137438955308,37,2258,2260,3,7
68719477654,36,2261,2263,3,16
34359738827,35,2254,2256,3,8
274877910618,38,2259,2260,2,6
137438955309,37,2257,2257,1,7
549755821238,39,2260,2260,1,5
274877910619,38,2258,2258,1,6
549755821239,39,2259,2259,1,5
4398046569930,42,2262,2262,1,6
274877910620,38,2263,2263,1,7
68719477655,36,2257,2260,4,16
4398046569931,42,2261,2261,1,6
274877910621,38,2261,2262,2,7
68719477656,36,2265,2265,1,16
34359738828,35,2266,2267,2,8
17179869414,34,2268,2272,5,9
8589934707,33,2247,2263,17,4
68719477657,36,2264,2264,1,16
68719477658,36,2267,2267,1,16
34359738829,35,2264,2265,2,8
68719477659,36,2266,2266,1,16
68719477660,36,2269,2270,2,16
34359738830,35,2271,2272,2,8
17179869415,34,2264,2267,4,9
137438955322,37,2270,2270,1,7
68719477661,36,2268,2268,1,16
137438955323,37,2269,2269,1,7
2199023285234,41,2272,2272,1,16
34359738831,35,2268,2270,3,8
2199023285235,41,2271,2271,1,16
549755821320,39,2274,2274,1,16
34359738832,35,2275,2279,5,8
17179869416,34,2280,2284,5,9
8589934708,33,2285,2308,24,4
4294967354,32,2309,2346,38,10
2147483677,31,2208,2272,65,15
549755821321,39,2273,2273,1,16
1099511642658,40,2276,2276,1,7
68719477666,36,2277,2279,3,16
34359738833,35,2273,2274,2,8
1099511642659,40,2275,2275,1,7
274877910668,38,2278,2279,2,7
68719477667,36,2275,2276,2,16
1099511642678,40,2279,2279,1,6
274877910669,38,2277,2277,1,7
1099511642679,40,2278,2278,1,6
137438955336,37,2281,2281,1,7
68719477668,36,2282,2282,1,16
34359738834,35,2283,2284,2,8
17179869417,34,2273,2279,7,9
137438955337,37,2280,2280,1,7
68719477669,36,2280,2281,2,16
137438955340,37,2284,2284,1,16
34359738835,35,2280,2282,3,8
137438955341,37,2283,2283,1,16
1099511642770,40,2286,2286,1,7
137438955346,37,2287,2287,1,16
34359738836,35,2288,2292,5,8
17179869418,34,2293,2308,16,9
8589934709,33,2273,2284,12,4
1099511642771,40,2285,2285,1,7
137438955347,37,2285,2286,2,16
274877910696,38,2289,2290,2,7
68719477674,36,2291,2292,2,16
34359738837,35,2285,2287,3,8
1099511642788,40,2290,2290,1,6
274877910697,38,2288,2288,1,7
1099511642789,40,2289,2289,1,6
137438955350,37,2292,2292,1,7
68719477675,36,2288,2290,3,16
137438955351,37,2291,2291,1,7
137438955352,37,2294,2297,4,7
68719477676,36,2298,2299,2,16
34359738838,35,2300,2308,9,8
17179869419,34,2285,2292,8,9
549755821412,39,2295,2295,1,5
274877910706,38,2296,2297,2,6
137438955353,37,2293,2293,1,7
549755821413,39,2294,2294,1,5
549755821414,39,2297,2297,1,5
274877910707,38,2294,2295,2,6
549755821415,39,2296,2296,1,5
137438955354,37,2299,2299,1,7
68719477677,36,2293,2297,5,16
137438955355,37,2298,2298,1,7
274877910712,38,2301,2302,2,6
137438955356,37,2303,2305,3,7
68719477678,36,2306,2308,3,16
34359738839,35,2293,2299,7,8
1099511642852,40,2302,2302,1,5
274877910713,38,2300,2300,1,6
1099511642853,40,2301,2301,1,5
274877910714,38,2304,2305,2,6
137438955357,37,2300,2302,3,7
549755821430,39,2305,2305,1,5
274877910715,38,2303,2303,1,6
549755821431,39,2304,2304,1,5
549755821436,39,2307,2307,1,6
274877910718,38,2308,2308,1,7
68719477679,36,2300,2305,6,16
549755821437,39,2306,2306,1,6
274877910719,38,2306,2307,2,7
274877910720,38,2310,2310,1,6
137438955360,37,2311,2312,2,7
68719477680,36,2313,2315,3,16
34359738840,35,2316,2318,3,8
17179869420,34,2319,2329,11,9
8589934710,33,2330,2346,17,4
4294967355,32,2273,2308,36,10
274877910721,38,2309,2309,1,6
274877910722,38,2312,2312,1,6
137438955361,37,2309,2310,2,7
274877910723,38,2311,2311,1,6
549755821450,39,2314,2315,2,7
68719477681,36,2309,2312,4,16
1099511642902,40,2315,2315,1,6
549755821451,39,2313,2313,1,7
1099511642903,40,2314,2314,1,6
68719477682,36,2317,2318,2,16
34359738841,35,2309,2315,7,8
274877910732,38,2318,2318,1,7
68719477683,36,2316,2316,1,16
274877910733,38,2317,2317,1,7
137438955368,37,2320,2320,1,7
68719477684,36,2321,2322,2,16
34359738842,35,2323,2329,7,8
17179869421,34,2309,2318,10,9
137438955369,37,2319,2319,1,7
137438955370,37,2322,2322,1,7
68719477685,36,2319,2320,2,16
137438955371,37,2321,2321,1,7
137438955372,37,2324,2324,1,7
68719477686,36,2325,2329,5,16
34359738843,35,2319,2322,4,8
137438955373,37,2323,2323,1,7
274877910748,38,2326,2328,3,6
137438955374,37,2329,2329,1,7
68719477687,36,2323,2324,2,16
2199023285992,41,2327,2327,1,17
549755821498,39,2328,2328,1,5
274877910749,38,2325,2325,1,6
2199023285993,41,2326,2326,1,17
549755821499,39,2326,2327,2,5
137438955375,37,2325,2328,4,7
274877910752,38,2331,2332,2,6
137438955376,37,2333,2334,2,7
68719477688,36,2335,2339,5,16
34359738844,35,2340,2342,3,8
17179869422,34,2343,2346,4,9
8589934711,33,2309,2329,21,4
1099511643012,40,2332,2332,1,5
274877910753,38,2330,2330,1,6
1099511643013,40,2331,2331,1,5
1099511643020,40,2334,2334,1,6
137438955377,37,2330,2332,3,7
1099511643021,40,2333,2333,1,6
2199023286054,41,2336,2336,1,6
137438955378,37,2337,2339,3,7
68719477689,36,2330,2334,5,16
2199023286055,41,2335,2335,1,6
274877910758,38,2338,2339,2,6
137438955379,37,2335,2336,2,7
1099511643036,40,2339,2339,1,5
274877910759,38,2337,2337,1,6
1099511643037,40,2338,2338,1,5
137438955380,37,2341,2341,1,7
68719477690,36,2342,2342,1,16
34359738845,35,2330,2339,10,8
137438955381,37,2340,2340,1,7
68719477691,36,2340,2341,2,16
68719477692,36,2344,2344,1,16
34359738846,35,2345,2346,2,8
17179869423,34,2330,2342,13,9
68719477693,36,2343,2343,1,16
2199023286210,41,2346,2346,1,16
34359738847,35,2343,2344,2,8
2199023286211,41,2345,2345,1,16
137438955392,37,2348,2349,2,16
68719477696,36,2350,2350,1,8
34359738848,35,2351,2357,7,5
17179869424,34,2358,2373,16,10
8589934712,33,2374,2394,21,15
4294967356,32,2395,2426,32,4
2147483678,31,2427,2493,67,9
1073741839,30,2208,2346,139,3
274877910786,38,2349,2349,1,7
137438955393,37,2347,2347,1,16
274877910787,38,2348,2348,1,7
68719477697,36,2347,2349,3,8
274877910792,38,2352,2352,1,7
137438955396,37,2353,2353,1,16
68719477698,36,2354,2357,4,8
34359738849,35,2347,2350,4,5
274877910793,38,2351,2351,1,7
137438955397,37,2351,2352,2,16
137438955398,37,2355,2357,3,16
68719477699,36,2351,2353,3,8
274877910798,38,2356,2357,2,7
137438955399,37,2354,2354,1,16
2199023286398,41,2357,2357,1,6
274877910799,38,2355,2355,1,7
2199023286399,41,2356,2356,1,6
274877910800,38,2359,2359,1,7
137438955400,37,2360,2362,3,16
68719477700,36,2363,2368,6,8
34359738850,35,2369,2373,5,5
17179869425,34,2347,2357,11,10
274877910801,38,2358,2358,1,7
274877910802,38,2361,2362,2,7
137438955401,37,2358,2359,2,16
1099511643212,40,2362,2362,1,6
274877910803,38,2360,2360,1,7
1099511643213,40,2361,2361,1,6
274877910804,38,2364,2366,3,7
137438955402,37,2367,2368,2,16
68719477701,36,2358,2362,5,8
549755821610,39,2365,2366,2,6
274877910805,38,2363,2363,1,7
4398046572890,42,2366,2366,1,2
549755821611,39,2364,2364,1,6
4398046572891,42,2365,2365,1,2
1099511643226,40,2368,2368,1,7
137438955403,37,2363,2366,4,16
1099511643227,40,2367,2367,1,7
137438955404,37,2370,2370,1,16
68719477702,36,2371,2373,3,8
34359738851,35,2358,2368,11,5
137438955405,37,2369,2369,1,16
549755821624,39,2372,2372,1,7
137438955406,37,2373,2373,1,16
68719477703,36,2369,2370,2,8
549755821625,39,2371,2371,1,7
137438955407,37,2371,2372,2,16
68719477704,36,2375,2378,4,8
34359738852,35,2379,2385,7,5
17179869426,34,2386,2394,9,10
8589934713,33,2347,2373,27,15
274877910820,38,2376,2376,1,7
137438955410,37,2377,2378,2,16
68719477705,36,2374,2374,1,8
274877910821,38,2375,2375,1,7
1099511643292,40,2378,2378,1,7
137438955411,37,2375,2376,2,16
1099511643293,40,2377,2377,1,7
137438955412,37,2380,2382,3,16
68719477706,36,2383,2385,3,8
34359738853,35,2374,2378,5,5
2199023286608,41,2381,2381,1,6
274877910826,38,2382,2382,1,7
137438955413,37,2379,2379,1,16
2199023286609,41,2380,2380,1,6
274877910827,38,2380,2381,2,7
549755821656,39,2384,2384,1,7
274877910828,38,2385,2385,1,16
68719477707,36,2379,2382,4,8
549755821657,39,2383,2383,1,7
274877910829,38,2383,2384,2,16
274877910832,38,2387,2387,1,7
137438955416,37,2388,2389,2,16
68719477708,36,2390,2391,2,8
34359738854,35,2392,2394,3,5
17179869427,34,2374,2385,12,10
274877910833,38,2386,2386,1,7
274877910834,38,2389,2389,1,7
137438955417,37,2386,2387,2,16
274877910835,38,2388,2388,1,7
137438955418,37,2391,2391,1,16
68719477709,36,2386,2389,4,8
137438955419,37,2390,2390,1,16
549755821688,39,2393,2393,1,16
137438955422,37,2394,2394,1,8
34359738855,35,2386,2391,6,5
549755821689,39,2392,2392,1,16
137438955423,37,2392,2393,2,8
274877910848,38,2396,2396,1,16
137438955424,37,2397,2397,1,8
68719477712,36,2398,2399,2,5
17179869428,34,2400,2408,9,10
8589934714,33,2409,2426,18,15
4294967357,32,2347,2394,48,4
274877910849,38,2395,2395,1,16
137438955425,37,2395,2396,2,8
137438955426,37,2399,2399,1,8
68719477713,36,2395,2397,3,5
137438955427,37,2398,2398,1,8
137438955432,37,2401,2402,2,16
68719477716,36,2403,2406,4,8
34359738858,35,2407,2408,2,5
17179869429,34,2395,2399,5,10
274877910866,38,2402,2402,1,7
137438955433,37,2400,2400,1,16
274877910867,38,2401,2401,1,7
137438955434,37,2404,2406,3,16
68719477717,36,2400,2402,3,8
274877910870,38,2405,2406,2,7
137438955435,37,2403,2403,1,16
549755821742,39,2406,2406,1,6
274877910871,38,2404,2404,1,7
549755821743,39,2405,2405,1,6
1099511643516,40,2408,2408,1,8
34359738859,35,2400,2406,7,5
1099511643517,40,2407,2407,1,8
274877910880,38,2410,2412,3,16
137438955440,37,2413,2414,2,8
34359738860,35,2415,2419,5,5
17179869430,34,2420,2426,7,10
8589934715,33,2395,2408,14,15
1099511643524,40,2411,2411,1,6
549755821762,39,2412,2412,1,7
274877910881,38,2409,2409,1,16
1099511643525,40,2410,2410,1,6
549755821763,39,2410,2411,2,7
1099511643528,40,2414,2414,1,16
137438955441,37,2409,2412,4,8
1099511643529,40,2413,2413,1,16
137438955444,37,2416,2417,2,16
68719477722,36,2418,2419,2,8
34359738861,35,2409,2414,6,5
549755821780,39,2417,2417,1,7
137438955445,37,2415,2415,1,16
549755821781,39,2416,2416,1,7
137438955446,37,2419,2419,1,16
68719477723,36,2415,2417,3,8
137438955447,37,2418,2418,1,16
68719477724,36,2421,2423,3,8
34359738862,35,2424,2426,3,5
17179869431,34,2409,2419,11,10
137438955450,37,2422,2423,2,16
68719477725,36,2420,2420,1,8
549755821804,39,2423,2423,1,7
137438955451,37,2421,2421,1,16
549755821805,39,2422,2422,1,7
274877910906,38,2425,2425,1,16
68719477726,36,2426,2426,1,8
34359738863,35,2420,2423,4,5
274877910907,38,2424,2424,1,16
68719477727,36,2424,2425,2,8
1099511643650,40,2428,2428,1,7
274877910912,38,2429,2429,1,16
68719477728,36,2430,2431,2,8
34359738864,35,2432,2436,5,5
17179869432,34,2437,2446,10,10
8589934716,33,2447,2459,13,15
4294967358,32,2460,2493,34,4
2147483679,31,2347,2426,80,9
1099511643651,40,2427,2427,1,7
274877910913,38,2427,2428,2,16
274877910916,38,2431,2431,1,16
68719477729,36,2427,2429,3,8
274877910917,38,2430,2430,1,16
274877910922,38,2433,2433,1,16
68719477730,36,2434,2436,3,8
34359738865,35,2427,2431,5,5
274877910923,38,2432,2432,1,16
137438955462,37,2435,2436,2,16
68719477731,36,2432,2433,2,8
274877910926,38,2436,2436,1,7
137438955463,37,2434,2434,1,16
274877910927,38,2435,2435,1,7
137438955464,37,2438,2438,1,16
68719477732,36,2439,2442,4,8
34359738866,35,2443,2446,4,5
17179869433,34,2427,2436,10,10
137438955465,37,2437,2437,1,16
137438955466,37,2440,2442,3,16
68719477733,36,2437,2438,2,8
549755821868,39,2441,2441,1,6
274877910934,38,2442,2442,1,7
137438955467,37,2439,2439,1,16
549755821869,39,2440,2440,1,6
274877910935,38,2440,2441,2,7
274877910936,38,2444,2444,1,7
137438955468,37,2445,2445,1,16
68719477734,36,2446,2446,1,8
34359738867,35,2437,2442,6,5
274877910937,38,2443,2443,1,7
137438955469,37,2443,2444,2,16
68719477735,36,2443,2445,3,8
1099511643804,40,2448,2448,1,8
34359738868,35,2449,2451,3,5
17179869434,34,2452,2459,8,10
8589934717,33,2427,2446,20,15
1099511643805,40,2447,2447,1,8
137438955476,37,2450,2450,1,16
68719477738,36,2451,2451,1,8
34359738869,35,2447,2448,2,5
137438955477,37,2449,2449,1,16
68719477739,36,2449,2450,2,8
549755821920,39,2453,2453,1,7
274877910960,38,2454,2454,1,16
68719477740,36,2455,2458,4,8
34359738870,35,2459,2459,1,5
17179869435,34,2447,2451,5,10
549755821921,39,2452,2452,1,7
274877910961,38,2452,2453,2,16
137438955482,37,2456,2458,3,16
68719477741,36,2452,2454,3,8
549755821932,39,2457,2457,1,6
274877910966,38,2458,2458,1,7
137438955483,37,2455,2455,1,16
549755821933,39,2456,2456,1,6
274877910967,38,2456,2457,2,7
34359738871,35,2452,2458,7,5
68719477744,36,2461,2461,1,8
34359738872,35,2462,2465,4,5
17179869436,34,2466,2475,10,10
8589934718,33,2476,2493,18,15
4294967359,32,2427,2459,33,4
68719477745,36,2460,2460,1,8
274877910984,38,2463,2463,1,7
137438955492,37,2464,2464,1,16
68719477746,36,2465,2465,1,8
34359738873,35,2460,2461,2,5
274877910985,38,2462,2462,1,7
137438955493,37,2462,2463,2,16
68719477747,36,2462,2464,3,8
68719477748,36,2467,2471,5,8
34359738874,35,2472,2475,4,5
17179869437,34,2460,2465,6,10
70368745215200,46,2468,2468,1,2
4398046575950,42,2469,2469,1,6
274877910996,38,2470,2470,1,7
137438955498,37,2471,2471,1,16
68719477749,36,2466,2466,1,8
70368745215201,46,2467,2467,1,2
4398046575951,42,2467,2468,2,6
274877910997,38,2467,2469,3,7
137438955499,37,2467,2470,4,16
137438955500,37,2473,2473,1,16
68719477750,36,2474,2475,2,8
34359738875,35,2466,2471,6,5
137438955501,37,2472,2472,1,16
137438955502,37,2475,2475,1,16
68719477751,36,2472,2473,2,8
137438955503,37,2474,2474,1,16
549755822026,39,2477,2477,1,8
34359738876,35,2478,2479,2,5
17179869438,34,2480,2493,14,10
8589934719,33,2460,2475,16,15
549755822027,39,2476,2476,1,8
68719477754,36,2479,2479,1,8
34359738877,35,2476,2477,2,5
68719477755,36,2478,2478,1,8
8796093152788,43,2481,2481,1,6
274877911024,38,2482,2483,2,7
137438955512,37,2484,2484,1,16
68719477756,36,2485,2488,4,8
34359738878,35,2489,2493,5,5
17179869439,34,2476,2479,4,10
8796093152789,43,2480,2480,1,6
4398046576404,42,2483,2483,1,6
274877911025,38,2480,2481,2,7
4398046576405,42,2482,2482,1,6
137438955513,37,2480,2483,4,16
549755822056,39,2486,2486,1,6
274877911028,38,2487,2487,1,7
137438955514,37,2488,2488,1,16
68719477757,36,2480,2484,5,8
549755822057,39,2485,2485,1,6
274877911029,38,2485,2486,2,7
137438955515,37,2485,2487,3,16
274877911034,38,2490,2490,1,16
68719477758,36,2491,2493,3,8
34359738879,35,2480,2488,9,5
274877911035,38,2489,2489,1,16
274877911036,38,2492,2492,1,7
137438955518,37,2493,2493,1,16
68719477759,36,2489,2490,2,8
274877911037,38,2491,2491,1,7
137438955519,37,2491,2492,2,16
137438955520,37,2495,2496,2,2
68719477760,36,2497,2497,1,1
34359738880,35,2498,2500,3,4
17179869440,34,2501,2512,12,5
8589934720,33,2513,2532,20,8
4294967360,32,2533,2570,38,10
2147483680,31,2571,2644,74,7
1073741840,30,2645,2807,163,11
536870920,29,2808,3129,322,14
268435460,28,3130,3798,669,15
134217730,27,3799,5094,1296,10
67108865,26,0,2493,2494,14
549755822084,39,2496,2496,1,3
137438955521,37,2494,2494,1,2
549755822085,39,2495,2495,1,3
68719477761,36,2494,2496,3,1
137438955524,37,2499,2500,2,1
34359738881,35,2494,2497,4,4
274877911050,38,2500,2500,1,2
137438955525,37,2498,2498,1,1
274877911051,38,2499,2499,1,2
137438955528,37,2502,2503,2,2
68719477764,36,2504,2508,5,1
34359738882,35,2509,2512,4,4
17179869441,34,2494,2500,7,5
549755822118,39,2503,2503,1,3
137438955529,37,2501,2501,1,2
549755822119,39,2502,2502,1,3
549755822120,39,2505,2506,2,3
274877911060,38,2507,2508,2,2
68719477765,36,2501,2503,3,1
1099511644242,40,2506,2506,1,17
549755822121,39,2504,2504,1,3
1099511644243,40,2505,2505,1,17
549755822122,39,2508,2508,1,3
274877911061,38,2504,2506,3,2
549755822123,39,2507,2507,1,3
137438955532,37,2510,2510,1,2
68719477766,36,2511,2512,2,1
34359738883,35,2501,2508,8,4
137438955533,37,2509,2509,1,2
137438955534,37,2512,2512,1,2
68719477767,36,2509,2510,2,1
137438955535,37,2511,2511,1,2
4398046577164,42,2514,2514,1,3
137438955536,37,2515,2515,1,2
68719477768,36,2516,2519,4,1
34359738884,35,2520,2527,8,4
17179869442,34,2528,2532,5,5
8589934721,33,2494,2512,19,8
4398046577165,42,2513,2513,1,3
137438955537,37,2513,2514,2,2
549755822152,39,2517,2517,1,3
137438955538,37,2518,2519,2,2
68719477769,36,2513,2515,3,1
549755822153,39,2516,2516,1,3
274877911078,38,2519,2519,1,3
137438955539,37,2516,2517,2,2
274877911079,38,2518,2518,1,3
137438955540,37,2521,2524,4,2
68719477770,36,2525,2527,3,1
34359738885,35,2513,2519,7,4
274877911082,38,2522,2524,3,3
137438955541,37,2520,2520,1,2
549755822166,39,2523,2524,2,17
274877911083,38,2521,2521,1,3
1099511644334,40,2524,2524,1,12
549755822167,39,2522,2522,1,17
1099511644335,40,2523,2523,1,12
137438955542,37,2526,2527,2,2
68719477771,36,2520,2524,5,1
274877911086,38,2527,2527,1,3
137438955543,37,2525,2525,1,2
274877911087,38,2526,2526,1,3
274877911088,38,2529,2529,1,1
34359738886,35,2530,2532,3,4
17179869443,34,2513,2527,15,5
274877911089,38,2528,2528,1,1
274877911100,38,2531,2531,1,2
137438955550,37,2532,2532,1,1
34359738887,35,2528,2529,2,4
274877911101,38,2530,2530,1,2
137438955551,37,2530,2531,2,1
274877911104,38,2534,2535,2,3
137438955552,37,2536,2536,1,2
68719477776,36,2537,2539,3,1
34359738888,35,2540,2545,6,4
17179869444,34,2546,2552,7,5
8589934722,33,2553,2570,18,8
4294967361,32,2494,2532,39,10
549755822210,39,2535,2535,1,17
274877911105,38,2533,2533,1,3
549755822211,39,2534,2534,1,17
137438955553,37,2533,2535,3,2
137438955554,37,2538,2539,2,2
68719477777,36,2533,2536,4,1
549755822222,39,2539,2539,1,3
137438955555,37,2537,2537,1,2
549755822223,39,2538,2538,1,3
137438955556,37,2541,2543,3,2
68719477778,36,2544,2545,2,1
34359738889,35,2533,2539,7,4
274877911114,38,2542,2543,2,3
137438955557,37,2540,2540,1,2
549755822230,39,2543,2543,1,17
274877911115,38,2541,2541,1,3
549755822231,39,2542,2542,1,17
137438955558,37,2545,2545,1,2
68719477779,36,2540,2543,4,1
137438955559,37,2544,2544,1,2
68719477780,36,2547,2547,1,1
34359738890,35,2548,2552,5,4
17179869445,34,2533,2545,13,5
68719477781,36,2546,2546,1,1
549755822256,39,2549,2549,1,3
274877911128,38,2550,2550,1,2
68719477782,36,2551,2552,2,1
34359738891,35,2546,2547,2,4
549755822257,39,2548,2548,1,3
274877911129,38,2548,2549,2,2
137438955566,37,2552,2552,1,2
68719477783,36,2548,2550,3,1
137438955567,37,2551,2551,1,2
68719477784,36,2554,2555,2,1
34359738892,35,2556,2559,4,4
17179869446,34,2560,2570,11,5
8589934723,33,2533,2552,20,8
274877911140,38,2555,2555,1,2
68719477785,36,2553,2553,1,1
274877911141,38,2554,2554,1,2
549755822288,39,2557,2557,1,3
137438955572,37,2558,2558,1,2
68719477786,36,2559,2559,1,1
34359738893,35,2553,2555,3,4
549755822289,39,2556,2556,1,3
137438955573,37,2556,2557,2,2
68719477787,36,2556,2558,3,1
549755822308,39,2561,2561,1,3
274877911154,38,2562,2562,1,2
68719477788,36,2563,2566,4,1
34359738894,35,2567,2570,4,4
17179869447,34,2553,2559,7,5
549755822309,39,2560,2560,1,3
274877911155,38,2560,2561,2,2
549755822314,39,2564,2565,2,3
137438955578,37,2566,2566,1,2
68719477789,36,2560,2562,3,1
2199023289260,41,2565,2565,1,17
549755822315,39,2563,2563,1,3
2199023289261,41,2564,2564,1,17
137438955579,37,2563,2565,3,2
274877911162,38,2568,2569,2,2
68719477790,36,2570,2570,1,1
34359738895,35,2560,2566,7,4
549755822326,39,2569,2569,1,3
274877911163,38,2567,2567,1,2
549755822327,39,2568,2568,1,3
68719477791,36,2567,2569,3,1
549755822336,39,2572,2572,1,3
274877911168,38,2573,2574,2,2
68719477792,36,2575,2576,2,1
34359738896,35,2577,2582,6,4
17179869448,34,2583,2593,11,5
8589934724,33,2594,2609,16,8
4294967362,32,2610,2644,35,10
2147483681,31,2494,2570,77,7
549755822337,39,2571,2571,1,3
1099511644676,40,2574,2574,1,3
274877911169,38,2571,2572,2,2
1099511644677,40,2573,2573,1,3
274877911174,38,2576,2576,1,2
68719477793,36,2571,2574,4,1
274877911175,38,2575,2575,1,2
549755822354,39,2578,2579,2,3
137438955588,37,2580,2580,1,2
68719477794,36,2581,2582,2,1
34359738897,35,2571,2576,6,4
2199023289422,41,2579,2579,1,17
549755822355,39,2577,2577,1,3
2199023289423,41,2578,2578,1,17
137438955589,37,2577,2579,3,2
137438955590,37,2582,2582,1,2
68719477795,36,2577,2580,4,1
137438955591,37,2581,2581,1,2
137438955592,37,2584,2584,1,2
68719477796,36,2585,2588,4,1
34359738898,35,2589,2593,5,4
17179869449,34,2571,2582,12,5
137438955593,37,2583,2583,1,2
549755822378,39,2586,2587,2,3
137438955594,37,2588,2588,1,2
68719477797,36,2583,2584,2,1
2199023289518,41,2587,2587,1,17
549755822379,39,2585,2585,1,3
2199023289519,41,2586,2586,1,17
137438955595,37,2585,2587,3,2
274877911192,38,2590,2590,1,3
137438955596,37,2591,2592,2,2
68719477798,36,2593,2593,1,1
34359738899,35,2583,2588,6,4
274877911193,38,2589,2589,1,3
274877911194,38,2592,2592,1,3
137438955597,37,2589,2590,2,2
274877911195,38,2591,2591,1,3
68719477799,36,2589,2592,4,1
274877911202,38,2595,2595,1,2
68719477800,36,2596,2597,2,1
34359738900,35,2598,2603,6,4
17179869450,34,2604,2609,6,5
8589934725,33,2571,2593,23,8
274877911203,38,2594,2594,1,2
137438955602,37,2597,2597,1,2
68719477801,36,2594,2595,2,1
137438955603,37,2596,2596,1,2
1099511644834,40,2599,2599,1,17
274877911208,38,2600,2600,1,3
137438955604,37,2601,2602,2,2
68719477802,36,2603,2603,1,1
34359738901,35,2594,2597,4,4
1099511644835,40,2598,2598,1,17
274877911209,38,2598,2599,2,3
274877911210,38,2602,2602,1,3
137438955605,37,2598,2600,3,2
274877911211,38,2601,2601,1,3
68719477803,36,2598,2602,5,1
68719477804,36,2605,2606,2,1
34359738902,35,2607,2609,3,4
17179869451,34,2594,2603,10,5
274877911222,38,2606,2606,1,2
68719477805,36,2604,2604,1,1
274877911223,38,2605,2605,1,2
137438955612,37,2608,2609,2,1
34359738903,35,2604,2606,3,4
274877911226,38,2609,2609,1,2
137438955613,37,2607,2607,1,1
274877911227,38,2608,2608,1,2
1099511644956,40,2611,2611,1,1
34359738904,35,2612,2613,2,4
17179869452,34,2614,2627,14,5
8589934726,33,2628,2644,17,8
4294967363,32,2571,2609,39,10
1099511644957,40,2610,2610,1,1
274877911242,38,2613,2613,1,1
34359738905,35,2610,2611,2,4
274877911243,38,2612,2612,1,1
274877911248,38,2615,2615,1,2
68719477812,36,2616,2619,4,1
34359738906,35,2620,2627,8,4
17179869453,34,2610,2613,4,5
274877911249,38,2614,2614,1,2
1099511645008,40,2617,2617,1,17
549755822504,39,2618,2618,1,3
137438955626,37,2619,2619,1,2
68719477813,36,2614,2615,2,1
1099511645009,40,2616,2616,1,17
549755822505,39,2616,2617,2,3
137438955627,37,2616,2618,3,2
137438955628,37,2621,2622,2,2
68719477814,36,2623,2627,5,1
34359738907,35,2614,2619,6,4
274877911258,38,2622,2622,1,3
137438955629,37,2620,2620,1,2
274877911259,38,2621,2621,1,3
274877911260,38,2624,2624,1,3
137438955630,37,2625,2627,3,2
68719477815,36,2620,2622,3,1
274877911261,38,2623,2623,1,3
274877911262,38,2626,2627,2,3
137438955631,37,2623,2624,2,2
17592186320890,44,2627,2627,1,17
274877911263,38,2625,2625,1,3
17592186320891,44,2626,2626,1,17
274877911268,38,2629,2629,1,2
137438955634,37,2630,2633,4,1
34359738908,35,2634,2638,5,4
17179869454,34,2639,2644,6,5
8589934727,33,2610,2627,18,8
274877911269,38,2628,2628,1,2
549755822540,39,2631,2631,1,3
274877911270,38,2632,2633,2,2
137438955635,37,2628,2629,2,1
549755822541,39,2630,2630,1,3
1099511645084,40,2633,2633,1,3
274877911271,38,2630,2631,2,2
1099511645085,40,2632,2632,1,3
4398046580398,42,2635,2635,1,3
274877911274,38,2636,2636,1,2
68719477818,36,2637,2638,2,1
34359738909,35,2628,2633,6,4
4398046580399,42,2634,2634,1,3
274877911275,38,2634,2635,2,2
137438955638,37,2638,2638,1,2
68719477819,36,2634,2636,3,1
137438955639,37,2637,2637,1,2
137438955640,37,2640,2640,1,2
68719477820,36,2641,2641,1,1
34359738910,35,2642,2644,3,4
17179869455,34,2628,2638,11,5
137438955641,37,2639,2639,1,2
68719477821,36,2639,2640,2,1
274877911292,38,2643,2643,1,2
137438955646,37,2644,2644,1,1
34359738911,35,2639,2641,3,4
274877911293,38,2642,2642,1,2
137438955647,37,2642,2643,2,1
549755822592,39,2646,2646,1,3
274877911296,38,2647,2647,1,2
68719477824,36,2648,2650,3,1
34359738912,35,2651,2656,6,4
17179869456,34,2657,2664,8,5
8589934728,33,2665,2689,25,8
4294967364,32,2690,2720,31,10
2147483682,31,2721,2807,87,7
1073741841,30,2494,2644,151,11
549755822593,39,2645,2645,1,3
274877911297,38,2645,2646,2,2
137438955650,37,2649,2650,2,2
68719477825,36,2645,2647,3,1
274877911302,38,2650,2650,1,3
137438955651,37,2648,2648,1,2
274877911303,38,2649,2649,1,3
549755822608,39,2652,2652,1,17
274877911304,38,2653,2653,1,3
137438955652,37,2654,2654,1,2
68719477826,36,2655,2656,2,1
34359738913,35,2645,2650,6,4
549755822609,39,2651,2651,1,17
274877911305,38,2651,2652,2,3
137438955653,37,2651,2653,3,2
274877911310,38,2656,2656,1,2
68719477827,36,2651,2654,4,1
274877911311,38,2655,2655,1,2
274877911312,38,2658,2658,1,2
68719477828,36,2659,2661,3,1
34359738914,35,2662,2664,3,4
17179869457,34,2645,2656,12,5
274877911313,38,2657,2657,1,2
549755822638,39,2660,2661,2,2
68719477829,36,2657,2658,2,1
1099511645278,40,2661,2661,1,3
549755822639,39,2659,2659,1,2
1099511645279,40,2660,2660,1,3
274877911324,38,2663,2663,1,2
137438955662,37,2664,2664,1,1
34359738915,35,2657,2661,5,4
274877911325,38,2662,2662,1,2
137438955663,37,2662,2663,2,1
549755822656,39,2666,2666,1,17
274877911328,38,2667,2667,1,3
137438955664,37,2668,2670,3,2
68719477832,36,2671,2675,5,1
34359738916,35,2676,2678,3,4
17179869458,34,2679,2689,11,5
8589934729,33,2645,2664,20,8
549755822657,39,2665,2665,1,17
274877911329,38,2665,2666,2,3
274877911330,38,2669,2670,2,3
137438955665,37,2665,2667,3,2
549755822662,39,2670,2670,1,17
274877911331,38,2668,2668,1,3
549755822663,39,2669,2669,1,17
1099511645328,40,2672,2672,1,12
549755822664,39,2673,2673,1,17
274877911332,38,2674,2674,1,3
137438955666,37,2675,2675,1,2
68719477833,36,2665,2670,6,1
1099511645329,40,2671,2671,1,12
549755822665,39,2671,2672,2,17
274877911333,38,2671,2673,3,3
137438955667,37,2671,2674,4,2
68719477834,36,2677,2678,2,1
34359738917,35,2665,2675,11,4
549755822680,39,2678,2678,1,2
68719477835,36,2676,2676,1,1
549755822681,39,2677,2677,1,2
137438955672,37,2680,2682,3,2
68719477836,36,2683,2685,3,1
34359738918,35,2686,2689,4,4
17179869459,34,2665,2678,14,5
274877911346,38,2681,2682,2,3
137438955673,37,2679,2679,1,2
1099511645388,40,2682,2682,1,17
274877911347,38,2680,2680,1,3
1099511645389,40,2681,2681,1,17
2199023290784,41,2684,2684,1,3
137438955674,37,2685,2685,1,2
68719477837,36,2679,2682,4,1
2199023290785,41,2683,2683,1,3
137438955675,37,2683,2684,2,2
68719477838,36,2687,2689,3,1
34359738919,35,2679,2685,7,4
549755822716,39,2688,2688,1,3
274877911358,38,2689,2689,1,2
68719477839,36,2686,2686,1,1
549755822717,39,2687,2687,1,3
274877911359,38,2687,2688,2,2
274877911360,38,2691,2692,2,3
137438955680,37,2693,2693,1,2
68719477840,36,2694,2698,5,1
34359738920,35,2699,2701,3,4
17179869460,34,2702,2710,9,5
8589934730,33,2711,2720,10,8
4294967365,32,2645,2689,45,10
4398046581780,42,2692,2692,1,17
274877911361,38,2690,2690,1,3
4398046581781,42,2691,2691,1,17
137438955681,37,2690,2692,3,2
274877911364,38,2695,2697,3,3
137438955682,37,2698,2698,1,2
68719477841,36,2690,2693,4,1
549755822730,39,2696,2697,2,17
274877911365,38,2694,2694,1,3
35184372654826,45,2697,2697,1,12
549755822731,39,2695,2695,1,17
35184372654827,45,2696,2696,1,12
137438955683,37,2694,2697,4,2
68719477842,36,2700,2701,2,1
34359738921,35,2690,2698,9,4
137438955686,37,2701,2701,1,2
68719477843,36,2699,2699,1,1
137438955687,37,2700,2700,1,2
35184372656358,45,2703,2703,1,3
137438955688,37,2704,2706,3,2
68719477844,36,2707,2708,2,1
34359738922,35,2709,2710,2,4
17179869461,34,2690,2701,12,5
35184372656359,45,2702,2702,1,3
274877911378,38,2705,2706,2,3
137438955689,37,2702,2703,2,2
549755822758,39,2706,2706,1,17
274877911379,38,2704,2704,1,3
549755822759,39,2705,2705,1,17
549755822760,39,2708,2708,1,2
68719477845,36,2702,2706,5,1
549755822761,39,2707,2707,1,2
68719477846,36,2710,2710,1,1
34359738923,35,2702,2708,7,4
68719477847,36,2709,2709,1,1
274877911392,38,2712,2712,1,2
68719477848,36,2713,2713,1,1
34359738924,35,2714,2715,2,4
17179869462,34,2716,2720,5,5
8589934731,33,2690,2710,21,8
274877911393,38,2711,2711,1,2
68719477849,36,2711,2712,2,1
68719477850,36,2715,2715,1,1
34359738925,35,2711,2713,3,4
68719477851,36,2714,2714,1,1
68719477852,36,2717,2717,1,1
34359738926,35,2718,2720,3,4
17179869463,34,2711,2715,5,5
68719477853,36,2716,2716,1,1
68719477854,36,2719,2720,2,1
34359738927,35,2716,2717,2,4
274877911420,38,2720,2720,1,2
68719477855,36,2718,2718,1,1
274877911421,38,2719,2719,1,2
137438955712,37,2722,2723,2,2
68719477856,36,2724,2728,5,1
34359738928,35,2729,2730,2,4
17179869464,34,2731,2739,9,5
8589934732,33,2740,2760,21,8
4294967366,32,2761,2807,47,10
2147483683,31,2645,2720,76,7
274877911426,38,2723,2723,1,3
137438955713,37,2721,2721,1,2
274877911427,38,2722,2722,1,3
2199023291424,41,2725,2725,1,17
274877911428,38,2726,2726,1,3
137438955714,37,2727,2728,2,2
68719477857,36,2721,2723,3,1
2199023291425,41,2724,2724,1,17
274877911429,38,2724,2725,2,3
274877911430,38,2728,2728,1,3
137438955715,37,2724,2726,3,2
274877911431,38,2727,2727,1,3
274877911432,38,2730,2730,1,1
34359738929,35,2721,2728,8,4
274877911433,38,2729,2729,1,1
8796093166230,43,2732,2732,1,17
1099511645778,40,2733,2733,1,3
274877911444,38,2734,2734,1,2
137438955722,37,2735,2735,1,1
34359738930,35,2736,2739,4,4
17179869465,34,2721,2730,10,5
8796093166231,43,2731,2731,1,17
1099511645779,40,2731,2732,2,3
274877911445,38,2731,2733,3,2
137438955723,37,2731,2734,4,1
549755822896,39,2737,2737,1,2
68719477862,36,2738,2739,2,1
34359738931,35,2731,2735,5,4
549755822897,39,2736,2736,1,2
137438955726,37,2739,2739,1,2
68719477863,36,2736,2737,2,1
137438955727,37,2738,2738,1,2
137438955728,37,2741,2742,2,2
68719477864,36,2743,2746,4,1
34359738932,35,2747,2750,4,4
17179869466,34,2751,2760,10,5
8589934733,33,2721,2739,19,8
549755822918,39,2742,2742,1,3
137438955729,37,2740,2740,1,2
549755822919,39,2741,2741,1,3
549755822922,39,2744,2745,2,3
137438955730,37,2746,2746,1,2
68719477865,36,2740,2742,3,1
35184372667100,45,2745,2745,1,17
549755822923,39,2743,2743,1,3
35184372667101,45,2744,2744,1,17
137438955731,37,2743,2745,3,2
549755822930,39,2748,2748,1,2
68719477866,36,2749,2750,2,1
34359738933,35,2740,2746,7,4
549755822931,39,2747,2747,1,2
274877911470,38,2750,2750,1,2
68719477867,36,2747,2748,2,1
274877911471,38,2749,2749,1,2
274877911472,38,2752,2752,1,2
68719477868,36,2753,2753,1,1
34359738934,35,2754,2760,7,4
17179869467,34,2740,2750,11,5
274877911473,38,2751,2751,1,2
68719477869,36,2751,2752,2,1
274877911480,38,2755,2755,1,3
137438955740,37,2756,2757,2,2
68719477870,36,2758,2760,3,1
34359738935,35,2751,2753,3,4
274877911481,38,2754,2754,1,3
274877911482,38,2757,2757,1,3
137438955741,37,2754,2755,2,2
274877911483,38,2756,2756,1,3
274877911484,38,2759,2759,1,3
137438955742,37,2760,2760,1,2
68719477871,36,2754,2757,4,1
274877911485,38,2758,2758,1,3
137438955743,37,2758,2759,2,2
2199023291906,41,2762,2762,1,17
274877911488,38,2763,2763,1,3
137438955744,37,2764,2767,4,2
68719477872,36,2768,2771,4,1
34359738936,35,2772,2779,8,4
17179869468,34,2780,2794,15,5
8589934734,33,2795,2807,13,8
4294967367,32,2721,2760,40,10
2199023291907,41,2761,2761,1,17
274877911489,38,2761,2762,2,3
274877911490,38,2765,2767,3,3
137438955745,37,2761,2763,3,2
549755822982,39,2766,2767,2,17
274877911491,38,2764,2764,1,3
1099511645966,40,2767,2767,1,12
549755822983,39,2765,2765,1,17
1099511645967,40,2766,2766,1,12
2199023291936,41,2769,2769,1,17
274877911492,38,2770,2770,1,3
137438955746,37,2771,2771,1,2
68719477873,36,2761,2767,7,1
2199023291937,41,2768,2768,1,17
274877911493,38,2768,2769,2,3
137438955747,37,2768,2770,3,2
274877911496,38,2773,2775,3,3
137438955748,37,2776,2777,2,2
68719477874,36,2778,2779,2,1
34359738937,35,2761,2771,11,4
2199023291976,41,2774,2774,1,12
549755822994,39,2775,2775,1,17
274877911497,38,2772,2772,1,3
2199023291977,41,2773,2773,1,12
549755822995,39,2773,2774,2,17
2199023291986,41,2777,2777,1,3
137438955749,37,2772,2775,4,2
2199023291987,41,2776,2776,1,3
137438955750,37,2779,2779,1,2
68719477875,36,2772,2777,6,1
137438955751,37,2778,2778,1,2
2199023292034,41,2781,2781,1,17
274877911504,38,2782,2782,1,3
137438955752,37,2783,2783,1,2
68719477876,36,2784,2786,3,1
34359738938,35,2787,2794,8,4
17179869469,34,2761,2779,19,5
2199023292035,41,2780,2780,1,17
274877911505,38,2780,2781,2,3
137438955753,37,2780,2782,3,2
137438955754,37,2785,2786,2,2
68719477877,36,2780,2783,4,1
549755823022,39,2786,2786,1,3
137438955755,37,2784,2784,1,2
549755823023,39,2785,2785,1,3
1099511646058,40,2788,2788,1,3
274877911514,38,2789,2789,1,2
68719477878,36,2790,2794,5,1
34359738939,35,2780,2786,7,4
1099511646059,40,2787,2787,1,3
274877911515,38,2787,2788,2,2
549755823032,39,2791,2791,1,17
274877911516,38,2792,2792,1,3
137438955758,37,2793,2794,2,2
68719477879,36,2787,2789,3,1
549755823033,39,2790,2790,1,17
274877911517,38,2790,2791,2,3
2199023292154,41,2794,2794,1,3
137438955759,37,2790,2792,3,2
2199023292155,41,2793,2793,1,3
68719477880,36,2796,2798,3,1
34359738940,35,2799,2801,3,4
17179869470,34,2802,2807,6,5
8589934735,33,2761,2794,34,8
17592186337670,44,2797,2797,1,3
549755823052,39,2798,2798,1,2
68719477881,36,2795,2795,1,1
17592186337671,44,2796,2796,1,3
549755823053,39,2796,2797,2,2
68719477882,36,2800,2801,2,1
34359738941,35,2795,2798,4,4
274877911534,38,2801,2801,1,2
68719477883,36,2799,2799,1,1
274877911535,38,2800,2800,1,2
68719477884,36,2803,2803,1,1
34359738942,35,2804,2807,4,4
17179869471,34,2795,2801,7,5
68719477885,36,2802,2802,1,1
68719477886,36,2805,2807,3,1
34359738943,35,2802,2803,2,4
549755823100,39,2806,2806,1,3
274877911550,38,2807,2807,1,2
68719477887,36,2804,2804,1,1
549755823101,39,2805,2805,1,3
274877911551,38,2805,2806,2,2
274877911552,38,2809,2809,1,3
137438955776,37,2810,2811,2,2
68719477888,36,2812,2814,3,1
34359738944,35,2815,2820,6,4
17179869472,34,2821,2832,12,5
8589934736,33,2833,2851,19,8
4294967368,32,2852,2884,33,10
2147483684,31,2885,2970,86,7
1073741842,30,2971,3129,159,11
536870921,29,2494,2807,314,14
274877911553,38,2808,2808,1,3
274877911554,38,2811,2811,1,3
137438955777,37,2808,2809,2,2
274877911555,38,2810,2810,1,3
274877911556,38,2813,2813,1,3
137438955778,37,2814,2814,1,2
68719477889,36,2808,2811,4,1
274877911557,38,2812,2812,1,3
137438955779,37,2812,2813,2,2
2199023292492,41,2816,2816,1,17
1099511646246,40,2817,2817,1,3
137438955780,37,2818,2818,1,2
68719477890,36,2819,2820,2,1
34359738945,35,2808,2814,7,4
2199023292493,41,2815,2815,1,17
1099511646247,40,2815,2816,2,3
137438955781,37,2815,2817,3,2
137438955782,37,2820,2820,1,2
68719477891,36,2815,2818,4,1
137438955783,37,2819,2819,1,2
274877911568,38,2822,2822,1,3
137438955784,37,2823,2824,2,2
68719477892,36,2825,2828,4,1
34359738946,35,2829,2832,4,4
17179869473,34,2808,2820,13,5
274877911569,38,2821,2821,1,3
274877911570,38,2824,2824,1,3
137438955785,37,2821,2822,2,2
274877911571,38,2823,2823,1,3
274877911572,38,2826,2826,1,3
137438955786,37,2827,2828,2,2
68719477893,36,2821,2824,4,1
274877911573,38,2825,2825,1,3
2199023292592,41,2828,2828,1,3
137438955787,37,2825,2826,2,2
2199023292593,41,2827,2827,1,3
549755823160,39,2830,2830,1,3
274877911580,38,2831,2831,1,2
137438955790,37,2832,2832,1,1
34359738947,35,2821,2828,8,4
549755823161,39,2829,2829,1,3
274877911581,38,2829,2830,2,2
137438955791,37,2829,2831,3,1
68719477896,36,2834,2835,2,1
34359738948,35,2836,2841,6,4
17179869474,34,2842,2851,10,5
8589934737,33,2808,2832,25,8
137438955794,37,2835,2835,1,2
68719477897,36,2833,2833,1,1
137438955795,37,2834,2834,1,2
274877911592,38,2837,2837,1,2
68719477898,36,2838,2841,4,1
34359738949,35,2833,2835,3,4
274877911593,38,2836,2836,1,2
2199023292776,41,2839,2839,1,3
137438955798,37,2840,2841,2,2
68719477899,36,2836,2837,2,1
2199023292777,41,2838,2838,1,3
274877911598,38,2841,2841,1,3
137438955799,37,2838,2839,2,2
274877911599,38,2840,2840,1,3
274877911600,38,2843,2843,1,2
68719477900,36,2844,2845,2,1
34359738950,35,2846,2851,6,4
17179869475,34,2833,2841,9,5
274877911601,38,2842,2842,1,2
137438955802,37,2845,2845,1,2
68719477901,36,2842,2843,2,1
137438955803,37,2844,2844,1,2
274877911608,38,2847,2847,1,3
137438955804,37,2848,2848,1,2
68719477902,36,2849,2851,3,1
34359738951,35,2842,2845,4,4
274877911609,38,2846,2846,1,3
137438955805,37,2846,2847,2,2
137438955806,37,2850,2851,2,2
68719477903,36,2846,2848,3,1
274877911614,38,2851,2851,1,3
137438955807,37,2849,2849,1,2
274877911615,38,2850,2850,1,3
137438955808,37,2853,2853,1,2
68719477904,36,2854,2856,3,1
34359738952,35,2857,2862,6,4
17179869476,34,2863,2867,5,5
8589934738,33,2868,2884,17,8
4294967369,32,2808,2851,44,10
137438955809,37,2852,2852,1,2
137438955810,37,2855,2856,2,2
68719477905,36,2852,2853,2,1
1099511646490,40,2856,2856,1,3
137438955811,37,2854,2854,1,2
1099511646491,40,2855,2855,1,3
4398046586010,42,2858,2858,1,3
137438955812,37,2859,2859,1,2
68719477906,36,2860,2862,3,1
34359738953,35,2852,2856,5,4
4398046586011,42,2857,2857,1,3
137438955813,37,2857,2858,2,2
274877911628,38,2861,2862,2,2
68719477907,36,2857,2859,3,1
4398046586076,42,2862,2862,1,3
274877911629,38,2860,2860,1,2
4398046586077,42,2861,2861,1,3
68719477908,36,2864,2864,1,1
34359738954,35,2865,2867,3,4
17179869477,34,2852,2862,11,5
68719477909,36,2863,2863,1,1
35184372690102,45,2866,2866,1,2
68719477910,36,2867,2867,1,1
34359738955,35,2863,2864,2,4
35184372690103,45,2865,2865,1,2
68719477911,36,2865,2866,2,1
549755823296,39,2869,2869,1,3
274877911648,38,2870,2870,1,2
68719477912,36,2871,2871,1,1
34359738956,35,2872,2878,7,4
17179869478,34,2879,2884,6,5
8589934739,33,2852,2867,16,8
549755823297,39,2868,2868,1,3
274877911649,38,2868,2869,2,2
68719477913,36,2868,2870,3,1
137438955828,37,2873,2873,1,2
68719477914,36,2874,2878,5,1
34359738957,35,2868,2871,4,4
137438955829,37,2872,2872,1,2
4398046586582,42,2875,2875,1,17
549755823322,39,2876,2876,1,3
137438955830,37,2877,2878,2,2
68719477915,36,2872,2873,2,1
4398046586583,42,2874,2874,1,17
549755823323,39,2874,2875,2,3
274877911662,38,2878,2878,1,3
137438955831,37,2874,2876,3,2
274877911663,38,2877,2877,1,3
34359738958,35,2880,2884,5,4
17179869479,34,2868,2878,11,5
274877911676,38,2881,2882,2,2
137438955838,37,2883,2884,2,1
34359738959,35,2879,2879,1,4
8796093173668,43,2882,2882,1,3
274877911677,38,2880,2880,1,2
8796093173669,43,2881,2881,1,3
549755823356,39,2884,2884,1,2
137438955839,37,2880,2882,3,1
549755823357,39,2883,2883,1,2
549755823362,39,2886,2886,1,2
68719477920,36,2887,2889,3,1
34359738960,35,2890,2896,7,4
17179869480,34,2897,2909,13,5
8589934740,33,2910,2927,18,8
4294967370,32,2928,2970,43,10
2147483685,31,2808,2884,77,7
549755823363,39,2885,2885,1,2
137438955842,37,2888,2889,2,2
68719477921,36,2885,2886,2,1
274877911686,38,2889,2889,1,3
137438955843,37,2887,2887,1,2
274877911687,38,2888,2888,1,3
137438955844,37,2891,2892,2,2
68719477922,36,2893,2896,4,1
34359738961,35,2885,2889,5,4
274877911690,38,2892,2892,1,3
137438955845,37,2890,2890,1,2
274877911691,38,2891,2891,1,3
1099511646768,40,2894,2894,1,3
137438955846,37,2895,2896,2,2
68719477923,36,2890,2892,3,1
1099511646769,40,2893,2893,1,3
549755823390,39,2896,2896,1,3
137438955847,37,2893,2894,2,2
549755823391,39,2895,2895,1,3
137438955848,37,2898,2899,2,2
68719477924,36,2900,2902,3,1
34359738962,35,2903,2909,7,4
17179869481,34,2885,2896,12,5
549755823396,39,2899,2899,1,3
137438955849,37,2897,2897,1,2
549755823397,39,2898,2898,1,3
137438955850,37,2901,2902,2,2
68719477925,36,2897,2899,3,1
274877911702,38,2902,2902,1,3
137438955851,37,2900,2900,1,2
274877911703,38,2901,2901,1,3
274877911704,38,2904,2905,2,3
137438955852,37,2906,2907,2,2
68719477926,36,2908,2909,2,1
34359738963,35,2897,2902,6,4
1099511646820,40,2905,2905,1,17
274877911705,38,2903,2903,1,3
1099511646821,40,2904,2904,1,17
1099511646826,40,2907,2907,1,3
137438955853,37,2903,2905,3,2
1099511646827,40,2906,2906,1,3
137438955854,37,2909,2909,1,2
68719477927,36,2903,2907,5,1
137438955855,37,2908,2908,1,2
68719477928,36,2911,2912,2,1
34359738964,35,2913,2917,5,4
17179869482,34,2918,2927,10,5
8589934741,33,2885,2909,25,8
137438955858,37,2912,2912,1,2
68719477929,36,2910,2910,1,1
137438955859,37,2911,2911,1,2
137438955860,37,2914,2915,2,2
68719477930,36,2916,2917,2,1
34359738965,35,2910,2912,3,4
274877911722,38,2915,2915,1,3
137438955861,37,2913,2913,1,2
274877911723,38,2914,2914,1,3
137438955862,37,2917,2917,1,2
68719477931,36,2913,2915,3,1
137438955863,37,2916,2916,1,2
1099511646912,40,2919,2919,1,3
274877911728,38,2920,2920,1,2
68719477932,36,2921,2922,2,1
34359738966,35,2923,2927,5,4
17179869483,34,2910,2917,8,5
1099511646913,40,2918,2918,1,3
274877911729,38,2918,2919,2,2
137438955866,37,2922,2922,1,2
68719477933,36,2918,2920,3,1
137438955867,37,2921,2921,1,2
137438955868,37,2924,2924,1,2
68719477934,36,2925,2927,3,1
34359738967,35,2918,2922,5,4
137438955869,37,2923,2923,1,2
137438955870,37,2926,2927,2,2
68719477935,36,2923,2924,2,1
274877911742,38,2927,2927,1,3
137438955871,37,2925,2925,1,2
274877911743,38,2926,2926,1,3
1099511646980,40,2929,2929,1,3
137438955872,37,2930,2930,1,2
68719477936,36,2931,2933,3,1
34359738968,35,2934,2938,5,4
17179869484,34,2939,2950,12,5
8589934742,33,2951,2970,20,8
4294967371,32,2885,2927,43,10
1099511646981,40,2928,2928,1,3
137438955873,37,2928,2929,2,2
274877911748,38,2932,2933,2,2
68719477937,36,2928,2930,3,1
1099511646998,40,2933,2933,1,3
274877911749,38,2931,2931,1,2
1099511646999,40,2932,2932,1,3
137438955876,37,2935,2936,2,2
68719477938,36,2937,2938,2,1
34359738969,35,2928,2933,6,4
549755823508,39,2936,2936,1,3
137438955877,37,2934,2934,1,2
549755823509,39,2935,2935,1,3
137438955878,37,2938,2938,1,2
68719477939,36,2934,2936,3,1
137438955879,37,2937,2937,1,2
274877911760,38,2940,2940,1,2
68719477940,36,2941,2943,3,1
34359738970,35,2944,2950,7,4
17179869485,34,2928,2938,11,5
274877911761,38,2939,2939,1,2
274877911764,38,2942,2942,1,3
137438955882,37,2943,2943,1,2
68719477941,36,2939,2940,2,1
274877911765,38,2941,2941,1,3
137438955883,37,2941,2942,2,2
1099511647082,40,2945,2945,1,3
274877911770,38,2946,2947,2,2
68719477942,36,2948,2950,3,1
34359738971,35,2939,2943,5,4
1099511647083,40,2944,2944,1,3
549755823542,39,2947,2947,1,3
274877911771,38,2944,2945,2,2
549755823543,39,2946,2946,1,3
274877911772,38,2949,2950,2,2
68719477943,36,2944,2947,4,1
4398046588372,42,2950,2950,1,3
274877911773,38,2948,2948,1,2
4398046588373,42,2949,2949,1,3
8796093176832,43,2952,2952,1,3
137438955888,37,2953,2953,1,2
68719477944,36,2954,2955,2,1
34359738972,35,2956,2961,6,4
17179869486,34,2962,2970,9,5
8589934743,33,2928,2950,23,8
8796093176833,43,2951,2951,1,3
137438955889,37,2951,2952,2,2
137438955890,37,2955,2955,1,2
68719477945,36,2951,2953,3,1
137438955891,37,2954,2954,1,2
4398046588550,42,2957,2957,1,3
274877911784,38,2958,2958,1,2
137438955892,37,2959,2961,3,1
34359738973,35,2951,2955,5,4
4398046588551,42,2956,2956,1,3
274877911785,38,2956,2957,2,2
274877911786,38,2960,2961,2,2
137438955893,37,2956,2958,3,1
549755823574,39,2961,2961,1,3
274877911787,38,2959,2959,1,2
549755823575,39,2960,2960,1,3
1099511647192,40,2963,2963,1,2
274877911798,38,2964,2964,1,1
34359738974,35,2965,2970,6,4
17179869487,34,2951,2961,11,5
1099511647193,40,2962,2962,1,2
274877911799,38,2962,2963,2,1
137438955900,37,2966,2967,2,2
68719477950,36,2968,2970,3,1
34359738975,35,2962,2964,3,4
274877911802,38,2967,2967,1,3
137438955901,37,2965,2965,1,2
274877911803,38,2966,2966,1,3
137438955902,37,2969,2970,2,2
68719477951,36,2965,2967,3,1
549755823614,39,2970,2970,1,3
137438955903,37,2968,2968,1,2
549755823615,39,2969,2969,1,3
274877911808,38,2972,2973,2,3
137438955904,37,2974,2975,2,2
68719477952,36,2976,2977,2,1
34359738976,35,2978,2979,2,4
17179869488,34,2980,2982,3,5
8589934744,33,2983,3012,30,8
4294967372,32,3013,3052,40,10
2147483686,31,3053,3129,77,7
1073741843,30,2808,2970,163,11
549755823618,39,2973,2973,1,17
274877911809,38,2971,2971,1,3
549755823619,39,2972,2972,1,17
549755823620,39,2975,2975,1,3
137438955905,37,2971,2973,3,2
549755823621,39,2974,2974,1,3
137438955906,37,2977,2977,1,2
68719477953,36,2971,2975,5,1
137438955907,37,2976,2976,1,2
137438955910,37,2979,2979,1,1
34359738977,35,2971,2977,7,4
137438955911,37,2978,2978,1,1
68719477956,36,2981,2981,1,1
34359738978,35,2982,2982,1,4
17179869489,34,2971,2979,9,5
68719477957,36,2980,2980,1,1
34359738979,35,2980,2981,2,4
1099511647360,40,2984,2984,1,17
274877911840,38,2985,2986,2,3
137438955920,37,2987,2987,1,2
68719477960,36,2988,2989,2,1
34359738980,35,2990,2997,8,4
17179869490,34,2998,3012,15,5
8589934745,33,2971,2982,12,8
1099511647361,40,2983,2983,1,17
4398046589470,42,2986,2986,1,17
274877911841,38,2983,2984,2,3
4398046589471,42,2985,2985,1,17
137438955921,37,2983,2986,4,2
549755823690,39,2989,2989,1,2
68719477961,36,2983,2987,5,1
549755823691,39,2988,2988,1,2
137438955924,37,2991,2992,2,2
68719477962,36,2993,2997,5,1
34359738981,35,2983,2989,7,4
1099511647406,40,2992,2992,1,3
137438955925,37,2990,2990,1,2
1099511647407,40,2991,2991,1,3
274877911852,38,2994,2994,1,3
137438955926,37,2995,2997,3,2
68719477963,36,2990,2992,3,1
274877911853,38,2993,2993,1,3
549755823708,39,2996,2996,1,17
274877911854,38,2997,2997,1,3
137438955927,37,2993,2994,2,2
549755823709,39,2995,2995,1,17
274877911855,38,2995,2996,2,3
137438955928,37,2999,3000,2,2
68719477964,36,3001,3001,1,1
34359738982,35,3002,3012,11,4
17179869491,34,2983,2997,15,5
549755823716,39,3000,3000,1,3
137438955929,37,2998,2998,1,2
549755823717,39,2999,2999,1,3
68719477965,36,2998,3000,3,1
8796093179676,43,3003,3003,1,3
137438955932,37,3004,3007,4,2
68719477966,36,3008,3012,5,1
34359738983,35,2998,3001,4,4
8796093179677,43,3002,3002,1,3
549755823732,39,3005,3005,1,17
274877911866,38,3006,3007,2,3
137438955933,37,3002,3003,2,2
549755823733,39,3004,3004,1,17
549755823734,39,3007,3007,1,17
274877911867,38,3004,3005,2,3
549755823735,39,3006,3006,1,17
2199023294954,41,3009,3010,2,3
137438955934,37,3011,3012,2,2
68719477967,36,3002,3007,6,1
8796093179822,43,3010,3010,1,17
2199023294955,41,3008,3008,1,3
8796093179823,43,3009,3009,1,17
1099511647484,40,3012,3012,1,3
137438955935,37,3008,3010,3,2
1099511647485,40,3011,3011,1,3
274877911872,38,3014,3014,1,3
137438955936,37,3015,3015,1,2
68719477968,36,3016,3016,1,1
34359738984,35,3017,3023,7,4
17179869492,34,3024,3032,9,5
8589934746,33,3033,3052,20,8
4294967373,32,2971,3012,42,10
274877911873,38,3013,3013,1,3
137438955937,37,3013,3014,2,2
68719477969,36,3013,3015,3,1
4398046590086,42,3018,3018,1,12
549755823760,39,3019,3019,1,17
274877911880,38,3020,3020,1,3
137438955940,37,3021,3022,2,2
68719477970,36,3023,3023,1,1
34359738985,35,3013,3016,4,4
4398046590087,42,3017,3017,1,12
549755823761,39,3017,3018,2,17
274877911881,38,3017,3019,3,3
274877911882,38,3022,3022,1,3
137438955941,37,3017,3020,4,2
274877911883,38,3021,3021,1,3
68719477971,36,3017,3022,6,1
137438955944,37,3025,3026,2,1
34359738986,35,3027,3032,6,4
17179869493,34,3013,3023,11,5
1099511647564,40,3026,3026,1,2
137438955945,37,3024,3024,1,1
1099511647565,40,3025,3025,1,2
137438955948,37,3028,3028,1,2
68719477974,36,3029,3032,4,1
34359738987,35,3024,3026,3,4
137438955949,37,3027,3027,1,2
549755823800,39,3030,3030,1,17
274877911900,38,3031,3031,1,3
137438955950,37,3032,3032,1,2
68719477975,36,3027,3028,2,1
549755823801,39,3029,3029,1,17
274877911901,38,3029,3030,2,3
137438955951,37,3029,3031,3,2
274877911904,38,3034,3034,1,1
34359738988,35,3035,3044,10,4
17179869494,34,3045,3052,8,5
8589934747,33,3013,3032,20,8
274877911905,38,3033,3033,1,1
274877911912,38,3036,3037,2,3
137438955956,37,3038,3039,2,2
68719477978,36,3040,3044,5,1
34359738989,35,3033,3034,2,4
1099511647654,40,3037,3037,1,17
274877911913,38,3035,3035,1,3
1099511647655,40,3036,3036,1,17
549755823828,39,3039,3039,1,3
137438955957,37,3035,3037,3,2
549755823829,39,3038,3038,1,3
274877911916,38,3041,3043,3,3
137438955958,37,3044,3044,1,2
68719477979,36,3035,3039,5,1
549755823834,39,3042,3043,2,17
274877911917,38,3040,3040,1,3
2199023295342,41,3043,3043,1,12
549755823835,39,3041,3041,1,17
2199023295343,41,3042,3042,1,12
137438955959,37,3040,3043,4,2
68719477980,36,3046,3047,2,1
34359738990,35,3048,3052,5,4
17179869495,34,3033,3044,12,5
137438955962,37,3047,3047,1,2
68719477981,36,3045,3045,1,1
137438955963,37,3046,3046,1,2
137438955964,37,3049,3049,1,2
68719477982,36,3050,3052,3,1
34359738991,35,3045,3047,3,4
137438955965,37,3048,3048,1,2
137438955966,37,3051,3052,2,2
68719477983,36,3048,3049,2,1
274877911934,38,3052,3052,1,3
137438955967,37,3050,3050,1,2
274877911935,38,3051,3051,1,3
274877911936,38,3054,3055,2,3
137438955968,37,3056,3057,2,2
68719477984,36,3058,3060,3,1
34359738992,35,3061,3061,1,4
17179869496,34,3062,3071,10,5
8589934748,33,3072,3091,20,8
4294967374,32,3092,3129,38,10
2147483687,31,2971,3052,82,7
549755823874,39,3055,3055,1,17
274877911937,38,3053,3053,1,3
549755823875,39,3054,3054,1,17
274877911938,38,3057,3057,1,3
137438955969,37,3053,3055,3,2
274877911939,38,3056,3056,1,3
4398046591040,42,3059,3059,1,3
137438955970,37,3060,3060,1,2
68719477985,36,3053,3057,5,1
4398046591041,42,3058,3058,1,3
137438955971,37,3058,3059,2,2
34359738993,35,3053,3060,8,4
137438955976,37,3063,3063,1,2
68719477988,36,3064,3064,1,1
34359738994,35,3065,3071,7,4
17179869497,34,3053,3061,9,5
137438955977,37,3062,3062,1,2
68719477989,36,3062,3063,2,1
2199023295698,41,3066,3066,1,3
549755823924,39,3067,3067,1,2
68719477990,36,3068,3071,4,1
34359738995,35,3062,3064,3,4
2199023295699,41,3065,3065,1,3
549755823925,39,3065,3066,2,2
137438955982,37,3069,3071,3,2
68719477991,36,3065,3067,3,1
2199023295728,41,3070,3070,1,17
549755823932,39,3071,3071,1,3
137438955983,37,3068,3068,1,2
2199023295729,41,3069,3069,1,17
549755823933,39,3069,3070,2,3
137438955986,37,3073,3073,1,1
34359738996,35,3074,3082,9,4
17179869498,34,3083,3091,9,5
8589934749,33,3053,3071,19,8
137438955987,37,3072,3072,1,1
137438955988,37,3075,3076,2,2
68719477994,36,3077,3082,6,1
34359738997,35,3072,3073,2,4
549755823958,39,3076,3076,1,3
137438955989,37,3074,3074,1,2
549755823959,39,3075,3075,1,3
1099511647920,40,3078,3078,1,12
549755823960,39,3079,3079,1,17
274877911980,38,3080,3080,1,3
137438955990,37,3081,3082,2,2
68719477995,36,3074,3076,3,1
1099511647921,40,3077,3077,1,12
549755823961,39,3077,3078,2,17
274877911981,38,3077,3079,3,3
274877911982,38,3082,3082,1,3
137438955991,37,3077,3080,4,2
274877911983,38,3081,3081,1,3
137438955992,37,3084,3085,2,2
68719477996,36,3086,3089,4,1
34359738998,35,3090,3091,2,4
17179869499,34,3072,3082,11,5
1099511647944,40,3085,3085,1,3
137438955993,37,3083,3083,1,2
1099511647945,40,3084,3084,1,3
274877911988,38,3087,3087,1,3
137438955994,37,3088,3089,2,2
68719477997,36,3083,3085,3,1
274877911989,38,3086,3086,1,3
274877911990,38,3089,3089,1,3
137438955995,37,3086,3087,2,2
274877911991,38,3088,3088,1,3
4398046591892,42,3091,3091,1,1
34359738999,35,3083,3089,7,4
4398046591893,42,3090,3090,1,1
2199023296008,41,3093,3093,1,3
137438956000,37,3094,3094,1,2
68719478000,36,3095,3096,2,1
34359739000,35,3097,3098,2,4
17179869500,34,3099,3109,11,5
8589934750,33,3110,3129,20,8
4294967375,32,3053,3091,39,10
2199023296009,41,3092,3092,1,3
137438956001,37,3092,3093,2,2
137438956002,37,3096,3096,1,2
68719478001,36,3092,3094,3,1
137438956003,37,3095,3095,1,2
68719478002,36,3098,3098,1,1
34359739001,35,3092,3096,5,4
68719478003,36,3097,3097,1,1
274877912016,38,3100,3101,2,3
137438956008,37,3102,3103,2,2
68719478004,36,3104,3105,2,1
34359739002,35,3106,3109,4,4
17179869501,34,3092,3098,7,5
4398046592272,42,3101,3101,1,17
274877912017,38,3099,3099,1,3
4398046592273,42,3100,3100,1,17
274877912018,38,3103,3103,1,3
137438956009,37,3099,3101,3,2
274877912019,38,3102,3102,1,3
137438956010,37,3105,3105,1,2
68719478005,36,3099,3103,5,1
137438956011,37,3104,3104,1,2
137438956012,37,3107,3108,2,2
68719478006,36,3109,3109,1,1
34359739003,35,3099,3105,7,4
274877912026,38,3108,3108,1,3
137438956013,37,3106,3106,1,2
274877912027,38,3107,3107,1,3
68719478007,36,3106,3108,3,1
274877912036,38,3111,3113,3,2
137438956018,37,3114,3114,1,1
34359739004,35,3115,3119,5,4
17179869502,34,3120,3129,10,5
8589934751,33,3092,3109,18,8
549755824074,39,3112,3113,2,3
274877912037,38,3110,3110,1,2
2199023296302,41,3113,3113,1,17
549755824075,39,3111,3111,1,3
2199023296303,41,3112,3112,1,17
137438956019,37,3110,3113,4,1
274877912040,38,3116,3116,1,2
137438956020,37,3117,3119,3,1
34359739005,35,3110,3114,5,4
274877912041,38,3115,3115,1,2
549755824084,39,3118,3118,1,3
274877912042,38,3119,3119,1,2
137438956021,37,3115,3116,2,1
549755824085,39,3117,3117,1,3
274877912043,38,3117,3118,2,2
274877912048,38,3121,3121,1,3
137438956024,37,3122,3123,2,2
68719478012,36,3124,3125,2,1
34359739006,35,3126,3129,4,4
17179869503,34,3110,3119,10,5
274877912049,38,3120,3120,1,3
274877912050,38,3123,3123,1,3
137438956025,37,3120,3121,2,2
274877912051,38,3122,3122,1,3
1099511648218,40,3125,3125,1,2
68719478013,36,3120,3123,4,1
1099511648219,40,3124,3124,1,2
68719478014,36,3127,3129,3,1
34359739007,35,3120,3125,6,4
274877912060,38,3128,3128,1,3
137438956030,37,3129,3129,1,2
68719478015,36,3126,3126,1,1
274877912061,38,3127,3127,1,3
137438956031,37,3127,3128,2,2
274877912064,38,3131,3131,1,3
137438956032,37,3132,3132,1,2
68719478016,36,3133,3134,2,1
34359739008,35,3135,3135,1,4
17179869504,34,3136,3153,18,5
8589934752,33,3154,3171,18,8
4294967376,32,3172,3216,45,10
2147483688,31,3217,3300,84,7
1073741844,30,3301,3458,158,11
536870922,29,3459,3798,340,14
268435461,28,2494,3129,636,15
274877912065,38,3130,3130,1,3
137438956033,37,3130,3131,2,2
137438956034,37,3134,3134,1,2
68719478017,36,3130,3132,3,1
137438956035,37,3133,3133,1,2
34359739009,35,3130,3134,5,4
274877912080,38,3137,3139,3,3
137438956040,37,3140,3140,1,2
68719478020,36,3141,3146,6,1
34359739010,35,3147,3153,7,4
17179869505,34,3130,3135,6,5
549755824162,39,3138,3139,2,17
274877912081,38,3136,3136,1,3
1099511648326,40,3139,3139,1,12
549755824163,39,3137,3137,1,17
1099511648327,40,3138,3138,1,12
137438956041,37,3136,3139,4,2
137438956042,37,3142,3146,5,2
68719478021,36,3136,3140,5,1
549755824172,39,3143,3144,2,17
274877912086,38,3145,3146,2,3
137438956043,37,3141,3141,1,2
1099511648346,40,3144,3144,1,12
549755824173,39,3142,3142,1,17
1099511648347,40,3143,3143,1,12
549755824174,39,3146,3146,1,17
274877912087,38,3142,3144,3,3
549755824175,39,3145,3145,1,17
68719478022,36,3148,3153,6,1
34359739011,35,3136,3146,11,4
1099511648370,40,3149,3149,1,17
274877912092,38,3150,3150,1,3
137438956046,37,3151,3153,3,2
68719478023,36,3147,3147,1,1
1099511648371,40,3148,3148,1,17
274877912093,38,3148,3149,2,3
274877912094,38,3152,3153,2,3
137438956047,37,3148,3150,3,2
549755824190,39,3153,3153,1,17
274877912095,38,3151,3151,1,3
549755824191,39,3152,3152,1,17
34359739012,35,3155,3160,6,4
17179869506,34,3161,3171,11,5
8589934753,33,3130,3153,24,8
2199023296850,41,3156,3156,1,3
549755824212,39,3157,3157,1,2
68719478026,36,3158,3160,3,1
34359739013,35,3154,3154,1,4
2199023296851,41,3155,3155,1,3
549755824213,39,3155,3156,2,2
2199023296876,41,3159,3159,1,3
137438956054,37,3160,3160,1,2
68719478027,36,3155,3157,3,1
2199023296877,41,3158,3158,1,3
137438956055,37,3158,3159,2,2
68719478028,36,3162,3163,2,1
34359739014,35,3164,3171,8,4
17179869507,34,3154,3160,7,5
549755824234,39,3163,3163,1,2
68719478029,36,3161,3161,1,1
549755824235,39,3162,3162,1,2
1099511648482,40,3165,3165,1,3
137438956060,37,3166,3166,1,2
68719478030,36,3167,3171,5,1
34359739015,35,3161,3163,3,4
1099511648483,40,3164,3164,1,3
137438956061,37,3164,3165,2,2
137438956062,37,3168,3171,4,2
68719478031,36,3164,3166,3,1
274877912126,38,3169,3171,3,3
137438956063,37,3167,3167,1,2
549755824254,39,3170,3171,2,17
274877912127,38,3168,3168,1,3
1099511648510,40,3171,3171,1,12
549755824255,39,3169,3169,1,17
1099511648511,40,3170,3170,1,12
549755824260,39,3173,3173,1,3
274877912130,38,3174,3174,1,2
68719478032,36,3175,3178,4,1
34359739016,35,3179,3183,5,4
17179869508,34,3184,3193,10,5
8589934754,33,3194,3216,23,8
4294967377,32,3130,3171,42,10
549755824261,39,3172,3172,1,3
274877912131,38,3172,3173,2,2
274877912132,38,3176,3177,2,3
137438956066,37,3178,3178,1,2
68719478033,36,3172,3174,3,1
1099511648532,40,3177,3177,1,17
274877912133,38,3175,3175,1,3
1099511648533,40,3176,3176,1,17
137438956067,37,3175,3177,3,2
274877912136,38,3180,3180,1,3
137438956068,37,3181,3182,2,2
68719478034,36,3183,3183,1,1
34359739017,35,3172,3178,7,4
274877912137,38,3179,3179,1,3
274877912138,38,3182,3182,1,3
137438956069,37,3179,3180,2,2
274877912139,38,3181,3181,1,3
68719478035,36,3179,3182,4,1
274877912144,38,3185,3185,1,3
137438956072,37,3186,3186,1,2
68719478036,36,3187,3187,1,1
34359739018,35,3188,3193,6,4
17179869509,34,3172,3183,12,5
274877912145,38,3184,3184,1,3
137438956073,37,3184,3185,2,2
68719478037,36,3184,3186,3,1
137438956076,37,3189,3190,2,2
68719478038,36,3191,3193,3,1
34359739019,35,3184,3187,4,4
8796093188952,43,3190,3190,1,3
137438956077,37,3188,3188,1,2
8796093188953,43,3189,3189,1,3
274877912158,38,3192,3193,2,2
68719478039,36,3188,3190,3,1
4398046594548,42,3193,3193,1,3
274877912159,38,3191,3191,1,2
4398046594549,42,3192,3192,1,3
68719478040,36,3195,3199,5,1
34359739020,35,3200,3205,6,4
17179869510,34,3206,3216,11,5
8589934755,33,3172,3193,22,8
1099511648658,40,3196,3196,1,17
274877912164,38,3197,3198,2,3
137438956082,37,3199,3199,1,2
68719478041,36,3194,3194,1,1
1099511648659,40,3195,3195,1,17
549755824330,39,3198,3198,1,17
274877912165,38,3195,3196,2,3
549755824331,39,3197,3197,1,17
137438956083,37,3195,3198,4,2
68719478042,36,3201,3205,5,1
34359739021,35,3194,3199,6,4
549755824344,39,3202,3202,1,3
137438956086,37,3203,3205,3,2
68719478043,36,3200,3200,1,1
549755824345,39,3201,3201,1,3
274877912174,38,3204,3205,2,3
137438956087,37,3201,3202,2,2
549755824350,39,3205,3205,1,17
274877912175,38,3203,3203,1,3
549755824351,39,3204,3204,1,17
1099511648706,40,3207,3207,1,2
68719478044,36,3208,3212,5,1
34359739022,35,3213,3216,4,4
17179869511,34,3194,3205,12,5
1099511648707,40,3206,3206,1,2
1099511648724,40,3209,3209,1,17
549755824362,39,3210,3210,1,3
137438956090,37,3211,3212,2,2
68719478045,36,3206,3207,2,1
1099511648725,40,3208,3208,1,17
549755824363,39,3208,3209,2,3
274877912182,38,3212,3212,1,3
137438956091,37,3208,3210,3,2
274877912183,38,3211,3211,1,3
274877912184,38,3214,3214,1,3
137438956092,37,3215,3215,1,2
68719478046,36,3216,3216,1,1
34359739023,35,3206,3212,7,4
274877912185,38,3213,3213,1,3
137438956093,37,3213,3214,2,2
68719478047,36,3213,3215,3,1
549755824384,39,3218,3218,1,2
274877912192,38,3219,3219,1,1
34359739024,35,3220,3224,5,4
17179869512,34,3225,3237,13,5
8589934756,33,3238,3256,19,8
4294967378,32,3257,3300,44,10
2147483689,31,3130,3216,87,7
549755824385,39,3217,3217,1,2
274877912193,38,3217,3218,2,1
549755824406,39,3221,3222,2,2
68719478050,36,3223,3224,2,1
34359739025,35,3217,3219,3,4
2199023297628,41,3222,3222,1,3
549755824407,39,3220,3220,1,2
2199023297629,41,3221,3221,1,3
2199023297636,41,3224,3224,1,2
68719478051,36,3220,3222,3,1
2199023297637,41,3223,3223,1,2
549755824416,39,3226,3227,2,3
274877912208,38,3228,3229,2,2
68719478052,36,3230,3233,4,1
34359739026,35,3234,3237,4,4
17179869513,34,3217,3224,8,5
2199023297670,41,3227,3227,1,17
549755824417,39,3225,3225,1,3
2199023297671,41,3226,3226,1,17
1099511648838,40,3229,3229,1,3
274877912209,38,3225,3227,3,2
1099511648839,40,3228,3228,1,3
137438956106,37,3231,3233,3,2
68719478053,36,3225,3229,5,1
274877912214,38,3232,3233,2,3
137438956107,37,3230,3230,1,2
549755824430,39,3233,3233,1,17
274877912215,38,3231,3231,1,3
549755824431,39,3232,3232,1,17
137438956108,37,3235,3236,2,2
68719478054,36,3237,3237,1,1
34359739027,35,3225,3233,9,4
549755824436,39,3236,3236,1,3
137438956109,37,3234,3234,1,2
549755824437,39,3235,3235,1,3
68719478055,36,3234,3236,3,1
137438956112,37,3239,3239,1,2
68719478056,36,3240,3244,5,1
34359739028,35,3245,3245,1,4
17179869514,34,3246,3256,11,5
8589934757,33,3217,3237,21,8
137438956113,37,3238,3238,1,2
274877912230,38,3241,3244,4,2
68719478057,36,3238,3239,2,1
8796093191400,43,3242,3242,1,17
549755824462,39,3243,3244,2,3
274877912231,38,3240,3240,1,2
8796093191401,43,3241,3241,1,17
1099511648926,40,3244,3244,1,17
549755824463,39,3241,3242,2,3
1099511648927,40,3243,3243,1,17
34359739029,35,3238,3244,7,4
137438956120,37,3247,3249,3,2
68719478060,36,3250,3250,1,1
34359739030,35,3251,3256,6,4
17179869515,34,3238,3245,8,5
274877912242,38,3248,3249,2,3
137438956121,37,3246,3246,1,2
2199023297950,41,3249,3249,1,17
274877912243,38,3247,3247,1,3
2199023297951,41,3248,3248,1,17
68719478061,36,3246,3249,4,1
549755824498,39,3252,3252,1,3
137438956124,37,3253,3254,2,2
68719478062,36,3255,3256,2,1
34359739031,35,3246,3250,5,4
549755824499,39,3251,3251,1,3
549755824500,39,3254,3254,1,3
137438956125,37,3251,3252,2,2
549755824501,39,3253,3253,1,3
549755824504,39,3256,3256,1,2
68719478063,36,3251,3254,4,1
549755824505,39,3255,3255,1,2
2199023298052,41,3258,3258,1,17
274877912256,38,3259,3259,1,3
137438956128,37,3260,3260,1,2
68719478064,36,3261,3263,3,1
34359739032,35,3264,3269,6,4
17179869516,34,3270,3282,13,5
8589934758,33,3283,3300,18,8
4294967379,32,3217,3256,40,10
2199023298053,41,3257,3257,1,17
274877912257,38,3257,3258,2,3
137438956129,37,3257,3259,3,2
137438956130,37,3262,3263,2,2
68719478065,36,3257,3260,4,1
274877912262,38,3263,3263,1,3
137438956131,37,3261,3261,1,2
274877912263,38,3262,3262,1,3
274877912266,38,3265,3266,2,2
68719478066,36,3267,3269,3,1
34359739033,35,3257,3263,7,4
1099511649068,40,3266,3266,1,3
274877912267,38,3264,3264,1,2
1099511649069,40,3265,3265,1,3
2199023298148,41,3268,3268,1,3
137438956134,37,3269,3269,1,2
68719478067,36,3264,3266,3,1
2199023298149,41,3267,3267,1,3
137438956135,37,3267,3268,2,2
274877912272,38,3271,3271,1,3
137438956136,37,3272,3273,2,2
68719478068,36,3274,3279,6,1
34359739034,35,3280,3282,3,4
17179869517,34,3257,3269,13,5
274877912273,38,3270,3270,1,3
549755824550,39,3273,3273,1,3
137438956137,37,3270,3271,2,2
549755824551,39,3272,3272,1,3
274877912276,38,3275,3277,3,3
137438956138,37,3278,3279,2,2
68719478069,36,3270,3273,4,1
8796093192866,43,3276,3276,1,12
549755824554,39,3277,3277,1,17
274877912277,38,3274,3274,1,3
8796093192867,43,3275,3275,1,12
549755824555,39,3275,3276,2,17
549755824558,39,3279,3279,1,3
137438956139,37,3274,3277,4,2
549755824559,39,3278,3278,1,3
274877912280,38,3281,3281,1,2
68719478070,36,3282,3282,1,1
34359739035,35,3270,3279,10,4
274877912281,38,3280,3280,1,2
68719478071,36,3280,3281,2,1
68719478072,36,3284,3284,1,1
34359739036,35,3285,3290,6,4
17179869518,34,3291,3300,10,5
8589934759,33,3257,3282,26,8
68719478073,36,3283,3283,1,1
137438956148,37,3286,3287,2,2
68719478074,36,3288,3290,3,1
34359739037,35,3283,3284,2,4
274877912298,38,3287,3287,1,3
137438956149,37,3285,3285,1,2
274877912299,38,3286,3286,1,3
137438956150,37,3289,3290,2,2
68719478075,36,3285,3287,3,1
549755824604,39,3290,3290,1,3
137438956151,37,3288,3288,1,2
549755824605,39,3289,3289,1,3
137438956152,37,3292,3293,2,2
68719478076,36,3294,3296,3,1
34359739038,35,3297,3300,4,4
17179869519,34,3283,3290,8,5
1099511649226,40,3293,3293,1,3
137438956153,37,3291,3291,1,2
1099511649227,40,3292,3292,1,3
1099511649232,40,3295,3295,1,3
137438956154,37,3296,3296,1,2
68719478077,36,3291,3293,3,1
1099511649233,40,3294,3294,1,3
137438956155,37,3294,3295,2,2
137438956156,37,3298,3298,1,2
68719478078,36,3299,3300,2,1
34359739039,35,3291,3296,6,4
137438956157,37,3297,3297,1,2
274877912318,38,3300,3300,1,2
68719478079,36,3297,3298,2,1
274877912319,38,3299,3299,1,2
549755824640,39,3302,3302,1,3
274877912320,38,3303,3303,1,2
68719478080,36,3304,3306,3,1
34359739040,35,3307,3308,2,4
17179869520,34,3309,3319,11,5
8589934760,33,3320,3338,19,8
4294967380,32,3339,3375,37,10
2147483690,31,3376,3458,83,7
1073741845,30,3130,3300,171,11
549755824641,39,3301,3301,1,3
274877912321,38,3301,3302,2,2
274877912324,38,3305,3306,2,2
68719478081,36,3301,3303,3,1
2199023298604,41,3306,3306,1,3
274877912325,38,3304,3304,1,2
2199023298605,41,3305,3305,1,3
68719478082,36,3308,3308,1,1
34359739041,35,3301,3306,6,4
68719478083,36,3307,3307,1,1
274877912338,38,3310,3310,1,2
68719478084,36,3311,3318,8,1
34359739042,35,3319,3319,1,4
17179869521,34,3301,3308,8,5
274877912339,38,3309,3309,1,2
1099511649360,40,3312,3312,1,12
549755824680,39,3313,3313,1,17
274877912340,38,3314,3316,3,3
137438956170,37,3317,3318,2,2
68719478085,36,3309,3310,2,1
1099511649361,40,3311,3311,1,12
549755824681,39,3311,3312,2,17
549755824682,39,3315,3316,2,17
274877912341,38,3311,3313,3,3
8796093194942,43,3316,3316,1,12
549755824683,39,3314,3314,1,17
8796093194943,43,3315,3315,1,12
274877912342,38,3318,3318,1,3
137438956171,37,3311,3316,6,2
274877912343,38,3317,3317,1,3
34359739043,35,3309,3318,10,4
1099511649416,40,3321,3322,2,2
68719478088,36,3323,3325,3,1
34359739044,35,3326,3329,4,4
17179869522,34,3330,3338,9,5
8589934761,33,3301,3319,19,8
4398046597670,42,3322,3322,1,3
1099511649417,40,3320,3320,1,2
4398046597671,42,3321,3321,1,3
274877912358,38,3324,3325,2,2
68719478089,36,3320,3322,3,1
17592186390996,44,3325,3325,1,3
274877912359,38,3323,3323,1,2
17592186390997,44,3324,3324,1,3
274877912362,38,3327,3327,1,2
68719478090,36,3328,3329,2,1
34359739045,35,3320,3325,6,4
274877912363,38,3326,3326,1,2
137438956182,37,3329,3329,1,2
68719478091,36,3326,3327,2,1
137438956183,37,3328,3328,1,2
137438956184,37,3331,3331,1,2
68719478092,36,3332,3334,3,1
34359739046,35,3335,3338,4,4
17179869523,34,3320,3329,10,5
137438956185,37,3330,3330,1,2
549755824746,39,3333,3333,1,3
137438956186,37,3334,3334,1,2
68719478093,36,3330,3331,2,1
549755824747,39,3332,3332,1,3
137438956187,37,3332,3333,2,2
68719478094,36,3336,3338,3,1
34359739047,35,3330,3334,5,4
274877912380,38,3337,3337,1,3
137438956190,37,3338,3338,1,2
68719478095,36,3335,3335,1,1
274877912381,38,3336,3336,1,3
137438956191,37,3336,3337,2,2
4398046598174,42,3340,3340,1,3
137438956192,37,3341,3341,1,2
68719478096,36,3342,3342,1,1
34359739048,35,3343,3343,1,4
17179869524,34,3344,3358,15,5
8589934762,33,3359,3375,17,8
4294967381,32,3301,3338,38,10
4398046598175,42,3339,3339,1,3
137438956193,37,3339,3340,2,2
68719478097,36,3339,3341,3,1
34359739049,35,3339,3342,4,4
549755824800,39,3345,3345,1,3
137438956200,37,3346,3347,2,2
68719478100,36,3348,3351,4,1
34359739050,35,3352,3358,7,4
17179869525,34,3339,3343,5,5
549755824801,39,3344,3344,1,3
549755824806,39,3347,3347,1,3
137438956201,37,3344,3345,2,2
549755824807,39,3346,3346,1,3
137438956202,37,3349,3351,3,2
68719478101,36,3344,3347,4,1
549755824814,39,3350,3351,2,3
137438956203,37,3348,3348,1,2
17592186394084,44,3351,3351,1,17
549755824815,39,3349,3349,1,3
17592186394085,44,3350,3350,1,17
549755824816,39,3353,3354,2,3
137438956204,37,3355,3356,2,2
68719478102,36,3357,3358,2,1
34359739051,35,3344,3351,8,4
1099511649634,40,3354,3354,1,17
549755824817,39,3352,3352,1,3
1099511649635,40,3353,3353,1,17
274877912410,38,3356,3356,1,3
137438956205,37,3352,3354,3,2
274877912411,38,3355,3355,1,3
137438956206,37,3358,3358,1,2
68719478103,36,3352,3356,5,1
137438956207,37,3357,3357,1,2
68719478104,36,3360,3360,1,1
34359739052,35,3361,3362,2,4
17179869526,34,3363,3375,13,5
8589934763,33,3339,3358,20,8
68719478105,36,3359,3359,1,1
68719478106,36,3362,3362,1,1
34359739053,35,3359,3360,2,4
68719478107,36,3361,3361,1,1
68719478108,36,3364,3368,5,1
34359739054,35,3369,3375,7,4
17179869527,34,3359,3362,4,5
274877912436,38,3365,3366,2,3
137438956218,37,3367,3368,2,2
68719478109,36,3363,3363,1,1
2199023299502,41,3366,3366,1,17
274877912437,38,3364,3364,1,3
2199023299503,41,3365,3365,1,17
274877912438,38,3368,3368,1,3
137438956219,37,3364,3366,3,2
274877912439,38,3367,3367,1,3
274877912442,38,3370,3371,2,2
68719478110,36,3372,3375,4,1
34359739055,35,3363,3368,6,4
1099511649774,40,3371,3371,1,3
274877912443,38,3369,3369,1,2
1099511649775,40,3370,3370,1,3
274877912444,38,3373,3373,1,3
137438956222,37,3374,3375,2,2
68719478111,36,3369,3371,3,1
274877912445,38,3372,3372,1,3
549755824892,39,3375,3375,1,3
137438956223,37,3372,3373,2,2
549755824893,39,3374,3374,1,3
137438956224,37,3377,3380,4,2
68719478112,36,3381,3384,4,1
34359739056,35,3385,3389,5,4
17179869528,34,3390,3396,7,5
8589934764,33,3397,3412,16,8
4294967382,32,3413,3458,46,10
2147483691,31,3301,3375,75,7
2199023299608,41,3378,3378,1,17
1099511649804,40,3379,3380,2,3
137438956225,37,3376,3376,1,2
2199023299609,41,3377,3377,1,17
2199023299610,41,3380,3380,1,17
1099511649805,40,3377,3378,2,3
2199023299611,41,3379,3379,1,17
549755824904,39,3382,3382,1,3
137438956226,37,3383,3384,2,2
68719478113,36,3376,3380,5,1
549755824905,39,3381,3381,1,3
274877912454,38,3384,3384,1,3
137438956227,37,3381,3382,2,2
274877912455,38,3383,3383,1,3
549755824912,39,3386,3386,1,17
274877912456,38,3387,3387,1,3
137438956228,37,3388,3388,1,2
68719478114,36,3389,3389,1,1
34359739057,35,3376,3384,9,4
549755824913,39,3385,3385,1,17
274877912457,38,3385,3386,2,3
137438956229,37,3385,3387,3,2
68719478115,36,3385,3388,4,1
2199023299714,41,3391,3391,1,2
68719478116,36,3392,3392,1,1
34359739058,35,3393,3396,4,4
17179869529,34,3376,3389,14,5
2199023299715,41,3390,3390,1,2
68719478117,36,3390,3391,2,1
137438956236,37,3394,3395,2,2
68719478118,36,3396,3396,1,1
34359739059,35,3390,3392,3,4
1099511649902,40,3395,3395,1,3
137438956237,37,3393,3393,1,2
1099511649903,40,3394,3394,1,3
68719478119,36,3393,3395,3,1
1099511649926,40,3398,3398,1,2
68719478120,36,3399,3400,2,1
34359739060,35,3401,3404,4,4
17179869530,34,3405,3412,8,5
8589934765,33,3376,3396,21,8
1099511649927,40,3397,3397,1,2
1099511649936,40,3400,3400,1,2
68719478121,36,3397,3398,2,1
1099511649937,40,3399,3399,1,2
68719478122,36,3402,3404,3,1
34359739061,35,3397,3400,4,4
1099511649970,40,3403,3403,1,3
137438956246,37,3404,3404,1,2
68719478123,36,3401,3401,1,1
1099511649971,40,3402,3402,1,3
137438956247,37,3402,3403,2,2
137438956248,37,3406,3407,2,2
68719478124,36,3408,3408,1,1
34359739062,35,3409,3412,4,4
17179869531,34,3397,3404,8,5
274877912498,38,3407,3407,1,3
137438956249,37,3405,3405,1,2
274877912499,38,3406,3406,1,3
68719478125,36,3405,3407,3,1
68719478126,36,3410,3412,3,1
34359739063,35,3405,3408,4,4
137438956254,37,3411,3412,2,2
68719478127,36,3409,3409,1,1
1099511650046,40,3412,3412,1,3
137438956255,37,3410,3410,1,2
1099511650047,40,3411,3411,1,3
137438956256,37,3414,3415,2,2
68719478128,36,3416,3419,4,1
34359739064,35,3420,3428,9,4
17179869532,34,3429,3437,9,5
8589934766,33,3438,3458,21,8
4294967383,32,3376,3412,37,10
549755825028,39,3415,3415,1,3
137438956257,37,3413,3413,1,2
549755825029,39,3414,3414,1,3
2199023300128,41,3417,3417,1,17
549755825032,39,3418,3418,1,3
137438956258,37,3419,3419,1,2
68719478129,36,3413,3415,3,1
2199023300129,41,3416,3416,1,17
549755825033,39,3416,3417,2,3
137438956259,37,3416,3418,3,2
137438956260,37,3421,3422,2,2
68719478130,36,3423,3428,6,1
34359739065,35,3413,3419,7,4
1099511650094,40,3422,3422,1,3
137438956261,37,3420,3420,1,2
1099511650095,40,3421,3421,1,3
1099511650098,40,3424,3424,1,17
274877912524,38,3425,3426,2,3
137438956262,37,3427,3428,2,2
68719478131,36,3420,3422,3,1
1099511650099,40,3423,3423,1,17
1099511650102,40,3426,3426,1,17
274877912525,38,3423,3424,2,3
1099511650103,40,3425,3425,1,17
274877912526,38,3428,3428,1,3
137438956263,37,3423,3426,4,2
274877912527,38,3427,3427,1,3
68719478132,36,3430,3432,3,1
34359739066,35,3433,3437,5,4
17179869533,34,3413,3428,16,5
549755825064,39,3431,3432,2,2
68719478133,36,3429,3429,1,1
1099511650130,40,3432,3432,1,3
549755825065,39,3430,3430,1,2
1099511650131,40,3431,3431,1,3
68719478134,36,3434,3437,4,1
34359739067,35,3429,3432,4,4
137438956270,37,3435,3437,3,2
68719478135,36,3433,3433,1,1
274877912542,38,3436,3437,2,3
137438956271,37,3434,3434,1,2
1099511650174,40,3437,3437,1,17
274877912543,38,3435,3435,1,3
1099511650175,40,3436,3436,1,17
68719478136,36,3439,3440,2,1
34359739068,35,3441,3445,5,4
17179869534,34,3446,3458,13,5
8589934767,33,3413,3437,25,8
137438956274,37,3440,3440,1,2
68719478137,36,3438,3438,1,1
137438956275,37,3439,3439,1,2
68719478138,36,3442,3445,4,1
34359739069,35,3438,3440,3,4
274877912556,38,3443,3443,1,3
137438956278,37,3444,3445,2,2
68719478139,36,3441,3441,1,1
274877912557,38,3442,3442,1,3
274877912558,38,3445,3445,1,3
137438956279,37,3442,3443,2,2
274877912559,38,3444,3444,1,3
137438956280,37,3447,3448,2,2
68719478140,36,3449,3450,2,1
34359739070,35,3451,3458,8,4
17179869535,34,3438,3445,8,5
549755825126,39,3448,3448,1,3
137438956281,37,3446,3446,1,2
549755825127,39,3447,3447,1,3
137438956282,37,3450,3450,1,2
68719478141,36,3446,3448,3,1
137438956283,37,3449,3449,1,2
2199023300558,41,3452,3453,2,3
137438956284,37,3454,3454,1,2
68719478142,36,3455,3458,4,1
34359739071,35,3446,3450,5,4
4398046601118,42,3453,3453,1,17
2199023300559,41,3451,3451,1,3
4398046601119,42,3452,3452,1,17
137438956285,37,3451,3453,3,2
137438956286,37,3456,3458,3,2
68719478143,36,3451,3454,4,1
274877912574,38,3457,3458,2,3
137438956287,37,3455,3455,1,2
549755825150,39,3458,3458,1,17
274877912575,38,3456,3456,1,3
549755825151,39,3457,3457,1,17
68719478144,36,3460,3462,3,1
34359739072,35,3463,3465,3,4
17179869536,34,3466,3474,9,5
8589934768,33,3475,3498,24,8
4294967384,32,3499,3542,44,10
2147483692,31,3543,3627,85,7
1073741846,30,3628,3798,171,11
536870923,29,3130,3458,329,14
8796093202562,43,3461,3461,1,3
137438956290,37,3462,3462,1,2
68719478145,36,3459,3459,1,1
8796093202563,43,3460,3460,1,3
137438956291,37,3460,3461,2,2
68719478146,36,3464,3465,2,1
34359739073,35,3459,3462,4,4
274877912590,38,3465,3465,1,2
68719478147,36,3463,3463,1,1
274877912591,38,3464,3464,1,2
274877912592,38,3467,3467,1,2
68719478148,36,3468,3469,2,1
34359739074,35,3470,3474,5,4
17179869537,34,3459,3465,7,5
274877912593,38,3466,3466,1,2
137438956298,37,3469,3469,1,2
68719478149,36,3466,3467,2,1
137438956299,37,3468,3468,1,2
549755825204,39,3471,3472,2,3
274877912602,38,3473,3473,1,2
68719478150,36,3474,3474,1,1
34359739075,35,3466,3469,4,4
4398046601646,42,3472,3472,1,17
549755825205,39,3470,3470,1,3
4398046601647,42,3471,3471,1,17
274877912603,38,3470,3472,3,2
68719478151,36,3470,3473,4,1
549755825216,39,3476,3476,1,17
274877912608,38,3477,3477,1,3
137438956304,37,3478,3478,1,2
68719478152,36,3479,3482,4,1
34359739076,35,3483,3491,9,4
17179869538,34,3492,3498,7,5
8589934769,33,3459,3474,16,8
549755825217,39,3475,3475,1,17
274877912609,38,3475,3476,2,3
137438956305,37,3475,3477,3,2
137438956306,37,3480,3482,3,2
68719478153,36,3475,3478,4,1
2199023300922,41,3481,3481,1,17
549755825230,39,3482,3482,1,3
137438956307,37,3479,3479,1,2
2199023300923,41,3480,3480,1,17
549755825231,39,3480,3481,2,3
2199023300958,41,3484,3484,1,2
68719478154,36,3485,3491,7,1
34359739077,35,3475,3482,8,4
2199023300959,41,3483,3483,1,2
2199023300962,41,3486,3487,2,17
549755825240,39,3488,3488,1,3
137438956310,37,3489,3491,3,2
68719478155,36,3483,3484,2,1
4398046601926,42,3487,3487,1,12
2199023300963,41,3485,3485,1,17
4398046601927,42,3486,3486,1,12
549755825241,39,3485,3487,3,3
274877912622,38,3490,3491,2,3
137438956311,37,3485,3488,4,2
549755825246,39,3491,3491,1,17
274877912623,38,3489,3489,1,3
549755825247,39,3490,3490,1,17
274877912628,38,3493,3493,1,2
137438956314,37,3494,3495,2,1
34359739078,35,3496,3498,3,4
17179869539,34,3475,3491,17,5
274877912629,38,3492,3492,1,2
274877912630,38,3495,3495,1,2
137438956315,37,3492,3493,2,1
274877912631,38,3494,3494,1,2
137438956316,37,3497,3497,1,2
68719478158,36,3498,3498,1,1
34359739079,35,3492,3495,4,4
137438956317,37,3496,3496,1,2
68719478159,36,3496,3497,2,1
549755825282,39,3500,3500,1,3
137438956320,37,3501,3501,1,2
68719478160,36,3502,3503,2,1
34359739080,35,3504,3510,7,4
17179869540,34,3511,3523,13,5
8589934770,33,3524,3542,19,8
4294967385,32,3459,3498,40,10
549755825283,39,3499,3499,1,3
137438956321,37,3499,3500,2,2
137438956322,37,3503,3503,1,2
68719478161,36,3499,3501,3,1
137438956323,37,3502,3502,1,2
274877912648,38,3505,3505,1,3
137438956324,37,3506,3506,1,2
68719478162,36,3507,3510,4,1
34359739081,35,3499,3503,5,4
274877912649,38,3504,3504,1,3
137438956325,37,3504,3505,2,2
4398046602438,42,3508,3508,1,17
549755825304,39,3509,3509,1,3
137438956326,37,3510,3510,1,2
68719478163,36,3504,3506,3,1
4398046602439,42,3507,3507,1,17
549755825305,39,3507,3508,2,3
137438956327,37,3507,3509,3,2
549755825312,39,3512,3512,1,17
274877912656,38,3513,3515,3,3
137438956328,37,3516,3516,1,2
68719478164,36,3517,3519,3,1
34359739082,35,3520,3523,4,4
17179869541,34,3499,3510,12,5
549755825313,39,3511,3511,1,17
549755825314,39,3514,3515,2,17
274877912657,38,3511,3512,2,3
2199023301260,41,3515,3515,1,12
549755825315,39,3513,3513,1,17
2199023301261,41,3514,3514,1,12
137438956329,37,3511,3515,5,2
137438956330,37,3518,3519,2,2
68719478165,36,3511,3516,6,1
274877912662,38,3519,3519,1,3
137438956331,37,3517,3517,1,2
274877912663,38,3518,3518,1,3
68719478166,36,3521,3523,3,1
34359739083,35,3511,3519,9,4
137438956334,37,3522,3523,2,2
68719478167,36,3520,3520,1,1
4398046602724,42,3523,3523,1,3
137438956335,37,3521,3521,1,2
4398046602725,42,3522,3522,1,3
549755825344,39,3525,3525,1,17
274877912672,38,3526,3526,1,3
137438956336,37,3527,3527,1,2
68719478168,36,3528,3530,3,1
34359739084,35,3531,3532,2,4
17179869542,34,3533,3542,10,5
8589934771,33,3499,3523,25,8
549755825345,39,3524,3524,1,17
274877912673,38,3524,3525,2,3
137438956337,37,3524,3526,3,2
1099511650704,40,3529,3529,1,3
137438956338,37,3530,3530,1,2
68719478169,36,3524,3527,4,1
1099511650705,40,3528,3528,1,3
137438956339,37,3528,3529,2,2
68719478170,36,3532,3532,1,1
34359739085,35,3524,3530,7,4
68719478171,36,3531,3531,1,1
137438956344,37,3534,3534,1,2
68719478172,36,3535,3538,4,1
34359739086,35,3539,3542,4,4
17179869543,34,3524,3532,9,5
137438956345,37,3533,3533,1,2
274877912692,38,3536,3537,2,3
137438956346,37,3538,3538,1,2
68719478173,36,3533,3534,2,1
549755825386,39,3537,3537,1,17
274877912693,38,3535,3535,1,3
549755825387,39,3536,3536,1,17
137438956347,37,3535,3537,3,2
274877912696,38,3540,3540,1,2
137438956348,37,3541,3542,2,1
34359739087,35,3533,3538,6,4
274877912697,38,3539,3539,1,2
2199023301592,41,3542,3542,1,2
137438956349,37,3539,3540,2,1
2199023301593,41,3541,3541,1,2
137438956352,37,3544,3545,2,2
68719478176,36,3546,3548,3,1
34359739088,35,3549,3554,6,4
17179869544,34,3555,3567,13,5
8589934772,33,3568,3589,22,8
4294967386,32,3590,3627,38,10
2147483693,31,3459,3542,84,7
1099511650826,40,3545,3545,1,3
137438956353,37,3543,3543,1,2
1099511650827,40,3544,3544,1,3
2199023301664,41,3547,3547,1,3
137438956354,37,3548,3548,1,2
68719478177,36,3543,3545,3,1
2199023301665,41,3546,3546,1,3
137438956355,37,3546,3547,2,2
549755825426,39,3550,3550,1,3
137438956356,37,3551,3553,3,2
68719478178,36,3554,3554,1,1
34359739089,35,3543,3548,6,4
549755825427,39,3549,3549,1,3
1099511650860,40,3552,3553,2,3
137438956357,37,3549,3550,2,2
2199023301722,41,3553,3553,1,17
1099511650861,40,3551,3551,1,3
2199023301723,41,3552,3552,1,17
68719478179,36,3549,3553,5,1
274877912720,38,3556,3558,3,3
137438956360,37,3559,3560,2,2
68719478180,36,3561,3564,4,1
34359739090,35,3565,3567,3,4
17179869545,34,3543,3554,12,5
549755825442,39,3557,3558,2,17
274877912721,38,3555,3555,1,3
2199023301772,41,3558,3558,1,12
549755825443,39,3556,3556,1,17
2199023301773,41,3557,3557,1,12
549755825446,39,3560,3560,1,3
137438956361,37,3555,3558,4,2
549755825447,39,3559,3559,1,3
2199023301796,41,3562,3563,2,3
1099511650898,40,3564,3564,1,2
68719478181,36,3555,3560,6,1
17592186414376,44,3563,3563,1,17
2199023301797,41,3561,3561,1,3
17592186414377,44,3562,3562,1,17
1099511650899,40,3561,3563,3,2
137438956364,37,3566,3566,1,2
68719478182,36,3567,3567,1,1
34359739091,35,3555,3564,10,4
137438956365,37,3565,3565,1,2
68719478183,36,3565,3566,2,1
274877912738,38,3569,3569,1,2
68719478184,36,3570,3573,4,1
34359739092,35,3574,3578,5,4
17179869546,34,3579,3589,11,5
8589934773,33,3543,3567,25,8
274877912739,38,3568,3568,1,2
274877912740,38,3571,3572,2,3
137438956370,37,3573,3573,1,2
68719478185,36,3568,3569,2,1
549755825482,39,3572,3572,1,17
274877912741,38,3570,3570,1,3
549755825483,39,3571,3571,1,17
137438956371,37,3570,3572,3,2
68719478186,36,3575,3578,4,1
34359739093,35,3568,3573,6,4
8796093207956,43,3576,3576,1,17
274877912748,38,3577,3577,1,3
137438956374,37,3578,3578,1,2
68719478187,36,3574,3574,1,1
8796093207957,43,3575,3575,1,17
274877912749,38,3575,3576,2,3
137438956375,37,3575,3577,3,2
2199023302026,41,3580,3580,1,3
137438956376,37,3581,3581,1,2
68719478188,36,3582,3584,3,1
34359739094,35,3585,3589,5,4
17179869547,34,3568,3578,11,5
2199023302027,41,3579,3579,1,3
137438956377,37,3579,3580,2,2
274877912756,38,3583,3583,1,3
137438956378,37,3584,3584,1,2
68719478189,36,3579,3581,3,1
274877912757,38,3582,3582,1,3
137438956379,37,3582,3583,2,2
549755825522,39,3586,3586,1,3
137438956380,37,3587,3588,2,2
68719478190,36,3589,3589,1,1
34359739095,35,3579,3584,6,4
549755825523,39,3585,3585,1,3
1099511651054,40,3588,3588,1,3
137438956381,37,3585,3586,2,2
1099511651055,40,3587,3587,1,3
68719478191,36,3585,3588,4,1
68719478192,36,3591,3591,1,1
34359739096,35,3592,3593,2,4
17179869548,34,3594,3601,8,5
8589934774,33,3602,3627,26,8
4294967387,32,3543,3589,47,10
68719478193,36,3590,3590,1,1
68719478194,36,3593,3593,1,1
34359739097,35,3590,3591,2,4
68719478195,36,3592,3592,1,1
274877912784,38,3595,3595,1,2
68719478196,36,3596,3596,1,1
34359739098,35,3597,3601,5,4
17179869549,34,3590,3593,4,5
274877912785,38,3594,3594,1,2
68719478197,36,3594,3595,2,1
2199023302344,41,3598,3598,1,3
137438956396,37,3599,3600,2,2
68719478198,36,3601,3601,1,1
34359739099,35,3594,3596,3,4
2199023302345,41,3597,3597,1,3
549755825588,39,3600,3600,1,3
137438956397,37,3597,3598,2,2
549755825589,39,3599,3599,1,3
68719478199,36,3597,3600,4,1
549755825602,39,3603,3603,1,3
137438956400,37,3604,3607,4,2
68719478200,36,3608,3609,2,1
34359739100,35,3610,3616,7,4
17179869550,34,3617,3627,11,5
8589934775,33,3590,3601,12,8
549755825603,39,3602,3602,1,3
274877912802,38,3605,3607,3,3
137438956401,37,3602,3603,2,2
35184372838890,45,3606,3606,1,12
2199023302430,41,3607,3607,1,17
274877912803,38,3604,3604,1,3
35184372838891,45,3605,3605,1,12
2199023302431,41,3605,3606,2,17
137438956402,37,3609,3609,1,2
68719478201,36,3602,3607,6,1
137438956403,37,3608,3608,1,2
137438956404,37,3611,3614,4,2
68719478202,36,3615,3616,2,1
34359739101,35,3602,3609,8,4
8796093209920,43,3612,3612,1,12
1099511651240,40,3613,3613,1,17
274877912810,38,3614,3614,1,3
137438956405,37,3610,3610,1,2
8796093209921,43,3611,3611,1,12
1099511651241,40,3611,3612,2,17
274877912811,38,3611,3613,3,3
274877912814,38,3616,3616,1,2
68719478203,36,3610,3614,5,1
274877912815,38,3615,3615,1,2
137438956408,37,3618,3618,1,2
68719478204,36,3619,3621,3,1
34359739102,35,3622,3627,6,4
17179869551,34,3602,3616,15,5
137438956409,37,3617,3617,1,2
274877912820,38,3620,3620,1,3
137438956410,37,3621,3621,1,2
68719478205,36,3617,3618,2,1
274877912821,38,3619,3619,1,3
137438956411,37,3619,3620,2,2
137438956412,37,3623,3623,1,2
68719478206,36,3624,3627,4,1
34359739103,35,3617,3621,5,4
137438956413,37,3622,3622,1,2
137438956414,37,3625,3627,3,2
68719478207,36,3622,3623,2,1
1099511651324,40,3626,3627,2,3
137438956415,37,3624,3624,1,2
4398046605300,42,3627,3627,1,17
1099511651325,40,3625,3625,1,3
4398046605301,42,3626,3626,1,17
68719478208,36,3629,3629,1,1
34359739104,35,3630,3632,3,4
17179869552,34,3633,3645,13,5
8589934776,33,3646,3660,15,8
4294967388,32,3661,3703,43,10
2147483694,31,3704,3798,95,7
1073741847,30,3459,3627,169,11
68719478209,36,3628,3628,1,1
274877912844,38,3631,3631,1,2
137438956422,37,3632,3632,1,1
34359739105,35,3628,3629,2,4
274877912845,38,3630,3630,1,2
137438956423,37,3630,3631,2,1
8796093211168,43,3634,3634,1,17
1099511651396,40,3635,3635,1,3
137438956424,37,3636,3636,1,2
68719478212,36,3637,3639,3,1
34359739106,35,3640,3645,6,4
17179869553,34,3628,3632,5,5
8796093211169,43,3633,3633,1,17
1099511651397,40,3633,3634,2,3
137438956425,37,3633,3635,3,2
137438956426,37,3638,3639,2,2
68719478213,36,3633,3636,4,1
549755825710,39,3639,3639,1,3
137438956427,37,3637,3637,1,2
549755825711,39,3638,3638,1,3
137438956428,37,3641,3643,3,2
68719478214,36,3644,3645,2,1
34359739107,35,3633,3639,7,4
1099511651434,40,3642,3642,1,17
274877912858,38,3643,3643,1,3
137438956429,37,3640,3640,1,2
1099511651435,40,3641,3641,1,17
274877912859,38,3641,3642,2,3
549755825722,39,3645,3645,1,2
68719478215,36,3640,3643,4,1
549755825723,39,3644,3644,1,2
68719478216,36,3647,3649,3,1
34359739108,35,3650,3655,6,4
17179869554,34,3656,3660,5,5
8589934777,33,3628,3645,18,8
137438956434,37,3648,3649,2,2
68719478217,36,3646,3646,1,1
1099511651482,40,3649,3649,1,3
137438956435,37,3647,3647,1,2
1099511651483,40,3648,3648,1,3
2199023302978,41,3651,3651,1,2
68719478218,36,3652,3655,4,1
34359739109,35,3646,3649,4,4
2199023302979,41,3650,3650,1,2
274877912876,38,3653,3653,1,3
137438956438,37,3654,3655,2,2
68719478219,36,3650,3651,2,1
274877912877,38,3652,3652,1,3
274877912878,38,3655,3655,1,3
137438956439,37,3652,3653,2,2
274877912879,38,3654,3654,1,3
137438956440,37,3657,3658,2,2
68719478220,36,3659,3659,1,1
34359739110,35,3660,3660,1,4
17179869555,34,3646,3655,10,5
274877912882,38,3658,3658,1,3
137438956441,37,3656,3656,1,2
274877912883,38,3657,3657,1,3
68719478221,36,3656,3658,3,1
34359739111,35,3656,3659,4,4
4398046606342,42,3662,3662,1,3
549755825792,39,3663,3664,2,2
68719478224,36,3665,3665,1,1
34359739112,35,3666,3670,5,4
17179869556,34,3671,3678,8,5
8589934778,33,3679,3703,25,8
4294967389,32,3628,3660,33,10
4398046606343,42,3661,3661,1,3
2199023303172,41,3664,3664,1,3
549755825793,39,3661,3662,2,2
2199023303173,41,3663,3663,1,3
68719478225,36,3661,3664,4,1
274877912908,38,3667,3668,2,2
137438956454,37,3669,3670,2,1
34359739113,35,3661,3665,5,4
1099511651636,40,3668,3668,1,3
274877912909,38,3666,3666,1,2
1099511651637,40,3667,3667,1,3
274877912910,38,3670,3670,1,2
137438956455,37,3666,3668,3,1
274877912911,38,3669,3669,1,2
68719478228,36,3672,3672,1,1
34359739114,35,3673,3678,6,4
17179869557,34,3661,3670,10,5
68719478229,36,3671,3671,1,1
274877912922,38,3674,3674,1,2
68719478230,36,3675,3678,4,1
34359739115,35,3671,3672,2,4
274877912923,38,3673,3673,1,2
549755825848,39,3676,3676,1,17
274877912924,38,3677,3677,1,3
137438956462,37,3678,3678,1,2
68719478231,36,3673,3674,2,1
549755825849,39,3675,3675,1,17
274877912925,38,3675,3676,2,3
137438956463,37,3675,3677,3,2
549755825858,39,3680,3680,1,3
137438956464,37,3681,3682,2,2
68719478232,36,3683,3683,1,1
34359739116,35,3684,3692,9,4
17179869558,34,3693,3703,11,5
8589934779,33,3661,3678,18,8
549755825859,39,3679,3679,1,3
4398046606892,42,3682,3682,1,3
137438956465,37,3679,3680,2,2
4398046606893,42,3681,3681,1,3
68719478233,36,3679,3682,4,1
1099511651746,40,3685,3685,1,17
274877912936,38,3686,3686,1,3
137438956468,37,3687,3689,3,2
68719478234,36,3690,3692,3,1
34359739117,35,3679,3683,5,4
1099511651747,40,3684,3684,1,17
274877912937,38,3684,3685,2,3
274877912938,38,3688,3689,2,3
137438956469,37,3684,3686,3,2
549755825878,39,3689,3689,1,17
274877912939,38,3687,3687,1,3
549755825879,39,3688,3688,1,17
274877912940,38,3691,3691,1,3
137438956470,37,3692,3692,1,2
68719478235,36,3684,3689,6,1
274877912941,38,3690,3690,1,3
137438956471,37,3690,3691,2,2
274877912944,38,3694,3695,2,3
137438956472,37,3696,3696,1,2
68719478236,36,3697,3699,3,1
34359739118,35,3700,3703,4,4
17179869559,34,3679,3692,14,5
549755825890,39,3695,3695,1,17
274877912945,38,3693,3693,1,3
549755825891,39,3694,3694,1,17
137438956473,37,3693,3695,3,2
137438956474,37,3698,3699,2,2
68719478237,36,3693,3696,4,1
549755825900,39,3699,3699,1,3
137438956475,37,3697,3697,1,2
549755825901,39,3698,3698,1,3
1099511651808,40,3701,3701,1,3
274877912952,38,3702,3702,1,2
137438956476,37,3703,3703,1,1
34359739119,35,3693,3699,7,4
1099511651809,40,3700,3700,1,3
274877912953,38,3700,3701,2,2
137438956477,37,3700,3702,3,1
549755825920,39,3705,3705,1,3
274877912960,38,3706,3706,1,2
68719478240,36,3707,3708,2,1
34359739120,35,3709,3715,7,4
17179869560,34,3716,3727,12,5
8589934780,33,3728,3746,19,8
4294967390,32,3747,3798,52,10
2147483695,31,3628,3703,76,7
549755825921,39,3704,3704,1,3
274877912961,38,3704,3705,2,2
137438956482,37,3708,3708,1,2
68719478241,36,3704,3706,3,1
137438956483,37,3707,3707,1,2
137438956484,37,3710,3712,3,2
68719478242,36,3713,3715,3,1
34359739121,35,3704,3708,5,4
4398046607522,42,3711,3711,1,17
549755825940,39,3712,3712,1,3
137438956485,37,3709,3709,1,2
4398046607523,42,3710,3710,1,17
549755825941,39,3710,3711,2,3
274877912972,38,3714,3714,1,3
137438956486,37,3715,3715,1,2
68719478243,36,3709,3712,4,1
274877912973,38,3713,3713,1,3
137438956487,37,3713,3714,2,2
137438956488,37,3717,3717,1,2
68719478244,36,3718,3721,4,1
34359739122,35,3722,3727,6,4
17179869561,34,3704,3715,12,5
137438956489,37,3716,3716,1,2
2199023303858,41,3719,3719,1,17
549755825964,39,3720,3720,1,3
274877912982,38,3721,3721,1,2
68719478245,36,3716,3717,2,1
2199023303859,41,3718,3718,1,17
549755825965,39,3718,3719,2,3
274877912983,38,3718,3720,3,2
549755825970,39,3723,3723,1,2
68719478246,36,3724,3727,4,1
34359739123,35,3716,3721,6,4
549755825971,39,3722,3722,1,2
549755825976,39,3725,3725,1,3
137438956494,37,3726,3727,2,2
68719478247,36,3722,3723,2,1
549755825977,39,3724,3724,1,3
549755825980,39,3727,3727,1,3
137438956495,37,3724,3725,2,2
549755825981,39,3726,3726,1,3
68719478248,36,3729,3729,1,1
34359739124,35,3730,3734,5,4
17179869562,34,3735,3746,12,5
8589934781,33,3704,3727,24,8
68719478249,36,3728,3728,1,1
1099511652020,40,3731,3731,1,3
549755826010,39,3732,3732,1,2
137438956502,37,3733,3734,2,1
34359739125,35,3728,3729,2,4
1099511652021,40,3730,3730,1,3
549755826011,39,3730,3731,2,2
549755826012,39,3734,3734,1,2
137438956503,37,3730,3732,3,1
549755826013,39,3733,3733,1,2
549755826016,39,3736,3737,2,3
137438956504,37,3738,3739,2,2
68719478252,36,3740,3742,3,1
34359739126,35,3743,3746,4,4
17179869563,34,3728,3734,7,5
1099511652034,40,3737,3737,1,17
549755826017,39,3735,3735,1,3
1099511652035,40,3736,3736,1,17
274877913010,38,3739,3739,1,3
137438956505,37,3735,3737,3,2
274877913011,38,3738,3738,1,3
274877913012,38,3741,3741,1,3
137438956506,37,3742,3742,1,2
68719478253,36,3735,3739,5,1
274877913013,38,3740,3740,1,3
137438956507,37,3740,3741,2,2
137438956508,37,3744,3746,3,1
34359739127,35,3735,3742,8,4
549755826036,39,3745,3745,1,3
274877913018,38,3746,3746,1,2
137438956509,37,3743,3743,1,1
549755826037,39,3744,3744,1,3
274877913019,38,3744,3745,2,2
17592186433672,44,3748,3748,1,3
549755826052,39,3749,3749,1,2
68719478256,36,3750,3753,4,1
34359739128,35,3754,3757,4,4
17179869564,34,3758,3770,13,5
8589934782,33,3771,3798,28,8
4294967391,32,3704,3746,43,10
17592186433673,44,3747,3747,1,3
549755826053,39,3747,3748,2,2
137438956514,37,3751,3753,3,2
68719478257,36,3747,3749,3,1
549755826060,39,3752,3752,1,17
274877913030,38,3753,3753,1,3
137438956515,37,3750,3750,1,2
549755826061,39,3751,3751,1,17
274877913031,38,3751,3752,2,3
549755826064,39,3755,3755,1,3
137438956516,37,3756,3756,1,2
68719478258,36,3757,3757,1,1
34359739129,35,3747,3753,7,4
549755826065,39,3754,3754,1,3
137438956517,37,3754,3755,2,2
68719478259,36,3754,3756,3,1
68719478260,36,3759,3763,5,1
34359739130,35,3764,3770,7,4
17179869565,34,3747,3757,11,5
549755826090,39,3760,3760,1,3
137438956522,37,3761,3763,3,2
68719478261,36,3758,3758,1,1
549755826091,39,3759,3759,1,3
549755826092,39,3762,3763,2,3
137438956523,37,3759,3760,2,2
2199023304374,41,3763,3763,1,17
549755826093,39,3761,3761,1,3
2199023304375,41,3762,3762,1,17
274877913048,38,3765,3765,1,2
68719478262,36,3766,3770,5,1
34359739131,35,3758,3763,6,4
274877913049,38,3764,3764,1,2
549755826106,39,3767,3769,3,3
137438956526,37,3770,3770,1,2
68719478263,36,3764,3765,2,1
1099511652214,40,3768,3769,2,17
549755826107,39,3766,3766,1,3
2199023304430,41,3769,3769,1,12
1099511652215,40,3767,3767,1,17
2199023304431,41,3768,3768,1,12
137438956527,37,3766,3769,4,2
4398046608910,42,3772,3772,1,3
137438956528,37,3773,3773,1,2
68719478264,36,3774,3778,5,1
34359739132,35,3779,3784,6,4
17179869566,34,3785,3798,14,5
8589934783,33,3747,3770,24,8
4398046608911,42,3771,3771,1,3
137438956529,37,3771,3772,2,2
274877913060,38,3775,3777,3,3
137438956530,37,3778,3778,1,2
68719478265,36,3771,3773,3,1
1099511652246,40,3776,3777,2,17
274877913061,38,3774,3774,1,3
4398046608990,42,3777,3777,1,12
1099511652247,40,3775,3775,1,17
4398046608991,42,3776,3776,1,12
137438956531,37,3774,3777,4,2
274877913066,38,3780,3780,1,2
68719478266,36,3781,3784,4,1
34359739133,35,3771,3778,8,4
274877913067,38,3779,3779,1,2
549755826136,39,3782,3782,1,3
137438956534,37,3783,3784,2,2
68719478267,36,3779,3780,2,1
549755826137,39,3781,3781,1,3
549755826142,39,3784,3784,1,3
137438956535,37,3781,3782,2,2
549755826143,39,3783,3783,1,3
137438956536,37,3786,3788,3,2
68719478268,36,3789,3790,2,1
34359739134,35,3791,3798,8,4
17179869567,34,3771,3784,14,5
4398046609192,42,3787,3787,1,17
274877913074,38,3788,3788,1,3
137438956537,37,3785,3785,1,2
4398046609193,42,3786,3786,1,17
274877913075,38,3786,3787,2,3
2199023304622,41,3790,3790,1,2
68719478269,36,3785,3788,4,1
2199023304623,41,3789,3789,1,2
137438956540,37,3792,3793,2,2
68719478270,36,3794,3798,5,1
34359739135,35,3785,3790,6,4
549755826166,39,3793,3793,1,3
137438956541,37,3791,3791,1,2
549755826167,39,3792,3792,1,3
274877913084,38,3795,3797,3,3
137438956542,37,3798,3798,1,2
68719478271,36,3791,3793,3,1
1099511652340,40,3796,3796,1,12
549755826170,39,3797,3797,1,17
274877913085,38,3794,3794,1,3
1099511652341,40,3795,3795,1,12
549755826171,39,3795,3796,2,17
137438956543,37,3794,3797,4,2
549755826176,39,3800,3800,1,2
274877913088,38,3801,3802,2,3
137438956544,37,3803,3804,2,1
68719478272,36,3805,3810,6,4
34359739136,35,3811,3815,5,11
17179869568,34,3816,3822,7,17
8589934784,33,3823,3839,17,8
4294967392,32,3840,3876,37,16
2147483696,31,3877,3960,84,12
1073741848,30,3961,4148,188,15
536870924,29,4149,4466,318,7
268435462,28,4467,5094,628,8
134217731,27,2494,3798,1305,9
549755826177,39,3799,3799,1,2
549755826178,39,3802,3802,1,2
274877913089,38,3799,3800,2,3
549755826179,39,3801,3801,1,2
2199023304732,41,3804,3804,1,3
137438956545,37,3799,3802,4,1
2199023304733,41,3803,3803,1,3
274877913092,38,3806,3808,3,3
137438956546,37,3809,3810,2,1
68719478273,36,3799,3804,6,4
4398046609496,42,3807,3807,1,5
1099511652374,40,3808,3808,1,2
274877913093,38,3805,3805,1,3
4398046609497,42,3806,3806,1,5
1099511652375,40,3806,3807,2,2
549755826188,39,3810,3810,1,3
137438956547,37,3805,3808,4,1
549755826189,39,3809,3809,1,3
549755826192,39,3812,3812,1,3
274877913096,38,3813,3813,1,1
137438956548,37,3814,3815,2,4
34359739137,35,3799,3810,12,11
549755826193,39,3811,3811,1,3
274877913097,38,3811,3812,2,1
549755826196,39,3815,3815,1,1
137438956549,37,3811,3813,3,4
549755826197,39,3814,3814,1,1
68719478276,36,3817,3818,2,4
34359739138,35,3819,3822,4,11
17179869569,34,3799,3815,17,17
137438956554,37,3818,3818,1,1
68719478277,36,3816,3816,1,4
137438956555,37,3817,3817,1,1
68719478278,36,3820,3822,3,4
34359739139,35,3816,3818,3,11
4398046609902,42,3821,3821,1,3
274877913118,38,3822,3822,1,1
68719478279,36,3819,3819,1,4
4398046609903,42,3820,3820,1,3
274877913119,38,3820,3821,2,1
68719478280,36,3824,3828,5,4
34359739140,35,3829,3834,6,11
17179869570,34,3835,3839,5,17
8589934785,33,3799,3822,24,8
2199023304994,41,3825,3825,1,2
549755826248,39,3826,3827,2,3
274877913124,38,3828,3828,1,1
68719478281,36,3823,3823,1,4
2199023304995,41,3824,3824,1,2
1099511652498,40,3827,3827,1,2
549755826249,39,3824,3825,2,3
1099511652499,40,3826,3826,1,2
274877913125,38,3824,3827,4,1
68719478282,36,3830,3834,5,4
34359739141,35,3823,3828,6,11
274877913132,38,3831,3831,1,3
137438956566,37,3832,3834,3,1
68719478283,36,3829,3829,1,4
274877913133,38,3830,3830,1,3
1099511652538,40,3833,3833,1,2
274877913134,38,3834,3834,1,3
137438956567,37,3830,3831,2,1
1099511652539,40,3832,3832,1,2
274877913135,38,3832,3833,2,3
137438956570,37,3836,3836,1,4
34359739142,35,3837,3839,3,11
17179869571,34,3823,3834,12,17
137438956571,37,3835,3835,1,4
549755826288,39,3838,3838,1,1
68719478286,36,3839,3839,1,4
34359739143,35,3835,3836,2,11
549755826289,39,3837,3837,1,1
68719478287,36,3837,3838,2,4
137438956576,37,3841,3843,3,1
68719478288,36,3844,3845,2,4
34359739144,35,3846,3850,5,11
17179869572,34,3851,3857,7,17
8589934786,33,3858,3876,19,8
4294967393,32,3799,3839,41,16
1099511652616,40,3842,3842,1,2
274877913154,38,3843,3843,1,3
137438956577,37,3840,3840,1,1
1099511652617,40,3841,3841,1,2
274877913155,38,3841,3842,2,3
137438956578,37,3845,3845,1,1
68719478289,36,3840,3843,4,4
137438956579,37,3844,3844,1,1
274877913160,38,3847,3847,1,3
137438956580,37,3848,3849,2,1
68719478290,36,3850,3850,1,4
34359739145,35,3840,3845,6,11
274877913161,38,3846,3846,1,3
274877913162,38,3849,3849,1,3
137438956581,37,3846,3847,2,1
274877913163,38,3848,3848,1,3
68719478291,36,3846,3849,4,4
68719478292,36,3852,3854,3,4
34359739146,35,3855,3857,3,11
17179869573,34,3840,3850,11,17
137438956586,37,3853,3854,2,1
68719478293,36,3851,3851,1,4
1099511652698,40,3854,3854,1,3
137438956587,37,3852,3852,1,1
1099511652699,40,3853,3853,1,3
137438956588,37,3856,3857,2,4
34359739147,35,3851,3854,4,11
274877913178,38,3857,3857,1,1
137438956589,37,3855,3855,1,4
274877913179,38,3856,3856,1,1
68719478296,36,3859,3860,2,4
34359739148,35,3861,3866,6,11
17179869574,34,3867,3876,10,17
8589934787,33,3840,3857,18,8
549755826378,39,3860,3860,1,1
68719478297,36,3858,3858,1,4
549755826379,39,3859,3859,1,1
549755826390,39,3862,3862,1,1
68719478298,36,3863,3866,4,4
34359739149,35,3858,3860,3,11
549755826391,39,3861,3861,1,1
274877913196,38,3864,3865,2,3
137438956598,37,3866,3866,1,1
68719478299,36,3861,3862,2,4
549755826394,39,3865,3865,1,2
274877913197,38,3863,3863,1,3
549755826395,39,3864,3864,1,2
137438956599,37,3863,3865,3,1
68719478300,36,3868,3870,3,4
34359739150,35,3871,3876,6,11
17179869575,34,3858,3866,9,17
137438956602,37,3869,3870,2,1
68719478301,36,3867,3867,1,4
1099511652826,40,3870,3870,1,3
137438956603,37,3868,3868,1,1
1099511652827,40,3869,3869,1,3
137438956604,37,3872,3873,2,1
68719478302,36,3874,3876,3,4
34359739151,35,3867,3870,4,11
274877913210,38,3873,3873,1,3
137438956605,37,3871,3871,1,1
274877913211,38,3872,3872,1,3
137438956606,37,3875,3876,2,1
68719478303,36,3871,3873,3,4
549755826430,39,3876,3876,1,3
137438956607,37,3874,3874,1,1
549755826431,39,3875,3875,1,3
274877913222,38,3878,3879,2,4
34359739152,35,3880,3881,2,11
17179869576,34,3882,3891,10,17
8589934788,33,3892,3924,33,8
4294967394,32,3925,3960,36,16
2147483697,31,3799,3876,78,12
4398046611578,42,3879,3879,1,1
274877913223,38,3877,3877,1,4
4398046611579,42,3878,3878,1,1
68719478306,36,3881,3881,1,4
34359739153,35,3877,3879,3,11
68719478307,36,3880,3880,1,4
274877913232,38,3883,3884,2,1
68719478308,36,3885,3886,2,4
34359739154,35,3887,3891,5,11
17179869577,34,3877,3881,5,17
549755826466,39,3884,3884,1,3
274877913233,38,3882,3882,1,1
549755826467,39,3883,3883,1,3
549755826476,39,3886,3886,1,1
68719478309,36,3882,3884,3,4
549755826477,39,3885,3885,1,1
274877913242,38,3888,3889,2,1
68719478310,36,3890,3891,2,4
34359739155,35,3882,3886,5,11
35184372895216,45,3889,3889,1,3
274877913243,38,3887,3887,1,1
35184372895217,45,3888,3888,1,3
549755826492,39,3891,3891,1,1
68719478311,36,3887,3889,3,4
549755826493,39,3890,3890,1,1
137438956624,37,3893,3894,2,1
68719478312,36,3895,3900,6,4
34359739156,35,3901,3911,11,11
17179869578,34,3912,3924,13,17
8589934789,33,3877,3891,15,8
549755826502,39,3894,3894,1,3
137438956625,37,3892,3892,1,1
549755826503,39,3893,3893,1,3
274877913252,38,3896,3896,1,3
137438956626,37,3897,3900,4,1
68719478313,36,3892,3894,3,4
274877913253,38,3895,3895,1,3
1099511653016,40,3898,3898,1,2
274877913254,38,3899,3900,2,3
137438956627,37,3895,3896,2,1
1099511653017,40,3897,3897,1,2
549755826510,39,3900,3900,1,2
274877913255,38,3897,3898,2,3
549755826511,39,3899,3899,1,2
137438956628,37,3902,3905,4,1
68719478314,36,3906,3911,6,4
34359739157,35,3892,3900,9,11
8796093224266,43,3903,3903,1,2
549755826516,39,3904,3905,2,3
137438956629,37,3901,3901,1,1
8796093224267,43,3902,3902,1,2
1099511653034,40,3905,3905,1,2
549755826517,39,3902,3903,2,3
1099511653035,40,3904,3904,1,2
549755826520,39,3907,3907,1,2
274877913260,38,3908,3910,3,3
137438956630,37,3911,3911,1,1
68719478315,36,3901,3905,5,4
549755826521,39,3906,3906,1,2
8796093224354,43,3909,3909,1,5
2199023306088,41,3910,3910,1,2
274877913261,38,3906,3907,2,3
8796093224355,43,3908,3908,1,5
2199023306089,41,3908,3909,2,2
137438956631,37,3906,3910,5,1
274877913268,38,3913,3914,2,1
137438956634,37,3915,3916,2,4
34359739158,35,3917,3924,8,11
17179869579,34,3892,3911,20,17
549755826538,39,3914,3914,1,3
274877913269,38,3912,3912,1,1
549755826539,39,3913,3913,1,3
274877913270,38,3916,3916,1,1
137438956635,37,3912,3914,3,4
274877913271,38,3915,3915,1,1
1099511653088,40,3918,3918,1,2
549755826544,39,3919,3919,1,3
137438956636,37,3920,3921,2,1
68719478318,36,3922,3924,3,4
34359739159,35,3912,3916,5,11
1099511653089,40,3917,3917,1,2
549755826545,39,3917,3918,2,3
1099511653102,40,3921,3921,1,3
137438956637,37,3917,3919,3,1
1099511653103,40,3920,3920,1,3
274877913276,38,3923,3924,2,1
68719478319,36,3917,3921,5,4
549755826554,39,3924,3924,1,3
274877913277,38,3922,3922,1,1
549755826555,39,3923,3923,1,3
274877913280,38,3926,3926,1,3
137438956640,37,3927,3928,2,1
68719478320,36,3929,3930,2,4
34359739160,35,3931,3937,7,11
17179869580,34,3938,3946,9,17
8589934790,33,3947,3960,14,8
4294967395,32,3877,3924,48,16
274877913281,38,3925,3925,1,3
549755826566,39,3928,3928,1,3
137438956641,37,3925,3926,2,1
549755826567,39,3927,3927,1,3
274877913286,38,3930,3930,1,1
68719478321,36,3925,3928,4,4
274877913287,38,3929,3929,1,1
549755826576,39,3932,3934,3,2
274877913288,38,3935,3935,1,3
137438956644,37,3936,3936,1,1
68719478322,36,3937,3937,1,4
34359739161,35,3925,3930,6,11
2199023306308,41,3933,3933,1,9
1099511653154,40,3934,3934,1,5
549755826577,39,3931,3931,1,2
2199023306309,41,3932,3932,1,9
1099511653155,40,3932,3933,2,5
274877913289,38,3931,3934,4,3
137438956645,37,3931,3935,5,1
68719478323,36,3931,3936,6,4
137438956648,37,3939,3939,1,1
68719478324,36,3940,3940,1,4
34359739162,35,3941,3946,6,11
17179869581,34,3925,3937,13,17
137438956649,37,3938,3938,1,1
68719478325,36,3938,3939,2,4
274877913304,38,3942,3943,2,3
137438956652,37,3944,3945,2,1
68719478326,36,3946,3946,1,4
34359739163,35,3938,3940,3,11
549755826610,39,3943,3943,1,2
274877913305,38,3941,3941,1,3
549755826611,39,3942,3942,1,2
549755826614,39,3945,3945,1,3
137438956653,37,3941,3943,3,1
549755826615,39,3944,3944,1,3
68719478327,36,3941,3945,5,4
70368745807874,46,3948,3948,1,3
549755826624,39,3949,3950,2,1
68719478328,36,3951,3952,2,4
34359739164,35,3953,3954,2,11
17179869582,34,3955,3960,6,17
8589934791,33,3925,3946,22,8
70368745807875,46,3947,3947,1,3
1099511653250,40,3950,3950,1,3
549755826625,39,3947,3948,2,1
1099511653251,40,3949,3949,1,3
137438956658,37,3952,3952,1,1
68719478329,36,3947,3950,4,4
137438956659,37,3951,3951,1,1
1099511653286,40,3954,3954,1,4
34359739165,35,3947,3952,6,11
1099511653287,40,3953,3953,1,4
137438956664,37,3956,3956,1,1
68719478332,36,3957,3957,1,4
34359739166,35,3958,3960,3,11
17179869583,34,3947,3954,8,17
137438956665,37,3955,3955,1,1
68719478333,36,3955,3956,2,4
1099511653368,40,3959,3959,1,1
549755826684,39,3960,3960,1,4
34359739167,35,3955,3957,3,11
1099511653369,40,3958,3958,1,1
549755826685,39,3958,3959,2,4
274877913344,38,3962,3962,1,3
137438956672,37,3963,3963,1,1
68719478336,36,3964,3966,3,4
34359739168,35,3967,3971,5,11
17179869584,34,3972,3985,14,17
8589934792,33,3986,4013,28,8
4294967396,32,4014,4057,44,16
2147483698,31,4058,4148,91,12
1073741849,30,3799,3960,162,15
274877913345,38,3961,3961,1,3
137438956673,37,3961,3962,2,1
35184372908702,45,3965,3965,1,3
137438956674,37,3966,3966,1,1
68719478337,36,3961,3963,3,4
35184372908703,45,3964,3964,1,3
137438956675,37,3964,3965,2,1
137438956676,37,3968,3971,4,4
34359739169,35,3961,3966,6,11
549755826708,39,3969,3971,3,1
137438956677,37,3967,3967,1,4
8796093227346,43,3970,3970,1,2
1099511653418,40,3971,3971,1,3
549755826709,39,3968,3968,1,1
8796093227347,43,3969,3969,1,2
1099511653419,40,3969,3970,2,3
274877913360,38,3973,3973,1,3
137438956680,37,3974,3977,4,1
68719478340,36,3978,3981,4,4
34359739170,35,3982,3985,4,11
17179869585,34,3961,3971,11,17
274877913361,38,3972,3972,1,3
2199023306902,41,3975,3975,1,2
274877913362,38,3976,3977,2,3
137438956681,37,3972,3973,2,1
2199023306903,41,3974,3974,1,2
4398046613818,42,3977,3977,1,2
274877913363,38,3974,3975,2,3
4398046613819,42,3976,3976,1,2
274877913364,38,3979,3979,1,3
137438956682,37,3980,3981,2,1
68719478341,36,3972,3977,6,4
274877913365,38,3978,3978,1,3
1099511653468,40,3981,3981,1,3
137438956683,37,3978,3979,2,1
1099511653469,40,3980,3980,1,3
68719478342,36,3983,3985,3,4
34359739171,35,3972,3981,10,11
137438956686,37,3984,3985,2,1
68719478343,36,3982,3982,1,4
1099511653498,40,3985,3985,1,3
137438956687,37,3983,3983,1,1
1099511653499,40,3984,3984,1,3
137438956688,37,3987,3989,3,1
68719478344,36,3990,3995,6,4
34359739172,35,3996,4002,7,11
17179869586,34,4003,4013,11,17
8589934793,33,3961,3985,25,8
274877913378,38,3988,3989,2,3
137438956689,37,3986,3986,1,1
1099511653518,40,3989,3989,1,2
274877913379,38,3987,3987,1,3
1099511653519,40,3988,3988,1,2
1099511653522,40,3991,3991,1,2
274877913380,38,3992,3992,1,3
137438956690,37,3993,3995,3,1
68719478345,36,3986,3989,4,4
1099511653523,40,3990,3990,1,2
274877913381,38,3990,3991,2,3
2199023307064,41,3994,3994,1,2
549755826766,39,3995,3995,1,3
137438956691,37,3990,3992,3,1
2199023307065,41,3993,3993,1,2
549755826767,39,3993,3994,2,3
137438956692,37,3997,3999,3,1
68719478346,36,4000,4002,3,4
34359739173,35,3986,3995,10,11
274877913386,38,3998,3999,2,3
137438956693,37,3996,3996,1,1
549755826774,39,3999,3999,1,2
274877913387,38,3997,3997,1,3
549755826775,39,3998,3998,1,2
137438956694,37,4001,4002,2,1
68719478347,36,3996,3999,4,4
549755826780,39,4002,4002,1,3
137438956695,37,4000,4000,1,1
549755826781,39,4001,4001,1,3
549755826784,39,4004,4004,1,2
274877913392,38,4005,4005,1,3
137438956696,37,4006,4008,3,1
68719478348,36,4009,4009,1,4
34359739174,35,4010,4013,4,11
17179869587,34,3986,4002,17,17
549755826785,39,4003,4003,1,2
274877913393,38,4003,4004,2,3
4398046614306,42,4007,4007,1,2
274877913394,38,4008,4008,1,3
137438956697,37,4003,4005,3,1
4398046614307,42,4006,4006,1,2
274877913395,38,4006,4007,2,3
68719478349,36,4003,4008,6,4
4398046614442,42,4011,4011,1,3
274877913402,38,4012,4012,1,1
68719478350,36,4013,4013,1,4
34359739175,35,4003,4009,7,11
4398046614443,42,4010,4010,1,3
274877913403,38,4010,4011,2,1
68719478351,36,4010,4012,3,4
68719478352,36,4015,4016,2,4
34359739176,35,4017,4025,9,11
17179869588,34,4026,4033,8,17
8589934794,33,4034,4057,24,8
4294967397,32,3961,4013,53,16
137438956706,37,4016,4016,1,1
68719478353,36,4014,4014,1,4
137438956707,37,4015,4015,1,1
549755826832,39,4018,4018,1,2
274877913416,38,4019,4020,2,3
137438956708,37,4021,4021,1,1
68719478354,36,4022,4025,4,4
34359739177,35,4014,4016,3,11
549755826833,39,4017,4017,1,2
549755826834,39,4020,4020,1,2
274877913417,38,4017,4018,2,3
549755826835,39,4019,4019,1,2
137438956709,37,4017,4020,4,1
274877913420,38,4023,4023,1,3
137438956710,37,4024,4025,2,1
68719478355,36,4017,4021,5,4
274877913421,38,4022,4022,1,3
17592186459084,44,4025,4025,1,3
137438956711,37,4022,4023,2,1
17592186459085,44,4024,4024,1,3
274877913424,38,4027,4027,1,3
137438956712,37,4028,4028,1,1
68719478356,36,4029,4029,1,4
34359739178,35,4030,4033,4,11
17179869589,34,4014,4025,12,17
274877913425,38,4026,4026,1,3
137438956713,37,4026,4027,2,1
68719478357,36,4026,4028,3,4
68719478358,36,4031,4033,3,4
34359739179,35,4026,4029,4,11
274877913436,38,4032,4032,1,3
137438956718,37,4033,4033,1,1
68719478359,36,4030,4030,1,4
274877913437,38,4031,4031,1,3
137438956719,37,4031,4032,2,1
35184372920454,45,4035,4035,1,1
68719478360,36,4036,4036,1,4
34359739180,35,4037,4045,9,11
17179869590,34,4046,4057,12,17
8589934795,33,4014,4033,20,8
35184372920455,45,4034,4034,1,1
68719478361,36,4034,4035,2,4
137438956724,37,4038,4038,1,1
68719478362,36,4039,4045,7,4
34359739181,35,4034,4036,3,11
137438956725,37,4037,4037,1,1
1099511653812,40,4040,4041,2,3
137438956726,37,4042,4045,4,1
68719478363,36,4037,4038,2,4
2199023307626,41,4041,4041,1,2
1099511653813,40,4039,4039,1,3
2199023307627,41,4040,4040,1,2
549755826908,39,4043,4043,1,2
274877913454,38,4044,4045,2,3
137438956727,37,4039,4041,3,1
549755826909,39,4042,4042,1,2
549755826910,39,4045,4045,1,2
274877913455,38,4042,4043,2,3
549755826911,39,4044,4044,1,2
549755826914,39,4047,4047,1,1
68719478364,36,4048,4051,4,4
34359739182,35,4052,4057,6,11
17179869591,34,4034,4045,12,17
549755826915,39,4046,4046,1,1
274877913460,38,4049,4050,2,3
137438956730,37,4051,4051,1,1
68719478365,36,4046,4047,2,4
549755826922,39,4050,4050,1,2
274877913461,38,4048,4048,1,3
549755826923,39,4049,4049,1,2
137438956731,37,4048,4050,3,1
137438956732,37,4053,4054,2,1
68719478366,36,4055,4057,3,4
34359739183,35,4046,4051,6,11
1099511653868,40,4054,4054,1,3
137438956733,37,4052,4052,1,1
1099511653869,40,4053,4053,1,3
549755826936,39,4056,4056,1,3
137438956734,37,4057,4057,1,1
68719478367,36,4052,4054,3,4
549755826937,39,4055,4055,1,3
137438956735,37,4055,4056,2,1
137438956736,37,4059,4060,2,1
68719478368,36,4061,4063,3,4
34359739184,35,4064,4067,4,11
17179869592,34,4068,4074,7,17
8589934796,33,4075,4101,27,8
4294967398,32,4102,4148,47,16
2147483699,31,3961,4057,97,12
274877913474,38,4060,4060,1,3
137438956737,37,4058,4058,1,1
274877913475,38,4059,4059,1,3
274877913476,38,4062,4062,1,3
137438956738,37,4063,4063,1,1
68719478369,36,4058,4060,3,4
274877913477,38,4061,4061,1,3
137438956739,37,4061,4062,2,1
68719478370,36,4065,4067,3,4
34359739185,35,4058,4063,6,11
137438956742,37,4066,4067,2,1
68719478371,36,4064,4064,1,4
2199023307898,41,4067,4067,1,3
137438956743,37,4065,4065,1,1
2199023307899,41,4066,4066,1,3
137438956746,37,4069,4069,1,4
34359739186,35,4070,4074,5,11
17179869593,34,4058,4067,10,17
137438956747,37,4068,4068,1,4
274877913496,38,4071,4072,2,3
137438956748,37,4073,4073,1,1
68719478374,36,4074,4074,1,4
34359739187,35,4068,4069,2,11
1099511653988,40,4072,4072,1,2
274877913497,38,4070,4070,1,3
1099511653989,40,4071,4071,1,2
137438956749,37,4070,4072,3,1
68719478375,36,4070,4073,4,4
4398046616082,42,4076,4077,2,1
68719478376,36,4078,4082,5,4
34359739188,35,4083,4088,6,11
17179869594,34,4089,4101,13,17
8589934797,33,4058,4074,17,8
70368745857328,46,4077,4077,1,3
4398046616083,42,4075,4075,1,1
70368745857329,46,4076,4076,1,3
1099511654032,40,4079,4079,1,2
274877913508,38,4080,4081,2,3
137438956754,37,4082,4082,1,1
68719478377,36,4075,4077,3,4
1099511654033,40,4078,4078,1,2
1099511654036,40,4081,4081,1,2
274877913509,38,4078,4079,2,3
1099511654037,40,4080,4080,1,2
137438956755,37,4078,4081,4,1
68719478378,36,4084,4088,5,4
34359739189,35,4075,4082,8,11
549755827032,39,4085,4085,1,3
137438956758,37,4086,4088,3,1
68719478379,36,4083,4083,1,4
549755827033,39,4084,4084,1,3
549755827036,39,4087,4087,1,2
274877913518,38,4088,4088,1,3
137438956759,37,4084,4085,2,1
549755827037,39,4086,4086,1,2
274877913519,38,4086,4087,2,3
137438956760,37,4090,4090,1,1
68719478380,36,4091,4093,3,4
34359739190,35,4094,4101,8,11
17179869595,34,4075,4088,14,17
137438956761,37,4089,4089,1,1
274877913524,38,4092,4092,1,3
137438956762,37,4093,4093,1,1
68719478381,36,4089,4090,2,4
274877913525,38,4091,4091,1,3
137438956763,37,4091,4092,2,1
137438956764,37,4095,4096,2,1
68719478382,36,4097,4101,5,4
34359739191,35,4089,4093,5,11
274877913530,38,4096,4096,1,3
137438956765,37,4094,4094,1,1
274877913531,38,4095,4095,1,3
1099511654128,40,4098,4098,1,3
137438956766,37,4099,4101,3,1
68719478383,36,4094,4096,3,4
1099511654129,40,4097,4097,1,3
549755827068,39,4100,4100,1,2
274877913534,38,4101,4101,1,3
137438956767,37,4097,4098,2,1
549755827069,39,4099,4099,1,2
274877913535,38,4099,4100,2,3
137438956768,37,4103,4105,3,1
68719478384,36,4106,4108,3,4
34359739192,35,4109,4114,6,11
17179869596,34,4115,4127,13,17
8589934798,33,4128,4148,21,8
4294967399,32,4058,4101,44,16
17592186466446,44,4104,4104,1,2
549755827076,39,4105,4105,1,3
137438956769,37,4102,4102,1,1
17592186466447,44,4103,4103,1,2
549755827077,39,4103,4104,2,3
549755827080,39,4107,4107,1,3
274877913540,38,4108,4108,1,1
68719478385,36,4102,4105,4,4
549755827081,39,4106,4106,1,3
274877913541,38,4106,4107,2,1
549755827088,39,4110,4110,1,2
274877913544,38,4111,4111,1,3
137438956772,37,4112,4112,1,1
68719478386,36,4113,4114,2,4
34359739193,35,4102,4108,7,11
549755827089,39,4109,4109,1,2
274877913545,38,4109,4110,2,3
137438956773,37,4109,4111,3,1
1099511654204,40,4114,4114,1,1
68719478387,36,4109,4112,4,4
1099511654205,40,4113,4113,1,1
549755827104,39,4116,4116,1,2
274877913552,38,4117,4118,2,3
137438956776,37,4119,4120,2,1
68719478388,36,4121,4122,2,4
34359739194,35,4123,4127,5,11
17179869597,34,4102,4114,13,17
549755827105,39,4115,4115,1,2
549755827106,39,4118,4118,1,2
274877913553,38,4115,4116,2,3
549755827107,39,4117,4117,1,2
549755827108,39,4120,4120,1,3
137438956777,37,4115,4118,4,1
549755827109,39,4119,4119,1,3
137438956778,37,4122,4122,1,1
68719478389,36,4115,4120,6,4
137438956779,37,4121,4121,1,1
68719478390,36,4124,4127,4,4
34359739195,35,4115,4122,8,11
274877913564,38,4125,4126,2,3
137438956782,37,4127,4127,1,1
68719478391,36,4123,4123,1,4
549755827130,39,4126,4126,1,2
274877913565,38,4124,4124,1,3
549755827131,39,4125,4125,1,2
137438956783,37,4124,4126,3,1
274877913568,38,4129,4129,1,1
137438956784,37,4130,4130,1,4
34359739196,35,4131,4135,5,11
17179869598,34,4136,4148,13,17
8589934799,33,4102,4127,26,8
274877913569,38,4128,4128,1,1
137438956785,37,4128,4129,2,4
4398046617218,42,4132,4132,1,1
137438956788,37,4133,4135,3,4
34359739197,35,4128,4130,3,11
4398046617219,42,4131,4131,1,1
549755827156,39,4134,4135,2,1
137438956789,37,4131,4132,2,4
2199023308630,41,4135,4135,1,3
549755827157,39,4133,4133,1,1
2199023308631,41,4134,4134,1,3
137438956792,37,4137,4139,3,1
68719478396,36,4140,4143,4,4
34359739198,35,4144,4148,5,11
17179869599,34,4128,4135,8,17
549755827174,39,4138,4139,2,3
137438956793,37,4136,4136,1,1
4398046617400,42,4139,4139,1,2
549755827175,39,4137,4137,1,3
4398046617401,42,4138,4138,1,2
274877913588,38,4141,4141,1,3
137438956794,37,4142,4143,2,1
68719478397,36,4136,4139,4,4
274877913589,38,4140,4140,1,3
549755827182,39,4143,4143,1,3
137438956795,37,4140,4141,2,1
549755827183,39,4142,4142,1,3
1099511654374,40,4145,4145,1,3
137438956796,37,4146,4147,2,1
68719478398,36,4148,4148,1,4
34359739199,35,4136,4143,8,11
1099511654375,40,4144,4144,1,3
549755827190,39,4147,4147,1,3
137438956797,37,4144,4145,2,1
549755827191,39,4146,4146,1,3
68719478399,36,4144,4147,4,4
2199023308812,41,4150,4150,1,1
137438956800,37,4151,4152,2,4
34359739200,35,4153,4159,7,11
17179869600,34,4160,4169,10,17
8589934800,33,4170,4185,16,8
4294967400,32,4186,4226,41,16
2147483700,31,4227,4296,70,12
1073741850,30,4297,4466,170,15
536870925,29,3799,4148,350,7
2199023308813,41,4149,4149,1,1
2199023308820,41,4152,4152,1,1
137438956801,37,4149,4150,2,4
2199023308821,41,4151,4151,1,1
549755827216,39,4154,4154,1,3
137438956804,37,4155,4156,2,1
68719478402,36,4157,4159,3,4
34359739201,35,4149,4152,4,11
549755827217,39,4153,4153,1,3
1099511654440,40,4156,4156,1,3
137438956805,37,4153,4154,2,1
1099511654441,40,4155,4155,1,3
549755827224,39,4158,4158,1,3
137438956806,37,4159,4159,1,1
68719478403,36,4153,4156,4,4
549755827225,39,4157,4157,1,3
137438956807,37,4157,4158,2,1
137438956808,37,4161,4162,2,1
68719478404,36,4163,4164,2,4
34359739202,35,4165,4169,5,11
17179869601,34,4149,4159,11,17
274877913618,38,4162,4162,1,3
137438956809,37,4160,4160,1,1
274877913619,38,4161,4161,1,3
137438956810,37,4164,4164,1,1
68719478405,36,4160,4162,3,4
137438956811,37,4163,4163,1,1
68719478406,36,4166,4169,4,4
34359739203,35,4160,4164,5,11
1099511654512,40,4167,4167,1,2
274877913628,38,4168,4168,1,3
137438956814,37,4169,4169,1,1
68719478407,36,4165,4165,1,4
1099511654513,40,4166,4166,1,2
274877913629,38,4166,4167,2,3
137438956815,37,4166,4168,3,1
549755827274,39,4171,4171,1,1
137438956818,37,4172,4173,2,4
34359739204,35,4174,4177,4,11
17179869602,34,4178,4185,8,17
8589934801,33,4149,4169,21,8
549755827275,39,4170,4170,1,1
274877913638,38,4173,4173,1,1
137438956819,37,4170,4171,2,4
274877913639,38,4172,4172,1,1
274877913644,38,4175,4176,2,1
137438956822,37,4177,4177,1,4
34359739205,35,4170,4173,4,11
549755827290,39,4176,4176,1,3
274877913645,38,4174,4174,1,1
549755827291,39,4175,4175,1,3
137438956823,37,4174,4176,3,4
68719478412,36,4179,4180,2,4
34359739206,35,4181,4185,5,11
17179869603,34,4170,4177,8,17
8796093236916,43,4180,4180,1,1
68719478413,36,4178,4178,1,4
8796093236917,43,4179,4179,1,1
137438956828,37,4182,4182,1,1
68719478414,36,4183,4185,3,4
34359739207,35,4178,4180,3,11
137438956829,37,4181,4181,1,1
274877913660,38,4184,4184,1,3
137438956830,37,4185,4185,1,1
68719478415,36,4181,4182,2,4
274877913661,38,4183,4183,1,3
137438956831,37,4183,4184,2,1
1099511654672,40,4187,4187,1,1
137438956834,37,4188,4188,1,4
34359739208,35,4189,4195,7,11
17179869604,34,4196,4207,12,17
8589934802,33,4208,4226,19,8
4294967401,32,4149,4185,37,16
1099511654673,40,4186,4186,1,1
137438956835,37,4186,4187,2,4
1099511654710,40,4190,4190,1,1
137438956838,37,4191,4195,5,4
34359739209,35,4186,4188,3,11
1099511654711,40,4189,4189,1,1
274877913678,38,4192,4195,4,1
137438956839,37,4189,4190,2,4
2199023309432,41,4193,4193,1,2
549755827358,39,4194,4195,2,3
274877913679,38,4191,4191,1,1
2199023309433,41,4192,4192,1,2
4398046618874,42,4195,4195,1,2
549755827359,39,4192,4193,2,3
4398046618875,42,4194,4194,1,2
549755827362,39,4197,4197,1,3
137438956840,37,4198,4198,1,1
68719478420,36,4199,4203,5,4
34359739210,35,4204,4207,4,11
17179869605,34,4186,4195,10,17
549755827363,39,4196,4196,1,3
137438956841,37,4196,4197,2,1
274877913684,38,4200,4200,1,3
137438956842,37,4201,4203,3,1
68719478421,36,4196,4198,3,4
274877913685,38,4199,4199,1,3
274877913686,38,4202,4203,2,3
137438956843,37,4199,4200,2,1
549755827374,39,4203,4203,1,2
274877913687,38,4201,4201,1,3
549755827375,39,4202,4202,1,2
68719478422,36,4205,4207,3,4
34359739211,35,4196,4203,8,11
274877913692,38,4206,4206,1,3
137438956846,37,4207,4207,1,1
68719478423,36,4204,4204,1,4
274877913693,38,4205,4205,1,3
137438956847,37,4205,4206,2,1
274877913700,38,4209,4209,1,1
137438956850,37,4210,4210,1,4
34359739212,35,4211,4216,6,11
17179869606,34,4217,4226,10,17
8589934803,33,4186,4207,22,8
274877913701,38,4208,4208,1,1
137438956851,37,4208,4209,2,4
137438956852,37,4212,4214,3,1
68719478426,36,4215,4216,2,4
34359739213,35,4208,4210,3,11
549755827412,39,4213,4213,1,2
274877913706,38,4214,4214,1,3
137438956853,37,4211,4211,1,1
549755827413,39,4212,4212,1,2
274877913707,38,4212,4213,2,3
137438956854,37,4216,4216,1,1
68719478427,36,4211,4214,4,4
137438956855,37,4215,4215,1,1
274877913712,38,4218,4218,1,3
137438956856,37,4219,4219,1,1
68719478428,36,4220,4222,3,4
34359739214,35,4223,4226,4,11
17179869607,34,4208,4216,9,17
274877913713,38,4217,4217,1,3
137438956857,37,4217,4218,2,1
137438956858,37,4221,4222,2,1
68719478429,36,4217,4219,3,4
549755827438,39,4222,4222,1,3
137438956859,37,4220,4220,1,1
549755827439,39,4221,4221,1,3
137438956860,37,4224,4224,1,1
68719478430,36,4225,4226,2,4
34359739215,35,4217,4222,6,11
137438956861,37,4223,4223,1,1
137438956862,37,4226,4226,1,1
68719478431,36,4223,4224,2,4
137438956863,37,4225,4225,1,1
137438956864,37,4228,4228,1,1
68719478432,36,4229,4233,5,4
34359739216,35,4234,4240,7,11
17179869608,34,4241,4253,13,17
8589934804,33,4254,4268,15,8
4294967402,32,4269,4296,28,16
2147483701,31,4149,4226,78,12
137438956865,37,4227,4227,1,1
137438956866,37,4230,4233,4,1
68719478433,36,4227,4228,2,4
549755827468,39,4231,4231,1,2
274877913734,38,4232,4233,2,3
137438956867,37,4229,4229,1,1
549755827469,39,4230,4230,1,2
17592186479076,44,4233,4233,1,2
274877913735,38,4230,4231,2,3
17592186479077,44,4232,4232,1,2
137438956868,37,4235,4235,1,1
68719478434,36,4236,4240,5,4
34359739217,35,4227,4233,7,11
137438956869,37,4234,4234,1,1
549755827480,39,4237,4237,1,2
274877913740,38,4238,4238,1,3
137438956870,37,4239,4240,2,1
68719478435,36,4234,4235,2,4
549755827481,39,4236,4236,1,2
274877913741,38,4236,4237,2,3
274877913742,38,4240,4240,1,3
137438956871,37,4236,4238,3,1
274877913743,38,4239,4239,1,3
549755827488,39,4242,4242,1,3
137438956872,37,4243,4243,1,1
68719478436,36,4244,4246,3,4
34359739218,35,4247,4253,7,11
17179869609,34,4227,4240,14,17
549755827489,39,4241,4241,1,3
137438956873,37,4241,4242,2,1
549755827498,39,4245,4245,1,3
137438956874,37,4246,4246,1,1
68719478437,36,4241,4243,3,4
549755827499,39,4244,4244,1,3
137438956875,37,4244,4245,2,1
8796093240126,43,4248,4249,2,3
137438956876,37,4250,4250,1,1
68719478438,36,4251,4253,3,4
34359739219,35,4241,4246,6,11
35184372960510,45,4249,4249,1,2
8796093240127,43,4247,4247,1,3
35184372960511,45,4248,4248,1,2
137438956877,37,4247,4249,3,1
549755827514,39,4252,4252,1,3
137438956878,37,4253,4253,1,1
68719478439,36,4247,4250,4,4
549755827515,39,4251,4251,1,3
137438956879,37,4251,4252,2,1
1099511655046,40,4255,4255,1,3
137438956880,37,4256,4256,1,1
68719478440,36,4257,4257,1,4
34359739220,35,4258,4263,6,11
17179869610,34,4264,4268,5,17
8589934805,33,4227,4253,27,8
1099511655047,40,4254,4254,1,3
137438956881,37,4254,4255,2,1
68719478441,36,4254,4256,3,4
137438956884,37,4259,4259,1,1
68719478442,36,4260,4263,4,4
34359739221,35,4254,4257,4,11
137438956885,37,4258,4258,1,1
137438956886,37,4261,4263,3,1
68719478443,36,4258,4259,2,4
1099511655098,40,4262,4263,2,3
137438956887,37,4260,4260,1,1
2199023310198,41,4263,4263,1,2
1099511655099,40,4261,4261,1,3
2199023310199,41,4262,4262,1,2
274877913776,38,4265,4265,1,1
137438956888,37,4266,4266,1,4
34359739222,35,4267,4268,2,11
17179869611,34,4254,4263,10,17
274877913777,38,4264,4264,1,1
137438956889,37,4264,4265,2,4
137438956892,37,4268,4268,1,4
34359739223,35,4264,4266,3,11
137438956893,37,4267,4267,1,4
68719478448,36,4270,4270,1,4
34359739224,35,4271,4272,2,11
17179869612,34,4273,4280,8,17
8589934806,33,4281,4296,16,8
4294967403,32,4227,4268,42,16
68719478449,36,4269,4269,1,4
68719478450,36,4272,4272,1,4
34359739225,35,4269,4270,2,11
68719478451,36,4271,4271,1,4
137438956906,37,4274,4275,2,4
34359739226,35,4276,4280,5,11
17179869613,34,4269,4272,4,17
274877913814,38,4275,4275,1,1
137438956907,37,4273,4273,1,4
274877913815,38,4274,4274,1,1
68719478454,36,4277,4280,4,4
34359739227,35,4273,4275,3,11
1099511655280,40,4278,4278,1,2
274877913820,38,4279,4279,1,3
137438956910,37,4280,4280,1,1
68719478455,36,4276,4276,1,4
1099511655281,40,4277,4277,1,2
274877913821,38,4277,4278,2,3
137438956911,37,4277,4279,3,1
274877913826,38,4282,4283,2,1
68719478456,36,4284,4285,2,4
34359739228,35,4286,4286,1,11
17179869614,34,4287,4296,10,17
8589934807,33,4269,4280,12,8
4398046621242,42,4283,4283,1,3
274877913827,38,4281,4281,1,1
4398046621243,42,4282,4282,1,3
137438956914,37,4285,4285,1,1
68719478457,36,4281,4283,3,4
137438956915,37,4284,4284,1,1
34359739229,35,4281,4285,5,11
137438956920,37,4288,4289,2,1
68719478460,36,4290,4292,3,4
34359739230,35,4293,4296,4,11
17179869615,34,4281,4286,6,17
549755827684,39,4289,4289,1,3
137438956921,37,4287,4287,1,1
549755827685,39,4288,4288,1,3
274877913844,38,4291,4291,1,3
137438956922,37,4292,4292,1,1
68719478461,36,4287,4289,3,4
274877913845,38,4290,4290,1,3
137438956923,37,4290,4291,2,1
137438956924,37,4294,4295,2,1
68719478462,36,4296,4296,1,4
34359739231,35,4287,4292,6,11
274877913850,38,4295,4295,1,3
137438956925,37,4293,4293,1,1
274877913851,38,4294,4294,1,3
68719478463,36,4293,4295,3,4
35184372973720,45,4298,4298,1,1
68719478464,36,4299,4302,4,4
34359739232,35,4303,4308,6,11
17179869616,34,4309,4316,8,17
8589934808,33,4317,4339,23,8
4294967404,32,4340,4380,41,16
2147483702,31,4381,4466,86,12
1073741851,30,4149,4296,148,15
35184372973721,45,4297,4297,1,1
1099511655442,40,4300,4300,1,3
137438956930,37,4301,4302,2,1
68719478465,36,4297,4298,2,4
1099511655443,40,4299,4299,1,3
17592186487206,44,4302,4302,1,3
137438956931,37,4299,4300,2,1
17592186487207,44,4301,4301,1,3
68719478466,36,4304,4308,5,4
34359739233,35,4297,4302,6,11
274877913868,38,4305,4305,1,3
137438956934,37,4306,4308,3,1
68719478467,36,4303,4303,1,4
274877913869,38,4304,4304,1,3
549755827742,39,4307,4308,2,3
137438956935,37,4304,4305,2,1
1099511655486,40,4308,4308,1,2
549755827743,39,4306,4306,1,3
1099511655487,40,4307,4307,1,2
137438956936,37,4310,4310,1,1
68719478468,36,4311,4313,3,4
34359739234,35,4314,4316,3,11
17179869617,34,4297,4308,12,17
137438956937,37,4309,4309,1,1
1099511655508,40,4312,4312,1,3
137438956938,37,4313,4313,1,1
68719478469,36,4309,4310,2,4
1099511655509,40,4311,4311,1,3
137438956939,37,4311,4312,2,1
137438956940,37,4315,4315,1,1
68719478470,36,4316,4316,1,4
34359739235,35,4309,4313,5,11
137438956941,37,4314,4314,1,1
68719478471,36,4314,4315,2,4
1099511655560,40,4318,4319,2,3
274877913890,38,4320,4321,2,1
68719478472,36,4322,4322,1,4
34359739236,35,4323,4326,4,11
17179869618,34,4327,4339,13,17
8589934809,33,4297,4316,20,8
2199023311122,41,4319,4319,1,2
1099511655561,40,4317,4317,1,3
2199023311123,41,4318,4318,1,2
4398046622262,42,4321,4321,1,3
274877913891,38,4317,4319,3,1
4398046622263,42,4320,4320,1,3
68719478473,36,4317,4321,5,4
274877913900,38,4324,4326,3,4
34359739237,35,4317,4322,6,11
2199023311214,41,4325,4326,2,1
274877913901,38,4323,4323,1,4
8796093244862,43,4326,4326,1,3
2199023311215,41,4324,4324,1,1
8796093244863,43,4325,4325,1,3
137438956952,37,4328,4330,3,1
68719478476,36,4331,4334,4,4
34359739238,35,4335,4339,5,11
17179869619,34,4317,4326,10,17
17592186490020,44,4329,4329,1,2
1099511655626,40,4330,4330,1,3
137438956953,37,4327,4327,1,1
17592186490021,44,4328,4328,1,2
1099511655627,40,4328,4329,2,3
17592186490216,44,4332,4332,1,2
1099511655638,40,4333,4333,1,3
137438956954,37,4334,4334,1,1
68719478477,36,4327,4330,4,4
17592186490217,44,4331,4331,1,2
1099511655639,40,4331,4332,2,3
137438956955,37,4331,4333,3,1
137438956956,37,4336,4338,3,1
68719478478,36,4339,4339,1,4
34359739239,35,4327,4334,8,11
274877913914,38,4337,4338,2,3
137438956957,37,4335,4335,1,1
8796093245288,43,4338,4338,1,2
274877913915,38,4336,4336,1,3
8796093245289,43,4337,4337,1,2
68719478479,36,4335,4338,4,4
549755827840,39,4341,4341,1,2
274877913920,38,4342,4342,1,3
137438956960,37,4343,4343,1,1
68719478480,36,4344,4346,3,4
34359739240,35,4347,4351,5,11
17179869620,34,4352,4360,9,17
8589934810,33,4361,4380,20,8
4294967405,32,4297,4339,43,16
549755827841,39,4340,4340,1,2
274877913921,38,4340,4341,2,3
137438956961,37,4340,4342,3,1
2199023311412,41,4345,4345,1,3
274877913926,38,4346,4346,1,1
68719478481,36,4340,4343,4,4
2199023311413,41,4344,4344,1,3
274877913927,38,4344,4345,2,1
137438956964,37,4348,4349,2,1
68719478482,36,4350,4351,2,4
34359739241,35,4340,4346,7,11
549755827862,39,4349,4349,1,3
137438956965,37,4347,4347,1,1
549755827863,39,4348,4348,1,3
1099511655742,40,4351,4351,1,1
68719478483,36,4347,4349,3,4
1099511655743,40,4350,4350,1,1
137438956968,37,4353,4353,1,1
68719478484,36,4354,4357,4,4
34359739242,35,4358,4360,3,11
17179869621,34,4340,4351,12,17
137438956969,37,4352,4352,1,1
274877913940,38,4355,4355,1,3
137438956970,37,4356,4357,2,1
68719478485,36,4352,4353,2,4
274877913941,38,4354,4354,1,3
274877913942,38,4357,4357,1,3
137438956971,37,4354,4355,2,1
274877913943,38,4356,4356,1,3
137438956974,37,4359,4360,2,4
34359739243,35,4352,4357,6,11
549755827902,39,4360,4360,1,1
137438956975,37,4358,4358,1,4
549755827903,39,4359,4359,1,1
68719478488,36,4362,4363,2,4
34359739244,35,4364,4368,5,11
17179869622,34,4369,4380,12,17
8589934811,33,4340,4360,21,8
137438956978,37,4363,4363,1,1
68719478489,36,4361,4361,1,4
137438956979,37,4362,4362,1,1
137438956980,37,4365,4366,2,1
68719478490,36,4367,4368,2,4
34359739245,35,4361,4363,3,11
274877913962,38,4366,4366,1,3
137438956981,37,4364,4364,1,1
274877913963,38,4365,4365,1,3
137438956982,37,4368,4368,1,1
68719478491,36,4364,4366,3,4
137438956983,37,4367,4367,1,1
549755827938,39,4370,4370,1,1
68719478492,36,4371,4376,6,4
34359739246,35,4377,4380,4,11
17179869623,34,4361,4368,8,17
549755827939,39,4369,4369,1,1
549755827946,39,4372,4374,3,3
137438956986,37,4375,4376,2,1
68719478493,36,4369,4370,2,4
4398046623576,42,4373,4374,2,2
549755827947,39,4371,4371,1,3
8796093247154,43,4374,4374,1,5
4398046623577,42,4372,4372,1,2
8796093247155,43,4373,4373,1,5
1099511655900,40,4376,4376,1,3
137438956987,37,4371,4374,4,1
1099511655901,40,4375,4375,1,3
1099511655912,40,4378,4378,1,1
68719478494,36,4379,4380,2,4
34359739247,35,4369,4376,8,11
1099511655913,40,4377,4377,1,1
137438956990,37,4380,4380,1,1
68719478495,36,4377,4378,2,4
137438956991,37,4379,4379,1,1
274877913984,38,4382,4382,1,3
137438956992,37,4383,4383,1,1
68719478496,36,4384,4384,1,4
34359739248,35,4385,4391,7,11
17179869624,34,4392,4399,8,17
8589934812,33,4400,4424,25,8
4294967406,32,4425,4466,42,16
2147483703,31,4297,4380,84,12
274877913985,38,4381,4381,1,3
137438956993,37,4381,4382,2,1
68719478497,36,4381,4383,3,4
549755827984,39,4386,4386,1,2
274877913992,38,4387,4387,1,3
137438956996,37,4388,4389,2,1
68719478498,36,4390,4391,2,4
34359739249,35,4381,4384,4,11
549755827985,39,4385,4385,1,2
274877913993,38,4385,4386,2,3
274877913994,38,4389,4389,1,3
137438956997,37,4385,4387,3,1
274877913995,38,4388,4388,1,3
137438956998,37,4391,4391,1,1
68719478499,36,4385,4389,5,4
137438956999,37,4390,4390,1,1
68719478500,36,4393,4395,3,4
34359739250,35,4396,4399,4,11
17179869625,34,4381,4391,11,17
549755828008,39,4394,4394,1,3
274877914004,38,4395,4395,1,1
68719478501,36,4392,4392,1,4
549755828009,39,4393,4393,1,3
274877914005,38,4393,4394,2,1
68719478502,36,4397,4399,3,4
34359739251,35,4392,4395,4,11
549755828024,39,4398,4398,1,3
137438957006,37,4399,4399,1,1
68719478503,36,4396,4396,1,4
549755828025,39,4397,4397,1,3
137438957007,37,4397,4398,2,1
1099511656068,40,4401,4401,1,3
549755828034,39,4402,4403,2,1
68719478504,36,4404,4405,2,4
34359739252,35,4406,4410,5,11
17179869626,34,4411,4424,14,17
8589934813,33,4381,4399,19,8
1099511656069,40,4400,4400,1,3
8796093248572,43,4403,4403,1,3
549755828035,39,4400,4401,2,1
8796093248573,43,4402,4402,1,3
8796093248736,43,4405,4405,1,1
68719478505,36,4400,4403,4,4
8796093248737,43,4404,4404,1,1
68719478506,36,4407,4410,4,4
34359739253,35,4400,4405,6,11
4398046624470,42,4408,4408,1,3
137438957014,37,4409,4410,2,1
68719478507,36,4406,4406,1,4
4398046624471,42,4407,4407,1,3
1099511656124,40,4410,4410,1,3
137438957015,37,4407,4408,2,1
1099511656125,40,4409,4409,1,3
137438957016,37,4412,4413,2,1
68719478508,36,4414,4415,2,4
34359739254,35,4416,4424,9,11
17179869627,34,4400,4410,11,17
549755828068,39,4413,4413,1,3
137438957017,37,4411,4411,1,1
549755828069,39,4412,4412,1,3
2199023312292,41,4415,4415,1,1
68719478509,36,4411,4413,3,4
2199023312293,41,4414,4414,1,1
274877914040,38,4417,4418,2,3
137438957020,37,4419,4420,2,1
68719478510,36,4421,4424,4,4
34359739255,35,4411,4415,5,11
549755828082,39,4418,4418,1,2
274877914041,38,4416,4416,1,3
549755828083,39,4417,4417,1,2
1099511656168,40,4420,4420,1,3
137438957021,37,4416,4418,3,1
1099511656169,40,4419,4419,1,3
137438957022,37,4422,4424,3,1
68719478511,36,4416,4420,5,4
2199023312370,41,4423,4423,1,2
274877914046,38,4424,4424,1,3
137438957023,37,4421,4421,1,1
2199023312371,41,4422,4422,1,2
274877914047,38,4422,4423,2,3
549755828100,39,4426,4426,1,1
68719478512,36,4427,4427,1,4
34359739256,35,4428,4433,6,11
17179869628,34,4434,4449,16,17
8589934814,33,4450,4466,17,8
4294967407,32,4381,4424,44,16
549755828101,39,4425,4425,1,1
68719478513,36,4425,4426,2,4
274877914056,38,4429,4431,3,1
68719478514,36,4432,4433,2,4
34359739257,35,4425,4427,3,11
4398046624916,42,4430,4430,1,2
549755828114,39,4431,4431,1,3
274877914057,38,4428,4428,1,1
4398046624917,42,4429,4429,1,2
549755828115,39,4429,4430,2,3
2199023312496,41,4433,4433,1,1
68719478515,36,4428,4431,4,4
2199023312497,41,4432,4432,1,1
274877914064,38,4435,4435,1,3
137438957032,37,4436,4436,1,1
68719478516,36,4437,4440,4,4
34359739258,35,4441,4449,9,11
17179869629,34,4425,4433,9,17
274877914065,38,4434,4434,1,3
137438957033,37,4434,4435,2,1
274877914068,38,4438,4438,1,3
137438957034,37,4439,4440,2,1
68719478517,36,4434,4436,3,4
274877914069,38,4437,4437,1,3
274877914070,38,4440,4440,1,3
137438957035,37,4437,4438,2,1
274877914071,38,4439,4439,1,3
274877914072,38,4442,4442,1,1
68719478518,36,4443,4449,7,4
34359739259,35,4434,4440,7,11
274877914073,38,4441,4441,1,1
549755828152,39,4444,4444,1,2
274877914076,38,4445,4448,4,3
137438957038,37,4449,4449,1,1
68719478519,36,4441,4442,2,4
549755828153,39,4443,4443,1,2
1099511656308,40,4446,4447,2,5
549755828154,39,4448,4448,1,2
274877914077,38,4443,4444,2,3
2199023312618,41,4447,4447,1,9
1099511656309,40,4445,4445,1,5
2199023312619,41,4446,4446,1,9
549755828155,39,4445,4447,3,2
137438957039,37,4443,4448,6,1
274877914086,38,4451,4451,1,4
34359739260,35,4452,4459,8,11
17179869630,34,4460,4466,7,17
8589934815,33,4425,4449,25,8
274877914087,38,4450,4450,1,4
137438957044,37,4453,4453,1,1
68719478522,36,4454,4459,6,4
34359739261,35,4450,4451,2,11
137438957045,37,4452,4452,1,1
549755828186,39,4455,4455,1,3
137438957046,37,4456,4459,4,1
68719478523,36,4452,4453,2,4
549755828187,39,4454,4454,1,3
17592186502018,44,4457,4457,1,2
549755828188,39,4458,4459,2,3
137438957047,37,4454,4455,2,1
17592186502019,44,4456,4456,1,2
1099511656378,40,4459,4459,1,2
549755828189,39,4456,4457,2,3
1099511656379,40,4458,4458,1,2
549755828198,39,4461,4461,1,1
68719478524,36,4462,4462,1,4
34359739262,35,4463,4466,4,11
17179869631,34,4450,4459,10,17
549755828199,39,4460,4460,1,1
68719478525,36,4460,4461,2,4
137438957052,37,4464,4464,1,1
68719478526,36,4465,4466,2,4
34359739263,35,4460,4462,3,11
137438957053,37,4463,4463,1,1
137438957054,37,4466,4466,1,1
68719478527,36,4463,4464,2,4
137438957055,37,4465,4465,1,1
274877914114,38,4468,4470,3,1
68719478528,36,4471,4471,1,2
34359739264,35,4472,4474,3,17
17179869632,34,4475,4487,13,5
8589934816,33,4488,4508,21,7
4294967408,32,4509,4543,35,11
2147483704,31,4544,4640,97,12
1073741852,30,4641,4804,164,15
536870926,29,4805,5094,290,11
268435463,28,3799,4466,668,14
1099511656462,40,4469,4470,2,3
274877914115,38,4467,4467,1,1
2199023312926,41,4470,4470,1,4
1099511656463,40,4468,4468,1,3
2199023312927,41,4469,4469,1,4
68719478529,36,4467,4470,4,2
1099511656502,40,4473,4473,1,1
137438957062,37,4474,4474,1,2
34359739265,35,4467,4471,5,17
1099511656503,40,4472,4472,1,1
137438957063,37,4472,4473,2,2
137438957064,37,4476,4478,3,1
68719478532,36,4479,4481,3,2
34359739266,35,4482,4487,6,17
17179869633,34,4467,4474,8,5
549755828260,39,4477,4477,1,4
274877914130,38,4478,4478,1,3
137438957065,37,4475,4475,1,1
549755828261,39,4476,4476,1,4
274877914131,38,4476,4477,2,3
274877914134,38,4480,4481,2,1
68719478533,36,4475,4478,4,2
549755828270,39,4481,4481,1,3
274877914135,38,4479,4479,1,1
549755828271,39,4480,4480,1,3
68719478534,36,4483,4487,5,2
34359739267,35,4475,4481,7,17
274877914140,38,4484,4484,1,3
137438957070,37,4485,4487,3,1
68719478535,36,4482,4482,1,2
274877914141,38,4483,4483,1,3
4398046626276,42,4486,4486,1,4
274877914142,38,4487,4487,1,3
137438957071,37,4483,4484,2,1
4398046626277,42,4485,4485,1,4
274877914143,38,4485,4486,2,3
137438957072,37,4489,4493,5,14
68719478536,36,4494,4497,4,3
34359739268,35,4498,4503,6,2
17179869634,34,4504,4508,5,4
8589934817,33,4467,4487,21,14
1099511656584,40,4490,4490,1,1
274877914146,38,4491,4493,3,5
137438957073,37,4488,4488,1,14
1099511656585,40,4489,4489,1,1
549755828294,39,4492,4493,2,1
274877914147,38,4489,4490,2,5
8796093252722,43,4493,4493,1,17
549755828295,39,4491,4491,1,1
8796093252723,43,4492,4492,1,17
274877914148,38,4495,4495,1,5
137438957074,37,4496,4497,2,14
68719478537,36,4488,4493,6,3
274877914149,38,4494,4494,1,5
274877914150,38,4497,4497,1,5
137438957075,37,4494,4495,2,14
274877914151,38,4496,4496,1,5
274877914152,38,4499,4499,1,5
137438957076,37,4500,4500,1,14
68719478538,36,4501,4503,3,3
34359739269,35,4488,4497,10,2
274877914153,38,4498,4498,1,5
137438957077,37,4498,4499,2,14
137438957078,37,4502,4503,2,14
68719478539,36,4498,4500,3,3
274877914158,38,4503,4503,1,5
137438957079,37,4501,4501,1,14
274877914159,38,4502,4502,1,5
137438957080,37,4505,4505,1,14
68719478540,36,4506,4507,2,3
34359739270,35,4508,4508,1,2
17179869635,34,4488,4503,16,4
137438957081,37,4504,4504,1,14
137438957082,37,4507,4507,1,14
68719478541,36,4504,4505,2,3
137438957083,37,4506,4506,1,14
34359739271,35,4504,4507,4,2
137438957090,37,4510,4511,2,17
34359739272,35,4512,4516,5,9
17179869636,34,4517,4525,9,3
8589934818,33,4526,4543,18,14
4294967409,32,4467,4508,42,11
549755828364,39,4511,4511,1,1
137438957091,37,4509,4509,1,17
549755828365,39,4510,4510,1,1
274877914186,38,4513,4514,2,1
68719478546,36,4515,4516,2,17
34359739273,35,4509,4511,3,9
549755828374,39,4514,4514,1,2
274877914187,38,4512,4512,1,1
549755828375,39,4513,4513,1,2
70368746032198,46,4516,4516,1,1
68719478547,36,4512,4514,3,17
70368746032199,46,4515,4515,1,1
549755828390,39,4518,4518,1,1
68719478548,36,4519,4521,3,17
34359739274,35,4522,4525,4,9
17179869637,34,4509,4516,8,3
549755828391,39,4517,4517,1,1
549755828392,39,4520,4520,1,2
137438957098,37,4521,4521,1,1
68719478549,36,4517,4518,2,17
549755828393,39,4519,4519,1,2
137438957099,37,4519,4520,2,1
137438957100,37,4523,4523,1,1
68719478550,36,4524,4525,2,17
34359739275,35,4517,4521,5,9
137438957101,37,4522,4522,1,1
1099511656824,40,4525,4525,1,1
68719478551,36,4522,4523,2,17
1099511656825,40,4524,4524,1,1
137438957106,37,4527,4527,1,2
34359739276,35,4528,4531,4,17
17179869638,34,4532,4543,12,5
8589934819,33,4509,4525,17,4
137438957107,37,4526,4526,1,2
274877914218,38,4529,4529,1,1
68719478554,36,4530,4531,2,2
34359739277,35,4526,4527,2,17
274877914219,38,4528,4528,1,1
137438957110,37,4531,4531,1,1
68719478555,36,4528,4529,2,2
137438957111,37,4530,4530,1,1
274877914226,38,4533,4533,1,1
68719478556,36,4534,4535,2,2
34359739278,35,4536,4543,8,17
17179869639,34,4526,4531,6,5
274877914227,38,4532,4532,1,1
274877914228,38,4535,4535,1,1
68719478557,36,4532,4533,2,2
274877914229,38,4534,4534,1,1
140737492086996,47,4537,4537,1,3
137438957116,37,4538,4540,3,1
68719478558,36,4541,4543,3,2
34359739279,35,4532,4535,4,17
140737492086997,47,4536,4536,1,3
274877914234,38,4539,4540,2,3
137438957117,37,4536,4537,2,1
549755828470,39,4540,4540,1,4
274877914235,38,4538,4538,1,3
549755828471,39,4539,4539,1,4
2199023313898,41,4542,4542,1,3
549755828474,39,4543,4543,1,1
68719478559,36,4536,4540,5,2
2199023313899,41,4541,4541,1,3
549755828475,39,4541,4542,2,1
137438957120,37,4545,4547,3,1
68719478560,36,4548,4548,1,2
34359739280,35,4549,4557,9,17
17179869640,34,4558,4573,16,5
8589934820,33,4574,4590,17,14
4294967410,32,4591,4640,50,11
2147483705,31,4467,4543,77,12
274877914242,38,4546,4547,2,3
137438957121,37,4544,4544,1,1
4398046627890,42,4547,4547,1,4
274877914243,38,4545,4545,1,3
4398046627891,42,4546,4546,1,4
68719478561,36,4544,4547,4,2
4398046627970,42,4550,4550,1,4
274877914248,38,4551,4552,2,3
137438957124,37,4553,4554,2,1
68719478562,36,4555,4557,3,2
34359739281,35,4544,4548,5,17
4398046627971,42,4549,4549,1,4
549755828498,39,4552,4552,1,4
274877914249,38,4549,4550,2,3
549755828499,39,4551,4551,1,4
549755828500,39,4554,4554,1,3
137438957125,37,4549,4552,4,1
549755828501,39,4553,4553,1,3
274877914252,38,4556,4556,1,3
137438957126,37,4557,4557,1,1
68719478563,36,4549,4554,6,2
274877914253,38,4555,4555,1,3
137438957127,37,4555,4556,2,1
274877914256,38,4559,4559,1,3
137438957128,37,4560,4561,2,1
68719478564,36,4562,4563,2,2
34359739282,35,4564,4573,10,17
17179869641,34,4544,4557,14,5
274877914257,38,4558,4558,1,3
274877914258,38,4561,4561,1,3
137438957129,37,4558,4559,2,1
274877914259,38,4560,4560,1,3
137438957130,37,4563,4563,1,1
68719478565,36,4558,4561,4,2
137438957131,37,4562,4562,1,1
137438957132,37,4565,4567,3,1
68719478566,36,4568,4573,6,2
34359739283,35,4558,4563,6,17
274877914266,38,4566,4567,2,3
137438957133,37,4564,4564,1,1
1099511657068,40,4567,4567,1,4
274877914267,38,4565,4565,1,3
1099511657069,40,4566,4566,1,4
274877914268,38,4569,4569,1,3
137438957134,37,4570,4573,4,1
68719478567,36,4564,4567,4,2
274877914269,38,4568,4568,1,3
2199023314164,41,4571,4571,1,4
274877914270,38,4572,4573,2,3
137438957135,37,4568,4569,2,1
2199023314165,41,4570,4570,1,4
2199023314168,41,4573,4573,1,4
274877914271,38,4570,4571,2,3
2199023314169,41,4572,4572,1,4
274877914272,38,4575,4578,4,1
68719478568,36,4579,4581,3,2
34359739284,35,4582,4585,4,17
17179869642,34,4586,4590,5,5
8589934821,33,4544,4573,30,14
8796093256744,43,4576,4576,1,4
549755828546,39,4577,4578,2,3
274877914273,38,4574,4574,1,1
8796093256745,43,4575,4575,1,4
2199023314188,41,4578,4578,1,4
549755828547,39,4575,4576,2,3
2199023314189,41,4577,4577,1,4
274877914276,38,4580,4580,1,3
137438957138,37,4581,4581,1,1
68719478569,36,4574,4578,5,2
274877914277,38,4579,4579,1,3
137438957139,37,4579,4580,2,1
274877914280,38,4583,4583,1,3
137438957140,37,4584,4584,1,1
68719478570,36,4585,4585,1,2
34359739285,35,4574,4581,8,17
274877914281,38,4582,4582,1,3
137438957141,37,4582,4583,2,1
68719478571,36,4582,4584,3,2
68719478572,36,4587,4588,2,2
34359739286,35,4589,4590,2,17
17179869643,34,4574,4585,12,5
137438957146,37,4588,4588,1,1
68719478573,36,4586,4586,1,2
137438957147,37,4587,4587,1,1
68719478574,36,4590,4590,1,2
34359739287,35,4586,4588,3,17
68719478575,36,4589,4589,1,2
2199023314434,41,4592,4592,1,4
549755828608,39,4593,4594,2,3
274877914304,38,4595,4596,2,1
68719478576,36,4597,4602,6,2
34359739288,35,4603,4606,4,17
17179869644,34,4607,4619,13,5
8589934822,33,4620,4640,21,14
4294967411,32,4544,4590,47,11
2199023314435,41,4591,4591,1,4
2199023314436,41,4594,4594,1,4
549755828609,39,4591,4592,2,3
2199023314437,41,4593,4593,1,4
549755828610,39,4596,4596,1,3
274877914305,38,4591,4594,4,1
549755828611,39,4595,4595,1,3
274877914308,38,4598,4598,1,3
137438957154,37,4599,4602,4,1
68719478577,36,4591,4596,6,2
274877914309,38,4597,4597,1,3
2199023314480,41,4600,4600,1,9
1099511657240,40,4601,4601,1,4
274877914310,38,4602,4602,1,3
137438957155,37,4597,4598,2,1
2199023314481,41,4599,4599,1,9
1099511657241,40,4599,4600,2,4
274877914311,38,4599,4601,3,3
137438957156,37,4604,4605,2,1
68719478578,36,4606,4606,1,2
34359739289,35,4591,4602,12,17
274877914314,38,4605,4605,1,3
137438957157,37,4603,4603,1,1
274877914315,38,4604,4604,1,3
68719478579,36,4603,4605,3,2
1099511657280,40,4608,4608,1,4
549755828640,39,4609,4609,1,3
137438957160,37,4610,4611,2,1
68719478580,36,4612,4614,3,2
34359739290,35,4615,4619,5,17
17179869645,34,4591,4606,16,5
1099511657281,40,4607,4607,1,4
549755828641,39,4607,4608,2,3
274877914322,38,4611,4611,1,3
137438957161,37,4607,4609,3,1
274877914323,38,4610,4610,1,3
274877914324,38,4613,4613,1,3
137438957162,37,4614,4614,1,1
68719478581,36,4607,4611,5,2
274877914325,38,4612,4612,1,3
137438957163,37,4612,4613,2,1
68719478582,36,4616,4619,4,2
34359739291,35,4607,4614,8,17
274877914332,38,4617,4618,2,3
137438957166,37,4619,4619,1,1
68719478583,36,4615,4615,1,2
2199023314666,41,4618,4618,1,4
274877914333,38,4616,4616,1,3
2199023314667,41,4617,4617,1,4
137438957167,37,4616,4618,3,1
549755828672,39,4621,4621,1,4
274877914336,38,4622,4622,1,3
137438957168,37,4623,4624,2,1
68719478584,36,4625,4626,2,2
34359739292,35,4627,4631,5,17
17179869646,34,4632,4640,9,5
8589934823,33,4591,4619,29,14
549755828673,39,4620,4620,1,4
274877914337,38,4620,4621,2,3
274877914338,38,4624,4624,1,3
137438957169,37,4620,4622,3,1
274877914339,38,4623,4623,1,3
274877914340,38,4626,4626,1,1
68719478585,36,4620,4624,5,2
274877914341,38,4625,4625,1,1
137438957172,37,4628,4631,4,2
34359739293,35,4620,4626,7,17
549755828692,39,4629,4629,1,3
274877914346,38,4630,4631,2,1
137438957173,37,4627,4627,1,2
549755828693,39,4628,4628,1,3
1099511657390,40,4631,4631,1,3
274877914347,38,4628,4629,2,1
1099511657391,40,4630,4630,1,3
68719478588,36,4633,4633,1,2
34359739294,35,4634,4640,7,17
17179869647,34,4620,4631,12,5
68719478589,36,4632,4632,1,2
8796093259578,43,4635,4635,1,3
137438957180,37,4636,4637,2,1
68719478590,36,4638,4640,3,2
34359739295,35,4632,4633,2,17
8796093259579,43,4634,4634,1,3
549755828726,39,4637,4637,1,3
137438957181,37,4634,4635,2,1
549755828727,39,4636,4636,1,3
274877914366,38,4639,4640,2,1
68719478591,36,4634,4637,4,2
549755828734,39,4640,4640,1,3
274877914367,38,4638,4638,1,1
549755828735,39,4639,4639,1,3
137438957184,37,4642,4642,1,1
68719478592,36,4643,4645,3,2
34359739296,35,4646,4651,6,17
17179869648,34,4652,4664,13,5
8589934824,33,4665,4686,22,14
4294967412,32,4687,4723,37,11
2147483706,31,4724,4804,81,12
1073741853,30,4467,4640,174,15
137438957185,37,4641,4641,1,1
274877914372,38,4644,4644,1,3
137438957186,37,4645,4645,1,1
68719478593,36,4641,4642,2,2
274877914373,38,4643,4643,1,3
137438957187,37,4643,4644,2,1
137438957188,37,4647,4648,2,1
68719478594,36,4649,4651,3,2
34359739297,35,4641,4645,5,17
1099511657516,40,4648,4648,1,3
137438957189,37,4646,4646,1,1
1099511657517,40,4647,4647,1,3
137438957190,37,4650,4651,2,1
68719478595,36,4646,4648,3,2
1099511657534,40,4651,4651,1,3
137438957191,37,4649,4649,1,1
1099511657535,40,4650,4650,1,3
137438957192,37,4653,4655,3,1
68719478596,36,4656,4659,4,2
34359739298,35,4660,4664,5,17
17179869649,34,4641,4651,11,5
1099511657546,40,4654,4654,1,4
274877914386,38,4655,4655,1,3
137438957193,37,4652,4652,1,1
1099511657547,40,4653,4653,1,4
274877914387,38,4653,4654,2,3
137438957194,37,4657,4659,3,1
68719478597,36,4652,4655,4,2
274877914390,38,4658,4659,2,3
137438957195,37,4656,4656,1,1
4398046630268,42,4659,4659,1,4
274877914391,38,4657,4657,1,3
4398046630269,42,4658,4658,1,4
4398046630298,42,4661,4661,1,3
137438957196,37,4662,4662,1,1
68719478598,36,4663,4664,2,2
34359739299,35,4652,4659,8,17
4398046630299,42,4660,4660,1,3
137438957197,37,4660,4661,2,1
274877914398,38,4664,4664,1,1
68719478599,36,4660,4662,3,2
274877914399,38,4663,4663,1,1
68719478600,36,4666,4669,4,2
34359739300,35,4670,4674,5,17
17179869650,34,4675,4686,12,5
8589934825,33,4641,4664,24,14
1099511657616,40,4667,4667,1,4
274877914404,38,4668,4668,1,3
137438957202,37,4669,4669,1,1
68719478601,36,4665,4665,1,2
1099511657617,40,4666,4666,1,4
274877914405,38,4666,4667,2,3
137438957203,37,4666,4668,3,1
137438957204,37,4671,4671,1,1
68719478602,36,4672,4674,3,2
34359739301,35,4665,4669,5,17
137438957205,37,4670,4670,1,1
549755828824,39,4673,4673,1,3
137438957206,37,4674,4674,1,1
68719478603,36,4670,4671,2,2
549755828825,39,4672,4672,1,3
137438957207,37,4672,4673,2,1
549755828838,39,4676,4676,1,1
68719478604,36,4677,4680,4,2
34359739302,35,4681,4686,6,17
17179869651,34,4665,4674,10,5
549755828839,39,4675,4675,1,1
137438957210,37,4678,4680,3,1
68719478605,36,4675,4676,2,2
1099511657690,40,4679,4679,1,4
274877914422,38,4680,4680,1,3
137438957211,37,4677,4677,1,1
1099511657691,40,4678,4678,1,4
274877914423,38,4678,4679,2,3
4398046630802,42,4682,4682,1,3
137438957212,37,4683,4683,1,1
68719478606,36,4684,4686,3,2
34359739303,35,4675,4680,6,17
4398046630803,42,4681,4681,1,3
137438957213,37,4681,4682,2,1
137438957214,37,4685,4686,2,1
68719478607,36,4681,4683,3,2
274877914430,38,4686,4686,1,3
137438957215,37,4684,4684,1,1
274877914431,38,4685,4685,1,3
34359739304,35,4688,4693,6,17
17179869652,34,4694,4702,9,5
8589934826,33,4703,4723,21,14
4294967413,32,4641,4686,46,11
274877914442,38,4689,4689,1,1
68719478610,36,4690,4693,4,2
34359739305,35,4687,4687,1,17
274877914443,38,4688,4688,1,1
274877914444,38,4691,4692,2,3
137438957222,37,4693,4693,1,1
68719478611,36,4688,4689,2,2
549755828890,39,4692,4692,1,4
274877914445,38,4690,4690,1,3
549755828891,39,4691,4691,1,4
137438957223,37,4690,4692,3,1
1099511657798,40,4695,4695,1,3
137438957224,37,4696,4696,1,1
68719478612,36,4697,4697,1,2
34359739306,35,4698,4702,5,17
17179869653,34,4687,4693,7,5
1099511657799,40,4694,4694,1,3
137438957225,37,4694,4695,2,1
68719478613,36,4694,4696,3,2
549755828912,39,4699,4699,1,4
274877914456,38,4700,4700,1,3
137438957228,37,4701,4701,1,1
68719478614,36,4702,4702,1,2
34359739307,35,4694,4697,4,17
549755828913,39,4698,4698,1,4
274877914457,38,4698,4699,2,3
137438957229,37,4698,4700,3,1
68719478615,36,4698,4701,4,2
68719478616,36,4704,4705,2,2
34359739308,35,4706,4711,6,17
17179869654,34,4712,4723,12,5
8589934827,33,4687,4702,16,14
549755828938,39,4705,4705,1,1
68719478617,36,4703,4703,1,2
549755828939,39,4704,4704,1,1
549755828948,39,4707,4708,2,1
68719478618,36,4709,4711,3,2
34359739309,35,4703,4705,3,17
1099511657898,40,4708,4708,1,3
549755828949,39,4706,4706,1,1
1099511657899,40,4707,4707,1,3
274877914476,38,4710,4710,1,3
137438957238,37,4711,4711,1,1
68719478619,36,4706,4708,3,2
274877914477,38,4709,4709,1,3
137438957239,37,4709,4710,2,1
4398046631682,42,4713,4713,1,9
1099511657920,40,4714,4714,1,4
549755828960,39,4715,4715,1,3
274877914480,38,4716,4716,1,1
137438957240,37,4717,4718,2,2
34359739310,35,4719,4723,5,17
17179869655,34,4703,4711,9,5
4398046631683,42,4712,4712,1,9
1099511657921,40,4712,4713,2,4
549755828961,39,4712,4714,3,3
274877914481,38,4712,4715,4,1
2199023315862,41,4718,4718,1,1
137438957241,37,4712,4716,5,2
2199023315863,41,4717,4717,1,1
137438957244,37,4720,4720,1,1
68719478622,36,4721,4723,3,2
34359739311,35,4712,4718,7,17
137438957245,37,4719,4719,1,1
137438957246,37,4722,4723,2,1
68719478623,36,4719,4720,2,2
1099511657982,40,4723,4723,1,3
137438957247,37,4721,4721,1,1
1099511657983,40,4722,4722,1,3
549755828994,39,4725,4725,1,3
137438957248,37,4726,4727,2,1
68719478624,36,4728,4731,4,2
34359739312,35,4732,4736,5,17
17179869656,34,4737,4748,12,5
8589934828,33,4749,4766,18,14
4294967414,32,4767,4804,38,11
2147483707,31,4641,4723,83,12
549755828995,39,4724,4724,1,3
549755828998,39,4727,4727,1,3
137438957249,37,4724,4725,2,1
549755828999,39,4726,4726,1,3
137438957250,37,4729,4731,3,1
68719478625,36,4724,4727,4,2
1099511658010,40,4730,4730,1,4
274877914502,38,4731,4731,1,3
137438957251,37,4728,4728,1,1
1099511658011,40,4729,4729,1,4
274877914503,38,4729,4730,2,3
137438957252,37,4733,4734,2,1
68719478626,36,4735,4736,2,2
34359739313,35,4724,4731,8,17
549755829012,39,4734,4734,1,3
137438957253,37,4732,4732,1,1
549755829013,39,4733,4733,1,3
137438957254,37,4736,4736,1,1
68719478627,36,4732,4734,3,2
137438957255,37,4735,4735,1,1
1099511658054,40,4738,4738,1,3
137438957256,37,4739,4740,2,1
68719478628,36,4741,4742,2,2
34359739314,35,4743,4748,6,17
17179869657,34,4724,4736,13,5
1099511658055,40,4737,4737,1,3
549755829030,39,4740,4740,1,3
137438957257,37,4737,4738,2,1
549755829031,39,4739,4739,1,3
274877914518,38,4742,4742,1,1
68719478629,36,4737,4740,4,2
274877914519,38,4741,4741,1,1
137438957260,37,4744,4745,2,1
68719478630,36,4746,4748,3,2
34359739315,35,4737,4742,6,17
549755829046,39,4745,4745,1,3
137438957261,37,4743,4743,1,1
549755829047,39,4744,4744,1,3
137438957262,37,4747,4748,2,1
68719478631,36,4743,4745,3,2
4398046632426,42,4748,4748,1,3
137438957263,37,4746,4746,1,1
4398046632427,42,4747,4747,1,3
549755829060,39,4750,4750,1,1
68719478632,36,4751,4753,3,2
34359739316,35,4754,4758,5,17
17179869658,34,4759,4766,8,5
8589934829,33,4724,4748,25,14
549755829061,39,4749,4749,1,1
274877914532,38,4752,4753,2,1
68719478633,36,4749,4750,2,2
1099511658132,40,4753,4753,1,3
274877914533,38,4751,4751,1,1
1099511658133,40,4752,4752,1,3
2199023316302,41,4755,4755,1,3
137438957268,37,4756,4756,1,1
68719478634,36,4757,4758,2,2
34359739317,35,4749,4753,5,17
2199023316303,41,4754,4754,1,3
137438957269,37,4754,4755,2,1
137438957270,37,4758,4758,1,1
68719478635,36,4754,4756,3,2
137438957271,37,4757,4757,1,1
68719478636,36,4760,4761,2,2
34359739318,35,4762,4766,5,17
17179869659,34,4749,4758,10,5
137438957274,37,4761,4761,1,1
68719478637,36,4759,4759,1,2
137438957275,37,4760,4760,1,1
274877914552,38,4763,4763,1,3
137438957276,37,4764,4764,1,1
68719478638,36,4765,4766,2,2
34359739319,35,4759,4761,3,17
274877914553,38,4762,4762,1,3
137438957277,37,4762,4763,2,1
137438957278,37,4766,4766,1,1
68719478639,36,4762,4764,3,2
137438957279,37,4765,4765,1,1
2199023316496,41,4768,4768,1,1
274877914562,38,4769,4769,1,2
34359739320,35,4770,4775,6,17
17179869660,34,4776,4787,12,5
8589934830,33,4788,4804,17,14
4294967415,32,4724,4766,43,11
2199023316497,41,4767,4767,1,1
274877914563,38,4767,4768,2,2
137438957284,37,4771,4774,4,1
68719478642,36,4775,4775,1,2
34359739321,35,4767,4769,3,17
1099511658284,40,4772,4773,2,4
549755829142,39,4774,4774,1,3
137438957285,37,4770,4770,1,1
4398046633142,42,4773,4773,1,9
1099511658285,40,4771,4771,1,4
4398046633143,42,4772,4772,1,9
549755829143,39,4771,4773,3,3
68719478643,36,4770,4774,5,2
137438957288,37,4777,4778,2,1
68719478644,36,4779,4785,7,2
34359739322,35,4786,4787,2,17
17179869661,34,4767,4775,9,5
274877914578,38,4778,4778,1,3
137438957289,37,4776,4776,1,1
274877914579,38,4777,4777,1,3
549755829160,39,4780,4780,1,4
274877914580,38,4781,4783,3,3
137438957290,37,4784,4785,2,1
68719478645,36,4776,4778,3,2
549755829161,39,4779,4779,1,4
2199023316648,41,4782,4782,1,9
549755829162,39,4783,4783,1,4
274877914581,38,4779,4780,2,3
2199023316649,41,4781,4781,1,9
549755829163,39,4781,4782,2,4
274877914582,38,4785,4785,1,3
137438957291,37,4779,4783,5,1
274877914583,38,4784,4784,1,3
68719478646,36,4787,4787,1,2
34359739323,35,4776,4785,10,17
68719478647,36,4786,4786,1,2
2199023316738,41,4789,4789,1,4
549755829184,39,4790,4790,1,3
137438957296,37,4791,4791,1,1
68719478648,36,4792,4795,4,2
34359739324,35,4796,4799,4,17
17179869662,34,4800,4804,5,5
8589934831,33,4767,4787,21,14
2199023316739,41,4788,4788,1,4
549755829185,39,4788,4789,2,3
137438957297,37,4788,4790,3,1
549755829192,39,4793,4793,1,3
137438957298,37,4794,4795,2,1
68719478649,36,4788,4791,4,2
549755829193,39,4792,4792,1,3
549755829196,39,4795,4795,1,3
137438957299,37,4792,4793,2,1
549755829197,39,4794,4794,1,3
68719478650,36,4797,4799,3,2
34359739325,35,4788,4795,8,17
274877914604,38,4798,4798,1,3
137438957302,37,4799,4799,1,1
68719478651,36,4796,4796,1,2
274877914605,38,4797,4797,1,3
137438957303,37,4797,4798,2,1
68719478652,36,4801,4802,2,2
34359739326,35,4803,4804,2,17
17179869663,34,4788,4799,12,5
137438957306,37,4802,4802,1,1
68719478653,36,4800,4800,1,2
137438957307,37,4801,4801,1,1
68719478654,36,4804,4804,1,2
34359739327,35,4800,4802,3,17
68719478655,36,4803,4803,1,2
1099511658496,40,4806,4806,1,17
274877914624,38,4807,4807,1,2
137438957312,37,4808,4808,1,1
34359739328,35,4809,4811,3,3
17179869664,34,4812,4819,8,16
8589934832,33,4820,4835,16,12
4294967416,32,4836,4887,52,15
2147483708,31,4888,4955,68,9
1073741854,30,4956,5094,139,7
536870927,29,4467,4804,338,16
1099511658497,40,4805,4805,1,17
274877914625,38,4805,4806,2,2
137438957313,37,4805,4807,3,1
549755829264,39,4810,4810,1,2
68719478658,36,4811,4811,1,1
34359739329,35,4805,4808,4,3
549755829265,39,4809,4809,1,2
68719478659,36,4809,4810,2,1
137438957320,37,4813,4814,2,1
34359739330,35,4815,4819,5,3
17179869665,34,4805,4811,7,16
274877914642,38,4814,4814,1,2
137438957321,37,4812,4812,1,1
274877914643,38,4813,4813,1,2
1099511658600,40,4816,4816,1,17
274877914650,38,4817,4817,1,2
68719478662,36,4818,4819,2,1
34359739331,35,4812,4814,3,3
1099511658601,40,4815,4815,1,17
274877914651,38,4815,4816,2,2
137438957326,37,4819,4819,1,2
68719478663,36,4815,4817,3,1
137438957327,37,4818,4818,1,2
68719478664,36,4821,4823,3,1
34359739332,35,4824,4826,3,3
17179869666,34,4827,4835,9,16
8589934833,33,4805,4819,15,12
137438957330,37,4822,4823,2,2
68719478665,36,4820,4820,1,1
549755829326,39,4823,4823,1,17
137438957331,37,4821,4821,1,2
549755829327,39,4822,4822,1,17
137438957332,37,4825,4825,1,2
68719478666,36,4826,4826,1,1
34359739333,35,4820,4823,4,3
137438957333,37,4824,4824,1,2
68719478667,36,4824,4825,2,1
1099511658696,40,4828,4828,1,5
549755829348,39,4829,4829,1,17
274877914674,38,4830,4830,1,2
68719478668,36,4831,4833,3,1
34359739334,35,4834,4835,2,3
17179869667,34,4820,4826,7,16
1099511658697,40,4827,4827,1,5
549755829349,39,4827,4828,2,17
274877914675,38,4827,4829,3,2
274877914676,38,4832,4833,2,2
68719478669,36,4827,4830,4,1
549755829354,39,4833,4833,1,17
274877914677,38,4831,4831,1,2
549755829355,39,4832,4832,1,17
549755829370,39,4835,4835,1,1
34359739335,35,4827,4833,7,3
549755829371,39,4834,4834,1,1
68719478672,36,4837,4845,9,1
34359739336,35,4846,4851,6,3
17179869668,34,4852,4862,11,16
8589934834,33,4863,4887,25,12
4294967417,32,4805,4835,31,15
549755829384,39,4838,4838,1,5
274877914692,38,4839,4840,2,17
137438957346,37,4841,4845,5,2
68719478673,36,4836,4836,1,1
549755829385,39,4837,4837,1,5
2199023317548,41,4840,4840,1,5
274877914693,38,4837,4838,2,17
2199023317549,41,4839,4839,1,5
549755829388,39,4842,4843,2,5
274877914694,38,4844,4845,2,17
137438957347,37,4837,4840,4,2
2199023317558,41,4843,4843,1,4
549755829389,39,4841,4841,1,5
2199023317559,41,4842,4842,1,4
1099511658782,40,4845,4845,1,5
274877914695,38,4841,4843,3,17
1099511658783,40,4844,4844,1,5
137438957348,37,4847,4848,2,2
68719478674,36,4849,4851,3,1
34359739337,35,4836,4845,10,3
274877914698,38,4848,4848,1,17
137438957349,37,4846,4846,1,2
274877914699,38,4847,4847,1,17
549755829400,39,4850,4850,1,17
137438957350,37,4851,4851,1,2
68719478675,36,4846,4848,3,1
549755829401,39,4849,4849,1,17
137438957351,37,4849,4850,2,2
1099511658848,40,4853,4853,1,17
549755829424,39,4854,4855,2,2
137438957356,37,4856,4857,2,1
68719478678,36,4858,4862,5,3
17179869669,34,4836,4851,16,16
1099511658849,40,4852,4852,1,17
2199023317702,41,4855,4855,1,17
549755829425,39,4852,4853,2,2
2199023317703,41,4854,4854,1,17
2199023317718,41,4857,4857,1,2
137438957357,37,4852,4855,4,1
2199023317719,41,4856,4856,1,2
2199023317728,41,4859,4859,1,5
1099511658864,40,4860,4860,1,17
549755829432,39,4861,4861,1,2
274877914716,38,4862,4862,1,1
68719478679,36,4852,4857,6,3
2199023317729,41,4858,4858,1,5
1099511658865,40,4858,4859,2,17
549755829433,39,4858,4860,3,2
274877914717,38,4858,4861,4,1
137438957360,37,4864,4865,2,2
68719478680,36,4866,4869,4,1
34359739340,35,4870,4876,7,3
17179869670,34,4877,4887,11,16
8589934835,33,4836,4862,27,12
4398046635558,42,4865,4865,1,17
137438957361,37,4863,4863,1,2
4398046635559,42,4864,4864,1,17
549755829448,39,4867,4867,1,17
137438957362,37,4868,4869,2,2
68719478681,36,4863,4865,3,1
549755829449,39,4866,4866,1,17
274877914726,38,4869,4869,1,17
137438957363,37,4866,4867,2,2
274877914727,38,4868,4868,1,17
137438957364,37,4871,4874,4,2
68719478682,36,4875,4876,2,1
34359739341,35,4863,4869,7,3
549755829460,39,4872,4873,2,5
274877914730,38,4874,4874,1,17
137438957365,37,4870,4870,1,2
2199023317844,41,4873,4873,1,4
549755829461,39,4871,4871,1,5
2199023317845,41,4872,4872,1,4
274877914731,38,4871,4873,3,17
274877914732,38,4876,4876,1,2
68719478683,36,4870,4874,5,1
274877914733,38,4875,4875,1,2
137438957368,37,4878,4878,1,2
68719478684,36,4879,4882,4,1
34359739342,35,4883,4887,5,3
17179869671,34,4863,4876,14,16
137438957369,37,4877,4877,1,2
549755829480,39,4880,4880,1,17
137438957370,37,4881,4882,2,2
68719478685,36,4877,4878,2,1
549755829481,39,4879,4879,1,17
549755829484,39,4882,4882,1,17
137438957371,37,4879,4880,2,2
549755829485,39,4881,4881,1,17
1099511658976,40,4884,4884,1,17
549755829488,39,4885,4885,1,2
137438957372,37,4886,4887,2,1
34359739343,35,4877,4882,6,3
1099511658977,40,4883,4883,1,17
549755829489,39,4883,4884,2,2
549755829494,39,4887,4887,1,2
137438957373,37,4883,4885,3,1
549755829495,39,4886,4886,1,2
274877914754,38,4889,4889,1,2
68719478688,36,4890,4893,4,1
34359739344,35,4894,4898,5,3
17179869672,34,4899,4906,8,16
8589934836,33,4907,4921,15,12
4294967418,32,4922,4955,34,15
2147483709,31,4805,4887,83,9
274877914755,38,4888,4888,1,2
137438957378,37,4891,4893,3,2
68719478689,36,4888,4889,2,1
549755829516,39,4892,4892,1,5
274877914758,38,4893,4893,1,17
137438957379,37,4890,4890,1,2
549755829517,39,4891,4891,1,5
274877914759,38,4891,4892,2,17
68719478690,36,4895,4898,4,1
34359739345,35,4888,4893,6,3
137438957382,37,4896,4898,3,2
68719478691,36,4894,4894,1,1
1099511659068,40,4897,4897,1,5
549755829534,39,4898,4898,1,17
137438957383,37,4895,4895,1,2
1099511659069,40,4896,4896,1,5
549755829535,39,4896,4897,2,17
1099511659098,40,4900,4900,1,2
274877914774,38,4901,4902,2,1
34359739346,35,4903,4906,4,3
17179869673,34,4888,4898,11,16
1099511659099,40,4899,4899,1,2
549755829550,39,4902,4902,1,2
274877914775,38,4899,4900,2,1
549755829551,39,4901,4901,1,2
68719478694,36,4904,4906,3,1
34359739347,35,4899,4902,4,3
274877914780,38,4905,4905,1,17
137438957390,37,4906,4906,1,2
68719478695,36,4903,4903,1,1
274877914781,38,4904,4904,1,17
137438957391,37,4904,4905,2,2
274877914784,38,4908,4908,1,2
68719478696,36,4909,4909,1,1
34359739348,35,4910,4912,3,3
17179869674,34,4913,4921,9,16
8589934837,33,4888,4906,19,12
274877914785,38,4907,4907,1,2
68719478697,36,4907,4908,2,1
274877914792,38,4911,4911,1,2
68719478698,36,4912,4912,1,1
34359739349,35,4907,4909,3,3
274877914793,38,4910,4910,1,2
68719478699,36,4910,4911,2,1
68719478700,36,4914,4916,3,1
34359739350,35,4917,4921,5,3
17179869675,34,4907,4912,6,16
549755829608,39,4915,4915,1,17
137438957402,37,4916,4916,1,2
68719478701,36,4913,4913,1,1
549755829609,39,4914,4914,1,17
137438957403,37,4914,4915,2,2
68719478702,36,4918,4921,4,1
34359739351,35,4913,4916,4,3
17592186548082,44,4919,4919,1,17
137438957406,37,4920,4921,2,2
68719478703,36,4917,4917,1,1
17592186548083,44,4918,4918,1,17
1099511659258,40,4921,4921,1,17
137438957407,37,4918,4919,2,2
1099511659259,40,4920,4920,1,17
68719478704,36,4923,4925,3,1
34359739352,35,4926,4927,2,3
17179869676,34,4928,4936,9,16
8589934838,33,4937,4955,19,12
4294967419,32,4888,4921,34,15
4398046637152,42,4924,4924,1,17
274877914822,38,4925,4925,1,2
68719478705,36,4922,4922,1,1
4398046637153,42,4923,4923,1,17
274877914823,38,4923,4924,2,2
137438957414,37,4927,4927,1,1
34359739353,35,4922,4925,4,3
137438957415,37,4926,4926,1,1
68719478708,36,4929,4931,3,1
34359739354,35,4932,4936,5,3
17179869677,34,4922,4927,6,16
1099511659344,40,4930,4930,1,17
549755829672,39,4931,4931,1,2
68719478709,36,4928,4928,1,1
1099511659345,40,4929,4929,1,17
549755829673,39,4929,4930,2,2
274877914840,38,4933,4933,1,17
137438957420,37,4934,4935,2,2
68719478710,36,4936,4936,1,1
34359739355,35,4928,4931,4,3
274877914841,38,4932,4932,1,17
274877914842,38,4935,4935,1,17
137438957421,37,4932,4933,2,2
274877914843,38,4934,4934,1,17
68719478711,36,4932,4935,4,1
274877914848,38,4938,4938,1,17
137438957424,37,4939,4939,1,2
68719478712,36,4940,4940,1,1
34359739356,35,4941,4946,6,3
17179869678,34,4947,4955,9,16
8589934839,33,4922,4936,15,12
274877914849,38,4937,4937,1,17
137438957425,37,4937,4938,2,2
68719478713,36,4937,4939,3,1
137438957428,37,4942,4942,1,2
68719478714,36,4943,4946,4,1
34359739357,35,4937,4940,4,3
137438957429,37,4941,4941,1,2
274877914860,38,4944,4946,3,2
68719478715,36,4941,4942,2,1
4398046637778,42,4945,4945,1,5
1099511659444,40,4946,4946,1,17
274877914861,38,4943,4943,1,2
4398046637779,42,4944,4944,1,5
1099511659445,40,4944,4945,2,17
137438957432,37,4948,4948,1,2
68719478716,36,4949,4949,1,1
34359739358,35,4950,4955,6,3
17179869679,34,4937,4946,10,16
137438957433,37,4947,4947,1,2
68719478717,36,4947,4948,2,1
274877914874,38,4951,4951,1,2
68719478718,36,4952,4955,4,1
34359739359,35,4947,4949,3,3
274877914875,38,4950,4950,1,2
137438957438,37,4953,4955,3,2
68719478719,36,4950,4951,2,1
549755829756,39,4954,4954,1,5
274877914878,38,4955,4955,1,17
137438957439,37,4952,4952,1,2
549755829757,39,4953,4953,1,5
274877914879,38,4953,4954,2,17
1099511659520,40,4957,4957,1,1
34359739360,35,4958,4968,11,3
17179869680,34,4969,4979,11,16
8589934840,33,4980,4995,16,12
4294967420,32,4996,5037,42,15
2147483710,31,5038,5094,57,9
1073741855,30,4805,4955,151,7
1099511659521,40,4956,4956,1,1
1099511659552,40,4959,4959,1,5
274877914888,38,4960,4961,2,17
137438957444,37,4962,4962,1,2
68719478722,36,4963,4968,6,1
34359739361,35,4956,4957,2,3
1099511659553,40,4958,4958,1,5
1099511659558,40,4961,4961,1,5
274877914889,38,4958,4959,2,17
1099511659559,40,4960,4960,1,5
137438957445,37,4958,4961,4,2
274877914892,38,4964,4965,2,17
137438957446,37,4966,4968,3,2
68719478723,36,4958,4962,5,1
549755829786,39,4965,4965,1,5
274877914893,38,4963,4963,1,17
549755829787,39,4964,4964,1,5
549755829788,39,4967,4967,1,5
274877914894,38,4968,4968,1,17
137438957447,37,4963,4965,3,2
549755829789,39,4966,4966,1,5
274877914895,38,4966,4967,2,17
137438957448,37,4970,4970,1,2
68719478724,36,4971,4974,4,1
34359739362,35,4975,4979,5,3
17179869681,34,4956,4968,13,16
137438957449,37,4969,4969,1,2
274877914900,38,4972,4972,1,17
137438957450,37,4973,4974,2,2
68719478725,36,4969,4970,2,1
274877914901,38,4971,4971,1,17
549755829804,39,4974,4974,1,17
137438957451,37,4971,4972,2,2
549755829805,39,4973,4973,1,17
137438957452,37,4976,4976,1,2
68719478726,36,4977,4979,3,1
34359739363,35,4969,4974,6,3
137438957453,37,4975,4975,1,2
137438957454,37,4978,4979,2,2
68719478727,36,4975,4976,2,1
274877914910,38,4979,4979,1,17
137438957455,37,4977,4977,1,2
274877914911,38,4978,4978,1,17
137438957456,37,4981,4982,2,2
68719478728,36,4983,4984,2,1
34359739364,35,4985,4988,4,3
17179869682,34,4989,4995,7,16
8589934841,33,4956,4979,24,12
274877914914,38,4982,4982,1,17
137438957457,37,4980,4980,1,2
274877914915,38,4981,4981,1,17
549755829834,39,4984,4984,1,2
68719478729,36,4980,4982,3,1
549755829835,39,4983,4983,1,2
274877914920,38,4986,4986,1,17
137438957460,37,4987,4987,1,2
68719478730,36,4988,4988,1,1
34359739365,35,4980,4984,5,3
274877914921,38,4985,4985,1,17
137438957461,37,4985,4986,2,2
68719478731,36,4985,4987,3,1
68719478732,36,4990,4992,3,1
34359739366,35,4993,4995,3,3
17179869683,34,4980,4988,9,16
137438957466,37,4991,4992,2,2
68719478733,36,4989,4989,1,1
274877914934,38,4992,4992,1,17
137438957467,37,4990,4990,1,2
274877914935,38,4991,4991,1,17
274877914938,38,4994,4994,1,2
68719478734,36,4995,4995,1,1
34359739367,35,4989,4992,4,3
274877914939,38,4993,4993,1,2
68719478735,36,4993,4994,2,1
137438957472,37,4997,5000,4,2
68719478736,36,5001,5003,3,1
34359739368,35,5004,5011,8,3
17179869684,34,5012,5019,8,16
8589934842,33,5020,5037,18,12
4294967421,32,4956,4995,40,15
549755829892,39,4998,4998,1,5
274877914946,38,4999,5000,2,17
137438957473,37,4996,4996,1,2
549755829893,39,4997,4997,1,5
549755829894,39,5000,5000,1,5
274877914947,38,4997,4998,2,17
549755829895,39,4999,4999,1,5
549755829896,39,5002,5002,1,17
274877914948,38,5003,5003,1,2
68719478737,36,4996,5000,5,1
549755829897,39,5001,5001,1,17
274877914949,38,5001,5002,2,2
137438957476,37,5005,5007,3,2
68719478738,36,5008,5011,4,1
34359739369,35,4996,5003,8,3
1099511659816,40,5006,5006,1,5
549755829908,39,5007,5007,1,17
137438957477,37,5004,5004,1,2
1099511659817,40,5005,5005,1,5
549755829909,39,5005,5006,2,17
137438957478,37,5009,5011,3,2
68719478739,36,5004,5007,4,1
549755829918,39,5010,5011,2,17
137438957479,37,5008,5008,1,2
1099511659838,40,5011,5011,1,5
549755829919,39,5009,5009,1,17
1099511659839,40,5010,5010,1,5
549755829922,39,5013,5013,1,2
68719478740,36,5014,5015,2,1
34359739370,35,5016,5019,4,3
17179869685,34,4996,5011,16,16
549755829923,39,5012,5012,1,2
137438957482,37,5015,5015,1,2
68719478741,36,5012,5013,2,1
137438957483,37,5014,5014,1,2
137438957484,37,5017,5017,1,2
68719478742,36,5018,5019,2,1
34359739371,35,5012,5015,4,3
137438957485,37,5016,5016,1,2
274877914974,38,5019,5019,1,2
68719478743,36,5016,5017,2,1
274877914975,38,5018,5018,1,2
274877914982,38,5021,5021,1,1
34359739372,35,5022,5026,5,3
17179869686,34,5027,5037,11,16
8589934843,33,4996,5019,24,12
274877914983,38,5020,5020,1,1
549755829968,39,5023,5023,1,17
137438957492,37,5024,5024,1,2
68719478746,36,5025,5026,2,1
34359739373,35,5020,5021,2,3
549755829969,39,5022,5022,1,17
137438957493,37,5022,5023,2,2
137438957494,37,5026,5026,1,2
68719478747,36,5022,5024,3,1
137438957495,37,5025,5025,1,2
549755829984,39,5028,5028,1,17
137438957496,37,5029,5031,3,2
68719478748,36,5032,5033,2,1
34359739374,35,5034,5037,4,3
17179869687,34,5020,5026,7,16
549755829985,39,5027,5027,1,17
549755829988,39,5030,5030,1,5
274877914994,38,5031,5031,1,17
137438957497,37,5027,5028,2,2
549755829989,39,5029,5029,1,5
274877914995,38,5029,5030,2,17
4398046639974,42,5033,5033,1,2
68719478749,36,5027,5031,5,1
4398046639975,42,5032,5032,1,2
1099511660000,40,5035,5035,1,2
68719478750,36,5036,5037,2,1
34359739375,35,5027,5033,7,3
1099511660001,40,5034,5034,1,2
274877915006,38,5037,5037,1,2
68719478751,36,5034,5035,2,1
274877915007,38,5036,5036,1,2
137438957504,37,5039,5039,1,2
68719478752,36,5040,5041,2,1
34359739376,35,5042,5044,3,3
17179869688,34,5045,5053,9,16
8589934844,33,5054,5066,13,12
4294967422,32,5067,5094,28,15
2147483711,31,4956,5037,82,9
137438957505,37,5038,5038,1,2
274877915014,38,5041,5041,1,2
68719478753,36,5038,5039,2,1
274877915015,38,5040,5040,1,2
1099511660066,40,5043,5043,1,2
137438957508,37,5044,5044,1,1
34359739377,35,5038,5041,4,3
1099511660067,40,5042,5042,1,2
137438957509,37,5042,5043,2,1
137438957512,37,5046,5046,1,2
68719478756,36,5047,5047,1,1
34359739378,35,5048,5053,6,3
17179869689,34,5038,5044,7,16
137438957513,37,5045,5045,1,2
68719478757,36,5045,5046,2,1
274877915036,38,5049,5051,3,2
137438957518,37,5052,5053,2,1
34359739379,35,5045,5047,3,3
1099511660148,40,5050,5050,1,5
549755830074,39,5051,5051,1,17
274877915037,38,5048,5048,1,2
1099511660149,40,5049,5049,1,5
549755830075,39,5049,5050,2,17
549755830076,39,5053,5053,1,2
137438957519,37,5048,5051,4,1
549755830077,39,5052,5052,1,2
549755830090,39,5055,5055,1,2
137438957522,37,5056,5056,1,1
34359739380,35,5057,5058,2,3
17179869690,34,5059,5066,8,16
8589934845,33,5038,5053,16,12
549755830091,39,5054,5054,1,2
137438957523,37,5054,5055,2,1
549755830096,39,5058,5058,1,1
34359739381,35,5054,5056,3,3
549755830097,39,5057,5057,1,1
8796093281924,43,5060,5060,1,17
274877915060,38,5061,5061,1,2
137438957530,37,5062,5062,1,1
34359739382,35,5063,5066,4,3
17179869691,34,5054,5058,5,16
8796093281925,43,5059,5059,1,17
274877915061,38,5059,5060,2,2
137438957531,37,5059,5061,3,1
68719478766,36,5064,5066,3,1
34359739383,35,5059,5062,4,3
137438957534,37,5065,5066,2,2
68719478767,36,5063,5063,1,1
274877915070,38,5066,5066,1,17
137438957535,37,5064,5064,1,2
274877915071,38,5065,5065,1,17
68719478768,36,5068,5068,1,1
34359739384,35,5069,5071,3,3
17179869692,34,5072,5077,6,16
8589934846,33,5078,5094,17,12
4294967423,32,5038,5066,29,15
68719478769,36,5067,5067,1,1
137438957540,37,5070,5071,2,1
34359739385,35,5067,5068,2,3
274877915082,38,5071,5071,1,2
137438957541,37,5069,5069,1,1
274877915083,38,5070,5070,1,2
68719478772,36,5073,5075,3,1
34359739386,35,5076,5077,2,3
17179869693,34,5067,5071,5,16
137438957546,37,5074,5075,2,2
68719478773,36,5072,5072,1,1
1099511660376,40,5075,5075,1,17
137438957547,37,5073,5073,1,2
1099511660377,40,5074,5074,1,17
274877915102,38,5077,5077,1,1
34359739387,35,5072,5075,4,3
274877915103,38,5076,5076,1,1
274877915104,38,5079,5079,1,17
137438957552,37,5080,5080,1,2
68719478776,36,5081,5082,2,1
34359739388,35,5083,5086,4,3
17179869694,34,5087,5094,8,16
8589934847,33,5067,5077,11,12
274877915105,38,5078,5078,1,17
137438957553,37,5078,5079,2,2
2199023320886,41,5082,5082,1,2
68719478777,36,5078,5080,3,1
2199023320887,41,5081,5081,1,2
137438957556,37,5084,5084,1,2
68719478778,36,5085,5086,2,1
34359739389,35,5078,5082,5,3
137438957557,37,5083,5083,1,2
4398046641866,42,5086,5086,1,2
68719478779,36,5083,5084,2,1
4398046641867,42,5085,5085,1,2
274877915122,38,5088,5088,1,2
68719478780,36,5089,5091,3,1
34359739390,35,5092,5094,3,3
17179869695,34,5078,5086,9,16
274877915123,38,5087,5087,1,2
549755830248,39,5090,5090,1,17
137438957562,37,5091,5091,1,2
68719478781,36,5087,5088,2,1
549755830249,39,5089,5089,1,17
137438957563,37,5089,5090,2,2
137438957564,37,5093,5093,1,2
68719478782,36,5094,5094,1,1
34359739391,35,5087,5091,5,3
137438957565,37,5092,5092,1,2
68719478783,36,5092,5093,2,1
549755830274,39,5096,5096,1,14
137438957568,37,5097,5098,2,5
34359739392,35,5099,5103,5,11
17179869696,34,5104,5113,10,17
8589934848,33,5114,5132,19,4
4294967424,32,5133,5170,38,15
2147483712,31,5171,5246,76,16
1073741856,30,5247,5393,147,2
536870928,29,5394,5714,321,6
268435464,28,5715,6292,578,16
134217732,27,6293,7569,1277,9
67108866,26,7570,9999,2430,6
33554433,25,0,5094,5095,13
549755830275,39,5095,5095,1,14
549755830278,39,5098,5098,1,14
137438957569,37,5095,5096,2,5
549755830279,39,5097,5097,1,14
68719478786,36,5100,5103,4,5
34359739393,35,5095,5098,4,11
1099511660592,40,5101,5101,1,8
274877915148,38,5102,5102,1,12
137438957574,37,5103,5103,1,14
68719478787,36,5099,5099,1,5
1099511660593,40,5100,5100,1,8
274877915149,38,5100,5101,2,12
137438957575,37,5100,5102,3,14
274877915152,38,5105,5105,1,12
137438957576,37,5106,5108,3,14
68719478788,36,5109,5109,1,5
34359739394,35,5110,5113,4,11
17179869697,34,5095,5103,9,17
274877915153,38,5104,5104,1,12
549755830308,39,5107,5108,2,12
137438957577,37,5104,5105,2,14
2199023321238,41,5108,5108,1,8
549755830309,39,5106,5106,1,12
2199023321239,41,5107,5107,1,8
68719478789,36,5104,5108,5,5
137438957580,37,5111,5112,2,14
68719478790,36,5113,5113,1,5
34359739395,35,5104,5109,6,11
2199023321306,41,5112,5112,1,12
137438957581,37,5110,5110,1,14
2199023321307,41,5111,5111,1,12
68719478791,36,5110,5112,3,5
137438957584,37,5115,5115,1,14
68719478792,36,5116,5117,2,5
34359739396,35,5118,5119,2,11
17179869698,34,5120,5132,13,17
8589934849,33,5095,5113,19,4
137438957585,37,5114,5114,1,14
549755830346,39,5117,5117,1,14
68719478793,36,5114,5115,2,5
549755830347,39,5116,5116,1,14
68719478794,36,5119,5119,1,5
34359739397,35,5114,5117,4,11
68719478795,36,5118,5118,1,5
274877915186,38,5121,5121,1,14
68719478796,36,5122,5125,4,5
34359739398,35,5126,5132,7,11
17179869699,34,5114,5119,6,17
274877915187,38,5120,5120,1,14
549755830376,39,5123,5124,2,12
274877915188,38,5125,5125,1,14
68719478797,36,5120,5121,2,5
1099511660754,40,5124,5124,1,8
549755830377,39,5122,5122,1,12
1099511660755,40,5123,5123,1,8
274877915189,38,5122,5124,3,14
549755830386,39,5127,5127,1,12
137438957596,37,5128,5128,1,14
68719478798,36,5129,5132,4,5
34359739399,35,5120,5125,6,11
549755830387,39,5126,5126,1,12
137438957597,37,5126,5127,2,14
549755830392,39,5130,5130,1,12
274877915196,38,5131,5132,2,14
68719478799,36,5126,5128,3,5
549755830393,39,5129,5129,1,12
549755830394,39,5132,5132,1,12
274877915197,38,5129,5130,2,14
549755830395,39,5131,5131,1,12
137438957600,37,5134,5135,2,14
68719478800,36,5136,5136,1,5
34359739400,35,5137,5139,3,11
17179869700,34,5140,5153,14,17
8589934850,33,5154,5170,17,4
4294967425,32,5095,5132,38,15
274877915202,38,5135,5135,1,12
137438957601,37,5133,5133,1,14
274877915203,38,5134,5134,1,12
68719478801,36,5133,5135,3,5
4398046643422,42,5138,5138,1,14
137438957606,37,5139,5139,1,5
34359739401,35,5133,5136,4,11
4398046643423,42,5137,5137,1,14
137438957607,37,5137,5138,2,5
274877915216,38,5141,5143,3,12
137438957608,37,5144,5144,1,14
68719478804,36,5145,5147,3,5
34359739402,35,5148,5153,6,11
17179869701,34,5133,5139,7,17
2199023321736,41,5142,5142,1,13
549755830434,39,5143,5143,1,8
274877915217,38,5140,5140,1,12
2199023321737,41,5141,5141,1,13
549755830435,39,5141,5142,2,8
137438957609,37,5140,5143,4,14
2199023321762,41,5146,5146,1,12
137438957610,37,5147,5147,1,14
68719478805,36,5140,5144,5,5
2199023321763,41,5145,5145,1,12
137438957611,37,5145,5146,2,14
137438957612,37,5149,5149,1,14
68719478806,36,5150,5153,4,5
34359739403,35,5140,5147,8,11
137438957613,37,5148,5148,1,14
549755830458,39,5151,5151,1,12
137438957614,37,5152,5153,2,14
68719478807,36,5148,5149,2,5
549755830459,39,5150,5150,1,12
274877915230,38,5153,5153,1,12
137438957615,37,5150,5151,2,14
274877915231,38,5152,5152,1,12
137438957616,37,5155,5157,3,14
68719478808,36,5158,5159,2,5
34359739404,35,5160,5162,3,11
17179869702,34,5163,5170,8,17
8589934851,33,5133,5153,21,4
274877915234,38,5156,5157,2,12
137438957617,37,5154,5154,1,14
549755830470,39,5157,5157,1,8
274877915235,38,5155,5155,1,12
549755830471,39,5156,5156,1,8
137438957618,37,5159,5159,1,14
68719478809,36,5154,5157,4,5
137438957619,37,5158,5158,1,14
68719478810,36,5161,5162,2,5
34359739405,35,5154,5159,6,11
137438957622,37,5162,5162,1,14
68719478811,36,5160,5160,1,5
137438957623,37,5161,5161,1,14
274877915248,38,5164,5164,1,12
137438957624,37,5165,5165,1,14
68719478812,36,5166,5167,2,5
34359739406,35,5168,5170,3,11
17179869703,34,5154,5162,9,17
274877915249,38,5163,5163,1,12
137438957625,37,5163,5164,2,14
4398046644056,42,5167,5167,1,14
68719478813,36,5163,5165,3,5
4398046644057,42,5166,5166,1,14
274877915256,38,5169,5169,1,14
68719478814,36,5170,5170,1,5
34359739407,35,5163,5167,5,11
274877915257,38,5168,5168,1,14
68719478815,36,5168,5169,2,5
68719478816,36,5172,5173,2,5
34359739408,35,5174,5177,4,11
17179869704,34,5178,5187,10,17
8589934852,33,5188,5203,16,4
4294967426,32,5204,5246,43,15
2147483713,31,5095,5170,76,16
137438957634,37,5173,5173,1,14
68719478817,36,5171,5171,1,5
137438957635,37,5172,5172,1,14
137438957636,37,5175,5175,1,14
68719478818,36,5176,5177,2,5
34359739409,35,5171,5173,3,11
137438957637,37,5174,5174,1,14
274877915276,38,5177,5177,1,14
68719478819,36,5174,5175,2,5
274877915277,38,5176,5176,1,14
68719478820,36,5179,5184,6,5
34359739410,35,5185,5187,3,11
17179869705,34,5171,5177,7,17
2199023322272,41,5180,5180,1,8
549755830568,39,5181,5181,1,12
137438957642,37,5182,5184,3,14
68719478821,36,5178,5178,1,5
2199023322273,41,5179,5179,1,8
549755830569,39,5179,5180,2,12
2199023322294,41,5183,5183,1,8
274877915286,38,5184,5184,1,12
137438957643,37,5179,5181,3,14
2199023322295,41,5182,5182,1,8
274877915287,38,5182,5183,2,12
68719478822,36,5186,5187,2,5
34359739411,35,5178,5184,7,11
137438957646,37,5187,5187,1,14
68719478823,36,5185,5185,1,5
137438957647,37,5186,5186,1,14
549755830592,39,5189,5189,1,8
274877915296,38,5190,5190,1,12
137438957648,37,5191,5191,1,14
68719478824,36,5192,5193,2,5
34359739412,35,5194,5198,5,11
17179869706,34,5199,5203,5,17
8589934853,33,5171,5187,17,4
549755830593,39,5188,5188,1,8
274877915297,38,5188,5189,2,12
137438957649,37,5188,5190,3,14
274877915300,38,5193,5193,1,14
68719478825,36,5188,5191,4,5
274877915301,38,5192,5192,1,14
68719478826,36,5195,5198,4,5
34359739413,35,5188,5193,6,11
137438957654,37,5196,5198,3,14
68719478827,36,5194,5194,1,5
2199023322486,41,5197,5197,1,8
274877915310,38,5198,5198,1,12
137438957655,37,5195,5195,1,14
2199023322487,41,5196,5196,1,8
274877915311,38,5196,5197,2,12
137438957656,37,5200,5201,2,5
34359739414,35,5202,5203,2,11
17179869707,34,5188,5198,11,17
274877915314,38,5201,5201,1,14
137438957657,37,5199,5199,1,5
274877915315,38,5200,5200,1,14
68719478830,36,5203,5203,1,5
34359739415,35,5199,5201,3,11
68719478831,36,5202,5202,1,5
549755830658,39,5205,5205,1,12
137438957664,37,5206,5207,2,14
68719478832,36,5208,5208,1,5
34359739416,35,5209,5209,1,11
17179869708,34,5210,5220,11,17
8589934854,33,5221,5246,26,4
4294967427,32,5171,5203,33,15
549755830659,39,5204,5204,1,12
549755830662,39,5207,5207,1,12
137438957665,37,5204,5205,2,14
549755830663,39,5206,5206,1,12
68719478833,36,5204,5207,4,5
34359739417,35,5204,5208,5,11
68719478836,36,5211,5214,4,5
34359739418,35,5215,5220,6,11
17179869709,34,5204,5209,6,17
549755830700,39,5212,5213,2,12
274877915350,38,5214,5214,1,14
68719478837,36,5210,5210,1,5
1099511661402,40,5213,5213,1,8
549755830701,39,5211,5211,1,12
1099511661403,40,5212,5212,1,8
274877915351,38,5211,5213,3,14
274877915352,38,5216,5216,1,12
137438957676,37,5217,5217,1,14
68719478838,36,5218,5220,3,5
34359739419,35,5210,5214,5,11
274877915353,38,5215,5215,1,12
137438957677,37,5215,5216,2,14
4398046645710,42,5219,5219,1,12
137438957678,37,5220,5220,1,14
68719478839,36,5215,5217,3,5
4398046645711,42,5218,5218,1,12
137438957679,37,5218,5219,2,14
68719478840,36,5222,5223,2,5
34359739420,35,5224,5230,7,11
17179869710,34,5231,5246,16,17
8589934855,33,5204,5220,17,4
137438957682,37,5223,5223,1,14
68719478841,36,5221,5221,1,5
137438957683,37,5222,5222,1,14
549755830736,39,5225,5225,1,12
274877915368,38,5226,5227,2,14
68719478842,36,5228,5230,3,5
34359739421,35,5221,5223,3,11
549755830737,39,5224,5224,1,12
549755830738,39,5227,5227,1,12
274877915369,38,5224,5225,2,14
549755830739,39,5226,5226,1,12
137438957686,37,5229,5230,2,14
68719478843,36,5224,5227,4,5
274877915374,38,5230,5230,1,12
137438957687,37,5228,5228,1,14
274877915375,38,5229,5229,1,12
4398046646022,42,5232,5232,1,8
549755830752,39,5233,5234,2,12
137438957688,37,5235,5236,2,14
68719478844,36,5237,5243,7,5
34359739422,35,5244,5246,3,11
17179869711,34,5221,5230,10,17
4398046646023,42,5231,5231,1,8
1099511661506,40,5234,5234,1,8
549755830753,39,5231,5232,2,12
1099511661507,40,5233,5233,1,8
549755830758,39,5236,5236,1,12
137438957689,37,5231,5234,4,14
549755830759,39,5235,5235,1,12
274877915380,38,5238,5238,1,12
137438957690,37,5239,5243,5,14
68719478845,36,5231,5236,6,5
274877915381,38,5237,5237,1,12
1099511661528,40,5240,5240,1,13
549755830764,39,5241,5241,1,8
274877915382,38,5242,5243,2,12
137438957691,37,5237,5238,2,14
1099511661529,40,5239,5239,1,13
549755830765,39,5239,5240,2,8
549755830766,39,5243,5243,1,8
274877915383,38,5239,5241,3,12
549755830767,39,5242,5242,1,8
549755830768,39,5245,5245,1,14
137438957692,37,5246,5246,1,5
34359739423,35,5231,5243,13,11
549755830769,39,5244,5244,1,14
137438957693,37,5244,5245,2,5
274877915392,38,5248,5248,1,12
137438957696,37,5249,5249,1,14
68719478848,36,5250,5250,1,5
34359739424,35,5251,5252,2,11
17179869712,34,5253,5259,7,17
8589934856,33,5260,5281,22,4
4294967428,32,5282,5321,40,15
2147483714,31,5322,5393,72,16
1073741857,30,5095,5246,152,2
274877915393,38,5247,5247,1,12
137438957697,37,5247,5248,2,14
68719478849,36,5247,5249,3,5
274877915404,38,5252,5252,1,5
34359739425,35,5247,5250,4,11
274877915405,38,5251,5251,1,5
2199023323272,41,5254,5254,1,14
68719478852,36,5255,5255,1,5
34359739426,35,5256,5259,4,11
17179869713,34,5247,5252,6,17
2199023323273,41,5253,5253,1,14
68719478853,36,5253,5254,2,5
68719478854,36,5257,5259,3,5
34359739427,35,5253,5255,3,11
2199023323360,41,5258,5258,1,12
274877915420,38,5259,5259,1,14
68719478855,36,5256,5256,1,5
2199023323361,41,5257,5257,1,12
274877915421,38,5257,5258,2,14
1099511661706,40,5261,5261,1,12
274877915426,38,5262,5262,1,14
68719478856,36,5263,5263,1,5
34359739428,35,5264,5266,3,11
17179869714,34,5267,5281,15,17
8589934857,33,5247,5259,13,4
1099511661707,40,5260,5260,1,12
274877915427,38,5260,5261,2,14
68719478857,36,5260,5262,3,5
68719478858,36,5265,5266,2,5
34359739429,35,5260,5263,4,11
274877915436,38,5266,5266,1,14
68719478859,36,5264,5264,1,5
274877915437,38,5265,5265,1,14
274877915440,38,5268,5269,2,12
137438957720,37,5270,5270,1,14
68719478860,36,5271,5276,6,5
34359739430,35,5277,5281,5,11
17179869715,34,5260,5266,7,17
549755830882,39,5269,5269,1,8
274877915441,38,5267,5267,1,12
549755830883,39,5268,5268,1,8
137438957721,37,5267,5269,3,14
137438957722,37,5272,5276,5,14
68719478861,36,5267,5270,4,5
2199023323568,41,5273,5273,1,13
549755830892,39,5274,5274,1,8
274877915446,38,5275,5276,2,12
137438957723,37,5271,5271,1,14
2199023323569,41,5272,5272,1,13
549755830893,39,5272,5273,2,8
549755830894,39,5276,5276,1,8
274877915447,38,5272,5274,3,12
549755830895,39,5275,5275,1,8
137438957724,37,5278,5279,2,14
68719478862,36,5280,5281,2,5
34359739431,35,5267,5276,10,11
274877915450,38,5279,5279,1,12
137438957725,37,5277,5277,1,14
274877915451,38,5278,5278,1,12
137438957726,37,5281,5281,1,14
68719478863,36,5277,5279,3,5
137438957727,37,5280,5280,1,14
68719478864,36,5283,5285,3,5
34359739432,35,5286,5289,4,11
17179869716,34,5290,5299,10,17
8589934858,33,5300,5321,22,4
4294967429,32,5247,5281,35,15
70368746358232,46,5284,5284,1,12
2199023323694,41,5285,5285,1,14
68719478865,36,5282,5282,1,5
70368746358233,46,5283,5283,1,12
2199023323695,41,5283,5284,2,14
17592186589986,44,5287,5287,1,14
137438957734,37,5288,5289,2,5
34359739433,35,5282,5285,4,11
17592186589987,44,5286,5286,1,14
549755830940,39,5289,5289,1,14
137438957735,37,5286,5287,2,5
549755830941,39,5288,5288,1,14
137438957738,37,5291,5294,4,5
34359739434,35,5295,5299,5,11
17179869717,34,5282,5289,8,17
8796093295312,43,5292,5292,1,12
274877915478,38,5293,5294,2,14
137438957739,37,5290,5290,1,5
8796093295313,43,5291,5291,1,12
549755830958,39,5294,5294,1,12
274877915479,38,5291,5292,2,14
549755830959,39,5293,5293,1,12
137438957740,37,5296,5297,2,14
68719478870,36,5298,5299,2,5
34359739435,35,5290,5294,5,11
549755830966,39,5297,5297,1,12
137438957741,37,5295,5295,1,14
549755830967,39,5296,5296,1,12
274877915484,38,5299,5299,1,14
68719478871,36,5295,5297,3,5
274877915485,38,5298,5298,1,14
1099511661958,40,5301,5301,1,14
68719478872,36,5302,5302,1,5
34359739436,35,5303,5308,6,11
17179869718,34,5309,5321,13,17
8589934859,33,5282,5299,18,4
1099511661959,40,5300,5300,1,14
68719478873,36,5300,5301,2,5
549755830996,39,5304,5304,1,12
274877915498,38,5305,5305,1,14
68719478874,36,5306,5308,3,5
34359739437,35,5300,5302,3,11
549755830997,39,5303,5303,1,12
274877915499,38,5303,5304,2,14
137438957750,37,5307,5308,2,14
68719478875,36,5303,5305,3,5
549755831006,39,5308,5308,1,12
137438957751,37,5306,5306,1,14
549755831007,39,5307,5307,1,12
68719478876,36,5310,5311,2,5
34359739438,35,5312,5321,10,11
17179869719,34,5300,5308,9,17
137438957754,37,5311,5311,1,14
68719478877,36,5309,5309,1,5
137438957755,37,5310,5310,1,14
2199023324112,41,5313,5313,1,12
274877915514,38,5314,5314,1,14
68719478878,36,5315,5321,7,5
34359739439,35,5309,5311,3,11
2199023324113,41,5312,5312,1,12
274877915515,38,5312,5313,2,14
274877915516,38,5316,5318,3,12
137438957758,37,5319,5321,3,14
68719478879,36,5312,5314,3,5
4398046648282,42,5317,5317,1,13
1099511662070,40,5318,5318,1,8
274877915517,38,5315,5315,1,12
4398046648283,42,5316,5316,1,13
1099511662071,40,5316,5317,2,8
274877915518,38,5320,5321,2,12
137438957759,37,5315,5318,4,14
1099511662078,40,5321,5321,1,8
274877915519,38,5319,5319,1,12
1099511662079,40,5320,5320,1,8
137438957760,37,5323,5325,3,14
68719478880,36,5326,5327,2,5
34359739440,35,5328,5330,3,11
17179869720,34,5331,5340,10,17
8589934860,33,5341,5358,18,4
4294967430,32,5359,5393,35,15
2147483715,31,5247,5321,75,16
549755831044,39,5324,5324,1,8
274877915522,38,5325,5325,1,12
137438957761,37,5322,5322,1,14
549755831045,39,5323,5323,1,8
274877915523,38,5323,5324,2,12
4398046648430,42,5327,5327,1,14
68719478881,36,5322,5325,4,5
4398046648431,42,5326,5326,1,14
274877915530,38,5329,5329,1,14
68719478882,36,5330,5330,1,5
34359739441,35,5322,5327,6,11
274877915531,38,5328,5328,1,14
68719478883,36,5328,5329,2,5
137438957768,37,5332,5333,2,14
68719478884,36,5334,5336,3,5
34359739442,35,5337,5340,4,11
17179869721,34,5322,5330,9,17
274877915538,38,5333,5333,1,12
137438957769,37,5331,5331,1,14
274877915539,38,5332,5332,1,12
274877915542,38,5335,5336,2,14
68719478885,36,5331,5333,3,5
549755831086,39,5336,5336,1,12
274877915543,38,5334,5334,1,14
549755831087,39,5335,5335,1,12
137438957772,37,5338,5339,2,14
68719478886,36,5340,5340,1,5
34359739443,35,5331,5336,6,11
274877915546,38,5339,5339,1,12
137438957773,37,5337,5337,1,14
274877915547,38,5338,5338,1,12
68719478887,36,5337,5339,3,5
274877915552,38,5342,5343,2,14
68719478888,36,5344,5344,1,5
34359739444,35,5345,5350,6,11
17179869722,34,5351,5358,8,17
8589934861,33,5322,5340,19,4
17592186595444,44,5343,5343,1,12
274877915553,38,5341,5341,1,14
17592186595445,44,5342,5342,1,12
68719478889,36,5341,5343,3,5
137438957780,37,5346,5346,1,14
68719478890,36,5347,5350,4,5
34359739445,35,5341,5344,4,11
137438957781,37,5345,5345,1,14
274877915564,38,5348,5348,1,12
137438957782,37,5349,5350,2,14
68719478891,36,5345,5346,2,5
274877915565,38,5347,5347,1,12
17592186596226,44,5350,5350,1,12
137438957783,37,5347,5348,2,14
17592186596227,44,5349,5349,1,12
68719478892,36,5352,5354,3,5
34359739446,35,5355,5358,4,11
17179869723,34,5341,5350,10,17
1099511662294,40,5353,5353,1,12
137438957786,37,5354,5354,1,14
68719478893,36,5351,5351,1,5
1099511662295,40,5352,5352,1,12
137438957787,37,5352,5353,2,14
549755831154,39,5356,5356,1,14
68719478894,36,5357,5358,2,5
34359739447,35,5351,5354,4,11
549755831155,39,5355,5355,1,14
137438957790,37,5358,5358,1,14
68719478895,36,5355,5356,2,5
137438957791,37,5357,5357,1,14
549755831168,39,5360,5360,1,14
274877915584,38,5361,5362,2,5
34359739448,35,5363,5363,1,11
17179869724,34,5364,5377,14,17
8589934862,33,5378,5393,16,4
4294967431,32,5322,5358,37,15
549755831169,39,5359,5359,1,14
1099511662342,40,5362,5362,1,14
274877915585,38,5359,5360,2,5
1099511662343,40,5361,5361,1,14
34359739449,35,5359,5362,4,11
2199023324802,41,5365,5365,1,12
274877915600,38,5366,5366,1,14
68719478900,36,5367,5372,6,5
34359739450,35,5373,5377,5,11
17179869725,34,5359,5363,5,17
2199023324803,41,5364,5364,1,12
274877915601,38,5364,5365,2,14
274877915604,38,5368,5368,1,12
137438957802,37,5369,5372,4,14
68719478901,36,5364,5366,3,5
274877915605,38,5367,5367,1,12
274877915606,38,5370,5372,3,12
137438957803,37,5367,5368,2,14
17592186598854,44,5371,5371,1,13
1099511662428,40,5372,5372,1,8
274877915607,38,5369,5369,1,12
17592186598855,44,5370,5370,1,13
1099511662429,40,5370,5371,2,8
137438957804,37,5374,5376,3,14
68719478902,36,5377,5377,1,5
34359739451,35,5364,5372,9,11
4398046649760,42,5375,5375,1,8
274877915610,38,5376,5376,1,12
137438957805,37,5373,5373,1,14
4398046649761,42,5374,5374,1,8
274877915611,38,5374,5375,2,12
68719478903,36,5373,5376,4,5
68719478904,36,5379,5380,2,5
34359739452,35,5381,5387,7,11
17179869726,34,5388,5393,6,17
8589934863,33,5359,5377,19,4
137438957810,37,5380,5380,1,14
68719478905,36,5378,5378,1,5
137438957811,37,5379,5379,1,14
274877915624,38,5382,5382,1,12
137438957812,37,5383,5383,1,14
68719478906,36,5384,5387,4,5
34359739453,35,5378,5380,3,11
274877915625,38,5381,5381,1,12
137438957813,37,5381,5382,2,14
137438957814,37,5385,5387,3,14
68719478907,36,5381,5383,3,5
549755831260,39,5386,5386,1,8
274877915630,38,5387,5387,1,12
137438957815,37,5384,5384,1,14
549755831261,39,5385,5385,1,8
274877915631,38,5385,5386,2,12
137438957816,37,5389,5390,2,5
34359739454,35,5391,5393,3,11
17179869727,34,5378,5387,10,17
274877915634,38,5390,5390,1,14
137438957817,37,5388,5388,1,5
274877915635,38,5389,5389,1,14
549755831282,39,5392,5392,1,14
68719478910,36,5393,5393,1,5
34359739455,35,5388,5390,3,11
549755831283,39,5391,5391,1,14
68719478911,36,5391,5392,2,5
68719478912,36,5395,5399,5,5
34359739456,35,5400,5405,6,11
17179869728,34,5406,5413,8,17
8589934864,33,5414,5428,15,4
4294967432,32,5429,5464,36,15
2147483716,31,5465,5541,77,16
1073741858,30,5542,5714,173,2
536870929,29,5095,5393,299,6
549755831304,39,5396,5396,1,8
274877915652,38,5397,5397,1,12
137438957826,37,5398,5399,2,14
68719478913,36,5394,5394,1,5
549755831305,39,5395,5395,1,8
274877915653,38,5395,5396,2,12
549755831308,39,5399,5399,1,12
137438957827,37,5395,5397,3,14
549755831309,39,5398,5398,1,12
274877915656,38,5401,5401,1,12
137438957828,37,5402,5402,1,14
68719478914,36,5403,5405,3,5
34359739457,35,5394,5399,6,11
274877915657,38,5400,5400,1,12
137438957829,37,5400,5401,2,14
549755831320,39,5404,5404,1,12
137438957830,37,5405,5405,1,14
68719478915,36,5400,5402,3,5
549755831321,39,5403,5403,1,12
137438957831,37,5403,5404,2,14
274877915664,38,5407,5407,1,12
137438957832,37,5408,5409,2,14
68719478916,36,5410,5411,2,5
34359739458,35,5412,5413,2,11
17179869729,34,5394,5405,12,17
274877915665,38,5406,5406,1,12
274877915666,38,5409,5409,1,12
137438957833,37,5406,5407,2,14
274877915667,38,5408,5408,1,12
137438957834,37,5411,5411,1,14
68719478917,36,5406,5409,4,5
137438957835,37,5410,5410,1,14
68719478918,36,5413,5413,1,5
34359739459,35,5406,5411,6,11
68719478919,36,5412,5412,1,5
274877915680,38,5415,5415,1,14
68719478920,36,5416,5418,3,5
34359739460,35,5419,5421,3,11
17179869730,34,5422,5428,7,17
8589934865,33,5394,5413,20,4
274877915681,38,5414,5414,1,14
137438957842,37,5417,5418,2,14
68719478921,36,5414,5415,2,5
549755831372,39,5418,5418,1,12
137438957843,37,5416,5416,1,14
549755831373,39,5417,5417,1,12
137438957844,37,5420,5420,1,14
68719478922,36,5421,5421,1,5
34359739461,35,5414,5418,5,11
137438957845,37,5419,5419,1,14
68719478923,36,5419,5420,2,5
274877915698,38,5423,5424,2,14
68719478924,36,5425,5425,1,5
34359739462,35,5426,5428,3,11
17179869731,34,5414,5421,8,17
549755831398,39,5424,5424,1,12
274877915699,38,5422,5422,1,14
549755831399,39,5423,5423,1,12
68719478925,36,5422,5424,3,5
137438957852,37,5427,5427,1,14
68719478926,36,5428,5428,1,5
34359739463,35,5422,5425,4,11
137438957853,37,5426,5426,1,14
68719478927,36,5426,5427,2,5
68719478928,36,5430,5432,3,5
34359739464,35,5433,5437,5,11
17179869732,34,5438,5449,12,17
8589934866,33,5450,5464,15,4
4294967433,32,5394,5428,35,15
274877915716,38,5431,5432,2,14
68719478929,36,5429,5429,1,5
549755831434,39,5432,5432,1,12
274877915717,38,5430,5430,1,14
549755831435,39,5431,5431,1,12
4398046651532,42,5434,5434,1,12
137438957860,37,5435,5436,2,14
68719478930,36,5437,5437,1,5
34359739465,35,5429,5432,4,11
4398046651533,42,5433,5433,1,12
1099511662888,40,5436,5436,1,12
137438957861,37,5433,5434,2,14
1099511662889,40,5435,5435,1,12
68719478931,36,5433,5436,4,5
137438957864,37,5439,5440,2,14
68719478932,36,5441,5443,3,5
34359739466,35,5444,5449,6,11
17179869733,34,5429,5437,9,17
2199023325848,41,5440,5440,1,12
137438957865,37,5438,5438,1,14
2199023325849,41,5439,5439,1,12
274877915732,38,5442,5442,1,12
137438957866,37,5443,5443,1,14
68719478933,36,5438,5440,3,5
274877915733,38,5441,5441,1,12
137438957867,37,5441,5442,2,14
274877915736,38,5445,5445,1,12
137438957868,37,5446,5446,1,14
68719478934,36,5447,5449,3,5
34359739467,35,5438,5443,6,11
274877915737,38,5444,5444,1,12
137438957869,37,5444,5445,2,14
137438957870,37,5448,5449,2,14
68719478935,36,5444,5446,3,5
2199023325936,41,5449,5449,1,12
137438957871,37,5447,5447,1,14
2199023325937,41,5448,5448,1,12
137438957872,37,5451,5451,1,14
68719478936,36,5452,5452,1,5
34359739468,35,5453,5456,4,11
17179869734,34,5457,5464,8,17
8589934867,33,5429,5449,21,4
137438957873,37,5450,5450,1,14
68719478937,36,5450,5451,2,5
274877915754,38,5454,5455,2,14
68719478938,36,5456,5456,1,5
34359739469,35,5450,5452,3,11
4398046652084,42,5455,5455,1,12
274877915755,38,5453,5453,1,14
4398046652085,42,5454,5454,1,12
68719478939,36,5453,5455,3,5
549755831524,39,5458,5458,1,14
68719478940,36,5459,5459,1,5
34359739470,35,5460,5464,5,11
17179869735,34,5450,5456,7,17
549755831525,39,5457,5457,1,14
68719478941,36,5457,5458,2,5
2199023326144,41,5461,5461,1,14
68719478942,36,5462,5464,3,5
34359739471,35,5457,5459,3,11
2199023326145,41,5460,5460,1,14
137438957886,37,5463,5464,2,14
68719478943,36,5460,5461,2,5
274877915774,38,5464,5464,1,12
137438957887,37,5462,5462,1,14
274877915775,38,5463,5463,1,12
549755831552,39,5466,5466,1,12
137438957888,37,5467,5468,2,14
68719478944,36,5469,5469,1,5
34359739472,35,5470,5472,3,11
17179869736,34,5473,5479,7,17
8589934868,33,5480,5497,18,4
4294967434,32,5498,5541,44,15
2147483717,31,5394,5464,71,16
549755831553,39,5465,5465,1,12
549755831556,39,5468,5468,1,12
137438957889,37,5465,5466,2,14
549755831557,39,5467,5467,1,12
68719478945,36,5465,5468,4,5
68719478946,36,5471,5472,2,5
34359739473,35,5465,5469,5,11
137438957894,37,5472,5472,1,14
68719478947,36,5470,5470,1,5
137438957895,37,5471,5471,1,14
68719478948,36,5474,5475,2,5
34359739474,35,5476,5479,4,11
17179869737,34,5465,5472,8,17
137438957898,37,5475,5475,1,14
68719478949,36,5473,5473,1,5
137438957899,37,5474,5474,1,14
137438957900,37,5477,5478,2,14
68719478950,36,5479,5479,1,5
34359739475,35,5473,5475,3,11
274877915802,38,5478,5478,1,12
137438957901,37,5476,5476,1,14
274877915803,38,5477,5477,1,12
68719478951,36,5476,5478,3,5
137438957904,37,5481,5481,1,14
68719478952,36,5482,5485,4,5
34359739476,35,5486,5488,3,11
17179869738,34,5489,5497,9,17
8589934869,33,5465,5479,15,4
137438957905,37,5480,5480,1,14
274877915812,38,5483,5483,1,12
137438957906,37,5484,5485,2,14
68719478953,36,5480,5481,2,5
274877915813,38,5482,5482,1,12
274877915814,38,5485,5485,1,12
137438957907,37,5482,5483,2,14
274877915815,38,5484,5484,1,12
68719478954,36,5487,5488,2,5
34359739477,35,5480,5485,6,11
137438957910,37,5488,5488,1,14
68719478955,36,5486,5486,1,5
137438957911,37,5487,5487,1,14
137438957912,37,5490,5490,1,14
68719478956,36,5491,5494,4,5
34359739478,35,5495,5497,3,11
17179869739,34,5480,5488,9,17
137438957913,37,5489,5489,1,14
1099511663314,40,5492,5492,1,8
274877915828,38,5493,5493,1,12
137438957914,37,5494,5494,1,14
68719478957,36,5489,5490,2,5
1099511663315,40,5491,5491,1,8
274877915829,38,5491,5492,2,12
137438957915,37,5491,5493,3,14
137438957916,37,5496,5497,2,5
34359739479,35,5489,5494,6,11
274877915834,38,5497,5497,1,14
137438957917,37,5495,5495,1,5
274877915835,38,5496,5496,1,14
34359739480,35,5499,5506,8,11
17179869740,34,5507,5513,7,17
8589934870,33,5514,5541,28,4
4294967435,32,5465,5497,33,15
2199023326794,41,5500,5500,1,12
137438957924,37,5501,5503,3,14
68719478962,36,5504,5506,3,5
34359739481,35,5498,5498,1,11
2199023326795,41,5499,5499,1,12
1099511663402,40,5502,5502,1,8
274877915850,38,5503,5503,1,12
137438957925,37,5499,5500,2,14
1099511663403,40,5501,5501,1,8
274877915851,38,5501,5502,2,12
274877915852,38,5505,5505,1,12
137438957926,37,5506,5506,1,14
68719478963,36,5499,5503,5,5
274877915853,38,5504,5504,1,12
137438957927,37,5504,5505,2,14
137438957930,37,5508,5508,1,5
34359739482,35,5509,5513,5,11
17179869741,34,5498,5506,9,17
137438957931,37,5507,5507,1,5
274877915864,38,5510,5510,1,14
68719478966,36,5511,5513,3,5
34359739483,35,5507,5508,2,11
274877915865,38,5509,5509,1,14
274877915868,38,5512,5513,2,14
68719478967,36,5509,5510,2,5
8796093307838,43,5513,5513,1,12
274877915869,38,5511,5511,1,14
8796093307839,43,5512,5512,1,12
549755831744,39,5515,5515,1,12
274877915872,38,5516,5517,2,14
137438957936,37,5518,5518,1,5
34359739484,35,5519,5521,3,11
17179869742,34,5522,5541,20,17
8589934871,33,5498,5513,16,4
549755831745,39,5514,5514,1,12
2199023326988,41,5517,5517,1,12
274877915873,38,5514,5515,2,14
2199023326989,41,5516,5516,1,12
137438957937,37,5514,5517,4,5
1099511663532,40,5520,5520,1,14
68719478970,36,5521,5521,1,5
34359739485,35,5514,5518,5,11
1099511663533,40,5519,5519,1,14
68719478971,36,5519,5520,2,5
274877915888,38,5523,5523,1,12
137438957944,37,5524,5525,2,14
68719478972,36,5526,5528,3,5
34359739486,35,5529,5541,13,11
17179869743,34,5514,5521,8,17
274877915889,38,5522,5522,1,12
549755831782,39,5525,5525,1,12
137438957945,37,5522,5523,2,14
549755831783,39,5524,5524,1,12
274877915892,38,5527,5527,1,12
137438957946,37,5528,5528,1,14
68719478973,36,5522,5525,4,5
274877915893,38,5526,5526,1,12
137438957947,37,5526,5527,2,14
1099511663588,40,5530,5530,1,12
137438957948,37,5531,5531,1,14
68719478974,36,5532,5541,10,5
34359739487,35,5522,5528,7,11
1099511663589,40,5529,5529,1,12
137438957949,37,5529,5530,2,14
1099511663600,40,5533,5533,1,13
549755831800,39,5534,5534,1,8
274877915900,38,5535,5536,2,12
137438957950,37,5537,5541,5,14
68719478975,36,5529,5531,3,5
1099511663601,40,5532,5532,1,13
549755831801,39,5532,5533,2,8
1099511663606,40,5536,5536,1,8
274877915901,38,5532,5534,3,12
1099511663607,40,5535,5535,1,8
549755831804,39,5538,5538,1,8
274877915902,38,5539,5541,3,12
137438957951,37,5532,5536,5,14
549755831805,39,5537,5537,1,8
549755831806,39,5540,5541,2,8
274877915903,38,5537,5538,2,12
2199023327228,41,5541,5541,1,13
549755831807,39,5539,5539,1,8
2199023327229,41,5540,5540,1,13
68719478976,36,5543,5545,3,5
34359739488,35,5546,5553,8,11
17179869744,34,5554,5558,5,17
8589934872,33,5559,5578,20,4
4294967436,32,5579,5612,34,15
2147483718,31,5613,5714,102,16
1073741859,30,5394,5541,148,2
1099511663634,40,5544,5544,1,12
274877915908,38,5545,5545,1,14
68719478977,36,5542,5542,1,5
1099511663635,40,5543,5543,1,12
274877915909,38,5543,5544,2,14
549755831824,39,5547,5547,1,8
274877915912,38,5548,5548,1,12
137438957956,37,5549,5551,3,14
68719478978,36,5552,5553,2,5
34359739489,35,5542,5545,4,11
549755831825,39,5546,5546,1,8
274877915913,38,5546,5547,2,12
274877915914,38,5550,5551,2,12
137438957957,37,5546,5548,3,14
549755831830,39,5551,5551,1,8
274877915915,38,5549,5549,1,12
549755831831,39,5550,5550,1,8
549755831832,39,5553,5553,1,14
68719478979,36,5546,5551,6,5
549755831833,39,5552,5552,1,14
1099511663690,40,5555,5555,1,14
68719478980,36,5556,5556,1,5
34359739490,35,5557,5558,2,11
17179869745,34,5542,5553,12,17
1099511663691,40,5554,5554,1,14
68719478981,36,5554,5555,2,5
137438957966,37,5558,5558,1,5
34359739491,35,5554,5556,3,11
137438957967,37,5557,5557,1,5
274877915938,38,5560,5560,1,14
68719478984,36,5561,5563,3,5
34359739492,35,5564,5567,4,11
17179869746,34,5568,5578,11,17
8589934873,33,5542,5558,17,4
274877915939,38,5559,5559,1,14
2199023327522,41,5562,5562,1,12
274877915940,38,5563,5563,1,14
68719478985,36,5559,5560,2,5
2199023327523,41,5561,5561,1,12
274877915941,38,5561,5562,2,14
274877915944,38,5565,5566,2,14
137438957972,37,5567,5567,1,5
34359739493,35,5559,5563,5,11
4398046655134,42,5566,5566,1,12
274877915945,38,5564,5564,1,14
4398046655135,42,5565,5565,1,12
137438957973,37,5564,5566,3,5
68719478988,36,5569,5572,4,5
34359739494,35,5573,5578,6,11
17179869747,34,5559,5567,9,17
137438957978,37,5570,5572,3,14
68719478989,36,5568,5568,1,5
274877915958,38,5571,5572,2,12
137438957979,37,5569,5569,1,14
549755831918,39,5572,5572,1,8
274877915959,38,5570,5570,1,12
549755831919,39,5571,5571,1,8
137438957980,37,5574,5576,3,14
68719478990,36,5577,5578,2,5
34359739495,35,5568,5572,5,11
1099511663852,40,5575,5575,1,8
549755831926,39,5576,5576,1,12
137438957981,37,5573,5573,1,14
1099511663853,40,5574,5574,1,8
549755831927,39,5574,5575,2,12
137438957982,37,5578,5578,1,14
68719478991,36,5573,5576,4,5
137438957983,37,5577,5577,1,14
274877915968,38,5580,5580,1,5
34359739496,35,5581,5585,5,11
17179869748,34,5586,5595,10,17
8589934874,33,5596,5612,17,4
4294967437,32,5542,5578,37,15
274877915969,38,5579,5579,1,5
17592186622466,44,5582,5582,1,12
137438957988,37,5583,5584,2,14
68719478994,36,5585,5585,1,5
34359739497,35,5579,5580,2,11
17592186622467,44,5581,5581,1,12
1099511663916,40,5584,5584,1,12
137438957989,37,5581,5582,2,14
1099511663917,40,5583,5583,1,12
68719478995,36,5581,5584,4,5
137438957992,37,5587,5589,3,14
68719478996,36,5590,5592,3,5
34359739498,35,5593,5595,3,11
17179869749,34,5579,5585,7,17
549755831972,39,5588,5588,1,8
274877915986,38,5589,5589,1,12
137438957993,37,5586,5586,1,14
549755831973,39,5587,5587,1,8
274877915987,38,5587,5588,2,12
137438957994,37,5591,5592,2,14
68719478997,36,5586,5589,4,5
549755831982,39,5592,5592,1,12
137438957995,37,5590,5590,1,14
549755831983,39,5591,5591,1,12
1099511663992,40,5594,5594,1,14
274877915998,38,5595,5595,1,5
34359739499,35,5586,5592,7,11
1099511663993,40,5593,5593,1,14
274877915999,38,5593,5594,2,5
137438958000,37,5597,5597,1,14
68719479000,36,5598,5599,2,5
34359739500,35,5600,5602,3,11
17179869750,34,5603,5612,10,17
8589934875,33,5579,5595,17,4
137438958001,37,5596,5596,1,14
274877916006,38,5599,5599,1,14
68719479001,36,5596,5597,2,5
274877916007,38,5598,5598,1,14
68719479002,36,5601,5602,2,5
34359739501,35,5596,5599,4,11
137438958006,37,5602,5602,1,14
68719479003,36,5600,5600,1,5
137438958007,37,5601,5601,1,14
1099511664074,40,5604,5604,1,12
274877916018,38,5605,5605,1,14
68719479004,36,5606,5607,2,5
34359739502,35,5608,5612,5,11
17179869751,34,5596,5602,7,17
1099511664075,40,5603,5603,1,12
274877916019,38,5603,5604,2,14
2199023328164,41,5607,5607,1,14
68719479005,36,5603,5605,3,5
2199023328165,41,5606,5606,1,14
549755832050,39,5609,5609,1,12
137438958012,37,5610,5610,1,14
68719479006,36,5611,5612,2,5
34359739503,35,5603,5607,5,11
549755832051,39,5608,5608,1,12
137438958013,37,5608,5609,2,14
4398046656466,42,5612,5612,1,14
68719479007,36,5608,5610,3,5
4398046656467,42,5611,5611,1,14
137438958016,37,5614,5616,3,14
68719479008,36,5617,5622,6,5
34359739504,35,5623,5633,11,11
17179869752,34,5634,5649,16,17
8589934876,33,5650,5672,23,4
4294967438,32,5673,5714,42,15
2147483719,31,5542,5612,71,16
2199023328276,41,5615,5615,1,8
274877916034,38,5616,5616,1,12
137438958017,37,5613,5613,1,14
2199023328277,41,5614,5614,1,8
274877916035,38,5614,5615,2,12
1099511664148,40,5618,5618,1,8
549755832074,39,5619,5621,3,12
137438958018,37,5622,5622,1,14
68719479009,36,5613,5616,4,5
1099511664149,40,5617,5617,1,8
4398046656602,42,5620,5620,1,13
1099511664150,40,5621,5621,1,8
549755832075,39,5617,5618,2,12
4398046656603,42,5619,5619,1,13
1099511664151,40,5619,5620,2,8
137438958019,37,5617,5621,5,14
549755832080,39,5624,5624,1,8
274877916040,38,5625,5626,2,12
137438958020,37,5627,5628,2,14
68719479010,36,5629,5633,5,5
34359739505,35,5613,5622,10,11
549755832081,39,5623,5623,1,8
549755832082,39,5626,5626,1,8
274877916041,38,5623,5624,2,12
549755832083,39,5625,5625,1,8
1099511664168,40,5628,5628,1,12
137438958021,37,5623,5626,4,14
1099511664169,40,5627,5627,1,12
4398046656706,42,5630,5630,1,8
274877916044,38,5631,5631,1,12
137438958022,37,5632,5633,2,14
68719479011,36,5623,5628,6,5
4398046656707,42,5629,5629,1,8
274877916045,38,5629,5630,2,12
4398046656742,42,5633,5633,1,12
137438958023,37,5629,5631,3,14
4398046656743,42,5632,5632,1,12
274877916048,38,5635,5635,1,5
34359739506,35,5636,5649,14,11
17179869753,34,5613,5633,21,17
274877916049,38,5634,5634,1,5
549755832112,39,5637,5637,1,8
274877916056,38,5638,5639,2,12
137438958028,37,5640,5643,4,14
68719479014,36,5644,5649,6,5
34359739507,35,5634,5635,2,11
549755832113,39,5636,5636,1,8
549755832114,39,5639,5639,1,8
274877916057,38,5636,5637,2,12
549755832115,39,5638,5638,1,8
1099511664232,40,5641,5641,1,13
549755832116,39,5642,5642,1,8
274877916058,38,5643,5643,1,12
137438958029,37,5636,5639,4,14
1099511664233,40,5640,5640,1,13
549755832117,39,5640,5641,2,8
274877916059,38,5640,5642,3,12
137438958030,37,5645,5649,5,14
68719479015,36,5636,5643,8,5
1099511664252,40,5646,5647,2,8
549755832126,39,5648,5649,2,12
137438958031,37,5644,5644,1,14
4398046657014,42,5647,5647,1,13
1099511664253,40,5645,5645,1,8
4398046657015,42,5646,5646,1,13
2199023328508,41,5649,5649,1,8
549755832127,39,5645,5647,3,12
2199023328509,41,5648,5648,1,8
274877916064,38,5651,5654,4,12
137438958032,37,5655,5655,1,14
68719479016,36,5656,5658,3,5
34359739508,35,5659,5660,2,11
17179869754,34,5661,5672,12,17
8589934877,33,5613,5649,37,4
2199023328520,41,5652,5652,1,3
1099511664260,40,5653,5653,1,13
549755832130,39,5654,5654,1,8
274877916065,38,5650,5650,1,12
2199023328521,41,5651,5651,1,3
1099511664261,40,5651,5652,2,13
549755832131,39,5651,5653,3,8
137438958033,37,5650,5654,5,14
137438958034,37,5657,5658,2,14
68719479017,36,5650,5655,6,5
274877916070,38,5658,5658,1,12
137438958035,37,5656,5656,1,14
274877916071,38,5657,5657,1,12
68719479018,36,5660,5660,1,5
34359739509,35,5650,5658,9,11
68719479019,36,5659,5659,1,5
137438958040,37,5662,5663,2,14
68719479020,36,5664,5666,3,5
34359739510,35,5667,5672,6,11
17179869755,34,5650,5660,11,17
274877916082,38,5663,5663,1,12
137438958041,37,5661,5661,1,14
274877916083,38,5662,5662,1,12
274877916084,38,5665,5665,1,12
137438958042,37,5666,5666,1,14
68719479021,36,5661,5663,3,5
274877916085,38,5664,5664,1,12
137438958043,37,5664,5665,2,14
137438958044,37,5668,5671,4,14
68719479022,36,5672,5672,1,5
34359739511,35,5661,5666,6,11
549755832180,39,5669,5670,2,8
274877916090,38,5671,5671,1,12
137438958045,37,5667,5667,1,14
2199023328726,41,5670,5670,1,13
549755832181,39,5668,5668,1,8
2199023328727,41,5669,5669,1,13
274877916091,38,5668,5670,3,12
68719479023,36,5667,5671,5,5
68719479024,36,5674,5678,5,5
34359739512,35,5679,5685,7,11
17179869756,34,5686,5694,9,17
8589934878,33,5695,5714,20,4
4294967439,32,5613,5672,60,15
2199023328810,41,5675,5675,1,8
549755832202,39,5676,5677,2,12
137438958050,37,5678,5678,1,14
68719479025,36,5673,5673,1,5
2199023328811,41,5674,5674,1,8
1099511664406,40,5677,5677,1,8
549755832203,39,5674,5675,2,12
1099511664407,40,5676,5676,1,8
137438958051,37,5674,5677,4,14
137438958052,37,5680,5681,2,14
68719479026,36,5682,5685,4,5
34359739513,35,5673,5678,6,11
549755832212,39,5681,5681,1,12
137438958053,37,5679,5679,1,14
549755832213,39,5680,5680,1,12
274877916108,38,5683,5684,2,12
137438958054,37,5685,5685,1,14
68719479027,36,5679,5681,3,5
1099511664436,40,5684,5684,1,8
274877916109,38,5682,5682,1,12
1099511664437,40,5683,5683,1,8
137438958055,37,5682,5684,3,14
274877916116,38,5687,5687,1,14
137438958058,37,5688,5689,2,5
34359739514,35,5690,5694,5,11
17179869757,34,5673,5685,13,17
274877916117,38,5686,5686,1,14
274877916118,38,5689,5689,1,14
137438958059,37,5686,5687,2,5
274877916119,38,5688,5688,1,14
1099511664486,40,5691,5691,1,12
137438958060,37,5692,5692,1,14
68719479030,36,5693,5694,2,5
34359739515,35,5686,5689,4,11
1099511664487,40,5690,5690,1,12
137438958061,37,5690,5691,2,14
549755832254,39,5694,5694,1,14
68719479031,36,5690,5692,3,5
549755832255,39,5693,5693,1,14
1099511664520,40,5696,5696,1,14
68719479032,36,5697,5699,3,5
34359739516,35,5700,5706,7,11
17179869758,34,5707,5714,8,17
8589934879,33,5673,5694,22,4
1099511664521,40,5695,5695,1,14
274877916134,38,5698,5699,2,14
68719479033,36,5695,5696,2,5
549755832270,39,5699,5699,1,12
274877916135,38,5697,5697,1,14
549755832271,39,5698,5698,1,12
274877916136,38,5701,5702,2,12
137438958068,37,5703,5704,2,14
68719479034,36,5705,5706,2,5
34359739517,35,5695,5699,5,11
549755832274,39,5702,5702,1,8
274877916137,38,5700,5700,1,12
549755832275,39,5701,5701,1,8
2199023329114,41,5704,5704,1,12
137438958069,37,5700,5702,3,14
2199023329115,41,5703,5703,1,12
549755832282,39,5706,5706,1,14
68719479035,36,5700,5704,5,5
549755832283,39,5705,5705,1,14
68719479036,36,5708,5710,3,5
34359739518,35,5711,5714,4,11
17179869759,34,5695,5706,12,17
549755832298,39,5709,5709,1,12
137438958074,37,5710,5710,1,14
68719479037,36,5707,5707,1,5
549755832299,39,5708,5708,1,12
137438958075,37,5708,5709,2,14
1099511664616,40,5712,5712,1,14
68719479038,36,5713,5714,2,5
34359739519,35,5707,5710,4,11
1099511664617,40,5711,5711,1,14
137438958078,37,5714,5714,1,14
68719479039,36,5711,5712,2,5
137438958079,37,5713,5713,1,14
549755832328,39,5716,5716,1,13
137438958082,37,5717,5719,3,12
34359739520,35,5720,5725,6,11
17179869760,34,5726,5730,5,8
8589934880,33,5731,5747,17,6
4294967440,32,5748,5793,46,10
2147483720,31,5794,5871,78,17
1073741860,30,5872,6033,162,2
536870930,29,6034,6292,259,15
268435465,28,5095,5714,620,10
549755832329,39,5715,5715,1,13
274877916166,38,5718,5719,2,13
137438958083,37,5715,5716,2,12
549755832334,39,5719,5719,1,14
274877916167,38,5717,5717,1,13
549755832335,39,5718,5718,1,14
137438958084,37,5721,5724,4,13
68719479042,36,5725,5725,1,12
34359739521,35,5715,5719,5,11
274877916170,38,5722,5724,3,14
137438958085,37,5720,5720,1,13
549755832342,39,5723,5724,2,5
274877916171,38,5721,5721,1,14
1099511664686,40,5724,5724,1,4
549755832343,39,5722,5722,1,5
1099511664687,40,5723,5723,1,4
68719479043,36,5720,5724,5,12
2199023329424,41,5727,5727,1,12
34359739522,35,5728,5730,3,11
17179869761,34,5715,5725,11,8
2199023329425,41,5726,5726,1,12
68719479046,36,5729,5730,2,12
34359739523,35,5726,5727,2,11
137438958094,37,5730,5730,1,13
68719479047,36,5728,5728,1,12
137438958095,37,5729,5729,1,13
549755832384,39,5732,5732,1,14
137438958096,37,5733,5734,2,13
68719479048,36,5735,5736,2,12
34359739524,35,5737,5740,4,11
17179869762,34,5741,5747,7,8
8589934881,33,5715,5730,16,6
549755832385,39,5731,5731,1,14
8796093318246,43,5734,5734,1,14
137438958097,37,5731,5732,2,13
8796093318247,43,5733,5733,1,14
137438958098,37,5736,5736,1,13
68719479049,36,5731,5734,4,12
137438958099,37,5735,5735,1,13
137438958100,37,5738,5739,2,13
68719479050,36,5740,5740,1,12
34359739525,35,5731,5736,6,11
274877916202,38,5739,5739,1,14
137438958101,37,5737,5737,1,13
274877916203,38,5738,5738,1,14
68719479051,36,5737,5739,3,12
68719479052,36,5742,5742,1,12
34359739526,35,5743,5747,5,11
17179869763,34,5731,5740,10,8
68719479053,36,5741,5741,1,12
68719479054,36,5744,5747,4,12
34359739527,35,5741,5742,2,11
137438958110,37,5745,5747,3,13
68719479055,36,5743,5743,1,12
35184373276558,45,5746,5746,1,5
1099511664892,40,5747,5747,1,14
137438958111,37,5744,5744,1,13
35184373276559,45,5745,5745,1,5
1099511664893,40,5745,5746,2,14
137438958114,37,5749,5751,3,12
34359739528,35,5752,5761,10,11
17179869764,34,5762,5773,12,8
8589934882,33,5774,5793,20,6
4294967441,32,5715,5747,33,10
549755832460,39,5750,5750,1,14
274877916230,38,5751,5751,1,13
137438958115,37,5748,5748,1,12
549755832461,39,5749,5749,1,14
274877916231,38,5749,5750,2,13
2199023329860,41,5753,5753,1,5
274877916232,38,5754,5755,2,14
137438958116,37,5756,5759,4,13
68719479058,36,5760,5761,2,12
34359739529,35,5748,5751,4,11
2199023329861,41,5752,5752,1,5
1099511664932,40,5755,5755,1,5
274877916233,38,5752,5753,2,14
1099511664933,40,5754,5754,1,5
274877916234,38,5757,5759,3,14
137438958117,37,5752,5755,4,13
1099511664942,40,5758,5759,2,5
274877916235,38,5756,5756,1,14
2199023329886,41,5759,5759,1,4
1099511664943,40,5757,5757,1,5
2199023329887,41,5758,5758,1,4
137438958118,37,5761,5761,1,13
68719479059,36,5752,5759,8,12
137438958119,37,5760,5760,1,13
68719479060,36,5763,5765,3,12
34359739530,35,5766,5773,8,11
17179869765,34,5748,5761,14,8
137438958122,37,5764,5765,2,13
68719479061,36,5762,5762,1,12
274877916246,38,5765,5765,1,14
137438958123,37,5763,5763,1,13
274877916247,38,5764,5764,1,14
274877916248,38,5767,5767,1,14
137438958124,37,5768,5769,2,13
68719479062,36,5770,5773,4,12
34359739531,35,5762,5765,4,11
274877916249,38,5766,5766,1,14
549755832500,39,5769,5769,1,14
137438958125,37,5766,5767,2,13
549755832501,39,5768,5768,1,14
2199023330018,41,5771,5771,1,14
137438958126,37,5772,5773,2,13
68719479063,36,5766,5769,4,12
2199023330019,41,5770,5770,1,14
549755832510,39,5773,5773,1,14
137438958127,37,5770,5771,2,13
549755832511,39,5772,5772,1,14
1099511665034,40,5775,5775,1,13
68719479064,36,5776,5779,4,12
34359739532,35,5780,5782,3,11
17179869766,34,5783,5793,11,8
8589934883,33,5748,5773,26,6
1099511665035,40,5774,5774,1,13
137438958130,37,5777,5779,3,13
68719479065,36,5774,5775,2,12
274877916262,38,5778,5779,2,14
137438958131,37,5776,5776,1,13
4398046660216,42,5779,5779,1,5
274877916263,38,5777,5777,1,14
4398046660217,42,5778,5778,1,5
2199023330132,41,5781,5781,1,13
68719479066,36,5782,5782,1,12
34359739533,35,5774,5779,6,11
2199023330133,41,5780,5780,1,13
68719479067,36,5780,5781,2,12
1099511665096,40,5784,5784,1,5
549755832548,39,5785,5785,1,14
274877916274,38,5786,5786,1,13
68719479068,36,5787,5791,5,12
34359739534,35,5792,5793,2,11
17179869767,34,5774,5782,9,8
1099511665097,40,5783,5783,1,5
549755832549,39,5783,5784,2,14
274877916275,38,5783,5785,3,13
1099511665104,40,5788,5788,1,5
274877916276,38,5789,5789,1,14
137438958138,37,5790,5791,2,13
68719479069,36,5783,5786,4,12
1099511665105,40,5787,5787,1,5
274877916277,38,5787,5788,2,14
274877916278,38,5791,5791,1,14
137438958139,37,5787,5789,3,13
274877916279,38,5790,5790,1,14
137438958142,37,5793,5793,1,12
34359739535,35,5783,5791,9,11
137438958143,37,5792,5792,1,12
274877916290,38,5795,5795,1,13
68719479072,36,5796,5799,4,12
34359739536,35,5800,5802,3,11
17179869768,34,5803,5814,12,8
8589934884,33,5815,5836,22,6
4294967442,32,5837,5871,35,10
2147483721,31,5715,5793,79,17
274877916291,38,5794,5794,1,13
1099511665174,40,5797,5797,1,14
137438958146,37,5798,5799,2,13
68719479073,36,5794,5795,2,12
1099511665175,40,5796,5796,1,14
274877916294,38,5799,5799,1,14
137438958147,37,5796,5797,2,13
274877916295,38,5798,5798,1,14
137438958148,37,5801,5802,2,12
34359739537,35,5794,5799,6,11
1099511665192,40,5802,5802,1,13
137438958149,37,5800,5800,1,12
1099511665193,40,5801,5801,1,13
274877916304,38,5804,5804,1,13
68719479076,36,5805,5806,2,12
34359739538,35,5807,5814,8,11
17179869769,34,5794,5802,9,8
274877916305,38,5803,5803,1,13
137438958154,37,5806,5806,1,13
68719479077,36,5803,5804,2,12
137438958155,37,5805,5805,1,13
137438958156,37,5808,5809,2,13
68719479078,36,5810,5814,5,12
34359739539,35,5803,5806,4,11
8796093322104,43,5809,5809,1,14
137438958157,37,5807,5807,1,13
8796093322105,43,5808,5808,1,14
549755832634,39,5811,5811,1,14
137438958158,37,5812,5814,3,13
68719479079,36,5807,5809,3,12
549755832635,39,5810,5810,1,14
2199023330552,41,5813,5814,2,14
137438958159,37,5810,5811,2,13
70368746577726,46,5814,5814,1,5
2199023330553,41,5812,5812,1,14
70368746577727,46,5813,5813,1,5
137438958160,37,5816,5818,3,13
68719479080,36,5819,5820,2,12
34359739540,35,5821,5824,4,11
17179869770,34,5825,5836,12,8
8589934885,33,5794,5814,21,6
549755832644,39,5817,5817,1,5
274877916322,38,5818,5818,1,14
137438958161,37,5815,5815,1,13
549755832645,39,5816,5816,1,5
274877916323,38,5816,5817,2,14
137438958162,37,5820,5820,1,13
68719479081,36,5815,5818,4,12
137438958163,37,5819,5819,1,13
137438958164,37,5822,5822,1,13
68719479082,36,5823,5824,2,12
34359739541,35,5815,5820,6,11
137438958165,37,5821,5821,1,13
274877916332,38,5824,5824,1,13
68719479083,36,5821,5822,2,12
274877916333,38,5823,5823,1,13
549755832672,39,5826,5826,1,14
137438958168,37,5827,5827,1,13
68719479084,36,5828,5830,3,12
34359739542,35,5831,5836,6,11
17179869771,34,5815,5824,10,8
549755832673,39,5825,5825,1,14
137438958169,37,5825,5826,2,13
274877916340,38,5829,5829,1,14
137438958170,37,5830,5830,1,13
68719479085,36,5825,5827,3,12
274877916341,38,5828,5828,1,14
137438958171,37,5828,5829,2,13
549755832688,39,5832,5832,1,14
274877916344,38,5833,5833,1,13
68719479086,36,5834,5836,3,12
34359739543,35,5825,5830,6,11
549755832689,39,5831,5831,1,14
274877916345,38,5831,5832,2,13
274877916348,38,5835,5836,2,13
68719479087,36,5831,5833,3,12
2199023330798,41,5836,5836,1,14
274877916349,38,5834,5834,1,13
2199023330799,41,5835,5835,1,14
68719479088,36,5838,5839,2,12
34359739544,35,5840,5842,3,11
17179869772,34,5843,5849,7,8
8589934886,33,5850,5871,22,6
4294967443,32,5794,5836,43,10
137438958178,37,5839,5839,1,13
68719479089,36,5837,5837,1,12
137438958179,37,5838,5838,1,13
68719479090,36,5841,5842,2,12
34359739545,35,5837,5839,3,11
549755832728,39,5842,5842,1,13
68719479091,36,5840,5840,1,12
549755832729,39,5841,5841,1,13
68719479092,36,5844,5846,3,12
34359739546,35,5847,5849,3,11
17179869773,34,5837,5842,6,8
274877916374,38,5845,5846,2,13
68719479093,36,5843,5843,1,12
549755832750,39,5846,5846,1,14
274877916375,38,5844,5844,1,13
549755832751,39,5845,5845,1,14
68719479094,36,5848,5849,2,12
34359739547,35,5843,5846,4,11
274877916382,38,5849,5849,1,13
68719479095,36,5847,5847,1,12
274877916383,38,5848,5848,1,13
4398046662146,42,5851,5851,1,14
137438958192,37,5852,5852,1,13
68719479096,36,5853,5857,5,12
34359739548,35,5858,5864,7,11
17179869774,34,5865,5871,7,8
8589934887,33,5837,5849,13,6
4398046662147,42,5850,5850,1,14
137438958193,37,5850,5851,2,13
274877916388,38,5854,5854,1,14
137438958194,37,5855,5857,3,13
68719479097,36,5850,5852,3,12
274877916389,38,5853,5853,1,14
2199023331120,41,5856,5856,1,5
274877916390,38,5857,5857,1,14
137438958195,37,5853,5854,2,13
2199023331121,41,5855,5855,1,5
274877916391,38,5855,5856,2,14
137438958196,37,5859,5859,1,13
68719479098,36,5860,5864,5,12
34359739549,35,5850,5857,8,11
137438958197,37,5858,5858,1,13
17592186649426,44,5861,5861,1,5
549755832794,39,5862,5863,2,14
137438958198,37,5864,5864,1,13
68719479099,36,5858,5859,2,12
17592186649427,44,5860,5860,1,5
2199023331180,41,5863,5863,1,5
549755832795,39,5860,5861,2,14
2199023331181,41,5862,5862,1,5
137438958199,37,5860,5863,4,13
68719479100,36,5866,5868,3,12
34359739550,35,5869,5871,3,11
17179869775,34,5850,5864,15,8
549755832812,39,5867,5867,1,14
274877916406,38,5868,5868,1,13
68719479101,36,5865,5865,1,12
549755832813,39,5866,5866,1,14
274877916407,38,5866,5867,2,13
2199023331308,41,5870,5870,1,13
1099511665654,40,5871,5871,1,12
34359739551,35,5865,5868,4,11
2199023331309,41,5869,5869,1,13
1099511665655,40,5869,5870,2,12
274877916416,38,5873,5874,2,14
137438958208,37,5875,5878,4,13
68719479104,36,5879,5880,2,12
34359739552,35,5881,5883,3,11
17179869776,34,5884,5894,11,8
8589934888,33,5895,5912,18,6
4294967444,32,5913,5948,36,10
2147483722,31,5949,6033,85,17
1073741861,30,5715,5871,157,2
549755832834,39,5874,5874,1,5
274877916417,38,5872,5872,1,14
549755832835,39,5873,5873,1,5
274877916418,38,5876,5878,3,14
137438958209,37,5872,5874,3,13
1099511665676,40,5877,5877,1,4
549755832838,39,5878,5878,1,5
274877916419,38,5875,5875,1,14
1099511665677,40,5876,5876,1,4
549755832839,39,5876,5877,2,5
274877916420,38,5880,5880,1,13
68719479105,36,5872,5878,7,12
274877916421,38,5879,5879,1,13
274877916426,38,5882,5882,1,13
68719479106,36,5883,5883,1,12
34359739553,35,5872,5880,9,11
274877916427,38,5881,5881,1,13
68719479107,36,5881,5882,2,12
1099511665730,40,5885,5885,1,14
137438958216,37,5886,5886,1,13
68719479108,36,5887,5887,1,12
34359739554,35,5888,5894,7,11
17179869777,34,5872,5883,12,8
1099511665731,40,5884,5884,1,14
137438958217,37,5884,5885,2,13
68719479109,36,5884,5886,3,12
137438958220,37,5889,5889,1,13
68719479110,36,5890,5894,5,12
34359739555,35,5884,5887,4,11
137438958221,37,5888,5888,1,13
274877916444,38,5891,5892,2,14
137438958222,37,5893,5894,2,13
68719479111,36,5888,5889,2,12
549755832890,39,5892,5892,1,5
274877916445,38,5890,5890,1,14
549755832891,39,5891,5891,1,5
274877916446,38,5894,5894,1,14
137438958223,37,5890,5892,3,13
274877916447,38,5893,5893,1,14
549755832898,39,5896,5896,1,14
137438958224,37,5897,5897,1,13
68719479112,36,5898,5898,1,12
34359739556,35,5899,5902,4,11
17179869778,34,5903,5912,10,8
8589934889,33,5872,5894,23,6
549755832899,39,5895,5895,1,14
137438958225,37,5895,5896,2,13
68719479113,36,5895,5897,3,12
68719479114,36,5900,5902,3,12
34359739557,35,5895,5898,4,11
137438958230,37,5901,5902,2,13
68719479115,36,5899,5899,1,12
2199023331706,41,5902,5902,1,14
137438958231,37,5900,5900,1,13
2199023331707,41,5901,5901,1,14
274877916466,38,5904,5904,1,13
68719479116,36,5905,5908,4,12
34359739558,35,5909,5912,4,11
17179869779,34,5895,5902,8,8
274877916467,38,5903,5903,1,13
274877916468,38,5906,5906,1,14
137438958234,37,5907,5908,2,13
68719479117,36,5903,5904,2,12
274877916469,38,5905,5905,1,14
549755832940,39,5908,5908,1,14
137438958235,37,5905,5906,2,13
549755832941,39,5907,5907,1,14
549755832944,39,5910,5910,1,13
68719479118,36,5911,5912,2,12
34359739559,35,5903,5908,6,11
549755832945,39,5909,5909,1,13
1099511665912,40,5912,5912,1,13
68719479119,36,5909,5910,2,12
1099511665913,40,5911,5911,1,13
137438958240,37,5914,5917,4,13
68719479120,36,5918,5919,2,12
34359739560,35,5920,5924,5,11
17179869780,34,5925,5930,6,8
8589934890,33,5931,5948,18,6
4294967445,32,5872,5912,41,10
274877916482,38,5915,5917,3,14
137438958241,37,5913,5913,1,13
1099511665932,40,5916,5917,2,5
274877916483,38,5914,5914,1,14
17592186654938,44,5917,5917,1,4
1099511665933,40,5915,5915,1,5
17592186654939,44,5916,5916,1,4
274877916484,38,5919,5919,1,13
68719479121,36,5913,5917,5,12
274877916485,38,5918,5918,1,13
137438958244,37,5921,5921,1,13
68719479122,36,5922,5924,3,12
34359739561,35,5913,5919,7,11
137438958245,37,5920,5920,1,13
549755832986,39,5923,5923,1,14
137438958246,37,5924,5924,1,13
68719479123,36,5920,5921,2,12
549755832987,39,5922,5922,1,14
137438958247,37,5922,5923,2,13
68719479124,36,5926,5927,2,12
34359739562,35,5928,5930,3,11
17179869781,34,5913,5924,12,8
137438958250,37,5927,5927,1,13
68719479125,36,5925,5925,1,12
137438958251,37,5926,5926,1,13
68719479126,36,5929,5930,2,12
34359739563,35,5925,5927,3,11
549755833020,39,5930,5930,1,13
68719479127,36,5928,5928,1,12
549755833021,39,5929,5929,1,13
274877916512,38,5932,5932,1,14
137438958256,37,5933,5936,4,13
68719479128,36,5937,5939,3,12
34359739564,35,5940,5942,3,11
17179869782,34,5943,5948,6,8
8589934891,33,5913,5930,18,6
274877916513,38,5931,5931,1,14
549755833030,39,5934,5936,3,14
137438958257,37,5931,5932,2,13
4398046664248,42,5935,5935,1,4
1099511666062,40,5936,5936,1,5
549755833031,39,5933,5933,1,14
4398046664249,42,5934,5934,1,4
1099511666063,40,5934,5935,2,5
274877916516,38,5938,5938,1,14
137438958258,37,5939,5939,1,13
68719479129,36,5931,5936,6,12
274877916517,38,5937,5937,1,14
137438958259,37,5937,5938,2,13
137438958260,37,5941,5941,1,13
68719479130,36,5942,5942,1,12
34359739565,35,5931,5939,9,11
137438958261,37,5940,5940,1,13
68719479131,36,5940,5941,2,12
137438958264,37,5944,5944,1,13
68719479132,36,5945,5946,2,12
34359739566,35,5947,5948,2,11
17179869783,34,5931,5942,12,8
137438958265,37,5943,5943,1,13
137438958266,37,5946,5946,1,13
68719479133,36,5943,5944,2,12
137438958267,37,5945,5945,1,13
68719479134,36,5948,5948,1,12
34359739567,35,5943,5946,4,11
68719479135,36,5947,5947,1,12
274877916544,38,5950,5950,1,13
68719479136,36,5951,5954,4,12
34359739568,35,5955,5962,8,11
17179869784,34,5963,5969,7,8
8589934892,33,5970,5986,17,6
4294967446,32,5987,6033,47,10
2147483723,31,5872,5948,77,17
274877916545,38,5949,5949,1,13
274877916548,38,5952,5952,1,14
137438958274,37,5953,5954,2,13
68719479137,36,5949,5950,2,12
274877916549,38,5951,5951,1,14
274877916550,38,5954,5954,1,14
137438958275,37,5951,5952,2,13
274877916551,38,5953,5953,1,14
274877916552,38,5956,5956,1,14
137438958276,37,5957,5958,2,13
68719479138,36,5959,5962,4,12
34359739569,35,5949,5954,6,11
274877916553,38,5955,5955,1,14
274877916554,38,5958,5958,1,14
137438958277,37,5955,5956,2,13
274877916555,38,5957,5957,1,14
274877916556,38,5960,5961,2,14
137438958278,37,5962,5962,1,13
68719479139,36,5955,5958,4,12
549755833114,39,5961,5961,1,5
274877916557,38,5959,5959,1,14
549755833115,39,5960,5960,1,5
137438958279,37,5959,5961,3,13
137438958280,37,5964,5964,1,13
68719479140,36,5965,5966,2,12
34359739570,35,5967,5969,3,11
17179869785,34,5949,5962,14,8
137438958281,37,5963,5963,1,13
137438958282,37,5966,5966,1,13
68719479141,36,5963,5964,2,12
137438958283,37,5965,5965,1,13
68719479142,36,5968,5969,2,12
34359739571,35,5963,5966,4,11
274877916574,38,5969,5969,1,13
68719479143,36,5967,5967,1,12
274877916575,38,5968,5968,1,13
137438958288,37,5971,5971,1,13
68719479144,36,5972,5973,2,12
34359739572,35,5974,5976,3,11
17179869786,34,5977,5986,10,8
8589934893,33,5949,5969,21,6
137438958289,37,5970,5970,1,13
137438958290,37,5973,5973,1,13
68719479145,36,5970,5971,2,12
137438958291,37,5972,5972,1,13
1099511666336,40,5975,5975,1,13
274877916584,38,5976,5976,1,12
34359739573,35,5970,5973,4,11
1099511666337,40,5974,5974,1,13
274877916585,38,5974,5975,2,12
274877916592,38,5978,5978,1,13
68719479148,36,5979,5981,3,12
34359739574,35,5982,5986,5,11
17179869787,34,5970,5976,7,8
274877916593,38,5977,5977,1,13
4398046665550,42,5980,5980,1,14
274877916596,38,5981,5981,1,13
68719479149,36,5977,5978,2,12
4398046665551,42,5979,5979,1,14
274877916597,38,5979,5980,2,13
68719479150,36,5983,5986,4,12
34359739575,35,5977,5981,5,11
274877916604,38,5984,5984,1,14
137438958302,37,5985,5986,2,13
68719479151,36,5982,5982,1,12
274877916605,38,5983,5983,1,14
549755833212,39,5986,5986,1,14
137438958303,37,5983,5984,2,13
549755833213,39,5985,5985,1,14
137438958304,37,5988,5988,1,13
68719479152,36,5989,5990,2,12
34359739576,35,5991,5997,7,11
17179869788,34,5998,6006,9,8
8589934894,33,6007,6033,27,6
4294967447,32,5949,5986,38,10
137438958305,37,5987,5987,1,13
137438958306,37,5990,5990,1,13
68719479153,36,5987,5988,2,12
137438958307,37,5989,5989,1,13
274877916616,38,5992,5992,1,14
137438958308,37,5993,5993,1,13
68719479154,36,5994,5997,4,12
34359739577,35,5987,5990,4,11
274877916617,38,5991,5991,1,14
137438958309,37,5991,5992,2,13
1099511666482,40,5995,5995,1,5
274877916620,38,5996,5996,1,14
137438958310,37,5997,5997,1,13
68719479155,36,5991,5993,3,12
1099511666483,40,5994,5994,1,5
274877916621,38,5994,5995,2,14
137438958311,37,5994,5996,3,13
137438958312,37,5999,6001,3,13
68719479156,36,6002,6005,4,12
34359739578,35,6006,6006,1,11
17179869789,34,5987,5997,11,8
274877916626,38,6000,6001,2,14
137438958313,37,5998,5998,1,13
549755833254,39,6001,6001,1,5
274877916627,38,5999,5999,1,14
549755833255,39,6000,6000,1,5
1099511666514,40,6003,6003,1,5
274877916628,38,6004,6004,1,14
137438958314,37,6005,6005,1,13
68719479157,36,5998,6001,4,12
1099511666515,40,6002,6002,1,5
274877916629,38,6002,6003,2,14
137438958315,37,6002,6004,3,13
34359739579,35,5998,6005,8,11
68719479160,36,6008,6010,3,12
34359739580,35,6011,6014,4,11
17179869790,34,6015,6033,19,8
8589934895,33,5987,6006,20,6
137438958322,37,6009,6010,2,13
68719479161,36,6007,6007,1,12
1099511666588,40,6010,6010,1,14
137438958323,37,6008,6008,1,13
1099511666589,40,6009,6009,1,14
137438958324,37,6012,6012,1,13
68719479162,36,6013,6014,2,12
34359739581,35,6007,6010,4,11
137438958325,37,6011,6011,1,13
137438958326,37,6014,6014,1,13
68719479163,36,6011,6012,2,12
137438958327,37,6013,6013,1,13
274877916656,38,6016,6018,3,14
137438958328,37,6019,6023,5,13
68719479164,36,6024,6028,5,12
34359739582,35,6029,6033,5,11
17179869791,34,6007,6014,8,8
549755833314,39,6017,6018,2,5
274877916657,38,6015,6015,1,14
1099511666630,40,6018,6018,1,4
549755833315,39,6016,6016,1,5
1099511666631,40,6017,6017,1,4
1099511666636,40,6020,6020,1,5
549755833318,39,6021,6023,3,14
137438958329,37,6015,6018,4,13
1099511666637,40,6019,6019,1,5
2199023333276,41,6022,6022,1,4
1099511666638,40,6023,6023,1,5
549755833319,39,6019,6020,2,14
2199023333277,41,6021,6021,1,4
1099511666639,40,6021,6022,2,5
549755833320,39,6025,6025,1,14
274877916660,38,6026,6028,3,13
68719479165,36,6015,6023,9,12
549755833321,39,6024,6024,1,14
549755833322,39,6027,6028,2,14
274877916661,38,6024,6025,2,13
1099511666646,40,6028,6028,1,5
549755833323,39,6026,6026,1,14
1099511666647,40,6027,6027,1,5
68719479166,36,6030,6033,4,12
34359739583,35,6015,6028,14,11
137438958334,37,6031,6033,3,13
68719479167,36,6029,6029,1,12
274877916670,38,6032,6033,2,14
137438958335,37,6030,6030,1,13
1099511666684,40,6033,6033,1,5
274877916671,38,6031,6031,1,14
1099511666685,40,6032,6032,1,5
137438958336,37,6035,6036,2,13
68719479168,36,6037,6037,1,12
34359739584,35,6038,6040,3,11
17179869792,34,6041,6045,5,8
8589934896,33,6046,6063,18,6
4294967448,32,6064,6091,28,10
2147483724,31,6092,6157,66,17
1073741862,30,6158,6292,135,2
536870931,29,5715,6033,319,15
2199023333406,41,6036,6036,1,14
137438958337,37,6034,6034,1,13
2199023333407,41,6035,6035,1,14
68719479169,36,6034,6036,3,12
68719479170,36,6039,6040,2,12
34359739585,35,6034,6037,4,11
549755833372,39,6040,6040,1,13
68719479171,36,6038,6038,1,12
549755833373,39,6039,6039,1,13
137438958344,37,6042,6042,1,13
68719479172,36,6043,6044,2,12
34359739586,35,6045,6045,1,11
17179869793,34,6034,6040,7,8
137438958345,37,6041,6041,1,13
137438958346,37,6044,6044,1,13
68719479173,36,6041,6042,2,12
137438958347,37,6043,6043,1,13
34359739587,35,6041,6044,4,11
274877916704,38,6047,6048,2,14
137438958352,37,6049,6049,1,13
68719479176,36,6050,6052,3,12
34359739588,35,6053,6058,6,11
17179869794,34,6059,6063,5,8
8589934897,33,6034,6045,12,6
549755833410,39,6048,6048,1,5
274877916705,38,6046,6046,1,14
549755833411,39,6047,6047,1,5
137438958353,37,6046,6048,3,13
137438958354,37,6051,6052,2,13
68719479177,36,6046,6049,4,12
274877916710,38,6052,6052,1,14
137438958355,37,6050,6050,1,13
274877916711,38,6051,6051,1,14
274877916714,38,6054,6054,1,13
68719479178,36,6055,6058,4,12
34359739589,35,6046,6052,7,11
274877916715,38,6053,6053,1,13
549755833432,39,6056,6057,2,14
137438958358,37,6058,6058,1,13
68719479179,36,6053,6054,2,12
1099511666866,40,6057,6057,1,5
549755833433,39,6055,6055,1,14
1099511666867,40,6056,6056,1,5
137438958359,37,6055,6057,3,13
34359739590,35,6060,6063,4,11
17179869795,34,6046,6058,13,8
137438958364,37,6061,6061,1,13
68719479182,36,6062,6063,2,12
34359739591,35,6059,6059,1,11
137438958365,37,6060,6060,1,13
137438958366,37,6063,6063,1,13
68719479183,36,6060,6061,2,12
137438958367,37,6062,6062,1,13
274877916738,38,6065,6065,1,13
68719479184,36,6066,6068,3,12
34359739592,35,6069,6071,3,11
17179869796,34,6072,6077,6,8
8589934898,33,6078,6091,14,6
4294967449,32,6034,6063,30,10
274877916739,38,6064,6064,1,13
274877916740,38,6067,6067,1,14
137438958370,37,6068,6068,1,13
68719479185,36,6064,6065,2,12
274877916741,38,6066,6066,1,14
137438958371,37,6066,6067,2,13
8796093335902,43,6070,6070,1,13
68719479186,36,6071,6071,1,12
34359739593,35,6064,6068,5,11
8796093335903,43,6069,6069,1,13
68719479187,36,6069,6070,2,12
68719479188,36,6073,6073,1,12
34359739594,35,6074,6077,4,11
17179869797,34,6064,6071,8,8
68719479189,36,6072,6072,1,12
274877916764,38,6075,6075,1,13
137438958382,37,6076,6077,2,12
34359739595,35,6072,6073,2,11
274877916765,38,6074,6074,1,13
274877916766,38,6077,6077,1,13
137438958383,37,6074,6075,2,12
274877916767,38,6076,6076,1,13
137438958386,37,6079,6079,1,12
34359739596,35,6080,6083,4,11
17179869798,34,6084,6091,8,8
8589934899,33,6064,6077,14,6
137438958387,37,6078,6078,1,12
274877916776,38,6081,6081,1,13
137438958388,37,6082,6083,2,12
34359739597,35,6078,6079,2,11
274877916777,38,6080,6080,1,13
549755833556,39,6083,6083,1,13
137438958389,37,6080,6081,2,12
549755833557,39,6082,6082,1,13
137438958392,37,6085,6087,3,13
68719479196,36,6088,6089,2,12
34359739598,35,6090,6091,2,11
17179869799,34,6078,6083,6,8
274877916786,38,6086,6087,2,14
137438958393,37,6084,6084,1,13
549755833574,39,6087,6087,1,5
274877916787,38,6085,6085,1,14
549755833575,39,6086,6086,1,5
274877916788,38,6089,6089,1,13
68719479197,36,6084,6087,4,12
274877916789,38,6088,6088,1,13
68719479198,36,6091,6091,1,12
34359739599,35,6084,6089,6,11
68719479199,36,6090,6090,1,12
137438958400,37,6093,6093,1,13
68719479200,36,6094,6095,2,12
34359739600,35,6096,6098,3,11
17179869800,34,6099,6107,9,8
8589934900,33,6108,6129,22,6
4294967450,32,6130,6157,28,10
2147483725,31,6034,6091,58,17
137438958401,37,6092,6092,1,13
274877916804,38,6095,6095,1,13
68719479201,36,6092,6093,2,12
274877916805,38,6094,6094,1,13
68719479202,36,6097,6098,2,12
34359739601,35,6092,6095,4,11
137438958406,37,6098,6098,1,13
68719479203,36,6096,6096,1,12
137438958407,37,6097,6097,1,13
1099511667268,40,6100,6100,1,13
137438958408,37,6101,6102,2,12
68719479204,36,6103,6107,5,11
17179869801,34,6092,6098,7,8
1099511667269,40,6099,6099,1,13
274877916818,38,6102,6102,1,13
137438958409,37,6099,6100,2,12
274877916819,38,6101,6101,1,13
274877916820,38,6104,6104,1,13
137438958410,37,6105,6107,3,12
68719479205,36,6099,6102,4,11
274877916821,38,6103,6103,1,13
8796093338314,43,6106,6106,1,14
274877916822,38,6107,6107,1,13
137438958411,37,6103,6104,2,12
8796093338315,43,6105,6105,1,14
274877916823,38,6105,6106,2,13
2199023334670,41,6109,6109,1,13
68719479208,36,6110,6111,2,12
34359739604,35,6112,6120,9,11
17179869802,34,6121,6129,9,8
8589934901,33,6092,6107,16,6
2199023334671,41,6108,6108,1,13
549755833676,39,6111,6111,1,13
68719479209,36,6108,6109,2,12
549755833677,39,6110,6110,1,13
137438958420,37,6113,6115,3,13
68719479210,36,6116,6120,5,12
34359739605,35,6108,6111,4,11
1099511667368,40,6114,6114,1,5
549755833684,39,6115,6115,1,14
137438958421,37,6112,6112,1,13
1099511667369,40,6113,6113,1,5
549755833685,39,6113,6114,2,14
549755833688,39,6117,6117,1,5
274877916844,38,6118,6119,2,14
137438958422,37,6120,6120,1,13
68719479211,36,6112,6115,4,12
549755833689,39,6116,6116,1,5
549755833690,39,6119,6119,1,5
274877916845,38,6116,6117,2,14
549755833691,39,6118,6118,1,5
137438958423,37,6116,6119,4,13
137438958424,37,6122,6122,1,13
68719479212,36,6123,6123,1,12
34359739606,35,6124,6129,6,11
17179869803,34,6108,6120,13,8
137438958425,37,6121,6121,1,13
68719479213,36,6121,6122,2,12
137438958428,37,6125,6126,2,13
68719479214,36,6127,6129,3,12
34359739607,35,6121,6123,3,11
274877916858,38,6126,6126,1,14
137438958429,37,6124,6124,1,13
274877916859,38,6125,6125,1,14
137438958430,37,6128,6129,2,13
68719479215,36,6124,6126,3,12
274877916862,38,6129,6129,1,14
137438958431,37,6127,6127,1,13
274877916863,38,6128,6128,1,14
137438958432,37,6131,6133,3,13
68719479216,36,6134,6135,2,12
34359739608,35,6136,6139,4,11
17179869804,34,6140,6148,9,8
8589934902,33,6149,6157,9,6
4294967451,32,6092,6129,38,10
549755833732,39,6132,6132,1,5
274877916866,38,6133,6133,1,14
137438958433,37,6130,6130,1,13
549755833733,39,6131,6131,1,5
274877916867,38,6131,6132,2,14
274877916868,38,6135,6135,1,13
68719479217,36,6130,6133,4,12
274877916869,38,6134,6134,1,13
137438958436,37,6137,6137,1,13
68719479218,36,6138,6139,2,12
34359739609,35,6130,6135,6,11
137438958437,37,6136,6136,1,13
137438958438,37,6139,6139,1,13
68719479219,36,6136,6137,2,12
137438958439,37,6138,6138,1,13
274877916882,38,6141,6141,1,13
68719479220,36,6142,6142,1,12
34359739610,35,6143,6148,6,11
17179869805,34,6130,6139,10,8
274877916883,38,6140,6140,1,13
68719479221,36,6140,6141,2,12
68719479222,36,6144,6148,5,12
34359739611,35,6140,6142,3,11
1099511667568,40,6145,6145,1,14
137438958446,37,6146,6148,3,13
68719479223,36,6143,6143,1,12
1099511667569,40,6144,6144,1,14
549755833788,39,6147,6147,1,5
274877916894,38,6148,6148,1,14
137438958447,37,6144,6145,2,13
549755833789,39,6146,6146,1,5
274877916895,38,6146,6147,2,14
68719479224,36,6150,6150,1,12
34359739612,35,6151,6151,1,11
17179869806,34,6152,6157,6,8
8589934903,33,6130,6148,19,6
68719479225,36,6149,6149,1,12
34359739613,35,6149,6150,2,11
68719479228,36,6153,6154,2,12
34359739614,35,6155,6157,3,11
17179869807,34,6149,6151,3,8
137438958458,37,6154,6154,1,13
68719479229,36,6152,6152,1,12
137438958459,37,6153,6153,1,13
274877916924,38,6156,6156,1,13
137438958462,37,6157,6157,1,12
34359739615,35,6152,6154,3,11
274877916925,38,6155,6155,1,13
137438958463,37,6155,6156,2,12
274877916928,38,6159,6159,1,14
137438958464,37,6160,6161,2,13
68719479232,36,6162,6163,2,12
34359739616,35,6164,6164,1,11
17179869808,34,6165,6175,11,8
8589934904,33,6176,6192,17,6
4294967452,32,6193,6227,35,10
2147483726,31,6228,6292,65,6
1073741863,30,6034,6157,124,2
274877916929,38,6158,6158,1,14
2199023335442,41,6161,6161,1,14
137438958465,37,6158,6159,2,13
2199023335443,41,6160,6160,1,14
274877916932,38,6163,6163,1,13
68719479233,36,6158,6161,4,12
274877916933,38,6162,6162,1,13
34359739617,35,6158,6163,6,11
274877916944,38,6166,6166,1,14
137438958472,37,6167,6167,1,13
68719479236,36,6168,6168,1,12
34359739618,35,6169,6175,7,11
17179869809,34,6158,6164,7,8
274877916945,38,6165,6165,1,14
137438958473,37,6165,6166,2,13
68719479237,36,6165,6167,3,12
1099511667814,40,6170,6170,1,13
68719479238,36,6171,6175,5,12
34359739619,35,6165,6168,4,11
1099511667815,40,6169,6169,1,13
274877916956,38,6172,6174,3,14
137438958478,37,6175,6175,1,13
68719479239,36,6169,6170,2,12
2199023335660,41,6173,6173,1,4
1099511667830,40,6174,6174,1,5
274877916957,38,6171,6171,1,14
2199023335661,41,6172,6172,1,4
1099511667831,40,6172,6173,2,5
137438958479,37,6171,6174,4,13
137438958480,37,6177,6177,1,13
68719479240,36,6178,6182,5,12
34359739620,35,6183,6187,5,11
17179869810,34,6188,6192,5,8
8589934905,33,6158,6175,18,6
137438958481,37,6176,6176,1,13
274877916964,38,6179,6179,1,14
137438958482,37,6180,6182,3,13
68719479241,36,6176,6177,2,12
274877916965,38,6178,6178,1,14
549755833932,39,6181,6182,2,14
137438958483,37,6178,6179,2,13
1099511667866,40,6182,6182,1,5
549755833933,39,6180,6180,1,14
1099511667867,40,6181,6181,1,5
274877916968,38,6184,6184,1,13
68719479242,36,6185,6187,3,12
34359739621,35,6176,6182,7,11
274877916969,38,6183,6183,1,13
137438958486,37,6186,6187,2,13
68719479243,36,6183,6184,2,12
2199023335796,41,6187,6187,1,14
137438958487,37,6185,6185,1,13
2199023335797,41,6186,6186,1,14
274877916976,38,6189,6189,1,13
137438958488,37,6190,6190,1,12
34359739622,35,6191,6192,2,11
17179869811,34,6176,6187,12,8
274877916977,38,6188,6188,1,13
137438958489,37,6188,6189,2,12
137438958494,37,6192,6192,1,12
34359739623,35,6188,6190,3,11
137438958495,37,6191,6191,1,12
68719479250,36,6194,6195,2,11
17179869812,34,6196,6208,13,8
8589934906,33,6209,6227,19,6
4294967453,32,6158,6192,35,10
549755834014,39,6195,6195,1,12
68719479251,36,6193,6193,1,11
549755834015,39,6194,6194,1,12
274877917008,38,6197,6197,1,13
68719479252,36,6198,6198,1,12
34359739626,35,6199,6208,10,11
17179869813,34,6193,6195,3,8
274877917009,38,6196,6196,1,13
68719479253,36,6196,6197,2,12
2199023336134,41,6200,6200,1,5
274877917016,38,6201,6203,3,14
137438958508,37,6204,6205,2,13
68719479254,36,6206,6208,3,12
34359739627,35,6196,6198,3,11
2199023336135,41,6199,6199,1,5
549755834034,39,6202,6203,2,5
274877917017,38,6199,6200,2,14
8796093344574,43,6203,6203,1,4
549755834035,39,6201,6201,1,5
8796093344575,43,6202,6202,1,4
274877917018,38,6205,6205,1,14
137438958509,37,6199,6203,5,13
274877917019,38,6204,6204,1,14
137438958510,37,6207,6208,2,13
68719479255,36,6199,6205,7,12
274877917022,38,6208,6208,1,14
137438958511,37,6206,6206,1,13
274877917023,38,6207,6207,1,14
137438958512,37,6210,6210,1,13
68719479256,36,6211,6215,5,12
34359739628,35,6216,6220,5,11
17179869814,34,6221,6227,7,8
8589934907,33,6193,6208,16,6
137438958513,37,6209,6209,1,13
549755834058,39,6212,6212,1,14
137438958514,37,6213,6215,3,13
68719479257,36,6209,6210,2,12
549755834059,39,6211,6211,1,14
1099511668122,40,6214,6214,1,5
274877917030,38,6215,6215,1,14
137438958515,37,6211,6212,2,13
1099511668123,40,6213,6213,1,5
274877917031,38,6213,6214,2,14
137438958516,37,6217,6218,2,13
68719479258,36,6219,6220,2,12
34359739629,35,6209,6215,7,11
274877917034,38,6218,6218,1,14
137438958517,37,6216,6216,1,13
274877917035,38,6217,6217,1,14
137438958518,37,6220,6220,1,13
68719479259,36,6216,6218,3,12
137438958519,37,6219,6219,1,13
68719479260,36,6222,6224,3,12
34359739630,35,6225,6227,3,11
17179869815,34,6209,6220,12,8
137438958522,37,6223,6224,2,13
68719479261,36,6221,6221,1,12
274877917046,38,6224,6224,1,14
137438958523,37,6222,6222,1,13
274877917047,38,6223,6223,1,14
274877917050,38,6226,6226,1,13
68719479262,36,6227,6227,1,12
34359739631,35,6221,6224,4,11
274877917051,38,6225,6225,1,13
68719479263,36,6225,6226,2,12
274877917058,38,6229,6229,1,13
68719479264,36,6230,6230,1,12
34359739632,35,6231,6235,5,8
17179869816,34,6236,6243,8,14
8589934908,33,6244,6264,21,4
4294967454,32,6265,6292,28,3
2147483727,31,6158,6227,70,17
274877917059,38,6228,6228,1,13
68719479265,36,6228,6229,2,12
68719479266,36,6232,6235,4,12
34359739633,35,6228,6230,3,8
137438958534,37,6233,6235,3,13
68719479267,36,6231,6231,1,12
274877917070,38,6234,6235,2,5
137438958535,37,6232,6232,1,13
1099511668284,40,6235,6235,1,11
274877917071,38,6233,6233,1,5
1099511668285,40,6234,6234,1,11
68719479268,36,6237,6238,2,12
34359739634,35,6239,6243,5,8
17179869817,34,6228,6235,8,14
137438958538,37,6238,6238,1,13
68719479269,36,6236,6236,1,12
137438958539,37,6237,6237,1,13
137438958540,37,6240,6240,1,13
68719479270,36,6241,6243,3,12
34359739635,35,6236,6238,3,8
137438958541,37,6239,6239,1,13
549755834168,39,6242,6242,1,5
137438958542,37,6243,6243,1,13
68719479271,36,6239,6240,2,12
549755834169,39,6241,6241,1,5
137438958543,37,6241,6242,2,13
549755834176,39,6245,6246,2,13
68719479272,36,6247,6251,5,12
34359739636,35,6252,6255,4,8
17179869818,34,6256,6264,9,14
8589934909,33,6228,6243,16,4
2199023336710,41,6246,6246,1,5
549755834177,39,6244,6244,1,13
2199023336711,41,6245,6245,1,5
549755834186,39,6248,6249,2,5
137438958546,37,6250,6251,2,13
68719479273,36,6244,6246,3,12
17592186694010,44,6249,6249,1,11
549755834187,39,6247,6247,1,5
17592186694011,44,6248,6248,1,11
274877917094,38,6251,6251,1,5
137438958547,37,6247,6249,3,13
274877917095,38,6250,6250,1,5
68719479274,36,6253,6255,3,12
34359739637,35,6244,6251,8,8
549755834206,39,6254,6255,2,13
68719479275,36,6252,6252,1,12
1099511668414,40,6255,6255,1,5
549755834207,39,6253,6253,1,13
1099511668415,40,6254,6254,1,5
274877917104,38,6257,6258,2,13
68719479276,36,6259,6260,2,12
34359739638,35,6261,6264,4,8
17179869819,34,6244,6255,12,14
549755834210,39,6258,6258,1,5
274877917105,38,6256,6256,1,13
549755834211,39,6257,6257,1,5
137438958554,37,6260,6260,1,13
68719479277,36,6256,6258,3,12
137438958555,37,6259,6259,1,13
274877917114,38,6262,6262,1,13
68719479278,36,6263,6264,2,12
34359739639,35,6256,6260,5,8
274877917115,38,6261,6261,1,13
549755834234,39,6264,6264,1,13
68719479279,36,6261,6262,2,12
549755834235,39,6263,6263,1,13
137438958560,37,6266,6266,1,12
34359739640,35,6267,6268,2,8
17179869820,34,6269,6277,9,14
8589934910,33,6278,6292,15,4
4294967455,32,6228,6264,37,3
137438958561,37,6265,6265,1,12
274877917128,38,6268,6268,1,12
34359739641,35,6265,6266,2,8
274877917129,38,6267,6267,1,12
1099511668548,40,6270,6270,1,5
137438958568,37,6271,6272,2,13
68719479284,36,6273,6273,1,12
34359739642,35,6274,6277,4,8
17179869821,34,6265,6268,4,14
1099511668549,40,6269,6269,1,5
2199023337114,41,6272,6272,1,5
137438958569,37,6269,6270,2,13
2199023337115,41,6271,6271,1,5
68719479285,36,6269,6272,4,12
137438958572,37,6275,6275,1,13
68719479286,36,6276,6277,2,12
34359739643,35,6269,6273,5,8
137438958573,37,6274,6274,1,13
4398046674426,42,6277,6277,1,13
68719479287,36,6274,6275,2,12
4398046674427,42,6276,6276,1,13
274877917152,38,6279,6280,2,13
68719479288,36,6281,6283,3,12
34359739644,35,6284,6287,4,8
17179869822,34,6288,6292,5,14
8589934911,33,6265,6277,13,4
549755834306,39,6280,6280,1,5
274877917153,38,6278,6278,1,13
549755834307,39,6279,6279,1,5
1099511668626,40,6282,6282,1,5
274877917156,38,6283,6283,1,13
68719479289,36,6278,6280,3,12
1099511668627,40,6281,6281,1,5
274877917157,38,6281,6282,2,13
68719479290,36,6285,6287,3,12
34359739645,35,6278,6283,6,8
549755834328,39,6286,6286,1,5
274877917164,38,6287,6287,1,13
68719479291,36,6284,6284,1,12
549755834329,39,6285,6285,1,5
274877917165,38,6285,6286,2,13
34359739646,35,6289,6292,4,8
17179869823,34,6278,6287,10,14
68719479294,36,6290,6292,3,12
34359739647,35,6288,6288,1,8
274877917180,38,6291,6291,1,5
137438958590,37,6292,6292,1,13
68719479295,36,6289,6289,1,12
274877917181,38,6290,6290,1,5
137438958591,37,6290,6291,2,13
1099511668738,40,6294,6295,2,14
274877917184,38,6296,6296,1,13
68719479296,36,6297,6298,2,12
34359739648,35,6299,6304,6,11
17179869824,34,6305,6313,9,5
8589934912,33,6314,6329,16,4
4294967456,32,6330,6358,29,15
2147483728,31,6359,6444,86,16
1073741864,30,6445,6608,164,3
536870932,29,6609,6929,321,6
268435466,28,6930,7569,640,2
134217733,27,5095,6292,1198,9
4398046674956,42,6295,6295,1,8
1099511668739,40,6293,6293,1,14
4398046674957,42,6294,6294,1,8
274877917185,38,6293,6295,3,13
137438958594,37,6298,6298,1,13
68719479297,36,6293,6296,4,12
137438958595,37,6297,6297,1,13
274877917192,38,6300,6301,2,13
68719479298,36,6302,6304,3,12
34359739649,35,6293,6298,6,11
2199023337548,41,6301,6301,1,14
274877917193,38,6299,6299,1,13
2199023337549,41,6300,6300,1,14
137438958598,37,6303,6304,2,13
68719479299,36,6299,6301,3,12
2199023337584,41,6304,6304,1,14
137438958599,37,6302,6302,1,13
2199023337585,41,6303,6303,1,14
274877917202,38,6306,6306,1,13
68719479300,36,6307,6307,1,12
34359739650,35,6308,6313,6,11
17179869825,34,6293,6304,12,5
274877917203,38,6305,6305,1,13
68719479301,36,6305,6306,2,12
68719479302,36,6309,6313,5,12
34359739651,35,6305,6307,3,11
137438958606,37,6310,6313,4,13
68719479303,36,6308,6308,1,12
1099511668856,40,6311,6311,1,8
274877917214,38,6312,6313,2,14
137438958607,37,6309,6309,1,13
1099511668857,40,6310,6310,1,8
549755834430,39,6313,6313,1,8
274877917215,38,6310,6311,2,14
549755834431,39,6312,6312,1,8
137438958608,37,6315,6315,1,13
68719479304,36,6316,6317,2,12
34359739652,35,6318,6323,6,11
17179869826,34,6324,6329,6,5
8589934913,33,6293,6313,21,4
137438958609,37,6314,6314,1,13
137438958610,37,6317,6317,1,13
68719479305,36,6314,6315,2,12
137438958611,37,6316,6316,1,13
137438958612,37,6319,6320,2,13
68719479306,36,6321,6323,3,12
34359739653,35,6314,6317,4,11
549755834454,39,6320,6320,1,14
137438958613,37,6318,6318,1,13
549755834455,39,6319,6319,1,14
137438958614,37,6322,6323,2,13
68719479307,36,6318,6320,3,12
274877917230,38,6323,6323,1,14
137438958615,37,6321,6321,1,13
274877917231,38,6322,6322,1,14
34359739654,35,6325,6329,5,11
17179869827,34,6314,6323,10,5
1099511668970,40,6326,6326,1,14
274877917242,38,6327,6327,1,13
68719479310,36,6328,6329,2,12
34359739655,35,6324,6324,1,11
1099511668971,40,6325,6325,1,14
274877917243,38,6325,6326,2,13
274877917244,38,6329,6329,1,13
68719479311,36,6325,6327,3,12
274877917245,38,6328,6328,1,13
68719479312,36,6331,6333,3,12
34359739656,35,6334,6340,7,11
17179869828,34,6341,6346,6,5
8589934914,33,6347,6358,12,4
4294967457,32,6293,6329,37,15
137438958626,37,6332,6333,2,13
68719479313,36,6330,6330,1,12
4398046676078,42,6333,6333,1,14
137438958627,37,6331,6331,1,13
4398046676079,42,6332,6332,1,14
68719479314,36,6335,6340,6,12
34359739657,35,6330,6333,4,11
549755834520,39,6336,6336,1,8
274877917260,38,6337,6338,2,14
137438958630,37,6339,6340,2,13
68719479315,36,6334,6334,1,12
549755834521,39,6335,6335,1,8
549755834522,39,6338,6338,1,8
274877917261,38,6335,6336,2,14
549755834523,39,6337,6337,1,8
549755834526,39,6340,6340,1,14
137438958631,37,6335,6338,4,13
549755834527,39,6339,6339,1,14
35184373409946,45,6342,6342,1,13
137438958632,37,6343,6344,2,12
34359739658,35,6345,6346,2,11
17179869829,34,6330,6340,11,5
35184373409947,45,6341,6341,1,13
1099511669068,40,6344,6344,1,13
137438958633,37,6341,6342,2,12
1099511669069,40,6343,6343,1,13
68719479318,36,6346,6346,1,12
34359739659,35,6341,6344,4,11
68719479319,36,6345,6345,1,12
137438958640,37,6348,6348,1,13
68719479320,36,6349,6351,3,12
34359739660,35,6352,6354,3,11
17179869830,34,6355,6358,4,5
8589934915,33,6330,6346,17,4
137438958641,37,6347,6347,1,13
137438958642,37,6350,6351,2,13
68719479321,36,6347,6348,2,12
1099511669148,40,6351,6351,1,14
137438958643,37,6349,6349,1,13
1099511669149,40,6350,6350,1,14
137438958644,37,6353,6353,1,13
68719479322,36,6354,6354,1,12
34359739661,35,6347,6351,5,11
137438958645,37,6352,6352,1,13
68719479323,36,6352,6353,2,12
68719479324,36,6356,6357,2,12
34359739662,35,6358,6358,1,11
17179869831,34,6347,6354,8,5
137438958650,37,6357,6357,1,13
68719479325,36,6355,6355,1,12
137438958651,37,6356,6356,1,13
34359739663,35,6355,6357,3,11
2199023338520,41,6360,6360,1,14
1099511669260,40,6361,6361,1,13
68719479328,36,6362,6365,4,12
34359739664,35,6366,6371,6,11
17179869832,34,6372,6381,10,5
8589934916,33,6382,6404,23,4
4294967458,32,6405,6444,40,15
2147483729,31,6293,6358,66,16
2199023338521,41,6359,6359,1,14
1099511669261,40,6359,6360,2,13
549755834634,39,6363,6363,1,14
137438958658,37,6364,6365,2,13
68719479329,36,6359,6361,3,12
549755834635,39,6362,6362,1,14
274877917318,38,6365,6365,1,14
137438958659,37,6362,6363,2,13
274877917319,38,6364,6364,1,14
4398046677168,42,6367,6367,1,14
1099511669292,40,6368,6368,1,13
68719479330,36,6369,6371,3,12
34359739665,35,6359,6365,7,11
4398046677169,42,6366,6366,1,14
1099511669293,40,6366,6367,2,13
1099511669304,40,6370,6370,1,14
549755834652,39,6371,6371,1,13
68719479331,36,6366,6368,3,12
1099511669305,40,6369,6369,1,14
549755834653,39,6369,6370,2,13
137438958664,37,6373,6373,1,13
68719479332,36,6374,6378,5,12
34359739666,35,6379,6381,3,11
17179869833,34,6359,6371,13,5
137438958665,37,6372,6372,1,13
137438958666,37,6375,6378,4,13
68719479333,36,6372,6373,2,12
274877917334,38,6376,6378,3,14
137438958667,37,6374,6374,1,13
1099511669340,40,6377,6377,1,17
549755834670,39,6378,6378,1,8
274877917335,38,6375,6375,1,14
1099511669341,40,6376,6376,1,17
549755834671,39,6376,6377,2,8
274877917336,38,6380,6380,1,13
68719479334,36,6381,6381,1,12
34359739667,35,6372,6378,7,11
274877917337,38,6379,6379,1,13
68719479335,36,6379,6380,2,12
274877917344,38,6383,6383,1,14
137438958672,37,6384,6385,2,13
68719479336,36,6386,6386,1,12
34359739668,35,6387,6392,6,11
17179869834,34,6393,6404,12,5
8589934917,33,6359,6381,23,4
274877917345,38,6382,6382,1,14
1099511669390,40,6385,6385,1,14
137438958673,37,6382,6383,2,13
1099511669391,40,6384,6384,1,14
68719479337,36,6382,6385,4,12
137438958676,37,6388,6388,1,13
68719479338,36,6389,6392,4,12
34359739669,35,6382,6386,5,11
137438958677,37,6387,6387,1,13
2199023338848,41,6390,6390,1,8
274877917356,38,6391,6391,1,14
137438958678,37,6392,6392,1,13
68719479339,36,6387,6388,2,12
2199023338849,41,6389,6389,1,8
274877917357,38,6389,6390,2,14
137438958679,37,6389,6391,3,13
68719479340,36,6394,6397,4,12
34359739670,35,6398,6404,7,11
17179869835,34,6382,6392,11,5
274877917364,38,6395,6396,2,14
137438958682,37,6397,6397,1,13
68719479341,36,6393,6393,1,12
1099511669462,40,6396,6396,1,8
274877917365,38,6394,6394,1,14
1099511669463,40,6395,6395,1,8
137438958683,37,6394,6396,3,13
137438958684,37,6399,6401,3,13
68719479342,36,6402,6404,3,12
34359739671,35,6393,6397,5,11
1099511669484,40,6400,6401,2,14
137438958685,37,6398,6398,1,13
4398046677940,42,6401,6401,1,8
1099511669485,40,6399,6399,1,14
4398046677941,42,6400,6400,1,8
137438958686,37,6403,6404,2,13
68719479343,36,6398,6401,4,12
549755834750,39,6404,6404,1,14
137438958687,37,6402,6402,1,13
549755834751,39,6403,6403,1,14
137438958688,37,6406,6406,1,13
68719479344,36,6407,6410,4,12
34359739672,35,6411,6413,3,11
17179869836,34,6414,6430,17,5
8589934918,33,6431,6444,14,4
4294967459,32,6359,6404,46,15
137438958689,37,6405,6405,1,13
1099511669524,40,6408,6408,1,14
137438958690,37,6409,6410,2,13
68719479345,36,6405,6406,2,12
1099511669525,40,6407,6407,1,14
17592186712560,44,6410,6410,1,14
137438958691,37,6407,6408,2,13
17592186712561,44,6409,6409,1,14
68719479346,36,6412,6413,2,12
34359739673,35,6405,6410,6,11
137438958694,37,6413,6413,1,13
68719479347,36,6411,6411,1,12
137438958695,37,6412,6412,1,13
274877917392,38,6415,6415,1,14
137438958696,37,6416,6417,2,13
68719479348,36,6418,6425,8,12
34359739674,35,6426,6430,5,11
17179869837,34,6405,6413,9,5
274877917393,38,6414,6414,1,14
549755834790,39,6417,6417,1,14
137438958697,37,6414,6415,2,13
549755834791,39,6416,6416,1,14
549755834794,39,6419,6419,1,14
137438958698,37,6420,6425,6,13
68719479349,36,6414,6417,4,12
549755834795,39,6418,6418,1,14
549755834796,39,6421,6422,2,8
274877917398,38,6423,6425,3,14
137438958699,37,6418,6419,2,13
2199023339188,41,6422,6422,1,17
549755834797,39,6420,6420,1,8
2199023339189,41,6421,6421,1,17
4398046678390,42,6424,6424,1,17
549755834798,39,6425,6425,1,8
274877917399,38,6420,6422,3,14
4398046678391,42,6423,6423,1,17
549755834799,39,6423,6424,2,8
137438958700,37,6427,6429,3,13
68719479350,36,6430,6430,1,12
34359739675,35,6414,6425,12,11
1099511669608,40,6428,6428,1,8
274877917402,38,6429,6429,1,14
137438958701,37,6426,6426,1,13
1099511669609,40,6427,6427,1,8
274877917403,38,6427,6428,2,14
68719479351,36,6426,6429,4,12
549755834830,39,6432,6432,1,12
34359739676,35,6433,6437,5,11
17179869838,34,6438,6444,7,5
8589934919,33,6405,6430,26,4
549755834831,39,6431,6431,1,12
68719479354,36,6434,6437,4,12
34359739677,35,6431,6432,2,11
274877917420,38,6435,6435,1,14
137438958710,37,6436,6437,2,13
68719479355,36,6433,6433,1,12
274877917421,38,6434,6434,1,14
274877917422,38,6437,6437,1,14
137438958711,37,6434,6435,2,13
274877917423,38,6436,6436,1,14
274877917424,38,6439,6439,1,14
137438958712,37,6440,6440,1,13
68719479356,36,6441,6441,1,12
34359739678,35,6442,6444,3,11
17179869839,34,6431,6437,7,5
274877917425,38,6438,6438,1,14
137438958713,37,6438,6439,2,13
68719479357,36,6438,6440,3,12
68719479358,36,6443,6444,2,12
34359739679,35,6438,6441,4,11
274877917436,38,6444,6444,1,13
68719479359,36,6442,6442,1,12
274877917437,38,6443,6443,1,13
1099511669770,40,6446,6446,1,13
68719479360,36,6447,6450,4,12
34359739680,35,6451,6459,9,11
17179869840,34,6460,6470,11,5
8589934920,33,6471,6483,13,4
4294967460,32,6484,6511,28,15
2147483730,31,6512,6608,97,16
1073741865,30,6293,6444,152,3
1099511669771,40,6445,6445,1,13
274877917444,38,6448,6449,2,14
137438958722,37,6450,6450,1,13
68719479361,36,6445,6446,2,12
1099511669782,40,6449,6449,1,8
274877917445,38,6447,6447,1,14
1099511669783,40,6448,6448,1,8
137438958723,37,6447,6449,3,13
1099511669794,40,6452,6452,1,14
137438958724,37,6453,6454,2,13
68719479362,36,6455,6459,5,12
34359739681,35,6445,6450,6,11
1099511669795,40,6451,6451,1,14
274877917450,38,6454,6454,1,14
137438958725,37,6451,6452,2,13
274877917451,38,6453,6453,1,14
549755834906,39,6456,6456,1,14
137438958726,37,6457,6459,3,13
68719479363,36,6451,6454,4,12
549755834907,39,6455,6455,1,14
274877917454,38,6458,6459,2,14
137438958727,37,6455,6456,2,13
549755834910,39,6459,6459,1,8
274877917455,38,6457,6457,1,14
549755834911,39,6458,6458,1,8
8796093358648,43,6461,6461,1,14
137438958728,37,6462,6465,4,13
68719479364,36,6466,6468,3,12
34359739682,35,6469,6470,2,11
17179869841,34,6445,6459,15,5
8796093358649,43,6460,6460,1,14
1099511669834,40,6463,6463,1,8
274877917458,38,6464,6465,2,14
137438958729,37,6460,6461,2,13
1099511669835,40,6462,6462,1,8
549755834918,39,6465,6465,1,8
274877917459,38,6462,6463,2,14
549755834919,39,6464,6464,1,8
137438958730,37,6467,6468,2,13
68719479365,36,6460,6465,6,12
274877917462,38,6468,6468,1,14
137438958731,37,6466,6466,1,13
274877917463,38,6467,6467,1,14
68719479366,36,6470,6470,1,12
34359739683,35,6460,6468,9,11
68719479367,36,6469,6469,1,12
137438958736,37,6472,6472,1,12
34359739684,35,6473,6474,2,11
17179869842,34,6475,6483,9,5
8589934921,33,6445,6470,26,4
137438958737,37,6471,6471,1,12
137438958742,37,6474,6474,1,12
34359739685,35,6471,6472,2,11
137438958743,37,6473,6473,1,12
68719479372,36,6476,6479,4,12
34359739686,35,6480,6483,4,11
17179869843,34,6471,6474,4,5
137438958746,37,6477,6479,3,13
68719479373,36,6475,6475,1,12
549755834988,39,6478,6479,2,14
137438958747,37,6476,6476,1,13
1099511669978,40,6479,6479,1,8
549755834989,39,6477,6477,1,14
1099511669979,40,6478,6478,1,8
274877917500,38,6481,6481,1,13
137438958750,37,6482,6483,2,12
34359739687,35,6475,6479,5,11
274877917501,38,6480,6480,1,13
274877917502,38,6483,6483,1,13
137438958751,37,6480,6481,2,12
274877917503,38,6482,6482,1,13
34359739688,35,6485,6490,6,11
17179869844,34,6491,6498,8,5
8589934922,33,6499,6511,13,4
4294967461,32,6445,6483,39,15
2199023340100,41,6486,6486,1,14
137438958756,37,6487,6487,1,13
68719479378,36,6488,6490,3,12
34359739689,35,6484,6484,1,11
2199023340101,41,6485,6485,1,14
137438958757,37,6485,6486,2,13
274877917516,38,6489,6489,1,14
137438958758,37,6490,6490,1,13
68719479379,36,6485,6487,3,12
274877917517,38,6488,6488,1,14
137438958759,37,6488,6489,2,13
137438958762,37,6492,6493,2,12
34359739690,35,6494,6498,5,11
17179869845,34,6484,6490,7,5
549755835054,39,6493,6493,1,13
137438958763,37,6491,6491,1,12
549755835055,39,6492,6492,1,13
68719479382,36,6495,6498,4,12
34359739691,35,6491,6493,3,11
274877917532,38,6496,6496,1,14
137438958766,37,6497,6498,2,13
68719479383,36,6494,6494,1,12
274877917533,38,6495,6495,1,14
274877917534,38,6498,6498,1,14
137438958767,37,6495,6496,2,13
274877917535,38,6497,6497,1,14
137438958770,37,6500,6500,1,12
34359739692,35,6501,6504,4,11
17179869846,34,6505,6511,7,5
8589934923,33,6484,6498,15,4
137438958771,37,6499,6499,1,12
68719479386,36,6502,6504,3,12
34359739693,35,6499,6500,2,11
549755835100,39,6503,6503,1,14
274877917550,38,6504,6504,1,13
68719479387,36,6501,6501,1,12
549755835101,39,6502,6502,1,14
274877917551,38,6502,6503,2,13
549755835106,39,6506,6506,1,13
68719479388,36,6507,6509,3,12
34359739694,35,6510,6511,2,11
17179869847,34,6499,6504,6,5
549755835107,39,6505,6505,1,13
1099511670232,40,6508,6508,1,14
274877917558,38,6509,6509,1,13
68719479389,36,6505,6506,2,12
1099511670233,40,6507,6507,1,14
274877917559,38,6507,6508,2,13
274877917560,38,6511,6511,1,12
34359739695,35,6505,6509,5,11
274877917561,38,6510,6510,1,12
137438958784,37,6513,6516,4,13
68719479392,36,6517,6518,2,12
34359739696,35,6519,6522,4,11
17179869848,34,6523,6534,12,5
8589934924,33,6535,6558,24,4
4294967462,32,6559,6608,50,15
2147483731,31,6445,6511,67,16
1099511670284,40,6514,6514,1,8
549755835142,39,6515,6516,2,14
137438958785,37,6512,6512,1,13
1099511670285,40,6513,6513,1,8
2199023340572,41,6516,6516,1,8
549755835143,39,6513,6514,2,14
2199023340573,41,6515,6515,1,8
137438958786,37,6518,6518,1,13
68719479393,36,6512,6516,5,12
137438958787,37,6517,6517,1,13
274877917578,38,6520,6520,1,13
68719479394,36,6521,6522,2,12
34359739697,35,6512,6518,7,11
274877917579,38,6519,6519,1,13
137438958790,37,6522,6522,1,13
68719479395,36,6519,6520,2,12
137438958791,37,6521,6521,1,13
549755835168,39,6524,6524,1,8
274877917584,38,6525,6526,2,14
137438958792,37,6527,6527,1,13
68719479396,36,6528,6530,3,12
34359739698,35,6531,6534,4,11
17179869849,34,6512,6522,11,5
549755835169,39,6523,6523,1,8
549755835170,39,6526,6526,1,8
274877917585,38,6523,6524,2,14
549755835171,39,6525,6525,1,8
137438958793,37,6523,6526,4,13
137438958794,37,6529,6530,2,13
68719479397,36,6523,6527,5,12
274877917590,38,6530,6530,1,14
137438958795,37,6528,6528,1,13
274877917591,38,6529,6529,1,14
274877917592,38,6532,6532,1,14
137438958796,37,6533,6533,1,13
68719479398,36,6534,6534,1,12
34359739699,35,6523,6530,8,11
274877917593,38,6531,6531,1,14
137438958797,37,6531,6532,2,13
68719479399,36,6531,6533,3,12
1099511670402,40,6536,6536,1,8
274877917600,38,6537,6538,2,14
137438958800,37,6539,6540,2,13
68719479400,36,6541,6543,3,12
34359739700,35,6544,6549,6,11
17179869850,34,6550,6558,9,5
8589934925,33,6512,6534,23,4
1099511670403,40,6535,6535,1,8
549755835202,39,6538,6538,1,8
274877917601,38,6535,6536,2,14
549755835203,39,6537,6537,1,8
549755835206,39,6540,6540,1,14
137438958801,37,6535,6538,4,13
549755835207,39,6539,6539,1,14
274877917604,38,6542,6542,1,14
137438958802,37,6543,6543,1,13
68719479401,36,6535,6540,6,12
274877917605,38,6541,6541,1,14
137438958803,37,6541,6542,2,13
137438958804,37,6545,6545,1,13
68719479402,36,6546,6549,4,12
34359739701,35,6535,6543,9,11
137438958805,37,6544,6544,1,13
137438958806,37,6547,6549,3,13
68719479403,36,6544,6545,2,12
274877917614,38,6548,6549,2,14
137438958807,37,6546,6546,1,13
549755835230,39,6549,6549,1,8
274877917615,38,6547,6547,1,14
549755835231,39,6548,6548,1,8
274877917616,38,6551,6551,1,14
137438958808,37,6552,6552,1,13
68719479404,36,6553,6554,2,12
34359739702,35,6555,6558,4,11
17179869851,34,6535,6549,15,5
274877917617,38,6550,6550,1,14
137438958809,37,6550,6551,2,13
274877917620,38,6554,6554,1,13
68719479405,36,6550,6552,3,12
274877917621,38,6553,6553,1,13
4398046682012,42,6556,6556,1,14
137438958812,37,6557,6557,1,13
68719479406,36,6558,6558,1,12
34359739703,35,6550,6554,5,11
4398046682013,42,6555,6555,1,14
137438958813,37,6555,6556,2,13
68719479407,36,6555,6557,3,12
549755835264,39,6560,6560,1,14
137438958816,37,6561,6561,1,13
68719479408,36,6562,6564,3,12
34359739704,35,6565,6571,7,11
17179869852,34,6572,6592,21,5
8589934926,33,6593,6608,16,4
4294967463,32,6512,6558,47,15
549755835265,39,6559,6559,1,14
137438958817,37,6559,6560,2,13
274877917636,38,6563,6563,1,14
137438958818,37,6564,6564,1,13
68719479409,36,6559,6561,3,12
274877917637,38,6562,6562,1,14
137438958819,37,6562,6563,2,13
137438958820,37,6566,6567,2,13
68719479410,36,6568,6571,4,12
34359739705,35,6559,6564,6,11
549755835286,39,6567,6567,1,14
137438958821,37,6565,6565,1,13
549755835287,39,6566,6566,1,14
1099511670576,40,6569,6569,1,14
137438958822,37,6570,6571,2,13
68719479411,36,6565,6567,3,12
1099511670577,40,6568,6568,1,14
2199023341172,41,6571,6571,1,14
137438958823,37,6568,6569,2,13
2199023341173,41,6570,6570,1,14
274877917648,38,6573,6573,1,13
68719479412,36,6574,6577,4,12
34359739706,35,6578,6592,15,11
17179869853,34,6559,6571,13,5
274877917649,38,6572,6572,1,13
549755835304,39,6575,6575,1,14
274877917652,38,6576,6577,2,13
68719479413,36,6572,6573,2,12
549755835305,39,6574,6574,1,14
549755835306,39,6577,6577,1,14
274877917653,38,6574,6575,2,13
549755835307,39,6576,6576,1,14
1099511670624,40,6579,6579,1,8
274877917656,38,6580,6582,3,14
137438958828,37,6583,6584,2,13
68719479414,36,6585,6592,8,12
34359739707,35,6572,6577,6,11
1099511670625,40,6578,6578,1,8
549755835314,39,6581,6582,2,8
274877917657,38,6578,6579,2,14
1099511670630,40,6582,6582,1,17
549755835315,39,6580,6580,1,8
1099511670631,40,6581,6581,1,17
274877917658,38,6584,6584,1,14
137438958829,37,6578,6582,5,13
274877917659,38,6583,6583,1,14
2199023341282,41,6586,6586,1,17
549755835320,39,6587,6587,1,8
274877917660,38,6588,6590,3,14
137438958830,37,6591,6592,2,13
68719479415,36,6578,6584,7,12
2199023341283,41,6585,6585,1,17
549755835321,39,6585,6586,2,8
2199023341294,41,6589,6590,2,8
274877917661,38,6585,6587,3,14
4398046682590,42,6590,6590,1,17
2199023341295,41,6588,6588,1,8
4398046682591,42,6589,6589,1,17
2199023341306,41,6592,6592,1,14
137438958831,37,6585,6590,6,13
2199023341307,41,6591,6591,1,14
274877917664,38,6594,6594,1,14
137438958832,37,6595,6595,1,13
68719479416,36,6596,6599,4,12
34359739708,35,6600,6604,5,11
17179869854,34,6605,6608,4,5
8589934927,33,6559,6592,34,4
274877917665,38,6593,6593,1,14
137438958833,37,6593,6594,2,13
137438958834,37,6597,6599,3,13
68719479417,36,6593,6595,3,12
549755835340,39,6598,6598,1,8
274877917670,38,6599,6599,1,14
137438958835,37,6596,6596,1,13
549755835341,39,6597,6597,1,8
274877917671,38,6597,6598,2,14
137438958836,37,6601,6601,1,13
68719479418,36,6602,6604,3,12
34359739709,35,6593,6599,7,11
137438958837,37,6600,6600,1,13
137438958838,37,6603,6604,2,13
68719479419,36,6600,6601,2,12
2199023341434,41,6604,6604,1,14
137438958839,37,6602,6602,1,13
2199023341435,41,6603,6603,1,14
4398046682960,42,6606,6606,1,13
1099511670740,40,6607,6607,1,12
34359739710,35,6608,6608,1,11
17179869855,34,6593,6604,12,5
4398046682961,42,6605,6605,1,13
1099511670741,40,6605,6606,2,12
34359739711,35,6605,6607,3,11
274877917698,38,6610,6610,1,13
68719479424,36,6611,6611,1,12
34359739712,35,6612,6614,3,11
17179869856,34,6615,6628,14,5
8589934928,33,6629,6649,21,4
4294967464,32,6650,6683,34,15
2147483732,31,6684,6767,84,16
1073741866,30,6768,6929,162,3
536870933,29,6293,6608,316,6
274877917699,38,6609,6609,1,13
68719479425,36,6609,6610,2,12
549755835408,39,6613,6613,1,13
68719479426,36,6614,6614,1,12
34359739713,35,6609,6611,3,11
549755835409,39,6612,6612,1,13
68719479427,36,6612,6613,2,12
68719479428,36,6616,6617,2,12
34359739714,35,6618,6628,11,11
17179869857,34,6609,6614,6,5
137438958858,37,6617,6617,1,13
68719479429,36,6615,6615,1,12
137438958859,37,6616,6616,1,13
4398046683528,42,6619,6619,1,8
2199023341764,41,6620,6620,1,14
137438958860,37,6621,6623,3,13
68719479430,36,6624,6628,5,12
34359739715,35,6615,6617,3,11
4398046683529,42,6618,6618,1,8
2199023341765,41,6618,6619,2,14
274877917722,38,6622,6623,2,14
137438958861,37,6618,6620,3,13
549755835446,39,6623,6623,1,8
274877917723,38,6621,6621,1,14
549755835447,39,6622,6622,1,8
274877917724,38,6625,6626,2,14
137438958862,37,6627,6628,2,13
68719479431,36,6618,6623,6,12
4398046683600,42,6626,6626,1,8
274877917725,38,6624,6624,1,14
4398046683601,42,6625,6625,1,8
1099511670906,40,6628,6628,1,14
137438958863,37,6624,6626,3,13
1099511670907,40,6627,6627,1,14
68719479432,36,6630,6630,1,12
34359739716,35,6631,6637,7,11
17179869858,34,6638,6649,12,5
8589934929,33,6609,6628,20,4
68719479433,36,6629,6629,1,12
549755835472,39,6632,6632,1,8
274877917736,38,6633,6634,2,14
137438958868,37,6635,6635,1,13
68719479434,36,6636,6637,2,12
34359739717,35,6629,6630,2,11
549755835473,39,6631,6631,1,8
549755835474,39,6634,6634,1,8
274877917737,38,6631,6632,2,14
549755835475,39,6633,6633,1,8
137438958869,37,6631,6634,4,13
137438958870,37,6637,6637,1,13
68719479435,36,6631,6635,5,12
137438958871,37,6636,6636,1,13
137438958872,37,6639,6640,2,13
68719479436,36,6641,6642,2,12
34359739718,35,6643,6649,7,11
17179869859,34,6629,6637,9,5
274877917746,38,6640,6640,1,14
137438958873,37,6638,6638,1,13
274877917747,38,6639,6639,1,14
137438958874,37,6642,6642,1,13
68719479437,36,6638,6640,3,12
137438958875,37,6641,6641,1,13
274877917752,38,6644,6645,2,14
137438958876,37,6646,6647,2,13
68719479438,36,6648,6649,2,12
34359739719,35,6638,6642,5,11
549755835506,39,6645,6645,1,8
274877917753,38,6643,6643,1,14
549755835507,39,6644,6644,1,8
274877917754,38,6647,6647,1,14
137438958877,37,6643,6645,3,13
274877917755,38,6646,6646,1,14
274877917758,38,6649,6649,1,13
68719479439,36,6643,6647,5,12
274877917759,38,6648,6648,1,13
274877917760,38,6651,6651,1,14
137438958880,37,6652,6654,3,13
68719479440,36,6655,6656,2,12
34359739720,35,6657,6659,3,11
17179869860,34,6660,6669,10,5
8589934930,33,6670,6683,14,4
4294967465,32,6609,6649,41,15
274877917761,38,6650,6650,1,14
274877917762,38,6653,6654,2,14
137438958881,37,6650,6651,2,13
1099511671054,40,6654,6654,1,8
274877917763,38,6652,6652,1,14
1099511671055,40,6653,6653,1,8
137438958882,37,6656,6656,1,13
68719479441,36,6650,6654,5,12
137438958883,37,6655,6655,1,13
68719479442,36,6658,6659,2,12
34359739721,35,6650,6656,7,11
1099511671098,40,6659,6659,1,13
68719479443,36,6657,6657,1,12
1099511671099,40,6658,6658,1,13
68719479444,36,6661,6662,2,12
34359739722,35,6663,6669,7,11
17179869861,34,6650,6659,10,5
137438958890,37,6662,6662,1,13
68719479445,36,6660,6660,1,12
137438958891,37,6661,6661,1,13
549755835568,39,6664,6664,1,8
274877917784,38,6665,6665,1,14
137438958892,37,6666,6666,1,13
68719479446,36,6667,6669,3,12
34359739723,35,6660,6662,3,11
549755835569,39,6663,6663,1,8
274877917785,38,6663,6664,2,14
137438958893,37,6663,6665,3,13
137438958894,37,6668,6669,2,13
68719479447,36,6663,6666,4,12
274877917790,38,6669,6669,1,14
137438958895,37,6667,6667,1,13
274877917791,38,6668,6668,1,14
137438958898,37,6671,6672,2,12
34359739724,35,6673,6673,1,11
17179869862,34,6674,6683,10,5
8589934931,33,6650,6669,20,4
274877917798,38,6672,6672,1,13
137438958899,37,6670,6670,1,12
274877917799,38,6671,6671,1,13
34359739725,35,6670,6672,3,11
68719479452,36,6675,6677,3,12
34359739726,35,6678,6683,6,11
17179869863,34,6670,6673,4,5
549755835624,39,6676,6676,1,14
137438958906,37,6677,6677,1,13
68719479453,36,6674,6674,1,12
549755835625,39,6675,6675,1,14
137438958907,37,6675,6676,2,13
137438958908,37,6679,6681,3,13
68719479454,36,6682,6683,2,12
34359739727,35,6674,6677,4,11
274877917818,38,6680,6681,2,14
137438958909,37,6678,6678,1,13
549755835638,39,6681,6681,1,8
274877917819,38,6679,6679,1,14
549755835639,39,6680,6680,1,8
274877917822,38,6683,6683,1,13
68719479455,36,6678,6681,4,12
274877917823,38,6682,6682,1,13
2199023342602,41,6685,6685,1,8
549755835650,39,6686,6686,1,14
137438958912,37,6687,6689,3,13
68719479456,36,6690,6691,2,12
34359739728,35,6692,6698,7,11
17179869864,34,6699,6708,10,5
8589934932,33,6709,6723,15,4
4294967466,32,6724,6767,44,15
2147483733,31,6609,6683,75,16
2199023342603,41,6684,6684,1,8
549755835651,39,6684,6685,2,14
274877917826,38,6688,6689,2,14
137438958913,37,6684,6686,3,13
549755835654,39,6689,6689,1,8
274877917827,38,6687,6687,1,14
549755835655,39,6688,6688,1,8
137438958914,37,6691,6691,1,13
68719479457,36,6684,6689,6,12
137438958915,37,6690,6690,1,13
2199023342656,41,6693,6693,1,8
274877917832,38,6694,6694,1,14
137438958916,37,6695,6695,1,13
68719479458,36,6696,6698,3,12
34359739729,35,6684,6691,8,11
2199023342657,41,6692,6692,1,8
274877917833,38,6692,6693,2,14
137438958917,37,6692,6694,3,13
137438958918,37,6697,6698,2,13
68719479459,36,6692,6695,4,12
549755835678,39,6698,6698,1,14
137438958919,37,6696,6696,1,13
549755835679,39,6697,6697,1,14
274877917840,38,6700,6701,2,13
68719479460,36,6702,6702,1,12
34359739730,35,6703,6708,6,11
17179869865,34,6684,6698,15,5
549755835682,39,6701,6701,1,14
274877917841,38,6699,6699,1,13
549755835683,39,6700,6700,1,14
68719479461,36,6699,6701,3,12
137438958924,37,6704,6705,2,13
68719479462,36,6706,6708,3,12
34359739731,35,6699,6702,4,11
274877917850,38,6705,6705,1,14
137438958925,37,6703,6703,1,13
274877917851,38,6704,6704,1,14
1099511671412,40,6707,6707,1,14
549755835706,39,6708,6708,1,13
68719479463,36,6703,6705,3,12
1099511671413,40,6706,6706,1,14
549755835707,39,6706,6707,2,13
34359739732,35,6710,6715,6,11
17179869866,34,6716,6723,8,5
8589934933,33,6684,6708,25,4
68719479466,36,6711,6715,5,12
34359739733,35,6709,6709,1,11
2199023342958,41,6712,6712,1,14
137438958934,37,6713,6715,3,13
68719479467,36,6710,6710,1,12
2199023342959,41,6711,6711,1,14
2199023342960,41,6714,6714,1,8
274877917870,38,6715,6715,1,14
137438958935,37,6711,6712,2,13
2199023342961,41,6713,6713,1,8
274877917871,38,6713,6714,2,14
549755835744,39,6717,6717,1,13
68719479468,36,6718,6719,2,12
34359739734,35,6720,6723,4,11
17179869867,34,6709,6715,7,5
549755835745,39,6716,6716,1,13
137438958938,37,6719,6719,1,13
68719479469,36,6716,6717,2,12
137438958939,37,6718,6718,1,13
274877917880,38,6721,6721,1,13
137438958940,37,6722,6723,2,12
34359739735,35,6716,6719,4,11
274877917881,38,6720,6720,1,13
274877917882,38,6723,6723,1,13
137438958941,37,6720,6721,2,12
274877917883,38,6722,6722,1,13
4398046686210,42,6725,6725,1,8
274877917888,38,6726,6726,1,14
137438958944,37,6727,6729,3,13
68719479472,36,6730,6732,3,12
34359739736,35,6733,6736,4,11
17179869868,34,6737,6744,8,5
8589934934,33,6745,6767,23,4
4294967467,32,6684,6723,40,15
4398046686211,42,6724,6724,1,8
274877917889,38,6724,6725,2,14
549755835780,39,6728,6729,2,14
137438958945,37,6724,6726,3,13
1099511671562,40,6729,6729,1,8
549755835781,39,6727,6727,1,14
1099511671563,40,6728,6728,1,8
274877917894,38,6731,6732,2,13
68719479473,36,6724,6729,6,12
549755835790,39,6732,6732,1,14
274877917895,38,6730,6730,1,13
549755835791,39,6731,6731,1,14
68719479474,36,6734,6736,3,12
34359739737,35,6724,6732,9,11
274877917900,38,6735,6735,1,14
137438958950,37,6736,6736,1,13
68719479475,36,6733,6733,1,12
274877917901,38,6734,6734,1,14
137438958951,37,6734,6735,2,13
274877917912,38,6738,6738,1,13
137438958956,37,6739,6742,4,12
68719479478,36,6743,6744,2,11
17179869869,34,6724,6736,13,5
274877917913,38,6737,6737,1,13
1099511671656,40,6740,6740,1,8
549755835828,39,6741,6741,1,14
274877917914,38,6742,6742,1,13
137438958957,37,6737,6738,2,12
1099511671657,40,6739,6739,1,8
549755835829,39,6739,6740,2,14
274877917915,38,6739,6741,3,13
274877917916,38,6744,6744,1,12
68719479479,36,6737,6742,6,11
274877917917,38,6743,6743,1,12
137438958960,37,6746,6749,4,13
68719479480,36,6750,6752,3,12
34359739740,35,6753,6755,3,11
17179869870,34,6756,6767,12,5
8589934935,33,6724,6744,21,4
4398046686754,42,6747,6747,1,8
549755835844,39,6748,6749,2,14
137438958961,37,6745,6745,1,13
4398046686755,42,6746,6746,1,8
2199023343382,41,6749,6749,1,8
549755835845,39,6746,6747,2,14
2199023343383,41,6748,6748,1,8
274877917924,38,6751,6751,1,14
137438958962,37,6752,6752,1,13
68719479481,36,6745,6749,5,12
274877917925,38,6750,6750,1,14
137438958963,37,6750,6751,2,13
137438958964,37,6754,6755,2,12
34359739741,35,6745,6752,8,11
274877917930,38,6755,6755,1,13
137438958965,37,6753,6753,1,12
274877917931,38,6754,6754,1,13
274877917936,38,6757,6757,1,14
137438958968,37,6758,6759,2,13
68719479484,36,6760,6761,2,12
34359739742,35,6762,6767,6,11
17179869871,34,6745,6755,11,5
274877917937,38,6756,6756,1,14
274877917938,38,6759,6759,1,14
137438958969,37,6756,6757,2,13
274877917939,38,6758,6758,1,14
274877917942,38,6761,6761,1,13
68719479485,36,6756,6759,4,12
274877917943,38,6760,6760,1,13
549755835890,39,6763,6763,1,14
137438958972,37,6764,6764,1,13
68719479486,36,6765,6767,3,12
34359739743,35,6756,6761,6,11
549755835891,39,6762,6762,1,14
137438958973,37,6762,6763,2,13
274877917948,38,6766,6766,1,14
137438958974,37,6767,6767,1,13
68719479487,36,6762,6764,3,12
274877917949,38,6765,6765,1,14
137438958975,37,6765,6766,2,13
549755835906,39,6769,6769,1,14
137438958976,37,6770,6772,3,13
68719479488,36,6773,6773,1,12
34359739744,35,6774,6781,8,11
17179869872,34,6782,6794,13,5
8589934936,33,6795,6810,16,4
4294967468,32,6811,6845,35,15
2147483734,31,6846,6929,84,16
1073741867,30,6609,6767,159,3
549755835907,39,6768,6768,1,14
2199023343638,41,6771,6771,1,8
274877917954,38,6772,6772,1,14
137438958977,37,6768,6769,2,13
2199023343639,41,6770,6770,1,8
274877917955,38,6770,6771,2,14
68719479489,36,6768,6772,5,12
137438958980,37,6775,6775,1,13
68719479490,36,6776,6781,6,12
34359739745,35,6768,6773,6,11
137438958981,37,6774,6774,1,13
549755835928,39,6777,6777,1,14
137438958982,37,6778,6781,4,13
68719479491,36,6774,6775,2,12
549755835929,39,6776,6776,1,14
274877917966,38,6779,6781,3,14
137438958983,37,6776,6777,2,13
549755835934,39,6780,6781,2,8
274877917967,38,6778,6778,1,14
1099511671870,40,6781,6781,1,17
549755835935,39,6779,6779,1,8
1099511671871,40,6780,6780,1,17
68719479492,36,6783,6787,5,12
34359739746,35,6788,6794,7,11
17179869873,34,6768,6781,14,5
274877917972,38,6784,6784,1,14
137438958986,37,6785,6787,3,13
68719479493,36,6782,6782,1,12
274877917973,38,6783,6783,1,14
274877917974,38,6786,6787,2,14
137438958987,37,6783,6784,2,13
2199023343802,41,6787,6787,1,8
274877917975,38,6785,6785,1,14
2199023343803,41,6786,6786,1,8
549755835952,39,6789,6791,3,14
137438958988,37,6792,6792,1,13
68719479494,36,6793,6794,2,12
34359739747,35,6782,6787,6,11
70368747002032,46,6790,6790,1,17
1099511671906,40,6791,6791,1,8
549755835953,39,6788,6788,1,14
70368747002033,46,6789,6789,1,17
1099511671907,40,6789,6790,2,8
137438958989,37,6788,6791,4,13
274877917982,38,6794,6794,1,13
68719479495,36,6788,6792,5,12
274877917983,38,6793,6793,1,13
137438958992,37,6796,6796,1,13
68719479496,36,6797,6797,1,12
34359739748,35,6798,6802,5,11
17179869874,34,6803,6810,8,5
8589934937,33,6768,6794,27,4
137438958993,37,6795,6795,1,13
68719479497,36,6795,6796,2,12
8796093375790,43,6799,6799,1,13
137438958996,37,6800,6802,3,12
34359739749,35,6795,6797,3,11
8796093375791,43,6798,6798,1,13
274877917994,38,6801,6802,2,13
137438958997,37,6798,6799,2,12
2199023343966,41,6802,6802,1,14
274877917995,38,6800,6800,1,13
2199023343967,41,6801,6801,1,14
68719479500,36,6804,6804,1,12
34359739750,35,6805,6810,6,11
17179869875,34,6795,6802,8,5
68719479501,36,6803,6803,1,12
137438959004,37,6806,6808,3,13
68719479502,36,6809,6810,2,12
34359739751,35,6803,6804,2,11
274877918010,38,6807,6808,2,14
137438959005,37,6805,6805,1,13
549755836022,39,6808,6808,1,8
274877918011,38,6806,6806,1,14
549755836023,39,6807,6807,1,8
137438959006,37,6810,6810,1,13
68719479503,36,6805,6808,4,12
137438959007,37,6809,6809,1,13
68719479504,36,6812,6813,2,12
34359739752,35,6814,6818,5,11
17179869876,34,6819,6827,9,5
8589934938,33,6828,6845,18,4
4294967469,32,6768,6810,43,15
137438959010,37,6813,6813,1,13
68719479505,36,6811,6811,1,12
137438959011,37,6812,6812,1,13
137438959012,37,6815,6815,1,13
68719479506,36,6816,6818,3,12
34359739753,35,6811,6813,3,11
137438959013,37,6814,6814,1,13
1099511672114,40,6817,6817,1,14
137438959014,37,6818,6818,1,13
68719479507,36,6814,6815,2,12
1099511672115,40,6816,6816,1,14
137438959015,37,6816,6817,2,13
274877918032,38,6820,6820,1,13
68719479508,36,6821,6823,3,12
34359739754,35,6824,6827,4,11
17179869877,34,6811,6818,8,5
274877918033,38,6819,6819,1,13
549755836076,39,6822,6822,1,14
274877918038,38,6823,6823,1,13
68719479509,36,6819,6820,2,12
549755836077,39,6821,6821,1,14
274877918039,38,6821,6822,2,13
68719479510,36,6825,6827,3,12
34359739755,35,6819,6823,5,11
2199023344354,41,6826,6826,1,14
137438959022,37,6827,6827,1,13
68719479511,36,6824,6824,1,12
2199023344355,41,6825,6825,1,14
137438959023,37,6825,6826,2,13
4398046688768,42,6829,6829,1,14
137438959024,37,6830,6830,1,13
68719479512,36,6831,6832,2,12
34359739756,35,6833,6837,5,11
17179869878,34,6838,6845,8,5
8589934939,33,6811,6827,17,4
4398046688769,42,6828,6828,1,14
137438959025,37,6828,6829,2,13
137438959026,37,6832,6832,1,13
68719479513,36,6828,6830,3,12
137438959027,37,6831,6831,1,13
137438959028,37,6834,6834,1,13
68719479514,36,6835,6837,3,12
34359739757,35,6828,6832,5,11
137438959029,37,6833,6833,1,13
549755836122,39,6836,6836,1,14
137438959030,37,6837,6837,1,13
68719479515,36,6833,6834,2,12
549755836123,39,6835,6835,1,14
137438959031,37,6835,6836,2,13
68719479516,36,6839,6840,2,12
34359739758,35,6841,6845,5,11
17179869879,34,6828,6837,10,5
137438959034,37,6840,6840,1,13
68719479517,36,6838,6838,1,12
137438959035,37,6839,6839,1,13
274877918072,38,6842,6842,1,14
137438959036,37,6843,6843,1,13
68719479518,36,6844,6845,2,12
34359739759,35,6838,6840,3,11
274877918073,38,6841,6841,1,14
137438959037,37,6841,6842,2,13
137438959038,37,6845,6845,1,13
68719479519,36,6841,6843,3,12
137438959039,37,6844,6844,1,13
68719479520,36,6847,6849,3,12
34359739760,35,6850,6855,6,11
17179869880,34,6856,6870,15,5
8589934940,33,6871,6895,25,4
4294967470,32,6896,6929,34,15
2147483735,31,6768,6845,78,16
137438959042,37,6848,6849,2,13
68719479521,36,6846,6846,1,12
274877918086,38,6849,6849,1,14
137438959043,37,6847,6847,1,13
274877918087,38,6848,6848,1,14
137438959044,37,6851,6853,3,13
68719479522,36,6854,6855,2,12
34359739761,35,6846,6849,4,11
274877918090,38,6852,6853,2,14
137438959045,37,6850,6850,1,13
1099511672366,40,6853,6853,1,8
274877918091,38,6851,6851,1,14
1099511672367,40,6852,6852,1,8
137438959046,37,6855,6855,1,13
68719479523,36,6850,6853,4,12
137438959047,37,6854,6854,1,13
137438959048,37,6857,6858,2,13
68719479524,36,6859,6863,5,12
34359739762,35,6864,6870,7,11
17179869881,34,6846,6855,10,5
549755836196,39,6858,6858,1,14
137438959049,37,6856,6856,1,13
549755836197,39,6857,6857,1,14
274877918100,38,6860,6860,1,14
137438959050,37,6861,6863,3,13
68719479525,36,6856,6858,3,12
274877918101,38,6859,6859,1,14
274877918102,38,6862,6863,2,14
137438959051,37,6859,6860,2,13
549755836206,39,6863,6863,1,8
274877918103,38,6861,6861,1,14
549755836207,39,6862,6862,1,8
4398046689666,42,6865,6865,1,8
549755836208,39,6866,6866,1,14
137438959052,37,6867,6867,1,13
68719479526,36,6868,6870,3,12
34359739763,35,6856,6863,8,11
4398046689667,42,6864,6864,1,8
549755836209,39,6864,6865,2,14
137438959053,37,6864,6866,3,13
137438959054,37,6869,6870,2,13
68719479527,36,6864,6867,4,12
274877918110,38,6870,6870,1,14
137438959055,37,6868,6868,1,13
274877918111,38,6869,6869,1,14
137438959056,37,6872,6873,2,13
68719479528,36,6874,6875,2,12
34359739764,35,6876,6881,6,11
17179869882,34,6882,6895,14,5
8589934941,33,6846,6870,25,4
549755836228,39,6873,6873,1,14
137438959057,37,6871,6871,1,13
549755836229,39,6872,6872,1,14
1099511672468,40,6875,6875,1,13
68719479529,36,6871,6873,3,12
1099511672469,40,6874,6874,1,13
137438959060,37,6877,6878,2,13
68719479530,36,6879,6881,3,12
34359739765,35,6871,6875,5,11
549755836246,39,6878,6878,1,14
137438959061,37,6876,6876,1,13
549755836247,39,6877,6877,1,14
137438959062,37,6880,6881,2,13
68719479531,36,6876,6878,3,12
4398046690032,42,6881,6881,1,14
137438959063,37,6879,6879,1,13
4398046690033,42,6880,6880,1,14
549755836260,39,6883,6884,2,14
274877918130,38,6885,6886,2,13
68719479532,36,6887,6889,3,12
34359739766,35,6890,6895,6,11
17179869883,34,6871,6881,11,5
1099511672522,40,6884,6884,1,8
549755836261,39,6882,6882,1,14
1099511672523,40,6883,6883,1,8
549755836262,39,6886,6886,1,14
274877918131,38,6882,6884,3,13
549755836263,39,6885,6885,1,14
549755836266,39,6888,6888,1,14
137438959066,37,6889,6889,1,13
68719479533,36,6882,6886,5,12
549755836267,39,6887,6887,1,14
137438959067,37,6887,6888,2,13
68719479534,36,6891,6895,5,12
34359739767,35,6882,6889,8,11
274877918140,38,6892,6893,2,14
137438959070,37,6894,6895,2,13
68719479535,36,6890,6890,1,12
2199023345130,41,6893,6893,1,8
274877918141,38,6891,6891,1,14
2199023345131,41,6892,6892,1,8
274877918142,38,6895,6895,1,14
137438959071,37,6891,6893,3,13
274877918143,38,6894,6894,1,14
68719479536,36,6897,6898,2,12
34359739768,35,6899,6900,2,11
17179869884,34,6901,6907,7,5
8589934942,33,6908,6929,22,4
4294967471,32,6846,6895,50,15
274877918150,38,6898,6898,1,13
68719479537,36,6896,6896,1,12
274877918151,38,6897,6897,1,13
137438959078,37,6900,6900,1,12
34359739769,35,6896,6898,3,11
137438959079,37,6899,6899,1,12
68719479540,36,6902,6903,2,12
34359739770,35,6904,6907,4,11
17179869885,34,6896,6900,5,5
274877918166,38,6903,6903,1,13
68719479541,36,6901,6901,1,12
274877918167,38,6902,6902,1,13
68719479542,36,6905,6907,3,12
34359739771,35,6901,6903,3,11
137438959086,37,6906,6907,2,13
68719479543,36,6904,6904,1,12
1099511672702,40,6907,6907,1,14
137438959087,37,6905,6905,1,13
1099511672703,40,6906,6906,1,14
137438959088,37,6909,6910,2,13
68719479544,36,6911,6912,2,12
34359739772,35,6913,6917,5,11
17179869886,34,6918,6929,12,5
8589934943,33,6896,6907,12,4
549755836358,39,6910,6910,1,14
137438959089,37,6908,6908,1,13
549755836359,39,6909,6909,1,14
137438959090,37,6912,6912,1,13
68719479545,36,6908,6910,3,12
137438959091,37,6911,6911,1,13
549755836374,39,6914,6914,1,13
68719479546,36,6915,6917,3,12
34359739773,35,6908,6912,5,11
549755836375,39,6913,6913,1,13
274877918188,38,6916,6916,1,14
137438959094,37,6917,6917,1,13
68719479547,36,6913,6914,2,12
274877918189,38,6915,6915,1,14
137438959095,37,6915,6916,2,13
4398046691122,42,6919,6919,1,14
549755836390,39,6920,6920,1,13
68719479548,36,6921,6923,3,12
34359739774,35,6924,6929,6,11
17179869887,34,6908,6917,10,5
4398046691123,42,6918,6918,1,14
549755836391,39,6918,6919,2,13
1099511672790,40,6922,6922,1,14
137438959098,37,6923,6923,1,13
68719479549,36,6918,6920,3,12
1099511672791,40,6921,6921,1,14
137438959099,37,6921,6922,2,13
137438959100,37,6925,6926,2,13
68719479550,36,6927,6929,3,12
34359739775,35,6918,6923,6,11
274877918202,38,6926,6926,1,14
137438959101,37,6924,6924,1,13
274877918203,38,6925,6925,1,14
549755836408,39,6928,6928,1,14
137438959102,37,6929,6929,1,13
68719479551,36,6924,6926,3,12
549755836409,39,6927,6927,1,14
137438959103,37,6927,6928,2,13
1099511672850,40,6931,6931,1,14
274877918212,38,6932,6932,1,13
137438959106,37,6933,6935,3,12
34359739776,35,6936,6942,7,11
17179869888,34,6943,6952,10,5
8589934944,33,6953,6972,20,4
4294967472,32,6973,7021,49,15
2147483736,31,7022,7093,72,16
1073741868,30,7094,7243,150,3
536870934,29,7244,7569,326,6
268435467,28,6293,6929,637,2
1099511672851,40,6930,6930,1,14
274877918213,38,6930,6931,2,13
549755836428,39,6934,6934,1,14
274877918214,38,6935,6935,1,13
137438959107,37,6930,6932,3,12
549755836429,39,6933,6933,1,14
274877918215,38,6933,6934,2,13
274877918216,38,6937,6937,1,14
137438959108,37,6938,6939,2,13
68719479554,36,6940,6942,3,12
34359739777,35,6930,6935,6,11
274877918217,38,6936,6936,1,14
274877918218,38,6939,6939,1,14
137438959109,37,6936,6937,2,13
274877918219,38,6938,6938,1,14
274877918220,38,6941,6942,2,13
68719479555,36,6936,6939,4,12
549755836442,39,6942,6942,1,14
274877918221,38,6940,6940,1,13
549755836443,39,6941,6941,1,14
137438959112,37,6944,6945,2,13
68719479556,36,6946,6947,2,12
34359739778,35,6948,6952,5,11
17179869889,34,6930,6942,13,5
549755836452,39,6945,6945,1,14
137438959113,37,6943,6943,1,13
549755836453,39,6944,6944,1,14
549755836458,39,6947,6947,1,13
68719479557,36,6943,6945,3,12
549755836459,39,6946,6946,1,13
68719479558,36,6949,6952,4,12
34359739779,35,6943,6947,5,11
137438959118,37,6950,6952,3,13
68719479559,36,6948,6948,1,12
1099511672952,40,6951,6951,1,8
274877918238,38,6952,6952,1,14
137438959119,37,6949,6949,1,13
1099511672953,40,6950,6950,1,8
274877918239,38,6950,6951,2,14
549755836486,39,6954,6954,1,13
68719479560,36,6955,6956,2,12
34359739780,35,6957,6959,3,11
17179869890,34,6960,6972,13,5
8589934945,33,6930,6952,23,4
549755836487,39,6953,6953,1,13
549755836490,39,6956,6956,1,13
68719479561,36,6953,6954,2,12
549755836491,39,6955,6955,1,13
274877918250,38,6958,6958,1,13
68719479562,36,6959,6959,1,12
34359739781,35,6953,6956,4,11
274877918251,38,6957,6957,1,13
68719479563,36,6957,6958,2,12
274877918256,38,6961,6962,2,13
68719479564,36,6963,6966,4,12
34359739782,35,6967,6972,6,11
17179869891,34,6953,6959,7,5
2199023346058,41,6962,6962,1,14
274877918257,38,6960,6960,1,13
2199023346059,41,6961,6961,1,14
137438959130,37,6964,6966,3,13
68719479565,36,6960,6962,3,12
4398046692208,42,6965,6965,1,8
549755836526,39,6966,6966,1,14
137438959131,37,6963,6963,1,13
4398046692209,42,6964,6964,1,8
549755836527,39,6964,6965,2,14
1099511673062,40,6968,6968,1,13
68719479566,36,6969,6972,4,12
34359739783,35,6960,6966,7,11
1099511673063,40,6967,6967,1,13
274877918268,38,6970,6970,1,14
137438959134,37,6971,6972,2,13
68719479567,36,6967,6968,2,12
274877918269,38,6969,6969,1,14
274877918270,38,6972,6972,1,14
137438959135,37,6969,6970,2,13
274877918271,38,6971,6971,1,14
274877918272,38,6974,6974,1,14
137438959136,37,6975,6975,1,13
68719479568,36,6976,6980,5,12
34359739784,35,6981,6989,9,11
17179869892,34,6990,6999,10,5
8589934946,33,7000,7021,22,4
4294967473,32,6930,6972,43,15
274877918273,38,6973,6973,1,14
137438959137,37,6973,6974,2,13
549755836552,39,6977,6977,1,14
137438959138,37,6978,6980,3,13
68719479569,36,6973,6975,3,12
549755836553,39,6976,6976,1,14
274877918278,38,6979,6980,2,14
137438959139,37,6976,6977,2,13
549755836558,39,6980,6980,1,8
274877918279,38,6978,6978,1,14
549755836559,39,6979,6979,1,8
137438959140,37,6982,6983,2,13
68719479570,36,6984,6989,6,12
34359739785,35,6973,6980,8,11
549755836566,39,6983,6983,1,14
137438959141,37,6981,6981,1,13
549755836567,39,6982,6982,1,14
4398046692554,42,6985,6985,1,8
1099511673138,40,6986,6986,1,14
137438959142,37,6987,6989,3,13
68719479571,36,6981,6983,3,12
4398046692555,42,6984,6984,1,8
1099511673139,40,6984,6985,2,14
1099511673146,40,6988,6988,1,8
274877918286,38,6989,6989,1,14
137438959143,37,6984,6986,3,13
1099511673147,40,6987,6987,1,8
274877918287,38,6987,6988,2,14
274877918288,38,6991,6991,1,14
137438959144,37,6992,6992,1,13
68719479572,36,6993,6994,2,12
34359739786,35,6995,6999,5,11
17179869893,34,6973,6989,17,5
274877918289,38,6990,6990,1,14
137438959145,37,6990,6991,2,13
137438959146,37,6994,6994,1,13
68719479573,36,6990,6992,3,12
137438959147,37,6993,6993,1,13
549755836594,39,6996,6996,1,14
137438959148,37,6997,6998,2,13
68719479574,36,6999,6999,1,12
34359739787,35,6990,6994,5,11
549755836595,39,6995,6995,1,14
274877918298,38,6998,6998,1,14
137438959149,37,6995,6996,2,13
274877918299,38,6997,6997,1,14
68719479575,36,6995,6998,4,12
274877918304,38,7001,7001,1,14
137438959152,37,7002,7003,2,13
68719479576,36,7004,7006,3,12
34359739788,35,7007,7013,7,11
17179869894,34,7014,7021,8,5
8589934947,33,6973,6999,27,4
274877918305,38,7000,7000,1,14
274877918306,38,7003,7003,1,14
137438959153,37,7000,7001,2,13
274877918307,38,7002,7002,1,14
281474988348926,48,7005,7005,1,14
137438959154,37,7006,7006,1,13
68719479577,36,7000,7003,4,12
281474988348927,48,7004,7004,1,14
137438959155,37,7004,7005,2,13
137438959156,37,7008,7011,4,13
68719479578,36,7012,7013,2,12
34359739789,35,7000,7006,7,11
549755836628,39,7009,7009,1,8
274877918314,38,7010,7011,2,14
137438959157,37,7007,7007,1,13
549755836629,39,7008,7008,1,8
2199023346526,41,7011,7011,1,8
274877918315,38,7008,7009,2,14
2199023346527,41,7010,7010,1,8
274877918316,38,7013,7013,1,13
68719479579,36,7007,7011,5,12
274877918317,38,7012,7012,1,13
274877918320,38,7015,7015,1,13
68719479580,36,7016,7017,2,12
34359739790,35,7018,7021,4,11
17179869895,34,7000,7013,14,5
274877918321,38,7014,7014,1,13
137438959162,37,7017,7017,1,13
68719479581,36,7014,7015,2,12
137438959163,37,7016,7016,1,13
1099511673322,40,7019,7019,1,14
274877918330,38,7020,7020,1,13
68719479582,36,7021,7021,1,12
34359739791,35,7014,7017,4,11
1099511673323,40,7018,7018,1,14
274877918331,38,7018,7019,2,13
68719479583,36,7018,7020,3,12
549755836682,39,7023,7024,2,13
137438959170,37,7025,7025,1,12
34359739792,35,7026,7029,4,11
17179869896,34,7030,7036,7,5
8589934948,33,7037,7059,23,4
4294967474,32,7060,7093,34,15
2147483737,31,6930,7021,92,16
281474988382012,48,7024,7024,1,14
549755836683,39,7022,7022,1,13
281474988382013,48,7023,7023,1,14
137438959171,37,7022,7024,3,12
68719479586,36,7027,7029,3,12
34359739793,35,7022,7025,4,11
2199023346800,41,7028,7028,1,14
1099511673400,40,7029,7029,1,13
68719479587,36,7026,7026,1,12
2199023346801,41,7027,7027,1,14
1099511673401,40,7027,7028,2,13
68719479588,36,7031,7032,2,12
34359739794,35,7033,7036,4,11
17179869897,34,7022,7029,8,5
35184373549616,45,7032,7032,1,13
68719479589,36,7030,7030,1,12
35184373549617,45,7031,7031,1,13
137438959180,37,7034,7034,1,13
68719479590,36,7035,7036,2,12
34359739795,35,7030,7032,3,11
137438959181,37,7033,7033,1,13
137438959182,37,7036,7036,1,13
68719479591,36,7033,7034,2,12
137438959183,37,7035,7035,1,13
137438959184,37,7038,7039,2,13
68719479592,36,7040,7041,2,12
34359739796,35,7042,7050,9,11
17179869898,34,7051,7059,9,5
8589934949,33,7022,7036,15,4
274877918370,38,7039,7039,1,14
137438959185,37,7037,7037,1,13
274877918371,38,7038,7038,1,14
549755836744,39,7041,7041,1,13
68719479593,36,7037,7039,3,12
549755836745,39,7040,7040,1,13
549755836752,39,7043,7043,1,8
274877918376,38,7044,7044,1,14
137438959188,37,7045,7046,2,13
68719479594,36,7047,7050,4,12
34359739797,35,7037,7041,5,11
549755836753,39,7042,7042,1,8
274877918377,38,7042,7043,2,14
274877918378,38,7046,7046,1,14
137438959189,37,7042,7044,3,13
274877918379,38,7045,7045,1,14
1099511673520,40,7048,7048,1,8
274877918380,38,7049,7049,1,14
137438959190,37,7050,7050,1,13
68719479595,36,7042,7046,5,12
1099511673521,40,7047,7047,1,8
274877918381,38,7047,7048,2,14
137438959191,37,7047,7049,3,13
549755836768,39,7052,7052,1,13
137438959192,37,7053,7054,2,12
34359739798,35,7055,7059,5,11
17179869899,34,7037,7050,14,5
549755836769,39,7051,7051,1,13
274877918386,38,7054,7054,1,13
137438959193,37,7051,7052,2,12
274877918387,38,7053,7053,1,13
68719479598,36,7056,7059,4,12
34359739799,35,7051,7054,4,11
274877918396,38,7057,7057,1,14
137438959198,37,7058,7059,2,13
68719479599,36,7055,7055,1,12
274877918397,38,7056,7056,1,14
274877918398,38,7059,7059,1,14
137438959199,37,7056,7057,2,13
274877918399,38,7058,7058,1,14
137438959200,37,7061,7061,1,13
68719479600,36,7062,7064,3,12
34359739800,35,7065,7070,6,11
17179869900,34,7071,7078,8,5
8589934950,33,7079,7093,15,4
4294967475,32,7022,7059,38,15
137438959201,37,7060,7060,1,13
1099511673616,40,7063,7063,1,14
137438959202,37,7064,7064,1,13
68719479601,36,7060,7061,2,12
1099511673617,40,7062,7062,1,14
137438959203,37,7062,7063,2,13
274877918408,38,7066,7066,1,14
137438959204,37,7067,7068,2,13
68719479602,36,7069,7070,2,12
34359739801,35,7060,7064,5,11
274877918409,38,7065,7065,1,14
4398046694564,42,7068,7068,1,14
137438959205,37,7065,7066,2,13
4398046694565,42,7067,7067,1,14
274877918412,38,7070,7070,1,13
68719479603,36,7065,7068,4,12
274877918413,38,7069,7069,1,13
274877918416,38,7072,7073,2,13
137438959208,37,7074,7075,2,12
34359739802,35,7076,7078,3,11
17179869901,34,7060,7070,11,5
1099511673670,40,7073,7073,1,14
274877918417,38,7071,7071,1,13
1099511673671,40,7072,7072,1,14
274877918418,38,7075,7075,1,13
137438959209,37,7071,7073,3,12
274877918419,38,7074,7074,1,13
137438959212,37,7077,7077,1,13
68719479606,36,7078,7078,1,12
34359739803,35,7071,7075,5,11
137438959213,37,7076,7076,1,13
68719479607,36,7076,7077,2,12
1099511673728,40,7080,7080,1,14
137438959216,37,7081,7082,2,13
68719479608,36,7083,7084,2,12
34359739804,35,7085,7088,4,11
17179869902,34,7089,7093,5,5
8589934951,33,7060,7078,19,4
1099511673729,40,7079,7079,1,14
549755836870,39,7082,7082,1,14
137438959217,37,7079,7080,2,13
549755836871,39,7081,7081,1,14
137438959218,37,7084,7084,1,13
68719479609,36,7079,7082,4,12
137438959219,37,7083,7083,1,13
274877918442,38,7086,7086,1,13
68719479610,36,7087,7088,2,12
34359739805,35,7079,7084,6,11
274877918443,38,7085,7085,1,13
549755836888,39,7088,7088,1,13
68719479611,36,7085,7086,2,12
549755836889,39,7087,7087,1,13
137438959226,37,7090,7090,1,12
34359739806,35,7091,7093,3,11
17179869903,34,7079,7088,10,5
137438959227,37,7089,7089,1,12
137438959228,37,7092,7092,1,13
68719479614,36,7093,7093,1,12
34359739807,35,7089,7090,2,11
137438959229,37,7091,7091,1,13
68719479615,36,7091,7092,2,12
137438959234,37,7095,7095,1,12
34359739808,35,7096,7097,2,11
17179869904,34,7098,7100,3,5
8589934952,33,7101,7124,24,4
4294967476,32,7125,7152,28,15
2147483738,31,7153,7243,91,16
1073741869,30,6930,7093,164,3
137438959235,37,7094,7094,1,12
68719479618,36,7097,7097,1,12
34359739809,35,7094,7095,2,11
68719479619,36,7096,7096,1,12
68719479620,36,7099,7099,1,12
34359739810,35,7100,7100,1,11
17179869905,34,7094,7097,4,5
68719479621,36,7098,7098,1,12
34359739811,35,7098,7099,2,11
137438959248,37,7102,7105,4,13
68719479624,36,7106,7106,1,12
34359739812,35,7107,7117,11,11
17179869906,34,7118,7124,7,5
8589934953,33,7094,7100,7,4
549755836996,39,7103,7103,1,8
274877918498,38,7104,7105,2,14
137438959249,37,7101,7101,1,13
549755836997,39,7102,7102,1,8
2199023347996,41,7105,7105,1,8
274877918499,38,7102,7103,2,14
2199023347997,41,7104,7104,1,8
68719479625,36,7101,7105,5,12
549755837008,39,7108,7108,1,14
274877918504,38,7109,7110,2,13
68719479626,36,7111,7117,7,12
34359739813,35,7101,7106,6,11
549755837009,39,7107,7107,1,14
1099511674020,40,7110,7110,1,14
274877918505,38,7107,7108,2,13
1099511674021,40,7109,7109,1,14
137438959254,37,7112,7117,6,13
68719479627,36,7107,7110,4,12
549755837020,39,7113,7114,2,8
274877918510,38,7115,7117,3,14
137438959255,37,7111,7111,1,13
1099511674042,40,7114,7114,1,17
549755837021,39,7112,7112,1,8
1099511674043,40,7113,7113,1,17
549755837022,39,7116,7117,2,8
274877918511,38,7112,7114,3,14
1099511674046,40,7117,7117,1,17
549755837023,39,7115,7115,1,8
1099511674047,40,7116,7116,1,17
137438959256,37,7119,7119,1,13
68719479628,36,7120,7123,4,12
34359739814,35,7124,7124,1,11
17179869907,34,7101,7117,17,5
137438959257,37,7118,7118,1,13
549755837032,39,7121,7121,1,8
274877918516,38,7122,7122,1,14
137438959258,37,7123,7123,1,13
68719479629,36,7118,7119,2,12
549755837033,39,7120,7120,1,8
274877918517,38,7120,7121,2,14
137438959259,37,7120,7122,3,13
34359739815,35,7118,7123,6,11
34359739816,35,7126,7128,3,11
17179869908,34,7129,7138,10,5
8589934954,33,7139,7152,14,4
4294967477,32,7094,7124,31,15
137438959268,37,7127,7127,1,13
68719479634,36,7128,7128,1,12
34359739817,35,7125,7125,1,11
137438959269,37,7126,7126,1,13
68719479635,36,7126,7127,2,12
137438959272,37,7130,7131,2,13
68719479636,36,7132,7132,1,12
34359739818,35,7133,7138,6,11
17179869909,34,7125,7128,4,5
274877918546,38,7131,7131,1,14
137438959273,37,7129,7129,1,13
274877918547,38,7130,7130,1,14
68719479637,36,7129,7131,3,12
274877918552,38,7134,7134,1,14
137438959276,37,7135,7135,1,13
68719479638,36,7136,7138,3,12
34359739819,35,7129,7132,4,11
274877918553,38,7133,7133,1,14
137438959277,37,7133,7134,2,13
137438959278,37,7137,7138,2,13
68719479639,36,7133,7135,3,12
274877918558,38,7138,7138,1,14
137438959279,37,7136,7136,1,13
274877918559,38,7137,7137,1,14
137438959280,37,7140,7140,1,13
68719479640,36,7141,7142,2,12
34359739820,35,7143,7149,7,11
17179869910,34,7150,7152,3,5
8589934955,33,7125,7138,14,4
137438959281,37,7139,7139,1,13
137438959282,37,7142,7142,1,13
68719479641,36,7139,7140,2,12
137438959283,37,7141,7141,1,13
137438959284,37,7144,7145,2,13
68719479642,36,7146,7149,4,12
34359739821,35,7139,7142,4,11
274877918570,38,7145,7145,1,14
137438959285,37,7143,7143,1,13
274877918571,38,7144,7144,1,14
274877918572,38,7147,7148,2,14
137438959286,37,7149,7149,1,13
68719479643,36,7143,7145,3,12
4398046697180,42,7148,7148,1,8
274877918573,38,7146,7146,1,14
4398046697181,42,7147,7147,1,8
137438959287,37,7146,7148,3,13
68719479644,36,7151,7152,2,11
17179869911,34,7139,7149,11,5
549755837162,39,7152,7152,1,12
68719479645,36,7150,7150,1,11
549755837163,39,7151,7151,1,12
137438959296,37,7154,7154,1,13
68719479648,36,7155,7155,1,12
34359739824,35,7156,7161,6,11
17179869912,34,7162,7178,17,5
8589934956,33,7179,7191,13,4
4294967478,32,7192,7243,52,15
2147483739,31,7094,7152,59,16
137438959297,37,7153,7153,1,13
68719479649,36,7153,7154,2,12
137438959300,37,7157,7157,1,13
68719479650,36,7158,7161,4,12
34359739825,35,7153,7155,3,11
137438959301,37,7156,7156,1,13
549755837208,39,7159,7159,1,14
137438959302,37,7160,7161,2,13
68719479651,36,7156,7157,2,12
549755837209,39,7158,7158,1,14
274877918606,38,7161,7161,1,14
137438959303,37,7158,7159,2,13
274877918607,38,7160,7160,1,14
137438959304,37,7163,7165,3,13
68719479652,36,7166,7169,4,12
34359739826,35,7170,7178,9,11
17179869913,34,7153,7161,9,5
2199023348880,41,7164,7164,1,8
1099511674440,40,7165,7165,1,14
137438959305,37,7162,7162,1,13
2199023348881,41,7163,7163,1,8
1099511674441,40,7163,7164,2,14
8796093395630,43,7167,7167,1,14
137438959306,37,7168,7169,2,13
68719479653,36,7162,7165,4,12
8796093395631,43,7166,7166,1,14
274877918614,38,7169,7169,1,14
137438959307,37,7166,7167,2,13
274877918615,38,7168,7168,1,14
549755837232,39,7171,7172,2,14
274877918616,38,7173,7173,1,13
137438959308,37,7174,7178,5,12
34359739827,35,7162,7169,8,11
1099511674466,40,7172,7172,1,8
549755837233,39,7170,7170,1,14
1099511674467,40,7171,7171,1,8
274877918617,38,7170,7172,3,13
274877918618,38,7175,7178,4,13
137438959309,37,7170,7173,4,12
1099511674476,40,7176,7176,1,8
549755837238,39,7177,7178,2,14
274877918619,38,7174,7174,1,13
1099511674477,40,7175,7175,1,8
1099511674478,40,7178,7178,1,8
549755837239,39,7175,7176,2,14
1099511674479,40,7177,7177,1,8
137438959312,37,7180,7180,1,12
34359739828,35,7181,7184,4,11
17179869914,34,7185,7191,7,5
8589934957,33,7153,7178,26,4
137438959313,37,7179,7179,1,12
137438959316,37,7182,7183,2,13
68719479658,36,7184,7184,1,12
34359739829,35,7179,7180,2,11
274877918634,38,7183,7183,1,14
137438959317,37,7181,7181,1,13
274877918635,38,7182,7182,1,14
68719479659,36,7181,7183,3,12
2199023349130,41,7186,7186,1,14
137438959320,37,7187,7187,1,13
68719479660,36,7188,7188,1,12
34359739830,35,7189,7191,3,11
17179869915,34,7179,7184,6,5
2199023349131,41,7185,7185,1,14
137438959321,37,7185,7186,2,13
68719479661,36,7185,7187,3,12
137438959324,37,7190,7191,2,12
34359739831,35,7185,7188,4,11
1099511674606,40,7191,7191,1,13
137438959325,37,7189,7189,1,12
1099511674607,40,7190,7190,1,13
274877918656,38,7193,7193,1,14
137438959328,37,7194,7197,4,13
68719479664,36,7198,7201,4,12
34359739832,35,7202,7203,2,11
17179869916,34,7204,7218,15,5
8589934958,33,7219,7243,25,4
4294967479,32,7153,7191,39,15
274877918657,38,7192,7192,1,14
17592186794138,44,7195,7195,1,8
274877918658,38,7196,7197,2,14
137438959329,37,7192,7193,2,13
17592186794139,44,7194,7194,1,8
549755837318,39,7197,7197,1,8
274877918659,38,7194,7195,2,14
549755837319,39,7196,7196,1,8
137438959330,37,7199,7201,3,13
68719479665,36,7192,7197,6,12
274877918662,38,7200,7201,2,14
137438959331,37,7198,7198,1,13
1099511674654,40,7201,7201,1,8
274877918663,38,7199,7199,1,14
1099511674655,40,7200,7200,1,8
68719479666,36,7203,7203,1,12
34359739833,35,7192,7201,10,11
68719479667,36,7202,7202,1,12
137438959336,37,7205,7208,4,13
68719479668,36,7209,7211,3,12
34359739834,35,7212,7218,7,11
17179869917,34,7192,7203,12,5
274877918674,38,7206,7208,3,14
137438959337,37,7204,7204,1,13
2199023349400,41,7207,7207,1,17
549755837350,39,7208,7208,1,8
274877918675,38,7205,7205,1,14
2199023349401,41,7206,7206,1,17
549755837351,39,7206,7207,2,8
137438959338,37,7210,7211,2,13
68719479669,36,7204,7208,5,12
274877918678,38,7211,7211,1,14
137438959339,37,7209,7209,1,13
274877918679,38,7210,7210,1,14
137438959340,37,7213,7213,1,13
68719479670,36,7214,7218,5,12
34359739835,35,7204,7211,8,11
137438959341,37,7212,7212,1,13
1099511674740,40,7215,7215,1,14
137438959342,37,7216,7218,3,13
68719479671,36,7212,7213,2,12
1099511674741,40,7214,7214,1,14
549755837372,39,7217,7217,1,8
274877918686,38,7218,7218,1,14
137438959343,37,7214,7215,2,13
549755837373,39,7216,7216,1,8
274877918687,38,7216,7217,2,14
68719479672,36,7220,7220,1,12
34359739836,35,7221,7231,11,11
17179869918,34,7232,7243,12,5
8589934959,33,7192,7218,27,4
68719479673,36,7219,7219,1,12
549755837392,39,7222,7222,1,8
274877918696,38,7223,7223,1,14
137438959348,37,7224,7224,1,13
68719479674,36,7225,7231,7,12
34359739837,35,7219,7220,2,11
549755837393,39,7221,7221,1,8
274877918697,38,7221,7222,2,14
137438959349,37,7221,7223,3,13
2199023349602,41,7226,7226,1,14
137438959350,37,7227,7231,5,13
68719479675,36,7221,7224,4,12
2199023349603,41,7225,7225,1,14
1099511674808,40,7228,7228,1,17
549755837404,39,7229,7229,1,8
274877918702,38,7230,7231,2,14
137438959351,37,7225,7226,2,13
1099511674809,40,7227,7227,1,17
549755837405,39,7227,7228,2,8
549755837406,39,7231,7231,1,8
274877918703,38,7227,7229,3,14
549755837407,39,7230,7230,1,8
549755837410,39,7233,7233,1,14
137438959352,37,7234,7236,3,13
68719479676,36,7237,7239,3,12
34359739838,35,7240,7243,4,11
17179869919,34,7219,7231,13,5
549755837411,39,7232,7232,1,14
274877918706,38,7235,7236,2,14
137438959353,37,7232,7233,2,13
549755837414,39,7236,7236,1,8
274877918707,38,7234,7234,1,14
549755837415,39,7235,7235,1,8
137438959354,37,7238,7239,2,13
68719479677,36,7232,7236,5,12
274877918710,38,7239,7239,1,14
137438959355,37,7237,7237,1,13
274877918711,38,7238,7238,1,14
68719479678,36,7241,7243,3,12
34359739839,35,7232,7239,8,11
137438959358,37,7242,7243,2,13
68719479679,36,7240,7240,1,12
274877918718,38,7243,7243,1,14
137438959359,37,7241,7241,1,13
274877918719,38,7242,7242,1,14
137438959360,37,7245,7245,1,13
68719479680,36,7246,7251,6,12
34359739840,35,7252,7256,5,11
17179869920,34,7257,7271,15,5
8589934960,33,7272,7288,17,4
4294967480,32,7289,7326,38,15
2147483740,31,7327,7408,82,16
1073741870,30,7409,7569,161,3
536870935,29,6930,7243,314,6
137438959361,37,7244,7244,1,13
70368747193370,46,7247,7247,1,17
2199023349792,41,7248,7248,1,8
549755837448,39,7249,7249,1,14
137438959362,37,7250,7251,2,13
68719479681,36,7244,7245,2,12
70368747193371,46,7246,7246,1,17
2199023349793,41,7246,7247,2,8
549755837449,39,7246,7248,3,14
1099511674908,40,7251,7251,1,14
137438959363,37,7246,7249,4,13
1099511674909,40,7250,7250,1,14
68719479682,36,7253,7256,4,12
34359739841,35,7244,7251,8,11
274877918732,38,7254,7254,1,14
137438959366,37,7255,7256,2,13
68719479683,36,7252,7252,1,12
274877918733,38,7253,7253,1,14
274877918734,38,7256,7256,1,14
137438959367,37,7253,7254,2,13
274877918735,38,7255,7255,1,14
4398046699776,42,7258,7258,1,14
274877918736,38,7259,7259,1,13
68719479684,36,7260,7263,4,12
34359739842,35,7264,7271,8,11
17179869921,34,7244,7256,13,5
4398046699777,42,7257,7257,1,14
274877918737,38,7257,7258,2,13
274877918740,38,7261,7261,1,14
137438959370,37,7262,7263,2,13
68719479685,36,7257,7259,3,12
274877918741,38,7260,7260,1,14
2199023349948,41,7263,7263,1,14
137438959371,37,7260,7261,2,13
2199023349949,41,7262,7262,1,14
274877918744,38,7265,7266,2,14
137438959372,37,7267,7267,1,13
68719479686,36,7268,7271,4,12
34359739843,35,7257,7263,7,11
549755837490,39,7266,7266,1,8
274877918745,38,7264,7264,1,14
549755837491,39,7265,7265,1,8
137438959373,37,7264,7266,3,13
137438959374,37,7269,7271,3,13
68719479687,36,7264,7267,4,12
274877918750,38,7270,7271,2,14
137438959375,37,7268,7268,1,13
1099511675006,40,7271,7271,1,8
274877918751,38,7269,7269,1,14
1099511675007,40,7270,7270,1,8
274877918752,38,7273,7274,2,13
68719479688,36,7275,7275,1,12
34359739844,35,7276,7279,4,11
17179869922,34,7280,7288,9,5
8589934961,33,7244,7271,28,4
549755837506,39,7274,7274,1,14
274877918753,38,7272,7272,1,13
549755837507,39,7273,7273,1,14
68719479689,36,7272,7274,3,12
68719479690,36,7277,7279,3,12
34359739845,35,7272,7275,4,11
137438959382,37,7278,7279,2,13
68719479691,36,7276,7276,1,12
274877918766,38,7279,7279,1,14
137438959383,37,7277,7277,1,13
274877918767,38,7278,7278,1,14
274877918768,38,7281,7281,1,14
137438959384,37,7282,7283,2,13
68719479692,36,7284,7284,1,12
34359739846,35,7285,7288,4,11
17179869923,34,7272,7279,8,5
274877918769,38,7280,7280,1,14
549755837540,39,7283,7283,1,14
137438959385,37,7280,7281,2,13
549755837541,39,7282,7282,1,14
68719479693,36,7280,7283,4,12
68719479694,36,7286,7288,3,12
34359739847,35,7280,7284,5,11
274877918780,38,7287,7287,1,14
137438959390,37,7288,7288,1,13
68719479695,36,7285,7285,1,12
274877918781,38,7286,7286,1,14
137438959391,37,7286,7287,2,13
1099511675140,40,7290,7290,1,8
549755837570,39,7291,7291,1,14
137438959392,37,7292,7292,1,13
68719479696,36,7293,7296,4,12
34359739848,35,7297,7299,3,11
17179869924,34,7300,7309,10,5
8589934962,33,7310,7326,17,4
4294967481,32,7244,7288,45,15
1099511675141,40,7289,7289,1,8
549755837571,39,7289,7290,2,14
137438959393,37,7289,7291,3,13
137438959394,37,7294,7296,3,13
68719479697,36,7289,7292,4,12
274877918790,38,7295,7296,2,14
137438959395,37,7293,7293,1,13
4398046700668,42,7296,7296,1,8
274877918791,38,7294,7294,1,14
4398046700669,42,7295,7295,1,8
68719479698,36,7298,7299,2,12
34359739849,35,7289,7296,8,11
137438959398,37,7299,7299,1,13
68719479699,36,7297,7297,1,12
137438959399,37,7298,7298,1,13
137438959400,37,7301,7303,3,13
68719479700,36,7304,7307,4,12
34359739850,35,7308,7309,2,11
17179869925,34,7289,7299,11,5
549755837604,39,7302,7302,1,8
274877918802,38,7303,7303,1,14
137438959401,37,7300,7300,1,13
549755837605,39,7301,7301,1,8
274877918803,38,7301,7302,2,14
274877918804,38,7305,7305,1,14
137438959402,37,7306,7307,2,13
68719479701,36,7300,7303,4,12
274877918805,38,7304,7304,1,14
274877918806,38,7307,7307,1,14
137438959403,37,7304,7305,2,13
274877918807,38,7306,7306,1,14
8796093402104,43,7309,7309,1,12
34359739851,35,7300,7307,8,11
8796093402105,43,7308,7308,1,12
68719479704,36,7311,7312,2,12
34359739852,35,7313,7316,4,11
17179869926,34,7317,7326,10,5
8589934963,33,7289,7309,21,4
137438959410,37,7312,7312,1,13
68719479705,36,7310,7310,1,12
137438959411,37,7311,7311,1,13
68719479706,36,7314,7316,3,12
34359739853,35,7310,7312,3,11
274877918830,38,7315,7316,2,13
68719479707,36,7313,7313,1,12
1099511675324,40,7316,7316,1,14
274877918831,38,7314,7314,1,13
1099511675325,40,7315,7315,1,14
274877918834,38,7318,7318,1,13
68719479708,36,7319,7322,4,12
34359739854,35,7323,7326,4,11
17179869927,34,7310,7316,7,5
274877918835,38,7317,7317,1,13
274877918836,38,7320,7320,1,14
137438959418,37,7321,7322,2,13
68719479709,36,7317,7318,2,12
274877918837,38,7319,7319,1,14
274877918838,38,7322,7322,1,14
137438959419,37,7319,7320,2,13
274877918839,38,7321,7321,1,14
137438959420,37,7324,7324,1,13
68719479710,36,7325,7326,2,12
34359739855,35,7317,7322,6,11
137438959421,37,7323,7323,1,13
274877918846,38,7326,7326,1,13
68719479711,36,7323,7324,2,12
274877918847,38,7325,7325,1,13
137438959424,37,7328,7328,1,13
68719479712,36,7329,7330,2,12
34359739856,35,7331,7336,6,11
17179869928,34,7337,7351,15,5
8589934964,33,7352,7373,22,4
4294967482,32,7374,7408,35,15
2147483741,31,7244,7326,83,16
137438959425,37,7327,7327,1,13
549755837710,39,7330,7330,1,13
68719479713,36,7327,7328,2,12
549755837711,39,7329,7329,1,13
274877918856,38,7332,7332,1,14
137438959428,37,7333,7333,1,13
68719479714,36,7334,7336,3,12
34359739857,35,7327,7330,4,11
274877918857,38,7331,7331,1,14
137438959429,37,7331,7332,2,13
274877918860,38,7335,7336,2,13
68719479715,36,7331,7333,3,12
4503599822629082,52,7336,7336,1,14
274877918861,38,7334,7334,1,13
4503599822629083,52,7335,7335,1,14
68719479716,36,7338,7340,3,12
34359739858,35,7341,7351,11,11
17179869929,34,7327,7336,10,5
1099511675476,40,7339,7339,1,14
137438959434,37,7340,7340,1,13
68719479717,36,7337,7337,1,12
1099511675477,40,7338,7338,1,14
137438959435,37,7338,7339,2,13
549755837744,39,7342,7342,1,8
274877918872,38,7343,7344,2,14
137438959436,37,7345,7345,1,13
68719479718,36,7346,7351,6,12
34359739859,35,7337,7340,4,11
549755837745,39,7341,7341,1,8
549755837746,39,7344,7344,1,8
274877918873,38,7341,7342,2,14
549755837747,39,7343,7343,1,8
137438959437,37,7341,7344,4,13
549755837752,39,7347,7347,1,14
137438959438,37,7348,7351,4,13
68719479719,36,7341,7345,5,12
549755837753,39,7346,7346,1,14
549755837756,39,7349,7349,1,8
274877918878,38,7350,7351,2,14
137438959439,37,7346,7347,2,13
549755837757,39,7348,7348,1,8
35184373616612,45,7351,7351,1,8
274877918879,38,7348,7349,2,14
35184373616613,45,7350,7350,1,8
274877918880,38,7353,7353,1,14
137438959440,37,7354,7354,1,13
68719479720,36,7355,7359,5,12
34359739860,35,7360,7363,4,11
17179869930,34,7364,7373,10,5
8589934965,33,7327,7351,25,4
274877918881,38,7352,7352,1,14
137438959441,37,7352,7353,2,13
549755837768,39,7356,7357,2,8
274877918884,38,7358,7358,1,14
137438959442,37,7359,7359,1,13
68719479721,36,7352,7354,3,12
1099511675538,40,7357,7357,1,17
549755837769,39,7355,7355,1,8
1099511675539,40,7356,7356,1,17
274877918885,38,7355,7357,3,14
137438959443,37,7355,7358,4,13
137438959444,37,7361,7363,3,12
34359739861,35,7352,7359,8,11
274877918890,38,7362,7363,2,13
137438959445,37,7360,7360,1,12
549755837782,39,7363,7363,1,14
274877918891,38,7361,7361,1,13
549755837783,39,7362,7362,1,14
274877918896,38,7365,7365,1,14
137438959448,37,7366,7367,2,13
68719479724,36,7368,7368,1,12
34359739862,35,7369,7373,5,11
17179869931,34,7352,7363,12,5
274877918897,38,7364,7364,1,14
274877918898,38,7367,7367,1,14
137438959449,37,7364,7365,2,13
274877918899,38,7366,7366,1,14
68719479725,36,7364,7367,4,12
549755837810,39,7370,7370,1,13
68719479726,36,7371,7373,3,12
34359739863,35,7364,7368,5,11
549755837811,39,7369,7369,1,13
1099511675634,40,7372,7372,1,14
137438959454,37,7373,7373,1,13
68719479727,36,7369,7370,2,12
1099511675635,40,7371,7371,1,14
137438959455,37,7371,7372,2,13
549755837826,39,7375,7375,1,14
137438959456,37,7376,7376,1,13
68719479728,36,7377,7379,3,12
34359739864,35,7380,7388,9,11
17179869932,34,7389,7393,5,5
8589934966,33,7394,7408,15,4
4294967483,32,7327,7373,47,15
549755837827,39,7374,7374,1,14
137438959457,37,7374,7375,2,13
549755837832,39,7378,7378,1,14
274877918916,38,7379,7379,1,13
68719479729,36,7374,7376,3,12
549755837833,39,7377,7377,1,14
274877918917,38,7377,7378,2,13
274877918920,38,7381,7382,2,14
137438959460,37,7383,7385,3,13
68719479730,36,7386,7388,3,12
34359739865,35,7374,7379,6,11
2199023351370,41,7382,7382,1,8
274877918921,38,7380,7380,1,14
2199023351371,41,7381,7381,1,8
1099511675688,40,7384,7384,1,8
274877918922,38,7385,7385,1,14
137438959461,37,7380,7382,3,13
1099511675689,40,7383,7383,1,8
274877918923,38,7383,7384,2,14
549755837848,39,7387,7387,1,14
137438959462,37,7388,7388,1,13
68719479731,36,7380,7385,6,12
549755837849,39,7386,7386,1,14
137438959463,37,7386,7387,2,13
137438959464,37,7390,7390,1,13
68719479732,36,7391,7391,1,12
34359739866,35,7392,7393,2,11
17179869933,34,7374,7388,15,5
137438959465,37,7389,7389,1,13
68719479733,36,7389,7390,2,12
137438959470,37,7393,7393,1,12
34359739867,35,7389,7391,3,11
137438959471,37,7392,7392,1,12
68719479736,36,7395,7396,2,12
34359739868,35,7397,7401,5,11
17179869934,34,7402,7408,7,5
8589934967,33,7374,7393,20,4
274877918948,38,7396,7396,1,13
68719479737,36,7394,7394,1,12
274877918949,38,7395,7395,1,13
274877918952,38,7398,7399,2,14
137438959476,37,7400,7400,1,13
68719479738,36,7401,7401,1,12
34359739869,35,7394,7396,3,11
549755837906,39,7399,7399,1,8
274877918953,38,7397,7397,1,14
549755837907,39,7398,7398,1,8
137438959477,37,7397,7399,3,13
68719479739,36,7397,7400,4,12
68719479740,36,7403,7404,2,12
34359739870,35,7405,7408,4,11
17179869935,34,7394,7401,8,5
2199023351738,41,7404,7404,1,13
68719479741,36,7402,7402,1,12
2199023351739,41,7403,7403,1,13
68719479742,36,7406,7408,3,12
34359739871,35,7402,7404,3,11
137438959486,37,7407,7408,2,13
68719479743,36,7405,7405,1,12
274877918974,38,7408,7408,1,14
137438959487,37,7406,7406,1,13
274877918975,38,7407,7407,1,14
68719479744,36,7410,7412,3,12
34359739872,35,7413,7421,9,11
17179869936,34,7422,7427,6,5
8589934968,33,7428,7450,23,4
4294967484,32,7451,7491,41,15
2147483742,31,7492,7569,78,16
1073741871,30,7244,7408,165,3
274877918980,38,7411,7411,1,14
137438959490,37,7412,7412,1,13
68719479745,36,7409,7409,1,12
274877918981,38,7410,7410,1,14
137438959491,37,7410,7411,2,13
549755837968,39,7414,7414,1,14
137438959492,37,7415,7417,3,13
68719479746,36,7418,7421,4,12
34359739873,35,7409,7412,4,11
549755837969,39,7413,7413,1,14
549755837974,39,7416,7417,2,14
137438959493,37,7413,7414,2,13
1099511675950,40,7417,7417,1,8
549755837975,39,7415,7415,1,14
1099511675951,40,7416,7416,1,8
2199023351904,41,7419,7419,1,8
549755837976,39,7420,7420,1,14
274877918988,38,7421,7421,1,13
68719479747,36,7413,7417,5,12
2199023351905,41,7418,7418,1,8
549755837977,39,7418,7419,2,14
274877918989,38,7418,7420,3,13
137438959496,37,7423,7423,1,13
68719479748,36,7424,7425,2,12
34359739874,35,7426,7427,2,11
17179869937,34,7409,7421,13,5
137438959497,37,7422,7422,1,13
137438959498,37,7425,7425,1,13
68719479749,36,7422,7423,2,12
137438959499,37,7424,7424,1,13
2199023352052,41,7427,7427,1,12
34359739875,35,7422,7425,4,11
2199023352053,41,7426,7426,1,12
137438959504,37,7429,7431,3,13
68719479752,36,7432,7432,1,12
34359739876,35,7433,7438,6,11
17179869938,34,7439,7450,12,5
8589934969,33,7409,7427,19,4
549755838022,39,7430,7431,2,14
137438959505,37,7428,7428,1,13
1099511676046,40,7431,7431,1,8
549755838023,39,7429,7429,1,14
1099511676047,40,7430,7430,1,8
68719479753,36,7428,7431,4,12
137438959508,37,7434,7436,3,13
68719479754,36,7437,7438,2,12
34359739877,35,7428,7432,5,11
549755838036,39,7435,7435,1,8
274877919018,38,7436,7436,1,14
137438959509,37,7433,7433,1,13
549755838037,39,7434,7434,1,8
274877919019,38,7434,7435,2,14
274877919020,38,7438,7438,1,13
68719479755,36,7433,7436,4,12
274877919021,38,7437,7437,1,13
137438959512,37,7440,7442,3,13
68719479756,36,7443,7447,5,12
34359739878,35,7448,7450,3,11
17179869939,34,7428,7438,11,5
2199023352218,41,7441,7442,2,14
137438959513,37,7439,7439,1,13
4398046704438,42,7442,7442,1,8
2199023352219,41,7440,7440,1,14
4398046704439,42,7441,7441,1,8
274877919028,38,7444,7444,1,14
137438959514,37,7445,7447,3,13
68719479757,36,7439,7442,4,12
274877919029,38,7443,7443,1,14
2199023352252,41,7446,7446,1,8
1099511676126,40,7447,7447,1,14
137438959515,37,7443,7444,2,13
2199023352253,41,7445,7445,1,8
1099511676127,40,7445,7446,2,14
8796093409032,43,7449,7449,1,13
274877919032,38,7450,7450,1,12
34359739879,35,7439,7447,9,11
8796093409033,43,7448,7448,1,13
274877919033,38,7448,7449,2,12
68719479760,36,7452,7454,3,12
34359739880,35,7455,7460,6,11
17179869940,34,7461,7470,10,5
8589934970,33,7471,7491,21,4
4294967485,32,7409,7450,42,15
137438959522,37,7453,7454,2,13
68719479761,36,7451,7451,1,12
549755838092,39,7454,7454,1,14
137438959523,37,7452,7452,1,13
549755838093,39,7453,7453,1,14
137438959524,37,7456,7458,3,13
68719479762,36,7459,7460,2,12
34359739881,35,7451,7454,4,11
274877919050,38,7457,7458,2,14
137438959525,37,7455,7455,1,13
549755838102,39,7458,7458,1,8
274877919051,38,7456,7456,1,14
549755838103,39,7457,7457,1,8
137438959526,37,7460,7460,1,13
68719479763,36,7455,7458,4,12
137438959527,37,7459,7459,1,13
274877919056,38,7462,7462,1,14
137438959528,37,7463,7463,1,13
68719479764,36,7464,7465,2,12
34359739882,35,7466,7470,5,11
17179869941,34,7451,7460,10,5
274877919057,38,7461,7461,1,14
137438959529,37,7461,7462,2,13
274877919062,38,7465,7465,1,13
68719479765,36,7461,7463,3,12
274877919063,38,7464,7464,1,13
137438959532,37,7467,7468,2,13
68719479766,36,7469,7470,2,12
34359739883,35,7461,7465,5,11
1099511676270,40,7468,7468,1,14
137438959533,37,7466,7466,1,13
1099511676271,40,7467,7467,1,14
137438959534,37,7470,7470,1,13
68719479767,36,7466,7468,3,12
137438959535,37,7469,7469,1,13
137438959536,37,7472,7473,2,13
68719479768,36,7474,7476,3,12
34359739884,35,7477,7487,11,11
17179869942,34,7488,7491,4,5
8589934971,33,7451,7470,20,4
274877919074,38,7473,7473,1,14
137438959537,37,7471,7471,1,13
274877919075,38,7472,7472,1,14
137438959538,37,7475,7476,2,13
68719479769,36,7471,7473,3,12
274877919078,38,7476,7476,1,14
137438959539,37,7474,7474,1,13
274877919079,38,7475,7475,1,14
137438959540,37,7478,7482,5,13
68719479770,36,7483,7487,5,12
34359739885,35,7471,7476,6,11
1099511676328,40,7479,7479,1,8
274877919082,38,7480,7482,3,14
137438959541,37,7477,7477,1,13
1099511676329,40,7478,7478,1,8
549755838166,39,7481,7482,2,8
274877919083,38,7478,7479,2,14
1099511676334,40,7482,7482,1,17
549755838167,39,7480,7480,1,8
1099511676335,40,7481,7481,1,17
1099511676336,40,7484,7484,1,14
137438959542,37,7485,7487,3,13
68719479771,36,7477,7482,6,12
1099511676337,40,7483,7483,1,14
274877919086,38,7486,7487,2,14
137438959543,37,7483,7484,2,13
549755838174,39,7487,7487,1,8
274877919087,38,7485,7485,1,14
549755838175,39,7486,7486,1,8
68719479772,36,7489,7489,1,12
34359739886,35,7490,7491,2,11
17179869943,34,7471,7487,17,5
68719479773,36,7488,7488,1,12
68719479774,36,7491,7491,1,12
34359739887,35,7488,7489,2,11
68719479775,36,7490,7490,1,12
1099511676424,40,7493,7493,1,14
549755838212,39,7494,7494,1,13
68719479776,36,7495,7496,2,12
34359739888,35,7497,7498,2,11
17179869944,34,7499,7509,11,5
8589934972,33,7510,7527,18,4
4294967486,32,7528,7569,42,15
2147483743,31,7409,7491,83,16
1099511676425,40,7492,7492,1,14
549755838213,39,7492,7493,2,13
137438959554,37,7496,7496,1,13
68719479777,36,7492,7494,3,12
137438959555,37,7495,7495,1,13
274877919112,38,7498,7498,1,12
34359739889,35,7492,7496,5,11
274877919113,38,7497,7497,1,12
137438959560,37,7500,7500,1,13
68719479780,36,7501,7505,5,12
34359739890,35,7506,7509,4,11
17179869945,34,7492,7498,7,5
137438959561,37,7499,7499,1,13
1099511676502,40,7502,7502,1,14
137438959562,37,7503,7505,3,13
68719479781,36,7499,7500,2,12
1099511676503,40,7501,7501,1,14
2199023353012,41,7504,7504,1,8
274877919126,38,7505,7505,1,14
137438959563,37,7501,7502,2,13
2199023353013,41,7503,7503,1,8
274877919127,38,7503,7504,2,14
274877919130,38,7507,7508,2,13
68719479782,36,7509,7509,1,12
34359739891,35,7499,7505,7,11
4398046706108,42,7508,7508,1,14
274877919131,38,7506,7506,1,13
4398046706109,42,7507,7507,1,14
68719479783,36,7506,7508,3,12
137438959570,37,7511,7511,1,12
34359739892,35,7512,7513,2,11
17179869946,34,7514,7527,14,5
8589934973,33,7492,7509,18,4
137438959571,37,7510,7510,1,12
137438959572,37,7513,7513,1,12
34359739893,35,7510,7511,2,11
137438959573,37,7512,7512,1,12
137438959576,37,7515,7515,1,13
68719479788,36,7516,7518,3,12
34359739894,35,7519,7527,9,11
17179869947,34,7510,7513,4,5
137438959577,37,7514,7514,1,13
137438959578,37,7517,7518,2,13
68719479789,36,7514,7515,2,12
549755838318,39,7518,7518,1,14
137438959579,37,7516,7516,1,13
549755838319,39,7517,7517,1,14
1099511676646,40,7520,7520,1,14
137438959580,37,7521,7524,4,13
68719479790,36,7525,7527,3,12
34359739895,35,7514,7518,5,11
1099511676647,40,7519,7519,1,14
1099511676648,40,7522,7523,2,8
549755838324,39,7524,7524,1,14
137438959581,37,7519,7520,2,13
8796093413194,43,7523,7523,1,17
1099511676649,40,7521,7521,1,8
8796093413195,43,7522,7522,1,17
549755838325,39,7521,7523,3,14
137438959582,37,7526,7527,2,13
68719479791,36,7519,7524,6,12
549755838332,39,7527,7527,1,14
137438959583,37,7525,7525,1,13
549755838333,39,7526,7526,1,14
274877919168,38,7529,7530,2,14
137438959584,37,7531,7532,2,13
68719479792,36,7533,7535,3,12
34359739896,35,7536,7538,3,11
17179869948,34,7539,7545,7,5
8589934974,33,7546,7569,24,4
4294967487,32,7492,7527,36,15
1099511676676,40,7530,7530,1,8
274877919169,38,7528,7528,1,14
1099511676677,40,7529,7529,1,8
274877919170,38,7532,7532,1,14
137438959585,37,7528,7530,3,13
274877919171,38,7531,7531,1,14
137438959586,37,7534,7535,2,13
68719479793,36,7528,7532,5,12
549755838348,39,7535,7535,1,14
137438959587,37,7533,7533,1,13
549755838349,39,7534,7534,1,14
137438959590,37,7537,7538,2,12
34359739897,35,7528,7535,8,11
274877919182,38,7538,7538,1,13
137438959591,37,7536,7536,1,12
274877919183,38,7537,7537,1,13
2199023353492,41,7540,7540,1,14
1099511676746,40,7541,7541,1,13
274877919186,38,7542,7542,1,12
34359739898,35,7543,7545,3,11
17179869949,34,7528,7538,11,5
2199023353493,41,7539,7539,1,14
1099511676747,40,7539,7540,2,13
274877919187,38,7539,7541,3,12
68719479798,36,7544,7545,2,12
34359739899,35,7539,7542,4,11
137438959598,37,7545,7545,1,13
68719479799,36,7543,7543,1,12
137438959599,37,7544,7544,1,13
274877919200,38,7547,7548,2,14
137438959600,37,7549,7552,4,13
68719479800,36,7553,7553,1,12
34359739900,35,7554,7558,5,11
17179869950,34,7559,7569,11,5
8589934975,33,7528,7545,18,4
549755838402,39,7548,7548,1,8
274877919201,38,7546,7546,1,14
549755838403,39,7547,7547,1,8
2199023353616,41,7550,7550,1,17
1099511676808,40,7551,7551,1,8
274877919202,38,7552,7552,1,14
137438959601,37,7546,7548,3,13
2199023353617,41,7549,7549,1,17
1099511676809,40,7549,7550,2,8
274877919203,38,7549,7551,3,14
68719479801,36,7546,7552,7,12
1099511676836,40,7555,7555,1,13
68719479802,36,7556,7558,3,12
34359739901,35,7546,7553,8,11
1099511676837,40,7554,7554,1,13
274877919214,38,7557,7558,2,13
68719479803,36,7554,7555,2,12
549755838430,39,7558,7558,1,14
274877919215,38,7556,7556,1,13
549755838431,39,7557,7557,1,14
8796093415100,43,7560,7560,1,13
137438959610,37,7561,7563,3,12
34359739902,35,7564,7569,6,11
17179869951,34,7546,7558,13,5
8796093415101,43,7559,7559,1,13
274877919222,38,7562,7563,2,13
137438959611,37,7559,7560,2,12
549755838446,39,7563,7563,1,14
274877919223,38,7561,7561,1,13
549755838447,39,7562,7562,1,14
68719479806,36,7565,7569,5,12
34359739903,35,7559,7563,5,11
274877919228,38,7566,7567,2,14
137438959614,37,7568,7569,2,13
68719479807,36,7564,7564,1,12
549755838458,39,7567,7567,1,8
274877919229,38,7565,7565,1,14
549755838459,39,7566,7566,1,8
549755838460,39,7569,7569,1,14
137438959615,37,7565,7567,3,13
549755838461,39,7568,7568,1,14
274877919232,38,7571,7571,1,17
68719479808,36,7572,7574,3,11
17179869952,34,7575,7586,12,10
8589934976,33,7587,7607,21,8
4294967488,32,7608,7647,40,5
2147483744,31,7648,7727,80,3
1073741872,30,7728,7887,160,12
536870936,29,7888,8179,292,16
268435468,28,8180,8797,618,2
134217734,27,8798,9999,1202,7
67108867,26,5095,7569,2475,7
274877919233,38,7570,7570,1,17
274877919236,38,7573,7574,2,17
68719479809,36,7570,7571,2,11
1099511676948,40,7574,7574,1,15
274877919237,38,7572,7572,1,17
1099511676949,40,7573,7573,1,15
137438959624,37,7576,7576,1,15
68719479812,36,7577,7578,2,17
34359739906,35,7579,7586,8,11
17179869953,34,7570,7574,5,10
137438959625,37,7575,7575,1,15
549755838510,39,7578,7578,1,15
68719479813,36,7575,7576,2,17
549755838511,39,7577,7577,1,15
549755838518,39,7580,7581,2,15
68719479814,36,7582,7586,5,17
34359739907,35,7575,7578,4,11
1099511677038,40,7581,7581,1,9
549755838519,39,7579,7579,1,15
1099511677039,40,7580,7580,1,9
549755838520,39,7583,7583,1,4
274877919260,38,7584,7584,1,9
137438959630,37,7585,7586,2,15
68719479815,36,7579,7581,3,17
549755838521,39,7582,7582,1,4
274877919261,38,7582,7583,2,9
549755838526,39,7586,7586,1,9
137438959631,37,7582,7584,3,15
549755838527,39,7585,7585,1,9
274877919266,38,7588,7589,2,15
68719479816,36,7590,7591,2,17
34359739908,35,7592,7592,1,11
17179869954,34,7593,7607,15,10
8589934977,33,7570,7586,17,8
549755838534,39,7589,7589,1,9
274877919267,38,7587,7587,1,15
549755838535,39,7588,7588,1,9
137438959634,37,7591,7591,1,15
68719479817,36,7587,7589,3,17
137438959635,37,7590,7590,1,15
34359739909,35,7587,7591,5,11
137438959640,37,7594,7596,3,15
68719479820,36,7597,7602,6,17
34359739910,35,7603,7607,5,11
17179869955,34,7587,7592,6,10
549755838564,39,7595,7595,1,4
274877919282,38,7596,7596,1,9
137438959641,37,7593,7593,1,15
549755838565,39,7594,7594,1,4
274877919283,38,7594,7595,2,9
549755838570,39,7598,7598,1,9
137438959642,37,7599,7602,4,15
68719479821,36,7593,7596,4,17
549755838571,39,7597,7597,1,9
4398046708584,42,7600,7600,1,4
274877919286,38,7601,7602,2,9
137438959643,37,7597,7598,2,15
4398046708585,42,7599,7599,1,4
8796093417200,43,7602,7602,1,4
274877919287,38,7599,7600,2,9
8796093417201,43,7601,7601,1,4
68719479822,36,7604,7607,4,17
34359739911,35,7593,7602,10,11
2199023354358,41,7605,7605,1,9
274877919294,38,7606,7607,2,15
68719479823,36,7603,7603,1,17
2199023354359,41,7604,7604,1,9
549755838590,39,7607,7607,1,9
274877919295,38,7604,7605,2,15
549755838591,39,7606,7606,1,9
274877919296,38,7609,7610,2,9
137438959648,37,7611,7611,1,15
68719479824,36,7612,7613,2,17
34359739912,35,7614,7616,3,11
17179869956,34,7617,7632,16,10
8589934978,33,7633,7647,15,8
4294967489,32,7570,7607,38,5
1099511677190,40,7610,7610,1,4
274877919297,38,7608,7608,1,9
1099511677191,40,7609,7609,1,4
137438959649,37,7608,7610,3,15
137438959650,37,7613,7613,1,15
68719479825,36,7608,7611,4,17
137438959651,37,7612,7612,1,15
68719479826,36,7615,7616,2,17
34359739913,35,7608,7613,6,11
1099511677240,40,7616,7616,1,15
68719479827,36,7614,7614,1,17
1099511677241,40,7615,7615,1,15
137438959656,37,7618,7618,1,15
68719479828,36,7619,7623,5,17
34359739914,35,7624,7632,9,11
17179869957,34,7608,7616,9,10
137438959657,37,7617,7617,1,15
549755838632,39,7620,7622,3,9
274877919316,38,7623,7623,1,15
68719479829,36,7617,7618,2,17
2199023354532,41,7621,7622,2,4
549755838633,39,7619,7619,1,9
4398046709066,42,7622,7622,1,13
2199023354533,41,7620,7620,1,4
4398046709067,42,7621,7621,1,13
274877919317,38,7619,7622,4,15
274877919320,38,7625,7625,1,15
68719479830,36,7626,7632,7,17
34359739915,35,7617,7623,7,11
274877919321,38,7624,7624,1,15
549755838648,39,7627,7627,1,4
274877919324,38,7628,7629,2,9
137438959662,37,7630,7632,3,15
68719479831,36,7624,7625,2,17
549755838649,39,7626,7626,1,4
549755838650,39,7629,7629,1,4
274877919325,38,7626,7627,2,9
549755838651,39,7628,7628,1,4
1099511677308,40,7631,7631,1,4
549755838654,39,7632,7632,1,9
137438959663,37,7626,7629,4,15
1099511677309,40,7630,7630,1,4
549755838655,39,7630,7631,2,9
137438959664,37,7634,7634,1,15
68719479832,36,7635,7635,1,17
34359739916,35,7636,7641,6,11
17179869958,34,7642,7647,6,10
8589934979,33,7608,7632,25,8
137438959665,37,7633,7633,1,15
68719479833,36,7633,7634,2,17
137438959668,37,7637,7639,3,15
68719479834,36,7640,7641,2,17
34359739917,35,7633,7635,3,11
549755838678,39,7638,7639,2,9
137438959669,37,7636,7636,1,15
2199023354716,41,7639,7639,1,4
549755838679,39,7637,7637,1,9
2199023354717,41,7638,7638,1,4
2199023354730,41,7641,7641,1,15
68719479835,36,7636,7639,4,17
2199023354731,41,7640,7640,1,15
34359739918,35,7643,7647,5,11
17179869959,34,7633,7641,9,10
137438959676,37,7644,7644,1,15
68719479838,36,7645,7647,3,17
34359739919,35,7642,7642,1,11
137438959677,37,7643,7643,1,15
4398046709702,42,7646,7646,1,9
137438959678,37,7647,7647,1,15
68719479839,36,7643,7644,2,17
4398046709703,42,7645,7645,1,9
137438959679,37,7645,7646,2,15
549755838728,39,7649,7649,1,17
34359739920,35,7650,7656,7,11
17179869960,34,7657,7662,6,10
8589934980,33,7663,7686,24,8
4294967490,32,7687,7727,41,5
2147483745,31,7570,7647,78,3
549755838729,39,7648,7648,1,17
9007199661855420,53,7651,7651,1,9
137438959684,37,7652,7654,3,15
68719479842,36,7655,7656,2,17
34359739921,35,7648,7649,2,11
9007199661855421,53,7650,7650,1,9
1099511677482,40,7653,7653,1,4
274877919370,38,7654,7654,1,9
137438959685,37,7650,7651,2,15
1099511677483,40,7652,7652,1,4
274877919371,38,7652,7653,2,9
2199023354998,41,7656,7656,1,15
68719479843,36,7650,7654,5,17
2199023354999,41,7655,7655,1,15
137438959690,37,7658,7659,2,17
34359739922,35,7660,7662,3,11
17179869961,34,7648,7656,9,10
274877919382,38,7659,7659,1,15
137438959691,37,7657,7657,1,17
274877919383,38,7658,7658,1,15
274877919388,38,7661,7661,1,15
137438959694,37,7662,7662,1,17
34359739923,35,7657,7659,3,11
274877919389,38,7660,7660,1,15
137438959695,37,7660,7661,2,17
2199023355140,41,7664,7664,1,4
274877919392,38,7665,7665,1,9
137438959696,37,7666,7666,1,15
68719479848,36,7667,7667,1,17
34359739924,35,7668,7669,2,11
17179869962,34,7670,7686,17,10
8589934981,33,7648,7662,15,8
2199023355141,41,7663,7663,1,4
274877919393,38,7663,7664,2,9
137438959697,37,7663,7665,3,15
68719479849,36,7663,7666,4,17
68719479850,36,7669,7669,1,17
34359739925,35,7663,7667,5,11
68719479851,36,7668,7668,1,17
274877919410,38,7671,7672,2,15
68719479852,36,7673,7676,4,17
34359739926,35,7677,7686,10,11
17179869963,34,7663,7669,7,10
1099511677646,40,7672,7672,1,9
274877919411,38,7670,7670,1,15
1099511677647,40,7671,7671,1,9
549755838824,39,7674,7675,2,9
274877919412,38,7676,7676,1,15
68719479853,36,7670,7672,3,17
8796093421206,43,7675,7675,1,4
549755838825,39,7673,7673,1,9
8796093421207,43,7674,7674,1,4
274877919413,38,7673,7675,3,15
1099511677664,40,7678,7678,1,9
274877919416,38,7679,7679,1,15
68719479854,36,7680,7686,7,17
34359739927,35,7670,7676,7,11
1099511677665,40,7677,7677,1,9
274877919417,38,7677,7678,2,15
274877919420,38,7681,7682,2,9
137438959710,37,7683,7686,4,15
68719479855,36,7677,7679,3,17
70368747371798,46,7682,7682,1,4
274877919421,38,7680,7680,1,9
70368747371799,46,7681,7681,1,4
274877919422,38,7684,7686,3,9
137438959711,37,7680,7682,3,15
549755838846,39,7685,7686,2,4
274877919423,38,7683,7683,1,9
1099511677694,40,7686,7686,1,13
549755838847,39,7684,7684,1,4
1099511677695,40,7685,7685,1,13
549755838848,39,7688,7688,1,15
68719479856,36,7689,7690,2,17
34359739928,35,7691,7699,9,11
17179869964,34,7700,7707,8,10
8589934982,33,7708,7727,20,8
4294967491,32,7648,7686,39,5
549755838849,39,7687,7687,1,15
1099511677714,40,7690,7690,1,15
68719479857,36,7687,7688,2,17
1099511677715,40,7689,7689,1,15
274877919432,38,7692,7692,1,9
137438959716,37,7693,7693,1,15
68719479858,36,7694,7699,6,17
34359739929,35,7687,7690,4,11
274877919433,38,7691,7691,1,9
137438959717,37,7691,7692,2,15
549755838872,39,7695,7695,1,4
274877919436,38,7696,7696,1,9
137438959718,37,7697,7699,3,15
68719479859,36,7691,7693,3,17
549755838873,39,7694,7694,1,4
274877919437,38,7694,7695,2,9
549755838876,39,7698,7698,1,4
274877919438,38,7699,7699,1,9
137438959719,37,7694,7696,3,15
549755838877,39,7697,7697,1,4
274877919439,38,7697,7698,2,9
137438959720,37,7701,7701,1,17
34359739930,35,7702,7707,6,11
17179869965,34,7687,7699,13,10
137438959721,37,7700,7700,1,17
8796093422362,43,7703,7703,1,9
274877919448,38,7704,7704,1,15
68719479862,36,7705,7707,3,17
34359739931,35,7700,7701,2,11
8796093422363,43,7702,7702,1,9
274877919449,38,7702,7703,2,15
137438959726,37,7706,7707,2,15
68719479863,36,7702,7704,3,17
1099511677822,40,7707,7707,1,9
137438959727,37,7705,7705,1,15
1099511677823,40,7706,7706,1,9
549755838916,39,7709,7709,1,15
68719479864,36,7710,7711,2,17
34359739932,35,7712,7718,7,11
17179869966,34,7719,7727,9,10
8589934983,33,7687,7707,21,8
549755838917,39,7708,7708,1,15
137438959730,37,7711,7711,1,15
68719479865,36,7708,7709,2,17
137438959731,37,7710,7710,1,15
274877919464,38,7713,7713,1,9
137438959732,37,7714,7715,2,15
68719479866,36,7716,7718,3,17
34359739933,35,7708,7711,4,11
274877919465,38,7712,7712,1,9
274877919466,38,7715,7715,1,9
137438959733,37,7712,7713,2,15
274877919467,38,7714,7714,1,9
549755838936,39,7717,7717,1,9
137438959734,37,7718,7718,1,15
68719479867,36,7712,7715,4,17
549755838937,39,7716,7716,1,9
137438959735,37,7716,7717,2,15
68719479868,36,7720,7721,2,17
34359739934,35,7722,7727,6,11
17179869967,34,7708,7718,11,10
137438959738,37,7721,7721,1,15
68719479869,36,7719,7719,1,17
137438959739,37,7720,7720,1,15
137438959740,37,7723,7724,2,15
68719479870,36,7725,7727,3,17
34359739935,35,7719,7721,3,11
549755838966,39,7724,7724,1,9
137438959741,37,7722,7722,1,15
549755838967,39,7723,7723,1,9
549755838972,39,7726,7726,1,9
274877919486,38,7727,7727,1,15
68719479871,36,7722,7724,3,17
549755838973,39,7725,7725,1,9
274877919487,38,7725,7726,2,15
137438959744,37,7729,7729,1,15
68719479872,36,7730,7734,5,17
34359739936,35,7735,7737,3,11
17179869968,34,7738,7747,10,10
8589934984,33,7748,7770,23,8
4294967492,32,7771,7810,40,5
2147483746,31,7811,7887,77,3
1073741873,30,7570,7727,158,12
137438959745,37,7728,7728,1,15
4398046711874,42,7731,7731,1,4
274877919492,38,7732,7732,1,9
137438959746,37,7733,7734,2,15
68719479873,36,7728,7729,2,17
4398046711875,42,7730,7730,1,4
274877919493,38,7730,7731,2,9
549755838988,39,7734,7734,1,9
137438959747,37,7730,7732,3,15
549755838989,39,7733,7733,1,9
68719479874,36,7736,7737,2,17
34359739937,35,7728,7734,7,11
137438959750,37,7737,7737,1,15
68719479875,36,7735,7735,1,17
137438959751,37,7736,7736,1,15
274877919504,38,7739,7739,1,9
137438959752,37,7740,7740,1,15
68719479876,36,7741,7742,2,17
34359739938,35,7743,7747,5,11
17179869969,34,7728,7737,10,10
274877919505,38,7738,7738,1,9
137438959753,37,7738,7739,2,15
137438959754,37,7742,7742,1,15
68719479877,36,7738,7740,3,17
137438959755,37,7741,7741,1,15
2199023356106,41,7744,7744,1,15
68719479878,36,7745,7747,3,17
34359739939,35,7738,7742,5,11
2199023356107,41,7743,7743,1,15
137438959758,37,7746,7747,2,15
68719479879,36,7743,7744,2,17
274877919518,38,7747,7747,1,9
137438959759,37,7745,7745,1,15
274877919519,38,7746,7746,1,9
68719479880,36,7749,7752,4,17
34359739940,35,7753,7755,3,11
17179869970,34,7756,7770,15,10
8589934985,33,7728,7747,20,8
274877919526,38,7750,7752,3,15
68719479881,36,7748,7748,1,17
8796093424864,43,7751,7751,1,4
1099511678108,40,7752,7752,1,9
274877919527,38,7749,7749,1,15
8796093424865,43,7750,7750,1,4
1099511678109,40,7750,7751,2,9
68719479882,36,7754,7755,2,17
34359739941,35,7748,7752,5,11
137438959766,37,7755,7755,1,15
68719479883,36,7753,7753,1,17
137438959767,37,7754,7754,1,15
549755839072,39,7757,7758,2,4
274877919536,38,7759,7759,1,9
137438959768,37,7760,7761,2,15
68719479884,36,7762,7765,4,17
34359739942,35,7766,7770,5,11
17179869971,34,7748,7755,8,10
2199023356294,41,7758,7758,1,13
549755839073,39,7756,7756,1,4
2199023356295,41,7757,7757,1,13
274877919537,38,7756,7758,3,9
549755839076,39,7761,7761,1,9
137438959769,37,7756,7759,4,15
549755839077,39,7760,7760,1,9
549755839084,39,7763,7763,1,9
274877919542,38,7764,7765,2,15
68719479885,36,7756,7761,6,17
549755839085,39,7762,7762,1,9
549755839086,39,7765,7765,1,9
274877919543,38,7762,7763,2,15
549755839087,39,7764,7764,1,9
137438959772,37,7767,7767,1,15
68719479886,36,7768,7770,3,17
34359739943,35,7756,7765,10,11
137438959773,37,7766,7766,1,15
137438959774,37,7769,7770,2,15
68719479887,36,7766,7767,2,17
549755839100,39,7770,7770,1,9
137438959775,37,7768,7768,1,15
549755839101,39,7769,7769,1,9
137438959776,37,7772,7773,2,15
68719479888,36,7774,7774,1,17
34359739944,35,7775,7777,3,11
17179869972,34,7778,7789,12,10
8589934986,33,7790,7810,21,8
4294967493,32,7728,7770,43,5
274877919554,38,7773,7773,1,9
137438959777,37,7771,7771,1,15
274877919555,38,7772,7772,1,9
68719479889,36,7771,7773,3,17
68719479890,36,7776,7777,2,17
34359739945,35,7771,7774,4,11
549755839130,39,7777,7777,1,15
68719479891,36,7775,7775,1,17
549755839131,39,7776,7776,1,15
549755839136,39,7779,7779,1,9
274877919568,38,7780,7781,2,15
137438959784,37,7782,7783,2,17
34359739946,35,7784,7789,6,11
17179869973,34,7771,7777,7,10
549755839137,39,7778,7778,1,9
549755839138,39,7781,7781,1,9
274877919569,38,7778,7779,2,15
549755839139,39,7780,7780,1,9
274877919570,38,7783,7783,1,15
137438959785,37,7778,7781,4,17
274877919571,38,7782,7782,1,15
274877919576,38,7785,7785,1,9
137438959788,37,7786,7787,2,15
68719479894,36,7788,7789,2,17
34359739947,35,7778,7783,6,11
274877919577,38,7784,7784,1,9
549755839158,39,7787,7787,1,9
137438959789,37,7784,7785,2,15
549755839159,39,7786,7786,1,9
137438959790,37,7789,7789,1,15
68719479895,36,7784,7787,4,17
137438959791,37,7788,7788,1,15
274877919584,38,7791,7792,2,9
137438959792,37,7793,7793,1,15
68719479896,36,7794,7794,1,17
34359739948,35,7795,7800,6,11
17179869974,34,7801,7810,10,10
8589934987,33,7771,7789,19,8
549755839170,39,7792,7792,1,4
274877919585,38,7790,7790,1,9
549755839171,39,7791,7791,1,4
137438959793,37,7790,7792,3,15
68719479897,36,7790,7793,4,17
549755839184,39,7796,7796,1,9
274877919592,38,7797,7797,1,15
68719479898,36,7798,7800,3,17
34359739949,35,7790,7794,5,11
549755839185,39,7795,7795,1,9
274877919593,38,7795,7796,2,15
137438959798,37,7799,7800,2,15
68719479899,36,7795,7797,3,17
549755839196,39,7800,7800,1,9
137438959799,37,7798,7798,1,15
549755839197,39,7799,7799,1,9
68719479900,36,7802,7807,6,17
34359739950,35,7808,7810,3,11
17179869975,34,7790,7800,11,10
274877919604,38,7803,7805,3,9
137438959802,37,7806,7807,2,15
68719479901,36,7801,7801,1,17
1099511678420,40,7804,7805,2,4
274877919605,38,7802,7802,1,9
17592186854744,44,7805,7805,1,13
1099511678421,40,7803,7803,1,4
17592186854745,44,7804,7804,1,13
274877919606,38,7807,7807,1,9
137438959803,37,7802,7805,4,15
274877919607,38,7806,7806,1,9
137438959804,37,7809,7809,1,15
68719479902,36,7810,7810,1,17
34359739951,35,7801,7807,7,11
137438959805,37,7808,7808,1,15
68719479903,36,7808,7809,2,17
2199023356936,41,7812,7812,1,9
1099511678468,40,7813,7813,1,15
68719479904,36,7814,7815,2,17
34359739952,35,7816,7818,3,11
17179869976,34,7819,7826,8,10
8589934988,33,7827,7851,25,8
4294967494,32,7852,7887,36,5
2147483747,31,7728,7810,83,3
2199023356937,41,7811,7811,1,9
1099511678469,40,7811,7812,2,15
137438959810,37,7815,7815,1,15
68719479905,36,7811,7813,3,17
137438959811,37,7814,7814,1,15
68719479906,36,7817,7818,2,17
34359739953,35,7811,7815,5,11
137438959814,37,7818,7818,1,15
68719479907,36,7816,7816,1,17
137438959815,37,7817,7817,1,15
68719479908,36,7820,7823,4,17
34359739954,35,7824,7826,3,11
17179869977,34,7811,7818,8,10
1099511678546,40,7821,7821,1,9
137438959818,37,7822,7823,2,15
68719479909,36,7819,7819,1,17
1099511678547,40,7820,7820,1,9
4398046714238,42,7823,7823,1,9
137438959819,37,7820,7821,2,15
4398046714239,42,7822,7822,1,9
68719479910,36,7825,7826,2,17
34359739955,35,7819,7823,5,11
137438959822,37,7826,7826,1,15
68719479911,36,7824,7824,1,17
137438959823,37,7825,7825,1,15
8796093428796,43,7828,7828,1,9
137438959824,37,7829,7830,2,15
68719479912,36,7831,7835,5,17
34359739956,35,7836,7841,6,11
17179869978,34,7842,7851,10,10
8589934989,33,7811,7826,16,8
8796093428797,43,7827,7827,1,9
274877919650,38,7830,7830,1,9
137438959825,37,7827,7828,2,15
274877919651,38,7829,7829,1,9
274877919652,38,7832,7832,1,9
137438959826,37,7833,7835,3,15
68719479913,36,7827,7830,4,17
274877919653,38,7831,7831,1,9
1099511678620,40,7834,7834,1,4
549755839310,39,7835,7835,1,9
137438959827,37,7831,7832,2,15
1099511678621,40,7833,7833,1,4
549755839311,39,7833,7834,2,9
68719479914,36,7837,7841,5,17
34359739957,35,7827,7835,9,11
274877919660,38,7838,7838,1,9
137438959830,37,7839,7841,3,15
68719479915,36,7836,7836,1,17
274877919661,38,7837,7837,1,9
1099511678650,40,7840,7840,1,4
274877919662,38,7841,7841,1,9
137438959831,37,7837,7838,2,15
1099511678651,40,7839,7839,1,4
274877919663,38,7839,7840,2,9
274877919668,38,7843,7843,1,15
137438959834,37,7844,7844,1,17
34359739958,35,7845,7851,7,11
17179869979,34,7827,7841,15,10
274877919669,38,7842,7842,1,15
137438959835,37,7842,7843,2,17
68719479918,36,7846,7851,6,17
34359739959,35,7842,7844,3,11
274877919676,38,7847,7849,3,9
137438959838,37,7850,7851,2,15
68719479919,36,7845,7845,1,17
1099511678708,40,7848,7848,1,13
549755839354,39,7849,7849,1,4
274877919677,38,7846,7846,1,9
1099511678709,40,7847,7847,1,13
549755839355,39,7847,7848,2,4
549755839356,39,7851,7851,1,9
137438959839,37,7846,7849,4,15
549755839357,39,7850,7850,1,9
137438959840,37,7853,7855,3,15
68719479920,36,7856,7858,3,17
34359739960,35,7859,7861,3,11
17179869980,34,7862,7865,4,10
8589934990,33,7866,7887,22,8
4294967495,32,7811,7851,41,5
549755839364,39,7854,7854,1,4
274877919682,38,7855,7855,1,9
137438959841,37,7852,7852,1,15
549755839365,39,7853,7853,1,4
274877919683,38,7853,7854,2,9
137438959842,37,7857,7858,2,15
68719479921,36,7852,7855,4,17
549755839372,39,7858,7858,1,9
137438959843,37,7856,7856,1,15
549755839373,39,7857,7857,1,9
137438959844,37,7860,7860,1,15
68719479922,36,7861,7861,1,17
34359739961,35,7852,7858,7,11
137438959845,37,7859,7859,1,15
68719479923,36,7859,7860,2,17
274877919698,38,7863,7863,1,15
68719479924,36,7864,7864,1,17
34359739962,35,7865,7865,1,11
17179869981,34,7852,7861,10,10
274877919699,38,7862,7862,1,15
68719479925,36,7862,7863,2,17
34359739963,35,7862,7864,3,11
68719479928,36,7867,7868,2,17
34359739964,35,7869,7873,5,11
17179869982,34,7874,7887,14,10
8589934991,33,7852,7865,14,8
274877919718,38,7868,7868,1,15
68719479929,36,7866,7866,1,17
274877919719,38,7867,7867,1,15
68719479930,36,7870,7873,4,17
34359739965,35,7866,7868,3,11
1099511678900,40,7871,7871,1,9
549755839450,39,7872,7873,2,15
68719479931,36,7869,7869,1,17
1099511678901,40,7870,7870,1,9
4398046715608,42,7873,7873,1,9
549755839451,39,7870,7871,2,15
4398046715609,42,7872,7872,1,9
274877919728,38,7875,7875,1,9
137438959864,37,7876,7877,2,15
68719479932,36,7878,7881,4,17
34359739966,35,7882,7887,6,11
17179869983,34,7866,7873,8,10
274877919729,38,7874,7874,1,9
274877919730,38,7877,7877,1,9
137438959865,37,7874,7875,2,15
274877919731,38,7876,7876,1,9
274877919732,38,7879,7880,2,9
137438959866,37,7881,7881,1,15
68719479933,36,7874,7877,4,17
549755839466,39,7880,7880,1,4
274877919733,38,7878,7878,1,9
549755839467,39,7879,7879,1,4
137438959867,37,7878,7880,3,15
68719479934,36,7883,7887,5,17
34359739967,35,7874,7881,8,11
274877919740,38,7884,7884,1,9
137438959870,37,7885,7887,3,15
68719479935,36,7882,7882,1,17
274877919741,38,7883,7883,1,9
274877919742,38,7886,7887,2,9
137438959871,37,7883,7884,2,15
549755839486,39,7887,7887,1,4
274877919743,38,7885,7885,1,9
549755839487,39,7886,7886,1,4
68719479936,36,7889,7891,3,17
34359739968,35,7892,7893,2,11
17179869984,34,7894,7903,10,10
8589934992,33,7904,7925,22,8
4294967496,32,7926,7957,32,5
2147483748,31,7958,8027,70,3
1073741874,30,8028,8179,152,12
536870937,29,7570,7887,318,16
549755839496,39,7890,7890,1,9
137438959874,37,7891,7891,1,15
68719479937,36,7888,7888,1,17
549755839497,39,7889,7889,1,9
137438959875,37,7889,7890,2,15
68719479938,36,7893,7893,1,17
34359739969,35,7888,7891,4,11
68719479939,36,7892,7892,1,17
137438959882,37,7895,7896,2,17
34359739970,35,7897,7903,7,11
17179869985,34,7888,7893,6,10
4398046716260,42,7896,7896,1,15
137438959883,37,7894,7894,1,17
4398046716261,42,7895,7895,1,15
549755839536,39,7898,7898,1,9
137438959884,37,7899,7900,2,15
68719479942,36,7901,7903,3,17
34359739971,35,7894,7896,3,11
549755839537,39,7897,7897,1,9
274877919770,38,7900,7900,1,9
137438959885,37,7897,7898,2,15
274877919771,38,7899,7899,1,9
274877919772,38,7902,7903,2,15
68719479943,36,7897,7900,4,17
4398046716382,42,7903,7903,1,9
274877919773,38,7901,7901,1,15
4398046716383,42,7902,7902,1,9
1099511679104,40,7905,7905,1,4
274877919776,38,7906,7906,1,9
137438959888,37,7907,7907,1,15
68719479944,36,7908,7908,1,17
34359739972,35,7909,7913,5,11
17179869986,34,7914,7925,12,10
8589934993,33,7888,7903,16,8
1099511679105,40,7904,7904,1,4
274877919777,38,7904,7905,2,9
137438959889,37,7904,7906,3,15
68719479945,36,7904,7907,4,17
68719479946,36,7910,7913,4,17
34359739973,35,7904,7908,5,11
274877919788,38,7911,7913,3,15
68719479947,36,7909,7909,1,17
2199023358314,41,7912,7912,1,4
549755839578,39,7913,7913,1,9
274877919789,38,7910,7910,1,15
2199023358315,41,7911,7911,1,4
549755839579,39,7911,7912,2,9
68719479948,36,7915,7916,2,17
34359739974,35,7917,7925,9,11
17179869987,34,7904,7913,10,10
137438959898,37,7916,7916,1,15
68719479949,36,7914,7914,1,17
137438959899,37,7915,7915,1,15
274877919802,38,7918,7919,2,15
68719479950,36,7920,7925,6,17
34359739975,35,7914,7916,3,11
4398046716860,42,7919,7919,1,9
274877919803,38,7917,7917,1,15
4398046716861,42,7918,7918,1,9
2199023358434,41,7921,7921,1,13
549755839608,39,7922,7922,1,4
274877919804,38,7923,7923,1,9
137438959902,37,7924,7925,2,15
68719479951,36,7917,7919,3,17
2199023358435,41,7920,7920,1,13
549755839609,39,7920,7921,2,4
274877919805,38,7920,7922,3,9
274877919806,38,7925,7925,1,9
137438959903,37,7920,7923,4,15
274877919807,38,7924,7924,1,9
274877919814,38,7927,7928,2,17
34359739976,35,7929,7932,4,11
17179869988,34,7933,7943,11,10
8589934994,33,7944,7957,14,8
4294967497,32,7888,7925,38,5
2199023358522,41,7928,7928,1,15
274877919815,38,7926,7926,1,17
2199023358523,41,7927,7927,1,15
549755839632,39,7930,7930,1,15
68719479954,36,7931,7932,2,17
34359739977,35,7926,7928,3,11
549755839633,39,7929,7929,1,15
137438959910,37,7932,7932,1,15
68719479955,36,7929,7930,2,17
137438959911,37,7931,7931,1,15
549755839648,39,7934,7934,1,9
137438959912,37,7935,7935,1,15
68719479956,36,7936,7940,5,17
34359739978,35,7941,7943,3,11
17179869989,34,7926,7932,7,10
549755839649,39,7933,7933,1,9
137438959913,37,7933,7934,2,15
1099511679314,40,7937,7938,2,9
137438959914,37,7939,7940,2,15
68719479957,36,7933,7935,3,17
2199023358630,41,7938,7938,1,4
1099511679315,40,7936,7936,1,9
2199023358631,41,7937,7937,1,4
549755839660,39,7940,7940,1,9
137438959915,37,7936,7938,3,15
549755839661,39,7939,7939,1,9
68719479958,36,7942,7943,2,17
34359739979,35,7933,7940,8,11
1099511679348,40,7943,7943,1,15
68719479959,36,7941,7941,1,17
1099511679349,40,7942,7942,1,15
68719479960,36,7945,7947,3,17
34359739980,35,7948,7949,2,11
17179869990,34,7950,7957,8,10
8589934995,33,7926,7943,18,8
137438959922,37,7946,7947,2,15
68719479961,36,7944,7944,1,17
274877919846,38,7947,7947,1,9
137438959923,37,7945,7945,1,15
274877919847,38,7946,7946,1,9
68719479962,36,7949,7949,1,17
34359739981,35,7944,7947,4,11
68719479963,36,7948,7948,1,17
549755839716,39,7951,7951,1,15
68719479964,36,7952,7956,5,17
34359739982,35,7957,7957,1,11
17179869991,34,7944,7949,6,10
549755839717,39,7950,7950,1,15
1099511679446,40,7953,7955,3,9
137438959930,37,7956,7956,1,15
68719479965,36,7950,7951,2,17
2199023358894,41,7954,7955,2,4
1099511679447,40,7952,7952,1,9
4398046717790,42,7955,7955,1,13
2199023358895,41,7953,7953,1,4
4398046717791,42,7954,7954,1,13
137438959931,37,7952,7955,4,15
34359739983,35,7950,7956,7,11
274877919872,38,7959,7961,3,15
68719479968,36,7962,7965,4,17
34359739984,35,7966,7968,3,11
17179869992,34,7969,7976,8,10
8589934996,33,7977,7993,17,8
4294967498,32,7994,8027,34,5
2147483749,31,7888,7957,70,3
8796093435950,43,7960,7960,1,4
549755839746,39,7961,7961,1,9
274877919873,38,7958,7958,1,15
8796093435951,43,7959,7959,1,4
549755839747,39,7959,7960,2,9
1099511679510,40,7963,7963,1,9
137438959938,37,7964,7965,2,15
68719479969,36,7958,7961,4,17
1099511679511,40,7962,7962,1,9
549755839758,39,7965,7965,1,9
137438959939,37,7962,7963,2,15
549755839759,39,7964,7964,1,9
68719479970,36,7967,7968,2,17
34359739985,35,7958,7965,8,11
137438959942,37,7968,7968,1,15
68719479971,36,7966,7966,1,17
137438959943,37,7967,7967,1,15
68719479972,36,7970,7970,1,17
34359739986,35,7971,7976,6,11
17179869993,34,7958,7968,11,10
68719479973,36,7969,7969,1,17
2199023359192,41,7972,7972,1,15
68719479974,36,7973,7976,4,17
34359739987,35,7969,7970,2,11
2199023359193,41,7971,7971,1,15
549755839802,39,7974,7974,1,9
137438959950,37,7975,7976,2,15
68719479975,36,7971,7972,2,17
549755839803,39,7973,7973,1,9
549755839806,39,7976,7976,1,9
137438959951,37,7973,7974,2,15
549755839807,39,7975,7975,1,9
549755839810,39,7978,7978,1,9
137438959952,37,7979,7980,2,15
68719479976,36,7981,7981,1,17
34359739988,35,7982,7982,1,11
17179869994,34,7983,7993,11,10
8589934997,33,7958,7976,19,8
549755839811,39,7977,7977,1,9
274877919906,38,7980,7980,1,9
137438959953,37,7977,7978,2,15
274877919907,38,7979,7979,1,9
68719479977,36,7977,7980,4,17
34359739989,35,7977,7981,5,11
137438959960,37,7984,7986,3,15
68719479980,36,7987,7988,2,17
34359739990,35,7989,7993,5,11
17179869995,34,7977,7982,6,10
274877919922,38,7985,7986,2,9
137438959961,37,7983,7983,1,15
549755839846,39,7986,7986,1,4
274877919923,38,7984,7984,1,9
549755839847,39,7985,7985,1,4
274877919924,38,7988,7988,1,15
68719479981,36,7983,7986,4,17
274877919925,38,7987,7987,1,15
70368747501892,46,7990,7990,1,4
549755839858,39,7991,7991,1,9
137438959964,37,7992,7992,1,15
68719479982,36,7993,7993,1,17
34359739991,35,7983,7988,6,11
70368747501893,46,7989,7989,1,4
549755839859,39,7989,7990,2,9
137438959965,37,7989,7991,3,15
68719479983,36,7989,7992,4,17
274877919936,38,7995,7996,2,9
137438959968,37,7997,7998,2,15
68719479984,36,7999,8003,5,17
34359739992,35,8004,8006,3,11
17179869996,34,8007,8014,8,10
8589934998,33,8015,8027,13,8
4294967499,32,7958,7993,36,5
1099511679750,40,7996,7996,1,4
274877919937,38,7994,7994,1,9
1099511679751,40,7995,7995,1,4
1099511679758,40,7998,7998,1,9
137438959969,37,7994,7996,3,15
1099511679759,40,7997,7997,1,9
274877919940,38,8000,8001,2,9
137438959970,37,8002,8003,2,15
68719479985,36,7994,7998,5,17
1099511679766,40,8001,8001,1,4
274877919941,38,7999,7999,1,9
1099511679767,40,8000,8000,1,4
274877919942,38,8003,8003,1,9
137438959971,37,7999,8001,3,15
274877919943,38,8002,8002,1,9
68719479986,36,8005,8006,2,17
34359739993,35,7994,8003,10,11
137438959974,37,8006,8006,1,15
68719479987,36,8004,8004,1,17
137438959975,37,8005,8005,1,15
274877919952,38,8008,8008,1,9
137438959976,37,8009,8009,1,15
68719479988,36,8010,8011,2,17
34359739994,35,8012,8014,3,11
17179869997,34,7994,8006,13,10
274877919953,38,8007,8007,1,9
137438959977,37,8007,8008,2,15
137438959978,37,8011,8011,1,15
68719479989,36,8007,8009,3,17
137438959979,37,8010,8010,1,15
137438959980,37,8013,8013,1,15
68719479990,36,8014,8014,1,17
34359739995,35,8007,8011,5,11
137438959981,37,8012,8012,1,15
68719479991,36,8012,8013,2,17
137438959986,37,8016,8017,2,17
34359739996,35,8018,8019,2,11
17179869998,34,8020,8027,8,10
8589934999,33,7994,8014,21,8
549755839950,39,8017,8017,1,15
137438959987,37,8015,8015,1,17
549755839951,39,8016,8016,1,15
68719479994,36,8019,8019,1,17
34359739997,35,8015,8017,3,11
68719479995,36,8018,8018,1,17
274877919984,38,8021,8022,2,15
68719479996,36,8023,8023,1,17
34359739998,35,8024,8027,4,11
17179869999,34,8015,8019,5,10
1099511679942,40,8022,8022,1,9
274877919985,38,8020,8020,1,15
1099511679943,40,8021,8021,1,9
68719479997,36,8020,8022,3,17
2199023359946,41,8025,8025,1,9
549755839986,39,8026,8026,1,15
68719479998,36,8027,8027,1,17
34359739999,35,8020,8023,4,11
2199023359947,41,8024,8024,1,9
549755839987,39,8024,8025,2,15
68719479999,36,8024,8026,3,17
68719480000,36,8029,8029,1,17
34359740000,35,8030,8033,4,11
17179870000,34,8034,8040,7,10
8589935000,33,8041,8063,23,8
4294967500,32,8064,8100,37,5
2147483750,31,8101,8179,79,3
1073741875,30,7888,8027,140,12
68719480001,36,8028,8028,1,17
274877920008,38,8031,8031,1,15
137438960004,37,8032,8033,2,17
34359740001,35,8028,8029,2,11
274877920009,38,8030,8030,1,15
274877920010,38,8033,8033,1,15
137438960005,37,8030,8031,2,17
274877920011,38,8032,8032,1,15
68719480004,36,8035,8037,3,17
34359740002,35,8038,8040,3,11
17179870001,34,8028,8033,6,10
274877920020,38,8036,8037,2,15
68719480005,36,8034,8034,1,17
1099511680086,40,8037,8037,1,9
274877920021,38,8035,8035,1,15
1099511680087,40,8036,8036,1,9
274877920024,38,8039,8039,1,15
68719480006,36,8040,8040,1,17
34359740003,35,8034,8037,4,11
274877920025,38,8038,8038,1,15
68719480007,36,8038,8039,2,17
137438960016,37,8042,8043,2,15
68719480008,36,8044,8044,1,17
34359740004,35,8045,8053,9,11
17179870002,34,8054,8063,10,10
8589935001,33,8028,8040,13,8
274877920034,38,8043,8043,1,9
137438960017,37,8041,8041,1,15
274877920035,38,8042,8042,1,9
68719480009,36,8041,8043,3,17
137438960020,37,8046,8050,5,15
68719480010,36,8051,8053,3,17
34359740005,35,8041,8044,4,11
1099511680168,40,8047,8047,1,13
549755840084,39,8048,8048,1,4
274877920042,38,8049,8050,2,9
137438960021,37,8045,8045,1,15
1099511680169,40,8046,8046,1,13
549755840085,39,8046,8047,2,4
549755840086,39,8050,8050,1,4
274877920043,38,8046,8048,3,9
549755840087,39,8049,8049,1,4
549755840088,39,8052,8052,1,9
274877920044,38,8053,8053,1,15
68719480011,36,8045,8050,6,17
549755840089,39,8051,8051,1,9
274877920045,38,8051,8052,2,15
68719480012,36,8055,8056,2,17
34359740006,35,8057,8063,7,11
17179870003,34,8041,8053,13,10
549755840106,39,8056,8056,1,15
68719480013,36,8054,8054,1,17
549755840107,39,8055,8055,1,15
137438960028,37,8058,8061,4,15
68719480014,36,8062,8063,2,17
34359740007,35,8054,8056,3,11
274877920058,38,8059,8061,3,9
137438960029,37,8057,8057,1,15
1099511680236,40,8060,8060,1,13
549755840118,39,8061,8061,1,4
274877920059,38,8058,8058,1,9
1099511680237,40,8059,8059,1,13
549755840119,39,8059,8060,2,4
137438960030,37,8063,8063,1,15
68719480015,36,8057,8061,5,17
137438960031,37,8062,8062,1,15
274877920064,38,8065,8065,1,9
137438960032,37,8066,8066,1,15
68719480016,36,8067,8067,1,17
34359740008,35,8068,8073,6,11
17179870004,34,8074,8081,8,10
8589935002,33,8082,8100,19,8
4294967501,32,8028,8063,36,5
274877920065,38,8064,8064,1,9
137438960033,37,8064,8065,2,15
68719480017,36,8064,8066,3,17
137438960036,37,8069,8072,4,15
68719480018,36,8073,8073,1,17
34359740009,35,8064,8067,4,11
274877920074,38,8070,8072,3,9
137438960037,37,8068,8068,1,15
1099511680300,40,8071,8072,2,4
274877920075,38,8069,8069,1,9
4398046721206,42,8072,8072,1,13
1099511680301,40,8070,8070,1,4
4398046721207,42,8071,8071,1,13
68719480019,36,8068,8072,5,17
274877920080,38,8075,8075,1,9
137438960040,37,8076,8076,1,15
68719480020,36,8077,8079,3,17
34359740010,35,8080,8081,2,11
17179870005,34,8064,8073,10,10
274877920081,38,8074,8074,1,9
137438960041,37,8074,8075,2,15
274877920084,38,8078,8078,1,9
137438960042,37,8079,8079,1,15
68719480021,36,8074,8076,3,17
274877920085,38,8077,8077,1,9
137438960043,37,8077,8078,2,15
137438960044,37,8081,8081,1,17
34359740011,35,8074,8079,6,11
137438960045,37,8080,8080,1,17
137438960048,37,8083,8083,1,15
68719480024,36,8084,8085,2,17
34359740012,35,8086,8094,9,11
17179870006,34,8095,8100,6,10
8589935003,33,8064,8081,18,8
137438960049,37,8082,8082,1,15
137438960050,37,8085,8085,1,15
68719480025,36,8082,8083,2,17
137438960051,37,8084,8084,1,15
274877920104,38,8087,8088,2,9
137438960052,37,8089,8090,2,15
68719480026,36,8091,8094,4,17
34359740013,35,8082,8085,4,11
549755840210,39,8088,8088,1,4
274877920105,38,8086,8086,1,9
549755840211,39,8087,8087,1,4
274877920106,38,8090,8090,1,9
137438960053,37,8086,8088,3,15
274877920107,38,8089,8089,1,9
274877920108,38,8092,8092,1,9
137438960054,37,8093,8094,2,15
68719480027,36,8086,8090,5,17
274877920109,38,8091,8091,1,9
274877920110,38,8094,8094,1,9
137438960055,37,8091,8092,2,15
274877920111,38,8093,8093,1,9
137438960056,37,8096,8096,1,15
68719480028,36,8097,8097,1,17
34359740014,35,8098,8100,3,11
17179870007,34,8082,8094,13,10
137438960057,37,8095,8095,1,15
68719480029,36,8095,8096,2,17
137438960060,37,8099,8099,1,15
68719480030,36,8100,8100,1,17
34359740015,35,8095,8097,3,11
137438960061,37,8098,8098,1,15
68719480031,36,8098,8099,2,17
274877920128,38,8102,8102,1,9
137438960064,37,8103,8104,2,15
68719480032,36,8105,8110,6,17
34359740016,35,8111,8113,3,11
17179870008,34,8114,8129,16,10
8589935004,33,8130,8146,17,8
4294967502,32,8147,8179,33,5
2147483751,31,8028,8100,73,3
274877920129,38,8101,8101,1,9
2199023361050,41,8104,8104,1,9
137438960065,37,8101,8102,2,15
2199023361051,41,8103,8103,1,9
1099511680532,40,8106,8106,1,9
137438960066,37,8107,8110,4,15
68719480033,36,8101,8104,4,17
1099511680533,40,8105,8105,1,9
1099511680536,40,8108,8108,1,4
274877920134,38,8109,8110,2,9
137438960067,37,8105,8106,2,15
1099511680537,40,8107,8107,1,4
1099511680542,40,8110,8110,1,4
274877920135,38,8107,8108,2,9
1099511680543,40,8109,8109,1,4
549755840274,39,8112,8112,1,15
68719480034,36,8113,8113,1,17
34359740017,35,8101,8110,10,11
549755840275,39,8111,8111,1,15
68719480035,36,8111,8112,2,17
274877920144,38,8115,8116,2,9
137438960072,37,8117,8117,1,15
68719480036,36,8118,8123,6,17
34359740018,35,8124,8129,6,11
17179870009,34,8101,8113,13,10
4398046722330,42,8116,8116,1,4
274877920145,38,8114,8114,1,9
4398046722331,42,8115,8115,1,4
137438960073,37,8114,8116,3,15
549755840296,39,8119,8119,1,4
274877920148,38,8120,8120,1,9
137438960074,37,8121,8123,3,15
68719480037,36,8114,8117,4,17
549755840297,39,8118,8118,1,4
274877920149,38,8118,8119,2,9
1099511680602,40,8122,8122,1,4
274877920150,38,8123,8123,1,9
137438960075,37,8118,8120,3,15
1099511680603,40,8121,8121,1,4
274877920151,38,8121,8122,2,9
549755840306,39,8125,8126,2,9
137438960076,37,8127,8128,2,15
68719480038,36,8129,8129,1,17
34359740019,35,8114,8123,10,11
4398046722462,42,8126,8126,1,4
549755840307,39,8124,8124,1,9
4398046722463,42,8125,8125,1,4
274877920154,38,8128,8128,1,9
137438960077,37,8124,8126,3,15
274877920155,38,8127,8127,1,9
68719480039,36,8124,8128,5,17
137438960080,37,8131,8133,3,15
68719480040,36,8134,8134,1,17
34359740020,35,8135,8139,5,11
17179870010,34,8140,8146,7,10
8589935005,33,8101,8129,29,8
2199023361304,41,8132,8132,1,4
1099511680652,40,8133,8133,1,9
137438960081,37,8130,8130,1,15
2199023361305,41,8131,8131,1,4
1099511680653,40,8131,8132,2,9
68719480041,36,8130,8133,4,17
2199023361344,41,8136,8136,1,9
137438960084,37,8137,8137,1,15
68719480042,36,8138,8139,2,17
34359740021,35,8130,8134,5,11
2199023361345,41,8135,8135,1,9
137438960085,37,8135,8136,2,15
274877920174,38,8139,8139,1,15
68719480043,36,8135,8137,3,17
274877920175,38,8138,8138,1,15
68719480044,36,8141,8144,4,17
34359740022,35,8145,8146,2,11
17179870011,34,8130,8139,10,10
137438960090,37,8142,8144,3,15
68719480045,36,8140,8140,1,17
274877920182,38,8143,8144,2,9
137438960091,37,8141,8141,1,15
549755840366,39,8144,8144,1,4
274877920183,38,8142,8142,1,9
549755840367,39,8143,8143,1,4
68719480046,36,8146,8146,1,17
34359740023,35,8140,8144,5,11
68719480047,36,8145,8145,1,17
137438960096,37,8148,8148,1,15
68719480048,36,8149,8149,1,17
34359740024,35,8150,8154,5,11
17179870012,34,8155,8166,12,10
8589935006,33,8167,8179,13,8
4294967503,32,8101,8146,46,5
137438960097,37,8147,8147,1,15
68719480049,36,8147,8148,2,17
137438960100,37,8151,8152,2,15
68719480050,36,8153,8154,2,17
34359740025,35,8147,8149,3,11
274877920202,38,8152,8152,1,9
137438960101,37,8150,8150,1,15
274877920203,38,8151,8151,1,9
137438960102,37,8154,8154,1,15
68719480051,36,8150,8152,3,17
137438960103,37,8153,8153,1,15
137438960104,37,8156,8156,1,15
68719480052,36,8157,8157,1,17
34359740026,35,8158,8166,9,11
17179870013,34,8147,8154,8,10
137438960105,37,8155,8155,1,15
68719480053,36,8155,8156,2,17
8796093446916,43,8159,8159,1,4
1099511680864,40,8160,8162,3,9
274877920216,38,8163,8163,1,15
68719480054,36,8164,8166,3,17
34359740027,35,8155,8157,3,11
8796093446917,43,8158,8158,1,4
4398046723460,42,8161,8161,1,13
2199023361730,41,8162,8162,1,4
1099511680865,40,8158,8159,2,9
4398046723461,42,8160,8160,1,13
2199023361731,41,8160,8161,2,4
274877920217,38,8158,8162,5,15
274877920220,38,8165,8166,2,15
68719480055,36,8158,8163,6,17
2199023361772,41,8166,8166,1,9
274877920221,38,8164,8164,1,15
2199023361773,41,8165,8165,1,9
137438960112,37,8168,8168,1,15
68719480056,36,8169,8171,3,17
34359740028,35,8172,8172,1,11
17179870014,34,8173,8179,7,10
8589935007,33,8147,8166,20,8
137438960113,37,8167,8167,1,15
549755840456,39,8170,8170,1,9
274877920228,38,8171,8171,1,15
68719480057,36,8167,8168,2,17
549755840457,39,8169,8169,1,9
274877920229,38,8169,8170,2,15
34359740029,35,8167,8171,5,11
68719480060,36,8174,8174,1,17
34359740030,35,8175,8179,5,11
17179870015,34,8167,8172,6,10
68719480061,36,8173,8173,1,17
137438960124,37,8176,8177,2,15
68719480062,36,8178,8179,2,17
34359740031,35,8173,8174,2,11
549755840502,39,8177,8177,1,9
137438960125,37,8175,8175,1,15
549755840503,39,8176,8176,1,9
274877920252,38,8179,8179,1,15
68719480063,36,8175,8177,3,17
274877920253,38,8178,8178,1,15
137438960128,37,8181,8183,3,10
68719480064,36,8184,8186,3,15
34359740032,35,8187,8194,8,11
17179870016,34,8195,8206,12,4
8589935008,33,8207,8226,20,8
4294967504,32,8227,8273,47,12
2147483752,31,8274,8341,68,14
1073741876,30,8342,8494,153,5
536870938,29,8495,8797,303,3
268435469,28,7570,8179,610,2
2199023362064,41,8182,8182,1,17
1099511681032,40,8183,8183,1,9
137438960129,37,8180,8180,1,10
2199023362065,41,8181,8181,1,17
1099511681033,40,8181,8182,2,9
274877920260,38,8185,8185,1,9
137438960130,37,8186,8186,1,10
68719480065,36,8180,8183,4,15
274877920261,38,8184,8184,1,9
137438960131,37,8184,8185,2,10
2199023362118,41,8188,8188,1,17
274877920264,38,8189,8190,2,9
137438960132,37,8191,8191,1,10
68719480066,36,8192,8194,3,15
34359740033,35,8180,8186,7,11
2199023362119,41,8187,8187,1,17
1099511681062,40,8190,8190,1,17
274877920265,38,8187,8188,2,9
1099511681063,40,8189,8189,1,17
137438960133,37,8187,8190,4,10
137438960134,37,8193,8194,2,10
68719480067,36,8187,8191,5,15
549755840540,39,8194,8194,1,9
137438960135,37,8192,8192,1,10
549755840541,39,8193,8193,1,9
274877920272,38,8196,8196,1,9
137438960136,37,8197,8199,3,10
68719480068,36,8200,8201,2,15
34359740034,35,8202,8206,5,11
17179870017,34,8180,8194,15,4
274877920273,38,8195,8195,1,9
274877920274,38,8198,8199,2,9
137438960137,37,8195,8196,2,10
549755840550,39,8199,8199,1,17
274877920275,38,8197,8197,1,9
549755840551,39,8198,8198,1,17
274877920278,38,8201,8201,1,10
68719480069,36,8195,8199,5,15
274877920279,38,8200,8200,1,10
274877920282,38,8203,8203,1,10
68719480070,36,8204,8206,3,15
34359740035,35,8195,8201,7,11
274877920283,38,8202,8202,1,10
549755840568,39,8205,8205,1,9
137438960142,37,8206,8206,1,10
68719480071,36,8202,8203,2,15
549755840569,39,8204,8204,1,9
137438960143,37,8204,8205,2,10
68719480072,36,8208,8211,4,15
34359740036,35,8212,8216,5,11
17179870018,34,8217,8226,10,4
8589935009,33,8180,8206,27,8
549755840588,39,8209,8210,2,9
274877920294,38,8211,8211,1,10
68719480073,36,8207,8207,1,15
4398046724714,42,8210,8210,1,17
549755840589,39,8208,8208,1,9
4398046724715,42,8209,8209,1,17
274877920295,38,8208,8210,3,10
274877920296,38,8213,8213,1,9
137438960148,37,8214,8215,2,10
68719480074,36,8216,8216,1,15
34359740037,35,8207,8211,5,11
274877920297,38,8212,8212,1,9
549755840598,39,8215,8215,1,9
137438960149,37,8212,8213,2,10
549755840599,39,8214,8214,1,9
68719480075,36,8212,8215,4,15
1099511681218,40,8218,8218,1,9
137438960152,37,8219,8219,1,10
68719480076,36,8220,8221,2,15
34359740038,35,8222,8226,5,11
17179870019,34,8207,8216,10,4
1099511681219,40,8217,8217,1,9
137438960153,37,8217,8218,2,10
137438960154,37,8221,8221,1,10
68719480077,36,8217,8219,3,15
137438960155,37,8220,8220,1,10
1099511681248,40,8223,8223,1,9
274877920312,38,8224,8224,1,10
68719480078,36,8225,8226,2,15
34359740039,35,8217,8221,5,11
1099511681249,40,8222,8222,1,9
274877920313,38,8222,8223,2,10
274877920318,38,8226,8226,1,10
68719480079,36,8222,8224,3,15
274877920319,38,8225,8225,1,10
274877920320,38,8228,8229,2,9
137438960160,37,8230,8231,2,10
68719480080,36,8232,8234,3,15
34359740040,35,8235,8241,7,11
17179870020,34,8242,8251,10,4
8589935010,33,8252,8273,22,8
4294967505,32,8180,8226,47,12
2199023362574,41,8229,8229,1,17
274877920321,38,8227,8227,1,9
2199023362575,41,8228,8228,1,17
274877920322,38,8231,8231,1,9
137438960161,37,8227,8229,3,10
274877920323,38,8230,8230,1,9
1099511681300,40,8233,8233,1,9
137438960162,37,8234,8234,1,10
68719480081,36,8227,8231,5,15
1099511681301,40,8232,8232,1,9
137438960163,37,8232,8233,2,10
137438960164,37,8236,8237,2,10
68719480082,36,8238,8241,4,15
34359740041,35,8227,8234,8,11
274877920330,38,8237,8237,1,9
137438960165,37,8235,8235,1,10
274877920331,38,8236,8236,1,9
1099511681328,40,8239,8239,1,17
274877920332,38,8240,8240,1,9
137438960166,37,8241,8241,1,10
68719480083,36,8235,8237,3,15
1099511681329,40,8238,8238,1,17
274877920333,38,8238,8239,2,9
137438960167,37,8238,8240,3,10
68719480084,36,8243,8245,3,15
34359740042,35,8246,8251,6,11
17179870021,34,8227,8241,15,4
274877920342,38,8244,8245,2,10
68719480085,36,8242,8242,1,15
549755840686,39,8245,8245,1,9
274877920343,38,8243,8243,1,10
549755840687,39,8244,8244,1,9
137438960172,37,8247,8248,2,10
68719480086,36,8249,8251,3,15
34359740043,35,8242,8245,4,11
274877920346,38,8248,8248,1,9
137438960173,37,8246,8246,1,10
274877920347,38,8247,8247,1,9
274877920350,38,8250,8251,2,10
68719480087,36,8246,8248,3,15
549755840702,39,8251,8251,1,9
274877920351,38,8249,8249,1,10
549755840703,39,8250,8250,1,9
68719480088,36,8253,8260,8,15
34359740044,35,8261,8263,3,11
17179870022,34,8264,8273,10,4
8589935011,33,8227,8251,25,8
549755840712,39,8254,8254,1,17
274877920356,38,8255,8258,4,9
137438960178,37,8259,8260,2,10
68719480089,36,8252,8252,1,15
549755840713,39,8253,8253,1,17
2199023362856,41,8256,8256,1,16
1099511681428,40,8257,8257,1,13
549755840714,39,8258,8258,1,17
274877920357,38,8253,8254,2,9
2199023362857,41,8255,8255,1,16
1099511681429,40,8255,8256,2,13
549755840715,39,8255,8257,3,17
1099511681438,40,8260,8260,1,9
137438960179,37,8253,8258,6,10
1099511681439,40,8259,8259,1,9
137438960180,37,8262,8262,1,10
68719480090,36,8263,8263,1,15
34359740045,35,8252,8260,9,11
137438960181,37,8261,8261,1,10
68719480091,36,8261,8262,2,15
137438960184,37,8265,8265,1,10
68719480092,36,8266,8267,2,15
34359740046,35,8268,8273,6,11
17179870023,34,8252,8263,12,4
137438960185,37,8264,8264,1,10
137438960186,37,8267,8267,1,10
68719480093,36,8264,8265,2,15
137438960187,37,8266,8266,1,10
137438960188,37,8269,8270,2,10
68719480094,36,8271,8273,3,15
34359740047,35,8264,8267,4,11
70368747617136,46,8270,8270,1,9
137438960189,37,8268,8268,1,10
70368747617137,46,8269,8269,1,9
137438960190,37,8272,8273,2,10
68719480095,36,8268,8270,3,15
549755840766,39,8273,8273,1,9
137438960191,37,8271,8271,1,10
549755840767,39,8272,8272,1,9
137438960194,37,8275,8276,2,15
34359740048,35,8277,8281,5,11
17179870024,34,8282,8288,7,4
8589935012,33,8289,8310,22,8
4294967506,32,8311,8341,31,12
2147483753,31,8180,8273,94,14
549755840780,39,8276,8276,1,10
137438960195,37,8274,8274,1,15
549755840781,39,8275,8275,1,10
137438960196,37,8278,8279,2,10
68719480098,36,8280,8281,2,15
34359740049,35,8274,8276,3,11
2199023363156,41,8279,8279,1,9
137438960197,37,8277,8277,1,10
2199023363157,41,8278,8278,1,9
4398046726358,42,8281,8281,1,10
68719480099,36,8277,8279,3,15
4398046726359,42,8280,8280,1,10
274877920400,38,8283,8283,1,10
68719480100,36,8284,8284,1,15
34359740050,35,8285,8288,4,11
17179870025,34,8274,8281,8,4
274877920401,38,8282,8282,1,10
68719480101,36,8282,8283,2,15
137438960204,37,8286,8287,2,10
68719480102,36,8288,8288,1,15
34359740051,35,8282,8284,3,11
274877920410,38,8287,8287,1,9
137438960205,37,8285,8285,1,10
274877920411,38,8286,8286,1,9
68719480103,36,8285,8287,3,15
137438960208,37,8290,8291,2,10
68719480104,36,8292,8296,5,15
34359740052,35,8297,8302,6,11
17179870026,34,8303,8310,8,4
8589935013,33,8274,8288,15,8
274877920418,38,8291,8291,1,9
137438960209,37,8289,8289,1,10
274877920419,38,8290,8290,1,9
274877920420,38,8293,8293,1,9
137438960210,37,8294,8296,3,10
68719480105,36,8289,8291,3,15
274877920421,38,8292,8292,1,9
549755840844,39,8295,8295,1,17
274877920422,38,8296,8296,1,9
137438960211,37,8292,8293,2,10
549755840845,39,8294,8294,1,17
274877920423,38,8294,8295,2,9
137438960212,37,8298,8298,1,10
68719480106,36,8299,8302,4,15
34359740053,35,8289,8296,8,11
137438960213,37,8297,8297,1,10
137438960214,37,8300,8302,3,10
68719480107,36,8297,8298,2,15
549755840862,39,8301,8302,2,9
137438960215,37,8299,8299,1,10
8796093453818,43,8302,8302,1,17
549755840863,39,8300,8300,1,9
8796093453819,43,8301,8301,1,17
1099511681732,40,8304,8304,1,10
68719480108,36,8305,8305,1,15
34359740054,35,8306,8310,5,11
17179870027,34,8289,8302,14,4
1099511681733,40,8303,8303,1,10
68719480109,36,8303,8304,2,15
549755840880,39,8307,8307,1,10
68719480110,36,8308,8310,3,15
34359740055,35,8303,8305,3,11
549755840881,39,8306,8306,1,10
137438960222,37,8309,8310,2,10
68719480111,36,8306,8307,2,15
274877920446,38,8310,8310,1,9
137438960223,37,8308,8308,1,10
274877920447,38,8309,8309,1,9
274877920448,38,8312,8312,1,9
137438960224,37,8313,8313,1,10
68719480112,36,8314,8314,1,15
34359740056,35,8315,8319,5,11
17179870028,34,8320,8326,7,4
8589935014,33,8327,8341,15,8
4294967507,32,8274,8310,37,12
274877920449,38,8311,8311,1,9
137438960225,37,8311,8312,2,10
68719480113,36,8311,8313,3,15
274877920456,38,8316,8316,1,9
137438960228,37,8317,8317,1,10
68719480114,36,8318,8319,2,15
34359740057,35,8311,8314,4,11
274877920457,38,8315,8315,1,9
137438960229,37,8315,8316,2,10
274877920462,38,8319,8319,1,10
68719480115,36,8315,8317,3,15
274877920463,38,8318,8318,1,10
274877920464,38,8321,8321,1,10
137438960232,37,8322,8322,1,15
68719480116,36,8323,8326,4,11
17179870029,34,8311,8319,9,4
274877920465,38,8320,8320,1,10
137438960233,37,8320,8321,2,15
1099511681872,40,8324,8324,1,9
274877920468,38,8325,8325,1,10
137438960234,37,8326,8326,1,15
68719480117,36,8320,8322,3,11
1099511681873,40,8323,8323,1,9
274877920469,38,8323,8324,2,10
137438960235,37,8323,8325,3,15
68719480120,36,8328,8330,3,15
34359740060,35,8331,8332,2,11
17179870030,34,8333,8341,9,4
8589935015,33,8311,8326,16,8
2199023363886,41,8329,8329,1,9
137438960242,37,8330,8330,1,10
68719480121,36,8327,8327,1,15
2199023363887,41,8328,8328,1,9
137438960243,37,8328,8329,2,10
274877920494,38,8332,8332,1,15
34359740061,35,8327,8330,4,11
274877920495,38,8331,8331,1,15
137438960248,37,8334,8334,1,10
68719480124,36,8335,8336,2,15
34359740062,35,8337,8341,5,11
17179870031,34,8327,8332,6,4
137438960249,37,8333,8333,1,10
137438960250,37,8336,8336,1,10
68719480125,36,8333,8334,2,15
137438960251,37,8335,8335,1,10
274877920504,38,8338,8338,1,9
137438960252,37,8339,8340,2,10
68719480126,36,8341,8341,1,15
34359740063,35,8333,8336,4,11
274877920505,38,8337,8337,1,9
1099511682024,40,8340,8340,1,9
137438960253,37,8337,8338,2,10
1099511682025,40,8339,8339,1,9
68719480127,36,8337,8340,4,15
274877920514,38,8343,8344,2,10
68719480128,36,8345,8348,4,15
34359740064,35,8349,8354,6,11
17179870032,34,8355,8360,6,4
8589935016,33,8361,8377,17,8
4294967508,32,8378,8414,37,12
2147483754,31,8415,8494,80,14
1073741877,30,8180,8341,162,5
1099511682060,40,8344,8344,1,9
274877920515,38,8342,8342,1,10
1099511682061,40,8343,8343,1,9
549755841032,39,8346,8346,1,17
274877920516,38,8347,8347,1,9
137438960258,37,8348,8348,1,10
68719480129,36,8342,8344,3,15
549755841033,39,8345,8345,1,17
274877920517,38,8345,8346,2,9
137438960259,37,8345,8347,3,10
274877920520,38,8350,8350,1,9
137438960260,37,8351,8352,2,10
68719480130,36,8353,8354,2,15
34359740065,35,8342,8348,7,11
274877920521,38,8349,8349,1,9
274877920522,38,8352,8352,1,9
137438960261,37,8349,8350,2,10
274877920523,38,8351,8351,1,9
137438960262,37,8354,8354,1,10
68719480131,36,8349,8352,4,15
137438960263,37,8353,8353,1,10
68719480132,36,8356,8358,3,15
34359740066,35,8359,8360,2,11
17179870033,34,8342,8354,13,4
137438960266,37,8357,8358,2,10
68719480133,36,8355,8355,1,15
549755841068,39,8358,8358,1,9
137438960267,37,8356,8356,1,10
549755841069,39,8357,8357,1,9
68719480134,36,8360,8360,1,15
34359740067,35,8355,8358,4,11
68719480135,36,8359,8359,1,15
274877920548,38,8362,8362,1,15
34359740068,35,8363,8367,5,11
17179870034,34,8368,8377,10,4
8589935017,33,8342,8360,19,8
274877920549,38,8361,8361,1,15
274877920554,38,8364,8364,1,10
68719480138,36,8365,8367,3,15
34359740069,35,8361,8362,2,11
274877920555,38,8363,8363,1,10
137438960278,37,8366,8367,2,10
68719480139,36,8363,8364,2,15
1099511682238,40,8367,8367,1,9
137438960279,37,8365,8365,1,10
1099511682239,40,8366,8366,1,9
274877920560,38,8369,8369,1,10
68719480140,36,8370,8370,1,15
34359740070,35,8371,8377,7,11
17179870035,34,8361,8367,7,4
274877920561,38,8368,8368,1,10
68719480141,36,8368,8369,2,15
137438960284,37,8372,8373,2,10
68719480142,36,8374,8377,4,15
34359740071,35,8368,8370,3,11
2199023364562,41,8373,8373,1,9
137438960285,37,8371,8371,1,10
2199023364563,41,8372,8372,1,9
1099511682290,40,8375,8375,1,17
274877920572,38,8376,8376,1,9
137438960286,37,8377,8377,1,10
68719480143,36,8371,8373,3,15
1099511682291,40,8374,8374,1,17
274877920573,38,8374,8375,2,9
137438960287,37,8374,8376,3,10
137438960288,37,8379,8379,1,10
68719480144,36,8380,8382,3,15
34359740072,35,8383,8389,7,11
17179870036,34,8390,8396,7,4
8589935018,33,8397,8414,18,8
4294967509,32,8342,8377,36,12
137438960289,37,8378,8378,1,10
137438960290,37,8381,8382,2,10
68719480145,36,8378,8379,2,15
549755841166,39,8382,8382,1,9
137438960291,37,8380,8380,1,10
549755841167,39,8381,8381,1,9
1099511682340,40,8384,8384,1,17
549755841170,39,8385,8386,2,9
137438960292,37,8387,8387,1,10
68719480146,36,8388,8389,2,15
34359740073,35,8378,8382,5,11
1099511682341,40,8383,8383,1,17
4398046729370,42,8386,8386,1,17
549755841171,39,8383,8384,2,9
4398046729371,42,8385,8385,1,17
137438960293,37,8383,8386,4,10
137438960294,37,8389,8389,1,10
68719480147,36,8383,8387,5,15
137438960295,37,8388,8388,1,10
34359740074,35,8391,8396,6,11
17179870037,34,8378,8389,12,4
137438960300,37,8392,8393,2,10
68719480150,36,8394,8396,3,15
34359740075,35,8390,8390,1,11
274877920602,38,8393,8393,1,9
137438960301,37,8391,8391,1,10
274877920603,38,8392,8392,1,9
274877920604,38,8395,8396,2,10
68719480151,36,8391,8393,3,15
1099511682420,40,8396,8396,1,9
274877920605,38,8394,8394,1,10
1099511682421,40,8395,8395,1,9
137438960306,37,8398,8399,2,15
34359740076,35,8400,8403,4,11
17179870038,34,8404,8414,11,4
8589935019,33,8378,8396,19,8
274877920614,38,8399,8399,1,10
137438960307,37,8397,8397,1,15
274877920615,38,8398,8398,1,10
17592186919654,44,8401,8401,1,10
68719480154,36,8402,8403,2,15
34359740077,35,8397,8399,3,11
17592186919655,44,8400,8400,1,10
35184373839594,45,8403,8403,1,10
68719480155,36,8400,8401,2,15
35184373839595,45,8402,8402,1,10
4398046729994,42,8405,8405,1,17
1099511682498,40,8406,8406,1,9
137438960312,37,8407,8408,2,10
68719480156,36,8409,8410,2,15
34359740078,35,8411,8414,4,11
17179870039,34,8397,8403,7,4
4398046729995,42,8404,8404,1,17
1099511682499,40,8404,8405,2,9
35184373840134,45,8408,8408,1,9
137438960313,37,8404,8406,3,10
35184373840135,45,8407,8407,1,9
137438960314,37,8410,8410,1,10
68719480157,36,8404,8408,5,15
137438960315,37,8409,8409,1,10
137438960316,37,8412,8413,2,10
68719480158,36,8414,8414,1,15
34359740079,35,8404,8410,7,11
1099511682538,40,8413,8413,1,9
137438960317,37,8411,8411,1,10
1099511682539,40,8412,8412,1,9
68719480159,36,8411,8413,3,15
68719480160,36,8416,8416,1,15
34359740080,35,8417,8424,8,11
17179870040,34,8425,8432,8,4
8589935020,33,8433,8455,23,8
4294967510,32,8456,8494,39,12
2147483755,31,8342,8414,73,14
68719480161,36,8415,8415,1,15
137438960324,37,8418,8421,4,10
68719480162,36,8422,8424,3,15
34359740081,35,8415,8416,2,11
2199023365202,41,8419,8419,1,13
549755841300,39,8420,8420,1,17
274877920650,38,8421,8421,1,9
137438960325,37,8417,8417,1,10
2199023365203,41,8418,8418,1,13
549755841301,39,8418,8419,2,17
274877920651,38,8418,8420,3,9
17592186921760,44,8423,8423,1,9
274877920652,38,8424,8424,1,10
68719480163,36,8417,8421,5,15
17592186921761,44,8422,8422,1,9
274877920653,38,8422,8423,2,10
137438960328,37,8426,8426,1,10
68719480164,36,8427,8427,1,15
34359740082,35,8428,8432,5,11
17179870041,34,8415,8424,10,4
137438960329,37,8425,8425,1,10
68719480165,36,8425,8426,2,15
274877920664,38,8429,8430,2,9
137438960332,37,8431,8431,1,10
68719480166,36,8432,8432,1,15
34359740083,35,8425,8427,3,11
1099511682660,40,8430,8430,1,17
274877920665,38,8428,8428,1,9
1099511682661,40,8429,8429,1,17
137438960333,37,8428,8430,3,10
68719480167,36,8428,8431,4,15
549755841344,39,8434,8434,1,9
137438960336,37,8435,8437,3,10
68719480168,36,8438,8442,5,15
34359740084,35,8443,8447,5,11
17179870042,34,8448,8455,8,4
8589935021,33,8415,8432,18,8
549755841345,39,8433,8433,1,9
274877920674,38,8436,8437,2,9
137438960337,37,8433,8434,2,10
549755841350,39,8437,8437,1,17
274877920675,38,8435,8435,1,9
549755841351,39,8436,8436,1,17
137438960338,37,8439,8442,4,10
68719480169,36,8433,8437,5,15
274877920678,38,8440,8442,3,9
137438960339,37,8438,8438,1,10
1099511682716,40,8441,8441,1,13
549755841358,39,8442,8442,1,17
274877920679,38,8439,8439,1,9
1099511682717,40,8440,8440,1,13
549755841359,39,8440,8441,2,17
274877920682,38,8444,8444,1,10
68719480170,36,8445,8447,3,15
34359740085,35,8433,8442,10,11
274877920683,38,8443,8443,1,10
274877920684,38,8446,8446,1,9
137438960342,37,8447,8447,1,10
68719480171,36,8443,8444,2,15
274877920685,38,8445,8445,1,9
137438960343,37,8445,8446,2,10
137438960344,37,8449,8451,3,10
68719480172,36,8452,8452,1,15
34359740086,35,8453,8455,3,11
17179870043,34,8433,8447,15,4
274877920690,38,8450,8451,2,9
137438960345,37,8448,8448,1,10
4398046731068,42,8451,8451,1,17
274877920691,38,8449,8449,1,9
4398046731069,42,8450,8450,1,17
68719480173,36,8448,8451,4,15
68719480174,36,8454,8455,2,15
34359740087,35,8448,8452,5,11
274877920700,38,8455,8455,1,10
68719480175,36,8453,8453,1,15
274877920701,38,8454,8454,1,10
137438960352,37,8457,8459,3,10
68719480176,36,8460,8461,2,15
34359740088,35,8462,8464,3,11
17179870044,34,8465,8473,9,4
8589935022,33,8474,8494,21,8
4294967511,32,8415,8455,41,12
274877920706,38,8458,8459,2,9
137438960353,37,8456,8456,1,10
4398046731322,42,8459,8459,1,17
274877920707,38,8457,8457,1,9
4398046731323,42,8458,8458,1,17
137438960354,37,8461,8461,1,10
68719480177,36,8456,8459,4,15
137438960355,37,8460,8460,1,10
2199023365696,41,8463,8463,1,10
68719480178,36,8464,8464,1,15
34359740089,35,8456,8461,6,11
2199023365697,41,8462,8462,1,10
68719480179,36,8462,8463,2,15
68719480180,36,8466,8468,3,15
34359740090,35,8469,8473,5,11
17179870045,34,8456,8464,9,4
274877920724,38,8467,8467,1,9
137438960362,37,8468,8468,1,10
68719480181,36,8465,8465,1,15
274877920725,38,8466,8466,1,9
137438960363,37,8466,8467,2,10
137438960364,37,8470,8471,2,10
68719480182,36,8472,8473,2,15
34359740091,35,8465,8468,4,11
274877920730,38,8471,8471,1,9
137438960365,37,8469,8469,1,10
274877920731,38,8470,8470,1,9
137438960366,37,8473,8473,1,10
68719480183,36,8469,8471,3,15
137438960367,37,8472,8472,1,10
274877920736,38,8475,8475,1,10
68719480184,36,8476,8480,5,15
34359740092,35,8481,8484,4,11
17179870046,34,8485,8494,10,4
8589935023,33,8456,8473,18,8
274877920737,38,8474,8474,1,10
549755841480,39,8477,8477,1,17
274877920740,38,8478,8478,1,9
137438960370,37,8479,8480,2,10
68719480185,36,8474,8475,2,15
549755841481,39,8476,8476,1,17
274877920741,38,8476,8477,2,9
1099511682968,40,8480,8480,1,9
137438960371,37,8476,8478,3,10
1099511682969,40,8479,8479,1,9
549755841490,39,8482,8482,1,9
137438960372,37,8483,8483,1,10
68719480186,36,8484,8484,1,15
34359740093,35,8474,8480,7,11
549755841491,39,8481,8481,1,9
137438960373,37,8481,8482,2,10
68719480187,36,8481,8483,3,15
549755841504,39,8486,8486,1,10
137438960376,37,8487,8487,1,15
34359740094,35,8488,8494,7,11
17179870047,34,8474,8484,11,4
549755841505,39,8485,8485,1,10
137438960377,37,8485,8486,2,15
549755841520,39,8489,8489,1,9
137438960380,37,8490,8490,1,10
68719480190,36,8491,8494,4,15
34359740095,35,8485,8487,3,11
549755841521,39,8488,8488,1,9
137438960381,37,8488,8489,2,10
137438960382,37,8492,8494,3,10
68719480191,36,8488,8490,3,15
274877920766,38,8493,8494,2,9
137438960383,37,8491,8491,1,10
549755841534,39,8494,8494,1,17
274877920767,38,8492,8492,1,9
549755841535,39,8493,8493,1,17
274877920768,38,8496,8496,1,10
68719480192,36,8497,8497,1,15
34359740096,35,8498,8503,6,11
17179870048,34,8504,8513,10,4
8589935024,33,8514,8529,16,8
4294967512,32,8530,8561,32,12
2147483756,31,8562,8639,78,14
1073741878,30,8640,8797,158,5
536870939,29,8180,8494,315,3
274877920769,38,8495,8495,1,10
68719480193,36,8495,8496,2,15
274877920776,38,8499,8500,2,9
137438960388,37,8501,8501,1,10
68719480194,36,8502,8503,2,15
34359740097,35,8495,8497,3,11
549755841554,39,8500,8500,1,17
274877920777,38,8498,8498,1,9
549755841555,39,8499,8499,1,17
137438960389,37,8498,8500,3,10
274877920782,38,8503,8503,1,10
68719480195,36,8498,8501,4,15
274877920783,38,8502,8502,1,10
137438960392,37,8505,8507,3,10
68719480196,36,8508,8509,2,15
34359740098,35,8510,8513,4,11
17179870049,34,8495,8503,9,4
274877920786,38,8506,8507,2,9
137438960393,37,8504,8504,1,10
2199023366300,41,8507,8507,1,17
274877920787,38,8505,8505,1,9
2199023366301,41,8506,8506,1,17
1099511683160,40,8509,8509,1,10
68719480197,36,8504,8507,4,15
1099511683161,40,8508,8508,1,10
2199023366348,41,8511,8511,1,10
68719480198,36,8512,8513,2,15
34359740099,35,8504,8509,6,11
2199023366349,41,8510,8510,1,10
549755841596,39,8513,8513,1,10
68719480199,36,8510,8511,2,15
549755841597,39,8512,8512,1,10
68719480200,36,8515,8519,5,15
34359740100,35,8520,8523,4,11
17179870050,34,8524,8529,6,4
8589935025,33,8495,8513,19,8
274877920804,38,8516,8516,1,9
137438960402,37,8517,8519,3,10
68719480201,36,8514,8514,1,15
274877920805,38,8515,8515,1,9
274877920806,38,8518,8519,2,9
137438960403,37,8515,8516,2,10
1099511683228,40,8519,8519,1,17
274877920807,38,8517,8517,1,9
1099511683229,40,8518,8518,1,17
68719480202,36,8521,8523,3,15
34359740101,35,8514,8519,6,11
274877920812,38,8522,8523,2,10
68719480203,36,8520,8520,1,15
1099511683254,40,8523,8523,1,9
274877920813,38,8521,8521,1,10
1099511683255,40,8522,8522,1,9
68719480204,36,8525,8526,2,15
34359740102,35,8527,8529,3,11
17179870051,34,8514,8523,10,4
274877920820,38,8526,8526,1,10
68719480205,36,8524,8524,1,15
274877920821,38,8525,8525,1,10
137438960414,37,8528,8529,2,15
34359740103,35,8524,8526,3,11
4398046733280,42,8529,8529,1,10
137438960415,37,8527,8527,1,15
4398046733281,42,8528,8528,1,10
68719480208,36,8531,8531,1,15
34359740104,35,8532,8535,4,11
17179870052,34,8536,8544,9,4
8589935026,33,8545,8561,17,8
4294967513,32,8495,8529,35,12
68719480209,36,8530,8530,1,15
68719480210,36,8533,8535,3,15
34359740105,35,8530,8531,2,11
274877920844,38,8534,8534,1,9
137438960422,37,8535,8535,1,10
68719480211,36,8532,8532,1,15
274877920845,38,8533,8533,1,9
137438960423,37,8533,8534,2,10
137438960424,37,8537,8538,2,10
68719480212,36,8539,8539,1,15
34359740106,35,8540,8544,5,11
17179870053,34,8530,8535,6,4
274877920850,38,8538,8538,1,9
137438960425,37,8536,8536,1,10
274877920851,38,8537,8537,1,9
68719480213,36,8536,8538,3,15
68719480214,36,8541,8544,4,15
34359740107,35,8536,8539,4,11
549755841720,39,8542,8542,1,17
274877920860,38,8543,8543,1,9
137438960430,37,8544,8544,1,10
68719480215,36,8540,8540,1,15
549755841721,39,8541,8541,1,17
274877920861,38,8541,8542,2,9
137438960431,37,8541,8543,3,10
137438960432,37,8546,8546,1,10
68719480216,36,8547,8548,2,15
34359740108,35,8549,8554,6,11
17179870054,34,8555,8561,7,4
8589935027,33,8530,8544,15,8
137438960433,37,8545,8545,1,10
274877920870,38,8548,8548,1,10
68719480217,36,8545,8546,2,15
274877920871,38,8547,8547,1,10
137438960436,37,8550,8551,2,10
68719480218,36,8552,8554,3,15
34359740109,35,8545,8548,4,11
2199023367002,41,8551,8551,1,9
137438960437,37,8549,8549,1,10
2199023367003,41,8550,8550,1,9
8796093468096,43,8553,8553,1,9
274877920878,38,8554,8554,1,10
68719480219,36,8549,8551,3,15
8796093468097,43,8552,8552,1,9
274877920879,38,8552,8553,2,10
137438960440,37,8556,8557,2,10
68719480220,36,8558,8560,3,15
34359740110,35,8561,8561,1,11
17179870055,34,8545,8554,10,4
1099511683530,40,8557,8557,1,9
137438960441,37,8555,8555,1,10
1099511683531,40,8556,8556,1,9
274877920884,38,8559,8559,1,9
137438960442,37,8560,8560,1,10
68719480221,36,8555,8557,3,15
274877920885,38,8558,8558,1,9
137438960443,37,8558,8559,2,10
34359740111,35,8555,8560,6,11
137438960448,37,8563,8563,1,10
68719480224,36,8564,8564,1,15
34359740112,35,8565,8566,2,11
17179870056,34,8567,8574,8,4
8589935028,33,8575,8601,27,8
4294967514,32,8602,8639,38,12
2147483757,31,8495,8561,67,14
137438960449,37,8562,8562,1,10
68719480225,36,8562,8563,2,15
68719480226,36,8566,8566,1,15
34359740113,35,8562,8564,3,11
68719480227,36,8565,8565,1,15
68719480228,36,8568,8571,4,15
34359740114,35,8572,8574,3,11
17179870057,34,8562,8566,5,4
8796093469314,43,8569,8569,1,17
549755841832,39,8570,8570,1,9
274877920916,38,8571,8571,1,10
68719480229,36,8567,8567,1,15
8796093469315,43,8568,8568,1,17
549755841833,39,8568,8569,2,9
274877920917,38,8568,8570,3,10
274877920922,38,8573,8573,1,10
68719480230,36,8574,8574,1,15
34359740115,35,8567,8571,5,11
274877920923,38,8572,8572,1,10
68719480231,36,8572,8573,2,15
1099511683714,40,8576,8576,1,17
274877920928,38,8577,8577,1,9
137438960464,37,8578,8579,2,10
68719480232,36,8580,8585,6,15
34359740116,35,8586,8593,8,11
17179870058,34,8594,8601,8,4
8589935029,33,8562,8574,13,8
1099511683715,40,8575,8575,1,17
274877920929,38,8575,8576,2,9
549755841862,39,8579,8579,1,9
137438960465,37,8575,8577,3,10
549755841863,39,8578,8578,1,9
549755841864,39,8581,8581,1,9
137438960466,37,8582,8585,4,10
68719480233,36,8575,8579,5,15
549755841865,39,8580,8580,1,9
2199023367472,41,8583,8583,1,17
274877920934,38,8584,8585,2,9
137438960467,37,8580,8581,2,10
2199023367473,41,8582,8582,1,17
549755841870,39,8585,8585,1,17
274877920935,38,8582,8583,2,9
549755841871,39,8584,8584,1,17
2199023367494,41,8587,8587,1,9
137438960468,37,8588,8592,5,10
68719480234,36,8593,8593,1,15
34359740117,35,8575,8585,11,11
2199023367495,41,8586,8586,1,9
1099511683752,40,8589,8589,1,13
549755841876,39,8590,8590,1,17
274877920938,38,8591,8592,2,9
137438960469,37,8586,8587,2,10
1099511683753,40,8588,8588,1,13
549755841877,39,8588,8589,2,17
549755841878,39,8592,8592,1,17
274877920939,38,8588,8590,3,9
549755841879,39,8591,8591,1,17
68719480235,36,8586,8592,7,15
137438960472,37,8595,8596,2,10
68719480236,36,8597,8599,3,15
34359740118,35,8600,8601,2,11
17179870059,34,8575,8593,19,4
549755841894,39,8596,8596,1,9
137438960473,37,8594,8594,1,10
549755841895,39,8595,8595,1,9
137438960474,37,8598,8599,2,10
68719480237,36,8594,8596,3,15
274877920950,38,8599,8599,1,9
137438960475,37,8597,8597,1,10
274877920951,38,8598,8598,1,9
137438960478,37,8601,8601,1,15
34359740119,35,8594,8599,6,11
137438960479,37,8600,8600,1,15
68719480240,36,8603,8604,2,15
34359740120,35,8605,8609,5,11
17179870060,34,8610,8619,10,4
8589935030,33,8620,8639,20,8
4294967515,32,8562,8601,40,12
137438960482,37,8604,8604,1,10
68719480241,36,8602,8602,1,15
137438960483,37,8603,8603,1,10
137438960484,37,8606,8606,1,10
68719480242,36,8607,8609,3,15
34359740121,35,8602,8604,3,11
137438960485,37,8605,8605,1,10
274877920972,38,8608,8608,1,9
137438960486,37,8609,8609,1,10
68719480243,36,8605,8606,2,15
274877920973,38,8607,8607,1,9
137438960487,37,8607,8608,2,10
274877920978,38,8611,8611,1,10
68719480244,36,8612,8613,2,15
34359740122,35,8614,8619,6,11
17179870061,34,8602,8609,8,4
274877920979,38,8610,8610,1,10
274877920982,38,8613,8613,1,10
68719480245,36,8610,8611,2,15
274877920983,38,8612,8612,1,10
274877920984,38,8615,8616,2,9
137438960492,37,8617,8618,2,10
68719480246,36,8619,8619,1,15
34359740123,35,8610,8613,4,11
4398046735772,42,8616,8616,1,17
274877920985,38,8614,8614,1,9
4398046735773,42,8615,8615,1,17
549755841972,39,8618,8618,1,9
137438960493,37,8614,8616,3,10
549755841973,39,8617,8617,1,9
68719480247,36,8614,8618,5,15
549755841990,39,8621,8622,2,10
68719480248,36,8623,8625,3,15
34359740124,35,8626,8631,6,11
17179870062,34,8632,8639,8,4
8589935031,33,8602,8619,18,8
1099511683982,40,8622,8622,1,9
549755841991,39,8620,8620,1,10
1099511683983,40,8621,8621,1,9
549755841994,39,8624,8624,1,9
137438960498,37,8625,8625,1,10
68719480249,36,8620,8622,3,15
549755841995,39,8623,8623,1,9
137438960499,37,8623,8624,2,10
4398046736016,42,8627,8627,1,9
137438960500,37,8628,8629,2,10
68719480250,36,8630,8631,2,15
34359740125,35,8620,8625,6,11
4398046736017,42,8626,8626,1,9
274877921002,38,8629,8629,1,9
137438960501,37,8626,8627,2,10
274877921003,38,8628,8628,1,9
274877921006,38,8631,8631,1,10
68719480251,36,8626,8629,4,15
274877921007,38,8630,8630,1,10
137438960504,37,8633,8633,1,10
68719480252,36,8634,8637,4,15
34359740126,35,8638,8639,2,11
17179870063,34,8620,8631,12,4
137438960505,37,8632,8632,1,10
1099511684052,40,8635,8635,1,17
549755842026,39,8636,8636,1,9
137438960506,37,8637,8637,1,10
68719480253,36,8632,8633,2,15
1099511684053,40,8634,8634,1,17
549755842027,39,8634,8635,2,9
137438960507,37,8634,8636,3,10
137438960508,37,8639,8639,1,15
34359740127,35,8632,8637,6,11
137438960509,37,8638,8638,1,15
68719480256,36,8641,8647,7,15
34359740128,35,8648,8652,5,11
17179870064,34,8653,8662,10,4
8589935032,33,8663,8679,17,8
4294967516,32,8680,8719,40,12
2147483758,31,8720,8797,78,8
1073741879,30,8495,8639,145,5
274877921028,38,8642,8645,4,9
137438960514,37,8646,8647,2,10
68719480257,36,8640,8640,1,15
4398046736464,42,8643,8643,1,13
549755842058,39,8644,8645,2,17
274877921029,38,8641,8641,1,9
4398046736465,42,8642,8642,1,13
2199023368236,41,8645,8645,1,13
549755842059,39,8642,8643,2,17
2199023368237,41,8644,8644,1,13
274877921030,38,8647,8647,1,9
137438960515,37,8641,8645,5,10
274877921031,38,8646,8646,1,9
137438960516,37,8649,8651,3,10
68719480258,36,8652,8652,1,15
34359740129,35,8640,8647,8,11
549755842068,39,8650,8651,2,9
137438960517,37,8648,8648,1,10
1099511684138,40,8651,8651,1,17
549755842069,39,8649,8649,1,9
1099511684139,40,8650,8650,1,17
68719480259,36,8648,8651,4,15
274877921042,38,8654,8654,1,10
68719480260,36,8655,8657,3,15
34359740130,35,8658,8662,5,11
17179870065,34,8640,8652,13,4
274877921043,38,8653,8653,1,10
140737495575052,47,8656,8656,1,9
137438960522,37,8657,8657,1,10
68719480261,36,8653,8654,2,15
140737495575053,47,8655,8655,1,9
137438960523,37,8655,8656,2,10
274877921048,38,8659,8659,1,9
137438960524,37,8660,8661,2,10
68719480262,36,8662,8662,1,15
34359740131,35,8653,8657,5,11
274877921049,38,8658,8658,1,9
2199023368408,41,8661,8661,1,9
137438960525,37,8658,8659,2,10
2199023368409,41,8660,8660,1,9
68719480263,36,8658,8661,4,15
274877921058,38,8664,8664,1,10
68719480264,36,8665,8671,7,15
34359740132,35,8672,8673,2,11
17179870066,34,8674,8679,6,4
8589935033,33,8640,8662,23,8
274877921059,38,8663,8663,1,10
2199023368496,41,8666,8666,1,17
549755842124,39,8667,8669,3,9
274877921062,38,8670,8671,2,10
68719480265,36,8663,8664,2,15
2199023368497,41,8665,8665,1,17
1099511684250,40,8668,8669,2,17
549755842125,39,8665,8666,2,9
2199023368502,41,8669,8669,1,13
1099511684251,40,8667,8667,1,17
2199023368503,41,8668,8668,1,13
549755842126,39,8671,8671,1,9
274877921063,38,8665,8669,5,10
549755842127,39,8670,8670,1,9
68719480266,36,8673,8673,1,15
34359740133,35,8663,8671,9,11
68719480267,36,8672,8672,1,15
68719480268,36,8675,8675,1,15
34359740134,35,8676,8679,4,11
17179870067,34,8663,8673,11,4
68719480269,36,8674,8674,1,15
4398046737330,42,8677,8677,1,9
549755842166,39,8678,8678,1,10
68719480270,36,8679,8679,1,15
34359740135,35,8674,8675,2,11
4398046737331,42,8676,8676,1,9
549755842167,39,8676,8677,2,10
68719480271,36,8676,8678,3,15
137438960544,37,8681,8682,2,10
68719480272,36,8683,8685,3,15
34359740136,35,8686,8692,7,11
17179870068,34,8693,8701,9,4
8589935034,33,8702,8719,18,8
4294967517,32,8640,8679,40,12
274877921090,38,8682,8682,1,9
137438960545,37,8680,8680,1,10
274877921091,38,8681,8681,1,9
137438960546,37,8684,8685,2,10
68719480273,36,8680,8682,3,15
549755842190,39,8685,8685,1,9
137438960547,37,8683,8683,1,10
549755842191,39,8684,8684,1,9
274877921096,38,8687,8687,1,9
137438960548,37,8688,8688,1,10
68719480274,36,8689,8692,4,15
34359740137,35,8680,8685,6,11
274877921097,38,8686,8686,1,9
137438960549,37,8686,8687,2,10
17592186950408,44,8690,8690,1,17
8796093475204,43,8691,8691,1,9
137438960550,37,8692,8692,1,10
68719480275,36,8686,8688,3,15
17592186950409,44,8689,8689,1,17
8796093475205,43,8689,8690,2,9
137438960551,37,8689,8691,3,10
274877921106,38,8694,8694,1,10
68719480276,36,8695,8697,3,15
34359740138,35,8698,8701,4,11
17179870069,34,8680,8692,13,4
274877921107,38,8693,8693,1,10
2199023368882,41,8696,8696,1,9
274877921110,38,8697,8697,1,10
68719480277,36,8693,8694,2,15
2199023368883,41,8695,8695,1,9
274877921111,38,8695,8696,2,10
274877921114,38,8699,8700,2,10
68719480278,36,8701,8701,1,15
34359740139,35,8693,8697,5,11
549755842230,39,8700,8700,1,9
274877921115,38,8698,8698,1,10
549755842231,39,8699,8699,1,9
68719480279,36,8698,8700,3,15
549755842242,39,8703,8703,1,9
137438960560,37,8704,8704,1,10
68719480280,36,8705,8705,1,15
34359740140,35,8706,8709,4,11
17179870070,34,8710,8719,10,4
8589935035,33,8680,8701,22,8
549755842243,39,8702,8702,1,9
137438960561,37,8702,8703,2,10
68719480281,36,8702,8704,3,15
137438960564,37,8707,8707,1,10
68719480282,36,8708,8709,2,15
34359740141,35,8702,8705,4,11
137438960565,37,8706,8706,1,10
2199023369064,41,8709,8709,1,10
68719480283,36,8706,8707,2,15
2199023369065,41,8708,8708,1,10
34359740142,35,8711,8719,9,11
17179870071,34,8702,8709,8,4
8796093476628,43,8712,8712,1,9
137438960572,37,8713,8715,3,10
68719480286,36,8716,8719,4,15
34359740143,35,8710,8710,1,11
8796093476629,43,8711,8711,1,9
274877921146,38,8714,8715,2,9
137438960573,37,8711,8712,2,10
2199023369178,41,8715,8715,1,17
274877921147,38,8713,8713,1,9
2199023369179,41,8714,8714,1,17
549755842296,39,8717,8717,1,9
137438960574,37,8718,8719,2,10
68719480287,36,8711,8715,5,15
549755842297,39,8716,8716,1,9
274877921150,38,8719,8719,1,9
137438960575,37,8716,8717,2,10
274877921151,38,8718,8718,1,9
68719480288,36,8721,8722,2,9
34359740144,35,8723,8729,7,15
17179870072,34,8730,8744,15,12
8589935036,33,8745,8759,15,17
4294967518,32,8760,8797,38,4
2147483759,31,8640,8719,80,14
137438960578,37,8722,8722,1,13
68719480289,36,8720,8720,1,9
137438960579,37,8721,8721,1,13
549755842320,39,8724,8724,1,11
274877921160,38,8725,8725,1,10
137438960580,37,8726,8726,1,13
68719480290,36,8727,8729,3,9
34359740145,35,8720,8722,3,15
549755842321,39,8723,8723,1,11
274877921161,38,8723,8724,2,10
137438960581,37,8723,8725,3,13
137438960582,37,8728,8729,2,13
68719480291,36,8723,8726,4,9
17592186954626,44,8729,8729,1,10
137438960583,37,8727,8727,1,13
17592186954627,44,8728,8728,1,10
68719480292,36,8731,8736,6,9
34359740146,35,8737,8744,8,15
17179870073,34,8720,8729,10,12
1099511684692,40,8732,8732,1,11
549755842346,39,8733,8733,1,10
137438960586,37,8734,8736,3,13
68719480293,36,8730,8730,1,9
1099511684693,40,8731,8731,1,11
549755842347,39,8731,8732,2,10
1099511684696,40,8735,8735,1,11
274877921174,38,8736,8736,1,10
137438960587,37,8731,8733,3,13
1099511684697,40,8734,8734,1,11
274877921175,38,8734,8735,2,10
274877921176,38,8738,8738,1,10
137438960588,37,8739,8739,1,13
68719480294,36,8740,8744,5,9
34359740147,35,8730,8736,7,15
274877921177,38,8737,8737,1,10
137438960589,37,8737,8738,2,13
549755842360,39,8741,8741,1,11
274877921180,38,8742,8742,1,10
137438960590,37,8743,8744,2,13
68719480295,36,8737,8739,3,9
549755842361,39,8740,8740,1,11
274877921181,38,8740,8741,2,10
274877921182,38,8744,8744,1,10
137438960591,37,8740,8742,3,13
274877921183,38,8743,8743,1,10
17592186955874,44,8746,8746,1,10
2199023369484,41,8747,8747,1,13
137438960592,37,8748,8748,1,9
34359740148,35,8749,8751,3,15
17179870074,34,8752,8759,8,12
8589935037,33,8720,8744,25,17
17592186955875,44,8745,8745,1,10
2199023369485,41,8745,8746,2,13
137438960593,37,8745,8747,3,9
274877921192,38,8750,8750,1,13
68719480298,36,8751,8751,1,9
34359740149,35,8745,8748,4,15
274877921193,38,8749,8749,1,13
68719480299,36,8749,8750,2,9
137438960600,37,8753,8753,1,13
68719480300,36,8754,8754,1,9
34359740150,35,8755,8759,5,15
17179870075,34,8745,8751,7,12
137438960601,37,8752,8752,1,13
68719480301,36,8752,8753,2,9
137438960604,37,8756,8756,1,13
68719480302,36,8757,8759,3,9
34359740151,35,8752,8754,3,15
137438960605,37,8755,8755,1,13
274877921214,38,8758,8759,2,13
68719480303,36,8755,8756,2,9
1099511684860,40,8759,8759,1,10
274877921215,38,8757,8757,1,13
1099511684861,40,8758,8758,1,10
137438960608,37,8761,8761,1,13
68719480304,36,8762,8762,1,9
34359740152,35,8763,8771,9,15
17179870076,34,8772,8779,8,12
8589935038,33,8780,8797,18,17
4294967519,32,8720,8759,40,4
137438960609,37,8760,8760,1,13
68719480305,36,8760,8761,2,9
549755842450,39,8764,8764,1,10
137438960612,37,8765,8767,3,13
68719480306,36,8768,8771,4,9
34359740153,35,8760,8762,3,15
549755842451,39,8763,8763,1,10
2199023369810,41,8766,8766,1,11
274877921226,38,8767,8767,1,10
137438960613,37,8763,8764,2,13
2199023369811,41,8765,8765,1,11
274877921227,38,8765,8766,2,10
1099511684914,40,8769,8769,1,10
137438960614,37,8770,8771,2,13
68719480307,36,8763,8767,5,9
1099511684915,40,8768,8768,1,10
274877921230,38,8771,8771,1,10
137438960615,37,8768,8769,2,13
274877921231,38,8770,8770,1,10
137438960616,37,8773,8773,1,13
68719480308,36,8774,8775,2,9
34359740154,35,8776,8779,4,15
17179870077,34,8760,8771,12,12
137438960617,37,8772,8772,1,13
137438960618,37,8775,8775,1,13
68719480309,36,8772,8773,2,9
137438960619,37,8774,8774,1,13
68719480310,36,8777,8779,3,9
34359740155,35,8772,8775,4,15
274877921246,38,8778,8779,2,13
68719480311,36,8776,8776,1,9
549755842494,39,8779,8779,1,10
274877921247,38,8777,8777,1,13
549755842495,39,8778,8778,1,10
274877921248,38,8781,8781,1,10
137438960624,37,8782,8782,1,13
68719480312,36,8783,8783,1,9
34359740156,35,8784,8787,4,15
17179870078,34,8788,8797,10,12
8589935039,33,8760,8779,20,17
274877921249,38,8780,8780,1,10
137438960625,37,8780,8781,2,13
68719480313,36,8780,8782,3,9
68719480314,36,8785,8787,3,9
34359740157,35,8780,8783,4,15
137438960630,37,8786,8787,2,13
68719480315,36,8784,8784,1,9
549755842526,39,8787,8787,1,10
137438960631,37,8785,8785,1,13
549755842527,39,8786,8786,1,10
137438960632,37,8789,8790,2,13
68719480316,36,8791,8793,3,9
34359740158,35,8794,8797,4,15
17179870079,34,8780,8787,8,12
549755842534,39,8790,8790,1,10
137438960633,37,8788,8788,1,13
549755842535,39,8789,8789,1,10
549755842536,39,8792,8792,1,10
137438960634,37,8793,8793,1,13
68719480317,36,8788,8790,3,9
549755842537,39,8791,8791,1,10
137438960635,37,8791,8792,2,13
68719480318,36,8795,8797,3,9
34359740159,35,8788,8793,6,15
549755842556,39,8796,8796,1,10
274877921278,38,8797,8797,1,13
68719480319,36,8794,8794,1,9
549755842557,39,8795,8795,1,10
274877921279,38,8795,8796,2,13
137438960640,37,8799,8801,3,10
68719480320,36,8802,8802,1,15
34359740160,35,8803,8806,4,11
17179870080,34,8807,8818,12,4
8589935040,33,8819,8840,22,8
4294967520,32,8841,8878,38,12
2147483760,31,8879,8944,66,14
1073741880,30,8945,9095,151,5
536870940,29,9096,9408,313,3
268435470,28,9409,9999,591,2
134217735,27,7570,8797,1228,7
274877921282,38,8800,8801,2,9
137438960641,37,8798,8798,1,10
549755842566,39,8801,8801,1,17
274877921283,38,8799,8799,1,9
549755842567,39,8800,8800,1,17
68719480321,36,8798,8801,4,15
68719480322,36,8804,8806,3,15
34359740161,35,8798,8802,5,11
1099511685170,40,8805,8805,1,9
137438960646,37,8806,8806,1,10
68719480323,36,8803,8803,1,15
1099511685171,40,8804,8804,1,9
137438960647,37,8804,8805,2,10
274877921296,38,8808,8808,1,9
137438960648,37,8809,8810,2,10
68719480324,36,8811,8811,1,15
34359740162,35,8812,8818,7,11
17179870081,34,8798,8806,9,4
274877921297,38,8807,8807,1,9
549755842598,39,8810,8810,1,9
137438960649,37,8807,8808,2,10
549755842599,39,8809,8809,1,9
68719480325,36,8807,8810,4,15
68719480326,36,8813,8818,6,15
34359740163,35,8807,8811,5,11
2199023370472,41,8814,8814,1,17
549755842618,39,8815,8815,1,9
137438960654,37,8816,8818,3,10
68719480327,36,8812,8812,1,15
2199023370473,41,8813,8813,1,17
549755842619,39,8813,8814,2,9
1099511685240,40,8817,8817,1,17
274877921310,38,8818,8818,1,9
137438960655,37,8813,8815,3,10
1099511685241,40,8816,8816,1,17
274877921311,38,8816,8817,2,9
68719480328,36,8820,8824,5,15
34359740164,35,8825,8827,3,11
17179870082,34,8828,8840,13,4
8589935041,33,8798,8818,21,8
137438960658,37,8821,8824,4,10
68719480329,36,8819,8819,1,15
274877921318,38,8822,8824,3,9
137438960659,37,8820,8820,1,10
549755842638,39,8823,8824,2,17
274877921319,38,8821,8821,1,9
4398046741116,42,8824,8824,1,13
549755842639,39,8822,8822,1,17
4398046741117,42,8823,8823,1,13
274877921322,38,8826,8826,1,10
68719480330,36,8827,8827,1,15
34359740165,35,8819,8824,6,11
274877921323,38,8825,8825,1,10
68719480331,36,8825,8826,2,15
137438960664,37,8829,8830,2,10
68719480332,36,8831,8833,3,15
34359740166,35,8834,8840,7,11
17179870083,34,8819,8827,9,4
549755842662,39,8830,8830,1,9
137438960665,37,8828,8828,1,10
549755842663,39,8829,8829,1,9
137438960666,37,8832,8833,2,10
68719480333,36,8828,8830,3,15
549755842668,39,8833,8833,1,9
137438960667,37,8831,8831,1,10
549755842669,39,8832,8832,1,9
549755842672,39,8835,8836,2,17
274877921336,38,8837,8837,1,9
137438960668,37,8838,8838,1,10
68719480334,36,8839,8840,2,15
34359740167,35,8828,8833,6,11
1099511685346,40,8836,8836,1,13
549755842673,39,8834,8834,1,17
1099511685347,40,8835,8835,1,13
274877921337,38,8834,8836,3,9
137438960669,37,8834,8837,4,10
274877921340,38,8840,8840,1,10
68719480335,36,8834,8838,5,15
274877921341,38,8839,8839,1,10
137438960672,37,8842,8842,1,10
68719480336,36,8843,8845,3,15
34359740168,35,8846,8847,2,11
17179870084,34,8848,8858,11,4
8589935042,33,8859,8878,20,8
4294967521,32,8798,8840,43,12
137438960673,37,8841,8841,1,10
274877921348,38,8844,8844,1,9
137438960674,37,8845,8845,1,10
68719480337,36,8841,8842,2,15
274877921349,38,8843,8843,1,9
137438960675,37,8843,8844,2,10
68719480338,36,8847,8847,1,15
34359740169,35,8841,8845,5,11
68719480339,36,8846,8846,1,15
68719480340,36,8849,8852,4,15
34359740170,35,8853,8858,6,11
17179870085,34,8841,8847,7,4
1099511685460,40,8850,8851,2,9
137438960682,37,8852,8852,1,10
68719480341,36,8848,8848,1,15
8796093483692,43,8851,8851,1,17
1099511685461,40,8849,8849,1,9
8796093483693,43,8850,8850,1,17
137438960683,37,8849,8851,3,10
137438960684,37,8854,8855,2,10
68719480342,36,8856,8858,3,15
34359740171,35,8848,8852,5,11
2199023370974,41,8855,8855,1,9
137438960685,37,8853,8853,1,10
2199023370975,41,8854,8854,1,9
274877921372,38,8857,8857,1,9
137438960686,37,8858,8858,1,10
68719480343,36,8853,8855,3,15
274877921373,38,8856,8856,1,9
137438960687,37,8856,8857,2,10
137438960688,37,8860,8860,1,10
68719480344,36,8861,8863,3,15
34359740172,35,8864,8868,5,11
17179870086,34,8869,8878,10,4
8589935043,33,8841,8858,18,8
137438960689,37,8859,8859,1,10
274877921380,38,8862,8862,1,9
137438960690,37,8863,8863,1,10
68719480345,36,8859,8860,2,15
274877921381,38,8861,8861,1,9
137438960691,37,8861,8862,2,10
274877921386,38,8865,8865,1,10
68719480346,36,8866,8868,3,15
34359740173,35,8859,8863,5,11
274877921387,38,8864,8864,1,10
549755842776,39,8867,8867,1,9
274877921388,38,8868,8868,1,10
68719480347,36,8864,8865,2,15
549755842777,39,8866,8866,1,9
274877921389,38,8866,8867,2,10
137438960696,37,8870,8870,1,10
68719480348,36,8871,8872,2,15
34359740174,35,8873,8878,6,11
17179870087,34,8859,8868,10,4
137438960697,37,8869,8869,1,10
137438960698,37,8872,8872,1,10
68719480349,36,8869,8870,2,15
137438960699,37,8871,8871,1,10
137438960700,37,8874,8878,5,15
34359740175,35,8869,8872,4,11
549755842804,39,8875,8875,1,9
274877921402,38,8876,8878,3,10
137438960701,37,8873,8873,1,15
549755842805,39,8874,8874,1,9
549755842806,39,8877,8878,2,9
274877921403,38,8874,8875,2,10
1099511685614,40,8878,8878,1,17
549755842807,39,8876,8876,1,9
1099511685615,40,8877,8877,1,17
1099511685640,40,8880,8881,2,9
274877921410,38,8882,8882,1,10
68719480352,36,8883,8885,3,15
34359740176,35,8886,8890,5,11
17179870088,34,8891,8898,8,4
8589935044,33,8899,8916,18,8
4294967522,32,8917,8944,28,12
2147483761,31,8798,8878,81,14
2199023371282,41,8881,8881,1,17
1099511685641,40,8879,8879,1,9
2199023371283,41,8880,8880,1,17
274877921411,38,8879,8881,3,10
137438960706,37,8884,8885,2,10
68719480353,36,8879,8882,4,15
549755842830,39,8885,8885,1,9
137438960707,37,8883,8883,1,10
549755842831,39,8884,8884,1,9
549755842840,39,8887,8888,2,10
137438960710,37,8889,8890,2,15
34359740177,35,8879,8885,7,11
4398046742728,42,8888,8888,1,9
549755842841,39,8886,8886,1,10
4398046742729,42,8887,8887,1,9
274877921422,38,8890,8890,1,10
137438960711,37,8886,8888,3,15
274877921423,38,8889,8889,1,10
4398046742802,42,8892,8892,1,9
137438960712,37,8893,8893,1,10
68719480356,36,8894,8894,1,15
34359740178,35,8895,8898,4,11
17179870089,34,8879,8890,12,4
4398046742803,42,8891,8891,1,9
137438960713,37,8891,8892,2,10
68719480357,36,8891,8893,3,15
137438960716,37,8896,8897,2,10
68719480358,36,8898,8898,1,15
34359740179,35,8891,8894,4,11
549755842868,39,8897,8897,1,9
137438960717,37,8895,8895,1,10
549755842869,39,8896,8896,1,9
68719480359,36,8895,8897,3,15
1099511685776,40,8900,8900,1,10
549755842888,39,8901,8901,1,15
34359740180,35,8902,8905,4,11
17179870090,34,8906,8916,11,4
8589935045,33,8879,8898,20,8
1099511685777,40,8899,8899,1,10
549755842889,39,8899,8900,2,15
68719480362,36,8903,8905,3,15
34359740181,35,8899,8901,3,11
274877921452,38,8904,8904,1,9
137438960726,37,8905,8905,1,10
68719480363,36,8902,8902,1,15
274877921453,38,8903,8903,1,9
137438960727,37,8903,8904,2,10
137438960728,37,8907,8907,1,10
68719480364,36,8908,8908,1,15
34359740182,35,8909,8916,8,11
17179870091,34,8899,8905,7,4
137438960729,37,8906,8906,1,10
68719480365,36,8906,8907,2,15
274877921464,38,8910,8910,1,9
137438960732,37,8911,8913,3,10
68719480366,36,8914,8916,3,15
34359740183,35,8906,8908,3,11
274877921465,38,8909,8909,1,9
274877921466,38,8912,8913,2,9
137438960733,37,8909,8910,2,10
1099511685870,40,8913,8913,1,17
274877921467,38,8911,8911,1,9
1099511685871,40,8912,8912,1,17
137438960734,37,8915,8916,2,10
68719480367,36,8909,8913,5,15
274877921470,38,8916,8916,1,9
137438960735,37,8914,8914,1,10
274877921471,38,8915,8915,1,9
137438960736,37,8918,8919,2,15
68719480368,36,8920,8922,3,11
17179870092,34,8923,8930,8,4
8589935046,33,8931,8944,14,8
4294967523,32,8879,8916,38,12
549755842950,39,8919,8919,1,10
137438960737,37,8917,8917,1,15
549755842951,39,8918,8918,1,10
1099511685906,40,8921,8921,1,10
274877921476,38,8922,8922,1,15
68719480369,36,8917,8919,3,11
1099511685907,40,8920,8920,1,10
274877921477,38,8920,8921,2,15
274877921492,38,8924,8924,1,15
34359740186,35,8925,8930,6,11
17179870093,34,8917,8922,6,4
274877921493,38,8923,8923,1,15
1099511686000,40,8926,8926,1,17
549755843000,39,8927,8927,1,9
274877921500,38,8928,8928,1,10
137438960750,37,8929,8930,2,15
34359740187,35,8923,8924,2,11
1099511686001,40,8925,8925,1,17
549755843001,39,8925,8926,2,9
274877921501,38,8925,8927,3,10
274877921502,38,8930,8930,1,10
137438960751,37,8925,8928,4,15
274877921503,38,8929,8929,1,10
68719480376,36,8932,8934,3,15
34359740188,35,8935,8935,1,11
17179870094,34,8936,8944,9,4
8589935047,33,8917,8930,14,8
274877921508,38,8933,8933,1,9
137438960754,37,8934,8934,1,10
68719480377,36,8931,8931,1,15
274877921509,38,8932,8932,1,9
137438960755,37,8932,8933,2,10
34359740189,35,8931,8934,4,11
549755843040,39,8937,8937,1,10
68719480380,36,8938,8940,3,15
34359740190,35,8941,8944,4,11
17179870095,34,8931,8935,5,4
549755843041,39,8936,8936,1,10
549755843050,39,8939,8939,1,9
137438960762,37,8940,8940,1,10
68719480381,36,8936,8937,2,15
549755843051,39,8938,8938,1,9
137438960763,37,8938,8939,2,10
2199023372234,41,8942,8942,1,9
549755843058,39,8943,8943,1,10
68719480382,36,8944,8944,1,15
34359740191,35,8936,8940,5,11
2199023372235,41,8941,8941,1,9
549755843059,39,8941,8942,2,10
68719480383,36,8941,8943,3,15
68719480384,36,8946,8951,6,15
34359740192,35,8952,8958,7,11
17179870096,34,8959,8962,4,4
8589935048,33,8963,8985,23,8
4294967524,32,8986,9029,44,12
2147483762,31,9030,9095,66,14
1073741881,30,8798,8944,147,5
549755843080,39,8947,8948,2,17
274877921540,38,8949,8949,1,9
137438960770,37,8950,8951,2,10
68719480385,36,8945,8945,1,15
17592186978594,44,8948,8948,1,13
549755843081,39,8946,8946,1,17
17592186978595,44,8947,8947,1,13
274877921541,38,8946,8948,3,9
274877921542,38,8951,8951,1,9
137438960771,37,8946,8949,4,10
274877921543,38,8950,8950,1,9
274877921544,38,8953,8953,1,9
137438960772,37,8954,8954,1,10
68719480386,36,8955,8958,4,15
34359740193,35,8945,8951,7,11
274877921545,38,8952,8952,1,9
137438960773,37,8952,8953,2,10
274877921548,38,8956,8958,3,10
68719480387,36,8952,8954,3,15
549755843098,39,8957,8958,2,9
274877921549,38,8955,8955,1,10
4398046744798,42,8958,8958,1,17
549755843099,39,8956,8956,1,9
4398046744799,42,8957,8957,1,17
68719480388,36,8960,8961,2,15
34359740194,35,8962,8962,1,11
17179870097,34,8945,8958,14,4
137438960778,37,8961,8961,1,10
68719480389,36,8959,8959,1,15
137438960779,37,8960,8960,1,10
34359740195,35,8959,8961,3,11
549755843136,39,8964,8964,1,10
137438960784,37,8965,8967,3,15
34359740196,35,8968,8970,3,11
17179870098,34,8971,8985,15,4
8589935049,33,8945,8962,18,8
549755843137,39,8963,8963,1,10
274877921570,38,8966,8967,2,10
137438960785,37,8963,8964,2,15
549755843142,39,8967,8967,1,9
274877921571,38,8965,8965,1,10
549755843143,39,8966,8966,1,9
68719480394,36,8969,8970,2,15
34359740197,35,8963,8967,5,11
137438960790,37,8970,8970,1,10
68719480395,36,8968,8968,1,15
137438960791,37,8969,8969,1,10
274877921586,38,8972,8972,1,10
68719480396,36,8973,8974,2,15
34359740198,35,8975,8985,11,11
17179870099,34,8963,8970,8,4
274877921587,38,8971,8971,1,10
549755843182,39,8974,8974,1,10
68719480397,36,8971,8972,2,15
549755843183,39,8973,8973,1,10
274877921592,38,8976,8976,1,9
137438960796,37,8977,8977,1,10
68719480398,36,8978,8985,8,15
34359740199,35,8971,8974,4,11
274877921593,38,8975,8975,1,9
137438960797,37,8975,8976,2,10
2199023372772,41,8979,8979,1,13
1099511686386,40,8980,8980,1,17
274877921596,38,8981,8983,3,9
137438960798,37,8984,8985,2,10
68719480399,36,8975,8977,3,15
2199023372773,41,8978,8978,1,13
1099511686387,40,8978,8979,2,17
1099511686388,40,8982,8982,1,13
549755843194,39,8983,8983,1,17
274877921597,38,8978,8980,3,9
1099511686389,40,8981,8981,1,13
549755843195,39,8981,8982,2,17
274877921598,38,8985,8985,1,9
137438960799,37,8978,8983,6,10
274877921599,38,8984,8984,1,9
274877921600,38,8987,8988,2,9
137438960800,37,8989,8989,1,10
68719480400,36,8990,8991,2,15
34359740200,35,8992,8997,6,11
17179870100,34,8998,9005,8,4
8589935050,33,9006,9029,24,8
4294967525,32,8945,8985,41,12
1099511686406,40,8988,8988,1,17
274877921601,38,8986,8986,1,9
1099511686407,40,8987,8987,1,17
137438960801,37,8986,8988,3,10
274877921604,38,8991,8991,1,10
68719480401,36,8986,8989,4,15
274877921605,38,8990,8990,1,10
274877921608,38,8993,8993,1,10
68719480402,36,8994,8997,4,15
34359740201,35,8986,8991,6,11
274877921609,38,8992,8992,1,10
2199023372896,41,8995,8995,1,17
274877921612,38,8996,8996,1,9
137438960806,37,8997,8997,1,10
68719480403,36,8992,8993,2,15
2199023372897,41,8994,8994,1,17
274877921613,38,8994,8995,2,9
137438960807,37,8994,8996,3,10
137438960808,37,8999,9001,3,10
68719480404,36,9002,9003,2,15
34359740202,35,9004,9005,2,11
17179870101,34,8986,8997,12,4
1099511686472,40,9000,9000,1,17
549755843236,39,9001,9001,1,9
137438960809,37,8998,8998,1,10
1099511686473,40,8999,8999,1,17
549755843237,39,8999,9000,2,9
274877921620,38,9003,9003,1,10
68719480405,36,8998,9001,4,15
274877921621,38,9002,9002,1,10
68719480406,36,9005,9005,1,15
34359740203,35,8998,9003,6,11
68719480407,36,9004,9004,1,15
549755843264,39,9007,9007,1,17
274877921632,38,9008,9008,1,9
137438960816,37,9009,9013,5,10
68719480408,36,9014,9018,5,15
34359740204,35,9019,9024,6,11
17179870102,34,9025,9029,5,4
8589935051,33,8986,9005,20,8
549755843265,39,9006,9006,1,17
274877921633,38,9006,9007,2,9
1099511686536,40,9010,9010,1,13
549755843268,39,9011,9011,1,17
274877921634,38,9012,9013,2,9
137438960817,37,9006,9008,3,10
1099511686537,40,9009,9009,1,13
549755843269,39,9009,9010,2,17
549755843270,39,9013,9013,1,17
274877921635,38,9009,9011,3,9
549755843271,39,9012,9012,1,17
2199023373102,41,9015,9015,1,9
137438960818,37,9016,9018,3,10
68719480409,36,9006,9013,8,15
2199023373103,41,9014,9014,1,9
274877921638,38,9017,9018,2,9
137438960819,37,9014,9015,2,10
8796093492454,43,9018,9018,1,17
274877921639,38,9016,9016,1,9
8796093492455,43,9017,9017,1,17
274877921640,38,9020,9020,1,9
137438960820,37,9021,9021,1,10
68719480410,36,9022,9024,3,15
34359740205,35,9006,9018,13,11
274877921641,38,9019,9019,1,9
137438960821,37,9019,9020,2,10
4398046746320,42,9023,9023,1,9
549755843290,39,9024,9024,1,10
68719480411,36,9019,9021,3,15
4398046746321,42,9022,9022,1,9
549755843291,39,9022,9023,2,10
68719480412,36,9026,9026,1,15
34359740206,35,9027,9029,3,11
17179870103,34,9006,9024,19,4
68719480413,36,9025,9025,1,15
549755843312,39,9028,9028,1,10
137438960828,37,9029,9029,1,15
34359740207,35,9025,9026,2,11
549755843313,39,9027,9027,1,10
137438960829,37,9027,9028,2,15
68719480416,36,9031,9033,3,15
34359740208,35,9034,9040,7,11
17179870104,34,9041,9054,14,4
8589935052,33,9055,9066,12,8
4294967526,32,9067,9095,29,12
2147483763,31,8945,9029,85,14
137438960834,37,9032,9033,2,10
68719480417,36,9030,9030,1,15
549755843342,39,9033,9033,1,9
137438960835,37,9031,9031,1,10
549755843343,39,9032,9032,1,9
1099511686692,40,9035,9036,2,9
137438960836,37,9037,9038,2,10
68719480418,36,9039,9040,2,15
34359740209,35,9030,9033,4,11
8796093493544,43,9036,9036,1,17
1099511686693,40,9034,9034,1,9
8796093493545,43,9035,9035,1,17
274877921674,38,9038,9038,1,9
137438960837,37,9034,9036,3,10
274877921675,38,9037,9037,1,9
274877921676,38,9040,9040,1,10
68719480419,36,9034,9038,5,15
274877921677,38,9039,9039,1,10
137438960840,37,9042,9043,2,10
68719480420,36,9044,9048,5,15
34359740210,35,9049,9054,6,11
17179870105,34,9030,9040,11,4
549755843366,39,9043,9043,1,9
137438960841,37,9041,9041,1,10
549755843367,39,9042,9042,1,9
274877921684,38,9045,9047,3,9
137438960842,37,9048,9048,1,10
68719480421,36,9041,9043,3,15
549755843370,39,9046,9047,2,17
274877921685,38,9044,9044,1,9
2199023373486,41,9047,9047,1,13
549755843371,39,9045,9045,1,17
2199023373487,41,9046,9046,1,13
137438960843,37,9044,9047,4,10
137438960844,37,9050,9051,2,10
68719480422,36,9052,9054,3,15
34359740211,35,9041,9048,8,11
1099511686764,40,9051,9051,1,9
137438960845,37,9049,9049,1,10
1099511686765,40,9050,9050,1,9
549755843386,39,9053,9053,1,9
137438960846,37,9054,9054,1,10
68719480423,36,9049,9051,3,15
549755843387,39,9052,9052,1,9
137438960847,37,9052,9053,2,10
68719480424,36,9056,9056,1,15
34359740212,35,9057,9058,2,11
17179870106,34,9059,9066,8,4
8589935053,33,9030,9054,25,8
68719480425,36,9055,9055,1,15
68719480426,36,9058,9058,1,15
34359740213,35,9055,9056,2,11
68719480427,36,9057,9057,1,15
2199023373712,41,9060,9060,1,10
68719480428,36,9061,9063,3,15
34359740214,35,9064,9066,3,11
17179870107,34,9055,9058,4,4
2199023373713,41,9059,9059,1,10
137438960858,37,9062,9063,2,10
68719480429,36,9059,9060,2,15
2199023373746,41,9063,9063,1,9
137438960859,37,9061,9061,1,10
2199023373747,41,9062,9062,1,9
68719480430,36,9065,9066,2,15
34359740215,35,9059,9063,5,11
137438960862,37,9066,9066,1,10
68719480431,36,9064,9064,1,15
137438960863,37,9065,9065,1,10
137438960864,37,9068,9070,3,15
34359740216,35,9071,9074,4,11
17179870108,34,9075,9080,6,4
8589935054,33,9081,9095,15,8
4294967527,32,9030,9066,37,12
549755843460,39,9069,9069,1,9
274877921730,38,9070,9070,1,10
137438960865,37,9067,9067,1,15
549755843461,39,9068,9068,1,9
274877921731,38,9068,9069,2,10
137438960868,37,9072,9074,3,15
34359740217,35,9067,9070,4,11
274877921738,38,9073,9074,2,10
137438960869,37,9071,9071,1,15
549755843478,39,9074,9074,1,9
274877921739,38,9072,9072,1,10
549755843479,39,9073,9073,1,9
68719480436,36,9076,9076,1,15
34359740218,35,9077,9080,4,11
17179870109,34,9067,9074,8,4
68719480437,36,9075,9075,1,15
137438960878,37,9078,9080,3,15
34359740219,35,9075,9076,2,11
274877921758,38,9079,9080,2,10
137438960879,37,9077,9077,1,15
2199023374074,41,9080,9080,1,9
274877921759,38,9078,9078,1,10
2199023374075,41,9079,9079,1,9
137438960880,37,9082,9082,1,10
68719480440,36,9083,9083,1,15
34359740220,35,9084,9085,2,11
17179870110,34,9086,9095,10,4
8589935055,33,9067,9080,14,8
137438960881,37,9081,9081,1,10
68719480441,36,9081,9082,2,15
68719480442,36,9085,9085,1,15
34359740221,35,9081,9083,3,11
68719480443,36,9084,9084,1,15
274877921776,38,9087,9088,2,9
137438960888,37,9089,9089,1,10
68719480444,36,9090,9091,2,15
34359740222,35,9092,9095,4,11
17179870111,34,9081,9085,5,4
549755843554,39,9088,9088,1,17
274877921777,38,9086,9086,1,9
549755843555,39,9087,9087,1,17
137438960889,37,9086,9088,3,10
274877921782,38,9091,9091,1,10
68719480445,36,9086,9089,4,15
274877921783,38,9090,9090,1,10
68719480446,36,9093,9095,3,15
34359740223,35,9086,9091,6,11
549755843576,39,9094,9094,1,9
137438960894,37,9095,9095,1,10
68719480447,36,9092,9092,1,15
549755843577,39,9093,9093,1,9
137438960895,37,9093,9094,2,10
137438960896,37,9097,9098,2,10
68719480448,36,9099,9099,1,15
34359740224,35,9100,9103,4,11
17179870112,34,9104,9117,14,4
8589935056,33,9118,9136,19,8
4294967528,32,9137,9174,38,12
2147483764,31,9175,9252,78,14
1073741882,30,9253,9408,156,5
536870941,29,8798,9095,298,3
274877921794,38,9098,9098,1,9
137438960897,37,9096,9096,1,10
274877921795,38,9097,9097,1,9
68719480449,36,9096,9098,3,15
68719480450,36,9101,9103,3,15
34359740225,35,9096,9099,4,11
274877921804,38,9102,9102,1,9
137438960902,37,9103,9103,1,10
68719480451,36,9100,9100,1,15
274877921805,38,9101,9101,1,9
137438960903,37,9101,9102,2,10
549755843618,39,9105,9105,1,9
137438960904,37,9106,9106,1,10
68719480452,36,9107,9107,1,15
34359740226,35,9108,9117,10,11
17179870113,34,9096,9103,8,4
549755843619,39,9104,9104,1,9
137438960905,37,9104,9105,2,10
68719480453,36,9104,9106,3,15
2199023374534,41,9109,9109,1,9
137438960908,37,9110,9112,3,10
68719480454,36,9113,9117,5,15
34359740227,35,9104,9107,4,11
2199023374535,41,9108,9108,1,9
274877921818,38,9111,9112,2,9
137438960909,37,9108,9109,2,10
549755843638,39,9112,9112,1,17
274877921819,38,9110,9110,1,9
549755843639,39,9111,9111,1,17
549755843640,39,9114,9115,2,9
137438960910,37,9116,9117,2,10
68719480455,36,9108,9112,5,15
1099511687282,40,9115,9115,1,17
549755843641,39,9113,9113,1,9
1099511687283,40,9114,9114,1,17
274877921822,38,9117,9117,1,9
137438960911,37,9113,9115,3,10
274877921823,38,9116,9116,1,9
68719480456,36,9119,9119,1,15
34359740228,35,9120,9131,12,11
17179870114,34,9132,9136,5,4
8589935057,33,9096,9117,22,8
68719480457,36,9118,9118,1,15
137438960916,37,9121,9125,5,10
68719480458,36,9126,9131,6,15
34359740229,35,9118,9119,2,11
274877921834,38,9122,9125,4,9
137438960917,37,9120,9120,1,10
4398046749362,42,9123,9123,1,16
1099511687340,40,9124,9124,1,13
549755843670,39,9125,9125,1,17
274877921835,38,9121,9121,1,9
4398046749363,42,9122,9122,1,16
1099511687341,40,9122,9123,2,13
549755843671,39,9122,9124,3,17
274877921836,38,9127,9127,1,9
137438960918,37,9128,9131,4,10
68719480459,36,9120,9125,6,15
274877921837,38,9126,9126,1,9
274877921838,38,9129,9131,3,9
137438960919,37,9126,9127,2,10
1099511687358,40,9130,9131,2,17
274877921839,38,9128,9128,1,9
8796093498874,43,9131,9131,1,13
1099511687359,40,9129,9129,1,17
8796093498875,43,9130,9130,1,13
549755843694,39,9133,9133,1,15
34359740230,35,9134,9136,3,11
17179870115,34,9118,9131,14,4
549755843695,39,9132,9132,1,15
549755843696,39,9135,9135,1,10
68719480462,36,9136,9136,1,15
34359740231,35,9132,9133,2,11
549755843697,39,9134,9134,1,10
68719480463,36,9134,9135,2,15
1099511687428,40,9138,9138,1,9
137438960928,37,9139,9141,3,10
68719480464,36,9142,9143,2,15
34359740232,35,9144,9149,6,11
17179870116,34,9150,9157,8,4
8589935058,33,9158,9174,17,8
4294967529,32,9096,9136,41,12
1099511687429,40,9137,9137,1,9
274877921858,38,9140,9141,2,9
137438960929,37,9137,9138,2,10
1099511687436,40,9141,9141,1,17
274877921859,38,9139,9139,1,9
1099511687437,40,9140,9140,1,17
549755843720,39,9143,9143,1,10
68719480465,36,9137,9141,5,15
549755843721,39,9142,9142,1,10
137438960932,37,9145,9147,3,10
68719480466,36,9148,9149,2,15
34359740233,35,9137,9143,7,11
1099511687466,40,9146,9147,2,9
137438960933,37,9144,9144,1,10
2199023374934,41,9147,9147,1,17
1099511687467,40,9145,9145,1,9
2199023374935,41,9146,9146,1,17
137438960934,37,9149,9149,1,10
68719480467,36,9144,9147,4,15
137438960935,37,9148,9148,1,10
68719480468,36,9151,9151,1,15
34359740234,35,9152,9157,6,11
17179870117,34,9137,9149,13,4
68719480469,36,9150,9150,1,15
137438960940,37,9153,9153,1,10
68719480470,36,9154,9157,4,15
34359740235,35,9150,9151,2,11
137438960941,37,9152,9152,1,10
137438960942,37,9155,9157,3,10
68719480471,36,9152,9153,2,15
1099511687544,40,9156,9157,2,9
137438960943,37,9154,9154,1,10
2199023375090,41,9157,9157,1,17
1099511687545,40,9155,9155,1,9
2199023375091,41,9156,9156,1,17
1099511687562,40,9159,9159,1,9
274877921890,38,9160,9162,3,10
68719480472,36,9163,9165,3,15
34359740236,35,9166,9169,4,11
17179870118,34,9170,9174,5,4
8589935059,33,9137,9157,21,8
1099511687563,40,9158,9158,1,9
549755843782,39,9161,9162,2,9
274877921891,38,9158,9159,2,10
2199023375134,41,9162,9162,1,17
549755843783,39,9160,9160,1,9
2199023375135,41,9161,9161,1,17
274877921892,38,9164,9164,1,9
137438960946,37,9165,9165,1,10
68719480473,36,9158,9162,5,15
274877921893,38,9163,9163,1,9
137438960947,37,9163,9164,2,10
137438960948,37,9167,9168,2,10
68719480474,36,9169,9169,1,15
34359740237,35,9158,9165,8,11
274877921898,38,9168,9168,1,9
137438960949,37,9166,9166,1,10
274877921899,38,9167,9167,1,9
68719480475,36,9166,9168,3,15
137438960952,37,9171,9171,1,15
34359740238,35,9172,9174,3,11
17179870119,34,9158,9169,12,4
137438960953,37,9170,9170,1,15
68719480478,36,9173,9174,2,15
34359740239,35,9170,9171,2,11
137438960958,37,9174,9174,1,10
68719480479,36,9172,9172,1,15
137438960959,37,9173,9173,1,10
2199023375364,41,9176,9176,1,10
68719480480,36,9177,9179,3,15
34359740240,35,9180,9186,7,11
17179870120,34,9187,9195,9,4
8589935060,33,9196,9217,22,8
4294967530,32,9218,9252,35,12
2147483765,31,9096,9174,79,14
2199023375365,41,9175,9175,1,10
137438960962,37,9178,9179,2,10
68719480481,36,9175,9176,2,15
2199023375416,41,9179,9179,1,9
137438960963,37,9177,9177,1,10
2199023375417,41,9178,9178,1,9
137438960964,37,9181,9181,1,10
68719480482,36,9182,9186,5,15
34359740241,35,9175,9179,5,11
137438960965,37,9180,9180,1,10
549755843866,39,9183,9183,1,9
137438960966,37,9184,9186,3,10
68719480483,36,9180,9181,2,15
549755843867,39,9182,9182,1,9
1099511687738,40,9185,9186,2,9
137438960967,37,9182,9183,2,10
17592187003838,44,9186,9186,1,17
1099511687739,40,9184,9184,1,9
17592187003839,44,9185,9185,1,17
4398046750976,42,9188,9188,1,9
1099511687744,40,9189,9189,1,10
68719480484,36,9190,9192,3,15
34359740242,35,9193,9195,3,11
17179870121,34,9175,9186,12,4
4398046750977,42,9187,9187,1,9
1099511687745,40,9187,9188,2,10
2199023375524,41,9191,9191,1,9
274877921940,38,9192,9192,1,10
68719480485,36,9187,9189,3,15
2199023375525,41,9190,9190,1,9
274877921941,38,9190,9191,2,10
137438960974,37,9194,9195,2,15
34359740243,35,9187,9192,6,11
274877921950,38,9195,9195,1,10
137438960975,37,9193,9193,1,15
274877921951,38,9194,9194,1,10
137438960976,37,9197,9199,3,10
68719480488,36,9200,9203,4,15
34359740244,35,9204,9208,5,11
17179870122,34,9209,9217,9,4
8589935061,33,9175,9195,21,8
274877921954,38,9198,9199,2,9
137438960977,37,9196,9196,1,10
549755843910,39,9199,9199,1,17
274877921955,38,9197,9197,1,9
549755843911,39,9198,9198,1,17
4398046751308,42,9201,9201,1,17
2199023375654,41,9202,9202,1,9
137438960978,37,9203,9203,1,10
68719480489,36,9196,9199,4,15
4398046751309,42,9200,9200,1,17
2199023375655,41,9200,9201,2,9
137438960979,37,9200,9202,3,10
137438960980,37,9205,9206,2,10
68719480490,36,9207,9208,2,15
34359740245,35,9196,9203,8,11
274877921962,38,9206,9206,1,9
137438960981,37,9204,9204,1,10
274877921963,38,9205,9205,1,9
137438960982,37,9208,9208,1,10
68719480491,36,9204,9206,3,15
137438960983,37,9207,9207,1,10
68719480492,36,9210,9210,1,15
34359740246,35,9211,9217,7,11
17179870123,34,9196,9208,13,4
68719480493,36,9209,9209,1,15
137438960988,37,9212,9213,2,10
68719480494,36,9214,9217,4,15
34359740247,35,9209,9210,2,11
1099511687916,40,9213,9213,1,9
137438960989,37,9211,9211,1,10
1099511687917,40,9212,9212,1,9
137438960990,37,9215,9217,3,10
68719480495,36,9211,9213,3,15
1099511687934,40,9216,9217,2,9
137438960991,37,9214,9214,1,10
35184374013940,45,9217,9217,1,17
1099511687935,40,9215,9215,1,9
35184374013941,45,9216,9216,1,17
137438960992,37,9219,9220,2,15
68719480496,36,9221,9222,2,11
17179870124,34,9223,9230,8,4
8589935062,33,9231,9252,22,8
4294967531,32,9175,9217,43,12
1099511687950,40,9220,9220,1,10
137438960993,37,9218,9218,1,15
1099511687951,40,9219,9219,1,10
274877921988,38,9222,9222,1,15
68719480497,36,9218,9220,3,11
274877921989,38,9221,9221,1,15
137438961000,37,9224,9225,2,10
68719480500,36,9226,9227,2,15
34359740250,35,9228,9230,3,11
17179870125,34,9218,9222,5,4
2199023376024,41,9225,9225,1,9
137438961001,37,9223,9223,1,10
2199023376025,41,9224,9224,1,9
137438961002,37,9227,9227,1,10
68719480501,36,9223,9225,3,15
137438961003,37,9226,9226,1,10
549755844022,39,9229,9229,1,10
68719480502,36,9230,9230,1,15
34359740251,35,9223,9227,5,11
549755844023,39,9228,9228,1,10
68719480503,36,9228,9229,2,15
68719480504,36,9232,9232,1,15
34359740252,35,9233,9241,9,11
17179870126,34,9242,9252,11,4
8589935063,33,9218,9230,13,8
68719480505,36,9231,9231,1,15
137438961012,37,9234,9237,4,10
68719480506,36,9238,9241,4,15
34359740253,35,9231,9232,2,11
1099511688106,40,9235,9235,1,17
274877922026,38,9236,9237,2,9
137438961013,37,9233,9233,1,10
1099511688107,40,9234,9234,1,17
1099511688108,40,9237,9237,1,17
274877922027,38,9234,9235,2,9
1099511688109,40,9236,9236,1,17
137438961014,37,9239,9241,3,10
68719480507,36,9233,9237,5,15
274877922030,38,9240,9241,2,9
137438961015,37,9238,9238,1,10
549755844062,39,9241,9241,1,17
274877922031,38,9239,9239,1,9
549755844063,39,9240,9240,1,17
137438961016,37,9243,9244,2,10
68719480508,36,9245,9248,4,15
34359740254,35,9249,9252,4,11
17179870127,34,9231,9241,11,4
549755844070,39,9244,9244,1,9
137438961017,37,9242,9242,1,10
549755844071,39,9243,9243,1,9
2199023376292,41,9246,9246,1,17
1099511688146,40,9247,9247,1,9
137438961018,37,9248,9248,1,10
68719480509,36,9242,9244,3,15
2199023376293,41,9245,9245,1,17
1099511688147,40,9245,9246,2,9
137438961019,37,9245,9247,3,10
549755844080,39,9250,9250,1,9
137438961020,37,9251,9251,1,10
68719480510,36,9252,9252,1,15
34359740255,35,9242,9248,7,11
549755844081,39,9249,9249,1,9
137438961021,37,9249,9250,2,10
68719480511,36,9249,9251,3,15
137438961026,37,9254,9256,3,15
34359740256,35,9257,9259,3,11
17179870128,34,9260,9268,9,4
8589935064,33,9269,9288,20,8
4294967532,32,9289,9322,34,12
2147483766,31,9323,9408,86,14
1073741883,30,9096,9252,157,5
274877922054,38,9255,9256,2,10
137438961027,37,9253,9253,1,15
1099511688220,40,9256,9256,1,9
274877922055,38,9254,9254,1,10
1099511688221,40,9255,9255,1,9
1099511688226,40,9258,9258,1,10
274877922056,38,9259,9259,1,15
34359740257,35,9253,9256,4,11
1099511688227,40,9257,9257,1,10
274877922057,38,9257,9258,2,15
549755844128,39,9261,9262,2,10
68719480516,36,9263,9264,2,15
34359740258,35,9265,9268,4,11
17179870129,34,9253,9259,7,4
35184374024304,45,9262,9262,1,9
549755844129,39,9260,9260,1,10
35184374024305,45,9261,9261,1,9
274877922068,38,9264,9264,1,10
68719480517,36,9260,9262,3,15
274877922069,38,9263,9263,1,10
137438961036,37,9266,9267,2,10
68719480518,36,9268,9268,1,15
34359740259,35,9260,9264,5,11
274877922074,38,9267,9267,1,9
137438961037,37,9265,9265,1,10
274877922075,38,9266,9266,1,9
68719480519,36,9265,9267,3,15
2199023376640,41,9270,9270,1,17
549755844160,39,9271,9271,1,9
137438961040,37,9272,9272,1,10
68719480520,36,9273,9274,2,15
34359740260,35,9275,9279,5,11
17179870130,34,9280,9288,9,4
8589935065,33,9253,9268,16,8
2199023376641,41,9269,9269,1,17
549755844161,39,9269,9270,2,9
137438961041,37,9269,9271,3,10
1099511688336,40,9274,9274,1,10
68719480521,36,9269,9272,4,15
1099511688337,40,9273,9273,1,10
137438961044,37,9276,9277,2,10
68719480522,36,9278,9279,2,15
34359740261,35,9269,9274,6,11
274877922090,38,9277,9277,1,9
137438961045,37,9275,9275,1,10
274877922091,38,9276,9276,1,9
137438961046,37,9279,9279,1,10
68719480523,36,9275,9277,3,15
137438961047,37,9278,9278,1,10
137438961048,37,9281,9281,1,10
68719480524,36,9282,9283,2,15
34359740262,35,9284,9288,5,11
17179870131,34,9269,9279,11,4
137438961049,37,9280,9280,1,10
137438961050,37,9283,9283,1,10
68719480525,36,9280,9281,2,15
137438961051,37,9282,9282,1,10
274877922106,38,9285,9285,1,10
68719480526,36,9286,9288,3,15
34359740263,35,9280,9283,4,11
274877922107,38,9284,9284,1,10
137438961054,37,9287,9288,2,10
68719480527,36,9284,9285,2,15
549755844220,39,9288,9288,1,9
137438961055,37,9286,9286,1,10
549755844221,39,9287,9287,1,9
274877922112,38,9290,9290,1,9
137438961056,37,9291,9291,1,10
68719480528,36,9292,9294,3,15
34359740264,35,9295,9295,1,11
17179870132,34,9296,9306,11,4
8589935066,33,9307,9322,16,8
4294967533,32,9253,9288,36,12
274877922113,38,9289,9289,1,9
137438961057,37,9289,9290,2,10
137438961058,37,9293,9294,2,10
68719480529,36,9289,9291,3,15
274877922118,38,9294,9294,1,9
137438961059,37,9292,9292,1,10
274877922119,38,9293,9293,1,9
34359740265,35,9289,9294,6,11
137438961064,37,9297,9297,1,10
68719480532,36,9298,9299,2,15
34359740266,35,9300,9306,7,11
17179870133,34,9289,9295,7,4
137438961065,37,9296,9296,1,10
274877922134,38,9299,9299,1,10
68719480533,36,9296,9297,2,15
274877922135,38,9298,9298,1,10
549755844272,39,9301,9301,1,9
137438961068,37,9302,9303,2,10
68719480534,36,9304,9306,3,15
34359740267,35,9296,9299,4,11
549755844273,39,9300,9300,1,9
274877922138,38,9303,9303,1,9
137438961069,37,9300,9301,2,10
274877922139,38,9302,9302,1,9
137438961070,37,9305,9306,2,10
68719480535,36,9300,9303,4,15
1099511688574,40,9306,9306,1,9
137438961071,37,9304,9304,1,10
1099511688575,40,9305,9305,1,9
34359740268,35,9308,9312,5,11
17179870134,34,9313,9322,10,4
8589935067,33,9289,9306,18,8
68719480538,36,9309,9312,4,15
34359740269,35,9307,9307,1,11
137438961078,37,9310,9312,3,10
68719480539,36,9308,9308,1,15
274877922158,38,9311,9312,2,9
137438961079,37,9309,9309,1,10
2199023377274,41,9312,9312,1,17
274877922159,38,9310,9310,1,9
2199023377275,41,9311,9311,1,17
137438961080,37,9314,9316,3,10
68719480540,36,9317,9318,2,15
34359740270,35,9319,9322,4,11
17179870135,34,9307,9312,6,4
274877922162,38,9315,9316,2,9
137438961081,37,9313,9313,1,10
1099511688652,40,9316,9316,1,17
274877922163,38,9314,9314,1,9
1099511688653,40,9315,9315,1,17
137438961082,37,9318,9318,1,10
68719480541,36,9313,9316,4,15
137438961083,37,9317,9317,1,10
68719480542,36,9320,9322,3,15
34359740271,35,9313,9318,6,11
137438961086,37,9321,9322,2,10
68719480543,36,9319,9319,1,15
2199023377402,41,9322,9322,1,9
137438961087,37,9320,9320,1,10
2199023377403,41,9321,9321,1,9
549755844356,39,9324,9325,2,9
274877922178,38,9326,9327,2,10
68719480544,36,9328,9329,2,15
34359740272,35,9330,9341,12,11
17179870136,34,9342,9349,8,4
8589935068,33,9350,9372,23,8
4294967534,32,9373,9408,36,12
2147483767,31,9253,9322,70,14
2199023377428,41,9325,9325,1,17
549755844357,39,9323,9323,1,9
2199023377429,41,9324,9324,1,17
1099511688718,40,9327,9327,1,9
274877922179,38,9323,9325,3,10
1099511688719,40,9326,9326,1,9
137438961090,37,9329,9329,1,10
68719480545,36,9323,9327,5,15
137438961091,37,9328,9328,1,10
2199023377480,41,9331,9331,1,17
1099511688740,40,9332,9332,1,9
137438961092,37,9333,9334,2,10
68719480546,36,9335,9341,7,15
34359740273,35,9323,9329,7,11
2199023377481,41,9330,9330,1,17
1099511688741,40,9330,9331,2,9
274877922186,38,9334,9334,1,9
137438961093,37,9330,9332,3,10
274877922187,38,9333,9333,1,9
549755844376,39,9336,9336,1,17
274877922188,38,9337,9337,1,9
137438961094,37,9338,9341,4,10
68719480547,36,9330,9334,5,15
549755844377,39,9335,9335,1,17
274877922189,38,9335,9336,2,9
1099511688762,40,9339,9339,1,17
274877922190,38,9340,9341,2,9
137438961095,37,9335,9337,3,10
1099511688763,40,9338,9338,1,17
1099511688764,40,9341,9341,1,17
274877922191,38,9338,9339,2,9
1099511688765,40,9340,9340,1,17
549755844384,39,9343,9343,1,9
137438961096,37,9344,9344,1,10
68719480548,36,9345,9346,2,15
34359740274,35,9347,9349,3,11
17179870137,34,9323,9341,19,4
549755844385,39,9342,9342,1,9
137438961097,37,9342,9343,2,10
549755844394,39,9346,9346,1,10
68719480549,36,9342,9344,3,15
549755844395,39,9345,9345,1,10
2199023377612,41,9348,9348,1,10
68719480550,36,9349,9349,1,15
34359740275,35,9342,9346,5,11
2199023377613,41,9347,9347,1,10
68719480551,36,9347,9348,2,15
549755844420,39,9351,9351,1,9
274877922210,38,9352,9353,2,10
68719480552,36,9354,9357,4,15
34359740276,35,9358,9363,6,11
17179870138,34,9364,9372,9,4
8589935069,33,9323,9349,27,8
549755844421,39,9350,9350,1,9
549755844422,39,9353,9353,1,9
274877922211,38,9350,9351,2,10
549755844423,39,9352,9352,1,9
274877922212,38,9355,9355,1,9
137438961106,37,9356,9357,2,10
68719480553,36,9350,9353,4,15
274877922213,38,9354,9354,1,9
549755844430,39,9357,9357,1,9
137438961107,37,9354,9355,2,10
549755844431,39,9356,9356,1,9
274877922216,38,9359,9359,1,9
137438961108,37,9360,9362,3,10
68719480554,36,9363,9363,1,15
34359740277,35,9350,9357,8,11
274877922217,38,9358,9358,1,9
549755844438,39,9361,9362,2,9
137438961109,37,9358,9359,2,10
1099511688878,40,9362,9362,1,17
549755844439,39,9360,9360,1,9
1099511688879,40,9361,9361,1,17
68719480555,36,9358,9362,5,15
137438961112,37,9365,9366,2,10
68719480556,36,9367,9368,2,15
34359740278,35,9369,9372,4,11
17179870139,34,9350,9363,14,4
274877922226,38,9366,9366,1,9
137438961113,37,9364,9364,1,10
274877922227,38,9365,9365,1,9
549755844458,39,9368,9368,1,10
68719480557,36,9364,9366,3,15
549755844459,39,9367,9367,1,10
274877922232,38,9370,9370,1,10
137438961116,37,9371,9372,2,15
34359740279,35,9364,9368,5,11
274877922233,38,9369,9369,1,10
549755844470,39,9372,9372,1,10
137438961117,37,9369,9370,2,15
549755844471,39,9371,9371,1,10
1099511688962,40,9374,9374,1,9
137438961120,37,9375,9375,1,10
68719480560,36,9376,9378,3,15
34359740280,35,9379,9384,6,11
17179870140,34,9385,9395,11,4
8589935070,33,9396,9408,13,8
4294967535,32,9323,9372,50,12
1099511688963,40,9373,9373,1,9
137438961121,37,9373,9374,2,10
1099511688980,40,9377,9377,1,9
137438961122,37,9378,9378,1,10
68719480561,36,9373,9375,3,15
1099511688981,40,9376,9376,1,9
137438961123,37,9376,9377,2,10
1099511689000,40,9380,9380,1,10
68719480562,36,9381,9384,4,15
34359740281,35,9373,9378,6,11
1099511689001,40,9379,9379,1,10
2199023378018,41,9382,9382,1,17
274877922252,38,9383,9383,1,9
137438961126,37,9384,9384,1,10
68719480563,36,9379,9380,2,15
2199023378019,41,9381,9381,1,17
274877922253,38,9381,9382,2,9
137438961127,37,9381,9383,3,10
2199023378072,41,9386,9386,1,9
549755844518,39,9387,9387,1,10
68719480564,36,9388,9391,4,15
34359740282,35,9392,9395,4,11
17179870141,34,9373,9384,12,4
2199023378073,41,9385,9385,1,9
549755844519,39,9385,9386,2,10
137438961130,37,9389,9391,3,10
68719480565,36,9385,9387,3,15
274877922262,38,9390,9391,2,9
137438961131,37,9388,9388,1,10
549755844526,39,9391,9391,1,17
274877922263,38,9389,9389,1,9
549755844527,39,9390,9390,1,17
274877922264,38,9393,9393,1,10
137438961132,37,9394,9395,2,15
34359740283,35,9385,9391,7,11
274877922265,38,9392,9392,1,10
274877922266,38,9395,9395,1,10
137438961133,37,9392,9393,2,15
274877922267,38,9394,9394,1,10
137438961136,37,9397,9397,1,10
68719480568,36,9398,9398,1,15
34359740284,35,9399,9401,3,11
17179870142,34,9402,9408,7,4
8589935071,33,9373,9395,23,8
137438961137,37,9396,9396,1,10
68719480569,36,9396,9397,2,15
68719480570,36,9400,9401,2,15
34359740285,35,9396,9398,3,11
274877922284,38,9401,9401,1,10
68719480571,36,9399,9399,1,15
274877922285,38,9400,9400,1,10
68719480572,36,9403,9404,2,15
34359740286,35,9405,9408,4,11
17179870143,34,9396,9401,6,4
137438961146,37,9404,9404,1,10
68719480573,36,9402,9402,1,15
137438961147,37,9403,9403,1,10
274877922296,38,9406,9406,1,10
68719480574,36,9407,9408,2,15
34359740287,35,9402,9404,3,11
274877922297,38,9405,9405,1,10
137438961150,37,9408,9408,1,10
68719480575,36,9405,9406,2,15
137438961151,37,9407,9407,1,10
274877922308,38,9410,9410,1,10
137438961154,37,9411,9411,1,15
34359740288,35,9412,9416,5,11
17179870144,34,9417,9427,11,4
8589935072,33,9428,9442,15,8
4294967536,32,9443,9472,30,12
2147483768,31,9473,9552,80,14
1073741884,30,9553,9704,152,5
536870942,29,9705,9999,295,3
268435471,28,8798,9408,611,2
274877922309,38,9409,9409,1,10
137438961155,37,9409,9410,2,15
137438961156,37,9413,9413,1,10
68719480578,36,9414,9416,3,15
34359740289,35,9409,9411,3,11
137438961157,37,9412,9412,1,10
549755844634,39,9415,9415,1,9
137438961158,37,9416,9416,1,10
68719480579,36,9412,9413,2,15
549755844635,39,9414,9414,1,9
137438961159,37,9414,9415,2,10
1099511689288,40,9418,9418,1,17
549755844644,39,9419,9419,1,9
274877922322,38,9420,9422,3,10
68719480580,36,9423,9423,1,15
34359740290,35,9424,9427,4,11
17179870145,34,9409,9416,8,4
1099511689289,40,9417,9417,1,17
549755844645,39,9417,9418,2,9
549755844646,39,9421,9422,2,9
274877922323,38,9417,9419,3,10
2199023378590,41,9422,9422,1,17
549755844647,39,9420,9420,1,9
2199023378591,41,9421,9421,1,17
68719480581,36,9417,9422,6,15
274877922328,38,9425,9425,1,10
68719480582,36,9426,9427,2,15
34359740291,35,9417,9423,7,11
274877922329,38,9424,9424,1,10
137438961166,37,9427,9427,1,10
68719480583,36,9424,9425,2,15
137438961167,37,9426,9426,1,10
137438961168,37,9429,9429,1,10
68719480584,36,9430,9430,1,15
34359740292,35,9431,9434,4,11
17179870146,34,9435,9442,8,4
8589935073,33,9409,9427,19,8
137438961169,37,9428,9428,1,10
68719480585,36,9428,9429,2,15
137438961172,37,9432,9434,3,15
34359740293,35,9428,9430,3,11
8796093515084,43,9433,9433,1,9
549755844692,39,9434,9434,1,10
137438961173,37,9431,9431,1,15
8796093515085,43,9432,9432,1,9
549755844693,39,9432,9433,2,10
137438961176,37,9436,9436,1,10
68719480588,36,9437,9437,1,15
34359740294,35,9438,9442,5,11
17179870147,34,9428,9434,7,4
137438961177,37,9435,9435,1,10
68719480589,36,9435,9436,2,15
68719480590,36,9439,9442,4,15
34359740295,35,9435,9437,3,11
274877922364,38,9440,9441,2,9
137438961182,37,9442,9442,1,10
68719480591,36,9438,9438,1,15
1099511689460,40,9441,9441,1,17
274877922365,38,9439,9439,1,9
1099511689461,40,9440,9440,1,17
137438961183,37,9439,9441,3,10
137438961184,37,9444,9444,1,10
68719480592,36,9445,9445,1,15
34359740296,35,9446,9446,1,11
17179870148,34,9447,9453,7,4
8589935074,33,9454,9472,19,8
4294967537,32,9409,9442,34,12
137438961185,37,9443,9443,1,10
68719480593,36,9443,9444,2,15
34359740297,35,9443,9445,3,11
137438961192,37,9448,9449,2,10
68719480596,36,9450,9450,1,15
34359740298,35,9451,9453,3,11
17179870149,34,9443,9446,4,4
274877922386,38,9449,9449,1,9
137438961193,37,9447,9447,1,10
274877922387,38,9448,9448,1,9
68719480597,36,9447,9449,3,15
68719480598,36,9452,9453,2,15
34359740299,35,9447,9450,4,11
137438961198,37,9453,9453,1,10
68719480599,36,9451,9451,1,15
137438961199,37,9452,9452,1,10
274877922400,38,9455,9456,2,9
137438961200,37,9457,9457,1,10
68719480600,36,9458,9459,2,15
34359740300,35,9460,9463,4,11
17179870150,34,9464,9472,9,4
8589935075,33,9443,9453,11,8
549755844802,39,9456,9456,1,17
274877922401,38,9454,9454,1,9
549755844803,39,9455,9455,1,17
137438961201,37,9454,9456,3,10
274877922404,38,9459,9459,1,10
68719480601,36,9454,9457,4,15
274877922405,38,9458,9458,1,10
68719480602,36,9461,9463,3,15
34359740301,35,9454,9459,6,11
549755844824,39,9462,9462,1,9
137438961206,37,9463,9463,1,10
68719480603,36,9460,9460,1,15
549755844825,39,9461,9461,1,9
137438961207,37,9461,9462,2,10
137438961208,37,9465,9465,1,10
68719480604,36,9466,9467,2,15
34359740302,35,9468,9472,5,11
17179870151,34,9454,9463,10,4
137438961209,37,9464,9464,1,10
274877922422,38,9467,9467,1,10
68719480605,36,9464,9465,2,15
274877922423,38,9466,9466,1,10
137438961212,37,9469,9469,1,10
68719480606,36,9470,9472,3,15
34359740303,35,9464,9467,4,11
137438961213,37,9468,9468,1,10
274877922428,38,9471,9472,2,10
68719480607,36,9468,9469,2,15
549755844858,39,9472,9472,1,9
274877922429,38,9470,9470,1,10
549755844859,39,9471,9471,1,9
274877922432,38,9474,9474,1,9
137438961216,37,9475,9475,1,10
68719480608,36,9476,9476,1,15
34359740304,35,9477,9483,7,11
17179870152,34,9484,9494,11,4
8589935076,33,9495,9515,21,8
4294967538,32,9516,9552,37,12
2147483769,31,9409,9472,64,14
274877922433,38,9473,9473,1,9
137438961217,37,9473,9474,2,10
68719480609,36,9473,9475,3,15
1099511689770,40,9478,9478,1,9
274877922442,38,9479,9479,1,10
68719480610,36,9480,9483,4,15
34359740305,35,9473,9476,4,11
1099511689771,40,9477,9477,1,9
274877922443,38,9477,9478,2,10
1099511689776,40,9481,9481,1,9
137438961222,37,9482,9483,2,10
68719480611,36,9477,9479,3,15
1099511689777,40,9480,9480,1,9
8796093518272,43,9483,9483,1,9
137438961223,37,9480,9481,2,10
8796093518273,43,9482,9482,1,9
274877922448,38,9485,9485,1,9
137438961224,37,9486,9486,1,10
68719480612,36,9487,9487,1,15
34359740306,35,9488,9494,7,11
17179870153,34,9473,9483,11,4
274877922449,38,9484,9484,1,9
137438961225,37,9484,9485,2,10
68719480613,36,9484,9486,3,15
137438961228,37,9489,9490,2,10
68719480614,36,9491,9494,4,15
34359740307,35,9484,9487,4,11
274877922458,38,9490,9490,1,9
137438961229,37,9488,9488,1,10
274877922459,38,9489,9489,1,9
274877922460,38,9492,9493,2,9
137438961230,37,9494,9494,1,10
68719480615,36,9488,9490,3,15
549755844922,39,9493,9493,1,17
274877922461,38,9491,9491,1,9
549755844923,39,9492,9492,1,17
137438961231,37,9491,9493,3,10
137438961232,37,9496,9498,3,10
68719480616,36,9499,9504,6,15
34359740308,35,9505,9509,5,11
17179870154,34,9510,9515,6,4
8589935077,33,9473,9494,22,8
2199023379728,41,9497,9497,1,17
274877922466,38,9498,9498,1,9
137438961233,37,9495,9495,1,10
2199023379729,41,9496,9496,1,17
274877922467,38,9496,9497,2,9
549755844936,39,9500,9500,1,17
274877922468,38,9501,9502,2,9
137438961234,37,9503,9504,2,10
68719480617,36,9495,9498,4,15
549755844937,39,9499,9499,1,17
549755844938,39,9502,9502,1,17
274877922469,38,9499,9500,2,9
549755844939,39,9501,9501,1,17
2199023379764,41,9504,9504,1,9
137438961235,37,9499,9502,4,10
2199023379765,41,9503,9503,1,9
274877922472,38,9506,9506,1,10
68719480618,36,9507,9509,3,15
34359740309,35,9495,9504,10,11
274877922473,38,9505,9505,1,10
274877922476,38,9508,9508,1,9
137438961238,37,9509,9509,1,10
68719480619,36,9505,9506,2,15
274877922477,38,9507,9507,1,9
137438961239,37,9507,9508,2,10
274877922484,38,9511,9511,1,10
137438961242,37,9512,9512,1,15
34359740310,35,9513,9515,3,11
17179870155,34,9495,9509,15,4
274877922485,38,9510,9510,1,10
137438961243,37,9510,9511,2,15
274877922490,38,9514,9514,1,10
68719480622,36,9515,9515,1,15
34359740311,35,9510,9512,3,11
274877922491,38,9513,9513,1,10
68719480623,36,9513,9514,2,15
137438961248,37,9517,9518,2,10
68719480624,36,9519,9523,5,15
34359740312,35,9524,9528,5,11
17179870156,34,9529,9536,8,4
8589935078,33,9537,9552,16,8
4294967539,32,9473,9515,43,12
8796093519964,43,9518,9518,1,9
137438961249,37,9516,9516,1,10
8796093519965,43,9517,9517,1,9
1099511690002,40,9520,9520,1,17
274877922500,38,9521,9521,1,9
137438961250,37,9522,9523,2,10
68719480625,36,9516,9518,3,15
1099511690003,40,9519,9519,1,17
274877922501,38,9519,9520,2,9
2199023380018,41,9523,9523,1,9
137438961251,37,9519,9521,3,10
2199023380019,41,9522,9522,1,9
549755845008,39,9525,9525,1,10
68719480626,36,9526,9528,3,15
34359740313,35,9516,9523,8,11
549755845009,39,9524,9524,1,10
549755845016,39,9527,9527,1,9
274877922508,38,9528,9528,1,10
68719480627,36,9524,9525,2,15
549755845017,39,9526,9526,1,9
274877922509,38,9526,9527,2,10
274877922512,38,9530,9531,2,9
137438961256,37,9532,9532,1,10
68719480628,36,9533,9533,1,15
34359740314,35,9534,9536,3,11
17179870157,34,9516,9528,13,4
549755845026,39,9531,9531,1,17
274877922513,38,9529,9529,1,9
549755845027,39,9530,9530,1,17
137438961257,37,9529,9531,3,10
68719480629,36,9529,9532,4,15
68719480630,36,9535,9536,2,15
34359740315,35,9529,9533,5,11
274877922526,38,9536,9536,1,10
68719480631,36,9534,9534,1,15
274877922527,38,9535,9535,1,10
68719480632,36,9538,9539,2,15
34359740316,35,9540,9544,5,11
17179870158,34,9545,9552,8,4
8589935079,33,9516,9536,21,8
137438961266,37,9539,9539,1,10
68719480633,36,9537,9537,1,15
137438961267,37,9538,9538,1,10
137438961268,37,9541,9542,2,10
68719480634,36,9543,9544,2,15
34359740317,35,9537,9539,3,11
549755845076,39,9542,9542,1,9
137438961269,37,9540,9540,1,10
549755845077,39,9541,9541,1,9
137438961270,37,9544,9544,1,10
68719480635,36,9540,9542,3,15
137438961271,37,9543,9543,1,10
68719480636,36,9546,9548,3,15
34359740318,35,9549,9552,4,11
17179870159,34,9537,9544,8,4
1099511690194,40,9547,9547,1,9
137438961274,37,9548,9548,1,10
68719480637,36,9545,9545,1,15
1099511690195,40,9546,9546,1,9
137438961275,37,9546,9547,2,10
549755845110,39,9550,9550,1,10
68719480638,36,9551,9552,2,15
34359740319,35,9545,9548,4,11
549755845111,39,9549,9549,1,10
274877922558,38,9552,9552,1,10
68719480639,36,9549,9550,2,15
274877922559,38,9551,9551,1,10
68719480640,36,9554,9555,2,15
34359740320,35,9556,9559,4,11
17179870160,34,9560,9570,11,4
8589935080,33,9571,9598,28,8
4294967540,32,9599,9634,36,12
2147483770,31,9635,9704,70,14
1073741885,30,9409,9552,144,5
137438961282,37,9555,9555,1,10
68719480641,36,9553,9553,1,15
137438961283,37,9554,9554,1,10
68719480642,36,9557,9559,3,15
34359740321,35,9553,9555,3,11
549755845144,39,9558,9558,1,9
137438961286,37,9559,9559,1,10
68719480643,36,9556,9556,1,15
549755845145,39,9557,9557,1,9
137438961287,37,9557,9558,2,10
274877922576,38,9561,9561,1,9
137438961288,37,9562,9562,1,10
68719480644,36,9563,9564,2,15
34359740322,35,9565,9570,6,11
17179870161,34,9553,9559,7,4
274877922577,38,9560,9560,1,9
137438961289,37,9560,9561,2,10
137438961290,37,9564,9564,1,10
68719480645,36,9560,9562,3,15
137438961291,37,9563,9563,1,10
1099511690344,40,9566,9567,2,10
68719480646,36,9568,9570,3,15
34359740323,35,9560,9564,5,11
2199023380690,41,9567,9567,1,9
1099511690345,40,9565,9565,1,10
2199023380691,41,9566,9566,1,9
549755845182,39,9569,9570,2,10
68719480647,36,9565,9567,3,15
1099511690366,40,9570,9570,1,9
549755845183,39,9568,9568,1,10
1099511690367,40,9569,9569,1,9
137438961296,37,9572,9572,1,10
68719480648,36,9573,9574,2,15
34359740324,35,9575,9581,7,11
17179870162,34,9582,9598,17,4
8589935081,33,9553,9570,18,8
137438961297,37,9571,9571,1,10
549755845192,39,9574,9574,1,10
68719480649,36,9571,9572,2,15
549755845193,39,9573,9573,1,10
137438961300,37,9576,9578,3,10
68719480650,36,9579,9581,3,15
34359740325,35,9571,9574,4,11
2199023380822,41,9577,9577,1,17
274877922602,38,9578,9578,1,9
137438961301,37,9575,9575,1,10
2199023380823,41,9576,9576,1,17
274877922603,38,9576,9577,2,9
137438961302,37,9580,9581,2,10
68719480651,36,9575,9578,4,15
274877922606,38,9581,9581,1,9
137438961303,37,9579,9579,1,10
274877922607,38,9580,9580,1,9
1099511690438,40,9583,9583,1,9
137438961304,37,9584,9587,4,10
68719480652,36,9588,9590,3,15
34359740326,35,9591,9598,8,11
17179870163,34,9571,9581,11,4
1099511690439,40,9582,9582,1,9
549755845220,39,9585,9585,1,17
274877922610,38,9586,9587,2,9
137438961305,37,9582,9583,2,10
549755845221,39,9584,9584,1,17
549755845222,39,9587,9587,1,17
274877922611,38,9584,9585,2,9
549755845223,39,9586,9586,1,17
549755845226,39,9589,9589,1,9
137438961306,37,9590,9590,1,10
68719480653,36,9582,9587,6,15
549755845227,39,9588,9588,1,9
137438961307,37,9588,9589,2,10
137438961308,37,9592,9592,1,10
68719480654,36,9593,9598,6,15
34359740327,35,9582,9590,9,11
137438961309,37,9591,9591,1,10
8796093523910,43,9594,9594,1,13
1099511690488,40,9595,9595,1,17
549755845244,39,9596,9597,2,9
274877922622,38,9598,9598,1,10
68719480655,36,9591,9592,2,15
8796093523911,43,9593,9593,1,13
1099511690489,40,9593,9594,2,17
1099511690490,40,9597,9597,1,17
549755845245,39,9593,9595,3,9
1099511690491,40,9596,9596,1,17
274877922623,38,9593,9597,5,10
137438961312,37,9600,9600,1,15
34359740328,35,9601,9603,3,11
17179870164,34,9604,9608,5,4
8589935082,33,9609,9634,26,8
4294967541,32,9553,9598,46,12
137438961313,37,9599,9599,1,15
1099511690540,40,9602,9602,1,10
68719480658,36,9603,9603,1,15
34359740329,35,9599,9600,2,11
1099511690541,40,9601,9601,1,10
68719480659,36,9601,9602,2,15
137438961320,37,9605,9605,1,15
34359740330,35,9606,9608,3,11
17179870165,34,9599,9603,5,4
137438961321,37,9604,9604,1,15
137438961324,37,9607,9607,1,10
68719480662,36,9608,9608,1,15
34359740331,35,9604,9605,2,11
137438961325,37,9606,9606,1,10
68719480663,36,9606,9607,2,15
549755845320,39,9610,9610,1,9
274877922660,38,9611,9611,1,10
137438961330,37,9612,9612,1,15
34359740332,35,9613,9618,6,11
17179870166,34,9619,9634,16,4
8589935083,33,9599,9608,10,8
549755845321,39,9609,9609,1,9
274877922661,38,9609,9610,2,10
137438961331,37,9609,9611,3,15
1099511690660,40,9614,9614,1,9
137438961332,37,9615,9616,2,10
68719480666,36,9617,9618,2,15
34359740333,35,9609,9612,4,11
1099511690661,40,9613,9613,1,9
2199023381328,41,9616,9616,1,9
137438961333,37,9613,9614,2,10
2199023381329,41,9615,9615,1,9
137438961334,37,9618,9618,1,10
68719480667,36,9613,9616,4,15
137438961335,37,9617,9617,1,10
4398046762762,42,9620,9620,1,17
274877922672,38,9621,9621,1,9
137438961336,37,9622,9622,1,10
68719480668,36,9623,9624,2,15
34359740334,35,9625,9634,10,11
17179870167,34,9609,9618,10,4
4398046762763,42,9619,9619,1,17
274877922673,38,9619,9620,2,9
137438961337,37,9619,9621,3,10
4398046762864,42,9624,9624,1,10
68719480669,36,9619,9622,4,15
4398046762865,42,9623,9623,1,10
1099511690720,40,9626,9626,1,17
549755845360,39,9627,9627,1,9
137438961340,37,9628,9630,3,10
68719480670,36,9631,9634,4,15
34359740335,35,9619,9624,6,11
1099511690721,40,9625,9625,1,17
549755845361,39,9625,9626,2,9
274877922682,38,9629,9630,2,9
137438961341,37,9625,9627,3,10
549755845366,39,9630,9630,1,17
274877922683,38,9628,9628,1,9
549755845367,39,9629,9629,1,17
549755845370,39,9632,9632,1,9
137438961342,37,9633,9634,2,10
68719480671,36,9625,9630,6,15
549755845371,39,9631,9631,1,9
2199023381498,41,9634,9634,1,9
137438961343,37,9631,9632,2,10
2199023381499,41,9633,9633,1,9
549755845378,39,9636,9636,1,9
137438961344,37,9637,9637,1,10
68719480672,36,9638,9640,3,15
34359740336,35,9641,9645,5,11
17179870168,34,9646,9654,9,4
8589935084,33,9655,9671,17,8
4294967542,32,9672,9704,33,12
2147483771,31,9553,9634,82,14
549755845379,39,9635,9635,1,9
137438961345,37,9635,9636,2,10
549755845384,39,9639,9639,1,9
274877922692,38,9640,9640,1,10
68719480673,36,9635,9637,3,15
549755845385,39,9638,9638,1,9
274877922693,38,9638,9639,2,10
68719480674,36,9642,9645,4,15
34359740337,35,9635,9640,6,11
4398046763204,42,9643,9643,1,9
137438961350,37,9644,9645,2,10
68719480675,36,9641,9641,1,15
4398046763205,42,9642,9642,1,9
1099511690810,40,9645,9645,1,9
137438961351,37,9642,9643,2,10
1099511690811,40,9644,9644,1,9
549755845408,39,9647,9647,1,10
274877922704,38,9648,9648,1,15
34359740338,35,9649,9654,6,11
17179870169,34,9635,9645,11,4
549755845409,39,9646,9646,1,10
274877922705,38,9646,9647,2,15
137438961356,37,9650,9650,1,10
68719480678,36,9651,9654,4,15
34359740339,35,9646,9648,3,11
137438961357,37,9649,9649,1,10
35184374107808,45,9652,9652,1,17
549755845434,39,9653,9653,1,9
137438961358,37,9654,9654,1,10
68719480679,36,9649,9650,2,15
35184374107809,45,9651,9651,1,17
549755845435,39,9651,9652,2,9
137438961359,37,9651,9653,3,10
549755845454,39,9656,9656,1,15
34359740340,35,9657,9663,7,11
17179870170,34,9664,9671,8,4
8589935085,33,9635,9654,20,8
549755845455,39,9655,9655,1,15
137438961364,37,9658,9658,1,10
68719480682,36,9659,9663,5,15
34359740341,35,9655,9656,2,11
137438961365,37,9657,9657,1,10
274877922732,38,9660,9663,4,10
68719480683,36,9657,9658,2,15
1099511690932,40,9661,9661,1,17
549755845466,39,9662,9663,2,9
274877922733,38,9659,9659,1,10
1099511690933,40,9660,9660,1,17
4398046763742,42,9663,9663,1,17
549755845467,39,9660,9661,2,9
4398046763743,42,9662,9662,1,17
549755845480,39,9665,9665,1,9
274877922740,38,9666,9667,2,10
137438961370,37,9668,9669,2,15
34359740342,35,9670,9671,2,11
17179870171,34,9655,9663,9,4
549755845481,39,9664,9664,1,9
549755845482,39,9667,9667,1,9
274877922741,38,9664,9665,2,10
549755845483,39,9666,9666,1,9
549755845484,39,9669,9669,1,10
137438961371,37,9664,9667,4,15
549755845485,39,9668,9668,1,10
549755845488,39,9671,9671,1,15
34359740343,35,9664,9669,6,11
549755845489,39,9670,9670,1,15
34359740344,35,9673,9674,2,11
17179870172,34,9675,9682,8,4
8589935086,33,9683,9704,22,8
4294967543,32,9635,9671,37,12
68719480690,36,9674,9674,1,15
34359740345,35,9672,9672,1,11
68719480691,36,9673,9673,1,15
2199023382148,41,9676,9676,1,10
68719480692,36,9677,9677,1,15
34359740346,35,9678,9682,5,11
17179870173,34,9672,9674,3,4
2199023382149,41,9675,9675,1,10
68719480693,36,9675,9676,2,15
137438961388,37,9679,9680,2,10
68719480694,36,9681,9682,2,15
34359740347,35,9675,9677,3,11
1099511691118,40,9680,9680,1,9
137438961389,37,9678,9678,1,10
1099511691119,40,9679,9679,1,9
274877922780,38,9682,9682,1,10
68719480695,36,9678,9680,3,15
274877922781,38,9681,9681,1,10
549755845568,39,9684,9685,2,10
68719480696,36,9686,9687,2,15
34359740348,35,9688,9692,5,11
17179870174,34,9693,9704,12,4
8589935087,33,9672,9682,11,8
1099511691138,40,9685,9685,1,9
549755845569,39,9683,9683,1,10
1099511691139,40,9684,9684,1,9
274877922790,38,9687,9687,1,10
68719480697,36,9683,9685,3,15
274877922791,38,9686,9686,1,10
549755845584,39,9689,9689,1,9
274877922792,38,9690,9690,1,10
68719480698,36,9691,9692,2,15
34359740349,35,9683,9687,5,11
549755845585,39,9688,9688,1,9
274877922793,38,9688,9689,2,10
137438961398,37,9692,9692,1,10
68719480699,36,9688,9690,3,15
137438961399,37,9691,9691,1,10
274877922800,38,9694,9694,1,9
137438961400,37,9695,9697,3,10
68719480700,36,9698,9702,5,15
34359740350,35,9703,9704,2,11
17179870175,34,9683,9692,10,4
274877922801,38,9693,9693,1,9
274877922802,38,9696,9697,2,9
137438961401,37,9693,9694,2,10
549755845606,39,9697,9697,1,17
274877922803,38,9695,9695,1,9
549755845607,39,9696,9696,1,17
1099511691218,40,9699,9699,1,9
137438961402,37,9700,9702,3,10
68719480701,36,9693,9697,5,15
1099511691219,40,9698,9698,1,9
549755845612,39,9701,9701,1,17
274877922806,38,9702,9702,1,9
137438961403,37,9698,9699,2,10
549755845613,39,9700,9700,1,17
274877922807,38,9700,9701,2,9
68719480702,36,9704,9704,1,15
34359740351,35,9693,9702,10,11
68719480703,36,9703,9703,1,15
137438961408,37,9706,9707,2,10
68719480704,36,9708,9708,1,15
34359740352,35,9709,9710,2,11
17179870176,34,9711,9717,7,4
8589935088,33,9718,9733,16,8
4294967544,32,9734,9775,42,12
2147483772,31,9776,9856,81,14
1073741886,30,9857,9999,143,5
536870943,29,9409,9704,296,3
549755845638,39,9707,9707,1,9
137438961409,37,9705,9705,1,10
549755845639,39,9706,9706,1,9
68719480705,36,9705,9707,3,15
68719480706,36,9710,9710,1,15
34359740353,35,9705,9708,4,11
68719480707,36,9709,9709,1,15
137438961416,37,9712,9713,2,10
68719480708,36,9714,9714,1,15
34359740354,35,9715,9717,3,11
17179870177,34,9705,9710,6,4
274877922834,38,9713,9713,1,9
137438961417,37,9711,9711,1,10
274877922835,38,9712,9712,1,9
68719480709,36,9711,9713,3,15
137438961420,37,9716,9716,1,10
68719480710,36,9717,9717,1,15
34359740355,35,9711,9714,4,11
137438961421,37,9715,9715,1,10
68719480711,36,9715,9716,2,15
549755845696,39,9719,9719,1,10
68719480712,36,9720,9720,1,15
34359740356,35,9721,9722,2,11
17179870178,34,9723,9733,11,4
8589935089,33,9705,9717,13,8
549755845697,39,9718,9718,1,10
68719480713,36,9718,9719,2,15
137438961430,37,9722,9722,1,15
34359740357,35,9718,9720,3,11
137438961431,37,9721,9721,1,15
137438961432,37,9724,9724,1,10
68719480716,36,9725,9727,3,15
34359740358,35,9728,9733,6,11
17179870179,34,9718,9722,5,4
137438961433,37,9723,9723,1,10
137438961434,37,9726,9727,2,10
68719480717,36,9723,9724,2,15
1099511691482,40,9727,9727,1,9
137438961435,37,9725,9725,1,10
1099511691483,40,9726,9726,1,9
2199023382990,41,9729,9729,1,10
68719480718,36,9730,9733,4,15
34359740359,35,9723,9727,5,11
2199023382991,41,9728,9728,1,10
274877922876,38,9731,9731,1,9
137438961438,37,9732,9733,2,10
68719480719,36,9728,9729,2,15
274877922877,38,9730,9730,1,9
549755845756,39,9733,9733,1,9
137438961439,37,9730,9731,2,10
549755845757,39,9732,9732,1,9
68719480720,36,9735,9737,3,15
34359740360,35,9738,9744,7,11
17179870180,34,9745,9754,10,4
8589935090,33,9755,9775,21,8
4294967545,32,9705,9733,29,12
137438961442,37,9736,9737,2,10
68719480721,36,9734,9734,1,15
2199023383102,41,9737,9737,1,9
137438961443,37,9735,9735,1,10
2199023383103,41,9736,9736,1,9
137438961444,37,9739,9740,2,10
68719480722,36,9741,9744,4,15
34359740361,35,9734,9737,4,11
2199023383120,41,9740,9740,1,9
137438961445,37,9738,9738,1,10
2199023383121,41,9739,9739,1,9
137438961446,37,9742,9744,3,10
68719480723,36,9738,9740,3,15
274877922894,38,9743,9744,2,9
137438961447,37,9741,9741,1,10
549755845790,39,9744,9744,1,17
274877922895,38,9742,9742,1,9
549755845791,39,9743,9743,1,17
137438961448,37,9746,9747,2,15
34359740362,35,9748,9754,7,11
17179870181,34,9734,9744,11,4
274877922898,38,9747,9747,1,10
137438961449,37,9745,9745,1,15
274877922899,38,9746,9746,1,10
137438961452,37,9749,9749,1,10
68719480726,36,9750,9754,5,15
34359740363,35,9745,9747,3,11
137438961453,37,9748,9748,1,10
549755845816,39,9751,9751,1,17
274877922908,38,9752,9752,1,9
137438961454,37,9753,9754,2,10
68719480727,36,9748,9749,2,15
549755845817,39,9750,9750,1,17
274877922909,38,9750,9751,2,9
549755845820,39,9754,9754,1,9
137438961455,37,9750,9752,3,10
549755845821,39,9753,9753,1,9
274877922914,38,9756,9756,1,10
68719480728,36,9757,9758,2,15
34359740364,35,9759,9768,10,11
17179870182,34,9769,9775,7,4
8589935091,33,9734,9754,21,8
274877922915,38,9755,9755,1,10
137438961458,37,9758,9758,1,10
68719480729,36,9755,9756,2,15
137438961459,37,9757,9757,1,10
274877922920,38,9760,9761,2,9
137438961460,37,9762,9763,2,10
68719480730,36,9764,9768,5,15
34359740365,35,9755,9758,4,11
549755845842,39,9761,9761,1,17
274877922921,38,9759,9759,1,9
549755845843,39,9760,9760,1,17
274877922922,38,9763,9763,1,9
137438961461,37,9759,9761,3,10
274877922923,38,9762,9762,1,9
549755845850,39,9765,9766,2,9
137438961462,37,9767,9768,2,10
68719480731,36,9759,9763,5,15
4398046766810,42,9766,9766,1,17
549755845851,39,9764,9764,1,9
4398046766811,42,9765,9765,1,17
274877922926,38,9768,9768,1,9
137438961463,37,9764,9766,3,10
274877922927,38,9767,9767,1,9
68719480732,36,9770,9770,1,15
34359740366,35,9771,9775,5,11
17179870183,34,9755,9768,14,4
68719480733,36,9769,9769,1,15
274877922936,38,9772,9773,2,10
68719480734,36,9774,9775,2,15
34359740367,35,9769,9770,2,11
549755845874,39,9773,9773,1,9
274877922937,38,9771,9771,1,10
549755845875,39,9772,9772,1,9
274877922942,38,9775,9775,1,10
68719480735,36,9771,9773,3,15
274877922943,38,9774,9774,1,10
274877922944,38,9777,9777,1,9
137438961472,37,9778,9779,2,10
68719480736,36,9780,9781,2,15
34359740368,35,9782,9786,5,11
17179870184,34,9787,9793,7,4
8589935092,33,9794,9816,23,8
4294967546,32,9817,9856,40,12
2147483773,31,9705,9775,71,14
274877922945,38,9776,9776,1,9
8796093534332,43,9779,9779,1,9
137438961473,37,9776,9777,2,10
8796093534333,43,9778,9778,1,9
137438961474,37,9781,9781,1,10
68719480737,36,9776,9779,4,15
137438961475,37,9780,9780,1,10
549755845908,39,9783,9783,1,9
274877922954,38,9784,9785,2,10
68719480738,36,9786,9786,1,15
34359740369,35,9776,9781,6,11
549755845909,39,9782,9782,1,9
549755845910,39,9785,9785,1,9
274877922955,38,9782,9783,2,10
549755845911,39,9784,9784,1,9
68719480739,36,9782,9785,4,15
137438961480,37,9788,9789,2,10
68719480740,36,9790,9790,1,15
34359740370,35,9791,9793,3,11
17179870185,34,9776,9786,11,4
1099511691852,40,9789,9789,1,9
137438961481,37,9787,9787,1,10
1099511691853,40,9788,9788,1,9
68719480741,36,9787,9789,3,15
137438961484,37,9792,9792,1,10
68719480742,36,9793,9793,1,15
34359740371,35,9787,9790,4,11
137438961485,37,9791,9791,1,10
68719480743,36,9791,9792,2,15
68719480744,36,9795,9795,1,15
34359740372,35,9796,9803,8,11
17179870186,34,9804,9816,13,4
8589935093,33,9776,9793,18,8
68719480745,36,9794,9794,1,15
4398046767768,42,9797,9797,1,17
2199023383884,41,9798,9798,1,9
137438961492,37,9799,9801,3,10
68719480746,36,9802,9803,2,15
34359740373,35,9794,9795,2,11
4398046767769,42,9796,9796,1,17
2199023383885,41,9796,9797,2,9
274877922986,38,9800,9801,2,9
137438961493,37,9796,9798,3,10
549755845974,39,9801,9801,1,17
274877922987,38,9799,9799,1,9
549755845975,39,9800,9800,1,17
137438961494,37,9803,9803,1,10
68719480747,36,9796,9801,6,15
137438961495,37,9802,9802,1,10
137438961496,37,9805,9806,2,10
68719480748,36,9807,9810,4,15
34359740374,35,9811,9816,6,11
17179870187,34,9794,9803,10,4
2199023383954,41,9806,9806,1,9
137438961497,37,9804,9804,1,10
2199023383955,41,9805,9805,1,9
274877922996,38,9808,9809,2,9
137438961498,37,9810,9810,1,10
68719480749,36,9804,9806,3,15
70368748287380,46,9809,9809,1,17
274877922997,38,9807,9807,1,9
70368748287381,46,9808,9808,1,17
137438961499,37,9807,9809,3,10
1099511692002,40,9812,9812,1,9
274877923000,38,9813,9815,3,10
68719480750,36,9816,9816,1,15
34359740375,35,9804,9810,7,11
1099511692003,40,9811,9811,1,9
2199023384010,41,9814,9814,1,17
549755846002,39,9815,9815,1,9
274877923001,38,9811,9812,2,10
2199023384011,41,9813,9813,1,17
549755846003,39,9813,9814,2,9
68719480751,36,9811,9815,5,15
137438961504,37,9818,9818,1,10
68719480752,36,9819,9820,2,15
34359740376,35,9821,9824,4,11
17179870188,34,9825,9835,11,4
8589935094,33,9836,9856,21,8
4294967547,32,9776,9816,41,12
137438961505,37,9817,9817,1,10
1099511692048,40,9820,9820,1,10
68719480753,36,9817,9818,2,15
1099511692049,40,9819,9819,1,10
274877923016,38,9822,9822,1,9
137438961508,37,9823,9823,1,10
68719480754,36,9824,9824,1,15
34359740377,35,9817,9820,4,11
274877923017,38,9821,9821,1,9
137438961509,37,9821,9822,2,10
68719480755,36,9821,9823,3,15
274877923024,38,9826,9826,1,9
137438961512,37,9827,9827,1,10
68719480756,36,9828,9830,3,15
34359740378,35,9831,9835,5,11
17179870189,34,9817,9824,8,4
274877923025,38,9825,9825,1,9
137438961513,37,9825,9826,2,10
137438961514,37,9829,9830,2,10
68719480757,36,9825,9827,3,15
274877923030,38,9830,9830,1,9
137438961515,37,9828,9828,1,10
274877923031,38,9829,9829,1,9
137438961516,37,9832,9833,2,10
68719480758,36,9834,9835,2,15
34359740379,35,9825,9830,6,11
2199023384282,41,9833,9833,1,9
137438961517,37,9831,9831,1,10
2199023384283,41,9832,9832,1,9
274877923036,38,9835,9835,1,10
68719480759,36,9831,9833,3,15
274877923037,38,9834,9834,1,10
274877923040,38,9837,9840,4,10
137438961520,37,9841,9842,2,15
34359740380,35,9843,9850,8,11
17179870190,34,9851,9856,6,4
8589935095,33,9817,9835,19,8
2199023384328,41,9838,9839,2,17
549755846082,39,9840,9840,1,9
274877923041,38,9836,9836,1,10
70368748298546,46,9839,9839,1,13
2199023384329,41,9837,9837,1,17
70368748298547,46,9838,9838,1,13
549755846083,39,9837,9839,3,9
549755846084,39,9842,9842,1,10
137438961521,37,9836,9840,5,15
549755846085,39,9841,9841,1,10
274877923048,38,9844,9844,1,9
137438961524,37,9845,9847,3,10
68719480762,36,9848,9850,3,15
34359740381,35,9836,9842,7,11
274877923049,38,9843,9843,1,9
1099511692200,40,9846,9846,1,17
274877923050,38,9847,9847,1,9
137438961525,37,9843,9844,2,10
1099511692201,40,9845,9845,1,17
274877923051,38,9845,9846,2,9
274877923054,38,9849,9850,2,10
68719480763,36,9843,9847,5,15
1099511692222,40,9850,9850,1,9
274877923055,38,9848,9848,1,10
1099511692223,40,9849,9849,1,9
1099511692232,40,9852,9852,1,10
68719480764,36,9853,9855,3,15
34359740382,35,9856,9856,1,11
17179870191,34,9836,9850,15,4
1099511692233,40,9851,9851,1,10
549755846120,39,9854,9854,1,9
137438961530,37,9855,9855,1,10
68719480765,36,9851,9852,2,15
549755846121,39,9853,9853,1,9
137438961531,37,9853,9854,2,10
34359740383,35,9851,9855,5,11
137438961536,37,9858,9858,1,10
68719480768,36,9859,9862,4,15
34359740384,35,9863,9869,7,11
17179870192,34,9870,9878,9,4
8589935096,33,9879,9897,19,8
4294967548,32,9898,9934,37,12
2147483774,31,9935,9999,65,14
1073741887,30,9705,9856,152,5
137438961537,37,9857,9857,1,10
137438961538,37,9860,9862,3,10
68719480769,36,9857,9858,2,15
4398046769248,42,9861,9861,1,17
2199023384624,41,9862,9862,1,9
137438961539,37,9859,9859,1,10
4398046769249,42,9860,9860,1,17
2199023384625,41,9860,9861,2,9
1099511692320,40,9864,9864,1,17
274877923080,38,9865,9866,2,9
137438961540,37,9867,9867,1,10
68719480770,36,9868,9869,2,15
34359740385,35,9857,9862,6,11
1099511692321,40,9863,9863,1,17
549755846162,39,9866,9866,1,17
274877923081,38,9863,9864,2,9
549755846163,39,9865,9865,1,17
137438961541,37,9863,9866,4,10
2199023384702,41,9869,9869,1,10
68719480771,36,9863,9867,5,15
2199023384703,41,9868,9868,1,10
549755846184,39,9871,9872,2,9
274877923092,38,9873,9873,1,10
137438961546,37,9874,9874,1,15
34359740386,35,9875,9878,4,11
17179870193,34,9857,9869,13,4
1099511692370,40,9872,9872,1,17
549755846185,39,9870,9870,1,9
1099511692371,40,9871,9871,1,17
274877923093,38,9870,9872,3,10
137438961547,37,9870,9873,4,15
68719480774,36,9876,9878,3,15
34359740387,35,9870,9874,5,11
549755846200,39,9877,9877,1,9
137438961550,37,9878,9878,1,10
68719480775,36,9875,9875,1,15
549755846201,39,9876,9876,1,9
137438961551,37,9876,9877,2,10
34359740388,35,9880,9886,7,11
17179870194,34,9887,9897,11,4
8589935097,33,9857,9878,22,8
549755846230,39,9881,9881,1,10
68719480778,36,9882,9886,5,15
34359740389,35,9879,9879,1,11
549755846231,39,9880,9880,1,10
137438961558,37,9883,9886,4,10
68719480779,36,9880,9881,2,15
549755846236,39,9884,9884,1,17
274877923118,38,9885,9886,2,9
137438961559,37,9882,9882,1,10
549755846237,39,9883,9883,1,17
1099511692478,40,9886,9886,1,17
274877923119,38,9883,9884,2,9
1099511692479,40,9885,9885,1,17
274877923120,38,9888,9889,2,9
137438961560,37,9890,9890,1,10
68719480780,36,9891,9892,2,15
34359740390,35,9893,9897,5,11
17179870195,34,9879,9886,8,4
1099511692486,40,9889,9889,1,17
274877923121,38,9887,9887,1,9
1099511692487,40,9888,9888,1,17
137438961561,37,9887,9889,3,10
274877923124,38,9892,9892,1,10
68719480781,36,9887,9890,4,15
274877923125,38,9891,9891,1,10
4398046770066,42,9894,9894,1,9
137438961564,37,9895,9896,2,10
68719480782,36,9897,9897,1,15
34359740391,35,9887,9892,6,11
4398046770067,42,9893,9893,1,9
274877923130,38,9896,9896,1,9
137438961565,37,9893,9894,2,10
274877923131,38,9895,9895,1,9
68719480783,36,9893,9896,4,15
274877923136,38,9899,9899,1,10
68719480784,36,9900,9900,1,15
34359740392,35,9901,9903,3,11
17179870196,34,9904,9911,8,4
8589935098,33,9912,9934,23,8
4294967549,32,9857,9897,41,12
274877923137,38,9898,9898,1,10
68719480785,36,9898,9899,2,15
137438961574,37,9902,9903,2,15
34359740393,35,9898,9900,3,11
1099511692602,40,9903,9903,1,10
137438961575,37,9901,9901,1,15
1099511692603,40,9902,9902,1,10
137438961576,37,9905,9906,2,10
68719480788,36,9907,9909,3,15
34359740394,35,9910,9911,2,11
17179870197,34,9898,9903,6,4
274877923154,38,9906,9906,1,9
137438961577,37,9904,9904,1,10
274877923155,38,9905,9905,1,9
137438961578,37,9908,9909,2,10
68719480789,36,9904,9906,3,15
549755846316,39,9909,9909,1,9
137438961579,37,9907,9907,1,10
549755846317,39,9908,9908,1,9
68719480790,36,9911,9911,1,15
34359740395,35,9904,9909,6,11
68719480791,36,9910,9910,1,15
137438961584,37,9913,9913,1,10
68719480792,36,9914,9917,4,15
34359740396,35,9918,9922,5,11
17179870198,34,9923,9934,12,4
8589935099,33,9898,9911,14,8
137438961585,37,9912,9912,1,10
274877923172,38,9915,9916,2,9
137438961586,37,9917,9917,1,10
68719480793,36,9912,9913,2,15
2199023385388,41,9916,9916,1,17
274877923173,38,9914,9914,1,9
2199023385389,41,9915,9915,1,17
137438961587,37,9914,9916,3,10
137438961588,37,9919,9920,2,10
68719480794,36,9921,9922,2,15
34359740397,35,9912,9917,6,11
274877923178,38,9920,9920,1,9
137438961589,37,9918,9918,1,10
274877923179,38,9919,9919,1,9
137438961590,37,9922,9922,1,10
68719480795,36,9918,9920,3,15
137438961591,37,9921,9921,1,10
549755846368,39,9924,9924,1,17
274877923184,38,9925,9925,1,9
137438961592,37,9926,9927,2,10
68719480796,36,9928,9930,3,15
34359740398,35,9931,9934,4,11
17179870199,34,9912,9922,11,4
549755846369,39,9923,9923,1,17
274877923185,38,9923,9924,2,9
549755846372,39,9927,9927,1,9
137438961593,37,9923,9925,3,10
549755846373,39,9926,9926,1,9
137438961594,37,9929,9930,2,10
68719480797,36,9923,9927,5,15
274877923190,38,9930,9930,1,9
137438961595,37,9928,9928,1,10
274877923191,38,9929,9929,1,9
68719480798,36,9932,9934,3,15
34359740399,35,9923,9930,8,11
137438961598,37,9933,9934,2,10
68719480799,36,9931,9931,1,15
274877923198,38,9934,9934,1,9
137438961599,37,9932,9932,1,10
274877923199,38,9933,9933,1,9
1099511692816,40,9936,9936,1,15
34359740400,35,9937,9939,3,11
17179870200,34,9940,9949,10,4
8589935100,33,9950,9969,20,8
4294967550,32,9970,9999,30,12
2147483775,31,9857,9934,78,14
1099511692817,40,9935,9935,1,15
549755846418,39,9938,9938,1,10
137438961604,37,9939,9939,1,15
34359740401,35,9935,9936,2,11
549755846419,39,9937,9937,1,10
137438961605,37,9937,9938,2,15
68719480804,36,9941,9943,3,15
34359740402,35,9944,9949,6,11
17179870201,34,9935,9939,5,4
137438961610,37,9942,9943,2,10
68719480805,36,9940,9940,1,15
274877923222,38,9943,9943,1,9
137438961611,37,9941,9941,1,10
274877923223,38,9942,9942,1,9
274877923224,38,9945,9945,1,9
137438961612,37,9946,9946,1,10
68719480806,36,9947,9949,3,15
34359740403,35,9940,9943,4,11
274877923225,38,9944,9944,1,9
137438961613,37,9944,9945,2,10
8796093543316,43,9948,9948,1,9
137438961614,37,9949,9949,1,10
68719480807,36,9944,9946,3,15
8796093543317,43,9947,9947,1,9
137438961615,37,9947,9948,2,10
274877923232,38,9951,9951,1,9
137438961616,37,9952,9952,1,10
68719480808,36,9953,9955,3,15
34359740404,35,9956,9957,2,11
17179870202,34,9958,9969,12,4
8589935101,33,9935,9949,15,8
274877923233,38,9950,9950,1,9
137438961617,37,9950,9951,2,10
274877923236,38,9954,9954,1,9
137438961618,37,9955,9955,1,10
68719480809,36,9950,9952,3,15
274877923237,38,9953,9953,1,9
137438961619,37,9953,9954,2,10
68719480810,36,9957,9957,1,15
34359740405,35,9950,9955,6,11
68719480811,36,9956,9956,1,15
549755846496,39,9959,9959,1,10
137438961624,37,9960,9960,1,15
34359740406,35,9961,9969,9,11
17179870203,34,9950,9957,8,4
549755846497,39,9958,9958,1,10
137438961625,37,9958,9959,2,15
549755846512,39,9962,9962,1,9
137438961628,37,9963,9963,1,10
68719480814,36,9964,9969,6,15
34359740407,35,9958,9960,3,11
549755846513,39,9961,9961,1,9
137438961629,37,9961,9962,2,10
549755846520,39,9965,9965,1,17
274877923260,38,9966,9968,3,9
137438961630,37,9969,9969,1,10
68719480815,36,9961,9963,3,15
549755846521,39,9964,9964,1,17
1099511693044,40,9967,9967,1,13
549755846522,39,9968,9968,1,17
274877923261,38,9964,9965,2,9
1099511693045,40,9966,9966,1,13
549755846523,39,9966,9967,2,17
137438961631,37,9964,9968,5,10
34359740408,35,9971,9977,7,11
17179870204,34,9978,9987,10,4
8589935102,33,9988,9999,12,8
4294967551,32,9935,9969,35,12
137438961636,37,9972,9972,1,10
68719480818,36,9973,9977,5,15
34359740409,35,9970,9970,1,11
137438961637,37,9971,9971,1,10
274877923276,38,9974,9974,1,9
137438961638,37,9975,9977,3,10
68719480819,36,9971,9972,2,15
274877923277,38,9973,9973,1,9
274877923278,38,9976,9977,2,9
137438961639,37,9973,9974,2,10
1099511693116,40,9977,9977,1,17
274877923279,38,9975,9975,1,9
1099511693117,40,9976,9976,1,17
1099511693124,40,9979,9979,1,9
137438961640,37,9980,9980,1,10
68719480820,36,9981,9983,3,15
34359740410,35,9984,9987,4,11
17179870205,34,9970,9977,8,4
1099511693125,40,9978,9978,1,9
137438961641,37,9978,9979,2,10
137438961642,37,9982,9983,2,10
68719480821,36,9978,9980,3,15
274877923286,38,9983,9983,1,9
137438961643,37,9981,9981,1,10
274877923287,38,9982,9982,1,9
137438961644,37,9985,9986,2,10
68719480822,36,9987,9987,1,15
34359740411,35,9978,9983,6,11
549755846580,39,9986,9986,1,9
137438961645,37,9984,9984,1,10
549755846581,39,9985,9985,1,9
68719480823,36,9984,9986,3,15
549755846606,39,9989,9990,2,15
34359740412,35,9991,9993,3,11
17179870206,34,9994,9999,6,4
8589935103,33,9970,9987,18,8
4398046772858,42,9990,9990,1,10
549755846607,39,9988,9988,1,15
4398046772859,42,9989,9989,1,10
137438961652,37,9992,9993,2,15
34359740413,35,9988,9990,3,11
549755846612,39,9993,9993,1,10
137438961653,37,9991,9991,1,15
549755846613,39,9992,9992,1,10
137438961656,37,9995,9995,1,10
68719480828,36,9996,9997,2,15
34359740414,35,9998,9999,2,11
17179870207,34,9988,9993,6,4
137438961657,37,9994,9994,1,10
137438961658,37,9997,9997,1,10
68719480829,36,9994,9995,2,15
137438961659,37,9996,9996,1,10
274877923324,38,9999,9999,1,15
34359740415,35,9994,9997,4,11
274877923325,38,9998,9998,1,15
