node_index,depth,left_rank,right_rank,weight,color
4096,12,1,1,1,12
2048,11,2,4,3,11
1024,10,5,12,8,10
512,9,13,32,20,9
256,8,33,63,31,8
128,7,64,129,66,7
64,6,130,237,108,6
32,5,238,456,219,5
16,4,457,945,489,4
8,3,946,1936,991,3
4,2,1937,3854,1918,2
2,1,3855,7739,3885,1
4097,12,0,0,1,12
16392,14,3,3,1,13
4098,12,4,4,1,12
2049,11,0,1,2,11
16393,14,2,2,1,13
4099,12,2,3,2,12
16400,14,6,6,1,13
4100,12,7,8,2,12
2050,11,9,12,4,11
1025,10,0,4,5,10
16401,14,5,5,1,13
16406,14,8,8,1,13
4101,12,5,6,2,12
16407,14,7,7,1,13
8204,13,10,11,2,13
4102,12,12,12,1,12
2051,11,5,8,4,11
16410,14,11,11,1,14
8205,13,9,9,1,13
16411,14,10,10,1,14
4103,12,9,11,3,12
16420,14,14,15,2,13
8210,13,16,17,2,12
2052,11,18,23,6,11
1026,10,24,32,9,10
513,9,0,12,13,9
65684,16,15,15,1,14
16421,14,13,13,1,13
65685,16,14,14,1,14
16422,14,17,17,1,13
8211,13,13,15,3,12
16423,14,16,16,1,13
16424,14,19,19,1,14
8212,13,20,20,1,13
4106,12,21,23,3,12
2053,11,13,17,5,11
16425,14,18,18,1,14
8213,13,18,19,2,13
8214,13,22,23,2,13
4107,12,18,20,3,12
16430,14,23,23,1,14
8215,13,21,21,1,13
16431,14,22,22,1,14
131460,17,25,25,1,13
4108,12,26,28,3,12
2054,11,29,32,4,11
1027,10,13,23,11,10
131461,17,24,24,1,13
32878,15,27,28,2,13
4109,12,24,25,2,12
65758,16,28,28,1,14
32879,15,26,26,1,13
65759,16,27,27,1,14
8220,13,30,31,2,13
4110,12,32,32,1,12
2055,11,24,28,5,11
16442,14,31,31,1,14
8221,13,29,29,1,13
16443,14,30,30,1,14
4111,12,29,31,3,12
2056,11,34,41,8,11
1028,10,42,53,12,10
514,9,54,63,10,9
257,8,0,32,33,8
16456,14,35,35,1,14
8228,13,36,38,3,13
4114,12,39,41,3,12
2057,11,33,33,1,11
16457,14,34,34,1,14
65834,16,37,37,1,15
16458,14,38,38,1,14
8229,13,34,35,2,13
65835,16,36,36,1,15
16459,14,36,37,2,14
65850,16,40,40,1,14
16462,14,41,41,1,13
4115,12,34,38,5,12
65851,16,39,39,1,14
16463,14,39,40,2,13
65856,16,43,44,2,14
8232,13,45,46,2,13
4116,12,47,49,3,12
2058,11,50,53,4,11
1029,10,33,41,9,10
263428,18,44,44,1,15
65857,16,42,42,1,14
263429,18,43,43,1,15
16466,14,46,46,1,14
8233,13,42,44,3,13
16467,14,45,45,1,14
16468,14,48,48,1,14
8234,13,49,49,1,13
4117,12,42,46,5,12
16469,14,47,47,1,14
8235,13,47,48,2,13
8236,13,51,52,2,13
4118,12,53,53,1,12
2059,11,42,49,8,11
16474,14,52,52,1,14
8237,13,50,50,1,13
16475,14,51,51,1,14
4119,12,50,52,3,12
65944,16,55,55,1,13
32972,15,56,56,1,12
2060,11,57,60,4,11
1030,10,61,63,3,10
515,9,33,53,21,9
65945,16,54,54,1,13
32973,15,54,55,2,12
263826,18,58,58,1,14
8244,13,59,59,1,13
4122,12,60,60,1,12
2061,11,54,56,3,11
263827,18,57,57,1,14
8245,13,57,58,2,13
4123,12,57,59,3,12
8250,13,62,62,1,12
2062,11,63,63,1,11
1031,10,54,60,7,10
8251,13,61,61,1,12
2063,11,61,62,2,11
4128,12,65,66,2,12
2064,11,67,73,7,11
1032,10,74,82,9,10
516,9,83,100,18,9
258,8,101,129,29,8
129,7,0,63,64,7
8258,13,66,66,1,13
4129,12,64,64,1,12
8259,13,65,65,1,13
8260,13,68,69,2,13
4130,12,70,73,4,12
2065,11,64,66,3,11
66092,16,69,69,1,14
8261,13,67,67,1,13
66093,16,68,68,1,14
16524,14,71,72,2,14
8262,13,73,73,1,13
4131,12,67,69,3,12
66100,16,72,72,1,15
16525,14,70,70,1,14
66101,16,71,71,1,15
8263,13,70,72,3,13
16528,14,75,75,1,13
8264,13,76,77,2,12
2066,11,78,82,5,11
1033,10,64,73,10,10
16529,14,74,74,1,13
16530,14,77,77,1,13
8265,13,74,75,2,12
16531,14,76,76,1,13
8270,13,79,82,4,12
2067,11,74,77,4,11
66170,16,80,82,3,13
8271,13,78,78,1,12
264684,18,81,81,1,15
132342,17,82,82,1,14
66171,16,79,79,1,13
264685,18,80,80,1,15
132343,17,80,81,2,14
16546,14,84,84,1,13
4136,12,85,85,1,12
2068,11,86,88,3,11
1034,10,89,100,12,10
517,9,64,82,19,9
16547,14,83,83,1,13
4137,12,83,84,2,12
8276,13,87,87,1,13
4138,12,88,88,1,12
2069,11,83,85,3,11
8277,13,86,86,1,13
4139,12,86,87,2,12
16560,14,90,91,2,14
8280,13,92,93,2,13
4140,12,94,96,3,12
2070,11,97,100,4,11
1035,10,83,88,6,10
33122,15,91,91,1,15
16561,14,89,89,1,14
33123,15,90,90,1,15
33126,15,93,93,1,14
8281,13,89,91,3,13
33127,15,92,92,1,14
8282,13,95,96,2,13
4141,12,89,93,5,12
33132,15,96,96,1,14
8283,13,94,94,1,13
33133,15,95,95,1,14
8284,13,98,99,2,13
4142,12,100,100,1,12
2071,11,89,96,8,11
33142,15,99,99,1,14
8285,13,97,97,1,13
33143,15,98,98,1,14
4143,12,97,99,3,12
8288,13,102,102,1,13
4144,12,103,104,2,12
2072,11,105,105,1,11
1036,10,106,111,6,10
518,9,112,129,18,9
259,8,64,100,37,8
8289,13,101,101,1,13
16580,14,104,104,1,13
4145,12,101,102,2,12
16581,14,103,103,1,13
2073,11,101,104,4,11
4148,12,107,107,1,12
2074,11,108,111,4,11
1037,10,101,105,5,10
4149,12,106,106,1,12
8300,13,109,109,1,13
4150,12,110,111,2,12
2075,11,106,107,2,11
8301,13,108,108,1,13
8302,13,111,111,1,13
4151,12,108,109,2,12
8303,13,110,110,1,13
16608,14,113,113,1,14
8304,13,114,114,1,13
4152,12,115,115,1,12
2076,11,116,119,4,11
1038,10,120,129,10,10
519,9,101,111,11,9
16609,14,112,112,1,14
8305,13,112,113,2,13
4153,12,112,114,3,12
4154,12,117,119,3,12
2077,11,112,115,4,11
8310,13,118,119,2,13
4155,12,116,116,1,12
16622,14,119,119,1,14
8311,13,117,117,1,13
16623,14,118,118,1,14
8312,13,121,121,1,13
4156,12,122,125,4,12
2078,11,126,129,4,11
1039,10,112,119,8,10
8313,13,120,120,1,13
8314,13,123,125,3,13
4157,12,120,121,2,12
66520,16,124,124,1,15
33260,15,125,125,1,14
8315,13,122,122,1,13
66521,16,123,123,1,15
33261,15,123,124,2,14
66536,16,127,127,1,13
16634,14,128,129,2,12
2079,11,120,125,6,11
66537,16,126,126,1,13
33270,15,129,129,1,13
16635,14,126,127,2,12
33271,15,128,128,1,13
8320,13,131,131,1,13
4160,12,132,132,1,12
2080,11,133,134,2,11
1040,10,135,141,7,10
520,9,142,154,13,9
260,8,155,175,21,8
130,7,176,237,62,7
65,6,0,129,130,6
8321,13,130,130,1,13
4161,12,130,131,2,12
8326,13,134,134,1,12
2081,11,130,132,3,11
8327,13,133,133,1,12
4164,12,136,136,1,12
2082,11,137,141,5,11
1041,10,130,134,5,10
4165,12,135,135,1,12
16664,14,138,138,1,13
4166,12,139,141,3,12
2083,11,135,136,2,11
16665,14,137,137,1,13
33336,15,140,140,1,14
16668,14,141,141,1,13
4167,12,137,138,2,12
33337,15,139,139,1,14
16669,14,139,140,2,13
4168,12,143,144,2,12
2084,11,145,147,3,11
1042,10,148,154,7,10
521,9,130,141,12,9
8338,13,144,144,1,13
4169,12,142,142,1,12
8339,13,143,143,1,13
4170,12,146,147,2,12
2085,11,142,144,3,11
8342,13,147,147,1,13
4171,12,145,145,1,12
8343,13,146,146,1,13
8344,13,149,149,1,13
4172,12,150,150,1,12
2086,11,151,154,4,11
1043,10,142,147,6,10
8345,13,148,148,1,13
4173,12,148,149,2,12
33398,15,152,153,2,13
4174,12,154,154,1,12
2087,11,148,150,3,11
133596,17,153,153,1,14
33399,15,151,151,1,13
133597,17,152,152,1,14
4175,12,151,153,3,12
2088,11,156,156,1,11
1044,10,157,161,5,10
522,9,162,175,14,9
261,8,130,154,25,8
2089,11,155,155,1,11
4180,12,158,158,1,12
2090,11,159,161,3,11
1045,10,155,156,2,10
4181,12,157,157,1,12
4182,12,160,161,2,12
2091,11,157,158,2,11
16734,14,161,161,1,13
4183,12,159,159,1,12
16735,14,160,160,1,13
2092,11,163,166,4,11
1046,10,167,175,9,10
523,9,155,161,7,9
133954,17,164,164,1,14
8372,13,165,165,1,13
4186,12,166,166,1,12
2093,11,162,162,1,11
133955,17,163,163,1,14
8373,13,163,164,2,13
4187,12,163,165,3,12
16752,14,168,169,2,13
8376,13,170,170,1,12
2094,11,171,175,5,11
1047,10,162,166,5,10
134026,17,169,169,1,14
16753,14,167,167,1,13
134027,17,168,168,1,14
8377,13,167,169,3,12
67044,16,172,172,1,14
8380,13,173,173,1,13
4190,12,174,175,2,12
2095,11,167,170,4,11
67045,16,171,171,1,14
8381,13,171,172,2,13
33530,15,175,175,1,13
4191,12,171,173,3,12
33531,15,174,174,1,13
4192,12,177,178,2,12
2096,11,179,184,6,11
1048,10,185,189,5,10
524,9,190,208,19,9
262,8,209,237,29,8
131,7,130,175,46,7
8386,13,178,178,1,13
4193,12,176,176,1,12
8387,13,177,177,1,13
268444,18,180,180,1,13
8388,13,181,184,4,12
2097,11,176,178,3,11
268445,18,179,179,1,13
33556,15,182,182,1,14
16778,14,183,184,2,13
8389,13,179,180,2,12
33557,15,181,181,1,14
33558,15,184,184,1,14
16779,14,181,182,2,13
33559,15,183,183,1,14
4196,12,186,188,3,12
2098,11,189,189,1,11
1049,10,176,184,9,10
33578,15,187,187,1,14
8394,13,188,188,1,13
4197,12,185,185,1,12
33579,15,186,186,1,14
8395,13,186,187,2,13
2099,11,185,188,4,11
33602,15,191,191,1,14
8400,13,192,192,1,13
4200,12,193,193,1,12
2100,11,194,196,3,11
1050,10,197,208,12,10
525,9,176,189,14,9
33603,15,190,190,1,14
8401,13,190,191,2,13
4201,12,190,192,3,12
4202,12,195,196,2,12
2101,11,190,193,4,11
8406,13,196,196,1,13
4203,12,194,194,1,12
8407,13,195,195,1,13
8408,13,198,198,1,13
4204,12,199,202,4,12
2102,11,203,208,6,11
1051,10,190,196,7,10
8409,13,197,197,1,13
16820,14,200,200,1,14
8410,13,201,202,2,13
4205,12,197,198,2,12
16821,14,199,199,1,14
67290,16,202,202,1,14
8411,13,199,200,2,13
67291,16,201,201,1,14
16824,14,204,205,2,14
8412,13,206,207,2,13
4206,12,208,208,1,12
2103,11,197,202,6,11
33650,15,205,205,1,15
16825,14,203,203,1,14
33651,15,204,204,1,15
16826,14,207,207,1,14
8413,13,203,205,3,13
16827,14,206,206,1,14
4207,12,203,207,5,12
8416,13,210,210,1,12
2104,11,211,212,2,11
1052,10,213,218,6,10
526,9,219,237,19,9
263,8,176,208,33,8
8417,13,209,209,1,12
16846,14,212,212,1,12
2105,11,209,210,2,11
16847,14,211,211,1,12
2106,11,214,218,5,11
1053,10,209,212,4,10
16856,14,215,215,1,13
4214,12,216,218,3,12
2107,11,213,213,1,11
16857,14,214,214,1,13
269776,18,217,217,1,14
67444,16,218,218,1,13
4215,12,214,215,2,12
269777,18,216,216,1,14
67445,16,216,217,2,13
8432,13,220,220,1,13
4216,12,221,222,2,12
2108,11,223,225,3,11
1054,10,226,237,12,10
527,9,209,218,10,9
8433,13,219,219,1,13
16868,14,222,222,1,13
4217,12,219,220,2,12
16869,14,221,221,1,13
4218,12,224,225,2,12
2109,11,219,222,4,11
16878,14,225,225,1,13
4219,12,223,223,1,12
16879,14,224,224,1,13
135058,17,227,227,1,14
16882,14,228,229,2,13
4220,12,230,231,2,12
2110,11,232,237,6,11
1055,10,219,225,7,10
135059,17,226,226,1,14
135070,17,229,229,1,14
16883,14,226,227,2,13
135071,17,228,228,1,14
8442,13,231,231,1,13
4221,12,226,229,4,12
8443,13,230,230,1,13
4222,12,233,237,5,12
2111,11,226,231,6,11
8446,13,234,237,4,13
4223,12,232,232,1,12
16894,14,235,237,3,14
8447,13,233,233,1,13
270324,18,236,236,1,16
33790,15,237,237,1,15
16895,14,234,234,1,14
270325,18,235,235,1,16
33791,15,235,236,2,15
8448,13,239,239,1,13
4224,12,240,242,3,12
2112,11,243,245,3,11
1056,10,246,255,10,10
528,9,256,273,18,9
264,8,274,299,26,8
132,7,300,362,63,7
66,6,363,456,94,6
33,5,0,237,238,5
8449,13,238,238,1,13
16900,14,241,241,1,14
8450,13,242,242,1,13
4225,12,238,239,2,12
16901,14,240,240,1,14
8451,13,240,241,2,13
8452,13,244,244,1,13
4226,12,245,245,1,12
2113,11,238,242,5,11
8453,13,243,243,1,13
4227,12,243,244,2,12
16912,14,247,248,2,13
4228,12,249,250,2,12
2114,11,251,255,5,11
1057,10,238,245,8,10
67652,16,248,248,1,14
16913,14,246,246,1,13
67653,16,247,247,1,14
33834,15,250,250,1,13
4229,12,246,248,3,12
33835,15,249,249,1,13
16922,14,252,252,1,13
4230,12,253,255,3,12
2115,11,246,250,5,11
16923,14,251,251,1,13
33848,15,254,255,2,13
4231,12,251,252,2,12
135396,17,255,255,1,14
33849,15,253,253,1,13
135397,17,254,254,1,14
8464,13,257,257,1,13
4232,12,258,259,2,12
2116,11,260,263,4,11
1058,10,264,273,10,10
529,9,238,255,18,9
8465,13,256,256,1,13
8466,13,259,259,1,13
4233,12,256,257,2,12
8467,13,258,258,1,13
135510,17,261,261,1,13
4234,12,262,263,2,12
2117,11,256,259,4,11
135511,17,260,260,1,13
8470,13,263,263,1,13
4235,12,260,261,2,12
8471,13,262,262,1,13
67796,16,265,265,1,14
33898,15,266,266,1,13
8474,13,267,267,1,12
2118,11,268,273,6,11
1059,10,256,263,8,10
67797,16,264,264,1,14
33899,15,264,265,2,13
8475,13,264,266,3,12
8476,13,269,272,4,13
4238,12,273,273,1,12
2119,11,264,267,4,11
135636,17,270,270,1,15
16954,14,271,272,2,14
8477,13,268,268,1,13
135637,17,269,269,1,15
33910,15,272,272,1,15
16955,14,269,270,2,14
33911,15,271,271,1,15
4239,12,268,272,5,12
8480,13,275,275,1,12
2120,11,276,278,3,11
1060,10,279,283,5,10
530,9,284,299,16,9
265,8,238,273,36,8
8481,13,274,274,1,12
8484,13,277,277,1,13
4242,12,278,278,1,12
2121,11,274,275,2,11
8485,13,276,276,1,13
4243,12,276,277,2,12
4244,12,280,280,1,12
2122,11,281,283,3,11
1061,10,274,278,5,10
4245,12,279,279,1,12
4246,12,282,283,2,12
2123,11,279,280,2,11
67964,16,283,283,1,13
4247,12,281,281,1,12
67965,16,282,282,1,13
16992,14,285,285,1,13
4248,12,286,289,4,12
2124,11,290,291,2,11
1062,10,292,299,8,10
531,9,274,283,10,9
16993,14,284,284,1,13
8498,13,287,289,3,13
4249,12,284,285,2,12
33996,15,288,288,1,15
16998,14,289,289,1,14
8499,13,286,286,1,13
33997,15,287,287,1,15
16999,14,287,288,2,14
4250,12,291,291,1,12
2125,11,284,289,6,11
4251,12,290,290,1,12
8506,13,293,293,1,12
2126,11,294,299,6,11
1063,10,284,291,8,10
8507,13,292,292,1,12
68066,16,295,295,1,14
17016,14,296,296,1,13
4254,12,297,299,3,12
2127,11,292,293,2,11
68067,16,294,294,1,14
17017,14,294,295,2,13
8510,13,298,299,2,13
4255,12,294,296,3,12
68090,16,299,299,1,14
8511,13,297,297,1,13
68091,16,298,298,1,14
8512,13,301,302,2,13
4256,12,303,306,4,12
2128,11,307,312,6,11
1064,10,313,318,6,10
532,9,319,332,14,9
266,8,333,362,30,8
133,7,238,299,62,7
17026,14,302,302,1,14
8513,13,300,300,1,13
17027,14,301,301,1,14
8514,13,304,306,3,13
4257,12,300,302,3,12
34060,15,305,305,1,15
17030,14,306,306,1,14
8515,13,303,303,1,13
34061,15,304,304,1,15
17031,14,304,305,2,14
136262,17,308,308,1,15
17032,14,309,310,2,14
8516,13,311,311,1,13
4258,12,312,312,1,12
2129,11,300,306,7,11
136263,17,307,307,1,15
34066,15,310,310,1,15
17033,14,307,308,2,14
34067,15,309,309,1,15
8517,13,307,310,4,13
4259,12,307,311,5,12
34080,15,314,314,1,14
17040,14,315,315,1,13
4260,12,316,316,1,12
2130,11,317,318,2,11
1065,10,300,312,13,10
34081,15,313,313,1,14
17041,14,313,314,2,13
4261,12,313,315,3,12
4262,12,318,318,1,12
2131,11,313,316,4,11
4263,12,317,317,1,12
8528,13,320,320,1,13
4264,12,321,322,2,12
2132,11,323,325,3,11
1066,10,326,332,7,10
533,9,300,318,19,9
8529,13,319,319,1,13
136500,17,322,322,1,13
4265,12,319,320,2,12
136501,17,321,321,1,13
4266,12,324,325,2,12
2133,11,319,322,4,11
8534,13,325,325,1,13
4267,12,323,323,1,12
8535,13,324,324,1,13
2134,11,327,332,6,11
1067,10,319,325,7,10
17080,14,328,328,1,14
8540,13,329,329,1,13
4270,12,330,332,3,12
2135,11,326,326,1,11
17081,14,327,327,1,14
8541,13,327,328,2,13
8542,13,331,332,2,13
4271,12,327,329,3,12
17086,14,332,332,1,14
8543,13,330,330,1,13
17087,14,331,331,1,14
8544,13,334,334,1,13
4272,12,335,338,4,12
2136,11,339,342,4,11
1068,10,343,349,7,10
534,9,350,362,13,9
267,8,300,332,33,8
8545,13,333,333,1,13
8546,13,336,338,3,13
4273,12,333,334,2,12
17094,14,337,338,2,14
8547,13,335,335,1,13
34190,15,338,338,1,15
17095,14,336,336,1,14
34191,15,337,337,1,15
8548,13,340,340,1,13
4274,12,341,342,2,12
2137,11,333,338,6,11
8549,13,339,339,1,13
17100,14,342,342,1,13
4275,12,339,340,2,12
17101,14,341,341,1,13
8552,13,344,345,2,13
4276,12,346,347,2,12
2138,11,348,349,2,11
1069,10,333,342,10,10
68428,16,345,345,1,14
8553,13,343,343,1,13
68429,16,344,344,1,14
17108,14,347,347,1,13
4277,12,343,345,3,12
17109,14,346,346,1,13
4278,12,349,349,1,12
2139,11,343,347,5,11
4279,12,348,348,1,12
4280,12,351,353,3,12
2140,11,354,356,3,11
1070,10,357,362,6,10
535,9,333,349,17,9
17124,14,352,352,1,14
8562,13,353,353,1,13
4281,12,350,350,1,12
17125,14,351,351,1,14
8563,13,351,352,2,13
4282,12,355,356,2,12
2141,11,350,353,4,11
17132,14,356,356,1,13
4283,12,354,354,1,12
17133,14,355,355,1,13
8570,13,358,359,2,12
2142,11,360,362,3,11
1071,10,350,356,7,10
17142,14,359,359,1,13
8571,13,357,357,1,12
17143,14,358,358,1,13
17144,14,361,361,1,13
4286,12,362,362,1,12
2143,11,357,359,3,11
17145,14,360,360,1,13
4287,12,360,361,2,12
4288,12,364,365,2,12
2144,11,366,367,2,11
1072,10,368,374,7,10
536,9,375,386,12,9
268,8,387,412,26,8
134,7,413,456,44,7
67,6,238,362,125,6
17158,14,365,365,1,13
4289,12,363,363,1,12
17159,14,364,364,1,13
34332,15,367,367,1,12
2145,11,363,365,3,11
34333,15,366,366,1,12
4292,12,369,369,1,12
2146,11,370,374,5,11
1073,10,363,367,5,10
4293,12,368,368,1,12
68704,16,371,371,1,13
4294,12,372,374,3,12
2147,11,368,369,2,11
68705,16,370,370,1,13
8590,13,373,374,2,13
4295,12,370,371,2,12
17182,14,374,374,1,14
8591,13,372,372,1,13
17183,14,373,373,1,14
2199806,21,376,376,1,13
4296,12,377,380,4,12
2148,11,381,381,1,11
1074,10,382,386,5,10
537,9,363,374,12,9
2199807,21,375,375,1,13
34378,15,378,378,1,14
8594,13,379,380,2,13
4297,12,375,376,2,12
34379,15,377,377,1,14
17190,14,380,380,1,14
8595,13,377,378,2,13
17191,14,379,379,1,14
2149,11,375,380,6,11
4300,12,383,383,1,12
2150,11,384,386,3,11
1075,10,375,381,7,10
4301,12,382,382,1,12
8606,13,385,386,2,12
2151,11,382,383,2,11
17214,14,386,386,1,13
8607,13,384,384,1,12
17215,14,385,385,1,13
8608,13,388,389,2,13
4304,12,390,391,2,12
2152,11,392,395,4,11
1076,10,396,397,2,10
538,9,398,412,15,9
269,8,363,386,24,8
17218,14,389,389,1,14
8609,13,387,387,1,13
17219,14,388,388,1,14
551040,19,391,391,1,13
4305,12,387,389,3,12
551041,19,390,390,1,13
4306,12,393,395,3,12
2153,11,387,391,5,11
8614,13,394,395,2,13
4307,12,392,392,1,12
17230,14,395,395,1,14
8615,13,393,393,1,13
17231,14,394,394,1,14
2154,11,397,397,1,11
1077,10,387,395,9,10
2155,11,396,396,1,11
276022,18,399,399,1,14
34502,15,400,400,1,13
4312,12,401,401,1,12
2156,11,402,405,4,11
1078,10,406,412,7,10
539,9,387,397,11,9
276023,18,398,398,1,14
34503,15,398,399,2,13
4313,12,398,400,3,12
34514,15,403,403,1,13
4314,12,404,405,2,12
2157,11,398,401,4,11
34515,15,402,402,1,13
8630,13,405,405,1,13
4315,12,402,403,2,12
8631,13,404,404,1,13
8632,13,407,407,1,13
4316,12,408,409,2,12
2158,11,410,412,3,11
1079,10,398,405,8,10
8633,13,406,406,1,13
8634,13,409,409,1,13
4317,12,406,407,2,12
8635,13,408,408,1,13
138188,17,411,411,1,13
4318,12,412,412,1,12
2159,11,406,409,4,11
138189,17,410,410,1,13
4319,12,410,411,2,12
17280,14,414,414,1,13
4320,12,415,416,2,12
2160,11,417,419,3,11
1080,10,420,423,4,10
540,9,424,433,10,9
270,8,434,456,23,8
135,7,363,412,50,7
17281,14,413,413,1,13
17286,14,416,416,1,13
4321,12,413,414,2,12
17287,14,415,415,1,13
4322,12,418,419,2,12
2161,11,413,416,4,11
34584,15,419,419,1,13
4323,12,417,417,1,12
34585,15,418,418,1,13
17300,14,421,421,1,12
2162,11,422,423,2,11
1081,10,413,419,7,10
17301,14,420,420,1,12
17308,14,423,423,1,12
2163,11,420,421,2,11
17309,14,422,422,1,12
8656,13,425,426,2,13
4328,12,427,427,1,12
2164,11,428,430,3,11
1082,10,431,433,3,10
541,9,413,423,11,9
34628,15,426,426,1,14
8657,13,424,424,1,13
34629,15,425,425,1,14
4329,12,424,426,3,12
8660,13,429,429,1,13
4330,12,430,430,1,12
2165,11,424,427,4,11
8661,13,428,428,1,13
4331,12,428,429,2,12
4334,12,432,433,2,11
1083,10,424,430,7,10
8670,13,433,433,1,12
4335,12,431,431,1,11
8671,13,432,432,1,12
1084,10,435,442,8,10
542,9,443,456,14,9
271,8,413,433,21,8
69440,16,436,436,1,14
17360,14,437,438,2,13
8680,13,439,439,1,12
2170,11,440,442,3,11
1085,10,434,434,1,10
69441,16,435,435,1,14
34722,15,438,438,1,14
17361,14,435,436,2,13
34723,15,437,437,1,14
8681,13,435,438,4,12
1111590,20,441,441,1,13
17368,14,442,442,1,12
2171,11,435,439,5,11
1111591,20,440,440,1,13
17369,14,440,441,2,12
34752,15,444,444,1,14
8688,13,445,446,2,13
4344,12,447,449,3,12
2172,11,450,453,4,11
1086,10,454,456,3,10
543,9,434,442,9,9
34753,15,443,443,1,14
17378,14,446,446,1,14
8689,13,443,444,2,13
17379,14,445,445,1,14
17380,14,448,448,1,14
8690,13,449,449,1,13
4345,12,443,446,4,12
17381,14,447,447,1,14
8691,13,447,448,2,13
4346,12,451,453,3,12
2173,11,443,449,7,11
17388,14,452,452,1,14
8694,13,453,453,1,13
4347,12,450,450,1,12
17389,14,451,451,1,14
8695,13,451,452,2,13
2174,11,455,456,2,11
1087,10,443,453,11,10
4350,12,456,456,1,12
2175,11,454,454,1,11
4351,12,455,455,1,12
4354,12,458,458,1,11
1088,10,459,464,6,10
544,9,465,483,19,9
272,8,484,523,40,8
136,7,524,589,66,7
68,6,590,707,118,6
34,5,708,945,238,5
17,4,0,456,457,4
4355,12,457,457,1,11
8714,13,460,460,1,12
2178,11,461,464,4,11
1089,10,457,458,2,10
8715,13,459,459,1,12
8716,13,462,463,2,13
4358,12,464,464,1,12
2179,11,459,460,2,11
17434,14,463,463,1,14
8717,13,461,461,1,13
17435,14,462,462,1,14
4359,12,461,463,3,12
139532,17,466,466,1,14
69766,16,467,467,1,13
4360,12,468,469,2,12
2180,11,470,476,7,11
1090,10,477,483,7,10
545,9,457,464,8,9
139533,17,465,465,1,14
69767,16,465,466,2,13
8722,13,469,469,1,13
4361,12,465,467,3,12
8723,13,468,468,1,13
34896,15,471,471,1,15
17448,14,472,472,1,14
8724,13,473,475,3,13
4362,12,476,476,1,12
2181,11,465,469,5,11
34897,15,470,470,1,15
17449,14,470,471,2,14
34902,15,474,475,2,14
8725,13,470,472,3,13
139614,17,475,475,1,15
34903,15,473,473,1,14
139615,17,474,474,1,15
4363,12,470,475,6,12
8730,13,478,478,1,12
2182,11,479,483,5,11
1091,10,465,476,12,10
8731,13,477,477,1,12
34928,15,480,480,1,14
8732,13,481,482,2,13
4366,12,483,483,1,12
2183,11,477,478,2,11
34929,15,479,479,1,14
17466,14,482,482,1,14
8733,13,479,480,2,13
17467,14,481,481,1,14
4367,12,479,482,4,12
4368,12,485,486,2,12
2184,11,487,492,6,11
1092,10,493,502,10,10
546,9,503,523,21,9
273,8,457,483,27,8
17478,14,486,486,1,13
4369,12,484,484,1,12
17479,14,485,485,1,13
8740,13,488,489,2,13
4370,12,490,492,3,12
2185,11,484,486,3,11
34964,15,489,489,1,14
8741,13,487,487,1,13
34965,15,488,488,1,14
8742,13,491,492,2,13
4371,12,487,489,3,12
17486,14,492,492,1,14
8743,13,490,490,1,13
17487,14,491,491,1,14
139924,17,494,495,2,14
17490,14,496,497,2,13
4372,12,498,499,2,12
2186,11,500,502,3,11
1093,10,484,492,9,10
279850,18,495,495,1,15
139925,17,493,493,1,14
279851,18,494,494,1,15
69966,16,497,497,1,14
17491,14,493,495,3,13
69967,16,496,496,1,14
8746,13,499,499,1,13
4373,12,493,497,5,12
8747,13,498,498,1,13
4374,12,501,502,2,12
2187,11,493,499,7,11
140000,17,502,502,1,13
4375,12,500,500,1,12
140001,17,501,501,1,13
140034,17,504,504,1,15
17504,14,505,505,1,14
8752,13,506,506,1,13
4376,12,507,507,1,12
2188,11,508,509,2,11
1094,10,510,523,14,10
547,9,484,502,19,9
140035,17,503,503,1,15
17505,14,503,504,2,14
8753,13,503,505,3,13
4377,12,503,506,4,12
35028,15,509,509,1,12
2189,11,503,507,5,11
35029,15,508,508,1,12
8760,13,511,511,1,13
4380,12,512,515,4,12
2190,11,516,523,8,11
1095,10,503,509,7,10
8761,13,510,510,1,13
17524,14,513,513,1,14
8762,13,514,515,2,13
4381,12,510,511,2,12
17525,14,512,512,1,14
140222,17,515,515,1,14
8763,13,512,513,2,13
140223,17,514,514,1,14
17528,14,517,517,1,14
8764,13,518,520,3,13
4382,12,521,523,3,12
2191,11,510,515,6,11
17529,14,516,516,1,14
140242,17,519,519,1,15
35060,15,520,520,1,14
8765,13,516,517,2,13
140243,17,518,518,1,15
35061,15,518,519,2,14
35064,15,522,522,1,14
8766,13,523,523,1,13
4383,12,516,520,5,12
35065,15,521,521,1,14
8767,13,521,522,2,13
4384,12,525,525,1,12
2192,11,526,530,5,11
1096,10,531,534,4,10
548,9,535,552,18,9
274,8,553,589,37,8
137,7,457,523,67,7
4385,12,524,524,1,12
8983724,23,527,527,1,14
17546,14,528,528,1,13
4386,12,529,530,2,12
2193,11,524,525,2,11
8983725,23,526,526,1,14
17547,14,526,527,2,13
17548,14,530,530,1,13
4387,12,526,528,3,12
17549,14,529,529,1,13
2194,11,532,534,3,11
1097,10,524,530,7,10
4390,12,533,534,2,12
2195,11,531,531,1,11
8782,13,534,534,1,13
4391,12,532,532,1,12
8783,13,533,533,1,13
35136,15,536,536,1,14
8784,13,537,537,1,13
4392,12,538,540,3,12
2196,11,541,545,5,11
1098,10,546,552,7,10
549,9,524,534,11,9
35137,15,535,535,1,14
8785,13,535,536,2,13
17574,14,539,540,2,13
4393,12,535,537,3,12
35150,15,540,540,1,14
17575,14,538,538,1,13
35151,15,539,539,1,14
8788,13,542,544,3,13
4394,12,545,545,1,12
2197,11,535,540,6,11
17578,14,543,544,2,14
8789,13,541,541,1,13
70316,16,544,544,1,15
17579,14,542,542,1,14
70317,16,543,543,1,15
4395,12,541,544,4,12
17588,14,547,548,2,13
8794,13,549,549,1,12
2198,11,550,552,3,11
1099,10,535,545,11,10
70358,16,548,548,1,14
17589,14,546,546,1,13
70359,16,547,547,1,14
8795,13,546,548,3,12
4398,12,551,552,2,12
2199,11,546,549,4,11
8798,13,552,552,1,13
4399,12,550,550,1,12
8799,13,551,551,1,13
4400,12,554,557,4,12
2200,11,558,564,7,11
1100,10,565,575,11,10
550,9,576,589,14,9
275,8,524,552,29,8
35210,15,555,555,1,14
8802,13,556,557,2,13
4401,12,553,553,1,12
35211,15,554,554,1,14
17606,14,557,557,1,14
8803,13,554,555,2,13
17607,14,556,556,1,14
17608,14,559,560,2,14
8804,13,561,561,1,13
4402,12,562,564,3,12
2201,11,553,557,5,11
35218,15,560,560,1,15
17609,14,558,558,1,14
35219,15,559,559,1,15
8805,13,558,560,3,13
140910,17,563,563,1,14
8806,13,564,564,1,13
4403,12,558,561,4,12
140911,17,562,562,1,14
8807,13,562,563,2,13
17616,14,566,566,1,13
4404,12,567,570,4,12
2202,11,571,575,5,11
1101,10,553,564,12,10
17617,14,565,565,1,13
35240,15,568,568,1,14
8810,13,569,570,2,13
4405,12,565,566,2,12
35241,15,567,567,1,14
17622,14,570,570,1,14
8811,13,567,568,2,13
17623,14,569,569,1,14
8812,13,572,573,2,13
4406,12,574,575,2,12
2203,11,565,570,6,11
35254,15,573,573,1,14
8813,13,571,571,1,13
35255,15,572,572,1,14
8814,13,575,575,1,13
4407,12,571,573,3,12
8815,13,574,574,1,13
8816,13,577,578,2,12
2204,11,579,582,4,11
1102,10,583,589,7,10
551,9,553,575,23,9
17634,14,578,578,1,13
8817,13,576,576,1,12
17635,14,577,577,1,13
17640,14,580,580,1,14
8820,13,581,581,1,13
4410,12,582,582,1,12
2205,11,576,578,3,11
17641,14,579,579,1,14
8821,13,579,580,2,13
4411,12,579,581,3,12
35296,15,584,584,1,14
8824,13,585,585,1,13
4412,12,586,587,2,12
2206,11,588,589,2,11
1103,10,576,582,7,10
35297,15,583,583,1,14
8825,13,583,584,2,13
141238,17,587,587,1,13
4413,12,583,585,3,12
141239,17,586,586,1,13
4414,12,589,589,1,12
2207,11,583,587,5,11
4415,12,588,588,1,12
2208,11,591,595,5,11
1104,10,596,605,10,10
552,9,606,618,13,9
276,8,619,643,25,8
138,7,644,707,64,7
69,6,457,589,133,6
70694,16,592,592,1,14
8836,13,593,593,1,13
4418,12,594,595,2,12
2209,11,590,590,1,11
70695,16,591,591,1,14
8837,13,591,592,2,13
8838,13,595,595,1,13
4419,12,591,593,3,12
8839,13,594,594,1,13
17680,14,597,597,1,13
4420,12,598,598,1,12
2210,11,599,605,7,11
1105,10,590,595,6,10
17681,14,596,596,1,13
4421,12,596,597,2,12
17688,14,600,601,2,13
4422,12,602,605,4,12
2211,11,596,598,3,11
35378,15,601,601,1,14
17689,14,599,599,1,13
35379,15,600,600,1,14
17692,14,603,605,3,13
4423,12,599,601,3,12
35386,15,604,605,2,14
17693,14,602,602,1,13
141548,17,605,605,1,15
35387,15,603,603,1,14
141549,17,604,604,1,15
2212,11,607,610,4,11
1106,10,611,618,8,10
553,9,590,605,16,9
17704,14,608,608,1,14
8852,13,609,609,1,13
4426,12,610,610,1,12
2213,11,606,606,1,11
17705,14,607,607,1,14
8853,13,607,608,2,13
4427,12,607,609,3,12
566822,19,612,612,1,14
8856,13,613,613,1,13
4428,12,614,615,2,12
2214,11,616,618,3,11
1107,10,606,610,5,10
566823,19,611,611,1,14
8857,13,611,612,2,13
8858,13,615,615,1,13
4429,12,611,613,3,12
8859,13,614,614,1,13
17722,14,617,617,1,13
4430,12,618,618,1,12
2215,11,611,615,5,11
17723,14,616,616,1,13
4431,12,616,617,2,12
35456,15,620,620,1,15
17728,14,621,621,1,14
8864,13,622,623,2,13
4432,12,624,626,3,12
2216,11,627,629,3,11
1108,10,630,633,4,10
554,9,634,643,10,9
277,8,590,618,29,8
35457,15,619,619,1,15
17729,14,619,620,2,14
17730,14,623,623,1,14
8865,13,619,621,3,13
17731,14,622,622,1,14
17732,14,625,625,1,14
8866,13,626,626,1,13
4433,12,619,623,5,12
17733,14,624,624,1,14
8867,13,624,625,2,13
17738,14,628,628,1,13
4434,12,629,629,1,12
2217,11,619,626,8,11
17739,14,627,627,1,13
4435,12,627,628,2,12
8876,13,631,631,1,12
4438,12,632,633,2,11
1109,10,619,629,11,10
8877,13,630,630,1,12
8878,13,633,633,1,12
4439,12,630,631,2,11
8879,13,632,632,1,12
35522,15,635,635,1,13
4440,12,636,636,1,12
2220,11,637,638,2,11
1110,10,639,643,5,10
555,9,619,633,15,9
35523,15,634,634,1,13
4441,12,634,635,2,12
35536,15,638,638,1,12
2221,11,634,636,3,11
35537,15,637,637,1,12
2222,11,640,643,4,11
1111,10,634,638,5,10
35568,15,641,641,1,13
4446,12,642,643,2,12
2223,11,639,639,1,11
35569,15,640,640,1,13
8894,13,643,643,1,13
4447,12,640,641,2,12
8895,13,642,642,1,13
2224,11,645,649,5,11
1112,10,650,660,11,10
556,9,661,677,17,9
278,8,678,707,30,8
139,7,590,643,54,7
17800,14,646,646,1,13
4450,12,647,649,3,12
2225,11,644,644,1,11
17801,14,645,645,1,13
17804,14,648,648,1,14
8902,13,649,649,1,13
4451,12,645,646,2,12
17805,14,647,647,1,14
8903,13,647,648,2,13
142464,17,651,651,1,14
8904,13,652,652,1,13
4452,12,653,653,1,12
2226,11,654,660,7,11
1113,10,644,649,6,10
142465,17,650,650,1,14
8905,13,650,651,2,13
4453,12,650,652,3,12
8908,13,655,657,3,13
4454,12,658,660,3,12
2227,11,650,653,4,11
71272,16,656,656,1,15
35636,15,657,657,1,14
8909,13,654,654,1,13
71273,16,655,655,1,15
35637,15,655,656,2,14
570246,19,659,659,1,14
8910,13,660,660,1,13
4455,12,654,657,4,12
570247,19,658,658,1,14
8911,13,658,659,2,13
4456,12,662,663,2,12
2228,11,664,666,3,11
1114,10,667,677,11,10
557,9,644,660,17,9
8914,13,663,663,1,13
4457,12,661,661,1,12
8915,13,662,662,1,13
8918,13,665,666,2,12
2229,11,661,663,3,11
71356,16,666,666,1,13
8919,13,664,664,1,12
71357,16,665,665,1,13
285524,18,668,668,1,13
8922,13,669,671,3,12
2230,11,672,677,6,11
1115,10,661,666,6,10
285525,18,667,667,1,13
17846,14,670,671,2,13
8923,13,667,668,2,12
71388,16,671,671,1,14
17847,14,669,669,1,13
71389,16,670,670,1,14
17848,14,673,675,3,14
8924,13,676,676,1,13
4462,12,677,677,1,12
2231,11,667,671,5,11
35698,15,674,675,2,15
17849,14,672,672,1,14
71398,16,675,675,1,16
35699,15,673,673,1,15
71399,16,674,674,1,16
8925,13,672,675,4,13
4463,12,672,676,5,12
8930,13,679,679,1,12
2232,11,680,681,2,11
1116,10,682,688,7,10
558,9,689,707,19,9
279,8,644,677,34,8
8931,13,678,678,1,12
8934,13,681,681,1,12
2233,11,678,679,2,11
8935,13,680,680,1,12
4468,12,683,685,3,12
2234,11,686,688,3,11
1117,10,678,681,4,10
17876,14,684,684,1,14
8938,13,685,685,1,13
4469,12,682,682,1,12
17877,14,683,683,1,14
8939,13,683,684,2,13
8940,13,687,687,1,13
4470,12,688,688,1,12
2235,11,682,685,4,11
8941,13,686,686,1,13
4471,12,686,687,2,12
35780,15,690,690,1,13
4472,12,691,693,3,12
2236,11,694,702,9,11
1118,10,703,707,5,10
559,9,678,688,11,9
35781,15,689,689,1,13
71574,16,692,692,1,14
8946,13,693,693,1,13
4473,12,689,690,2,12
71575,16,691,691,1,14
8947,13,691,692,2,13
35792,15,695,695,1,15
17896,14,696,698,3,14
8948,13,699,700,2,13
4474,12,701,702,2,12
2237,11,689,693,5,11
35793,15,694,694,1,15
143176,17,697,697,1,16
35794,15,698,698,1,15
17897,14,694,695,2,14
143177,17,696,696,1,16
35795,15,696,697,2,15
17898,14,700,700,1,14
8949,13,694,698,5,13
17899,14,699,699,1,14
8950,13,702,702,1,13
4475,12,694,700,7,12
8951,13,701,701,1,13
8954,13,704,705,2,12
2238,11,706,707,2,11
1119,10,689,702,14,10
17910,14,705,705,1,13
8955,13,703,703,1,12
17911,14,704,704,1,13
4478,12,707,707,1,12
2239,11,703,705,3,11
4479,12,706,706,1,12
17920,14,709,710,2,13
4480,12,711,713,3,12
2240,11,714,716,3,11
1120,10,717,718,2,10
560,9,719,733,15,9
280,8,734,776,43,8
140,7,777,840,64,7
70,6,841,945,105,6
35,5,457,707,251,5
35842,15,710,710,1,14
17921,14,708,708,1,13
35843,15,709,709,1,14
17924,14,712,712,1,14
8962,13,713,713,1,13
4481,12,708,710,3,12
17925,14,711,711,1,14
8963,13,711,712,2,13
17932,14,715,715,1,13
8966,13,716,716,1,12
2241,11,708,713,6,11
17933,14,714,714,1,13
8967,13,714,715,2,12
2242,11,718,718,1,11
1121,10,708,716,9,10
2243,11,717,717,1,11
8976,13,720,721,2,13
4488,12,722,723,2,12
2244,11,724,727,4,11
1122,10,728,733,6,10
561,9,708,718,11,9
35908,15,721,721,1,14
8977,13,719,719,1,13
35909,15,720,720,1,14
17956,14,723,723,1,13
4489,12,719,721,3,12
17957,14,722,722,1,13
8980,13,725,725,1,13
4490,12,726,727,2,12
2245,11,719,723,5,11
8981,13,724,724,1,13
71860,16,727,727,1,13
4491,12,724,725,2,12
71861,16,726,726,1,13
35944,15,729,729,1,13
8986,13,730,730,1,12
2246,11,731,733,3,11
1123,10,719,727,9,10
35945,15,728,728,1,13
8987,13,728,729,2,12
35962,15,732,732,1,13
8990,13,733,733,1,12
2247,11,728,730,3,11
35963,15,731,731,1,13
8991,13,731,732,2,12
4496,12,735,737,3,12
2248,11,738,739,2,11
1124,10,740,749,10,10
562,9,750,776,27,9
281,8,708,733,26,8
8994,13,736,737,2,13
4497,12,734,734,1,12
17990,14,737,737,1,14
8995,13,735,735,1,13
17991,14,736,736,1,14
17998,14,739,739,1,12
2249,11,734,737,4,11
17999,14,738,738,1,12
36002,15,741,741,1,14
9000,13,742,743,2,13
4500,12,744,744,1,12
2250,11,745,749,5,11
1125,10,734,739,6,10
36003,15,740,740,1,14
144026,17,743,743,1,14
9001,13,740,741,2,13
144027,17,742,742,1,14
4501,12,740,743,4,12
36022,15,746,746,1,13
4502,12,747,749,3,12
2251,11,740,744,5,11
36023,15,745,745,1,13
9006,13,748,749,2,13
4503,12,745,746,2,12
36030,15,749,749,1,14
9007,13,747,747,1,13
36031,15,748,748,1,14
9008,13,751,751,1,13
4504,12,752,757,6,12
2252,11,758,765,8,11
1126,10,766,776,11,10
563,9,734,749,16,9
9009,13,750,750,1,13
36040,15,753,753,1,15
18020,14,754,755,2,14
9010,13,756,757,2,13
4505,12,750,751,2,12
36041,15,752,752,1,15
36042,15,755,755,1,15
18021,14,752,753,2,14
36043,15,754,754,1,15
36046,15,757,757,1,14
9011,13,752,755,4,13
36047,15,756,756,1,14
36048,15,759,759,1,14
9012,13,760,760,1,13
4506,12,761,765,5,12
2253,11,750,757,8,11
36049,15,758,758,1,14
9013,13,758,759,2,13
18028,14,762,763,2,14
9014,13,764,765,2,13
4507,12,758,760,3,12
72118,16,763,763,1,15
18029,14,761,761,1,14
72119,16,762,762,1,15
72126,16,765,765,1,14
9015,13,761,763,3,13
72127,16,764,764,1,14
36064,15,767,767,1,15
18032,14,768,768,1,14
9016,13,769,771,3,13
4508,12,772,773,2,12
2254,11,774,776,3,11
1127,10,750,765,16,10
36065,15,766,766,1,15
18033,14,766,767,2,14
36068,15,770,770,1,15
18034,14,771,771,1,14
9017,13,766,768,3,13
36069,15,769,769,1,15
18035,14,769,770,2,14
18036,14,773,773,1,13
4509,12,766,771,6,12
18037,14,772,772,1,13
4510,12,775,776,2,12
2255,11,766,773,8,11
36094,15,776,776,1,13
4511,12,774,774,1,12
36095,15,775,775,1,13
36098,15,778,778,1,13
4512,12,779,779,1,12
2256,11,780,784,5,11
1128,10,785,795,11,10
564,9,796,815,20,9
282,8,816,840,25,8
141,7,708,776,69,7
36099,15,777,777,1,13
4513,12,777,778,2,12
9028,13,781,781,1,13
4514,12,782,784,3,12
2257,11,777,779,3,11
9029,13,780,780,1,13
9030,13,783,784,2,13
4515,12,780,781,2,12
36126,15,784,784,1,14
9031,13,782,782,1,13
36127,15,783,783,1,14
9032,13,786,787,2,13
4516,12,788,789,2,12
2258,11,790,795,6,11
1129,10,777,784,8,10
18066,14,787,787,1,14
9033,13,785,785,1,13
18067,14,786,786,1,14
9034,13,789,789,1,13
4517,12,785,787,3,12
9035,13,788,788,1,13
18072,14,791,791,1,14
9036,13,792,793,2,13
4518,12,794,795,2,12
2259,11,785,789,5,11
18073,14,790,790,1,14
36148,15,793,793,1,14
9037,13,790,791,2,13
36149,15,792,792,1,14
18076,14,795,795,1,13
4519,12,790,793,4,12
18077,14,794,794,1,13
289284,18,797,797,1,14
9040,13,798,799,2,13
4520,12,800,801,2,12
2260,11,802,805,4,11
1130,10,806,815,10,10
565,9,777,795,19,9
289285,18,796,796,1,14
18082,14,799,799,1,14
9041,13,796,797,2,13
18083,14,798,798,1,14
9042,13,801,801,1,13
4521,12,796,799,4,12
9043,13,800,800,1,13
4522,12,803,805,3,12
2261,11,796,801,6,11
18092,14,804,804,1,14
9046,13,805,805,1,13
4523,12,802,802,1,12
18093,14,803,803,1,14
9047,13,803,804,2,13
18096,14,807,807,1,14
9048,13,808,808,1,13
4524,12,809,810,2,12
2262,11,811,815,5,11
1131,10,796,805,10,10
18097,14,806,806,1,14
9049,13,806,807,2,13
9050,13,810,810,1,13
4525,12,806,808,3,12
9051,13,809,809,1,13
18104,14,812,812,1,13
4526,12,813,815,3,12
2263,11,806,810,5,11
18105,14,811,811,1,13
9054,13,814,815,2,13
4527,12,811,812,2,12
18110,14,815,815,1,14
9055,13,813,813,1,13
18111,14,814,814,1,14
18114,14,817,817,1,13
4528,12,818,818,1,12
2264,11,819,822,4,11
1132,10,823,826,4,10
566,9,827,840,14,9
283,8,777,815,39,8
18115,14,816,816,1,13
4529,12,816,817,2,12
36242,15,820,820,1,13
4530,12,821,822,2,12
2265,11,816,818,3,11
36243,15,819,819,1,13
18126,14,822,822,1,13
4531,12,819,820,2,12
18127,14,821,821,1,13
9064,13,824,825,2,12
4532,12,826,826,1,11
1133,10,816,822,7,10
36262,15,825,825,1,13
9065,13,823,823,1,12
36263,15,824,824,1,13
4533,12,823,825,3,11
9072,13,828,828,1,13
4536,12,829,829,1,12
2268,11,830,831,2,11
1134,10,832,840,9,10
567,9,816,826,11,9
9073,13,827,827,1,13
4537,12,827,828,2,12
4538,12,831,831,1,12
2269,11,827,829,3,11
4539,12,830,830,1,12
4540,12,833,834,2,12
2270,11,835,840,6,11
1135,10,827,831,5,10
36332,15,834,834,1,13
4541,12,832,832,1,12
36333,15,833,833,1,13
9084,13,836,838,3,13
4542,12,839,840,2,12
2271,11,832,834,3,11
18170,14,837,838,2,14
9085,13,835,835,1,13
36342,15,838,838,1,15
18171,14,836,836,1,14
36343,15,837,837,1,15
9086,13,840,840,1,13
4543,12,835,838,4,12
9087,13,839,839,1,13
4544,12,842,843,2,12
2272,11,844,851,8,11
1136,10,852,856,5,10
568,9,857,867,11,9
284,8,868,890,23,8
142,7,891,945,55,7
71,6,708,840,133,6
9090,13,843,843,1,13
4545,12,841,841,1,12
9091,13,842,842,1,13
18184,14,845,845,1,14
9092,13,846,849,4,13
4546,12,850,851,2,12
2273,11,841,843,3,11
18185,14,844,844,1,14
72744,16,847,847,1,15
18186,14,848,849,2,14
9093,13,844,845,2,13
72745,16,846,846,1,15
72748,16,849,849,1,15
18187,14,846,847,2,14
72749,16,848,848,1,15
9094,13,851,851,1,13
4547,12,844,849,6,12
9095,13,850,850,1,13
4548,12,853,853,1,12
2274,11,854,856,3,11
1137,10,841,851,11,10
4549,12,852,852,1,12
582430,19,855,855,1,13
4550,12,856,856,1,12
2275,11,852,853,2,11
582431,19,854,854,1,13
4551,12,854,855,2,12
4552,12,858,860,3,12
2276,11,861,864,4,11
1138,10,865,867,3,10
569,9,841,856,16,9
36424,15,859,859,1,14
9106,13,860,860,1,13
4553,12,857,857,1,12
36425,15,858,858,1,14
9107,13,858,859,2,13
9108,13,862,863,2,13
4554,12,864,864,1,12
2277,11,857,860,4,11
72874,16,863,863,1,14
9109,13,861,861,1,13
72875,16,862,862,1,14
4555,12,861,863,3,12
2278,11,866,867,2,11
1139,10,857,864,8,10
291834,18,867,867,1,12
2279,11,865,865,1,11
291835,18,866,866,1,12
2280,11,869,873,5,11
1140,10,874,880,7,10
570,9,881,890,10,9
285,8,841,867,27,8
36500,15,870,870,1,14
18250,14,871,872,2,13
4562,12,873,873,1,12
2281,11,868,868,1,11
36501,15,869,869,1,14
73004,16,872,872,1,14
18251,14,869,870,2,13
73005,16,871,871,1,14
4563,12,869,872,4,12
36514,15,875,875,1,13
4564,12,876,878,3,12
2282,11,879,880,2,11
1141,10,868,873,6,10
36515,15,874,874,1,13
18260,14,877,877,1,14
9130,13,878,878,1,13
4565,12,874,875,2,12
18261,14,876,876,1,14
9131,13,876,877,2,13
18266,14,880,880,1,12
2283,11,874,878,5,11
18267,14,879,879,1,12
36546,15,882,882,1,14
9136,13,883,883,1,13
4568,12,884,884,1,12
2284,11,885,887,3,11
1142,10,888,890,3,10
571,9,868,880,13,9
36547,15,881,881,1,14
9137,13,881,882,2,13
4569,12,881,883,3,12
36562,15,886,886,1,13
9140,13,887,887,1,12
2285,11,881,884,4,11
36563,15,885,885,1,13
9141,13,885,886,2,12
18290,14,889,889,1,12
2286,11,890,890,1,11
1143,10,881,887,7,10
18291,14,888,888,1,12
2287,11,888,889,2,11
9152,13,892,894,3,12
2288,11,895,899,5,11
1144,10,900,910,11,10
572,9,911,918,8,9
286,8,919,945,27,8
143,7,841,890,50,7
18306,14,893,894,2,13
9153,13,891,891,1,12
73228,16,894,894,1,14
18307,14,892,892,1,13
73229,16,893,893,1,14
18312,14,896,896,1,14
9156,13,897,898,2,13
4578,12,899,899,1,12
2289,11,891,894,4,11
18313,14,895,895,1,14
18314,14,898,898,1,14
9157,13,895,896,2,13
18315,14,897,897,1,14
4579,12,895,898,4,12
586254,19,901,901,1,14
18320,14,902,903,2,13
4580,12,904,905,2,12
2290,11,906,910,5,11
1145,10,891,899,9,10
586255,19,900,900,1,14
146574,17,903,903,1,14
18321,14,900,901,2,13
146575,17,902,902,1,14
36654,15,905,905,1,13
4581,12,900,903,4,12
36655,15,904,904,1,13
293290,18,907,907,1,15
73322,16,908,908,1,14
18330,14,909,909,1,13
4582,12,910,910,1,12
2291,11,900,905,6,11
293291,18,906,906,1,15
73323,16,906,907,2,14
18331,14,906,908,3,13
4583,12,906,909,4,12
9168,13,912,913,2,13
4584,12,914,914,1,12
2292,11,915,915,1,11
1146,10,916,918,3,10
573,9,891,910,20,9
18338,14,913,913,1,14
9169,13,911,911,1,13
18339,14,912,912,1,14
4585,12,911,913,3,12
2293,11,911,914,4,11
4588,12,917,917,1,12
2294,11,918,918,1,11
1147,10,911,915,5,10
4589,12,916,916,1,12
2295,11,916,917,2,11
9184,13,920,920,1,13
4592,12,921,923,3,12
2296,11,924,926,3,11
1148,10,927,935,9,10
574,9,936,945,10,9
287,8,891,918,28,8
9185,13,919,919,1,13
9186,13,922,923,2,13
4593,12,919,920,2,12
36748,15,923,923,1,14
9187,13,921,921,1,13
36749,15,922,922,1,14
9188,13,925,925,1,13
4594,12,926,926,1,12
2297,11,919,923,5,11
9189,13,924,924,1,13
4595,12,924,925,2,12
4596,12,928,929,2,12
2298,11,930,935,6,11
1149,10,919,926,8,10
18390,14,929,929,1,13
4597,12,927,927,1,12
18391,14,928,928,1,13
9196,13,931,931,1,13
4598,12,932,935,4,12
2299,11,927,929,3,11
9197,13,930,930,1,13
36794,15,933,933,1,14
9198,13,934,935,2,13
4599,12,930,931,2,12
36795,15,932,932,1,14
18398,14,935,935,1,14
9199,13,932,933,2,13
18399,14,934,934,1,14
4600,12,937,937,1,12
2300,11,938,940,3,11
1150,10,941,945,5,10
575,9,919,935,17,9
4601,12,936,936,1,12
4602,12,939,940,2,12
2301,11,936,937,2,11
36830,15,940,940,1,13
4603,12,938,938,1,12
36831,15,939,939,1,13
9208,13,942,942,1,13
4604,12,943,944,2,12
2302,11,945,945,1,11
1151,10,936,940,5,10
9209,13,941,941,1,13
36846,15,944,944,1,13
4605,12,941,942,2,12
36847,15,943,943,1,13
2303,11,941,944,4,11
73734,16,947,947,1,13
9216,13,948,948,1,12
2304,11,949,951,3,11
1152,10,952,958,7,10
576,9,959,968,10,9
288,8,969,998,30,8
144,7,999,1048,50,7
72,6,1049,1158,110,6
36,5,1159,1411,253,5
18,4,1412,1936,525,4
9,3,0,945,946,3
73735,16,946,946,1,13
9217,13,946,947,2,12
4610,12,950,951,2,12
2305,11,946,948,3,11
9222,13,951,951,1,13
4611,12,949,949,1,12
9223,13,950,950,1,13
9224,13,953,955,3,13
4612,12,956,956,1,12
2306,11,957,958,2,11
1153,10,946,951,6,10
18450,14,954,955,2,14
9225,13,952,952,1,13
147610,17,955,955,1,15
18451,14,953,953,1,14
147611,17,954,954,1,15
4613,12,952,955,4,12
9228,13,958,958,1,12
2307,11,952,956,5,11
9229,13,957,957,1,12
36930,15,960,960,1,13
4616,12,961,962,2,12
2308,11,963,963,1,11
1154,10,964,968,5,10
577,9,946,958,13,9
36931,15,959,959,1,13
9234,13,962,962,1,13
4617,12,959,960,2,12
9235,13,961,961,1,13
2309,11,959,962,4,11
9240,13,965,965,1,13
4620,12,966,966,1,12
2310,11,967,968,2,11
1155,10,959,963,5,10
9241,13,964,964,1,13
4621,12,964,965,2,12
4622,12,968,968,1,12
2311,11,964,966,3,11
4623,12,967,967,1,12
9252,13,970,970,1,12
4626,12,971,971,1,11
1156,10,972,978,7,10
578,9,979,998,20,9
289,8,946,968,23,8
9253,13,969,969,1,12
4627,12,969,970,2,11
4628,12,973,973,1,12
2314,11,974,978,5,11
1157,10,969,971,3,10
4629,12,972,972,1,12
74094,16,975,975,1,13
4630,12,976,978,3,12
2315,11,972,973,2,11
74095,16,974,974,1,13
9262,13,977,978,2,13
4631,12,974,975,2,12
37052,15,978,978,1,14
9263,13,976,976,1,13
37053,15,977,977,1,14
4632,12,980,983,4,12
2316,11,984,990,7,11
1158,10,991,998,8,10
579,9,969,978,10,9
37064,15,981,981,1,14
9266,13,982,983,2,13
4633,12,979,979,1,12
37065,15,980,980,1,14
18534,14,983,983,1,14
9267,13,980,981,2,13
18535,14,982,982,1,14
74152,16,985,985,1,14
18538,14,986,986,1,13
4634,12,987,990,4,12
2317,11,979,983,5,11
74153,16,984,984,1,14
18539,14,984,985,2,13
74160,16,988,988,1,14
9270,13,989,990,2,13
4635,12,984,986,3,12
74161,16,987,987,1,14
18542,14,990,990,1,14
9271,13,987,988,2,13
18543,14,989,989,1,14
9272,13,992,992,1,13
4636,12,993,994,2,12
2318,11,995,998,4,11
1159,10,979,990,12,10
9273,13,991,991,1,13
18548,14,994,994,1,13
4637,12,991,992,2,12
18549,14,993,993,1,13
4638,12,996,998,3,12
2319,11,991,994,4,11
18556,14,997,997,1,14
9278,13,998,998,1,13
4639,12,995,995,1,12
18557,14,996,996,1,14
9279,13,996,997,2,13
9280,13,1000,1000,1,13
4640,12,1001,1001,1,12
2320,11,1002,1003,2,11
1160,10,1004,1011,8,10
580,9,1012,1024,13,9
290,8,1025,1048,24,8
145,7,946,998,53,7
9281,13,999,999,1,13
4641,12,999,1000,2,12
4642,12,1003,1003,1,12
2321,11,999,1001,3,11
4643,12,1002,1002,1,12
18578,14,1005,1005,1,13
4644,12,1006,1008,3,12
2322,11,1009,1011,3,11
1161,10,999,1003,5,10
18579,14,1004,1004,1,13
9290,13,1007,1008,2,13
4645,12,1004,1005,2,12
594676,19,1008,1008,1,14
9291,13,1006,1006,1,13
594677,19,1007,1007,1,14
4646,12,1010,1011,2,12
2323,11,1004,1008,5,11
74354,16,1011,1011,1,13
4647,12,1009,1009,1,12
74355,16,1010,1010,1,13
9296,13,1013,1013,1,13
4648,12,1014,1014,1,12
2324,11,1015,1019,5,11
1162,10,1020,1024,5,10
581,9,999,1011,13,9
9297,13,1012,1012,1,13
4649,12,1012,1013,2,12
148808,17,1016,1016,1,14
9300,13,1017,1017,1,13
4650,12,1018,1019,2,12
2325,11,1012,1014,3,11
148809,17,1015,1015,1,14
9301,13,1015,1016,2,13
18606,14,1019,1019,1,13
4651,12,1015,1017,3,12
18607,14,1018,1018,1,13
9306,13,1021,1022,2,12
2326,11,1023,1024,2,11
1163,10,1012,1019,8,10
148912,17,1022,1022,1,13
9307,13,1020,1020,1,12
148913,17,1021,1021,1,13
4654,12,1024,1024,1,12
2327,11,1020,1022,3,11
4655,12,1023,1023,1,12
9314,13,1026,1026,1,12
2328,11,1027,1033,7,11
1164,10,1034,1040,7,10
582,9,1041,1048,8,9
291,8,999,1024,26,8
9315,13,1025,1025,1,12
298114,18,1028,1028,1,15
37264,15,1029,1029,1,14
9316,13,1030,1032,3,13
4658,12,1033,1033,1,12
2329,11,1025,1026,2,11
298115,18,1027,1027,1,15
37265,15,1027,1028,2,14
18634,14,1031,1032,2,14
9317,13,1027,1029,3,13
37270,15,1032,1032,1,15
18635,14,1030,1030,1,14
37271,15,1031,1031,1,15
4659,12,1027,1032,6,12
37286,15,1035,1035,1,13
4660,12,1036,1036,1,12
2330,11,1037,1040,4,11
1165,10,1025,1033,9,10
37287,15,1034,1034,1,13
4661,12,1034,1035,2,12
4662,12,1038,1040,3,12
2331,11,1034,1036,3,11
37308,15,1039,1039,1,14
18654,14,1040,1040,1,13
4663,12,1037,1037,1,12
37309,15,1038,1038,1,14
18655,14,1038,1039,2,13
4664,12,1042,1042,1,12
2332,11,1043,1045,3,11
1166,10,1046,1048,3,10
583,9,1025,1040,16,9
4665,12,1041,1041,1,12
18666,14,1044,1044,1,13
4666,12,1045,1045,1,12
2333,11,1041,1042,2,11
18667,14,1043,1043,1,13
4667,12,1043,1044,2,12
4668,12,1047,1047,1,12
2334,11,1048,1048,1,11
1167,10,1041,1045,5,10
4669,12,1046,1046,1,12
2335,11,1046,1047,2,11
4672,12,1050,1050,1,12
2336,11,1051,1055,5,11
1168,10,1056,1059,4,10
584,9,1060,1068,9,9
292,8,1069,1100,32,8
146,7,1101,1158,58,7
73,6,946,1048,103,6
4673,12,1049,1049,1,12
74796,16,1052,1052,1,13
4674,12,1053,1055,3,12
2337,11,1049,1050,2,11
74797,16,1051,1051,1,13
37400,15,1054,1054,1,14
9350,13,1055,1055,1,13
4675,12,1051,1052,2,12
37401,15,1053,1053,1,14
9351,13,1053,1054,2,13
4676,12,1057,1058,2,12
2338,11,1059,1059,1,11
1169,10,1049,1055,7,10
9354,13,1058,1058,1,13
4677,12,1056,1056,1,12
9355,13,1057,1057,1,13
2339,11,1056,1058,3,11
4680,12,1061,1062,2,12
2340,11,1063,1064,2,11
1170,10,1065,1068,4,10
585,9,1049,1059,11,9
149792,17,1062,1062,1,13
4681,12,1060,1060,1,12
149793,17,1061,1061,1,13
4682,12,1064,1064,1,12
2341,11,1060,1062,3,11
4683,12,1063,1063,1,12
4684,12,1066,1066,1,12
2342,11,1067,1068,2,11
1171,10,1060,1064,5,10
4685,12,1065,1065,1,12
4686,12,1068,1068,1,12
2343,11,1065,1066,2,11
4687,12,1067,1067,1,12
9376,13,1070,1070,1,13
4688,12,1071,1071,1,12
2344,11,1072,1075,4,11
1172,10,1076,1081,6,10
586,9,1082,1100,19,9
293,8,1049,1068,20,8
9377,13,1069,1069,1,13
4689,12,1069,1070,2,12
4690,12,1073,1075,3,12
2345,11,1069,1071,3,11
18764,14,1074,1074,1,14
9382,13,1075,1075,1,13
4691,12,1072,1072,1,12
18765,14,1073,1073,1,14
9383,13,1073,1074,2,13
4692,12,1077,1079,3,12
2346,11,1080,1081,2,11
1173,10,1069,1075,7,10
18772,14,1078,1078,1,14
9386,13,1079,1079,1,13
4693,12,1076,1076,1,12
18773,14,1077,1077,1,14
9387,13,1077,1078,2,13
4694,12,1081,1081,1,12
2347,11,1076,1079,4,11
4695,12,1080,1080,1,12
18784,14,1083,1083,1,14
9392,13,1084,1086,3,13
4696,12,1087,1087,1,12
2348,11,1088,1092,5,11
1174,10,1093,1100,8,10
587,9,1069,1081,13,9
18785,14,1082,1082,1,14
75148,16,1085,1086,2,14
9393,13,1082,1083,2,13
150298,17,1086,1086,1,15
75149,16,1084,1084,1,14
150299,17,1085,1085,1,15
4697,12,1082,1086,5,12
9396,13,1089,1091,3,13
4698,12,1092,1092,1,12
2349,11,1082,1087,6,11
18794,14,1090,1091,2,14
9397,13,1088,1088,1,13
300730,18,1091,1091,1,15
18795,14,1089,1089,1,14
300731,18,1090,1090,1,15
4699,12,1088,1091,4,12
9400,13,1094,1094,1,13
4700,12,1095,1095,1,12
2350,11,1096,1100,5,11
1175,10,1082,1092,11,10
9401,13,1093,1093,1,13
4701,12,1093,1094,2,12
300928,18,1097,1097,1,14
37616,15,1098,1098,1,13
4702,12,1099,1100,2,12
2351,11,1093,1095,3,11
300929,18,1096,1096,1,14
37617,15,1096,1097,2,13
9406,13,1100,1100,1,13
4703,12,1096,1098,3,12
9407,13,1099,1099,1,13
18816,14,1102,1102,1,13
4704,12,1103,1106,4,12
2352,11,1107,1112,6,11
1176,10,1113,1116,4,10
588,9,1117,1133,17,9
294,8,1134,1158,25,8
147,7,1049,1100,52,7
18817,14,1101,1101,1,13
9410,13,1104,1106,3,13
4705,12,1101,1102,2,12
37644,15,1105,1105,1,15
18822,14,1106,1106,1,14
9411,13,1103,1103,1,13
37645,15,1104,1104,1,15
18823,14,1104,1105,2,14
9412,13,1108,1109,2,13
4706,12,1110,1112,3,12
2353,11,1101,1106,6,11
37654,15,1109,1109,1,14
9413,13,1107,1107,1,13
37655,15,1108,1108,1,14
75312,16,1111,1111,1,14
18828,14,1112,1112,1,13
4707,12,1107,1109,3,12
75313,16,1110,1110,1,14
18829,14,1110,1111,2,13
4708,12,1114,1115,2,12
2354,11,1116,1116,1,11
1177,10,1101,1112,12,10
9418,13,1115,1115,1,13
4709,12,1113,1113,1,12
9419,13,1114,1114,1,13
2355,11,1113,1115,3,11
4712,12,1118,1120,3,12
2356,11,1121,1125,5,11
1178,10,1126,1133,8,10
589,9,1101,1116,16,9
18852,14,1119,1119,1,14
9426,13,1120,1120,1,13
4713,12,1117,1117,1,12
18853,14,1118,1118,1,14
9427,13,1118,1119,2,13
18858,14,1122,1122,1,13
4714,12,1123,1125,3,12
2357,11,1117,1120,4,11
18859,14,1121,1121,1,13
18860,14,1124,1124,1,14
9430,13,1125,1125,1,13
4715,12,1121,1122,2,12
18861,14,1123,1123,1,14
9431,13,1123,1124,2,13
18866,14,1127,1128,2,13
4716,12,1129,1129,1,12
2358,11,1130,1133,4,11
1179,10,1117,1125,9,10
603762,19,1128,1128,1,14
18867,14,1126,1126,1,13
603763,19,1127,1127,1,14
4717,12,1126,1128,3,12
9438,13,1131,1133,3,12
2359,11,1126,1129,4,11
18878,14,1132,1133,2,13
9439,13,1130,1130,1,12
37758,15,1133,1133,1,14
18879,14,1131,1131,1,13
37759,15,1132,1132,1,14
9440,13,1135,1135,1,13
4720,12,1136,1136,1,12
2360,11,1137,1140,4,11
1180,10,1141,1146,6,10
590,9,1147,1158,12,9
295,8,1101,1133,33,8
9441,13,1134,1134,1,13
4721,12,1134,1135,2,12
9444,13,1138,1138,1,13
4722,12,1139,1140,2,12
2361,11,1134,1136,3,11
9445,13,1137,1137,1,13
18892,14,1140,1140,1,13
4723,12,1137,1138,2,12
18893,14,1139,1139,1,13
9448,13,1142,1142,1,12
2362,11,1143,1146,4,11
1181,10,1134,1140,7,10
9449,13,1141,1141,1,12
4726,12,1144,1146,3,12
2363,11,1141,1142,2,11
9454,13,1145,1146,2,13
4727,12,1143,1143,1,12
18910,14,1146,1146,1,14
9455,13,1144,1144,1,13
18911,14,1145,1145,1,14
9456,13,1148,1149,2,13
4728,12,1150,1150,1,12
2364,11,1151,1152,2,11
1182,10,1153,1158,6,10
591,9,1134,1146,13,9
75660,16,1149,1149,1,14
9457,13,1147,1147,1,13
75661,16,1148,1148,1,14
4729,12,1147,1149,3,12
75692,16,1152,1152,1,12
2365,11,1147,1150,4,11
75693,16,1151,1151,1,12
4732,12,1154,1155,2,12
2366,11,1156,1158,3,11
1183,10,1147,1152,6,10
18932,14,1155,1155,1,13
4733,12,1153,1153,1,12
18933,14,1154,1154,1,13
18938,14,1157,1157,1,13
4734,12,1158,1158,1,12
2367,11,1153,1155,3,11
18939,14,1156,1156,1,13
4735,12,1156,1157,2,12
18948,14,1160,1160,1,13
9474,13,1161,1161,1,12
2368,11,1162,1163,2,11
1184,10,1164,1170,7,10
592,9,1171,1185,15,9
296,8,1186,1216,31,8
148,7,1217,1278,62,7
74,6,1279,1411,133,6
37,5,946,1158,213,5
18949,14,1159,1159,1,13
9475,13,1159,1160,2,12
9476,13,1163,1163,1,12
2369,11,1159,1161,3,11
9477,13,1162,1162,1,12
75864,16,1165,1165,1,13
18966,14,1166,1166,1,12
2370,11,1167,1170,4,11
1185,10,1159,1163,5,10
75865,16,1164,1164,1,13
18967,14,1164,1165,2,12
4742,12,1168,1170,3,12
2371,11,1164,1166,3,11
37946,15,1169,1169,1,14
9486,13,1170,1170,1,13
4743,12,1167,1167,1,12
37947,15,1168,1168,1,14
9487,13,1168,1169,2,13
75908,16,1172,1172,1,14
9488,13,1173,1173,1,13
4744,12,1174,1176,3,12
2372,11,1177,1182,6,11
1186,10,1183,1185,3,10
593,9,1159,1170,12,9
75909,16,1171,1171,1,14
9489,13,1171,1172,2,13
75920,16,1175,1175,1,14
9490,13,1176,1176,1,13
4745,12,1171,1173,3,12
75921,16,1174,1174,1,14
9491,13,1174,1175,2,13
9492,13,1178,1180,3,13
4746,12,1181,1182,2,12
2373,11,1171,1176,6,11
37972,15,1179,1179,1,15
18986,14,1180,1180,1,14
9493,13,1177,1177,1,13
37973,15,1178,1178,1,15
18987,14,1178,1179,2,14
18990,14,1182,1182,1,13
4747,12,1177,1180,4,12
18991,14,1181,1181,1,13
2374,11,1184,1185,2,11
1187,10,1171,1182,12,10
4750,12,1185,1185,1,12
2375,11,1183,1183,1,11
4751,12,1184,1184,1,12
38016,15,1187,1187,1,14
9504,13,1188,1188,1,13
4752,12,1189,1189,1,12
2376,11,1190,1193,4,11
1188,10,1194,1199,6,10
594,9,1200,1216,17,9
297,8,1159,1185,27,8
38017,15,1186,1186,1,14
9505,13,1186,1187,2,13
4753,12,1186,1188,3,12
19016,14,1191,1191,1,13
9508,13,1192,1193,2,12
2377,11,1186,1189,4,11
19017,14,1190,1190,1,13
38038,15,1193,1193,1,13
9509,13,1190,1191,2,12
38039,15,1192,1192,1,13
9512,13,1195,1195,1,13
4756,12,1196,1196,1,12
2378,11,1197,1199,3,11
1189,10,1186,1193,8,10
9513,13,1194,1194,1,13
4757,12,1194,1195,2,12
4758,12,1198,1199,2,12
2379,11,1194,1196,3,11
152308,17,1199,1199,1,13
4759,12,1197,1197,1,12
152309,17,1198,1198,1,13
38086,15,1201,1202,2,13
4760,12,1203,1205,3,12
2380,11,1206,1211,6,11
1190,10,1212,1216,5,10
595,9,1186,1199,14,9
152350,17,1202,1202,1,14
38087,15,1200,1200,1,13
152351,17,1201,1201,1,14
19044,14,1204,1204,1,14
9522,13,1205,1205,1,13
4761,12,1200,1202,3,12
19045,14,1203,1203,1,14
9523,13,1203,1204,2,13
19048,14,1207,1207,1,14
9524,13,1208,1208,1,13
4762,12,1209,1211,3,12
2381,11,1200,1205,6,11
19049,14,1206,1206,1,14
9525,13,1206,1207,2,13
152428,17,1210,1210,1,14
9526,13,1211,1211,1,13
4763,12,1206,1208,3,12
152429,17,1209,1209,1,14
9527,13,1209,1210,2,13
9530,13,1213,1213,1,12
2382,11,1214,1216,3,11
1191,10,1200,1211,12,10
9531,13,1212,1212,1,12
4766,12,1215,1216,2,12
2383,11,1212,1213,2,11
9534,13,1216,1216,1,13
4767,12,1214,1214,1,12
9535,13,1215,1215,1,13
38144,15,1218,1218,1,13
4768,12,1219,1220,2,12
2384,11,1221,1225,5,11
1192,10,1226,1236,11,10
596,9,1237,1251,15,9
298,8,1252,1278,27,8
149,7,1159,1216,58,7
38145,15,1217,1217,1,13
9538,13,1220,1220,1,13
4769,12,1217,1218,2,12
9539,13,1219,1219,1,13
19080,14,1222,1222,1,14
9540,13,1223,1223,1,13
4770,12,1224,1225,2,12
2385,11,1217,1220,4,11
19081,14,1221,1221,1,14
9541,13,1221,1222,2,13
9542,13,1225,1225,1,13
4771,12,1221,1223,3,12
9543,13,1224,1224,1,13
9544,13,1227,1231,5,13
4772,12,1232,1233,2,12
2386,11,1234,1236,3,11
1193,10,1217,1225,9,10
19090,14,1228,1231,4,14
9545,13,1226,1226,1,13
76364,16,1229,1230,2,16
38182,15,1231,1231,1,15
19091,14,1227,1227,1,14
305462,18,1230,1230,1,17
76365,16,1228,1228,1,16
305463,18,1229,1229,1,17
38183,15,1228,1230,3,15
9546,13,1233,1233,1,13
4773,12,1226,1231,6,12
9547,13,1232,1232,1,13
4774,12,1235,1236,2,12
2387,11,1226,1233,8,11
38206,15,1236,1236,1,13
4775,12,1234,1234,1,12
38207,15,1235,1235,1,13
19104,14,1238,1238,1,14
9552,13,1239,1239,1,13
4776,12,1240,1240,1,12
2388,11,1241,1243,3,11
1194,10,1244,1251,8,10
597,9,1217,1236,20,9
19105,14,1237,1237,1,14
9553,13,1237,1238,2,13
4777,12,1237,1239,3,12
9556,13,1242,1242,1,13
4778,12,1243,1243,1,12
2389,11,1237,1240,4,11
9557,13,1241,1241,1,13
4779,12,1241,1242,2,12
19120,14,1245,1246,2,14
9560,13,1247,1247,1,13
4780,12,1248,1248,1,12
2390,11,1249,1251,3,11
1195,10,1237,1243,7,10
305944,18,1246,1246,1,15
19121,14,1244,1244,1,14
305945,18,1245,1245,1,15
9561,13,1244,1246,3,13
4781,12,1244,1247,4,12
76530,16,1250,1250,1,13
9566,13,1251,1251,1,12
2391,11,1244,1248,5,11
76531,16,1249,1249,1,13
9567,13,1249,1250,2,12
19138,14,1253,1253,1,13
4784,12,1254,1256,3,12
2392,11,1257,1258,2,11
1196,10,1259,1264,6,10
598,9,1265,1278,14,9
299,8,1217,1251,35,8
19139,14,1252,1252,1,13
9570,13,1255,1256,2,13
4785,12,1252,1253,2,12
38286,15,1256,1256,1,14
9571,13,1254,1254,1,13
38287,15,1255,1255,1,14
4786,12,1258,1258,1,12
2393,11,1252,1256,5,11
4787,12,1257,1257,1,12
9578,13,1260,1260,1,12
2394,11,1261,1264,4,11
1197,10,1252,1258,7,10
9579,13,1259,1259,1,12
9580,13,1262,1264,3,12
2395,11,1259,1260,2,11
613198,19,1263,1263,1,14
38324,15,1264,1264,1,13
9581,13,1261,1261,1,12
613199,19,1262,1262,1,14
38325,15,1262,1263,2,13
4792,12,1266,1267,2,12
2396,11,1268,1273,6,11
1198,10,1274,1278,5,10
599,9,1252,1264,13,9
9586,13,1267,1267,1,13
4793,12,1265,1265,1,12
9587,13,1266,1266,1,13
19178,14,1269,1269,1,13
4794,12,1270,1273,4,12
2397,11,1265,1267,3,11
19179,14,1268,1268,1,13
19180,14,1271,1272,2,14
9590,13,1273,1273,1,13
4795,12,1268,1269,2,12
38362,15,1272,1272,1,15
19181,14,1270,1270,1,14
38363,15,1271,1271,1,15
9591,13,1270,1272,3,13
4796,12,1275,1276,2,12
2398,11,1277,1278,2,11
1199,10,1265,1273,9,10
9594,13,1276,1276,1,13
4797,12,1274,1274,1,12
9595,13,1275,1275,1,13
4798,12,1278,1278,1,12
2399,11,1274,1276,3,11
4799,12,1277,1277,1,12
2400,11,1280,1282,3,11
1200,10,1283,1288,6,10
600,9,1289,1307,19,9
300,8,1308,1342,35,8
150,7,1343,1411,69,7
75,6,1159,1278,120,6
9606,13,1281,1282,2,12
2401,11,1279,1279,1,11
307424,18,1282,1282,1,13
9607,13,1280,1280,1,12
307425,18,1281,1281,1,13
19216,14,1284,1284,1,13
9608,13,1285,1286,2,12
2402,11,1287,1288,2,11
1201,10,1279,1282,4,10
19217,14,1283,1283,1,13
19218,14,1286,1286,1,13
9609,13,1283,1284,2,12
19219,14,1285,1285,1,13
19226,14,1288,1288,1,12
2403,11,1283,1286,4,11
19227,14,1287,1287,1,12
19234,14,1290,1292,3,13
4808,12,1293,1295,3,12
2404,11,1296,1298,3,11
1202,10,1299,1307,9,10
601,9,1279,1288,10,9
38470,15,1291,1292,2,14
19235,14,1289,1289,1,13
76942,16,1292,1292,1,15
38471,15,1290,1290,1,14
76943,16,1291,1291,1,15
38474,15,1294,1294,1,14
9618,13,1295,1295,1,13
4809,12,1289,1292,4,12
38475,15,1293,1293,1,14
9619,13,1293,1294,2,13
38480,15,1297,1297,1,13
4810,12,1298,1298,1,12
2405,11,1289,1295,7,11
38481,15,1296,1296,1,13
4811,12,1296,1297,2,12
9624,13,1300,1303,4,12
2406,11,1304,1307,4,11
1203,10,1289,1298,10,10
2464000,21,1301,1301,1,15
308000,18,1302,1302,1,14
38500,15,1303,1303,1,13
9625,13,1299,1299,1,12
2464001,21,1300,1300,1,15
308001,18,1300,1301,2,14
38501,15,1300,1302,3,13
9628,13,1305,1305,1,13
4814,12,1306,1307,2,12
2407,11,1299,1303,5,11
9629,13,1304,1304,1,13
19262,14,1307,1307,1,13
4815,12,1304,1305,2,12
19263,14,1306,1306,1,13
19264,14,1309,1309,1,13
4816,12,1310,1310,1,12
2408,11,1311,1314,4,11
1204,10,1315,1328,14,10
602,9,1329,1342,14,9
301,8,1279,1307,29,8
19265,14,1308,1308,1,13
4817,12,1308,1309,2,12
9636,13,1312,1314,3,12
2409,11,1308,1310,3,11
77102,16,1313,1314,2,13
9637,13,1311,1311,1,12
154206,17,1314,1314,1,14
77103,16,1312,1312,1,13
154207,17,1313,1313,1,14
19280,14,1316,1316,1,14
9640,13,1317,1318,2,13
4820,12,1319,1321,3,12
2410,11,1322,1328,7,11
1205,10,1308,1314,7,10
19281,14,1315,1315,1,14
38566,15,1318,1318,1,14
9641,13,1315,1316,2,13
38567,15,1317,1317,1,14
38568,15,1320,1320,1,14
19284,14,1321,1321,1,13
4821,12,1315,1318,4,12
38569,15,1319,1319,1,14
19285,14,1319,1320,2,13
38576,15,1323,1323,1,15
19288,14,1324,1325,2,14
9644,13,1326,1326,1,13
4822,12,1327,1328,2,12
2411,11,1315,1321,7,11
38577,15,1322,1322,1,15
38578,15,1325,1325,1,15
19289,14,1322,1323,2,14
38579,15,1324,1324,1,15
9645,13,1322,1325,4,13
9646,13,1328,1328,1,13
4823,12,1322,1326,5,12
9647,13,1327,1327,1,13
77184,16,1330,1331,2,14
19296,14,1332,1332,1,13
4824,12,1333,1334,2,12
2412,11,1335,1338,4,11
1206,10,1339,1342,4,10
603,9,1308,1328,21,9
2469926,21,1331,1331,1,15
77185,16,1329,1329,1,14
2469927,21,1330,1330,1,15
19297,14,1329,1331,3,13
9650,13,1334,1334,1,13
4825,12,1329,1332,4,12
9651,13,1333,1333,1,13
9652,13,1336,1337,2,13
4826,12,1338,1338,1,12
2413,11,1329,1334,6,11
19306,14,1337,1337,1,14
9653,13,1335,1335,1,13
19307,14,1336,1336,1,14
4827,12,1335,1337,3,12
4828,12,1340,1340,1,12
2414,11,1341,1342,2,11
1207,10,1329,1338,10,10
4829,12,1339,1339,1,12
19322,14,1342,1342,1,12
2415,11,1339,1340,2,11
19323,14,1341,1341,1,12
19328,14,1344,1344,1,14
9664,13,1345,1345,1,13
4832,12,1346,1350,5,12
2416,11,1351,1353,3,11
1208,10,1354,1363,10,10
604,9,1364,1378,15,9
302,8,1379,1411,33,8
151,7,1279,1342,64,7
19329,14,1343,1343,1,14
9665,13,1343,1344,2,13
19332,14,1347,1348,2,14
9666,13,1349,1350,2,13
4833,12,1343,1345,3,12
38666,15,1348,1348,1,15
19333,14,1346,1346,1,14
38667,15,1347,1347,1,15
154686,17,1350,1350,1,14
9667,13,1346,1348,3,13
154687,17,1349,1349,1,14
9670,13,1352,1353,2,12
2417,11,1343,1350,8,11
19342,14,1353,1353,1,13
9671,13,1351,1351,1,12
19343,14,1352,1352,1,13
9672,13,1355,1356,2,13
4836,12,1357,1357,1,12
2418,11,1358,1363,6,11
1209,10,1343,1353,11,10
19346,14,1356,1356,1,14
9673,13,1354,1354,1,13
19347,14,1355,1355,1,14
4837,12,1354,1356,3,12
19352,14,1359,1360,2,13
4838,12,1361,1363,3,12
2419,11,1354,1357,4,11
38706,15,1360,1360,1,14
19353,14,1358,1358,1,13
38707,15,1359,1359,1,14
19356,14,1362,1362,1,14
9678,13,1363,1363,1,13
4839,12,1358,1360,3,12
19357,14,1361,1361,1,14
9679,13,1361,1362,2,13
19360,14,1365,1365,1,14
9680,13,1366,1366,1,13
4840,12,1367,1367,1,12
2420,11,1368,1372,5,11
1210,10,1373,1378,6,10
605,9,1343,1363,21,9
19361,14,1364,1364,1,14
9681,13,1364,1365,2,13
4841,12,1364,1366,3,12
154988,17,1369,1370,2,14
77494,16,1371,1371,1,13
9686,13,1372,1372,1,12
2421,11,1364,1367,4,11
1239912,20,1370,1370,1,15
154989,17,1368,1368,1,14
1239913,20,1369,1369,1,15
77495,16,1368,1370,3,13
9687,13,1368,1371,4,12
4844,12,1374,1376,3,12
2422,11,1377,1378,2,11
1211,10,1364,1372,9,10
9690,13,1375,1376,2,13
4845,12,1373,1373,1,12
19382,14,1376,1376,1,14
9691,13,1374,1374,1,13
19383,14,1375,1375,1,14
4846,12,1378,1378,1,12
2423,11,1373,1376,4,11
4847,12,1377,1377,1,12
19392,14,1380,1380,1,13
4848,12,1381,1382,2,12
2424,11,1383,1385,3,11
1212,10,1386,1394,9,10
606,9,1395,1411,17,9
303,8,1343,1378,36,8
19393,14,1379,1379,1,13
9698,13,1382,1382,1,13
4849,12,1379,1380,2,12
9699,13,1381,1381,1,13
4850,12,1384,1385,2,12
2425,11,1379,1382,4,11
38812,15,1385,1385,1,13
4851,12,1383,1383,1,12
38813,15,1384,1384,1,13
9704,13,1387,1388,2,13
4852,12,1389,1391,3,12
2426,11,1392,1394,3,11
1213,10,1379,1385,7,10
38820,15,1388,1388,1,14
9705,13,1386,1386,1,13
38821,15,1387,1387,1,14
155298,17,1390,1390,1,14
19412,14,1391,1391,1,13
4853,12,1386,1388,3,12
155299,17,1389,1389,1,14
19413,14,1389,1390,2,13
4854,12,1393,1394,2,12
2427,11,1386,1391,6,11
9710,13,1394,1394,1,13
4855,12,1392,1392,1,12
9711,13,1393,1393,1,13
9712,13,1396,1397,2,13
4856,12,1398,1399,2,12
2428,11,1400,1402,3,11
1214,10,1403,1411,9,10
607,9,1379,1394,16,9
19426,14,1397,1397,1,14
9713,13,1395,1395,1,13
19427,14,1396,1396,1,14
77722,16,1399,1399,1,13
4857,12,1395,1397,3,12
77723,16,1398,1398,1,13
4858,12,1401,1402,2,12
2429,11,1395,1399,5,11
19438,14,1402,1402,1,13
4859,12,1400,1400,1,12
19439,14,1401,1401,1,13
4860,12,1404,1409,6,12
2430,11,1410,1411,2,11
1215,10,1395,1402,8,10
19444,14,1405,1405,1,14
9722,13,1406,1409,4,13
4861,12,1403,1403,1,12
19445,14,1404,1404,1,14
155570,17,1407,1407,1,15
19446,14,1408,1409,2,14
9723,13,1404,1405,2,13
155571,17,1406,1406,1,15
38894,15,1409,1409,1,15
19447,14,1406,1407,2,14
38895,15,1408,1408,1,15
4862,12,1411,1411,1,12
2431,11,1403,1409,7,11
4863,12,1410,1410,1,12
38912,15,1413,1413,1,13
4864,12,1414,1415,2,12
2432,11,1416,1420,5,11
1216,10,1421,1425,5,10
608,9,1426,1446,21,9
304,8,1447,1473,27,8
152,7,1474,1527,54,7
76,6,1528,1670,143,6
38,5,1671,1936,266,5
19,4,946,1411,466,4
38913,15,1412,1412,1,13
38920,15,1415,1415,1,13
4865,12,1412,1413,2,12
38921,15,1414,1414,1,13
4866,12,1417,1420,4,12
2433,11,1412,1415,4,11
19468,14,1418,1419,2,14
9734,13,1420,1420,1,13
4867,12,1416,1416,1,12
155752,17,1419,1419,1,15
19469,14,1417,1417,1,14
155753,17,1418,1418,1,15
9735,13,1417,1419,3,13
19472,14,1422,1422,1,13
9736,13,1423,1423,1,12
2434,11,1424,1425,2,11
1217,10,1412,1420,9,10
19473,14,1421,1421,1,13
9737,13,1421,1422,2,12
38962,15,1425,1425,1,12
2435,11,1421,1423,3,11
38963,15,1424,1424,1,12
4872,12,1427,1428,2,12
2436,11,1429,1434,6,11
1218,10,1435,1446,12,10
609,9,1412,1425,14,9
9746,13,1428,1428,1,13
4873,12,1426,1426,1,12
9747,13,1427,1427,1,13
155990,17,1430,1430,1,14
19498,14,1431,1431,1,13
4874,12,1432,1434,3,12
2437,11,1426,1428,3,11
155991,17,1429,1429,1,14
19499,14,1429,1430,2,13
19500,14,1433,1433,1,14
9750,13,1434,1434,1,13
4875,12,1429,1431,3,12
19501,14,1432,1432,1,14
9751,13,1432,1433,2,13
9752,13,1436,1436,1,13
4876,12,1437,1439,3,12
2438,11,1440,1446,7,11
1219,10,1426,1434,9,10
9753,13,1435,1435,1,13
19508,14,1438,1438,1,14
9754,13,1439,1439,1,13
4877,12,1435,1436,2,12
19509,14,1437,1437,1,14
9755,13,1437,1438,2,13
78050,16,1441,1441,1,14
19512,14,1442,1444,3,13
4878,12,1445,1446,2,12
2439,11,1435,1439,5,11
78051,16,1440,1440,1,14
78052,16,1443,1443,1,15
39026,15,1444,1444,1,14
19513,14,1440,1441,2,13
78053,16,1442,1442,1,15
39027,15,1442,1443,2,14
9758,13,1446,1446,1,13
4879,12,1440,1444,5,12
9759,13,1445,1445,1,13
9760,13,1448,1448,1,13
4880,12,1449,1451,3,12
2440,11,1452,1454,3,11
1220,10,1455,1460,6,10
610,9,1461,1473,13,9
305,8,1412,1446,35,8
9761,13,1447,1447,1,13
9762,13,1450,1451,2,13
4881,12,1447,1448,2,12
19526,14,1451,1451,1,14
9763,13,1449,1449,1,13
19527,14,1450,1450,1,14
19528,14,1453,1453,1,13
4882,12,1454,1454,1,12
2441,11,1447,1451,5,11
19529,14,1452,1452,1,13
4883,12,1452,1453,2,12
19536,14,1456,1456,1,13
9768,13,1457,1457,1,12
2442,11,1458,1460,3,11
1221,10,1447,1454,8,10
19537,14,1455,1455,1,13
9769,13,1455,1456,2,12
312788,18,1459,1459,1,13
39098,15,1460,1460,1,12
2443,11,1455,1457,3,11
312789,18,1458,1458,1,13
39099,15,1458,1459,2,12
9776,13,1462,1462,1,13
4888,12,1463,1465,3,12
2444,11,1466,1469,4,11
1222,10,1470,1473,4,10
611,9,1447,1460,14,9
9777,13,1461,1461,1,13
9778,13,1464,1465,2,13
4889,12,1461,1462,2,12
19558,14,1465,1465,1,14
9779,13,1463,1463,1,13
19559,14,1464,1464,1,14
2503870,21,1467,1467,1,14
9780,13,1468,1468,1,13
4890,12,1469,1469,1,12
2445,11,1461,1465,5,11
2503871,21,1466,1466,1,14
9781,13,1466,1467,2,13
4891,12,1466,1468,3,12
19578,14,1471,1471,1,12
4894,12,1472,1473,2,11
1223,10,1461,1469,9,10
19579,14,1470,1470,1,12
39164,15,1473,1473,1,12
4895,12,1470,1471,2,11
39165,15,1472,1472,1,12
78338,16,1475,1475,1,14
19584,14,1476,1476,1,13
9792,13,1477,1477,1,12
2448,11,1478,1478,1,11
1224,10,1479,1486,8,10
612,9,1487,1497,11,9
306,8,1498,1527,30,8
153,7,1412,1473,62,7
78339,16,1474,1474,1,14
19585,14,1474,1475,2,13
9793,13,1474,1476,3,12
2449,11,1474,1477,4,11
9800,13,1480,1480,1,13
4900,12,1481,1481,1,12
2450,11,1482,1486,5,11
1225,10,1474,1478,5,10
9801,13,1479,1479,1,13
4901,12,1479,1480,2,12
39220,15,1483,1483,1,14
19610,14,1484,1485,2,13
4902,12,1486,1486,1,12
2451,11,1479,1481,3,11
39221,15,1482,1482,1,14
78446,16,1485,1485,1,14
19611,14,1482,1483,2,13
78447,16,1484,1484,1,14
4903,12,1482,1485,4,12
9808,13,1488,1489,2,12
2452,11,1490,1492,3,11
1226,10,1493,1497,5,10
613,9,1474,1486,13,9
39236,15,1489,1489,1,13
9809,13,1487,1487,1,12
39237,15,1488,1488,1,13
78514,16,1491,1491,1,13
19628,14,1492,1492,1,12
2453,11,1487,1489,3,11
78515,16,1490,1490,1,13
19629,14,1490,1491,2,12
4908,12,1494,1494,1,12
2454,11,1495,1497,3,11
1227,10,1487,1492,6,10
4909,12,1493,1493,1,12
39294,15,1496,1497,2,12
2455,11,1493,1494,2,11
78590,16,1497,1497,1,13
39295,15,1495,1495,1,12
78591,16,1496,1496,1,13
9824,13,1499,1499,1,13
4912,12,1500,1505,6,12
2456,11,1506,1510,5,11
1228,10,1511,1516,6,10
614,9,1517,1527,11,9
307,8,1474,1497,24,8
9825,13,1498,1498,1,13
39306,15,1501,1501,1,14
9826,13,1502,1505,4,13
4913,12,1498,1499,2,12
39307,15,1500,1500,1,14
39308,15,1503,1503,1,15
19654,14,1504,1505,2,14
9827,13,1500,1501,2,13
39309,15,1502,1502,1,15
78620,16,1505,1505,1,15
19655,14,1502,1503,2,14
78621,16,1504,1504,1,15
19656,14,1507,1507,1,14
9828,13,1508,1509,2,13
4914,12,1510,1510,1,12
2457,11,1498,1505,8,11
19657,14,1506,1506,1,14
157266,17,1509,1509,1,14
9829,13,1506,1507,2,13
157267,17,1508,1508,1,14
4915,12,1506,1509,4,12
78656,16,1512,1512,1,14
19664,14,1513,1513,1,13
9832,13,1514,1514,1,12
4916,12,1515,1516,2,11
1229,10,1498,1510,13,10
78657,16,1511,1511,1,14
19665,14,1511,1512,2,13
9833,13,1511,1513,3,12
9834,13,1516,1516,1,12
4917,12,1511,1514,4,11
9835,13,1515,1515,1,12
2460,11,1518,1519,2,11
1230,10,1520,1527,8,10
615,9,1498,1516,19,9
4922,12,1519,1519,1,12
2461,11,1517,1517,1,11
4923,12,1518,1518,1,12
157612,17,1521,1521,1,12
2462,11,1522,1527,6,11
1231,10,1517,1519,3,10
157613,17,1520,1520,1,12
19704,14,1523,1524,2,14
9852,13,1525,1525,1,13
4926,12,1526,1527,2,12
2463,11,1520,1521,2,11
39410,15,1524,1524,1,15
19705,14,1522,1522,1,14
39411,15,1523,1523,1,15
9853,13,1522,1524,3,13
9854,13,1527,1527,1,13
4927,12,1522,1525,4,12
9855,13,1526,1526,1,13
39424,15,1529,1530,2,14
9856,13,1531,1531,1,13
4928,12,1532,1533,2,12
2464,11,1534,1542,9,11
1232,10,1543,1550,8,10
616,9,1551,1569,19,9
308,8,1570,1608,39,8
154,7,1609,1670,62,7
77,6,1412,1527,116,6
78850,16,1530,1530,1,15
39425,15,1528,1528,1,14
78851,16,1529,1529,1,15
9857,13,1528,1530,3,13
9858,13,1533,1533,1,13
4929,12,1528,1531,4,12
9859,13,1532,1532,1,13
19720,14,1535,1536,2,14
9860,13,1537,1538,2,13
4930,12,1539,1542,4,12
2465,11,1528,1533,6,11
78884,16,1536,1536,1,15
19721,14,1534,1534,1,14
78885,16,1535,1535,1,15
19722,14,1538,1538,1,14
9861,13,1534,1536,3,13
19723,14,1537,1537,1,14
78900,16,1540,1540,1,15
39450,15,1541,1541,1,14
9862,13,1542,1542,1,13
4931,12,1534,1538,5,12
78901,16,1539,1539,1,15
39451,15,1539,1540,2,14
9863,13,1539,1541,3,13
9864,13,1544,1544,1,12
2466,11,1545,1550,6,11
1233,10,1528,1542,15,10
9865,13,1543,1543,1,12
39476,15,1546,1546,1,13
4934,12,1547,1550,4,12
2467,11,1543,1544,2,11
39477,15,1545,1545,1,13
19740,14,1548,1548,1,14
9870,13,1549,1550,2,13
4935,12,1545,1546,2,12
19741,14,1547,1547,1,14
315882,18,1550,1550,1,14
9871,13,1547,1548,2,13
315883,18,1549,1549,1,14
4936,12,1552,1552,1,12
2468,11,1553,1557,5,11
1234,10,1558,1569,12,10
617,9,1528,1550,23,9
4937,12,1551,1551,1,12
9876,13,1554,1556,3,13
4938,12,1557,1557,1,12
2469,11,1551,1552,2,11
158038,17,1555,1555,1,15
19754,14,1556,1556,1,14
9877,13,1553,1553,1,13
158039,17,1554,1554,1,15
19755,14,1554,1555,2,14
4939,12,1553,1556,4,12
316172,18,1559,1559,1,14
9880,13,1560,1560,1,13
4940,12,1561,1562,2,12
2470,11,1563,1569,7,11
1235,10,1551,1557,7,10
316173,18,1558,1558,1,14
9881,13,1558,1559,2,13
9882,13,1562,1562,1,13
4941,12,1558,1560,3,12
9883,13,1561,1561,1,13
19770,14,1564,1564,1,13
4942,12,1565,1569,5,12
2471,11,1558,1562,5,11
19771,14,1563,1563,1,13
1265456,20,1566,1566,1,15
19772,14,1567,1567,1,14
9886,13,1568,1569,2,13
4943,12,1563,1564,2,12
1265457,20,1565,1565,1,15
19773,14,1565,1566,2,14
79098,16,1569,1569,1,14
9887,13,1565,1567,3,13
79099,16,1568,1568,1,14
39554,15,1571,1572,2,14
9888,13,1573,1573,1,13
4944,12,1574,1576,3,12
2472,11,1577,1578,2,11
1236,10,1579,1583,5,10
618,9,1584,1608,25,9
309,8,1528,1569,42,8
79110,16,1572,1572,1,15
39555,15,1570,1570,1,14
79111,16,1571,1571,1,15
9889,13,1570,1572,3,13
9890,13,1575,1576,2,13
4945,12,1570,1573,4,12
39564,15,1576,1576,1,14
9891,13,1574,1574,1,13
39565,15,1575,1575,1,14
19790,14,1578,1578,1,12
2473,11,1570,1576,7,11
19791,14,1577,1577,1,12
4948,12,1580,1582,3,12
2474,11,1583,1583,1,11
1237,10,1570,1578,9,10
19796,14,1581,1582,2,13
4949,12,1579,1579,1,12
158376,17,1582,1582,1,14
19797,14,1580,1580,1,13
158377,17,1581,1581,1,14
2475,11,1579,1582,4,11
79232,16,1585,1585,1,13
4952,12,1586,1587,2,12
2476,11,1588,1598,11,11
1238,10,1599,1608,10,10
619,9,1570,1583,14,9
79233,16,1584,1584,1,13
9906,13,1587,1587,1,13
4953,12,1584,1585,2,12
9907,13,1586,1586,1,13
39632,15,1589,1589,1,15
19816,14,1590,1590,1,14
9908,13,1591,1591,1,13
4954,12,1592,1598,7,12
2477,11,1584,1587,4,11
39633,15,1588,1588,1,15
19817,14,1588,1589,2,14
9909,13,1588,1590,3,13
158570,17,1593,1593,1,15
39642,15,1594,1595,2,14
9910,13,1596,1598,3,13
4955,12,1588,1591,4,12
158571,17,1592,1592,1,15
79286,16,1595,1595,1,15
39643,15,1592,1593,2,14
79287,16,1594,1594,1,15
19822,14,1597,1598,2,14
9911,13,1592,1595,4,13
39646,15,1598,1598,1,15
19823,14,1596,1596,1,14
39647,15,1597,1597,1,15
9912,13,1600,1600,1,13
4956,12,1601,1602,2,12
2478,11,1603,1608,6,11
1239,10,1584,1598,15,10
9913,13,1599,1599,1,13
79314,16,1602,1602,1,13
4957,12,1599,1600,2,12
79315,16,1601,1601,1,13
19832,14,1604,1604,1,14
9916,13,1605,1605,1,13
4958,12,1606,1608,3,12
2479,11,1599,1602,4,11
19833,14,1603,1603,1,14
9917,13,1603,1604,2,13
19836,14,1607,1607,1,14
9918,13,1608,1608,1,13
4959,12,1603,1605,3,12
19837,14,1606,1606,1,14
9919,13,1606,1607,2,13
19842,14,1610,1611,2,13
4960,12,1612,1613,2,12
2480,11,1614,1619,6,11
1240,10,1620,1628,9,10
620,9,1629,1640,12,9
310,8,1641,1670,30,8
155,7,1528,1608,81,7
158750,17,1611,1611,1,14
19843,14,1609,1609,1,13
158751,17,1610,1610,1,14
9922,13,1613,1613,1,13
4961,12,1609,1611,3,12
9923,13,1612,1612,1,13
4962,12,1615,1619,5,12
2481,11,1609,1613,5,11
79410,16,1616,1616,1,15
19852,14,1617,1618,2,14
9926,13,1619,1619,1,13
4963,12,1614,1614,1,12
79411,16,1615,1615,1,15
39706,15,1618,1618,1,15
19853,14,1615,1616,2,14
39707,15,1617,1617,1,15
9927,13,1615,1618,4,13
4964,12,1621,1623,3,12
2482,11,1624,1628,5,11
1241,10,1609,1619,11,10
9930,13,1622,1623,2,13
4965,12,1620,1620,1,12
158906,17,1623,1623,1,14
9931,13,1621,1621,1,13
158907,17,1622,1622,1,14
317824,18,1625,1625,1,13
4966,12,1626,1628,3,12
2483,11,1620,1623,4,11
317825,18,1624,1624,1,13
19868,14,1627,1627,1,14
9934,13,1628,1628,1,13
4967,12,1624,1625,2,12
19869,14,1626,1626,1,14
9935,13,1626,1627,2,13
4968,12,1630,1630,1,12
2484,11,1631,1632,2,11
1242,10,1633,1640,8,10
621,9,1609,1628,20,9
4969,12,1629,1629,1,12
4970,12,1632,1632,1,12
2485,11,1629,1630,2,11
4971,12,1631,1631,1,12
9944,13,1634,1634,1,12
2486,11,1635,1640,6,11
1243,10,1629,1632,4,10
9945,13,1633,1633,1,12
9948,13,1636,1638,3,13
4974,12,1639,1640,2,12
2487,11,1633,1634,2,11
19898,14,1637,1638,2,14
9949,13,1635,1635,1,13
79598,16,1638,1638,1,15
19899,14,1636,1636,1,14
79599,16,1637,1637,1,15
19900,14,1640,1640,1,13
4975,12,1635,1638,4,12
19901,14,1639,1639,1,13
4976,12,1642,1644,3,12
2488,11,1645,1650,6,11
1244,10,1651,1658,8,10
622,9,1659,1670,12,9
311,8,1609,1640,32,8
159272,17,1643,1643,1,14
9954,13,1644,1644,1,13
4977,12,1641,1641,1,12
159273,17,1642,1642,1,14
9955,13,1642,1643,2,13
9956,13,1646,1647,2,13
4978,12,1648,1650,3,12
2489,11,1641,1644,4,11
79660,16,1647,1647,1,14
9957,13,1645,1645,1,13
79661,16,1646,1646,1,14
79664,16,1649,1649,1,14
19916,14,1650,1650,1,13
4979,12,1645,1647,3,12
79665,16,1648,1648,1,14
19917,14,1648,1649,2,13
4980,12,1652,1655,4,12
2490,11,1656,1658,3,11
1245,10,1641,1650,10,10
39854,15,1653,1655,3,13
4981,12,1651,1651,1,12
159420,17,1654,1655,2,14
39855,15,1652,1652,1,13
40811804,25,1655,1655,1,15
159421,17,1653,1653,1,14
40811805,25,1654,1654,1,15
4982,12,1657,1658,2,12
2491,11,1651,1655,5,11
9966,13,1658,1658,1,13
4983,12,1656,1656,1,12
9967,13,1657,1657,1,13
9968,13,1660,1660,1,13
4984,12,1661,1662,2,12
2492,11,1663,1664,2,11
1246,10,1665,1670,6,10
623,9,1641,1658,18,9
9969,13,1659,1659,1,13
9970,13,1662,1662,1,13
4985,12,1659,1660,2,12
9971,13,1661,1661,1,13
9972,13,1664,1664,1,12
2493,11,1659,1662,4,11
9973,13,1663,1663,1,12
2494,11,1666,1670,5,11
1247,10,1659,1664,6,10
159680,17,1667,1668,2,14
19960,14,1669,1669,1,13
4990,12,1670,1670,1,12
2495,11,1665,1665,1,11
1277454,20,1668,1668,1,15
159681,17,1666,1666,1,14
1277455,20,1667,1667,1,15
19961,14,1666,1668,3,13
4991,12,1666,1669,4,12
639006,19,1672,1672,1,13
4992,12,1673,1674,2,12
2496,11,1675,1678,4,11
1248,10,1679,1685,7,10
624,9,1686,1700,15,9
312,8,1701,1727,27,8
156,7,1728,1819,92,7
78,6,1820,1936,117,6
39,5,1412,1670,259,5
639007,19,1671,1671,1,13
9986,13,1674,1674,1,13
4993,12,1671,1672,2,12
9987,13,1673,1673,1,13
4994,12,1676,1678,3,12
2497,11,1671,1674,4,11
39962,15,1677,1677,1,14
9990,13,1678,1678,1,13
4995,12,1675,1675,1,12
39963,15,1676,1676,1,14
9991,13,1676,1677,2,13
4996,12,1680,1680,1,12
2498,11,1681,1685,5,11
1249,10,1671,1678,8,10
4997,12,1679,1679,1,12
79972,16,1682,1682,1,13
4998,12,1683,1685,3,12
2499,11,1679,1680,2,11
79973,16,1681,1681,1,13
39994,15,1684,1684,1,14
9998,13,1685,1685,1,13
4999,12,1681,1682,2,12
39995,15,1683,1683,1,14
9999,13,1683,1684,2,13
10000,13,1687,1687,1,13
5000,12,1688,1688,1,12
2500,11,1689,1694,6,11
1250,10,1695,1700,6,10
625,9,1671,1685,15,9
10001,13,1686,1686,1,13
5001,12,1686,1687,2,12
10004,13,1690,1691,2,13
5002,12,1692,1694,3,12
2501,11,1686,1688,3,11
40022,15,1691,1691,1,14
10005,13,1689,1689,1,13
40023,15,1690,1690,1,14
20012,14,1693,1694,2,13
5003,12,1689,1691,3,12
40026,15,1694,1694,1,14
20013,14,1692,1692,1,13
40027,15,1693,1693,1,14
40044,15,1696,1696,1,13
20022,14,1697,1697,1,12
2502,11,1698,1700,3,11
1251,10,1686,1694,9,10
40045,15,1695,1695,1,13
20023,14,1695,1696,2,12
20024,14,1699,1699,1,13
5006,12,1700,1700,1,12
2503,11,1695,1697,3,11
20025,14,1698,1698,1,13
5007,12,1698,1699,2,12
5008,12,1702,1702,1,12
2504,11,1703,1704,2,11
1252,10,1705,1714,10,10
626,9,1715,1727,13,9
313,8,1671,1700,30,8
5009,12,1701,1701,1,12
40088,15,1704,1704,1,12
2505,11,1701,1702,2,11
40089,15,1703,1703,1,12
10024,13,1706,1706,1,13
5012,12,1707,1707,1,12
2506,11,1708,1714,7,11
1253,10,1701,1704,4,10
10025,13,1705,1705,1,13
5013,12,1705,1706,2,12
10028,13,1709,1709,1,13
5014,12,1710,1714,5,12
2507,11,1705,1707,3,11
10029,13,1708,1708,1,13
20060,14,1711,1711,1,14
10030,13,1712,1714,3,13
5015,12,1708,1709,2,12
20061,14,1710,1710,1,14
20062,14,1713,1714,2,14
10031,13,1710,1711,2,13
40126,15,1714,1714,1,15
20063,14,1712,1712,1,14
40127,15,1713,1713,1,15
10032,13,1716,1717,2,12
2508,11,1718,1722,5,11
1254,10,1723,1727,5,10
627,9,1701,1714,14,9
80270,16,1717,1717,1,13
10033,13,1715,1715,1,12
80271,16,1716,1716,1,13
40144,15,1719,1719,1,15
20072,14,1720,1720,1,14
10036,13,1721,1721,1,13
5018,12,1722,1722,1,12
2509,11,1715,1717,3,11
40145,15,1718,1718,1,15
20073,14,1718,1719,2,14
10037,13,1718,1720,3,13
5019,12,1718,1721,4,12
80326,16,1724,1724,1,12
2510,11,1725,1727,3,11
1255,10,1715,1722,8,10
80327,16,1723,1723,1,12
5022,12,1726,1727,2,12
2511,11,1723,1724,2,11
40188,15,1727,1727,1,13
5023,12,1725,1725,1,12
40189,15,1726,1726,1,13
20100,14,1729,1729,1,13
10050,13,1730,1730,1,12
2512,11,1731,1734,4,11
1256,10,1735,1746,12,10
628,9,1747,1766,20,9
314,8,1767,1819,53,8
157,7,1671,1727,57,7
20101,14,1728,1728,1,13
10051,13,1728,1729,2,12
80420,16,1732,1732,1,14
10052,13,1733,1733,1,13
5026,12,1734,1734,1,12
2513,11,1728,1730,3,11
80421,16,1731,1731,1,14
10053,13,1731,1732,2,13
5027,12,1731,1733,3,12
40228,15,1736,1736,1,13
5028,12,1737,1740,4,12
2514,11,1741,1746,6,11
1257,10,1728,1734,7,10
40229,15,1735,1735,1,13
20116,14,1738,1740,3,13
5029,12,1735,1736,2,12
160938,17,1739,1739,1,15
40234,15,1740,1740,1,14
20117,14,1737,1737,1,13
160939,17,1738,1738,1,15
40235,15,1738,1739,2,14
160960,17,1742,1742,1,15
20120,14,1743,1743,1,14
10060,13,1744,1744,1,13
5030,12,1745,1746,2,12
2515,11,1735,1740,6,11
160961,17,1741,1741,1,15
20121,14,1741,1742,2,14
10061,13,1741,1743,3,13
20124,14,1746,1746,1,13
5031,12,1741,1744,4,12
20125,14,1745,1745,1,13
10064,13,1748,1748,1,13
5032,12,1749,1749,1,12
2516,11,1750,1750,1,11
1258,10,1751,1766,16,10
629,9,1728,1746,19,9
10065,13,1747,1747,1,13
5033,12,1747,1748,2,12
2517,11,1747,1749,3,11
10072,13,1752,1755,4,13
5036,12,1756,1761,6,12
2518,11,1762,1766,5,11
1259,10,1747,1750,4,10
644672,19,1753,1753,1,16
80584,16,1754,1754,1,15
20146,14,1755,1755,1,14
10073,13,1751,1751,1,13
644673,19,1752,1752,1,16
80585,16,1752,1753,2,15
20147,14,1752,1754,3,14
20148,14,1757,1758,2,14
10074,13,1759,1761,3,13
5037,12,1751,1755,5,12
644772,19,1758,1758,1,15
20149,14,1756,1756,1,14
644773,19,1757,1757,1,15
40300,15,1760,1760,1,15
20150,14,1761,1761,1,14
10075,13,1756,1758,3,13
40301,15,1759,1759,1,15
20151,14,1759,1760,2,14
40310,15,1763,1763,1,13
5038,12,1764,1766,3,12
2519,11,1751,1761,11,11
40311,15,1762,1762,1,13
40312,15,1765,1765,1,14
20156,14,1766,1766,1,13
5039,12,1762,1763,2,12
40313,15,1764,1764,1,14
20157,14,1764,1765,2,13
40322,15,1768,1768,1,14
10080,13,1769,1770,2,13
5040,12,1771,1775,5,12
2520,11,1776,1781,6,11
1260,10,1782,1794,13,10
630,9,1795,1819,25,9
315,8,1728,1766,39,8
40323,15,1767,1767,1,14
40326,15,1770,1770,1,14
10081,13,1767,1768,2,13
40327,15,1769,1769,1,14
40328,15,1772,1773,2,14
10082,13,1774,1775,2,13
5041,12,1767,1770,4,12
80658,16,1773,1773,1,15
40329,15,1771,1771,1,14
80659,16,1772,1772,1,15
40334,15,1775,1775,1,14
10083,13,1771,1773,3,13
40335,15,1774,1774,1,14
80674,16,1777,1778,2,14
10084,13,1779,1780,2,13
5042,12,1781,1781,1,12
2521,11,1767,1775,9,11
161350,17,1778,1778,1,15
80675,16,1776,1776,1,14
161351,17,1777,1777,1,15
645466,19,1780,1780,1,14
10085,13,1776,1778,3,13
645467,19,1779,1779,1,14
5043,12,1776,1780,5,12
322844,18,1783,1783,1,14
10088,13,1784,1785,2,13
5044,12,1786,1787,2,12
2522,11,1788,1794,7,11
1261,10,1767,1781,15,10
322845,18,1782,1782,1,14
20178,14,1785,1785,1,14
10089,13,1782,1783,2,13
20179,14,1784,1784,1,14
40364,15,1787,1787,1,13
5045,12,1782,1785,4,12
40365,15,1786,1786,1,13
40368,15,1789,1790,2,15
20184,14,1791,1791,1,14
10092,13,1792,1792,1,13
5046,12,1793,1794,2,12
2523,11,1782,1787,6,11
82677356,26,1790,1790,1,16
40369,15,1788,1788,1,15
82677357,26,1789,1789,1,16
20185,14,1788,1790,3,14
10093,13,1788,1791,4,13
80752,16,1794,1794,1,13
5047,12,1788,1792,5,12
80753,16,1793,1793,1,13
10096,13,1796,1796,1,13
5048,12,1797,1798,2,12
2524,11,1799,1810,12,11
1262,10,1811,1819,9,10
631,9,1767,1794,28,9
10097,13,1795,1795,1,13
10098,13,1798,1798,1,13
5049,12,1795,1796,2,12
10099,13,1797,1797,1,13
10100,13,1800,1801,2,13
5050,12,1802,1810,9,12
2525,11,1795,1798,4,11
20202,14,1801,1801,1,14
10101,13,1799,1799,1,13
20203,14,1800,1800,1,14
80816,16,1803,1803,1,15
20204,14,1804,1807,4,14
10102,13,1808,1810,3,13
5051,12,1799,1801,3,12
80817,16,1802,1802,1,15
5172604,22,1805,1805,1,16
40410,15,1806,1807,2,15
20205,14,1802,1803,2,14
5172605,22,1804,1804,1,16
323294,18,1807,1807,1,16
40411,15,1804,1805,2,15
323295,18,1806,1806,1,16
20206,14,1809,1810,2,14
10103,13,1802,1807,6,13
40414,15,1810,1810,1,15
20207,14,1808,1808,1,14
40415,15,1809,1809,1,15
10104,13,1812,1812,1,13
5052,12,1813,1815,3,12
2526,11,1816,1819,4,11
1263,10,1795,1810,16,10
10105,13,1811,1811,1,13
10106,13,1814,1815,2,13
5053,12,1811,1812,2,12
40428,15,1815,1815,1,14
10107,13,1813,1813,1,13
40429,15,1814,1814,1,14
10108,13,1817,1817,1,13
5054,12,1818,1819,2,12
2527,11,1811,1815,5,11
10109,13,1816,1816,1,13
161762,17,1819,1819,1,13
5055,12,1816,1817,2,12
161763,17,1818,1818,1,13
20224,14,1821,1821,1,14
10112,13,1822,1824,3,13
5056,12,1825,1825,1,12
2528,11,1826,1830,5,11
1264,10,1831,1835,5,10
632,9,1836,1856,21,9
316,8,1857,1874,18,8
158,7,1875,1936,62,7
79,6,1671,1819,149,6
20225,14,1820,1820,1,14
161808,17,1823,1823,1,15
20226,14,1824,1824,1,14
10113,13,1820,1821,2,13
161809,17,1822,1822,1,15
20227,14,1822,1823,2,14
5057,12,1820,1824,5,12
10116,13,1827,1829,3,13
5058,12,1830,1830,1,12
2529,11,1820,1825,6,11
40468,15,1828,1828,1,15
20234,14,1829,1829,1,14
10117,13,1826,1826,1,13
40469,15,1827,1827,1,15
20235,14,1827,1828,2,14
5059,12,1826,1829,4,12
10120,13,1832,1832,1,13
5060,12,1833,1833,1,12
2530,11,1834,1835,2,11
1265,10,1820,1830,11,10
10121,13,1831,1831,1,13
5061,12,1831,1832,2,12
5062,12,1835,1835,1,12
2531,11,1831,1833,3,11
5063,12,1834,1834,1,12
40512,15,1837,1837,1,13
5064,12,1838,1838,1,12
2532,11,1839,1841,3,11
1266,10,1842,1856,15,10
633,9,1820,1835,16,9
40513,15,1836,1836,1,13
5065,12,1836,1837,2,12
162112,17,1840,1840,1,13
10132,13,1841,1841,1,12
2533,11,1836,1838,3,11
162113,17,1839,1839,1,13
10133,13,1839,1840,2,12
40546,15,1843,1843,1,14
10136,13,1844,1844,1,13
5068,12,1845,1846,2,12
2534,11,1847,1856,10,11
1267,10,1836,1841,6,10
40547,15,1842,1842,1,14
10137,13,1842,1843,2,13
10138,13,1846,1846,1,13
5069,12,1842,1844,3,12
10139,13,1845,1845,1,13
40564,15,1848,1848,1,14
20282,14,1849,1851,3,13
5070,12,1852,1856,5,12
2535,11,1842,1846,5,11
40565,15,1847,1847,1,14
40566,15,1850,1851,2,14
20283,14,1847,1848,2,13
1298158,20,1851,1851,1,15
40567,15,1849,1849,1,14
1298159,20,1850,1850,1,15
81140,16,1853,1853,1,14
10142,13,1854,1856,3,13
5071,12,1847,1851,5,12
81141,16,1852,1852,1,14
324588,18,1855,1855,1,15
162294,17,1856,1856,1,14
10143,13,1852,1853,2,13
324589,18,1854,1854,1,15
162295,17,1854,1855,2,14
10146,13,1858,1858,1,12
2536,11,1859,1860,2,11
1268,10,1861,1865,5,10
634,9,1866,1874,9,9
317,8,1820,1856,37,8
10147,13,1857,1857,1,12
5074,12,1860,1860,1,12
2537,11,1857,1858,2,11
5075,12,1859,1859,1,12
5076,12,1862,1862,1,12
2538,11,1863,1865,3,11
1269,10,1857,1860,4,10
5077,12,1861,1861,1,12
40624,15,1864,1864,1,13
10156,13,1865,1865,1,12
2539,11,1861,1862,2,11
40625,15,1863,1863,1,13
10157,13,1863,1864,2,12
2540,11,1867,1867,1,11
1270,10,1868,1874,7,10
635,9,1857,1865,9,9
2541,11,1866,1866,1,11
10170,13,1869,1869,1,12
2542,11,1870,1874,5,11
1271,10,1866,1867,2,10
10171,13,1868,1868,1,12
40688,15,1871,1872,2,14
10172,13,1873,1873,1,13
5086,12,1874,1874,1,12
2543,11,1868,1869,2,11
162756,17,1872,1872,1,15
40689,15,1870,1870,1,14
162757,17,1871,1871,1,15
10173,13,1870,1872,3,13
5087,12,1870,1873,4,12
5088,12,1876,1878,3,12
2544,11,1879,1880,2,11
1272,10,1881,1883,3,10
636,9,1884,1902,19,9
318,8,1903,1936,34,8
159,7,1820,1874,55,7
325722,18,1877,1877,1,14
10178,13,1878,1878,1,13
5089,12,1875,1875,1,12
325723,18,1876,1876,1,14
10179,13,1876,1877,2,13
10182,13,1880,1880,1,12
2545,11,1875,1878,4,11
10183,13,1879,1879,1,12
10184,13,1882,1882,1,12
2546,11,1883,1883,1,11
1273,10,1875,1880,6,10
10185,13,1881,1881,1,12
2547,11,1881,1882,2,11
5096,12,1885,1885,1,12
2548,11,1886,1890,5,11
1274,10,1891,1902,12,10
637,9,1875,1883,9,9
5097,12,1884,1884,1,12
10196,13,1887,1888,2,13
5098,12,1889,1890,2,12
2549,11,1884,1885,2,11
81582,16,1888,1888,1,14
10197,13,1886,1886,1,13
81583,16,1887,1887,1,14
20398,14,1890,1890,1,13
5099,12,1886,1888,3,12
20399,14,1889,1889,1,13
10200,13,1892,1892,1,13
5100,12,1893,1895,3,12
2550,11,1896,1902,7,11
1275,10,1884,1890,7,10
10201,13,1891,1891,1,13
10202,13,1894,1895,2,13
5101,12,1891,1892,2,12
20406,14,1895,1895,1,14
10203,13,1893,1893,1,13
20407,14,1894,1894,1,14
20410,14,1897,1897,1,13
5102,12,1898,1902,5,12
2551,11,1891,1895,5,11
20411,14,1896,1896,1,13
10206,13,1899,1902,4,13
5103,12,1896,1897,2,12
81656,16,1900,1900,1,16
40828,15,1901,1901,1,15
20414,14,1902,1902,1,14
10207,13,1898,1898,1,13
81657,16,1899,1899,1,16
40829,15,1899,1900,2,15
20415,14,1899,1901,3,14
5104,12,1904,1905,2,12
2552,11,1906,1911,6,11
1276,10,1912,1914,3,10
638,9,1915,1936,22,9
319,8,1875,1902,28,8
10210,13,1905,1905,1,13
5105,12,1903,1903,1,12
10211,13,1904,1904,1,13
20424,14,1907,1907,1,13
5106,12,1908,1911,4,12
2553,11,1903,1905,3,11
20425,14,1906,1906,1,13
163424,17,1909,1909,1,15
20428,14,1910,1910,1,14
10214,13,1911,1911,1,13
5107,12,1906,1907,2,12
163425,17,1908,1908,1,15
20429,14,1908,1909,2,14
10215,13,1908,1910,3,13
5108,12,1913,1913,1,12
2554,11,1914,1914,1,11
1277,10,1903,1911,9,10
5109,12,1912,1912,1,12
2555,11,1912,1913,2,11
5112,12,1916,1919,4,12
2556,11,1920,1924,5,11
1278,10,1925,1936,12,10
639,9,1903,1914,12,9
163634,17,1917,1918,2,14
20454,14,1919,1919,1,13
5113,12,1915,1915,1,12
327270,18,1918,1918,1,15
163635,17,1916,1916,1,14
327271,18,1917,1917,1,15
20455,14,1916,1918,3,13
20458,14,1921,1921,1,13
5114,12,1922,1924,3,12
2557,11,1915,1919,5,11
20459,14,1920,1920,1,13
10230,13,1923,1924,2,13
5115,12,1920,1921,2,12
20462,14,1924,1924,1,14
10231,13,1922,1922,1,13
20463,14,1923,1923,1,14
81860,16,1926,1926,1,15
40930,15,1927,1928,2,14
10232,13,1929,1929,1,13
5116,12,1930,1932,3,12
2558,11,1933,1936,4,11
1279,10,1915,1924,10,10
81861,16,1925,1925,1,15
163724,17,1928,1928,1,15
40931,15,1925,1926,2,14
163725,17,1927,1927,1,15
10233,13,1925,1928,4,13
20468,14,1931,1931,1,14
10234,13,1932,1932,1,13
5117,12,1925,1929,5,12
20469,14,1930,1930,1,14
10235,13,1930,1931,2,13
10236,13,1934,1934,1,13
5118,12,1935,1936,2,12
2559,11,1925,1932,8,11
10237,13,1933,1933,1,13
20478,14,1936,1936,1,13
5119,12,1933,1934,2,12
20479,14,1935,1935,1,13
10242,13,1938,1938,1,12
2560,11,1939,1941,3,11
1280,10,1942,1948,7,10
640,9,1949,1968,20,9
320,8,1969,1988,20,8
160,7,1989,2040,52,7
80,6,2041,2146,106,6
40,5,2147,2388,242,5
20,4,2389,2868,480,4
10,3,2869,3854,986,3
5,2,0,1936,1937,2
10243,13,1937,1937,1,12
5122,12,1940,1941,2,12
2561,11,1937,1938,2,11
20492,14,1941,1941,1,13
5123,12,1939,1939,1,12
20493,14,1940,1940,1,13
163982,17,1943,1943,1,14
10248,13,1944,1945,2,13
5124,12,1946,1946,1,12
2562,11,1947,1948,2,11
1281,10,1937,1941,5,10
163983,17,1942,1942,1,14
20498,14,1945,1945,1,14
10249,13,1942,1943,2,13
20499,14,1944,1944,1,14
5125,12,1942,1945,4,12
20510,14,1948,1948,1,12
2563,11,1942,1946,5,11
20511,14,1947,1947,1,12
10256,13,1950,1950,1,13
5128,12,1951,1956,6,12
2564,11,1957,1958,2,11
1282,10,1959,1968,10,10
641,9,1937,1948,12,9
10257,13,1949,1949,1,13
41032,15,1952,1952,1,15
20516,14,1953,1955,3,14
10258,13,1956,1956,1,13
5129,12,1949,1950,2,12
41033,15,1951,1951,1,15
41034,15,1954,1955,2,15
20517,14,1951,1952,2,14
82070,16,1955,1955,1,16
41035,15,1953,1953,1,15
82071,16,1954,1954,1,16
10259,13,1951,1955,5,13
5130,12,1958,1958,1,12
2565,11,1949,1956,8,11
5131,12,1957,1957,1,12
20530,14,1960,1960,1,13
5132,12,1961,1964,4,12
2566,11,1965,1968,4,11
1283,10,1949,1958,10,10
20531,14,1959,1959,1,13
20532,14,1962,1962,1,14
10266,13,1963,1964,2,13
5133,12,1959,1960,2,12
20533,14,1961,1961,1,14
20534,14,1964,1964,1,14
10267,13,1961,1962,2,13
20535,14,1963,1963,1,14
10268,13,1966,1966,1,13
5134,12,1967,1968,2,12
2567,11,1959,1964,6,11
10269,13,1965,1965,1,13
20542,14,1968,1968,1,13
5135,12,1965,1966,2,12
20543,14,1967,1967,1,13
41100,15,1970,1970,1,12
2568,11,1971,1972,2,11
1284,10,1973,1978,6,10
642,9,1979,1988,10,9
321,8,1937,1968,32,8
41101,15,1969,1969,1,12
5138,12,1972,1972,1,12
2569,11,1969,1970,2,11
5139,12,1971,1971,1,12
5140,12,1974,1974,1,12
2570,11,1975,1978,4,11
1285,10,1969,1972,4,10
5141,12,1973,1973,1,12
10284,13,1976,1977,2,13
5142,12,1978,1978,1,12
2571,11,1973,1974,2,11
41142,15,1977,1977,1,14
10285,13,1975,1975,1,13
41143,15,1976,1976,1,14
5143,12,1975,1977,3,12
10288,13,1980,1980,1,13
5144,12,1981,1981,1,12
2572,11,1982,1985,4,11
1286,10,1986,1988,3,10
643,9,1969,1978,10,9
10289,13,1979,1979,1,13
5145,12,1979,1980,2,12
5146,12,1983,1985,3,12
2573,11,1979,1981,3,11
20588,14,1984,1984,1,14
10294,13,1985,1985,1,13
5147,12,1982,1982,1,12
20589,14,1983,1983,1,14
10295,13,1983,1984,2,13
20596,14,1987,1987,1,12
2574,11,1988,1988,1,11
1287,10,1979,1985,7,10
20597,14,1986,1986,1,12
2575,11,1986,1987,2,11
5152,12,1990,1993,4,12
2576,11,1994,1994,1,11
1288,10,1995,2001,7,10
644,9,2002,2014,13,9
322,8,2015,2040,26,8
161,7,1937,1988,52,7
10306,13,1991,1993,3,13
5153,12,1989,1989,1,12
20614,14,1992,1993,2,14
10307,13,1990,1990,1,13
82462,16,1993,1993,1,15
20615,14,1991,1991,1,14
82463,16,1992,1992,1,15
2577,11,1989,1993,5,11
5156,12,1996,1998,3,12
2578,11,1999,2001,3,11
1289,10,1989,1994,6,10
165026,17,1997,1997,1,14
10314,13,1998,1998,1,13
5157,12,1995,1995,1,12
165027,17,1996,1996,1,14
10315,13,1996,1997,2,13
41276,15,2000,2001,2,12
2579,11,1995,1998,4,11
330218,18,2001,2001,1,13
41277,15,1999,1999,1,12
330219,18,2000,2000,1,13
10322,13,2003,2003,1,12
2580,11,2004,2005,2,11
1290,10,2006,2014,9,10
645,9,1989,2001,13,9
10323,13,2002,2002,1,12
5162,12,2005,2005,1,12
2581,11,2002,2003,2,11
5163,12,2004,2004,1,12
5164,12,2007,2008,2,12
2582,11,2009,2014,6,11
1291,10,2002,2005,4,10
41322,15,2008,2008,1,13
5165,12,2006,2006,1,12
41323,15,2007,2007,1,13
20664,14,2010,2010,1,14
10332,13,2011,2013,3,13
5166,12,2014,2014,1,12
2583,11,2006,2008,3,11
20665,14,2009,2009,1,14
41332,15,2012,2012,1,15
20666,14,2013,2013,1,14
10333,13,2009,2010,2,13
41333,15,2011,2011,1,15
20667,14,2011,2012,2,14
5167,12,2009,2013,5,12
10336,13,2016,2016,1,13
5168,12,2017,2018,2,12
2584,11,2019,2021,3,11
1292,10,2022,2028,7,10
646,9,2029,2040,12,9
323,8,1989,2014,26,8
10337,13,2015,2015,1,13
10338,13,2018,2018,1,13
5169,12,2015,2016,2,12
10339,13,2017,2017,1,13
5170,12,2020,2021,2,12
2585,11,2015,2018,4,11
10342,13,2021,2021,1,13
5171,12,2019,2019,1,12
10343,13,2020,2020,1,13
165522,17,2023,2023,1,12
2586,11,2024,2028,5,11
1293,10,2015,2021,7,10
165523,17,2022,2022,1,12
41394,15,2025,2026,2,13
10348,13,2027,2028,2,12
2587,11,2022,2023,2,11
82790,16,2026,2026,1,14
41395,15,2024,2024,1,13
82791,16,2025,2025,1,14
41396,15,2028,2028,1,13
10349,13,2024,2026,3,12
41397,15,2027,2027,1,13
10352,13,2030,2030,1,13
5176,12,2031,2032,2,12
2588,11,2033,2034,2,11
1294,10,2035,2040,6,10
647,9,2015,2028,14,9
10353,13,2029,2029,1,13
331378,18,2032,2032,1,13
5177,12,2029,2030,2,12
331379,18,2031,2031,1,13
20712,14,2034,2034,1,12
2589,11,2029,2032,4,11
20713,14,2033,2033,1,12
10360,13,2036,2037,2,13
5180,12,2038,2038,1,12
2590,11,2039,2040,2,11
1295,10,2029,2034,6,10
82890,16,2037,2037,1,14
10361,13,2035,2035,1,13
82891,16,2036,2036,1,14
5181,12,2035,2037,3,12
41458,15,2040,2040,1,12
2591,11,2035,2038,4,11
41459,15,2039,2039,1,12
2592,11,2042,2044,3,11
1296,10,2045,2049,5,10
648,9,2050,2068,19,9
324,8,2069,2096,28,8
162,7,2097,2146,50,7
81,6,1937,2040,104,6
10372,13,2043,2043,1,13
5186,12,2044,2044,1,12
2593,11,2041,2041,1,11
10373,13,2042,2042,1,13
5187,12,2042,2043,2,12
5188,12,2046,2047,2,12
2594,11,2048,2049,2,11
1297,10,2041,2044,4,10
10378,13,2047,2047,1,13
5189,12,2045,2045,1,12
10379,13,2046,2046,1,13
20762,14,2049,2049,1,12
2595,11,2045,2047,3,11
20763,14,2048,2048,1,12
10384,13,2051,2051,1,13
5192,12,2052,2053,2,12
2596,11,2054,2057,4,11
1298,10,2058,2068,11,10
649,9,2041,2049,9,9
10385,13,2050,2050,1,13
20774,14,2053,2053,1,13
5193,12,2050,2051,2,12
20775,14,2052,2052,1,13
5194,12,2055,2057,3,12
2597,11,2050,2053,4,11
332494,18,2056,2056,1,14
20780,14,2057,2057,1,13
5195,12,2054,2054,1,12
332495,18,2055,2055,1,14
20781,14,2055,2056,2,13
41570,15,2059,2059,1,14
10392,13,2060,2061,2,13
5196,12,2062,2062,1,12
2598,11,2063,2068,6,11
1299,10,2050,2057,8,10
41571,15,2058,2058,1,14
83146,16,2061,2061,1,14
10393,13,2058,2059,2,13
83147,16,2060,2060,1,14
5197,12,2058,2061,4,12
5198,12,2064,2068,5,12
2599,11,2058,2062,5,11
41592,15,2065,2065,1,15
20796,14,2066,2066,1,14
10398,13,2067,2068,2,13
5199,12,2063,2063,1,12
41593,15,2064,2064,1,15
20797,14,2064,2065,2,14
20798,14,2068,2068,1,14
10399,13,2064,2066,3,13
20799,14,2067,2067,1,14
10400,13,2070,2070,1,13
5200,12,2071,2071,1,12
2600,11,2072,2077,6,11
1300,10,2078,2085,8,10
650,9,2086,2096,11,9
325,8,2041,2068,28,8
10401,13,2069,2069,1,13
5201,12,2069,2070,2,12
10404,13,2073,2075,3,13
5202,12,2076,2077,2,12
2601,11,2069,2071,3,11
20810,14,2074,2075,2,14
10405,13,2072,2072,1,13
41622,15,2075,2075,1,15
20811,14,2073,2073,1,14
41623,15,2074,2074,1,15
41624,15,2077,2077,1,13
5203,12,2072,2075,4,12
41625,15,2076,2076,1,13
20816,14,2079,2079,1,14
10408,13,2080,2080,1,13
5204,12,2081,2082,2,12
2602,11,2083,2085,3,11
1301,10,2069,2077,9,10
20817,14,2078,2078,1,14
10409,13,2078,2079,2,13
41646,15,2082,2082,1,13
5205,12,2078,2080,3,12
41647,15,2081,2081,1,13
10412,13,2084,2085,2,12
2603,11,2078,2082,5,11
20826,14,2085,2085,1,13
10413,13,2083,2083,1,12
20827,14,2084,2084,1,13
2604,11,2087,2090,4,11
1302,10,2091,2096,6,10
651,9,2069,2085,17,9
41680,15,2088,2088,1,13
5210,12,2089,2090,2,12
2605,11,2086,2086,1,11
41681,15,2087,2087,1,13
41688,15,2090,2090,1,13
5211,12,2087,2088,2,12
41689,15,2089,2089,1,13
10424,13,2092,2092,1,13
5212,12,2093,2095,3,12
2606,11,2096,2096,1,11
1303,10,2086,2090,5,10
10425,13,2091,2091,1,13
10426,13,2094,2095,2,13
5213,12,2091,2092,2,12
41710,15,2095,2095,1,14
10427,13,2093,2093,1,13
41711,15,2094,2094,1,14
2607,11,2091,2095,5,11
20868,14,2098,2098,1,13
10434,13,2099,2099,1,12
2608,11,2100,2100,1,11
1304,10,2101,2106,6,10
652,9,2107,2123,17,9
326,8,2124,2146,23,8
163,7,2041,2096,56,7
20869,14,2097,2097,1,13
10435,13,2097,2098,2,12
2609,11,2097,2099,3,11
20882,14,2102,2102,1,13
5220,12,2103,2103,1,12
2610,11,2104,2106,3,11
1305,10,2097,2100,4,10
20883,14,2101,2101,1,13
5221,12,2101,2102,2,12
5222,12,2105,2106,2,12
2611,11,2101,2103,3,11
10446,13,2106,2106,1,13
5223,12,2104,2104,1,12
10447,13,2105,2105,1,13
10448,13,2108,2109,2,13
5224,12,2110,2113,4,12
2612,11,2114,2117,4,11
1306,10,2118,2123,6,10
653,9,2097,2106,10,9
41798,15,2109,2109,1,14
10449,13,2107,2107,1,13
41799,15,2108,2108,1,14
10450,13,2111,2113,3,13
5225,12,2107,2109,3,12
83608,16,2112,2112,1,15
41804,15,2113,2113,1,14
10451,13,2110,2110,1,13
83609,16,2111,2111,1,15
41805,15,2111,2112,2,14
83618,16,2115,2115,1,13
10452,13,2116,2117,2,12
2613,11,2107,2113,7,11
83619,16,2114,2114,1,13
41814,15,2117,2117,1,13
10453,13,2114,2115,2,12
41815,15,2116,2116,1,13
5228,12,2119,2119,1,12
2614,11,2120,2123,4,11
1307,10,2107,2117,11,10
5229,12,2118,2118,1,12
20920,14,2121,2121,1,13
5230,12,2122,2123,2,12
2615,11,2118,2119,2,11
20921,14,2120,2120,1,13
10462,13,2123,2123,1,13
5231,12,2120,2121,2,12
10463,13,2122,2122,1,13
5232,12,2125,2126,2,12
2616,11,2127,2129,3,11
1308,10,2130,2134,5,10
654,9,2135,2146,12,9
327,8,2097,2123,27,8
10466,13,2126,2126,1,13
5233,12,2124,2124,1,12
10467,13,2125,2125,1,13
5234,12,2128,2129,2,12
2617,11,2124,2126,3,11
41886,15,2129,2129,1,13
5235,12,2127,2127,1,12
41887,15,2128,2128,1,13
1340416,20,2131,2131,1,13
5236,12,2132,2132,1,12
2618,11,2133,2134,2,11
1309,10,2124,2129,6,10
1340417,20,2130,2130,1,13
5237,12,2130,2131,2,12
5238,12,2134,2134,1,12
2619,11,2130,2132,3,11
5239,12,2133,2133,1,12
5240,12,2136,2136,1,12
2620,11,2137,2141,5,11
1310,10,2142,2146,5,10
655,9,2124,2134,11,9
5241,12,2135,2135,1,12
83874,16,2138,2138,1,14
20968,14,2139,2139,1,13
5242,12,2140,2141,2,12
2621,11,2135,2136,2,11
83875,16,2137,2137,1,14
20969,14,2137,2138,2,13
10486,13,2141,2141,1,13
5243,12,2137,2139,3,12
10487,13,2140,2140,1,13
10488,13,2143,2144,2,12
2622,11,2145,2146,2,11
1311,10,2135,2141,7,10
20978,14,2144,2144,1,13
10489,13,2142,2142,1,12
20979,14,2143,2143,1,13
10492,13,2146,2146,1,12
2623,11,2142,2144,3,11
10493,13,2145,2145,1,12
20996,14,2148,2148,1,13
10498,13,2149,2150,2,12
2624,11,2151,2155,5,11
1312,10,2156,2161,6,10
656,9,2162,2171,10,9
328,8,2172,2200,29,8
164,7,2201,2271,71,7
82,6,2272,2388,117,6
41,5,1937,2146,210,5
20997,14,2147,2147,1,13
20998,14,2150,2150,1,13
10499,13,2147,2148,2,12
20999,14,2149,2149,1,13
21000,14,2152,2153,2,14
10500,13,2154,2154,1,13
5250,12,2155,2155,1,12
2625,11,2147,2150,4,11
42002,15,2153,2153,1,15
21001,14,2151,2151,1,14
42003,15,2152,2152,1,15
10501,13,2151,2153,3,13
5251,12,2151,2154,4,12
2626,11,2157,2161,5,11
1313,10,2147,2155,9,10
10508,13,2158,2158,1,13
5254,12,2159,2161,3,12
2627,11,2156,2156,1,11
10509,13,2157,2157,1,13
10510,13,2160,2161,2,13
5255,12,2157,2158,2,12
5381950,22,2161,2161,1,14
10511,13,2159,2159,1,13
5381951,22,2160,2160,1,14
10514,13,2163,2163,1,12
2628,11,2164,2167,4,11
1314,10,2168,2171,4,10
657,9,2147,2161,15,9
10515,13,2162,2162,1,12
10516,13,2165,2165,1,13
5258,12,2166,2167,2,12
2629,11,2162,2163,2,11
10517,13,2164,2164,1,13
10518,13,2167,2167,1,13
5259,12,2164,2165,2,12
10519,13,2166,2166,1,13
5262,12,2169,2171,3,11
1315,10,2162,2167,6,10
21054,14,2170,2171,2,12
5263,12,2168,2168,1,11
84222,16,2171,2171,1,13
21055,14,2169,2169,1,12
84223,16,2170,2170,1,13
10528,13,2173,2173,1,12
2632,11,2174,2176,3,11
1316,10,2177,2180,4,10
658,9,2181,2200,20,9
329,8,2147,2171,25,8
10529,13,2172,2172,1,12
84278,16,2175,2175,1,13
10534,13,2176,2176,1,12
2633,11,2172,2173,2,11
84279,16,2174,2174,1,13
10535,13,2174,2175,2,12
10536,13,2178,2178,1,12
2634,11,2179,2180,2,11
1317,10,2172,2176,5,10
10537,13,2177,2177,1,12
5270,12,2180,2180,1,12
2635,11,2177,2178,2,11
5271,12,2179,2179,1,12
42176,15,2182,2182,1,13
5272,12,2183,2186,4,12
2636,11,2187,2190,4,11
1318,10,2191,2200,10,10
659,9,2172,2180,9,9
42177,15,2181,2181,1,13
84368,16,2184,2184,1,14
10546,13,2185,2186,2,13
5273,12,2181,2182,2,12
84369,16,2183,2183,1,14
21094,14,2186,2186,1,14
10547,13,2183,2184,2,13
21095,14,2185,2185,1,14
21098,14,2188,2188,1,13
5274,12,2189,2190,2,12
2637,11,2181,2186,6,11
21099,14,2187,2187,1,13
10550,13,2190,2190,1,13
5275,12,2187,2188,2,12
10551,13,2189,2189,1,13
5276,12,2192,2195,4,12
2638,11,2196,2200,5,11
1319,10,2181,2190,10,10
21108,14,2193,2193,1,14
10554,13,2194,2195,2,13
5277,12,2191,2191,1,12
21109,14,2192,2192,1,14
21110,14,2195,2195,1,14
10555,13,2192,2193,2,13
21111,14,2194,2194,1,14
42224,15,2197,2197,1,14
10556,13,2198,2198,1,13
5278,12,2199,2200,2,12
2639,11,2191,2195,5,11
42225,15,2196,2196,1,14
10557,13,2196,2197,2,13
10558,13,2200,2200,1,13
5279,12,2196,2198,3,12
10559,13,2199,2199,1,13
5280,12,2202,2203,2,12
2640,11,2204,2207,4,11
1320,10,2208,2218,11,10
660,9,2219,2236,18,9
330,8,2237,2271,35,8
165,7,2147,2200,54,7
10562,13,2203,2203,1,13
5281,12,2201,2201,1,12
10563,13,2202,2202,1,13
84518,16,2205,2205,1,13
10564,13,2206,2207,2,12
2641,11,2201,2203,3,11
84519,16,2204,2204,1,13
21130,14,2207,2207,1,13
10565,13,2204,2205,2,12
21131,14,2206,2206,1,13
84554,16,2209,2209,1,14
21138,14,2210,2210,1,13
5284,12,2211,2212,2,12
2642,11,2213,2218,6,11
1321,10,2201,2207,7,10
84555,16,2208,2208,1,14
21139,14,2208,2209,2,13
169124,17,2212,2212,1,13
5285,12,2208,2210,3,12
169125,17,2211,2211,1,13
84576,16,2214,2214,1,15
21144,14,2215,2215,1,14
10572,13,2216,2217,2,13
5286,12,2218,2218,1,12
2643,11,2208,2212,5,11
84577,16,2213,2213,1,15
21145,14,2213,2214,2,14
42292,15,2217,2217,1,14
10573,13,2213,2215,3,13
42293,15,2216,2216,1,14
5287,12,2213,2217,5,12
2644,11,2220,2226,7,11
1322,10,2227,2236,10,10
661,9,2201,2218,18,9
21160,14,2221,2221,1,14
10580,13,2222,2225,4,13
5290,12,2226,2226,1,12
2645,11,2219,2219,1,11
21161,14,2220,2220,1,14
42324,15,2223,2223,1,15
21162,14,2224,2225,2,14
10581,13,2220,2221,2,13
42325,15,2222,2222,1,15
84654,16,2225,2225,1,15
21163,14,2222,2223,2,14
84655,16,2224,2224,1,15
5291,12,2220,2225,6,12
10584,13,2228,2229,2,12
2646,11,2230,2236,7,11
1323,10,2219,2226,8,10
21170,14,2229,2229,1,13
10585,13,2227,2227,1,12
21171,14,2228,2228,1,13
10588,13,2231,2231,1,13
5294,12,2232,2236,5,12
2647,11,2227,2229,3,11
10589,13,2230,2230,1,13
169440,17,2233,2233,1,15
21180,14,2234,2234,1,14
10590,13,2235,2236,2,13
5295,12,2230,2231,2,12
169441,17,2232,2232,1,15
21181,14,2232,2233,2,14
84730,16,2236,2236,1,14
10591,13,2232,2234,3,13
84731,16,2235,2235,1,14
84744,16,2238,2238,1,14
42372,15,2239,2239,1,13
5296,12,2240,2240,1,12
2648,11,2241,2246,6,11
1324,10,2247,2256,10,10
662,9,2257,2271,15,9
331,8,2201,2236,36,8
84745,16,2237,2237,1,14
42373,15,2237,2238,2,13
5297,12,2237,2239,3,12
10596,13,2242,2242,1,13
5298,12,2243,2246,4,12
2649,11,2237,2240,4,11
10597,13,2241,2241,1,13
21196,14,2244,2244,1,14
10598,13,2245,2246,2,13
5299,12,2241,2242,2,12
21197,14,2243,2243,1,14
21198,14,2246,2246,1,14
10599,13,2243,2244,2,13
21199,14,2245,2245,1,14
21200,14,2248,2248,1,14
10600,13,2249,2251,3,13
5300,12,2252,2254,3,12
2650,11,2255,2256,2,11
1325,10,2237,2246,10,10
21201,14,2247,2247,1,14
21202,14,2250,2251,2,14
10601,13,2247,2248,2,13
169630,17,2251,2251,1,15
21203,14,2249,2249,1,14
169631,17,2250,2250,1,15
21204,14,2253,2253,1,14
10602,13,2254,2254,1,13
5301,12,2247,2251,5,12
21205,14,2252,2252,1,14
10603,13,2252,2253,2,13
5302,12,2256,2256,1,12
2651,11,2247,2254,8,11
5303,12,2255,2255,1,12
10608,13,2258,2261,4,13
5304,12,2262,2263,2,12
2652,11,2264,2269,6,11
1326,10,2270,2271,2,10
663,9,2237,2256,20,9
21218,14,2259,2261,3,14
10609,13,2257,2257,1,13
84878,16,2260,2261,2,15
21219,14,2258,2258,1,14
169758,17,2261,2261,1,16
84879,16,2259,2259,1,15
169759,17,2260,2260,1,16
10610,13,2263,2263,1,13
5305,12,2257,2261,5,12
10611,13,2262,2262,1,13
21224,14,2265,2265,1,13
5306,12,2266,2269,4,12
2653,11,2257,2263,7,11
21225,14,2264,2264,1,13
21228,14,2267,2269,3,13
5307,12,2264,2265,2,12
84916,16,2268,2268,1,15
42458,15,2269,2269,1,14
21229,14,2266,2266,1,13
84917,16,2267,2267,1,15
42459,15,2267,2268,2,14
2654,11,2271,2271,1,11
1327,10,2257,2269,13,10
2655,11,2270,2270,1,11
5312,12,2273,2273,1,12
2656,11,2274,2277,4,11
1328,10,2278,2284,7,10
664,9,2285,2296,12,9
332,8,2297,2333,37,8
166,7,2334,2388,55,7
83,6,2147,2271,125,6
5313,12,2272,2272,1,12
10630,13,2275,2277,3,12
2657,11,2272,2273,2,11
85048,16,2276,2276,1,14
21262,14,2277,2277,1,13
10631,13,2274,2274,1,12
85049,16,2275,2275,1,14
21263,14,2275,2276,2,13
10632,13,2279,2279,1,13
5316,12,2280,2282,3,12
2658,11,2283,2284,2,11
1329,10,2272,2277,6,10
10633,13,2278,2278,1,13
42538,15,2281,2281,1,14
10634,13,2282,2282,1,13
5317,12,2278,2279,2,12
42539,15,2280,2280,1,14
10635,13,2280,2281,2,13
5318,12,2284,2284,1,12
2659,11,2278,2282,5,11
5319,12,2283,2283,1,12
5320,12,2286,2286,1,12
2660,11,2287,2289,3,11
1330,10,2290,2296,7,10
665,9,2272,2284,13,9
5321,12,2285,2285,1,12
5322,12,2288,2289,2,12
2661,11,2285,2286,2,11
10646,13,2289,2289,1,13
5323,12,2287,2287,1,12
10647,13,2288,2288,1,13
170370,17,2291,2291,1,14
10648,13,2292,2292,1,13
5324,12,2293,2293,1,12
2662,11,2294,2296,3,11
1331,10,2285,2289,5,10
170371,17,2290,2290,1,14
10649,13,2290,2291,2,13
5325,12,2290,2292,3,12
5326,12,2295,2296,2,12
2663,11,2290,2293,4,11
340948,18,2296,2296,1,13
5327,12,2294,2294,1,12
340949,18,2295,2295,1,13
10656,13,2298,2298,1,13
5328,12,2299,2300,2,12
2664,11,2301,2304,4,11
1332,10,2305,2311,7,10
666,9,2312,2333,22,9
333,8,2272,2296,25,8
10657,13,2297,2297,1,13
21316,14,2300,2300,1,13
5329,12,2297,2298,2,12
21317,14,2299,2299,1,13
10662,13,2302,2304,3,12
2665,11,2297,2300,4,11
85304,16,2303,2303,1,14
42652,15,2304,2304,1,13
10663,13,2301,2301,1,12
85305,16,2302,2302,1,14
42653,15,2302,2303,2,13
5332,12,2306,2307,2,12
2666,11,2308,2311,4,11
1333,10,2297,2304,8,10
21332,14,2307,2307,1,13
5333,12,2305,2305,1,12
21333,14,2306,2306,1,13
10668,13,2309,2309,1,13
5334,12,2310,2311,2,12
2667,11,2305,2307,3,11
10669,13,2308,2308,1,13
21340,14,2311,2311,1,13
5335,12,2308,2309,2,12
21341,14,2310,2310,1,13
5336,12,2313,2315,3,12
2668,11,2316,2320,5,11
1334,10,2321,2333,13,10
667,9,2297,2311,15,9
21350,14,2314,2315,2,13
5337,12,2312,2312,1,12
85406,16,2315,2315,1,14
21351,14,2313,2313,1,13
85407,16,2314,2314,1,14
10676,13,2317,2318,2,13
5338,12,2319,2320,2,12
2669,11,2312,2315,4,11
170834,17,2318,2318,1,14
10677,13,2316,2316,1,13
170835,17,2317,2317,1,14
10678,13,2320,2320,1,13
5339,12,2316,2318,3,12
10679,13,2319,2319,1,13
1367076,20,2322,2322,1,15
21360,14,2323,2325,3,14
10680,13,2326,2326,1,13
5340,12,2327,2328,2,12
2670,11,2329,2333,5,11
1335,10,2312,2320,9,10
1367077,20,2321,2321,1,15
5468512,22,2324,2324,1,16
42722,15,2325,2325,1,15
21361,14,2321,2322,2,14
5468513,22,2323,2323,1,16
42723,15,2323,2324,2,15
10681,13,2321,2325,5,13
85462,16,2328,2328,1,13
5341,12,2321,2326,6,12
85463,16,2327,2327,1,13
42736,15,2330,2330,1,14
10684,13,2331,2331,1,13
5342,12,2332,2333,2,12
2671,11,2321,2328,8,11
42737,15,2329,2329,1,14
10685,13,2329,2330,2,13
10686,13,2333,2333,1,13
5343,12,2329,2331,3,12
10687,13,2332,2332,1,13
42756,15,2335,2335,1,13
5344,12,2336,2337,2,12
2672,11,2338,2340,3,11
1336,10,2341,2344,4,10
668,9,2345,2357,13,9
334,8,2358,2388,31,8
167,7,2272,2333,62,7
42757,15,2334,2334,1,13
42764,15,2337,2337,1,13
5345,12,2334,2335,2,12
42765,15,2336,2336,1,13
171090,17,2339,2339,1,13
5346,12,2340,2340,1,12
2673,11,2334,2337,4,11
171091,17,2338,2338,1,13
5347,12,2338,2339,2,12
21392,14,2342,2342,1,13
10696,13,2343,2343,1,12
2674,11,2344,2344,1,11
1337,10,2334,2340,7,10
21393,14,2341,2341,1,13
10697,13,2341,2342,2,12
2675,11,2341,2343,3,11
5352,12,2346,2347,2,12
2676,11,2348,2351,4,11
1338,10,2352,2357,6,10
669,9,2334,2344,11,9
10706,13,2347,2347,1,13
5353,12,2345,2345,1,12
10707,13,2346,2346,1,13
10708,13,2349,2349,1,13
5354,12,2350,2351,2,12
2677,11,2345,2347,3,11
10709,13,2348,2348,1,13
10710,13,2351,2351,1,13
5355,12,2348,2349,2,12
10711,13,2350,2350,1,13
10712,13,2353,2353,1,12
2678,11,2354,2357,4,11
1339,10,2345,2351,7,10
10713,13,2352,2352,1,12
5358,12,2355,2357,3,12
2679,11,2352,2353,2,11
10718,13,2356,2357,2,13
5359,12,2354,2354,1,12
21438,14,2357,2357,1,14
10719,13,2355,2355,1,13
21439,14,2356,2356,1,14
85762,16,2359,2359,1,14
21440,14,2360,2360,1,13
5360,12,2361,2361,1,12
2680,11,2362,2363,2,11
1340,10,2364,2371,8,10
670,9,2372,2388,17,9
335,8,2334,2357,24,8
85763,16,2358,2358,1,14
21441,14,2358,2359,2,13
5361,12,2358,2360,3,12
5362,12,2363,2363,1,12
2681,11,2358,2361,4,11
5363,12,2362,2362,1,12
21456,14,2365,2365,1,14
10728,13,2366,2366,1,13
5364,12,2367,2370,4,12
2682,11,2371,2371,1,11
1341,10,2358,2363,6,10
21457,14,2364,2364,1,14
10729,13,2364,2365,2,13
42920,15,2368,2368,1,14
10730,13,2369,2370,2,13
5365,12,2364,2366,3,12
42921,15,2367,2367,1,14
21462,14,2370,2370,1,14
10731,13,2367,2368,2,13
21463,14,2369,2369,1,14
2683,11,2364,2370,7,11
5368,12,2373,2377,5,12
2684,11,2378,2380,3,11
1342,10,2381,2388,8,10
671,9,2358,2371,14,9
21476,14,2374,2374,1,14
10738,13,2375,2377,3,13
5369,12,2372,2372,1,12
21477,14,2373,2373,1,14
687296,19,2376,2376,1,15
21478,14,2377,2377,1,14
10739,13,2373,2374,2,13
687297,19,2375,2375,1,15
21479,14,2375,2376,2,14
5370,12,2379,2380,2,12
2685,11,2372,2377,6,11
10742,13,2380,2380,1,13
5371,12,2378,2378,1,12
10743,13,2379,2379,1,13
42976,15,2382,2383,2,14
10744,13,2384,2384,1,13
5372,12,2385,2387,3,12
2686,11,2388,2388,1,11
1343,10,2372,2380,9,10
171908,17,2383,2383,1,15
42977,15,2381,2381,1,14
171909,17,2382,2382,1,15
10745,13,2381,2383,3,13
10746,13,2386,2387,2,13
5373,12,2381,2384,4,12
85980,16,2387,2387,1,14
10747,13,2385,2385,1,13
85981,16,2386,2386,1,14
2687,11,2381,2387,7,11
10752,13,2390,2391,2,13
5376,12,2392,2394,3,12
2688,11,2395,2397,3,11
1344,10,2398,2413,16,10
672,9,2414,2431,18,9
336,8,2432,2464,33,8
168,7,2465,2534,70,7
84,6,2535,2646,112,6
42,5,2647,2868,222,5
21,4,1937,2388,452,4
21506,14,2391,2391,1,14
10753,13,2389,2389,1,13
21507,14,2390,2390,1,14
10754,13,2393,2394,2,13
5377,12,2389,2391,3,12
86044,16,2394,2394,1,14
10755,13,2392,2392,1,13
86045,16,2393,2393,1,14
21514,14,2396,2396,1,13
5378,12,2397,2397,1,12
2689,11,2389,2394,6,11
21515,14,2395,2395,1,13
5379,12,2395,2396,2,12
10760,13,2399,2400,2,13
5380,12,2401,2405,5,12
2690,11,2406,2413,8,11
1345,10,2389,2397,9,10
86094,16,2400,2400,1,14
10761,13,2398,2398,1,13
86095,16,2399,2399,1,14
10762,13,2402,2405,4,13
5381,12,2398,2400,3,12
21526,14,2403,2405,3,14
10763,13,2401,2401,1,13
172216,17,2404,2404,1,16
86108,16,2405,2405,1,15
21527,14,2402,2402,1,14
172217,17,2403,2403,1,16
86109,16,2403,2404,2,15
43056,15,2407,2407,1,15
21528,14,2408,2408,1,14
10764,13,2409,2410,2,13
5382,12,2411,2413,3,12
2691,11,2398,2405,8,11
43057,15,2406,2406,1,15
21529,14,2406,2407,2,14
21530,14,2410,2410,1,14
10765,13,2406,2408,3,13
21531,14,2409,2409,1,14
86134,16,2412,2413,2,13
5383,12,2406,2410,5,12
172270,17,2413,2413,1,14
86135,16,2411,2411,1,13
172271,17,2412,2412,1,14
21536,14,2415,2416,2,14
10768,13,2417,2417,1,13
5384,12,2418,2422,5,12
2692,11,2423,2425,3,11
1346,10,2426,2431,6,10
673,9,2389,2413,25,9
43074,15,2416,2416,1,15
21537,14,2414,2414,1,14
43075,15,2415,2415,1,15
10769,13,2414,2416,3,13
172320,17,2419,2419,1,15
86160,16,2420,2420,1,14
10770,13,2421,2422,2,13
5385,12,2414,2417,4,12
172321,17,2418,2418,1,15
86161,16,2418,2419,2,14
43086,15,2422,2422,1,14
10771,13,2418,2420,3,13
43087,15,2421,2421,1,14
10772,13,2424,2424,1,13
5386,12,2425,2425,1,12
2693,11,2414,2422,9,11
10773,13,2423,2423,1,13
5387,12,2423,2424,2,12
21556,14,2427,2427,1,13
10778,13,2428,2428,1,12
2694,11,2429,2431,3,11
1347,10,2414,2425,12,10
21557,14,2426,2426,1,13
10779,13,2426,2427,2,12
10780,13,2430,2431,2,12
2695,11,2426,2428,3,11
21562,14,2431,2431,1,13
10781,13,2429,2429,1,12
21563,14,2430,2430,1,13
43136,15,2433,2433,1,15
21568,14,2434,2434,1,14
10784,13,2435,2437,3,13
5392,12,2438,2438,1,12
2696,11,2439,2440,2,11
1348,10,2441,2448,8,10
674,9,2449,2464,16,9
337,8,2389,2431,43,8
43137,15,2432,2432,1,15
21569,14,2432,2433,2,14
21570,14,2436,2437,2,14
10785,13,2432,2434,3,13
1380566,20,2437,2437,1,15
21571,14,2435,2435,1,14
1380567,20,2436,2436,1,15
5393,12,2432,2437,6,12
43156,15,2440,2440,1,12
2697,11,2432,2438,7,11
43157,15,2439,2439,1,12
43172,15,2442,2442,1,13
5396,12,2443,2446,4,12
2698,11,2447,2448,2,11
1349,10,2432,2440,9,10
43173,15,2441,2441,1,13
86360,16,2444,2444,1,14
21590,14,2445,2446,2,13
5397,12,2441,2442,2,12
86361,16,2443,2443,1,14
43182,15,2446,2446,1,14
21591,14,2443,2444,2,13
43183,15,2445,2445,1,14
5398,12,2448,2448,1,12
2699,11,2441,2446,6,11
5399,12,2447,2447,1,12
10800,13,2450,2451,2,13
5400,12,2452,2454,3,12
2700,11,2455,2459,5,11
1350,10,2460,2464,5,10
675,9,2432,2448,17,9
86408,16,2451,2451,1,14
10801,13,2449,2449,1,13
86409,16,2450,2450,1,14
10802,13,2453,2454,2,13
5401,12,2449,2451,3,12
43212,15,2454,2454,1,14
10803,13,2452,2452,1,13
43213,15,2453,2453,1,14
1383206,20,2456,2456,1,13
10806,13,2457,2459,3,12
2701,11,2449,2454,6,11
1383207,20,2455,2455,1,13
172914,17,2458,2458,1,14
21614,14,2459,2459,1,13
10807,13,2455,2456,2,12
172915,17,2457,2457,1,14
21615,14,2457,2458,2,13
2702,11,2461,2464,4,11
1351,10,2449,2459,11,10
21624,14,2462,2462,1,13
5406,12,2463,2464,2,12
2703,11,2460,2460,1,11
21625,14,2461,2461,1,13
10814,13,2464,2464,1,13
5407,12,2461,2462,2,12
10815,13,2463,2463,1,13
21632,14,2466,2466,1,14
10816,13,2467,2467,1,13
5408,12,2468,2470,3,12
2704,11,2471,2474,4,11
1352,10,2475,2484,10,10
676,9,2485,2507,23,9
338,8,2508,2534,27,8
169,7,2389,2464,76,7
21633,14,2465,2465,1,14
10817,13,2465,2466,2,13
10818,13,2469,2470,2,13
5409,12,2465,2467,3,12
173114,17,2470,2470,1,14
10819,13,2468,2468,1,13
173115,17,2469,2469,1,14
5410,12,2472,2474,3,12
2705,11,2465,2470,6,11
86576,16,2473,2473,1,14
10822,13,2474,2474,1,13
5411,12,2471,2471,1,12
86577,16,2472,2472,1,14
10823,13,2472,2473,2,13
10824,13,2476,2477,2,13
5412,12,2478,2480,3,12
2706,11,2481,2484,4,11
1353,10,2465,2474,10,10
43300,15,2477,2477,1,14
10825,13,2475,2475,1,13
43301,15,2476,2476,1,14
21652,14,2479,2480,2,13
5413,12,2475,2477,3,12
43306,15,2480,2480,1,14
21653,14,2478,2478,1,13
43307,15,2479,2479,1,14
5414,12,2482,2484,3,12
2707,11,2475,2480,6,11
21660,14,2483,2484,2,13
5415,12,2481,2481,1,12
346582,18,2484,2484,1,14
21661,14,2482,2482,1,13
346583,18,2483,2483,1,14
86656,16,2486,2486,1,16
43328,15,2487,2487,1,15
21664,14,2488,2488,1,14
10832,13,2489,2489,1,13
5416,12,2490,2490,1,12
2708,11,2491,2495,5,11
1354,10,2496,2507,12,10
677,9,2465,2484,20,9
86657,16,2485,2485,1,16
43329,15,2485,2486,2,15
21665,14,2485,2487,3,14
10833,13,2485,2488,4,13
5417,12,2485,2489,5,12
5418,12,2492,2495,4,12
2709,11,2485,2490,6,11
173414,17,2493,2493,1,15
21676,14,2494,2494,1,14
10838,13,2495,2495,1,13
5419,12,2491,2491,1,12
173415,17,2492,2492,1,15
21677,14,2492,2493,2,14
10839,13,2492,2494,3,13
173440,17,2497,2497,1,14
21680,14,2498,2498,1,13
5420,12,2499,2501,3,12
2710,11,2502,2507,6,11
1355,10,2485,2495,11,10
173441,17,2496,2496,1,14
21681,14,2496,2497,2,13
21686,14,2500,2501,2,13
5421,12,2496,2498,3,12
694012,19,2501,2501,1,14
21687,14,2499,2499,1,13
694013,19,2500,2500,1,14
173506,17,2503,2503,1,14
21688,14,2504,2504,1,13
5422,12,2505,2507,3,12
2711,11,2496,2501,6,11
173507,17,2502,2502,1,14
21689,14,2502,2503,2,13
21692,14,2506,2506,1,14
10846,13,2507,2507,1,13
5423,12,2502,2504,3,12
21693,14,2505,2505,1,14
10847,13,2505,2506,2,13
5424,12,2509,2511,3,12
2712,11,2512,2516,5,11
1356,10,2517,2520,4,10
678,9,2521,2534,14,9
339,8,2465,2507,43,8
86810,16,2510,2510,1,14
21702,14,2511,2511,1,13
5425,12,2508,2508,1,12
86811,16,2509,2509,1,14
21703,14,2509,2510,2,13
10852,13,2513,2513,1,13
5426,12,2514,2516,3,12
2713,11,2508,2511,4,11
10853,13,2512,2512,1,13
86836,16,2515,2515,1,14
10854,13,2516,2516,1,13
5427,12,2512,2513,2,12
86837,16,2514,2514,1,14
10855,13,2514,2515,2,13
86866,16,2518,2518,1,12
2714,11,2519,2520,2,11
1357,10,2508,2516,9,10
86867,16,2517,2517,1,12
5430,12,2520,2520,1,12
2715,11,2517,2518,2,11
5431,12,2519,2519,1,12
86926,16,2522,2523,2,13
5432,12,2524,2525,2,12
2716,11,2526,2527,2,11
1358,10,2528,2534,7,10
679,9,2508,2520,13,9
173854,17,2523,2523,1,14
86927,16,2521,2521,1,13
173855,17,2522,2522,1,14
86932,16,2525,2525,1,13
5433,12,2521,2523,3,12
86933,16,2524,2524,1,13
10868,13,2527,2527,1,12
2717,11,2521,2525,5,11
10869,13,2526,2526,1,12
5436,12,2529,2529,1,12
2718,11,2530,2534,5,11
1359,10,2521,2527,7,10
5437,12,2528,2528,1,12
21752,14,2531,2531,1,13
5438,12,2532,2534,3,12
2719,11,2528,2529,2,11
21753,14,2530,2530,1,13
21756,14,2533,2533,1,14
10878,13,2534,2534,1,13
5439,12,2530,2531,2,12
21757,14,2532,2532,1,14
10879,13,2532,2533,2,13
10882,13,2536,2537,2,12
2720,11,2538,2538,1,11
1360,10,2539,2551,13,10
680,9,2552,2567,16,9
340,8,2568,2592,25,8
170,7,2593,2646,54,7
85,6,2389,2534,146,6
21766,14,2537,2537,1,13
10883,13,2535,2535,1,12
21767,14,2536,2536,1,13
2721,11,2535,2537,3,11
5444,12,2540,2544,5,12
2722,11,2545,2551,7,11
1361,10,2535,2538,4,10
87128,16,2541,2541,1,14
43564,15,2542,2544,3,13
5445,12,2539,2539,1,12
87129,16,2540,2540,1,14
348520,18,2543,2543,1,15
174260,17,2544,2544,1,14
43565,15,2540,2541,2,13
348521,18,2542,2542,1,15
174261,17,2542,2543,2,14
87140,16,2546,2546,1,14
10892,13,2547,2548,2,13
5446,12,2549,2551,3,12
2723,11,2539,2544,6,11
87141,16,2545,2545,1,14
87150,16,2548,2548,1,14
10893,13,2545,2546,2,13
87151,16,2547,2547,1,14
21788,14,2550,2550,1,14
10894,13,2551,2551,1,13
5447,12,2545,2548,4,12
21789,14,2549,2549,1,14
10895,13,2549,2550,2,13
21794,14,2553,2554,2,13
5448,12,2555,2555,1,12
2724,11,2556,2560,5,11
1362,10,2561,2567,7,10
681,9,2535,2551,17,9
43590,15,2554,2554,1,14
21795,14,2552,2552,1,13
43591,15,2553,2553,1,14
5449,12,2552,2554,3,12
43600,15,2557,2557,1,14
10900,13,2558,2558,1,13
5450,12,2559,2560,2,12
2725,11,2552,2555,4,11
43601,15,2556,2556,1,14
10901,13,2556,2557,2,13
21804,14,2560,2560,1,13
5451,12,2556,2558,3,12
21805,14,2559,2559,1,13
21810,14,2562,2562,1,13
5452,12,2563,2565,3,12
2726,11,2566,2567,2,11
1363,10,2552,2560,9,10
21811,14,2561,2561,1,13
21812,14,2564,2564,1,14
10906,13,2565,2565,1,13
5453,12,2561,2562,2,12
21813,14,2563,2563,1,14
10907,13,2563,2564,2,13
10910,13,2567,2567,1,12
2727,11,2561,2565,5,11
10911,13,2566,2566,1,12
5456,12,2569,2569,1,12
2728,11,2570,2571,2,11
1364,10,2572,2579,8,10
682,9,2580,2592,13,9
341,8,2535,2567,33,8
5457,12,2568,2568,1,12
5458,12,2571,2571,1,12
2729,11,2568,2569,2,11
5459,12,2570,2570,1,12
21842,14,2573,2573,1,13
5460,12,2574,2575,2,12
2730,11,2576,2579,4,11
1365,10,2568,2571,4,10
21843,14,2572,2572,1,13
10922,13,2575,2575,1,13
5461,12,2572,2573,2,12
10923,13,2574,2574,1,13
21852,14,2577,2579,3,12
2731,11,2572,2575,4,11
43706,15,2578,2579,2,13
21853,14,2576,2576,1,12
87414,16,2579,2579,1,14
43707,15,2577,2577,1,13
87415,16,2578,2578,1,14
2732,11,2581,2583,3,11
1366,10,2584,2592,9,10
683,9,2568,2579,12,9
5466,12,2582,2583,2,12
2733,11,2580,2580,1,11
10934,13,2583,2583,1,13
5467,12,2581,2581,1,12
10935,13,2582,2582,1,13
175010,17,2585,2585,1,13
43752,15,2586,2587,2,12
2734,11,2588,2592,5,11
1367,10,2580,2583,4,10
175011,17,2584,2584,1,13
175014,17,2587,2587,1,13
43753,15,2584,2585,2,12
175015,17,2586,2586,1,13
175058,17,2589,2589,1,13
5470,12,2590,2592,3,12
2735,11,2584,2587,4,11
175059,17,2588,2588,1,13
21884,14,2591,2592,2,13
5471,12,2588,2589,2,12
43770,15,2592,2592,1,14
21885,14,2590,2590,1,13
43771,15,2591,2591,1,14
5472,12,2594,2595,2,12
2736,11,2596,2599,4,11
1368,10,2600,2605,6,10
684,9,2606,2620,15,9
342,8,2621,2646,26,8
171,7,2535,2592,58,7
10946,13,2595,2595,1,13
5473,12,2593,2593,1,12
10947,13,2594,2594,1,13
5474,12,2597,2599,3,12
2737,11,2593,2595,3,11
87602,16,2598,2598,1,14
10950,13,2599,2599,1,13
5475,12,2596,2596,1,12
87603,16,2597,2597,1,14
10951,13,2597,2598,2,13
21906,14,2601,2601,1,13
5476,12,2602,2603,2,12
2738,11,2604,2605,2,11
1369,10,2593,2599,7,10
21907,14,2600,2600,1,13
10954,13,2603,2603,1,13
5477,12,2600,2601,2,12
10955,13,2602,2602,1,13
5478,12,2605,2605,1,12
2739,11,2600,2603,4,11
5479,12,2604,2604,1,12
5480,12,2607,2607,1,12
2740,11,2608,2614,7,11
1370,10,2615,2620,6,10
685,9,2593,2605,13,9
5481,12,2606,2606,1,12
43856,15,2609,2609,1,15
21928,14,2610,2610,1,14
10964,13,2611,2611,1,13
5482,12,2612,2614,3,12
2741,11,2606,2607,2,11
43857,15,2608,2608,1,15
21929,14,2608,2609,2,14
10965,13,2608,2610,3,13
21934,14,2613,2614,2,13
5483,12,2608,2611,4,12
175480,17,2614,2614,1,14
21935,14,2612,2612,1,13
175481,17,2613,2613,1,14
351040,18,2616,2616,1,13
10970,13,2617,2619,3,12
2742,11,2620,2620,1,11
1371,10,2606,2614,9,10
351041,18,2615,2615,1,13
21942,14,2618,2619,2,13
10971,13,2615,2616,2,12
43886,15,2619,2619,1,14
21943,14,2617,2617,1,13
43887,15,2618,2618,1,14
2743,11,2615,2619,5,11
10978,13,2622,2623,2,12
2744,11,2624,2628,5,11
1372,10,2629,2636,8,10
686,9,2637,2646,10,9
343,8,2593,2620,28,8
43916,15,2623,2623,1,13
10979,13,2621,2621,1,12
43917,15,2622,2622,1,13
10980,13,2625,2625,1,13
5490,12,2626,2628,3,12
2745,11,2621,2623,3,11
10981,13,2624,2624,1,13
10982,13,2627,2628,2,13
5491,12,2624,2625,2,12
21966,14,2628,2628,1,14
10983,13,2626,2626,1,13
21967,14,2627,2627,1,14
10984,13,2630,2630,1,13
5492,12,2631,2631,1,12
2746,11,2632,2636,5,11
1373,10,2621,2628,8,10
10985,13,2629,2629,1,13
5493,12,2629,2630,2,12
21976,14,2633,2633,1,13
5494,12,2634,2636,3,12
2747,11,2629,2631,3,11
21977,14,2632,2632,1,13
10990,13,2635,2636,2,13
5495,12,2632,2633,2,12
87932,16,2636,2636,1,14
10991,13,2634,2634,1,13
87933,16,2635,2635,1,14
21986,14,2638,2638,1,12
2748,11,2639,2639,1,11
1374,10,2640,2646,7,10
687,9,2621,2636,16,9
21987,14,2637,2637,1,12
2749,11,2637,2638,2,11
22000,14,2641,2641,1,13
5500,12,2642,2643,2,12
2750,11,2644,2646,3,11
1375,10,2637,2639,3,10
22001,14,2640,2640,1,13
22004,14,2643,2643,1,13
5501,12,2640,2641,2,12
22005,14,2642,2642,1,13
11004,13,2645,2645,1,13
5502,12,2646,2646,1,12
2751,11,2640,2643,4,11
11005,13,2644,2644,1,13
5503,12,2644,2645,2,12
11008,13,2648,2648,1,13
5504,12,2649,2650,2,12
2752,11,2651,2653,3,11
1376,10,2654,2659,6,10
688,9,2660,2676,17,9
344,8,2677,2708,32,8
172,7,2709,2773,65,7
86,6,2774,2868,95,6
43,5,2389,2646,258,5
11009,13,2647,2647,1,13
11010,13,2650,2650,1,13
5505,12,2647,2648,2,12
11011,13,2649,2649,1,13
5506,12,2652,2653,2,12
2753,11,2647,2650,4,11
22030,14,2653,2653,1,13
5507,12,2651,2651,1,12
22031,14,2652,2652,1,13
11018,13,2655,2655,1,12
2754,11,2656,2659,4,11
1377,10,2647,2653,7,10
11019,13,2654,2654,1,12
11020,13,2657,2658,2,13
5510,12,2659,2659,1,12
2755,11,2654,2655,2,11
22042,14,2658,2658,1,14
11021,13,2656,2656,1,13
22043,14,2657,2657,1,14
5511,12,2656,2658,3,12
22052,14,2661,2661,1,12
2756,11,2662,2665,4,11
1378,10,2666,2676,11,10
689,9,2647,2659,13,9
22053,14,2660,2660,1,12
5514,12,2663,2665,3,12
2757,11,2660,2661,2,11
44124,15,2664,2664,1,14
22062,14,2665,2665,1,13
5515,12,2662,2662,1,12
44125,15,2663,2663,1,14
22063,14,2663,2664,2,13
11032,13,2667,2669,3,13
5516,12,2670,2674,5,12
2758,11,2675,2676,2,11
1379,10,2660,2665,6,10
353056,18,2668,2668,1,15
88264,16,2669,2669,1,14
11033,13,2666,2666,1,13
353057,18,2667,2667,1,15
88265,16,2667,2668,2,14
11034,13,2671,2674,4,13
5517,12,2666,2669,4,12
22070,14,2672,2674,3,14
11035,13,2670,2670,1,13
44142,15,2673,2674,2,15
22071,14,2671,2671,1,14
1412586,20,2674,2674,1,16
44143,15,2672,2672,1,15
1412587,20,2673,2673,1,16
5518,12,2676,2676,1,12
2759,11,2666,2674,9,11
5519,12,2675,2675,1,12
44170,15,2678,2678,1,13
11042,13,2679,2679,1,12
2760,11,2680,2686,7,11
1380,10,2687,2694,8,10
690,9,2695,2708,14,9
345,8,2647,2676,30,8
44171,15,2677,2677,1,13
11043,13,2677,2678,2,12
11044,13,2681,2681,1,13
5522,12,2682,2686,5,12
2761,11,2677,2679,3,11
11045,13,2680,2680,1,13
11046,13,2683,2686,4,13
5523,12,2680,2681,2,12
22094,14,2684,2686,3,14
11047,13,2682,2682,1,13
1414090,20,2685,2685,1,16
88380,16,2686,2686,1,15
22095,14,2683,2683,1,14
1414091,20,2684,2684,1,16
88381,16,2684,2685,2,15
2762,11,2688,2694,7,11
1381,10,2677,2686,10,10
11052,13,2689,2690,2,13
5526,12,2691,2694,4,12
2763,11,2687,2687,1,11
44212,15,2690,2690,1,14
11053,13,2688,2688,1,13
44213,15,2689,2689,1,14
44218,15,2692,2692,1,14
11054,13,2693,2694,2,13
5527,12,2688,2690,3,12
44219,15,2691,2691,1,14
1415064,20,2694,2694,1,14
11055,13,2691,2692,2,13
1415065,20,2693,2693,1,14
1415408,20,2696,2696,1,13
5528,12,2697,2698,2,12
2764,11,2699,2701,3,11
1382,10,2702,2708,7,10
691,9,2677,2694,18,9
1415409,20,2695,2695,1,13
22116,14,2698,2698,1,13
5529,12,2695,2696,2,12
22117,14,2697,2697,1,13
353954,18,2700,2700,1,13
5530,12,2701,2701,1,12
2765,11,2695,2698,4,11
353955,18,2699,2699,1,13
5531,12,2699,2700,2,12
88518,16,2703,2703,1,13
5532,12,2704,2704,1,12
2766,11,2705,2708,4,11
1383,10,2695,2701,7,10
88519,16,2702,2702,1,13
5533,12,2702,2703,2,12
11068,13,2706,2706,1,13
5534,12,2707,2708,2,12
2767,11,2702,2704,3,11
11069,13,2705,2705,1,13
11070,13,2708,2708,1,13
5535,12,2705,2706,2,12
11071,13,2707,2707,1,13
11072,13,2710,2711,2,13
5536,12,2712,2715,4,12
2768,11,2716,2720,5,11
1384,10,2721,2727,7,10
692,9,2728,2743,16,9
346,8,2744,2773,30,8
173,7,2647,2708,62,7
22146,14,2711,2711,1,14
11073,13,2709,2709,1,13
22147,14,2710,2710,1,14
88592,16,2713,2713,1,14
22148,14,2714,2715,2,13
5537,12,2709,2711,3,12
88593,16,2712,2712,1,14
88596,16,2715,2715,1,14
22149,14,2712,2713,2,13
88597,16,2714,2714,1,14
11076,13,2717,2718,2,13
5538,12,2719,2720,2,12
2769,11,2709,2715,7,11
22154,14,2718,2718,1,14
11077,13,2716,2716,1,13
22155,14,2717,2717,1,14
11078,13,2720,2720,1,13
5539,12,2716,2718,3,12
11079,13,2719,2719,1,13
5540,12,2722,2722,1,12
2770,11,2723,2727,5,11
1385,10,2709,2720,12,10
5541,12,2721,2721,1,12
11084,13,2724,2724,1,13
5542,12,2725,2727,3,12
2771,11,2721,2722,2,11
11085,13,2723,2723,1,13
22172,14,2726,2726,1,14
11086,13,2727,2727,1,13
5543,12,2723,2724,2,12
22173,14,2725,2725,1,14
11087,13,2725,2726,2,13
22176,14,2729,2729,1,14
11088,13,2730,2730,1,13
5544,12,2731,2731,1,12
2772,11,2732,2737,6,11
1386,10,2738,2743,6,10
693,9,2709,2727,19,9
22177,14,2728,2728,1,14
11089,13,2728,2729,2,13
5545,12,2728,2730,3,12
5546,12,2733,2737,5,12
2773,11,2728,2731,4,11
11094,13,2734,2737,4,13
5547,12,2732,2732,1,12
22190,14,2735,2737,3,14
11095,13,2733,2733,1,13
88764,16,2736,2737,2,15
22191,14,2734,2734,1,14
177530,17,2737,2737,1,16
88765,16,2735,2735,1,15
177531,17,2736,2736,1,16
22194,14,2739,2739,1,13
5548,12,2740,2741,2,12
2774,11,2742,2743,2,11
1387,10,2728,2737,10,10
22195,14,2738,2738,1,13
22198,14,2741,2741,1,13
5549,12,2738,2739,2,12
22199,14,2740,2740,1,13
5550,12,2743,2743,1,12
2775,11,2738,2741,4,11
5551,12,2742,2742,1,12
11104,13,2745,2745,1,13
5552,12,2746,2746,1,12
2776,11,2747,2751,5,11
1388,10,2752,2758,7,10
694,9,2759,2773,15,9
347,8,2709,2743,35,8
11105,13,2744,2744,1,13
5553,12,2744,2745,2,12
11108,13,2748,2750,3,13
5554,12,2751,2751,1,12
2777,11,2744,2746,3,11
44436,15,2749,2749,1,15
22218,14,2750,2750,1,14
11109,13,2747,2747,1,13
44437,15,2748,2748,1,15
22219,14,2748,2749,2,14
5555,12,2747,2750,4,12
11112,13,2753,2755,3,12
2778,11,2756,2758,3,11
1389,10,2744,2751,8,10
88904,16,2754,2754,1,14
22226,14,2755,2755,1,13
11113,13,2752,2752,1,12
88905,16,2753,2753,1,14
22227,14,2753,2754,2,13
11116,13,2757,2757,1,13
5558,12,2758,2758,1,12
2779,11,2752,2755,4,11
11117,13,2756,2756,1,13
5559,12,2756,2757,2,12
2780,11,2760,2763,4,11
1390,10,2764,2773,10,10
695,9,2744,2758,15,9
5696852,22,2761,2761,1,13
11126,13,2762,2763,2,12
2781,11,2759,2759,1,11
5696853,22,2760,2760,1,13
89020,16,2763,2763,1,13
11127,13,2760,2761,2,12
89021,16,2762,2762,1,13
22256,14,2765,2765,1,13
5564,12,2766,2770,5,12
2782,11,2771,2773,3,11
1391,10,2759,2763,5,10
22257,14,2764,2764,1,13
178084,17,2767,2767,1,15
22260,14,2768,2768,1,14
11130,13,2769,2770,2,13
5565,12,2764,2765,2,12
178085,17,2766,2766,1,15
22261,14,2766,2767,2,14
44524,15,2770,2770,1,14
11131,13,2766,2768,3,13
44525,15,2769,2769,1,14
11132,13,2772,2772,1,13
5566,12,2773,2773,1,12
2783,11,2764,2770,7,11
11133,13,2771,2771,1,13
5567,12,2771,2772,2,12
11136,13,2775,2775,1,13
5568,12,2776,2776,1,12
2784,11,2777,2780,4,11
1392,10,2781,2785,5,10
696,9,2786,2794,9,9
348,8,2795,2817,23,8
174,7,2818,2868,51,7
87,6,2647,2773,127,6
11137,13,2774,2774,1,13
5569,12,2774,2775,2,12
5570,12,2778,2780,3,12
2785,11,2774,2776,3,11
11142,13,2779,2780,2,13
5571,12,2777,2777,1,12
22286,14,2780,2780,1,14
11143,13,2778,2778,1,13
22287,14,2779,2779,1,14
2786,11,2782,2785,4,11
1393,10,2774,2780,7,10
5574,12,2783,2785,3,12
2787,11,2781,2781,1,11
22300,14,2784,2784,1,14
11150,13,2785,2785,1,13
5575,12,2782,2782,1,12
22301,14,2783,2783,1,14
11151,13,2783,2784,2,13
2788,11,2787,2792,6,11
1394,10,2793,2794,2,10
697,9,2774,2785,12,9
178498,17,2788,2788,1,15
22312,14,2789,2789,1,14
11156,13,2790,2791,2,13
5578,12,2792,2792,1,12
2789,11,2786,2786,1,11
178499,17,2787,2787,1,15
22313,14,2787,2788,2,14
714066,19,2791,2791,1,14
11157,13,2787,2789,3,13
714067,19,2790,2790,1,14
5579,12,2787,2791,5,12
5582,12,2794,2794,1,11
1395,10,2786,2792,7,10
5583,12,2793,2793,1,11
11170,13,2796,2797,2,12
2792,11,2798,2799,2,11
1396,10,2800,2803,4,10
698,9,2804,2817,14,9
349,8,2774,2794,21,8
44684,15,2797,2797,1,13
11171,13,2795,2795,1,12
44685,15,2796,2796,1,13
11172,13,2799,2799,1,12
2793,11,2795,2797,3,11
11173,13,2798,2798,1,12
5588,12,2801,2802,2,12
2794,11,2803,2803,1,11
1397,10,2795,2799,5,10
44718,15,2802,2802,1,13
5589,12,2800,2800,1,12
44719,15,2801,2801,1,13
2795,11,2800,2802,3,11
5592,12,2805,2806,2,12
2796,11,2807,2807,1,11
1398,10,2808,2817,10,10
699,9,2795,2803,9,9
11186,13,2806,2806,1,13
5593,12,2804,2804,1,12
11187,13,2805,2805,1,13
2797,11,2804,2806,3,11
22384,14,2809,2809,1,14
11192,13,2810,2811,2,13
5596,12,2812,2812,1,12
2798,11,2813,2817,5,11
1399,10,2804,2807,4,10
22385,14,2808,2808,1,14
44772,15,2811,2811,1,14
11193,13,2808,2809,2,13
44773,15,2810,2810,1,14
5597,12,2808,2811,4,12
5598,12,2814,2817,4,12
2799,11,2808,2812,5,11
11198,13,2815,2817,3,13
5599,12,2813,2813,1,12
44796,15,2816,2816,1,15
22398,14,2817,2817,1,14
11199,13,2814,2814,1,13
44797,15,2815,2815,1,15
22399,14,2815,2816,2,14
22400,14,2819,2819,1,14
11200,13,2820,2820,1,13
5600,12,2821,2823,3,12
2800,11,2824,2824,1,11
1400,10,2825,2831,7,10
700,9,2832,2837,6,9
350,8,2838,2868,31,8
175,7,2774,2817,44,7
22401,14,2818,2818,1,14
11201,13,2818,2819,2,13
22404,14,2822,2822,1,14
11202,13,2823,2823,1,13
5601,12,2818,2820,3,12
22405,14,2821,2821,1,14
11203,13,2821,2822,2,13
2801,11,2818,2823,6,11
11208,13,2826,2826,1,13
5604,12,2827,2827,1,12
2802,11,2828,2831,4,11
1401,10,2818,2824,7,10
11209,13,2825,2825,1,13
5605,12,2825,2826,2,12
22426,14,2829,2829,1,13
5606,12,2830,2831,2,12
2803,11,2825,2827,3,11
22427,14,2828,2828,1,13
11214,13,2831,2831,1,13
5607,12,2828,2829,2,12
11215,13,2830,2830,1,13
44864,15,2833,2833,1,12
5608,12,2834,2835,2,11
1402,10,2836,2837,2,10
701,9,2818,2831,14,9
44865,15,2832,2832,1,12
22436,14,2835,2835,1,12
5609,12,2832,2833,2,11
22437,14,2834,2834,1,12
2806,11,2837,2837,1,11
1403,10,2832,2835,4,10
2807,11,2836,2836,1,11
11232,13,2839,2839,1,13
5616,12,2840,2842,3,12
2808,11,2843,2845,3,11
1404,10,2846,2848,3,10
702,9,2849,2868,20,9
351,8,2818,2837,20,8
11233,13,2838,2838,1,13
22468,14,2841,2841,1,14
11234,13,2842,2842,1,13
5617,12,2838,2839,2,12
22469,14,2840,2840,1,14
11235,13,2840,2841,2,13
5618,12,2844,2845,2,12
2809,11,2838,2842,5,11
11238,13,2845,2845,1,13
5619,12,2843,2843,1,12
11239,13,2844,2844,1,13
5620,12,2847,2847,1,12
2810,11,2848,2848,1,11
1405,10,2838,2845,8,10
5621,12,2846,2846,1,12
2811,11,2846,2847,2,11
5624,12,2850,2850,1,12
2812,11,2851,2858,8,11
1406,10,2859,2868,10,10
703,9,2838,2848,11,9
5625,12,2849,2849,1,12
360082,18,2852,2852,1,14
11252,13,2853,2856,4,13
5626,12,2857,2858,2,12
2813,11,2849,2850,2,11
360083,18,2851,2851,1,14
22506,14,2854,2856,3,14
11253,13,2851,2852,2,13
45014,15,2855,2856,2,15
22507,14,2853,2853,1,14
90030,16,2856,2856,1,16
45015,15,2854,2854,1,15
90031,16,2855,2855,1,16
11254,13,2858,2858,1,13
5627,12,2851,2856,6,12
11255,13,2857,2857,1,13
22512,14,2860,2860,1,14
11256,13,2861,2861,1,13
5628,12,2862,2863,2,12
2814,11,2864,2868,5,11
1407,10,2849,2858,10,10
22513,14,2859,2859,1,14
11257,13,2859,2860,2,13
11258,13,2863,2863,1,13
5629,12,2859,2861,3,12
11259,13,2862,2862,1,13
22522,14,2865,2865,1,13
5630,12,2866,2868,3,12
2815,11,2859,2863,5,11
22523,14,2864,2864,1,13
90102,16,2867,2867,1,14
11262,13,2868,2868,1,13
5631,12,2864,2865,2,12
90103,16,2866,2866,1,14
11263,13,2866,2867,2,13
90114,16,2870,2870,1,15
22528,14,2871,2871,1,14
11264,13,2872,2872,1,13
5632,12,2873,2875,3,12
2816,11,2876,2879,4,11
1408,10,2880,2883,4,10
704,9,2884,2899,16,9
352,8,2900,2928,29,8
176,7,2929,2987,59,7
88,6,2988,3124,137,6
44,5,3125,3377,253,5
22,4,3378,3854,477,4
11,3,1937,2868,932,3
90115,16,2869,2869,1,15
22529,14,2869,2870,2,14
11265,13,2869,2871,3,13
22532,14,2874,2875,2,13
5633,12,2869,2872,4,12
90134,16,2875,2875,1,14
22533,14,2873,2873,1,13
90135,16,2874,2874,1,14
22536,14,2877,2877,1,14
11268,13,2878,2878,1,13
5634,12,2879,2879,1,12
2817,11,2869,2875,7,11
22537,14,2876,2876,1,14
11269,13,2876,2877,2,13
5635,12,2876,2878,3,12
5636,12,2881,2881,1,12
2818,11,2882,2883,2,11
1409,10,2869,2879,11,10
5637,12,2880,2880,1,12
5638,12,2883,2883,1,12
2819,11,2880,2881,2,11
5639,12,2882,2882,1,12
11280,13,2885,2887,3,12
2820,11,2888,2890,3,11
1410,10,2891,2899,9,10
705,9,2869,2883,15,9
45124,15,2886,2886,1,14
22562,14,2887,2887,1,13
11281,13,2884,2884,1,12
45125,15,2885,2885,1,14
22563,14,2885,2886,2,13
22568,14,2889,2889,1,13
5642,12,2890,2890,1,12
2821,11,2884,2887,4,11
22569,14,2888,2888,1,13
5643,12,2888,2889,2,12
11288,13,2892,2893,2,13
5644,12,2894,2897,4,12
2822,11,2898,2899,2,11
1411,10,2884,2890,7,10
45158,15,2893,2893,1,14
11289,13,2891,2891,1,13
45159,15,2892,2892,1,14
22582,14,2895,2897,3,13
5645,12,2891,2893,3,12
45166,15,2896,2897,2,14
22583,14,2894,2894,1,13
90334,16,2897,2897,1,15
45167,15,2895,2895,1,14
90335,16,2896,2896,1,15
90342,16,2899,2899,1,12
2823,11,2891,2897,7,11
90343,16,2898,2898,1,12
22592,14,2901,2901,1,14
11296,13,2902,2902,1,13
5648,12,2903,2906,4,12
2824,11,2907,2907,1,11
1412,10,2908,2914,7,10
706,9,2915,2928,14,9
353,8,2869,2899,31,8
22593,14,2900,2900,1,14
11297,13,2900,2901,2,13
11298,13,2904,2906,3,13
5649,12,2900,2902,3,12
45198,15,2905,2906,2,14
11299,13,2903,2903,1,13
90398,16,2906,2906,1,15
45199,15,2904,2904,1,14
90399,16,2905,2905,1,15
2825,11,2900,2906,7,11
22608,14,2909,2909,1,14
11304,13,2910,2910,1,13
5652,12,2911,2911,1,12
2826,11,2912,2914,3,11
1413,10,2900,2907,8,10
22609,14,2908,2908,1,14
11305,13,2908,2909,2,13
5653,12,2908,2910,3,12
90476,16,2913,2913,1,13
5654,12,2914,2914,1,12
2827,11,2908,2911,4,11
90477,16,2912,2912,1,13
5655,12,2912,2913,2,12
5656,12,2916,2918,3,11
1414,10,2919,2928,10,10
707,9,2900,2914,15,9
22628,14,2917,2917,1,13
11314,13,2918,2918,1,12
5657,12,2915,2915,1,11
22629,14,2916,2916,1,13
11315,13,2916,2917,2,12
22640,14,2920,2920,1,13
5660,12,2921,2921,1,12
2830,11,2922,2928,7,11
1415,10,2915,2918,4,10
22641,14,2919,2919,1,13
5661,12,2919,2920,2,12
45296,15,2923,2924,2,13
5662,12,2925,2928,4,12
2831,11,2919,2921,3,11
181190,17,2924,2924,1,14
45297,15,2922,2922,1,13
181191,17,2923,2923,1,14
45306,15,2926,2926,1,14
11326,13,2927,2928,2,13
5663,12,2922,2924,3,12
45307,15,2925,2925,1,14
22654,14,2928,2928,1,14
11327,13,2925,2926,2,13
22655,14,2927,2927,1,14
5664,12,2930,2930,1,12
2832,11,2931,2933,3,11
1416,10,2934,2937,4,10
708,9,2938,2955,18,9
354,8,2956,2987,32,8
177,7,2869,2928,60,7
5665,12,2929,2929,1,12
5666,12,2932,2933,2,12
2833,11,2929,2930,2,11
22668,14,2933,2933,1,13
5667,12,2931,2931,1,12
22669,14,2932,2932,1,13
2834,11,2935,2937,3,11
1417,10,2929,2933,5,10
22680,14,2936,2936,1,13
11340,13,2937,2937,1,12
2835,11,2934,2934,1,11
22681,14,2935,2935,1,13
11341,13,2935,2936,2,12
45376,15,2939,2939,1,13
5672,12,2940,2940,1,12
2836,11,2941,2943,3,11
1418,10,2944,2955,12,10
709,9,2929,2937,9,9
45377,15,2938,2938,1,13
5673,12,2938,2939,2,12
5674,12,2942,2943,2,12
2837,11,2938,2940,3,11
11350,13,2943,2943,1,13
5675,12,2941,2941,1,12
11351,13,2942,2942,1,13
22704,14,2945,2945,1,13
5676,12,2946,2947,2,12
2838,11,2948,2955,8,11
1419,10,2938,2943,6,10
22705,14,2944,2944,1,13
11354,13,2947,2947,1,13
5677,12,2944,2945,2,12
11355,13,2946,2946,1,13
5678,12,2949,2955,7,12
2839,11,2944,2947,4,11
45432,15,2950,2950,1,15
22716,14,2951,2953,3,14
11358,13,2954,2955,2,13
5679,12,2948,2948,1,12
45433,15,2949,2949,1,15
181738,17,2952,2952,1,16
45434,15,2953,2953,1,15
22717,14,2949,2950,2,14
181739,17,2951,2951,1,16
45435,15,2951,2952,2,15
90878,16,2955,2955,1,14
11359,13,2949,2953,5,13
90879,16,2954,2954,1,14
5680,12,2957,2959,3,12
2840,11,2960,2963,4,11
1420,10,2964,2974,11,10
710,9,2975,2987,13,9
355,8,2929,2955,27,8
11362,13,2958,2959,2,13
5681,12,2956,2956,1,12
22726,14,2959,2959,1,14
11363,13,2957,2957,1,13
22727,14,2958,2958,1,14
5682,12,2961,2963,3,12
2841,11,2956,2959,4,11
11366,13,2962,2963,2,13
5683,12,2960,2960,1,12
22734,14,2963,2963,1,14
11367,13,2961,2961,1,13
22735,14,2962,2962,1,14
11368,13,2965,2966,2,13
5684,12,2967,2971,5,12
2842,11,2972,2974,3,11
1421,10,2956,2963,8,10
45476,15,2966,2966,1,14
11369,13,2964,2964,1,13
45477,15,2965,2965,1,14
45480,15,2968,2968,1,15
22740,14,2969,2969,1,14
11370,13,2970,2971,2,13
5685,12,2964,2966,3,12
45481,15,2967,2967,1,15
22741,14,2967,2968,2,14
22742,14,2971,2971,1,14
11371,13,2967,2969,3,13
22743,14,2970,2970,1,14
22746,14,2973,2973,1,13
5686,12,2974,2974,1,12
2843,11,2964,2971,8,11
22747,14,2972,2972,1,13
5687,12,2972,2973,2,12
182034,17,2976,2976,1,14
45508,15,2977,2977,1,13
5688,12,2978,2979,2,12
2844,11,2980,2980,1,11
1422,10,2981,2987,7,10
711,9,2956,2974,19,9
182035,17,2975,2975,1,14
45509,15,2975,2976,2,13
91032,16,2979,2979,1,13
5689,12,2975,2977,3,12
91033,16,2978,2978,1,13
2845,11,2975,2979,5,11
45552,15,2982,2982,1,13
22776,14,2983,2984,2,12
5694,12,2985,2987,3,11
1423,10,2975,2980,6,10
45553,15,2981,2981,1,13
45554,15,2984,2984,1,13
22777,14,2981,2982,2,12
45555,15,2983,2983,1,13
11390,13,2986,2987,2,12
5695,12,2981,2984,4,11
22782,14,2987,2987,1,13
11391,13,2985,2985,1,12
22783,14,2986,2986,1,13
22784,14,2989,2990,2,14
11392,13,2991,2991,1,13
5696,12,2992,2995,4,12
2848,11,2996,3001,6,11
1424,10,3002,3008,7,10
712,9,3009,3021,13,9
356,8,3022,3057,36,8
178,7,3058,3124,67,7
89,6,2869,2987,119,6
45570,15,2990,2990,1,15
22785,14,2988,2988,1,14
45571,15,2989,2989,1,15
11393,13,2988,2990,3,13
45578,15,2993,2994,2,14
11394,13,2995,2995,1,13
5697,12,2988,2991,4,12
91158,16,2994,2994,1,15
45579,15,2992,2992,1,14
91159,16,2993,2993,1,15
11395,13,2992,2994,3,13
22792,14,2997,2999,3,13
5698,12,3000,3001,2,12
2849,11,2988,2995,8,11
91172,16,2998,2998,1,15
45586,15,2999,2999,1,14
22793,14,2996,2996,1,13
91173,16,2997,2997,1,15
45587,15,2997,2998,2,14
11398,13,3001,3001,1,13
5699,12,2996,2999,4,12
11399,13,3000,3000,1,13
11400,13,3003,3004,2,13
5700,12,3005,3005,1,12
2850,11,3006,3008,3,11
1425,10,2988,3001,14,10
22802,14,3004,3004,1,14
11401,13,3002,3002,1,13
22803,14,3003,3003,1,14
5701,12,3002,3004,3,12
5702,12,3007,3008,2,12
2851,11,3002,3005,4,11
11406,13,3008,3008,1,13
5703,12,3006,3006,1,12
11407,13,3007,3007,1,13
2852,11,3010,3011,2,11
1426,10,3012,3021,10,10
713,9,2988,3008,21,9
11414,13,3011,3011,1,12
2853,11,3009,3009,1,11
11415,13,3010,3010,1,12
22832,14,3013,3013,1,14
11416,13,3014,3014,1,13
5708,12,3015,3015,1,12
2854,11,3016,3021,6,11
1427,10,3009,3011,3,10
22833,14,3012,3012,1,14
11417,13,3012,3013,2,13
5709,12,3012,3014,3,12
45682,15,3017,3017,1,14
11420,13,3018,3018,1,13
5710,12,3019,3021,3,12
2855,11,3012,3015,4,11
45683,15,3016,3016,1,14
11421,13,3016,3017,2,13
22844,14,3020,3020,1,14
11422,13,3021,3021,1,13
5711,12,3016,3018,3,12
22845,14,3019,3019,1,14
11423,13,3019,3020,2,13
5712,12,3023,3026,4,12
2856,11,3027,3028,2,11
1428,10,3029,3038,10,10
714,9,3039,3057,19,9
357,8,2988,3021,34,8
22852,14,3024,3024,1,14
11426,13,3025,3026,2,13
5713,12,3022,3022,1,12
22853,14,3023,3023,1,14
22854,14,3026,3026,1,14
11427,13,3023,3024,2,13
22855,14,3025,3025,1,14
22860,14,3028,3028,1,12
2857,11,3022,3026,5,11
22861,14,3027,3027,1,12
5716,12,3030,3031,2,12
2858,11,3032,3038,7,11
1429,10,3022,3028,7,10
45740,15,3031,3031,1,13
5717,12,3029,3029,1,12
45741,15,3030,3030,1,13
22872,14,3033,3033,1,14
11436,13,3034,3035,2,13
5718,12,3036,3038,3,12
2859,11,3029,3031,3,11
22873,14,3032,3032,1,14
22874,14,3035,3035,1,14
11437,13,3032,3033,2,13
22875,14,3034,3034,1,14
22876,14,3037,3038,2,13
5719,12,3032,3035,4,12
91508,16,3038,3038,1,14
22877,14,3036,3036,1,13
91509,16,3037,3037,1,14
22880,14,3040,3040,1,14
11440,13,3041,3042,2,13
5720,12,3043,3044,2,12
2860,11,3045,3048,4,11
1430,10,3049,3057,9,10
715,9,3022,3038,17,9
22881,14,3039,3039,1,14
22882,14,3042,3042,1,14
11441,13,3039,3040,2,13
22883,14,3041,3041,1,14
22886,14,3044,3044,1,13
5721,12,3039,3042,4,12
22887,14,3043,3043,1,13
45776,15,3046,3046,1,14
11444,13,3047,3047,1,13
5722,12,3048,3048,1,12
2861,11,3039,3044,6,11
45777,15,3045,3045,1,14
11445,13,3045,3046,2,13
5723,12,3045,3047,3,12
5724,12,3050,3051,2,12
2862,11,3052,3057,6,11
1431,10,3039,3048,10,10
22902,14,3051,3051,1,13
5725,12,3049,3049,1,12
22903,14,3050,3050,1,13
91620,16,3053,3053,1,15
45810,15,3054,3054,1,14
11452,13,3055,3056,2,13
5726,12,3057,3057,1,12
2863,11,3049,3051,3,11
91621,16,3052,3052,1,15
45811,15,3052,3053,2,14
45814,15,3056,3056,1,14
11453,13,3052,3054,3,13
45815,15,3055,3055,1,14
5727,12,3052,3056,5,12
2864,11,3059,3062,4,11
1432,10,3063,3069,7,10
716,9,3070,3093,24,9
358,8,3094,3124,31,8
179,7,2988,3057,70,7
5730,12,3060,3062,3,12
2865,11,3058,3058,1,11
91704,16,3061,3061,1,14
22926,14,3062,3062,1,13
5731,12,3059,3059,1,12
91705,16,3060,3060,1,14
22927,14,3060,3061,2,13
11464,13,3064,3064,1,12
2866,11,3065,3069,5,11
1433,10,3058,3062,5,10
11465,13,3063,3063,1,12
11468,13,3066,3066,1,13
5734,12,3067,3069,3,12
2867,11,3063,3064,2,11
11469,13,3065,3065,1,13
11470,13,3068,3069,2,13
5735,12,3065,3066,2,12
45884,15,3069,3069,1,14
11471,13,3067,3067,1,13
45885,15,3068,3068,1,14
45888,15,3071,3072,2,15
22944,14,3073,3073,1,14
11472,13,3074,3074,1,13
5736,12,3075,3077,3,12
2868,11,3078,3083,6,11
1434,10,3084,3093,10,10
717,9,3058,3069,12,9
91778,16,3072,3072,1,16
45889,15,3070,3070,1,15
91779,16,3071,3071,1,16
22945,14,3070,3072,3,14
11473,13,3070,3073,4,13
91798,16,3076,3076,1,14
11474,13,3077,3077,1,13
5737,12,3070,3074,5,12
91799,16,3075,3075,1,14
11475,13,3075,3076,2,13
11476,13,3079,3081,3,13
5738,12,3082,3083,2,12
2869,11,3070,3077,8,11
22954,14,3080,3081,2,14
11477,13,3078,3078,1,13
45910,15,3081,3081,1,15
22955,14,3079,3079,1,14
45911,15,3080,3080,1,15
22958,14,3083,3083,1,13
5739,12,3078,3081,4,12
22959,14,3082,3082,1,13
91854,16,3085,3085,1,13
5740,12,3086,3089,4,12
2870,11,3090,3093,4,11
1435,10,3070,3083,14,10
91855,16,3084,3084,1,13
734880,19,3087,3087,1,15
91860,16,3088,3088,1,14
11482,13,3089,3089,1,13
5741,12,3084,3085,2,12
734881,19,3086,3086,1,15
91861,16,3086,3087,2,14
11483,13,3086,3088,3,13
11484,13,3091,3091,1,13
5742,12,3092,3093,2,12
2871,11,3084,3089,6,11
11485,13,3090,3090,1,13
11486,13,3093,3093,1,13
5743,12,3090,3091,2,12
11487,13,3092,3092,1,13
5744,12,3095,3097,3,12
2872,11,3098,3100,3,11
1436,10,3101,3107,7,10
718,9,3108,3124,17,9
359,8,3058,3093,36,8
11490,13,3096,3097,2,13
5745,12,3094,3094,1,12
22982,14,3097,3097,1,14
11491,13,3095,3095,1,13
22983,14,3096,3096,1,14
5746,12,3099,3100,2,12
2873,11,3094,3097,4,11
45982,15,3100,3100,1,13
5747,12,3098,3098,1,12
45983,15,3099,3099,1,13
23000,14,3102,3102,1,12
5750,12,3103,3107,5,11
1437,10,3094,3100,7,10
23001,14,3101,3101,1,12
368072,18,3104,3104,1,13
11502,13,3105,3107,3,12
5751,12,3101,3102,2,11
368073,18,3103,3103,1,13
92028,16,3106,3106,1,14
46014,15,3107,3107,1,13
11503,13,3103,3104,2,12
92029,16,3105,3105,1,14
46015,15,3105,3106,2,13
23008,14,3109,3109,1,13
5752,12,3110,3110,1,12
2876,11,3111,3116,6,11
1438,10,3117,3124,8,10
719,9,3094,3107,14,9
23009,14,3108,3108,1,13
5753,12,3108,3109,2,12
736568,19,3112,3112,1,14
11508,13,3113,3114,2,13
5754,12,3115,3116,2,12
2877,11,3108,3110,3,11
736569,19,3111,3111,1,14
23018,14,3114,3114,1,14
11509,13,3111,3112,2,13
23019,14,3113,3113,1,14
92090,16,3116,3116,1,13
5755,12,3111,3114,4,12
92091,16,3115,3115,1,13
23024,14,3118,3118,1,13
11512,13,3119,3120,2,12
2878,11,3121,3124,4,11
1439,10,3108,3116,9,10
23025,14,3117,3117,1,13
23026,14,3120,3120,1,13
11513,13,3117,3118,2,12
23027,14,3119,3119,1,13
5758,12,3122,3124,3,12
2879,11,3117,3120,4,11
11518,13,3123,3124,2,13
5759,12,3121,3121,1,12
368636,18,3124,3124,1,14
11519,13,3122,3122,1,13
368637,18,3123,3123,1,14
92170,16,3126,3126,1,12
2880,11,3127,3131,5,11
1440,10,3132,3144,13,10
720,9,3145,3160,16,9
360,8,3161,3195,35,8
180,7,3196,3244,49,7
90,6,3245,3377,133,6
45,5,2869,3124,256,5
92171,16,3125,3125,1,12
92192,16,3128,3128,1,13
5762,12,3129,3131,3,12
2881,11,3125,3126,2,11
92193,16,3127,3127,1,13
11526,13,3130,3131,2,13
5763,12,3127,3128,2,12
23054,14,3131,3131,1,14
11527,13,3129,3129,1,13
23055,14,3130,3130,1,14
23056,14,3133,3133,1,13
5764,12,3134,3135,2,12
2882,11,3136,3144,9,11
1441,10,3125,3131,7,10
23057,14,3132,3132,1,13
11530,13,3135,3135,1,13
5765,12,3132,3133,2,12
11531,13,3134,3134,1,13
11532,13,3137,3140,4,13
5766,12,3141,3144,4,12
2883,11,3132,3135,4,11
23066,14,3138,3140,3,14
11533,13,3136,3136,1,13
92268,16,3139,3139,1,16
46134,15,3140,3140,1,15
23067,14,3137,3137,1,14
92269,16,3138,3138,1,16
46135,15,3138,3139,2,15
11534,13,3142,3144,3,13
5767,12,3136,3140,5,12
23070,14,3143,3144,2,14
11535,13,3141,3141,1,13
369146,18,3144,3144,1,15
23071,14,3142,3142,1,14
369147,18,3143,3143,1,15
23072,14,3146,3147,2,13
5768,12,3148,3150,3,12
2884,11,3151,3153,3,11
1442,10,3154,3160,7,10
721,9,3125,3144,20,9
46146,15,3147,3147,1,14
23073,14,3145,3145,1,13
46147,15,3146,3146,1,14
92306,16,3149,3149,1,14
11538,13,3150,3150,1,13
5769,12,3145,3147,3,12
92307,16,3148,3148,1,14
11539,13,3148,3149,2,13
23084,14,3152,3152,1,13
11542,13,3153,3153,1,12
2885,11,3145,3150,6,11
23085,14,3151,3151,1,13
11543,13,3151,3152,2,12
5772,12,3155,3159,5,12
2886,11,3160,3160,1,11
1443,10,3145,3153,9,10
46184,15,3156,3156,1,15
23092,14,3157,3157,1,14
11546,13,3158,3159,2,13
5773,12,3154,3154,1,12
46185,15,3155,3155,1,15
23093,14,3155,3156,2,14
46190,15,3159,3159,1,14
11547,13,3155,3157,3,13
46191,15,3158,3158,1,14
2887,11,3154,3159,6,11
184834,17,3162,3162,1,13
5776,12,3163,3165,3,12
2888,11,3166,3169,4,11
1444,10,3170,3176,7,10
722,9,3177,3195,19,9
361,8,3125,3160,36,8
184835,17,3161,3161,1,13
92434,16,3164,3164,1,14
11554,13,3165,3165,1,13
5777,12,3161,3162,2,12
92435,16,3163,3163,1,14
11555,13,3163,3164,2,13
11556,13,3167,3167,1,13
5778,12,3168,3169,2,12
2889,11,3161,3165,5,11
11557,13,3166,3166,1,13
11558,13,3169,3169,1,13
5779,12,3166,3167,2,12
11559,13,3168,3168,1,13
11560,13,3171,3171,1,13
5780,12,3172,3174,3,12
2890,11,3175,3176,2,11
1445,10,3161,3169,9,10
11561,13,3170,3170,1,13
46248,15,3173,3173,1,14
11562,13,3174,3174,1,13
5781,12,3170,3171,2,12
46249,15,3172,3172,1,14
11563,13,3172,3173,2,13
11564,13,3176,3176,1,12
2891,11,3170,3174,5,11
11565,13,3175,3175,1,12
2892,11,3178,3183,6,11
1446,10,3184,3195,12,10
723,9,3161,3176,16,9
46292,15,3179,3181,3,13
5786,12,3182,3183,2,12
2893,11,3177,3177,1,11
92586,16,3180,3181,2,14
46293,15,3178,3178,1,13
1481396,20,3181,3181,1,15
92587,16,3179,3179,1,14
1481397,20,3180,3180,1,15
11574,13,3183,3183,1,13
5787,12,3178,3181,4,12
11575,13,3182,3182,1,13
11576,13,3185,3187,3,13
5788,12,3188,3189,2,12
2894,11,3190,3195,6,11
1447,10,3177,3183,7,10
46308,15,3186,3186,1,15
23154,14,3187,3187,1,14
11577,13,3184,3184,1,13
46309,15,3185,3185,1,15
23155,14,3185,3186,2,14
185270,17,3189,3189,1,13
5789,12,3184,3187,4,12
185271,17,3188,3188,1,13
23160,14,3191,3192,2,14
11580,13,3193,3194,2,13
5790,12,3195,3195,1,12
2895,11,3184,3189,6,11
46322,15,3192,3192,1,15
23161,14,3190,3190,1,14
46323,15,3191,3191,1,15
23162,14,3194,3194,1,14
11581,13,3190,3192,3,13
23163,14,3193,3193,1,14
5791,12,3190,3194,5,12
46336,15,3197,3197,1,13
11584,13,3198,3199,2,12
2896,11,3200,3203,4,11
1448,10,3204,3207,4,10
724,9,3208,3224,17,9
362,8,3225,3244,20,8
181,7,3125,3195,71,7
46337,15,3196,3196,1,13
23170,14,3199,3199,1,13
11585,13,3196,3197,2,12
23171,14,3198,3198,1,13
11588,13,3201,3202,2,13
5794,12,3203,3203,1,12
2897,11,3196,3199,4,11
23178,14,3202,3202,1,14
11589,13,3200,3200,1,13
23179,14,3201,3201,1,14
5795,12,3200,3202,3,12
11592,13,3205,3207,3,11
1449,10,3196,3203,8,10
23186,14,3206,3207,2,12
11593,13,3204,3204,1,11
742012,19,3207,3207,1,13
23187,14,3205,3205,1,12
742013,19,3206,3206,1,13
5800,12,3209,3210,2,12
2900,11,3211,3217,7,11
1450,10,3218,3224,7,10
725,9,3196,3207,12,9
11602,13,3210,3210,1,13
5801,12,3208,3208,1,12
11603,13,3209,3209,1,13
23208,14,3212,3215,4,13
5802,12,3216,3217,2,12
2901,11,3208,3210,3,11
92836,16,3213,3213,1,15
46418,15,3214,3215,2,14
23209,14,3211,3211,1,13
92837,16,3212,3212,1,15
92838,16,3215,3215,1,15
46419,15,3212,3213,2,14
92839,16,3214,3214,1,15
11606,13,3217,3217,1,13
5803,12,3211,3215,5,12
11607,13,3216,3216,1,13
92880,16,3219,3219,1,14
46440,15,3220,3220,1,13
23220,14,3221,3221,1,12
2902,11,3222,3224,3,11
1451,10,3208,3217,10,10
92881,16,3218,3218,1,14
46441,15,3218,3219,2,13
23221,14,3218,3220,3,12
23224,14,3223,3223,1,13
11612,13,3224,3224,1,12
2903,11,3218,3221,4,11
23225,14,3222,3222,1,13
11613,13,3222,3223,2,12
11622,13,3226,3226,1,11
1452,10,3227,3235,9,10
726,9,3236,3244,9,9
363,8,3196,3224,29,8
11623,13,3225,3225,1,11
11624,13,3228,3228,1,13
5812,12,3229,3232,4,12
2906,11,3233,3235,3,11
1453,10,3225,3226,2,10
11625,13,3227,3227,1,13
46506,15,3230,3230,1,14
11626,13,3231,3232,2,13
5813,12,3227,3228,2,12
46507,15,3229,3229,1,14
93018,16,3232,3232,1,14
11627,13,3229,3230,2,13
93019,16,3231,3231,1,14
186082,17,3234,3234,1,13
11630,13,3235,3235,1,12
2907,11,3227,3232,6,11
186083,17,3233,3233,1,13
11631,13,3233,3234,2,12
5816,12,3237,3238,2,12
2908,11,3239,3240,2,11
1454,10,3241,3244,4,10
727,9,3225,3235,11,9
186144,17,3238,3238,1,13
5817,12,3236,3236,1,12
186145,17,3237,3237,1,13
23278,14,3240,3240,1,12
2909,11,3236,3238,3,11
23279,14,3239,3239,1,12
46568,15,3242,3242,1,13
11642,13,3243,3243,1,12
2910,11,3244,3244,1,11
1455,10,3236,3240,5,10
46569,15,3241,3241,1,13
11643,13,3241,3242,2,12
2911,11,3241,3243,3,11
2912,11,3246,3247,2,11
1456,10,3248,3258,11,10
728,9,3259,3271,13,9
364,8,3272,3301,30,8
182,7,3302,3377,76,7
91,6,3125,3244,120,6
11654,13,3247,3247,1,12
2913,11,3245,3245,1,11
11655,13,3246,3246,1,12
93248,16,3249,3249,1,14
11656,13,3250,3252,3,13
5828,12,3253,3253,1,12
2914,11,3254,3258,5,11
1457,10,3245,3247,3,10
93249,16,3248,3248,1,14
23314,14,3251,3252,2,14
11657,13,3248,3249,2,13
93260,16,3252,3252,1,15
23315,14,3250,3250,1,14
93261,16,3251,3251,1,15
5829,12,3248,3252,5,12
46642,15,3255,3255,1,14
11660,13,3256,3256,1,13
5830,12,3257,3258,2,12
2915,11,3248,3253,6,11
46643,15,3254,3254,1,14
11661,13,3254,3255,2,13
93296,16,3258,3258,1,13
5831,12,3254,3256,3,12
93297,16,3257,3257,1,13
5832,12,3260,3261,2,12
2916,11,3262,3264,3,11
1458,10,3265,3271,7,10
729,9,3245,3258,14,9
23334,14,3261,3261,1,13
5833,12,3259,3259,1,12
23335,14,3260,3260,1,13
23336,14,3263,3263,1,13
5834,12,3264,3264,1,12
2917,11,3259,3261,3,11
23337,14,3262,3262,1,13
5835,12,3262,3263,2,12
11672,13,3266,3267,2,13
5836,12,3268,3269,2,12
2918,11,3270,3271,2,11
1459,10,3259,3264,6,10
46694,15,3267,3267,1,14
11673,13,3265,3265,1,13
46695,15,3266,3266,1,14
11674,13,3269,3269,1,13
5837,12,3265,3267,3,12
11675,13,3268,3268,1,13
46704,15,3271,3271,1,12
2919,11,3265,3269,5,11
46705,15,3270,3270,1,12
11682,13,3273,3274,2,12
2920,11,3275,3279,5,11
1460,10,3280,3288,9,10
730,9,3289,3301,13,9
365,8,3245,3271,27,8
23366,14,3274,3274,1,13
11683,13,3272,3272,1,12
23367,14,3273,3273,1,13
5842,12,3276,3279,4,12
2921,11,3272,3274,3,11
23372,14,3277,3277,1,14
11686,13,3278,3279,2,13
5843,12,3275,3275,1,12
23373,14,3276,3276,1,14
23374,14,3279,3279,1,14
11687,13,3276,3277,2,13
23375,14,3278,3278,1,14
5844,12,3281,3283,3,12
2922,11,3284,3288,5,11
1461,10,3272,3279,8,10
46760,15,3282,3282,1,14
11690,13,3283,3283,1,13
5845,12,3280,3280,1,12
46761,15,3281,3281,1,14
11691,13,3281,3282,2,13
93550,16,3285,3285,1,13
5846,12,3286,3288,3,12
2923,11,3280,3283,4,11
93551,16,3284,3284,1,13
11694,13,3287,3288,2,13
5847,12,3284,3285,2,12
23390,14,3288,3288,1,14
11695,13,3286,3286,1,13
23391,14,3287,3287,1,14
23394,14,3290,3290,1,13
5848,12,3291,3294,4,12
2924,11,3295,3295,1,11
1462,10,3296,3301,6,10
731,9,3272,3288,17,9
23395,14,3289,3289,1,13
11698,13,3292,3294,3,13
5849,12,3289,3290,2,12
23398,14,3293,3294,2,14
11699,13,3291,3291,1,13
46798,15,3294,3294,1,15
23399,14,3292,3292,1,14
46799,15,3293,3293,1,15
2925,11,3289,3294,6,11
187282,17,3297,3297,1,13
5852,12,3298,3299,2,12
2926,11,3300,3301,2,11
1463,10,3289,3295,7,10
187283,17,3296,3296,1,13
11706,13,3299,3299,1,13
5853,12,3296,3297,2,12
11707,13,3298,3298,1,13
5854,12,3301,3301,1,12
2927,11,3296,3299,4,11
5855,12,3300,3300,1,12
46848,15,3303,3303,1,14
11712,13,3304,3304,1,13
5856,12,3305,3306,2,12
2928,11,3307,3313,7,11
1464,10,3314,3317,4,10
732,9,3318,3338,21,9
366,8,3339,3377,39,8
183,7,3245,3301,57,7
46849,15,3302,3302,1,14
11713,13,3302,3303,2,13
93714,16,3306,3306,1,13
5857,12,3302,3304,3,12
93715,16,3305,3305,1,13
23432,14,3308,3308,1,14
11716,13,3309,3310,2,13
5858,12,3311,3313,3,12
2929,11,3302,3306,5,11
23433,14,3307,3307,1,14
93736,16,3310,3310,1,14
11717,13,3307,3308,2,13
93737,16,3309,3309,1,14
46872,15,3312,3312,1,14
11718,13,3313,3313,1,13
5859,12,3307,3310,4,12
46873,15,3311,3311,1,14
11719,13,3311,3312,2,13
2930,11,3315,3317,3,11
1465,10,3302,3313,12,10
5862,12,3316,3317,2,12
2931,11,3314,3314,1,11
23454,14,3317,3317,1,13
5863,12,3315,3315,1,12
23455,14,3316,3316,1,13
11728,13,3319,3319,1,13
5864,12,3320,3321,2,12
2932,11,3322,3328,7,11
1466,10,3329,3338,10,10
733,9,3302,3317,16,9
11729,13,3318,3318,1,13
11730,13,3321,3321,1,13
5865,12,3318,3319,2,12
11731,13,3320,3320,1,13
11732,13,3323,3324,2,13
5866,12,3325,3328,4,12
2933,11,3318,3321,4,11
93870,16,3324,3324,1,14
11733,13,3322,3322,1,13
93871,16,3323,3323,1,14
187744,17,3326,3326,1,15
23468,14,3327,3327,1,14
11734,13,3328,3328,1,13
5867,12,3322,3324,3,12
187745,17,3325,3325,1,15
23469,14,3325,3326,2,14
11735,13,3325,3327,3,13
46952,15,3330,3330,1,14
23476,14,3331,3331,1,13
11738,13,3332,3334,3,12
2934,11,3335,3338,4,11
1467,10,3318,3328,11,10
46953,15,3329,3329,1,14
23477,14,3329,3330,2,13
187826,17,3333,3333,1,14
46956,15,3334,3334,1,13
11739,13,3329,3331,3,12
187827,17,3332,3332,1,14
46957,15,3332,3333,2,13
187868,17,3336,3336,1,13
5870,12,3337,3338,2,12
2935,11,3329,3334,6,11
187869,17,3335,3335,1,13
11742,13,3338,3338,1,13
5871,12,3335,3336,2,12
11743,13,3337,3337,1,13
23488,14,3340,3340,1,14
11744,13,3341,3342,2,13
5872,12,3343,3345,3,12
2936,11,3346,3350,5,11
1468,10,3351,3354,4,10
734,9,3355,3377,23,9
367,8,3302,3338,37,8
23489,14,3339,3339,1,14
23490,14,3342,3342,1,14
11745,13,3339,3340,2,13
23491,14,3341,3341,1,14
11746,13,3344,3345,2,13
5873,12,3339,3342,4,12
23494,14,3345,3345,1,14
11747,13,3343,3343,1,13
23495,14,3344,3344,1,14
11748,13,3347,3347,1,13
5874,12,3348,3350,3,12
2937,11,3339,3345,7,11
11749,13,3346,3346,1,13
23500,14,3349,3350,2,13
5875,12,3346,3347,2,12
47002,15,3350,3350,1,14
23501,14,3348,3348,1,13
47003,15,3349,3349,1,14
11752,13,3352,3352,1,12
2938,11,3353,3354,2,11
1469,10,3339,3350,12,10
11753,13,3351,3351,1,12
5878,12,3354,3354,1,12
2939,11,3351,3352,2,11
5879,12,3353,3353,1,12
11760,13,3356,3356,1,13
5880,12,3357,3357,1,12
2940,11,3358,3364,7,11
1470,10,3365,3377,13,10
735,9,3339,3354,16,9
11761,13,3355,3355,1,13
5881,12,3355,3356,2,12
23528,14,3359,3361,3,14
11764,13,3362,3363,2,13
5882,12,3364,3364,1,12
2941,11,3355,3357,3,11
752928,19,3360,3360,1,16
376464,18,3361,3361,1,15
23529,14,3358,3358,1,14
752929,19,3359,3359,1,16
376465,18,3359,3360,2,15
23530,14,3363,3363,1,14
11765,13,3358,3361,4,13
23531,14,3362,3362,1,14
5883,12,3358,3363,6,12
94152,16,3366,3366,1,13
5884,12,3367,3370,4,12
2942,11,3371,3377,7,11
1471,10,3355,3364,10,10
94153,16,3365,3365,1,13
23540,14,3368,3368,1,14
11770,13,3369,3370,2,13
5885,12,3365,3366,2,12
23541,14,3367,3367,1,14
753388,19,3370,3370,1,14
11771,13,3367,3368,2,13
753389,19,3369,3369,1,14
11772,13,3372,3372,1,13
5886,12,3373,3377,5,12
2943,11,3365,3370,6,11
11773,13,3371,3371,1,13
94194,16,3374,3374,1,15
23548,14,3375,3376,2,14
11774,13,3377,3377,1,13
5887,12,3371,3372,2,12
94195,16,3373,3373,1,15
47098,15,3376,3376,1,15
23549,14,3373,3374,2,14
47099,15,3375,3375,1,15
11775,13,3373,3376,4,13
47116,15,3379,3379,1,13
23558,14,3380,3380,1,12
2944,11,3381,3384,4,11
1472,10,3385,3392,8,10
736,9,3393,3409,17,9
368,8,3410,3429,20,8
184,7,3430,3485,56,7
92,6,3486,3600,115,6
46,5,3601,3854,254,5
23,4,2869,3377,509,4
47117,15,3378,3378,1,13
23559,14,3378,3379,2,12
23562,14,3382,3383,2,13
5890,12,3384,3384,1,12
2945,11,3378,3380,3,11
47126,15,3383,3383,1,14
23563,14,3381,3381,1,13
47127,15,3382,3382,1,14
5891,12,3381,3383,3,12
188564,17,3386,3386,1,13
5892,12,3387,3389,3,12
2946,11,3390,3392,3,11
1473,10,3378,3384,7,10
188565,17,3385,3385,1,13
754340,19,3388,3388,1,14
94292,16,3389,3389,1,13
5893,12,3385,3386,2,12
754341,19,3387,3387,1,14
94293,16,3387,3388,2,13
23580,14,3391,3391,1,13
11790,13,3392,3392,1,12
2947,11,3385,3389,5,11
23581,14,3390,3390,1,13
11791,13,3390,3391,2,12
5896,12,3394,3394,1,12
2948,11,3395,3401,7,11
1474,10,3402,3409,8,10
737,9,3378,3392,15,9
5897,12,3393,3393,1,12
47184,15,3396,3396,1,13
5898,12,3397,3401,5,12
2949,11,3393,3394,2,11
47185,15,3395,3395,1,13
11798,13,3398,3401,4,13
5899,12,3395,3396,2,12
3020570,21,3399,3399,1,16
47196,15,3400,3400,1,15
23598,14,3401,3401,1,14
11799,13,3397,3397,1,13
3020571,21,3398,3398,1,16
47197,15,3398,3399,2,15
23599,14,3398,3400,3,14
377600,18,3403,3403,1,14
188800,17,3404,3405,2,13
23600,14,3406,3407,2,12
2950,11,3408,3409,2,11
1475,10,3393,3401,9,10
377601,18,3402,3402,1,14
377602,18,3405,3405,1,14
188801,17,3402,3403,2,13
377603,18,3404,3404,1,14
188812,17,3407,3407,1,13
23601,14,3402,3405,4,12
188813,17,3406,3406,1,13
11804,13,3409,3409,1,12
2951,11,3402,3407,6,11
11805,13,3408,3408,1,12
5904,12,3411,3411,1,12
2952,11,3412,3413,2,11
1476,10,3414,3417,4,10
738,9,3418,3429,12,9
369,8,3378,3409,32,8
5905,12,3410,3410,1,12
11812,13,3413,3413,1,12
2953,11,3410,3411,2,11
11813,13,3412,3412,1,12
11816,13,3415,3415,1,13
5908,12,3416,3416,1,12
2954,11,3417,3417,1,11
1477,10,3410,3413,4,10
11817,13,3414,3414,1,13
5909,12,3414,3415,2,12
2955,11,3414,3416,3,11
47302,15,3419,3419,1,12
2956,11,3420,3421,2,11
1478,10,3422,3429,8,10
739,9,3410,3417,8,9
47303,15,3418,3418,1,12
5914,12,3421,3421,1,12
2957,11,3418,3419,2,11
5915,12,3420,3420,1,12
47330,15,3423,3423,1,13
11832,13,3424,3427,4,12
2958,11,3428,3429,2,11
1479,10,3418,3421,4,10
47331,15,3422,3422,1,13
94666,16,3425,3425,1,14
23666,14,3426,3427,2,13
11833,13,3422,3423,2,12
94667,16,3424,3424,1,14
47334,15,3427,3427,1,14
23667,14,3424,3425,2,13
47335,15,3426,3426,1,14
5918,12,3429,3429,1,12
2959,11,3422,3427,6,11
5919,12,3428,3428,1,12
23682,14,3431,3431,1,13
5920,12,3432,3433,2,12
2960,11,3434,3436,3,11
1480,10,3437,3443,7,10
740,9,3444,3461,18,9
370,8,3462,3485,24,8
185,7,3378,3429,52,7
23683,14,3430,3430,1,13
47372,15,3433,3433,1,13
5921,12,3430,3431,2,12
47373,15,3432,3432,1,13
11846,13,3435,3436,2,12
2961,11,3430,3433,4,11
47390,15,3436,3436,1,13
11847,13,3434,3434,1,12
47391,15,3435,3435,1,13
11848,13,3438,3438,1,13
5924,12,3439,3441,3,12
2962,11,3442,3443,2,11
1481,10,3430,3436,7,10
11849,13,3437,3437,1,13
189626,17,3440,3441,2,13
5925,12,3437,3438,2,12
1517016,20,3441,3441,1,14
189627,17,3439,3439,1,13
1517017,20,3440,3440,1,14
11854,13,3443,3443,1,12
2963,11,3437,3441,5,11
11855,13,3442,3442,1,12
23716,14,3445,3445,1,13
11858,13,3446,3446,1,12
2964,11,3447,3451,5,11
1482,10,3452,3461,10,10
741,9,3430,3443,14,9
23717,14,3444,3444,1,13
11859,13,3444,3445,2,12
47442,15,3448,3448,1,14
11860,13,3449,3449,1,13
5930,12,3450,3451,2,12
2965,11,3444,3446,3,11
47443,15,3447,3447,1,14
11861,13,3447,3448,2,13
11862,13,3451,3451,1,13
5931,12,3447,3449,3,12
11863,13,3450,3450,1,13
11864,13,3453,3453,1,13
5932,12,3454,3456,3,12
2966,11,3457,3461,5,11
1483,10,3444,3451,8,10
11865,13,3452,3452,1,13
11866,13,3455,3456,2,13
5933,12,3452,3453,2,12
23734,14,3456,3456,1,14
11867,13,3454,3454,1,13
23735,14,3455,3455,1,14
23736,14,3458,3458,1,13
5934,12,3459,3461,3,12
2967,11,3452,3456,5,11
23737,14,3457,3457,1,13
379848,18,3460,3460,1,14
11870,13,3461,3461,1,13
5935,12,3457,3458,2,12
379849,18,3459,3459,1,14
11871,13,3459,3460,2,13
47488,15,3463,3463,1,14
23744,14,3464,3465,2,13
5936,12,3466,3466,1,12
2968,11,3467,3474,8,11
1484,10,3475,3479,5,10
742,9,3480,3485,6,9
371,8,3430,3461,32,8
47489,15,3462,3462,1,14
94980,16,3465,3465,1,14
23745,14,3462,3463,2,13
94981,16,3464,3464,1,14
5937,12,3462,3465,4,12
23752,14,3468,3468,1,13
5938,12,3469,3474,6,12
2969,11,3462,3466,5,11
23753,14,3467,3467,1,13
47512,15,3470,3470,1,15
23756,14,3471,3471,1,14
11878,13,3472,3474,3,13
5939,12,3467,3468,2,12
47513,15,3469,3469,1,15
23757,14,3469,3470,2,14
23758,14,3473,3474,2,14
11879,13,3469,3471,3,13
47518,15,3474,3474,1,15
23759,14,3472,3472,1,14
47519,15,3473,3473,1,15
5940,12,3476,3476,1,12
2970,11,3477,3479,3,11
1485,10,3462,3474,13,10
5941,12,3475,3475,1,12
5942,12,3478,3479,2,12
2971,11,3475,3476,2,11
11886,13,3479,3479,1,13
5943,12,3477,3477,1,12
11887,13,3478,3478,1,13
2972,11,3481,3484,4,11
1486,10,3485,3485,1,10
743,9,3462,3479,18,9
23784,14,3482,3482,1,13
5946,12,3483,3484,2,12
2973,11,3480,3480,1,11
23785,14,3481,3481,1,13
11894,13,3484,3484,1,13
5947,12,3481,3482,2,12
11895,13,3483,3483,1,13
1487,10,3480,3484,5,10
11904,13,3487,3487,1,13
5952,12,3488,3488,1,12
2976,11,3489,3490,2,11
1488,10,3491,3496,6,10
744,9,3497,3509,13,9
372,8,3510,3538,29,8
186,7,3539,3600,62,7
93,6,3378,3485,108,6
11905,13,3486,3486,1,13
5953,12,3486,3487,2,12
5954,12,3490,3490,1,12
2977,11,3486,3488,3,11
5955,12,3489,3489,1,12
47654,15,3492,3492,1,13
5956,12,3493,3494,2,12
2978,11,3495,3496,2,11
1489,10,3486,3490,5,10
47655,15,3491,3491,1,13
11914,13,3494,3494,1,13
5957,12,3491,3492,2,12
11915,13,3493,3493,1,13
11916,13,3496,3496,1,12
2979,11,3491,3494,4,11
11917,13,3495,3495,1,12
47680,15,3498,3498,1,14
11920,13,3499,3499,1,13
5960,12,3500,3501,2,12
2980,11,3502,3503,2,11
1490,10,3504,3509,6,10
745,9,3486,3496,11,9
47681,15,3497,3497,1,14
11921,13,3497,3498,2,13
23846,14,3501,3501,1,13
5961,12,3497,3499,3,12
23847,14,3500,3500,1,13
47698,15,3503,3503,1,12
2981,11,3497,3501,5,11
47699,15,3502,3502,1,12
23856,14,3505,3505,1,13
5964,12,3506,3506,1,12
2982,11,3507,3509,3,11
1491,10,3497,3503,7,10
23857,14,3504,3504,1,13
5965,12,3504,3505,2,12
23866,14,3508,3508,1,13
5966,12,3509,3509,1,12
2983,11,3504,3506,3,11
23867,14,3507,3507,1,13
5967,12,3507,3508,2,12
5968,12,3511,3512,2,12
2984,11,3513,3515,3,11
1492,10,3516,3520,5,10
746,9,3521,3538,18,9
373,8,3486,3509,24,8
47758,15,3512,3512,1,13
5969,12,3510,3510,1,12
47759,15,3511,3511,1,13
95532,16,3514,3514,1,13
5970,12,3515,3515,1,12
2985,11,3510,3512,3,11
95533,16,3513,3513,1,13
5971,12,3513,3514,2,12
191108,17,3517,3517,1,14
11944,13,3518,3518,1,13
5972,12,3519,3519,1,12
2986,11,3520,3520,1,11
1493,10,3510,3515,6,10
191109,17,3516,3516,1,14
11945,13,3516,3517,2,13
5973,12,3516,3518,3,12
2987,11,3516,3519,4,11
191234,17,3522,3522,1,14
11952,13,3523,3523,1,13
5976,12,3524,3524,1,12
2988,11,3525,3527,3,11
1494,10,3528,3538,11,10
747,9,3510,3520,11,9
191235,17,3521,3521,1,14
11953,13,3521,3522,2,13
5977,12,3521,3523,3,12
47828,15,3526,3526,1,13
5978,12,3527,3527,1,12
2989,11,3521,3524,4,11
47829,15,3525,3525,1,13
5979,12,3525,3526,2,12
5980,12,3529,3533,5,12
2990,11,3534,3538,5,11
1495,10,3521,3527,7,10
47848,15,3530,3532,3,14
23924,14,3533,3533,1,13
5981,12,3528,3528,1,12
95698,16,3531,3532,2,15
47849,15,3529,3529,1,14
382798,18,3532,3532,1,16
95699,16,3530,3530,1,15
382799,18,3531,3531,1,16
23925,14,3529,3532,4,13
23928,14,3535,3535,1,13
5982,12,3536,3538,3,12
2991,11,3528,3533,6,11
23929,14,3534,3534,1,13
11966,13,3537,3538,2,13
5983,12,3534,3535,2,12
47870,15,3538,3538,1,14
11967,13,3536,3536,1,13
47871,15,3537,3537,1,14
5984,12,3540,3540,1,12
2992,11,3541,3545,5,11
1496,10,3546,3552,7,10
748,9,3553,3567,15,9
374,8,3568,3600,33,8
187,7,3486,3538,53,7
5985,12,3539,3539,1,12
11972,13,3542,3542,1,13
5986,12,3543,3545,3,12
2993,11,3539,3540,2,11
11973,13,3541,3541,1,13
95794,16,3544,3544,1,14
11974,13,3545,3545,1,13
5987,12,3541,3542,2,12
95795,16,3543,3543,1,14
11975,13,3543,3544,2,13
5988,12,3547,3548,2,12
2994,11,3549,3552,4,11
1497,10,3539,3545,7,10
11978,13,3548,3548,1,13
5989,12,3546,3546,1,12
11979,13,3547,3547,1,13
5990,12,3550,3552,3,12
2995,11,3546,3548,3,11
23966,14,3551,3552,2,13
5991,12,3549,3549,1,12
1533926,20,3552,3552,1,14
23967,14,3550,3550,1,13
1533927,20,3551,3551,1,14
23968,14,3554,3554,1,13
11984,13,3555,3555,1,12
2996,11,3556,3556,1,11
1498,10,3557,3567,11,10
749,9,3539,3552,14,9
23969,14,3553,3553,1,13
11985,13,3553,3554,2,12
2997,11,3553,3555,3,11
191876,17,3558,3558,1,15
23984,14,3559,3559,1,14
11992,13,3560,3560,1,13
5996,12,3561,3562,2,12
2998,11,3563,3567,5,11
1499,10,3553,3556,4,10
191877,17,3557,3557,1,15
23985,14,3557,3558,2,14
11993,13,3557,3559,3,13
11994,13,3562,3562,1,13
5997,12,3557,3560,4,12
11995,13,3561,3561,1,13
95974,16,3564,3564,1,14
11996,13,3565,3566,2,13
5998,12,3567,3567,1,12
2999,11,3557,3562,6,11
95975,16,3563,3563,1,14
47988,15,3566,3566,1,14
11997,13,3563,3564,2,13
47989,15,3565,3565,1,14
5999,12,3563,3566,4,12
96002,16,3569,3569,1,13
12000,13,3570,3571,2,12
3000,11,3572,3574,3,11
1500,10,3575,3584,10,10
750,9,3585,3600,16,9
375,8,3539,3567,29,8
96003,16,3568,3568,1,13
48004,15,3571,3571,1,13
12001,13,3568,3569,2,12
48005,15,3570,3570,1,13
12004,13,3573,3573,1,13
6002,12,3574,3574,1,12
3001,11,3568,3571,4,11
12005,13,3572,3572,1,13
6003,12,3572,3573,2,12
12008,13,3576,3576,1,13
6004,12,3577,3579,3,12
3002,11,3580,3584,5,11
1501,10,3568,3574,7,10
12009,13,3575,3575,1,13
24020,14,3578,3578,1,14
12010,13,3579,3579,1,13
6005,12,3575,3576,2,12
24021,14,3577,3577,1,14
12011,13,3577,3578,2,13
48048,15,3581,3581,1,13
6006,12,3582,3584,3,12
3003,11,3575,3579,5,11
48049,15,3580,3580,1,13
48056,15,3583,3583,1,14
12014,13,3584,3584,1,13
6007,12,3580,3581,2,12
48057,15,3582,3582,1,14
12015,13,3582,3583,2,13
6008,12,3586,3587,2,12
3004,11,3588,3590,3,11
1502,10,3591,3600,10,10
751,9,3568,3584,17,9
48074,15,3587,3587,1,13
6009,12,3585,3585,1,12
48075,15,3586,3586,1,13
6010,12,3589,3590,2,12
3005,11,3585,3587,3,11
12022,13,3590,3590,1,13
6011,12,3588,3588,1,12
12023,13,3589,3589,1,13
12024,13,3592,3592,1,13
6012,12,3593,3596,4,12
3006,11,3597,3600,4,11
1503,10,3585,3590,6,10
12025,13,3591,3591,1,13
48104,15,3594,3594,1,15
24052,14,3595,3595,1,14
12026,13,3596,3596,1,13
6013,12,3591,3592,2,12
48105,15,3593,3593,1,15
24053,14,3593,3594,2,14
12027,13,3593,3595,3,13
24058,14,3598,3599,2,13
6014,12,3600,3600,1,12
3007,11,3591,3596,6,11
48118,15,3599,3599,1,14
24059,14,3597,3597,1,13
48119,15,3598,3598,1,14
6015,12,3597,3599,3,12
24068,14,3602,3602,1,13
12034,13,3603,3603,1,12
3008,11,3604,3605,2,11
1504,10,3606,3611,6,10
752,9,3612,3632,21,9
376,8,3633,3664,32,8
188,7,3665,3740,76,7
94,6,3741,3854,114,6
47,5,3378,3600,223,5
24069,14,3601,3601,1,13
12035,13,3601,3602,2,12
24076,14,3605,3605,1,12
3009,11,3601,3603,3,11
24077,14,3604,3604,1,12
6020,12,3607,3608,2,12
3010,11,3609,3611,3,11
1505,10,3601,3605,5,10
12042,13,3608,3608,1,13
6021,12,3606,3606,1,12
12043,13,3607,3607,1,13
12044,13,3610,3610,1,13
6022,12,3611,3611,1,12
3011,11,3606,3608,3,11
12045,13,3609,3609,1,13
6023,12,3609,3610,2,12
12052,13,3613,3614,2,12
6026,12,3615,3619,5,11
1506,10,3620,3632,13,10
753,9,3601,3611,11,9
1542838,20,3614,3614,1,13
12053,13,3612,3612,1,12
1542839,20,3613,3613,1,13
96436,16,3616,3617,2,13
12054,13,3618,3619,2,12
6027,12,3612,3614,3,11
771502,19,3617,3617,1,14
96437,16,3615,3615,1,13
771503,19,3616,3616,1,14
24110,14,3619,3619,1,13
12055,13,3615,3617,3,12
24111,14,3618,3618,1,13
192896,17,3621,3621,1,14
48224,15,3622,3622,1,13
12056,13,3623,3624,2,12
3014,11,3625,3632,8,11
1507,10,3612,3619,8,10
192897,17,3620,3620,1,14
48225,15,3620,3621,2,13
96458,16,3624,3624,1,13
12057,13,3620,3622,3,12
96459,16,3623,3623,1,13
12060,13,3626,3628,3,13
6030,12,3629,3632,4,12
3015,11,3620,3624,5,11
771932,19,3627,3627,1,15
24122,14,3628,3628,1,14
12061,13,3625,3625,1,13
771933,19,3626,3626,1,15
24123,14,3626,3627,2,14
12062,13,3630,3632,3,13
6031,12,3625,3628,4,12
96508,16,3631,3631,1,15
48254,15,3632,3632,1,14
12063,13,3629,3629,1,13
96509,16,3630,3630,1,15
48255,15,3630,3631,2,14
24128,14,3634,3636,3,13
6032,12,3637,3638,2,12
3016,11,3639,3642,4,11
1508,10,3643,3649,7,10
754,9,3650,3664,15,9
377,8,3601,3632,32,8
96516,16,3635,3635,1,15
48258,15,3636,3636,1,14
24129,14,3633,3633,1,13
96517,16,3634,3634,1,15
48259,15,3634,3635,2,14
386158,18,3638,3638,1,13
6033,12,3633,3636,4,12
386159,18,3637,3637,1,13
6034,12,3640,3642,3,12
3017,11,3633,3638,6,11
12070,13,3641,3642,2,13
6035,12,3639,3639,1,12
193144,17,3642,3642,1,14
12071,13,3640,3640,1,13
193145,17,3641,3641,1,14
24144,14,3644,3644,1,13
6036,12,3645,3645,1,12
3018,11,3646,3649,4,11
1509,10,3633,3642,10,10
24145,14,3643,3643,1,13
6037,12,3643,3644,2,12
773042,19,3647,3647,1,14
96630,16,3648,3648,1,13
12078,13,3649,3649,1,12
3019,11,3643,3645,3,11
773043,19,3646,3646,1,14
96631,16,3646,3647,2,13
12079,13,3646,3648,3,12
12082,13,3651,3651,1,12
3020,11,3652,3658,7,11
1510,10,3659,3664,6,10
755,9,3633,3649,17,9
12083,13,3650,3650,1,12
12084,13,3653,3655,3,13
6042,12,3656,3658,3,12
3021,11,3650,3651,2,11
193362,17,3654,3654,1,15
48340,15,3655,3655,1,14
12085,13,3652,3652,1,13
193363,17,3653,3653,1,15
48341,15,3653,3654,2,14
24172,14,3657,3658,2,13
6043,12,3652,3655,4,12
48346,15,3658,3658,1,14
24173,14,3656,3656,1,13
48347,15,3657,3657,1,14
6044,12,3660,3661,2,12
3022,11,3662,3664,3,11
1511,10,3650,3658,9,10
24182,14,3661,3661,1,13
6045,12,3659,3659,1,12
24183,14,3660,3660,1,13
6046,12,3663,3664,2,12
3023,11,3659,3661,3,11
24190,14,3664,3664,1,13
6047,12,3662,3662,1,12
24191,14,3663,3663,1,13
24192,14,3666,3666,1,14
12096,13,3667,3667,1,13
6048,12,3668,3668,1,12
3024,11,3669,3673,5,11
1512,10,3674,3684,11,10
756,9,3685,3701,17,9
378,8,3702,3740,39,8
189,7,3601,3664,64,7
24193,14,3665,3665,1,14
12097,13,3665,3666,2,13
6049,12,3665,3667,3,12
6050,12,3670,3673,4,12
3025,11,3665,3668,4,11
96816,16,3671,3672,2,14
12102,13,3673,3673,1,13
6051,12,3669,3669,1,12
193634,17,3672,3672,1,15
96817,16,3670,3670,1,14
193635,17,3671,3671,1,15
12103,13,3670,3672,3,13
48418,15,3675,3675,1,14
12104,13,3676,3677,2,13
6052,12,3678,3680,3,12
3026,11,3681,3684,4,11
1513,10,3665,3673,9,10
48419,15,3674,3674,1,14
48420,15,3677,3677,1,14
12105,13,3674,3675,2,13
48421,15,3676,3676,1,14
96858,16,3679,3679,1,14
24214,14,3680,3680,1,13
6053,12,3674,3677,4,12
96859,16,3678,3678,1,14
24215,14,3678,3679,2,13
6054,12,3682,3684,3,12
3027,11,3674,3680,7,11
12110,13,3683,3684,2,13
6055,12,3681,3681,1,12
48446,15,3684,3684,1,14
12111,13,3682,3682,1,13
48447,15,3683,3683,1,14
12112,13,3686,3688,3,12
6056,12,3689,3689,1,11
1514,10,3690,3701,12,10
757,9,3665,3684,20,9
24226,14,3687,3688,2,13
12113,13,3685,3685,1,12
1550574,20,3688,3688,1,14
24227,14,3686,3686,1,13
1550575,20,3687,3687,1,14
6057,12,3685,3688,4,11
12120,13,3691,3693,3,13
6060,12,3694,3695,2,12
3030,11,3696,3701,6,11
1515,10,3685,3689,5,10
193938,17,3692,3693,2,14
12121,13,3690,3690,1,13
775756,19,3693,3693,1,15
193939,17,3691,3691,1,14
775757,19,3692,3692,1,15
193954,17,3695,3695,1,13
6061,12,3690,3693,4,12
193955,17,3694,3694,1,13
12124,13,3697,3697,1,13
6062,12,3698,3701,4,12
3031,11,3690,3695,6,11
12125,13,3696,3696,1,13
12126,13,3699,3701,3,13
6063,12,3696,3697,2,12
48508,15,3700,3700,1,15
24254,14,3701,3701,1,14
12127,13,3698,3698,1,13
48509,15,3699,3699,1,15
24255,14,3699,3700,2,14
6064,12,3703,3707,5,12
3032,11,3708,3713,6,11
1516,10,3714,3723,10,10
758,9,3724,3740,17,9
379,8,3665,3701,37,8
24260,14,3704,3704,1,14
12130,13,3705,3707,3,13
6065,12,3702,3702,1,12
24261,14,3703,3703,1,14
194102,17,3706,3706,1,15
24262,14,3707,3707,1,14
12131,13,3703,3704,2,13
194103,17,3705,3705,1,15
24263,14,3705,3706,2,14
48530,15,3709,3709,1,14
12132,13,3710,3710,1,13
6066,12,3711,3713,3,12
3033,11,3702,3707,6,11
48531,15,3708,3708,1,14
12133,13,3708,3709,2,13
194168,17,3712,3712,1,14
97084,16,3713,3713,1,13
6067,12,3708,3710,3,12
194169,17,3711,3711,1,14
97085,16,3711,3712,2,13
48544,15,3715,3715,1,13
6068,12,3716,3719,4,12
3034,11,3720,3723,4,11
1517,10,3702,3713,12,10
48545,15,3714,3714,1,13
24276,14,3717,3719,3,13
6069,12,3714,3715,2,12
48554,15,3718,3719,2,14
24277,14,3716,3716,1,13
97110,16,3719,3719,1,15
48555,15,3717,3717,1,14
97111,16,3718,3718,1,15
12140,13,3721,3721,1,13
6070,12,3722,3723,2,12
3035,11,3714,3719,6,11
12141,13,3720,3720,1,13
24284,14,3723,3723,1,13
6071,12,3720,3721,2,12
24285,14,3722,3722,1,13
97154,16,3725,3725,1,14
12144,13,3726,3727,2,13
6072,12,3728,3729,2,12
3036,11,3730,3735,6,11
1518,10,3736,3740,5,10
759,9,3702,3723,22,9
97155,16,3724,3724,1,14
194330,17,3727,3727,1,14
12145,13,3724,3725,2,13
194331,17,3726,3726,1,14
24292,14,3729,3729,1,13
6073,12,3724,3727,4,12
24293,14,3728,3728,1,13
12148,13,3731,3731,1,13
6074,12,3732,3735,4,12
3037,11,3724,3729,6,11
12149,13,3730,3730,1,13
48600,15,3733,3733,1,15
24300,14,3734,3734,1,14
12150,13,3735,3735,1,13
6075,12,3730,3731,2,12
48601,15,3732,3732,1,15
24301,14,3732,3733,2,14
12151,13,3732,3734,3,13
48608,15,3737,3737,1,13
12152,13,3738,3738,1,12
3038,11,3739,3740,2,11
1519,10,3724,3735,12,10
48609,15,3736,3736,1,13
12153,13,3736,3737,2,12
6078,12,3740,3740,1,12
3039,11,3736,3738,3,11
6079,12,3739,3739,1,12
12162,13,3742,3742,1,12
3040,11,3743,3744,2,11
1520,10,3745,3751,7,10
760,9,3752,3770,19,9
380,8,3771,3803,33,8
190,7,3804,3854,51,7
95,6,3601,3740,140,6
12163,13,3741,3741,1,12
24332,14,3744,3744,1,12
3041,11,3741,3742,2,11
24333,14,3743,3743,1,12
3042,11,3746,3751,6,11
1521,10,3741,3744,4,10
24344,14,3747,3748,2,14
12172,13,3749,3750,2,13
6086,12,3751,3751,1,12
3043,11,3745,3745,1,11
97382,16,3748,3748,1,15
24345,14,3746,3746,1,14
97383,16,3747,3747,1,15
194768,17,3750,3750,1,14
12173,13,3746,3748,3,13
194769,17,3749,3749,1,14
6087,12,3746,3750,5,12
12176,13,3753,3753,1,13
6088,12,3754,3756,3,12
3044,11,3757,3757,1,11
1522,10,3758,3770,13,10
761,9,3741,3751,11,9
12177,13,3752,3752,1,13
48714,15,3755,3755,1,14
12178,13,3756,3756,1,13
6089,12,3752,3753,2,12
48715,15,3754,3754,1,14
12179,13,3754,3755,2,13
3045,11,3752,3756,5,11
24368,14,3759,3760,2,14
12184,13,3761,3763,3,13
6092,12,3764,3765,2,12
3046,11,3766,3770,5,11
1523,10,3752,3757,6,10
97478,16,3760,3760,1,15
24369,14,3758,3758,1,14
97479,16,3759,3759,1,15
24370,14,3762,3763,2,14
12185,13,3758,3760,3,13
389938,18,3763,3763,1,15
24371,14,3761,3761,1,14
389939,18,3762,3762,1,15
48746,15,3765,3765,1,13
6093,12,3758,3763,6,12
48747,15,3764,3764,1,13
6094,12,3767,3770,4,12
3047,11,3758,3765,8,11
24380,14,3768,3769,2,14
12190,13,3770,3770,1,13
6095,12,3766,3766,1,12
97526,16,3769,3769,1,15
24381,14,3767,3767,1,14
97527,16,3768,3768,1,15
12191,13,3767,3769,3,13
12192,13,3772,3773,2,13
6096,12,3774,3776,3,12
3048,11,3777,3782,6,11
1524,10,3783,3791,9,10
762,9,3792,3803,12,9
381,8,3741,3770,30,8
97548,16,3773,3773,1,14
12193,13,3771,3771,1,13
97549,16,3772,3772,1,14
48776,15,3775,3775,1,14
24388,14,3776,3776,1,13
6097,12,3771,3773,3,12
48777,15,3774,3774,1,14
24389,14,3774,3775,2,13
6098,12,3778,3782,5,12
3049,11,3771,3776,6,11
24396,14,3779,3780,2,14
12198,13,3781,3782,2,13
6099,12,3777,3777,1,12
195180,17,3780,3780,1,15
24397,14,3778,3778,1,14
195181,17,3779,3779,1,15
24398,14,3782,3782,1,14
12199,13,3778,3780,3,13
24399,14,3781,3781,1,14
195204,17,3784,3784,1,15
24400,14,3785,3785,1,14
12200,13,3786,3786,1,13
6100,12,3787,3788,2,12
3050,11,3789,3791,3,11
1525,10,3771,3782,12,10
195205,17,3783,3783,1,15
24401,14,3783,3784,2,14
12201,13,3783,3785,3,13
12202,13,3788,3788,1,13
6101,12,3783,3786,4,12
12203,13,3787,3787,1,13
12204,13,3790,3790,1,13
6102,12,3791,3791,1,12
3051,11,3783,3788,6,11
12205,13,3789,3789,1,13
6103,12,3789,3790,2,12
6104,12,3793,3794,2,12
3052,11,3795,3796,2,11
1526,10,3797,3803,7,10
763,9,3771,3791,21,9
12210,13,3794,3794,1,13
6105,12,3792,3792,1,12
12211,13,3793,3793,1,13
6106,12,3796,3796,1,12
3053,11,3792,3794,3,11
6107,12,3795,3795,1,12
24432,14,3798,3799,2,13
6108,12,3800,3801,2,12
3054,11,3802,3803,2,11
1527,10,3792,3796,5,10
48866,15,3799,3799,1,14
24433,14,3797,3797,1,13
48867,15,3798,3798,1,14
48878,15,3801,3801,1,13
6109,12,3797,3799,3,12
48879,15,3800,3800,1,13
6110,12,3803,3803,1,12
3055,11,3797,3801,5,11
6111,12,3802,3802,1,12
6112,12,3805,3805,1,12
3056,11,3806,3806,1,11
1528,10,3807,3813,7,10
764,9,3814,3828,15,9
382,8,3829,3854,26,8
191,7,3741,3803,63,7
6113,12,3804,3804,1,12
3057,11,3804,3805,2,11
195728,17,3808,3809,2,13
24466,14,3810,3810,1,12
3058,11,3811,3813,3,11
1529,10,3804,3806,3,10
1565834,20,3809,3809,1,14
195729,17,3807,3807,1,13
1565835,20,3808,3808,1,14
24467,14,3807,3809,3,12
12236,13,3812,3812,1,13
6118,12,3813,3813,1,12
3059,11,3807,3810,4,11
12237,13,3811,3811,1,13
6119,12,3811,3812,2,12
6120,12,3815,3817,3,12
3060,11,3818,3820,3,11
1530,10,3821,3828,8,10
765,9,3804,3813,10,9
12242,13,3816,3817,2,13
6121,12,3814,3814,1,12
97948,16,3817,3817,1,14
12243,13,3815,3815,1,13
97949,16,3816,3816,1,14
6122,12,3819,3820,2,12
3061,11,3814,3817,4,11
195950,17,3820,3820,1,13
6123,12,3818,3818,1,12
195951,17,3819,3819,1,13
12248,13,3822,3822,1,13
6124,12,3823,3825,3,12
3062,11,3826,3828,3,11
1531,10,3814,3820,7,10
12249,13,3821,3821,1,13
12250,13,3824,3825,2,13
6125,12,3821,3822,2,12
49006,15,3825,3825,1,14
12251,13,3823,3823,1,13
49007,15,3824,3824,1,14
12252,13,3827,3828,2,12
3063,11,3821,3825,5,11
98024,16,3828,3828,1,13
12253,13,3826,3826,1,12
98025,16,3827,3827,1,13
6128,12,3830,3831,2,12
3064,11,3832,3832,1,11
1532,10,3833,3840,8,10
766,9,3841,3854,14,9
383,8,3804,3828,25,8
12258,13,3831,3831,1,13
6129,12,3829,3829,1,12
12259,13,3830,3830,1,13
3065,11,3829,3831,3,11
6132,12,3834,3835,2,12
3066,11,3836,3840,5,11
1533,10,3829,3832,4,10
12266,13,3835,3835,1,13
6133,12,3833,3833,1,12
12267,13,3834,3834,1,13
196296,17,3837,3837,1,13
6134,12,3838,3840,3,12
3067,11,3833,3835,3,11
196297,17,3836,3836,1,13
785334,19,3839,3839,1,14
12270,13,3840,3840,1,13
6135,12,3836,3837,2,12
785335,19,3838,3838,1,14
12271,13,3838,3839,2,13
24546,14,3842,3843,2,12
3068,11,3844,3851,8,11
1534,10,3852,3854,3,10
767,9,3829,3840,12,9
1571054,20,3843,3843,1,13
24547,14,3841,3841,1,12
1571055,20,3842,3842,1,13
12276,13,3845,3846,2,13
6138,12,3847,3851,5,12
3069,11,3841,3843,3,11
24554,14,3846,3846,1,14
12277,13,3844,3844,1,13
24555,14,3845,3845,1,14
24556,14,3848,3849,2,14
12278,13,3850,3851,2,13
6139,12,3844,3846,3,12
49114,15,3849,3849,1,15
24557,14,3847,3847,1,14
49115,15,3848,3848,1,15
98236,16,3851,3851,1,14
12279,13,3847,3849,3,13
98237,16,3850,3850,1,14
98280,16,3853,3853,1,12
6142,12,3854,3854,1,11
1535,10,3841,3851,11,10
98281,16,3852,3852,1,12
6143,12,3852,3853,2,11
24576,14,3856,3857,2,13
6144,12,3858,3861,4,12
3072,11,3862,3863,2,11
1536,10,3864,3872,9,10
768,9,3873,3885,13,9
384,8,3886,3922,37,8
192,7,3923,3976,54,7
96,6,3977,4096,120,6
48,5,4097,4333,237,5
24,4,4334,4834,501,4
12,3,4835,5818,984,3
6,2,5819,7739,1921,2
3,1,0,3854,3855,1
49154,15,3857,3857,1,14
24577,14,3855,3855,1,13
49155,15,3856,3856,1,14
12290,13,3859,3861,3,13
6145,12,3855,3857,3,12
24582,14,3860,3861,2,14
12291,13,3858,3858,1,13
98334,16,3861,3861,1,15
24583,14,3859,3859,1,14
98335,16,3860,3860,1,15
6146,12,3863,3863,1,12
3073,11,3855,3861,7,11
6147,12,3862,3862,1,12
12296,13,3865,3866,2,13
6148,12,3867,3867,1,12
3074,11,3868,3872,5,11
1537,10,3855,3863,9,10
196764,17,3866,3866,1,14
12297,13,3864,3864,1,13
196765,17,3865,3865,1,14
6149,12,3864,3866,3,12
12300,13,3869,3869,1,13
6150,12,3870,3872,3,12
3075,11,3864,3867,4,11
12301,13,3868,3868,1,13
98420,16,3871,3871,1,14
12302,13,3872,3872,1,13
6151,12,3868,3869,2,12
98421,16,3870,3870,1,14
12303,13,3870,3871,2,13
98438,16,3874,3874,1,13
6152,12,3875,3877,3,12
3076,11,3878,3878,1,11
1538,10,3879,3885,7,10
769,9,3855,3872,18,9
98439,16,3873,3873,1,13
49226,15,3876,3876,1,14
12306,13,3877,3877,1,13
6153,12,3873,3874,2,12
49227,15,3875,3875,1,14
12307,13,3875,3876,2,13
3077,11,3873,3877,5,11
24624,14,3880,3880,1,14
12312,13,3881,3881,1,13
6156,12,3882,3882,1,12
3078,11,3883,3885,3,11
1539,10,3873,3878,6,10
24625,14,3879,3879,1,14
12313,13,3879,3880,2,13
6157,12,3879,3881,3,12
24634,14,3884,3884,1,13
6158,12,3885,3885,1,12
3079,11,3879,3882,4,11
24635,14,3883,3883,1,13
6159,12,3883,3884,2,12
24642,14,3887,3887,1,13
6160,12,3888,3888,1,12
3080,11,3889,3893,5,11
1540,10,3894,3902,9,10
770,9,3903,3922,20,9
385,8,3855,3885,31,8
24643,14,3886,3886,1,13
6161,12,3886,3887,2,12
49302,15,3890,3891,2,13
6162,12,3892,3893,2,12
3081,11,3886,3888,3,11
788852,19,3891,3891,1,14
49303,15,3889,3889,1,13
788853,19,3890,3890,1,14
12326,13,3893,3893,1,13
6163,12,3889,3891,3,12
12327,13,3892,3892,1,13
12328,13,3895,3896,2,13
6164,12,3897,3898,2,12
3082,11,3899,3902,4,11
1541,10,3886,3893,8,10
24658,14,3896,3896,1,14
12329,13,3894,3894,1,13
24659,14,3895,3895,1,14
49324,15,3898,3898,1,13
6165,12,3894,3896,3,12
49325,15,3897,3897,1,13
98666,16,3900,3900,1,13
6166,12,3901,3902,2,12
3083,11,3894,3898,5,11
98667,16,3899,3899,1,13
98686,16,3902,3902,1,13
6167,12,3899,3900,2,12
98687,16,3901,3901,1,13
49344,15,3904,3904,1,12
3084,11,3905,3907,3,11
1542,10,3908,3922,15,10
771,9,3886,3902,17,9
49345,15,3903,3903,1,12
12340,13,3906,3906,1,13
6170,12,3907,3907,1,12
3085,11,3903,3904,2,11
12341,13,3905,3905,1,13
6171,12,3905,3906,2,12
24688,14,3909,3909,1,13
6172,12,3910,3914,5,12
3086,11,3915,3922,8,11
1543,10,3903,3907,5,10
24689,14,3908,3908,1,13
1580300,20,3911,3911,1,15
49384,15,3912,3913,2,14
12346,13,3914,3914,1,13
6173,12,3908,3909,2,12
1580301,20,3910,3910,1,15
98770,16,3913,3913,1,15
49385,15,3910,3911,2,14
98771,16,3912,3912,1,15
12347,13,3910,3913,4,13
12348,13,3916,3917,2,13
6174,12,3918,3922,5,12
3087,11,3908,3914,7,11
24698,14,3917,3917,1,14
12349,13,3915,3915,1,13
24699,14,3916,3916,1,14
49400,15,3919,3919,1,14
12350,13,3920,3922,3,13
6175,12,3915,3917,3,12
49401,15,3918,3918,1,14
24702,14,3921,3922,2,14
12351,13,3918,3919,2,13
790518,19,3922,3922,1,15
24703,14,3920,3920,1,14
790519,19,3921,3921,1,15
6178,12,3924,3925,2,11
1544,10,3926,3936,11,10
772,9,3937,3951,15,9
386,8,3952,3976,25,8
193,7,3855,3922,68,7
395456,18,3925,3925,1,12
6179,12,3923,3923,1,11
395457,18,3924,3924,1,12
98880,16,3927,3927,1,15
49440,15,3928,3928,1,14
24720,14,3929,3929,1,13
6180,12,3930,3931,2,12
3090,11,3932,3936,5,11
1545,10,3923,3925,3,10
98881,16,3926,3926,1,15
49441,15,3926,3927,2,14
24721,14,3926,3928,3,13
98902,16,3931,3931,1,13
6181,12,3926,3929,4,12
98903,16,3930,3930,1,13
12364,13,3933,3935,3,13
6182,12,3936,3936,1,12
3091,11,3926,3931,6,11
24730,14,3934,3935,2,14
12365,13,3932,3932,1,13
49462,15,3935,3935,1,15
24731,14,3933,3933,1,14
49463,15,3934,3934,1,15
6183,12,3932,3935,4,12
12368,13,3938,3939,2,13
6184,12,3940,3943,4,12
3092,11,3944,3946,3,11
1546,10,3947,3951,5,10
773,9,3923,3936,14,9
98952,16,3939,3939,1,14
12369,13,3937,3937,1,13
98953,16,3938,3938,1,14
49484,15,3941,3942,2,14
24742,14,3943,3943,1,13
6185,12,3937,3939,3,12
98970,16,3942,3942,1,15
49485,15,3940,3940,1,14
98971,16,3941,3941,1,15
24743,14,3940,3942,3,13
24744,14,3945,3945,1,13
6186,12,3946,3946,1,12
3093,11,3937,3943,7,11
24745,14,3944,3944,1,13
6187,12,3944,3945,2,12
6188,12,3948,3948,1,12
3094,11,3949,3951,3,11
1547,10,3937,3946,10,10
6189,12,3947,3947,1,12
6190,12,3950,3951,2,12
3095,11,3947,3948,2,11
12382,13,3951,3951,1,13
6191,12,3949,3949,1,12
12383,13,3950,3950,1,13
24768,14,3953,3953,1,14
12384,13,3954,3954,1,13
6192,12,3955,3955,1,12
3096,11,3956,3958,3,11
1548,10,3959,3964,6,10
774,9,3965,3976,12,9
387,8,3923,3951,29,8
24769,14,3952,3952,1,14
12385,13,3952,3953,2,13
6193,12,3952,3954,3,12
12388,13,3957,3957,1,13
6194,12,3958,3958,1,12
3097,11,3952,3955,4,11
12389,13,3956,3956,1,13
6195,12,3956,3957,2,12
12392,13,3960,3961,2,13
6196,12,3962,3962,1,12
3098,11,3963,3964,2,11
1549,10,3952,3958,7,10
24786,14,3961,3961,1,14
12393,13,3959,3959,1,13
24787,14,3960,3960,1,14
6197,12,3959,3961,3,12
6198,12,3964,3964,1,12
3099,11,3959,3962,4,11
6199,12,3963,3963,1,12
3100,11,3966,3967,2,11
1550,10,3968,3976,9,10
775,9,3952,3964,13,9
99260,16,3967,3967,1,12
3101,11,3965,3965,1,11
99261,16,3966,3966,1,12
12408,13,3969,3970,2,13
6204,12,3971,3973,3,12
3102,11,3974,3976,3,11
1551,10,3965,3967,3,10
24818,14,3970,3970,1,14
12409,13,3968,3968,1,13
24819,14,3969,3969,1,14
12410,13,3972,3973,2,13
6205,12,3968,3970,3,12
24822,14,3973,3973,1,14
12411,13,3971,3971,1,13
24823,14,3972,3972,1,14
12412,13,3975,3975,1,13
6206,12,3976,3976,1,12
3103,11,3968,3973,6,11
12413,13,3974,3974,1,13
6207,12,3974,3975,2,12
794672,19,3978,3978,1,14
12416,13,3979,3980,2,13
6208,12,3981,3981,1,12
3104,11,3982,3984,3,11
1552,10,3985,3992,8,10
776,9,3993,4007,15,9
388,8,4008,4036,29,8
194,7,4037,4096,60,7
97,6,3855,3976,122,6
794673,19,3977,3977,1,14
49668,15,3980,3980,1,14
12417,13,3977,3978,2,13
49669,15,3979,3979,1,14
6209,12,3977,3980,4,12
6210,12,3983,3984,2,12
3105,11,3977,3981,5,11
397548,18,3984,3984,1,13
6211,12,3982,3982,1,12
397549,18,3983,3983,1,13
12424,13,3986,3987,2,13
6212,12,3988,3988,1,12
3106,11,3989,3992,4,11
1553,10,3977,3984,8,10
49702,15,3987,3987,1,14
12425,13,3985,3985,1,13
49703,15,3986,3986,1,14
6213,12,3985,3987,3,12
12428,13,3990,3990,1,13
6214,12,3991,3992,2,12
3107,11,3985,3988,4,11
12429,13,3989,3989,1,13
12430,13,3992,3992,1,13
6215,12,3989,3990,2,12
12431,13,3991,3991,1,13
12432,13,3994,3994,1,13
6216,12,3995,3996,2,12
3108,11,3997,4004,8,11
1554,10,4005,4007,3,10
777,9,3977,3992,16,9
12433,13,3993,3993,1,13
24870,14,3996,3996,1,13
6217,12,3993,3994,2,12
24871,14,3995,3995,1,13
24872,14,3998,3998,1,14
12436,13,3999,3999,1,13
6218,12,4000,4004,5,12
3109,11,3993,3996,4,11
24873,14,3997,3997,1,14
12437,13,3997,3998,2,13
24876,14,4001,4002,2,14
12438,13,4003,4004,2,13
6219,12,3997,3999,3,12
99510,16,4002,4002,1,15
24877,14,4000,4000,1,14
99511,16,4001,4001,1,15
49756,15,4004,4004,1,14
12439,13,4000,4002,3,13
49757,15,4003,4003,1,14
3110,11,4006,4007,2,11
1555,10,3993,4004,12,10
12446,13,4007,4007,1,12
3111,11,4005,4005,1,11
12447,13,4006,4006,1,12
3112,11,4009,4014,6,11
1556,10,4015,4022,8,10
778,9,4023,4036,14,9
389,8,3977,4007,31,8
49808,15,4010,4011,2,14
24904,14,4012,4012,1,13
6226,12,4013,4014,2,12
3113,11,4008,4008,1,11
199236,17,4011,4011,1,15
49809,15,4009,4009,1,14
199237,17,4010,4010,1,15
24905,14,4009,4011,3,13
12454,13,4014,4014,1,13
6227,12,4009,4012,4,12
12455,13,4013,4013,1,13
49824,15,4016,4016,1,14
24912,14,4017,4017,1,13
6228,12,4018,4020,3,12
3114,11,4021,4022,2,11
1557,10,4008,4014,7,10
49825,15,4015,4015,1,14
24913,14,4015,4016,2,13
24916,14,4019,4020,2,13
6229,12,4015,4017,3,12
99668,16,4020,4020,1,14
24917,14,4018,4018,1,13
99669,16,4019,4019,1,14
6230,12,4022,4022,1,12
3115,11,4015,4020,6,11
6231,12,4021,4021,1,12
6232,12,4024,4024,1,12
3116,11,4025,4030,6,11
1558,10,4031,4036,6,10
779,9,4008,4022,15,9
6233,12,4023,4023,1,12
12468,13,4026,4027,2,13
6234,12,4028,4030,3,12
3117,11,4023,4024,2,11
99758,16,4027,4027,1,14
12469,13,4025,4025,1,13
99759,16,4026,4026,1,14
12470,13,4029,4030,2,13
6235,12,4025,4027,3,12
24942,14,4030,4030,1,14
12471,13,4028,4028,1,13
24943,14,4029,4029,1,14
49890,15,4032,4032,1,13
12472,13,4033,4034,2,12
6236,12,4035,4036,2,11
1559,10,4023,4030,8,10
49891,15,4031,4031,1,13
24946,14,4034,4034,1,13
12473,13,4031,4032,2,12
24947,14,4033,4033,1,13
12474,13,4036,4036,1,12
6237,12,4031,4034,4,11
12475,13,4035,4035,1,12
6240,12,4038,4038,1,12
3120,11,4039,4045,7,11
1560,10,4046,4054,9,10
780,9,4055,4069,15,9
390,8,4070,4096,27,8
195,7,3977,4036,60,7
6241,12,4037,4037,1,12
49940,15,4040,4040,1,13
6242,12,4041,4045,5,12
3121,11,4037,4038,2,11
49941,15,4039,4039,1,13
24972,14,4042,4043,2,14
12486,13,4044,4045,2,13
6243,12,4039,4040,2,12
399582,18,4043,4043,1,15
24973,14,4041,4041,1,14
399583,18,4042,4042,1,15
49948,15,4045,4045,1,14
12487,13,4041,4043,3,13
49949,15,4044,4044,1,14
12488,13,4047,4048,2,13
6244,12,4049,4049,1,12
3122,11,4050,4054,5,11
1561,10,4037,4045,9,10
49958,15,4048,4048,1,14
12489,13,4046,4046,1,13
49959,15,4047,4047,1,14
6245,12,4046,4048,3,12
12492,13,4051,4052,2,13
6246,12,4053,4054,2,12
3123,11,4046,4049,4,11
24986,14,4052,4052,1,14
12493,13,4050,4050,1,13
24987,14,4051,4051,1,14
24990,14,4054,4054,1,13
6247,12,4050,4052,3,12
24991,14,4053,4053,1,13
6248,12,4056,4056,1,12
3124,11,4057,4062,6,11
1562,10,4063,4069,7,10
781,9,4037,4054,18,9
6249,12,4055,4055,1,12
12500,13,4058,4060,3,13
6250,12,4061,4062,2,12
3125,11,4055,4056,2,11
25002,14,4059,4060,2,14
12501,13,4057,4057,1,13
800100,19,4060,4060,1,15
25003,14,4058,4058,1,14
800101,19,4059,4059,1,15
12502,13,4062,4062,1,13
6251,12,4057,4060,4,12
12503,13,4061,4061,1,13
200108,17,4064,4064,1,13
12506,13,4065,4065,1,12
3126,11,4066,4069,4,11
1563,10,4055,4062,8,10
200109,17,4063,4063,1,13
12507,13,4063,4064,2,12
25018,14,4067,4067,1,13
6254,12,4068,4069,2,12
3127,11,4063,4065,3,11
25019,14,4066,4066,1,13
25020,14,4069,4069,1,13
6255,12,4066,4067,2,12
25021,14,4068,4068,1,13
50050,15,4071,4071,1,14
12512,13,4072,4072,1,13
6256,12,4073,4073,1,12
3128,11,4074,4078,5,11
1564,10,4079,4083,5,10
782,9,4084,4096,13,9
391,8,4037,4069,33,8
50051,15,4070,4070,1,14
12513,13,4070,4071,2,13
6257,12,4070,4072,3,12
25034,14,4075,4075,1,13
6258,12,4076,4078,3,12
3129,11,4070,4073,4,11
25035,14,4074,4074,1,13
1602422,20,4077,4077,1,14
12518,13,4078,4078,1,13
6259,12,4074,4075,2,12
1602423,20,4076,4076,1,14
12519,13,4076,4077,2,13
3130,11,4080,4083,4,11
1565,10,4070,4078,9,10
6262,12,4081,4083,3,12
3131,11,4079,4079,1,11
12526,13,4082,4083,2,13
6263,12,4080,4080,1,12
25054,14,4083,4083,1,14
12527,13,4081,4081,1,13
25055,14,4082,4082,1,14
6264,12,4085,4087,3,12
3132,11,4088,4089,2,11
1566,10,4090,4096,7,10
783,9,4070,4083,14,9
25060,14,4086,4086,1,14
12530,13,4087,4087,1,13
6265,12,4084,4084,1,12
25061,14,4085,4085,1,14
12531,13,4085,4086,2,13
6266,12,4089,4089,1,12
3133,11,4084,4087,4,11
6267,12,4088,4088,1,12
6268,12,4091,4092,2,12
3134,11,4093,4096,4,11
1567,10,4084,4089,6,10
100318,16,4092,4092,1,13
6269,12,4090,4090,1,12
100319,16,4091,4091,1,13
6270,12,4094,4096,3,12
3135,11,4090,4092,3,11
25084,14,4095,4095,1,14
12542,13,4096,4096,1,13
6271,12,4093,4093,1,12
25085,14,4094,4094,1,14
12543,13,4094,4095,2,13
100358,16,4098,4098,1,14
12544,13,4099,4099,1,13
6272,12,4100,4104,5,12
3136,11,4105,4111,7,11
1568,10,4112,4116,5,10
784,9,4117,4131,15,9
392,8,4132,4165,34,8
196,7,4166,4214,49,7
98,6,4215,4333,119,6
49,5,3855,4096,242,5
100359,16,4097,4097,1,14
12545,13,4097,4098,2,13
100370,16,4101,4101,1,14
12546,13,4102,4104,3,13
6273,12,4097,4099,3,12
100371,16,4100,4100,1,14
200760,17,4103,4103,1,15
50190,15,4104,4104,1,14
12547,13,4100,4101,2,13
200761,17,4102,4102,1,15
50191,15,4102,4103,2,14
100384,16,4106,4106,1,15
50192,15,4107,4107,1,14
12548,13,4108,4108,1,13
6274,12,4109,4111,3,12
3137,11,4097,4104,8,11
100385,16,4105,4105,1,15
50193,15,4105,4106,2,14
12549,13,4105,4107,3,13
50200,15,4110,4110,1,14
12550,13,4111,4111,1,13
6275,12,4105,4108,4,12
50201,15,4109,4109,1,14
12551,13,4109,4110,2,13
6276,12,4113,4114,2,12
3138,11,4115,4116,2,11
1569,10,4097,4111,15,10
12554,13,4114,4114,1,13
6277,12,4112,4112,1,12
12555,13,4113,4113,1,13
6278,12,4116,4116,1,12
3139,11,4112,4114,3,11
6279,12,4115,4115,1,12
200960,17,4118,4118,1,15
50240,15,4119,4119,1,14
12560,13,4120,4120,1,13
6280,12,4121,4122,2,12
3140,11,4123,4124,2,11
1570,10,4125,4131,7,10
785,9,4097,4116,20,9
200961,17,4117,4117,1,15
50241,15,4117,4118,2,14
12561,13,4117,4119,3,13
50254,15,4122,4122,1,13
6281,12,4117,4120,4,12
50255,15,4121,4121,1,13
25132,14,4124,4124,1,12
3141,11,4117,4122,6,11
25133,14,4123,4123,1,12
50274,15,4126,4126,1,14
12568,13,4127,4127,1,13
6284,12,4128,4129,2,12
3142,11,4130,4131,2,11
1571,10,4117,4124,8,10
50275,15,4125,4125,1,14
12569,13,4125,4126,2,13
12570,13,4129,4129,1,13
6285,12,4125,4127,3,12
12571,13,4128,4128,1,13
25144,14,4131,4131,1,12
3143,11,4125,4129,5,11
25145,14,4130,4130,1,12
6288,12,4133,4133,1,12
3144,11,4134,4136,3,11
1572,10,4137,4142,6,10
786,9,4143,4165,23,9
393,8,4097,4131,35,8
6289,12,4132,4132,1,12
12580,13,4135,4135,1,13
6290,12,4136,4136,1,12
3145,11,4132,4133,2,11
12581,13,4134,4134,1,13
6291,12,4134,4135,2,12
12584,13,4138,4138,1,13
6292,12,4139,4139,1,12
3146,11,4140,4142,3,11
1573,10,4132,4136,5,10
12585,13,4137,4137,1,13
6293,12,4137,4138,2,12
6294,12,4141,4142,2,12
3147,11,4137,4139,3,11
50362,15,4142,4142,1,13
6295,12,4140,4140,1,12
50363,15,4141,4141,1,13
100736,16,4144,4144,1,15
25184,14,4145,4146,2,14
12592,13,4147,4147,1,13
6296,12,4148,4152,5,12
3148,11,4153,4158,6,11
1574,10,4159,4165,7,10
787,9,4132,4142,11,9
100737,16,4143,4143,1,15
50370,15,4146,4146,1,15
25185,14,4143,4144,2,14
50371,15,4145,4145,1,15
12593,13,4143,4146,4,13
50376,15,4149,4149,1,15
25188,14,4150,4150,1,14
12594,13,4151,4152,2,13
6297,12,4143,4147,5,12
50377,15,4148,4148,1,15
25189,14,4148,4149,2,14
50380,15,4152,4152,1,14
12595,13,4148,4150,3,13
50381,15,4151,4151,1,14
25192,14,4154,4154,1,14
12596,13,4155,4155,1,13
6298,12,4156,4158,3,12
3149,11,4143,4152,10,11
25193,14,4153,4153,1,14
12597,13,4153,4154,2,13
25196,14,4157,4157,1,14
12598,13,4158,4158,1,13
6299,12,4153,4155,3,12
25197,14,4156,4156,1,14
12599,13,4156,4157,2,13
12600,13,4160,4161,2,13
6300,12,4162,4162,1,12
3150,11,4163,4165,3,11
1575,10,4143,4158,16,10
25202,14,4161,4161,1,14
12601,13,4159,4159,1,13
25203,14,4160,4160,1,14
6301,12,4159,4161,3,12
12604,13,4164,4165,2,12
3151,11,4159,4162,4,11
50422,15,4165,4165,1,13
12605,13,4163,4163,1,12
50423,15,4164,4164,1,13
403488,18,4167,4167,1,15
100872,16,4168,4168,1,14
25218,14,4169,4169,1,13
6304,12,4170,4170,1,12
3152,11,4171,4172,2,11
1576,10,4173,4178,6,10
788,9,4179,4191,13,9
394,8,4192,4214,23,8
197,7,4097,4165,69,7
403489,18,4166,4166,1,15
100873,16,4166,4167,2,14
25219,14,4166,4168,3,13
6305,12,4166,4169,4,12
6306,12,4172,4172,1,12
3153,11,4166,4170,5,11
6307,12,4171,4171,1,12
50468,15,4174,4174,1,13
6308,12,4175,4175,1,12
3154,11,4176,4178,3,11
1577,10,4166,4172,7,10
50469,15,4173,4173,1,13
6309,12,4173,4174,2,12
12622,13,4177,4178,2,12
3155,11,4173,4175,3,11
25246,14,4178,4178,1,13
12623,13,4176,4176,1,12
25247,14,4177,4177,1,13
25252,14,4180,4180,1,13
12626,13,4181,4181,1,12
3156,11,4182,4183,2,11
1578,10,4184,4191,8,10
789,9,4166,4178,13,9
25253,14,4179,4179,1,13
12627,13,4179,4180,2,12
6314,12,4183,4183,1,12
3157,11,4179,4181,3,11
6315,12,4182,4182,1,12
25264,14,4185,4185,1,14
12632,13,4186,4186,1,13
6316,12,4187,4189,3,12
3158,11,4190,4191,2,11
1579,10,4179,4183,5,10
25265,14,4184,4184,1,14
12633,13,4184,4185,2,13
12634,13,4188,4189,2,13
6317,12,4184,4186,3,12
25270,14,4189,4189,1,14
12635,13,4187,4187,1,13
25271,14,4188,4188,1,14
50550,15,4191,4191,1,12
3159,11,4184,4189,6,11
50551,15,4190,4190,1,12
25282,14,4193,4193,1,12
3160,11,4194,4194,1,11
1580,10,4195,4203,9,10
790,9,4204,4214,11,9
395,8,4166,4191,26,8
25283,14,4192,4192,1,12
3161,11,4192,4193,2,11
12648,13,4196,4197,2,13
6324,12,4198,4201,4,12
3162,11,4202,4203,2,11
1581,10,4192,4194,3,10
202398,17,4197,4197,1,14
12649,13,4195,4195,1,13
202399,17,4196,4196,1,14
101200,16,4199,4200,2,14
12650,13,4201,4201,1,13
6325,12,4195,4197,3,12
404804,18,4200,4200,1,15
101201,16,4198,4198,1,14
404805,18,4199,4199,1,15
12651,13,4198,4200,3,13
6326,12,4203,4203,1,12
3163,11,4195,4201,7,11
6327,12,4202,4202,1,12
6328,12,4205,4206,2,12
3164,11,4207,4210,4,11
1582,10,4211,4214,4,10
791,9,4192,4203,12,9
25316,14,4206,4206,1,13
6329,12,4204,4204,1,12
25317,14,4205,4205,1,13
6330,12,4208,4210,3,12
3165,11,4204,4206,3,11
12662,13,4209,4210,2,13
6331,12,4207,4207,1,12
101306,16,4210,4210,1,14
12663,13,4208,4208,1,13
101307,16,4209,4209,1,14
12664,13,4212,4212,1,12
3166,11,4213,4214,2,11
1583,10,4204,4210,7,10
12665,13,4211,4211,1,12
25336,14,4214,4214,1,12
3167,11,4211,4212,2,11
25337,14,4213,4213,1,12
6336,12,4216,4216,1,12
3168,11,4217,4218,2,11
1584,10,4219,4225,7,10
792,9,4226,4238,13,9
396,8,4239,4264,26,8
198,7,4265,4333,69,7
99,6,4097,4214,118,6
6337,12,4215,4215,1,12
12676,13,4218,4218,1,12
3169,11,4215,4216,2,11
12677,13,4217,4217,1,12
6340,12,4220,4221,2,12
3170,11,4222,4225,4,11
1585,10,4215,4218,4,10
12682,13,4221,4221,1,13
6341,12,4219,4219,1,12
12683,13,4220,4220,1,13
12684,13,4223,4223,1,13
6342,12,4224,4225,2,12
3171,11,4219,4221,3,11
12685,13,4222,4222,1,13
25374,14,4225,4225,1,13
6343,12,4222,4223,2,12
25375,14,4224,4224,1,13
50764,15,4227,4227,1,12
3172,11,4228,4231,4,11
1586,10,4232,4238,7,10
793,9,4215,4225,11,9
50765,15,4226,4226,1,12
25384,14,4229,4229,1,14
12692,13,4230,4230,1,13
6346,12,4231,4231,1,12
3173,11,4226,4227,2,11
25385,14,4228,4228,1,14
12693,13,4228,4229,2,13
6347,12,4228,4230,3,12
12698,13,4233,4233,1,12
3174,11,4234,4238,5,11
1587,10,4226,4231,6,10
12699,13,4232,4232,1,12
406460,18,4235,4235,1,13
6350,12,4236,4238,3,12
3175,11,4232,4233,2,11
406461,18,4234,4234,1,13
203236,17,4237,4237,1,14
12702,13,4238,4238,1,13
6351,12,4234,4235,2,12
203237,17,4236,4236,1,14
12703,13,4236,4237,2,13
6352,12,4240,4240,1,12
3176,11,4241,4244,4,11
1588,10,4245,4251,7,10
794,9,4252,4264,13,9
397,8,4215,4238,24,8
6353,12,4239,4239,1,12
12708,13,4242,4242,1,13
6354,12,4243,4244,2,12
3177,11,4239,4240,2,11
12709,13,4241,4241,1,13
50846,15,4244,4244,1,13
6355,12,4241,4242,2,12
50847,15,4243,4243,1,13
6356,12,4246,4247,2,12
3178,11,4248,4251,4,11
1589,10,4239,4244,6,10
12714,13,4247,4247,1,13
6357,12,4245,4245,1,12
12715,13,4246,4246,1,13
25434,14,4249,4249,1,13
6358,12,4250,4251,2,12
3179,11,4245,4247,3,11
25435,14,4248,4248,1,13
25436,14,4251,4251,1,13
6359,12,4248,4249,2,12
25437,14,4250,4250,1,13
6360,12,4253,4255,3,12
3180,11,4256,4259,4,11
1590,10,4260,4264,5,10
795,9,4239,4251,13,9
50890,15,4254,4254,1,14
12722,13,4255,4255,1,13
6361,12,4252,4252,1,12
50891,15,4253,4253,1,14
12723,13,4253,4254,2,13
50896,15,4257,4257,1,14
12724,13,4258,4258,1,13
6362,12,4259,4259,1,12
3181,11,4252,4255,4,11
50897,15,4256,4256,1,14
12725,13,4256,4257,2,13
6363,12,4256,4258,3,12
25456,14,4261,4261,1,13
12728,13,4262,4263,2,12
6364,12,4264,4264,1,11
1591,10,4252,4259,8,10
25457,14,4260,4260,1,13
25458,14,4263,4263,1,13
12729,13,4260,4261,2,12
25459,14,4262,4262,1,13
6365,12,4260,4263,4,11
25474,14,4266,4266,1,13
6368,12,4267,4270,4,12
3184,11,4271,4275,5,11
1592,10,4276,4285,10,10
796,9,4286,4302,17,9
398,8,4303,4333,31,8
199,7,4215,4264,50,7
25475,14,4265,4265,1,13
815288,19,4268,4268,1,14
12738,13,4269,4270,2,13
6369,12,4265,4266,2,12
815289,19,4267,4267,1,14
50958,15,4270,4270,1,14
12739,13,4267,4268,2,13
50959,15,4269,4269,1,14
203842,17,4272,4272,1,14
12740,13,4273,4273,1,13
6370,12,4274,4275,2,12
3185,11,4265,4270,6,11
203843,17,4271,4271,1,14
12741,13,4271,4272,2,13
25484,14,4275,4275,1,13
6371,12,4271,4273,3,12
25485,14,4274,4274,1,13
815650,19,4277,4277,1,14
12744,13,4278,4278,1,13
6372,12,4279,4280,2,12
3186,11,4281,4285,5,11
1593,10,4265,4275,11,10
815651,19,4276,4276,1,14
12745,13,4276,4277,2,13
12746,13,4280,4280,1,13
6373,12,4276,4278,3,12
12747,13,4279,4279,1,13
12748,13,4282,4282,1,13
6374,12,4283,4285,3,12
3187,11,4276,4280,5,11
12749,13,4281,4281,1,13
102004,16,4284,4284,1,14
12750,13,4285,4285,1,13
6375,12,4281,4282,2,12
102005,16,4283,4283,1,14
12751,13,4283,4284,2,13
204036,17,4287,4287,1,13
6376,12,4288,4288,1,12
3188,11,4289,4291,3,11
1594,10,4292,4302,11,10
797,9,4265,4285,21,9
204037,17,4286,4286,1,13
6377,12,4286,4287,2,12
12756,13,4290,4291,2,12
3189,11,4286,4288,3,11
51030,15,4291,4291,1,13
12757,13,4289,4289,1,12
51031,15,4290,4290,1,13
25520,14,4293,4293,1,14
12760,13,4294,4295,2,13
6380,12,4296,4299,4,12
3190,11,4300,4302,3,11
1595,10,4286,4291,6,10
25521,14,4292,4292,1,14
25522,14,4295,4295,1,14
12761,13,4292,4293,2,13
25523,14,4294,4294,1,14
102096,16,4297,4297,1,15
25524,14,4298,4298,1,14
12762,13,4299,4299,1,13
6381,12,4292,4295,4,12
102097,16,4296,4296,1,15
25525,14,4296,4297,2,14
12763,13,4296,4298,3,13
102134,16,4301,4301,1,13
12766,13,4302,4302,1,12
3191,11,4292,4299,8,11
102135,16,4300,4300,1,13
12767,13,4300,4301,2,12
6384,12,4304,4304,1,12
3192,11,4305,4308,4,11
1596,10,4309,4312,4,10
798,9,4313,4333,21,9
399,8,4265,4302,38,8
6385,12,4303,4303,1,12
12772,13,4306,4307,2,13
6386,12,4308,4308,1,12
3193,11,4303,4304,2,11
25546,14,4307,4307,1,14
12773,13,4305,4305,1,13
25547,14,4306,4306,1,14
6387,12,4305,4307,3,12
25554,14,4310,4310,1,12
3194,11,4311,4312,2,11
1597,10,4303,4308,6,10
25555,14,4309,4309,1,12
6390,12,4312,4312,1,12
3195,11,4309,4310,2,11
6391,12,4311,4311,1,12
12784,13,4314,4316,3,13
6392,12,4317,4318,2,12
3196,11,4319,4324,6,11
1598,10,4325,4333,9,10
799,9,4303,4312,10,9
25570,14,4315,4316,2,14
12785,13,4313,4313,1,13
51142,15,4316,4316,1,15
25571,14,4314,4314,1,14
51143,15,4315,4315,1,15
12786,13,4318,4318,1,13
6393,12,4313,4316,4,12
12787,13,4317,4317,1,13
12788,13,4320,4320,1,13
6394,12,4321,4324,4,12
3197,11,4313,4318,6,11
12789,13,4319,4319,1,13
25580,14,4322,4323,2,14
12790,13,4324,4324,1,13
6395,12,4319,4320,2,12
102324,16,4323,4323,1,15
25581,14,4321,4321,1,14
102325,16,4322,4322,1,15
12791,13,4321,4323,3,13
25586,14,4326,4326,1,13
6396,12,4327,4330,4,12
3198,11,4331,4333,3,11
1599,10,4313,4324,12,10
25587,14,4325,4325,1,13
25588,14,4328,4329,2,14
12794,13,4330,4330,1,13
6397,12,4325,4326,2,12
51178,15,4329,4329,1,15
25589,14,4327,4327,1,14
51179,15,4328,4328,1,15
12795,13,4327,4329,3,13
6398,12,4332,4333,2,12
3199,11,4325,4330,6,11
12798,13,4333,4333,1,13
6399,12,4331,4331,1,12
12799,13,4332,4332,1,13
25602,14,4335,4335,1,13
6400,12,4336,4336,1,12
3200,11,4337,4340,4,11
1600,10,4341,4344,4,10
800,9,4345,4370,26,9
400,8,4371,4396,26,8
200,7,4397,4453,57,7
100,6,4454,4571,118,6
50,5,4572,4834,263,5
25,4,3855,4333,479,4
25603,14,4334,4334,1,13
6401,12,4334,4335,2,12
102444,16,4338,4338,1,14
51222,15,4339,4339,1,13
6402,12,4340,4340,1,12
3201,11,4334,4336,3,11
102445,16,4337,4337,1,14
51223,15,4337,4338,2,13
6403,12,4337,4339,3,12
102486,16,4342,4342,1,13
12810,13,4343,4343,1,12
3202,11,4344,4344,1,11
1601,10,4334,4340,7,10
102487,16,4341,4341,1,13
12811,13,4341,4342,2,12
3203,11,4341,4343,3,11
12816,13,4346,4346,1,13
6408,12,4347,4351,5,12
3204,11,4352,4357,6,11
1602,10,4358,4370,13,10
801,9,4334,4344,11,9
12817,13,4345,4345,1,13
25636,14,4348,4348,1,14
12818,13,4349,4351,3,13
6409,12,4345,4346,2,12
25637,14,4347,4347,1,14
51276,15,4350,4351,2,14
12819,13,4347,4348,2,13
410220,18,4351,4351,1,15
51277,15,4349,4349,1,14
410221,18,4350,4350,1,15
205128,17,4353,4353,1,14
12820,13,4354,4354,1,13
6410,12,4355,4357,3,12
3205,11,4345,4351,7,11
205129,17,4352,4352,1,14
12821,13,4352,4353,2,13
12822,13,4356,4357,2,13
6411,12,4352,4354,3,12
51292,15,4357,4357,1,14
12823,13,4355,4355,1,13
51293,15,4356,4356,1,14
102596,16,4359,4359,1,13
6412,12,4360,4362,3,12
3206,11,4363,4370,8,11
1603,10,4345,4357,13,10
102597,16,4358,4358,1,13
205222,17,4361,4361,1,14
12826,13,4362,4362,1,13
6413,12,4358,4359,2,12
205223,17,4360,4360,1,14
12827,13,4360,4361,2,13
205268,17,4364,4364,1,15
102634,16,4365,4365,1,14
25658,14,4366,4366,1,13
6414,12,4367,4370,4,12
3207,11,4358,4362,5,11
205269,17,4363,4363,1,15
102635,16,4363,4364,2,14
25659,14,4363,4365,3,13
51320,15,4368,4368,1,15
25660,14,4369,4369,1,14
12830,13,4370,4370,1,13
6415,12,4363,4366,4,12
51321,15,4367,4367,1,15
25661,14,4367,4368,2,14
12831,13,4367,4369,3,13
3208,11,4372,4374,3,11
1604,10,4375,4380,6,10
802,9,4381,4396,16,9
401,8,4334,4370,37,8
6418,12,4373,4374,2,12
3209,11,4371,4371,1,11
51354,15,4374,4374,1,13
6419,12,4372,4372,1,12
51355,15,4373,4373,1,13
6420,12,4376,4376,1,12
3210,11,4377,4380,4,11
1605,10,4371,4374,4,10
6421,12,4375,4375,1,12
205508,17,4378,4378,1,14
25688,14,4379,4379,1,13
6422,12,4380,4380,1,12
3211,11,4375,4376,2,11
205509,17,4377,4377,1,14
25689,14,4377,4378,2,13
6423,12,4377,4379,3,12
12848,13,4382,4382,1,13
6424,12,4383,4383,1,12
3212,11,4384,4385,2,11
1606,10,4386,4396,11,10
803,9,4371,4380,10,9
12849,13,4381,4381,1,13
6425,12,4381,4382,2,12
6426,12,4385,4385,1,12
3213,11,4381,4383,3,11
6427,12,4384,4384,1,12
12856,13,4387,4387,1,13
6428,12,4388,4390,3,12
3214,11,4391,4396,6,11
1607,10,4381,4385,5,10
12857,13,4386,4386,1,13
102870,16,4389,4389,1,14
12858,13,4390,4390,1,13
6429,12,4386,4387,2,12
102871,16,4388,4388,1,14
12859,13,4388,4389,2,13
102880,16,4392,4392,1,13
6430,12,4393,4396,4,12
3215,11,4386,4390,5,11
102881,16,4391,4391,1,13
25724,14,4394,4394,1,14
12862,13,4395,4396,2,13
6431,12,4391,4392,2,12
25725,14,4393,4393,1,14
51454,15,4396,4396,1,14
12863,13,4393,4394,2,13
51455,15,4395,4395,1,14
12864,13,4398,4398,1,13
6432,12,4399,4401,3,12
3216,11,4402,4404,3,11
1608,10,4405,4413,9,10
804,9,4414,4429,16,9
402,8,4430,4453,24,8
201,7,4334,4396,63,7
12865,13,4397,4397,1,13
25732,14,4400,4400,1,14
12866,13,4401,4401,1,13
6433,12,4397,4398,2,12
25733,14,4399,4399,1,14
12867,13,4399,4400,2,13
6434,12,4403,4404,2,12
3217,11,4397,4401,5,11
12870,13,4404,4404,1,13
6435,12,4402,4402,1,12
12871,13,4403,4403,1,13
6436,12,4406,4407,2,12
3218,11,4408,4413,6,11
1609,10,4397,4404,8,10
25748,14,4407,4407,1,13
6437,12,4405,4405,1,12
25749,14,4406,4406,1,13
12876,13,4409,4411,3,13
6438,12,4412,4413,2,12
3219,11,4405,4407,3,11
25754,14,4410,4411,2,14
12877,13,4408,4408,1,13
206042,17,4411,4411,1,15
25755,14,4409,4409,1,14
206043,17,4410,4410,1,15
103028,16,4413,4413,1,13
6439,12,4408,4411,4,12
103029,16,4412,4412,1,13
25760,14,4415,4416,2,13
6440,12,4417,4417,1,12
3220,11,4418,4422,5,11
1610,10,4423,4429,7,10
805,9,4397,4413,17,9
51522,15,4416,4416,1,14
25761,14,4414,4414,1,13
51523,15,4415,4415,1,14
6441,12,4414,4416,3,12
6442,12,4419,4422,4,12
3221,11,4414,4417,4,11
25774,14,4420,4422,3,13
6443,12,4418,4418,1,12
51550,15,4421,4422,2,14
25775,14,4419,4419,1,13
206204,17,4422,4422,1,15
51551,15,4420,4420,1,14
206205,17,4421,4421,1,15
12888,13,4424,4426,3,13
6444,12,4427,4427,1,12
3222,11,4428,4429,2,11
1611,10,4414,4422,9,10
51556,15,4425,4425,1,15
25778,14,4426,4426,1,14
12889,13,4423,4423,1,13
51557,15,4424,4424,1,15
25779,14,4424,4425,2,14
6445,12,4423,4426,4,12
25784,14,4429,4429,1,12
3223,11,4423,4427,5,11
25785,14,4428,4428,1,12
3224,11,4431,4432,2,11
1612,10,4433,4437,5,10
806,9,4438,4453,16,9
403,8,4397,4429,33,8
6450,12,4432,4432,1,12
3225,11,4430,4430,1,11
6451,12,4431,4431,1,12
51626,15,4434,4434,1,13
12906,13,4435,4435,1,12
3226,11,4436,4437,2,11
1613,10,4430,4432,3,10
51627,15,4433,4433,1,13
12907,13,4433,4434,2,12
12910,13,4437,4437,1,12
3227,11,4433,4435,3,11
12911,13,4436,4436,1,12
6456,12,4439,4442,4,12
3228,11,4443,4446,4,11
1614,10,4447,4453,7,10
807,9,4430,4437,8,9
25828,14,4440,4441,2,14
12914,13,4442,4442,1,13
6457,12,4438,4438,1,12
103316,16,4441,4441,1,15
25829,14,4439,4439,1,14
103317,16,4440,4440,1,15
12915,13,4439,4441,3,13
25834,14,4444,4444,1,13
6458,12,4445,4446,2,12
3229,11,4438,4442,5,11
25835,14,4443,4443,1,13
12918,13,4446,4446,1,13
6459,12,4443,4444,2,12
12919,13,4445,4445,1,13
103360,16,4448,4448,1,14
51680,15,4449,4449,1,13
25840,14,4450,4450,1,12
3230,11,4451,4453,3,11
1615,10,4438,4446,9,10
103361,16,4447,4447,1,14
51681,15,4447,4448,2,13
25841,14,4447,4449,3,12
6462,12,4452,4453,2,12
3231,11,4447,4450,4,11
12926,13,4453,4453,1,13
6463,12,4451,4451,1,12
12927,13,4452,4452,1,13
25858,14,4455,4455,1,13
6464,12,4456,4457,2,12
3232,11,4458,4458,1,11
1616,10,4459,4468,10,10
808,9,4469,4481,13,9
404,8,4482,4508,27,8
202,7,4509,4571,63,7
101,6,4334,4453,120,6
25859,14,4454,4454,1,13
103442,16,4457,4457,1,13
6465,12,4454,4455,2,12
103443,16,4456,4456,1,13
3233,11,4454,4457,4,11
25872,14,4460,4460,1,14
12936,13,4461,4461,1,13
6468,12,4462,4463,2,12
3234,11,4464,4468,5,11
1617,10,4454,4458,5,10
25873,14,4459,4459,1,14
12937,13,4459,4460,2,13
103506,16,4463,4463,1,13
6469,12,4459,4461,3,12
103507,16,4462,4462,1,13
6470,12,4465,4468,4,12
3235,11,4459,4463,5,11
25884,14,4466,4467,2,14
12942,13,4468,4468,1,13
6471,12,4464,4464,1,12
207084,17,4467,4467,1,15
25885,14,4465,4465,1,14
207085,17,4466,4466,1,15
12943,13,4465,4467,3,13
6474,12,4470,4471,2,11
1618,10,4472,4481,10,10
809,9,4454,4468,15,9
12950,13,4471,4471,1,12
6475,12,4469,4469,1,11
12951,13,4470,4470,1,12
25906,14,4473,4473,1,13
6476,12,4474,4475,2,12
3238,11,4476,4481,6,11
1619,10,4469,4471,3,10
25907,14,4472,4472,1,13
25908,14,4475,4475,1,13
6477,12,4472,4473,2,12
25909,14,4474,4474,1,13
12956,13,4477,4477,1,13
6478,12,4478,4481,4,12
3239,11,4472,4475,4,11
12957,13,4476,4476,1,13
103666,16,4479,4479,1,15
25916,14,4480,4480,1,14
12958,13,4481,4481,1,13
6479,12,4476,4477,2,12
103667,16,4478,4478,1,15
25917,14,4478,4479,2,14
12959,13,4478,4480,3,13
12960,13,4483,4484,2,12
3240,11,4485,4488,4,11
1620,10,4489,4498,10,10
810,9,4499,4508,10,9
405,8,4454,4481,28,8
25922,14,4484,4484,1,13
12961,13,4482,4482,1,12
25923,14,4483,4483,1,13
51858,15,4486,4486,1,13
6482,12,4487,4488,2,12
3241,11,4482,4484,3,11
51859,15,4485,4485,1,13
12966,13,4488,4488,1,13
6483,12,4485,4486,2,12
12967,13,4487,4487,1,13
25936,14,4490,4491,2,14
12968,13,4492,4492,1,13
6484,12,4493,4494,2,12
3242,11,4495,4498,4,11
1621,10,4482,4488,7,10
51874,15,4491,4491,1,15
25937,14,4489,4489,1,14
51875,15,4490,4490,1,15
12969,13,4489,4491,3,13
12970,13,4494,4494,1,13
6485,12,4489,4492,4,12
12971,13,4493,4493,1,13
25944,14,4496,4496,1,14
12972,13,4497,4497,1,13
6486,12,4498,4498,1,12
3243,11,4489,4494,6,11
25945,14,4495,4495,1,14
12973,13,4495,4496,2,13
6487,12,4495,4497,3,12
103820,16,4500,4500,1,12
3244,11,4501,4506,6,11
1622,10,4507,4508,2,10
811,9,4482,4498,17,9
103821,16,4499,4499,1,12
25960,14,4502,4502,1,14
12980,13,4503,4503,1,13
6490,12,4504,4506,3,12
3245,11,4499,4500,2,11
25961,14,4501,4501,1,14
12981,13,4501,4502,2,13
12982,13,4505,4506,2,13
6491,12,4501,4503,3,12
51934,15,4506,4506,1,14
12983,13,4504,4504,1,13
51935,15,4505,4505,1,14
3246,11,4508,4508,1,11
1623,10,4499,4506,8,10
3247,11,4507,4507,1,11
6496,12,4510,4510,1,12
3248,11,4511,4514,4,11
1624,10,4515,4522,8,10
812,9,4523,4536,14,9
406,8,4537,4571,35,8
203,7,4454,4508,55,7
6497,12,4509,4509,1,12
6498,12,4512,4514,3,12
3249,11,4509,4510,2,11
51992,15,4513,4513,1,14
25996,14,4514,4514,1,13
6499,12,4511,4511,1,12
51993,15,4512,4512,1,14
25997,14,4512,4513,2,13
3250,11,4516,4522,7,11
1625,10,4509,4514,6,10
104040,16,4517,4517,1,13
6502,12,4518,4522,5,12
3251,11,4515,4515,1,11
104041,16,4516,4516,1,13
208112,17,4519,4519,1,14
26014,14,4520,4522,3,13
6503,12,4516,4517,2,12
208113,17,4518,4518,1,14
104062,16,4521,4522,2,14
26015,14,4518,4519,2,13
6660074,22,4522,4522,1,15
104063,16,4520,4520,1,14
6660075,22,4521,4521,1,15
13008,13,4524,4524,1,13
6504,12,4525,4527,3,12
3252,11,4528,4528,1,11
1626,10,4529,4536,8,10
813,9,4509,4522,14,9
13009,13,4523,4523,1,13
13010,13,4526,4527,2,13
6505,12,4523,4524,2,12
26022,14,4527,4527,1,14
13011,13,4525,4525,1,13
26023,14,4526,4526,1,14
3253,11,4523,4527,5,11
52068,15,4530,4530,1,14
26034,14,4531,4531,1,13
6508,12,4532,4533,2,12
3254,11,4534,4536,3,11
1627,10,4523,4528,6,10
52069,15,4529,4529,1,14
26035,14,4529,4530,2,13
26038,14,4533,4533,1,13
6509,12,4529,4531,3,12
26039,14,4532,4532,1,13
52080,15,4535,4535,1,13
6510,12,4536,4536,1,12
3255,11,4529,4533,5,11
52081,15,4534,4534,1,13
6511,12,4534,4535,2,12
13024,13,4538,4539,2,13
6512,12,4540,4542,3,12
3256,11,4543,4544,2,11
1628,10,4545,4550,6,10
814,9,4551,4571,21,9
407,8,4509,4536,28,8
26050,14,4539,4539,1,14
13025,13,4537,4537,1,13
26051,14,4538,4538,1,14
52104,15,4541,4541,1,14
13026,13,4542,4542,1,13
6513,12,4537,4539,3,12
52105,15,4540,4540,1,14
13027,13,4540,4541,2,13
6514,12,4544,4544,1,12
3257,11,4537,4542,6,11
6515,12,4543,4543,1,12
6516,12,4546,4547,2,12
3258,11,4548,4550,3,11
1629,10,4537,4544,8,10
13034,13,4547,4547,1,13
6517,12,4545,4545,1,12
13035,13,4546,4546,1,13
834476,19,4549,4549,1,13
52154,15,4550,4550,1,12
3259,11,4545,4547,3,11
834477,19,4548,4548,1,13
52155,15,4548,4549,2,12
52160,15,4552,4552,1,15
26080,14,4553,4554,2,14
13040,13,4555,4555,1,13
6520,12,4556,4556,1,12
3260,11,4557,4561,5,11
1630,10,4562,4571,10,10
815,9,4537,4550,14,9
52161,15,4551,4551,1,15
52162,15,4554,4554,1,15
26081,14,4551,4552,2,14
52163,15,4553,4553,1,15
13041,13,4551,4554,4,13
6521,12,4551,4555,5,12
13044,13,4558,4560,3,13
6522,12,4561,4561,1,12
3261,11,4551,4556,6,11
26090,14,4559,4560,2,14
13045,13,4557,4557,1,13
52182,15,4560,4560,1,15
26091,14,4558,4558,1,14
52183,15,4559,4559,1,15
6523,12,4557,4560,4,12
52194,15,4563,4563,1,13
6524,12,4564,4566,3,12
3262,11,4567,4571,5,11
1631,10,4551,4561,11,10
52195,15,4562,4562,1,13
13050,13,4565,4566,2,13
6525,12,4562,4563,2,12
26102,14,4566,4566,1,14
13051,13,4564,4564,1,13
26103,14,4565,4565,1,14
26106,14,4568,4568,1,13
6526,12,4569,4571,3,12
3263,11,4562,4566,5,11
26107,14,4567,4567,1,13
26108,14,4570,4570,1,14
13054,13,4571,4571,1,13
6527,12,4567,4568,2,12
26109,14,4569,4569,1,14
13055,13,4569,4570,2,13
104456,16,4573,4573,1,15
52228,15,4574,4574,1,14
26114,14,4575,4575,1,13
6528,12,4576,4580,5,12
3264,11,4581,4583,3,11
1632,10,4584,4590,7,10
816,9,4591,4608,18,9
408,8,4609,4651,43,8
204,7,4652,4723,72,7
102,6,4724,4834,111,6
51,5,4334,4571,238,5
104457,16,4572,4572,1,15
52229,15,4572,4573,2,14
26115,14,4572,4574,3,13
13058,13,4577,4580,4,13
6529,12,4572,4575,4,12
52236,15,4578,4579,2,15
26118,14,4580,4580,1,14
13059,13,4576,4576,1,13
104474,16,4579,4579,1,16
52237,15,4577,4577,1,15
104475,16,4578,4578,1,16
26119,14,4577,4579,3,14
26124,14,4582,4583,2,12
3265,11,4572,4580,9,11
836000,19,4583,4583,1,13
26125,14,4581,4581,1,12
836001,19,4582,4582,1,13
104516,16,4585,4585,1,14
13064,13,4586,4586,1,13
6532,12,4587,4588,2,12
3266,11,4589,4590,2,11
1633,10,4572,4583,12,10
104517,16,4584,4584,1,14
13065,13,4584,4585,2,13
13066,13,4588,4588,1,13
6533,12,4584,4586,3,12
13067,13,4587,4587,1,13
6534,12,4590,4590,1,12
3267,11,4584,4588,5,11
6535,12,4589,4589,1,12
26144,14,4592,4593,2,13
6536,12,4594,4595,2,12
3268,11,4596,4600,5,11
1634,10,4601,4608,8,10
817,9,4572,4590,19,9
104580,16,4593,4593,1,14
26145,14,4591,4591,1,13
104581,16,4592,4592,1,14
13074,13,4595,4595,1,13
6537,12,4591,4593,3,12
13075,13,4594,4594,1,13
52308,15,4597,4597,1,13
6538,12,4598,4600,3,12
3269,11,4591,4595,5,11
52309,15,4596,4596,1,13
26156,14,4599,4599,1,14
13078,13,4600,4600,1,13
6539,12,4596,4597,2,12
26157,14,4598,4598,1,14
13079,13,4598,4599,2,13
6540,12,4602,4604,3,12
3270,11,4605,4608,4,11
1635,10,4591,4600,10,10
52330,15,4603,4604,2,13
6541,12,4601,4601,1,12
418650,18,4604,4604,1,14
52331,15,4602,4602,1,13
418651,18,4603,4603,1,14
13084,13,4606,4606,1,13
6542,12,4607,4608,2,12
3271,11,4601,4604,4,11
13085,13,4605,4605,1,13
13086,13,4608,4608,1,13
6543,12,4605,4606,2,12
13087,13,4607,4607,1,13
13088,13,4610,4611,2,13
6544,12,4612,4614,3,12
3272,11,4615,4619,5,11
1636,10,4620,4633,14,10
818,9,4634,4651,18,9
409,8,4572,4608,37,8
104714,16,4611,4611,1,14
13089,13,4609,4609,1,13
104715,16,4610,4610,1,14
26180,14,4613,4613,1,14
13090,13,4614,4614,1,13
6545,12,4609,4611,3,12
26181,14,4612,4612,1,14
13091,13,4612,4613,2,13
52368,15,4616,4616,1,15
26184,14,4617,4617,1,14
13092,13,4618,4618,1,13
6546,12,4619,4619,1,12
3273,11,4609,4614,6,11
52369,15,4615,4615,1,15
26185,14,4615,4616,2,14
13093,13,4615,4617,3,13
6547,12,4615,4618,4,12
13096,13,4621,4621,1,13
6548,12,4622,4626,5,12
3274,11,4627,4633,7,11
1637,10,4609,4619,11,10
13097,13,4620,4620,1,13
52392,15,4623,4623,1,15
26196,14,4624,4624,1,14
13098,13,4625,4626,2,13
6549,12,4620,4621,2,12
52393,15,4622,4622,1,15
26197,14,4622,4623,2,14
209586,17,4626,4626,1,14
13099,13,4622,4624,3,13
209587,17,4625,4625,1,14
52400,15,4628,4628,1,14
13100,13,4629,4630,2,13
6550,12,4631,4633,3,12
3275,11,4620,4626,7,11
52401,15,4627,4627,1,14
26202,14,4630,4630,1,14
13101,13,4627,4628,2,13
26203,14,4629,4629,1,14
209646,17,4632,4632,1,14
13102,13,4633,4633,1,13
6551,12,4627,4630,4,12
209647,17,4631,4631,1,14
13103,13,4631,4632,2,13
419364,18,4635,4635,1,14
52420,15,4636,4636,1,13
6552,12,4637,4641,5,12
3276,11,4642,4644,3,11
1638,10,4645,4651,7,10
819,9,4609,4633,25,9
419365,18,4634,4634,1,14
52421,15,4634,4635,2,13
26212,14,4638,4638,1,14
13106,13,4639,4641,3,13
6553,12,4634,4636,3,12
26213,14,4637,4637,1,14
26214,14,4640,4641,2,14
13107,13,4637,4638,2,13
104862,16,4641,4641,1,15
26215,14,4639,4639,1,14
104863,16,4640,4640,1,15
26220,14,4643,4643,1,13
13110,13,4644,4644,1,12
3277,11,4634,4641,8,11
26221,14,4642,4642,1,13
13111,13,4642,4643,2,12
26224,14,4646,4646,1,13
6556,12,4647,4647,1,12
3278,11,4648,4651,4,11
1639,10,4634,4644,11,10
26225,14,4645,4645,1,13
6557,12,4645,4646,2,12
104938,16,4649,4649,1,13
26234,14,4650,4651,2,12
3279,11,4645,4647,3,11
104939,16,4648,4648,1,13
52470,15,4651,4651,1,13
26235,14,4648,4649,2,12
52471,15,4650,4650,1,13
13120,13,4653,4656,4,12
3280,11,4657,4662,6,11
1640,10,4663,4671,9,10
820,9,4672,4695,24,9
410,8,4696,4723,28,8
205,7,4572,4651,80,7
52484,15,4654,4655,2,14
26242,14,4656,4656,1,13
13121,13,4652,4652,1,12
104970,16,4655,4655,1,15
52485,15,4653,4653,1,14
104971,16,4654,4654,1,15
26243,14,4653,4655,3,13
52500,15,4658,4658,1,14
26250,14,4659,4660,2,13
6562,12,4661,4662,2,12
3281,11,4652,4656,5,11
52501,15,4657,4657,1,14
420018,18,4660,4660,1,14
26251,14,4657,4658,2,13
420019,18,4659,4659,1,14
105012,16,4662,4662,1,13
6563,12,4657,4660,4,12
105013,16,4661,4661,1,13
26256,14,4664,4664,1,14
13128,13,4665,4666,2,13
6564,12,4667,4667,1,12
3282,11,4668,4671,4,11
1641,10,4652,4662,11,10
26257,14,4663,4663,1,14
52516,15,4666,4666,1,14
13129,13,4663,4664,2,13
52517,15,4665,4665,1,14
6565,12,4663,4666,4,12
6566,12,4669,4671,3,12
3283,11,4663,4667,5,11
1681284,20,4670,4670,1,14
52540,15,4671,4671,1,13
6567,12,4668,4668,1,12
1681285,20,4669,4669,1,14
52541,15,4669,4670,2,13
13136,13,4673,4676,4,13
6568,12,4677,4679,3,12
3284,11,4680,4686,7,11
1642,10,4687,4695,9,10
821,9,4652,4671,20,9
105096,16,4674,4674,1,15
26274,14,4675,4676,2,14
13137,13,4672,4672,1,13
105097,16,4673,4673,1,15
210204,17,4676,4676,1,15
26275,14,4673,4674,2,14
210205,17,4675,4675,1,15
105106,16,4678,4678,1,14
13138,13,4679,4679,1,13
6569,12,4672,4676,5,12
105107,16,4677,4677,1,14
13139,13,4677,4678,2,13
26280,14,4681,4681,1,14
13140,13,4682,4682,1,13
6570,12,4683,4686,4,12
3285,11,4672,4679,8,11
26281,14,4680,4680,1,14
13141,13,4680,4681,2,13
26284,14,4684,4684,1,14
13142,13,4685,4686,2,13
6571,12,4680,4682,3,12
26285,14,4683,4683,1,14
26286,14,4686,4686,1,14
13143,13,4683,4684,2,13
26287,14,4685,4685,1,14
13144,13,4688,4688,1,12
3286,11,4689,4695,7,11
1643,10,4672,4686,15,10
13145,13,4687,4687,1,12
26296,14,4690,4690,1,14
13148,13,4691,4692,2,13
6574,12,4693,4695,3,12
3287,11,4687,4688,2,11
26297,14,4689,4689,1,14
26298,14,4692,4692,1,14
13149,13,4689,4690,2,13
26299,14,4691,4691,1,14
13150,13,4694,4695,2,13
6575,12,4689,4692,4,12
52606,15,4695,4695,1,14
13151,13,4693,4693,1,13
52607,15,4694,4694,1,14
1683554,20,4697,4697,1,13
6576,12,4698,4699,2,12
3288,11,4700,4700,1,11
1644,10,4701,4707,7,10
822,9,4708,4723,16,9
411,8,4652,4695,44,8
1683555,20,4696,4696,1,13
26310,14,4699,4699,1,13
6577,12,4696,4697,2,12
26311,14,4698,4698,1,13
3289,11,4696,4699,4,11
52640,15,4702,4703,2,13
6580,12,4704,4704,1,12
3290,11,4705,4707,3,11
1645,10,4696,4700,5,10
842264,19,4703,4703,1,14
52641,15,4701,4701,1,13
842265,19,4702,4702,1,14
6581,12,4701,4703,3,12
52656,15,4706,4706,1,13
26328,14,4707,4707,1,12
3291,11,4701,4704,4,11
52657,15,4705,4705,1,13
26329,14,4705,4706,2,12
210696,17,4709,4709,1,14
52674,15,4710,4710,1,13
6584,12,4711,4712,2,12
3292,11,4713,4715,3,11
1646,10,4716,4723,8,10
823,9,4696,4707,12,9
210697,17,4708,4708,1,14
52675,15,4708,4709,2,13
210732,17,4712,4712,1,13
6585,12,4708,4710,3,12
210733,17,4711,4711,1,13
6586,12,4714,4715,2,12
3293,11,4708,4712,5,11
13174,13,4715,4715,1,13
6587,12,4713,4713,1,12
13175,13,4714,4714,1,13
13176,13,4717,4717,1,13
6588,12,4718,4721,4,12
3294,11,4722,4723,2,11
1647,10,4708,4715,8,10
13177,13,4716,4716,1,13
52714,15,4719,4719,1,14
13178,13,4720,4721,2,13
6589,12,4716,4717,2,12
52715,15,4718,4718,1,14
26358,14,4721,4721,1,14
13179,13,4718,4719,2,13
26359,14,4720,4720,1,14
52728,15,4723,4723,1,12
3295,11,4716,4721,6,11
52729,15,4722,4722,1,12
3296,11,4725,4727,3,11
1648,10,4728,4734,7,10
824,9,4735,4746,12,9
412,8,4747,4771,25,8
206,7,4772,4834,63,7
103,6,4572,4723,152,6
13188,13,4726,4726,1,13
6594,12,4727,4727,1,12
3297,11,4724,4724,1,11
13189,13,4725,4725,1,13
6595,12,4725,4726,2,12
13192,13,4729,4729,1,13
6596,12,4730,4730,1,12
3298,11,4731,4734,4,11
1649,10,4724,4727,4,10
13193,13,4728,4728,1,13
6597,12,4728,4729,2,12
52788,15,4732,4732,1,14
26394,14,4733,4733,1,13
6598,12,4734,4734,1,12
3299,11,4728,4730,3,11
52789,15,4731,4731,1,14
26395,14,4731,4732,2,13
6599,12,4731,4733,3,12
6600,12,4736,4739,4,12
3300,11,4740,4743,4,11
1650,10,4744,4746,3,10
825,9,4724,4734,11,9
13202,13,4737,4739,3,13
6601,12,4735,4735,1,12
3379972,21,4738,4738,1,15
26406,14,4739,4739,1,14
13203,13,4736,4736,1,13
3379973,21,4737,4737,1,15
26407,14,4737,4738,2,14
13204,13,4741,4742,2,13
6602,12,4743,4743,1,12
3301,11,4735,4739,5,11
105646,16,4742,4742,1,14
13205,13,4740,4740,1,13
105647,16,4741,4741,1,14
6603,12,4740,4742,3,12
3302,11,4745,4746,2,11
1651,10,4735,4743,9,10
6606,12,4746,4746,1,12
3303,11,4744,4744,1,11
6607,12,4745,4745,1,12
26432,14,4748,4748,1,12
3304,11,4749,4751,3,11
1652,10,4752,4760,9,10
826,9,4761,4771,11,9
413,8,4724,4746,23,8
26433,14,4747,4747,1,12
6610,12,4750,4751,2,12
3305,11,4747,4748,2,11
26444,14,4751,4751,1,13
6611,12,4749,4749,1,12
26445,14,4750,4750,1,13
26448,14,4753,4753,1,14
13224,13,4754,4754,1,13
6612,12,4755,4759,5,12
3306,11,4760,4760,1,11
1653,10,4747,4751,5,10
26449,14,4752,4752,1,14
13225,13,4752,4753,2,13
13226,13,4756,4759,4,13
6613,12,4752,4754,3,12
211632,17,4757,4757,1,16
52908,15,4758,4758,1,15
26454,14,4759,4759,1,14
13227,13,4755,4755,1,13
211633,17,4756,4756,1,16
52909,15,4756,4757,2,15
26455,14,4756,4758,3,14
3307,11,4752,4759,8,11
6616,12,4762,4762,1,12
3308,11,4763,4766,4,11
1654,10,4767,4771,5,10
827,9,4747,4760,14,9
6617,12,4761,4761,1,12
13236,13,4764,4764,1,13
6618,12,4765,4766,2,12
3309,11,4761,4762,2,11
13237,13,4763,4763,1,13
52952,15,4766,4766,1,13
6619,12,4763,4764,2,12
52953,15,4765,4765,1,13
26482,14,4768,4768,1,13
6620,12,4769,4769,1,12
3310,11,4770,4771,2,11
1655,10,4761,4766,6,10
26483,14,4767,4767,1,13
6621,12,4767,4768,2,12
13244,13,4771,4771,1,12
3311,11,4767,4769,3,11
13245,13,4770,4770,1,12
3312,11,4773,4776,4,11
1656,10,4777,4793,17,10
828,9,4794,4809,16,9
414,8,4810,4834,25,8
207,7,4724,4771,48,7
13252,13,4774,4774,1,13
6626,12,4775,4776,2,12
3313,11,4772,4772,1,11
13253,13,4773,4773,1,13
13254,13,4776,4776,1,13
6627,12,4773,4774,2,12
13255,13,4775,4775,1,13
1696856,20,4778,4778,1,14
13256,13,4779,4779,1,13
6628,12,4780,4784,5,12
3314,11,4785,4793,9,11
1657,10,4772,4776,5,10
1696857,20,4777,4777,1,14
13257,13,4777,4778,2,13
53032,15,4781,4781,1,14
26516,14,4782,4784,3,13
6629,12,4777,4779,3,12
53033,15,4780,4780,1,14
424272,18,4783,4783,1,15
53034,15,4784,4784,1,14
26517,14,4780,4781,2,13
424273,18,4782,4782,1,15
53035,15,4782,4783,2,14
26520,14,4786,4787,2,14
13260,13,4788,4790,3,13
6630,12,4791,4793,3,12
3315,11,4777,4784,8,11
53042,15,4787,4787,1,15
26521,14,4785,4785,1,14
53043,15,4786,4786,1,15
53044,15,4789,4790,2,14
13261,13,4785,4787,3,13
106090,16,4790,4790,1,15
53045,15,4788,4788,1,14
106091,16,4789,4789,1,15
26524,14,4792,4792,1,14
13262,13,4793,4793,1,13
6631,12,4785,4790,6,12
26525,14,4791,4791,1,14
13263,13,4791,4792,2,13
212224,17,4795,4795,1,13
6632,12,4796,4797,2,12
3316,11,4798,4802,5,11
1658,10,4803,4809,7,10
829,9,4772,4793,22,9
212225,17,4794,4794,1,13
13266,13,4797,4797,1,13
6633,12,4794,4795,2,12
13267,13,4796,4796,1,13
6634,12,4799,4802,4,12
3317,11,4794,4797,4,11
106164,16,4800,4800,1,15
53082,15,4801,4801,1,14
13270,13,4802,4802,1,13
6635,12,4798,4798,1,12
106165,16,4799,4799,1,15
53083,15,4799,4800,2,14
13271,13,4799,4801,3,13
13274,13,4804,4804,1,12
3318,11,4805,4809,5,11
1659,10,4794,4802,9,10
13275,13,4803,4803,1,12
6638,12,4806,4809,4,12
3319,11,4803,4804,2,11
106224,16,4807,4808,2,14
13278,13,4809,4809,1,13
6639,12,4805,4805,1,12
212450,17,4808,4808,1,15
106225,16,4806,4806,1,14
212451,17,4807,4807,1,15
13279,13,4806,4808,3,13
6640,12,4811,4812,2,12
3320,11,4813,4817,5,11
1660,10,4818,4825,8,10
830,9,4826,4834,9,9
415,8,4772,4809,38,8
13282,13,4812,4812,1,13
6641,12,4810,4810,1,12
13283,13,4811,4811,1,13
26568,14,4814,4814,1,14
13284,13,4815,4815,1,13
6642,12,4816,4817,2,12
3321,11,4810,4812,3,11
26569,14,4813,4813,1,14
13285,13,4813,4814,2,13
26574,14,4817,4817,1,13
6643,12,4813,4815,3,12
26575,14,4816,4816,1,13
26578,14,4819,4819,1,13
6644,12,4820,4820,1,12
3322,11,4821,4825,5,11
1661,10,4810,4817,8,10
26579,14,4818,4818,1,13
6645,12,4818,4819,2,12
13292,13,4822,4822,1,13
6646,12,4823,4825,3,12
3323,11,4818,4820,3,11
13293,13,4821,4821,1,13
53176,15,4824,4824,1,14
26588,14,4825,4825,1,13
6647,12,4821,4822,2,12
53177,15,4823,4823,1,14
26589,14,4823,4824,2,13
6648,12,4827,4827,1,12
3324,11,4828,4828,1,11
1662,10,4829,4834,6,10
831,9,4810,4825,16,9
6649,12,4826,4826,1,12
3325,11,4826,4827,2,11
26608,14,4830,4830,1,13
6652,12,4831,4831,1,12
3326,11,4832,4834,3,11
1663,10,4826,4828,3,10
26609,14,4829,4829,1,13
6653,12,4829,4830,2,12
26616,14,4833,4833,1,13
6654,12,4834,4834,1,12
3327,11,4829,4831,3,11
26617,14,4832,4832,1,13
6655,12,4832,4833,2,12
13314,13,4836,4838,3,12
3328,11,4839,4841,3,11
1664,10,4842,4849,8,10
832,9,4850,4857,8,9
416,8,4858,4880,23,8
208,7,4881,4950,70,7
104,6,4951,5081,131,6
52,5,5082,5339,258,5
26,4,5340,5818,479,4
13,3,3855,4834,980,3
213040,17,4837,4837,1,14
53260,15,4838,4838,1,13
13315,13,4835,4835,1,12
213041,17,4836,4836,1,14
53261,15,4836,4837,2,13
53264,15,4840,4840,1,13
26632,14,4841,4841,1,12
3329,11,4835,4838,4,11
53265,15,4839,4839,1,13
26633,14,4839,4840,2,12
6660,12,4843,4846,4,12
3330,11,4847,4849,3,11
1665,10,4835,4841,7,10
13322,13,4844,4846,3,13
6661,12,4842,4842,1,12
26646,14,4845,4846,2,14
13323,13,4843,4843,1,13
106588,16,4846,4846,1,15
26647,14,4844,4844,1,14
106589,16,4845,4845,1,15
106592,16,4848,4848,1,13
6662,12,4849,4849,1,12
3331,11,4842,4846,5,11
106593,16,4847,4847,1,13
6663,12,4847,4848,2,12
13330,13,4851,4851,1,12
3332,11,4852,4855,4,11
1666,10,4856,4857,2,10
833,9,4835,4849,15,9
13331,13,4850,4850,1,12
53328,15,4853,4854,2,13
26664,14,4855,4855,1,12
3333,11,4850,4851,2,11
853274,19,4854,4854,1,14
53329,15,4852,4852,1,13
853275,19,4853,4853,1,14
26665,14,4852,4854,3,12
3334,11,4857,4857,1,11
1667,10,4850,4855,6,10
3335,11,4856,4856,1,11
3336,11,4859,4860,2,11
1668,10,4861,4867,7,10
834,9,4868,4880,13,9
417,8,4835,4857,23,8
6674,12,4860,4860,1,12
3337,11,4858,4858,1,11
6675,12,4859,4859,1,12
6676,12,4862,4863,2,12
3338,11,4864,4867,4,11
1669,10,4858,4860,3,10
427346,18,4863,4863,1,13
6677,12,4861,4861,1,12
427347,18,4862,4862,1,13
13358,13,4865,4867,3,12
3339,11,4861,4863,3,11
106876,16,4866,4867,2,13
13359,13,4864,4864,1,12
427508,18,4867,4867,1,14
106877,16,4865,4865,1,13
427509,18,4866,4866,1,14
53442,15,4869,4869,1,13
6680,12,4870,4870,1,12
3340,11,4871,4876,6,11
1670,10,4877,4880,4,10
835,9,4858,4867,10,9
53443,15,4868,4868,1,13
6681,12,4868,4869,2,12
13364,13,4872,4875,4,13
6682,12,4876,4876,1,12
3341,11,4868,4870,3,11
106920,16,4873,4874,2,15
26730,14,4875,4875,1,14
13365,13,4871,4871,1,13
6842966,22,4874,4874,1,16
106921,16,4872,4872,1,15
6842967,22,4873,4873,1,16
26731,14,4872,4874,3,14
6683,12,4871,4875,5,12
53492,15,4878,4878,1,12
6686,12,4879,4880,2,11
1671,10,4868,4876,9,10
53493,15,4877,4877,1,12
13374,13,4880,4880,1,12
6687,12,4877,4878,2,11
13375,13,4879,4879,1,12
3344,11,4882,4884,3,11
1672,10,4885,4895,11,10
836,9,4896,4914,19,9
418,8,4915,4950,36,8
209,7,4835,4880,46,7
3425592,21,4883,4883,1,13
26762,14,4884,4884,1,12
3345,11,4881,4881,1,11
3425593,21,4882,4882,1,13
26763,14,4882,4883,2,12
26768,14,4886,4887,2,13
6692,12,4888,4889,2,12
3346,11,4890,4895,6,11
1673,10,4881,4884,4,10
53538,15,4887,4887,1,14
26769,14,4885,4885,1,13
53539,15,4886,4886,1,14
53546,15,4889,4889,1,13
6693,12,4885,4887,3,12
53547,15,4888,4888,1,13
53558,15,4891,4891,1,13
6694,12,4892,4895,4,12
3347,11,4885,4889,5,11
53559,15,4890,4890,1,13
26780,14,4893,4893,1,14
13390,13,4894,4895,2,13
6695,12,4890,4891,2,12
26781,14,4892,4892,1,14
26782,14,4895,4895,1,14
13391,13,4892,4893,2,13
26783,14,4894,4894,1,14
13392,13,4897,4899,3,13
6696,12,4900,4901,2,12
3348,11,4902,4905,4,11
1674,10,4906,4914,9,10
837,9,4881,4895,15,9
26786,14,4898,4899,2,14
13393,13,4896,4896,1,13
107148,16,4899,4899,1,15
26787,14,4897,4897,1,14
107149,16,4898,4898,1,15
53580,15,4901,4901,1,13
6697,12,4896,4899,4,12
53581,15,4900,4900,1,13
13396,13,4903,4903,1,13
6698,12,4904,4905,2,12
3349,11,4896,4901,6,11
13397,13,4902,4902,1,13
26796,14,4905,4905,1,13
6699,12,4902,4903,2,12
26797,14,4904,4904,1,13
428806,18,4907,4907,1,14
13400,13,4908,4908,1,13
6700,12,4909,4910,2,12
3350,11,4911,4914,4,11
1675,10,4896,4905,10,10
428807,18,4906,4906,1,14
13401,13,4906,4907,2,13
26804,14,4910,4910,1,13
6701,12,4906,4908,3,12
26805,14,4909,4909,1,13
13404,13,4912,4912,1,13
6702,12,4913,4914,2,12
3351,11,4906,4910,5,11
13405,13,4911,4911,1,13
13406,13,4914,4914,1,13
6703,12,4911,4912,2,12
13407,13,4913,4913,1,13
1716268,20,4916,4916,1,14
26816,14,4917,4917,1,13
6704,12,4918,4921,4,12
3352,11,4922,4927,6,11
1676,10,4928,4934,7,10
838,9,4935,4950,16,9
419,8,4881,4914,34,8
1716269,20,4915,4915,1,14
26817,14,4915,4916,2,13
26820,14,4919,4919,1,14
13410,13,4920,4921,2,13
6705,12,4915,4917,3,12
26821,14,4918,4918,1,14
26822,14,4921,4921,1,14
13411,13,4918,4919,2,13
26823,14,4920,4920,1,14
13412,13,4923,4923,1,13
6706,12,4924,4927,4,12
3353,11,4915,4921,7,11
13413,13,4922,4922,1,13
13414,13,4925,4927,3,13
6707,12,4922,4923,2,12
26830,14,4926,4927,2,14
13415,13,4924,4924,1,13
53662,15,4927,4927,1,15
26831,14,4925,4925,1,14
53663,15,4926,4926,1,15
26834,14,4929,4929,1,13
6708,12,4930,4933,4,12
3354,11,4934,4934,1,11
1677,10,4915,4927,13,10
26835,14,4928,4928,1,13
429408,18,4931,4931,1,15
107352,16,4932,4932,1,14
26838,14,4933,4933,1,13
6709,12,4928,4929,2,12
429409,18,4930,4930,1,15
107353,16,4930,4931,2,14
26839,14,4930,4932,3,13
3355,11,4928,4933,6,11
107394,16,4936,4936,1,13
13424,13,4937,4937,1,12
3356,11,4938,4941,4,11
1678,10,4942,4950,9,10
839,9,4915,4934,20,9
107395,16,4935,4935,1,13
13425,13,4935,4936,2,12
53718,15,4939,4939,1,13
6714,12,4940,4941,2,12
3357,11,4935,4937,3,11
53719,15,4938,4938,1,13
13430,13,4941,4941,1,13
6715,12,4938,4939,2,12
13431,13,4940,4940,1,13
53728,15,4943,4943,1,14
13432,13,4944,4944,1,13
6716,12,4945,4945,1,12
3358,11,4946,4950,5,11
1679,10,4935,4941,7,10
53729,15,4942,4942,1,14
13433,13,4942,4943,2,13
6717,12,4942,4944,3,12
6718,12,4947,4950,4,12
3359,11,4942,4945,4,11
26876,14,4948,4948,1,14
13438,13,4949,4950,2,13
6719,12,4946,4946,1,12
26877,14,4947,4947,1,14
26878,14,4950,4950,1,14
13439,13,4947,4948,2,13
26879,14,4949,4949,1,14
6720,12,4952,4952,1,12
3360,11,4953,4955,3,11
1680,10,4956,4961,6,10
840,9,4962,4976,15,9
420,8,4977,5013,37,8
210,7,5014,5081,68,7
105,6,4835,4950,116,6
6721,12,4951,4951,1,12
13444,13,4954,4955,2,12
3361,11,4951,4952,2,11
53782,15,4955,4955,1,13
13445,13,4953,4953,1,12
53783,15,4954,4954,1,13
13450,13,4957,4958,2,12
3362,11,4959,4961,3,11
1681,10,4951,4955,5,10
26902,14,4958,4958,1,13
13451,13,4956,4956,1,12
26903,14,4957,4957,1,13
6726,12,4960,4961,2,12
3363,11,4956,4958,3,11
53818,15,4961,4961,1,13
6727,12,4959,4959,1,12
53819,15,4960,4960,1,13
13456,13,4963,4963,1,13
6728,12,4964,4965,2,12
3364,11,4966,4971,6,11
1682,10,4972,4976,5,10
841,9,4951,4961,11,9
13457,13,4962,4962,1,13
13458,13,4965,4965,1,13
6729,12,4962,4963,2,12
13459,13,4964,4964,1,13
13460,13,4967,4968,2,13
6730,12,4969,4971,3,12
3365,11,4962,4965,4,11
53844,15,4968,4968,1,14
13461,13,4966,4966,1,13
53845,15,4967,4967,1,14
26924,14,4970,4970,1,14
13462,13,4971,4971,1,13
6731,12,4966,4968,3,12
26925,14,4969,4969,1,14
13463,13,4969,4970,2,13
3366,11,4973,4976,4,11
1683,10,4962,4971,10,10
26936,14,4974,4974,1,14
13468,13,4975,4975,1,13
6734,12,4976,4976,1,12
3367,11,4972,4972,1,11
26937,14,4973,4973,1,14
13469,13,4973,4974,2,13
6735,12,4973,4975,3,12
53888,15,4978,4978,1,14
26944,14,4979,4979,1,13
6736,12,4980,4983,4,12
3368,11,4984,4988,5,11
1684,10,4989,4995,7,10
842,9,4996,5013,18,9
421,8,4951,4976,26,8
53889,15,4977,4977,1,14
26945,14,4977,4978,2,13
107792,16,4981,4981,1,14
13474,13,4982,4983,2,13
6737,12,4977,4979,3,12
107793,16,4980,4980,1,14
26950,14,4983,4983,1,14
13475,13,4980,4981,2,13
26951,14,4982,4982,1,14
6738,12,4985,4988,4,12
3369,11,4977,4983,7,11
107832,16,4986,4986,1,15
53916,15,4987,4987,1,14
26958,14,4988,4988,1,13
6739,12,4984,4984,1,12
107833,16,4985,4985,1,15
53917,15,4985,4986,2,14
26959,14,4985,4987,3,13
6740,12,4990,4993,4,12
3370,11,4994,4995,2,11
1685,10,4977,4988,12,10
53928,15,4991,4991,1,15
26964,14,4992,4992,1,14
13482,13,4993,4993,1,13
6741,12,4989,4989,1,12
53929,15,4990,4990,1,15
26965,14,4990,4991,2,14
13483,13,4990,4992,3,13
107876,16,4995,4995,1,12
3371,11,4989,4993,5,11
107877,16,4994,4994,1,12
13488,13,4997,4997,1,13
6744,12,4998,4999,2,12
3372,11,5000,5005,6,11
1686,10,5006,5013,8,10
843,9,4977,4995,19,9
13489,13,4996,4996,1,13
53964,15,4999,4999,1,13
6745,12,4996,4997,2,12
53965,15,4998,4998,1,13
53968,15,5001,5001,1,13
6746,12,5002,5005,4,12
3373,11,4996,4999,4,11
53969,15,5000,5000,1,13
215906,17,5003,5003,1,15
26988,14,5004,5004,1,14
13494,13,5005,5005,1,13
6747,12,5000,5001,2,12
215907,17,5002,5002,1,15
26989,14,5002,5003,2,14
13495,13,5002,5004,3,13
13496,13,5007,5007,1,13
6748,12,5008,5010,3,12
3374,11,5011,5013,3,11
1687,10,4996,5005,10,10
13497,13,5006,5006,1,13
13498,13,5009,5010,2,13
6749,12,5006,5007,2,12
26998,14,5010,5010,1,14
13499,13,5008,5008,1,13
26999,14,5009,5009,1,14
54000,15,5012,5012,1,13
6750,12,5013,5013,1,12
3375,11,5006,5010,5,11
54001,15,5011,5011,1,13
6751,12,5011,5012,2,12
13504,13,5015,5015,1,13
6752,12,5016,5017,2,12
3376,11,5018,5020,3,11
1688,10,5021,5028,8,10
844,9,5029,5046,18,9
422,8,5047,5081,35,8
211,7,4951,5013,63,7
13505,13,5014,5014,1,13
27014,14,5017,5017,1,13
6753,12,5014,5015,2,12
27015,14,5016,5016,1,13
27016,14,5019,5019,1,13
6754,12,5020,5020,1,12
3377,11,5014,5017,4,11
27017,14,5018,5018,1,13
6755,12,5018,5019,2,12
54050,15,5022,5022,1,14
13512,13,5023,5023,1,13
6756,12,5024,5024,1,12
3378,11,5025,5028,4,11
1689,10,5014,5020,7,10
54051,15,5021,5021,1,14
13513,13,5021,5022,2,13
6757,12,5021,5023,3,12
13516,13,5026,5027,2,13
6758,12,5028,5028,1,12
3379,11,5021,5024,4,11
54068,15,5027,5027,1,14
13517,13,5025,5025,1,13
54069,15,5026,5026,1,14
6759,12,5025,5027,3,12
108164,16,5030,5030,1,15
54082,15,5031,5032,2,14
13520,13,5033,5034,2,13
6760,12,5035,5036,2,12
3380,11,5037,5040,4,11
1690,10,5041,5046,6,10
845,9,5014,5028,15,9
108165,16,5029,5029,1,15
108166,16,5032,5032,1,15
54083,15,5029,5030,2,14
108167,16,5031,5031,1,15
27042,14,5034,5034,1,14
13521,13,5029,5032,4,13
27043,14,5033,5033,1,14
13522,13,5036,5036,1,13
6761,12,5029,5034,6,12
13523,13,5035,5035,1,13
6762,12,5038,5040,3,12
3381,11,5029,5036,8,11
13526,13,5039,5040,2,13
6763,12,5037,5037,1,12
27054,14,5040,5040,1,14
13527,13,5038,5038,1,13
27055,14,5039,5039,1,14
108226,16,5042,5042,1,14
13528,13,5043,5043,1,13
6764,12,5044,5045,2,12
3382,11,5046,5046,1,11
1691,10,5029,5040,12,10
108227,16,5041,5041,1,14
13529,13,5041,5042,2,13
108242,16,5045,5045,1,13
6765,12,5041,5043,3,12
108243,16,5044,5044,1,13
3383,11,5041,5045,5,11
6768,12,5048,5051,4,12
3384,11,5052,5055,4,11
1692,10,5056,5064,9,10
846,9,5065,5081,17,9
423,8,5014,5046,33,8
216610,17,5049,5049,1,14
27076,14,5050,5051,2,13
6769,12,5047,5047,1,12
216611,17,5048,5048,1,14
54154,15,5051,5051,1,14
27077,14,5048,5049,2,13
54155,15,5050,5050,1,14
27084,14,5053,5053,1,13
13542,13,5054,5055,2,12
3385,11,5047,5051,5,11
27085,14,5052,5052,1,13
108346,16,5055,5055,1,13
13543,13,5052,5053,2,12
108347,16,5054,5054,1,13
54182,15,5057,5057,1,13
6772,12,5058,5060,3,12
3386,11,5061,5064,4,11
1693,10,5047,5055,9,10
54183,15,5056,5056,1,13
54188,15,5059,5059,1,14
27094,14,5060,5060,1,13
6773,12,5056,5057,2,12
54189,15,5058,5058,1,14
27095,14,5058,5059,2,13
13548,13,5062,5062,1,13
6774,12,5063,5064,2,12
3387,11,5056,5060,5,11
13549,13,5061,5061,1,13
27102,14,5064,5064,1,13
6775,12,5061,5062,2,12
27103,14,5063,5063,1,13
27106,14,5066,5066,1,13
6776,12,5067,5068,2,12
3388,11,5069,5071,3,11
1694,10,5072,5081,10,10
847,9,5047,5064,18,9
27107,14,5065,5065,1,13
13554,13,5068,5068,1,13
6777,12,5065,5066,2,12
13555,13,5067,5067,1,13
27114,14,5070,5070,1,13
6778,12,5071,5071,1,12
3389,11,5065,5068,4,11
27115,14,5069,5069,1,13
6779,12,5069,5070,2,12
108482,16,5073,5073,1,14
13560,13,5074,5075,2,13
6780,12,5076,5076,1,12
3390,11,5077,5081,5,11
1695,10,5065,5071,7,10
108483,16,5072,5072,1,14
27122,14,5075,5075,1,14
13561,13,5072,5073,2,13
27123,14,5074,5074,1,14
6781,12,5072,5075,4,12
6782,12,5078,5081,4,12
3391,11,5072,5076,5,11
27132,14,5079,5081,3,13
6783,12,5077,5077,1,12
217064,17,5080,5080,1,15
108532,16,5081,5081,1,14
27133,14,5078,5078,1,13
217065,17,5079,5079,1,15
108533,16,5079,5080,2,14
13568,13,5083,5083,1,13
6784,12,5084,5085,2,12
3392,11,5086,5092,7,11
1696,10,5093,5097,5,10
848,9,5098,5116,19,9
424,8,5117,5144,28,8
212,7,5145,5205,61,7
106,6,5206,5339,134,6
53,5,4835,5081,247,5
13569,13,5082,5082,1,13
217136,17,5085,5085,1,13
6785,12,5082,5083,2,12
217137,17,5084,5084,1,13
13572,13,5087,5088,2,13
6786,12,5089,5092,4,12
3393,11,5082,5085,4,11
27146,14,5088,5088,1,14
13573,13,5086,5086,1,13
27147,14,5087,5087,1,14
13574,13,5090,5092,3,13
6787,12,5086,5088,3,12
217200,17,5091,5091,1,15
27150,14,5092,5092,1,14
13575,13,5089,5089,1,13
217201,17,5090,5090,1,15
27151,14,5090,5091,2,14
6788,12,5094,5094,1,12
3394,11,5095,5097,3,11
1697,10,5082,5092,11,10
6789,12,5093,5093,1,12
6790,12,5096,5097,2,12
3395,11,5093,5094,2,11
13582,13,5097,5097,1,13
6791,12,5095,5095,1,12
13583,13,5096,5096,1,13
13584,13,5099,5100,2,13
6792,12,5101,5102,2,12
3396,11,5103,5109,7,11
1698,10,5110,5116,7,10
849,9,5082,5097,16,9
27170,14,5100,5100,1,14
13585,13,5098,5098,1,13
27171,14,5099,5099,1,14
27174,14,5102,5102,1,13
6793,12,5098,5100,3,12
27175,14,5101,5101,1,13
27176,14,5104,5104,1,14
13588,13,5105,5105,1,13
6794,12,5106,5109,4,12
3397,11,5098,5102,5,11
27177,14,5103,5103,1,14
13589,13,5103,5104,2,13
54360,15,5107,5107,1,14
13590,13,5108,5109,2,13
6795,12,5103,5105,3,12
54361,15,5106,5106,1,14
27182,14,5109,5109,1,14
13591,13,5106,5107,2,13
27183,14,5108,5108,1,14
13592,13,5111,5111,1,13
6796,12,5112,5112,1,12
3398,11,5113,5116,4,11
1699,10,5098,5109,12,10
13593,13,5110,5110,1,13
6797,12,5110,5111,2,12
13596,13,5114,5114,1,13
6798,12,5115,5116,2,12
3399,11,5110,5112,3,11
13597,13,5113,5113,1,13
27198,14,5116,5116,1,13
6799,12,5113,5114,2,12
27199,14,5115,5115,1,13
13602,13,5118,5122,5,12
3400,11,5123,5123,1,11
1700,10,5124,5133,10,10
850,9,5134,5144,11,9
425,8,5082,5116,35,8
870606,19,5119,5119,1,15
54412,15,5120,5120,1,14
27206,14,5121,5122,2,13
13603,13,5117,5117,1,12
870607,19,5118,5118,1,15
54413,15,5118,5119,2,14
108830,16,5122,5122,1,14
27207,14,5118,5120,3,13
108831,16,5121,5121,1,14
3401,11,5117,5122,6,11
6804,12,5125,5128,4,12
3402,11,5129,5133,5,11
1701,10,5117,5123,7,10
27220,14,5126,5126,1,14
13610,13,5127,5128,2,13
6805,12,5124,5124,1,12
27221,14,5125,5125,1,14
27222,14,5128,5128,1,14
13611,13,5125,5126,2,13
27223,14,5127,5127,1,14
27224,14,5130,5131,2,13
13612,13,5132,5133,2,12
3403,11,5124,5128,5,11
54450,15,5131,5131,1,14
27225,14,5129,5129,1,13
54451,15,5130,5130,1,14
217818,17,5133,5133,1,13
13613,13,5129,5131,3,12
217819,17,5132,5132,1,13
13616,13,5135,5135,1,13
6808,12,5136,5137,2,12
3404,11,5138,5141,4,11
1702,10,5142,5144,3,10
851,9,5117,5133,17,9
13617,13,5134,5134,1,13
13618,13,5137,5137,1,13
6809,12,5134,5135,2,12
13619,13,5136,5136,1,13
27242,14,5139,5139,1,13
6810,12,5140,5141,2,12
3405,11,5134,5137,4,11
27243,14,5138,5138,1,13
13622,13,5141,5141,1,13
6811,12,5138,5139,2,12
13623,13,5140,5140,1,13
54520,15,5143,5143,1,12
13630,13,5144,5144,1,11
1703,10,5134,5141,8,10
54521,15,5142,5142,1,12
13631,13,5142,5143,2,11
6816,12,5146,5148,3,12
3408,11,5149,5150,2,11
1704,10,5151,5158,8,10
852,9,5159,5172,14,9
426,8,5173,5205,33,8
213,7,5082,5144,63,7
27268,14,5147,5147,1,14
13634,13,5148,5148,1,13
6817,12,5145,5145,1,12
27269,14,5146,5146,1,14
13635,13,5146,5147,2,13
6818,12,5150,5150,1,12
3409,11,5145,5148,4,11
6819,12,5149,5149,1,12
6820,12,5152,5152,1,12
3410,11,5153,5158,6,11
1705,10,5145,5150,6,10
6821,12,5151,5151,1,12
27288,14,5154,5154,1,14
13644,13,5155,5157,3,13
6822,12,5158,5158,1,12
3411,11,5151,5152,2,11
27289,14,5153,5153,1,14
27290,14,5156,5157,2,14
13645,13,5153,5154,2,13
873322,19,5157,5157,1,15
27291,14,5155,5155,1,14
873323,19,5156,5156,1,15
6823,12,5153,5157,5,12
27296,14,5160,5160,1,14
13648,13,5161,5162,2,13
6824,12,5163,5166,4,12
3412,11,5167,5168,2,11
1706,10,5169,5172,4,10
853,9,5145,5158,14,9
27297,14,5159,5159,1,14
218388,17,5162,5162,1,14
13649,13,5159,5160,2,13
218389,17,5161,5161,1,14
218404,17,5164,5164,1,14
13650,13,5165,5166,2,13
6825,12,5159,5162,4,12
218405,17,5163,5163,1,14
54604,15,5166,5166,1,14
13651,13,5163,5164,2,13
54605,15,5165,5165,1,14
27308,14,5168,5168,1,12
3413,11,5159,5166,8,11
27309,14,5167,5167,1,12
27312,14,5170,5170,1,12
3414,11,5171,5172,2,11
1707,10,5159,5168,10,10
27313,14,5169,5169,1,12
6830,12,5172,5172,1,12
3415,11,5169,5170,2,11
6831,12,5171,5171,1,12
54664,15,5174,5174,1,14
27332,14,5175,5175,1,13
13666,13,5176,5177,2,12
3416,11,5178,5180,3,11
1708,10,5181,5188,8,10
854,9,5189,5205,17,9
427,8,5145,5172,28,8
54665,15,5173,5173,1,14
27333,14,5173,5174,2,13
109340,16,5177,5177,1,13
13667,13,5173,5175,3,12
109341,16,5176,5176,1,13
13668,13,5179,5180,2,12
3417,11,5173,5177,5,11
54676,15,5180,5180,1,13
13669,13,5178,5178,1,12
54677,15,5179,5179,1,13
6836,12,5182,5184,3,12
3418,11,5185,5188,4,11
1709,10,5173,5180,8,10
27348,14,5183,5183,1,14
13674,13,5184,5184,1,13
6837,12,5181,5181,1,12
27349,14,5182,5182,1,14
13675,13,5182,5183,2,13
27352,14,5186,5186,1,13
6838,12,5187,5188,2,12
3419,11,5181,5184,4,11
27353,14,5185,5185,1,13
109438,16,5188,5188,1,13
6839,12,5185,5186,2,12
109439,16,5187,5187,1,13
13680,13,5190,5192,3,13
6840,12,5193,5194,2,12
3420,11,5195,5199,5,11
1710,10,5200,5205,6,10
855,9,5173,5188,16,9
27362,14,5191,5192,2,14
13681,13,5189,5189,1,13
54726,15,5192,5192,1,15
27363,14,5190,5190,1,14
54727,15,5191,5191,1,15
109462,16,5194,5194,1,13
6841,12,5189,5192,4,12
109463,16,5193,5193,1,13
875780,19,5196,5196,1,14
13684,13,5197,5197,1,13
6842,12,5198,5199,2,12
3421,11,5189,5194,6,11
875781,19,5195,5195,1,14
13685,13,5195,5196,2,13
27374,14,5199,5199,1,13
6843,12,5195,5197,3,12
27375,14,5198,5198,1,13
13688,13,5201,5202,2,12
6844,12,5203,5205,3,11
1711,10,5189,5199,11,10
109516,16,5202,5202,1,13
13689,13,5200,5200,1,12
109517,16,5201,5201,1,13
219042,17,5204,5204,1,13
54760,15,5205,5205,1,12
6845,12,5200,5202,3,11
219043,17,5203,5203,1,13
54761,15,5203,5204,2,12
109570,16,5207,5207,1,15
27392,14,5208,5208,1,14
13696,13,5209,5209,1,13
6848,12,5210,5211,2,12
3424,11,5212,5215,4,11
1712,10,5216,5229,14,10
856,9,5230,5240,11,9
428,8,5241,5273,33,8
214,7,5274,5339,66,7
107,6,5082,5205,124,6
109571,16,5206,5206,1,15
27393,14,5206,5207,2,14
13697,13,5206,5208,3,13
27398,14,5211,5211,1,13
6849,12,5206,5209,4,12
27399,14,5210,5210,1,13
27400,14,5213,5213,1,14
13700,13,5214,5214,1,13
6850,12,5215,5215,1,12
3425,11,5206,5211,6,11
27401,14,5212,5212,1,14
13701,13,5212,5213,2,13
6851,12,5212,5214,3,12
3508510,21,5217,5217,1,15
54820,15,5218,5218,1,14
27410,14,5219,5219,1,13
6852,12,5220,5224,5,12
3426,11,5225,5229,5,11
1713,10,5206,5215,10,10
3508511,21,5216,5216,1,15
54821,15,5216,5217,2,14
27411,14,5216,5218,3,13
219310,17,5221,5221,1,14
13706,13,5222,5224,3,13
6853,12,5216,5219,4,12
219311,17,5220,5220,1,14
54828,15,5223,5223,1,15
27414,14,5224,5224,1,14
13707,13,5220,5221,2,13
54829,15,5222,5222,1,15
27415,14,5222,5223,2,14
54834,15,5226,5226,1,14
13708,13,5227,5227,1,13
6854,12,5228,5229,2,12
3427,11,5216,5224,9,11
54835,15,5225,5225,1,14
13709,13,5225,5226,2,13
109690,16,5229,5229,1,13
6855,12,5225,5227,3,12
109691,16,5228,5228,1,13
54856,15,5231,5231,1,13
13714,13,5232,5232,1,12
3428,11,5233,5233,1,11
1714,10,5234,5240,7,10
857,9,5206,5229,24,9
54857,15,5230,5230,1,13
13715,13,5230,5231,2,12
3429,11,5230,5232,3,11
6860,12,5235,5236,2,12
3430,11,5237,5240,4,11
1715,10,5230,5233,4,10
13722,13,5236,5236,1,13
6861,12,5234,5234,1,12
13723,13,5235,5235,1,13
54906,15,5238,5238,1,13
13726,13,5239,5240,2,12
3431,11,5234,5236,3,11
54907,15,5237,5237,1,13
27454,14,5240,5240,1,13
13727,13,5237,5238,2,12
27455,14,5239,5239,1,13
13728,13,5242,5243,2,13
6864,12,5244,5245,2,12
3432,11,5246,5248,3,11
1716,10,5249,5256,8,10
858,9,5257,5273,17,9
429,8,5206,5240,35,8
54916,15,5243,5243,1,14
13729,13,5241,5241,1,13
54917,15,5242,5242,1,14
219686,17,5245,5245,1,13
6865,12,5241,5243,3,12
219687,17,5244,5244,1,13
27466,14,5247,5247,1,13
6866,12,5248,5248,1,12
3433,11,5241,5245,5,11
27467,14,5246,5246,1,13
6867,12,5246,5247,2,12
13738,13,5250,5252,3,12
3434,11,5253,5256,4,11
1717,10,5241,5248,8,10
219836,17,5251,5251,1,14
109918,16,5252,5252,1,13
13739,13,5249,5249,1,12
219837,17,5250,5250,1,14
109919,16,5250,5251,2,13
6870,12,5254,5256,3,12
3435,11,5249,5252,4,11
109940,16,5255,5255,1,14
13742,13,5256,5256,1,13
6871,12,5253,5253,1,12
109941,16,5254,5254,1,14
13743,13,5254,5255,2,13
6872,12,5258,5260,3,12
3436,11,5261,5261,1,11
1718,10,5262,5273,12,10
859,9,5241,5256,16,9
54986,15,5259,5259,1,14
13746,13,5260,5260,1,13
6873,12,5257,5257,1,12
54987,15,5258,5258,1,14
13747,13,5258,5259,2,13
3437,11,5257,5260,4,11
55008,15,5263,5263,1,15
27504,14,5264,5265,2,14
13752,13,5266,5266,1,13
6876,12,5267,5267,1,12
3438,11,5268,5273,6,11
1719,10,5257,5261,5,10
55009,15,5262,5262,1,15
55010,15,5265,5265,1,15
27505,14,5262,5263,2,14
55011,15,5264,5264,1,15
13753,13,5262,5265,4,13
6877,12,5262,5266,5,12
27512,14,5269,5270,2,14
13756,13,5271,5271,1,13
6878,12,5272,5273,2,12
3439,11,5262,5267,6,11
55026,15,5270,5270,1,15
27513,14,5268,5268,1,14
55027,15,5269,5269,1,15
13757,13,5268,5270,3,13
27516,14,5273,5273,1,13
6879,12,5268,5271,4,12
27517,14,5272,5272,1,13
110106,16,5275,5276,2,12
3440,11,5277,5281,5,11
1720,10,5282,5286,5,10
860,9,5287,5306,20,9
430,8,5307,5339,33,8
215,7,5206,5273,68,7
440430,18,5276,5276,1,13
110107,16,5274,5274,1,12
440431,18,5275,5275,1,13
55056,15,5278,5279,2,13
6882,12,5280,5281,2,12
3441,11,5274,5276,3,11
110114,16,5279,5279,1,14
55057,15,5277,5277,1,13
110115,16,5278,5278,1,14
27534,14,5281,5281,1,13
6883,12,5277,5279,3,12
27535,14,5280,5280,1,13
55078,15,5283,5283,1,13
6884,12,5284,5284,1,12
3442,11,5285,5286,2,11
1721,10,5274,5281,8,10
55079,15,5282,5282,1,13
6885,12,5282,5283,2,12
6886,12,5286,5286,1,12
3443,11,5282,5284,3,11
6887,12,5285,5285,1,12
110208,16,5288,5288,1,14
13776,13,5289,5289,1,13
6888,12,5290,5291,2,12
3444,11,5292,5296,5,11
1722,10,5297,5306,10,10
861,9,5274,5286,13,9
110209,16,5287,5287,1,14
13777,13,5287,5288,2,13
1763726,20,5291,5291,1,13
6889,12,5287,5289,3,12
1763727,20,5290,5290,1,13
55120,15,5293,5293,1,14
13780,13,5294,5295,2,13
6890,12,5296,5296,1,12
3445,11,5287,5291,5,11
55121,15,5292,5292,1,14
3528076,21,5295,5295,1,14
13781,13,5292,5293,2,13
3528077,21,5294,5294,1,14
6891,12,5292,5295,4,12
3446,11,5298,5306,9,11
1723,10,5287,5296,10,10
13788,13,5299,5302,4,13
6894,12,5303,5306,4,12
3447,11,5297,5297,1,11
55156,15,5300,5300,1,15
27578,14,5301,5302,2,14
13789,13,5298,5298,1,13
55157,15,5299,5299,1,15
110318,16,5302,5302,1,15
27579,14,5299,5300,2,14
110319,16,5301,5301,1,15
110324,16,5304,5304,1,15
55162,15,5305,5305,1,14
13790,13,5306,5306,1,13
6895,12,5298,5302,5,12
110325,16,5303,5303,1,15
55163,15,5303,5304,2,14
13791,13,5303,5305,3,13
13794,13,5308,5309,2,12
3448,11,5310,5315,6,11
1724,10,5316,5322,7,10
862,9,5323,5339,17,9
431,8,5274,5306,33,8
110366,16,5309,5309,1,13
13795,13,5307,5307,1,12
110367,16,5308,5308,1,13
1766092,20,5311,5311,1,13
6898,12,5312,5315,4,12
3449,11,5307,5309,3,11
1766093,20,5310,5310,1,13
13798,13,5313,5315,3,13
6899,12,5310,5311,2,12
55196,15,5314,5314,1,15
27598,14,5315,5315,1,14
13799,13,5312,5312,1,13
55197,15,5313,5313,1,15
27599,14,5313,5314,2,14
6900,12,5317,5319,3,12
3450,11,5320,5322,3,11
1725,10,5307,5315,9,10
27604,14,5318,5319,2,13
6901,12,5316,5316,1,12
220846,17,5319,5319,1,14
27605,14,5317,5317,1,13
220847,17,5318,5318,1,14
13804,13,5321,5321,1,13
6902,12,5322,5322,1,12
3451,11,5316,5319,4,11
13805,13,5320,5320,1,13
6903,12,5320,5321,2,12
13808,13,5324,5324,1,13
6904,12,5325,5327,3,12
3452,11,5328,5330,3,11
1726,10,5331,5339,9,10
863,9,5307,5322,16,9
13809,13,5323,5323,1,13
220978,17,5326,5326,1,14
27622,14,5327,5327,1,13
6905,12,5323,5324,2,12
220979,17,5325,5325,1,14
27623,14,5325,5326,2,13
6906,12,5329,5330,2,12
3453,11,5323,5327,5,11
110524,16,5330,5330,1,13
6907,12,5328,5328,1,12
110525,16,5329,5329,1,13
6908,12,5332,5333,2,12
3454,11,5334,5339,6,11
1727,10,5323,5330,8,10
13818,13,5333,5333,1,13
6909,12,5331,5331,1,12
13819,13,5332,5332,1,13
6910,12,5335,5339,5,12
3455,11,5331,5333,3,11
27644,14,5336,5336,1,14
13822,13,5337,5339,3,13
6911,12,5334,5334,1,12
27645,14,5335,5335,1,14
27646,14,5338,5339,2,14
13823,13,5335,5336,2,13
55294,15,5339,5339,1,15
27647,14,5337,5337,1,14
55295,15,5338,5338,1,15
13824,13,5341,5342,2,13
6912,12,5343,5347,5,12
3456,11,5348,5350,3,11
1728,10,5351,5359,9,10
864,9,5360,5376,17,9
432,8,5377,5405,29,8
216,7,5406,5464,59,7
108,6,5465,5588,124,6
54,5,5589,5818,230,5
27,4,4835,5339,505,4
27650,14,5342,5342,1,14
13825,13,5340,5340,1,13
27651,14,5341,5341,1,14
27652,14,5344,5345,2,14
13826,13,5346,5347,2,13
6913,12,5340,5342,3,12
7079386,22,5345,5345,1,15
27653,14,5343,5343,1,14
7079387,22,5344,5344,1,15
27654,14,5347,5347,1,14
13827,13,5343,5345,3,13
27655,14,5346,5346,1,14
13828,13,5349,5349,1,13
6914,12,5350,5350,1,12
3457,11,5340,5347,8,11
13829,13,5348,5348,1,13
6915,12,5348,5349,2,12
221312,17,5352,5353,2,14
13832,13,5354,5356,3,13
6916,12,5357,5357,1,12
3458,11,5358,5359,2,11
1729,10,5340,5350,11,10
442626,18,5353,5353,1,15
221313,17,5351,5351,1,14
442627,18,5352,5352,1,15
55332,15,5355,5355,1,15
27666,14,5356,5356,1,14
13833,13,5351,5353,3,13
55333,15,5354,5354,1,15
27667,14,5354,5355,2,14
6917,12,5351,5356,6,12
55350,15,5359,5359,1,12
3459,11,5351,5357,7,11
55351,15,5358,5358,1,12
55366,15,5361,5361,1,13
6920,12,5362,5365,4,12
3460,11,5366,5372,7,11
1730,10,5373,5376,4,10
865,9,5340,5359,20,9
55367,15,5360,5360,1,13
13842,13,5363,5365,3,13
6921,12,5360,5361,2,12
221488,17,5364,5364,1,15
110744,16,5365,5365,1,14
13843,13,5362,5362,1,13
221489,17,5363,5363,1,15
110745,16,5363,5364,2,14
27688,14,5367,5367,1,13
6922,12,5368,5372,5,12
3461,11,5360,5365,6,11
27689,14,5366,5366,1,13
110772,16,5369,5369,1,15
55386,15,5370,5370,1,14
13846,13,5371,5372,2,13
6923,12,5366,5367,2,12
110773,16,5368,5368,1,15
55387,15,5368,5369,2,14
110776,16,5372,5372,1,14
13847,13,5368,5370,3,13
110777,16,5371,5371,1,14
3462,11,5374,5376,3,11
1731,10,5360,5372,13,10
6926,12,5375,5376,2,12
3463,11,5373,5373,1,11
55416,15,5376,5376,1,13
6927,12,5374,5374,1,12
55417,15,5375,5375,1,13
6928,12,5378,5378,1,12
3464,11,5379,5381,3,11
1732,10,5382,5388,7,10
866,9,5389,5405,17,9
433,8,5340,5376,37,8
6929,12,5377,5377,1,12
13860,13,5380,5380,1,13
6930,12,5381,5381,1,12
3465,11,5377,5378,2,11
13861,13,5379,5379,1,13
6931,12,5379,5380,2,12
13864,13,5383,5384,2,13
6932,12,5385,5385,1,12
3466,11,5386,5388,3,11
1733,10,5377,5381,5,10
221852,17,5384,5384,1,14
13865,13,5382,5382,1,13
221853,17,5383,5383,1,14
6933,12,5382,5384,3,12
6934,12,5387,5388,2,12
3467,11,5382,5385,4,11
13870,13,5388,5388,1,13
6935,12,5386,5386,1,12
13871,13,5387,5387,1,13
27744,14,5390,5391,2,13
6936,12,5392,5394,3,12
3468,11,5395,5400,6,11
1734,10,5401,5405,5,10
867,9,5377,5388,12,9
443932,18,5391,5391,1,14
27745,14,5389,5389,1,13
443933,18,5390,5390,1,14
13874,13,5393,5394,2,13
6937,12,5389,5391,3,12
27750,14,5394,5394,1,14
13875,13,5392,5392,1,13
27751,14,5393,5393,1,14
13876,13,5396,5398,3,13
6938,12,5399,5400,2,12
3469,11,5389,5394,6,11
55508,15,5397,5397,1,15
27754,14,5398,5398,1,14
13877,13,5395,5395,1,13
55509,15,5396,5396,1,15
27755,14,5396,5397,2,14
13878,13,5400,5400,1,13
6939,12,5395,5398,4,12
13879,13,5399,5399,1,13
55524,15,5402,5402,1,13
6940,12,5403,5403,1,12
3470,11,5404,5405,2,11
1735,10,5389,5400,12,10
55525,15,5401,5401,1,13
6941,12,5401,5402,2,12
27772,14,5405,5405,1,12
3471,11,5401,5403,3,11
27773,14,5404,5404,1,12
13888,13,5407,5407,1,13
6944,12,5408,5410,3,12
3472,11,5411,5412,2,11
1736,10,5413,5420,8,10
868,9,5421,5438,18,9
434,8,5439,5464,26,8
217,7,5340,5405,66,7
13889,13,5406,5406,1,13
27780,14,5409,5409,1,14
13890,13,5410,5410,1,13
6945,12,5406,5407,2,12
27781,14,5408,5408,1,14
13891,13,5408,5409,2,13
6946,12,5412,5412,1,12
3473,11,5406,5410,5,11
6947,12,5411,5411,1,12
6948,12,5414,5415,2,12
3474,11,5416,5420,5,11
1737,10,5406,5412,7,10
111184,16,5415,5415,1,13
6949,12,5413,5413,1,12
111185,16,5414,5414,1,13
111202,16,5417,5417,1,14
13900,13,5418,5419,2,13
6950,12,5420,5420,1,12
3475,11,5413,5415,3,11
111203,16,5416,5416,1,14
27802,14,5419,5419,1,14
13901,13,5416,5417,2,13
27803,14,5418,5418,1,14
6951,12,5416,5419,4,12
13904,13,5422,5423,2,13
6952,12,5424,5424,1,12
3476,11,5425,5429,5,11
1738,10,5430,5438,9,10
869,9,5406,5420,15,9
55620,15,5423,5423,1,14
13905,13,5421,5421,1,13
55621,15,5422,5422,1,14
6953,12,5421,5423,3,12
27816,14,5426,5427,2,14
13908,13,5428,5428,1,13
6954,12,5429,5429,1,12
3477,11,5421,5424,4,11
111270,16,5427,5427,1,15
27817,14,5425,5425,1,14
111271,16,5426,5426,1,15
13909,13,5425,5427,3,13
6955,12,5425,5428,4,12
27824,14,5431,5431,1,14
13912,13,5432,5432,1,13
6956,12,5433,5433,1,12
3478,11,5434,5438,5,11
1739,10,5421,5429,9,10
27825,14,5430,5430,1,14
13913,13,5430,5431,2,13
6957,12,5430,5432,3,12
27832,14,5435,5435,1,14
13916,13,5436,5436,1,13
6958,12,5437,5438,2,12
3479,11,5430,5433,4,11
27833,14,5434,5434,1,14
13917,13,5434,5435,2,13
27836,14,5438,5438,1,13
6959,12,5434,5436,3,12
27837,14,5437,5437,1,13
13924,13,5440,5440,1,12
6962,12,5441,5443,3,11
1740,10,5444,5448,5,10
870,9,5449,5464,16,9
435,8,5406,5438,33,8
13925,13,5439,5439,1,12
13926,13,5442,5443,2,12
6963,12,5439,5440,2,11
27854,14,5443,5443,1,13
13927,13,5441,5441,1,12
27855,14,5442,5442,1,13
6964,12,5445,5448,4,11
1741,10,5439,5443,5,10
27860,14,5446,5447,2,13
13930,13,5448,5448,1,12
6965,12,5444,5444,1,11
55722,15,5447,5447,1,14
27861,14,5445,5445,1,13
55723,15,5446,5446,1,14
13931,13,5445,5447,3,12
6968,12,5450,5450,1,12
3484,11,5451,5452,2,11
1742,10,5453,5464,12,10
871,9,5439,5448,10,9
6969,12,5449,5449,1,12
13942,13,5452,5452,1,12
3485,11,5449,5450,2,11
13943,13,5451,5451,1,12
55776,15,5454,5454,1,14
13944,13,5455,5455,1,13
6972,12,5456,5459,4,12
3486,11,5460,5464,5,11
1743,10,5449,5452,4,10
55777,15,5453,5453,1,14
13945,13,5453,5454,2,13
27892,14,5457,5459,3,13
6973,12,5453,5455,3,12
111572,16,5458,5458,1,15
55786,15,5459,5459,1,14
27893,14,5456,5456,1,13
111573,16,5457,5457,1,15
55787,15,5457,5458,2,14
13948,13,5461,5461,1,13
6974,12,5462,5464,3,12
3487,11,5453,5459,7,11
13949,13,5460,5460,1,13
3571444,21,5463,5463,1,14
13950,13,5464,5464,1,13
6975,12,5460,5461,2,12
3571445,21,5462,5462,1,14
13951,13,5462,5463,2,13
3488,11,5466,5474,9,11
1744,10,5475,5483,9,10
872,9,5484,5501,18,9
436,8,5502,5531,30,8
218,7,5532,5588,57,7
109,6,5340,5464,125,6
6978,12,5467,5474,8,12
3489,11,5465,5465,1,11
446662,18,5468,5468,1,16
55832,15,5469,5469,1,15
27916,14,5470,5470,1,14
13958,13,5471,5474,4,13
6979,12,5466,5466,1,12
446663,18,5467,5467,1,16
55833,15,5467,5468,2,15
27917,14,5467,5469,3,14
55836,15,5472,5472,1,15
27918,14,5473,5474,2,14
13959,13,5467,5470,4,13
55837,15,5471,5471,1,15
55838,15,5474,5474,1,15
27919,14,5471,5472,2,14
55839,15,5473,5473,1,15
6980,12,5476,5480,5,12
3490,11,5481,5483,3,11
1745,10,5465,5474,10,10
55848,15,5477,5477,1,15
27924,14,5478,5478,1,14
13962,13,5479,5480,2,13
6981,12,5475,5475,1,12
55849,15,5476,5476,1,15
27925,14,5476,5477,2,14
111706,16,5480,5480,1,14
13963,13,5476,5478,3,13
111707,16,5479,5479,1,14
111712,16,5482,5482,1,13
27928,14,5483,5483,1,12
3491,11,5475,5480,6,11
111713,16,5481,5481,1,13
27929,14,5481,5482,2,12
55872,15,5485,5486,2,14
13968,13,5487,5489,3,13
6984,12,5490,5491,2,12
3492,11,5492,5495,4,11
1746,10,5496,5501,6,10
873,9,5465,5483,19,9
223494,17,5486,5486,1,15
55873,15,5484,5484,1,14
223495,17,5485,5485,1,15
27938,14,5488,5489,2,14
13969,13,5484,5486,3,13
223516,17,5489,5489,1,15
27939,14,5487,5487,1,14
223517,17,5488,5488,1,15
111764,16,5491,5491,1,13
6985,12,5484,5489,6,12
111765,16,5490,5490,1,13
55892,15,5493,5493,1,13
6986,12,5494,5495,2,12
3493,11,5484,5491,8,11
55893,15,5492,5492,1,13
55902,15,5495,5495,1,13
6987,12,5492,5493,2,12
55903,15,5494,5494,1,13
27954,14,5497,5497,1,12
3494,11,5498,5501,4,11
1747,10,5484,5495,12,10
27955,14,5496,5496,1,12
13980,13,5499,5501,3,12
3495,11,5496,5497,2,11
111850,16,5500,5500,1,14
27962,14,5501,5501,1,13
13981,13,5498,5498,1,12
111851,16,5499,5499,1,14
27963,14,5499,5500,2,13
111886,16,5503,5503,1,13
6992,12,5504,5505,2,12
3496,11,5506,5512,7,11
1748,10,5513,5523,11,10
874,9,5524,5531,8,9
437,8,5465,5501,37,8
111887,16,5502,5502,1,13
13986,13,5505,5505,1,13
6993,12,5502,5503,2,12
13987,13,5504,5504,1,13
13988,13,5507,5507,1,13
6994,12,5508,5512,5,12
3497,11,5502,5505,4,11
13989,13,5506,5506,1,13
13990,13,5509,5512,4,13
6995,12,5506,5507,2,12
27982,14,5510,5512,3,14
13991,13,5508,5508,1,13
111932,16,5511,5511,1,16
55966,15,5512,5512,1,15
27983,14,5509,5509,1,14
111933,16,5510,5510,1,16
55967,15,5510,5511,2,15
27988,14,5514,5515,2,13
13994,13,5516,5517,2,12
3498,11,5518,5523,6,11
1749,10,5502,5512,11,10
55978,15,5515,5515,1,14
27989,14,5513,5513,1,13
55979,15,5514,5514,1,14
27990,14,5517,5517,1,13
13995,13,5513,5515,3,12
27991,14,5516,5516,1,13
27992,14,5519,5519,1,14
13996,13,5520,5520,1,13
6998,12,5521,5523,3,12
3499,11,5513,5517,5,11
27993,14,5518,5518,1,14
13997,13,5518,5519,2,13
13998,13,5522,5523,2,13
6999,12,5518,5520,3,12
27998,14,5523,5523,1,14
13999,13,5521,5521,1,13
27999,14,5522,5522,1,14
14000,13,5525,5526,2,12
3500,11,5527,5527,1,11
1750,10,5528,5531,4,10
875,9,5502,5523,22,9
28002,14,5526,5526,1,13
14001,13,5524,5524,1,12
28003,14,5525,5525,1,13
3501,11,5524,5526,3,11
14010,13,5529,5529,1,12
3502,11,5530,5531,2,11
1751,10,5524,5527,4,10
14011,13,5528,5528,1,12
7006,12,5531,5531,1,12
3503,11,5528,5529,2,11
7007,12,5530,5530,1,12
112180,16,5533,5533,1,12
56090,15,5534,5534,1,11
1752,10,5535,5540,6,10
876,9,5541,5558,18,9
438,8,5559,5588,30,8
219,7,5465,5531,67,7
112181,16,5532,5532,1,12
56091,15,5532,5533,2,11
7012,12,5536,5536,1,12
3506,11,5537,5540,4,11
1753,10,5532,5534,3,10
7013,12,5535,5535,1,12
14028,13,5538,5538,1,13
7014,12,5539,5540,2,12
3507,11,5535,5536,2,11
14029,13,5537,5537,1,13
56126,15,5540,5540,1,13
7015,12,5537,5538,2,12
56127,15,5539,5539,1,13
56130,15,5542,5542,1,14
14032,13,5543,5544,2,13
7016,12,5545,5545,1,12
3508,11,5546,5551,6,11
1754,10,5552,5558,7,10
877,9,5532,5540,9,9
56131,15,5541,5541,1,14
28066,14,5544,5544,1,14
14033,13,5541,5542,2,13
28067,14,5543,5543,1,14
7017,12,5541,5544,4,12
112288,16,5547,5547,1,14
14036,13,5548,5549,2,13
7018,12,5550,5551,2,12
3509,11,5541,5545,5,11
112289,16,5546,5546,1,14
28074,14,5549,5549,1,14
14037,13,5546,5547,2,13
28075,14,5548,5548,1,14
28078,14,5551,5551,1,13
7019,12,5546,5549,4,12
28079,14,5550,5550,1,13
56168,15,5553,5553,1,14
28084,14,5554,5554,1,13
14042,13,5555,5556,2,12
3510,11,5557,5558,2,11
1755,10,5541,5551,11,10
56169,15,5552,5552,1,14
28085,14,5552,5553,2,13
28086,14,5556,5556,1,13
14043,13,5552,5554,3,12
28087,14,5555,5555,1,13
7022,12,5558,5558,1,12
3511,11,5552,5556,5,11
7023,12,5557,5557,1,12
28096,14,5560,5560,1,14
14048,13,5561,5561,1,13
7024,12,5562,5565,4,12
3512,11,5566,5568,3,11
1756,10,5569,5576,8,10
878,9,5577,5588,12,9
439,8,5532,5558,27,8
28097,14,5559,5559,1,14
14049,13,5559,5560,2,13
1798406,20,5563,5563,1,14
14050,13,5564,5565,2,13
7025,12,5559,5561,3,12
1798407,20,5562,5562,1,14
28102,14,5565,5565,1,14
14051,13,5562,5563,2,13
28103,14,5564,5564,1,14
14054,13,5567,5568,2,12
3513,11,5559,5565,7,11
224886,17,5568,5568,1,13
14055,13,5566,5566,1,12
224887,17,5567,5567,1,13
28112,14,5570,5570,1,13
7028,12,5571,5571,1,12
3514,11,5572,5576,5,11
1757,10,5559,5568,10,10
28113,14,5569,5569,1,13
7029,12,5569,5570,2,12
56242,15,5573,5573,1,14
14060,13,5574,5574,1,13
7030,12,5575,5576,2,12
3515,11,5569,5571,3,11
56243,15,5572,5572,1,14
14061,13,5572,5573,2,13
14062,13,5576,5576,1,13
7031,12,5572,5574,3,12
14063,13,5575,5575,1,13
3516,11,5578,5578,1,11
1758,10,5579,5588,10,10
879,9,5559,5576,18,9
3517,11,5577,5577,1,11
14072,13,5580,5580,1,13
7036,12,5581,5581,1,12
3518,11,5582,5588,7,11
1759,10,5577,5578,2,10
14073,13,5579,5579,1,13
7037,12,5579,5580,2,12
450484,18,5583,5583,1,14
56310,15,5584,5584,1,13
7038,12,5585,5588,4,12
3519,11,5579,5581,3,11
450485,18,5582,5582,1,14
56311,15,5582,5583,2,13
450514,18,5586,5586,1,14
112628,16,5587,5588,2,13
7039,12,5582,5584,3,12
450515,18,5585,5585,1,14
450518,18,5588,5588,1,14
112629,16,5585,5586,2,13
450519,18,5587,5587,1,14
225306,17,5590,5590,1,12
3520,11,5591,5595,5,11
1760,10,5596,5600,5,10
880,9,5601,5611,11,9
440,8,5612,5637,26,8
220,7,5638,5694,57,7
110,6,5695,5818,124,6
55,5,5340,5588,249,5
225307,17,5589,5589,1,12
14084,13,5592,5592,1,13
7042,12,5593,5595,3,12
3521,11,5589,5590,2,11
14085,13,5591,5591,1,13
112688,16,5594,5594,1,14
28172,14,5595,5595,1,13
7043,12,5591,5592,2,12
112689,16,5593,5593,1,14
28173,14,5593,5594,2,13
28180,14,5597,5597,1,12
3522,11,5598,5600,3,11
1761,10,5589,5595,7,10
28181,14,5596,5596,1,12
14092,13,5599,5599,1,13
7046,12,5600,5600,1,12
3523,11,5596,5597,2,11
14093,13,5598,5598,1,13
7047,12,5598,5599,2,12
28198,14,5602,5602,1,12
3524,11,5603,5605,3,11
1762,10,5606,5611,6,10
881,9,5589,5600,12,9
28199,14,5601,5601,1,12
56404,15,5604,5604,1,13
7050,12,5605,5605,1,12
3525,11,5601,5602,2,11
56405,15,5603,5603,1,13
7051,12,5603,5604,2,12
7052,12,5607,5608,2,12
3526,11,5609,5611,3,11
1763,10,5601,5605,5,10
14106,13,5608,5608,1,13
7053,12,5606,5606,1,12
14107,13,5607,5607,1,13
7054,12,5610,5611,2,12
3527,11,5606,5608,3,11
28222,14,5611,5611,1,13
7055,12,5609,5609,1,12
28223,14,5610,5610,1,13
112898,16,5613,5613,1,15
28224,14,5614,5614,1,14
14112,13,5615,5615,1,13
7056,12,5616,5617,2,12
3528,11,5618,5618,1,11
1764,10,5619,5626,8,10
882,9,5627,5637,11,9
441,8,5589,5611,23,8
112899,16,5612,5612,1,15
28225,14,5612,5613,2,14
14113,13,5612,5614,3,13
225840,17,5617,5617,1,13
7057,12,5612,5615,4,12
225841,17,5616,5616,1,13
3529,11,5612,5617,6,11
56482,15,5620,5620,1,12
3530,11,5621,5626,6,11
1765,10,5612,5618,7,10
56483,15,5619,5619,1,12
14124,13,5622,5625,4,13
7062,12,5626,5626,1,12
3531,11,5619,5620,2,11
113000,16,5623,5623,1,16
56500,15,5624,5624,1,15
28250,14,5625,5625,1,14
14125,13,5621,5621,1,13
113001,16,5622,5622,1,16
56501,15,5622,5623,2,15
28251,14,5622,5624,3,14
7063,12,5621,5625,5,12
7064,12,5628,5630,3,12
3532,11,5631,5632,2,11
1766,10,5633,5637,5,10
883,9,5612,5626,15,9
14130,13,5629,5630,2,13
7065,12,5627,5627,1,12
28262,14,5630,5630,1,14
14131,13,5628,5628,1,13
28263,14,5629,5629,1,14
14132,13,5632,5632,1,12
3533,11,5627,5630,4,11
14133,13,5631,5631,1,12
14136,13,5634,5634,1,13
7068,12,5635,5636,2,12
3534,11,5637,5637,1,11
1767,10,5627,5632,6,10
14137,13,5633,5633,1,13
226236,17,5636,5636,1,13
7069,12,5633,5634,2,12
226237,17,5635,5635,1,13
3535,11,5633,5636,4,11
14144,13,5639,5640,2,13
7072,12,5641,5643,3,12
3536,11,5644,5646,3,11
1768,10,5647,5650,4,10
884,9,5651,5663,13,9
442,8,5664,5694,31,8
221,7,5589,5637,49,7
113160,16,5640,5640,1,14
14145,13,5638,5638,1,13
113161,16,5639,5639,1,14
14146,13,5642,5643,2,13
7073,12,5638,5640,3,12
28294,14,5643,5643,1,14
14147,13,5641,5641,1,13
28295,14,5642,5642,1,14
28300,14,5645,5645,1,13
14150,13,5646,5646,1,12
3537,11,5638,5643,6,11
28301,14,5644,5644,1,13
14151,13,5644,5645,2,12
3538,11,5648,5650,3,11
1769,10,5638,5646,9,10
14156,13,5649,5650,2,12
3539,11,5647,5647,1,11
56630,15,5650,5650,1,13
14157,13,5648,5648,1,12
56631,15,5649,5649,1,13
3540,11,5652,5653,2,11
1770,10,5654,5663,10,10
885,9,5638,5650,13,9
28328,14,5653,5653,1,12
3541,11,5651,5651,1,11
28329,14,5652,5652,1,12
7084,12,5655,5656,2,12
3542,11,5657,5663,7,11
1771,10,5651,5653,3,10
56684,15,5656,5656,1,13
7085,12,5654,5654,1,12
56685,15,5655,5655,1,13
56688,15,5658,5658,1,14
14172,13,5659,5660,2,13
7086,12,5661,5663,3,12
3543,11,5654,5656,3,11
56689,15,5657,5657,1,14
28346,14,5660,5660,1,14
14173,13,5657,5658,2,13
28347,14,5659,5659,1,14
56700,15,5662,5663,2,13
7087,12,5657,5660,4,12
453608,18,5663,5663,1,14
56701,15,5661,5661,1,13
453609,18,5662,5662,1,14
7088,12,5665,5667,3,12
3544,11,5668,5672,5,11
1772,10,5673,5678,6,10
886,9,5679,5694,16,9
443,8,5638,5663,26,8
14178,13,5666,5667,2,13
7089,12,5664,5664,1,12
56718,15,5667,5667,1,14
14179,13,5665,5665,1,13
56719,15,5666,5666,1,14
14180,13,5669,5670,2,13
7090,12,5671,5672,2,12
3545,11,5664,5667,4,11
28362,14,5670,5670,1,14
14181,13,5668,5668,1,13
28363,14,5669,5669,1,14
14182,13,5672,5672,1,13
7091,12,5668,5670,3,12
14183,13,5671,5671,1,13
3631168,21,5674,5674,1,14
14184,13,5675,5675,1,13
7092,12,5676,5677,2,12
3546,11,5678,5678,1,11
1773,10,5664,5672,9,10
3631169,21,5673,5673,1,14
14185,13,5673,5674,2,13
28374,14,5677,5677,1,13
7093,12,5673,5675,3,12
28375,14,5676,5676,1,13
3547,11,5673,5677,5,11
28384,14,5680,5681,2,14
14192,13,5682,5683,2,13
7096,12,5684,5687,4,12
3548,11,5688,5692,5,11
1774,10,5693,5694,2,10
887,9,5664,5678,15,9
56770,15,5681,5681,1,15
28385,14,5679,5679,1,14
56771,15,5680,5680,1,15
28386,14,5683,5683,1,14
14193,13,5679,5681,3,13
28387,14,5682,5682,1,14
113552,16,5685,5685,1,15
28388,14,5686,5686,1,14
14194,13,5687,5687,1,13
7097,12,5679,5683,5,12
113553,16,5684,5684,1,15
28389,14,5684,5685,2,14
14195,13,5684,5686,3,13
28392,14,5689,5689,1,13
7098,12,5690,5692,3,12
3549,11,5679,5687,9,11
28393,14,5688,5688,1,13
14198,13,5691,5692,2,13
7099,12,5688,5689,2,12
28398,14,5692,5692,1,14
14199,13,5690,5690,1,13
28399,14,5691,5691,1,14
7100,12,5694,5694,1,11
1775,10,5679,5692,14,10
7101,12,5693,5693,1,11
14208,13,5696,5696,1,13
7104,12,5697,5697,1,12
3552,11,5698,5698,1,11
1776,10,5699,5705,7,10
888,9,5706,5718,13,9
444,8,5719,5752,34,8
222,7,5753,5818,66,7
111,6,5589,5694,106,6
14209,13,5695,5695,1,13
7105,12,5695,5696,2,12
3553,11,5695,5697,3,11
227468,17,5700,5700,1,12
3554,11,5701,5705,5,11
1777,10,5695,5698,4,10
227469,17,5699,5699,1,12
28442,14,5702,5703,2,13
7110,12,5704,5705,2,12
3555,11,5699,5700,2,11
227546,17,5703,5703,1,14
28443,14,5701,5701,1,13
227547,17,5702,5702,1,14
28446,14,5705,5705,1,13
7111,12,5701,5703,3,12
28447,14,5704,5704,1,13
28448,14,5707,5708,2,14
14224,13,5709,5710,2,13
7112,12,5711,5713,3,12
3556,11,5714,5715,2,11
1778,10,5716,5718,3,10
889,9,5695,5705,11,9
455186,18,5708,5708,1,15
28449,14,5706,5706,1,14
455187,18,5707,5707,1,15
28450,14,5710,5710,1,14
14225,13,5706,5708,3,13
28451,14,5709,5709,1,14
14226,13,5712,5713,2,13
7113,12,5706,5710,5,12
28454,14,5713,5713,1,14
14227,13,5711,5711,1,13
28455,14,5712,5712,1,14
28460,14,5715,5715,1,12
3557,11,5706,5713,8,11
28461,14,5714,5714,1,12
7116,12,5717,5718,2,11
1779,10,5706,5715,10,10
28470,14,5718,5718,1,12
7117,12,5716,5716,1,11
28471,14,5717,5717,1,12
227872,17,5720,5720,1,12
3560,11,5721,5724,4,11
1780,10,5725,5736,12,10
890,9,5737,5752,16,9
445,8,5695,5718,24,8
227873,17,5719,5719,1,12
14244,13,5722,5723,2,13
7122,12,5724,5724,1,12
3561,11,5719,5720,2,11
28490,14,5723,5723,1,14
14245,13,5721,5721,1,13
28491,14,5722,5722,1,14
7123,12,5721,5723,3,12
14248,13,5726,5726,1,13
7124,12,5727,5728,2,12
3562,11,5729,5736,8,11
1781,10,5719,5724,6,10
14249,13,5725,5725,1,13
14250,13,5728,5728,1,13
7125,12,5725,5726,2,12
14251,13,5727,5727,1,13
228038,17,5730,5730,1,14
14252,13,5731,5734,4,13
7126,12,5735,5736,2,12
3563,11,5725,5728,4,11
228039,17,5729,5729,1,14
28506,14,5732,5734,3,14
14253,13,5729,5730,2,13
57014,15,5733,5734,2,15
28507,14,5731,5731,1,14
456124,18,5734,5734,1,16
57015,15,5732,5732,1,15
456125,18,5733,5733,1,16
28508,14,5736,5736,1,13
7127,12,5729,5734,6,12
28509,14,5735,5735,1,13
14256,13,5738,5738,1,13
7128,12,5739,5742,4,12
3564,11,5743,5743,1,11
1782,10,5744,5752,9,10
891,9,5719,5736,18,9
14257,13,5737,5737,1,13
114066,16,5740,5740,1,14
14258,13,5741,5742,2,13
7129,12,5737,5738,2,12
114067,16,5739,5739,1,14
57038,15,5742,5742,1,14
14259,13,5739,5740,2,13
57039,15,5741,5741,1,14
3565,11,5737,5742,6,11
7132,12,5745,5746,2,12
3566,11,5747,5752,6,11
1783,10,5737,5743,7,10
14266,13,5746,5746,1,13
7133,12,5744,5744,1,12
14267,13,5745,5745,1,13
7134,12,5748,5752,5,12
3567,11,5744,5746,3,11
57082,15,5749,5750,2,14
14270,13,5751,5752,2,13
7135,12,5747,5747,1,12
114166,16,5750,5750,1,15
57083,15,5748,5748,1,14
114167,16,5749,5749,1,15
28542,14,5752,5752,1,14
14271,13,5748,5750,3,13
28543,14,5751,5751,1,14
57096,15,5754,5754,1,13
14274,13,5755,5755,1,12
3568,11,5756,5758,3,11
1784,10,5759,5772,14,10
892,9,5773,5788,16,9
446,8,5789,5818,30,8
223,7,5695,5752,58,7
57097,15,5753,5753,1,13
14275,13,5753,5754,2,12
14276,13,5757,5757,1,13
7138,12,5758,5758,1,12
3569,11,5753,5755,3,11
14277,13,5756,5756,1,13
7139,12,5756,5757,2,12
7140,12,5760,5766,7,12
3570,11,5767,5772,6,11
1785,10,5753,5758,6,10
57128,15,5761,5762,2,15
28564,14,5763,5765,3,14
14282,13,5766,5766,1,13
7141,12,5759,5759,1,12
114258,16,5762,5762,1,16
57129,15,5760,5760,1,15
114259,16,5761,5761,1,16
457044,18,5764,5764,1,16
57130,15,5765,5765,1,15
28565,14,5760,5762,3,14
457045,18,5763,5763,1,16
57131,15,5763,5764,2,15
14283,13,5760,5765,6,13
14284,13,5768,5768,1,13
7142,12,5769,5772,4,12
3571,11,5759,5766,8,11
14285,13,5767,5767,1,13
228590,17,5770,5770,1,14
14286,13,5771,5772,2,13
7143,12,5767,5768,2,12
228591,17,5769,5769,1,14
28574,14,5772,5772,1,14
14287,13,5769,5770,2,13
28575,14,5771,5771,1,14
14288,13,5774,5774,1,13
7144,12,5775,5780,6,12
3572,11,5781,5782,2,11
1786,10,5783,5788,6,10
893,9,5753,5772,20,9
14289,13,5773,5773,1,13
57160,15,5776,5776,1,15
28580,14,5777,5778,2,14
14290,13,5779,5780,2,13
7145,12,5773,5774,2,12
57161,15,5775,5775,1,15
57162,15,5778,5778,1,15
28581,14,5775,5776,2,14
57163,15,5777,5777,1,15
28582,14,5780,5780,1,14
14291,13,5775,5778,4,13
28583,14,5779,5779,1,14
7146,12,5782,5782,1,12
3573,11,5773,5780,8,11
7147,12,5781,5781,1,12
57184,15,5784,5784,1,14
28592,14,5785,5785,1,13
7148,12,5786,5786,1,12
3574,11,5787,5788,2,11
1787,10,5773,5782,10,10
57185,15,5783,5783,1,14
28593,14,5783,5784,2,13
7149,12,5783,5785,3,12
14300,13,5788,5788,1,12
3575,11,5783,5786,4,11
14301,13,5787,5787,1,12
3576,11,5790,5792,3,11
1788,10,5793,5801,9,10
894,9,5802,5818,17,9
447,8,5753,5788,36,8
7154,12,5791,5792,2,12
3577,11,5789,5789,1,11
14310,13,5792,5792,1,13
7155,12,5790,5790,1,12
14311,13,5791,5791,1,13
28624,14,5794,5796,3,14
14312,13,5797,5797,1,13
7156,12,5798,5799,2,12
3578,11,5800,5801,2,11
1789,10,5789,5792,4,10
114502,16,5795,5796,2,15
28625,14,5793,5793,1,14
916030,19,5796,5796,1,16
114503,16,5794,5794,1,15
916031,19,5795,5795,1,16
14313,13,5793,5796,4,13
14314,13,5799,5799,1,13
7157,12,5793,5797,5,12
14315,13,5798,5798,1,13
7158,12,5801,5801,1,12
3579,11,5793,5799,7,11
7159,12,5800,5800,1,12
7160,12,5803,5803,1,12
3580,11,5804,5806,3,11
1790,10,5807,5818,12,10
895,9,5789,5801,13,9
7161,12,5802,5802,1,12
14324,13,5805,5805,1,13
7162,12,5806,5806,1,12
3581,11,5802,5803,2,11
14325,13,5804,5804,1,13
7163,12,5804,5805,2,12
14328,13,5808,5808,1,13
7164,12,5809,5813,5,12
3582,11,5814,5818,5,11
1791,10,5802,5806,5,10
14329,13,5807,5807,1,13
28660,14,5810,5812,3,14
14330,13,5813,5813,1,13
7165,12,5807,5808,2,12
114644,16,5811,5811,1,16
57322,15,5812,5812,1,15
28661,14,5809,5809,1,14
114645,16,5810,5810,1,16
57323,15,5810,5811,2,15
14331,13,5809,5812,4,13
28664,14,5815,5815,1,13
7166,12,5816,5818,3,12
3583,11,5807,5813,7,11
28665,14,5814,5814,1,13
57336,15,5817,5817,1,14
28668,14,5818,5818,1,13
7167,12,5814,5815,2,12
57337,15,5816,5816,1,14
28669,14,5816,5817,2,13
28680,14,5820,5820,1,13
14340,13,5821,5821,1,12
7170,12,5822,5822,1,11
1792,10,5823,5824,2,10
896,9,5825,5838,14,9
448,8,5839,5864,26,8
224,7,5865,5930,66,7
112,6,5931,6062,132,6
56,5,6063,6309,247,5
28,4,6310,6841,532,4
14,3,6842,7739,898,3
7,2,3855,5818,1964,2
28681,14,5819,5819,1,13
14341,13,5819,5820,2,12
7171,12,5819,5821,3,11
3586,11,5824,5824,1,11
1793,10,5819,5822,4,10
3587,11,5823,5823,1,11
14352,13,5826,5826,1,13
7176,12,5827,5828,2,12
3588,11,5829,5831,3,11
1794,10,5832,5838,7,10
897,9,5819,5824,6,9
14353,13,5825,5825,1,13
28710,14,5828,5828,1,13
7177,12,5825,5826,2,12
28711,14,5827,5827,1,13
28712,14,5830,5830,1,13
7178,12,5831,5831,1,12
3589,11,5825,5828,4,11
28713,14,5829,5829,1,13
7179,12,5829,5830,2,12
7180,12,5833,5834,2,12
3590,11,5835,5838,4,11
1795,10,5825,5831,7,10
14362,13,5834,5834,1,13
7181,12,5832,5832,1,12
14363,13,5833,5833,1,13
7182,12,5836,5838,3,12
3591,11,5832,5834,3,11
114932,16,5837,5837,1,14
14366,13,5838,5838,1,13
7183,12,5835,5835,1,12
114933,16,5836,5836,1,14
14367,13,5836,5837,2,13
57478,15,5840,5840,1,13
7184,12,5841,5841,1,12
3592,11,5842,5844,3,11
1796,10,5845,5849,5,10
898,9,5850,5864,15,9
449,8,5819,5838,20,8
57479,15,5839,5839,1,13
7185,12,5839,5840,2,12
114982,16,5843,5843,1,13
14372,13,5844,5844,1,12
3593,11,5839,5841,3,11
114983,16,5842,5842,1,13
14373,13,5842,5843,2,12
230016,17,5846,5846,1,14
115008,16,5847,5847,1,13
14376,13,5848,5848,1,12
3594,11,5849,5849,1,11
1797,10,5839,5844,6,10
230017,17,5845,5845,1,14
115009,16,5845,5846,2,13
14377,13,5845,5847,3,12
3595,11,5845,5848,4,11
115072,16,5851,5853,3,14
14384,13,5854,5854,1,13
7192,12,5855,5855,1,12
3596,11,5856,5858,3,11
1798,10,5859,5864,6,10
899,9,5839,5849,11,9
460294,18,5852,5853,2,15
115073,16,5850,5850,1,14
920590,19,5853,5853,1,16
460295,18,5851,5851,1,15
920591,19,5852,5852,1,16
14385,13,5850,5853,4,13
7193,12,5850,5854,5,12
57558,15,5857,5857,1,13
7194,12,5858,5858,1,12
3597,11,5850,5855,6,11
57559,15,5856,5856,1,13
7195,12,5856,5857,2,12
7196,12,5860,5861,2,12
3598,11,5862,5864,3,11
1799,10,5850,5858,9,10
28790,14,5861,5861,1,13
7197,12,5859,5859,1,12
28791,14,5860,5860,1,13
14396,13,5863,5863,1,13
7198,12,5864,5864,1,12
3599,11,5859,5861,3,11
14397,13,5862,5862,1,13
7199,12,5862,5863,2,12
7200,12,5866,5869,4,12
3600,11,5870,5873,4,11
1800,10,5874,5883,10,10
900,9,5884,5897,14,9
450,8,5898,5930,33,8
225,7,5819,5864,46,7
14402,13,5867,5869,3,13
7201,12,5865,5865,1,12
57612,15,5868,5868,1,15
28806,14,5869,5869,1,14
14403,13,5866,5866,1,13
57613,15,5867,5867,1,15
28807,14,5867,5868,2,14
460976,18,5871,5871,1,13
7202,12,5872,5873,2,12
3601,11,5865,5869,5,11
460977,18,5870,5870,1,13
1844030,20,5873,5873,1,13
7203,12,5870,5871,2,12
1844031,20,5872,5872,1,13
28816,14,5875,5875,1,14
14408,13,5876,5876,1,13
7204,12,5877,5877,1,12
3602,11,5878,5883,6,11
1801,10,5865,5873,9,10
28817,14,5874,5874,1,14
14409,13,5874,5875,2,13
7205,12,5874,5876,3,12
14412,13,5879,5880,2,13
7206,12,5881,5883,3,12
3603,11,5874,5877,4,11
28826,14,5880,5880,1,14
14413,13,5878,5878,1,13
28827,14,5879,5879,1,14
57658,15,5882,5882,1,14
14414,13,5883,5883,1,13
7207,12,5878,5880,3,12
57659,15,5881,5881,1,14
14415,13,5881,5882,2,13
7208,12,5885,5887,3,12
3604,11,5888,5892,5,11
1802,10,5893,5897,5,10
901,9,5865,5883,19,9
461398,18,5886,5886,1,14
57674,15,5887,5887,1,13
7209,12,5884,5884,1,12
461399,18,5885,5885,1,14
57675,15,5885,5886,2,13
14420,13,5889,5890,2,13
7210,12,5891,5892,2,12
3605,11,5884,5887,4,11
28842,14,5890,5890,1,14
14421,13,5888,5888,1,13
28843,14,5889,5889,1,14
14422,13,5892,5892,1,13
7211,12,5888,5890,3,12
14423,13,5891,5891,1,13
28850,14,5894,5894,1,12
3606,11,5895,5897,3,11
1803,10,5884,5892,9,10
28851,14,5893,5893,1,12
14428,13,5896,5896,1,13
7214,12,5897,5897,1,12
3607,11,5893,5894,2,11
14429,13,5895,5895,1,13
7215,12,5895,5896,2,12
14432,13,5899,5899,1,13
7216,12,5900,5902,3,12
3608,11,5903,5908,6,11
1804,10,5909,5914,6,10
902,9,5915,5930,16,9
451,8,5865,5897,33,8
14433,13,5898,5898,1,13
14434,13,5901,5902,2,13
7217,12,5898,5899,2,12
461940,18,5902,5902,1,14
14435,13,5900,5900,1,13
461941,18,5901,5901,1,14
57744,15,5904,5904,1,14
28872,14,5905,5907,3,13
7218,12,5908,5908,1,12
3609,11,5898,5902,5,11
57745,15,5903,5903,1,14
115492,16,5906,5906,1,15
57746,15,5907,5907,1,14
28873,14,5903,5904,2,13
115493,16,5905,5905,1,15
57747,15,5905,5906,2,14
7219,12,5903,5907,5,12
231054,17,5910,5910,1,13
14440,13,5911,5911,1,12
3610,11,5912,5914,3,11
1805,10,5898,5908,11,10
231055,17,5909,5909,1,13
14441,13,5909,5910,2,12
14446,13,5913,5914,2,12
3611,11,5909,5911,3,11
28894,14,5914,5914,1,13
14447,13,5912,5912,1,12
28895,14,5913,5913,1,13
28898,14,5916,5917,2,13
7224,12,5918,5920,3,12
3612,11,5921,5922,2,11
1806,10,5923,5930,8,10
903,9,5898,5914,17,9
57798,15,5917,5917,1,14
28899,14,5915,5915,1,13
57799,15,5916,5916,1,14
14450,13,5919,5920,2,13
7225,12,5915,5917,3,12
28902,14,5920,5920,1,14
14451,13,5918,5918,1,13
28903,14,5919,5919,1,14
28906,14,5922,5922,1,12
3613,11,5915,5920,6,11
28907,14,5921,5921,1,12
28912,14,5924,5925,2,14
14456,13,5926,5926,1,13
7228,12,5927,5928,2,12
3614,11,5929,5930,2,11
1807,10,5915,5922,8,10
57826,15,5925,5925,1,15
28913,14,5923,5923,1,14
57827,15,5924,5924,1,15
14457,13,5923,5925,3,13
28916,14,5928,5928,1,13
7229,12,5923,5926,4,12
28917,14,5927,5927,1,13
14462,13,5930,5930,1,12
3615,11,5923,5928,6,11
14463,13,5929,5929,1,12
14464,13,5932,5933,2,12
3616,11,5934,5934,1,11
1808,10,5935,5941,7,10
904,9,5942,5957,16,9
452,8,5958,5993,36,8
226,7,5994,6062,69,7
113,6,5819,5930,112,6
28930,14,5933,5933,1,13
14465,13,5931,5931,1,12
28931,14,5932,5932,1,13
3617,11,5931,5933,3,11
14472,13,5936,5936,1,12
3618,11,5937,5941,5,11
1809,10,5931,5934,4,10
14473,13,5935,5935,1,12
14476,13,5938,5939,2,13
7238,12,5940,5941,2,12
3619,11,5935,5936,2,11
57910,15,5939,5939,1,14
14477,13,5937,5937,1,13
57911,15,5938,5938,1,14
14478,13,5941,5941,1,13
7239,12,5937,5939,3,12
14479,13,5940,5940,1,13
14480,13,5943,5944,2,13
7240,12,5945,5947,3,12
3620,11,5948,5952,5,11
1810,10,5953,5957,5,10
905,9,5931,5941,11,9
231702,17,5944,5944,1,14
14481,13,5942,5942,1,13
231703,17,5943,5943,1,14
57930,15,5946,5946,1,14
14482,13,5947,5947,1,13
7241,12,5942,5944,3,12
57931,15,5945,5945,1,14
14483,13,5945,5946,2,13
115886,16,5949,5949,1,13
7242,12,5950,5952,3,12
3621,11,5942,5947,6,11
115887,16,5948,5948,1,13
28972,14,5951,5951,1,14
14486,13,5952,5952,1,13
7243,12,5948,5949,2,12
28973,14,5950,5950,1,14
14487,13,5950,5951,2,13
7244,12,5954,5955,2,12
3622,11,5956,5957,2,11
1811,10,5942,5952,11,10
14490,13,5955,5955,1,13
7245,12,5953,5953,1,12
14491,13,5954,5954,1,13
7246,12,5957,5957,1,12
3623,11,5953,5955,3,11
7247,12,5956,5956,1,12
14496,13,5959,5959,1,13
7248,12,5960,5961,2,12
3624,11,5962,5969,8,11
1812,10,5970,5981,12,10
906,9,5982,5993,12,9
453,8,5931,5957,27,8
14497,13,5958,5958,1,13
14498,13,5961,5961,1,13
7249,12,5958,5959,2,12
14499,13,5960,5960,1,13
14500,13,5963,5964,2,13
7250,12,5965,5969,5,12
3625,11,5958,5961,4,11
58004,15,5964,5964,1,14
14501,13,5962,5962,1,13
58005,15,5963,5963,1,14
464098,18,5966,5966,1,15
58012,15,5967,5967,1,14
29006,14,5968,5969,2,13
7251,12,5962,5964,3,12
464099,18,5965,5965,1,15
58013,15,5965,5966,2,14
116028,16,5969,5969,1,14
29007,14,5965,5967,3,13
116029,16,5968,5968,1,14
29010,14,5971,5971,1,13
7252,12,5972,5972,1,12
3626,11,5973,5981,9,11
1813,10,5958,5969,12,10
29011,14,5970,5970,1,13
7253,12,5970,5971,2,12
14508,13,5974,5974,1,13
7254,12,5975,5981,7,12
3627,11,5970,5972,3,11
14509,13,5973,5973,1,13
29020,14,5976,5977,2,14
14510,13,5978,5981,4,13
7255,12,5973,5974,2,12
58042,15,5977,5977,1,15
29021,14,5975,5975,1,14
58043,15,5976,5976,1,15
232178,17,5979,5979,1,15
29022,14,5980,5981,2,14
14511,13,5975,5977,3,13
232179,17,5978,5978,1,15
58046,15,5981,5981,1,15
29023,14,5978,5979,2,14
58047,15,5980,5980,1,15
7256,12,5983,5985,3,12
3628,11,5986,5988,3,11
1814,10,5989,5993,5,10
907,9,5958,5981,24,9
14514,13,5984,5985,2,13
7257,12,5982,5982,1,12
29030,14,5985,5985,1,14
14515,13,5983,5983,1,13
29031,14,5984,5984,1,14
29032,14,5987,5987,1,13
7258,12,5988,5988,1,12
3629,11,5982,5985,4,11
29033,14,5986,5986,1,13
7259,12,5986,5987,2,12
232342,17,5990,5990,1,13
29042,14,5991,5991,1,12
3630,11,5992,5993,2,11
1815,10,5982,5988,7,10
232343,17,5989,5989,1,13
29043,14,5989,5990,2,12
29050,14,5993,5993,1,12
3631,11,5989,5991,3,11
29051,14,5992,5992,1,12
29058,14,5995,5995,1,13
7264,12,5996,5996,1,12
3632,11,5997,6001,5,11
1816,10,6002,6008,7,10
908,9,6009,6024,16,9
454,8,6025,6062,38,8
227,7,5931,5993,63,7
29059,14,5994,5994,1,13
7265,12,5994,5995,2,12
58128,15,5998,5998,1,14
29064,14,5999,5999,1,13
14532,13,6000,6001,2,12
3633,11,5994,5996,3,11
58129,15,5997,5997,1,14
29065,14,5997,5998,2,13
58134,15,6001,6001,1,13
14533,13,5997,5999,3,12
58135,15,6000,6000,1,13
29072,14,6003,6003,1,13
7268,12,6004,6004,1,12
3634,11,6005,6008,4,11
1817,10,5994,6001,8,10
29073,14,6002,6002,1,13
7269,12,6002,6003,2,12
29080,14,6006,6006,1,14
14540,13,6007,6007,1,13
7270,12,6008,6008,1,12
3635,11,6002,6004,3,11
29081,14,6005,6005,1,14
14541,13,6005,6006,2,13
7271,12,6005,6007,3,12
58176,15,6010,6010,1,15
29088,14,6011,6011,1,14
14544,13,6012,6013,2,13
7272,12,6014,6014,1,12
3636,11,6015,6017,3,11
1818,10,6018,6024,7,10
909,9,5994,6008,15,9
58177,15,6009,6009,1,15
29089,14,6009,6010,2,14
29090,14,6013,6013,1,14
14545,13,6009,6011,3,13
29091,14,6012,6012,1,14
7273,12,6009,6013,5,12
14548,13,6016,6017,2,12
3637,11,6009,6014,6,11
58198,15,6017,6017,1,13
14549,13,6015,6015,1,12
58199,15,6016,6016,1,13
7276,12,6019,6020,2,12
3638,11,6021,6024,4,11
1819,10,6009,6017,9,10
29110,14,6020,6020,1,13
7277,12,6018,6018,1,12
29111,14,6019,6019,1,13
7278,12,6022,6024,3,12
3639,11,6018,6020,3,11
14558,13,6023,6024,2,13
7279,12,6021,6021,1,12
29118,14,6024,6024,1,14
14559,13,6022,6022,1,13
29119,14,6023,6023,1,14
29120,14,6026,6027,2,14
14560,13,6028,6028,1,13
7280,12,6029,6031,3,12
3640,11,6032,6036,5,11
1820,10,6037,6046,10,10
910,9,6047,6062,16,9
455,8,5994,6024,31,8
116486,16,6027,6027,1,15
29121,14,6025,6025,1,14
116487,16,6026,6026,1,15
14561,13,6025,6027,3,13
14562,13,6030,6031,2,13
7281,12,6025,6028,4,12
29126,14,6031,6031,1,14
14563,13,6029,6029,1,13
29127,14,6030,6030,1,14
14564,13,6033,6033,1,13
7282,12,6034,6036,3,12
3641,11,6025,6031,7,11
14565,13,6032,6032,1,13
233056,17,6035,6035,1,14
58264,15,6036,6036,1,13
7283,12,6032,6033,2,12
233057,17,6034,6034,1,14
58265,15,6034,6035,2,13
14568,13,6038,6039,2,13
7284,12,6040,6041,2,12
3642,11,6042,6046,5,11
1821,10,6025,6036,12,10
58276,15,6039,6039,1,14
14569,13,6037,6037,1,13
58277,15,6038,6038,1,14
14570,13,6041,6041,1,13
7285,12,6037,6039,3,12
14571,13,6040,6040,1,13
7286,12,6043,6046,4,12
3643,11,6037,6041,5,11
29148,14,6044,6044,1,14
14574,13,6045,6046,2,13
7287,12,6042,6042,1,12
29149,14,6043,6043,1,14
116600,16,6046,6046,1,14
14575,13,6043,6044,2,13
116601,16,6045,6045,1,14
29152,14,6048,6048,1,13
7288,12,6049,6051,3,12
3644,11,6052,6056,5,11
1822,10,6057,6062,6,10
911,9,6025,6046,22,9
29153,14,6047,6047,1,13
58314,15,6050,6050,1,14
14578,13,6051,6051,1,13
7289,12,6047,6048,2,12
58315,15,6049,6049,1,14
14579,13,6049,6050,2,13
233300,17,6053,6053,1,15
116650,16,6054,6054,1,14
29162,14,6055,6055,1,13
7290,12,6056,6056,1,12
3645,11,6047,6051,5,11
233301,17,6052,6052,1,15
116651,16,6052,6053,2,14
29163,14,6052,6054,3,13
7291,12,6052,6055,4,12
7292,12,6058,6059,2,12
3646,11,6060,6062,3,11
1823,10,6047,6056,10,10
14586,13,6059,6059,1,13
7293,12,6057,6057,1,12
14587,13,6058,6058,1,13
7294,12,6061,6062,2,12
3647,11,6057,6059,3,11
116734,16,6062,6062,1,13
7295,12,6060,6060,1,12
116735,16,6061,6061,1,13
14594,13,6064,6066,3,12
3648,11,6067,6075,9,11
1824,10,6076,6081,6,10
912,9,6082,6094,13,9
456,8,6095,6132,38,8
228,7,6133,6185,53,7
114,6,6186,6309,124,6
57,5,5819,6062,244,5
116762,16,6065,6065,1,14
29190,14,6066,6066,1,13
14595,13,6063,6063,1,12
116763,16,6064,6064,1,14
29191,14,6064,6065,2,13
58384,15,6068,6068,1,14
29192,14,6069,6069,1,13
7298,12,6070,6075,6,12
3649,11,6063,6066,4,11
58385,15,6067,6067,1,14
29193,14,6067,6068,2,13
29196,14,6071,6073,3,14
14598,13,6074,6075,2,13
7299,12,6067,6069,3,12
233578,17,6072,6072,1,16
58394,15,6073,6073,1,15
29197,14,6070,6070,1,14
233579,17,6071,6071,1,16
58395,15,6071,6072,2,15
29198,14,6075,6075,1,14
14599,13,6070,6073,4,13
29199,14,6074,6074,1,14
58410,15,6077,6078,2,12
3650,11,6079,6081,3,11
1825,10,6063,6075,13,10
116822,16,6078,6078,1,13
58411,15,6076,6076,1,12
116823,16,6077,6077,1,13
29208,14,6080,6080,1,13
14604,13,6081,6081,1,12
3651,11,6076,6078,3,11
29209,14,6079,6079,1,13
14605,13,6079,6080,2,12
14608,13,6083,6083,1,12
3652,11,6084,6087,4,11
1826,10,6088,6094,7,10
913,9,6063,6081,19,9
14609,13,6082,6082,1,12
7306,12,6085,6087,3,12
3653,11,6082,6083,2,11
29230,14,6086,6087,2,13
7307,12,6084,6084,1,12
116926,16,6087,6087,1,14
29231,14,6085,6085,1,13
116927,16,6086,6086,1,14
3654,11,6089,6094,6,11
1827,10,6082,6087,6,10
7310,12,6090,6094,5,12
3655,11,6088,6088,1,11
58490,15,6091,6092,2,14
14622,13,6093,6094,2,13
7311,12,6089,6089,1,12
116982,16,6092,6092,1,15
58491,15,6090,6090,1,14
116983,16,6091,6091,1,15
58492,15,6094,6094,1,14
14623,13,6090,6092,3,13
58493,15,6093,6093,1,14
14624,13,6096,6097,2,13
7312,12,6098,6102,5,12
3656,11,6103,6106,4,11
1828,10,6107,6112,6,10
914,9,6113,6132,20,9
457,8,6063,6094,32,8
29250,14,6097,6097,1,14
14625,13,6095,6095,1,13
29251,14,6096,6096,1,14
117014,16,6099,6099,1,14
14626,13,6100,6102,3,13
7313,12,6095,6097,3,12
117015,16,6098,6098,1,14
29254,14,6101,6102,2,14
14627,13,6098,6099,2,13
468086,18,6102,6102,1,15
29255,14,6100,6100,1,14
468087,18,6101,6101,1,15
14628,13,6104,6104,1,13
7314,12,6105,6106,2,12
3657,11,6095,6102,8,11
14629,13,6103,6103,1,13
14630,13,6106,6106,1,13
7315,12,6103,6104,2,12
14631,13,6105,6105,1,13
14634,13,6108,6108,1,12
3658,11,6109,6112,4,11
1829,10,6095,6106,12,10
14635,13,6107,6107,1,12
117092,16,6110,6110,1,14
14636,13,6111,6111,1,13
7318,12,6112,6112,1,12
3659,11,6107,6108,2,11
117093,16,6109,6109,1,14
14637,13,6109,6110,2,13
7319,12,6109,6111,3,12
58560,15,6114,6114,1,15
29280,14,6115,6115,1,14
14640,13,6116,6117,2,13
7320,12,6118,6118,1,12
3660,11,6119,6125,7,11
1830,10,6126,6132,7,10
915,9,6095,6112,18,9
58561,15,6113,6113,1,15
29281,14,6113,6114,2,14
58566,15,6117,6117,1,14
14641,13,6113,6115,3,13
58567,15,6116,6116,1,14
7321,12,6113,6117,5,12
14644,13,6120,6120,1,13
7322,12,6121,6125,5,12
3661,11,6113,6118,6,11
14645,13,6119,6119,1,13
29292,14,6122,6122,1,14
14646,13,6123,6125,3,13
7323,12,6119,6120,2,12
29293,14,6121,6121,1,14
58588,15,6124,6124,1,15
29294,14,6125,6125,1,14
14647,13,6121,6122,2,13
58589,15,6123,6123,1,15
29295,14,6123,6124,2,14
58594,15,6127,6127,1,14
14648,13,6128,6128,1,13
7324,12,6129,6129,1,12
3662,11,6130,6132,3,11
1831,10,6113,6125,13,10
58595,15,6126,6126,1,14
14649,13,6126,6127,2,13
7325,12,6126,6128,3,12
58612,15,6131,6131,1,13
7326,12,6132,6132,1,12
3663,11,6126,6129,4,11
58613,15,6130,6130,1,13
7327,12,6130,6131,2,12
29314,14,6134,6135,2,13
7328,12,6136,6138,3,12
3664,11,6139,6146,8,11
1832,10,6147,6152,6,10
916,9,6153,6168,16,9
458,8,6169,6185,17,8
229,7,6063,6132,70,7
117262,16,6135,6135,1,14
29315,14,6133,6133,1,13
117263,16,6134,6134,1,14
58636,15,6137,6137,1,14
29318,14,6138,6138,1,13
7329,12,6133,6135,3,12
58637,15,6136,6136,1,14
29319,14,6136,6137,2,13
29320,14,6140,6140,1,14
14660,13,6141,6142,2,13
7330,12,6143,6146,4,12
3665,11,6133,6138,6,11
29321,14,6139,6139,1,14
1876632,20,6142,6142,1,14
14661,13,6139,6140,2,13
1876633,20,6141,6141,1,14
29324,14,6144,6145,2,14
14662,13,6146,6146,1,13
7331,12,6139,6142,4,12
58650,15,6145,6145,1,15
29325,14,6143,6143,1,14
58651,15,6144,6144,1,15
14663,13,6143,6145,3,13
14664,13,6148,6148,1,13
7332,12,6149,6149,1,12
3666,11,6150,6152,3,11
1833,10,6133,6146,14,10
14665,13,6147,6147,1,13
7333,12,6147,6148,2,12
7334,12,6151,6152,2,12
3667,11,6147,6149,3,11
14670,13,6152,6152,1,13
7335,12,6150,6150,1,12
14671,13,6151,6151,1,13
7336,12,6154,6154,1,12
3668,11,6155,6160,6,11
1834,10,6161,6168,8,10
917,9,6133,6152,20,9
7337,12,6153,6153,1,12
234816,17,6156,6156,1,14
29352,14,6157,6158,2,13
7338,12,6159,6160,2,12
3669,11,6153,6154,2,11
234817,17,6155,6155,1,14
58706,15,6158,6158,1,14
29353,14,6155,6156,2,13
58707,15,6157,6157,1,14
14678,13,6160,6160,1,13
7339,12,6155,6158,4,12
14679,13,6159,6159,1,13
234888,17,6162,6162,1,13
7340,12,6163,6165,3,12
3670,11,6166,6168,3,11
1835,10,6153,6160,8,10
234889,17,6161,6161,1,13
58728,15,6164,6164,1,14
29364,14,6165,6165,1,13
7341,12,6161,6162,2,12
58729,15,6163,6163,1,14
29365,14,6163,6164,2,13
7342,12,6167,6168,2,12
3671,11,6161,6165,5,11
14686,13,6168,6168,1,13
7343,12,6166,6166,1,12
14687,13,6167,6167,1,13
470028,18,6170,6170,1,12
3672,11,6171,6171,1,11
1836,10,6172,6176,5,10
918,9,6177,6185,9,9
459,8,6133,6168,36,8
470029,18,6169,6169,1,12
3673,11,6169,6170,2,11
3674,11,6173,6176,4,11
1837,10,6169,6171,3,10
117602,16,6174,6174,1,13
29400,14,6175,6176,2,12
3675,11,6172,6172,1,11
117603,16,6173,6173,1,13
58802,15,6176,6176,1,13
29401,14,6173,6174,2,12
58803,15,6175,6175,1,13
3676,11,6178,6178,1,11
1838,10,6179,6185,7,10
919,9,6169,6176,8,9
3677,11,6177,6177,1,11
14712,13,6180,6180,1,13
7356,12,6181,6182,2,12
3678,11,6183,6185,3,11
1839,10,6177,6178,2,10
14713,13,6179,6179,1,13
14714,13,6182,6182,1,13
7357,12,6179,6180,2,12
14715,13,6181,6181,1,13
14716,13,6184,6185,2,12
3679,11,6179,6182,4,11
58870,15,6185,6185,1,13
14717,13,6183,6183,1,12
58871,15,6184,6184,1,13
29440,14,6187,6187,1,14
14720,13,6188,6190,3,13
7360,12,6191,6193,3,12
3680,11,6194,6198,5,11
1840,10,6199,6204,6,10
920,9,6205,6222,18,9
460,8,6223,6250,28,8
230,7,6251,6309,59,7
115,6,6063,6185,123,6
29441,14,6186,6186,1,14
29442,14,6189,6190,2,14
14721,13,6186,6187,2,13
58886,15,6190,6190,1,15
29443,14,6188,6188,1,14
58887,15,6189,6189,1,15
14722,13,6192,6193,2,13
7361,12,6186,6190,5,12
29446,14,6193,6193,1,14
14723,13,6191,6191,1,13
29447,14,6192,6192,1,14
7362,12,6195,6198,4,12
3681,11,6186,6193,8,11
14726,13,6196,6198,3,13
7363,12,6194,6194,1,12
58908,15,6197,6197,1,15
29454,14,6198,6198,1,14
14727,13,6195,6195,1,13
58909,15,6196,6196,1,15
29455,14,6196,6197,2,14
29456,14,6200,6200,1,13
7364,12,6201,6202,2,12
3682,11,6203,6204,2,11
1841,10,6186,6198,13,10
29457,14,6199,6199,1,13
14730,13,6202,6202,1,13
7365,12,6199,6200,2,12
14731,13,6201,6201,1,13
7366,12,6204,6204,1,12
3683,11,6199,6202,4,11
7367,12,6203,6203,1,12
3684,11,6206,6212,7,11
1842,10,6213,6222,10,10
921,9,6186,6204,19,9
29482,14,6207,6207,1,13
7370,12,6208,6212,5,12
3685,11,6205,6205,1,11
29483,14,6206,6206,1,13
29484,14,6209,6210,2,14
14742,13,6211,6212,2,13
7371,12,6206,6207,2,12
58970,15,6210,6210,1,15
29485,14,6208,6208,1,14
58971,15,6209,6209,1,15
29486,14,6212,6212,1,14
14743,13,6208,6210,3,13
29487,14,6211,6211,1,14
14744,13,6214,6215,2,13
7372,12,6216,6217,2,12
3686,11,6218,6222,5,11
1843,10,6205,6212,8,10
29490,14,6215,6215,1,14
14745,13,6213,6213,1,13
29491,14,6214,6214,1,14
29494,14,6217,6217,1,13
7373,12,6213,6215,3,12
29495,14,6216,6216,1,13
235972,17,6219,6219,1,14
29496,14,6220,6221,2,13
7374,12,6222,6222,1,12
3687,11,6213,6217,5,11
235973,17,6218,6218,1,14
235976,17,6221,6221,1,14
29497,14,6218,6219,2,13
235977,17,6220,6220,1,14
7375,12,6218,6221,4,12
14752,13,6224,6224,1,13
7376,12,6225,6226,2,12
3688,11,6227,6230,4,11
1844,10,6231,6236,6,10
922,9,6237,6250,14,9
461,8,6186,6222,37,8
14753,13,6223,6223,1,13
14754,13,6226,6226,1,13
7377,12,6223,6224,2,12
14755,13,6225,6225,1,13
7378,12,6228,6230,3,12
3689,11,6223,6226,4,11
59032,15,6229,6229,1,14
14758,13,6230,6230,1,13
7379,12,6227,6227,1,12
59033,15,6228,6228,1,14
14759,13,6228,6229,2,13
59040,15,6232,6232,1,13
14760,13,6233,6234,2,12
3690,11,6235,6236,2,11
1845,10,6223,6230,8,10
59041,15,6231,6231,1,13
29522,14,6234,6234,1,13
14761,13,6231,6232,2,12
29523,14,6233,6233,1,13
7382,12,6236,6236,1,12
3691,11,6231,6234,4,11
7383,12,6235,6235,1,12
59088,15,6238,6238,1,14
29544,14,6239,6240,2,13
14772,13,6241,6241,1,12
7386,12,6242,6243,2,11
1846,10,6244,6250,7,10
923,9,6223,6236,14,9
59089,15,6237,6237,1,14
59090,15,6240,6240,1,14
29545,14,6237,6238,2,13
59091,15,6239,6239,1,14
14773,13,6237,6240,4,12
14774,13,6243,6243,1,12
7387,12,6237,6241,5,11
14775,13,6242,6242,1,12
118216,16,6245,6245,1,12
3694,11,6246,6250,5,11
1847,10,6237,6243,7,10
118217,16,6244,6244,1,12
118254,16,6247,6247,1,13
7390,12,6248,6250,3,12
3695,11,6244,6245,2,11
118255,16,6246,6246,1,13
14782,13,6249,6250,2,13
7391,12,6246,6247,2,12
473084,18,6250,6250,1,14
14783,13,6248,6248,1,13
473085,18,6249,6249,1,14
14784,13,6252,6252,1,12
3696,11,6253,6261,9,11
1848,10,6262,6269,8,10
924,9,6270,6284,15,9
462,8,6285,6309,25,8
231,7,6186,6250,65,7
14785,13,6251,6251,1,12
14788,13,6254,6256,3,13
7394,12,6257,6261,5,12
3697,11,6251,6252,2,11
59156,15,6255,6255,1,15
29578,14,6256,6256,1,14
14789,13,6253,6253,1,13
59157,15,6254,6254,1,15
29579,14,6254,6255,2,14
14790,13,6258,6261,4,13
7395,12,6253,6256,4,12
118328,16,6259,6259,1,15
29582,14,6260,6261,2,14
14791,13,6257,6257,1,13
118329,16,6258,6258,1,15
59166,15,6261,6261,1,15
29583,14,6258,6259,2,14
59167,15,6260,6260,1,15
29584,14,6263,6263,1,13
7396,12,6264,6265,2,12
3698,11,6266,6269,4,11
1849,10,6251,6261,11,10
29585,14,6262,6262,1,13
29588,14,6265,6265,1,13
7397,12,6262,6263,2,12
29589,14,6264,6264,1,13
7398,12,6267,6269,3,12
3699,11,6262,6265,4,11
29598,14,6268,6269,2,13
7399,12,6266,6266,1,12
59198,15,6269,6269,1,14
29599,14,6267,6267,1,13
59199,15,6268,6268,1,14
7400,12,6271,6274,4,12
3700,11,6275,6278,4,11
1850,10,6279,6284,6,10
925,9,6251,6269,19,9
14802,13,6272,6274,3,13
7401,12,6270,6270,1,12
118426,16,6273,6273,1,15
29606,14,6274,6274,1,14
14803,13,6271,6271,1,13
118427,16,6272,6272,1,15
29607,14,6272,6273,2,14
59216,15,6276,6276,1,13
7402,12,6277,6278,2,12
3701,11,6270,6274,5,11
59217,15,6275,6275,1,13
14806,13,6278,6278,1,13
7403,12,6275,6276,2,12
14807,13,6277,6277,1,13
7404,12,6280,6281,2,12
3702,11,6282,6284,3,11
1851,10,6270,6278,9,10
14810,13,6281,6281,1,13
7405,12,6279,6279,1,12
14811,13,6280,6280,1,13
29624,14,6283,6283,1,13
7406,12,6284,6284,1,12
3703,11,6279,6281,3,11
29625,14,6282,6282,1,13
7407,12,6282,6283,2,12
14816,13,6286,6286,1,12
3704,11,6287,6288,2,11
1852,10,6289,6291,3,10
926,9,6292,6309,18,9
463,8,6251,6284,34,8
14817,13,6285,6285,1,12
7410,12,6288,6288,1,12
3705,11,6285,6286,2,11
7411,12,6287,6287,1,12
59312,15,6290,6290,1,12
14828,13,6291,6291,1,11
1853,10,6285,6288,4,10
59313,15,6289,6289,1,12
14829,13,6289,6290,2,11
29664,14,6293,6294,2,13
14832,13,6295,6295,1,12
3708,11,6296,6299,4,11
1854,10,6300,6309,10,10
927,9,6285,6291,7,9
59330,15,6294,6294,1,14
29665,14,6292,6292,1,13
59331,15,6293,6293,1,14
14833,13,6292,6294,3,12
14836,13,6297,6298,2,13
7418,12,6299,6299,1,12
3709,11,6292,6295,4,11
59348,15,6298,6298,1,14
14837,13,6296,6296,1,13
59349,15,6297,6297,1,14
7419,12,6296,6298,3,12
14840,13,6301,6301,1,13
7420,12,6302,6302,1,12
3710,11,6303,6309,7,11
1855,10,6292,6299,8,10
14841,13,6300,6300,1,13
7421,12,6300,6301,2,12
950048,19,6304,6304,1,14
14844,13,6305,6305,1,13
7422,12,6306,6309,4,12
3711,11,6300,6302,3,11
950049,19,6303,6303,1,14
14845,13,6303,6304,2,13
29692,14,6307,6307,1,14
14846,13,6308,6309,2,13
7423,12,6303,6305,3,12
29693,14,6306,6306,1,14
29694,14,6309,6309,1,14
14847,13,6306,6307,2,13
29695,14,6308,6308,1,14
7424,12,6311,6311,1,12
3712,11,6312,6314,3,11
1856,10,6315,6326,12,10
928,9,6327,6342,16,9
464,8,6343,6375,33,8
232,7,6376,6443,68,7
116,6,6444,6563,120,6
58,5,6564,6841,278,5
29,4,5819,6309,491,4
7425,12,6310,6310,1,12
7426,12,6313,6314,2,12
3713,11,6310,6311,2,11
14854,13,6314,6314,1,13
7427,12,6312,6312,1,12
14855,13,6313,6313,1,13
237714,17,6316,6316,1,14
29714,14,6317,6317,1,13
7428,12,6318,6319,2,12
3714,11,6320,6326,7,11
1857,10,6310,6314,5,10
237715,17,6315,6315,1,14
29715,14,6315,6316,2,13
29716,14,6319,6319,1,13
7429,12,6315,6317,3,12
29717,14,6318,6318,1,13
14860,13,6321,6324,4,13
7430,12,6325,6326,2,12
3715,11,6315,6319,5,11
118890,16,6322,6322,1,15
29722,14,6323,6324,2,14
14861,13,6320,6320,1,13
118891,16,6321,6321,1,15
118894,16,6324,6324,1,15
29723,14,6321,6322,2,14
118895,16,6323,6323,1,15
118906,16,6326,6326,1,13
7431,12,6320,6324,5,12
118907,16,6325,6325,1,13
7432,12,6328,6331,4,12
3716,11,6332,6335,4,11
1858,10,6336,6342,7,10
929,9,6310,6326,17,9
59464,15,6329,6329,1,14
29732,14,6330,6331,2,13
7433,12,6327,6327,1,12
59465,15,6328,6328,1,14
237870,17,6331,6331,1,14
29733,14,6328,6329,2,13
237871,17,6330,6330,1,14
14868,13,6333,6333,1,13
7434,12,6334,6335,2,12
3717,11,6327,6331,5,11
14869,13,6332,6332,1,13
14870,13,6335,6335,1,13
7435,12,6332,6333,2,12
14871,13,6334,6334,1,13
14872,13,6337,6338,2,13
7436,12,6339,6339,1,12
3718,11,6340,6342,3,11
1859,10,6327,6335,9,10
59494,15,6338,6338,1,14
14873,13,6336,6336,1,13
59495,15,6337,6337,1,14
7437,12,6336,6338,3,12
29754,14,6341,6342,2,12
3719,11,6336,6339,4,11
952188,19,6342,6342,1,13
29755,14,6340,6340,1,12
952189,19,6341,6341,1,13
14880,13,6344,6344,1,13
7440,12,6345,6346,2,12
3720,11,6347,6348,2,11
1860,10,6349,6355,7,10
930,9,6356,6375,20,9
465,8,6310,6342,33,8
14881,13,6343,6343,1,13
14882,13,6346,6346,1,13
7441,12,6343,6344,2,12
14883,13,6345,6345,1,13
7442,12,6348,6348,1,12
3721,11,6343,6346,4,11
7443,12,6347,6347,1,12
7444,12,6350,6352,3,12
3722,11,6353,6355,3,11
1861,10,6343,6348,6,10
14890,13,6351,6352,2,13
7445,12,6349,6349,1,12
59564,15,6352,6352,1,14
14891,13,6350,6350,1,13
59565,15,6351,6351,1,14
14892,13,6354,6354,1,13
7446,12,6355,6355,1,12
3723,11,6349,6352,4,11
14893,13,6353,6353,1,13
7447,12,6353,6354,2,12
953346,19,6357,6357,1,15
29792,14,6358,6359,2,14
14896,13,6360,6360,1,13
7448,12,6361,6362,2,12
3724,11,6363,6367,5,11
1862,10,6368,6375,8,10
931,9,6343,6355,13,9
953347,19,6356,6356,1,15
119172,16,6359,6359,1,15
29793,14,6356,6357,2,14
119173,16,6358,6358,1,15
14897,13,6356,6359,4,13
59598,15,6362,6362,1,13
7449,12,6356,6360,5,12
59599,15,6361,6361,1,13
29800,14,6364,6364,1,14
14900,13,6365,6365,1,13
7450,12,6366,6367,2,12
3725,11,6356,6362,7,11
29801,14,6363,6363,1,14
14901,13,6363,6364,2,13
59608,15,6367,6367,1,13
7451,12,6363,6365,3,12
59609,15,6366,6366,1,13
14904,13,6369,6369,1,13
7452,12,6370,6371,2,12
3726,11,6372,6375,4,11
1863,10,6356,6367,12,10
14905,13,6368,6368,1,13
29814,14,6371,6371,1,13
7453,12,6368,6369,2,12
29815,14,6370,6370,1,13
14908,13,6373,6375,3,12
3727,11,6368,6371,4,11
59636,15,6374,6374,1,14
29818,14,6375,6375,1,13
14909,13,6372,6372,1,12
59637,15,6373,6373,1,14
29819,14,6373,6374,2,13
59650,15,6377,6377,1,12
3728,11,6378,6381,4,11
1864,10,6382,6393,12,10
932,9,6394,6413,20,9
466,8,6414,6443,30,8
233,7,6310,6375,66,7
59651,15,6376,6376,1,12
7458,12,6379,6381,3,12
3729,11,6376,6377,2,11
119346,16,6380,6380,1,14
14918,13,6381,6381,1,13
7459,12,6378,6378,1,12
119347,16,6379,6379,1,14
14919,13,6379,6380,2,13
14920,13,6383,6383,1,13
7460,12,6384,6387,4,12
3730,11,6388,6393,6,11
1865,10,6376,6381,6,10
14921,13,6382,6382,1,13
59688,15,6385,6385,1,15
29844,14,6386,6386,1,14
14922,13,6387,6387,1,13
7461,12,6382,6383,2,12
59689,15,6384,6384,1,15
29845,14,6384,6385,2,14
14923,13,6384,6386,3,13
14924,13,6389,6391,3,13
7462,12,6392,6393,2,12
3731,11,6382,6387,6,11
955218,19,6390,6391,2,14
14925,13,6388,6388,1,13
1910438,20,6391,6391,1,15
955219,19,6389,6389,1,14
1910439,20,6390,6390,1,15
59706,15,6393,6393,1,13
7463,12,6388,6391,4,12
59707,15,6392,6392,1,13
29858,14,6395,6395,1,13
7464,12,6396,6396,1,12
3732,11,6397,6402,6,11
1866,10,6403,6413,11,10
933,9,6376,6393,18,9
29859,14,6394,6394,1,13
7465,12,6394,6395,2,12
29864,14,6398,6400,3,13
7466,12,6401,6402,2,12
3733,11,6394,6396,3,11
59730,15,6399,6400,2,14
29865,14,6397,6397,1,13
1911402,20,6400,6400,1,15
59731,15,6398,6398,1,14
1911403,20,6399,6399,1,15
14934,13,6402,6402,1,13
7467,12,6397,6400,4,12
14935,13,6401,6401,1,13
59744,15,6404,6405,2,15
29872,14,6406,6406,1,14
14936,13,6407,6407,1,13
7468,12,6408,6410,3,12
3734,11,6411,6413,3,11
1867,10,6394,6402,9,10
119490,16,6405,6405,1,16
59745,15,6403,6403,1,15
119491,16,6404,6404,1,16
29873,14,6403,6405,3,14
14937,13,6403,6406,4,13
14938,13,6409,6410,2,13
7469,12,6403,6407,5,12
29878,14,6410,6410,1,14
14939,13,6408,6408,1,13
29879,14,6409,6409,1,14
14940,13,6412,6412,1,13
7470,12,6413,6413,1,12
3735,11,6403,6410,8,11
14941,13,6411,6411,1,13
7471,12,6411,6412,2,12
14944,13,6415,6415,1,13
7472,12,6416,6416,1,12
3736,11,6417,6421,5,11
1868,10,6422,6426,5,10
934,9,6427,6443,17,9
467,8,6376,6413,38,8
14945,13,6414,6414,1,13
7473,12,6414,6415,2,12
59794,15,6418,6418,1,14
14948,13,6419,6420,2,13
7474,12,6421,6421,1,12
3737,11,6414,6416,3,11
59795,15,6417,6417,1,14
29898,14,6420,6420,1,14
14949,13,6417,6418,2,13
29899,14,6419,6419,1,14
7475,12,6417,6420,4,12
14952,13,6423,6423,1,13
7476,12,6424,6424,1,12
3738,11,6425,6426,2,11
1869,10,6414,6421,8,10
14953,13,6422,6422,1,13
7477,12,6422,6423,2,12
7478,12,6426,6426,1,12
3739,11,6422,6424,3,11
7479,12,6425,6425,1,12
7480,12,6428,6432,5,12
3740,11,6433,6434,2,11
1870,10,6435,6443,9,10
935,9,6414,6426,13,9
29924,14,6429,6429,1,14
14962,13,6430,6432,3,13
7481,12,6427,6427,1,12
29925,14,6428,6428,1,14
1915284,20,6431,6431,1,15
59852,15,6432,6432,1,14
14963,13,6428,6429,2,13
1915285,20,6430,6430,1,15
59853,15,6430,6431,2,14
7482,12,6434,6434,1,12
3741,11,6427,6432,6,11
7483,12,6433,6433,1,12
29936,14,6436,6437,2,14
14968,13,6438,6438,1,13
7484,12,6439,6440,2,12
3742,11,6441,6443,3,11
1871,10,6427,6434,8,10
119748,16,6437,6437,1,15
29937,14,6435,6435,1,14
119749,16,6436,6436,1,15
14969,13,6435,6437,3,13
14970,13,6440,6440,1,13
7485,12,6435,6438,4,12
14971,13,6439,6439,1,13
29944,14,6442,6442,1,13
7486,12,6443,6443,1,12
3743,11,6435,6440,6,11
29945,14,6441,6441,1,13
7487,12,6441,6442,2,12
14976,13,6445,6446,2,13
7488,12,6447,6447,1,12
3744,11,6448,6452,5,11
1872,10,6453,6459,7,10
936,9,6460,6470,11,9
468,8,6471,6496,26,8
234,7,6497,6563,67,7
117,6,6310,6443,134,6
29954,14,6446,6446,1,14
14977,13,6444,6444,1,13
29955,14,6445,6445,1,14
7489,12,6444,6446,3,12
14980,13,6449,6451,3,13
7490,12,6452,6452,1,12
3745,11,6444,6447,4,11
29962,14,6450,6451,2,14
14981,13,6448,6448,1,13
59926,15,6451,6451,1,15
29963,14,6449,6449,1,14
59927,15,6450,6450,1,15
7491,12,6448,6451,4,12
14984,13,6454,6454,1,13
7492,12,6455,6456,2,12
3746,11,6457,6459,3,11
1873,10,6444,6452,9,10
14985,13,6453,6453,1,13
479576,18,6456,6456,1,13
7493,12,6453,6454,2,12
479577,18,6455,6455,1,13
7494,12,6458,6459,2,12
3747,11,6453,6456,4,11
59962,15,6459,6459,1,13
7495,12,6457,6457,1,12
59963,15,6458,6458,1,13
1919074,20,6461,6461,1,13
7496,12,6462,6462,1,12
3748,11,6463,6465,3,11
1874,10,6466,6470,5,10
937,9,6444,6459,16,9
1919075,20,6460,6460,1,13
7497,12,6460,6461,2,12
14996,13,6464,6464,1,13
7498,12,6465,6465,1,12
3749,11,6460,6462,3,11
14997,13,6463,6463,1,13
7499,12,6463,6464,2,12
7500,12,6467,6467,1,12
3750,11,6468,6470,3,11
1875,10,6460,6465,6,10
7501,12,6466,6466,1,12
15004,13,6469,6469,1,13
7502,12,6470,6470,1,12
3751,11,6466,6467,2,11
15005,13,6468,6468,1,13
7503,12,6468,6469,2,12
30016,14,6472,6472,1,13
7504,12,6473,6473,1,12
3752,11,6474,6476,3,11
1876,10,6477,6486,10,10
938,9,6487,6496,10,9
469,8,6444,6470,27,8
30017,14,6471,6471,1,13
7505,12,6471,6472,2,12
30028,14,6475,6475,1,13
15014,13,6476,6476,1,12
3753,11,6471,6473,3,11
30029,14,6474,6474,1,13
15015,13,6474,6475,2,12
7508,12,6478,6480,3,12
3754,11,6481,6486,6,11
1877,10,6471,6476,6,10
30036,14,6479,6479,1,14
15018,13,6480,6480,1,13
7509,12,6477,6477,1,12
30037,14,6478,6478,1,14
15019,13,6478,6479,2,13
120170,16,6482,6482,1,14
30042,14,6483,6483,1,13
7510,12,6484,6486,3,12
3755,11,6477,6480,4,11
120171,16,6481,6481,1,14
30043,14,6481,6482,2,13
120176,16,6485,6485,1,14
15022,13,6486,6486,1,13
7511,12,6481,6483,3,12
120177,16,6484,6484,1,14
15023,13,6484,6485,2,13
7512,12,6488,6489,2,12
3756,11,6490,6491,2,11
1878,10,6492,6496,5,10
939,9,6471,6486,16,9
120210,16,6489,6489,1,13
7513,12,6487,6487,1,12
120211,16,6488,6488,1,13
30058,14,6491,6491,1,12
3757,11,6487,6489,3,11
30059,14,6490,6490,1,12
7516,12,6493,6495,3,12
3758,11,6496,6496,1,11
1879,10,6487,6491,5,10
15034,13,6494,6495,2,13
7517,12,6492,6492,1,12
240572,17,6495,6495,1,14
15035,13,6493,6493,1,13
240573,17,6494,6494,1,14
3759,11,6492,6495,4,11
15040,13,6498,6499,2,13
7520,12,6500,6502,3,12
3760,11,6503,6507,5,11
1880,10,6508,6511,4,10
940,9,6512,6535,24,9
470,8,6536,6563,28,8
235,7,6444,6496,53,7
60166,15,6499,6499,1,14
15041,13,6497,6497,1,13
60167,15,6498,6498,1,14
240688,17,6501,6501,1,14
30086,14,6502,6502,1,13
7521,12,6497,6499,3,12
240689,17,6500,6500,1,14
30087,14,6500,6501,2,13
15044,13,6504,6504,1,13
7522,12,6505,6507,3,12
3761,11,6497,6502,6,11
15045,13,6503,6503,1,13
30092,14,6506,6506,1,14
15046,13,6507,6507,1,13
7523,12,6503,6504,2,12
30093,14,6505,6505,1,14
15047,13,6505,6506,2,13
7524,12,6509,6509,1,12
3762,11,6510,6511,2,11
1881,10,6497,6507,11,10
7525,12,6508,6508,1,12
15052,13,6511,6511,1,12
3763,11,6508,6509,2,11
15053,13,6510,6510,1,12
120448,16,6513,6513,1,14
15056,13,6514,6514,1,13
7528,12,6515,6517,3,12
3764,11,6518,6521,4,11
1882,10,6522,6535,14,10
941,9,6497,6511,15,9
120449,16,6512,6512,1,14
15057,13,6512,6513,2,13
30116,14,6516,6516,1,14
15058,13,6517,6517,1,13
7529,12,6512,6514,3,12
30117,14,6515,6515,1,14
15059,13,6515,6516,2,13
15060,13,6519,6520,2,13
7530,12,6521,6521,1,12
3765,11,6512,6517,6,11
30122,14,6520,6520,1,14
15061,13,6518,6518,1,13
30123,14,6519,6519,1,14
7531,12,6518,6520,3,12
120522,16,6523,6523,1,14
30130,14,6524,6524,1,13
7532,12,6525,6528,4,12
3766,11,6529,6535,7,11
1883,10,6512,6521,10,10
120523,16,6522,6522,1,14
30131,14,6522,6523,2,13
60264,15,6526,6526,1,15
30132,14,6527,6527,1,14
15066,13,6528,6528,1,13
7533,12,6522,6524,3,12
60265,15,6525,6525,1,15
30133,14,6525,6526,2,14
15067,13,6525,6527,3,13
241096,17,6530,6530,1,15
60274,15,6531,6531,1,14
15068,13,6532,6532,1,13
7534,12,6533,6535,3,12
3767,11,6522,6528,7,11
241097,17,6529,6529,1,15
60275,15,6529,6530,2,14
15069,13,6529,6531,3,13
60280,15,6534,6534,1,14
30140,14,6535,6535,1,13
7535,12,6529,6532,4,12
60281,15,6533,6533,1,14
30141,14,6533,6534,2,13
30148,14,6537,6537,1,12
3768,11,6538,6540,3,11
1884,10,6541,6548,8,10
942,9,6549,6563,15,9
471,8,6497,6535,39,8
30149,14,6536,6536,1,12
60310,15,6539,6539,1,13
7538,12,6540,6540,1,12
3769,11,6536,6537,2,11
60311,15,6538,6538,1,13
7539,12,6538,6539,2,12
7540,12,6542,6542,1,12
3770,11,6543,6548,6,11
1885,10,6536,6540,5,10
7541,12,6541,6541,1,12
60340,15,6544,6544,1,13
7542,12,6545,6548,4,12
3771,11,6541,6542,2,11
60341,15,6543,6543,1,13
15086,13,6546,6548,3,13
7543,12,6543,6544,2,12
30174,14,6547,6548,2,14
15087,13,6545,6545,1,13
60350,15,6548,6548,1,15
30175,14,6546,6546,1,14
60351,15,6547,6547,1,15
30176,14,6550,6550,1,14
15088,13,6551,6552,2,13
7544,12,6553,6554,2,12
3772,11,6555,6557,3,11
1886,10,6558,6563,6,10
943,9,6536,6548,13,9
30177,14,6549,6549,1,14
30178,14,6552,6552,1,14
15089,13,6549,6550,2,13
30179,14,6551,6551,1,14
30180,14,6554,6554,1,13
7545,12,6549,6552,4,12
30181,14,6553,6553,1,13
60370,15,6556,6556,1,13
15092,13,6557,6557,1,12
3773,11,6549,6554,6,11
60371,15,6555,6555,1,13
15093,13,6555,6556,2,12
7548,12,6559,6560,2,12
3774,11,6561,6563,3,11
1887,10,6549,6557,9,10
60398,15,6560,6560,1,13
7549,12,6558,6558,1,12
60399,15,6559,6559,1,13
30200,14,6562,6562,1,13
7550,12,6563,6563,1,12
3775,11,6558,6560,3,11
30201,14,6561,6561,1,13
7551,12,6561,6562,2,12
3776,11,6565,6570,6,11
1888,10,6571,6577,7,10
944,9,6578,6598,21,9
472,8,6599,6636,38,8
236,7,6637,6708,72,7
118,6,6709,6841,133,6
59,5,6310,6563,254,5
483494,18,6566,6566,1,13
7554,12,6567,6570,4,12
3777,11,6564,6564,1,11
483495,18,6565,6565,1,13
120880,16,6568,6568,1,15
60440,15,6569,6569,1,14
15110,13,6570,6570,1,13
7555,12,6565,6566,2,12
120881,16,6567,6567,1,15
60441,15,6567,6568,2,14
15111,13,6567,6569,3,13
15112,13,6572,6572,1,13
7556,12,6573,6574,2,12
3778,11,6575,6577,3,11
1889,10,6564,6570,7,10
15113,13,6571,6571,1,13
60456,15,6574,6574,1,13
7557,12,6571,6572,2,12
60457,15,6573,6573,1,13
7558,12,6576,6577,2,12
3779,11,6571,6574,4,11
60472,15,6577,6577,1,13
7559,12,6575,6575,1,12
60473,15,6576,6576,1,13
30240,14,6579,6579,1,13
15120,13,6580,6580,1,12
3780,11,6581,6588,8,11
1890,10,6589,6598,10,10
945,9,6564,6577,14,9
30241,14,6578,6578,1,13
15121,13,6578,6579,2,12
483968,18,6582,6582,1,14
15124,13,6583,6584,2,13
7562,12,6585,6588,4,12
3781,11,6578,6580,3,11
483969,18,6581,6581,1,14
30250,14,6584,6584,1,14
15125,13,6581,6582,2,13
30251,14,6583,6583,1,14
121010,16,6586,6586,1,15
30252,14,6587,6587,1,14
15126,13,6588,6588,1,13
7563,12,6581,6584,4,12
121011,16,6585,6585,1,15
30253,14,6585,6586,2,14
15127,13,6585,6587,3,13
15128,13,6590,6591,2,13
7564,12,6592,6593,2,12
3782,11,6594,6598,5,11
1891,10,6578,6588,11,10
60518,15,6591,6591,1,14
15129,13,6589,6589,1,13
60519,15,6590,6590,1,14
15130,13,6593,6593,1,13
7565,12,6589,6591,3,12
15131,13,6592,6592,1,13
242118,17,6595,6595,1,14
15132,13,6596,6596,1,13
7566,12,6597,6598,2,12
3783,11,6589,6593,5,11
242119,17,6594,6594,1,14
15133,13,6594,6595,2,13
121086,16,6598,6598,1,13
7567,12,6594,6596,3,12
121087,16,6597,6597,1,13
60544,15,6600,6600,1,14
15136,13,6601,6601,1,13
7568,12,6602,6604,3,12
3784,11,6605,6607,3,11
1892,10,6608,6616,9,10
946,9,6617,6636,20,9
473,8,6564,6598,35,8
60545,15,6599,6599,1,14
15137,13,6599,6600,2,13
15138,13,6603,6604,2,13
7569,12,6599,6601,3,12
60556,15,6604,6604,1,14
15139,13,6602,6602,1,13
60557,15,6603,6603,1,14
30284,14,6606,6606,1,13
15142,13,6607,6607,1,12
3785,11,6599,6604,6,11
30285,14,6605,6605,1,13
15143,13,6605,6606,2,12
15144,13,6609,6610,2,13
7572,12,6611,6611,1,12
3786,11,6612,6616,5,11
1893,10,6599,6607,9,10
30290,14,6610,6610,1,14
15145,13,6608,6608,1,13
30291,14,6609,6609,1,14
7573,12,6608,6610,3,12
60594,15,6613,6613,1,14
15148,13,6614,6614,1,13
7574,12,6615,6616,2,12
3787,11,6608,6611,4,11
60595,15,6612,6612,1,14
15149,13,6612,6613,2,13
30302,14,6616,6616,1,13
7575,12,6612,6614,3,12
30303,14,6615,6615,1,13
15152,13,6618,6621,4,13
7576,12,6622,6622,1,12
3788,11,6623,6629,7,11
1894,10,6630,6636,7,10
947,9,6599,6616,18,9
60612,15,6619,6620,2,15
30306,14,6621,6621,1,14
15153,13,6617,6617,1,13
121226,16,6620,6620,1,16
60613,15,6618,6618,1,15
121227,16,6619,6619,1,16
30307,14,6618,6620,3,14
7577,12,6617,6621,5,12
30316,14,6624,6625,2,13
15158,13,6626,6629,4,12
3789,11,6617,6622,6,11
60634,15,6625,6625,1,14
30317,14,6623,6623,1,13
60635,15,6624,6624,1,14
60636,15,6627,6627,1,14
30318,14,6628,6629,2,13
15159,13,6623,6625,3,12
60637,15,6626,6626,1,14
60638,15,6629,6629,1,14
30319,14,6626,6627,2,13
60639,15,6628,6628,1,14
7580,12,6631,6633,3,12
3790,11,6634,6636,3,11
1895,10,6617,6629,13,10
242600,17,6632,6633,2,13
7581,12,6630,6630,1,12
3881626,21,6633,6633,1,14
242601,17,6631,6631,1,13
3881627,21,6632,6632,1,14
7582,12,6635,6636,2,12
3791,11,6630,6633,4,11
15166,13,6636,6636,1,13
7583,12,6634,6634,1,12
15167,13,6635,6635,1,13
60674,15,6638,6639,2,14
15168,13,6640,6642,3,13
7584,12,6643,6644,2,12
3792,11,6645,6648,4,11
1896,10,6649,6659,11,10
948,9,6660,6680,21,9
474,8,6681,6708,28,8
237,7,6564,6636,73,7
121350,16,6639,6639,1,15
60675,15,6637,6637,1,14
121351,16,6638,6638,1,15
7766752,22,6641,6641,1,15
30338,14,6642,6642,1,14
15169,13,6637,6639,3,13
7766753,22,6640,6640,1,15
30339,14,6640,6641,2,14
121366,16,6644,6644,1,13
7585,12,6637,6642,6,12
121367,16,6643,6643,1,13
15172,13,6646,6647,2,13
7586,12,6648,6648,1,12
3793,11,6637,6644,8,11
30346,14,6647,6647,1,14
15173,13,6645,6645,1,13
30347,14,6646,6646,1,14
7587,12,6645,6647,3,12
15176,13,6650,6651,2,13
7588,12,6652,6655,4,12
3794,11,6656,6659,4,11
1897,10,6637,6648,12,10
121418,16,6651,6651,1,14
15177,13,6649,6649,1,13
121419,16,6650,6650,1,14
30356,14,6653,6653,1,14
15178,13,6654,6655,2,13
7589,12,6649,6651,3,12
30357,14,6652,6652,1,14
30358,14,6655,6655,1,14
15179,13,6652,6653,2,13
30359,14,6654,6654,1,14
30362,14,6657,6657,1,13
7590,12,6658,6659,2,12
3795,11,6649,6655,7,11
30363,14,6656,6656,1,13
30366,14,6659,6659,1,13
7591,12,6656,6657,2,12
30367,14,6658,6658,1,13
15184,13,6661,6663,3,13
7592,12,6664,6668,5,12
3796,11,6669,6669,1,11
1898,10,6670,6680,11,10
949,9,6637,6659,23,9
30370,14,6662,6663,2,14
15185,13,6660,6660,1,13
121484,16,6663,6663,1,15
30371,14,6661,6661,1,14
121485,16,6662,6662,1,15
15186,13,6665,6668,4,13
7593,12,6660,6663,4,12
60748,15,6666,6666,1,15
30374,14,6667,6668,2,14
15187,13,6664,6664,1,13
60749,15,6665,6665,1,15
60750,15,6668,6668,1,15
30375,14,6665,6666,2,14
60751,15,6667,6667,1,15
3797,11,6660,6668,9,11
30384,14,6671,6672,2,14
15192,13,6673,6673,1,13
7596,12,6674,6674,1,12
3798,11,6675,6680,6,11
1899,10,6660,6669,10,10
60770,15,6672,6672,1,15
30385,14,6670,6670,1,14
60771,15,6671,6671,1,15
15193,13,6670,6672,3,13
7597,12,6670,6673,4,12
7598,12,6676,6680,5,12
3799,11,6670,6674,5,11
15198,13,6677,6680,4,13
7599,12,6675,6675,1,12
121594,16,6678,6678,1,15
30398,14,6679,6680,2,14
15199,13,6676,6676,1,13
121595,16,6677,6677,1,15
121596,16,6680,6680,1,15
30399,14,6677,6678,2,14
121597,16,6679,6679,1,15
30400,14,6682,6682,1,13
7600,12,6683,6684,2,12
3800,11,6685,6688,4,11
1900,10,6689,6694,6,10
950,9,6695,6708,14,9
475,8,6637,6680,44,8
30401,14,6681,6681,1,13
30404,14,6684,6684,1,13
7601,12,6681,6682,2,12
30405,14,6683,6683,1,13
15204,13,6686,6686,1,13
7602,12,6687,6688,2,12
3801,11,6681,6684,4,11
15205,13,6685,6685,1,13
15206,13,6688,6688,1,13
7603,12,6685,6686,2,12
15207,13,6687,6687,1,13
15208,13,6690,6690,1,13
7604,12,6691,6692,2,12
3802,11,6693,6694,2,11
1901,10,6681,6688,8,10
15209,13,6689,6689,1,13
15210,13,6692,6692,1,13
7605,12,6689,6690,2,12
15211,13,6691,6691,1,13
15212,13,6694,6694,1,12
3803,11,6689,6692,4,11
15213,13,6693,6693,1,12
30432,14,6696,6696,1,12
3804,11,6697,6701,5,11
1902,10,6702,6708,7,10
951,9,6681,6694,14,9
30433,14,6695,6695,1,12
7610,12,6698,6701,4,12
3805,11,6695,6696,2,11
30444,14,6699,6700,2,14
15222,13,6701,6701,1,13
7611,12,6697,6697,1,12
60890,15,6700,6700,1,15
30445,14,6698,6698,1,14
60891,15,6699,6699,1,15
15223,13,6698,6700,3,13
15226,13,6703,6703,1,12
3806,11,6704,6708,5,11
1903,10,6695,6701,7,10
15227,13,6702,6702,1,12
30460,14,6705,6705,1,13
15230,13,6706,6708,3,12
3807,11,6702,6703,2,11
30461,14,6704,6704,1,13
60924,15,6707,6708,2,13
15231,13,6704,6705,2,12
1949610,20,6708,6708,1,14
60925,15,6706,6706,1,13
1949611,20,6707,6707,1,14
15232,13,6710,6712,3,13
7616,12,6713,6714,2,12
3808,11,6715,6718,4,11
1904,10,6719,6730,12,10
952,9,6731,6746,16,9
476,8,6747,6778,32,8
238,7,6779,6841,63,7
119,6,6564,6708,145,6
60934,15,6711,6712,2,14
15233,13,6709,6709,1,13
243740,17,6712,6712,1,15
60935,15,6710,6710,1,14
243741,17,6711,6711,1,15
60940,15,6714,6714,1,13
7617,12,6709,6712,4,12
60941,15,6713,6713,1,13
15236,13,6716,6716,1,13
7618,12,6717,6718,2,12
3809,11,6709,6714,6,11
15237,13,6715,6715,1,13
121908,16,6718,6718,1,13
7619,12,6715,6716,2,12
121909,16,6717,6717,1,13
30480,14,6720,6720,1,14
15240,13,6721,6723,3,13
7620,12,6724,6726,3,12
3810,11,6727,6730,4,11
1905,10,6709,6718,10,10
30481,14,6719,6719,1,14
60964,15,6722,6722,1,15
30482,14,6723,6723,1,14
15241,13,6719,6720,2,13
60965,15,6721,6721,1,15
30483,14,6721,6722,2,14
15242,13,6725,6726,2,13
7621,12,6719,6723,5,12
30486,14,6726,6726,1,14
15243,13,6724,6724,1,13
30487,14,6725,6725,1,14
15244,13,6728,6729,2,13
7622,12,6730,6730,1,12
3811,11,6719,6726,8,11
30490,14,6729,6729,1,14
15245,13,6727,6727,1,13
30491,14,6728,6728,1,14
7623,12,6727,6729,3,12
30496,14,6732,6732,1,12
3812,11,6733,6739,7,11
1906,10,6740,6746,7,10
953,9,6709,6730,22,9
30497,14,6731,6731,1,12
7626,12,6734,6739,6,12
3813,11,6731,6732,2,11
61016,15,6735,6736,2,15
30508,14,6737,6737,1,14
15254,13,6738,6739,2,13
7627,12,6733,6733,1,12
488140,18,6736,6736,1,16
61017,15,6734,6734,1,15
488141,18,6735,6735,1,16
30509,14,6734,6736,3,14
61022,15,6739,6739,1,14
15255,13,6734,6737,4,13
61023,15,6738,6738,1,14
3814,11,6741,6746,6,11
1907,10,6731,6739,9,10
61040,15,6742,6742,1,14
15260,13,6743,6743,1,13
7630,12,6744,6746,3,12
3815,11,6740,6740,1,11
61041,15,6741,6741,1,14
15261,13,6741,6742,2,13
61052,15,6745,6745,1,14
30526,14,6746,6746,1,13
7631,12,6741,6743,3,12
61053,15,6744,6744,1,14
30527,14,6744,6745,2,13
30528,14,6748,6748,1,13
7632,12,6749,6750,2,12
3816,11,6751,6751,1,11
1908,10,6752,6762,11,10
954,9,6763,6778,16,9
477,8,6709,6746,38,8
30529,14,6747,6747,1,13
122134,16,6750,6750,1,13
7633,12,6747,6748,2,12
122135,16,6749,6749,1,13
3817,11,6747,6750,4,11
30546,14,6753,6753,1,13
7636,12,6754,6757,4,12
3818,11,6758,6762,5,11
1909,10,6747,6751,5,10
30547,14,6752,6752,1,13
61098,15,6755,6755,1,14
15274,13,6756,6757,2,13
7637,12,6752,6753,2,12
61099,15,6754,6754,1,14
61102,15,6757,6757,1,14
15275,13,6754,6755,2,13
61103,15,6756,6756,1,14
122218,16,6759,6759,1,14
30554,14,6760,6760,1,13
7638,12,6761,6762,2,12
3819,11,6752,6757,6,11
122219,16,6758,6758,1,14
30555,14,6758,6759,2,13
30558,14,6762,6762,1,13
7639,12,6758,6760,3,12
30559,14,6761,6761,1,13
30560,14,6764,6765,2,14
15280,13,6766,6766,1,13
7640,12,6767,6767,1,12
3820,11,6768,6771,4,11
1910,10,6772,6778,7,10
955,9,6747,6762,16,9
61122,15,6765,6765,1,15
30561,14,6763,6763,1,14
61123,15,6764,6764,1,15
15281,13,6763,6765,3,13
7641,12,6763,6766,4,12
122284,16,6769,6769,1,13
7642,12,6770,6771,2,12
3821,11,6763,6767,5,11
122285,16,6768,6768,1,13
122296,16,6771,6771,1,13
7643,12,6768,6769,2,12
122297,16,6770,6770,1,13
15288,13,6773,6773,1,13
7644,12,6774,6775,2,12
3822,11,6776,6778,3,11
1911,10,6763,6771,9,10
15289,13,6772,6772,1,13
15290,13,6775,6775,1,13
7645,12,6772,6773,2,12
15291,13,6774,6774,1,13
7646,12,6777,6778,2,12
3823,11,6772,6775,4,11
15294,13,6778,6778,1,13
7647,12,6776,6776,1,12
15295,13,6777,6777,1,13
61192,15,6780,6781,2,12
15298,13,6782,6782,1,11
3824,11,6783,6788,6,10
956,9,6789,6800,12,9
478,8,6801,6841,41,8
239,7,6709,6778,70,7
489550,18,6781,6781,1,13
61193,15,6779,6779,1,12
489551,18,6780,6780,1,13
15299,13,6779,6781,3,11
7650,12,6784,6788,5,11
3825,11,6779,6782,4,10
122416,16,6785,6785,1,13
15302,13,6786,6788,3,12
7651,12,6783,6783,1,11
122417,16,6784,6784,1,13
61214,15,6787,6788,2,13
15303,13,6784,6785,2,12
122430,16,6788,6788,1,14
61215,15,6786,6786,1,13
122431,16,6787,6787,1,14
15312,13,6790,6790,1,13
7656,12,6791,6792,2,12
3828,11,6793,6793,1,11
1914,10,6794,6800,7,10
957,9,6779,6788,10,9
15313,13,6789,6789,1,13
15314,13,6792,6792,1,13
7657,12,6789,6790,2,12
15315,13,6791,6791,1,13
3829,11,6789,6792,4,11
122560,16,6795,6795,1,14
15320,13,6796,6796,1,13
7660,12,6797,6798,2,12
3830,11,6799,6800,2,11
1915,10,6789,6793,5,10
122561,16,6794,6794,1,14
15321,13,6794,6795,2,13
61294,15,6798,6798,1,13
7661,12,6794,6796,3,12
61295,15,6797,6797,1,13
15324,13,6800,6800,1,12
3831,11,6794,6798,5,11
15325,13,6799,6799,1,12
15328,13,6802,6803,2,12
3832,11,6804,6811,8,11
1916,10,6812,6825,14,10
958,9,6826,6841,16,9
479,8,6779,6800,22,8
61318,15,6803,6803,1,13
15329,13,6801,6801,1,12
61319,15,6802,6802,1,13
61328,15,6805,6805,1,15
30664,14,6806,6806,1,14
15332,13,6807,6809,3,13
7666,12,6810,6811,2,12
3833,11,6801,6803,3,11
61329,15,6804,6804,1,15
30665,14,6804,6805,2,14
30666,14,6808,6809,2,14
15333,13,6804,6806,3,13
61334,15,6809,6809,1,15
30667,14,6807,6807,1,14
61335,15,6808,6808,1,15
245368,17,6811,6811,1,13
7667,12,6804,6809,6,12
245369,17,6810,6810,1,13
61344,15,6813,6813,1,15
30672,14,6814,6814,1,14
15336,13,6815,6816,2,13
7668,12,6817,6819,3,12
3834,11,6820,6825,6,11
1917,10,6801,6811,11,10
61345,15,6812,6812,1,15
30673,14,6812,6813,2,14
30674,14,6816,6816,1,14
15337,13,6812,6814,3,13
30675,14,6815,6815,1,14
15338,13,6818,6819,2,13
7669,12,6812,6816,5,12
122714,16,6819,6819,1,14
15339,13,6817,6817,1,13
122715,16,6818,6818,1,14
122724,16,6821,6821,1,14
15340,13,6822,6822,1,13
7670,12,6823,6825,3,12
3835,11,6812,6819,8,11
122725,16,6820,6820,1,14
15341,13,6820,6821,2,13
30684,14,6824,6824,1,14
15342,13,6825,6825,1,13
7671,12,6820,6822,3,12
30685,14,6823,6823,1,14
15343,13,6823,6824,2,13
122756,16,6827,6827,1,12
3836,11,6828,6832,5,11
1918,10,6833,6841,9,10
959,9,6801,6825,25,9
122757,16,6826,6826,1,12
15348,13,6829,6829,1,13
7674,12,6830,6832,3,12
3837,11,6826,6827,2,11
15349,13,6828,6828,1,13
30700,14,6831,6831,1,14
15350,13,6832,6832,1,13
7675,12,6828,6829,2,12
30701,14,6830,6830,1,14
15351,13,6830,6831,2,13
122828,16,6834,6835,2,14
61414,15,6836,6836,1,13
7676,12,6837,6839,3,12
3838,11,6840,6841,2,11
1919,10,6826,6832,7,10
1965278,20,6835,6835,1,15
122829,16,6833,6833,1,14
1965279,20,6834,6834,1,15
61415,15,6833,6835,3,13
15354,13,6838,6839,2,13
7677,12,6833,6836,4,12
30710,14,6839,6839,1,14
15355,13,6837,6837,1,13
30711,14,6838,6838,1,14
7678,12,6841,6841,1,12
3839,11,6833,6839,7,11
7679,12,6840,6840,1,12
7680,12,6843,6844,2,12
3840,11,6845,6846,2,11
1920,10,6847,6852,6,10
960,9,6853,6871,19,9
480,8,6872,6906,35,8
240,7,6907,6978,72,7
120,6,6979,7091,113,6
60,5,7092,7326,235,5
30,4,7327,7739,413,4
15,3,5819,6841,1023,3
61448,15,6844,6844,1,13
7681,12,6842,6842,1,12
61449,15,6843,6843,1,13
15366,13,6846,6846,1,12
3841,11,6842,6844,3,11
15367,13,6845,6845,1,12
61476,15,6848,6848,1,14
30738,14,6849,6849,1,13
7684,12,6850,6850,1,12
3842,11,6851,6852,2,11
1921,10,6842,6846,5,10
61477,15,6847,6847,1,14
30739,14,6847,6848,2,13
7685,12,6847,6849,3,12
61494,15,6852,6852,1,12
3843,11,6847,6850,4,11
61495,15,6851,6851,1,12
123014,16,6854,6854,1,14
15376,13,6855,6855,1,13
7688,12,6856,6856,1,12
3844,11,6857,6862,6,11
1922,10,6863,6871,9,10
961,9,6842,6852,11,9
123015,16,6853,6853,1,14
15377,13,6853,6854,2,13
7689,12,6853,6855,3,12
15380,13,6858,6859,2,13
7690,12,6860,6862,3,12
3845,11,6853,6856,4,11
61526,15,6859,6859,1,14
15381,13,6857,6857,1,13
61527,15,6858,6858,1,14
30764,14,6861,6861,1,14
15382,13,6862,6862,1,13
7691,12,6857,6859,3,12
30765,14,6860,6860,1,14
15383,13,6860,6861,2,13
7692,12,6864,6864,1,12
3846,11,6865,6871,7,11
1923,10,6853,6862,10,10
7693,12,6863,6863,1,12
246210,17,6866,6866,1,15
30776,14,6867,6868,2,14
15388,13,6869,6870,2,13
7694,12,6871,6871,1,12
3847,11,6863,6864,2,11
246211,17,6865,6865,1,15
61554,15,6868,6868,1,15
30777,14,6865,6866,2,14
61555,15,6867,6867,1,15
61558,15,6870,6870,1,14
15389,13,6865,6868,4,13
61559,15,6869,6869,1,14
7695,12,6865,6870,6,12
492546,18,6873,6873,1,15
30784,14,6874,6874,1,14
15392,13,6875,6877,3,13
7696,12,6878,6878,1,12
3848,11,6879,6882,4,11
1924,10,6883,6890,8,10
962,9,6891,6906,16,9
481,8,6842,6871,30,8
492547,18,6872,6872,1,15
30785,14,6872,6873,2,14
1970370,20,6876,6876,1,15
123148,16,6877,6877,1,14
15393,13,6872,6874,3,13
1970371,20,6875,6875,1,15
123149,16,6875,6876,2,14
7697,12,6872,6877,6,12
246340,17,6880,6880,1,14
30792,14,6881,6881,1,13
7698,12,6882,6882,1,12
3849,11,6872,6878,7,11
246341,17,6879,6879,1,14
30793,14,6879,6880,2,13
7699,12,6879,6881,3,12
30800,14,6884,6885,2,13
7700,12,6886,6886,1,12
3850,11,6887,6890,4,11
1925,10,6872,6882,11,10
61602,15,6885,6885,1,14
30801,14,6883,6883,1,13
61603,15,6884,6884,1,14
7701,12,6883,6885,3,12
61616,15,6888,6888,1,14
15404,13,6889,6889,1,13
7702,12,6890,6890,1,12
3851,11,6883,6886,4,11
61617,15,6887,6887,1,14
15405,13,6887,6888,2,13
7703,12,6887,6889,3,12
7704,12,6892,6893,2,12
3852,11,6894,6898,5,11
1926,10,6899,6906,8,10
963,9,6872,6890,19,9
15410,13,6893,6893,1,13
7705,12,6891,6891,1,12
15411,13,6892,6892,1,13
30824,14,6895,6895,1,13
15412,13,6896,6898,3,12
3853,11,6891,6893,3,11
30825,14,6894,6894,1,13
30826,14,6897,6898,2,13
15413,13,6894,6895,2,12
123308,16,6898,6898,1,14
30827,14,6896,6896,1,13
123309,16,6897,6897,1,14
30832,14,6900,6900,1,14
15416,13,6901,6901,1,13
7708,12,6902,6903,2,12
3854,11,6904,6906,3,11
1927,10,6891,6898,8,10
30833,14,6899,6899,1,14
15417,13,6899,6900,2,13
123346,16,6903,6903,1,13
7709,12,6899,6901,3,12
123347,16,6902,6902,1,13
7710,12,6905,6906,2,12
3855,11,6899,6903,5,11
15422,13,6906,6906,1,13
7711,12,6904,6904,1,12
15423,13,6905,6905,1,13
61698,15,6908,6908,1,13
7712,12,6909,6913,5,12
3856,11,6914,6917,4,11
1928,10,6918,6929,12,10
964,9,6930,6942,13,9
482,8,6943,6978,36,8
241,7,6842,6906,65,7
61699,15,6907,6907,1,13
15426,13,6910,6913,4,13
7713,12,6907,6908,2,12
61708,15,6911,6911,1,15
30854,14,6912,6913,2,14
15427,13,6909,6909,1,13
61709,15,6910,6910,1,15
61710,15,6913,6913,1,15
30855,14,6910,6911,2,14
61711,15,6912,6912,1,15
15428,13,6915,6915,1,13
7714,12,6916,6917,2,12
3857,11,6907,6913,7,11
15429,13,6914,6914,1,13
61726,15,6917,6917,1,13
7715,12,6914,6915,2,12
61727,15,6916,6916,1,13
246920,17,6919,6919,1,15
61730,15,6920,6921,2,14
15432,13,6922,6922,1,13
7716,12,6923,6924,2,12
3858,11,6925,6929,5,11
1929,10,6907,6917,11,10
246921,17,6918,6918,1,15
123462,16,6921,6921,1,15
61731,15,6918,6919,2,14
123463,16,6920,6920,1,15
15433,13,6918,6921,4,13
30870,14,6924,6924,1,13
7717,12,6918,6922,5,12
30871,14,6923,6923,1,13
123494,16,6926,6926,1,14
15436,13,6927,6928,2,13
7718,12,6929,6929,1,12
3859,11,6918,6924,7,11
123495,16,6925,6925,1,14
246998,17,6928,6928,1,14
15437,13,6925,6926,2,13
246999,17,6927,6927,1,14
7719,12,6925,6928,4,12
7720,12,6931,6934,4,12
3860,11,6935,6936,2,11
1930,10,6937,6942,6,10
965,9,6907,6929,23,9
30884,14,6932,6932,1,14
15442,13,6933,6934,2,13
7721,12,6930,6930,1,12
30885,14,6931,6931,1,14
247088,17,6934,6934,1,14
15443,13,6931,6932,2,13
247089,17,6933,6933,1,14
7722,12,6936,6936,1,12
3861,11,6930,6934,5,11
7723,12,6935,6935,1,12
30898,14,6938,6938,1,12
3862,11,6939,6942,4,11
1931,10,6930,6936,7,10
30899,14,6937,6937,1,12
15452,13,6940,6941,2,13
7726,12,6942,6942,1,12
3863,11,6937,6938,2,11
30906,14,6941,6941,1,14
15453,13,6939,6939,1,13
30907,14,6940,6940,1,14
7727,12,6939,6941,3,12
61840,15,6944,6944,1,12
7730,12,6945,6947,3,11
1932,10,6948,6957,10,10
966,9,6958,6978,21,9
483,8,6907,6942,36,8
61841,15,6943,6943,1,12
30924,14,6946,6946,1,13
15462,13,6947,6947,1,12
7731,12,6943,6944,2,11
30925,14,6945,6945,1,13
15463,13,6945,6946,2,12
15464,13,6949,6949,1,13
7732,12,6950,6951,2,12
3866,11,6952,6957,6,11
1933,10,6943,6947,5,10
15465,13,6948,6948,1,13
30934,14,6951,6951,1,13
7733,12,6948,6949,2,12
30935,14,6950,6950,1,13
247488,17,6953,6953,1,14
30936,14,6954,6954,1,13
15468,13,6955,6957,3,12
3867,11,6948,6951,4,11
247489,17,6952,6952,1,14
30937,14,6952,6953,2,13
30938,14,6956,6957,2,13
15469,13,6952,6954,3,12
61878,15,6957,6957,1,14
30939,14,6955,6955,1,13
61879,15,6956,6956,1,14
61888,15,6959,6960,2,14
30944,14,6961,6961,1,13
7736,12,6962,6965,4,12
3868,11,6966,6968,3,11
1934,10,6969,6978,10,10
967,9,6943,6957,15,9
123778,16,6960,6960,1,15
61889,15,6958,6958,1,14
123779,16,6959,6959,1,15
30945,14,6958,6960,3,13
30948,14,6963,6963,1,14
15474,13,6964,6965,2,13
7737,12,6958,6961,4,12
30949,14,6962,6962,1,14
30950,14,6965,6965,1,14
15475,13,6962,6963,2,13
30951,14,6964,6964,1,14
30954,14,6967,6968,2,12
3869,11,6958,6965,8,11
61910,15,6968,6968,1,13
30955,14,6966,6966,1,12
61911,15,6967,6967,1,13
61920,15,6970,6970,1,14
30960,14,6971,6972,2,13
15480,13,6973,6975,3,12
3870,11,6976,6978,3,11
1935,10,6958,6968,11,10
61921,15,6969,6969,1,14
123844,16,6972,6972,1,14
30961,14,6969,6970,2,13
123845,16,6971,6971,1,14
30962,14,6974,6975,2,13
15481,13,6969,6972,4,12
61926,15,6975,6975,1,14
30963,14,6973,6973,1,13
61927,15,6974,6974,1,14
15486,13,6977,6978,2,12
3871,11,6969,6975,7,11
30974,14,6978,6978,1,13
15487,13,6976,6976,1,12
30975,14,6977,6977,1,13
30988,14,6980,6980,1,12
15494,13,6981,6982,2,11
1936,10,6983,6985,3,10
968,9,6986,6995,10,9
484,8,6996,7017,22,8
242,7,7018,7091,74,7
121,6,6842,6978,137,6
30989,14,6979,6979,1,12
30990,14,6982,6982,1,12
15495,13,6979,6980,2,11
30991,14,6981,6981,1,12
7748,12,6984,6984,1,12
3874,11,6985,6985,1,11
1937,10,6979,6982,4,10
7749,12,6983,6983,1,12
3875,11,6983,6984,2,11
15504,13,6987,6987,1,12
3876,11,6988,6990,3,11
1938,10,6991,6995,5,10
969,9,6979,6985,7,9
15505,13,6986,6986,1,12
15510,13,6989,6990,2,12
3877,11,6986,6987,2,11
496380,18,6990,6990,1,13
15511,13,6988,6988,1,12
496381,18,6989,6989,1,13
7756,12,6992,6993,2,12
3878,11,6994,6995,2,11
1939,10,6986,6990,5,10
15514,13,6993,6993,1,13
7757,12,6991,6991,1,12
15515,13,6992,6992,1,13
7758,12,6995,6995,1,12
3879,11,6991,6993,3,11
7759,12,6994,6994,1,12
15520,13,6997,6999,3,13
7760,12,7000,7001,2,12
3880,11,7002,7004,3,11
1940,10,7005,7008,4,10
970,9,7009,7017,9,9
485,8,6979,6995,17,8
31042,14,6998,6999,2,14
15521,13,6996,6996,1,13
62086,15,6999,6999,1,15
31043,14,6997,6997,1,14
62087,15,6998,6998,1,15
124186,16,7001,7001,1,13
7761,12,6996,6999,4,12
124187,16,7000,7000,1,13
31050,14,7003,7004,2,12
3881,11,6996,7001,6,11
62102,15,7004,7004,1,13
31051,14,7002,7002,1,12
62103,15,7003,7003,1,13
3882,11,7006,7008,3,11
1941,10,6996,7004,9,10
15532,13,7007,7008,2,12
3883,11,7005,7005,1,11
497058,18,7008,7008,1,13
15533,13,7006,7006,1,12
497059,18,7007,7007,1,13
7768,12,7010,7012,3,12
3884,11,7013,7013,1,11
1942,10,7014,7017,4,10
971,9,6996,7008,13,9
31076,14,7011,7011,1,14
15538,13,7012,7012,1,13
7769,12,7009,7009,1,12
31077,14,7010,7010,1,14
15539,13,7010,7011,2,13
3885,11,7009,7012,4,11
3886,11,7015,7017,3,11
1943,10,7009,7013,5,10
62198,15,7016,7016,1,13
7774,12,7017,7017,1,12
3887,11,7014,7014,1,11
62199,15,7015,7015,1,13
7775,12,7015,7016,2,12
124428,16,7019,7019,1,14
62214,15,7020,7020,1,13
7776,12,7021,7024,4,12
3888,11,7025,7030,6,11
1944,10,7031,7036,6,10
972,9,7037,7058,22,9
486,8,7059,7091,33,8
243,7,6979,7017,39,7
124429,16,7018,7018,1,14
62215,15,7018,7019,2,13
15554,13,7022,7024,3,13
7777,12,7018,7020,3,12
31110,14,7023,7024,2,14
15555,13,7021,7021,1,13
62222,15,7024,7024,1,15
31111,14,7022,7022,1,14
62223,15,7023,7023,1,15
15556,13,7026,7028,3,13
7778,12,7029,7030,2,12
3889,11,7018,7024,7,11
62228,15,7027,7027,1,15
31114,14,7028,7028,1,14
15557,13,7025,7025,1,13
62229,15,7026,7026,1,15
31115,14,7026,7027,2,14
62238,15,7030,7030,1,13
7779,12,7025,7028,4,12
62239,15,7029,7029,1,13
7780,12,7032,7033,2,12
3890,11,7034,7036,3,11
1945,10,7018,7030,13,10
15562,13,7033,7033,1,13
7781,12,7031,7031,1,12
15563,13,7032,7032,1,13
31132,14,7035,7035,1,13
15566,13,7036,7036,1,12
3891,11,7031,7033,3,11
31133,14,7034,7034,1,13
15567,13,7034,7035,2,12
62272,15,7038,7038,1,15
31136,14,7039,7039,1,14
15568,13,7040,7040,1,13
7784,12,7041,7043,3,12
3892,11,7044,7049,6,11
1946,10,7050,7058,9,10
973,9,7018,7036,19,9
62273,15,7037,7037,1,15
31137,14,7037,7038,2,14
15569,13,7037,7039,3,13
31142,14,7042,7043,2,13
7785,12,7037,7040,4,12
62286,15,7043,7043,1,14
31143,14,7041,7041,1,13
62287,15,7042,7042,1,14
31146,14,7045,7045,1,13
7786,12,7046,7049,4,12
3893,11,7037,7043,7,11
31147,14,7044,7044,1,13
15574,13,7047,7049,3,13
7787,12,7044,7045,2,12
31150,14,7048,7049,2,14
15575,13,7046,7046,1,13
249210,17,7049,7049,1,15
31151,14,7047,7047,1,14
249211,17,7048,7048,1,15
7788,12,7051,7052,2,12
3894,11,7053,7058,6,11
1947,10,7037,7049,13,10
15578,13,7052,7052,1,13
7789,12,7050,7050,1,12
15579,13,7051,7051,1,13
15580,13,7054,7055,2,13
7790,12,7056,7058,3,12
3895,11,7050,7052,3,11
31162,14,7055,7055,1,14
15581,13,7053,7053,1,13
31163,14,7054,7054,1,14
15582,13,7057,7058,2,13
7791,12,7053,7055,3,12
62334,15,7058,7058,1,14
15583,13,7056,7056,1,13
62335,15,7057,7057,1,14
31168,14,7060,7060,1,14
15584,13,7061,7061,1,13
7792,12,7062,7063,2,12
3896,11,7064,7066,3,11
1948,10,7067,7073,7,10
974,9,7074,7091,18,9
487,8,7018,7058,41,8
31169,14,7059,7059,1,14
15585,13,7059,7060,2,13
15586,13,7063,7063,1,13
7793,12,7059,7061,3,12
15587,13,7062,7062,1,13
15590,13,7065,7066,2,12
3897,11,7059,7063,5,11
62364,15,7066,7066,1,13
15591,13,7064,7064,1,12
62365,15,7065,7065,1,13
15592,13,7068,7068,1,13
7796,12,7069,7069,1,12
3898,11,7070,7073,4,11
1949,10,7059,7066,8,10
15593,13,7067,7067,1,13
7797,12,7067,7068,2,12
15598,13,7071,7073,3,12
3899,11,7067,7069,3,11
31198,14,7072,7073,2,13
15599,13,7070,7070,1,12
62398,15,7073,7073,1,14
31199,14,7071,7071,1,13
62399,15,7072,7072,1,14
31206,14,7075,7075,1,12
3900,11,7076,7079,4,11
1950,10,7080,7091,12,10
975,9,7059,7073,15,9
31207,14,7074,7074,1,12
15604,13,7077,7079,3,12
3901,11,7074,7075,2,11
124844,16,7078,7078,1,14
62422,15,7079,7079,1,13
15605,13,7076,7076,1,12
124845,16,7077,7077,1,14
62423,15,7077,7078,2,13
15608,13,7081,7082,2,13
7804,12,7083,7084,2,12
3902,11,7085,7091,7,11
1951,10,7074,7079,6,10
62438,15,7082,7082,1,14
15609,13,7080,7080,1,13
62439,15,7081,7081,1,14
31222,14,7084,7084,1,13
7805,12,7080,7082,3,12
31223,14,7083,7083,1,13
15612,13,7086,7087,2,13
7806,12,7088,7091,4,12
3903,11,7080,7084,5,11
62452,15,7087,7087,1,14
15613,13,7085,7085,1,13
62453,15,7086,7086,1,14
1998592,20,7089,7089,1,15
62456,15,7090,7090,1,14
15614,13,7091,7091,1,13
7807,12,7085,7087,3,12
1998593,20,7088,7088,1,15
62457,15,7088,7089,2,14
15615,13,7088,7090,3,13
31232,14,7093,7093,1,13
15616,13,7094,7094,1,12
3904,11,7095,7101,7,11
1952,10,7102,7114,13,10
976,9,7115,7128,14,9
488,8,7129,7159,31,8
244,7,7160,7205,46,7
122,6,7206,7326,121,6
61,5,6842,7091,250,5
31233,14,7092,7092,1,13
15617,13,7092,7093,2,12
249936,17,7096,7096,1,15
62484,15,7097,7098,2,14
31242,14,7099,7099,1,13
7810,12,7100,7101,2,12
3905,11,7092,7094,3,11
249937,17,7095,7095,1,15
999774,19,7098,7098,1,15
62485,15,7095,7096,2,14
999775,19,7097,7097,1,15
31243,14,7095,7098,4,13
15622,13,7101,7101,1,13
7811,12,7095,7099,5,12
15623,13,7100,7100,1,13
7812,12,7103,7107,5,12
3906,11,7108,7114,7,11
1953,10,7092,7101,10,10
31252,14,7104,7104,1,14
15626,13,7105,7107,3,13
7813,12,7102,7102,1,12
31253,14,7103,7103,1,14
31254,14,7106,7107,2,14
15627,13,7103,7104,2,13
125020,16,7107,7107,1,15
31255,14,7105,7105,1,14
125021,16,7106,7106,1,15
15628,13,7109,7109,1,13
7814,12,7110,7114,5,12
3907,11,7102,7107,6,11
15629,13,7108,7108,1,13
125042,16,7111,7111,1,15
31260,14,7112,7112,1,14
15630,13,7113,7114,2,13
7815,12,7108,7109,2,12
125043,16,7110,7110,1,15
31261,14,7110,7111,2,14
31262,14,7114,7114,1,14
15631,13,7110,7112,3,13
31263,14,7113,7113,1,14
3908,11,7116,7119,4,11
1954,10,7120,7128,9,10
977,9,7092,7114,23,9
15636,13,7117,7117,1,13
7818,12,7118,7119,2,12
3909,11,7115,7115,1,11
15637,13,7116,7116,1,13
15638,13,7119,7119,1,13
7819,12,7116,7117,2,12
15639,13,7118,7118,1,13
7820,12,7121,7122,2,12
3910,11,7123,7128,6,11
1955,10,7115,7119,5,10
15642,13,7122,7122,1,13
7821,12,7120,7120,1,12
15643,13,7121,7121,1,13
31288,14,7124,7125,2,14
15644,13,7126,7126,1,13
7822,12,7127,7128,2,12
3911,11,7120,7122,3,11
62578,15,7125,7125,1,15
31289,14,7123,7123,1,14
62579,15,7124,7124,1,15
15645,13,7123,7125,3,13
62586,15,7128,7128,1,13
7823,12,7123,7126,4,12
62587,15,7127,7127,1,13
15648,13,7130,7131,2,13
7824,12,7132,7134,3,12
3912,11,7135,7137,3,11
1956,10,7138,7143,6,10
978,9,7144,7159,16,9
489,8,7092,7128,37,8
31298,14,7131,7131,1,14
15649,13,7129,7129,1,13
31299,14,7130,7130,1,14
15650,13,7133,7134,2,13
7825,12,7129,7131,3,12
62604,15,7134,7134,1,14
15651,13,7132,7132,1,13
62605,15,7133,7133,1,14
125228,16,7136,7136,1,13
7826,12,7137,7137,1,12
3913,11,7129,7134,6,11
125229,16,7135,7135,1,13
7827,12,7135,7136,2,12
3914,11,7139,7143,5,11
1957,10,7129,7137,9,10
15660,13,7140,7140,1,13
7830,12,7141,7143,3,12
3915,11,7138,7138,1,11
15661,13,7139,7139,1,13
15662,13,7142,7143,2,13
7831,12,7139,7140,2,12
125304,16,7143,7143,1,14
15663,13,7141,7141,1,13
125305,16,7142,7142,1,14
15664,13,7145,7146,2,13
7832,12,7147,7150,4,12
3916,11,7151,7152,2,11
1958,10,7153,7159,7,10
979,9,7129,7143,15,9
62662,15,7146,7146,1,14
15665,13,7144,7144,1,13
62663,15,7145,7145,1,14
31332,14,7148,7148,1,14
15666,13,7149,7150,2,13
7833,12,7144,7146,3,12
31333,14,7147,7147,1,14
31334,14,7150,7150,1,14
15667,13,7147,7148,2,13
31335,14,7149,7149,1,14
7834,12,7152,7152,1,12
3917,11,7144,7150,7,11
7835,12,7151,7151,1,12
62688,15,7154,7154,1,14
31344,14,7155,7155,1,13
7836,12,7156,7157,2,12
3918,11,7158,7159,2,11
1959,10,7144,7152,9,10
62689,15,7153,7153,1,14
31345,14,7153,7154,2,13
31350,14,7157,7157,1,13
7837,12,7153,7155,3,12
31351,14,7156,7156,1,13
15678,13,7159,7159,1,12
3919,11,7153,7157,5,11
15679,13,7158,7158,1,12
7840,12,7161,7161,1,12
3920,11,7162,7162,1,11
1960,10,7163,7166,4,10
980,9,7167,7181,15,9
490,8,7182,7205,24,8
245,7,7092,7159,68,7
7841,12,7160,7160,1,12
3921,11,7160,7161,2,11
31376,14,7164,7164,1,13
15688,13,7165,7165,1,12
3922,11,7166,7166,1,11
1961,10,7160,7162,3,10
31377,14,7163,7163,1,13
15689,13,7163,7164,2,12
3923,11,7163,7165,3,11
62786,15,7168,7168,1,14
15696,13,7169,7169,1,13
7848,12,7170,7170,1,12
3924,11,7171,7175,5,11
1962,10,7176,7181,6,10
981,9,7160,7166,7,9
62787,15,7167,7167,1,14
15697,13,7167,7168,2,13
7849,12,7167,7169,3,12
15700,13,7172,7173,2,13
7850,12,7174,7175,2,12
3925,11,7167,7170,4,11
125608,16,7173,7173,1,14
15701,13,7171,7171,1,13
125609,16,7172,7172,1,14
62810,15,7175,7175,1,13
7851,12,7171,7173,3,12
62811,15,7174,7174,1,13
1005070,19,7177,7177,1,13
7852,12,7178,7179,2,12
3926,11,7180,7181,2,11
1963,10,7167,7175,9,10
1005071,19,7176,7176,1,13
31414,14,7179,7179,1,13
7853,12,7176,7177,2,12
31415,14,7178,7178,1,13
7854,12,7181,7181,1,12
3927,11,7176,7179,4,11
7855,12,7180,7180,1,12
251394,17,7183,7183,1,14
15712,13,7184,7185,2,13
7856,12,7186,7187,2,12
3928,11,7188,7189,2,11
1964,10,7190,7197,8,10
982,9,7198,7205,8,9
491,8,7160,7181,22,8
251395,17,7182,7182,1,14
62852,15,7185,7185,1,14
15713,13,7182,7183,2,13
62853,15,7184,7184,1,14
15714,13,7187,7187,1,13
7857,12,7182,7185,4,12
15715,13,7186,7186,1,13
7858,12,7189,7189,1,12
3929,11,7182,7187,6,11
7859,12,7188,7188,1,12
15720,13,7191,7194,4,12
3930,11,7195,7197,3,11
1965,10,7182,7189,8,10
31442,14,7192,7194,3,13
15721,13,7190,7190,1,12
62886,15,7193,7194,2,14
31443,14,7191,7191,1,13
251550,17,7194,7194,1,15
62887,15,7192,7192,1,14
251551,17,7193,7193,1,15
7862,12,7196,7197,2,12
3931,11,7190,7194,5,11
62904,15,7197,7197,1,13
7863,12,7195,7195,1,12
62905,15,7196,7196,1,13
125830,16,7199,7199,1,14
15728,13,7200,7200,1,13
7864,12,7201,7201,1,12
3932,11,7202,7202,1,11
1966,10,7203,7205,3,10
983,9,7182,7197,16,9
125831,16,7198,7198,1,14
15729,13,7198,7199,2,13
7865,12,7198,7200,3,12
3933,11,7198,7201,4,11
3934,11,7204,7205,2,11
1967,10,7198,7202,5,10
31482,14,7205,7205,1,12
3935,11,7203,7203,1,11
31483,14,7204,7204,1,12
15744,13,7207,7209,3,12
3936,11,7210,7211,2,11
1968,10,7212,7217,6,10
984,9,7218,7236,19,9
492,8,7237,7271,35,8
246,7,7272,7326,55,7
123,6,7092,7205,114,6
31490,14,7208,7209,2,13
15745,13,7206,7206,1,12
62982,15,7209,7209,1,14
31491,14,7207,7207,1,13
62983,15,7208,7208,1,14
7874,12,7211,7211,1,12
3937,11,7206,7209,4,11
7875,12,7210,7210,1,12
126026,16,7213,7213,1,13
7876,12,7214,7214,1,12
3938,11,7215,7217,3,11
1969,10,7206,7211,6,10
126027,16,7212,7212,1,13
7877,12,7212,7213,2,12
252128,17,7216,7216,1,13
15758,13,7217,7217,1,12
3939,11,7212,7214,3,11
252129,17,7215,7215,1,13
15759,13,7215,7216,2,12
504364,18,7219,7220,2,14
31522,14,7221,7222,2,13
7880,12,7223,7226,4,12
3940,11,7227,7229,3,11
1970,10,7230,7236,7,10
985,9,7206,7217,12,9
1008730,19,7220,7220,1,15
504365,18,7218,7218,1,14
1008731,19,7219,7219,1,15
1008752,19,7222,7222,1,14
31523,14,7218,7220,3,13
1008753,19,7221,7221,1,14
31526,14,7224,7226,3,13
7881,12,7218,7222,5,12
126108,16,7225,7225,1,15
63054,15,7226,7226,1,14
31527,14,7223,7223,1,13
126109,16,7224,7224,1,15
63055,15,7224,7225,2,14
31528,14,7228,7228,1,13
15764,13,7229,7229,1,12
3941,11,7218,7226,9,11
31529,14,7227,7227,1,13
15765,13,7227,7228,2,12
252292,17,7231,7231,1,14
126146,16,7232,7232,1,13
7884,12,7233,7234,2,12
3942,11,7235,7236,2,11
1971,10,7218,7229,12,10
252293,17,7230,7230,1,14
126147,16,7230,7231,2,13
15770,13,7234,7234,1,13
7885,12,7230,7232,3,12
15771,13,7233,7233,1,13
31546,14,7236,7236,1,12
3943,11,7230,7234,5,11
31547,14,7235,7235,1,12
7888,12,7238,7238,1,12
3944,11,7239,7247,9,11
1972,10,7248,7255,8,10
986,9,7256,7271,16,9
493,8,7206,7236,31,8
7889,12,7237,7237,1,12
15780,13,7240,7243,4,13
7890,12,7244,7247,4,12
3945,11,7237,7238,2,11
31562,14,7241,7243,3,14
15781,13,7239,7239,1,13
2020032,20,7242,7242,1,16
63126,15,7243,7243,1,15
31563,14,7240,7240,1,14
2020033,20,7241,7241,1,16
63127,15,7241,7242,2,15
31564,14,7245,7245,1,14
15782,13,7246,7247,2,13
7891,12,7239,7243,5,12
31565,14,7244,7244,1,14
63134,15,7247,7247,1,14
15783,13,7244,7245,2,13
63135,15,7246,7246,1,14
7892,12,7249,7251,3,12
3946,11,7252,7255,4,11
1973,10,7237,7247,11,10
126290,16,7250,7251,2,13
7893,12,7248,7248,1,12
252582,17,7251,7251,1,14
126291,16,7249,7249,1,13
252583,17,7250,7250,1,14
31578,14,7253,7254,2,13
7894,12,7255,7255,1,12
3947,11,7248,7251,4,11
63158,15,7254,7254,1,14
31579,14,7252,7252,1,13
63159,15,7253,7253,1,14
7895,12,7252,7254,3,12
15792,13,7257,7258,2,13
7896,12,7259,7259,1,12
3948,11,7260,7262,3,11
1974,10,7263,7271,9,10
987,9,7237,7255,19,9
31586,14,7258,7258,1,14
15793,13,7256,7256,1,13
31587,14,7257,7257,1,14
7897,12,7256,7258,3,12
15796,13,7261,7262,2,12
3949,11,7256,7259,4,11
31594,14,7262,7262,1,13
15797,13,7260,7260,1,12
31595,14,7261,7261,1,13
31600,14,7264,7264,1,14
15800,13,7265,7265,1,13
7900,12,7266,7267,2,12
3950,11,7268,7271,4,11
1975,10,7256,7262,7,10
31601,14,7263,7263,1,14
15801,13,7263,7264,2,13
31606,14,7267,7267,1,13
7901,12,7263,7265,3,12
31607,14,7266,7266,1,13
7902,12,7269,7271,3,12
3951,11,7263,7267,5,11
63226,15,7270,7270,1,14
15806,13,7271,7271,1,13
7903,12,7268,7268,1,12
63227,15,7269,7269,1,14
15807,13,7269,7270,2,13
7904,12,7273,7275,3,12
3952,11,7276,7277,2,11
1976,10,7278,7284,7,10
988,9,7285,7300,16,9
494,8,7301,7326,26,8
247,7,7206,7271,66,7
31620,14,7274,7274,1,14
15810,13,7275,7275,1,13
7905,12,7272,7272,1,12
31621,14,7273,7273,1,14
15811,13,7273,7274,2,13
15812,13,7277,7277,1,12
3953,11,7272,7275,4,11
15813,13,7276,7276,1,12
7908,12,7279,7282,4,12
3954,11,7283,7284,2,11
1977,10,7272,7277,6,10
31636,14,7280,7280,1,14
15818,13,7281,7282,2,13
7909,12,7278,7278,1,12
31637,14,7279,7279,1,14
126554,16,7282,7282,1,14
15819,13,7279,7280,2,13
126555,16,7281,7281,1,14
31642,14,7284,7284,1,12
3955,11,7278,7282,5,11
31643,14,7283,7283,1,12
31648,14,7286,7287,2,14
15824,13,7288,7288,1,13
7912,12,7289,7294,6,12
3956,11,7295,7296,2,11
1978,10,7297,7300,4,10
989,9,7272,7284,13,9
126598,16,7287,7287,1,15
31649,14,7285,7285,1,14
126599,16,7286,7286,1,15
15825,13,7285,7287,3,13
63304,15,7290,7290,1,15
31652,14,7291,7293,3,14
15826,13,7294,7294,1,13
7913,12,7285,7288,4,12
63305,15,7289,7289,1,15
126612,16,7292,7293,2,15
31653,14,7289,7290,2,14
506454,18,7293,7293,1,16
126613,16,7291,7291,1,15
506455,18,7292,7292,1,16
15827,13,7289,7293,5,13
63322,15,7296,7296,1,12
3957,11,7285,7294,10,11
63323,15,7295,7295,1,12
7916,12,7298,7298,1,12
3958,11,7299,7300,2,11
1979,10,7285,7296,12,10
7917,12,7297,7297,1,12
253392,17,7300,7300,1,12
3959,11,7297,7298,2,11
253393,17,7299,7299,1,12
31680,14,7302,7302,1,12
3960,11,7303,7307,5,11
1980,10,7308,7314,7,10
990,9,7315,7326,12,9
495,8,7272,7300,29,8
31681,14,7301,7301,1,12
63380,15,7304,7304,1,14
31690,14,7305,7305,1,13
7922,12,7306,7307,2,12
3961,11,7301,7302,2,11
63381,15,7303,7303,1,14
31691,14,7303,7304,2,13
63384,15,7307,7307,1,13
7923,12,7303,7305,3,12
63385,15,7306,7306,1,13
7924,12,7309,7309,1,12
3962,11,7310,7314,5,11
1981,10,7301,7307,7,10
7925,12,7308,7308,1,12
31704,14,7311,7311,1,13
7926,12,7312,7314,3,12
3963,11,7308,7309,2,11
31705,14,7310,7310,1,13
15854,13,7313,7314,2,13
7927,12,7310,7311,2,12
63422,15,7314,7314,1,14
15855,13,7312,7312,1,13
63423,15,7313,7313,1,14
15858,13,7316,7316,1,12
3964,11,7317,7319,3,11
1982,10,7320,7326,7,10
991,9,7301,7314,14,9
15859,13,7315,7315,1,12
15862,13,7318,7319,2,12
3965,11,7315,7316,2,11
31726,14,7319,7319,1,13
15863,13,7317,7317,1,12
31727,14,7318,7318,1,13
126914,16,7321,7321,1,14
15864,13,7322,7322,1,13
7932,12,7323,7325,3,12
3966,11,7326,7326,1,11
1983,10,7315,7319,5,10
126915,16,7320,7320,1,14
15865,13,7320,7321,2,13
31734,14,7324,7325,2,13
7933,12,7320,7322,3,12
126942,16,7325,7325,1,14
31735,14,7323,7323,1,13
126943,16,7324,7324,1,14
3967,11,7320,7325,6,11
3968,11,7328,7332,5,11
1984,10,7333,7341,9,10
992,9,7342,7352,11,9
496,8,7353,7382,30,8
248,7,7383,7433,51,7
124,6,7434,7516,83,6
62,5,7517,7739,223,5
31,4,6842,7326,485,4
31754,14,7329,7329,1,13
7938,12,7330,7332,3,12
3969,11,7327,7327,1,11
31755,14,7328,7328,1,13
31756,14,7331,7331,1,14
15878,13,7332,7332,1,13
7939,12,7328,7329,2,12
31757,14,7330,7330,1,14
15879,13,7330,7331,2,13
15880,13,7334,7335,2,13
7940,12,7336,7337,2,12
3970,11,7338,7341,4,11
1985,10,7327,7332,6,10
31762,14,7335,7335,1,14
15881,13,7333,7333,1,13
31763,14,7334,7334,1,14
15882,13,7337,7337,1,13
7941,12,7333,7335,3,12
15883,13,7336,7336,1,13
7942,12,7339,7341,3,12
3971,11,7333,7337,5,11
15886,13,7340,7341,2,13
7943,12,7338,7338,1,12
63548,15,7341,7341,1,14
15887,13,7339,7339,1,13
63549,15,7340,7340,1,14
3972,11,7343,7345,3,11
1986,10,7346,7352,7,10
993,9,7327,7341,15,9
7946,12,7344,7345,2,12
3973,11,7342,7342,1,11
15894,13,7345,7345,1,13
7947,12,7343,7343,1,12
15895,13,7344,7344,1,13
63586,15,7347,7347,1,13
7948,12,7348,7348,1,12
3974,11,7349,7352,4,11
1987,10,7342,7345,4,10
63587,15,7346,7346,1,13
7949,12,7346,7347,2,12
15900,13,7350,7351,2,13
7950,12,7352,7352,1,12
3975,11,7346,7348,3,11
31802,14,7351,7351,1,14
15901,13,7349,7349,1,13
31803,14,7350,7350,1,14
7951,12,7349,7351,3,12
31814,14,7354,7354,1,12
3976,11,7355,7357,3,11
1988,10,7358,7365,8,10
994,9,7366,7382,17,9
497,8,7327,7352,26,8
31815,14,7353,7353,1,12
15910,13,7356,7357,2,12
3977,11,7353,7354,2,11
63644,15,7357,7357,1,13
15911,13,7355,7355,1,12
63645,15,7356,7356,1,13
63652,15,7359,7359,1,14
31826,14,7360,7360,1,13
7956,12,7361,7361,1,12
3978,11,7362,7365,4,11
1989,10,7353,7357,5,10
63653,15,7358,7358,1,14
31827,14,7358,7359,2,13
7957,12,7358,7360,3,12
63664,15,7363,7363,1,14
31832,14,7364,7364,1,13
7958,12,7365,7365,1,12
3979,11,7358,7361,4,11
63665,15,7362,7362,1,14
31833,14,7362,7363,2,13
7959,12,7362,7364,3,12
63680,15,7367,7367,1,15
31840,14,7368,7368,1,14
15920,13,7369,7369,1,13
7960,12,7370,7371,2,12
3980,11,7372,7375,4,11
1990,10,7376,7382,7,10
995,9,7353,7365,13,9
63681,15,7366,7366,1,15
31841,14,7366,7367,2,14
15921,13,7366,7368,3,13
15922,13,7371,7371,1,13
7961,12,7366,7369,4,12
15923,13,7370,7370,1,13
7962,12,7373,7375,3,12
3981,11,7366,7371,6,11
127410,16,7374,7374,1,14
15926,13,7375,7375,1,13
7963,12,7372,7372,1,12
127411,16,7373,7373,1,14
15927,13,7373,7374,2,13
7964,12,7377,7377,1,12
3982,11,7378,7382,5,11
1991,10,7366,7375,10,10
7965,12,7376,7376,1,12
31864,14,7379,7379,1,14
15932,13,7380,7381,2,13
7966,12,7382,7382,1,12
3983,11,7376,7377,2,11
31865,14,7378,7378,1,14
63734,15,7381,7381,1,14
15933,13,7378,7379,2,13
63735,15,7380,7380,1,14
7967,12,7378,7381,4,12
63744,15,7384,7384,1,13
7968,12,7385,7388,4,12
3984,11,7389,7391,3,11
1992,10,7392,7397,6,10
996,9,7398,7406,9,9
498,8,7407,7433,27,8
249,7,7327,7382,56,7
63745,15,7383,7383,1,13
15938,13,7386,7388,3,13
7969,12,7383,7384,2,12
63756,15,7387,7388,2,14
15939,13,7385,7385,1,13
255028,17,7388,7388,1,15
63757,15,7386,7386,1,14
255029,17,7387,7387,1,15
31882,14,7390,7390,1,13
7970,12,7391,7391,1,12
3985,11,7383,7388,6,11
31883,14,7389,7389,1,13
7971,12,7389,7390,2,12
7972,12,7393,7397,5,11
1993,10,7383,7391,9,10
15946,13,7394,7397,4,12
7973,12,7392,7392,1,11
31894,14,7395,7397,3,13
15947,13,7393,7393,1,12
127580,16,7396,7396,1,15
63790,15,7397,7397,1,14
31895,14,7394,7394,1,13
127581,16,7395,7395,1,15
63791,15,7395,7396,2,14
127624,16,7399,7399,1,13
7976,12,7400,7403,4,12
3988,11,7404,7404,1,11
1994,10,7405,7406,2,10
997,9,7383,7397,15,9
127625,16,7398,7398,1,13
15954,13,7401,7403,3,13
7977,12,7398,7399,2,12
63820,15,7402,7402,1,15
31910,14,7403,7403,1,14
15955,13,7400,7400,1,13
63821,15,7401,7401,1,15
31911,14,7401,7402,2,14
3989,11,7398,7403,6,11
7982,12,7406,7406,1,11
1995,10,7398,7404,7,10
7983,12,7405,7405,1,11
3992,11,7408,7411,4,11
1996,10,7412,7416,5,10
998,9,7417,7433,17,9
499,8,7383,7406,24,8
31944,14,7409,7409,1,13
7986,12,7410,7411,2,12
3993,11,7407,7407,1,11
31945,14,7408,7408,1,13
15974,13,7411,7411,1,13
7987,12,7408,7409,2,12
15975,13,7410,7410,1,13
7988,12,7413,7413,1,12
3994,11,7414,7416,3,11
1997,10,7407,7411,5,10
7989,12,7412,7412,1,12
7990,12,7415,7416,2,12
3995,11,7412,7413,2,11
63928,15,7416,7416,1,13
7991,12,7414,7414,1,12
63929,15,7415,7415,1,13
15984,13,7418,7419,2,13
7992,12,7420,7421,2,12
3996,11,7422,7427,6,11
1998,10,7428,7433,6,10
999,9,7407,7416,10,9
127882,16,7419,7419,1,14
15985,13,7417,7417,1,13
127883,16,7418,7418,1,14
31972,14,7421,7421,1,13
7993,12,7417,7419,3,12
31973,14,7420,7420,1,13
31976,14,7423,7423,1,14
15988,13,7424,7425,2,13
7994,12,7426,7427,2,12
3997,11,7417,7421,5,11
31977,14,7422,7422,1,14
511668,18,7425,7425,1,14
15989,13,7422,7423,2,13
511669,18,7424,7424,1,14
127922,16,7427,7427,1,13
7995,12,7422,7425,4,12
127923,16,7426,7426,1,13
15992,13,7429,7429,1,13
7996,12,7430,7431,2,12
3998,11,7432,7433,2,11
1999,10,7417,7427,11,10
15993,13,7428,7428,1,13
63982,15,7431,7431,1,13
7997,12,7428,7429,2,12
63983,15,7430,7430,1,13
7998,12,7433,7433,1,12
3999,11,7428,7431,4,11
7999,12,7432,7432,1,12
8000,12,7435,7435,1,12
4000,11,7436,7438,3,11
2000,10,7439,7445,7,10
1000,9,7446,7457,12,9
500,8,7458,7477,20,8
250,7,7478,7516,39,7
125,6,7327,7433,107,6
8001,12,7434,7434,1,12
16004,13,7437,7437,1,13
8002,12,7438,7438,1,12
4001,11,7434,7435,2,11
16005,13,7436,7436,1,13
8003,12,7436,7437,2,12
16010,13,7440,7440,1,12
4002,11,7441,7445,5,11
2001,10,7434,7438,5,10
16011,13,7439,7439,1,12
16012,13,7442,7442,1,13
8006,12,7443,7445,3,12
4003,11,7439,7440,2,11
16013,13,7441,7441,1,13
64058,15,7444,7444,1,14
16014,13,7445,7445,1,13
8007,12,7441,7442,2,12
64059,15,7443,7443,1,14
16015,13,7443,7444,2,13
16016,13,7447,7447,1,13
8008,12,7448,7450,3,12
4004,11,7451,7452,2,11
2002,10,7453,7457,5,10
1001,9,7434,7445,12,9
16017,13,7446,7446,1,13
128146,16,7449,7449,1,14
16018,13,7450,7450,1,13
8009,12,7446,7447,2,12
128147,16,7448,7448,1,14
16019,13,7448,7449,2,13
64092,15,7452,7452,1,12
4005,11,7446,7450,5,11
64093,15,7451,7451,1,12
32048,14,7454,7454,1,13
8012,12,7455,7455,1,12
4006,11,7456,7457,2,11
2003,10,7446,7452,7,10
32049,14,7453,7453,1,13
8013,12,7453,7454,2,12
8014,12,7457,7457,1,12
4007,11,7453,7455,3,11
8015,12,7456,7456,1,12
1026080,19,7459,7459,1,14
16032,13,7460,7460,1,13
8016,12,7461,7461,1,12
4008,11,7462,7464,3,11
2004,10,7465,7467,3,10
1002,9,7468,7477,10,9
501,8,7434,7457,24,8
1026081,19,7458,7458,1,14
16033,13,7458,7459,2,13
8017,12,7458,7460,3,12
128290,16,7463,7463,1,13
16036,13,7464,7464,1,12
4009,11,7458,7461,4,11
128291,16,7462,7462,1,13
16037,13,7462,7463,2,12
16044,13,7466,7466,1,12
8022,12,7467,7467,1,11
2005,10,7458,7464,7,10
16045,13,7465,7465,1,12
8023,12,7465,7466,2,11
16048,13,7469,7470,2,13
8024,12,7471,7472,2,12
4012,11,7473,7474,2,11
2006,10,7475,7477,3,10
1003,9,7458,7467,10,9
32098,14,7470,7470,1,14
16049,13,7468,7468,1,13
32099,14,7469,7469,1,14
64206,15,7472,7472,1,13
8025,12,7468,7470,3,12
64207,15,7471,7471,1,13
64222,15,7474,7474,1,12
4013,11,7468,7472,5,11
64223,15,7473,7473,1,12
4014,11,7476,7477,2,11
2007,10,7468,7474,7,10
8030,12,7477,7477,1,12
4015,11,7475,7475,1,11
8031,12,7476,7476,1,12
4016,11,7479,7480,2,11
2008,10,7481,7486,6,10
1004,9,7487,7496,10,9
502,8,7497,7516,20,8
251,7,7434,7477,44,7
64272,15,7480,7480,1,12
4017,11,7478,7478,1,11
64273,15,7479,7479,1,12
16072,13,7482,7482,1,13
8036,12,7483,7484,2,12
4018,11,7485,7486,2,11
2009,10,7478,7480,3,10
16073,13,7481,7481,1,13
16074,13,7484,7484,1,13
8037,12,7481,7482,2,12
16075,13,7483,7483,1,13
16078,13,7486,7486,1,12
4019,11,7481,7484,4,11
16079,13,7485,7485,1,12
4020,11,7488,7490,3,11
2010,10,7491,7496,6,10
1005,9,7478,7486,9,9
16086,13,7489,7490,2,12
4021,11,7487,7487,1,11
32174,14,7490,7490,1,13
16087,13,7488,7488,1,12
32175,14,7489,7489,1,13
16088,13,7492,7493,2,13
8044,12,7494,7495,2,12
4022,11,7496,7496,1,11
2011,10,7487,7490,4,10
128716,16,7493,7493,1,14
16089,13,7491,7491,1,13
128717,16,7492,7492,1,14
514908,18,7495,7495,1,13
8045,12,7491,7493,3,12
514909,18,7494,7494,1,13
4023,11,7491,7495,5,11
32192,14,7498,7498,1,12
4024,11,7499,7502,4,11
2012,10,7503,7508,6,10
1006,9,7509,7516,8,9
503,8,7478,7496,19,8
32193,14,7497,7497,1,12
64400,15,7500,7500,1,14
16100,13,7501,7501,1,13
8050,12,7502,7502,1,12
4025,11,7497,7498,2,11
64401,15,7499,7499,1,14
16101,13,7499,7500,2,13
8051,12,7499,7501,3,12
8052,12,7504,7504,1,12
4026,11,7505,7508,4,11
2013,10,7497,7502,6,10
8053,12,7503,7503,1,12
257744,17,7506,7506,1,14
64436,15,7507,7507,1,13
32218,14,7508,7508,1,12
4027,11,7503,7504,2,11
257745,17,7505,7505,1,14
64437,15,7505,7506,2,13
32219,14,7505,7507,3,12
4028,11,7510,7511,2,11
2014,10,7512,7516,5,10
1007,9,7497,7508,12,9
8058,12,7511,7511,1,12
4029,11,7509,7509,1,11
8059,12,7510,7510,1,12
8060,12,7513,7513,1,12
4030,11,7514,7516,3,11
2015,10,7509,7511,3,10
8061,12,7512,7512,1,12
8062,12,7515,7516,2,12
4031,11,7512,7513,2,11
64510,15,7516,7516,1,13
8063,12,7514,7514,1,12
64511,15,7515,7515,1,13
4032,11,7518,7519,2,11
2016,10,7520,7525,6,10
1008,9,7526,7535,10,9
504,8,7536,7561,26,8
252,7,7562,7609,48,7
126,6,7610,7739,130,6
63,5,7327,7516,190,5
64538,15,7519,7519,1,12
4033,11,7517,7517,1,11
64539,15,7518,7518,1,12
16138,13,7521,7522,2,12
4034,11,7523,7525,3,11
2017,10,7517,7519,3,10
258228,17,7522,7522,1,13
16139,13,7520,7520,1,12
258229,17,7521,7521,1,13
8070,12,7524,7525,2,12
4035,11,7520,7522,3,11
16142,13,7525,7525,1,13
8071,12,7523,7523,1,12
16143,13,7524,7524,1,13
4036,11,7527,7527,1,11
2018,10,7528,7535,8,10
1009,9,7517,7525,9,9
4037,11,7526,7526,1,11
8076,12,7529,7529,1,12
4038,11,7530,7535,6,11
2019,10,7526,7527,2,10
8077,12,7528,7528,1,12
32312,14,7531,7532,2,13
16156,13,7533,7535,3,12
4039,11,7528,7529,2,11
258504,17,7532,7532,1,14
32313,14,7530,7530,1,13
258505,17,7531,7531,1,14
2068134,20,7534,7534,1,14
32314,14,7535,7535,1,13
16157,13,7530,7532,3,12
2068135,20,7533,7533,1,14
32315,14,7533,7534,2,13
16160,13,7537,7537,1,13
8080,12,7538,7538,1,12
4040,11,7539,7540,2,11
2020,10,7541,7544,4,10
1010,9,7545,7561,17,9
505,8,7517,7535,19,8
16161,13,7536,7536,1,13
8081,12,7536,7537,2,12
8082,12,7540,7540,1,12
4041,11,7536,7538,3,11
8083,12,7539,7539,1,12
8084,12,7542,7543,2,12
4042,11,7544,7544,1,11
2021,10,7536,7540,5,10
64686,15,7543,7543,1,13
8085,12,7541,7541,1,12
64687,15,7542,7542,1,13
4043,11,7541,7543,3,11
16178,13,7546,7546,1,12
4044,11,7547,7548,2,11
2022,10,7549,7561,13,10
1011,9,7536,7544,9,9
16179,13,7545,7545,1,12
517820,18,7548,7548,1,12
4045,11,7545,7546,2,11
517821,18,7547,7547,1,12
64738,15,7550,7551,2,14
16184,13,7552,7552,1,13
8092,12,7553,7554,2,12
4046,11,7555,7561,7,11
2023,10,7545,7548,4,10
129478,16,7551,7551,1,15
64739,15,7549,7549,1,14
129479,16,7550,7550,1,15
16185,13,7549,7551,3,13
16186,13,7554,7554,1,13
8093,12,7549,7552,4,12
16187,13,7553,7553,1,13
32376,14,7556,7557,2,14
16188,13,7558,7558,1,13
8094,12,7559,7561,3,12
4047,11,7549,7554,6,11
64754,15,7557,7557,1,15
32377,14,7555,7555,1,14
64755,15,7556,7556,1,15
16189,13,7555,7557,3,13
32380,14,7560,7560,1,14
16190,13,7561,7561,1,13
8095,12,7555,7558,4,12
32381,14,7559,7559,1,14
16191,13,7559,7560,2,13
16192,13,7563,7564,2,12
4048,11,7565,7568,4,11
2024,10,7569,7577,9,10
1012,9,7578,7587,10,9
506,8,7588,7609,22,8
253,7,7517,7561,45,7
32386,14,7564,7564,1,13
16193,13,7562,7562,1,12
32387,14,7563,7563,1,13
16196,13,7566,7567,2,13
8098,12,7568,7568,1,12
4049,11,7562,7564,3,11
64788,15,7567,7567,1,14
16197,13,7565,7565,1,13
64789,15,7566,7566,1,14
8099,12,7565,7567,3,12
32400,14,7570,7571,2,14
16200,13,7572,7573,2,13
8100,12,7574,7575,2,12
4050,11,7576,7577,2,11
2025,10,7562,7568,7,10
129606,16,7571,7571,1,15
32401,14,7569,7569,1,14
129607,16,7570,7570,1,15
64806,15,7573,7573,1,14
16201,13,7569,7571,3,13
64807,15,7572,7572,1,14
16202,13,7575,7575,1,13
8101,12,7569,7573,5,12
16203,13,7574,7574,1,13
8102,12,7577,7577,1,12
4051,11,7569,7575,7,11
8103,12,7576,7576,1,12
16208,13,7579,7580,2,13
8104,12,7581,7581,1,12
4052,11,7582,7582,1,11
2026,10,7583,7587,5,10
1013,9,7562,7577,16,9
32418,14,7580,7580,1,14
16209,13,7578,7578,1,13
32419,14,7579,7579,1,14
8105,12,7578,7580,3,12
4053,11,7578,7581,4,11
16218,13,7584,7585,2,12
4054,11,7586,7587,2,11
2027,10,7578,7582,5,10
32438,14,7585,7585,1,13
16219,13,7583,7583,1,12
32439,14,7584,7584,1,13
8110,12,7587,7587,1,12
4055,11,7583,7585,3,11
8111,12,7586,7586,1,12
64896,15,7589,7589,1,15
32448,14,7590,7590,1,14
16224,13,7591,7591,1,13
8112,12,7592,7593,2,12
4056,11,7594,7594,1,11
2028,10,7595,7600,6,10
1014,9,7601,7609,9,9
507,8,7562,7587,26,8
64897,15,7588,7588,1,15
32449,14,7588,7589,2,14
16225,13,7588,7590,3,13
259618,17,7593,7593,1,13
8113,12,7588,7591,4,12
259619,17,7592,7592,1,13
4057,11,7588,7593,6,11
16232,13,7596,7596,1,12
4058,11,7597,7600,4,11
2029,10,7588,7594,7,10
16233,13,7595,7595,1,12
32472,14,7598,7598,1,13
8118,12,7599,7600,2,12
4059,11,7595,7596,2,11
32473,14,7597,7597,1,13
32476,14,7600,7600,1,13
8119,12,7597,7598,2,12
32477,14,7599,7599,1,13
8120,12,7602,7603,2,12
4060,11,7604,7606,3,11
2030,10,7607,7609,3,10
1015,9,7588,7600,13,9
16242,13,7603,7603,1,13
8121,12,7601,7601,1,12
16243,13,7602,7602,1,13
16246,13,7605,7606,2,12
4061,11,7601,7603,3,11
129978,16,7606,7606,1,13
16247,13,7604,7604,1,12
129979,16,7605,7605,1,13
4062,11,7608,7609,2,11
2031,10,7601,7606,6,10
16252,13,7609,7609,1,12
4063,11,7607,7607,1,11
16253,13,7608,7608,1,12
4064,11,7611,7615,5,11
2032,10,7616,7621,6,10
1016,9,7622,7639,18,9
508,8,7640,7676,37,8
254,7,7677,7739,63,7
127,6,7517,7609,93,6
130080,16,7612,7612,1,14
16260,13,7613,7614,2,13
8130,12,7615,7615,1,12
4065,11,7610,7610,1,11
130081,16,7611,7611,1,14
32522,14,7614,7614,1,14
16261,13,7611,7612,2,13
32523,14,7613,7613,1,14
8131,12,7611,7614,4,12
8132,12,7617,7620,4,12
4066,11,7621,7621,1,11
2033,10,7610,7615,6,10
65064,15,7618,7618,1,15
32532,14,7619,7619,1,14
16266,13,7620,7620,1,13
8133,12,7616,7616,1,12
65065,15,7617,7617,1,15
32533,14,7617,7618,2,14
16267,13,7617,7619,3,13
4067,11,7616,7620,5,11
1041546,19,7623,7623,1,13
16274,13,7624,7624,1,12
4068,11,7625,7629,5,11
2034,10,7630,7639,10,10
1017,9,7610,7621,12,9
1041547,19,7622,7622,1,13
16275,13,7622,7623,2,12
16276,13,7626,7626,1,13
8138,12,7627,7629,3,12
4069,11,7622,7624,3,11
16277,13,7625,7625,1,13
32556,14,7628,7628,1,14
16278,13,7629,7629,1,13
8139,12,7625,7626,2,12
32557,14,7627,7627,1,14
16279,13,7627,7628,2,13
8140,12,7631,7633,3,12
4070,11,7634,7639,6,11
2035,10,7622,7629,8,10
260528,17,7632,7632,1,14
130264,16,7633,7633,1,13
8141,12,7630,7630,1,12
260529,17,7631,7631,1,14
130265,16,7631,7632,2,13
65136,15,7635,7635,1,15
32568,14,7636,7636,1,14
16284,13,7637,7637,1,13
8142,12,7638,7639,2,12
4071,11,7630,7633,4,11
65137,15,7634,7634,1,15
32569,14,7634,7635,2,14
16285,13,7634,7636,3,13
16286,13,7639,7639,1,13
8143,12,7634,7637,4,12
16287,13,7638,7638,1,13
130308,16,7641,7641,1,15
65154,15,7642,7642,1,14
16288,13,7643,7648,6,13
8144,12,7649,7652,4,12
4072,11,7653,7656,4,11
2036,10,7657,7665,9,10
1018,9,7666,7676,11,9
509,8,7610,7639,30,8
130309,16,7640,7640,1,15
65155,15,7640,7641,2,14
260626,17,7644,7645,2,15
65156,15,7646,7648,3,14
16289,13,7640,7642,3,13
521254,18,7645,7645,1,16
260627,17,7643,7643,1,15
521255,18,7644,7644,1,16
130314,16,7647,7648,2,15
65157,15,7643,7645,3,14
260630,17,7648,7648,1,16
130315,16,7646,7646,1,15
260631,17,7647,7647,1,16
65162,15,7650,7650,1,14
16290,13,7651,7652,2,13
8145,12,7640,7648,9,12
65163,15,7649,7649,1,14
32582,14,7652,7652,1,14
16291,13,7649,7650,2,13
32583,14,7651,7651,1,14
32584,14,7654,7654,1,13
8146,12,7655,7656,2,12
4073,11,7640,7652,13,11
32585,14,7653,7653,1,13
16294,13,7656,7656,1,13
8147,12,7653,7654,2,12
16295,13,7655,7655,1,13
8148,12,7658,7658,1,12
4074,11,7659,7665,7,11
2037,10,7640,7656,17,10
8149,12,7657,7657,1,12
521606,18,7660,7660,1,14
16300,13,7661,7661,1,13
8150,12,7662,7665,4,12
4075,11,7657,7658,2,11
521607,18,7659,7659,1,14
16301,13,7659,7660,2,13
32604,14,7663,7664,2,14
16302,13,7665,7665,1,13
8151,12,7659,7661,3,12
130422,16,7664,7664,1,15
32605,14,7662,7662,1,14
130423,16,7663,7663,1,15
16303,13,7662,7664,3,13
8152,12,7667,7668,2,12
4076,11,7669,7671,3,11
2038,10,7672,7676,5,10
1019,9,7640,7665,26,9
16306,13,7668,7668,1,13
8153,12,7666,7666,1,12
16307,13,7667,7667,1,13
8154,12,7670,7671,2,12
4077,11,7666,7668,3,11
32620,14,7671,7671,1,13
8155,12,7669,7669,1,12
32621,14,7670,7670,1,13
8156,12,7673,7674,2,12
4078,11,7675,7676,2,11
2039,10,7666,7671,6,10
16314,13,7674,7674,1,13
8157,12,7672,7672,1,12
16315,13,7673,7673,1,13
16316,13,7676,7676,1,12
4079,11,7672,7674,3,11
16317,13,7675,7675,1,12
4080,11,7678,7680,3,11
2040,10,7681,7684,4,10
1020,9,7685,7700,16,9
510,8,7701,7739,39,8
255,7,7610,7676,67,7
32652,14,7679,7679,1,13
16326,13,7680,7680,1,12
4081,11,7677,7677,1,11
32653,14,7678,7678,1,13
16327,13,7678,7679,2,12
4082,11,7682,7684,3,11
2041,10,7677,7680,4,10
65328,15,7683,7683,1,13
8166,12,7684,7684,1,12
4083,11,7681,7681,1,11
65329,15,7682,7682,1,13
8167,12,7682,7683,2,12
65348,15,7686,7686,1,14
32674,14,7687,7687,1,13
8168,12,7688,7688,1,12
4084,11,7689,7691,3,11
2042,10,7692,7700,9,10
1021,9,7677,7684,8,9
65349,15,7685,7685,1,14
32675,14,7685,7686,2,13
8169,12,7685,7687,3,12
32680,14,7690,7690,1,13
8170,12,7691,7691,1,12
4085,11,7685,7688,4,11
32681,14,7689,7689,1,13
8171,12,7689,7690,2,12
32690,14,7693,7693,1,13
8172,12,7694,7694,1,12
4086,11,7695,7700,6,11
2043,10,7685,7691,7,10
32691,14,7692,7692,1,13
8173,12,7692,7693,2,12
261578,17,7696,7696,1,14
16348,13,7697,7697,1,13
8174,12,7698,7700,3,12
4087,11,7692,7694,3,11
261579,17,7695,7695,1,14
16349,13,7695,7696,2,13
65402,15,7699,7699,1,14
16350,13,7700,7700,1,13
8175,12,7695,7697,3,12
65403,15,7698,7698,1,14
16351,13,7698,7699,2,13
8176,12,7702,7702,1,12
4088,11,7703,7709,7,11
2044,10,7710,7716,7,10
1022,9,7717,7739,23,9
511,8,7677,7700,24,8
8177,12,7701,7701,1,12
32712,14,7704,7706,3,13
8178,12,7707,7709,3,12
4089,11,7701,7702,2,11
130852,16,7705,7705,1,15
65426,15,7706,7706,1,14
32713,14,7703,7703,1,13
130853,16,7704,7704,1,15
65427,15,7704,7705,2,14
16358,13,7708,7709,2,13
8179,12,7703,7706,4,12
65438,15,7709,7709,1,14
16359,13,7707,7707,1,13
65439,15,7708,7708,1,14
16360,13,7711,7711,1,13
8180,12,7712,7714,3,12
4090,11,7715,7716,2,11
2045,10,7701,7709,9,10
16361,13,7710,7710,1,13
130906,16,7713,7713,1,14
32726,14,7714,7714,1,13
8181,12,7710,7711,2,12
130907,16,7712,7712,1,14
32727,14,7712,7713,2,13
32732,14,7716,7716,1,12
4091,11,7710,7714,5,11
32733,14,7715,7715,1,12
16368,13,7718,7719,2,13
8184,12,7720,7722,3,12
4092,11,7723,7729,7,11
2046,10,7730,7739,10,10
1023,9,7701,7716,16,9
32738,14,7719,7719,1,14
16369,13,7717,7717,1,13
32739,14,7718,7718,1,14
65484,15,7721,7721,1,14
32742,14,7722,7722,1,13
8185,12,7717,7719,3,12
65485,15,7720,7720,1,14
32743,14,7720,7721,2,13
65494,15,7724,7725,2,13
8186,12,7726,7729,4,12
4093,11,7717,7722,6,11
130990,16,7725,7725,1,14
65495,15,7723,7723,1,13
130991,16,7724,7724,1,14
1047946,19,7727,7727,1,15
65496,15,7728,7728,1,14
32748,14,7729,7729,1,13
8187,12,7723,7725,3,12
1047947,19,7726,7726,1,15
65497,15,7726,7727,2,14
32749,14,7726,7728,3,13
8188,12,7731,7732,2,12
4094,11,7733,7739,7,11
2047,10,7717,7729,13,10
32756,14,7732,7732,1,13
8189,12,7730,7730,1,12
32757,14,7731,7731,1,13
131040,16,7734,7734,1,14
16380,13,7735,7737,3,13
8190,12,7738,7739,2,12
4095,11,7730,7732,3,11
131041,16,7733,7733,1,14
131048,16,7736,7736,1,15
65524,15,7737,7737,1,14
16381,13,7733,7734,2,13
131049,16,7735,7735,1,15
65525,15,7735,7736,2,14
16382,13,7739,7739,1,13
8191,12,7733,7737,5,12
16383,13,7738,7738,1,13
