node_index,depth,left_rank,right_rank,weight,color
262206,18,1,1,1,4
4096,12,2,6,5,6
2048,11,7,11,5,8
1024,10,12,22,11,5
512,9,23,40,18,11
256,8,41,84,44,3
128,7,85,173,89,9
64,6,174,330,157,12
32,5,331,663,333,15
16,4,664,1311,648,2
8,3,1312,2493,1182,14
4,2,2494,5094,2601,14
2,1,5095,9999,4905,1
262207,18,0,0,1,4
8194,13,3,6,4,4
4097,12,0,1,2,6
262240,18,4,4,1,18
131120,17,5,5,1,16
16390,14,6,6,1,1
8195,13,2,2,1,4
262241,18,3,3,1,18
131121,17,3,4,2,16
16391,14,3,5,3,1
65568,16,8,8,1,1
32784,15,9,9,1,4
4098,12,10,11,2,6
2049,11,0,6,7,8
65569,16,7,7,1,1
32785,15,7,8,2,4
8198,13,11,11,1,4
4099,12,7,9,3,6
8199,13,10,10,1,4
4100,12,13,15,3,6
2050,11,16,22,7,8
1025,10,0,11,12,5
8202,13,14,15,2,4
4101,12,12,12,1,6
262498,18,15,15,1,1
8203,13,13,13,1,4
262499,18,14,14,1,1
8204,13,17,18,2,4
4102,12,19,22,4,6
2051,11,12,15,4,8
32822,15,18,18,1,1
8205,13,16,16,1,4
32823,15,17,17,1,1
32824,15,20,20,1,16
16412,14,21,21,1,1
8206,13,22,22,1,4
4103,12,16,18,3,6
32825,15,19,19,1,16
16413,14,19,20,2,1
8207,13,19,21,3,4
16418,14,24,24,1,4
4104,12,25,26,2,6
2052,11,27,32,6,8
1026,10,33,40,8,5
513,9,0,22,23,11
16419,14,23,23,1,4
8210,13,26,26,1,4
4105,12,23,24,2,6
8211,13,25,25,1,4
8212,13,28,28,1,4
4106,12,29,32,4,6
2053,11,23,26,4,8
8213,13,27,27,1,4
262854,18,30,30,1,16
16428,14,31,31,1,1
8214,13,32,32,1,4
4107,12,27,28,2,6
262855,18,29,29,1,16
16429,14,29,30,2,1
8215,13,29,31,3,4
131472,17,34,34,1,4
16434,14,35,36,2,6
2054,11,37,40,4,8
1027,10,23,32,10,5
131473,17,33,33,1,4
32870,15,36,36,1,4
16435,14,33,34,2,6
32871,15,35,35,1,4
32882,15,38,38,1,1
8220,13,39,39,1,4
4110,12,40,40,1,6
2055,11,33,36,4,8
32883,15,37,37,1,1
8221,13,37,38,2,4
4111,12,37,39,3,6
4112,12,42,45,4,6
2056,11,46,49,4,8
1028,10,50,61,12,5
514,9,62,84,23,11
257,8,0,40,41,3
16452,14,43,43,1,1
8226,13,44,45,2,4
4113,12,41,41,1,6
16453,14,42,42,1,1
16454,14,45,45,1,1
8227,13,42,43,2,4
16455,14,44,44,1,1
8228,13,47,47,1,4
4114,12,48,49,2,6
2057,11,41,45,5,8
8229,13,46,46,1,4
32920,15,49,49,1,4
4115,12,46,47,2,6
32921,15,48,48,1,4
4116,12,51,53,3,6
2058,11,54,61,8,8
1029,10,41,49,9,5
32938,15,52,52,1,1
8234,13,53,53,1,4
4117,12,50,50,1,6
32939,15,51,51,1,1
8235,13,51,52,2,4
16474,14,55,56,2,4
4118,12,57,61,5,6
2059,11,50,53,4,8
65902,16,56,56,1,1
16475,14,54,54,1,4
65903,16,55,55,1,1
131820,17,58,58,1,1
8238,13,59,61,3,4
4119,12,54,56,3,6
131821,17,57,57,1,1
16478,14,60,61,2,1
8239,13,57,58,2,4
32958,15,61,61,1,16
16479,14,59,59,1,1
32959,15,60,60,1,16
65920,16,63,63,1,1
8240,13,64,65,2,4
4120,12,66,66,1,6
2060,11,67,75,9,8
1030,10,76,84,9,5
515,9,41,61,21,11
65921,16,62,62,1,1
16482,14,65,65,1,1
8241,13,62,63,2,4
16483,14,64,64,1,1
4121,12,62,65,4,6
16490,14,68,68,1,4
4122,12,69,75,7,6
2061,11,62,66,5,8
16491,14,67,67,1,4
32986,15,70,72,3,1
8246,13,73,75,3,4
4123,12,67,68,2,6
131948,17,71,71,1,18
65974,16,72,72,1,16
32987,15,69,69,1,1
131949,17,70,70,1,18
65975,16,70,71,2,16
131952,17,74,74,1,16
16494,14,75,75,1,1
8247,13,69,72,4,4
131953,17,73,73,1,16
16495,14,73,74,2,1
32996,15,77,77,1,4
4124,12,78,79,2,6
2062,11,80,84,5,8
1031,10,62,75,14,5
32997,15,76,76,1,4
16500,14,79,79,1,4
4125,12,76,77,2,6
16501,14,78,78,1,4
4126,12,81,84,4,6
2063,11,76,79,4,8
16508,14,82,82,1,1
8254,13,83,84,2,4
4127,12,80,80,1,6
16509,14,81,81,1,1
33022,15,84,84,1,1
8255,13,81,82,2,4
33023,15,83,83,1,1
8256,13,86,86,1,4
4128,12,87,89,3,6
2064,11,90,96,7,8
1032,10,97,105,9,5
516,9,106,130,25,11
258,8,131,173,43,3
129,7,0,84,85,9
8257,13,85,85,1,4
33032,15,88,88,1,1
8258,13,89,89,1,4
4129,12,85,86,2,6
33033,15,87,87,1,1
8259,13,87,88,2,4
16520,14,91,92,2,1
8260,13,93,94,2,4
4130,12,95,96,2,6
2065,11,85,89,5,8
33042,15,92,92,1,16
16521,14,90,90,1,1
33043,15,91,91,1,16
66090,16,94,94,1,1
8261,13,90,92,3,4
66091,16,93,93,1,1
16526,14,96,96,1,4
4131,12,90,94,5,6
16527,14,95,95,1,4
66130,16,98,98,1,4
8266,13,99,100,2,6
2066,11,101,105,5,8
1033,10,85,96,12,5
66131,16,97,97,1,4
132280,17,100,100,1,4
8267,13,97,98,2,6
132281,17,99,99,1,4
8268,13,102,102,1,4
4134,12,103,105,3,6
2067,11,97,100,4,8
8269,13,101,101,1,4
66160,16,104,105,2,4
4135,12,101,102,2,6
264646,18,105,105,1,1
66161,16,103,103,1,4
264647,18,104,104,1,1
16544,14,107,108,2,1
8272,13,109,109,1,4
4136,12,110,115,6,6
2068,11,116,118,3,8
1034,10,119,130,12,5
517,9,85,105,21,11
33090,15,108,108,1,16
16545,14,106,106,1,1
33091,15,107,107,1,16
8273,13,106,108,3,4
33096,15,111,111,1,16
16548,14,112,113,2,1
8274,13,114,115,2,4
4137,12,106,109,4,6
33097,15,110,110,1,16
33098,15,113,113,1,16
16549,14,110,111,2,1
33099,15,112,112,1,16
16550,14,115,115,1,1
8275,13,110,113,4,4
16551,14,114,114,1,1
132428,17,117,118,2,6
2069,11,106,115,10,8
264858,18,118,118,1,4
132429,17,116,116,1,6
264859,18,117,117,1,4
16560,14,120,120,1,1
8280,13,121,122,2,4
4140,12,123,125,3,6
2070,11,126,130,5,8
1035,10,106,118,13,5
16561,14,119,119,1,1
16562,14,122,122,1,1
8281,13,119,120,2,4
16563,14,121,121,1,1
8282,13,124,125,2,4
4141,12,119,122,4,6
16566,14,125,125,1,1
8283,13,123,123,1,4
16567,14,124,124,1,1
8284,13,127,129,3,4
4142,12,130,130,1,6
2071,11,119,125,7,8
16570,14,128,129,2,1
8285,13,126,126,1,4
66286,16,129,129,1,16
16571,14,127,127,1,1
66287,16,128,128,1,16
4143,12,126,129,4,6
8288,13,132,132,1,4
4144,12,133,134,2,5
2072,11,135,135,1,8
1036,10,136,144,9,5
518,9,145,173,29,11
259,8,85,130,46,3
8289,13,131,131,1,4
8290,13,134,134,1,4
4145,12,131,132,2,5
8291,13,133,133,1,4
2073,11,131,134,4,8
132748,17,137,137,1,1
8296,13,138,139,2,4
4148,12,140,142,3,6
2074,11,143,144,2,8
1037,10,131,135,5,6
132749,17,136,136,1,1
33188,15,139,139,1,1
8297,13,136,137,2,4
33189,15,138,138,1,1
8298,13,141,142,2,4
4149,12,136,139,4,6
66396,16,142,142,1,1
8299,13,140,140,1,4
66397,16,141,141,1,1
4150,12,144,144,1,6
2075,11,136,142,7,8
4151,12,143,143,1,6
8304,13,146,147,2,4
4152,12,148,152,5,6
2076,11,153,160,8,8
1038,10,161,173,13,5
519,9,131,144,14,11
132890,17,147,147,1,1
8305,13,145,145,1,4
132891,17,146,146,1,1
16612,14,149,149,1,1
8306,13,150,152,3,4
4153,12,145,147,3,6
16613,14,148,148,1,1
132924,17,151,151,1,16
66462,16,152,152,1,1
8307,13,148,149,2,4
132925,17,150,150,1,16
66463,16,150,151,2,1
4154,12,154,160,7,6
2077,11,145,152,8,8
16620,14,155,157,3,1
8310,13,158,160,3,4
4155,12,153,153,1,6
66484,16,156,156,1,18
33242,15,157,157,1,16
16621,14,154,154,1,1
66485,16,155,155,1,18
33243,15,155,156,2,16
16622,14,159,160,2,1
8311,13,154,157,4,4
33246,15,160,160,1,16
16623,14,158,158,1,1
33247,15,159,159,1,16
8314,13,162,162,1,6
2078,11,163,173,11,8
1039,10,145,160,16,5
8315,13,161,161,1,6
8316,13,164,166,3,4
4158,12,167,173,7,6
2079,11,161,162,2,8
66538,16,165,166,2,1
8317,13,163,163,1,4
532314,19,166,166,1,16
66539,16,164,164,1,1
532315,19,165,165,1,16
66546,16,168,168,1,16
16636,14,169,169,1,1
8318,13,170,173,4,4
4159,12,163,166,4,6
66547,16,167,167,1,16
16637,14,167,168,2,1
66552,16,171,171,1,18
33276,15,172,172,1,16
16638,14,173,173,1,1
8319,13,167,169,3,4
66553,16,170,170,1,18
33277,15,170,171,2,16
16639,14,170,172,3,1
16640,14,175,175,1,1
8320,13,176,176,1,4
4160,12,177,181,5,6
2080,11,182,186,5,8
1040,10,187,198,12,5
520,9,199,223,25,11
260,8,224,260,37,3
130,7,261,330,70,9
65,6,0,173,174,12
16641,14,174,174,1,1
8321,13,174,175,2,4
33288,15,178,178,1,1
8322,13,179,181,3,4
4161,12,174,176,3,6
33289,15,177,177,1,1
133174,17,180,180,1,16
16646,14,181,181,1,1
8323,13,177,178,2,4
133175,17,179,179,1,16
16647,14,179,180,2,1
8324,13,183,183,1,4
4162,12,184,186,3,6
2081,11,174,181,8,8
8325,13,182,182,1,4
16652,14,185,185,1,1
8326,13,186,186,1,4
4163,12,182,183,2,6
16653,14,184,184,1,1
8327,13,184,185,2,4
4164,12,188,194,7,6
2082,11,195,198,4,8
1041,10,174,186,13,5
533128,19,189,189,1,16
16660,14,190,190,1,1
8330,13,191,194,4,4
4165,12,187,187,1,6
533129,19,188,188,1,16
16661,14,188,189,2,1
66650,16,192,192,1,16
16662,14,193,194,2,1
8331,13,188,190,3,4
66651,16,191,191,1,16
133306,17,194,194,1,16
16663,14,191,192,2,1
133307,17,193,193,1,16
33336,15,196,197,2,4
8334,13,198,198,1,6
2083,11,187,194,8,8
66674,16,197,197,1,1
33337,15,195,195,1,4
66675,16,196,196,1,1
8335,13,195,197,3,6
33344,15,200,200,1,1
8336,13,201,203,3,4
4168,12,204,205,2,6
2084,11,206,209,4,8
1042,10,210,223,14,5
521,9,174,198,25,11
33345,15,199,199,1,1
133392,17,202,202,1,16
33348,15,203,203,1,1
8337,13,199,200,2,4
133393,17,201,201,1,16
33349,15,201,202,2,1
8338,13,205,205,1,4
4169,12,199,203,5,6
8339,13,204,204,1,4
4170,12,207,209,3,6
2085,11,199,205,7,8
16684,14,208,209,2,4
4171,12,206,206,1,6
33370,15,209,209,1,1
16685,14,207,207,1,4
33371,15,208,208,1,1
33376,15,211,211,1,1
8344,13,212,212,1,4
4172,12,213,214,2,6
2086,11,215,223,9,8
1043,10,199,209,11,5
33377,15,210,210,1,1
8345,13,210,211,2,4
8346,13,214,214,1,4
4173,12,210,212,3,6
8347,13,213,213,1,4
33392,15,216,216,1,16
16696,14,217,219,3,1
8348,13,220,220,1,4
4174,12,221,223,3,6
2087,11,210,214,5,8
33393,15,215,215,1,16
133578,17,218,218,1,18
33394,15,219,219,1,16
16697,14,215,216,2,1
133579,17,217,217,1,18
33395,15,217,218,2,16
8349,13,215,219,5,4
16700,14,222,222,1,1
8350,13,223,223,1,4
4175,12,215,220,6,6
16701,14,221,221,1,1
8351,13,221,222,2,4
16704,14,225,225,1,1
8352,13,226,226,1,4
4176,12,227,229,3,6
2088,11,230,234,5,8
1044,10,235,245,11,5
522,9,246,260,15,11
261,8,174,223,50,3
16705,14,224,224,1,1
8353,13,224,225,2,4
8354,13,228,229,2,4
4177,12,224,226,3,6
16710,14,229,229,1,1
8355,13,227,227,1,4
16711,14,228,228,1,1
16714,14,231,231,1,4
4178,12,232,234,3,6
2089,11,224,229,6,8
16715,14,230,230,1,4
8358,13,233,234,2,4
4179,12,230,231,2,6
133746,17,234,234,1,1
8359,13,232,232,1,4
133747,17,233,233,1,1
16722,14,236,236,1,4
4180,12,237,241,5,6
2090,11,242,245,4,8
1045,10,224,234,11,5
16723,14,235,235,1,4
16724,14,238,238,1,1
8362,13,239,241,3,4
4181,12,235,236,2,6
16725,14,237,237,1,1
33452,15,240,240,1,16
16726,14,241,241,1,1
8363,13,237,238,2,4
33453,15,239,239,1,16
16727,14,239,240,2,1
4182,12,243,245,3,6
2091,11,235,241,7,8
16734,14,244,245,2,4
4183,12,242,242,1,6
66940,16,245,245,1,1
16735,14,243,243,1,4
66941,16,244,244,1,1
267788,18,247,247,1,4
4184,12,248,249,2,6
2092,11,250,251,2,8
1046,10,252,260,9,5
523,9,224,245,22,11
267789,18,246,246,1,4
8370,13,249,249,1,4
4185,12,246,247,2,6
8371,13,248,248,1,4
4186,12,251,251,1,6
2093,11,246,249,4,8
4187,12,250,250,1,6
33504,15,253,253,1,4
4188,12,254,255,2,6
2094,11,256,260,5,8
1047,10,246,251,6,5
33505,15,252,252,1,4
16758,14,255,255,1,4
4189,12,252,253,2,6
16759,14,254,254,1,4
16760,14,257,257,1,1
8380,13,258,258,1,4
4190,12,259,260,2,6
2095,11,252,255,4,8
16761,14,256,256,1,1
8381,13,256,257,2,4
8382,13,260,260,1,4
4191,12,256,258,3,6
8383,13,259,259,1,4
4192,12,262,264,3,6
2096,11,265,267,3,8
1048,10,268,280,13,5
524,9,281,298,18,11
262,8,299,330,32,3
131,7,174,260,87,9
8386,13,263,264,2,4
4193,12,261,261,1,6
16774,14,264,264,1,1
8387,13,262,262,1,4
16775,14,263,263,1,1
16776,14,266,266,1,4
4194,12,267,267,1,6
2097,11,261,264,4,8
16777,14,265,265,1,4
4195,12,265,266,2,6
8392,13,269,269,1,4
4196,12,270,272,3,6
2098,11,273,280,8,8
1049,10,261,267,7,5
8393,13,268,268,1,4
33576,15,271,271,1,1
8394,13,272,272,1,4
4197,12,268,269,2,6
33577,15,270,270,1,1
8395,13,270,271,2,4
33588,15,274,274,1,4
4198,12,275,280,6,6
2099,11,268,272,5,8
33589,15,273,273,1,4
16796,14,276,277,2,1
8398,13,278,280,3,4
4199,12,273,274,2,6
67190,16,277,277,1,16
16797,14,275,275,1,1
67191,16,276,276,1,16
16798,14,279,280,2,1
8399,13,275,277,3,4
67196,16,280,280,1,16
16799,14,278,278,1,1
67197,16,279,279,1,16
4200,12,282,284,3,6
2100,11,285,287,3,8
1050,10,288,298,11,5
525,9,261,280,20,11
33610,15,283,283,1,1
8402,13,284,284,1,4
4201,12,281,281,1,6
33611,15,282,282,1,1
8403,13,282,283,2,4
4202,12,286,287,2,6
2101,11,281,284,4,8
8406,13,287,287,1,4
4203,12,285,285,1,6
8407,13,286,286,1,4
134536,17,289,289,1,18
67268,16,290,290,1,16
33634,15,291,291,1,1
8408,13,292,292,1,4
4204,12,293,294,2,6
2102,11,295,298,4,8
1051,10,281,287,7,5
134537,17,288,288,1,18
67269,16,288,289,2,16
33635,15,288,290,3,1
8409,13,288,291,4,4
16822,14,294,294,1,4
4205,12,288,292,5,6
16823,14,293,293,1,4
8412,13,296,296,1,4
4206,12,297,298,2,6
2103,11,288,294,7,8
8413,13,295,295,1,4
33660,15,298,298,1,4
4207,12,295,296,2,6
33661,15,297,297,1,4
16832,14,300,300,1,1
8416,13,301,301,1,4
4208,12,302,304,3,6
2104,11,305,305,1,8
1052,10,306,312,7,5
526,9,313,330,18,11
263,8,261,298,38,3
16833,14,299,299,1,1
8417,13,299,300,2,4
8418,13,303,304,2,4
4209,12,299,301,3,6
16838,14,304,304,1,1
8419,13,302,302,1,4
16839,14,303,303,1,1
2105,11,299,304,6,8
4212,12,307,307,1,6
2106,11,308,312,5,8
1053,10,299,305,7,5
4213,12,306,306,1,6
8428,13,309,309,1,4
4214,12,310,312,3,6
2107,11,306,307,2,8
8429,13,308,308,1,4
8430,13,311,312,2,4
4215,12,308,309,2,6
16862,14,312,312,1,1
8431,13,310,310,1,4
16863,14,311,311,1,1
16870,14,314,314,1,6
2108,11,315,320,6,8
1054,10,321,330,10,5
527,9,299,312,14,11
16871,14,313,313,1,6
8436,13,316,317,2,4
4218,12,318,320,3,6
2109,11,313,314,2,8
134994,17,317,317,1,1
8437,13,315,315,1,4
134995,17,316,316,1,1
33754,15,319,319,1,1
8438,13,320,320,1,4
4219,12,315,317,3,6
33755,15,318,318,1,1
8439,13,318,319,2,4
8440,13,322,322,1,6
2110,11,323,330,8,8
1055,10,313,320,8,5
8441,13,321,321,1,6
4222,12,324,330,7,6
2111,11,321,322,2,8
270282,18,325,325,1,16
67570,16,326,327,2,1
8446,13,328,330,3,4
4223,12,323,323,1,6
270283,18,324,324,1,16
540572,19,327,327,1,16
67571,16,324,325,2,1
540573,19,326,326,1,16
33788,15,329,329,1,16
16894,14,330,330,1,1
8447,13,324,327,4,4
33789,15,328,328,1,16
16895,14,328,329,2,1
8448,13,332,333,2,6
2112,11,334,339,6,8
1056,10,340,354,15,5
528,9,355,389,35,11
264,8,390,419,30,3
132,7,420,493,74,9
66,6,494,663,170,12
33,5,0,330,331,15
16898,14,333,333,1,4
8449,13,331,331,1,6
16899,14,332,332,1,4
33808,15,335,335,1,16
16904,14,336,336,1,1
8452,13,337,337,1,4
4226,12,338,339,2,6
2113,11,331,333,3,8
33809,15,334,334,1,16
16905,14,334,335,2,1
8453,13,334,336,3,4
8454,13,339,339,1,4
4227,12,334,337,4,6
8455,13,338,338,1,4
8456,13,341,341,1,4
4228,12,342,348,7,6
2114,11,349,354,6,8
1057,10,331,339,9,5
8457,13,340,340,1,4
135334,17,343,343,1,16
16916,14,344,344,1,1
8458,13,345,348,4,4
4229,12,340,341,2,6
135335,17,342,342,1,16
16917,14,342,343,2,1
135344,17,346,346,1,18
33836,15,347,347,1,16
16918,14,348,348,1,1
8459,13,342,344,3,4
135345,17,345,345,1,18
33837,15,345,346,2,16
16919,14,345,347,3,1
135368,17,350,350,1,1
8460,13,351,351,1,4
4230,12,352,354,3,6
2115,11,340,348,9,8
135369,17,349,349,1,1
8461,13,349,350,2,4
67704,16,353,353,1,1
33852,15,354,354,1,4
4231,12,349,351,3,6
67705,16,352,352,1,1
33853,15,352,353,2,4
135426,17,356,356,1,16
16928,14,357,357,1,1
8464,13,358,358,1,4
4232,12,359,360,2,6
2116,11,361,366,6,8
1058,10,367,389,23,5
529,9,331,354,24,11
135427,17,355,355,1,16
16929,14,355,356,2,1
8465,13,355,357,3,4
8466,13,360,360,1,4
4233,12,355,358,4,6
8467,13,359,359,1,4
8468,13,362,362,1,4
4234,12,363,366,4,6
2117,11,355,360,6,8
8469,13,361,361,1,4
16942,14,364,366,3,4
4235,12,361,362,2,6
271088,18,365,365,1,16
135544,17,366,366,1,1
16943,14,363,363,1,4
271089,18,364,364,1,16
135545,17,364,365,2,1
33888,15,368,369,2,1
8472,13,370,373,4,4
4236,12,374,382,9,6
2118,11,383,389,7,8
1059,10,355,366,12,5
135558,17,369,369,1,16
33889,15,367,367,1,1
135559,17,368,368,1,16
16946,14,371,373,3,1
8473,13,367,369,3,4
67790,16,372,373,2,16
16947,14,370,370,1,1
271164,18,373,373,1,18
67791,16,371,371,1,16
271165,18,372,372,1,18
33896,15,375,376,2,16
16948,14,377,379,3,1
8474,13,380,382,3,4
4237,12,367,373,7,6
67794,16,376,376,1,18
33897,15,374,374,1,16
67795,16,375,375,1,18
33898,15,378,379,2,16
16949,14,374,376,3,1
135596,17,379,379,1,18
33899,15,377,377,1,16
135597,17,378,378,1,18
33902,15,381,382,2,1
8475,13,374,379,6,4
67806,16,382,382,1,16
33903,15,380,380,1,1
67807,16,381,381,1,16
16952,14,384,384,1,4
4238,12,385,389,5,6
2119,11,367,382,16,8
16953,14,383,383,1,4
16956,14,386,387,2,1
8478,13,388,389,2,4
4239,12,383,384,2,6
33914,15,387,387,1,16
16957,14,385,385,1,1
33915,15,386,386,1,16
16958,14,389,389,1,1
8479,13,385,387,3,4
16959,14,388,388,1,1
33920,15,391,391,1,1
16960,14,392,392,1,4
8480,13,393,393,1,6
2120,11,394,396,3,8
1060,10,397,404,8,5
530,9,405,419,15,11
265,8,331,389,59,3
33921,15,390,390,1,1
16961,14,390,391,2,4
8481,13,390,392,3,6
8484,13,395,395,1,4
4242,12,396,396,1,6
2121,11,390,393,4,8
8485,13,394,394,1,4
4243,12,394,395,2,6
8488,13,398,398,1,4
4244,12,399,400,2,6
2122,11,401,404,4,8
1061,10,390,396,7,5
8489,13,397,397,1,4
8490,13,400,400,1,4
4245,12,397,398,2,6
8491,13,399,399,1,4
33970,15,402,402,1,4
4246,12,403,404,2,6
2123,11,397,400,4,8
33971,15,401,401,1,4
8494,13,404,404,1,4
4247,12,401,402,2,6
8495,13,403,403,1,4
16992,14,406,408,3,6
2124,11,409,410,2,8
1062,10,411,419,9,5
531,9,390,404,15,11
135948,17,407,407,1,1
67974,16,408,408,1,4
16993,14,405,405,1,6
135949,17,406,406,1,1
67975,16,406,407,2,4
4250,12,410,410,1,6
2125,11,405,408,4,8
4251,12,409,409,1,6
34028,15,412,412,1,6
2126,11,413,419,7,8
1063,10,405,410,6,5
34029,15,411,411,1,6
17016,14,414,414,1,1
8508,13,415,415,1,4
4254,12,416,419,4,6
2127,11,411,412,2,8
17017,14,413,413,1,1
8509,13,413,414,2,4
8510,13,417,419,3,4
4255,12,413,415,3,6
272352,18,418,418,1,16
34044,15,419,419,1,1
8511,13,416,416,1,4
272353,18,417,417,1,16
34045,15,417,418,2,1
17024,14,421,422,2,1
8512,13,423,423,1,4
4256,12,424,431,8,6
2128,11,432,438,7,8
1064,10,439,448,10,5
532,9,449,461,13,11
266,8,462,493,32,3
133,7,331,419,89,9
34050,15,422,422,1,16
17025,14,420,420,1,1
34051,15,421,421,1,16
8513,13,420,422,3,4
17028,14,425,426,2,1
8514,13,427,431,5,4
4257,12,420,423,4,6
34058,15,426,426,1,16
17029,14,424,424,1,1
34059,15,425,425,1,16
68120,16,428,428,1,16
17030,14,429,431,3,1
8515,13,424,426,3,4
68121,16,427,427,1,16
272498,18,430,430,1,18
34062,15,431,431,1,16
17031,14,427,428,2,1
272499,18,429,429,1,18
34063,15,429,430,2,16
17032,14,433,433,1,1
8516,13,434,436,3,4
4258,12,437,438,2,6
2129,11,420,431,12,8
17033,14,432,432,1,1
34068,15,435,435,1,16
17034,14,436,436,1,1
8517,13,432,433,2,4
34069,15,434,434,1,16
17035,14,434,435,2,1
17036,14,438,438,1,4
4259,12,432,436,5,6
17037,14,437,437,1,4
34080,15,440,440,1,1
17040,14,441,442,2,4
4260,12,443,446,4,6
2130,11,447,448,2,8
1065,10,420,438,19,5
34081,15,439,439,1,1
34082,15,442,442,1,1
17041,14,439,440,2,4
34083,15,441,441,1,1
8522,13,444,446,3,4
4261,12,439,442,4,6
68190,16,445,446,2,1
8523,13,443,443,1,4
136382,17,446,446,1,16
68191,16,444,444,1,1
136383,17,445,445,1,16
34096,15,448,448,1,6
2131,11,439,446,8,8
34097,15,447,447,1,6
68226,16,450,450,1,1
8528,13,451,452,2,4
4264,12,453,453,1,6
2132,11,454,455,2,8
1066,10,456,461,6,5
533,9,420,448,29,11
68227,16,449,449,1,1
17058,14,452,452,1,1
8529,13,449,450,2,4
17059,14,451,451,1,1
4265,12,449,452,4,6
17070,14,455,455,1,6
2133,11,449,453,5,8
17071,14,454,454,1,6
17078,14,457,457,1,6
2134,11,458,461,4,8
1067,10,449,455,7,5
17079,14,456,456,1,6
4270,12,459,461,3,6
2135,11,456,457,2,8
8542,13,460,461,2,4
4271,12,458,458,1,6
17086,14,461,461,1,1
8543,13,459,459,1,4
17087,14,460,460,1,1
4272,12,463,464,2,6
2136,11,465,465,1,8
1068,10,466,473,8,5
534,9,474,493,20,11
267,8,420,461,42,3
8546,13,464,464,1,4
4273,12,462,462,1,6
8547,13,463,463,1,4
2137,11,462,464,3,8
34208,15,467,467,1,16
17104,14,468,468,1,1
8552,13,469,469,1,4
4276,12,470,471,2,6
2138,11,472,473,2,8
1069,10,462,465,4,5
34209,15,466,466,1,16
17105,14,466,467,2,1
8553,13,466,468,3,4
8554,13,471,471,1,4
4277,12,466,469,4,6
8555,13,470,470,1,4
8556,13,473,473,1,6
2139,11,466,471,6,8
8557,13,472,472,1,6
4280,12,475,476,2,6
2140,11,477,483,7,8
1070,10,484,493,10,5
535,9,462,473,12,11
8562,13,476,476,1,4
4281,12,474,474,1,6
8563,13,475,475,1,4
68516,16,478,478,1,1
8564,13,479,480,2,4
4282,12,481,483,3,6
2141,11,474,476,3,8
68517,16,477,477,1,1
17130,14,480,480,1,1
8565,13,477,478,2,4
17131,14,479,479,1,1
34264,15,482,483,2,4
4283,12,477,480,4,6
137060,17,483,483,1,1
34265,15,481,481,1,4
137061,17,482,482,1,1
8568,13,485,486,2,4
4284,12,487,489,3,6
2142,11,490,493,4,8
1071,10,474,483,10,5
17138,14,486,486,1,1
8569,13,484,484,1,4
17139,14,485,485,1,1
8570,13,488,489,2,4
4285,12,484,486,3,6
137138,17,489,489,1,1
8571,13,487,487,1,4
137139,17,488,488,1,1
17146,14,491,491,1,4
4286,12,492,493,2,6
2143,11,484,489,6,8
17147,14,490,490,1,4
8574,13,493,493,1,4
4287,12,490,491,2,6
8575,13,492,492,1,4
17152,14,495,495,1,1
8576,13,496,496,1,4
4288,12,497,500,4,6
2144,11,501,503,3,8
1072,10,504,511,8,5
536,9,512,527,16,11
268,8,528,572,45,3
134,7,573,663,91,9
67,6,331,493,163,12
17153,14,494,494,1,1
8577,13,494,495,2,4
68632,16,498,498,1,1
17158,14,499,500,2,4
4289,12,494,496,3,6
68633,16,497,497,1,1
137276,17,500,500,1,1
17159,14,497,498,2,4
137277,17,499,499,1,1
8580,13,502,502,1,4
4290,12,503,503,1,6
2145,11,494,500,7,8
8581,13,501,501,1,4
4291,12,501,502,2,6
34336,15,505,505,1,4
4292,12,506,507,2,6
2146,11,508,511,4,8
1073,10,494,503,10,5
34337,15,504,504,1,4
34344,15,507,507,1,4
4293,12,504,505,2,6
34345,15,506,506,1,4
17176,14,509,509,1,1
8588,13,510,510,1,4
4294,12,511,511,1,6
2147,11,504,507,4,8
17177,14,508,508,1,1
8589,13,508,509,2,4
4295,12,508,510,3,6
4296,12,513,514,2,6
2148,11,515,520,6,8
1074,10,521,527,7,5
537,9,494,511,18,11
8594,13,514,514,1,4
4297,12,512,512,1,6
8595,13,513,513,1,4
34384,15,516,516,1,1
17192,14,517,517,1,4
4298,12,518,520,3,6
2149,11,512,514,3,8
34385,15,515,515,1,1
17193,14,515,516,2,4
17198,14,519,520,2,4
4299,12,515,517,3,6
34398,15,520,520,1,1
17199,14,518,518,1,4
34399,15,519,519,1,1
34410,15,522,522,1,4
8602,13,523,523,1,6
2150,11,524,527,4,8
1075,10,512,520,9,5
34411,15,521,521,1,4
8603,13,521,522,2,6
8604,13,525,526,2,4
4302,12,527,527,1,6
2151,11,521,523,3,8
17210,14,526,526,1,1
8605,13,524,524,1,4
17211,14,525,525,1,1
4303,12,524,526,3,6
17216,14,529,529,1,1
8608,13,530,530,1,4
4304,12,531,533,3,6
2152,11,534,537,4,8
1076,10,538,547,10,5
538,9,548,572,25,11
269,8,494,527,34,3
17217,14,528,528,1,1
8609,13,528,529,2,4
17220,14,532,532,1,1
8610,13,533,533,1,4
4305,12,528,530,3,6
17221,14,531,531,1,1
8611,13,531,532,2,4
4306,12,535,537,3,6
2153,11,528,533,6,8
1102602,20,536,536,1,1
17228,14,537,537,1,4
4307,12,534,534,1,6
1102603,20,535,535,1,1
17229,14,535,536,2,4
17234,14,539,539,1,4
4308,12,540,543,4,6
2154,11,544,547,4,8
1077,10,528,537,10,5
17235,14,538,538,1,4
137890,17,541,542,2,1
8618,13,543,543,1,4
4309,12,538,539,2,6
275782,18,542,542,1,16
137891,17,540,540,1,1
275783,18,541,541,1,16
8619,13,540,542,3,4
68964,16,545,545,1,4
4310,12,546,547,2,6
2155,11,538,543,6,8
68965,16,544,544,1,4
8622,13,547,547,1,4
4311,12,544,545,2,6
8623,13,546,546,1,4
17250,14,549,549,1,4
4312,12,550,553,4,6
2156,11,554,561,8,8
1078,10,562,572,11,5
539,9,528,547,20,11
17251,14,548,548,1,4
8626,13,551,553,3,4
4313,12,548,549,2,6
17254,14,552,553,2,1
8627,13,550,550,1,4
34510,15,553,553,1,16
17255,14,551,551,1,1
34511,15,552,552,1,16
8628,13,555,556,2,4
4314,12,557,561,5,6
2157,11,548,553,6,8
276152,18,556,556,1,1
8629,13,554,554,1,4
276153,18,555,555,1,1
17260,14,558,559,2,1
8630,13,560,561,2,4
4315,12,554,556,3,6
34522,15,559,559,1,16
17261,14,557,557,1,1
34523,15,558,558,1,16
69054,16,561,561,1,1
8631,13,557,559,3,4
69055,16,560,560,1,1
8632,13,563,563,1,6
2158,11,564,572,9,8
1079,10,548,561,14,5
8633,13,562,562,1,6
34546,15,565,565,1,1
8636,13,566,567,2,4
4318,12,568,572,5,6
2159,11,562,563,2,8
34547,15,564,564,1,1
34550,15,567,567,1,1
8637,13,564,565,2,4
34551,15,566,566,1,1
17276,14,569,569,1,1
8638,13,570,572,3,4
4319,12,564,567,4,6
17277,14,568,568,1,1
17278,14,571,572,2,1
8639,13,568,569,2,4
34558,15,572,572,1,16
17279,14,570,570,1,1
34559,15,571,571,1,16
4320,12,574,575,2,6
2160,11,576,579,4,8
1080,10,580,596,17,5
540,9,597,622,26,11
270,8,623,663,41,3
135,7,494,572,79,9
8642,13,575,575,1,4
4321,12,573,573,1,6
8643,13,574,574,1,4
4322,12,577,579,3,6
2161,11,573,575,3,8
8646,13,578,579,2,4
4323,12,576,576,1,6
138366,17,579,579,1,1
8647,13,577,577,1,4
138367,17,578,578,1,1
8648,13,581,581,1,4
4324,12,582,586,5,6
2162,11,587,596,10,8
1081,10,573,579,7,5
8649,13,580,580,1,4
17300,14,583,583,1,1
8650,13,584,586,3,4
4325,12,580,581,2,6
17301,14,582,582,1,1
17302,14,585,586,2,1
8651,13,582,583,2,4
34606,15,586,586,1,16
17303,14,584,584,1,1
34607,15,585,585,1,16
69216,16,588,588,1,1
34608,15,589,590,2,4
4326,12,591,596,6,6
2163,11,580,586,7,8
69217,16,587,587,1,1
69218,16,590,590,1,1
34609,15,587,588,2,4
69219,16,589,589,1,1
17308,14,592,594,3,1
8654,13,595,596,2,4
4327,12,587,590,4,6
34618,15,593,594,2,16
17309,14,591,591,1,1
69238,16,594,594,1,18
34619,15,592,592,1,16
69239,16,593,593,1,18
17310,14,596,596,1,1
8655,13,591,594,4,4
17311,14,595,595,1,1
4328,12,598,598,1,6
2164,11,599,604,6,8
1082,10,605,622,18,5
541,9,573,596,24,11
4329,12,597,597,1,6
8660,13,600,602,3,4
4330,12,603,604,2,6
2165,11,597,598,2,8
138580,17,601,601,1,16
17322,14,602,602,1,1
8661,13,599,599,1,4
138581,17,600,600,1,16
17323,14,600,601,2,1
8662,13,604,604,1,4
4331,12,599,602,4,6
8663,13,603,603,1,4
8664,13,606,606,1,4
4332,12,607,614,8,6
2166,11,615,622,8,8
1083,10,597,604,8,5
8665,13,605,605,1,4
69328,16,608,608,1,18
34664,15,609,609,1,16
17332,14,610,612,3,1
8666,13,613,614,2,4
4333,12,605,606,2,6
69329,16,607,607,1,18
34665,15,607,608,2,16
138666,17,611,611,1,18
34666,15,612,612,1,16
17333,14,607,609,3,1
138667,17,610,610,1,18
34667,15,610,611,2,16
34670,15,614,614,1,1
8667,13,607,612,6,4
34671,15,613,613,1,1
17336,14,616,617,2,1
8668,13,618,620,3,4
4334,12,621,622,2,6
2167,11,605,614,10,8
277394,18,617,617,1,16
17337,14,615,615,1,1
277395,18,616,616,1,16
17338,14,619,620,2,1
8669,13,615,617,3,4
1109748,20,620,620,1,16
17339,14,618,618,1,1
1109749,20,619,619,1,16
17340,14,622,622,1,4
4335,12,615,620,6,6
17341,14,621,621,1,4
34688,15,624,625,2,16
17344,14,626,627,2,1
8672,13,628,628,1,4
4336,12,629,630,2,6
2168,11,631,635,5,8
1084,10,636,643,8,5
542,9,644,663,20,11
271,8,573,622,50,3
138758,17,625,625,1,18
34689,15,623,623,1,16
138759,17,624,624,1,18
138762,17,627,627,1,16
17345,14,623,625,3,1
138763,17,626,626,1,16
8673,13,623,627,5,4
555142,19,630,630,1,4
4337,12,623,628,6,6
555143,19,629,629,1,4
69410,16,632,632,1,1
8676,13,633,634,2,4
4338,12,635,635,1,6
2169,11,623,630,8,8
69411,16,631,631,1,1
17354,14,634,634,1,1
8677,13,631,632,2,4
17355,14,633,633,1,1
4339,12,631,634,4,6
4340,12,637,639,3,6
2170,11,640,643,4,8
1085,10,623,635,13,5
8682,13,638,639,2,4
4341,12,636,636,1,6
17366,14,639,639,1,1
8683,13,637,637,1,4
17367,14,638,638,1,1
8684,13,641,642,2,4
4342,12,643,643,1,6
2171,11,636,639,4,8
17370,14,642,642,1,1
8685,13,640,640,1,4
17371,14,641,641,1,1
4343,12,640,642,3,6
8688,13,645,646,2,4
4344,12,647,648,2,6
2172,11,649,652,4,8
1086,10,653,663,11,5
543,9,623,643,21,11
17378,14,646,646,1,1
8689,13,644,644,1,4
17379,14,645,645,1,1
34762,15,648,648,1,4
4345,12,644,646,3,6
34763,15,647,647,1,4
17384,14,650,650,1,4
4346,12,651,652,2,6
2173,11,644,648,5,8
17385,14,649,649,1,4
17390,14,652,652,1,4
4347,12,649,650,2,6
17391,14,651,651,1,4
34794,15,654,656,3,4
8698,13,657,658,2,6
2174,11,659,663,5,8
1087,10,644,652,9,5
570083950,29,655,655,1,16
69590,16,656,656,1,1
34795,15,653,653,1,4
570083951,29,654,654,1,16
69591,16,654,655,2,1
34796,15,658,658,1,4
8699,13,653,656,4,6
34797,15,657,657,1,4
17400,14,660,660,1,1
8700,13,661,662,2,4
4350,12,663,663,1,6
2175,11,653,658,6,8
17401,14,659,659,1,1
17402,14,662,662,1,1
8701,13,659,660,2,4
17403,14,661,661,1,1
4351,12,659,662,4,6
34820,15,665,666,2,4
4352,12,667,667,1,6
2176,11,668,673,6,8
1088,10,674,685,12,5
544,9,686,701,16,11
272,8,702,742,41,3
136,7,743,831,89,9
68,6,832,980,149,12
34,5,981,1311,331,15
17,4,0,663,664,2
139286,17,666,666,1,1
34821,15,664,664,1,4
139287,17,665,665,1,1
4353,12,664,666,3,6
4354,12,669,673,5,6
2177,11,664,667,4,8
139368,17,670,670,1,16
69684,16,671,671,1,1
8710,13,672,673,2,4
4355,12,668,668,1,6
139369,17,669,669,1,16
69685,16,669,670,2,1
17422,14,673,673,1,1
8711,13,669,671,3,4
17423,14,672,672,1,1
17424,14,675,675,1,4
4356,12,676,680,5,6
2178,11,681,685,5,8
1089,10,664,673,10,5
17425,14,674,674,1,4
8714,13,677,680,4,4
4357,12,674,675,2,6
1115524,20,678,678,1,18
69720,16,679,679,1,16
17430,14,680,680,1,1
8715,13,676,676,1,4
1115525,20,677,677,1,18
69721,16,677,678,2,16
17431,14,677,679,3,1
17434,14,682,683,2,4
4358,12,684,685,2,6
2179,11,674,680,7,8
34870,15,683,683,1,1
17435,14,681,681,1,4
34871,15,682,682,1,1
8718,13,685,685,1,4
4359,12,681,683,3,6
8719,13,684,684,1,4
17440,14,687,687,1,4
4360,12,688,696,9,6
2180,11,697,697,1,8
1090,10,698,701,4,5
545,9,664,685,22,11
17441,14,686,686,1,4
17444,14,689,691,3,1
8722,13,692,696,5,4
4361,12,686,687,2,6
69780,16,690,691,2,16
17445,14,688,688,1,1
139562,17,691,691,1,18
69781,16,689,689,1,16
139563,17,690,690,1,18
34892,15,693,695,3,16
17446,14,696,696,1,1
8723,13,688,691,4,4
139572,17,694,695,2,18
34893,15,692,692,1,16
4466360,22,695,695,1,7
139573,17,693,693,1,18
4466361,22,694,694,1,7
17447,14,692,695,4,1
2181,11,686,696,11,8
4364,12,699,700,2,6
2182,11,701,701,1,8
1091,10,686,697,12,5
8730,13,700,700,1,4
4365,12,698,698,1,6
8731,13,699,699,1,4
2183,11,698,700,3,8
4472902,22,703,703,1,16
34944,15,704,704,1,1
17472,14,705,706,2,4
4368,12,707,709,3,6
2184,11,710,714,5,8
1092,10,715,722,8,5
546,9,723,742,20,11
273,8,664,701,38,3
4472903,22,702,702,1,16
34945,15,702,703,2,1
69892,16,706,706,1,1
17473,14,702,704,3,4
69893,16,705,705,1,1
69904,16,708,708,1,1
8738,13,709,709,1,4
4369,12,702,706,5,6
69905,16,707,707,1,1
8739,13,707,708,2,4
17480,14,711,711,1,1
8740,13,712,712,1,4
4370,12,713,714,2,6
2185,11,702,709,8,8
17481,14,710,710,1,1
8741,13,710,711,2,4
8742,13,714,714,1,4
4371,12,710,712,3,6
8743,13,713,713,1,4
17488,14,716,717,2,4
4372,12,718,719,2,6
2186,11,720,722,3,8
1093,10,702,714,13,5
279824,18,717,717,1,1
17489,14,715,715,1,4
279825,18,716,716,1,1
8746,13,719,719,1,4
4373,12,715,717,3,6
8747,13,718,718,1,4
17498,14,721,721,1,4
4374,12,722,722,1,6
2187,11,715,719,5,8
17499,14,720,720,1,4
4375,12,720,721,2,6
35010,15,724,724,1,4
4376,12,725,727,3,6
2188,11,728,732,5,8
1094,10,733,742,10,5
547,9,702,722,21,11
35011,15,723,723,1,4
17508,14,726,726,1,1
8754,13,727,727,1,4
4377,12,723,724,2,6
17509,14,725,725,1,1
8755,13,725,726,2,4
8756,13,729,729,1,4
4378,12,730,732,3,6
2189,11,723,727,5,8
8757,13,728,728,1,4
8758,13,731,732,2,4
4379,12,728,729,2,6
560582,19,732,732,1,1
8759,13,730,730,1,4
560583,19,731,731,1,1
4380,12,734,735,2,6
2190,11,736,742,7,8
1095,10,723,732,10,5
17526,14,735,735,1,4
4381,12,733,733,1,6
17527,14,734,734,1,4
8764,13,737,738,2,4
4382,12,739,742,4,6
2191,11,733,735,3,8
560966,19,738,738,1,1
8765,13,736,736,1,4
560967,19,737,737,1,1
17532,14,740,740,1,1
8766,13,741,742,2,4
4383,12,736,738,3,6
17533,14,739,739,1,1
35068,15,742,742,1,1
8767,13,739,740,2,4
35069,15,741,741,1,1
17536,14,744,746,3,4
4384,12,747,748,2,6
2192,11,749,752,4,8
1096,10,753,763,11,5
548,9,764,788,25,11
274,8,789,831,43,3
137,7,664,742,79,9
280596,18,745,745,1,16
35074,15,746,746,1,1
17537,14,743,743,1,4
280597,18,744,744,1,16
35075,15,744,745,2,1
8770,13,748,748,1,4
4385,12,743,746,4,6
8771,13,747,747,1,4
4386,12,750,752,3,6
2193,11,743,748,6,8
8774,13,751,752,2,4
4387,12,749,749,1,6
17550,14,752,752,1,1
8775,13,750,750,1,4
17551,14,751,751,1,1
70212,16,754,754,1,1
8776,13,755,755,1,4
4388,12,756,758,3,6
2194,11,759,763,5,8
1097,10,743,752,10,5
70213,16,753,753,1,1
8777,13,753,754,2,4
35114,15,757,757,1,1
8778,13,758,758,1,4
4389,12,753,755,3,6
35115,15,756,756,1,1
8779,13,756,757,2,4
8780,13,760,761,2,4
4390,12,762,763,2,6
2195,11,753,758,6,8
17562,14,761,761,1,1
8781,13,759,759,1,4
17563,14,760,760,1,1
17566,14,763,763,1,4
4391,12,759,761,3,6
17567,14,762,762,1,4
2196,11,765,774,10,8
1098,10,775,788,14,5
549,9,743,763,21,11
70308,16,766,766,1,16
35154,15,767,767,1,1
8788,13,768,768,1,4
4394,12,769,774,6,6
2197,11,764,764,1,8
70309,16,765,765,1,16
35155,15,765,766,2,1
8789,13,765,767,3,4
8790,13,770,774,5,4
4395,12,765,768,4,6
35164,15,771,772,2,16
17582,14,773,774,2,1
8791,13,769,769,1,4
281326,18,772,772,1,18
35165,15,770,770,1,16
281327,18,771,771,1,18
281328,18,774,774,1,16
17583,14,770,772,3,1
281329,18,773,773,1,16
35170,15,776,776,1,1
8792,13,777,777,1,4
4396,12,778,782,5,6
2198,11,783,788,6,8
1099,10,764,774,11,5
35171,15,775,775,1,1
8793,13,775,776,2,4
17588,14,779,779,1,1
8794,13,780,782,3,4
4397,12,775,777,3,6
17589,14,778,778,1,1
17590,14,781,782,2,1
8795,13,778,779,2,4
35182,15,782,782,1,16
17591,14,780,780,1,1
35183,15,781,781,1,16
17594,14,784,784,1,4
4398,12,785,788,4,6
2199,11,775,782,8,8
17595,14,783,783,1,4
140770,17,786,786,1,1
8798,13,787,788,2,4
4399,12,783,784,2,6
140771,17,785,785,1,1
17598,14,788,788,1,1
8799,13,785,786,2,4
17599,14,787,787,1,1
4400,12,790,791,2,6
2200,11,792,801,10,8
1100,10,802,812,11,5
550,9,813,831,19,11
275,8,743,788,46,3
8802,13,791,791,1,4
4401,12,789,789,1,6
8803,13,790,790,1,4
8804,13,793,795,3,4
4402,12,796,801,6,6
2201,11,789,791,3,8
17610,14,794,795,2,1
8805,13,792,792,1,4
35222,15,795,795,1,16
17611,14,793,793,1,1
35223,15,794,794,1,16
8806,13,797,801,5,4
4403,12,792,795,4,6
70456,16,798,799,2,16
35228,15,800,801,2,1
8807,13,796,796,1,4
140914,17,799,799,1,18
70457,16,797,797,1,16
140915,17,798,798,1,18
1127346,20,801,801,1,16
35229,15,797,799,3,1
1127347,20,800,800,1,16
140928,17,803,803,1,1
8808,13,804,805,2,4
4404,12,806,806,1,6
2202,11,807,812,6,8
1101,10,789,801,13,5
140929,17,802,802,1,1
70478,16,805,805,1,1
8809,13,802,803,2,4
70479,16,804,804,1,1
4405,12,802,805,4,6
4406,12,808,812,5,6
2203,11,802,806,5,8
70512,16,809,810,2,16
17628,14,811,811,1,1
8814,13,812,812,1,4
4407,12,807,807,1,6
1128216,20,810,810,1,18
70513,16,808,808,1,16
1128217,20,809,809,1,18
17629,14,808,810,3,1
8815,13,808,811,4,4
4408,12,814,815,2,6
2204,11,816,820,5,8
1102,10,821,831,11,5
551,9,789,812,24,11
17638,14,815,815,1,4
4409,12,813,813,1,6
17639,14,814,814,1,4
8820,13,817,819,3,4
4410,12,820,820,1,6
2205,11,813,815,3,8
35286,15,818,819,2,1
8821,13,816,816,1,4
282298,18,819,819,1,16
35287,15,817,817,1,1
282299,18,818,818,1,16
4411,12,816,819,4,6
8824,13,822,822,1,4
4412,12,823,825,3,6
2206,11,826,831,6,8
1103,10,813,820,8,5
8825,13,821,821,1,4
8826,13,824,825,2,4
4413,12,821,822,2,6
35308,15,825,825,1,1
8827,13,823,823,1,4
35309,15,824,824,1,1
8828,13,827,828,2,4
4414,12,829,831,3,6
2207,11,821,825,5,8
17658,14,828,828,1,1
8829,13,826,826,1,4
17659,14,827,827,1,1
35320,15,830,830,1,1
8830,13,831,831,1,4
4415,12,826,828,3,6
35321,15,829,829,1,1
8831,13,829,830,2,4
4416,12,833,834,2,6
2208,11,835,835,1,8
1104,10,836,844,9,5
552,9,845,857,13,11
276,8,858,892,35,3
138,7,893,980,88,9
69,6,664,831,168,12
8834,13,834,834,1,4
4417,12,832,832,1,6
8835,13,833,833,1,4
2209,11,832,834,3,8
8840,13,837,838,2,4
4420,12,839,839,1,6
2210,11,840,844,5,8
1105,10,832,835,4,5
35364,15,838,838,1,1
8841,13,836,836,1,4
35365,15,837,837,1,1
4421,12,836,838,3,6
35382,15,841,841,1,4
4422,12,842,844,3,6
2211,11,836,839,4,8
35383,15,840,840,1,4
17692,14,843,843,1,1
8846,13,844,844,1,4
4423,12,840,841,2,6
17693,14,842,842,1,1
8847,13,842,843,2,4
8848,13,846,847,2,4
4424,12,848,848,1,6
2212,11,849,852,4,8
1106,10,853,857,5,5
553,9,832,844,13,11
17698,14,847,847,1,1
8849,13,845,845,1,4
17699,14,846,846,1,1
4425,12,845,847,3,6
17704,14,850,850,1,4
4426,12,851,852,2,6
2213,11,845,848,4,8
17705,14,849,849,1,4
17708,14,852,852,1,4
4427,12,849,850,2,6
17709,14,851,851,1,4
17712,14,854,854,1,4
4428,12,855,856,2,6
2214,11,857,857,1,8
1107,10,845,852,8,5
17713,14,853,853,1,4
35436,15,856,856,1,4
4429,12,853,854,2,6
35437,15,855,855,1,4
2215,11,853,856,4,8
17728,14,859,859,1,4
4432,12,860,862,3,6
2216,11,863,869,7,8
1108,10,870,881,12,5
554,9,882,892,11,11
277,8,832,857,26,3
17729,14,858,858,1,4
17732,14,861,861,1,1
8866,13,862,862,1,4
4433,12,858,859,2,6
17733,14,860,860,1,1
8867,13,860,861,2,4
17738,14,864,864,1,4
4434,12,865,869,5,6
2217,11,858,862,5,8
17739,14,863,863,1,4
283842,18,866,866,1,16
35480,15,867,867,1,1
17740,14,868,869,2,4
4435,12,863,864,2,6
283843,18,865,865,1,16
35481,15,865,866,2,1
35482,15,869,869,1,1
17741,14,865,867,3,4
35483,15,868,868,1,1
8872,13,871,871,1,4
4436,12,872,875,4,6
2218,11,876,881,6,8
1109,10,858,869,12,5
8873,13,870,870,1,4
17748,14,873,873,1,1
8874,13,874,875,2,4
4437,12,870,871,2,6
17749,14,872,872,1,1
17750,14,875,875,1,1
8875,13,872,873,2,4
17751,14,874,874,1,1
35506,15,877,877,1,1
8876,13,878,879,2,4
4438,12,880,881,2,6
2219,11,870,875,6,8
35507,15,876,876,1,1
35508,15,879,879,1,1
8877,13,876,877,2,4
35509,15,878,878,1,1
17756,14,881,881,1,4
4439,12,876,879,4,6
17757,14,880,880,1,4
35522,15,883,883,1,4
4440,12,884,885,2,6
2220,11,886,888,3,8
1110,10,889,892,4,5
555,9,858,881,24,11
35523,15,882,882,1,4
8882,13,885,885,1,4
4441,12,882,883,2,6
8883,13,884,884,1,4
17770,14,887,887,1,4
4442,12,888,888,1,6
2221,11,882,885,4,8
17771,14,886,886,1,4
4443,12,886,887,2,6
4444,12,890,891,2,6
2222,11,892,892,1,8
1111,10,882,888,7,5
8890,13,891,891,1,4
4445,12,889,889,1,6
8891,13,890,890,1,4
2223,11,889,891,3,8
4448,12,894,898,5,6
2224,11,899,906,8,8
1112,10,907,917,11,5
556,9,918,941,24,11
278,8,942,980,39,3
139,7,832,892,61,9
142370,17,895,895,1,16
35592,15,896,897,2,1
8898,13,898,898,1,4
4449,12,893,893,1,6
142371,17,894,894,1,16
71186,16,897,897,1,16
35593,15,894,895,2,1
71187,16,896,896,1,16
8899,13,894,897,4,4
17800,14,900,901,2,4
4450,12,902,906,5,6
2225,11,893,898,6,8
1139298,20,901,901,1,1
17801,14,899,899,1,4
1139299,20,900,900,1,1
8902,13,903,906,4,4
4451,12,899,901,3,6
142456,17,904,904,1,18
71228,16,905,905,1,16
35614,15,906,906,1,1
8903,13,902,902,1,4
142457,17,903,903,1,18
71229,16,903,904,2,16
35615,15,903,905,3,1
17808,14,908,909,2,1
8904,13,910,910,1,4
4452,12,911,911,1,6
2226,11,912,917,6,8
1113,10,893,906,14,5
35618,15,909,909,1,16
17809,14,907,907,1,1
35619,15,908,908,1,16
8905,13,907,909,3,4
4453,12,907,910,4,6
17816,14,913,913,1,4
4454,12,914,917,4,6
2227,11,907,911,5,8
17817,14,912,912,1,4
35640,15,915,915,1,1
17820,14,916,917,2,4
4455,12,912,913,2,6
35641,15,914,914,1,1
71286,16,917,917,1,1
17821,14,914,915,2,4
71287,16,916,916,1,1
17824,14,919,919,1,1
8912,13,920,921,2,4
4456,12,922,923,2,6
2228,11,924,930,7,8
1114,10,931,941,11,5
557,9,893,917,25,11
17825,14,918,918,1,1
17826,14,921,921,1,1
8913,13,918,919,2,4
17827,14,920,920,1,1
71318,16,923,923,1,4
4457,12,918,921,4,6
71319,16,922,922,1,4
71334,16,925,925,1,4
4458,12,926,930,5,6
2229,11,918,923,6,8
71335,16,924,924,1,4
35672,15,927,927,1,16
17836,14,928,928,1,1
8918,13,929,930,2,4
4459,12,924,925,2,6
35673,15,926,926,1,16
17837,14,926,927,2,1
17838,14,930,930,1,1
8919,13,926,928,3,4
17839,14,929,929,1,1
8920,13,932,933,2,4
4460,12,934,936,3,6
2230,11,937,941,5,8
1115,10,918,930,13,5
35686,15,933,933,1,1
8921,13,931,931,1,4
35687,15,932,932,1,1
8922,13,935,936,2,4
4461,12,931,933,3,6
142780,17,936,936,1,1
8923,13,934,934,1,4
142781,17,935,935,1,1
8924,13,938,938,1,4
4462,12,939,941,3,6
2231,11,931,936,6,8
8925,13,937,937,1,4
17852,14,940,940,1,1
8926,13,941,941,1,4
4463,12,937,938,2,6
17853,14,939,939,1,1
8927,13,939,940,2,4
8928,13,943,943,1,4
4464,12,944,947,4,6
2232,11,948,952,5,8
1116,10,953,962,10,5
558,9,963,980,18,11
279,8,893,941,49,3
8929,13,942,942,1,4
17860,14,945,946,2,1
8930,13,947,947,1,4
4465,12,942,943,2,6
285784,18,946,946,1,16
17861,14,944,944,1,1
285785,18,945,945,1,16
8931,13,944,946,3,4
17864,14,949,949,1,1
8932,13,950,950,1,4
4466,12,951,952,2,6
2233,11,942,947,6,8
17865,14,948,948,1,1
8933,13,948,949,2,4
35736,15,952,952,1,4
4467,12,948,950,3,6
35737,15,951,951,1,4
4468,12,954,956,3,6
2234,11,957,962,6,8
1117,10,942,952,11,5
8938,13,955,956,2,4
4469,12,953,953,1,6
143036,17,956,956,1,1
8939,13,954,954,1,4
143037,17,955,955,1,1
8940,13,958,960,3,4
4470,12,961,962,2,6
2235,11,953,956,4,8
143056,17,959,959,1,16
35764,15,960,960,1,1
8941,13,957,957,1,4
143057,17,958,958,1,16
35765,15,958,959,2,1
8942,13,962,962,1,4
4471,12,957,960,4,6
8943,13,961,961,1,4
143104,17,964,964,1,1
17888,14,965,965,1,4
4472,12,966,968,3,6
2236,11,969,973,5,8
1118,10,974,980,7,5
559,9,942,962,21,11
143105,17,963,963,1,1
17889,14,963,964,2,4
8946,13,967,968,2,4
4473,12,963,965,3,6
17894,14,968,968,1,1
8947,13,966,966,1,4
17895,14,967,967,1,1
2290812,21,970,970,1,16
17896,14,971,971,1,1
8948,13,972,972,1,4
4474,12,973,973,1,6
2237,11,963,968,6,8
2290813,21,969,969,1,16
17897,14,969,970,2,1
8949,13,969,971,3,4
4475,12,969,972,4,6
4476,12,975,975,1,6
2238,11,976,980,5,8
1119,10,963,973,11,5
4477,12,974,974,1,6
17912,14,977,977,1,1
8956,13,978,979,2,4
4478,12,980,980,1,6
2239,11,974,975,2,8
17913,14,976,976,1,1
17914,14,979,979,1,1
8957,13,976,977,2,4
17915,14,978,978,1,1
4479,12,976,979,4,6
71682,16,982,982,1,16
17920,14,983,984,2,1
8960,13,985,985,1,4
4480,12,986,990,5,6
2240,11,991,1000,10,8
1120,10,1001,1009,9,5
560,9,1010,1030,21,11
280,8,1031,1067,37,3
140,7,1068,1153,86,9
70,6,1154,1311,158,12
35,5,664,980,317,15
71683,16,981,981,1,16
35842,15,984,984,1,16
17921,14,981,982,2,1
35843,15,983,983,1,16
8961,13,981,984,4,4
143398,17,987,987,1,16
17924,14,988,988,1,1
8962,13,989,990,2,4
4481,12,981,985,5,6
143399,17,986,986,1,16
17925,14,986,987,2,1
143420,17,990,990,1,1
8963,13,986,988,3,4
143421,17,989,989,1,1
17928,14,992,993,2,1
8964,13,994,994,1,4
4482,12,995,1000,6,6
2241,11,981,990,10,8
35858,15,993,993,1,16
17929,14,991,991,1,1
35859,15,992,992,1,16
8965,13,991,993,3,4
71728,16,996,996,1,18
35864,15,997,997,1,16
17932,14,998,998,1,1
8966,13,999,1000,2,4
4483,12,991,994,4,6
71729,16,995,995,1,18
35865,15,995,996,2,16
17933,14,995,997,3,1
143484,17,1000,1000,1,1
8967,13,995,998,4,4
143485,17,999,999,1,1
17938,14,1002,1003,2,4
4484,12,1004,1008,5,6
2242,11,1009,1009,1,8
1121,10,981,1000,20,5
35878,15,1003,1003,1,1
17939,14,1001,1001,1,4
35879,15,1002,1002,1,1
8970,13,1005,1008,4,4
4485,12,1001,1003,3,6
287080,18,1006,1006,1,16
17942,14,1007,1008,2,1
8971,13,1004,1004,1,4
287081,18,1005,1005,1,16
35886,15,1008,1008,1,16
17943,14,1005,1006,2,1
35887,15,1007,1007,1,16
2243,11,1001,1008,8,8
35906,15,1011,1011,1,4
4488,12,1012,1015,4,6
2244,11,1016,1019,4,8
1122,10,1020,1030,11,5
561,9,981,1009,29,11
35907,15,1010,1010,1,4
17956,14,1013,1014,2,1
8978,13,1015,1015,1,4
4489,12,1010,1011,2,6
574624,19,1014,1014,1,16
17957,14,1012,1012,1,1
574625,19,1013,1013,1,16
8979,13,1012,1014,3,4
4490,12,1017,1019,3,6
2245,11,1010,1015,6,8
8982,13,1018,1019,2,4
4491,12,1016,1016,1,6
17966,14,1019,1019,1,1
8983,13,1017,1017,1,4
17967,14,1018,1018,1,1
4492,12,1021,1022,2,6
2246,11,1023,1030,8,8
1123,10,1010,1019,10,5
8986,13,1022,1022,1,4
4493,12,1020,1020,1,6
8987,13,1021,1021,1,4
287656,18,1024,1024,1,1
17978,14,1025,1025,1,4
4494,12,1026,1030,5,6
2247,11,1020,1022,3,8
287657,18,1023,1023,1,1
17979,14,1023,1024,2,4
8990,13,1027,1030,4,4
4495,12,1023,1025,3,6
35964,15,1028,1029,2,16
17982,14,1030,1030,1,1
8991,13,1026,1026,1,4
143862,17,1029,1029,1,18
35965,15,1027,1027,1,16
143863,17,1028,1028,1,18
17983,14,1027,1029,3,1
17984,14,1032,1033,2,1
8992,13,1034,1036,3,4
4496,12,1037,1037,1,6
2248,11,1038,1047,10,8
1124,10,1048,1052,5,5
562,9,1053,1067,15,11
281,8,981,1030,50,3
35970,15,1033,1033,1,16
17985,14,1031,1031,1,1
35971,15,1032,1032,1,16
35972,15,1035,1035,1,16
17986,14,1036,1036,1,1
8993,13,1031,1033,3,4
35973,15,1034,1034,1,16
17987,14,1034,1035,2,1
4497,12,1031,1036,6,6
17992,14,1039,1040,2,1
8996,13,1041,1045,5,4
4498,12,1046,1047,2,6
2249,11,1031,1037,7,8
35986,15,1040,1040,1,16
17993,14,1038,1038,1,1
35987,15,1039,1039,1,16
143954,17,1042,1042,1,16
17994,14,1043,1045,3,1
8997,13,1038,1040,3,4
143955,17,1041,1041,1,16
71982,16,1044,1045,2,16
17995,14,1041,1042,2,1
143966,17,1045,1045,1,18
71983,16,1043,1043,1,16
143967,17,1044,1044,1,18
17996,14,1047,1047,1,4
4499,12,1038,1045,8,6
17997,14,1046,1046,1,4
72004,16,1049,1049,1,4
4500,12,1050,1050,1,6
2250,11,1051,1052,2,8
1125,10,1031,1047,17,5
72005,16,1048,1048,1,4
4501,12,1048,1049,2,6
36028,15,1052,1052,1,6
2251,11,1048,1050,3,8
36029,15,1051,1051,1,6
9008,13,1054,1055,2,4
4504,12,1056,1057,2,6
2252,11,1058,1058,1,8
1126,10,1059,1067,9,5
563,9,1031,1052,22,11
36038,15,1055,1055,1,1
9009,13,1053,1053,1,4
36039,15,1054,1054,1,1
9010,13,1057,1057,1,4
4505,12,1053,1055,3,6
9011,13,1056,1056,1,4
2253,11,1053,1057,5,8
9016,13,1060,1060,1,4
4508,12,1061,1063,3,6
2254,11,1064,1067,4,8
1127,10,1053,1058,6,5
9017,13,1059,1059,1,4
9018,13,1062,1063,2,4
4509,12,1059,1060,2,6
72152,16,1063,1063,1,1
9019,13,1061,1061,1,4
72153,16,1062,1062,1,1
288648,18,1065,1065,1,1
18040,14,1066,1066,1,4
4510,12,1067,1067,1,6
2255,11,1059,1063,5,8
288649,18,1064,1064,1,1
18041,14,1064,1065,2,4
4511,12,1064,1066,3,6
4512,12,1069,1071,3,6
2256,11,1072,1081,10,8
1128,10,1082,1085,4,5
564,9,1086,1109,24,11
282,8,1110,1153,44,3
141,7,981,1067,87,9
36104,15,1070,1070,1,1
9026,13,1071,1071,1,4
4513,12,1068,1068,1,6
36105,15,1069,1069,1,1
9027,13,1069,1070,2,4
9028,13,1073,1076,4,4
4514,12,1077,1081,5,6
2257,11,1068,1071,4,8
36116,15,1074,1074,1,16
18058,14,1075,1076,2,1
9029,13,1072,1072,1,4
36117,15,1073,1073,1,16
72236,16,1076,1076,1,16
18059,14,1073,1074,2,1
72237,16,1075,1075,1,16
36120,15,1078,1078,1,1
9030,13,1079,1081,3,4
4515,12,1072,1076,5,6
36121,15,1077,1077,1,1
18062,14,1080,1081,2,1
9031,13,1077,1078,2,4
72252,16,1081,1081,1,16
18063,14,1079,1079,1,1
72253,16,1080,1080,1,16
18068,14,1083,1083,1,4
9034,13,1084,1084,1,6
2258,11,1085,1085,1,8
1129,10,1068,1081,14,5
18069,14,1082,1082,1,4
9035,13,1082,1083,2,6
2259,11,1082,1084,3,8
9040,13,1087,1087,1,4
4520,12,1088,1089,2,6
2260,11,1090,1096,7,8
1130,10,1097,1109,13,5
565,9,1068,1085,18,11
9041,13,1086,1086,1,4
289400,18,1089,1089,1,4
4521,12,1086,1087,2,6
289401,18,1088,1088,1,4
18088,14,1091,1091,1,1
9044,13,1092,1094,3,4
4522,12,1095,1096,2,6
2261,11,1086,1089,4,8
18089,14,1090,1090,1,1
36180,15,1093,1093,1,16
18090,14,1094,1094,1,1
9045,13,1090,1091,2,4
36181,15,1092,1092,1,16
18091,14,1092,1093,2,1
9046,13,1096,1096,1,4
4523,12,1090,1094,5,6
9047,13,1095,1095,1,4
18096,14,1098,1098,1,1
9048,13,1099,1100,2,4
4524,12,1101,1102,2,6
2262,11,1103,1109,7,8
1131,10,1086,1096,11,5
18097,14,1097,1097,1,1
72396,16,1100,1100,1,1
9049,13,1097,1098,2,4
72397,16,1099,1099,1,1
9050,13,1102,1102,1,4
4525,12,1097,1100,4,6
9051,13,1101,1101,1,4
4526,12,1104,1109,6,6
2263,11,1097,1102,6,8
144866,17,1105,1106,2,16
18108,14,1107,1107,1,1
9054,13,1108,1109,2,4
4527,12,1103,1103,1,6
2317872,21,1106,1106,1,18
144867,17,1104,1104,1,16
2317873,21,1105,1105,1,18
18109,14,1104,1106,3,1
18110,14,1109,1109,1,1
9055,13,1104,1107,4,4
18111,14,1108,1108,1,1
2264,11,1111,1116,6,8
1132,10,1117,1124,8,5
566,9,1125,1153,29,11
283,8,1068,1109,42,3
18120,14,1112,1112,1,1
9060,13,1113,1114,2,4
4530,12,1115,1116,2,6
2265,11,1110,1110,1,8
18121,14,1111,1111,1,1
36246,15,1114,1114,1,1
9061,13,1111,1112,2,4
36247,15,1113,1113,1,1
36250,15,1116,1116,1,4
4531,12,1111,1114,4,6
36251,15,1115,1115,1,4
4532,12,1118,1120,3,6
2266,11,1121,1124,4,8
1133,10,1110,1116,7,5
9066,13,1119,1120,2,4
4533,12,1117,1117,1,6
18134,14,1120,1120,1,1
9067,13,1118,1118,1,4
18135,14,1119,1119,1,1
9068,13,1122,1122,1,4
4534,12,1123,1124,2,6
2267,11,1117,1120,4,8
9069,13,1121,1121,1,4
9070,13,1124,1124,1,4
4535,12,1121,1122,2,6
9071,13,1123,1123,1,4
18144,14,1126,1126,1,1
9072,13,1127,1128,2,4
4536,12,1129,1136,8,6
2268,11,1137,1142,6,8
1134,10,1143,1153,11,5
567,9,1110,1124,15,11
18145,14,1125,1125,1,1
72586,16,1128,1128,1,1
9073,13,1125,1126,2,4
72587,16,1127,1127,1,1
36296,15,1130,1130,1,16
18148,14,1131,1133,3,1
9074,13,1134,1136,3,4
4537,12,1125,1128,4,6
36297,15,1129,1129,1,16
36298,15,1132,1133,2,16
18149,14,1129,1130,2,1
290396,18,1133,1133,1,18
36299,15,1131,1131,1,16
290397,18,1132,1132,1,18
36300,15,1135,1135,1,16
18150,14,1136,1136,1,1
9075,13,1129,1133,5,4
36301,15,1134,1134,1,16
18151,14,1134,1135,2,1
9076,13,1138,1138,1,4
4538,12,1139,1142,4,6
2269,11,1125,1136,12,8
9077,13,1137,1137,1,4
9078,13,1140,1142,3,4
4539,12,1137,1138,2,6
290530,18,1141,1141,1,16
18158,14,1142,1142,1,1
9079,13,1139,1139,1,4
290531,18,1140,1140,1,16
18159,14,1140,1141,2,1
18160,14,1144,1144,1,1
9080,13,1145,1145,1,4
4540,12,1146,1146,1,6
2270,11,1147,1153,7,8
1135,10,1125,1142,18,5
18161,14,1143,1143,1,1
9081,13,1143,1144,2,4
4541,12,1143,1145,3,6
36338,15,1148,1148,1,1
9084,13,1149,1150,2,4
4542,12,1151,1153,3,6
2271,11,1143,1146,4,8
36339,15,1147,1147,1,1
18170,14,1150,1150,1,1
9085,13,1147,1148,2,4
18171,14,1149,1149,1,1
9086,13,1152,1153,2,4
4543,12,1147,1150,4,6
18174,14,1153,1153,1,1
9087,13,1151,1151,1,4
18175,14,1152,1152,1,1
4544,12,1155,1156,2,6
2272,11,1157,1162,6,8
1136,10,1163,1175,13,5
568,9,1176,1188,13,11
284,8,1189,1238,50,3
142,7,1239,1311,73,9
71,6,981,1153,173,12
9090,13,1156,1156,1,4
4545,12,1154,1154,1,6
9091,13,1155,1155,1,4
18184,14,1158,1158,1,1
9092,13,1159,1160,2,4
4546,12,1161,1162,2,6
2273,11,1154,1156,3,8
18185,14,1157,1157,1,1
18186,14,1160,1160,1,1
9093,13,1157,1158,2,4
18187,14,1159,1159,1,1
291010,18,1162,1162,1,4
4547,12,1157,1160,4,6
291011,18,1161,1161,1,4
9096,13,1164,1165,2,4
4548,12,1166,1171,6,6
2274,11,1172,1175,4,8
1137,10,1154,1162,9,5
36390,15,1165,1165,1,1
9097,13,1163,1163,1,4
36391,15,1164,1164,1,1
18196,14,1167,1168,2,1
9098,13,1169,1171,3,4
4549,12,1163,1165,3,6
72790,16,1168,1168,1,16
18197,14,1166,1166,1,1
72791,16,1167,1167,1,16
145588,17,1170,1170,1,16
18198,14,1171,1171,1,1
9099,13,1166,1168,3,4
145589,17,1169,1169,1,16
18199,14,1169,1170,2,1
4550,12,1173,1175,3,6
2275,11,1163,1171,9,8
18204,14,1174,1174,1,1
9102,13,1175,1175,1,4
4551,12,1172,1172,1,6
18205,14,1173,1173,1,1
9103,13,1173,1174,2,4
36418,15,1177,1177,1,6
2276,11,1178,1179,2,8
1138,10,1180,1188,9,5
569,9,1154,1175,22,11
36419,15,1176,1176,1,6
9110,13,1179,1179,1,6
2277,11,1176,1177,2,8
9111,13,1178,1178,1,6
9112,13,1181,1181,1,4
4556,12,1182,1184,3,6
2278,11,1185,1188,4,8
1139,10,1176,1179,4,5
9113,13,1180,1180,1,4
9114,13,1183,1184,2,4
4557,12,1180,1181,2,6
72924,16,1184,1184,1,1
9115,13,1182,1182,1,4
72925,16,1183,1183,1,1
9116,13,1186,1187,2,4
4558,12,1188,1188,1,6
2279,11,1180,1184,5,8
72938,16,1187,1187,1,1
9117,13,1185,1185,1,4
72939,16,1186,1186,1,1
4559,12,1185,1187,3,6
4560,12,1190,1193,4,6
2280,11,1194,1201,8,8
1140,10,1202,1214,13,5
570,9,1215,1238,24,11
285,8,1154,1188,35,3
18244,14,1191,1191,1,1
9122,13,1192,1193,2,4
4561,12,1189,1189,1,6
18245,14,1190,1190,1,1
18246,14,1193,1193,1,1
9123,13,1190,1191,2,4
18247,14,1192,1192,1,1
9124,13,1195,1195,1,4
4562,12,1196,1201,6,6
2281,11,1189,1193,5,8
9125,13,1194,1194,1,4
36504,15,1197,1197,1,1
9126,13,1198,1201,4,4
4563,12,1194,1195,2,6
36505,15,1196,1196,1,1
18254,14,1199,1201,3,1
9127,13,1196,1197,2,4
146040,17,1200,1200,1,18
36510,15,1201,1201,1,16
18255,14,1198,1198,1,1
146041,17,1199,1199,1,18
36511,15,1199,1200,2,16
18256,14,1203,1203,1,1
9128,13,1204,1204,1,4
4564,12,1205,1208,4,6
2282,11,1209,1214,6,8
1141,10,1189,1201,13,5
18257,14,1202,1202,1,1
9129,13,1202,1203,2,4
36520,15,1206,1206,1,16
18260,14,1207,1207,1,1
9130,13,1208,1208,1,4
4565,12,1202,1204,3,6
36521,15,1205,1205,1,16
18261,14,1205,1206,2,1
9131,13,1205,1207,3,4
9132,13,1210,1210,1,4
4566,12,1211,1214,4,6
2283,11,1202,1208,7,8
9133,13,1209,1209,1,4
18268,14,1212,1212,1,1
9134,13,1213,1214,2,4
4567,12,1209,1210,2,6
18269,14,1211,1211,1,1
18270,14,1214,1214,1,1
9135,13,1211,1212,2,4
18271,14,1213,1213,1,1
18272,14,1216,1216,1,4
4568,12,1217,1218,2,6
2284,11,1219,1223,5,8
1142,10,1224,1238,15,5
571,9,1189,1214,26,11
18273,14,1215,1215,1,4
18278,14,1218,1218,1,4
4569,12,1215,1216,2,6
18279,14,1217,1217,1,4
36562,15,1220,1220,1,4
9140,13,1221,1223,3,6
2285,11,1215,1218,4,8
36563,15,1219,1219,1,4
73130,16,1222,1222,1,1
18282,14,1223,1223,1,4
9141,13,1219,1220,2,6
73131,16,1221,1221,1,1
18283,14,1221,1222,2,4
9144,13,1225,1227,3,4
4572,12,1228,1229,2,6
2286,11,1230,1238,9,8
1143,10,1215,1223,9,5
585304,19,1226,1226,1,16
18290,14,1227,1227,1,1
9145,13,1224,1224,1,4
585305,19,1225,1225,1,16
18291,14,1225,1226,2,1
9146,13,1229,1229,1,4
4573,12,1224,1227,4,6
9147,13,1228,1228,1,4
9148,13,1231,1232,2,4
4574,12,1233,1238,6,6
2287,11,1224,1229,6,8
18298,14,1232,1232,1,1
9149,13,1230,1230,1,4
18299,14,1231,1231,1,1
9150,13,1234,1238,5,4
4575,12,1230,1232,3,6
36604,15,1235,1235,1,16
18302,14,1236,1238,3,1
9151,13,1233,1233,1,4
36605,15,1234,1234,1,16
146426,17,1237,1237,1,18
36606,15,1238,1238,1,16
18303,14,1234,1235,2,1
146427,17,1236,1236,1,18
36607,15,1236,1237,2,16
4576,12,1240,1243,4,6
2288,11,1244,1248,5,8
1144,10,1249,1259,11,5
572,9,1260,1278,19,11
286,8,1279,1311,33,3
143,7,1154,1238,85,9
18308,14,1241,1241,1,1
9154,13,1242,1243,2,4
4577,12,1239,1239,1,6
18309,14,1240,1240,1,1
73240,16,1243,1243,1,1
9155,13,1240,1241,2,4
73241,16,1242,1242,1,1
4578,12,1245,1248,4,6
2289,11,1239,1243,5,8
73266,16,1246,1247,2,1
9158,13,1248,1248,1,4
4579,12,1244,1244,1,6
293068,18,1247,1247,1,16
73267,16,1245,1245,1,1
293069,18,1246,1246,1,16
9159,13,1245,1247,3,4
9160,13,1250,1250,1,4
4580,12,1251,1257,7,6
2290,11,1258,1259,2,8
1145,10,1239,1248,10,5
9161,13,1249,1249,1,4
9162,13,1252,1257,6,4
4581,12,1249,1250,2,6
73306,16,1253,1253,1,16
18326,14,1254,1257,4,1
9163,13,1251,1251,1,4
73307,16,1252,1252,1,16
36654,15,1255,1257,3,16
18327,14,1252,1253,2,1
1172972,20,1256,1257,2,18
36655,15,1254,1254,1,16
2345946,21,1257,1257,1,7
1172973,20,1255,1255,1,18
2345947,21,1256,1256,1,7
4582,12,1259,1259,1,6
2291,11,1249,1257,9,8
4583,12,1258,1258,1,6
36672,15,1261,1261,1,4
4584,12,1262,1264,3,6
2292,11,1265,1269,5,8
1146,10,1270,1278,9,5
573,9,1239,1259,21,11
36673,15,1260,1260,1,4
9170,13,1263,1264,2,4
4585,12,1260,1261,2,6
18342,14,1264,1264,1,1
9171,13,1262,1262,1,4
18343,14,1263,1263,1,1
18346,14,1266,1266,1,4
4586,12,1267,1269,3,6
2293,11,1260,1264,5,8
18347,14,1265,1265,1,4
36698,15,1268,1268,1,1
9174,13,1269,1269,1,4
4587,12,1265,1266,2,6
36699,15,1267,1267,1,1
9175,13,1267,1268,2,4
18352,14,1271,1271,1,4
4588,12,1272,1273,2,6
2294,11,1274,1278,5,8
1147,10,1260,1269,10,5
18353,14,1270,1270,1,4
293704,18,1273,1273,1,4
4589,12,1270,1271,2,6
293705,18,1272,1272,1,4
18362,14,1275,1275,1,4
4590,12,1276,1278,3,6
2295,11,1270,1273,4,8
18363,14,1274,1274,1,4
36728,15,1277,1277,1,1
9182,13,1278,1278,1,4
4591,12,1274,1275,2,6
36729,15,1276,1276,1,1
9183,13,1276,1277,2,4
9186,13,1280,1282,3,6
2296,11,1283,1284,2,8
1148,10,1285,1294,10,5
574,9,1295,1311,17,11
287,8,1239,1278,40,3
73498,16,1281,1281,1,1
18374,14,1282,1282,1,4
9187,13,1279,1279,1,6
73499,16,1280,1280,1,1
18375,14,1280,1281,2,4
18380,14,1284,1284,1,6
2297,11,1279,1282,4,8
18381,14,1283,1283,1,6
9192,13,1286,1290,5,4
4596,12,1291,1292,2,6
2298,11,1293,1294,2,8
1149,10,1279,1284,6,5
18386,14,1287,1290,4,1
9193,13,1285,1285,1,4
36774,15,1288,1290,3,16
18387,14,1286,1286,1,1
73550,16,1289,1290,2,18
36775,15,1287,1287,1,16
147102,17,1290,1290,1,7
73551,16,1288,1288,1,18
147103,17,1289,1289,1,7
9194,13,1292,1292,1,4
4597,12,1285,1290,6,6
9195,13,1291,1291,1,4
4598,12,1294,1294,1,6
2299,11,1285,1292,8,8
4599,12,1293,1293,1,6
9200,13,1296,1297,2,4
4600,12,1298,1298,1,6
2300,11,1299,1303,5,8
1150,10,1304,1311,8,5
575,9,1279,1294,16,11
294458,18,1297,1297,1,1
9201,13,1295,1295,1,4
294459,18,1296,1296,1,1
4601,12,1295,1297,3,6
36816,15,1300,1300,1,1
9204,13,1301,1301,1,4
4602,12,1302,1303,2,6
2301,11,1295,1298,4,8
36817,15,1299,1299,1,1
9205,13,1299,1300,2,4
9206,13,1303,1303,1,4
4603,12,1299,1301,3,6
9207,13,1302,1302,1,4
9208,13,1305,1306,2,4
4604,12,1307,1307,1,6
2302,11,1308,1311,4,8
1151,10,1295,1303,9,5
18418,14,1306,1306,1,1
9209,13,1304,1304,1,4
18419,14,1305,1305,1,1
4605,12,1304,1306,3,6
9212,13,1309,1309,1,4
4606,12,1310,1311,2,6
2303,11,1304,1307,4,8
9213,13,1308,1308,1,4
9214,13,1311,1311,1,4
4607,12,1308,1309,2,6
9215,13,1310,1310,1,4
9216,13,1313,1315,3,6
4608,12,1316,1320,5,8
2304,11,1321,1325,5,16
1152,10,1326,1334,9,2
576,9,1335,1349,15,15
288,8,1350,1377,28,12
144,7,1378,1446,69,7
72,6,1447,1621,175,3
36,5,1622,1903,282,11
18,4,1904,2493,590,18
9,3,0,1311,1312,17
73740,16,1314,1314,1,4
36870,15,1315,1315,1,1
9217,13,1312,1312,1,6
73741,16,1313,1313,1,4
36871,15,1313,1314,2,1
73744,16,1317,1317,1,4
36872,15,1318,1318,1,1
9218,13,1319,1320,2,6
4609,12,1312,1315,4,8
73745,16,1316,1316,1,4
36873,15,1316,1317,2,1
36878,15,1320,1320,1,1
9219,13,1316,1318,3,6
36879,15,1319,1319,1,1
18440,14,1322,1322,1,1
9220,13,1323,1323,1,6
4610,12,1324,1325,2,8
2305,11,1312,1320,9,16
18441,14,1321,1321,1,1
9221,13,1321,1322,2,6
9222,13,1325,1325,1,6
4611,12,1321,1323,3,8
9223,13,1324,1324,1,6
9224,13,1327,1329,3,6
4612,12,1330,1330,1,8
2306,11,1331,1334,4,16
1153,10,1312,1325,14,2
2361626,21,1328,1328,1,4
36900,15,1329,1329,1,1
9225,13,1326,1326,1,6
2361627,21,1327,1327,1,4
36901,15,1327,1328,2,1
4613,12,1326,1329,4,8
4614,12,1332,1334,3,8
2307,11,1326,1330,5,16
9230,13,1333,1334,2,6
4615,12,1331,1331,1,8
18462,14,1334,1334,1,1
9231,13,1332,1332,1,6
18463,14,1333,1333,1,1
9234,13,1336,1336,1,8
2308,11,1337,1339,3,16
1154,10,1340,1349,10,2
577,9,1312,1334,23,15
9235,13,1335,1335,1,8
4618,12,1338,1339,2,8
2309,11,1335,1336,2,16
18478,14,1339,1339,1,6
4619,12,1337,1337,1,8
18479,14,1338,1338,1,6
4620,12,1341,1342,2,8
2310,11,1343,1349,7,16
1155,10,1335,1339,5,2
9242,13,1342,1342,1,6
4621,12,1340,1340,1,8
9243,13,1341,1341,1,6
73954,16,1344,1344,1,4
18488,14,1345,1345,1,1
9244,13,1346,1346,1,6
4622,12,1347,1349,3,8
2311,11,1340,1342,3,16
73955,16,1343,1343,1,4
18489,14,1343,1344,2,1
9245,13,1343,1345,3,6
18492,14,1348,1348,1,1
9246,13,1349,1349,1,6
4623,12,1343,1346,4,8
18493,14,1347,1347,1,1
9247,13,1347,1348,2,6
4624,12,1351,1352,2,8
2312,11,1353,1358,6,16
1156,10,1359,1366,8,2
578,9,1367,1377,11,15
289,8,1312,1349,38,12
148008,17,1352,1352,1,6
4625,12,1350,1350,1,8
148009,17,1351,1351,1,6
18504,14,1354,1354,1,1
9252,13,1355,1355,1,6
4626,12,1356,1358,3,8
2313,11,1350,1352,3,16
18505,14,1353,1353,1,1
9253,13,1353,1354,2,6
592296,19,1357,1357,1,1
9254,13,1358,1358,1,6
4627,12,1353,1355,3,8
592297,19,1356,1356,1,1
9255,13,1356,1357,2,6
9258,13,1360,1361,2,8
2314,11,1362,1366,5,16
1157,10,1350,1358,9,2
18518,14,1361,1361,1,6
9259,13,1359,1359,1,8
18519,14,1360,1360,1,6
18520,14,1363,1363,1,1
9260,13,1364,1364,1,6
4630,12,1365,1366,2,8
2315,11,1359,1361,3,16
18521,14,1362,1362,1,1
9261,13,1362,1363,2,6
18526,14,1366,1366,1,6
4631,12,1362,1364,3,8
18527,14,1365,1365,1,6
2316,11,1368,1373,6,16
1158,10,1374,1377,4,2
579,9,1350,1366,17,15
9268,13,1369,1370,2,6
4634,12,1371,1373,3,8
2317,11,1367,1367,1,16
74154,16,1370,1370,1,1
9269,13,1368,1368,1,6
74155,16,1369,1369,1,1
37084,15,1372,1372,1,1
18542,14,1373,1373,1,6
4635,12,1368,1370,3,8
37085,15,1371,1371,1,1
18543,14,1371,1372,2,6
9274,13,1375,1375,1,8
2318,11,1376,1377,2,16
1159,10,1367,1373,7,2
9275,13,1374,1374,1,8
37114,15,1377,1377,1,8
2319,11,1374,1375,2,16
37115,15,1376,1376,1,8
9280,13,1379,1379,1,6
4640,12,1380,1383,4,8
2320,11,1384,1389,6,16
1160,10,1390,1400,11,2
580,9,1401,1414,14,15
290,8,1415,1446,32,12
145,7,1312,1377,66,7
9281,13,1378,1378,1,6
9282,13,1381,1383,3,6
4641,12,1378,1379,2,8
74264,16,1382,1382,1,4
37132,15,1383,1383,1,1
9283,13,1380,1380,1,6
74265,16,1381,1381,1,4
37133,15,1381,1382,2,1
74278,16,1385,1385,1,1
9284,13,1386,1386,1,6
4642,12,1387,1389,3,8
2321,11,1378,1383,6,16
74279,16,1384,1384,1,1
9285,13,1384,1385,2,6
37148,15,1388,1389,2,6
4643,12,1384,1386,3,8
148598,17,1389,1389,1,1
37149,15,1387,1387,1,6
148599,17,1388,1388,1,1
74306,16,1391,1391,1,6
4644,12,1392,1393,2,8
2322,11,1394,1400,7,16
1161,10,1378,1389,12,2
74307,16,1390,1390,1,6
18580,14,1393,1393,1,6
4645,12,1390,1391,2,8
18581,14,1392,1392,1,6
18584,14,1395,1396,2,1
9292,13,1397,1397,1,6
4646,12,1398,1400,3,8
2323,11,1390,1393,4,16
37170,15,1396,1396,1,4
18585,14,1394,1394,1,1
37171,15,1395,1395,1,4
9293,13,1394,1396,3,6
18588,14,1399,1399,1,1
9294,13,1400,1400,1,6
4647,12,1394,1397,4,8
18589,14,1398,1398,1,1
9295,13,1398,1399,2,6
37188,15,1402,1402,1,6
4648,12,1403,1405,3,8
2324,11,1406,1408,3,16
1162,10,1409,1414,6,2
581,9,1378,1400,23,15
37189,15,1401,1401,1,6
37192,15,1404,1405,2,6
4649,12,1401,1402,2,8
74386,16,1405,1405,1,1
37193,15,1403,1403,1,6
74387,16,1404,1404,1,1
18602,14,1407,1407,1,6
4650,12,1408,1408,1,8
2325,11,1401,1405,5,16
18603,14,1406,1406,1,6
4651,12,1406,1407,2,8
4652,12,1410,1412,3,8
2326,11,1413,1414,2,16
1163,10,1401,1408,8,2
18612,14,1411,1411,1,1
9306,13,1412,1412,1,6
4653,12,1409,1409,1,8
18613,14,1410,1410,1,1
9307,13,1410,1411,2,6
4654,12,1414,1414,1,8
2327,11,1409,1412,4,16
4655,12,1413,1413,1,8
2328,11,1416,1419,4,16
1164,10,1420,1427,8,2
582,9,1428,1446,19,15
291,8,1378,1414,37,12
4658,12,1417,1419,3,8
2329,11,1415,1415,1,16
9318,13,1418,1419,2,6
4659,12,1416,1416,1,8
1192938,20,1419,1419,1,1
9319,13,1417,1417,1,6
1192939,20,1418,1418,1,1
9320,13,1421,1422,2,6
4660,12,1423,1423,1,8
2330,11,1424,1427,4,16
1165,10,1415,1419,5,2
18642,14,1422,1422,1,1
9321,13,1420,1420,1,6
18643,14,1421,1421,1,1
4661,12,1420,1422,3,8
4662,12,1425,1427,3,8
2331,11,1420,1423,4,16
9326,13,1426,1427,2,6
4663,12,1424,1424,1,8
149234,17,1427,1427,1,1
9327,13,1425,1425,1,6
149235,17,1426,1426,1,1
4664,12,1429,1432,4,8
2332,11,1433,1439,7,16
1166,10,1440,1446,7,2
583,9,1415,1427,13,15
149298,17,1430,1430,1,1
18662,14,1431,1432,2,6
4665,12,1428,1428,1,8
149299,17,1429,1429,1,1
37326,15,1432,1432,1,1
18663,14,1429,1430,2,6
37327,15,1431,1431,1,1
18664,14,1434,1435,2,1
9332,13,1436,1437,2,6
4666,12,1438,1439,2,8
2333,11,1428,1432,5,16
37330,15,1435,1435,1,4
18665,14,1433,1433,1,1
37331,15,1434,1434,1,4
18666,14,1437,1437,1,1
9333,13,1433,1435,3,6
18667,14,1436,1436,1,1
18670,14,1439,1439,1,6
4667,12,1433,1437,5,8
18671,14,1438,1438,1,6
9336,13,1441,1441,1,6
4668,12,1442,1443,2,8
2334,11,1444,1446,3,16
1167,10,1428,1439,12,2
9337,13,1440,1440,1,6
18676,14,1443,1443,1,6
4669,12,1440,1441,2,8
18677,14,1442,1442,1,6
4670,12,1445,1446,2,8
2335,11,1440,1443,4,16
9342,13,1446,1446,1,6
4671,12,1444,1444,1,8
9343,13,1445,1445,1,6
4672,12,1448,1450,3,8
2336,11,1451,1456,6,16
1168,10,1457,1462,6,2
584,9,1463,1501,39,15
292,8,1502,1537,36,12
146,7,1538,1621,84,7
73,6,1312,1446,135,3
9346,13,1449,1450,2,6
4673,12,1447,1447,1,8
18694,14,1450,1450,1,1
9347,13,1448,1448,1,6
18695,14,1449,1449,1,1
4674,12,1452,1456,5,8
2337,11,1447,1450,4,16
2393720,21,1453,1453,1,4
18700,14,1454,1454,1,1
9350,13,1455,1456,2,6
4675,12,1451,1451,1,8
2393721,21,1452,1452,1,4
18701,14,1452,1453,2,1
37406,15,1456,1456,1,1
9351,13,1452,1454,3,6
37407,15,1455,1455,1,1
9352,13,1458,1458,1,6
4676,12,1459,1460,2,8
2338,11,1461,1462,2,16
1169,10,1447,1456,10,2
9353,13,1457,1457,1,6
9354,13,1460,1460,1,6
4677,12,1457,1458,2,8
9355,13,1459,1459,1,6
9358,13,1462,1462,1,8
2339,11,1457,1460,4,16
9359,13,1461,1461,1,8
74884,16,1464,1464,1,4
37442,15,1465,1465,1,1
9360,13,1466,1470,5,6
4680,12,1471,1471,1,8
2340,11,1472,1481,10,16
1170,10,1482,1501,20,2
585,9,1447,1462,16,15
74885,16,1463,1463,1,4
37443,15,1463,1464,2,1
18722,14,1467,1470,4,1
9361,13,1463,1465,3,6
149784,17,1468,1469,2,17
37446,15,1470,1470,1,4
18723,14,1466,1466,1,1
1198284,20,1469,1469,1,5
149785,17,1467,1467,1,17
1198285,20,1468,1468,1,5
37447,15,1467,1469,3,4
4681,12,1463,1470,8,8
149824,17,1473,1473,1,1
9364,13,1474,1474,1,6
4682,12,1475,1481,7,8
2341,11,1463,1471,9,16
149825,17,1472,1472,1,1
9365,13,1472,1473,2,6
37464,15,1476,1478,3,1
9366,13,1479,1481,3,6
4683,12,1472,1474,3,8
74930,16,1477,1478,2,4
37465,15,1475,1475,1,1
299724,18,1478,1478,1,17
74931,16,1476,1476,1,4
299725,18,1477,1477,1,17
299748,18,1480,1480,1,4
149874,17,1481,1481,1,1
9367,13,1475,1478,4,6
299749,18,1479,1479,1,4
149875,17,1479,1480,2,1
4684,12,1483,1489,7,8
2342,11,1490,1501,12,16
1171,10,1463,1481,19,2
18740,14,1484,1484,1,1
9370,13,1485,1489,5,6
4685,12,1482,1482,1,8
18741,14,1483,1483,1,1
2398982,21,1486,1486,1,17
37484,15,1487,1488,2,4
18742,14,1489,1489,1,1
9371,13,1483,1484,2,6
2398983,21,1485,1485,1,17
149940,17,1488,1488,1,17
37485,15,1485,1486,2,4
149941,17,1487,1487,1,17
18743,14,1485,1488,4,1
37488,15,1491,1491,1,4
18744,14,1492,1493,2,1
9372,13,1494,1496,3,6
4686,12,1497,1501,5,8
2343,11,1482,1489,8,16
37489,15,1490,1490,1,4
37490,15,1493,1493,1,4
18745,14,1490,1491,2,1
37491,15,1492,1492,1,4
18746,14,1495,1496,2,1
9373,13,1490,1493,4,6
74990,16,1496,1496,1,4
18747,14,1494,1494,1,1
74991,16,1495,1495,1,4
18748,14,1498,1498,1,1
9374,13,1499,1501,3,6
4687,12,1490,1496,7,8
18749,14,1497,1497,1,1
18750,14,1500,1501,2,1
9375,13,1497,1498,2,6
75004,16,1501,1501,1,4
18751,14,1499,1499,1,1
75005,16,1500,1500,1,4
2344,11,1503,1510,8,16
1172,10,1511,1520,10,2
586,9,1521,1537,17,15
293,8,1447,1501,55,12
18762,14,1504,1504,1,6
4690,12,1505,1510,6,8
2345,11,1502,1502,1,16
18763,14,1503,1503,1,6
37528,15,1506,1506,1,4
18764,14,1507,1507,1,1
9382,13,1508,1510,3,6
4691,12,1503,1504,2,8
37529,15,1505,1505,1,4
18765,14,1505,1506,2,1
18766,14,1509,1510,2,1
9383,13,1505,1507,3,6
37534,15,1510,1510,1,4
18767,14,1508,1508,1,1
37535,15,1509,1509,1,4
4692,12,1512,1515,4,8
2346,11,1516,1520,5,16
1173,10,1502,1510,9,2
9386,13,1513,1515,3,6
4693,12,1511,1511,1,8
600774,19,1514,1514,1,4
18774,14,1515,1515,1,1
9387,13,1512,1512,1,6
600775,19,1513,1513,1,4
18775,14,1513,1514,2,1
9388,13,1517,1517,1,6
4694,12,1518,1520,3,8
2347,11,1511,1515,5,16
9389,13,1516,1516,1,6
9390,13,1519,1520,2,6
4695,12,1516,1517,2,8
18782,14,1520,1520,1,1
9391,13,1518,1518,1,6
18783,14,1519,1519,1,1
4696,12,1522,1524,3,8
2348,11,1525,1533,9,16
1174,10,1534,1537,4,2
587,9,1502,1520,19,15
9394,13,1523,1524,2,6
4697,12,1521,1521,1,8
75162,16,1524,1524,1,1
9395,13,1522,1522,1,6
75163,16,1523,1523,1,1
37584,15,1526,1526,1,4
18792,14,1527,1527,1,1
9396,13,1528,1529,2,6
4698,12,1530,1533,4,8
2349,11,1521,1524,4,16
37585,15,1525,1525,1,4
18793,14,1525,1526,2,1
150362,17,1529,1529,1,1
9397,13,1525,1527,3,6
150363,17,1528,1528,1,1
18796,14,1531,1531,1,1
9398,13,1532,1533,2,6
4699,12,1525,1529,5,8
18797,14,1530,1530,1,1
18798,14,1533,1533,1,1
9399,13,1530,1531,2,6
18799,14,1532,1532,1,1
4700,12,1535,1535,1,8
2350,11,1536,1537,2,16
1175,10,1521,1533,13,2
4701,12,1534,1534,1,8
150498,17,1537,1537,1,8
2351,11,1534,1535,2,16
150499,17,1536,1536,1,8
9408,13,1539,1540,2,6
4704,12,1541,1541,1,8
2352,11,1542,1544,3,16
1176,10,1545,1553,9,2
588,9,1554,1580,27,15
294,8,1581,1621,41,12
147,7,1447,1537,91,7
37638,15,1540,1540,1,1
9409,13,1538,1538,1,6
37639,15,1539,1539,1,1
4705,12,1538,1540,3,8
37650,15,1543,1543,1,6
9412,13,1544,1544,1,8
2353,11,1538,1541,4,16
37651,15,1542,1542,1,6
9413,13,1542,1543,2,8
9416,13,1546,1550,5,8
2354,11,1551,1553,3,16
1177,10,1538,1544,7,2
37668,15,1547,1547,1,1
18834,14,1548,1550,3,6
9417,13,1545,1545,1,8
37669,15,1546,1546,1,1
75340,16,1549,1549,1,4
37670,15,1550,1550,1,1
18835,14,1546,1547,2,6
75341,16,1548,1548,1,4
37671,15,1548,1549,2,1
9422,13,1552,1553,2,8
2355,11,1545,1550,6,16
150782,17,1553,1553,1,6
9423,13,1551,1551,1,8
150783,17,1552,1552,1,6
18848,14,1555,1555,1,1
9424,13,1556,1559,4,6
4712,12,1560,1561,2,8
2356,11,1562,1563,2,16
1178,10,1564,1580,17,2
589,9,1538,1553,16,15
18849,14,1554,1554,1,1
301600,18,1557,1557,1,17
150800,17,1558,1558,1,4
18850,14,1559,1559,1,1
9425,13,1554,1555,2,6
301601,18,1556,1556,1,17
150801,17,1556,1557,2,4
18851,14,1556,1558,3,1
18854,14,1561,1561,1,6
4713,12,1554,1559,6,8
18855,14,1560,1560,1,6
4714,12,1563,1563,1,8
2357,11,1554,1561,8,16
4715,12,1562,1562,1,8
18864,14,1565,1566,2,1
9432,13,1567,1569,3,6
4716,12,1570,1572,3,8
2358,11,1573,1580,8,16
1179,10,1554,1563,10,2
75460,16,1566,1566,1,4
18865,14,1564,1564,1,1
75461,16,1565,1565,1,4
150930,17,1568,1568,1,4
18866,14,1569,1569,1,1
9433,13,1564,1566,3,6
150931,17,1567,1567,1,4
18867,14,1567,1568,2,1
9434,13,1571,1572,2,6
4717,12,1564,1569,6,8
37742,15,1572,1572,1,1
9435,13,1570,1570,1,6
37743,15,1571,1571,1,1
18874,14,1574,1574,1,6
4718,12,1575,1580,6,8
2359,11,1564,1572,9,16
18875,14,1573,1573,1,6
75504,16,1576,1577,2,4
18876,14,1578,1578,1,1
9438,13,1579,1580,2,6
4719,12,1573,1574,2,8
302022,18,1577,1577,1,17
75505,16,1575,1575,1,4
302023,18,1576,1576,1,17
18877,14,1575,1577,3,1
18878,14,1580,1580,1,1
9439,13,1575,1578,4,6
18879,14,1579,1579,1,1
18880,14,1582,1582,1,1
9440,13,1583,1583,1,6
4720,12,1584,1585,2,8
2360,11,1586,1591,6,16
1180,10,1592,1604,13,2
590,9,1605,1621,17,15
295,8,1538,1580,43,12
18881,14,1581,1581,1,1
9441,13,1581,1582,2,6
9442,13,1585,1585,1,6
4721,12,1581,1583,3,8
9443,13,1584,1584,1,6
18888,14,1587,1588,2,6
4722,12,1589,1591,3,8
2361,11,1581,1585,5,16
151112,17,1588,1588,1,1
18889,14,1586,1586,1,6
151113,17,1587,1587,1,1
151140,17,1590,1590,1,1
9446,13,1591,1591,1,6
4723,12,1586,1588,3,8
151141,17,1589,1589,1,1
9447,13,1589,1590,2,6
37792,15,1593,1593,1,4
18896,14,1594,1595,2,1
9448,13,1596,1596,1,6
4724,12,1597,1599,3,8
2362,11,1600,1604,5,16
1181,10,1581,1591,11,2
37793,15,1592,1592,1,4
37794,15,1595,1595,1,4
18897,14,1592,1593,2,1
37795,15,1594,1594,1,4
9449,13,1592,1595,4,6
9450,13,1598,1599,2,6
4725,12,1592,1596,5,8
18902,14,1599,1599,1,1
9451,13,1597,1597,1,6
18903,14,1598,1598,1,1
37810,15,1601,1602,2,6
4726,12,1603,1604,2,8
2363,11,1592,1599,8,16
151246,17,1602,1602,1,1
37811,15,1600,1600,1,6
151247,17,1601,1601,1,1
37822,15,1604,1604,1,6
4727,12,1600,1602,3,8
37823,15,1603,1603,1,6
75656,16,1606,1606,1,1
18914,14,1607,1607,1,6
4728,12,1608,1608,1,8
2364,11,1609,1616,8,16
1182,10,1617,1621,5,2
591,9,1581,1604,24,15
75657,16,1605,1605,1,1
18915,14,1605,1606,2,6
4729,12,1605,1607,3,8
37842,15,1610,1610,1,1
9460,13,1611,1611,1,6
4730,12,1612,1616,5,8
2365,11,1605,1608,4,16
37843,15,1609,1609,1,1
9461,13,1609,1610,2,6
9462,13,1613,1616,4,6
4731,12,1609,1611,3,8
302824,18,1614,1614,1,17
151412,17,1615,1615,1,4
75706,16,1616,1616,1,1
9463,13,1612,1612,1,6
302825,18,1613,1613,1,17
151413,17,1613,1614,2,4
75707,16,1613,1615,3,1
75736,16,1618,1618,1,8
2366,11,1619,1621,3,16
1183,10,1605,1616,12,2
75737,16,1617,1617,1,8
4734,12,1620,1621,2,8
2367,11,1617,1618,2,16
9470,13,1621,1621,1,6
4735,12,1619,1619,1,8
9471,13,1620,1620,1,6
37888,15,1623,1623,1,1
9472,13,1624,1626,3,6
4736,12,1627,1629,3,8
2368,11,1630,1632,3,16
1184,10,1633,1642,10,2
592,9,1643,1654,12,15
296,8,1655,1701,47,12
148,7,1702,1751,50,8
74,6,1752,1903,152,3
37,5,1312,1621,310,11
37889,15,1622,1622,1,1
75784,16,1625,1625,1,4
37892,15,1626,1626,1,1
9473,13,1622,1623,2,6
75785,16,1624,1624,1,4
37893,15,1624,1625,2,1
9474,13,1628,1629,2,6
4737,12,1622,1626,5,8
18950,14,1629,1629,1,1
9475,13,1627,1627,1,6
18951,14,1628,1628,1,1
9476,13,1631,1631,1,6
4738,12,1632,1632,1,8
2369,11,1622,1629,8,16
9477,13,1630,1630,1,6
4739,12,1630,1631,2,8
9480,13,1634,1634,1,6
4740,12,1635,1637,3,8
2370,11,1638,1642,5,16
1185,10,1622,1632,11,2
9481,13,1633,1633,1,6
75858,16,1636,1636,1,1
9482,13,1637,1637,1,6
4741,12,1633,1634,2,8
75859,16,1635,1635,1,1
9483,13,1635,1636,2,6
9484,13,1639,1640,2,6
4742,12,1641,1642,2,8
2371,11,1633,1637,5,16
303522,18,1640,1640,1,1
9485,13,1638,1638,1,6
303523,18,1639,1639,1,1
9486,13,1642,1642,1,6
4743,12,1638,1640,3,8
9487,13,1641,1641,1,6
9490,13,1644,1644,1,8
2372,11,1645,1647,3,16
1186,10,1648,1654,7,2
593,9,1622,1642,21,15
9491,13,1643,1643,1,8
4746,12,1646,1647,2,8
2373,11,1643,1644,2,16
18988,14,1647,1647,1,6
4747,12,1645,1645,1,8
18989,14,1646,1646,1,6
9496,13,1649,1649,1,6
4748,12,1650,1651,2,8
2374,11,1652,1654,3,16
1187,10,1643,1647,5,2
9497,13,1648,1648,1,6
18996,14,1651,1651,1,6
4749,12,1648,1649,2,8
18997,14,1650,1650,1,6
9500,13,1653,1653,1,6
4750,12,1654,1654,1,8
2375,11,1648,1651,4,16
9501,13,1652,1652,1,6
4751,12,1652,1653,2,8
9504,13,1656,1656,1,6
4752,12,1657,1657,1,8
2376,11,1658,1670,13,16
1188,10,1671,1679,9,2
594,9,1680,1701,22,15
297,8,1622,1654,33,12
9505,13,1655,1655,1,6
4753,12,1655,1656,2,8
38032,15,1659,1660,2,4
19016,14,1661,1661,1,1
9508,13,1662,1665,4,6
4754,12,1666,1670,5,8
2377,11,1655,1657,3,16
152134,17,1660,1660,1,17
38033,15,1658,1658,1,4
152135,17,1659,1659,1,17
19017,14,1658,1660,3,1
38036,15,1663,1663,1,4
19018,14,1664,1665,2,1
9509,13,1658,1661,4,6
38037,15,1662,1662,1,4
38038,15,1665,1665,1,4
19019,14,1662,1663,2,1
38039,15,1664,1664,1,4
9510,13,1667,1670,4,6
4755,12,1658,1665,8,8
4869766,22,1668,1668,1,4
19022,14,1669,1670,2,1
9511,13,1666,1666,1,6
4869767,22,1667,1667,1,4
152190,17,1670,1670,1,4
19023,14,1667,1668,2,1
152191,17,1669,1669,1,4
9512,13,1672,1672,1,6
4756,12,1673,1673,1,8
2378,11,1674,1679,6,16
1189,10,1655,1670,16,2
9513,13,1671,1671,1,6
4757,12,1671,1672,2,8
9516,13,1675,1675,1,6
4758,12,1676,1679,4,8
2379,11,1671,1673,3,16
9517,13,1674,1674,1,6
76144,16,1677,1677,1,4
19036,14,1678,1678,1,1
9518,13,1679,1679,1,6
4759,12,1674,1675,2,8
76145,16,1676,1676,1,4
19037,14,1676,1677,2,1
9519,13,1676,1678,3,6
9520,13,1681,1681,1,8
2380,11,1682,1684,3,16
1190,10,1685,1701,17,2
595,9,1655,1679,25,15
9521,13,1680,1680,1,8
19050,14,1683,1683,1,6
4762,12,1684,1684,1,8
2381,11,1680,1681,2,16
19051,14,1682,1682,1,6
4763,12,1682,1683,2,8
19056,14,1686,1686,1,1
9528,13,1687,1687,1,6
4764,12,1688,1691,4,8
2382,11,1692,1701,10,16
1191,10,1680,1684,5,2
19057,14,1685,1685,1,1
9529,13,1685,1686,2,6
9530,13,1689,1691,3,6
4765,12,1685,1687,3,8
19062,14,1690,1691,2,1
9531,13,1688,1688,1,6
152508,17,1691,1691,1,4
19063,14,1689,1689,1,1
152509,17,1690,1690,1,4
19064,14,1693,1693,1,1
9532,13,1694,1696,3,6
4766,12,1697,1701,5,8
2383,11,1685,1691,7,16
19065,14,1692,1692,1,1
38132,15,1695,1695,1,4
19066,14,1696,1696,1,1
9533,13,1692,1693,2,6
38133,15,1694,1694,1,4
19067,14,1694,1695,2,1
38138,15,1698,1699,2,1
9534,13,1700,1701,2,6
4767,12,1692,1696,5,8
152558,17,1699,1699,1,4
38139,15,1697,1697,1,1
152559,17,1698,1698,1,4
19070,14,1701,1701,1,1
9535,13,1697,1699,3,6
19071,14,1700,1700,1,1
19076,14,1703,1703,1,7
9538,13,1704,1704,1,2
2384,11,1705,1707,3,16
1192,10,1708,1710,3,15
596,9,1711,1721,11,4
298,8,1722,1751,30,1
149,7,1622,1701,80,7
19077,14,1702,1702,1,7
9539,13,1702,1703,2,2
19080,14,1706,1706,1,7
9540,13,1707,1707,1,2
2385,11,1702,1704,3,16
19081,14,1705,1705,1,7
9541,13,1705,1706,2,2
38192,15,1709,1709,1,2
4774,12,1710,1710,1,16
1193,10,1702,1707,6,15
38193,15,1708,1708,1,2
4775,12,1708,1709,2,16
38228,15,1712,1712,1,2
4778,12,1713,1714,2,16
1194,10,1715,1721,7,15
597,9,1702,1710,9,4
38229,15,1711,1711,1,2
152934,17,1714,1714,1,2
4779,12,1711,1712,2,16
152935,17,1713,1713,1,2
611876,19,1716,1716,1,7
38242,15,1717,1717,1,2
2390,11,1718,1721,4,16
1195,10,1711,1714,4,15
611877,19,1715,1715,1,7
38243,15,1715,1716,2,2
153036,17,1719,1719,1,17
9564,13,1720,1720,1,7
4782,12,1721,1721,1,2
2391,11,1715,1717,3,16
153037,17,1718,1718,1,17
9565,13,1718,1719,2,7
4783,12,1718,1720,3,2
4786,12,1723,1726,4,16
1196,10,1727,1733,7,15
598,9,1734,1751,18,4
299,8,1702,1721,20,1
19148,14,1724,1725,2,7
9574,13,1726,1726,1,2
4787,12,1722,1722,1,16
76596,16,1725,1725,1,17
19149,14,1723,1723,1,7
76597,16,1724,1724,1,17
9575,13,1723,1725,3,2
9576,13,1728,1728,1,2
2394,11,1729,1733,5,16
1197,10,1722,1726,5,15
9577,13,1727,1727,1,2
153294,17,1730,1730,1,7
4790,12,1731,1733,3,2
2395,11,1727,1728,2,16
153295,17,1729,1729,1,7
38328,15,1732,1733,2,7
4791,12,1729,1730,2,2
76658,16,1733,1733,1,17
38329,15,1731,1731,1,7
76659,16,1732,1732,1,17
4792,12,1735,1736,2,2
2396,11,1737,1741,5,16
1198,10,1742,1751,10,15
599,9,1722,1733,12,4
9586,13,1736,1736,1,7
4793,12,1734,1734,1,2
9587,13,1735,1735,1,7
153410,17,1738,1738,1,17
9588,13,1739,1739,1,7
4794,12,1740,1741,2,2
2397,11,1734,1736,3,16
153411,17,1737,1737,1,17
9589,13,1737,1738,2,7
9590,13,1741,1741,1,7
4795,12,1737,1739,3,2
9591,13,1740,1740,1,7
9592,13,1743,1743,1,7
4796,12,1744,1745,2,2
2398,11,1746,1751,6,16
1199,10,1734,1741,8,15
9593,13,1742,1742,1,7
9594,13,1745,1745,1,7
4797,12,1742,1743,2,2
9595,13,1744,1744,1,7
19192,14,1747,1748,2,7
4798,12,1749,1751,3,2
2399,11,1742,1745,4,16
38386,15,1748,1748,1,17
19193,14,1746,1746,1,7
38387,15,1747,1747,1,17
19196,14,1750,1750,1,17
9598,13,1751,1751,1,7
4799,12,1746,1748,3,2
19197,14,1749,1749,1,17
9599,13,1749,1750,2,7
9600,13,1753,1755,3,6
4800,12,1756,1758,3,8
2400,11,1759,1761,3,16
1200,10,1762,1770,9,2
600,9,1771,1791,21,15
300,8,1792,1831,40,12
150,7,1832,1903,72,7
75,6,1622,1751,130,3
19202,14,1754,1755,2,1
9601,13,1752,1752,1,6
38406,15,1755,1755,1,4
19203,14,1753,1753,1,1
38407,15,1754,1754,1,4
9602,13,1757,1758,2,6
4801,12,1752,1755,4,8
19206,14,1758,1758,1,1
9603,13,1756,1756,1,6
19207,14,1757,1757,1,1
19212,14,1760,1760,1,6
9606,13,1761,1761,1,8
2401,11,1752,1758,7,16
19213,14,1759,1759,1,6
9607,13,1759,1760,2,8
19216,14,1763,1764,2,1
9608,13,1765,1766,2,6
4804,12,1767,1768,2,8
2402,11,1769,1770,2,16
1201,10,1752,1761,10,2
38434,15,1764,1764,1,4
19217,14,1762,1762,1,1
38435,15,1763,1763,1,4
38438,15,1766,1766,1,1
9609,13,1762,1764,3,6
38439,15,1765,1765,1,1
615154,19,1768,1768,1,6
4805,12,1762,1766,5,8
615155,19,1767,1767,1,6
9612,13,1770,1770,1,8
2403,11,1762,1768,7,16
9613,13,1769,1769,1,8
4808,12,1772,1772,1,8
2404,11,1773,1779,7,16
1202,10,1780,1791,12,2
601,9,1752,1770,19,15
4809,12,1771,1771,1,8
76964,16,1774,1774,1,4
38482,15,1775,1775,1,1
9620,13,1776,1777,2,6
4810,12,1778,1779,2,8
2405,11,1771,1772,2,16
76965,16,1773,1773,1,4
38483,15,1773,1774,2,1
38486,15,1777,1777,1,1
9621,13,1773,1775,3,6
38487,15,1776,1776,1,1
38488,15,1779,1779,1,6
4811,12,1773,1777,5,8
38489,15,1778,1778,1,6
19248,14,1781,1781,1,1
9624,13,1782,1783,2,6
4812,12,1784,1789,6,8
2406,11,1790,1791,2,16
1203,10,1771,1779,9,2
19249,14,1780,1780,1,1
19250,14,1783,1783,1,1
9625,13,1780,1781,2,6
19251,14,1782,1782,1,1
9626,13,1785,1789,5,6
4813,12,1780,1783,4,8
77016,16,1786,1788,3,4
19254,14,1789,1789,1,1
9627,13,1784,1784,1,6
4929092,22,1787,1787,1,5
154034,17,1788,1788,1,17
77017,16,1785,1785,1,4
4929093,22,1786,1786,1,5
154035,17,1786,1787,2,17
19255,14,1785,1788,4,1
19258,14,1791,1791,1,8
2407,11,1780,1789,10,16
19259,14,1790,1790,1,8
77078,16,1793,1793,1,6
9634,13,1794,1794,1,8
2408,11,1795,1804,10,16
1204,10,1805,1815,11,2
602,9,1816,1831,16,15
301,8,1752,1791,40,12
77079,16,1792,1792,1,6
9635,13,1792,1793,2,8
38546,15,1796,1796,1,1
9636,13,1797,1798,2,6
4818,12,1799,1804,6,8
2409,11,1792,1794,3,16
38547,15,1795,1795,1,1
19274,14,1798,1798,1,1
9637,13,1795,1796,2,6
19275,14,1797,1797,1,1
9638,13,1800,1804,5,6
4819,12,1795,1798,4,8
38556,15,1801,1802,2,4
19278,14,1803,1804,2,1
9639,13,1799,1799,1,6
77114,16,1802,1802,1,17
38557,15,1800,1800,1,4
77115,16,1801,1801,1,17
616952,19,1804,1804,1,4
19279,14,1800,1802,3,1
616953,19,1803,1803,1,4
9640,13,1806,1806,1,6
4820,12,1807,1811,5,8
2410,11,1812,1815,4,16
1205,10,1792,1804,13,2
9641,13,1805,1805,1,6
308546,18,1808,1808,1,4
77136,16,1809,1809,1,1
9642,13,1810,1811,2,6
4821,12,1805,1806,2,8
308547,18,1807,1807,1,4
77137,16,1807,1808,2,1
19286,14,1811,1811,1,1
9643,13,1807,1809,3,6
19287,14,1810,1810,1,1
9644,13,1813,1813,1,6
4822,12,1814,1815,2,8
2411,11,1805,1811,7,16
9645,13,1812,1812,1,6
9646,13,1815,1815,1,6
4823,12,1812,1813,2,8
9647,13,1814,1814,1,6
4824,12,1817,1817,1,8
2412,11,1818,1823,6,16
1206,10,1824,1831,8,2
603,9,1792,1815,24,15
4825,12,1816,1816,1,8
77220,16,1819,1819,1,1
9652,13,1820,1820,1,6
4826,12,1821,1823,3,8
2413,11,1816,1817,2,16
77221,16,1818,1818,1,1
9653,13,1818,1819,2,6
308972,18,1822,1823,2,6
4827,12,1818,1820,3,8
617946,19,1823,1823,1,1
308973,18,1821,1821,1,6
617947,19,1822,1822,1,1
9656,13,1825,1825,1,6
4828,12,1826,1826,1,8
2414,11,1827,1831,5,16
1207,10,1816,1823,8,2
9657,13,1824,1824,1,6
4829,12,1824,1825,2,8
9660,13,1828,1828,1,6
4830,12,1829,1831,3,8
2415,11,1824,1826,3,16
9661,13,1827,1827,1,6
38652,15,1830,1831,2,6
4831,12,1827,1828,2,8
77306,16,1831,1831,1,1
38653,15,1829,1829,1,6
77307,16,1830,1830,1,1
9666,13,1833,1835,3,8
2416,11,1836,1839,4,16
1208,10,1840,1852,13,2
604,9,1853,1866,14,15
302,8,1867,1903,37,12
151,7,1752,1831,80,7
154672,17,1834,1834,1,1
19334,14,1835,1835,1,6
9667,13,1832,1832,1,8
154673,17,1833,1833,1,1
19335,14,1833,1834,2,6
4834,12,1837,1839,3,8
2417,11,1832,1835,4,16
77362,16,1838,1838,1,1
9670,13,1839,1839,1,6
4835,12,1836,1836,1,8
77363,16,1837,1837,1,1
9671,13,1837,1838,2,6
38690,15,1841,1841,1,1
9672,13,1842,1843,2,6
4836,12,1844,1844,1,8
2418,11,1845,1852,8,16
1209,10,1832,1839,8,2
38691,15,1840,1840,1,1
19346,14,1843,1843,1,1
9673,13,1840,1841,2,6
19347,14,1842,1842,1,1
4837,12,1840,1843,4,8
19352,14,1846,1846,1,1
9676,13,1847,1848,2,6
4838,12,1849,1852,4,8
2419,11,1840,1844,5,16
19353,14,1845,1845,1,1
19354,14,1848,1848,1,1
9677,13,1845,1846,2,6
19355,14,1847,1847,1,1
19356,14,1850,1850,1,1
9678,13,1851,1852,2,6
4839,12,1845,1848,4,8
19357,14,1849,1849,1,1
19358,14,1852,1852,1,1
9679,13,1849,1850,2,6
19359,14,1851,1851,1,1
9680,13,1854,1854,1,6
4840,12,1855,1858,4,8
2420,11,1859,1860,2,16
1210,10,1861,1866,6,2
605,9,1832,1852,21,15
9681,13,1853,1853,1,6
9682,13,1856,1858,3,6
4841,12,1853,1854,2,8
38732,15,1857,1857,1,4
19366,14,1858,1858,1,1
9683,13,1855,1855,1,6
38733,15,1856,1856,1,4
19367,14,1856,1857,2,1
4842,12,1860,1860,1,8
2421,11,1853,1858,6,16
4843,12,1859,1859,1,8
19376,14,1862,1863,2,6
4844,12,1864,1864,1,8
2422,11,1865,1866,2,16
1211,10,1853,1860,8,2
38754,15,1863,1863,1,1
19377,14,1861,1861,1,6
38755,15,1862,1862,1,1
4845,12,1861,1863,3,8
4846,12,1866,1866,1,8
2423,11,1861,1864,4,16
4847,12,1865,1865,1,8
2424,11,1868,1869,2,16
1212,10,1870,1880,11,2
606,9,1881,1903,23,15
303,8,1832,1866,35,12
4850,12,1869,1869,1,8
2425,11,1867,1867,1,16
4851,12,1868,1868,1,8
38824,15,1871,1871,1,6
9706,13,1872,1873,2,8
2426,11,1874,1880,7,16
1213,10,1867,1869,3,2
38825,15,1870,1870,1,6
1242602,20,1873,1873,1,6
9707,13,1870,1871,2,8
1242603,20,1872,1872,1,6
38834,15,1875,1875,1,1
9708,13,1876,1878,3,6
4854,12,1879,1880,2,8
2427,11,1870,1873,4,16
38835,15,1874,1874,1,1
77674,16,1877,1878,2,1
9709,13,1874,1875,2,6
2485628,21,1878,1878,1,4
77675,16,1876,1876,1,1
2485629,21,1877,1877,1,4
9710,13,1880,1880,1,6
4855,12,1874,1878,5,8
9711,13,1879,1879,1,6
9712,13,1882,1882,1,6
4856,12,1883,1885,3,8
2428,11,1886,1890,5,16
1214,10,1891,1903,13,2
607,9,1867,1880,14,15
9713,13,1881,1881,1,6
38860,15,1884,1884,1,1
19430,14,1885,1885,1,6
4857,12,1881,1882,2,8
38861,15,1883,1883,1,1
19431,14,1883,1884,2,6
2487732,21,1887,1887,1,6
4858,12,1888,1890,3,8
2429,11,1881,1885,5,16
2487733,21,1886,1886,1,6
9718,13,1889,1890,2,6
4859,12,1886,1887,2,8
38878,15,1890,1890,1,1
9719,13,1888,1888,1,6
38879,15,1889,1889,1,1
9720,13,1892,1893,2,6
4860,12,1894,1896,3,8
2430,11,1897,1903,7,16
1215,10,1881,1890,10,2
77774,16,1893,1893,1,1
9721,13,1891,1891,1,6
77775,16,1892,1892,1,1
19444,14,1895,1896,2,6
4861,12,1891,1893,3,8
38890,15,1896,1896,1,1
19445,14,1894,1894,1,6
38891,15,1895,1895,1,1
4862,12,1898,1903,6,8
2431,11,1891,1896,6,16
38904,15,1899,1899,1,4
19452,14,1900,1900,1,1
9726,13,1901,1903,3,6
4863,12,1897,1897,1,8
38905,15,1898,1898,1,4
19453,14,1898,1899,2,1
155632,17,1902,1902,1,4
38908,15,1903,1903,1,1
9727,13,1898,1900,3,6
155633,17,1901,1901,1,4
38909,15,1901,1902,2,1
19460,14,1905,1905,1,8
2432,11,1906,1910,5,16
1216,10,1911,1919,9,2
608,9,1920,1936,17,15
304,8,1937,1972,36,12
152,7,1973,2033,61,7
76,6,2034,2207,174,3
38,5,2208,2493,286,11
19,4,1312,1903,592,18
19461,14,1904,1904,1,8
4866,12,1907,1910,4,8
2433,11,1904,1905,2,16
38936,15,1908,1908,1,4
19468,14,1909,1909,1,1
9734,13,1910,1910,1,6
4867,12,1906,1906,1,8
38937,15,1907,1907,1,4
19469,14,1907,1908,2,1
9735,13,1907,1909,3,6
4868,12,1912,1913,2,8
2434,11,1914,1919,6,16
1217,10,1904,1910,7,2
9738,13,1913,1913,1,6
4869,12,1911,1911,1,8
9739,13,1912,1912,1,6
38962,15,1915,1915,1,6
4870,12,1916,1919,4,8
2435,11,1911,1913,3,16
38963,15,1914,1914,1,6
9742,13,1917,1919,3,6
4871,12,1914,1915,2,8
77944,16,1918,1918,1,4
19486,14,1919,1919,1,1
9743,13,1916,1916,1,6
77945,16,1917,1917,1,4
19487,14,1917,1918,2,1
38976,15,1921,1921,1,6
4872,12,1922,1922,1,8
2436,11,1923,1926,4,16
1218,10,1927,1936,10,2
609,9,1904,1919,16,15
38977,15,1920,1920,1,6
4873,12,1920,1921,2,8
9748,13,1924,1924,1,6
4874,12,1925,1926,2,8
2437,11,1920,1922,3,16
9749,13,1923,1923,1,6
39004,15,1926,1926,1,6
4875,12,1923,1924,2,8
39005,15,1925,1925,1,6
9752,13,1928,1928,1,6
4876,12,1929,1931,3,8
2438,11,1932,1936,5,16
1219,10,1920,1926,7,2
9753,13,1927,1927,1,6
19508,14,1930,1931,2,6
4877,12,1927,1928,2,8
78036,16,1931,1931,1,1
19509,14,1929,1929,1,6
78037,16,1930,1930,1,1
39030,15,1933,1934,2,6
4878,12,1935,1936,2,8
2439,11,1927,1931,5,16
312248,18,1934,1934,1,1
39031,15,1932,1932,1,6
312249,18,1933,1933,1,1
19516,14,1936,1936,1,6
4879,12,1932,1934,3,8
19517,14,1935,1935,1,6
39044,15,1938,1939,2,1
19522,14,1940,1940,1,6
4880,12,1941,1946,6,8
2440,11,1947,1948,2,16
1220,10,1949,1959,11,2
610,9,1960,1972,13,15
305,8,1904,1936,33,12
312362,18,1939,1939,1,4
39045,15,1937,1937,1,1
312363,18,1938,1938,1,4
19523,14,1937,1939,3,6
156202,17,1942,1942,1,4
39050,15,1943,1943,1,1
9762,13,1944,1946,3,6
4881,12,1937,1940,4,8
156203,17,1941,1941,1,4
39051,15,1941,1942,2,1
78104,16,1945,1945,1,4
39052,15,1946,1946,1,1
9763,13,1941,1943,3,6
78105,16,1944,1944,1,4
39053,15,1944,1945,2,1
9764,13,1948,1948,1,8
2441,11,1937,1946,10,16
9765,13,1947,1947,1,8
4884,12,1950,1953,4,8
2442,11,1954,1959,6,16
1221,10,1937,1948,12,2
19540,14,1951,1952,2,1
9770,13,1953,1953,1,6
4885,12,1949,1949,1,8
2501310,21,1952,1952,1,4
19541,14,1950,1950,1,1
2501311,21,1951,1951,1,4
9771,13,1950,1952,3,6
9772,13,1955,1955,1,6
4886,12,1956,1959,4,8
2443,11,1949,1953,5,16
9773,13,1954,1954,1,6
78192,16,1957,1957,1,1
9774,13,1958,1959,2,6
4887,12,1954,1955,2,8
78193,16,1956,1956,1,1
19550,14,1959,1959,1,1
9775,13,1956,1957,2,6
19551,14,1958,1958,1,1
2444,11,1961,1962,2,16
1222,10,1963,1972,10,2
611,9,1937,1959,23,15
9782,13,1962,1962,1,8
2445,11,1960,1960,1,16
9783,13,1961,1961,1,8
4892,12,1964,1965,2,8
2446,11,1966,1972,7,16
1223,10,1960,1962,3,2
19574,14,1965,1965,1,6
4893,12,1963,1963,1,8
19575,14,1964,1964,1,6
9788,13,1967,1969,3,6
4894,12,1970,1972,3,8
2447,11,1963,1965,3,16
19578,14,1968,1969,2,1
9789,13,1966,1966,1,6
39158,15,1969,1969,1,4
19579,14,1967,1967,1,1
39159,15,1968,1968,1,4
19582,14,1971,1972,2,6
4895,12,1966,1969,4,8
39166,15,1972,1972,1,1
19583,14,1970,1970,1,6
39167,15,1971,1971,1,1
9792,13,1974,1975,2,6
4896,12,1976,1976,1,8
2448,11,1977,1980,4,16
1224,10,1981,1992,12,2
612,9,1993,2004,12,15
306,8,2005,2033,29,12
153,7,1904,1972,69,7
19586,14,1975,1975,1,1
9793,13,1973,1973,1,6
19587,14,1974,1974,1,1
4897,12,1973,1975,3,8
9796,13,1978,1978,1,6
4898,12,1979,1980,2,8
2449,11,1973,1976,4,16
9797,13,1977,1977,1,6
9798,13,1980,1980,1,6
4899,12,1977,1978,2,8
9799,13,1979,1979,1,6
19600,14,1982,1982,1,6
9800,13,1983,1983,1,8
2450,11,1984,1992,9,16
1225,10,1973,1980,8,2
19601,14,1981,1981,1,6
9801,13,1981,1982,2,8
19608,14,1985,1985,1,6
4902,12,1986,1992,7,8
2451,11,1981,1983,3,16
19609,14,1984,1984,1,6
19612,14,1987,1988,2,1
9806,13,1989,1992,4,6
4903,12,1984,1985,2,8
39226,15,1988,1988,1,4
19613,14,1986,1986,1,1
39227,15,1987,1987,1,4
78458,16,1990,1991,2,4
19614,14,1992,1992,1,1
9807,13,1986,1988,3,6
2510700,21,1991,1991,1,17
78459,16,1989,1989,1,4
2510701,21,1990,1990,1,17
19615,14,1989,1991,3,1
19616,14,1994,1994,1,8
2452,11,1995,2001,7,16
1226,10,2002,2004,3,2
613,9,1973,1992,20,15
19617,14,1993,1993,1,8
19624,14,1996,1996,1,1
9812,13,1997,1997,1,6
4906,12,1998,2001,4,8
2453,11,1993,1994,2,16
19625,14,1995,1995,1,1
9813,13,1995,1996,2,6
78514,16,1999,1999,1,1
9814,13,2000,2001,2,6
4907,12,1995,1997,3,8
78515,16,1998,1998,1,1
78524,16,2001,2001,1,1
9815,13,1998,1999,2,6
78525,16,2000,2000,1,1
4908,12,2003,2003,1,8
2454,11,2004,2004,1,16
1227,10,1993,2001,9,2
4909,12,2002,2002,1,8
2455,11,2002,2003,2,16
9824,13,2006,2006,1,6
4912,12,2007,2008,2,8
2456,11,2009,2012,4,16
1228,10,2013,2019,7,2
614,9,2020,2033,14,15
307,8,1973,2004,32,12
9825,13,2005,2005,1,6
19654,14,2008,2008,1,6
4913,12,2005,2006,2,8
19655,14,2007,2007,1,6
9828,13,2010,2011,2,6
4914,12,2012,2012,1,8
2457,11,2005,2008,4,16
19658,14,2011,2011,1,1
9829,13,2009,2009,1,6
19659,14,2010,2010,1,1
4915,12,2009,2011,3,8
9832,13,2014,2015,2,6
4916,12,2016,2018,3,8
2458,11,2019,2019,1,16
1229,10,2005,2012,8,2
19666,14,2015,2015,1,1
9833,13,2013,2013,1,6
19667,14,2014,2014,1,1
9834,13,2017,2018,2,6
4917,12,2013,2015,3,8
19670,14,2018,2018,1,1
9835,13,2016,2016,1,6
19671,14,2017,2017,1,1
2459,11,2013,2018,6,16
9840,13,2021,2022,2,6
4920,12,2023,2023,1,8
2460,11,2024,2028,5,16
1230,10,2029,2033,5,2
615,9,2005,2019,15,15
39366,15,2022,2022,1,1
9841,13,2020,2020,1,6
39367,15,2021,2021,1,1
4921,12,2020,2022,3,8
19690,14,2025,2026,2,6
4922,12,2027,2028,2,8
2461,11,2020,2023,4,16
39382,15,2026,2026,1,1
19691,14,2024,2024,1,6
39383,15,2025,2025,1,1
9846,13,2028,2028,1,6
4923,12,2024,2026,3,8
9847,13,2027,2027,1,6
4924,12,2030,2031,2,8
2462,11,2032,2033,2,16
1231,10,2020,2028,9,2
19700,14,2031,2031,1,6
4925,12,2029,2029,1,8
19701,14,2030,2030,1,6
4926,12,2033,2033,1,8
2463,11,2029,2031,3,16
4927,12,2032,2032,1,8
4928,12,2035,2039,5,8
2464,11,2040,2043,4,16
1232,10,2044,2056,13,2
616,9,2057,2079,23,15
308,8,2080,2127,48,12
154,7,2128,2207,80,7
77,6,1904,2033,130,3
9858,13,2036,2039,4,6
4929,12,2034,2034,1,8
19718,14,2037,2039,3,1
9859,13,2035,2035,1,6
78878,16,2038,2039,2,4
19719,14,2036,2036,1,1
157758,17,2039,2039,1,17
78879,16,2037,2037,1,4
157759,17,2038,2038,1,17
19720,14,2041,2041,1,6
4930,12,2042,2043,2,8
2465,11,2034,2039,6,16
19721,14,2040,2040,1,6
19726,14,2043,2043,1,6
4931,12,2040,2041,2,8
19727,14,2042,2042,1,6
19728,14,2045,2046,2,6
4932,12,2047,2052,6,8
2466,11,2053,2056,4,16
1233,10,2034,2043,10,2
39458,15,2046,2046,1,1
19729,14,2044,2044,1,6
39459,15,2045,2045,1,1
78930,16,2048,2048,1,1
9866,13,2049,2052,4,6
4933,12,2044,2046,3,8
78931,16,2047,2047,1,1
78936,16,2050,2050,1,4
39468,15,2051,2052,2,1
9867,13,2047,2048,2,6
78937,16,2049,2049,1,4
78938,16,2052,2052,1,4
39469,15,2049,2050,2,1
78939,16,2051,2051,1,4
4934,12,2054,2056,3,8
2467,11,2044,2052,9,16
9870,13,2055,2056,2,6
4935,12,2053,2053,1,8
39486,15,2056,2056,1,1
9871,13,2054,2054,1,6
39487,15,2055,2055,1,1
9872,13,2058,2060,3,6
4936,12,2061,2063,3,8
2468,11,2064,2071,8,16
1234,10,2072,2079,8,2
617,9,2034,2056,23,15
19746,14,2059,2060,2,1
9873,13,2057,2057,1,6
39494,15,2060,2060,1,4
19747,14,2058,2058,1,1
39495,15,2059,2059,1,4
39496,15,2062,2062,1,1
9874,13,2063,2063,1,6
4937,12,2057,2060,4,8
39497,15,2061,2061,1,1
9875,13,2061,2062,2,6
9876,13,2065,2067,3,6
4938,12,2068,2071,4,8
2469,11,2057,2063,7,16
79016,16,2066,2066,1,4
19754,14,2067,2067,1,1
9877,13,2064,2064,1,6
79017,16,2065,2065,1,4
19755,14,2065,2066,2,1
316096,18,2069,2069,1,4
79024,16,2070,2070,1,1
9878,13,2071,2071,1,6
4939,12,2064,2067,4,8
316097,18,2068,2068,1,4
79025,16,2068,2069,2,1
9879,13,2068,2070,3,6
4940,12,2073,2074,2,8
2470,11,2075,2079,5,16
1235,10,2057,2071,15,2
632556,19,2074,2074,1,6
4941,12,2072,2072,1,8
632557,19,2073,2073,1,6
19768,14,2076,2077,2,6
4942,12,2078,2079,2,8
2471,11,2072,2074,3,16
158156,17,2077,2077,1,1
19769,14,2075,2075,1,6
158157,17,2076,2076,1,1
79088,16,2079,2079,1,6
4943,12,2075,2077,3,8
79089,16,2078,2078,1,6
19776,14,2081,2081,1,1
9888,13,2082,2082,1,6
4944,12,2083,2084,2,8
2472,11,2085,2093,9,16
1236,10,2094,2108,15,2
618,9,2109,2127,19,15
309,8,2034,2079,46,12
19777,14,2080,2080,1,1
9889,13,2080,2081,2,6
9890,13,2084,2084,1,6
4945,12,2080,2082,3,8
9891,13,2083,2083,1,6
9892,13,2086,2088,3,6
4946,12,2089,2093,5,8
2473,11,2080,2084,5,16
39572,15,2087,2087,1,4
19786,14,2088,2088,1,1
9893,13,2085,2085,1,6
39573,15,2086,2086,1,4
19787,14,2086,2087,2,1
19788,14,2090,2093,4,6
4947,12,2085,2088,4,8
39578,15,2091,2093,3,1
19789,14,2089,2089,1,6
316636,18,2092,2092,1,17
158318,17,2093,2093,1,4
39579,15,2090,2090,1,1
316637,18,2091,2091,1,17
158319,17,2091,2092,2,4
79170,16,2095,2095,1,1
9896,13,2096,2098,3,6
4948,12,2099,2100,2,8
2474,11,2101,2108,8,16
1237,10,2080,2093,14,2
79171,16,2094,2094,1,1
39588,15,2097,2097,1,4
19794,14,2098,2098,1,1
9897,13,2094,2095,2,6
39589,15,2096,2096,1,4
19795,14,2096,2097,2,1
9898,13,2100,2100,1,6
4949,12,2094,2098,5,8
9899,13,2099,2099,1,6
9900,13,2102,2103,2,6
4950,12,2104,2108,5,8
2475,11,2094,2100,7,16
19802,14,2103,2103,1,1
9901,13,2101,2101,1,6
19803,14,2102,2102,1,1
39608,15,2105,2105,1,4
19804,14,2106,2107,2,1
9902,13,2108,2108,1,6
4951,12,2101,2103,3,8
39609,15,2104,2104,1,4
158442,17,2107,2107,1,4
19805,14,2104,2105,2,1
158443,17,2106,2106,1,4
9903,13,2104,2107,4,6
9904,13,2110,2112,3,6
4952,12,2113,2114,2,8
2476,11,2115,2118,4,16
1238,10,2119,2127,9,2
619,9,2080,2108,29,15
39620,15,2111,2111,1,4
19810,14,2112,2112,1,1
9905,13,2109,2109,1,6
39621,15,2110,2110,1,4
19811,14,2110,2111,2,1
9906,13,2114,2114,1,6
4953,12,2109,2112,4,8
9907,13,2113,2113,1,6
19816,14,2116,2116,1,6
4954,12,2117,2118,2,8
2477,11,2109,2114,6,16
19817,14,2115,2115,1,6
9910,13,2118,2118,1,6
4955,12,2115,2116,2,8
9911,13,2117,2117,1,6
9912,13,2120,2121,2,6
4956,12,2122,2123,2,8
2478,11,2124,2127,4,16
1239,10,2109,2118,10,2
158612,17,2121,2121,1,1
9913,13,2119,2119,1,6
158613,17,2120,2120,1,1
9914,13,2123,2123,1,6
4957,12,2119,2121,3,8
9915,13,2122,2122,1,6
39666,15,2125,2126,2,6
9916,13,2127,2127,1,8
2479,11,2119,2123,5,16
79334,16,2126,2126,1,1
39667,15,2124,2124,1,6
79335,16,2125,2125,1,1
9917,13,2124,2126,3,8
79360,16,2129,2129,1,1
19840,14,2130,2131,2,6
4960,12,2132,2136,5,8
2480,11,2137,2142,6,16
1240,10,2143,2148,6,2
620,9,2149,2172,24,15
310,8,2173,2207,35,12
155,7,2034,2127,94,7
79361,16,2128,2128,1,1
39682,15,2131,2131,1,1
19841,14,2128,2129,2,6
39683,15,2130,2130,1,1
39688,15,2133,2133,1,4
19844,14,2134,2134,1,1
9922,13,2135,2136,2,6
4961,12,2128,2131,4,8
39689,15,2132,2132,1,4
19845,14,2132,2133,2,1
19846,14,2136,2136,1,1
9923,13,2132,2134,3,6
19847,14,2135,2135,1,1
19850,14,2138,2140,3,6
4962,12,2141,2142,2,8
2481,11,2128,2136,9,16
39702,15,2139,2140,2,1
19851,14,2137,2137,1,6
79406,16,2140,2140,1,4
39703,15,2138,2138,1,1
79407,16,2139,2139,1,4
9926,13,2142,2142,1,6
4963,12,2137,2140,4,8
9927,13,2141,2141,1,6
19860,14,2144,2144,1,6
9930,13,2145,2145,1,8
2482,11,2146,2148,3,16
1241,10,2128,2142,15,2
19861,14,2143,2143,1,6
9931,13,2143,2144,2,8
4966,12,2147,2148,2,8
2483,11,2143,2145,3,16
19870,14,2148,2148,1,6
4967,12,2146,2146,1,8
19871,14,2147,2147,1,6
19872,14,2150,2151,2,1
9936,13,2152,2152,1,6
4968,12,2153,2155,3,8
2484,11,2156,2159,4,16
1242,10,2160,2172,13,2
621,9,2128,2148,21,15
39746,15,2151,2151,1,4
19873,14,2149,2149,1,1
39747,15,2150,2150,1,4
9937,13,2149,2151,3,6
318028,18,2154,2154,1,1
9938,13,2155,2155,1,6
4969,12,2149,2152,4,8
318029,18,2153,2153,1,1
9939,13,2153,2154,2,6
19882,14,2157,2157,1,6
4970,12,2158,2159,2,8
2485,11,2149,2155,7,16
19883,14,2156,2156,1,6
9942,13,2159,2159,1,6
4971,12,2156,2157,2,8
9943,13,2158,2158,1,6
159114,17,2161,2161,1,1
9944,13,2162,2163,2,6
4972,12,2164,2165,2,8
2486,11,2166,2172,7,16
1243,10,2149,2159,11,2
159115,17,2160,2160,1,1
19890,14,2163,2163,1,1
9945,13,2160,2161,2,6
19891,14,2162,2162,1,1
9946,13,2165,2165,1,6
4973,12,2160,2163,4,8
9947,13,2164,2164,1,6
19896,14,2167,2167,1,1
9948,13,2168,2168,1,6
4974,12,2169,2172,4,8
2487,11,2160,2165,6,16
19897,14,2166,2166,1,1
9949,13,2166,2167,2,6
9950,13,2170,2172,3,6
4975,12,2166,2168,3,8
79608,16,2171,2171,1,4
19902,14,2172,2172,1,1
9951,13,2169,2169,1,6
79609,16,2170,2170,1,4
19903,14,2170,2171,2,1
9952,13,2174,2175,2,6
4976,12,2176,2178,3,8
2488,11,2179,2182,4,16
1244,10,2183,2190,8,2
622,9,2191,2207,17,15
311,8,2128,2172,45,12
39812,15,2175,2175,1,1
9953,13,2173,2173,1,6
39813,15,2174,2174,1,1
19908,14,2177,2177,1,1
9954,13,2178,2178,1,6
4977,12,2173,2175,3,8
19909,14,2176,2176,1,1
9955,13,2176,2177,2,6
9956,13,2180,2181,2,6
4978,12,2182,2182,1,8
2489,11,2173,2178,6,16
39828,15,2181,2181,1,1
9957,13,2179,2179,1,6
39829,15,2180,2180,1,1
4979,12,2179,2181,3,8
79692,16,2184,2184,1,6
4980,12,2185,2186,2,8
2490,11,2187,2190,4,16
1245,10,2173,2182,10,2
79693,16,2183,2183,1,6
19926,14,2186,2186,1,6
4981,12,2183,2184,2,8
19927,14,2185,2185,1,6
4982,12,2188,2190,3,8
2491,11,2183,2186,4,16
9966,13,2189,2190,2,6
4983,12,2187,2187,1,8
19934,14,2190,2190,1,1
9967,13,2188,2188,1,6
19935,14,2189,2189,1,1
4984,12,2192,2196,5,8
2492,11,2197,2200,4,16
1246,10,2201,2207,7,2
623,9,2173,2190,18,15
19940,14,2193,2194,2,1
9970,13,2195,2196,2,6
4985,12,2191,2191,1,8
79764,16,2194,2194,1,4
19941,14,2192,2192,1,1
79765,16,2193,2193,1,4
159542,17,2196,2196,1,1
9971,13,2192,2194,3,6
159543,17,2195,2195,1,1
9972,13,2198,2199,2,6
4986,12,2200,2200,1,8
2493,11,2191,2196,6,16
19946,14,2199,2199,1,1
9973,13,2197,2197,1,6
19947,14,2198,2198,1,1
4987,12,2197,2199,3,8
4988,12,2202,2202,1,8
2494,11,2203,2207,5,16
1247,10,2191,2200,10,2
4989,12,2201,2201,1,8
4990,12,2204,2207,4,8
2495,11,2201,2202,2,16
39928,15,2205,2205,1,1
19964,14,2206,2207,2,6
4991,12,2203,2203,1,8
39929,15,2204,2204,1,1
39930,15,2207,2207,1,1
19965,14,2204,2205,2,6
39931,15,2206,2206,1,1
19968,14,2209,2209,1,1
9984,13,2210,2210,1,6
4992,12,2211,2213,3,8
2496,11,2214,2218,5,16
1248,10,2219,2221,3,2
624,9,2222,2246,25,15
312,8,2247,2272,26,12
156,7,2273,2346,74,7
78,6,2347,2493,147,3
39,5,1904,2207,304,11
19969,14,2208,2208,1,1
9985,13,2208,2209,2,6
9986,13,2212,2213,2,6
4993,12,2208,2210,3,8
39948,15,2213,2213,1,1
9987,13,2211,2211,1,6
39949,15,2212,2212,1,1
319662,18,2215,2215,1,6
4994,12,2216,2218,3,8
2497,11,2208,2213,6,16
319663,18,2214,2214,1,6
19980,14,2217,2217,1,1
9990,13,2218,2218,1,6
4995,12,2214,2215,2,8
19981,14,2216,2216,1,1
9991,13,2216,2217,2,6
2498,11,2220,2221,2,16
1249,10,2208,2218,11,2
4998,12,2221,2221,1,8
2499,11,2219,2219,1,16
4999,12,2220,2220,1,8
160000,17,2223,2223,1,1
20000,14,2224,2224,1,6
5000,12,2225,2227,3,8
2500,11,2228,2230,3,16
1250,10,2231,2246,16,2
625,9,2208,2221,14,15
160001,17,2222,2222,1,1
20001,14,2222,2223,2,6
20004,14,2226,2226,1,1
10002,13,2227,2227,1,6
5001,12,2222,2224,3,8
20005,14,2225,2225,1,1
10003,13,2225,2226,2,6
20010,14,2229,2229,1,6
5002,12,2230,2230,1,8
2501,11,2222,2227,6,16
20011,14,2228,2228,1,6
5003,12,2228,2229,2,8
20018,14,2232,2232,1,6
5004,12,2233,2237,5,8
2502,11,2238,2246,9,16
1251,10,2222,2230,9,2
20019,14,2231,2231,1,6
20501492,24,2234,2234,1,4
20020,14,2235,2235,1,1
10010,13,2236,2237,2,6
5005,12,2231,2232,2,8
20501493,24,2233,2233,1,4
20021,14,2233,2234,2,1
80090,16,2237,2237,1,1
10011,13,2233,2235,3,6
80091,16,2236,2236,1,1
20024,14,2239,2241,3,1
10012,13,2242,2243,2,6
5006,12,2244,2246,3,8
2503,11,2231,2237,7,16
40050,15,2240,2241,2,4
20025,14,2238,2238,1,1
160206,17,2241,2241,1,17
40051,15,2239,2239,1,4
160207,17,2240,2240,1,17
20026,14,2243,2243,1,1
10013,13,2238,2241,4,6
20027,14,2242,2242,1,1
20028,14,2245,2246,2,6
5007,12,2238,2243,6,8
40058,15,2246,2246,1,1
20029,14,2244,2244,1,6
40059,15,2245,2245,1,1
5008,12,2248,2249,2,8
2504,11,2250,2253,4,16
1252,10,2254,2259,6,2
626,9,2260,2272,13,15
313,8,2208,2246,39,12
40072,15,2249,2249,1,6
5009,12,2247,2247,1,8
40073,15,2248,2248,1,6
10020,13,2251,2251,1,6
5010,12,2252,2253,2,8
2505,11,2247,2249,3,16
10021,13,2250,2250,1,6
80184,16,2253,2253,1,6
5011,12,2250,2251,2,8
80185,16,2252,2252,1,6
10024,13,2255,2256,2,6
5012,12,2257,2257,1,8
2506,11,2258,2259,2,16
1253,10,2247,2253,7,2
20050,14,2256,2256,1,1
10025,13,2254,2254,1,6
20051,14,2255,2255,1,1
5013,12,2254,2256,3,8
20060,14,2259,2259,1,8
2507,11,2254,2257,4,16
20061,14,2258,2258,1,8
5016,12,2261,2261,1,8
2508,11,2262,2265,4,16
1254,10,2266,2272,7,2
627,9,2247,2259,13,15
5017,12,2260,2260,1,8
10036,13,2263,2263,1,6
5018,12,2264,2265,2,8
2509,11,2260,2261,2,16
10037,13,2262,2262,1,6
10038,13,2265,2265,1,6
5019,12,2262,2263,2,8
10039,13,2264,2264,1,6
80330,16,2267,2267,1,6
5020,12,2268,2270,3,8
2510,11,2271,2272,2,16
1255,10,2260,2265,6,2
80331,16,2266,2266,1,6
20084,14,2269,2270,2,6
5021,12,2266,2267,2,8
40170,15,2270,2270,1,1
20085,14,2268,2268,1,6
40171,15,2269,2269,1,1
40178,15,2272,2272,1,8
2511,11,2266,2270,5,16
40179,15,2271,2271,1,8
20096,14,2274,2274,1,1
10048,13,2275,2275,1,6
5024,12,2276,2277,2,8
2512,11,2278,2281,4,16
1256,10,2282,2292,11,2
628,9,2293,2308,16,15
314,8,2309,2346,38,12
157,7,2208,2272,65,7
20097,14,2273,2273,1,1
10049,13,2273,2274,2,6
10050,13,2277,2277,1,6
5025,12,2273,2275,3,8
10051,13,2276,2276,1,6
5026,12,2279,2281,3,8
2513,11,2273,2277,5,16
10054,13,2280,2281,2,6
5027,12,2278,2278,1,8
20110,14,2281,2281,1,1
10055,13,2279,2279,1,6
20111,14,2280,2280,1,1
20116,14,2283,2283,1,8
2514,11,2284,2292,9,16
1257,10,2273,2281,9,2
20117,14,2282,2282,1,8
20120,14,2285,2286,2,1
10060,13,2287,2289,3,6
5030,12,2290,2292,3,8
2515,11,2282,2283,2,16
40242,15,2286,2286,1,4
20121,14,2284,2284,1,1
40243,15,2285,2285,1,4
20122,14,2288,2289,2,1
10061,13,2284,2286,3,6
40246,15,2289,2289,1,4
20123,14,2287,2287,1,1
40247,15,2288,2288,1,4
20124,14,2291,2291,1,1
10062,13,2292,2292,1,6
5031,12,2284,2289,6,8
20125,14,2290,2290,1,1
10063,13,2290,2291,2,6
5032,12,2294,2297,4,8
2516,11,2298,2300,3,16
1258,10,2301,2308,8,2
629,9,2273,2292,20,15
10066,13,2295,2297,3,6
5033,12,2293,2293,1,8
80538,16,2296,2296,1,4
20134,14,2297,2297,1,1
10067,13,2294,2294,1,6
80539,16,2295,2295,1,4
20135,14,2295,2296,2,1
10068,13,2299,2299,1,6
5034,12,2300,2300,1,8
2517,11,2293,2297,5,16
10069,13,2298,2298,1,6
5035,12,2298,2299,2,8
40290,15,2302,2302,1,1
10072,13,2303,2305,3,6
5036,12,2306,2306,1,8
2518,11,2307,2308,2,16
1259,10,2293,2300,8,2
40291,15,2301,2301,1,1
20146,14,2304,2305,2,1
10073,13,2301,2302,2,6
40294,15,2305,2305,1,4
20147,14,2303,2303,1,1
40295,15,2304,2304,1,4
5037,12,2301,2305,5,8
20158,14,2308,2308,1,8
2519,11,2301,2306,6,16
20159,14,2307,2307,1,8
20162,14,2310,2310,1,6
5040,12,2311,2314,4,8
2520,11,2315,2315,1,16
1260,10,2316,2326,11,2
630,9,2327,2346,20,15
315,8,2273,2308,36,12
20163,14,2309,2309,1,6
10082,13,2312,2314,3,6
5041,12,2309,2310,2,8
80664,16,2313,2313,1,4
20166,14,2314,2314,1,1
10083,13,2311,2311,1,6
80665,16,2312,2312,1,4
20167,14,2312,2313,2,1
2521,11,2309,2314,6,16
10088,13,2317,2318,2,6
5044,12,2319,2320,2,8
2522,11,2321,2326,6,16
1261,10,2309,2315,7,2
40356,15,2318,2318,1,1
10089,13,2316,2316,1,6
40357,15,2317,2317,1,1
10090,13,2320,2320,1,6
5045,12,2316,2318,3,8
10091,13,2319,2319,1,6
80746,16,2322,2322,1,1
20186,14,2323,2324,2,6
5046,12,2325,2326,2,8
2523,11,2316,2320,5,16
80747,16,2321,2321,1,1
80748,16,2324,2324,1,1
20187,14,2321,2322,2,6
80749,16,2323,2323,1,1
323070,18,2326,2326,1,6
5047,12,2321,2324,4,8
323071,18,2325,2325,1,6
20192,14,2328,2328,1,6
10096,13,2329,2329,1,8
5048,12,2330,2333,4,16
1262,10,2334,2346,13,2
631,9,2309,2326,18,15
20193,14,2327,2327,1,6
10097,13,2327,2328,2,8
161570,17,2331,2331,1,6
20196,14,2332,2333,2,8
5049,12,2327,2329,3,16
161571,17,2330,2330,1,6
40394,15,2333,2333,1,6
20197,14,2330,2331,2,8
40395,15,2332,2332,1,6
10104,13,2335,2336,2,6
5052,12,2337,2340,4,8
2526,11,2341,2346,6,16
1263,10,2327,2333,7,2
20210,14,2336,2336,1,1
10105,13,2334,2334,1,6
20211,14,2335,2335,1,1
40426,15,2338,2339,2,1
10106,13,2340,2340,1,6
5053,12,2334,2336,3,8
80854,16,2339,2339,1,4
40427,15,2337,2337,1,1
80855,16,2338,2338,1,4
10107,13,2337,2339,3,6
40432,15,2342,2342,1,1
10108,13,2343,2343,1,6
5054,12,2344,2346,3,8
2527,11,2334,2340,7,16
40433,15,2341,2341,1,1
10109,13,2341,2342,2,6
161766,17,2345,2345,1,1
20220,14,2346,2346,1,6
5055,12,2341,2343,3,8
161767,17,2344,2344,1,1
20221,14,2344,2345,2,6
40448,15,2348,2348,1,4
20224,14,2349,2349,1,1
10112,13,2350,2351,2,6
5056,12,2352,2353,2,8
2528,11,2354,2356,3,16
1264,10,2357,2369,13,2
632,9,2370,2394,25,15
316,8,2395,2426,32,12
158,7,2427,2493,67,7
79,6,2208,2346,139,3
40449,15,2347,2347,1,4
20225,14,2347,2348,2,1
20226,14,2351,2351,1,1
10113,13,2347,2349,3,6
20227,14,2350,2350,1,1
20230,14,2353,2353,1,6
5057,12,2347,2351,5,8
20231,14,2352,2352,1,6
20234,14,2355,2355,1,6
5058,12,2356,2356,1,8
2529,11,2347,2353,7,16
20235,14,2354,2354,1,6
5059,12,2354,2355,2,8
5060,12,2358,2361,4,8
2530,11,2362,2369,8,16
1265,10,2347,2356,10,2
10122,13,2359,2361,3,6
5061,12,2357,2357,1,8
5183094,22,2360,2360,1,4
20246,14,2361,2361,1,1
10123,13,2358,2358,1,6
5183095,22,2359,2359,1,4
20247,14,2359,2360,2,1
20248,14,2363,2364,2,1
10124,13,2365,2367,3,6
5062,12,2368,2369,2,8
2531,11,2357,2361,5,16
80996,16,2364,2364,1,4
20249,14,2362,2362,1,1
80997,16,2363,2363,1,4
20250,14,2366,2367,2,1
10125,13,2362,2364,3,6
40502,15,2367,2367,1,4
20251,14,2365,2365,1,1
40503,15,2366,2366,1,4
1296300,20,2369,2369,1,6
5063,12,2362,2367,6,8
1296301,20,2368,2368,1,6
10128,13,2371,2371,1,6
5064,12,2372,2375,4,8
2532,11,2376,2381,6,16
1266,10,2382,2394,13,2
633,9,2347,2369,23,15
10129,13,2370,2370,1,6
10130,13,2373,2375,3,6
5065,12,2370,2371,2,8
20262,14,2374,2375,2,1
10131,13,2372,2372,1,6
81054,16,2375,2375,1,4
20263,14,2373,2373,1,1
81055,16,2374,2374,1,4
10132,13,2377,2379,3,6
5066,12,2380,2381,2,8
2533,11,2370,2375,6,16
40532,15,2378,2379,2,1
10133,13,2376,2376,1,6
81066,16,2379,2379,1,4
40533,15,2377,2377,1,1
81067,16,2378,2378,1,4
10134,13,2381,2381,1,6
5067,12,2376,2379,4,8
10135,13,2380,2380,1,6
162184,17,2383,2383,1,1
10136,13,2384,2386,3,6
5068,12,2387,2389,3,8
2534,11,2390,2394,5,16
1267,10,2370,2381,12,2
162185,17,2382,2382,1,1
40548,15,2385,2385,1,4
20274,14,2386,2386,1,1
10137,13,2382,2383,2,6
40549,15,2384,2384,1,4
20275,14,2384,2385,2,1
40556,15,2388,2388,1,1
20278,14,2389,2389,1,6
5069,12,2382,2386,5,8
40557,15,2387,2387,1,1
20279,14,2387,2388,2,6
162262,17,2391,2391,1,6
5070,12,2392,2394,3,8
2535,11,2382,2389,8,16
162263,17,2390,2390,1,6
40568,15,2393,2393,1,1
10142,13,2394,2394,1,6
5071,12,2390,2391,2,8
40569,15,2392,2392,1,1
10143,13,2392,2393,2,6
5072,12,2396,2397,2,8
2536,11,2398,2402,5,16
1268,10,2403,2408,6,2
634,9,2409,2426,18,15
317,8,2347,2394,48,12
10146,13,2397,2397,1,6
5073,12,2395,2395,1,8
10147,13,2396,2396,1,6
81192,16,2399,2399,1,6
5074,12,2400,2402,3,8
2537,11,2395,2397,3,16
81193,16,2398,2398,1,6
10150,13,2401,2402,2,6
5075,12,2398,2399,2,8
40606,15,2402,2402,1,1
10151,13,2400,2400,1,6
40607,15,2401,2401,1,1
10152,13,2404,2404,1,6
5076,12,2405,2406,2,8
2538,11,2407,2408,2,16
1269,10,2395,2402,8,2
10153,13,2403,2403,1,6
324946,18,2406,2406,1,6
5077,12,2403,2404,2,8
324947,18,2405,2405,1,6
10156,13,2408,2408,1,8
2539,11,2403,2406,4,16
10157,13,2407,2407,1,8
5080,12,2410,2410,1,8
2540,11,2411,2414,4,16
1270,10,2415,2426,12,2
635,9,2395,2408,14,15
5081,12,2409,2409,1,8
10164,13,2412,2412,1,6
5082,12,2413,2414,2,8
2541,11,2409,2410,2,16
10165,13,2411,2411,1,6
10166,13,2414,2414,1,6
5083,12,2411,2412,2,8
10167,13,2413,2413,1,6
40672,15,2416,2416,1,1
20336,14,2417,2417,1,6
5084,12,2418,2420,3,8
2542,11,2421,2426,6,16
1271,10,2409,2414,6,2
40673,15,2415,2415,1,1
20337,14,2415,2416,2,6
81362,16,2419,2419,1,1
20340,14,2420,2420,1,6
5085,12,2415,2417,3,8
81363,16,2418,2418,1,1
20341,14,2418,2419,2,6
162760,17,2422,2422,1,1
10172,13,2423,2423,1,6
5086,12,2424,2426,3,8
2543,11,2415,2420,6,16
162761,17,2421,2421,1,1
10173,13,2421,2422,2,6
20348,14,2425,2425,1,1
10174,13,2426,2426,1,6
5087,12,2421,2423,3,8
20349,14,2424,2424,1,1
10175,13,2424,2425,2,6
40706,15,2428,2429,2,1
10176,13,2430,2432,3,6
5088,12,2433,2437,5,8
2544,11,2438,2442,5,16
1272,10,2443,2445,3,2
636,9,2446,2459,14,15
318,8,2460,2493,34,12
159,7,2347,2426,80,7
81414,16,2429,2429,1,4
40707,15,2427,2427,1,1
81415,16,2428,2428,1,4
40708,15,2431,2431,1,4
20354,14,2432,2432,1,1
10177,13,2427,2429,3,6
40709,15,2430,2430,1,4
20355,14,2430,2431,2,1
10178,13,2434,2437,4,6
5089,12,2427,2432,6,8
40716,15,2435,2435,1,4
20358,14,2436,2437,2,1
10179,13,2433,2433,1,6
40717,15,2434,2434,1,4
40718,15,2437,2437,1,4
20359,14,2434,2435,2,1
40719,15,2436,2436,1,4
20360,14,2439,2439,1,6
5090,12,2440,2442,3,8
2545,11,2427,2437,11,16
20361,14,2438,2438,1,6
40730,15,2441,2441,1,1
10182,13,2442,2442,1,6
5091,12,2438,2439,2,8
40731,15,2440,2440,1,1
10183,13,2440,2441,2,6
2546,11,2444,2445,2,16
1273,10,2427,2442,16,2
5094,12,2445,2445,1,8
2547,11,2443,2443,1,16
5095,12,2444,2444,1,8
81540,16,2447,2447,1,1
10192,13,2448,2449,2,6
5096,12,2450,2450,1,8
2548,11,2451,2454,4,16
1274,10,2455,2459,5,2
637,9,2427,2445,19,15
81541,16,2446,2446,1,1
20386,14,2449,2449,1,1
10193,13,2446,2447,2,6
20387,14,2448,2448,1,1
5097,12,2446,2449,4,8
10196,13,2452,2452,1,6
5098,12,2453,2454,2,8
2549,11,2446,2450,5,16
10197,13,2451,2451,1,6
20398,14,2454,2454,1,6
5099,12,2451,2452,2,8
20399,14,2453,2453,1,6
5100,12,2456,2456,1,8
2550,11,2457,2459,3,16
1275,10,2446,2454,9,2
5101,12,2455,2455,1,8
10204,13,2458,2459,2,8
2551,11,2455,2456,2,16
81646,16,2459,2459,1,6
10205,13,2457,2457,1,8
81647,16,2458,2458,1,6
163336,17,2461,2461,1,17
81668,16,2462,2462,1,4
40834,15,2463,2463,1,1
10208,13,2464,2465,2,6
5104,12,2466,2466,1,8
2552,11,2467,2468,2,16
1276,10,2469,2475,7,2
638,9,2476,2493,18,15
319,8,2427,2459,33,12
163337,17,2460,2460,1,17
81669,16,2460,2461,2,4
40835,15,2460,2462,3,1
40838,15,2465,2465,1,1
10209,13,2460,2463,4,6
40839,15,2464,2464,1,1
5105,12,2460,2465,6,8
10212,13,2468,2468,1,8
2553,11,2460,2466,7,16
10213,13,2467,2467,1,8
40868,15,2470,2470,1,6
5108,12,2471,2472,2,8
2554,11,2473,2475,3,16
1277,10,2460,2468,9,2
40869,15,2469,2469,1,6
10218,13,2472,2472,1,6
5109,12,2469,2470,2,8
10219,13,2471,2471,1,6
40880,15,2474,2474,1,6
10220,13,2475,2475,1,8
2555,11,2469,2472,4,16
40881,15,2473,2473,1,6
10221,13,2473,2474,2,8
5112,12,2477,2479,3,8
2556,11,2480,2484,5,16
1278,10,2485,2493,9,2
639,9,2460,2475,16,15
10226,13,2478,2479,2,6
5113,12,2476,2476,1,8
40908,15,2479,2479,1,1
10227,13,2477,2477,1,6
40909,15,2478,2478,1,1
81840,16,2481,2481,1,1
20460,14,2482,2483,2,6
10230,13,2484,2484,1,8
2557,11,2476,2479,4,16
81841,16,2480,2480,1,1
40922,15,2483,2483,1,1
20461,14,2480,2481,2,6
40923,15,2482,2482,1,1
10231,13,2480,2483,4,8
10232,13,2486,2487,2,6
5116,12,2488,2488,1,8
2558,11,2489,2493,5,16
1279,10,2476,2484,9,2
20466,14,2487,2487,1,1
10233,13,2485,2485,1,6
20467,14,2486,2486,1,1
5117,12,2485,2487,3,8
40944,15,2490,2490,1,1
20472,14,2491,2491,1,6
5118,12,2492,2493,2,8
2559,11,2485,2488,4,16
40945,15,2489,2489,1,1
20473,14,2489,2490,2,6
10238,13,2493,2493,1,6
5119,12,2489,2491,3,8
10239,13,2492,2492,1,6
10240,13,2495,2497,3,18
5120,12,2498,2498,1,7
2560,11,2499,2500,2,2
1280,10,2501,2510,10,11
640,9,2511,2532,22,12
320,8,2533,2570,38,1
160,7,2571,2644,74,9
80,6,2645,2807,163,4
40,5,2808,3129,322,16
20,4,3130,3798,669,6
10,3,3799,5094,1296,11
5,2,0,2493,2494,10
40964,15,2496,2496,1,17
20482,14,2497,2497,1,3
10241,13,2494,2494,1,18
40965,15,2495,2495,1,17
20483,14,2495,2496,2,3
5121,12,2494,2497,4,7
10246,13,2500,2500,1,7
2561,11,2494,2498,5,2
10247,13,2499,2499,1,7
10248,13,2502,2502,1,18
5124,12,2503,2504,2,7
2562,11,2505,2510,6,2
1281,10,2494,2500,7,11
10249,13,2501,2501,1,18
10250,13,2504,2504,1,18
5125,12,2501,2502,2,7
10251,13,2503,2503,1,18
10252,13,2506,2506,1,18
5126,12,2507,2510,4,7
2563,11,2501,2504,4,2
10253,13,2505,2505,1,18
20508,14,2508,2508,1,3
10254,13,2509,2510,2,18
5127,12,2505,2506,2,7
20509,14,2507,2507,1,3
164082,17,2510,2510,1,3
10255,13,2507,2508,2,18
164083,17,2509,2509,1,3
20512,14,2512,2512,1,3
10256,13,2513,2514,2,18
5128,12,2515,2517,3,7
2564,11,2518,2521,4,2
1282,10,2522,2532,11,11
641,9,2494,2510,17,12
20513,14,2511,2511,1,3
20514,14,2514,2514,1,3
10257,13,2511,2512,2,18
20515,14,2513,2513,1,3
10258,13,2516,2517,2,18
5129,12,2511,2514,4,7
41036,15,2517,2517,1,3
10259,13,2515,2515,1,18
41037,15,2516,2516,1,3
41042,15,2519,2519,1,18
5130,12,2520,2521,2,7
2565,11,2511,2517,7,2
41043,15,2518,2518,1,18
20524,14,2521,2521,1,18
5131,12,2518,2519,2,7
20525,14,2520,2520,1,18
328458,18,2523,2523,1,17
20528,14,2524,2524,1,3
10264,13,2525,2525,1,18
5132,12,2526,2526,1,7
2566,11,2527,2532,6,2
1283,10,2511,2521,11,11
328459,18,2522,2522,1,17
20529,14,2522,2523,2,3
10265,13,2522,2524,3,18
5133,12,2522,2525,4,7
10268,13,2528,2528,1,18
5134,12,2529,2532,4,7
2567,11,2522,2526,5,2
10269,13,2527,2527,1,18
20540,14,2530,2530,1,3
10270,13,2531,2532,2,18
5135,12,2527,2528,2,7
20541,14,2529,2529,1,3
20542,14,2532,2532,1,3
10271,13,2529,2530,2,18
20543,14,2531,2531,1,3
5136,12,2534,2538,5,2
1284,10,2539,2547,9,11
642,9,2548,2570,23,12
321,8,2494,2532,39,1
20548,14,2535,2535,1,18
10274,13,2536,2538,3,7
5137,12,2533,2533,1,2
20549,14,2534,2534,1,18
41100,15,2537,2537,1,3
20550,14,2538,2538,1,18
10275,13,2534,2535,2,7
41101,15,2536,2536,1,3
20551,14,2536,2537,2,18
2570,11,2540,2547,8,2
1285,10,2533,2538,6,11
10284,13,2541,2543,3,18
5142,12,2544,2547,4,7
2571,11,2539,2539,1,2
20570,14,2542,2543,2,3
10285,13,2540,2540,1,18
82284,16,2543,2543,1,17
20571,14,2541,2541,1,3
82285,16,2542,2542,1,17
41144,15,2545,2545,1,3
10286,13,2546,2547,2,18
5143,12,2540,2543,4,7
41145,15,2544,2544,1,3
41150,15,2547,2547,1,3
10287,13,2544,2545,2,18
41151,15,2546,2546,1,3
10288,13,2549,2549,1,18
5144,12,2550,2552,3,7
2572,11,2553,2559,7,2
1286,10,2560,2570,11,11
643,9,2533,2547,15,12
10289,13,2548,2548,1,18
82322,16,2551,2551,1,3
20580,14,2552,2552,1,18
5145,12,2548,2549,2,7
82323,16,2550,2550,1,3
20581,14,2550,2551,2,18
10292,13,2554,2554,1,18
5146,12,2555,2559,5,7
2573,11,2548,2552,5,2
10293,13,2553,2553,1,18
20588,14,2556,2556,1,3
10294,13,2557,2559,3,18
5147,12,2553,2554,2,7
20589,14,2555,2555,1,3
82362,16,2558,2558,1,17
20590,14,2559,2559,1,3
10295,13,2555,2556,2,18
82363,16,2557,2557,1,17
20591,14,2557,2558,2,3
164738,17,2561,2562,2,3
20592,14,2563,2563,1,18
5148,12,2564,2567,4,7
2574,11,2568,2570,3,2
1287,10,2548,2559,12,11
658958,19,2562,2562,1,17
164739,17,2560,2560,1,3
658959,19,2561,2561,1,17
20593,14,2560,2562,3,18
20596,14,2565,2565,1,3
10298,13,2566,2567,2,18
5149,12,2560,2563,4,7
20597,14,2564,2564,1,3
41196,15,2567,2567,1,3
10299,13,2564,2565,2,18
41197,15,2566,2566,1,3
5150,12,2569,2570,2,7
2575,11,2560,2567,8,2
20606,14,2570,2570,1,18
5151,12,2568,2568,1,7
20607,14,2569,2569,1,18
164872,17,2572,2572,1,3
10304,13,2573,2574,2,18
5152,12,2575,2578,4,7
2576,11,2579,2580,2,2
1288,10,2581,2589,9,11
644,9,2590,2609,20,12
322,8,2610,2644,35,1
161,7,2494,2570,77,9
164873,17,2571,2571,1,3
20610,14,2574,2574,1,3
10305,13,2571,2572,2,18
20611,14,2573,2573,1,3
10306,13,2576,2578,3,18
5153,12,2571,2574,4,7
41228,15,2577,2578,2,3
10307,13,2575,2575,1,18
164916,17,2578,2578,1,17
41229,15,2576,2576,1,3
164917,17,2577,2577,1,17
10308,13,2580,2580,1,7
2577,11,2571,2578,8,2
10309,13,2579,2579,1,7
10312,13,2582,2582,1,18
5156,12,2583,2587,5,7
2578,11,2588,2589,2,2
1289,10,2571,2580,10,11
10313,13,2581,2581,1,18
41258,15,2584,2584,1,3
10314,13,2585,2587,3,18
5157,12,2581,2582,2,7
41259,15,2583,2583,1,3
20630,14,2586,2587,2,3
10315,13,2583,2584,2,18
82526,16,2587,2587,1,17
20631,14,2585,2585,1,3
82527,16,2586,2586,1,17
5158,12,2589,2589,1,7
2579,11,2581,2587,7,2
5159,12,2588,2588,1,7
5160,12,2591,2592,2,7
2580,11,2593,2598,6,2
1290,10,2599,2609,11,11
645,9,2571,2589,19,12
82578,16,2592,2592,1,18
5161,12,2590,2590,1,7
82579,16,2591,2591,1,18
20648,14,2594,2595,2,3
10324,13,2596,2596,1,18
5162,12,2597,2598,2,7
2581,11,2590,2592,3,2
41298,15,2595,2595,1,17
20649,14,2593,2593,1,3
41299,15,2594,2594,1,17
10325,13,2593,2595,3,18
10326,13,2598,2598,1,18
5163,12,2593,2596,4,7
10327,13,2597,2597,1,18
10328,13,2600,2601,2,18
5164,12,2602,2608,7,7
2582,11,2609,2609,1,2
1291,10,2590,2598,9,11
20658,14,2601,2601,1,3
10329,13,2599,2599,1,18
20659,14,2600,2600,1,3
82640,16,2603,2603,1,17
20660,14,2604,2605,2,3
10330,13,2606,2608,3,18
5165,12,2599,2601,3,7
82641,16,2602,2602,1,17
41322,15,2605,2605,1,17
20661,14,2602,2603,2,3
41323,15,2604,2604,1,17
330592,18,2607,2607,1,17
41324,15,2608,2608,1,3
10331,13,2602,2605,4,18
330593,18,2606,2606,1,17
41325,15,2606,2607,2,3
2583,11,2599,2608,10,2
10336,13,2611,2611,1,18
5168,12,2612,2613,2,7
2584,11,2614,2617,4,2
1292,10,2618,2624,7,11
646,9,2625,2644,20,12
323,8,2571,2609,39,1
10337,13,2610,2610,1,18
41354,15,2613,2613,1,18
5169,12,2610,2611,2,7
41355,15,2612,2612,1,18
20680,14,2615,2616,2,18
5170,12,2617,2617,1,7
2585,11,2610,2613,4,2
165452,17,2616,2616,1,3
20681,14,2614,2614,1,18
165453,17,2615,2615,1,3
5171,12,2614,2616,3,7
5172,12,2619,2619,1,7
2586,11,2620,2624,5,2
1293,10,2610,2617,8,11
5173,12,2618,2618,1,7
20696,14,2621,2621,1,3
10348,13,2622,2622,1,18
5174,12,2623,2624,2,7
2587,11,2618,2619,2,2
20697,14,2620,2620,1,3
10349,13,2620,2621,2,18
10350,13,2624,2624,1,18
5175,12,2620,2622,3,7
10351,13,2623,2623,1,18
5176,12,2626,2626,1,7
2588,11,2627,2633,7,2
1294,10,2634,2644,11,11
647,9,2610,2624,15,12
5177,12,2625,2625,1,7
82848,16,2628,2628,1,17
20712,14,2629,2629,1,3
10356,13,2630,2630,1,18
5178,12,2631,2633,3,7
2589,11,2625,2626,2,2
82849,16,2627,2627,1,17
20713,14,2627,2628,2,3
10357,13,2627,2629,3,18
41432,15,2632,2632,1,3
10358,13,2633,2633,1,18
5179,12,2627,2630,4,7
41433,15,2631,2631,1,3
10359,13,2631,2632,2,18
331560,18,2635,2635,1,3
20722,14,2636,2636,1,18
5180,12,2637,2639,3,7
2590,11,2640,2644,5,2
1295,10,2625,2633,9,11
331561,18,2634,2634,1,3
20723,14,2634,2635,2,18
20724,14,2638,2638,1,3
10362,13,2639,2639,1,18
5181,12,2634,2636,3,7
20725,14,2637,2637,1,3
10363,13,2637,2638,2,18
5182,12,2641,2644,4,7
2591,11,2634,2639,6,2
165868,17,2642,2642,1,3
82934,16,2643,2644,2,18
5183,12,2640,2640,1,7
165869,17,2641,2641,1,3
165870,17,2644,2644,1,3
82935,16,2641,2642,2,18
165871,17,2643,2643,1,3
5184,12,2646,2650,5,7
2592,11,2651,2656,6,2
1296,10,2657,2666,10,11
648,9,2667,2689,23,12
324,8,2690,2720,31,1
162,7,2721,2807,87,9
81,6,2494,2644,151,4
20740,14,2647,2647,1,3
10370,13,2648,2650,3,18
5185,12,2645,2645,1,7
20741,14,2646,2646,1,3
82970,16,2649,2649,1,17
20742,14,2650,2650,1,3
10371,13,2646,2647,2,18
82971,16,2648,2648,1,17
20743,14,2648,2649,2,3
20744,14,2652,2653,2,3
10372,13,2654,2655,2,18
5186,12,2656,2656,1,7
2593,11,2645,2650,6,2
41490,15,2653,2653,1,17
20745,14,2651,2651,1,3
41491,15,2652,2652,1,17
20746,14,2655,2655,1,3
10373,13,2651,2653,3,18
20747,14,2654,2654,1,3
5187,12,2651,2655,5,7
10376,13,2658,2658,1,18
5188,12,2659,2662,4,7
2594,11,2663,2666,4,2
1297,10,2645,2656,12,11
10377,13,2657,2657,1,18
83028,16,2660,2660,1,3
10378,13,2661,2662,2,18
5189,12,2657,2658,2,7
83029,16,2659,2659,1,3
20758,14,2662,2662,1,3
10379,13,2659,2660,2,18
20759,14,2661,2661,1,3
10380,13,2664,2665,2,18
5190,12,2666,2666,1,7
2595,11,2657,2662,6,2
41524,15,2665,2665,1,3
10381,13,2663,2663,1,18
41525,15,2664,2664,1,3
5191,12,2663,2665,3,7
20768,14,2668,2668,1,3
10384,13,2669,2669,1,18
5192,12,2670,2675,6,7
2596,11,2676,2679,4,2
1298,10,2680,2689,10,11
649,9,2645,2666,22,12
20769,14,2667,2667,1,3
10385,13,2667,2668,2,18
10386,13,2671,2675,5,18
5193,12,2667,2669,3,7
166194,17,2672,2672,1,8
41548,15,2673,2673,1,17
20774,14,2674,2675,2,3
10387,13,2670,2670,1,18
166195,17,2671,2671,1,8
41549,15,2671,2672,2,17
41550,15,2675,2675,1,17
20775,14,2671,2673,3,3
41551,15,2674,2674,1,17
20778,14,2677,2678,2,18
5194,12,2679,2679,1,7
2597,11,2667,2675,9,2
41558,15,2678,2678,1,3
20779,14,2676,2676,1,18
41559,15,2677,2677,1,3
5195,12,2676,2678,3,7
1330200,20,2681,2681,1,3
10392,13,2682,2682,1,18
5196,12,2683,2683,1,7
2598,11,2684,2689,6,2
1299,10,2667,2679,13,11
1330201,20,2680,2680,1,3
10393,13,2680,2681,2,18
5197,12,2680,2682,3,7
10396,13,2685,2687,3,18
5198,12,2688,2689,2,7
2599,11,2680,2683,4,2
20794,14,2686,2687,2,3
10397,13,2684,2684,1,18
41590,15,2687,2687,1,17
20795,14,2685,2685,1,3
41591,15,2686,2686,1,17
83190,16,2689,2689,1,18
5199,12,2684,2687,4,7
83191,16,2688,2688,1,18
10400,13,2691,2691,1,18
5200,12,2692,2694,3,7
2600,11,2695,2696,2,2
1300,10,2697,2709,13,11
650,9,2710,2720,11,12
325,8,2645,2689,45,1
10401,13,2690,2690,1,18
332884,18,2693,2693,1,3
10402,13,2694,2694,1,18
5201,12,2690,2691,2,7
332885,18,2692,2692,1,3
10403,13,2692,2693,2,18
10406,13,2696,2696,1,7
2601,11,2690,2694,5,2
10407,13,2695,2695,1,7
20818,14,2698,2699,2,18
5204,12,2700,2703,4,7
2602,11,2704,2709,6,2
1301,10,2690,2696,7,11
41638,15,2699,2699,1,3
20819,14,2697,2697,1,18
41639,15,2698,2698,1,3
10410,13,2701,2703,3,18
5205,12,2697,2699,3,7
166582,17,2702,2702,1,17
20822,14,2703,2703,1,3
10411,13,2700,2700,1,18
166583,17,2701,2701,1,17
20823,14,2701,2702,2,3
20824,14,2705,2705,1,18
5206,12,2706,2709,4,7
2603,11,2697,2703,7,2
20825,14,2704,2704,1,18
41656,15,2707,2708,2,3
10414,13,2709,2709,1,18
5207,12,2704,2705,2,7
166630,17,2708,2708,1,17
41657,15,2706,2706,1,3
166631,17,2707,2707,1,17
10415,13,2706,2708,3,18
2604,11,2711,2715,5,2
1302,10,2716,2720,5,11
651,9,2690,2709,20,12
5210,12,2712,2715,4,7
2605,11,2710,2710,1,2
10422,13,2713,2715,3,18
5211,12,2711,2711,1,7
20846,14,2714,2715,2,3
10423,13,2712,2712,1,18
83388,16,2715,2715,1,17
20847,14,2713,2713,1,3
83389,16,2714,2714,1,17
41696,15,2717,2717,1,18
10424,13,2718,2718,1,7
2606,11,2719,2720,2,2
1303,10,2710,2715,6,11
41697,15,2716,2716,1,18
10425,13,2716,2717,2,7
20858,14,2720,2720,1,7
2607,11,2716,2718,3,2
20859,14,2719,2719,1,7
20864,14,2722,2726,5,18
10432,13,2727,2727,1,7
2608,11,2728,2731,4,2
1304,10,2732,2736,5,11
652,9,2737,2760,24,12
326,8,2761,2807,47,1
163,7,2645,2720,76,9
166920,17,2723,2723,1,17
41730,15,2724,2726,3,3
20865,14,2721,2721,1,18
166921,17,2722,2722,1,17
2670786,21,2725,2725,1,8
83462,16,2726,2726,1,17
41731,15,2722,2723,2,3
2670787,21,2724,2724,1,8
83463,16,2724,2725,2,17
10433,13,2721,2726,6,7
5218,12,2729,2731,3,7
2609,11,2721,2727,7,2
10438,13,2730,2731,2,18
5219,12,2728,2728,1,7
20878,14,2731,2731,1,3
10439,13,2729,2729,1,18
20879,14,2730,2730,1,3
2610,11,2733,2736,4,2
1305,10,2721,2731,11,11
5222,12,2734,2736,3,7
2611,11,2732,2732,1,2
41790,15,2735,2736,2,18
5223,12,2733,2733,1,7
334332,18,2736,2736,1,3
41791,15,2734,2734,1,18
334333,18,2735,2735,1,3
10448,13,2738,2738,1,18
5224,12,2739,2741,3,7
2612,11,2742,2747,6,2
1306,10,2748,2760,13,11
653,9,2721,2736,16,12
10449,13,2737,2737,1,18
167200,17,2740,2740,1,3
20900,14,2741,2741,1,18
5225,12,2737,2738,2,7
167201,17,2739,2739,1,3
20901,14,2739,2740,2,18
5226,12,2743,2747,5,7
2613,11,2737,2741,5,2
167272,17,2744,2744,1,17
41818,15,2745,2745,1,3
10454,13,2746,2747,2,18
5227,12,2742,2742,1,7
167273,17,2743,2743,1,17
41819,15,2743,2744,2,3
334574,18,2747,2747,1,3
10455,13,2743,2745,3,18
334575,18,2746,2746,1,3
83648,16,2749,2749,1,17
41824,15,2750,2750,1,3
10456,13,2751,2751,1,18
5228,12,2752,2754,3,7
2614,11,2755,2760,6,2
1307,10,2737,2747,11,11
83649,16,2748,2748,1,17
41825,15,2748,2749,2,3
10457,13,2748,2750,3,18
20916,14,2753,2753,1,3
10458,13,2754,2754,1,18
5229,12,2748,2751,4,7
20917,14,2752,2752,1,3
10459,13,2752,2753,2,18
10460,13,2756,2756,1,18
5230,12,2757,2760,4,7
2615,11,2748,2754,7,2
10461,13,2755,2755,1,18
20924,14,2758,2758,1,3
10462,13,2759,2760,2,18
5231,12,2755,2756,2,7
20925,14,2757,2757,1,3
41854,15,2760,2760,1,3
10463,13,2757,2758,2,18
41855,15,2759,2759,1,3
334864,18,2762,2762,1,3
10464,13,2763,2764,2,18
5232,12,2765,2767,3,7
2616,11,2768,2773,6,2
1308,10,2774,2778,5,11
654,9,2779,2807,29,12
327,8,2721,2760,40,1
334865,18,2761,2761,1,3
41860,15,2764,2764,1,3
10465,13,2761,2762,2,18
41861,15,2763,2763,1,3
10466,13,2766,2767,2,18
5233,12,2761,2764,4,7
167472,17,2767,2767,1,3
10467,13,2765,2765,1,18
167473,17,2766,2766,1,3
20936,14,2769,2769,1,18
5234,12,2770,2773,4,7
2617,11,2761,2767,7,2
20937,14,2768,2768,1,18
41880,15,2771,2771,1,3
20940,14,2772,2773,2,18
5235,12,2768,2769,2,7
41881,15,2770,2770,1,3
41882,15,2773,2773,1,3
20941,14,2770,2771,2,18
41883,15,2772,2772,1,3
20946,14,2775,2775,1,18
5236,12,2776,2776,1,7
2618,11,2777,2778,2,2
1309,10,2761,2773,13,11
20947,14,2774,2774,1,18
5237,12,2774,2775,2,7
10478,13,2778,2778,1,7
2619,11,2774,2776,3,2
10479,13,2777,2777,1,7
20962,14,2780,2780,1,18
5240,12,2781,2782,2,7
2620,11,2783,2792,10,2
1310,10,2793,2807,15,11
655,9,2761,2778,18,12
20963,14,2779,2779,1,18
20966,14,2782,2782,1,18
5241,12,2779,2780,2,7
20967,14,2781,2781,1,18
10484,13,2784,2786,3,18
5242,12,2787,2792,6,7
2621,11,2779,2782,4,2
167766,17,2785,2785,1,17
20970,14,2786,2786,1,3
10485,13,2783,2783,1,18
167767,17,2784,2784,1,17
20971,14,2784,2785,2,3
335556,18,2788,2788,1,17
41944,15,2789,2790,2,3
10486,13,2791,2792,2,18
5243,12,2783,2786,4,7
335557,18,2787,2787,1,17
83890,16,2790,2790,1,17
41945,15,2787,2788,2,3
83891,16,2789,2789,1,17
83898,16,2792,2792,1,3
10487,13,2787,2790,4,18
83899,16,2791,2791,1,3
20976,14,2794,2794,1,3
10488,13,2795,2796,2,18
5244,12,2797,2800,4,7
2622,11,2801,2807,7,2
1311,10,2779,2792,14,11
20977,14,2793,2793,1,3
20978,14,2796,2796,1,3
10489,13,2793,2794,2,18
20979,14,2795,2795,1,3
83920,16,2798,2798,1,3
10490,13,2799,2800,2,18
5245,12,2793,2796,4,7
83921,16,2797,2797,1,3
83930,16,2800,2800,1,3
10491,13,2797,2798,2,18
83931,16,2799,2799,1,3
41970,15,2802,2802,1,18
5246,12,2803,2807,5,7
2623,11,2793,2800,8,2
41971,15,2801,2801,1,18
20988,14,2804,2804,1,3
10494,13,2805,2807,3,18
5247,12,2801,2802,2,7
20989,14,2803,2803,1,3
41980,15,2806,2806,1,17
20990,14,2807,2807,1,3
10495,13,2803,2804,2,18
41981,15,2805,2805,1,17
20991,14,2805,2806,2,3
5248,12,2809,2811,3,7
2624,11,2812,2813,2,2
1312,10,2814,2827,14,11
656,9,2828,2851,24,12
328,8,2852,2884,33,9
164,7,2885,2970,86,8
82,6,2971,3129,159,4
41,5,2494,2807,314,15
83986,16,2810,2810,1,3
10498,13,2811,2811,1,18
5249,12,2808,2808,1,7
83987,16,2809,2809,1,3
10499,13,2809,2810,2,18
10500,13,2813,2813,1,7
2625,11,2808,2811,4,2
10501,13,2812,2812,1,7
21008,14,2815,2815,1,3
10504,13,2816,2817,2,18
5252,12,2818,2820,3,7
2626,11,2821,2827,7,2
1313,10,2808,2813,6,11
21009,14,2814,2814,1,3
42022,15,2817,2817,1,3
10505,13,2814,2815,2,18
42023,15,2816,2816,1,3
21012,14,2819,2820,2,18
5253,12,2814,2817,4,7
84052,16,2820,2820,1,3
21013,14,2818,2818,1,18
84053,16,2819,2819,1,3
10508,13,2822,2825,4,18
5254,12,2826,2827,2,7
2627,11,2814,2820,7,2
336288,18,2823,2823,1,1
168144,17,2824,2824,1,17
42036,15,2825,2825,1,3
10509,13,2821,2821,1,18
336289,18,2822,2822,1,1
168145,17,2822,2823,2,17
42037,15,2822,2824,3,3
21020,14,2827,2827,1,18
5255,12,2821,2825,5,7
21021,14,2826,2826,1,18
168200,17,2829,2829,1,3
10512,13,2830,2832,3,18
5256,12,2833,2835,3,7
2628,11,2836,2843,8,2
1314,10,2844,2851,8,11
657,9,2808,2827,20,12
168201,17,2828,2828,1,3
84108,16,2831,2831,1,17
42054,15,2832,2832,1,3
10513,13,2828,2829,2,18
84109,16,2830,2830,1,17
42055,15,2830,2831,2,3
10514,13,2834,2835,2,18
5257,12,2828,2832,5,7
168240,17,2835,2835,1,3
10515,13,2833,2833,1,18
168241,17,2834,2834,1,3
336520,18,2837,2837,1,3
10516,13,2838,2838,1,18
5258,12,2839,2843,5,7
2629,11,2828,2835,8,2
336521,18,2836,2836,1,3
10517,13,2836,2837,2,18
673162,19,2840,2840,1,1
42072,15,2841,2841,1,17
21036,14,2842,2842,1,3
10518,13,2843,2843,1,18
5259,12,2836,2838,3,7
673163,19,2839,2839,1,1
42073,15,2839,2840,2,17
21037,14,2839,2841,3,3
10519,13,2839,2842,4,18
10520,13,2845,2845,1,7
5260,12,2846,2851,6,2
1315,10,2828,2843,16,11
10521,13,2844,2844,1,7
42088,15,2847,2848,2,3
21044,14,2849,2849,1,18
10522,13,2850,2851,2,7
5261,12,2844,2845,2,2
84178,16,2848,2848,1,17
42089,15,2846,2846,1,3
84179,16,2847,2847,1,17
21045,14,2846,2848,3,18
42092,15,2851,2851,1,18
10523,13,2846,2849,4,7
42093,15,2850,2850,1,18
10528,13,2853,2855,3,18
5264,12,2856,2856,1,7
2632,11,2857,2859,3,2
1316,10,2860,2863,4,11
658,9,2864,2884,21,12
329,8,2808,2851,44,9
21058,14,2854,2855,2,3
10529,13,2852,2852,1,18
2695592,21,2855,2855,1,17
21059,14,2853,2853,1,3
2695593,21,2854,2854,1,17
5265,12,2852,2855,4,7
21066,14,2858,2858,1,18
5266,12,2859,2859,1,7
2633,11,2852,2856,5,2
21067,14,2857,2857,1,18
5267,12,2857,2858,2,7
2634,11,2861,2863,3,2
1317,10,2852,2859,8,11
5270,12,2862,2863,2,7
2635,11,2860,2860,1,2
10542,13,2863,2863,1,18
5271,12,2861,2861,1,7
10543,13,2862,2862,1,18
2636,11,2865,2873,9,2
1318,10,2874,2884,11,11
659,9,2852,2863,12,12
337546,18,2866,2866,1,17
21096,14,2867,2869,3,3
10548,13,2870,2870,1,18
5274,12,2871,2873,3,7
2637,11,2864,2864,1,2
337547,18,2865,2865,1,17
168776,17,2868,2868,1,1
84388,16,2869,2869,1,17
21097,14,2865,2866,2,3
168777,17,2867,2867,1,1
84389,16,2867,2868,2,17
10549,13,2865,2869,5,18
10550,13,2872,2873,2,18
5275,12,2865,2870,6,7
42204,15,2873,2873,1,3
10551,13,2871,2871,1,18
42205,15,2872,2872,1,3
42210,15,2875,2875,1,3
10552,13,2876,2877,2,18
5276,12,2878,2879,2,7
2638,11,2880,2884,5,2
1319,10,2864,2873,10,11
42211,15,2874,2874,1,3
675406,19,2877,2877,1,3
10553,13,2874,2875,2,18
675407,19,2876,2876,1,3
10554,13,2879,2879,1,18
5277,12,2874,2877,4,7
10555,13,2878,2878,1,18
10556,13,2881,2882,2,18
5278,12,2883,2884,2,7
2639,11,2874,2879,6,2
84456,16,2882,2882,1,3
10557,13,2880,2880,1,18
84457,16,2881,2881,1,3
21116,14,2884,2884,1,18
5279,12,2880,2882,3,7
21117,14,2883,2883,1,18
84480,16,2886,2886,1,3
10560,13,2887,2888,2,18
5280,12,2889,2891,3,7
2640,11,2892,2903,12,2
1320,10,2904,2912,9,11
660,9,2913,2927,15,12
330,8,2928,2970,43,9
165,7,2808,2884,77,8
84481,16,2885,2885,1,3
21122,14,2888,2888,1,3
10561,13,2885,2886,2,18
21123,14,2887,2887,1,3
21124,14,2890,2890,1,3
10562,13,2891,2891,1,18
5281,12,2885,2888,4,7
21125,14,2889,2889,1,3
10563,13,2889,2890,2,18
10564,13,2893,2897,5,18
5282,12,2898,2903,6,7
2641,11,2885,2891,7,2
338080,18,2894,2894,1,15
84520,16,2895,2895,1,1
42260,15,2896,2896,1,17
21130,14,2897,2897,1,3
10565,13,2892,2892,1,18
338081,18,2893,2893,1,15
84521,16,2893,2894,2,1
42261,15,2893,2895,3,17
21131,14,2893,2896,4,3
42264,15,2899,2899,1,3
10566,13,2900,2903,4,18
5283,12,2892,2897,6,7
42265,15,2898,2898,1,3
21134,14,2901,2903,3,3
10567,13,2898,2899,2,18
84540,16,2902,2903,2,17
21135,14,2900,2900,1,3
1352670,20,2903,2903,1,1
84541,16,2901,2901,1,17
1352671,20,2902,2902,1,1
10568,13,2905,2905,1,18
5284,12,2906,2907,2,7
2642,11,2908,2912,5,2
1321,10,2885,2903,19,11
10569,13,2904,2904,1,18
169128,17,2907,2907,1,18
5285,12,2904,2905,2,7
169129,17,2906,2906,1,18
21146,14,2909,2909,1,18
5286,12,2910,2912,3,7
2643,11,2904,2907,4,2
21147,14,2908,2908,1,18
42296,15,2911,2911,1,3
10574,13,2912,2912,1,18
5287,12,2908,2909,2,7
42297,15,2910,2910,1,3
10575,13,2910,2911,2,18
5288,12,2914,2914,1,7
2644,11,2915,2917,3,2
1322,10,2918,2927,10,11
661,9,2885,2912,28,12
5289,12,2913,2913,1,7
10580,13,2916,2916,1,18
5290,12,2917,2917,1,7
2645,11,2913,2914,2,2
10581,13,2915,2915,1,18
5291,12,2915,2916,2,7
10584,13,2919,2920,2,18
5292,12,2921,2922,2,7
2646,11,2923,2927,5,2
1323,10,2913,2917,5,11
84680,16,2920,2920,1,3
10585,13,2918,2918,1,18
84681,16,2919,2919,1,3
10586,13,2922,2922,1,18
5293,12,2918,2920,3,7
10587,13,2921,2921,1,18
10588,13,2924,2924,1,18
5294,12,2925,2927,3,7
2647,11,2918,2922,5,2
10589,13,2923,2923,1,18
10590,13,2926,2927,2,18
5295,12,2923,2924,2,7
84730,16,2927,2927,1,3
10591,13,2925,2925,1,18
84731,16,2926,2926,1,3
21184,14,2929,2929,1,3
10592,13,2930,2933,4,18
5296,12,2934,2939,6,7
2648,11,2940,2941,2,2
1324,10,2942,2948,7,11
662,9,2949,2970,22,12
331,8,2885,2927,43,9
21185,14,2928,2928,1,3
84746,16,2931,2931,1,17
21186,14,2932,2933,2,3
10593,13,2928,2929,2,18
84747,16,2930,2930,1,17
84748,16,2933,2933,1,17
21187,14,2930,2931,2,3
84749,16,2932,2932,1,17
42376,15,2935,2935,1,3
10594,13,2936,2939,4,18
5297,12,2928,2933,6,7
42377,15,2934,2934,1,3
21190,14,2937,2939,3,3
10595,13,2934,2935,2,18
42382,15,2938,2939,2,17
21191,14,2936,2936,1,3
169532,17,2939,2939,1,1
42383,15,2937,2937,1,17
169533,17,2938,2938,1,1
10598,13,2941,2941,1,7
2649,11,2928,2939,12,2
10599,13,2940,2940,1,7
169604,17,2943,2943,1,18
5300,12,2944,2944,1,7
2650,11,2945,2948,4,2
1325,10,2928,2941,14,11
169605,17,2942,2942,1,18
5301,12,2942,2943,2,7
42416,15,2946,2946,1,18
5302,12,2947,2948,2,7
2651,11,2942,2944,3,2
42417,15,2945,2945,1,18
10606,13,2948,2948,1,18
5303,12,2945,2946,2,7
10607,13,2947,2947,1,18
5304,12,2950,2953,4,7
2652,11,2954,2961,8,2
1326,10,2962,2970,9,11
663,9,2928,2948,21,12
10610,13,2951,2953,3,18
5305,12,2949,2949,1,7
169776,17,2952,2952,1,17
21222,14,2953,2953,1,3
10611,13,2950,2950,1,18
169777,17,2951,2951,1,17
21223,14,2951,2952,2,3
10612,13,2955,2956,2,18
5306,12,2957,2961,5,7
2653,11,2949,2953,5,2
21226,14,2956,2956,1,3
10613,13,2954,2954,1,18
21227,14,2955,2955,1,3
84916,16,2958,2958,1,17
42458,15,2959,2959,1,3
10614,13,2960,2961,2,18
5307,12,2954,2956,3,7
84917,16,2957,2957,1,17
42459,15,2957,2958,2,3
84922,16,2961,2961,1,3
10615,13,2957,2959,3,18
84923,16,2960,2960,1,3
10616,13,2963,2963,1,18
5308,12,2964,2968,5,7
2654,11,2969,2970,2,2
1327,10,2949,2961,13,11
10617,13,2962,2962,1,18
10618,13,2965,2968,4,18
5309,12,2962,2963,2,7
21238,14,2966,2968,3,3
10619,13,2964,2964,1,18
84956,16,2967,2967,1,1
42478,15,2968,2968,1,17
21239,14,2965,2965,1,3
84957,16,2966,2966,1,1
42479,15,2966,2967,2,17
10622,13,2970,2970,1,7
2655,11,2962,2968,7,2
10623,13,2969,2969,1,7
5312,12,2972,2972,1,7
2656,11,2973,2977,5,2
1328,10,2978,2994,17,11
664,9,2995,3012,18,12
332,8,3013,3052,40,9
166,7,3053,3129,77,8
83,6,2808,2970,163,4
5313,12,2971,2971,1,7
340118,18,2974,2974,1,18
5314,12,2975,2977,3,7
2657,11,2971,2972,2,2
340119,18,2973,2973,1,18
42524,15,2976,2976,1,3
21262,14,2977,2977,1,18
5315,12,2973,2974,2,7
42525,15,2975,2975,1,3
21263,14,2975,2976,2,18
21266,14,2979,2979,1,18
5316,12,2980,2983,4,7
2658,11,2984,2994,11,2
1329,10,2971,2977,7,11
21267,14,2978,2978,1,18
85082,16,2981,2982,2,3
21270,14,2983,2983,1,18
5317,12,2978,2979,2,7
170166,17,2982,2982,1,17
85083,16,2980,2980,1,3
170167,17,2981,2981,1,17
21271,14,2980,2982,3,18
21272,14,2985,2987,3,3
10636,13,2988,2991,4,18
5318,12,2992,2994,3,7
2659,11,2978,2983,6,2
42546,15,2986,2987,2,17
21273,14,2984,2984,1,3
1361508,20,2987,2987,1,1
42547,15,2985,2985,1,17
1361509,20,2986,2986,1,1
42548,15,2989,2989,1,17
21274,14,2990,2991,2,3
10637,13,2984,2987,4,18
42549,15,2988,2988,1,17
42550,15,2991,2991,1,17
21275,14,2988,2989,2,3
42551,15,2990,2990,1,17
21276,14,2993,2993,1,3
10638,13,2994,2994,1,18
5319,12,2984,2991,8,7
21277,14,2992,2992,1,3
10639,13,2992,2993,2,18
21280,14,2996,2996,1,3
10640,13,2997,2997,1,18
5320,12,2998,3001,4,7
2660,11,3002,3008,7,2
1330,10,3009,3012,4,11
665,9,2971,2994,24,12
21281,14,2995,2995,1,3
10641,13,2995,2996,2,18
21284,14,2999,3000,2,3
10642,13,3001,3001,1,18
5321,12,2995,2997,3,7
340568,18,3000,3000,1,17
21285,14,2998,2998,1,3
340569,18,2999,2999,1,17
10643,13,2998,3000,3,18
10644,13,3003,3003,1,18
5322,12,3004,3008,5,7
2661,11,2995,3001,7,2
10645,13,3002,3002,1,18
340690,18,3005,3005,1,17
42586,15,3006,3006,1,3
10646,13,3007,3008,2,18
5323,12,3002,3003,2,7
340691,18,3004,3004,1,17
42587,15,3004,3005,2,3
21294,14,3008,3008,1,3
10647,13,3004,3006,3,18
21295,14,3007,3007,1,3
2662,11,3010,3012,3,2
1331,10,2995,3008,14,11
5326,12,3011,3012,2,7
2663,11,3009,3009,1,2
21308,14,3012,3012,1,18
5327,12,3010,3010,1,7
21309,14,3011,3011,1,18
21312,14,3014,3014,1,18
5328,12,3015,3016,2,7
2664,11,3017,3021,5,2
1332,10,3022,3031,10,11
666,9,3032,3052,21,12
333,8,2971,3012,42,9
21313,14,3013,3013,1,18
21316,14,3016,3016,1,18
5329,12,3013,3014,2,7
21317,14,3015,3015,1,18
10660,13,3018,3019,2,18
5330,12,3020,3021,2,7
2665,11,3013,3016,4,2
341166,18,3019,3019,1,3
10661,13,3017,3017,1,18
341167,18,3018,3018,1,3
21324,14,3021,3021,1,18
5331,12,3017,3019,3,7
21325,14,3020,3020,1,18
21330,14,3023,3023,1,18
5332,12,3024,3026,3,7
2666,11,3027,3031,5,2
1333,10,3013,3021,9,11
21331,14,3022,3022,1,18
42664,15,3025,3025,1,3
21332,14,3026,3026,1,18
5333,12,3022,3023,2,7
42665,15,3024,3024,1,3
21333,14,3024,3025,2,18
21336,14,3028,3028,1,3
10668,13,3029,3029,1,18
5334,12,3030,3031,2,7
2667,11,3022,3026,5,2
21337,14,3027,3027,1,3
10669,13,3027,3028,2,18
42680,15,3031,3031,1,18
5335,12,3027,3029,3,7
42681,15,3030,3030,1,18
10672,13,3033,3033,1,18
5336,12,3034,3036,3,7
2668,11,3037,3046,10,2
1334,10,3047,3052,6,11
667,9,3013,3031,19,12
10673,13,3032,3032,1,18
21348,14,3035,3035,1,3
10674,13,3036,3036,1,18
5337,12,3032,3033,2,7
21349,14,3034,3034,1,3
10675,13,3034,3035,2,18
21352,14,3038,3038,1,3
10676,13,3039,3040,2,18
5338,12,3041,3046,6,7
2669,11,3032,3036,5,2
21353,14,3037,3037,1,3
85416,16,3040,3040,1,3
10677,13,3037,3038,2,18
85417,16,3039,3039,1,3
42712,15,3042,3042,1,17
21356,14,3043,3044,2,3
10678,13,3045,3046,2,18
5339,12,3037,3040,4,7
42713,15,3041,3041,1,17
85430,16,3044,3044,1,17
21357,14,3041,3042,2,3
85431,16,3043,3043,1,17
170876,17,3046,3046,1,3
10679,13,3041,3044,4,18
170877,17,3045,3045,1,3
21362,14,3048,3048,1,18
5340,12,3049,3050,2,7
2670,11,3051,3052,2,2
1335,10,3032,3046,15,11
21363,14,3047,3047,1,18
21364,14,3050,3050,1,18
5341,12,3047,3048,2,7
21365,14,3049,3049,1,18
5342,12,3052,3052,1,7
2671,11,3047,3050,4,2
5343,12,3051,3051,1,7
10688,13,3054,3054,1,18
5344,12,3055,3057,3,7
2672,11,3058,3062,5,2
1336,10,3063,3073,11,11
668,9,3074,3091,18,12
334,8,3092,3129,38,9
167,7,2971,3052,82,8
10689,13,3053,3053,1,18
10690,13,3056,3057,2,18
5345,12,3053,3054,2,7
21382,14,3057,3057,1,3
10691,13,3055,3055,1,18
21383,14,3056,3056,1,3
42768,15,3059,3059,1,3
10692,13,3060,3060,1,18
5346,12,3061,3062,2,7
2673,11,3053,3057,5,2
42769,15,3058,3058,1,3
10693,13,3058,3059,2,18
10694,13,3062,3062,1,18
5347,12,3058,3060,3,7
10695,13,3061,3061,1,18
42784,15,3064,3064,1,18
5348,12,3065,3067,3,7
2674,11,3068,3073,6,2
1337,10,3053,3062,10,11
42785,15,3063,3063,1,18
10698,13,3066,3067,2,18
5349,12,3063,3064,2,7
21398,14,3067,3067,1,3
10699,13,3065,3065,1,18
21399,14,3066,3066,1,3
85608,16,3069,3069,1,18
5350,12,3070,3073,4,7
2675,11,3063,3067,5,2
85609,16,3068,3068,1,18
342476,18,3071,3071,1,3
10702,13,3072,3073,2,18
5351,12,3068,3069,2,7
342477,18,3070,3070,1,3
42814,15,3073,3073,1,3
10703,13,3070,3071,2,18
42815,15,3072,3072,1,3
342534,18,3075,3075,1,3
21408,14,3076,3076,1,18
5352,12,3077,3079,3,7
2676,11,3080,3086,7,2
1338,10,3087,3091,5,11
669,9,3053,3073,21,12
342535,18,3074,3074,1,3
21409,14,3074,3075,2,18
42824,15,3078,3078,1,3
10706,13,3079,3079,1,18
5353,12,3074,3076,3,7
42825,15,3077,3077,1,3
10707,13,3077,3078,2,18
5354,12,3081,3086,6,7
2677,11,3074,3079,6,2
42840,15,3082,3082,1,17
21420,14,3083,3084,2,3
10710,13,3085,3086,2,18
5355,12,3080,3080,1,7
42841,15,3081,3081,1,17
171370,17,3084,3084,1,17
21421,14,3081,3082,2,3
171371,17,3083,3083,1,17
21422,14,3086,3086,1,3
10711,13,3081,3084,4,18
21423,14,3085,3085,1,3
5356,12,3088,3088,1,7
2678,11,3089,3091,3,2
1339,10,3074,3086,13,11
5357,12,3087,3087,1,7
42872,15,3090,3090,1,18
21436,14,3091,3091,1,7
2679,11,3087,3088,2,2
42873,15,3089,3089,1,18
21437,14,3089,3090,2,7
42880,15,3093,3093,1,3
10720,13,3094,3097,4,18
5360,12,3098,3099,2,7
2680,11,3100,3106,7,2
1340,10,3107,3112,6,11
670,9,3113,3129,17,12
335,8,3053,3091,39,9
42881,15,3092,3092,1,3
85768,16,3095,3095,1,17
21442,14,3096,3097,2,3
10721,13,3092,3093,2,18
85769,16,3094,3094,1,17
85774,16,3097,3097,1,17
21443,14,3094,3095,2,3
85775,16,3096,3096,1,17
42892,15,3099,3099,1,18
5361,12,3092,3097,6,7
42893,15,3098,3098,1,18
5362,12,3101,3106,6,7
2681,11,3092,3099,8,2
42906,15,3102,3103,2,3
10726,13,3104,3106,3,18
5363,12,3100,3100,1,7
85814,16,3103,3103,1,17
42907,15,3101,3101,1,3
85815,16,3102,3102,1,17
21454,14,3105,3106,2,3
10727,13,3101,3103,3,18
42910,15,3106,3106,1,17
21455,14,3104,3104,1,3
42911,15,3105,3105,1,17
42912,15,3108,3108,1,18
5364,12,3109,3110,2,7
2682,11,3111,3112,2,2
1341,10,3092,3106,15,11
42913,15,3107,3107,1,18
10730,13,3110,3110,1,18
5365,12,3107,3108,2,7
10731,13,3109,3109,1,18
5366,12,3112,3112,1,7
2683,11,3107,3110,4,2
5367,12,3111,3111,1,7
10740,13,3114,3115,2,7
5370,12,3116,3120,5,2
1342,10,3121,3129,9,11
671,9,3092,3112,21,12
21482,14,3115,3115,1,18
10741,13,3113,3113,1,7
21483,14,3114,3114,1,18
21484,14,3117,3118,2,18
10742,13,3119,3120,2,7
5371,12,3113,3115,3,2
42970,15,3118,3118,1,3
21485,14,3116,3116,1,18
42971,15,3117,3117,1,3
21486,14,3120,3120,1,18
10743,13,3116,3118,3,7
21487,14,3119,3119,1,18
10744,13,3122,3122,1,18
5372,12,3123,3124,2,7
2686,11,3125,3129,5,2
1343,10,3113,3120,8,11
10745,13,3121,3121,1,18
21494,14,3124,3124,1,18
5373,12,3121,3122,2,7
21495,14,3123,3123,1,18
21496,14,3126,3126,1,3
10748,13,3127,3127,1,18
5374,12,3128,3129,2,7
2687,11,3121,3124,4,2
21497,14,3125,3125,1,3
10749,13,3125,3126,2,18
43002,15,3129,3129,1,18
5375,12,3125,3127,3,7
43003,15,3128,3128,1,18
344080,18,3131,3131,1,18
10752,13,3132,3133,2,7
2688,11,3134,3139,6,2
1344,10,3140,3147,8,11
672,9,3148,3171,24,12
336,8,3172,3216,45,9
168,7,3217,3300,84,8
84,6,3301,3458,158,4
42,5,3459,3798,340,16
21,4,2494,3129,636,6
344081,18,3130,3130,1,18
21506,14,3133,3133,1,18
10753,13,3130,3131,2,7
21507,14,3132,3132,1,18
10756,13,3135,3136,2,18
5378,12,3137,3139,3,7
2689,11,3130,3133,4,2
21514,14,3136,3136,1,3
10757,13,3134,3134,1,18
21515,14,3135,3135,1,3
43034,15,3138,3138,1,3
10758,13,3139,3139,1,18
5379,12,3134,3136,3,7
43035,15,3137,3137,1,3
10759,13,3137,3138,2,18
172170,17,3141,3141,1,18
5380,12,3142,3144,3,7
2690,11,3145,3147,3,2
1345,10,3130,3139,10,11
172171,17,3140,3140,1,18
688812,19,3143,3143,1,3
10762,13,3144,3144,1,18
5381,12,3140,3141,2,7
688813,19,3142,3142,1,3
10763,13,3142,3143,2,18
43060,15,3146,3146,1,18
5382,12,3147,3147,1,7
2691,11,3140,3144,5,2
43061,15,3145,3145,1,18
5383,12,3145,3146,2,7
10770,13,3149,3151,3,7
2692,11,3152,3159,8,2
1346,10,3160,3171,12,11
673,9,3130,3147,18,12
21542,14,3150,3151,2,18
10771,13,3148,3148,1,7
43086,15,3151,3151,1,3
21543,14,3149,3149,1,18
43087,15,3150,3150,1,3
86180,16,3153,3153,1,3
10772,13,3154,3155,2,18
5386,12,3156,3159,4,7
2693,11,3148,3151,4,2
86181,16,3152,3152,1,3
21546,14,3155,3155,1,3
10773,13,3152,3153,2,18
21547,14,3154,3154,1,3
10774,13,3157,3159,3,18
5387,12,3152,3155,4,7
43100,15,3158,3158,1,17
21550,14,3159,3159,1,3
10775,13,3156,3156,1,18
43101,15,3157,3157,1,17
21551,14,3157,3158,2,3
21554,14,3161,3162,2,18
5388,12,3163,3165,3,7
2694,11,3166,3171,6,2
1347,10,3148,3159,12,11
86220,16,3162,3162,1,3
21555,14,3160,3160,1,18
86221,16,3161,3161,1,3
43116,15,3164,3164,1,3
21558,14,3165,3165,1,18
5389,12,3160,3162,3,7
43117,15,3163,3163,1,3
21559,14,3163,3164,2,18
21560,14,3167,3168,2,18
5390,12,3169,3171,3,7
2695,11,3160,3165,6,2
43122,15,3168,3168,1,3
21561,14,3166,3166,1,18
43123,15,3167,3167,1,3
10782,13,3170,3171,2,18
5391,12,3166,3168,3,7
43132,15,3171,3171,1,3
10783,13,3169,3169,1,18
43133,15,3170,3170,1,3
172560,17,3173,3173,1,17
43140,15,3174,3174,1,3
21570,14,3175,3176,2,18
5392,12,3177,3178,2,7
2696,11,3179,3186,8,2
1348,10,3187,3197,11,11
674,9,3198,3216,19,12
337,8,3130,3171,42,9
172561,17,3172,3172,1,17
43141,15,3172,3173,2,3
172570,17,3176,3176,1,3
21571,14,3172,3174,3,18
172571,17,3175,3175,1,3
10786,13,3178,3178,1,18
5393,12,3172,3176,5,7
10787,13,3177,3177,1,18
10788,13,3180,3185,6,18
5394,12,3186,3186,1,7
2697,11,3172,3178,7,2
86316,16,3181,3181,1,17
43158,15,3182,3185,4,3
10789,13,3179,3179,1,18
86317,16,3180,3180,1,17
172636,17,3183,3183,1,1
86318,16,3184,3185,2,17
43159,15,3180,3181,2,3
172637,17,3182,3182,1,1
690554,19,3185,3185,1,1
86319,16,3182,3183,2,17
690555,19,3184,3184,1,1
5395,12,3179,3185,7,7
21584,14,3188,3188,1,3
10792,13,3189,3189,1,18
5396,12,3190,3191,2,7
2698,11,3192,3197,6,2
1349,10,3172,3186,15,11
21585,14,3187,3187,1,3
10793,13,3187,3188,2,18
10794,13,3191,3191,1,18
5397,12,3187,3189,3,7
10795,13,3190,3190,1,18
10796,13,3193,3193,1,18
5398,12,3194,3197,4,7
2699,11,3187,3191,5,2
10797,13,3192,3192,1,18
43194,15,3195,3195,1,3
10798,13,3196,3197,2,18
5399,12,3192,3193,2,7
43195,15,3194,3194,1,3
21598,14,3197,3197,1,3
10799,13,3194,3195,2,18
21599,14,3196,3196,1,3
10802,13,3199,3199,1,7
2700,11,3200,3206,7,2
1350,10,3207,3216,10,11
675,9,3172,3197,26,12
10803,13,3198,3198,1,7
21608,14,3201,3201,1,3
10804,13,3202,3202,1,18
5402,12,3203,3206,4,7
2701,11,3198,3199,2,2
21609,14,3200,3200,1,3
10805,13,3200,3201,2,18
43224,15,3204,3204,1,17
21612,14,3205,3205,1,3
10806,13,3206,3206,1,18
5403,12,3200,3202,3,7
43225,15,3203,3203,1,17
21613,14,3203,3204,2,3
10807,13,3203,3205,3,18
5404,12,3208,3212,5,7
2702,11,3213,3216,4,2
1351,10,3198,3206,9,11
43240,15,3209,3209,1,3
10810,13,3210,3212,3,18
5405,12,3207,3207,1,7
43241,15,3208,3208,1,3
43244,15,3211,3211,1,17
21622,14,3212,3212,1,3
10811,13,3208,3209,2,18
43245,15,3210,3210,1,17
21623,14,3210,3211,2,3
10812,13,3214,3215,2,18
5406,12,3216,3216,1,7
2703,11,3207,3212,6,2
21626,14,3215,3215,1,3
10813,13,3213,3213,1,18
21627,14,3214,3214,1,3
5407,12,3213,3215,3,7
10816,13,3218,3218,1,18
5408,12,3219,3220,2,7
2704,11,3221,3223,3,2
1352,10,3224,3231,8,11
676,9,3232,3256,25,12
338,8,3257,3300,44,9
169,7,3130,3216,87,8
10817,13,3217,3217,1,18
10818,13,3220,3220,1,18
5409,12,3217,3218,2,7
10819,13,3219,3219,1,18
10820,13,3222,3222,1,18
5410,12,3223,3223,1,7
2705,11,3217,3220,4,2
10821,13,3221,3221,1,18
5411,12,3221,3222,2,7
5412,12,3225,3228,4,7
2706,11,3229,3231,3,2
1353,10,3217,3223,7,11
21652,14,3226,3226,1,3
10826,13,3227,3228,2,18
5413,12,3224,3224,1,7
21653,14,3225,3225,1,3
21654,14,3228,3228,1,3
10827,13,3225,3226,2,18
21655,14,3227,3227,1,3
10828,13,3230,3230,1,18
5414,12,3231,3231,1,7
2707,11,3224,3228,5,2
10829,13,3229,3229,1,18
5415,12,3229,3230,2,7
5416,12,3233,3235,3,7
2708,11,3236,3241,6,2
1354,10,3242,3256,15,11
677,9,3217,3231,15,12
10834,13,3234,3235,2,18
5417,12,3232,3232,1,7
43340,15,3235,3235,1,3
10835,13,3233,3233,1,18
43341,15,3234,3234,1,3
10836,13,3237,3237,1,18
5418,12,3238,3241,4,7
2709,11,3232,3235,4,2
10837,13,3236,3236,1,18
86708,16,3239,3239,1,17
43354,15,3240,3240,1,3
10838,13,3241,3241,1,18
5419,12,3236,3237,2,7
86709,16,3238,3238,1,17
43355,15,3238,3239,2,3
10839,13,3238,3240,3,18
21680,14,3243,3244,2,3
10840,13,3245,3246,2,18
5420,12,3247,3249,3,7
2710,11,3250,3256,7,2
1355,10,3232,3241,10,11
86724,16,3244,3244,1,17
21681,14,3242,3242,1,3
86725,16,3243,3243,1,17
173458,17,3246,3246,1,3
10841,13,3242,3244,3,18
173459,17,3245,3245,1,3
10842,13,3248,3249,2,18
5421,12,3242,3246,5,7
21686,14,3249,3249,1,3
10843,13,3247,3247,1,18
21687,14,3248,3248,1,3
21688,14,3251,3252,2,3
10844,13,3253,3253,1,18
5422,12,3254,3256,3,7
2711,11,3242,3249,8,2
43378,15,3252,3252,1,17
21689,14,3250,3250,1,3
43379,15,3251,3251,1,17
10845,13,3250,3252,3,18
43384,15,3255,3255,1,3
10846,13,3256,3256,1,18
5423,12,3250,3253,4,7
43385,15,3254,3254,1,3
10847,13,3254,3255,2,18
5424,12,3258,3258,1,7
2712,11,3259,3263,5,2
1356,10,3264,3272,9,11
678,9,3273,3300,28,12
339,8,3217,3256,40,9
5425,12,3257,3257,1,7
10852,13,3260,3260,1,18
5426,12,3261,3263,3,7
2713,11,3257,3258,2,2
10853,13,3259,3259,1,18
86840,16,3262,3262,1,3
43420,15,3263,3263,1,18
5427,12,3259,3260,2,7
86841,16,3261,3261,1,3
43421,15,3261,3262,2,18
5428,12,3265,3268,4,7
2714,11,3269,3272,4,2
1357,10,3257,3263,7,11
10858,13,3266,3268,3,18
5429,12,3264,3264,1,7
43438,15,3267,3268,2,3
10859,13,3265,3265,1,18
173758,17,3268,3268,1,17
43439,15,3266,3266,1,3
173759,17,3267,3267,1,17
10860,13,3270,3270,1,18
5430,12,3271,3272,2,7
2715,11,3264,3268,5,2
10861,13,3269,3269,1,18
695276,19,3272,3272,1,18
5431,12,3269,3270,2,7
695277,19,3271,3271,1,18
21730,14,3274,3275,2,18
5432,12,3276,3282,7,7
2716,11,3283,3289,7,2
1358,10,3290,3300,11,11
679,9,3257,3272,16,12
86926,16,3275,3275,1,3
21731,14,3273,3273,1,18
86927,16,3274,3274,1,3
173860,17,3277,3277,1,17
21732,14,3278,3278,1,3
10866,13,3279,3282,4,18
5433,12,3273,3275,3,7
173861,17,3276,3276,1,17
21733,14,3276,3277,2,3
43468,15,3280,3280,1,17
21734,14,3281,3282,2,3
10867,13,3276,3278,3,18
43469,15,3279,3279,1,17
43470,15,3282,3282,1,17
21735,14,3279,3280,2,3
43471,15,3281,3281,1,17
173890,17,3284,3284,1,17
21736,14,3285,3286,2,3
10868,13,3287,3287,1,18
5434,12,3288,3289,2,7
2717,11,3273,3282,10,2
173891,17,3283,3283,1,17
86950,16,3286,3286,1,17
21737,14,3283,3284,2,3
86951,16,3285,3285,1,17
10869,13,3283,3286,4,18
10870,13,3289,3289,1,18
5435,12,3283,3287,5,7
10871,13,3288,3288,1,18
21744,14,3291,3291,1,18
5436,12,3292,3292,1,7
2718,11,3293,3300,8,2
1359,10,3273,3289,17,11
21745,14,3290,3290,1,18
5437,12,3290,3291,2,7
21752,14,3294,3295,2,3
10876,13,3296,3296,1,18
5438,12,3297,3300,4,7
2719,11,3290,3292,3,2
43506,15,3295,3295,1,17
21753,14,3293,3293,1,3
43507,15,3294,3294,1,17
10877,13,3293,3295,3,18
10878,13,3298,3300,3,18
5439,12,3293,3296,4,7
87032,16,3299,3299,1,17
43516,15,3300,3300,1,3
10879,13,3297,3297,1,18
87033,16,3298,3298,1,17
43517,15,3298,3299,2,3
87046,16,3302,3302,1,3
10880,13,3303,3303,1,18
5440,12,3304,3306,3,7
2720,11,3307,3309,3,2
1360,10,3310,3318,9,11
680,9,3319,3338,20,12
340,8,3339,3375,37,9
170,7,3376,3458,83,8
85,6,3130,3300,171,4
87047,16,3301,3301,1,3
10881,13,3301,3302,2,18
10882,13,3305,3306,2,18
5441,12,3301,3303,3,7
21766,14,3306,3306,1,3
10883,13,3304,3304,1,18
21767,14,3305,3305,1,3
5442,12,3308,3309,2,7
2721,11,3301,3306,6,2
10886,13,3309,3309,1,18
5443,12,3307,3307,1,7
10887,13,3308,3308,1,18
10888,13,3311,3313,3,18
5444,12,3314,3314,1,7
2722,11,3315,3318,4,2
1361,10,3301,3309,9,11
21778,14,3312,3313,2,3
10889,13,3310,3310,1,18
43558,15,3313,3313,1,17
21779,14,3311,3311,1,3
43559,15,3312,3312,1,17
5445,12,3310,3313,4,7
5446,12,3316,3318,3,7
2723,11,3310,3314,5,2
21788,14,3317,3317,1,3
10894,13,3318,3318,1,18
5447,12,3315,3315,1,7
21789,14,3316,3316,1,3
10895,13,3316,3317,2,18
5448,12,3320,3322,3,7
2724,11,3323,3330,8,2
1362,10,3331,3338,8,11
681,9,3301,3318,18,12
21796,14,3321,3321,1,3
10898,13,3322,3322,1,18
5449,12,3319,3319,1,7
21797,14,3320,3320,1,3
10899,13,3320,3321,2,18
43600,15,3324,3324,1,17
21800,14,3325,3325,1,3
10900,13,3326,3326,1,18
5450,12,3327,3330,4,7
2725,11,3319,3322,4,2
43601,15,3323,3323,1,17
21801,14,3323,3324,2,3
10901,13,3323,3325,3,18
87220,16,3328,3328,1,3
10902,13,3329,3330,2,18
5451,12,3323,3326,4,7
87221,16,3327,3327,1,3
174462,17,3330,3330,1,3
10903,13,3327,3328,2,18
174463,17,3329,3329,1,3
10904,13,3332,3332,1,18
5452,12,3333,3334,2,7
2726,11,3335,3338,4,2
1363,10,3319,3330,12,11
10905,13,3331,3331,1,18
43626,15,3334,3334,1,18
5453,12,3331,3332,2,7
43627,15,3333,3333,1,18
43636,15,3336,3336,1,3
21818,14,3337,3337,1,18
5454,12,3338,3338,1,7
2727,11,3331,3334,4,2
43637,15,3335,3335,1,3
21819,14,3335,3336,2,18
5455,12,3335,3337,3,7
5456,12,3340,3343,4,7
2728,11,3344,3345,2,2
1364,10,3346,3353,8,11
682,9,3354,3375,22,12
341,8,3301,3338,38,9
21828,14,3341,3341,1,3
10914,13,3342,3343,2,18
5457,12,3339,3339,1,7
21829,14,3340,3340,1,3
21830,14,3343,3343,1,3
10915,13,3340,3341,2,18
21831,14,3342,3342,1,3
5458,12,3345,3345,1,7
2729,11,3339,3343,5,2
5459,12,3344,3344,1,7
1397808,20,3347,3347,1,18
21840,14,3348,3348,1,7
2730,11,3349,3353,5,2
1365,10,3339,3345,7,11
1397809,20,3346,3346,1,18
21841,14,3346,3347,2,7
10924,13,3350,3350,1,18
5462,12,3351,3353,3,7
2731,11,3346,3348,3,2
10925,13,3349,3349,1,18
174824,17,3352,3352,1,3
43706,15,3353,3353,1,18
5463,12,3349,3350,2,7
174825,17,3351,3351,1,3
43707,15,3351,3352,2,18
21856,14,3355,3355,1,3
10928,13,3356,3357,2,18
5464,12,3358,3362,5,7
2732,11,3363,3368,6,2
1366,10,3369,3375,7,11
683,9,3339,3353,15,12
21857,14,3354,3354,1,3
21858,14,3357,3357,1,3
10929,13,3354,3355,2,18
21859,14,3356,3356,1,3
21860,14,3359,3359,1,3
10930,13,3360,3362,3,18
5465,12,3354,3357,4,7
21861,14,3358,3358,1,3
174906,17,3361,3361,1,17
43726,15,3362,3362,1,3
10931,13,3358,3359,2,18
174907,17,3360,3360,1,17
43727,15,3360,3361,2,3
21866,14,3364,3364,1,18
5466,12,3365,3368,4,7
2733,11,3354,3362,9,2
21867,14,3363,3363,1,18
43736,15,3366,3366,1,3
10934,13,3367,3368,2,18
5467,12,3363,3364,2,7
43737,15,3365,3365,1,3
43740,15,3368,3368,1,3
10935,13,3365,3366,2,18
43741,15,3367,3367,1,3
2734,11,3370,3375,6,2
1367,10,3354,3368,15,11
43760,15,3371,3371,1,17
21880,14,3372,3372,1,3
10940,13,3373,3373,1,18
5470,12,3374,3375,2,7
2735,11,3369,3369,1,2
43761,15,3370,3370,1,17
21881,14,3370,3371,2,3
10941,13,3370,3372,3,18
21884,14,3375,3375,1,18
5471,12,3370,3373,4,7
21885,14,3374,3374,1,18
5472,12,3377,3378,2,7
2736,11,3379,3384,6,2
1368,10,3385,3398,14,11
684,9,3399,3412,14,12
342,8,3413,3458,46,9
171,7,3301,3375,75,8
10946,13,3378,3378,1,18
5473,12,3376,3376,1,7
10947,13,3377,3377,1,18
21896,14,3380,3380,1,3
10948,13,3381,3382,2,18
5474,12,3383,3384,2,7
2737,11,3376,3378,3,2
21897,14,3379,3379,1,3
21898,14,3382,3382,1,3
10949,13,3379,3380,2,18
21899,14,3381,3381,1,3
10950,13,3384,3384,1,18
5475,12,3379,3382,4,7
10951,13,3383,3383,1,18
5476,12,3386,3391,6,7
2738,11,3392,3398,7,2
1369,10,3376,3384,9,11
43816,15,3387,3387,1,17
21908,14,3388,3388,1,3
10954,13,3389,3391,3,18
5477,12,3385,3385,1,7
43817,15,3386,3386,1,17
21909,14,3386,3387,2,3
43820,15,3390,3390,1,17
21910,14,3391,3391,1,3
10955,13,3386,3388,3,18
43821,15,3389,3389,1,17
21911,14,3389,3390,2,3
87650,16,3393,3393,1,3
10956,13,3394,3394,1,18
5478,12,3395,3398,4,7
2739,11,3385,3391,7,2
87651,16,3392,3392,1,3
10957,13,3392,3393,2,18
87674,16,3396,3397,2,3
21918,14,3398,3398,1,18
5479,12,3392,3394,3,7
350700,18,3397,3397,1,17
87675,16,3395,3395,1,3
350701,18,3396,3396,1,17
21919,14,3395,3397,3,18
5480,12,3400,3401,2,7
2740,11,3402,3403,2,2
1370,10,3404,3412,9,11
685,9,3376,3398,23,12
21924,14,3401,3401,1,18
5481,12,3399,3399,1,7
21925,14,3400,3400,1,18
21928,14,3403,3403,1,7
2741,11,3399,3401,3,2
21929,14,3402,3402,1,7
10968,13,3405,3408,4,18
5484,12,3409,3410,2,7
2742,11,3411,3412,2,2
1371,10,3399,3403,5,11
43876,15,3406,3406,1,17
21938,14,3407,3408,2,3
10969,13,3404,3404,1,18
43877,15,3405,3405,1,17
43878,15,3408,3408,1,17
21939,14,3405,3406,2,3
43879,15,3407,3407,1,17
175550,17,3410,3410,1,18
5485,12,3404,3408,5,7
175551,17,3409,3409,1,18
43900,15,3412,3412,1,7
2743,11,3404,3410,7,2
43901,15,3411,3411,1,7
43904,15,3414,3414,1,17
21952,14,3415,3415,1,3
10976,13,3416,3417,2,18
5488,12,3418,3419,2,7
2744,11,3420,3423,4,2
1372,10,3424,3437,14,11
686,9,3438,3458,21,12
343,8,3376,3412,37,9
43905,15,3413,3413,1,17
21953,14,3413,3414,2,3
21954,14,3417,3417,1,3
10977,13,3413,3415,3,18
21955,14,3416,3416,1,3
175670,17,3419,3419,1,18
5489,12,3413,3417,5,7
175671,17,3418,3418,1,18
175680,17,3421,3421,1,18
5490,12,3422,3423,2,7
2745,11,3413,3419,7,2
175681,17,3420,3420,1,18
10982,13,3423,3423,1,18
5491,12,3420,3421,2,7
10983,13,3422,3422,1,18
21968,14,3425,3425,1,18
5492,12,3426,3430,5,7
2746,11,3431,3437,7,2
1373,10,3413,3423,11,11
21969,14,3424,3424,1,18
43944,15,3427,3429,3,3
10986,13,3430,3430,1,18
5493,12,3424,3425,2,7
87890,16,3428,3429,2,17
43945,15,3426,3426,1,3
351566,18,3429,3429,1,1
87891,16,3427,3427,1,17
351567,18,3428,3428,1,1
10987,13,3426,3429,4,18
43952,15,3432,3434,3,17
21976,14,3435,3435,1,3
10988,13,3436,3436,1,18
5494,12,3437,3437,1,7
2747,11,3424,3430,7,2
703248,19,3433,3433,1,15
351624,18,3434,3434,1,1
43953,15,3431,3431,1,17
703249,19,3432,3432,1,15
351625,18,3432,3433,2,1
21977,14,3431,3434,4,3
10989,13,3431,3435,5,18
5495,12,3431,3436,6,7
10992,13,3439,3439,1,18
5496,12,3440,3440,1,7
2748,11,3441,3447,7,2
1374,10,3448,3458,11,11
687,9,3413,3437,25,12
10993,13,3438,3438,1,18
5497,12,3438,3439,2,7
43984,15,3442,3442,1,17
21992,14,3443,3443,1,3
10996,13,3444,3444,1,18
5498,12,3445,3447,3,7
2749,11,3438,3440,3,2
43985,15,3441,3441,1,17
21993,14,3441,3442,2,3
10997,13,3441,3443,3,18
87988,16,3446,3446,1,3
10998,13,3447,3447,1,18
5499,12,3441,3444,4,7
87989,16,3445,3445,1,3
10999,13,3445,3446,2,18
88004,16,3449,3449,1,3
11000,13,3450,3452,3,18
5500,12,3453,3454,2,7
2750,11,3455,3458,4,2
1375,10,3438,3447,10,11
88005,16,3448,3448,1,3
44004,15,3451,3451,1,17
22002,14,3452,3452,1,3
11001,13,3448,3449,2,18
44005,15,3450,3450,1,17
22003,14,3450,3451,2,3
11002,13,3454,3454,1,18
5501,12,3448,3452,5,7
11003,13,3453,3453,1,18
11004,13,3456,3457,2,18
5502,12,3458,3458,1,7
2751,11,3448,3454,7,2
44022,15,3457,3457,1,3
11005,13,3455,3455,1,18
44023,15,3456,3456,1,3
5503,12,3455,3457,3,7
11008,13,3460,3461,2,18
5504,12,3462,3464,3,7
2752,11,3465,3471,7,2
1376,10,3472,3481,10,11
688,9,3482,3498,17,12
344,8,3499,3542,44,9
172,7,3543,3627,85,8
86,6,3628,3798,171,4
43,5,3130,3458,329,16
22018,14,3461,3461,1,3
11009,13,3459,3459,1,18
22019,14,3460,3460,1,3
11010,13,3463,3464,2,18
5505,12,3459,3461,3,7
1409474,20,3464,3464,1,3
11011,13,3462,3462,1,18
1409475,20,3463,3463,1,3
22024,14,3466,3466,1,3
11012,13,3467,3468,2,18
5506,12,3469,3471,3,7
2753,11,3459,3464,6,2
22025,14,3465,3465,1,3
704872,19,3468,3468,1,3
11013,13,3465,3466,2,18
704873,19,3467,3467,1,3
22028,14,3470,3471,2,18
5507,12,3465,3468,4,7
176232,17,3471,3471,1,3
22029,14,3469,3469,1,18
176233,17,3470,3470,1,3
88132,16,3473,3473,1,3
11016,13,3474,3474,1,18
5508,12,3475,3475,1,7
2754,11,3476,3481,6,2
1377,10,3459,3471,13,11
88133,16,3472,3472,1,3
11017,13,3472,3473,2,18
5509,12,3472,3474,3,7
22044,14,3477,3479,3,18
11022,13,3480,3481,2,7
2755,11,3472,3475,4,2
2821762,21,3478,3478,1,17
44090,15,3479,3479,1,3
22045,14,3476,3476,1,18
2821763,21,3477,3477,1,17
44091,15,3477,3478,2,3
88190,16,3481,3481,1,18
11023,13,3476,3479,4,7
88191,16,3480,3480,1,18
11024,13,3483,3485,3,18
5512,12,3486,3488,3,7
2756,11,3489,3491,3,2
1378,10,3492,3498,7,11
689,9,3459,3481,23,12
44100,15,3484,3484,1,17
22050,14,3485,3485,1,3
11025,13,3482,3482,1,18
44101,15,3483,3483,1,17
22051,14,3483,3484,2,3
11026,13,3487,3488,2,18
5513,12,3482,3485,4,7
705742,19,3488,3488,1,3
11027,13,3486,3486,1,18
705743,19,3487,3487,1,3
5514,12,3490,3491,2,7
2757,11,3482,3488,7,2
11030,13,3491,3491,1,18
5515,12,3489,3489,1,7
11031,13,3490,3490,1,18
2758,11,3493,3498,6,2
1379,10,3482,3491,10,11
22074,14,3494,3495,2,18
5518,12,3496,3498,3,7
2759,11,3492,3492,1,2
2825708,21,3495,3495,1,3
22075,14,3493,3493,1,18
2825709,21,3494,3494,1,3
11038,13,3497,3498,2,18
5519,12,3493,3495,3,7
353270,18,3498,3498,1,3
11039,13,3496,3496,1,18
353271,18,3497,3497,1,3
5520,12,3500,3502,3,7
2760,11,3503,3504,2,2
1380,10,3505,3522,18,11
690,9,3523,3542,20,12
345,8,3459,3498,40,9
22084,14,3501,3502,2,18
5521,12,3499,3499,1,7
88340,16,3502,3502,1,3
22085,14,3500,3500,1,18
88341,16,3501,3501,1,3
88358,16,3504,3504,1,7
2761,11,3499,3502,4,2
88359,16,3503,3503,1,7
44192,15,3506,3506,1,3
11048,13,3507,3507,1,18
5524,12,3508,3510,3,7
2762,11,3511,3522,12,2
1381,10,3499,3504,6,11
44193,15,3505,3505,1,3
11049,13,3505,3506,2,18
22100,14,3509,3509,1,3
11050,13,3510,3510,1,18
5525,12,3505,3507,3,7
22101,14,3508,3508,1,3
11051,13,3508,3509,2,18
22104,14,3512,3512,1,3
11052,13,3513,3515,3,18
5526,12,3516,3522,7,7
2763,11,3505,3510,6,2
22105,14,3511,3511,1,3
88428,16,3514,3514,1,17
44214,15,3515,3515,1,3
11053,13,3511,3512,2,18
88429,16,3513,3513,1,17
44215,15,3513,3514,2,3
1414920,20,3517,3517,1,17
22108,14,3518,3518,1,3
11054,13,3519,3522,4,18
5527,12,3511,3515,5,7
1414921,20,3516,3516,1,17
22109,14,3516,3517,2,3
44220,15,3520,3520,1,17
22110,14,3521,3522,2,3
11055,13,3516,3518,3,18
44221,15,3519,3519,1,17
88446,16,3522,3522,1,17
22111,14,3519,3520,2,3
88447,16,3521,3521,1,17
2764,11,3524,3529,6,2
1382,10,3530,3542,13,11
691,9,3499,3522,24,12
5530,12,3525,3529,5,7
2765,11,3523,3523,1,2
11062,13,3526,3529,4,18
5531,12,3524,3524,1,7
44252,15,3527,3527,1,17
22126,14,3528,3529,2,3
11063,13,3525,3525,1,18
44253,15,3526,3526,1,17
44254,15,3529,3529,1,17
22127,14,3526,3527,2,3
44255,15,3528,3528,1,17
11064,13,3531,3533,3,18
5532,12,3534,3536,3,7
2766,11,3537,3542,6,2
1383,10,3523,3529,7,11
177044,17,3532,3532,1,17
22130,14,3533,3533,1,3
11065,13,3530,3530,1,18
177045,17,3531,3531,1,17
22131,14,3531,3532,2,3
44266,15,3535,3535,1,3
11066,13,3536,3536,1,18
5533,12,3530,3533,4,7
44267,15,3534,3534,1,3
11067,13,3534,3535,2,18
11068,13,3538,3538,1,18
5534,12,3539,3542,4,7
2767,11,3530,3536,7,2
11069,13,3537,3537,1,18
22140,14,3540,3540,1,3
11070,13,3541,3542,2,18
5535,12,3537,3538,2,7
22141,14,3539,3539,1,3
22142,14,3542,3542,1,3
11071,13,3539,3540,2,18
22143,14,3541,3541,1,3
11072,13,3544,3545,2,18
5536,12,3546,3548,3,7
2768,11,3549,3553,5,2
1384,10,3554,3564,11,11
692,9,3565,3589,25,12
346,8,3590,3627,38,9
173,7,3459,3542,84,8
22146,14,3545,3545,1,3
11073,13,3543,3543,1,18
22147,14,3544,3544,1,3
22150,14,3547,3548,2,18
5537,12,3543,3545,3,7
88606,16,3548,3548,1,3
22151,14,3546,3546,1,18
88607,16,3547,3547,1,3
22152,14,3550,3550,1,3
11076,13,3551,3551,1,18
5538,12,3552,3553,2,7
2769,11,3543,3548,6,2
22153,14,3549,3549,1,3
11077,13,3549,3550,2,18
22156,14,3553,3553,1,18
5539,12,3549,3551,3,7
22157,14,3552,3552,1,18
22160,14,3555,3555,1,3
11080,13,3556,3556,1,18
5540,12,3557,3559,3,7
2770,11,3560,3564,5,2
1385,10,3543,3553,11,11
22161,14,3554,3554,1,3
11081,13,3554,3555,2,18
88662,16,3558,3558,1,3
11082,13,3559,3559,1,18
5541,12,3554,3556,3,7
88663,16,3557,3557,1,3
11083,13,3557,3558,2,18
11084,13,3561,3561,1,18
5542,12,3562,3564,3,7
2771,11,3554,3559,6,2
11085,13,3560,3560,1,18
11086,13,3563,3564,2,18
5543,12,3560,3561,2,7
22174,14,3564,3564,1,3
11087,13,3562,3562,1,18
22175,14,3563,3563,1,3
177414,17,3566,3566,1,3
11088,13,3567,3568,2,18
5544,12,3569,3572,4,7
2772,11,3573,3578,6,2
1386,10,3579,3589,11,11
693,9,3543,3564,22,12
177415,17,3565,3565,1,3
22178,14,3568,3568,1,3
11089,13,3565,3566,2,18
22179,14,3567,3567,1,3
22180,14,3570,3570,1,3
11090,13,3571,3572,2,18
5545,12,3565,3568,4,7
22181,14,3569,3569,1,3
88730,16,3572,3572,1,3
11091,13,3569,3570,2,18
88731,16,3571,3571,1,3
11092,13,3574,3576,3,18
5546,12,3577,3578,2,7
2773,11,3565,3572,8,2
44372,15,3575,3575,1,17
22186,14,3576,3576,1,3
11093,13,3573,3573,1,18
44373,15,3574,3574,1,17
22187,14,3574,3575,2,3
44376,15,3578,3578,1,18
5547,12,3573,3576,4,7
44377,15,3577,3577,1,18
5548,12,3580,3583,4,7
2774,11,3584,3589,6,2
1387,10,3565,3578,14,11
88796,16,3581,3581,1,3
44398,15,3582,3583,2,18
5549,12,3579,3579,1,7
88797,16,3580,3580,1,3
88798,16,3583,3583,1,3
44399,15,3580,3581,2,18
88799,16,3582,3582,1,3
1420820,20,3585,3585,1,3
11100,13,3586,3588,3,18
5550,12,3589,3589,1,7
2775,11,3579,3583,5,2
1420821,20,3584,3584,1,3
22202,14,3587,3588,2,3
11101,13,3584,3585,2,18
44406,15,3588,3588,1,17
22203,14,3586,3586,1,3
44407,15,3587,3587,1,17
5551,12,3584,3588,5,7
5552,12,3591,3595,5,7
2776,11,3596,3601,6,2
1388,10,3602,3606,5,11
694,9,3607,3627,21,12
347,8,3543,3589,47,9
11106,13,3592,3595,4,18
5553,12,3590,3590,1,7
355430,18,3593,3593,1,1
44428,15,3594,3594,1,17
22214,14,3595,3595,1,3
11107,13,3591,3591,1,18
355431,18,3592,3592,1,1
44429,15,3592,3593,2,17
22215,14,3592,3594,3,3
11108,13,3597,3598,2,18
5554,12,3599,3601,3,7
2777,11,3590,3595,6,2
177746,17,3598,3598,1,3
11109,13,3596,3596,1,18
177747,17,3597,3597,1,3
11110,13,3600,3601,2,18
5555,12,3596,3598,3,7
88890,16,3601,3601,1,3
11111,13,3599,3599,1,18
88891,16,3600,3600,1,3
11112,13,3603,3605,3,7
2778,11,3606,3606,1,2
1389,10,3590,3601,12,11
44452,15,3604,3605,2,18
11113,13,3602,3602,1,7
88906,16,3605,3605,1,3
44453,15,3603,3603,1,18
88907,16,3604,3604,1,3
2779,11,3602,3605,4,2
44482,15,3608,3608,1,3
11120,13,3609,3610,2,18
5560,12,3611,3614,4,7
2780,11,3615,3616,2,2
1390,10,3617,3627,11,11
695,9,3590,3606,17,12
44483,15,3607,3607,1,3
22242,14,3610,3610,1,3
11121,13,3607,3608,2,18
22243,14,3609,3609,1,3
22244,14,3612,3612,1,3
11122,13,3613,3614,2,18
5561,12,3607,3610,4,7
22245,14,3611,3611,1,3
88986,16,3614,3614,1,3
11123,13,3611,3612,2,18
88987,16,3613,3613,1,3
5562,12,3616,3616,1,7
2781,11,3607,3614,8,2
5563,12,3615,3615,1,7
5564,12,3618,3620,3,7
2782,11,3621,3627,7,2
1391,10,3607,3616,10,11
22262,14,3619,3620,2,18
5565,12,3617,3617,1,7
44526,15,3620,3620,1,3
22263,14,3618,3618,1,18
44527,15,3619,3619,1,3
11132,13,3622,3622,1,18
5566,12,3623,3627,5,7
2783,11,3617,3620,4,2
11133,13,3621,3621,1,18
44538,15,3624,3625,2,3
11134,13,3626,3627,2,18
5567,12,3621,3622,2,7
89078,16,3625,3625,1,17
44539,15,3623,3623,1,3
89079,16,3624,3624,1,17
22270,14,3627,3627,1,3
11135,13,3623,3625,3,18
22271,14,3626,3626,1,3
44548,15,3629,3629,1,18
5568,12,3630,3632,3,7
2784,11,3633,3637,5,2
1392,10,3638,3639,2,11
696,9,3640,3660,21,12
348,8,3661,3703,43,9
174,7,3704,3798,95,8
87,6,3459,3627,169,4
44549,15,3628,3628,1,18
44554,15,3631,3631,1,3
11138,13,3632,3632,1,18
5569,12,3628,3629,2,7
44555,15,3630,3630,1,3
11139,13,3630,3631,2,18
22280,14,3634,3635,2,18
11140,13,3636,3637,2,7
2785,11,3628,3632,5,2
178254,17,3635,3635,1,3
22281,14,3633,3633,1,18
178255,17,3634,3634,1,3
356516,18,3637,3637,1,18
11141,13,3633,3635,3,7
356517,18,3636,3636,1,18
11146,13,3639,3639,1,2
1393,10,3628,3637,10,11
11147,13,3638,3638,1,2
11152,13,3641,3641,1,18
5576,12,3642,3643,2,7
2788,11,3644,3647,4,2
1394,10,3648,3660,13,11
697,9,3628,3639,12,12
11153,13,3640,3640,1,18
44620,15,3643,3643,1,18
5577,12,3640,3641,2,7
44621,15,3642,3642,1,18
5578,12,3645,3647,3,7
2789,11,3640,3643,4,2
22316,14,3646,3646,1,3
11158,13,3647,3647,1,18
5579,12,3644,3644,1,7
22317,14,3645,3645,1,3
11159,13,3645,3646,2,18
22320,14,3649,3652,4,18
5580,12,3653,3653,1,7
2790,11,3654,3660,7,2
1395,10,3640,3647,8,11
714278,19,3650,3650,1,17
44642,15,3651,3652,2,3
22321,14,3648,3648,1,18
714279,19,3649,3649,1,17
89286,16,3652,3652,1,17
44643,15,3649,3650,2,3
89287,16,3651,3651,1,17
5581,12,3648,3652,5,7
22328,14,3655,3655,1,3
11164,13,3656,3656,1,18
5582,12,3657,3660,4,7
2791,11,3648,3653,6,2
22329,14,3654,3654,1,3
11165,13,3654,3655,2,18
44664,15,3658,3658,1,3
11166,13,3659,3660,2,18
5583,12,3654,3656,3,7
44665,15,3657,3657,1,3
22334,14,3660,3660,1,3
11167,13,3657,3658,2,18
22335,14,3659,3659,1,3
89344,16,3662,3662,1,17
44672,15,3663,3664,2,3
11168,13,3665,3667,3,18
5584,12,3668,3670,3,7
2792,11,3671,3674,4,2
1396,10,3675,3684,10,11
698,9,3685,3703,19,12
349,8,3628,3660,33,9
89345,16,3661,3661,1,17
357384,18,3664,3664,1,17
44673,15,3661,3662,2,3
357385,18,3663,3663,1,17
178708,17,3666,3666,1,17
22338,14,3667,3667,1,3
11169,13,3661,3664,4,18
178709,17,3665,3665,1,17
22339,14,3665,3666,2,3
22340,14,3669,3670,2,18
5585,12,3661,3667,7,7
44682,15,3670,3670,1,3
22341,14,3668,3668,1,18
44683,15,3669,3669,1,3
44688,15,3672,3672,1,3
22344,14,3673,3673,1,18
11172,13,3674,3674,1,7
2793,11,3661,3670,10,2
44689,15,3671,3671,1,3
22345,14,3671,3672,2,18
11173,13,3671,3673,3,7
5588,12,3676,3679,4,7
2794,11,3680,3684,5,2
1397,10,3661,3674,14,11
22356,14,3677,3678,2,3
11178,13,3679,3679,1,18
5589,12,3675,3675,1,7
89428,16,3678,3678,1,17
22357,14,3676,3676,1,3
89429,16,3677,3677,1,17
11179,13,3676,3678,3,18
44724,15,3681,3681,1,18
5590,12,3682,3684,3,7
2795,11,3675,3679,5,2
44725,15,3680,3680,1,18
22364,14,3683,3683,1,3
11182,13,3684,3684,1,18
5591,12,3680,3681,2,7
22365,14,3682,3682,1,3
11183,13,3682,3683,2,18
5592,12,3686,3686,1,7
2796,11,3687,3692,6,2
1398,10,3693,3703,11,11
699,9,3661,3684,24,12
5593,12,3685,3685,1,7
5594,12,3688,3692,5,7
2797,11,3685,3686,2,2
1432370,20,3689,3689,1,17
22380,14,3690,3691,2,3
11190,13,3692,3692,1,18
5595,12,3687,3687,1,7
1432371,20,3688,3688,1,17
44762,15,3691,3691,1,17
22381,14,3688,3689,2,3
44763,15,3690,3690,1,17
11191,13,3688,3691,4,18
44770,15,3694,3694,1,3
11192,13,3695,3698,4,18
5596,12,3699,3700,2,7
2798,11,3701,3703,3,2
1399,10,3685,3692,8,11
44771,15,3693,3693,1,3
2865422,21,3696,3696,1,17
22386,14,3697,3698,2,3
11193,13,3693,3694,2,18
2865423,21,3695,3695,1,17
44774,15,3698,3698,1,17
22387,14,3695,3696,2,3
44775,15,3697,3697,1,17
11194,13,3700,3700,1,18
5597,12,3693,3698,6,7
11195,13,3699,3699,1,18
179140,17,3702,3702,1,18
5598,12,3703,3703,1,7
2799,11,3693,3700,8,2
179141,17,3701,3701,1,18
5599,12,3701,3702,2,7
22400,14,3705,3705,1,3
11200,13,3706,3707,2,18
5600,12,3708,3709,2,7
2800,11,3710,3715,6,2
1400,10,3716,3726,11,11
700,9,3727,3746,20,12
350,8,3747,3798,52,9
175,7,3628,3703,76,8
22401,14,3704,3704,1,3
22402,14,3707,3707,1,3
11201,13,3704,3705,2,18
22403,14,3706,3706,1,3
22404,14,3709,3709,1,18
5601,12,3704,3707,4,7
22405,14,3708,3708,1,18
179274,17,3711,3711,1,18
5602,12,3712,3715,4,7
2801,11,3704,3709,6,2
179275,17,3710,3710,1,18
11206,13,3713,3715,3,18
5603,12,3710,3711,2,7
44828,15,3714,3714,1,17
22414,14,3715,3715,1,3
11207,13,3712,3712,1,18
44829,15,3713,3713,1,17
22415,14,3713,3714,2,3
22418,14,3717,3718,2,18
5604,12,3719,3721,3,7
2802,11,3722,3726,5,2
1401,10,3704,3715,12,11
44838,15,3718,3718,1,3
22419,14,3716,3716,1,18
44839,15,3717,3717,1,3
11210,13,3720,3721,2,18
5605,12,3716,3718,3,7
22422,14,3721,3721,1,3
11211,13,3719,3719,1,18
22423,14,3720,3720,1,3
11212,13,3723,3724,2,18
5606,12,3725,3726,2,7
2803,11,3716,3721,6,2
44852,15,3724,3724,1,3
11213,13,3722,3722,1,18
44853,15,3723,3723,1,3
44856,15,3726,3726,1,18
5607,12,3722,3724,3,7
44857,15,3725,3725,1,18
22432,14,3728,3728,1,3
11216,13,3729,3729,1,18
5608,12,3730,3732,3,7
2804,11,3733,3737,5,2
1402,10,3738,3746,9,11
701,9,3704,3726,23,12
22433,14,3727,3727,1,3
11217,13,3727,3728,2,18
89748,16,3731,3731,1,3
11218,13,3732,3732,1,18
5609,12,3727,3729,3,7
89749,16,3730,3730,1,3
11219,13,3730,3731,2,18
22442,14,3734,3735,2,18
5610,12,3736,3737,2,7
2805,11,3727,3732,6,2
44886,15,3735,3735,1,3
22443,14,3733,3733,1,18
44887,15,3734,3734,1,3
11222,13,3737,3737,1,18
5611,12,3733,3735,3,7
11223,13,3736,3736,1,18
5612,12,3739,3741,3,7
2806,11,3742,3746,5,2
1403,10,3727,3737,11,11
22452,14,3740,3740,1,3
11226,13,3741,3741,1,18
5613,12,3738,3738,1,7
22453,14,3739,3739,1,3
11227,13,3739,3740,2,18
11228,13,3743,3744,2,18
5614,12,3745,3746,2,7
2807,11,3738,3741,4,2
44918,15,3744,3744,1,3
11229,13,3742,3742,1,18
44919,15,3743,3743,1,3
11230,13,3746,3746,1,18
5615,12,3742,3744,3,7
11231,13,3745,3745,1,18
11232,13,3748,3751,4,18
5616,12,3752,3753,2,7
2808,11,3754,3762,9,2
1404,10,3763,3778,16,11
702,9,3779,3798,20,12
351,8,3704,3746,43,9
89864,16,3749,3750,2,17
22466,14,3751,3751,1,3
11233,13,3747,3747,1,18
179730,17,3750,3750,1,1
89865,16,3748,3748,1,17
179731,17,3749,3749,1,1
22467,14,3748,3750,3,3
22468,14,3753,3753,1,18
5617,12,3747,3751,5,7
22469,14,3752,3752,1,18
11236,13,3755,3760,6,18
5618,12,3761,3762,2,7
2809,11,3747,3753,7,2
359600,18,3756,3756,1,1
89900,16,3757,3758,2,17
44950,15,3759,3760,2,3
11237,13,3754,3754,1,18
359601,18,3755,3755,1,1
359604,18,3758,3758,1,1
89901,16,3755,3756,2,17
359605,18,3757,3757,1,1
89902,16,3760,3760,1,17
44951,15,3755,3758,4,3
89903,16,3759,3759,1,17
11238,13,3762,3762,1,18
5619,12,3754,3760,7,7
11239,13,3761,3761,1,18
22480,14,3764,3764,1,3
11240,13,3765,3765,1,18
5620,12,3766,3770,5,7
2810,11,3771,3778,8,2
1405,10,3747,3762,16,11
22481,14,3763,3763,1,3
11241,13,3763,3764,2,18
89936,16,3767,3767,1,3
11242,13,3768,3770,3,18
5621,12,3763,3765,3,7
89937,16,3766,3766,1,3
44974,15,3769,3770,2,3
11243,13,3766,3767,2,18
719610,19,3770,3770,1,17
44975,15,3768,3768,1,3
719611,19,3769,3769,1,17
89954,16,3772,3773,2,3
11244,13,3774,3774,1,18
5622,12,3775,3778,4,7
2811,11,3763,3770,8,2
1439290,20,3773,3773,1,17
89955,16,3771,3771,1,3
1439291,20,3772,3772,1,17
11245,13,3771,3773,3,18
22492,14,3776,3777,2,3
11246,13,3778,3778,1,18
5623,12,3771,3774,4,7
44986,15,3777,3777,1,17
22493,14,3775,3775,1,3
44987,15,3776,3776,1,17
11247,13,3775,3777,3,18
22496,14,3780,3781,2,3
11248,13,3782,3783,2,18
5624,12,3784,3786,3,7
2812,11,3787,3790,4,2
1406,10,3791,3798,8,11
703,9,3747,3778,32,12
44994,15,3781,3781,1,17
22497,14,3779,3779,1,3
44995,15,3780,3780,1,17
22498,14,3783,3783,1,3
11249,13,3779,3781,3,18
22499,14,3782,3782,1,3
11250,13,3785,3786,2,18
5625,12,3779,3783,5,7
45004,15,3786,3786,1,3
11251,13,3784,3784,1,18
45005,15,3785,3785,1,3
11254,13,3788,3790,3,7
2813,11,3779,3786,8,2
22510,14,3789,3790,2,18
11255,13,3787,3787,1,7
720362,19,3790,3790,1,3
22511,14,3788,3788,1,18
720363,19,3789,3789,1,3
11256,13,3792,3792,1,18
5628,12,3793,3795,3,7
2814,11,3796,3798,3,2
1407,10,3779,3790,12,11
11257,13,3791,3791,1,18
22516,14,3794,3794,1,3
11258,13,3795,3795,1,18
5629,12,3791,3792,2,7
22517,14,3793,3793,1,3
11259,13,3793,3794,2,18
11260,13,3797,3797,1,18
5630,12,3798,3798,1,7
2815,11,3791,3795,5,2
11261,13,3796,3796,1,18
5631,12,3796,3797,2,7
22528,14,3800,3800,1,2
11264,13,3801,3803,3,17
5632,12,3804,3804,1,7
2816,11,3805,3809,5,3
1408,10,3810,3818,9,15
704,9,3819,3839,21,8
352,8,3840,3876,37,4
176,7,3877,3960,84,12
88,6,3961,4148,188,1
44,5,4149,4466,318,16
22,4,4467,5094,628,9
11,3,2494,3798,1305,10
22529,14,3799,3799,1,2
180244,17,3802,3802,1,18
22530,14,3803,3803,1,2
11265,13,3799,3800,2,17
180245,17,3801,3801,1,18
22531,14,3801,3802,2,2
5633,12,3799,3803,5,7
22536,14,3806,3807,2,17
5634,12,3808,3809,2,7
2817,11,3799,3804,6,3
360606,18,3807,3807,1,2
22537,14,3805,3805,1,17
360607,18,3806,3806,1,2
45082,15,3809,3809,1,17
5635,12,3805,3807,3,7
45083,15,3808,3808,1,17
11272,13,3811,3811,1,17
5636,12,3812,3814,3,7
2818,11,3815,3818,4,3
1409,10,3799,3809,11,15
11273,13,3810,3810,1,17
11274,13,3813,3814,2,17
5637,12,3810,3811,2,7
90206,16,3814,3814,1,2
11275,13,3812,3812,1,17
90207,16,3813,3813,1,2
11278,13,3816,3818,3,7
2819,11,3810,3814,5,3
22558,14,3817,3818,2,17
11279,13,3815,3815,1,7
360944,18,3818,3818,1,2
22559,14,3816,3816,1,17
360945,18,3817,3817,1,2
45126,15,3820,3820,1,17
5640,12,3821,3823,3,7
2820,11,3824,3824,1,3
1410,10,3825,3839,15,15
705,9,3799,3818,20,8
45127,15,3819,3819,1,17
722064,19,3822,3822,1,2
11282,13,3823,3823,1,17
5641,12,3819,3820,2,7
722065,19,3821,3821,1,2
11283,13,3821,3822,2,17
2821,11,3819,3823,5,3
45154,15,3826,3826,1,17
5644,12,3827,3832,6,7
2822,11,3833,3839,7,3
1411,10,3819,3824,6,15
45155,15,3825,3825,1,17
22580,14,3828,3828,1,2
11290,13,3829,3832,4,17
5645,12,3825,3826,2,7
22581,14,3827,3827,1,2
45164,15,3830,3831,2,18
22582,14,3832,3832,1,2
11291,13,3827,3828,2,17
90330,16,3831,3831,1,5
45165,15,3829,3829,1,18
90331,16,3830,3830,1,5
22583,14,3829,3831,3,2
22584,14,3834,3834,1,2
11292,13,3835,3835,1,17
5646,12,3836,3839,4,7
2823,11,3825,3832,8,3
22585,14,3833,3833,1,2
11293,13,3833,3834,2,17
45176,15,3837,3837,1,18
22588,14,3838,3838,1,2
11294,13,3839,3839,1,17
5647,12,3833,3835,3,7
45177,15,3836,3836,1,18
22589,14,3836,3837,2,2
11295,13,3836,3838,3,17
11296,13,3841,3842,2,17
5648,12,3843,3846,4,7
2824,11,3847,3852,6,3
1412,10,3853,3861,9,15
706,9,3862,3876,15,8
353,8,3799,3839,41,4
22594,14,3842,3842,1,2
11297,13,3840,3840,1,17
22595,14,3841,3841,1,2
180774,17,3844,3844,1,18
22596,14,3845,3845,1,2
11298,13,3846,3846,1,17
5649,12,3840,3842,3,7
180775,17,3843,3843,1,18
22597,14,3843,3844,2,2
11299,13,3843,3845,3,17
11300,13,3848,3849,2,17
5650,12,3850,3852,3,7
2825,11,3840,3846,7,3
22602,14,3849,3849,1,2
11301,13,3847,3847,1,17
22603,14,3848,3848,1,2
45208,15,3851,3851,1,2
11302,13,3852,3852,1,17
5651,12,3847,3849,3,7
45209,15,3850,3850,1,2
11303,13,3850,3851,2,17
11304,13,3854,3854,1,17
5652,12,3855,3860,6,7
2826,11,3861,3861,1,3
1413,10,3840,3852,13,15
11305,13,3853,3853,1,17
180916,17,3856,3856,1,2
22614,14,3857,3860,4,17
5653,12,3853,3854,2,7
180917,17,3855,3855,1,2
45230,15,3858,3860,3,2
22615,14,3855,3856,2,17
90462,16,3859,3860,2,18
45231,15,3857,3857,1,2
180926,17,3860,3860,1,5
90463,16,3858,3858,1,18
180927,17,3859,3859,1,5
2827,11,3853,3860,8,3
723978,19,3863,3863,1,7
2828,11,3864,3870,7,3
1414,10,3871,3876,6,15
707,9,3840,3861,22,8
723979,19,3862,3862,1,7
11316,13,3865,3867,3,17
5658,12,3868,3870,3,7
2829,11,3862,3863,2,3
22634,14,3866,3867,2,2
11317,13,3864,3864,1,17
90542,16,3867,3867,1,18
22635,14,3865,3865,1,2
90543,16,3866,3866,1,18
45272,15,3869,3869,1,2
11318,13,3870,3870,1,17
5659,12,3864,3867,4,7
45273,15,3868,3868,1,2
11319,13,3868,3869,2,17
11322,13,3872,3872,1,7
2830,11,3873,3876,4,3
1415,10,3862,3870,9,15
11323,13,3871,3871,1,7
11324,13,3874,3875,2,17
5662,12,3876,3876,1,7
2831,11,3871,3872,2,3
45302,15,3875,3875,1,2
11325,13,3873,3873,1,17
45303,15,3874,3874,1,2
5663,12,3873,3875,3,7
22656,14,3878,3879,2,2
11328,13,3880,3880,1,17
5664,12,3881,3881,1,7
2832,11,3882,3885,4,3
1416,10,3886,3898,13,15
708,9,3899,3924,26,8
354,8,3925,3960,36,4
177,7,3799,3876,78,12
362520,18,3879,3879,1,18
22657,14,3877,3877,1,2
362521,18,3878,3878,1,18
11329,13,3877,3879,3,17
5665,12,3877,3880,4,7
45334,15,3883,3883,1,17
5666,12,3884,3885,2,7
2833,11,3877,3881,5,3
45335,15,3882,3882,1,17
11334,13,3885,3885,1,17
5667,12,3882,3883,2,7
11335,13,3884,3884,1,17
45346,15,3887,3887,1,2
11336,13,3888,3888,1,17
5668,12,3889,3890,2,7
2834,11,3891,3898,8,3
1417,10,3877,3885,9,15
45347,15,3886,3886,1,2
11337,13,3886,3887,2,17
11338,13,3890,3890,1,17
5669,12,3886,3888,3,7
11339,13,3889,3889,1,17
22680,14,3892,3892,1,2
11340,13,3893,3894,2,17
5670,12,3895,3898,4,7
2835,11,3886,3890,5,3
22681,14,3891,3891,1,2
45364,15,3894,3894,1,2
11341,13,3891,3892,2,17
45365,15,3893,3893,1,2
11342,13,3896,3898,3,17
5671,12,3891,3894,4,7
181488,17,3897,3897,1,18
22686,14,3898,3898,1,2
11343,13,3895,3895,1,17
181489,17,3896,3896,1,18
22687,14,3896,3897,2,2
5672,12,3900,3904,5,7
2836,11,3905,3913,9,3
1418,10,3914,3924,11,15
709,9,3877,3898,22,8
45386,15,3901,3902,2,2
11346,13,3903,3904,2,17
5673,12,3899,3899,1,7
181548,17,3902,3902,1,18
45387,15,3900,3900,1,2
181549,17,3901,3901,1,18
90776,16,3904,3904,1,2
11347,13,3900,3902,3,17
90777,16,3903,3903,1,2
45394,15,3906,3906,1,2
11348,13,3907,3908,2,17
5674,12,3909,3913,5,7
2837,11,3899,3904,6,3
45395,15,3905,3905,1,2
45398,15,3908,3908,1,2
11349,13,3905,3906,2,17
45399,15,3907,3907,1,2
11350,13,3910,3913,4,17
5675,12,3905,3908,4,7
181620,17,3911,3911,1,18
22702,14,3912,3913,2,2
11351,13,3909,3909,1,17
181621,17,3910,3910,1,18
181630,17,3913,3913,1,18
22703,14,3910,3911,2,2
181631,17,3912,3912,1,18
45408,15,3915,3915,1,18
22704,14,3916,3916,1,2
11352,13,3917,3917,1,17
5676,12,3918,3919,2,7
2838,11,3920,3924,5,3
1419,10,3899,3913,15,15
45409,15,3914,3914,1,18
22705,14,3914,3915,2,2
11353,13,3914,3916,3,17
22708,14,3919,3919,1,17
5677,12,3914,3917,4,7
22709,14,3918,3918,1,17
11356,13,3921,3923,3,17
5678,12,3924,3924,1,7
2839,11,3914,3919,6,3
90858,16,3922,3923,2,2
11357,13,3920,3920,1,17
363438,18,3923,3923,1,18
90859,16,3921,3921,1,2
363439,18,3922,3922,1,18
5679,12,3920,3923,4,7
5680,12,3926,3927,2,7
2840,11,3928,3933,6,3
1420,10,3934,3940,7,15
710,9,3941,3960,20,8
355,8,3877,3924,48,4
11362,13,3927,3927,1,17
5681,12,3925,3925,1,7
11363,13,3926,3926,1,17
22728,14,3929,3929,1,2
11364,13,3930,3931,2,17
5682,12,3932,3933,2,7
2841,11,3925,3927,3,3
22729,14,3928,3928,1,2
22730,14,3931,3931,1,2
11365,13,3928,3929,2,17
22731,14,3930,3930,1,2
11366,13,3933,3933,1,17
5683,12,3928,3931,4,7
11367,13,3932,3932,1,17
22740,14,3935,3936,2,17
11370,13,3937,3938,2,7
2842,11,3939,3940,2,3
1421,10,3925,3933,9,15
363870,18,3936,3936,1,2
22741,14,3934,3934,1,17
363871,18,3935,3935,1,2
22742,14,3938,3938,1,17
11371,13,3934,3936,3,7
22743,14,3937,3937,1,17
11374,13,3940,3940,1,7
2843,11,3934,3938,5,3
11375,13,3939,3939,1,7
91012,16,3942,3942,1,17
5688,12,3943,3944,2,7
2844,11,3945,3948,4,3
1422,10,3949,3960,12,15
711,9,3925,3940,16,8
91013,16,3941,3941,1,17
182062,17,3944,3944,1,17
5689,12,3941,3942,2,7
182063,17,3943,3943,1,17
22760,14,3946,3947,2,17
5690,12,3948,3948,1,7
2845,11,3941,3944,4,3
45522,15,3947,3947,1,2
22761,14,3945,3945,1,17
45523,15,3946,3946,1,2
5691,12,3945,3947,3,7
11384,13,3950,3951,2,17
5692,12,3952,3953,2,7
2846,11,3954,3960,7,3
1423,10,3941,3948,8,15
22770,14,3951,3951,1,2
11385,13,3949,3949,1,17
22771,14,3950,3950,1,2
45544,15,3953,3953,1,17
5693,12,3949,3951,3,7
45545,15,3952,3952,1,17
45554,15,3955,3956,2,2
11388,13,3957,3957,1,17
5694,12,3958,3960,3,7
2847,11,3949,3953,5,3
182222,17,3956,3956,1,18
45555,15,3954,3954,1,2
182223,17,3955,3955,1,18
11389,13,3954,3956,3,17
91122,16,3959,3959,1,2
11390,13,3960,3960,1,17
5695,12,3954,3957,4,7
91123,16,3958,3958,1,2
11391,13,3958,3959,2,17
22784,14,3962,3963,2,2
11392,13,3964,3966,3,17
5696,12,3967,3968,2,7
2848,11,3969,3976,8,3
1424,10,3977,3989,13,15
712,9,3990,4013,24,8
356,8,4014,4057,44,4
178,7,4058,4148,91,12
89,6,3799,3960,162,1
182286,17,3963,3963,1,18
22785,14,3961,3961,1,2
182287,17,3962,3962,1,18
45572,15,3965,3966,2,2
11393,13,3961,3963,3,17
182294,17,3966,3966,1,18
45573,15,3964,3964,1,2
182295,17,3965,3965,1,18
45582,15,3968,3968,1,17
5697,12,3961,3966,6,7
45583,15,3967,3967,1,17
22792,14,3970,3970,1,2
11396,13,3971,3971,1,17
5698,12,3972,3976,5,7
2849,11,3961,3968,8,3
22793,14,3969,3969,1,2
11397,13,3969,3970,2,17
22796,14,3973,3973,1,2
11398,13,3974,3976,3,17
5699,12,3969,3971,3,7
22797,14,3972,3972,1,2
22798,14,3975,3976,2,2
11399,13,3972,3973,2,17
91196,16,3976,3976,1,18
22799,14,3974,3974,1,2
91197,16,3975,3975,1,18
45602,15,3978,3978,1,2
11400,13,3979,3979,1,17
5700,12,3980,3984,5,7
2850,11,3985,3989,5,3
1425,10,3961,3976,16,15
45603,15,3977,3977,1,2
11401,13,3977,3978,2,17
22804,14,3981,3981,1,2
11402,13,3982,3984,3,17
5701,12,3977,3979,3,7
22805,14,3980,3980,1,2
182448,17,3983,3983,1,18
22806,14,3984,3984,1,2
11403,13,3980,3981,2,17
182449,17,3982,3982,1,18
22807,14,3982,3983,2,2
5702,12,3986,3989,4,7
2851,11,3977,3984,8,3
11406,13,3987,3989,3,17
5703,12,3985,3985,1,7
45630,15,3988,3989,2,2
11407,13,3986,3986,1,17
1460214,20,3989,3989,1,18
45631,15,3987,3987,1,2
1460215,20,3988,3988,1,18
45632,15,3991,3991,1,2
22816,14,3992,3992,1,17
5704,12,3993,3995,3,7
2852,11,3996,4003,8,3
1426,10,4004,4013,10,15
713,9,3961,3989,29,8
45633,15,3990,3990,1,2
22817,14,3990,3991,2,17
182560,17,3994,3994,1,2
22820,14,3995,3995,1,17
5705,12,3990,3992,3,7
182561,17,3993,3993,1,2
22821,14,3993,3994,2,17
22826,14,3997,3997,1,17
5706,12,3998,4003,6,7
2853,11,3990,3995,6,3
22827,14,3996,3996,1,17
91312,16,3999,3999,1,18
45656,15,4000,4000,1,2
11414,13,4001,4003,3,17
5707,12,3996,3997,2,7
91313,16,3998,3998,1,18
45657,15,3998,3999,2,2
91320,16,4002,4002,1,18
22830,14,4003,4003,1,2
11415,13,3998,4000,3,17
91321,16,4001,4001,1,18
22831,14,4001,4002,2,2
22832,14,4005,4005,1,2
11416,13,4006,4007,2,17
5708,12,4008,4010,3,7
2854,11,4011,4013,3,3
1427,10,3990,4003,14,15
22833,14,4004,4004,1,2
22834,14,4007,4007,1,2
11417,13,4004,4005,2,17
22835,14,4006,4006,1,2
45672,15,4009,4009,1,2
11418,13,4010,4010,1,17
5709,12,4004,4007,4,7
45673,15,4008,4008,1,2
11419,13,4008,4009,2,17
5710,12,4012,4013,2,7
2855,11,4004,4010,7,3
45692,15,4013,4013,1,17
5711,12,4011,4011,1,7
45693,15,4012,4012,1,17
11424,13,4015,4015,1,17
5712,12,4016,4017,2,7
2856,11,4018,4020,3,3
1428,10,4021,4030,10,15
714,9,4031,4057,27,8
357,8,3961,4013,53,4
11425,13,4014,4014,1,17
11426,13,4017,4017,1,17
5713,12,4014,4015,2,7
11427,13,4016,4016,1,17
5714,12,4019,4020,2,7
2857,11,4014,4017,4,3
11430,13,4020,4020,1,17
5715,12,4018,4018,1,7
11431,13,4019,4019,1,17
11432,13,4022,4023,2,17
5716,12,4024,4025,2,7
2858,11,4026,4030,5,3
1429,10,4014,4020,7,15
45734,15,4023,4023,1,2
11433,13,4021,4021,1,17
45735,15,4022,4022,1,2
91486,16,4025,4025,1,17
5717,12,4021,4023,3,7
91487,16,4024,4024,1,17
11436,13,4027,4027,1,17
5718,12,4028,4030,3,7
2859,11,4021,4025,5,3
11437,13,4026,4026,1,17
22876,14,4029,4030,2,17
5719,12,4026,4027,2,7
45754,15,4030,4030,1,2
22877,14,4028,4028,1,17
45755,15,4029,4029,1,2
366100,18,4032,4032,1,2
11440,13,4033,4033,1,17
5720,12,4034,4039,6,7
2860,11,4040,4047,8,3
1430,10,4048,4057,10,15
715,9,4014,4030,17,8
366101,18,4031,4031,1,2
11441,13,4031,4032,2,17
22884,14,4035,4035,1,2
11442,13,4036,4039,4,17
5721,12,4031,4033,3,7
22885,14,4034,4034,1,2
183088,17,4037,4037,1,5
45772,15,4038,4038,1,18
22886,14,4039,4039,1,2
11443,13,4034,4035,2,17
183089,17,4036,4036,1,5
45773,15,4036,4037,2,18
22887,14,4036,4038,3,2
22888,14,4041,4041,1,2
11444,13,4042,4044,3,17
5722,12,4045,4047,3,7
2861,11,4031,4039,9,3
22889,14,4040,4040,1,2
91562,16,4043,4043,1,18
22890,14,4044,4044,1,2
11445,13,4040,4041,2,17
91563,16,4042,4042,1,18
22891,14,4042,4043,2,2
45784,15,4046,4046,1,2
11446,13,4047,4047,1,17
5723,12,4040,4044,5,7
45785,15,4045,4045,1,2
11447,13,4045,4046,2,17
732680,19,4049,4049,1,18
45792,15,4050,4050,1,2
11448,13,4051,4052,2,17
5724,12,4053,4053,1,7
2862,11,4054,4057,4,3
1431,10,4031,4047,17,15
732681,19,4048,4048,1,18
45793,15,4048,4049,2,2
183194,17,4052,4052,1,2
11449,13,4048,4050,3,17
183195,17,4051,4051,1,2
5725,12,4048,4052,5,7
5726,12,4055,4057,3,7
2863,11,4048,4053,6,3
22908,14,4056,4056,1,2
11454,13,4057,4057,1,17
5727,12,4054,4054,1,7
22909,14,4055,4055,1,2
11455,13,4055,4056,2,17
11456,13,4059,4059,1,17
5728,12,4060,4060,1,7
2864,11,4061,4064,4,3
1432,10,4065,4079,15,15
716,9,4080,4101,22,8
358,8,4102,4148,47,4
179,7,3961,4057,97,12
11457,13,4058,4058,1,17
5729,12,4058,4059,2,7
5730,12,4062,4064,3,7
2865,11,4058,4060,3,3
45850,15,4063,4063,1,2
11462,13,4064,4064,1,17
5731,12,4061,4061,1,7
45851,15,4062,4062,1,2
11463,13,4062,4063,2,17
5732,12,4066,4069,4,7
2866,11,4070,4079,10,3
1433,10,4058,4064,7,15
22932,14,4067,4068,2,2
11466,13,4069,4069,1,17
5733,12,4065,4065,1,7
91734,16,4068,4068,1,18
22933,14,4066,4066,1,2
91735,16,4067,4067,1,18
11467,13,4066,4068,3,17
91744,16,4071,4071,1,18
22936,14,4072,4073,2,2
11468,13,4074,4076,3,17
5734,12,4077,4079,3,7
2867,11,4065,4069,5,3
91745,16,4070,4070,1,18
183500,17,4073,4073,1,18
22937,14,4070,4071,2,2
183501,17,4072,4072,1,18
22938,14,4075,4076,2,2
11469,13,4070,4073,4,17
91756,16,4076,4076,1,18
22939,14,4074,4074,1,2
91757,16,4075,4075,1,18
45884,15,4078,4078,1,2
22942,14,4079,4079,1,17
5735,12,4070,4076,7,7
45885,15,4077,4077,1,2
22943,14,4077,4078,2,17
5736,12,4081,4082,2,7
2868,11,4083,4088,6,3
1434,10,4089,4101,13,15
717,9,4058,4079,22,8
11474,13,4082,4082,1,17
5737,12,4080,4080,1,7
11475,13,4081,4081,1,17
367240,18,4084,4084,1,18
91810,16,4085,4085,1,2
11476,13,4086,4086,1,17
5738,12,4087,4088,2,7
2869,11,4080,4082,3,3
367241,18,4083,4083,1,18
91811,16,4083,4084,2,2
11477,13,4083,4085,3,17
45912,15,4088,4088,1,17
5739,12,4083,4086,4,7
45913,15,4087,4087,1,17
22960,14,4090,4091,2,17
5740,12,4092,4093,2,7
2870,11,4094,4101,8,3
1435,10,4080,4088,9,15
183692,17,4091,4091,1,2
22961,14,4089,4089,1,17
183693,17,4090,4090,1,2
11482,13,4093,4093,1,17
5741,12,4089,4091,3,7
11483,13,4092,4092,1,17
45938,15,4095,4095,1,17
5742,12,4096,4101,6,7
2871,11,4089,4093,5,3
45939,15,4094,4094,1,17
45944,15,4097,4097,1,18
22972,14,4098,4099,2,2
11486,13,4100,4101,2,17
5743,12,4094,4095,2,7
45945,15,4096,4096,1,18
91892,16,4099,4099,1,18
22973,14,4096,4097,2,2
91893,16,4098,4098,1,18
367598,18,4101,4101,1,2
11487,13,4096,4099,4,17
367599,18,4100,4100,1,2
11488,13,4103,4105,3,17
5744,12,4106,4107,2,7
2872,11,4108,4114,7,3
1436,10,4115,4128,14,15
718,9,4129,4148,20,8
359,8,4058,4101,44,4
22978,14,4104,4105,2,2
11489,13,4102,4102,1,17
367666,18,4105,4105,1,18
22979,14,4103,4103,1,2
367667,18,4104,4104,1,18
11490,13,4107,4107,1,17
5745,12,4102,4105,4,7
11491,13,4106,4106,1,17
45970,15,4109,4109,1,17
5746,12,4110,4114,5,7
2873,11,4102,4107,6,3
45971,15,4108,4108,1,17
22988,14,4111,4112,2,2
11494,13,4113,4114,2,17
5747,12,4108,4109,2,7
91958,16,4112,4112,1,18
22989,14,4110,4110,1,2
91959,16,4111,4111,1,18
22990,14,4114,4114,1,2
11495,13,4110,4112,3,17
22991,14,4113,4113,1,2
11496,13,4116,4116,1,17
5748,12,4117,4121,5,7
2874,11,4122,4128,7,3
1437,10,4102,4114,13,15
11497,13,4115,4115,1,17
45994,15,4118,4118,1,2
11498,13,4119,4121,3,17
5749,12,4115,4116,2,7
45995,15,4117,4117,1,2
45996,15,4120,4121,2,2
11499,13,4117,4118,2,17
367976,18,4121,4121,1,18
45997,15,4119,4119,1,2
367977,18,4120,4120,1,18
46002,15,4123,4123,1,2
11500,13,4124,4125,2,17
5750,12,4126,4128,3,7
2875,11,4115,4121,7,3
46003,15,4122,4122,1,2
46006,15,4125,4125,1,2
11501,13,4122,4123,2,17
46007,15,4124,4124,1,2
23006,14,4127,4128,2,17
5751,12,4122,4125,4,7
46014,15,4128,4128,1,2
23007,14,4126,4126,1,17
46015,15,4127,4127,1,2
46018,15,4130,4130,1,17
5752,12,4131,4133,3,7
2876,11,4134,4140,7,3
1438,10,4141,4148,8,15
719,9,4102,4128,27,8
46019,15,4129,4129,1,17
23014,14,4132,4133,2,17
5753,12,4129,4130,2,7
368250,18,4133,4133,1,2
23015,14,4131,4131,1,17
368251,18,4132,4132,1,2
92066,16,4135,4135,1,18
23016,14,4136,4136,1,2
11508,13,4137,4138,2,17
5754,12,4139,4140,2,7
2877,11,4129,4133,5,3
92067,16,4134,4134,1,18
23017,14,4134,4135,2,2
46036,15,4138,4138,1,2
11509,13,4134,4136,3,17
46037,15,4137,4137,1,2
92080,16,4140,4140,1,17
5755,12,4134,4138,5,7
92081,16,4139,4139,1,17
11512,13,4142,4142,1,17
5756,12,4143,4144,2,7
2878,11,4145,4148,4,3
1439,10,4129,4140,12,15
11513,13,4141,4141,1,17
11514,13,4144,4144,1,17
5757,12,4141,4142,2,7
11515,13,4143,4143,1,17
5758,12,4146,4148,3,7
2879,11,4141,4144,4,3
23036,14,4147,4147,1,2
11518,13,4148,4148,1,17
5759,12,4145,4145,1,7
23037,14,4146,4146,1,2
11519,13,4146,4147,2,17
11520,13,4150,4150,1,17
5760,12,4151,4151,1,7
2880,11,4152,4155,4,3
1440,10,4156,4163,8,15
720,9,4164,4185,22,8
360,8,4186,4226,41,4
180,7,4227,4296,70,12
90,6,4297,4466,170,1
45,5,3799,4148,350,16
11521,13,4149,4149,1,17
5761,12,4149,4150,2,7
5762,12,4153,4155,3,7
2881,11,4149,4151,3,3
11526,13,4154,4155,2,17
5763,12,4152,4152,1,7
46108,15,4155,4155,1,2
11527,13,4153,4153,1,17
46109,15,4154,4154,1,2
1475600,20,4157,4157,1,2
46112,15,4158,4158,1,17
5764,12,4159,4160,2,7
2882,11,4161,4163,3,3
1441,10,4149,4155,7,15
1475601,20,4156,4156,1,2
46113,15,4156,4157,2,17
23060,14,4160,4160,1,17
5765,12,4156,4158,3,7
23061,14,4159,4159,1,17
5766,12,4162,4163,2,7
2883,11,4156,4160,5,3
11534,13,4163,4163,1,17
5767,12,4161,4161,1,7
11535,13,4162,4162,1,17
11536,13,4165,4166,2,17
5768,12,4167,4169,3,7
2884,11,4170,4171,2,3
1442,10,4172,4185,14,15
721,9,4149,4163,15,8
92302,16,4166,4166,1,2
11537,13,4164,4164,1,17
92303,16,4165,4165,1,2
11538,13,4168,4169,2,17
5769,12,4164,4166,3,7
23078,14,4169,4169,1,2
11539,13,4167,4167,1,17
23079,14,4168,4168,1,2
5770,12,4171,4171,1,7
2885,11,4164,4169,6,3
5771,12,4170,4170,1,7
46176,15,4173,4173,1,18
23088,14,4174,4174,1,2
11544,13,4175,4175,1,17
5772,12,4176,4178,3,7
2886,11,4179,4185,7,3
1443,10,4164,4171,8,15
46177,15,4172,4172,1,18
23089,14,4172,4173,2,2
11545,13,4172,4174,3,17
184736,17,4177,4177,1,2
23092,14,4178,4178,1,17
5773,12,4172,4175,4,7
184737,17,4176,4176,1,2
23093,14,4176,4177,2,17
11548,13,4180,4182,3,17
5774,12,4183,4185,3,7
2887,11,4172,4178,7,3
23098,14,4181,4182,2,2
11549,13,4179,4179,1,17
46198,15,4182,4182,1,18
23099,14,4180,4180,1,2
46199,15,4181,4181,1,18
92410,16,4184,4184,1,2
23102,14,4185,4185,1,17
5775,12,4179,4182,4,7
92411,16,4183,4183,1,2
23103,14,4183,4184,2,17
11552,13,4187,4187,1,17
5776,12,4188,4189,2,7
2888,11,4190,4195,6,3
1444,10,4196,4200,5,15
722,9,4201,4226,26,8
361,8,4149,4185,37,4
11553,13,4186,4186,1,17
11554,13,4189,4189,1,17
5777,12,4186,4187,2,7
11555,13,4188,4188,1,17
11556,13,4191,4192,2,17
5778,12,4193,4195,3,7
2889,11,4186,4189,4,3
23114,14,4192,4192,1,2
11557,13,4190,4190,1,17
23115,14,4191,4191,1,2
184946,17,4194,4194,1,2
23118,14,4195,4195,1,17
5779,12,4190,4192,3,7
184947,17,4193,4193,1,2
23119,14,4193,4194,2,17
5780,12,4197,4198,2,7
2890,11,4199,4200,2,3
1445,10,4186,4195,10,15
11562,13,4198,4198,1,17
5781,12,4196,4196,1,7
11563,13,4197,4197,1,17
11566,13,4200,4200,1,7
2891,11,4196,4198,3,3
11567,13,4199,4199,1,7
5784,12,4202,4206,5,7
2892,11,4207,4210,4,3
1446,10,4211,4226,16,15
723,9,4186,4200,15,8
46280,15,4203,4203,1,18
23140,14,4204,4204,1,2
11570,13,4205,4206,2,17
5785,12,4201,4201,1,7
46281,15,4202,4202,1,18
23141,14,4202,4203,2,2
23142,14,4206,4206,1,2
11571,13,4202,4204,3,17
23143,14,4205,4205,1,2
23146,14,4208,4208,1,17
5786,12,4209,4210,2,7
2893,11,4201,4206,6,3
23147,14,4207,4207,1,17
11574,13,4210,4210,1,17
5787,12,4207,4208,2,7
11575,13,4209,4209,1,17
92608,16,4212,4212,1,5
46304,15,4213,4213,1,18
23152,14,4214,4214,1,2
11576,13,4215,4216,2,17
5788,12,4217,4220,4,7
2894,11,4221,4226,6,3
1447,10,4201,4210,10,15
92609,16,4211,4211,1,5
46305,15,4211,4212,2,18
23153,14,4211,4213,3,2
23154,14,4216,4216,1,2
11577,13,4211,4214,4,17
23155,14,4215,4215,1,2
185250,17,4218,4218,1,18
46312,15,4219,4219,1,2
23156,14,4220,4220,1,17
5789,12,4211,4216,6,7
185251,17,4217,4217,1,18
46313,15,4217,4218,2,2
23157,14,4217,4219,3,17
46320,15,4222,4222,1,17
5790,12,4223,4226,4,7
2895,11,4211,4220,10,3
46321,15,4221,4221,1,17
46328,15,4224,4224,1,2
23164,14,4225,4226,2,17
5791,12,4221,4222,2,7
46329,15,4223,4223,1,2
46330,15,4226,4226,1,2
23165,14,4223,4224,2,17
46331,15,4225,4225,1,2
11584,13,4228,4229,2,17
5792,12,4230,4231,2,7
2896,11,4232,4238,7,3
1448,10,4239,4248,10,15
724,9,4249,4268,20,8
362,8,4269,4296,28,4
181,7,4149,4226,78,12
46342,15,4229,4229,1,2
11585,13,4227,4227,1,17
46343,15,4228,4228,1,2
11586,13,4231,4231,1,17
5793,12,4227,4229,3,7
11587,13,4230,4230,1,17
23176,14,4233,4234,2,2
11588,13,4235,4236,2,17
5794,12,4237,4238,2,7
2897,11,4227,4231,5,3
92710,16,4234,4234,1,18
23177,14,4232,4232,1,2
92711,16,4233,4233,1,18
23178,14,4236,4236,1,2
11589,13,4232,4234,3,17
23179,14,4235,4235,1,2
11590,13,4238,4238,1,17
5795,12,4232,4236,5,7
11591,13,4237,4237,1,17
23184,14,4240,4240,1,17
5796,12,4241,4243,3,7
2898,11,4244,4248,5,3
1449,10,4227,4238,12,15
23185,14,4239,4239,1,17
46376,15,4242,4242,1,2
11594,13,4243,4243,1,17
5797,12,4239,4240,2,7
46377,15,4241,4241,1,2
11595,13,4241,4242,2,17
46390,15,4245,4245,1,17
5798,12,4246,4248,3,7
2899,11,4239,4243,5,3
46391,15,4244,4244,1,17
23196,14,4247,4247,1,2
11598,13,4248,4248,1,17
5799,12,4244,4245,2,7
23197,14,4246,4246,1,2
11599,13,4246,4247,2,17
5800,12,4250,4250,1,7
2900,11,4251,4260,10,3
1450,10,4261,4268,8,15
725,9,4227,4248,22,8
5801,12,4249,4249,1,7
23208,14,4252,4252,1,2
11604,13,4253,4256,4,17
5802,12,4257,4260,4,7
2901,11,4249,4250,2,3
23209,14,4251,4251,1,2
46422,15,4254,4256,3,2
11605,13,4251,4252,2,17
371386,18,4255,4255,1,5
92846,16,4256,4256,1,18
46423,15,4253,4253,1,2
371387,18,4254,4254,1,5
92847,16,4254,4255,2,18
46424,15,4258,4258,1,18
23212,14,4259,4259,1,2
11606,13,4260,4260,1,17
5803,12,4251,4256,6,7
46425,15,4257,4257,1,18
23213,14,4257,4258,2,2
11607,13,4257,4259,3,17
23216,14,4262,4262,1,17
5804,12,4263,4264,2,7
2902,11,4265,4268,4,3
1451,10,4249,4260,12,15
23217,14,4261,4261,1,17
23220,14,4264,4264,1,17
5805,12,4261,4262,2,7
23221,14,4263,4263,1,17
2973226,21,4266,4266,1,2
23228,14,4267,4267,1,17
11614,13,4268,4268,1,7
2903,11,4261,4264,4,3
2973227,21,4265,4265,1,2
23229,14,4265,4266,2,17
11615,13,4265,4267,3,7
11616,13,4270,4270,1,7
2904,11,4271,4271,1,3
1452,10,4272,4280,9,15
726,9,4281,4296,16,8
363,8,4227,4268,42,4
11617,13,4269,4269,1,7
2905,11,4269,4270,2,3
5812,12,4273,4274,2,7
2906,11,4275,4280,6,3
1453,10,4269,4271,3,15
11626,13,4274,4274,1,17
5813,12,4272,4272,1,7
11627,13,4273,4273,1,17
23260,14,4276,4277,2,17
11630,13,4278,4280,3,7
2907,11,4272,4274,3,3
46522,15,4277,4277,1,2
23261,14,4275,4275,1,17
46523,15,4276,4276,1,2
46524,15,4279,4279,1,2
23262,14,4280,4280,1,17
11631,13,4275,4277,3,7
46525,15,4278,4278,1,2
23263,14,4278,4279,2,17
5816,12,4282,4282,1,7
2908,11,4283,4288,6,3
1454,10,4289,4296,8,15
727,9,4269,4280,12,8
5817,12,4281,4281,1,7
11636,13,4284,4285,2,17
5818,12,4286,4288,3,7
2909,11,4281,4282,2,3
46548,15,4285,4285,1,2
11637,13,4283,4283,1,17
46549,15,4284,4284,1,2
23278,14,4287,4288,2,17
5819,12,4283,4285,3,7
46558,15,4288,4288,1,2
23279,14,4286,4286,1,17
46559,15,4287,4287,1,2
23280,14,4290,4290,1,2
11640,13,4291,4291,1,17
5820,12,4292,4294,3,7
2910,11,4295,4296,2,3
1455,10,4281,4288,8,15
23281,14,4289,4289,1,2
11641,13,4289,4290,2,17
11642,13,4293,4294,2,17
5821,12,4289,4291,3,7
23286,14,4294,4294,1,2
11643,13,4292,4292,1,17
23287,14,4293,4293,1,2
93158,16,4296,4296,1,7
2911,11,4289,4294,6,3
93159,16,4295,4295,1,7
11648,13,4298,4298,1,17
5824,12,4299,4302,4,7
2912,11,4303,4307,5,3
1456,10,4308,4324,17,15
728,9,4325,4339,15,8
364,8,4340,4380,41,4
182,7,4381,4466,86,12
91,6,4149,4296,148,1
11649,13,4297,4297,1,17
93204,16,4300,4300,1,18
46602,15,4301,4301,1,2
11650,13,4302,4302,1,17
5825,12,4297,4298,2,7
93205,16,4299,4299,1,18
46603,15,4299,4300,2,2
11651,13,4299,4301,3,17
5826,12,4304,4307,4,7
2913,11,4297,4302,6,3
46618,15,4305,4305,1,2
11654,13,4306,4307,2,17
5827,12,4303,4303,1,7
46619,15,4304,4304,1,2
23310,14,4307,4307,1,2
11655,13,4304,4305,2,17
23311,14,4306,4306,1,2
23312,14,4309,4310,2,2
11656,13,4311,4313,3,17
5828,12,4314,4316,3,7
2914,11,4317,4324,8,3
1457,10,4297,4307,11,15
46626,15,4310,4310,1,18
23313,14,4308,4308,1,2
46627,15,4309,4309,1,18
23314,14,4312,4313,2,2
11657,13,4308,4310,3,17
93262,16,4313,4313,1,18
23315,14,4311,4311,1,2
93263,16,4312,4312,1,18
11658,13,4315,4316,2,17
5829,12,4308,4313,6,7
46636,15,4316,4316,1,2
11659,13,4314,4314,1,17
46637,15,4315,4315,1,2
23320,14,4318,4318,1,2
11660,13,4319,4319,1,17
5830,12,4320,4324,5,7
2915,11,4308,4316,9,3
23321,14,4317,4317,1,2
11661,13,4317,4318,2,17
46648,15,4321,4321,1,18
23324,14,4322,4322,1,2
11662,13,4323,4324,2,17
5831,12,4317,4319,3,7
46649,15,4320,4320,1,18
23325,14,4320,4321,2,2
23326,14,4324,4324,1,2
11663,13,4320,4322,3,17
23327,14,4323,4323,1,2
93340,16,4326,4326,1,17
46670,15,4327,4328,2,7
2916,11,4329,4334,6,3
1458,10,4335,4339,5,15
729,9,4297,4324,28,8
93341,16,4325,4325,1,17
23895862,24,4328,4328,1,17
46671,15,4325,4326,2,7
23895863,24,4327,4327,1,17
11668,13,4330,4332,3,17
5834,12,4333,4334,2,7
2917,11,4325,4328,4,3
46676,15,4331,4332,2,2
11669,13,4329,4329,1,17
186708,17,4332,4332,1,18
46677,15,4330,4330,1,2
186709,17,4331,4331,1,18
11670,13,4334,4334,1,17
5835,12,4329,4332,4,7
11671,13,4333,4333,1,17
23346,14,4336,4336,1,7
2918,11,4337,4339,3,3
1459,10,4325,4334,10,15
23347,14,4335,4335,1,7
11676,13,4338,4338,1,17
5838,12,4339,4339,1,7
2919,11,4335,4336,2,3
11677,13,4337,4337,1,17
5839,12,4337,4338,2,7
373830,18,4341,4341,1,17
23364,14,4342,4342,1,7
2920,11,4343,4348,6,3
1460,10,4349,4354,6,15
730,9,4355,4380,26,8
365,8,4297,4339,43,4
373831,18,4340,4340,1,17
23365,14,4340,4341,2,7
23368,14,4344,4344,1,2
11684,13,4345,4347,3,17
5842,12,4348,4348,1,7
2921,11,4340,4342,3,3
23369,14,4343,4343,1,2
23370,14,4346,4347,2,2
11685,13,4343,4344,2,17
46742,15,4347,4347,1,18
23371,14,4345,4345,1,2
46743,15,4346,4346,1,18
5843,12,4343,4347,5,7
5844,12,4350,4350,1,7
2922,11,4351,4354,4,3
1461,10,4340,4348,9,15
5845,12,4349,4349,1,7
5846,12,4352,4354,3,7
2923,11,4349,4350,2,3
23388,14,4353,4353,1,2
11694,13,4354,4354,1,17
5847,12,4351,4351,1,7
23389,14,4352,4352,1,2
11695,13,4352,4353,2,17
46790,15,4356,4356,1,17
5848,12,4357,4357,1,7
2924,11,4358,4365,8,3
1462,10,4366,4380,15,15
731,9,4340,4354,15,8
46791,15,4355,4355,1,17
5849,12,4355,4356,2,7
46802,15,4359,4361,3,2
11700,13,4362,4362,1,17
5850,12,4363,4365,3,7
2925,11,4355,4357,3,3
374430,18,4360,4361,2,18
46803,15,4358,4358,1,2
748862,19,4361,4361,1,5
374431,18,4359,4359,1,18
748863,19,4360,4360,1,5
11701,13,4358,4361,4,17
93616,16,4364,4364,1,2
46808,15,4365,4365,1,17
5851,12,4358,4362,5,7
93617,16,4363,4363,1,2
46809,15,4363,4364,2,17
93634,16,4367,4367,1,2
23408,14,4368,4368,1,17
5852,12,4369,4372,4,7
2926,11,4373,4380,8,3
1463,10,4355,4365,11,15
93635,16,4366,4366,1,2
23409,14,4366,4367,2,17
11706,13,4370,4372,3,17
5853,12,4366,4368,3,7
46828,15,4371,4371,1,18
23414,14,4372,4372,1,2
11707,13,4369,4369,1,17
46829,15,4370,4370,1,18
23415,14,4370,4371,2,2
374700,18,4374,4374,1,2
23418,14,4375,4375,1,17
5854,12,4376,4380,5,7
2927,11,4366,4372,7,3
374701,18,4373,4373,1,2
23419,14,4373,4374,2,17
23420,14,4377,4377,1,2
11710,13,4378,4380,3,17
5855,12,4373,4375,3,7
23421,14,4376,4376,1,2
374772,18,4379,4379,1,18
46846,15,4380,4380,1,2
11711,13,4376,4377,2,17
374773,18,4378,4378,1,18
46847,15,4378,4379,2,2
11712,13,4382,4383,2,7
2928,11,4384,4388,5,3
1464,10,4389,4403,15,15
732,9,4404,4424,21,8
366,8,4425,4466,42,4
183,7,4297,4380,84,12
46854,15,4383,4383,1,17
11713,13,4381,4381,1,7
46855,15,4382,4382,1,17
11716,13,4385,4386,2,17
5858,12,4387,4388,2,7
2929,11,4381,4383,3,3
187484,17,4386,4386,1,2
11717,13,4384,4384,1,17
187485,17,4385,4385,1,2
23436,14,4388,4388,1,17
5859,12,4384,4386,3,7
23437,14,4387,4387,1,17
5860,12,4390,4396,7,7
2930,11,4397,4403,7,3
1465,10,4381,4388,8,15
375106,18,4391,4391,1,18
23444,14,4392,4392,1,2
11722,13,4393,4396,4,17
5861,12,4389,4389,1,7
375107,18,4390,4390,1,18
23445,14,4390,4391,2,2
375136,18,4394,4394,1,18
23446,14,4395,4396,2,2
11723,13,4390,4392,3,17
375137,18,4393,4393,1,18
187578,17,4396,4396,1,18
23447,14,4393,4394,2,2
187579,17,4395,4395,1,18
46898,15,4398,4398,1,2
11724,13,4399,4401,3,17
5862,12,4402,4403,2,7
2931,11,4389,4396,8,3
46899,15,4397,4397,1,2
375208,18,4400,4400,1,18
23450,14,4401,4401,1,2
11725,13,4397,4398,2,17
375209,18,4399,4399,1,18
23451,14,4399,4400,2,2
11726,13,4403,4403,1,17
5863,12,4397,4401,5,7
11727,13,4402,4402,1,17
5864,12,4405,4406,2,7
2932,11,4407,4410,4,3
1466,10,4411,4424,14,15
733,9,4381,4403,23,8
23462,14,4406,4406,1,17
5865,12,4404,4404,1,7
23463,14,4405,4405,1,17
23466,14,4408,4408,1,17
5866,12,4409,4410,2,7
2933,11,4404,4406,3,3
23467,14,4407,4407,1,17
46936,15,4410,4410,1,17
5867,12,4407,4408,2,7
46937,15,4409,4409,1,17
11736,13,4412,4415,4,17
5868,12,4416,4419,4,7
2934,11,4420,4424,5,3
1467,10,4404,4410,7,15
23474,14,4413,4415,3,2
11737,13,4411,4411,1,17
187800,17,4414,4414,1,5
46950,15,4415,4415,1,18
23475,14,4412,4412,1,2
187801,17,4413,4413,1,5
46951,15,4413,4414,2,18
93906,16,4417,4417,1,18
23476,14,4418,4418,1,2
11738,13,4419,4419,1,17
5869,12,4411,4415,5,7
93907,16,4416,4416,1,18
23477,14,4416,4417,2,2
11739,13,4416,4418,3,17
23480,14,4421,4421,1,2
11740,13,4422,4423,2,17
5870,12,4424,4424,1,7
2935,11,4411,4419,9,3
23481,14,4420,4420,1,2
187868,17,4423,4423,1,2
11741,13,4420,4421,2,17
187869,17,4422,4422,1,2
5871,12,4420,4423,4,7
11744,13,4426,4428,3,17
5872,12,4429,4431,3,7
2936,11,4432,4436,5,3
1468,10,4437,4448,12,15
734,9,4449,4466,18,8
367,8,4381,4424,44,4
23490,14,4427,4428,2,2
11745,13,4425,4425,1,17
46982,15,4428,4428,1,18
23491,14,4426,4426,1,2
46983,15,4427,4427,1,18
46984,15,4430,4430,1,2
11746,13,4431,4431,1,17
5873,12,4425,4428,4,7
46985,15,4429,4429,1,2
11747,13,4429,4430,2,17
11748,13,4433,4435,3,17
5874,12,4436,4436,1,7
2937,11,4425,4431,7,3
46996,15,4434,4434,1,18
23498,14,4435,4435,1,2
11749,13,4432,4432,1,17
46997,15,4433,4433,1,18
23499,14,4433,4434,2,2
5875,12,4432,4435,4,7
47012,15,4438,4438,1,17
5876,12,4439,4440,2,7
2938,11,4441,4448,8,3
1469,10,4425,4436,12,15
47013,15,4437,4437,1,17
11754,13,4440,4440,1,17
5877,12,4437,4438,2,7
11755,13,4439,4439,1,17
23512,14,4442,4442,1,2
11756,13,4443,4445,3,17
5878,12,4446,4448,3,7
2939,11,4437,4440,4,3
23513,14,4441,4441,1,2
23514,14,4444,4445,2,2
11757,13,4441,4442,2,17
47030,15,4445,4445,1,18
23515,14,4443,4443,1,2
47031,15,4444,4444,1,18
23518,14,4447,4448,2,17
5879,12,4441,4445,5,7
94078,16,4448,4448,1,2
23519,14,4446,4446,1,17
94079,16,4447,4447,1,2
23522,14,4450,4450,1,17
5880,12,4451,4453,3,7
2940,11,4454,4457,4,3
1470,10,4458,4466,9,15
735,9,4425,4448,24,8
23523,14,4449,4449,1,17
23524,14,4452,4452,1,2
11762,13,4453,4453,1,17
5881,12,4449,4450,2,7
23525,14,4451,4451,1,2
11763,13,4451,4452,2,17
11764,13,4455,4456,2,17
5882,12,4457,4457,1,7
2941,11,4449,4453,5,3
23530,14,4456,4456,1,2
11765,13,4454,4454,1,17
23531,14,4455,4455,1,2
5883,12,4454,4456,3,7
94144,16,4459,4459,1,2
11768,13,4460,4461,2,17
5884,12,4462,4463,2,7
2942,11,4464,4466,3,3
1471,10,4449,4457,9,15
94145,16,4458,4458,1,2
23538,14,4461,4461,1,2
11769,13,4458,4459,2,17
23539,14,4460,4460,1,2
11770,13,4463,4463,1,17
5885,12,4458,4461,4,7
11771,13,4462,4462,1,17
11772,13,4465,4466,2,7
2943,11,4458,4463,6,3
23546,14,4466,4466,1,17
11773,13,4464,4464,1,7
23547,14,4465,4465,1,17
5888,12,4468,4470,3,7
2944,11,4471,4475,5,3
1472,10,4476,4487,12,15
736,9,4488,4508,21,8
368,8,4509,4543,35,4
184,7,4544,4640,97,12
92,6,4641,4804,164,1
46,5,4805,5094,290,16
23,4,3799,4466,668,9
47112,15,4469,4469,1,2
23556,14,4470,4470,1,17
5889,12,4467,4467,1,7
47113,15,4468,4468,1,2
23557,14,4468,4469,2,17
23560,14,4472,4473,2,2
11780,13,4474,4474,1,17
5890,12,4475,4475,1,7
2945,11,4467,4470,4,3
94244,16,4473,4473,1,18
23561,14,4471,4471,1,2
94245,16,4472,4472,1,18
11781,13,4471,4473,3,17
5891,12,4471,4474,4,7
3016818,21,4477,4477,1,2
23568,14,4478,4478,1,17
5892,12,4479,4481,3,7
2946,11,4482,4487,6,3
1473,10,4467,4475,9,15
3016819,21,4476,4476,1,2
23569,14,4476,4477,2,17
23572,14,4480,4480,1,2
11786,13,4481,4481,1,17
5893,12,4476,4478,3,7
23573,14,4479,4479,1,2
11787,13,4479,4480,2,17
47156,15,4483,4484,2,2
23578,14,4485,4485,1,17
5894,12,4486,4487,2,7
2947,11,4476,4481,6,3
94314,16,4484,4484,1,18
47157,15,4482,4482,1,2
94315,16,4483,4483,1,18
23579,14,4482,4484,3,17
23582,14,4487,4487,1,17
5895,12,4482,4485,4,7
23583,14,4486,4486,1,17
11792,13,4489,4489,1,17
5896,12,4490,4494,5,7
2948,11,4495,4502,8,3
1474,10,4503,4508,6,15
737,9,4467,4487,21,8
11793,13,4488,4488,1,17
94354,16,4491,4491,1,2
11794,13,4492,4494,3,17
5897,12,4488,4489,2,7
94355,16,4490,4490,1,2
47180,15,4493,4493,1,18
23590,14,4494,4494,1,2
11795,13,4490,4491,2,17
47181,15,4492,4492,1,18
23591,14,4492,4493,2,2
11796,13,4496,4498,3,17
5898,12,4499,4502,4,7
2949,11,4488,4494,7,3
23594,14,4497,4498,2,2
11797,13,4495,4495,1,17
94380,16,4498,4498,1,18
23595,14,4496,4496,1,2
94381,16,4497,4497,1,18
23596,14,4500,4500,1,2
11798,13,4501,4502,2,17
5899,12,4495,4498,4,7
23597,14,4499,4499,1,2
23598,14,4502,4502,1,2
11799,13,4499,4500,2,17
23599,14,4501,4501,1,2
11800,13,4504,4504,1,7
2950,11,4505,4508,4,3
1475,10,4488,4502,15,15
11801,13,4503,4503,1,7
188878,17,4506,4506,1,2
11804,13,4507,4507,1,17
5902,12,4508,4508,1,7
2951,11,4503,4504,2,3
188879,17,4505,4505,1,2
11805,13,4505,4506,2,17
5903,12,4505,4507,3,7
11808,13,4510,4510,1,17
5904,12,4511,4514,4,7
2952,11,4515,4521,7,3
1476,10,4522,4533,12,15
738,9,4534,4543,10,8
369,8,4467,4508,42,4
11809,13,4509,4509,1,17
47242,15,4512,4513,2,2
11810,13,4514,4514,1,17
5905,12,4509,4510,2,7
755894,19,4513,4513,1,18
47243,15,4511,4511,1,2
755895,19,4512,4512,1,18
11811,13,4511,4513,3,17
11812,13,4516,4517,2,17
5906,12,4518,4521,4,7
2953,11,4509,4514,6,3
756050,19,4517,4517,1,2
11813,13,4515,4515,1,17
756051,19,4516,4516,1,2
23628,14,4519,4519,1,2
11814,13,4520,4521,2,17
5907,12,4515,4517,3,7
23629,14,4518,4518,1,2
47262,15,4521,4521,1,2
11815,13,4518,4519,2,17
47263,15,4520,4520,1,2
23634,14,4523,4523,1,17
5908,12,4524,4526,3,7
2954,11,4527,4533,7,3
1477,10,4509,4521,13,15
23635,14,4522,4522,1,17
23636,14,4525,4525,1,2
11818,13,4526,4526,1,17
5909,12,4522,4523,2,7
23637,14,4524,4524,1,2
11819,13,4524,4525,2,17
11820,13,4528,4529,2,17
5910,12,4530,4533,4,7
2955,11,4522,4526,5,3
47284,15,4529,4529,1,2
11821,13,4527,4527,1,17
47285,15,4528,4528,1,2
23644,14,4531,4532,2,2
11822,13,4533,4533,1,17
5911,12,4527,4529,3,7
47290,15,4532,4532,1,18
23645,14,4530,4530,1,2
47291,15,4531,4531,1,18
11823,13,4530,4532,3,17
5912,12,4535,4538,4,7
2956,11,4539,4540,2,3
1478,10,4541,4543,3,15
739,9,4509,4533,25,8
189216,17,4536,4536,1,2
11826,13,4537,4538,2,17
5913,12,4534,4534,1,7
189217,17,4535,4535,1,2
23654,14,4538,4538,1,2
11827,13,4535,4536,2,17
23655,14,4537,4537,1,2
47322,15,4540,4540,1,7
2957,11,4534,4538,5,3
47323,15,4539,4539,1,7
5918,12,4542,4543,2,3
1479,10,4534,4540,7,15
23678,14,4543,4543,1,7
5919,12,4541,4541,1,3
23679,14,4542,4542,1,7
11840,13,4545,4546,2,17
5920,12,4547,4550,4,7
2960,11,4551,4553,3,3
1480,10,4554,4562,9,15
740,9,4563,4590,28,8
370,8,4591,4640,50,4
185,7,4467,4543,77,12
47364,15,4546,4546,1,2
11841,13,4544,4544,1,17
47365,15,4545,4545,1,2
23684,14,4548,4548,1,2
11842,13,4549,4550,2,17
5921,12,4544,4546,3,7
23685,14,4547,4547,1,2
23686,14,4550,4550,1,2
11843,13,4547,4548,2,17
23687,14,4549,4549,1,2
189518,17,4552,4552,1,17
11844,13,4553,4553,1,7
2961,11,4544,4550,7,3
189519,17,4551,4551,1,17
11845,13,4551,4552,2,7
11848,13,4555,4555,1,17
5924,12,4556,4558,3,7
2962,11,4559,4562,4,3
1481,10,4544,4553,10,15
11849,13,4554,4554,1,17
23700,14,4557,4557,1,2
11850,13,4558,4558,1,17
5925,12,4554,4555,2,7
23701,14,4556,4556,1,2
11851,13,4556,4557,2,17
47410,15,4560,4560,1,2
11852,13,4561,4561,1,17
5926,12,4562,4562,1,7
2963,11,4554,4558,5,3
47411,15,4559,4559,1,2
11853,13,4559,4560,2,17
5927,12,4559,4561,3,7
1517806,20,4564,4564,1,17
5928,12,4565,4569,5,7
2964,11,4570,4577,8,3
1482,10,4578,4590,13,15
741,9,4544,4562,19,8
1517807,20,4563,4563,1,17
23716,14,4566,4567,2,2
11858,13,4568,4569,2,17
5929,12,4563,4564,2,7
47434,15,4567,4567,1,18
23717,14,4565,4565,1,2
47435,15,4566,4566,1,18
47438,15,4569,4569,1,2
11859,13,4565,4567,3,17
47439,15,4568,4568,1,2
189764,17,4571,4571,1,18
23720,14,4572,4572,1,2
11860,13,4573,4575,3,17
5930,12,4576,4577,2,7
2965,11,4563,4569,7,3
189765,17,4570,4570,1,18
23721,14,4570,4571,2,2
94892,16,4574,4574,1,18
47446,15,4575,4575,1,2
11861,13,4570,4572,3,17
94893,16,4573,4573,1,18
47447,15,4573,4574,2,2
11862,13,4577,4577,1,17
5931,12,4570,4575,6,7
11863,13,4576,4576,1,17
11864,13,4579,4579,1,17
5932,12,4580,4583,4,7
2966,11,4584,4590,7,3
1483,10,4563,4577,15,15
11865,13,4578,4578,1,17
23732,14,4581,4581,1,2
11866,13,4582,4583,2,17
5933,12,4578,4579,2,7
23733,14,4580,4580,1,2
23734,14,4583,4583,1,2
11867,13,4580,4581,2,17
23735,14,4582,4582,1,2
23736,14,4585,4587,3,2
11868,13,4588,4589,2,17
5934,12,4590,4590,1,7
2967,11,4578,4583,6,3
94948,16,4586,4586,1,5
47474,15,4587,4587,1,18
23737,14,4584,4584,1,2
94949,16,4585,4585,1,5
47475,15,4585,4586,2,18
47476,15,4589,4589,1,2
11869,13,4584,4587,4,17
47477,15,4588,4588,1,2
5935,12,4584,4589,6,7
47488,15,4592,4592,1,2
11872,13,4593,4594,2,17
5936,12,4595,4597,3,7
2968,11,4598,4603,6,3
1484,10,4604,4614,11,15
742,9,4615,4640,26,8
371,8,4544,4590,47,4
47489,15,4591,4591,1,2
23746,14,4594,4594,1,2
11873,13,4591,4592,2,17
23747,14,4593,4593,1,2
11874,13,4596,4597,2,17
5937,12,4591,4594,4,7
23750,14,4597,4597,1,2
11875,13,4595,4595,1,17
23751,14,4596,4596,1,2
11876,13,4599,4601,3,17
5938,12,4602,4603,2,7
2969,11,4591,4597,7,3
23754,14,4600,4601,2,2
11877,13,4598,4598,1,17
47510,15,4601,4601,1,18
23755,14,4599,4599,1,2
47511,15,4600,4600,1,18
47516,15,4603,4603,1,17
5939,12,4598,4601,4,7
47517,15,4602,4602,1,17
5940,12,4605,4607,3,7
2970,11,4608,4614,7,3
1485,10,4591,4603,13,15
11882,13,4606,4607,2,17
5941,12,4604,4604,1,7
23766,14,4607,4607,1,2
11883,13,4605,4605,1,17
23767,14,4606,4606,1,2
47540,15,4609,4609,1,17
5942,12,4610,4614,5,7
2971,11,4604,4607,4,3
47541,15,4608,4608,1,17
23772,14,4611,4611,1,2
11886,13,4612,4614,3,17
5943,12,4608,4609,2,7
23773,14,4610,4610,1,2
95096,16,4613,4613,1,18
23774,14,4614,4614,1,2
11887,13,4610,4611,2,17
95097,16,4612,4612,1,18
23775,14,4612,4613,2,2
11888,13,4616,4617,2,17
5944,12,4618,4621,4,7
2972,11,4622,4629,8,3
1486,10,4630,4640,11,15
743,9,4591,4614,24,8
23778,14,4617,4617,1,2
11889,13,4615,4615,1,17
23779,14,4616,4616,1,2
47562,15,4619,4619,1,2
11890,13,4620,4621,2,17
5945,12,4615,4617,3,7
47563,15,4618,4618,1,2
23782,14,4621,4621,1,2
11891,13,4618,4619,2,17
23783,14,4620,4620,1,2
11892,13,4623,4623,1,17
5946,12,4624,4629,6,7
2973,11,4615,4621,7,3
11893,13,4622,4622,1,17
23788,14,4625,4627,3,2
11894,13,4628,4629,2,17
5947,12,4622,4623,2,7
47578,15,4626,4627,2,18
23789,14,4624,4624,1,2
190318,17,4627,4627,1,5
47579,15,4625,4625,1,18
190319,17,4626,4626,1,5
47580,15,4629,4629,1,2
11895,13,4624,4627,4,17
47581,15,4628,4628,1,2
5948,12,4631,4631,1,7
2974,11,4632,4640,9,3
1487,10,4615,4629,15,15
5949,12,4630,4630,1,7
12185728,23,4633,4633,1,2
23800,14,4634,4634,1,17
5950,12,4635,4640,6,7
2975,11,4630,4631,2,3
12185729,23,4632,4632,1,2
23801,14,4632,4633,2,17
11902,13,4636,4640,5,17
5951,12,4632,4634,3,7
190452,17,4637,4637,1,5
95226,16,4638,4639,2,18
23806,14,4640,4640,1,2
11903,13,4635,4635,1,17
190453,17,4636,4636,1,5
190454,17,4639,4639,1,5
95227,16,4636,4637,2,18
190455,17,4638,4638,1,5
23807,14,4636,4639,4,2
47616,15,4642,4642,1,18
23808,14,4643,4643,1,2
11904,13,4644,4646,3,17
5952,12,4647,4650,4,7
2976,11,4651,4658,8,3
1488,10,4659,4671,13,15
744,9,4672,4686,15,8
372,8,4687,4723,37,4
186,7,4724,4804,81,12
93,6,4467,4640,174,1
47617,15,4641,4641,1,18
23809,14,4641,4642,2,2
380972,18,4645,4645,1,18
23810,14,4646,4646,1,2
11905,13,4641,4643,3,17
380973,18,4644,4644,1,18
23811,14,4644,4645,2,2
23812,14,4648,4648,1,2
11906,13,4649,4650,2,17
5953,12,4641,4646,6,7
23813,14,4647,4647,1,2
95258,16,4650,4650,1,2
11907,13,4647,4648,2,17
95259,16,4649,4649,1,2
3048484,21,4652,4652,1,2
23816,14,4653,4655,3,17
5954,12,4656,4658,3,7
2977,11,4641,4650,10,3
3048485,21,4651,4651,1,2
47634,15,4654,4655,2,2
23817,14,4651,4652,2,17
95270,16,4655,4655,1,18
47635,15,4653,4653,1,2
95271,16,4654,4654,1,18
11910,13,4657,4658,2,17
5955,12,4651,4655,5,7
23822,14,4658,4658,1,2
11911,13,4656,4656,1,17
23823,14,4657,4657,1,2
11912,13,4660,4661,2,17
5956,12,4662,4665,4,7
2978,11,4666,4671,6,3
1489,10,4641,4658,18,15
23826,14,4661,4661,1,2
11913,13,4659,4659,1,17
23827,14,4660,4660,1,2
190626,17,4663,4663,1,2
11914,13,4664,4665,2,17
5957,12,4659,4661,3,7
190627,17,4662,4662,1,2
47662,15,4665,4665,1,2
11915,13,4662,4663,2,17
47663,15,4664,4664,1,2
381340,18,4667,4667,1,2
11916,13,4668,4669,2,17
5958,12,4670,4671,2,7
2979,11,4659,4665,7,3
381341,18,4666,4666,1,2
190678,17,4669,4669,1,2
11917,13,4666,4667,2,17
190679,17,4668,4668,1,2
95344,16,4671,4671,1,17
5959,12,4666,4669,4,7
95345,16,4670,4670,1,17
5960,12,4673,4674,2,7
2980,11,4675,4679,5,3
1490,10,4680,4686,7,15
745,9,4641,4671,31,8
3052154,21,4674,4674,1,17
5961,12,4672,4672,1,7
3052155,21,4673,4673,1,17
23848,14,4676,4676,1,2
11924,13,4677,4677,1,17
5962,12,4678,4679,2,7
2981,11,4672,4674,3,3
23849,14,4675,4675,1,2
11925,13,4675,4676,2,17
11926,13,4679,4679,1,17
5963,12,4675,4677,3,7
11927,13,4678,4678,1,17
11928,13,4681,4681,1,17
5964,12,4682,4685,4,7
2982,11,4686,4686,1,3
1491,10,4672,4679,8,15
11929,13,4680,4680,1,17
47722,15,4683,4683,1,2
11930,13,4684,4685,2,17
5965,12,4680,4681,2,7
47723,15,4682,4682,1,2
23862,14,4685,4685,1,2
11931,13,4682,4683,2,17
23863,14,4684,4684,1,2
2983,11,4680,4685,6,3
47746,15,4688,4688,1,2
11936,13,4689,4689,1,17
5968,12,4690,4690,1,7
2984,11,4691,4694,4,3
1492,10,4695,4707,13,15
746,9,4708,4723,16,8
373,8,4641,4686,46,4
47747,15,4687,4687,1,2
11937,13,4687,4688,2,17
5969,12,4687,4689,3,7
23880,14,4692,4692,1,2
11940,13,4693,4693,1,17
5970,12,4694,4694,1,7
2985,11,4687,4690,4,3
23881,14,4691,4691,1,2
11941,13,4691,4692,2,17
5971,12,4691,4693,3,7
95562,16,4696,4696,1,2
23890,14,4697,4699,3,17
5972,12,4700,4703,4,7
2986,11,4704,4707,4,3
1493,10,4687,4694,8,15
95563,16,4695,4695,1,2
47782,15,4698,4699,2,2
23891,14,4695,4696,2,17
191132,17,4699,4699,1,18
47783,15,4697,4697,1,2
191133,17,4698,4698,1,18
23892,14,4701,4701,1,2
11946,13,4702,4703,2,17
5973,12,4695,4699,5,7
23893,14,4700,4700,1,2
23894,14,4703,4703,1,2
11947,13,4700,4701,2,17
23895,14,4702,4702,1,2
23896,14,4705,4706,2,17
5974,12,4707,4707,1,7
2987,11,4695,4703,9,3
95590,16,4706,4706,1,2
23897,14,4704,4704,1,17
95591,16,4705,4705,1,2
5975,12,4704,4706,3,7
47808,15,4709,4709,1,17
23904,14,4710,4710,1,7
11952,13,4711,4711,1,3
1494,10,4712,4723,12,15
747,9,4687,4707,21,8
47809,15,4708,4708,1,17
23905,14,4708,4709,2,7
11953,13,4708,4710,3,3
23920,14,4713,4713,1,17
11960,13,4714,4718,5,7
2990,11,4719,4723,5,3
1495,10,4708,4711,4,15
23921,14,4712,4712,1,17
95688,16,4715,4715,1,2
23922,14,4716,4718,3,17
11961,13,4712,4713,2,7
95689,16,4714,4714,1,2
47846,15,4717,4718,2,2
23923,14,4714,4715,2,17
95694,16,4718,4718,1,18
47847,15,4716,4716,1,2
95695,16,4717,4717,1,18
11964,13,4720,4720,1,17
5982,12,4721,4723,3,7
2991,11,4712,4718,7,3
11965,13,4719,4719,1,17
765876,19,4722,4722,1,2
11966,13,4723,4723,1,17
5983,12,4719,4720,2,7
765877,19,4721,4721,1,2
11967,13,4721,4722,2,17
11968,13,4725,4726,2,17
5984,12,4727,4730,4,7
2992,11,4731,4736,6,3
1496,10,4737,4746,10,15
748,9,4747,4766,20,8
374,8,4767,4804,38,4
187,7,4641,4723,83,12
23938,14,4726,4726,1,2
11969,13,4724,4724,1,17
23939,14,4725,4725,1,2
95764,16,4728,4728,1,2
47882,15,4729,4730,2,17
5985,12,4724,4726,3,7
95765,16,4727,4727,1,2
95766,16,4730,4730,1,2
47883,15,4727,4728,2,17
95767,16,4729,4729,1,2
5986,12,4732,4736,5,7
2993,11,4724,4730,7,3
191600,17,4733,4734,2,18
95800,16,4735,4735,1,2
23950,14,4736,4736,1,17
5987,12,4731,4731,1,7
383202,18,4734,4734,1,5
191601,17,4732,4732,1,18
383203,18,4733,4733,1,5
95801,16,4732,4734,3,2
23951,14,4732,4735,4,17
95832,16,4738,4738,1,7
2994,11,4739,4746,8,3
1497,10,4724,4736,13,15
95833,16,4737,4737,1,7
47920,15,4740,4740,1,17
5990,12,4741,4746,6,7
2995,11,4737,4738,2,3
47921,15,4739,4739,1,17
191712,17,4742,4743,2,18
23964,14,4744,4744,1,2
11982,13,4745,4746,2,17
5991,12,4739,4740,2,7
766854,19,4743,4743,1,5
191713,17,4741,4741,1,18
766855,19,4742,4742,1,5
23965,14,4741,4743,3,2
47932,15,4746,4746,1,2
11983,13,4741,4744,4,17
47933,15,4745,4745,1,2
5992,12,4748,4750,3,7
2996,11,4751,4754,4,3
1498,10,4755,4766,12,15
749,9,4724,4746,23,8
47950,15,4749,4750,2,17
5993,12,4747,4747,1,7
95902,16,4750,4750,1,2
47951,15,4748,4748,1,17
95903,16,4749,4749,1,2
5994,12,4752,4754,3,7
2997,11,4747,4750,4,3
23980,14,4753,4753,1,2
11990,13,4754,4754,1,17
5995,12,4751,4751,1,7
23981,14,4752,4752,1,2
11991,13,4752,4753,2,17
23984,14,4756,4756,1,2
11992,13,4757,4758,2,17
5996,12,4759,4762,4,7
2998,11,4763,4766,4,3
1499,10,4747,4754,8,15
23985,14,4755,4755,1,2
23986,14,4758,4758,1,2
11993,13,4755,4756,2,17
23987,14,4757,4757,1,2
47980,15,4760,4760,1,2
23990,14,4761,4762,2,17
5997,12,4755,4758,4,7
47981,15,4759,4759,1,2
95964,16,4762,4762,1,2
23991,14,4759,4760,2,17
95965,16,4761,4761,1,2
47986,15,4764,4764,1,17
5998,12,4765,4766,2,7
2999,11,4755,4762,8,3
47987,15,4763,4763,1,17
11998,13,4766,4766,1,17
5999,12,4763,4764,2,7
11999,13,4765,4765,1,17
24000,14,4768,4768,1,17
12000,13,4769,4770,2,7
6000,12,4771,4773,3,3
1500,10,4774,4786,13,15
750,9,4787,4804,18,8
375,8,4724,4766,43,4
24001,14,4767,4767,1,17
24002,14,4770,4770,1,17
12001,13,4767,4768,2,7
24003,14,4769,4769,1,17
24004,14,4772,4772,1,17
12002,13,4773,4773,1,7
6001,12,4767,4770,4,3
24005,14,4771,4771,1,17
12003,13,4771,4772,2,7
48032,15,4775,4775,1,2
24016,14,4776,4776,1,17
6004,12,4777,4779,3,7
3002,11,4780,4786,7,3
1501,10,4767,4773,7,15
48033,15,4774,4774,1,2
24017,14,4774,4775,2,17
24022,14,4778,4779,2,17
6005,12,4774,4776,3,7
48046,15,4779,4779,1,2
24023,14,4777,4777,1,17
48047,15,4778,4778,1,2
24024,14,4781,4781,1,2
12012,13,4782,4782,1,17
6006,12,4783,4786,4,7
3003,11,4774,4779,6,3
24025,14,4780,4780,1,2
12013,13,4780,4781,2,17
12014,13,4784,4786,3,17
6007,12,4780,4782,3,7
48060,15,4785,4785,1,18
24030,14,4786,4786,1,2
12015,13,4783,4783,1,17
48061,15,4784,4784,1,18
24031,14,4784,4785,2,2
96136,16,4788,4788,1,2
24034,14,4789,4789,1,17
6008,12,4790,4790,1,7
3004,11,4791,4793,3,3
1502,10,4794,4804,11,15
751,9,4767,4786,20,8
96137,16,4787,4787,1,2
24035,14,4787,4788,2,17
6009,12,4787,4789,3,7
24042,14,4792,4792,1,17
6010,12,4793,4793,1,7
3005,11,4787,4790,4,3
24043,14,4791,4791,1,17
6011,12,4791,4792,2,7
48096,15,4795,4795,1,2
24048,14,4796,4796,1,17
6012,12,4797,4797,1,7
3006,11,4798,4804,7,3
1503,10,4787,4793,7,15
48097,15,4794,4794,1,2
24049,14,4794,4795,2,17
6013,12,4794,4796,3,7
384904,18,4799,4799,1,18
192452,17,4800,4800,1,2
12028,13,4801,4801,1,17
6014,12,4802,4804,3,7
3007,11,4794,4797,4,3
384905,18,4798,4798,1,18
192453,17,4798,4799,2,2
12029,13,4798,4800,3,17
24062,14,4803,4804,2,17
6015,12,4798,4801,4,7
48126,15,4804,4804,1,2
24063,14,4802,4802,1,17
48127,15,4803,4803,1,2
12032,13,4806,4806,1,17
6016,12,4807,4809,3,7
3008,11,4810,4813,4,3
1504,10,4814,4821,8,15
752,9,4822,4835,14,8
376,8,4836,4887,52,4
188,7,4888,4955,68,12
94,6,4956,5094,139,1
47,5,4467,4804,338,16
12033,13,4805,4805,1,17
12034,13,4808,4809,2,17
6017,12,4805,4806,2,7
24070,14,4809,4809,1,2
12035,13,4807,4807,1,17
24071,14,4808,4808,1,2
96290,16,4811,4811,1,17
6018,12,4812,4813,2,7
3009,11,4805,4809,5,3
96291,16,4810,4810,1,17
12038,13,4813,4813,1,17
6019,12,4810,4811,2,7
12039,13,4812,4812,1,17
24080,14,4815,4816,2,17
6020,12,4817,4819,3,7
3010,11,4820,4821,2,3
1505,10,4805,4813,9,15
48162,15,4816,4816,1,2
24081,14,4814,4814,1,17
48163,15,4815,4815,1,2
96344,16,4818,4818,1,2
24086,14,4819,4819,1,17
6021,12,4814,4816,3,7
96345,16,4817,4817,1,2
24087,14,4817,4818,2,17
12044,13,4821,4821,1,7
3011,11,4814,4819,6,3
12045,13,4820,4820,1,7
6024,12,4823,4826,4,7
3012,11,4827,4830,4,3
1506,10,4831,4835,5,15
753,9,4805,4821,17,8
24100,14,4824,4824,1,2
12050,13,4825,4826,2,17
6025,12,4822,4822,1,7
24101,14,4823,4823,1,2
6170302,22,4826,4826,1,2
12051,13,4823,4824,2,17
6170303,22,4825,4825,1,2
96418,16,4828,4828,1,17
6026,12,4829,4830,2,7
3013,11,4822,4826,5,3
96419,16,4827,4827,1,17
12054,13,4830,4830,1,17
6027,12,4827,4828,2,7
12055,13,4829,4829,1,17
6028,12,4832,4833,2,7
3014,11,4834,4835,2,3
1507,10,4822,4830,9,15
12058,13,4833,4833,1,17
6029,12,4831,4831,1,7
12059,13,4832,4832,1,17
6030,12,4835,4835,1,7
3015,11,4831,4833,3,3
6031,12,4834,4834,1,7
6032,12,4837,4837,1,7
3016,11,4838,4846,9,3
1508,10,4847,4864,18,15
754,9,4865,4887,23,8
377,8,4805,4835,31,4
6033,12,4836,4836,1,7
12068,13,4839,4840,2,17
6034,12,4841,4846,6,7
3017,11,4836,4837,2,3
24138,14,4840,4840,1,2
12069,13,4838,4838,1,17
24139,14,4839,4839,1,2
48280,15,4842,4842,1,18
24140,14,4843,4845,3,2
12070,13,4846,4846,1,17
6035,12,4838,4840,3,7
48281,15,4841,4841,1,18
96564,16,4844,4844,1,5
48282,15,4845,4845,1,18
24141,14,4841,4842,2,2
96565,16,4843,4843,1,5
48283,15,4843,4844,2,18
12071,13,4841,4845,5,17
24144,14,4848,4848,1,2
12072,13,4849,4849,1,17
6036,12,4850,4852,3,7
3018,11,4853,4864,12,3
1509,10,4836,4846,11,15
24145,14,4847,4847,1,2
12073,13,4847,4848,2,17
12074,13,4851,4852,2,17
6037,12,4847,4849,3,7
48300,15,4852,4852,1,2
12075,13,4850,4850,1,17
48301,15,4851,4851,1,2
48306,15,4854,4855,2,2
12076,13,4856,4858,3,17
6038,12,4859,4864,6,7
3019,11,4847,4852,6,3
193230,17,4855,4855,1,18
48307,15,4853,4853,1,2
193231,17,4854,4854,1,18
96616,16,4857,4857,1,18
48308,15,4858,4858,1,2
12077,13,4853,4855,3,17
96617,16,4856,4856,1,18
48309,15,4856,4857,2,2
193254,17,4860,4860,1,18
24156,14,4861,4862,2,2
12078,13,4863,4864,2,17
6039,12,4853,4858,6,7
193255,17,4859,4859,1,18
48314,15,4862,4862,1,18
24157,14,4859,4860,2,2
48315,15,4861,4861,1,18
24158,14,4864,4864,1,2
12079,13,4859,4862,4,17
24159,14,4863,4863,1,2
193288,17,4866,4866,1,2
12080,13,4867,4868,2,17
6040,12,4869,4872,4,7
3020,11,4873,4874,2,3
1510,10,4875,4887,13,15
755,9,4836,4864,29,8
193289,17,4865,4865,1,2
48326,15,4868,4868,1,2
12081,13,4865,4866,2,17
48327,15,4867,4867,1,2
96658,16,4870,4870,1,2
12082,13,4871,4872,2,17
6041,12,4865,4868,4,7
96659,16,4869,4869,1,2
48334,15,4872,4872,1,2
12083,13,4869,4870,2,17
48335,15,4871,4871,1,2
24172,14,4874,4874,1,7
3021,11,4865,4872,8,3
24173,14,4873,4873,1,7
6044,12,4876,4877,2,7
3022,11,4878,4887,10,3
1511,10,4865,4874,10,15
12090,13,4877,4877,1,17
6045,12,4875,4875,1,7
12091,13,4876,4876,1,17
193478,17,4879,4879,1,2
12092,13,4880,4882,3,17
6046,12,4883,4887,5,7
3023,11,4875,4877,3,3
193479,17,4878,4878,1,2
193492,17,4881,4881,1,18
24186,14,4882,4882,1,2
12093,13,4878,4879,2,17
193493,17,4880,4880,1,18
24187,14,4880,4881,2,2
96754,16,4884,4884,1,18
24188,14,4885,4886,2,2
12094,13,4887,4887,1,17
6047,12,4878,4882,5,7
96755,16,4883,4883,1,18
96758,16,4886,4886,1,18
24189,14,4883,4884,2,2
96759,16,4885,4885,1,18
12095,13,4883,4886,4,17
24192,14,4889,4889,1,17
6048,12,4890,4891,2,7
3024,11,4892,4894,3,3
1512,10,4895,4903,9,15
756,9,4904,4921,18,8
378,8,4922,4955,34,4
189,7,4805,4887,83,12
24193,14,4888,4888,1,17
12098,13,4891,4891,1,17
6049,12,4888,4889,2,7
12099,13,4890,4890,1,17
24204,14,4893,4894,2,7
3025,11,4888,4891,4,3
48410,15,4894,4894,1,17
24205,14,4892,4892,1,7
48411,15,4893,4893,1,17
12104,13,4896,4897,2,17
6052,12,4898,4898,1,7
3026,11,4899,4903,5,3
1513,10,4888,4894,7,15
24210,14,4897,4897,1,2
12105,13,4895,4895,1,17
24211,14,4896,4896,1,2
6053,12,4895,4897,3,7
6054,12,4900,4903,4,7
3027,11,4895,4898,4,3
24220,14,4901,4901,1,2
12110,13,4902,4903,2,17
6055,12,4899,4899,1,7
24221,14,4900,4900,1,2
3100616,21,4903,4903,1,2
12111,13,4900,4901,2,17
3100617,21,4902,4902,1,2
12112,13,4905,4906,2,17
6056,12,4907,4908,2,7
3028,11,4909,4913,5,3
1514,10,4914,4921,8,15
757,9,4888,4903,16,8
24226,14,4906,4906,1,2
12113,13,4904,4904,1,17
24227,14,4905,4905,1,2
12114,13,4908,4908,1,17
6057,12,4904,4906,3,7
12115,13,4907,4907,1,17
48464,15,4910,4911,2,17
6058,12,4912,4913,2,7
3029,11,4904,4908,5,3
193862,17,4911,4911,1,2
48465,15,4909,4909,1,17
193863,17,4910,4910,1,2
12118,13,4913,4913,1,17
6059,12,4909,4911,3,7
12119,13,4912,4912,1,17
24240,14,4915,4915,1,2
12120,13,4916,4917,2,17
6060,12,4918,4918,1,7
3030,11,4919,4921,3,3
1515,10,4904,4913,10,15
24241,14,4914,4914,1,2
48484,15,4917,4917,1,2
12121,13,4914,4915,2,17
48485,15,4916,4916,1,2
6061,12,4914,4917,4,7
12124,13,4920,4920,1,17
6062,12,4921,4921,1,7
3031,11,4914,4918,5,3
12125,13,4919,4919,1,17
6063,12,4919,4920,2,7
24256,14,4923,4924,2,2
12128,13,4925,4926,2,17
6064,12,4927,4928,2,7
3032,11,4929,4935,7,3
1516,10,4936,4941,6,15
758,9,4942,4955,14,8
379,8,4888,4921,34,4
3104908,21,4924,4924,1,18
24257,14,4922,4922,1,2
3104909,21,4923,4923,1,18
97038,16,4926,4926,1,2
12129,13,4922,4924,3,17
97039,16,4925,4925,1,2
48524,15,4928,4928,1,17
6065,12,4922,4926,5,7
48525,15,4927,4927,1,17
12132,13,4930,4931,2,17
6066,12,4932,4935,4,7
3033,11,4922,4928,7,3
48534,15,4931,4931,1,2
12133,13,4929,4929,1,17
48535,15,4930,4930,1,2
24268,14,4933,4934,2,2
12134,13,4935,4935,1,17
6067,12,4929,4931,3,7
194154,17,4934,4934,1,18
24269,14,4932,4932,1,2
194155,17,4933,4933,1,18
12135,13,4932,4934,3,17
6068,12,4937,4937,1,7
3034,11,4938,4941,4,3
1517,10,4922,4935,14,15
6069,12,4936,4936,1,7
24280,14,4939,4939,1,17
6070,12,4940,4941,2,7
3035,11,4936,4937,2,3
24281,14,4938,4938,1,17
12142,13,4941,4941,1,17
6071,12,4938,4939,2,7
12143,13,4940,4940,1,17
6072,12,4943,4945,3,7
3036,11,4946,4947,2,3
1518,10,4948,4955,8,15
759,9,4922,4941,20,8
97168,16,4944,4944,1,2
12146,13,4945,4945,1,17
6073,12,4942,4942,1,7
97169,16,4943,4943,1,2
12147,13,4943,4944,2,17
24302,14,4947,4947,1,7
3037,11,4942,4945,4,3
24303,14,4946,4946,1,7
12152,13,4949,4949,1,17
6076,12,4950,4950,1,7
3038,11,4951,4955,5,3
1519,10,4942,4947,6,15
12153,13,4948,4948,1,17
6077,12,4948,4949,2,7
12156,13,4952,4952,1,17
6078,12,4953,4955,3,7
3039,11,4948,4950,3,3
12157,13,4951,4951,1,17
48634,15,4954,4954,1,2
12158,13,4955,4955,1,17
6079,12,4951,4952,2,7
48635,15,4953,4953,1,2
12159,13,4953,4954,2,17
24322,14,4957,4957,1,17
6080,12,4958,4958,1,7
3040,11,4959,4964,6,3
1520,10,4965,4974,10,15
760,9,4975,4995,21,8
380,8,4996,5037,42,4
190,7,5038,5094,57,12
95,6,4805,4955,151,1
24323,14,4956,4956,1,17
6081,12,4956,4957,2,7
389250,18,4960,4960,1,2
12164,13,4961,4962,2,17
6082,12,4963,4964,2,7
3041,11,4956,4958,3,3
389251,18,4959,4959,1,2
24330,14,4962,4962,1,2
12165,13,4959,4960,2,17
24331,14,4961,4961,1,2
24332,14,4964,4964,1,17
6083,12,4959,4962,4,7
24333,14,4963,4963,1,17
24338,14,4966,4966,1,17
6084,12,4967,4969,3,7
3042,11,4970,4974,5,3
1521,10,4956,4964,9,15
24339,14,4965,4965,1,17
24340,14,4968,4968,1,2
12170,13,4969,4969,1,17
6085,12,4965,4966,2,7
24341,14,4967,4967,1,2
12171,13,4967,4968,2,17
24346,14,4971,4972,2,17
6086,12,4973,4974,2,7
3043,11,4965,4969,5,3
48694,15,4972,4972,1,2
24347,14,4970,4970,1,17
48695,15,4971,4971,1,2
24348,14,4974,4974,1,17
6087,12,4970,4972,3,7
24349,14,4973,4973,1,17
12176,13,4976,4979,4,17
6088,12,4980,4982,3,7
3044,11,4983,4986,4,3
1522,10,4987,4995,9,15
761,9,4956,4974,19,8
194836,17,4977,4977,1,18
24354,14,4978,4979,2,2
12177,13,4975,4975,1,17
194837,17,4976,4976,1,18
97422,16,4979,4979,1,18
24355,14,4976,4977,2,2
97423,16,4978,4978,1,18
12178,13,4981,4982,2,17
6089,12,4975,4979,5,7
24358,14,4982,4982,1,2
12179,13,4980,4980,1,17
24359,14,4981,4981,1,2
24360,14,4984,4984,1,17
6090,12,4985,4986,2,7
3045,11,4975,4982,8,3
24361,14,4983,4983,1,17
12182,13,4986,4986,1,17
6091,12,4983,4984,2,7
12183,13,4985,4985,1,17
12184,13,4988,4989,2,17
6092,12,4990,4993,4,7
3046,11,4994,4995,2,3
1523,10,4975,4986,12,15
24370,14,4989,4989,1,2
12185,13,4987,4987,1,17
24371,14,4988,4988,1,2
24372,14,4991,4992,2,2
12186,13,4993,4993,1,17
6093,12,4987,4989,3,7
48746,15,4992,4992,1,18
24373,14,4990,4990,1,2
48747,15,4991,4991,1,18
12187,13,4990,4992,3,17
24382,14,4995,4995,1,7
3047,11,4987,4993,7,3
24383,14,4994,4994,1,7
195080,17,4997,4997,1,2
12192,13,4998,4998,1,17
6096,12,4999,5000,2,7
3048,11,5001,5002,2,3
1524,10,5003,5014,12,15
762,9,5015,5037,23,8
381,8,4956,4995,40,4
195081,17,4996,4996,1,2
12193,13,4996,4997,2,17
24388,14,5000,5000,1,17
6097,12,4996,4998,3,7
24389,14,4999,4999,1,17
12196,13,5002,5002,1,7
3049,11,4996,5000,5,3
12197,13,5001,5001,1,7
12200,13,5004,5004,1,17
6100,12,5005,5007,3,7
3050,11,5008,5014,7,3
1525,10,4996,5002,7,15
12201,13,5003,5003,1,17
12202,13,5006,5007,2,17
6101,12,5003,5004,2,7
48812,15,5007,5007,1,2
12203,13,5005,5005,1,17
48813,15,5006,5006,1,2
48816,15,5009,5009,1,2
12204,13,5010,5010,1,17
6102,12,5011,5014,4,7
3051,11,5003,5007,5,3
48817,15,5008,5008,1,2
12205,13,5008,5009,2,17
6250094,22,5012,5012,1,2
24414,14,5013,5014,2,17
6103,12,5008,5010,3,7
6250095,22,5011,5011,1,2
97662,16,5014,5014,1,2
24415,14,5011,5012,2,17
97663,16,5013,5013,1,2
24416,14,5016,5016,1,17
6104,12,5017,5017,1,7
3052,11,5018,5019,2,3
1526,10,5020,5037,18,15
763,9,4996,5014,19,8
24417,14,5015,5015,1,17
6105,12,5015,5016,2,7
12212,13,5019,5019,1,7
3053,11,5015,5017,3,3
12213,13,5018,5018,1,7
48864,15,5021,5021,1,18
24432,14,5022,5024,3,2
12216,13,5025,5027,3,17
6108,12,5028,5030,3,7
3054,11,5031,5037,7,3
1527,10,5015,5019,5,15
48865,15,5020,5020,1,18
48866,15,5023,5024,2,18
24433,14,5020,5021,2,2
97734,16,5024,5024,1,5
48867,15,5022,5022,1,18
97735,16,5023,5023,1,5
48868,15,5026,5026,1,18
24434,14,5027,5027,1,2
12217,13,5020,5024,5,17
48869,15,5025,5025,1,18
24435,14,5025,5026,2,2
24436,14,5029,5029,1,2
12218,13,5030,5030,1,17
6109,12,5020,5027,8,7
24437,14,5028,5028,1,2
12219,13,5028,5029,2,17
48880,15,5032,5032,1,2
12220,13,5033,5033,1,17
6110,12,5034,5037,4,7
3055,11,5020,5030,11,3
48881,15,5031,5031,1,2
12221,13,5031,5032,2,17
48890,15,5035,5036,2,2
12222,13,5037,5037,1,17
6111,12,5031,5033,3,7
195566,17,5036,5036,1,18
48891,15,5034,5034,1,2
195567,17,5035,5035,1,18
12223,13,5034,5036,3,17
12228,13,5039,5040,2,7
6114,12,5041,5044,4,3
1528,10,5045,5049,5,15
764,9,5050,5066,17,8
382,8,5067,5094,28,5
191,7,4956,5037,82,12
24458,14,5040,5040,1,17
12229,13,5038,5038,1,7
24459,14,5039,5039,1,17
97840,16,5042,5042,1,2
24460,14,5043,5043,1,17
12230,13,5044,5044,1,7
6115,12,5038,5040,3,3
97841,16,5041,5041,1,2
24461,14,5041,5042,2,17
12231,13,5041,5043,3,7
12234,13,5046,5046,1,7
3058,11,5047,5049,3,3
1529,10,5038,5044,7,15
12235,13,5045,5045,1,7
6118,12,5048,5049,2,7
3059,11,5045,5046,2,3
24476,14,5049,5049,1,17
6119,12,5047,5047,1,7
24477,14,5048,5048,1,17
6120,12,5051,5051,1,7
3060,11,5052,5056,5,3
1530,10,5057,5066,10,15
765,9,5038,5049,12,8
6121,12,5050,5050,1,7
24488,14,5053,5053,1,2
12244,13,5054,5055,2,17
6122,12,5056,5056,1,7
3061,11,5050,5051,2,3
24489,14,5052,5052,1,2
195920,17,5055,5055,1,2
12245,13,5052,5053,2,17
195921,17,5054,5054,1,2
6123,12,5052,5055,4,7
49000,15,5058,5058,1,17
12250,13,5059,5060,2,7
3062,11,5061,5066,6,3
1531,10,5050,5056,7,15
49001,15,5057,5057,1,17
98008,16,5060,5060,1,17
12251,13,5057,5058,2,7
98009,16,5059,5059,1,17
196034,17,5062,5062,1,2
12252,13,5063,5063,1,17
6126,12,5064,5066,3,7
3063,11,5057,5060,4,3
196035,17,5061,5061,1,2
12253,13,5061,5062,2,17
196086,17,5065,5065,1,2
24510,14,5066,5066,1,17
6127,12,5061,5063,3,7
196087,17,5064,5064,1,2
24511,14,5064,5065,2,17
49024,15,5068,5068,1,4
24512,14,5069,5069,1,7
12256,13,5070,5070,1,17
6128,12,5071,5072,2,3
3064,11,5073,5078,6,2
1532,10,5079,5083,5,15
766,9,5084,5094,11,10
383,8,5038,5066,29,4
49025,15,5067,5067,1,4
24513,14,5067,5068,2,7
12257,13,5067,5069,3,17
12258,13,5072,5072,1,17
6129,12,5067,5070,4,3
12259,13,5071,5071,1,17
49040,15,5074,5074,1,7
12260,13,5075,5076,2,17
6130,12,5077,5078,2,3
3065,11,5067,5072,6,2
49041,15,5073,5073,1,7
24522,14,5076,5076,1,7
12261,13,5073,5074,2,17
24523,14,5075,5075,1,7
12262,13,5078,5078,1,17
6131,12,5073,5076,4,3
12263,13,5077,5077,1,17
3066,11,5080,5083,4,2
1533,10,5067,5078,12,15
24536,14,5081,5081,1,7
12268,13,5082,5082,1,17
6134,12,5083,5083,1,3
3067,11,5079,5079,1,2
24537,14,5080,5080,1,7
12269,13,5080,5081,2,17
6135,12,5080,5082,3,3
6136,12,5085,5086,2,3
3068,11,5087,5089,3,2
1534,10,5090,5094,5,15
767,9,5067,5083,17,10
49098,15,5086,5086,1,17
6137,12,5084,5084,1,3
49099,15,5085,5085,1,17
12276,13,5088,5089,2,3
3069,11,5084,5086,3,2
24554,14,5089,5089,1,17
12277,13,5087,5087,1,3
24555,14,5088,5088,1,17
24562,14,5091,5091,1,17
6140,12,5092,5093,2,3
3070,11,5094,5094,1,2
1535,10,5084,5089,6,15
24563,14,5090,5090,1,17
24566,14,5093,5093,1,17
6141,12,5090,5091,2,3
24567,14,5092,5092,1,17
3071,11,5090,5093,4,2
6144,12,5096,5099,4,14
3072,11,5100,5105,6,11
1536,10,5106,5111,6,15
768,9,5112,5132,21,3
384,8,5133,5170,38,18
192,7,5171,5246,76,7
96,6,5247,5393,147,17
48,5,5394,5714,321,16
24,4,5715,6292,578,4
12,3,6293,7569,1277,9
6,2,7570,9999,2430,6
3,1,0,5094,5095,13
12290,13,5097,5099,3,13
6145,12,5095,5095,1,14
24582,14,5098,5099,2,12
12291,13,5096,5096,1,13
49166,15,5099,5099,1,8
24583,14,5097,5097,1,12
49167,15,5098,5098,1,8
24584,14,5101,5101,1,12
12292,13,5102,5104,3,13
6146,12,5105,5105,1,14
3073,11,5095,5099,5,11
24585,14,5100,5100,1,12
49174,15,5103,5104,2,12
12293,13,5100,5101,2,13
393402,18,5104,5104,1,8
49175,15,5102,5102,1,12
393403,18,5103,5103,1,8
6147,12,5100,5104,5,14
12296,13,5107,5107,1,13
6148,12,5108,5108,1,14
3074,11,5109,5111,3,11
1537,10,5095,5105,11,15
12297,13,5106,5106,1,13
6149,12,5106,5107,2,14
12300,13,5110,5110,1,13
6150,12,5111,5111,1,14
3075,11,5106,5108,3,11
12301,13,5109,5109,1,13
6151,12,5109,5110,2,14
6152,12,5113,5113,1,14
3076,11,5114,5119,6,11
1538,10,5120,5132,13,15
769,9,5095,5111,17,3
6153,12,5112,5112,1,14
24616,14,5115,5115,1,12
12308,13,5116,5116,1,13
6154,12,5117,5119,3,14
3077,11,5112,5113,2,11
24617,14,5114,5114,1,12
12309,13,5114,5115,2,13
787938,19,5118,5118,1,12
49246,15,5119,5119,1,13
6155,12,5114,5116,3,14
787939,19,5117,5117,1,12
49247,15,5117,5118,2,13
24624,14,5121,5123,3,12
12312,13,5124,5124,1,13
6156,12,5125,5129,5,14
3078,11,5130,5132,3,11
1539,10,5112,5119,8,15
49250,15,5122,5123,2,8
24625,14,5120,5120,1,12
1576044,20,5123,5123,1,2
49251,15,5121,5121,1,8
1576045,20,5122,5122,1,2
12313,13,5120,5123,4,13
197034,17,5126,5127,2,8
49258,15,5128,5128,1,12
12314,13,5129,5129,1,13
6157,12,5120,5124,5,14
394070,18,5127,5127,1,2
197035,17,5125,5125,1,8
394071,18,5126,5126,1,2
49259,15,5125,5127,3,12
12315,13,5125,5128,4,13
49266,15,5131,5131,1,13
6158,12,5132,5132,1,14
3079,11,5120,5129,10,11
49267,15,5130,5130,1,13
6159,12,5130,5131,2,14
49280,15,5134,5134,1,13
6160,12,5135,5135,1,14
3080,11,5136,5143,8,11
1540,10,5144,5149,6,15
770,9,5150,5170,21,3
385,8,5095,5132,38,18
49281,15,5133,5133,1,13
6161,12,5133,5134,2,14
24648,14,5137,5137,1,12
12324,13,5138,5140,3,13
6162,12,5141,5143,3,14
3081,11,5133,5135,3,11
24649,14,5136,5136,1,12
49300,15,5139,5140,2,12
12325,13,5136,5137,2,13
394414,18,5140,5140,1,8
49301,15,5138,5138,1,12
394415,18,5139,5139,1,8
12326,13,5142,5143,2,13
6163,12,5136,5140,5,14
24654,14,5143,5143,1,12
12327,13,5141,5141,1,13
24655,14,5142,5142,1,12
3082,11,5145,5149,5,11
1541,10,5133,5143,11,15
24664,14,5146,5146,1,13
6166,12,5147,5149,3,14
3083,11,5144,5144,1,11
24665,14,5145,5145,1,13
98674,16,5148,5148,1,12
24668,14,5149,5149,1,13
6167,12,5145,5146,2,14
98675,16,5147,5147,1,12
24669,14,5147,5148,2,13
12336,13,5151,5152,2,13
6168,12,5153,5155,3,14
3084,11,5156,5162,7,11
1542,10,5163,5170,8,15
771,9,5133,5149,17,3
24674,14,5152,5152,1,12
12337,13,5150,5150,1,13
24675,14,5151,5151,1,12
24676,14,5154,5154,1,12
12338,13,5155,5155,1,13
6169,12,5150,5152,3,14
24677,14,5153,5153,1,12
12339,13,5153,5154,2,13
12340,13,5157,5158,2,13
6170,12,5159,5162,4,14
3085,11,5150,5155,6,11
24682,14,5158,5158,1,12
12341,13,5156,5156,1,13
24683,14,5157,5157,1,12
24684,14,5160,5160,1,12
12342,13,5161,5162,2,13
6171,12,5156,5158,3,14
24685,14,5159,5159,1,12
98746,16,5162,5162,1,12
12343,13,5159,5160,2,13
98747,16,5161,5161,1,12
24690,14,5164,5165,2,13
6172,12,5166,5166,1,14
3086,11,5167,5170,4,11
1543,10,5150,5162,13,15
49382,15,5165,5165,1,12
24691,14,5163,5163,1,13
49383,15,5164,5164,1,12
6173,12,5163,5165,3,14
49394,15,5168,5168,1,12
12348,13,5169,5169,1,13
6174,12,5170,5170,1,14
3087,11,5163,5166,4,11
49395,15,5167,5167,1,12
12349,13,5167,5168,2,13
6175,12,5167,5169,3,14
6176,12,5172,5173,2,14
3088,11,5174,5175,2,11
1544,10,5176,5186,11,15
772,9,5187,5203,17,3
386,8,5204,5246,43,18
193,7,5095,5170,76,7
49418,15,5173,5173,1,13
6177,12,5171,5171,1,14
49419,15,5172,5172,1,13
6178,12,5175,5175,1,14
3089,11,5171,5173,3,11
6179,12,5174,5174,1,14
98890,16,5177,5177,1,12
24722,14,5178,5178,1,13
6180,12,5179,5180,2,14
3090,11,5181,5186,6,11
1545,10,5171,5175,5,15
98891,16,5176,5176,1,12
24723,14,5176,5177,2,13
12362,13,5180,5180,1,13
6181,12,5176,5178,3,14
12363,13,5179,5179,1,13
49456,15,5182,5182,1,12
12364,13,5183,5184,2,13
6182,12,5185,5186,2,14
3091,11,5176,5180,5,11
49457,15,5181,5181,1,12
49460,15,5184,5184,1,12
12365,13,5181,5182,2,13
49461,15,5183,5183,1,12
98930,16,5186,5186,1,13
6183,12,5181,5184,4,14
98931,16,5185,5185,1,13
12368,13,5188,5188,1,13
6184,12,5189,5190,2,14
3092,11,5191,5194,4,11
1546,10,5195,5203,9,15
773,9,5171,5186,16,3
12369,13,5187,5187,1,13
12370,13,5190,5190,1,13
6185,12,5187,5188,2,14
12371,13,5189,5189,1,13
6186,12,5192,5194,3,14
3093,11,5187,5190,4,11
49500,15,5193,5193,1,12
24750,14,5194,5194,1,13
6187,12,5191,5191,1,14
49501,15,5192,5192,1,12
24751,14,5192,5193,2,13
6188,12,5196,5197,2,14
3094,11,5198,5203,6,11
1547,10,5187,5194,8,15
24756,14,5197,5197,1,13
6189,12,5195,5195,1,14
24757,14,5196,5196,1,13
12380,13,5199,5199,1,13
6190,12,5200,5203,4,14
3095,11,5195,5197,3,11
12381,13,5198,5198,1,13
49528,15,5201,5201,1,8
24764,14,5202,5202,1,12
12382,13,5203,5203,1,13
6191,12,5198,5199,2,14
49529,15,5200,5200,1,8
24765,14,5200,5201,2,12
12383,13,5200,5202,3,13
12384,13,5205,5207,3,13
6192,12,5208,5209,2,14
3096,11,5210,5216,7,11
1548,10,5217,5223,7,15
774,9,5224,5246,23,3
387,8,5171,5203,33,18
198162,17,5206,5206,1,8
24770,14,5207,5207,1,12
12385,13,5204,5204,1,13
198163,17,5205,5205,1,8
24771,14,5205,5206,2,12
12386,13,5209,5209,1,13
6193,12,5204,5207,4,14
12387,13,5208,5208,1,13
12388,13,5211,5213,3,13
6194,12,5214,5216,3,14
3097,11,5204,5209,6,11
49556,15,5212,5212,1,8
24778,14,5213,5213,1,12
12389,13,5210,5210,1,13
49557,15,5211,5211,1,8
24779,14,5211,5212,2,12
24780,14,5215,5216,2,13
6195,12,5210,5213,4,14
99124,16,5216,5216,1,12
24781,14,5214,5214,1,13
99125,16,5215,5215,1,12
24784,14,5218,5218,1,13
12392,13,5219,5219,1,14
3098,11,5220,5223,4,11
1549,10,5204,5216,13,15
24785,14,5217,5217,1,13
12393,13,5217,5218,2,14
6198,12,5221,5223,3,14
3099,11,5217,5219,3,11
12398,13,5222,5223,2,13
6199,12,5220,5220,1,14
99192,16,5223,5223,1,12
12399,13,5221,5221,1,13
99193,16,5222,5222,1,12
6200,12,5225,5226,2,14
3100,11,5227,5232,6,11
1550,10,5233,5246,14,15
775,9,5204,5223,20,3
49612,15,5226,5226,1,13
6201,12,5224,5224,1,14
49613,15,5225,5225,1,13
99232,16,5228,5228,1,12
12404,13,5229,5229,1,13
6202,12,5230,5232,3,14
3101,11,5224,5226,3,11
99233,16,5227,5227,1,12
12405,13,5227,5228,2,13
12406,13,5231,5232,2,13
6203,12,5227,5229,3,14
24814,14,5232,5232,1,12
12407,13,5230,5230,1,13
24815,14,5231,5231,1,12
24816,14,5234,5234,1,12
12408,13,5235,5236,2,13
6204,12,5237,5238,2,14
3102,11,5239,5246,8,11
1551,10,5224,5232,9,15
24817,14,5233,5233,1,12
24818,14,5236,5236,1,12
12409,13,5233,5234,2,13
24819,14,5235,5235,1,12
12410,13,5238,5238,1,13
6205,12,5233,5236,4,14
12411,13,5237,5237,1,13
24824,14,5240,5241,2,12
12412,13,5242,5242,1,13
6206,12,5243,5246,4,14
3103,11,5233,5238,6,11
49650,15,5241,5241,1,8
24825,14,5239,5239,1,12
49651,15,5240,5240,1,8
12413,13,5239,5241,3,13
49658,15,5244,5244,1,12
12414,13,5245,5246,2,13
6207,12,5239,5242,4,14
49659,15,5243,5243,1,12
24830,14,5246,5246,1,12
12415,13,5243,5244,2,13
24831,14,5245,5245,1,12
12416,13,5248,5249,2,13
6208,12,5250,5251,2,14
3104,11,5252,5259,8,11
1552,10,5260,5268,9,15
776,9,5269,5281,13,3
388,8,5282,5321,40,18
194,7,5322,5393,72,7
97,6,5095,5246,152,17
24834,14,5249,5249,1,12
12417,13,5247,5247,1,13
24835,14,5248,5248,1,12
12418,13,5251,5251,1,13
6209,12,5247,5249,3,14
12419,13,5250,5250,1,13
24842,14,5253,5253,1,13
6210,12,5254,5259,6,14
3105,11,5247,5251,5,11
24843,14,5252,5252,1,13
3180172,21,5255,5255,1,8
99380,16,5256,5256,1,12
12422,13,5257,5259,3,13
6211,12,5252,5253,2,14
3180173,21,5254,5254,1,8
99381,16,5254,5255,2,12
24846,14,5258,5259,2,12
12423,13,5254,5256,3,13
49694,15,5259,5259,1,8
24847,14,5257,5257,1,12
49695,15,5258,5258,1,8
397586,18,5261,5261,1,8
49698,15,5262,5262,1,12
12424,13,5263,5263,1,13
6212,12,5264,5265,2,14
3106,11,5266,5268,3,11
1553,10,5247,5259,13,15
397587,18,5260,5260,1,8
49699,15,5260,5261,2,12
12425,13,5260,5262,3,13
12426,13,5265,5265,1,13
6213,12,5260,5263,4,14
12427,13,5264,5264,1,13
12428,13,5267,5268,2,14
3107,11,5260,5265,6,11
24858,14,5268,5268,1,13
12429,13,5266,5266,1,14
24859,14,5267,5267,1,13
6216,12,5270,5272,3,14
3108,11,5273,5275,3,11
1554,10,5276,5281,6,15
777,9,5247,5268,22,3
198952,17,5271,5271,1,12
12434,13,5272,5272,1,13
6217,12,5269,5269,1,14
198953,17,5270,5270,1,12
12435,13,5270,5271,2,13
49744,15,5274,5274,1,13
6218,12,5275,5275,1,14
3109,11,5269,5272,4,11
49745,15,5273,5273,1,13
6219,12,5273,5274,2,14
6220,12,5277,5277,1,14
3110,11,5278,5281,4,11
1555,10,5269,5275,7,15
6221,12,5276,5276,1,14
12444,13,5279,5279,1,13
6222,12,5280,5281,2,14
3111,11,5276,5277,2,11
12445,13,5278,5278,1,13
49784,15,5281,5281,1,13
6223,12,5278,5279,2,14
49785,15,5280,5280,1,13
49798,15,5283,5283,1,13
6224,12,5284,5287,4,14
3112,11,5288,5293,6,11
1556,10,5294,5301,8,15
778,9,5302,5321,20,3
389,8,5247,5281,35,18
49799,15,5282,5282,1,13
24900,14,5285,5286,2,12
12450,13,5287,5287,1,13
6225,12,5282,5283,2,14
49802,15,5286,5286,1,8
24901,14,5284,5284,1,12
49803,15,5285,5285,1,8
12451,13,5284,5286,3,13
12452,13,5289,5291,3,13
6226,12,5292,5293,2,14
3113,11,5282,5287,6,11
49812,15,5290,5291,2,12
12453,13,5288,5288,1,13
398506,18,5291,5291,1,8
49813,15,5289,5289,1,12
398507,18,5290,5290,1,8
12454,13,5293,5293,1,13
6227,12,5288,5291,4,14
12455,13,5292,5292,1,13
3114,11,5295,5301,7,11
1557,10,5282,5293,12,15
24920,14,5296,5297,2,12
12460,13,5298,5298,1,13
6230,12,5299,5301,3,14
3115,11,5294,5294,1,11
398750,18,5297,5297,1,8
24921,14,5295,5295,1,12
398751,18,5296,5296,1,8
12461,13,5295,5297,3,13
12462,13,5300,5301,2,13
6231,12,5295,5298,4,14
24926,14,5301,5301,1,12
12463,13,5299,5299,1,13
24927,14,5300,5300,1,12
797720,19,5303,5303,1,13
12464,13,5304,5305,2,14
3116,11,5306,5309,4,11
1558,10,5310,5321,12,15
779,9,5282,5301,20,3
797721,19,5302,5302,1,13
24930,14,5305,5305,1,13
12465,13,5302,5303,2,14
24931,14,5304,5304,1,13
12468,13,5307,5307,1,13
6234,12,5308,5309,2,14
3117,11,5302,5305,4,11
12469,13,5306,5306,1,13
12470,13,5309,5309,1,13
6235,12,5306,5307,2,14
12471,13,5308,5308,1,13
12472,13,5311,5311,1,13
6236,12,5312,5312,1,14
3118,11,5313,5321,9,11
1559,10,5302,5309,8,15
12473,13,5310,5310,1,13
6237,12,5310,5311,2,14
99812,16,5314,5314,1,12
12476,13,5315,5318,4,13
6238,12,5319,5321,3,14
3119,11,5310,5312,3,11
99813,16,5313,5313,1,12
99818,16,5316,5316,1,8
24954,14,5317,5318,2,12
12477,13,5313,5314,2,13
99819,16,5315,5315,1,8
49910,15,5318,5318,1,8
24955,14,5315,5316,2,12
49911,15,5317,5317,1,8
12478,13,5320,5321,2,13
6239,12,5313,5318,6,14
49918,15,5321,5321,1,12
12479,13,5319,5319,1,13
49919,15,5320,5320,1,12
49920,15,5323,5323,1,12
12480,13,5324,5325,2,13
6240,12,5326,5327,2,14
3120,11,5328,5328,1,11
1560,10,5329,5340,12,15
780,9,5341,5358,18,3
390,8,5359,5393,35,18
195,7,5247,5321,75,7
49921,15,5322,5322,1,12
24962,14,5325,5325,1,12
12481,13,5322,5323,2,13
24963,14,5324,5324,1,12
12482,13,5327,5327,1,13
6241,12,5322,5325,4,14
12483,13,5326,5326,1,13
3121,11,5322,5327,6,11
12488,13,5330,5330,1,13
6244,12,5331,5332,2,14
3122,11,5333,5340,8,11
1561,10,5322,5328,7,15
12489,13,5329,5329,1,13
99934,16,5332,5332,1,13
6245,12,5329,5330,2,14
99935,16,5331,5331,1,13
99940,16,5334,5334,1,12
12492,13,5335,5337,3,13
6246,12,5338,5340,3,14
3123,11,5329,5332,4,11
99941,16,5333,5333,1,12
24986,14,5336,5337,2,12
12493,13,5333,5334,2,13
49974,15,5337,5337,1,8
24987,14,5335,5335,1,12
49975,15,5336,5336,1,8
49978,15,5339,5339,1,12
12494,13,5340,5340,1,13
6247,12,5333,5337,5,14
49979,15,5338,5338,1,12
12495,13,5338,5339,2,13
6248,12,5342,5343,2,14
3124,11,5344,5348,5,11
1562,10,5349,5358,10,15
781,9,5322,5340,19,3
12498,13,5343,5343,1,13
6249,12,5341,5341,1,14
12499,13,5342,5342,1,13
25000,14,5345,5345,1,12
12500,13,5346,5347,2,13
6250,12,5348,5348,1,14
3125,11,5341,5343,3,11
25001,14,5344,5344,1,12
100010,16,5347,5347,1,12
12501,13,5344,5345,2,13
100011,16,5346,5346,1,12
6251,12,5344,5347,4,14
6252,12,5350,5356,7,14
3126,11,5357,5358,2,11
1563,10,5341,5348,8,15
50024,15,5351,5353,3,12
12506,13,5354,5356,3,13
6253,12,5349,5349,1,14
100050,16,5352,5353,2,8
50025,15,5350,5350,1,12
400206,18,5353,5353,1,2
100051,16,5351,5351,1,8
400207,18,5352,5352,1,2
100060,16,5355,5355,1,8
50030,15,5356,5356,1,12
12507,13,5350,5353,4,13
100061,16,5354,5354,1,8
50031,15,5354,5355,2,12
6254,12,5358,5358,1,14
3127,11,5349,5356,8,11
6255,12,5357,5357,1,14
12512,13,5360,5361,2,13
6256,12,5362,5362,1,14
3128,11,5363,5365,3,11
1564,10,5366,5376,11,15
782,9,5377,5393,17,3
391,8,5322,5358,37,18
25026,14,5361,5361,1,12
12513,13,5359,5359,1,13
25027,14,5360,5360,1,12
6257,12,5359,5361,3,14
25032,14,5364,5365,2,14
3129,11,5359,5362,4,11
50066,15,5365,5365,1,13
25033,14,5363,5363,1,14
50067,15,5364,5364,1,13
25040,14,5367,5367,1,12
12520,13,5368,5368,1,13
6260,12,5369,5373,5,14
3130,11,5374,5376,3,11
1565,10,5359,5365,7,15
25041,14,5366,5366,1,12
12521,13,5366,5367,2,13
100182,16,5370,5370,1,12
12522,13,5371,5373,3,13
6261,12,5366,5368,3,14
100183,16,5369,5369,1,12
50092,15,5372,5372,1,8
25046,14,5373,5373,1,12
12523,13,5369,5370,2,13
50093,15,5371,5371,1,8
25047,14,5371,5372,2,12
50098,15,5375,5375,1,13
12524,13,5376,5376,1,14
3131,11,5366,5373,8,11
50099,15,5374,5374,1,13
12525,13,5374,5375,2,14
3132,11,5378,5382,5,11
1566,10,5383,5393,11,15
783,9,5359,5376,18,3
6266,12,5379,5382,4,14
3133,11,5377,5377,1,11
12534,13,5380,5382,3,13
6267,12,5378,5378,1,14
200566,17,5381,5381,1,8
25070,14,5382,5382,1,12
12535,13,5379,5379,1,13
200567,17,5380,5380,1,8
25071,14,5380,5381,2,12
50144,15,5384,5385,2,12
12536,13,5386,5387,2,13
6268,12,5388,5390,3,14
3134,11,5391,5393,3,11
1567,10,5377,5382,6,15
200582,17,5385,5385,1,8
50145,15,5383,5383,1,12
200583,17,5384,5384,1,8
50150,15,5387,5387,1,12
12537,13,5383,5385,3,13
50151,15,5386,5386,1,12
12538,13,5389,5390,2,13
6269,12,5383,5387,5,14
50158,15,5390,5390,1,12
12539,13,5388,5388,1,13
50159,15,5389,5389,1,12
25082,14,5392,5392,1,13
6270,12,5393,5393,1,14
3135,11,5383,5390,8,11
25083,14,5391,5391,1,13
6271,12,5391,5392,2,14
3136,11,5395,5401,7,11
1568,10,5402,5406,5,15
784,9,5407,5428,22,3
392,8,5429,5464,36,18
196,7,5465,5541,77,7
98,6,5542,5714,173,17
49,5,5095,5393,299,16
401536,18,5396,5396,1,8
25096,14,5397,5397,1,12
12548,13,5398,5400,3,13
6274,12,5401,5401,1,14
3137,11,5394,5394,1,11
401537,18,5395,5395,1,8
25097,14,5395,5396,2,12
100396,16,5399,5399,1,8
50198,15,5400,5400,1,12
12549,13,5395,5397,3,13
100397,16,5398,5398,1,8
50199,15,5398,5399,2,12
6275,12,5395,5400,6,14
12552,13,5403,5403,1,13
6276,12,5404,5404,1,14
3138,11,5405,5406,2,11
1569,10,5394,5401,8,15
12553,13,5402,5402,1,13
6277,12,5402,5403,2,14
6278,12,5406,5406,1,14
3139,11,5402,5404,3,11
6279,12,5405,5405,1,14
12562,13,5408,5408,1,14
3140,11,5409,5413,5,11
1570,10,5414,5428,15,15
785,9,5394,5406,13,3
12563,13,5407,5407,1,14
25128,14,5410,5410,1,13
6282,12,5411,5413,3,14
3141,11,5407,5408,2,11
25129,14,5409,5409,1,13
12566,13,5412,5413,2,13
6283,12,5409,5410,2,14
50270,15,5413,5413,1,12
12567,13,5411,5411,1,13
50271,15,5412,5412,1,12
25136,14,5415,5415,1,13
6284,12,5416,5421,6,14
3142,11,5422,5428,7,11
1571,10,5407,5413,7,15
25137,14,5414,5414,1,13
100560,16,5417,5418,2,8
50280,15,5419,5420,2,12
12570,13,5421,5421,1,13
6285,12,5414,5415,2,14
201122,17,5418,5418,1,2
100561,16,5416,5416,1,8
201123,17,5417,5417,1,2
100562,16,5420,5420,1,8
50281,15,5416,5418,3,12
100563,16,5419,5419,1,8
12571,13,5416,5420,5,13
25144,14,5423,5423,1,12
12572,13,5424,5426,3,13
6286,12,5427,5428,2,14
3143,11,5414,5421,8,11
25145,14,5422,5422,1,12
100584,16,5425,5425,1,8
50292,15,5426,5426,1,12
12573,13,5422,5423,2,13
100585,16,5424,5424,1,8
50293,15,5424,5425,2,12
12574,13,5428,5428,1,13
6287,12,5422,5426,5,14
12575,13,5427,5427,1,13
6288,12,5430,5432,3,14
3144,11,5433,5437,5,11
1572,10,5438,5445,8,15
786,9,5446,5464,19,3
393,8,5394,5428,35,18
25156,14,5431,5431,1,12
12578,13,5432,5432,1,13
6289,12,5429,5429,1,14
25157,14,5430,5430,1,12
12579,13,5430,5431,2,13
12580,13,5434,5434,1,13
6290,12,5435,5437,3,14
3145,11,5429,5432,4,11
12581,13,5433,5433,1,13
12582,13,5436,5437,2,13
6291,12,5433,5434,2,14
50334,15,5437,5437,1,12
12583,13,5435,5435,1,13
50335,15,5436,5436,1,12
25168,14,5439,5439,1,13
6292,12,5440,5442,3,14
3146,11,5443,5445,3,11
1573,10,5429,5437,9,15
25169,14,5438,5438,1,13
25172,14,5441,5441,1,12
12586,13,5442,5442,1,13
6293,12,5438,5439,2,14
25173,14,5440,5440,1,12
12587,13,5440,5441,2,13
12588,13,5444,5444,1,13
6294,12,5445,5445,1,14
3147,11,5438,5442,5,11
12589,13,5443,5443,1,13
6295,12,5443,5444,2,14
25186,14,5447,5447,1,13
6296,12,5448,5450,3,14
3148,11,5451,5454,4,11
1574,10,5455,5464,10,15
787,9,5429,5445,17,3
25187,14,5446,5446,1,13
50376,15,5449,5449,1,12
12594,13,5450,5450,1,13
6297,12,5446,5447,2,14
50377,15,5448,5448,1,12
12595,13,5448,5449,2,13
201542,17,5452,5452,1,13
12596,13,5453,5454,2,14
3149,11,5446,5450,5,11
201543,17,5451,5451,1,13
50390,15,5454,5454,1,13
12597,13,5451,5452,2,14
50391,15,5453,5453,1,13
50400,15,5456,5456,1,12
25200,14,5457,5458,2,13
6300,12,5459,5462,4,14
3150,11,5463,5464,2,11
1575,10,5446,5454,9,15
50401,15,5455,5455,1,12
50402,15,5458,5458,1,12
25201,14,5455,5456,2,13
50403,15,5457,5457,1,12
50408,15,5460,5460,1,12
12602,13,5461,5462,2,13
6301,12,5455,5458,4,14
50409,15,5459,5459,1,12
806612,19,5462,5462,1,12
12603,13,5459,5460,2,13
806613,19,5461,5461,1,12
12604,13,5464,5464,1,14
3151,11,5455,5462,8,11
12605,13,5463,5463,1,14
100878,16,5466,5467,2,13
6304,12,5468,5468,1,14
3152,11,5469,5471,3,11
1576,10,5472,5477,6,15
788,9,5478,5497,20,3
394,8,5498,5541,44,18
197,7,5394,5464,71,7
201758,17,5467,5467,1,12
100879,16,5465,5465,1,13
201759,17,5466,5466,1,12
6305,12,5465,5467,3,14
50454,15,5470,5470,1,13
6306,12,5471,5471,1,14
3153,11,5465,5468,4,11
50455,15,5469,5469,1,13
6307,12,5469,5470,2,14
12616,13,5473,5474,2,13
6308,12,5475,5476,2,14
3154,11,5477,5477,1,11
1577,10,5465,5471,7,15
25234,14,5474,5474,1,12
12617,13,5472,5472,1,13
25235,14,5473,5473,1,12
100952,16,5476,5476,1,13
6309,12,5472,5474,3,14
100953,16,5475,5475,1,13
3155,11,5472,5476,5,11
25250,14,5479,5479,1,13
6312,12,5480,5485,6,14
3156,11,5486,5490,5,11
1578,10,5491,5497,7,15
789,9,5465,5477,13,3
25251,14,5478,5478,1,13
25252,14,5481,5481,1,12
12626,13,5482,5485,4,13
6313,12,5478,5479,2,14
25253,14,5480,5480,1,12
808138,19,5483,5483,1,8
50508,15,5484,5485,2,12
12627,13,5480,5481,2,13
808139,19,5482,5482,1,8
101018,16,5485,5485,1,8
50509,15,5482,5483,2,12
101019,16,5484,5484,1,8
12628,13,5487,5487,1,13
6314,12,5488,5490,3,14
3157,11,5478,5485,8,11
12629,13,5486,5486,1,13
101048,16,5489,5489,1,12
25262,14,5490,5490,1,13
6315,12,5486,5487,2,14
101049,16,5488,5488,1,12
25263,14,5488,5489,2,13
3158,11,5492,5497,6,11
1579,10,5478,5490,13,15
6318,12,5493,5497,5,14
3159,11,5491,5491,1,11
202208,17,5494,5494,1,8
50552,15,5495,5495,1,12
25276,14,5496,5497,2,13
6319,12,5492,5492,1,14
202209,17,5493,5493,1,8
50553,15,5493,5494,2,12
50554,15,5497,5497,1,12
25277,14,5493,5495,3,13
50555,15,5496,5496,1,12
50560,15,5499,5499,1,8
25280,14,5500,5500,1,12
12640,13,5501,5501,1,13
6320,12,5502,5507,6,14
3160,11,5508,5511,4,11
1580,10,5512,5521,10,15
790,9,5522,5541,20,3
395,8,5465,5497,33,18
50561,15,5498,5498,1,8
25281,14,5498,5499,2,12
12641,13,5498,5500,3,13
101142,16,5503,5504,2,12
12642,13,5505,5507,3,13
6321,12,5498,5501,4,14
202286,17,5504,5504,1,8
101143,16,5502,5502,1,12
202287,17,5503,5503,1,8
50574,15,5506,5507,2,12
12643,13,5502,5504,3,13
101150,16,5507,5507,1,8
50575,15,5505,5505,1,12
101151,16,5506,5506,1,8
50578,15,5509,5509,1,12
12644,13,5510,5510,1,13
6322,12,5511,5511,1,14
3161,11,5498,5507,10,11
50579,15,5508,5508,1,12
12645,13,5508,5509,2,13
6323,12,5508,5510,3,14
25296,14,5513,5513,1,12
12648,13,5514,5514,1,13
6324,12,5515,5517,3,14
3162,11,5518,5521,4,11
1581,10,5498,5511,14,15
25297,14,5512,5512,1,12
12649,13,5512,5513,2,13
12650,13,5516,5517,2,13
6325,12,5512,5514,3,14
50606,15,5517,5517,1,12
12651,13,5515,5515,1,13
50607,15,5516,5516,1,12
12652,13,5519,5519,1,13
6326,12,5520,5521,2,14
3163,11,5512,5517,6,11
12653,13,5518,5518,1,13
25308,14,5521,5521,1,13
6327,12,5518,5519,2,14
25309,14,5520,5520,1,13
101262,16,5523,5523,1,13
6328,12,5524,5527,4,14
3164,11,5528,5532,5,11
1582,10,5533,5541,9,15
791,9,5498,5521,24,3
101263,16,5522,5522,1,13
405076,18,5525,5525,1,8
50634,15,5526,5526,1,12
12658,13,5527,5527,1,13
6329,12,5522,5523,2,14
405077,18,5524,5524,1,8
50635,15,5524,5525,2,12
12659,13,5524,5526,3,13
101282,16,5529,5529,1,12
12660,13,5530,5531,2,13
6330,12,5532,5532,1,14
3165,11,5522,5527,6,11
101283,16,5528,5528,1,12
25322,14,5531,5531,1,12
12661,13,5528,5529,2,13
25323,14,5530,5530,1,12
6331,12,5528,5531,4,14
6332,12,5534,5534,1,14
3166,11,5535,5541,7,11
1583,10,5522,5532,11,15
6333,12,5533,5533,1,14
50676,15,5536,5537,2,13
6334,12,5538,5541,4,14
3167,11,5533,5534,2,11
101354,16,5537,5537,1,12
50677,15,5535,5535,1,13
101355,16,5536,5536,1,12
12670,13,5539,5541,3,13
6335,12,5535,5537,3,14
25342,14,5540,5541,2,12
12671,13,5538,5538,1,13
202746,17,5541,5541,1,8
25343,14,5539,5539,1,12
202747,17,5540,5540,1,8
6336,12,5543,5543,1,14
3168,11,5544,5547,4,11
1584,10,5548,5555,8,15
792,9,5556,5578,23,3
396,8,5579,5612,34,18
198,7,5613,5714,102,7
99,6,5394,5541,148,17
6337,12,5542,5542,1,14
101410,16,5545,5545,1,12
12676,13,5546,5546,1,13
6338,12,5547,5547,1,14
3169,11,5542,5543,2,11
101411,16,5544,5544,1,12
12677,13,5544,5545,2,13
6339,12,5544,5546,3,14
12680,13,5549,5549,1,13
6340,12,5550,5551,2,14
3170,11,5552,5555,4,11
1585,10,5542,5547,6,15
12681,13,5548,5548,1,13
12682,13,5551,5551,1,13
6341,12,5548,5549,2,14
12683,13,5550,5550,1,13
12684,13,5553,5553,1,13
6342,12,5554,5555,2,14
3171,11,5548,5551,4,11
12685,13,5552,5552,1,13
50750,15,5555,5555,1,13
6343,12,5552,5553,2,14
50751,15,5554,5554,1,13
50754,15,5557,5557,1,12
12688,13,5558,5559,2,13
6344,12,5560,5561,2,14
3172,11,5562,5566,5,11
1586,10,5567,5578,12,15
793,9,5542,5555,14,3
50755,15,5556,5556,1,12
101514,16,5559,5559,1,12
12689,13,5556,5557,2,13
101515,16,5558,5558,1,12
25380,14,5561,5561,1,13
6345,12,5556,5559,4,14
25381,14,5560,5560,1,13
12692,13,5563,5564,2,13
6346,12,5565,5566,2,14
3173,11,5556,5561,6,11
25386,14,5564,5564,1,12
12693,13,5562,5562,1,13
25387,14,5563,5563,1,12
1624858,20,5566,5566,1,13
6347,12,5562,5564,3,14
1624859,20,5565,5565,1,13
25392,14,5568,5569,2,12
12696,13,5570,5570,1,13
6348,12,5571,5571,1,14
3174,11,5572,5578,7,11
1587,10,5556,5566,11,15
6500730,22,5569,5569,1,8
25393,14,5567,5567,1,12
6500731,22,5568,5568,1,8
12697,13,5567,5569,3,13
6349,12,5567,5570,4,14
101600,16,5573,5573,1,12
50800,15,5574,5574,1,13
6350,12,5575,5578,4,14
3175,11,5567,5571,5,11
101601,16,5572,5572,1,12
50801,15,5572,5573,2,13
25406,14,5576,5578,3,13
6351,12,5572,5574,3,14
203256,17,5577,5577,1,8
50814,15,5578,5578,1,12
25407,14,5575,5575,1,13
203257,17,5576,5576,1,8
50815,15,5576,5577,2,12
25408,14,5580,5580,1,13
6352,12,5581,5583,3,14
3176,11,5584,5586,3,11
1588,10,5587,5593,7,15
794,9,5594,5612,19,3
397,8,5542,5578,37,18
25409,14,5579,5579,1,13
12706,13,5582,5583,2,13
6353,12,5579,5580,2,14
25414,14,5583,5583,1,12
12707,13,5581,5581,1,13
25415,14,5582,5582,1,12
6354,12,5585,5586,2,14
3177,11,5579,5583,5,11
12710,13,5586,5586,1,13
6355,12,5584,5584,1,14
12711,13,5585,5585,1,13
12712,13,5588,5588,1,13
6356,12,5589,5589,1,14
3178,11,5590,5593,4,11
1589,10,5579,5586,8,15
12713,13,5587,5587,1,13
6357,12,5587,5588,2,14
6358,12,5591,5593,3,14
3179,11,5587,5589,3,11
25436,14,5592,5592,1,12
12718,13,5593,5593,1,13
6359,12,5590,5590,1,14
25437,14,5591,5591,1,12
12719,13,5591,5592,2,13
6360,12,5595,5596,2,14
3180,11,5597,5599,3,11
1590,10,5600,5612,13,15
795,9,5579,5593,15,3
12722,13,5596,5596,1,13
6361,12,5594,5594,1,14
12723,13,5595,5595,1,13
6362,12,5598,5599,2,14
3181,11,5594,5596,3,11
50904,15,5599,5599,1,13
6363,12,5597,5597,1,14
50905,15,5598,5598,1,13
6364,12,5601,5604,4,14
3182,11,5605,5612,8,11
1591,10,5594,5599,6,15
12730,13,5602,5604,3,13
6365,12,5600,5600,1,14
25462,14,5603,5604,2,12
12731,13,5601,5601,1,13
101852,16,5604,5604,1,8
25463,14,5602,5602,1,12
101853,16,5603,5603,1,8
50930,15,5606,5606,1,12
12732,13,5607,5609,3,13
6366,12,5610,5612,3,14
3183,11,5600,5604,5,11
50931,15,5605,5605,1,12
101864,16,5608,5608,1,8
50932,15,5609,5609,1,12
12733,13,5605,5606,2,13
101865,16,5607,5607,1,8
50933,15,5607,5608,2,12
50936,15,5611,5611,1,12
12734,13,5612,5612,1,13
6367,12,5605,5609,5,14
50937,15,5610,5610,1,12
12735,13,5610,5611,2,13
25478,14,5614,5615,2,14
3184,11,5616,5627,12,11
1592,10,5628,5644,17,15
796,9,5645,5672,28,3
398,8,5673,5714,42,2
199,7,5542,5612,71,7
203832,17,5615,5615,1,13
25479,14,5613,5613,1,14
203833,17,5614,5614,1,13
12740,13,5617,5621,5,13
6370,12,5622,5627,6,14
3185,11,5613,5615,3,11
203858,17,5618,5618,1,8
25482,14,5619,5621,3,12
12741,13,5616,5616,1,13
203859,17,5617,5617,1,8
50966,15,5620,5621,2,8
25483,14,5617,5618,2,12
101934,16,5621,5621,1,2
50967,15,5619,5619,1,8
101935,16,5620,5620,1,2
25484,14,5623,5623,1,12
12742,13,5624,5627,4,13
6371,12,5616,5621,6,14
25485,14,5622,5622,1,12
203888,17,5625,5625,1,2
101944,16,5626,5626,1,8
50972,15,5627,5627,1,12
12743,13,5622,5623,2,13
203889,17,5624,5624,1,2
101945,16,5624,5625,2,8
50973,15,5624,5626,3,12
25488,14,5629,5629,1,13
6372,12,5630,5634,5,14
3186,11,5635,5644,10,11
1593,10,5613,5627,15,15
25489,14,5628,5628,1,13
25492,14,5631,5631,1,12
12746,13,5632,5634,3,13
6373,12,5628,5629,2,14
25493,14,5630,5630,1,12
25494,14,5633,5634,2,12
12747,13,5630,5631,2,13
50990,15,5634,5634,1,8
25495,14,5632,5632,1,12
50991,15,5633,5633,1,8
25496,14,5636,5639,4,13
6374,12,5640,5644,5,14
3187,11,5628,5634,7,11
101988,16,5637,5637,1,8
50994,15,5638,5639,2,12
25497,14,5635,5635,1,13
101989,16,5636,5636,1,8
101990,16,5639,5639,1,8
50995,15,5636,5637,2,12
101991,16,5638,5638,1,8
51000,15,5641,5641,1,8
25500,14,5642,5642,1,12
12750,13,5643,5644,2,13
6375,12,5635,5639,5,14
51001,15,5640,5640,1,8
25501,14,5640,5641,2,12
51006,15,5644,5644,1,12
12751,13,5640,5642,3,13
51007,15,5643,5643,1,12
25504,14,5646,5648,3,12
12752,13,5649,5650,2,13
6376,12,5651,5652,2,14
3188,11,5653,5657,5,11
1594,10,5658,5672,15,15
797,9,5613,5644,32,3
408080,18,5647,5647,1,2
102020,16,5648,5648,1,8
25505,14,5645,5645,1,12
408081,18,5646,5646,1,2
102021,16,5646,5647,2,8
25506,14,5650,5650,1,12
12753,13,5645,5648,4,13
25507,14,5649,5649,1,12
12754,13,5652,5652,1,13
6377,12,5645,5650,6,14
12755,13,5651,5651,1,13
25512,14,5654,5654,1,12
12756,13,5655,5655,1,13
6378,12,5656,5657,2,14
3189,11,5645,5652,8,11
25513,14,5653,5653,1,12
12757,13,5653,5654,2,13
12758,13,5657,5657,1,13
6379,12,5653,5655,3,14
12759,13,5656,5656,1,13
12760,13,5659,5662,4,13
6380,12,5663,5664,2,14
3190,11,5665,5672,8,11
1595,10,5645,5657,13,15
25522,14,5660,5662,3,12
12761,13,5658,5658,1,13
51046,15,5661,5662,2,8
25523,14,5659,5659,1,12
204190,17,5662,5662,1,2
51047,15,5660,5660,1,8
204191,17,5661,5661,1,2
12762,13,5664,5664,1,13
6381,12,5658,5662,5,14
12763,13,5663,5663,1,13
51058,15,5666,5666,1,12
12764,13,5667,5670,4,13
6382,12,5671,5672,2,14
3191,11,5658,5664,7,11
51059,15,5665,5665,1,12
51060,15,5668,5668,1,8
25530,14,5669,5670,2,12
12765,13,5665,5666,2,13
51061,15,5667,5667,1,8
102124,16,5670,5670,1,8
25531,14,5667,5668,2,12
102125,16,5669,5669,1,8
12766,13,5672,5672,1,13
6383,12,5665,5670,6,14
12767,13,5671,5671,1,13
6384,12,5674,5678,5,13
3192,11,5679,5684,6,3
1596,10,5685,5692,8,9
798,9,5693,5714,22,6
399,8,5613,5672,60,18
25540,14,5675,5675,1,8
12770,13,5676,5678,3,11
6385,12,5673,5673,1,13
25541,14,5674,5674,1,8
25542,14,5677,5678,2,8
12771,13,5674,5675,2,11
102174,16,5678,5678,1,18
25543,14,5676,5676,1,8
102175,16,5677,5677,1,18
6386,12,5680,5684,5,13
3193,11,5673,5678,6,3
12774,13,5681,5684,4,11
6387,12,5679,5679,1,13
51100,15,5682,5683,2,18
25550,14,5684,5684,1,8
12775,13,5680,5680,1,11
102202,16,5683,5683,1,15
51101,15,5681,5681,1,18
102203,16,5682,5682,1,15
25551,14,5681,5683,3,8
6388,12,5686,5686,1,13
3194,11,5687,5692,6,3
1597,10,5673,5684,12,9
6389,12,5685,5685,1,13
6390,12,5688,5692,5,13
3195,11,5685,5686,2,3
51128,15,5689,5689,1,8
12782,13,5690,5692,3,11
6391,12,5687,5687,1,13
51129,15,5688,5688,1,8
25566,14,5691,5692,2,8
12783,13,5688,5689,2,11
102270,16,5692,5692,1,18
25567,14,5690,5690,1,8
102271,16,5691,5691,1,18
102286,16,5694,5694,1,11
6392,12,5695,5698,4,13
3196,11,5699,5706,8,3
1598,10,5707,5714,8,9
799,9,5673,5692,20,6
102287,16,5693,5693,1,11
51144,15,5696,5697,2,8
12786,13,5698,5698,1,11
6393,12,5693,5694,2,13
102290,16,5697,5697,1,18
51145,15,5695,5695,1,8
102291,16,5696,5696,1,18
12787,13,5695,5697,3,11
6394,12,5700,5706,7,13
3197,11,5693,5698,6,3
51160,15,5701,5701,1,18
25580,14,5702,5702,1,8
12790,13,5703,5706,4,11
6395,12,5699,5699,1,13
51161,15,5700,5700,1,18
25581,14,5700,5701,2,8
25582,14,5704,5706,3,8
12791,13,5700,5702,3,11
102332,16,5705,5705,1,15
51166,15,5706,5706,1,18
25583,14,5703,5703,1,8
102333,16,5704,5704,1,15
51167,15,5704,5705,2,18
6396,12,5708,5708,1,13
3198,11,5709,5714,6,3
1599,10,5693,5706,14,9
6397,12,5707,5707,1,13
6398,12,5710,5714,5,13
3199,11,5707,5708,2,3
204772,17,5711,5711,1,8
12798,13,5712,5714,3,11
6399,12,5709,5709,1,13
204773,17,5710,5710,1,8
25598,14,5713,5714,2,8
12799,13,5710,5711,2,11
51198,15,5714,5714,1,18
25599,14,5712,5712,1,8
51199,15,5713,5713,1,18
12800,13,5716,5716,1,13
6400,12,5717,5718,2,14
3200,11,5719,5721,3,11
1600,10,5722,5734,13,15
800,9,5735,5747,13,3
400,8,5748,5793,46,18
200,7,5794,5871,78,7
100,6,5872,6033,162,17
50,5,6034,6292,259,16
25,4,5095,5714,620,4
12801,13,5715,5715,1,13
25604,14,5718,5718,1,13
6401,12,5715,5716,2,14
25605,14,5717,5717,1,13
6402,12,5720,5721,2,14
3201,11,5715,5718,4,11
12806,13,5721,5721,1,13
6403,12,5719,5719,1,14
12807,13,5720,5720,1,13
25616,14,5723,5723,1,12
12808,13,5724,5725,2,13
6404,12,5726,5727,2,14
3202,11,5728,5734,7,11
1601,10,5715,5721,7,15
25617,14,5722,5722,1,12
25618,14,5725,5725,1,12
12809,13,5722,5723,2,13
25619,14,5724,5724,1,12
25622,14,5727,5727,1,13
6405,12,5722,5725,4,14
25623,14,5726,5726,1,13
6406,12,5729,5734,6,14
3203,11,5722,5727,6,11
102512,16,5730,5730,1,12
12814,13,5731,5734,4,13
6407,12,5728,5728,1,14
102513,16,5729,5729,1,12
410080,18,5732,5732,1,8
51260,15,5733,5734,2,12
12815,13,5729,5730,2,13
410081,18,5731,5731,1,8
102522,16,5734,5734,1,8
51261,15,5731,5732,2,12
102523,16,5733,5733,1,8
51270,15,5736,5737,2,13
6408,12,5738,5738,1,14
3204,11,5739,5741,3,11
1602,10,5742,5747,6,15
801,9,5715,5734,20,3
102542,16,5737,5737,1,12
51271,15,5735,5735,1,13
102543,16,5736,5736,1,12
6409,12,5735,5737,3,14
6410,12,5740,5741,2,14
3205,11,5735,5738,4,11
12822,13,5741,5741,1,13
6411,12,5739,5739,1,14
12823,13,5740,5740,1,13
3206,11,5743,5747,5,11
1603,10,5735,5741,7,15
205252,17,5744,5744,1,12
12828,13,5745,5745,1,13
6414,12,5746,5747,2,14
3207,11,5742,5742,1,11
205253,17,5743,5743,1,12
12829,13,5743,5744,2,13
12830,13,5747,5747,1,13
6415,12,5743,5745,3,14
12831,13,5746,5746,1,13
102658,16,5749,5749,1,12
25664,14,5750,5750,1,13
12832,13,5751,5751,1,14
3208,11,5752,5755,4,11
1604,10,5756,5763,8,15
802,9,5764,5793,30,3
401,8,5715,5747,33,18
102659,16,5748,5748,1,12
25665,14,5748,5749,2,13
12833,13,5748,5750,3,14
6418,12,5753,5755,3,14
3209,11,5748,5751,4,11
25676,14,5754,5754,1,12
12838,13,5755,5755,1,13
6419,12,5752,5752,1,14
25677,14,5753,5753,1,12
12839,13,5753,5754,2,13
6420,12,5757,5760,4,14
3210,11,5761,5763,3,11
1605,10,5748,5755,8,15
51372,15,5758,5758,1,12
25686,14,5759,5760,2,13
6421,12,5756,5756,1,14
51373,15,5757,5757,1,12
102750,16,5760,5760,1,12
25687,14,5757,5758,2,13
102751,16,5759,5759,1,12
102754,16,5762,5762,1,13
12844,13,5763,5763,1,14
3211,11,5756,5760,5,11
102755,16,5761,5761,1,13
12845,13,5761,5762,2,14
25696,14,5765,5765,1,12
12848,13,5766,5766,1,13
6424,12,5767,5770,4,14
3212,11,5771,5776,6,11
1606,10,5777,5793,17,15
803,9,5748,5763,16,3
25697,14,5764,5764,1,12
12849,13,5764,5765,2,13
102802,16,5768,5768,1,12
12850,13,5769,5770,2,13
6425,12,5764,5766,3,14
102803,16,5767,5767,1,12
25702,14,5770,5770,1,12
12851,13,5767,5768,2,13
25703,14,5769,5769,1,12
6426,12,5772,5776,5,14
3213,11,5764,5770,7,11
25708,14,5773,5774,2,12
12854,13,5775,5776,2,13
6427,12,5771,5771,1,14
51418,15,5774,5774,1,8
25709,14,5772,5772,1,12
51419,15,5773,5773,1,8
25710,14,5776,5776,1,12
12855,13,5772,5774,3,13
25711,14,5775,5775,1,12
411408,18,5778,5778,1,2
205704,17,5779,5779,1,8
51426,15,5780,5780,1,12
12856,13,5781,5781,1,13
6428,12,5782,5785,4,14
3214,11,5786,5793,8,11
1607,10,5764,5776,13,15
411409,18,5777,5777,1,2
205705,17,5777,5778,2,8
51427,15,5777,5779,3,12
12857,13,5777,5780,4,13
25716,14,5783,5784,2,12
12858,13,5785,5785,1,13
6429,12,5777,5781,5,14
102868,16,5784,5784,1,8
25717,14,5782,5782,1,12
102869,16,5783,5783,1,8
12859,13,5782,5784,3,13
25720,14,5787,5787,1,12
12860,13,5788,5788,1,13
6430,12,5789,5793,5,14
3215,11,5777,5785,9,11
25721,14,5786,5786,1,12
12861,13,5786,5787,2,13
51448,15,5790,5790,1,8
25724,14,5791,5791,1,12
12862,13,5792,5793,2,13
6431,12,5786,5788,3,14
51449,15,5789,5789,1,8
25725,14,5789,5790,2,12
25726,14,5793,5793,1,12
12863,13,5789,5791,3,13
25727,14,5792,5792,1,12
51456,15,5795,5795,1,13
6432,12,5796,5797,2,14
3216,11,5798,5805,8,11
1608,10,5806,5815,10,15
804,9,5816,5836,21,3
402,8,5837,5871,35,18
201,7,5715,5793,79,7
51457,15,5794,5794,1,13
51470,15,5797,5797,1,13
6433,12,5794,5795,2,14
51471,15,5796,5796,1,13
25736,14,5799,5799,1,12
12868,13,5800,5802,3,13
6434,12,5803,5805,3,14
3217,11,5794,5797,4,11
25737,14,5798,5798,1,12
25738,14,5801,5802,2,12
12869,13,5798,5799,2,13
102956,16,5802,5802,1,8
25739,14,5800,5800,1,12
102957,16,5801,5801,1,8
51484,15,5804,5805,2,13
6435,12,5798,5802,5,14
102970,16,5805,5805,1,12
51485,15,5803,5803,1,13
102971,16,5804,5804,1,12
6436,12,5807,5809,3,14
3218,11,5810,5815,6,11
1609,10,5794,5805,12,15
12874,13,5808,5809,2,13
6437,12,5806,5806,1,14
51502,15,5809,5809,1,12
12875,13,5807,5807,1,13
51503,15,5808,5808,1,12
206026,17,5811,5811,1,12
12876,13,5812,5813,2,13
6438,12,5814,5815,2,14
3219,11,5806,5809,4,11
206027,17,5810,5810,1,12
412072,18,5813,5813,1,12
12877,13,5810,5811,2,13
412073,18,5812,5812,1,12
103024,16,5815,5815,1,13
6439,12,5810,5813,4,14
103025,16,5814,5814,1,13
25762,14,5817,5817,1,13
6440,12,5818,5820,3,14
3220,11,5821,5828,8,11
1610,10,5829,5836,8,15
805,9,5794,5815,22,3
25763,14,5816,5816,1,13
12882,13,5819,5820,2,13
6441,12,5816,5817,2,14
206132,17,5820,5820,1,12
12883,13,5818,5818,1,13
206133,17,5819,5819,1,12
25768,14,5822,5823,2,12
12884,13,5824,5826,3,13
6442,12,5827,5828,2,14
3221,11,5816,5820,5,11
103078,16,5823,5823,1,8
25769,14,5821,5821,1,12
103079,16,5822,5822,1,8
25770,14,5825,5826,2,12
12885,13,5821,5823,3,13
206170,17,5826,5826,1,8
25771,14,5824,5824,1,12
206171,17,5825,5825,1,8
25772,14,5828,5828,1,13
6443,12,5821,5826,6,14
25773,14,5827,5827,1,13
12888,13,5830,5830,1,13
6444,12,5831,5832,2,14
3222,11,5833,5836,4,11
1611,10,5816,5828,13,15
12889,13,5829,5829,1,13
12890,13,5832,5832,1,13
6445,12,5829,5830,2,14
12891,13,5831,5831,1,13
12892,13,5834,5834,1,13
6446,12,5835,5836,2,14
3223,11,5829,5832,4,11
12893,13,5833,5833,1,13
12894,13,5836,5836,1,13
6447,12,5833,5834,2,14
12895,13,5835,5835,1,13
12896,13,5838,5839,2,13
6448,12,5840,5840,1,14
3224,11,5841,5846,6,11
1612,10,5847,5856,10,15
806,9,5857,5871,15,3
403,8,5794,5836,43,18
51590,15,5839,5839,1,12
12897,13,5837,5837,1,13
51591,15,5838,5838,1,12
6449,12,5837,5839,3,14
51600,15,5842,5842,1,12
12900,13,5843,5843,1,13
6450,12,5844,5846,3,14
3225,11,5837,5840,4,11
51601,15,5841,5841,1,12
12901,13,5841,5842,2,13
25804,14,5845,5845,1,12
12902,13,5846,5846,1,13
6451,12,5841,5843,3,14
25805,14,5844,5844,1,12
12903,13,5844,5845,2,13
25808,14,5848,5848,1,12
12904,13,5849,5850,2,13
6452,12,5851,5854,4,14
3226,11,5855,5856,2,11
1613,10,5837,5846,10,15
25809,14,5847,5847,1,12
103242,16,5850,5850,1,12
12905,13,5847,5848,2,13
103243,16,5849,5849,1,12
25812,14,5852,5853,2,12
12906,13,5854,5854,1,13
6453,12,5847,5850,4,14
51626,15,5853,5853,1,8
25813,14,5851,5851,1,12
51627,15,5852,5852,1,8
12907,13,5851,5853,3,13
6454,12,5856,5856,1,14
3227,11,5847,5854,8,11
6455,12,5855,5855,1,14
6456,12,5858,5860,3,14
3228,11,5861,5861,1,11
1614,10,5862,5871,10,15
807,9,5837,5856,20,3
25828,14,5859,5859,1,12
12914,13,5860,5860,1,13
6457,12,5857,5857,1,14
25829,14,5858,5858,1,12
12915,13,5858,5859,2,13
3229,11,5857,5860,4,11
6460,12,5863,5863,1,14
3230,11,5864,5871,8,11
1615,10,5857,5861,5,15
6461,12,5862,5862,1,14
25848,14,5865,5865,1,12
12924,13,5866,5867,2,13
6462,12,5868,5871,4,14
3231,11,5862,5863,2,11
25849,14,5864,5864,1,12
51702,15,5867,5867,1,12
12925,13,5864,5865,2,13
51703,15,5866,5866,1,12
51704,15,5869,5869,1,8
25852,14,5870,5870,1,12
12926,13,5871,5871,1,13
6463,12,5864,5867,4,14
51705,15,5868,5868,1,8
25853,14,5868,5869,2,12
12927,13,5868,5870,3,13
103438,16,5873,5873,1,13
6464,12,5874,5875,2,14
3232,11,5876,5878,3,11
1616,10,5879,5891,13,15
808,9,5892,5912,21,3
404,8,5913,5948,36,18
202,7,5949,6033,85,7
101,6,5715,5871,157,17
103439,16,5872,5872,1,13
206908,17,5875,5875,1,13
6465,12,5872,5873,2,14
206909,17,5874,5874,1,13
6466,12,5877,5878,2,14
3233,11,5872,5875,4,11
25868,14,5878,5878,1,13
6467,12,5876,5876,1,14
25869,14,5877,5877,1,13
25872,14,5880,5880,1,12
12936,13,5881,5881,1,13
6468,12,5882,5883,2,14
3234,11,5884,5891,8,11
1617,10,5872,5878,7,15
25873,14,5879,5879,1,12
12937,13,5879,5880,2,13
51752,15,5883,5883,1,13
6469,12,5879,5881,3,14
51753,15,5882,5882,1,13
12940,13,5885,5885,1,13
6470,12,5886,5891,6,14
3235,11,5879,5883,5,11
12941,13,5884,5884,1,13
25884,14,5887,5889,3,12
12942,13,5890,5891,2,13
6471,12,5884,5885,2,14
3313310,21,5888,5888,1,2
51770,15,5889,5889,1,8
25885,14,5886,5886,1,12
3313311,21,5887,5887,1,2
51771,15,5887,5888,2,8
25886,14,5891,5891,1,12
12943,13,5886,5889,4,13
25887,14,5890,5890,1,12
103556,16,5893,5893,1,12
12944,13,5894,5894,1,13
6472,12,5895,5896,2,14
3236,11,5897,5903,7,11
1618,10,5904,5912,9,15
809,9,5872,5891,20,3
103557,16,5892,5892,1,12
12945,13,5892,5893,2,13
12946,13,5896,5896,1,13
6473,12,5892,5894,3,14
12947,13,5895,5895,1,13
25896,14,5898,5898,1,12
12948,13,5899,5901,3,13
6474,12,5902,5903,2,14
3237,11,5892,5896,5,11
25897,14,5897,5897,1,12
103594,16,5900,5900,1,8
25898,14,5901,5901,1,12
12949,13,5897,5898,2,13
103595,16,5899,5899,1,8
25899,14,5899,5900,2,12
25900,14,5903,5903,1,13
6475,12,5897,5901,5,14
25901,14,5902,5902,1,13
6476,12,5905,5905,1,14
3238,11,5906,5912,7,11
1619,10,5892,5903,12,15
6477,12,5904,5904,1,14
25912,14,5907,5907,1,12
12956,13,5908,5909,2,13
6478,12,5910,5912,3,14
3239,11,5904,5905,2,11
25913,14,5906,5906,1,12
25914,14,5909,5909,1,12
12957,13,5906,5907,2,13
25915,14,5908,5908,1,12
12958,13,5911,5912,2,13
6479,12,5906,5909,4,14
25918,14,5912,5912,1,12
12959,13,5910,5910,1,13
25919,14,5911,5911,1,12
6480,12,5914,5915,2,14
3240,11,5916,5920,5,11
1620,10,5921,5930,10,15
810,9,5931,5948,18,3
405,8,5872,5912,41,18
12962,13,5915,5915,1,13
6481,12,5913,5913,1,14
12963,13,5914,5914,1,13
51860,15,5917,5917,1,13
6482,12,5918,5920,3,14
3241,11,5913,5915,3,11
51861,15,5916,5916,1,13
25932,14,5919,5919,1,12
12966,13,5920,5920,1,13
6483,12,5916,5917,2,14
25933,14,5918,5918,1,12
12967,13,5918,5919,2,13
415022,18,5922,5922,1,13
6484,12,5923,5923,1,14
3242,11,5924,5930,7,11
1621,10,5913,5920,8,15
415023,18,5921,5921,1,13
6485,12,5921,5922,2,14
25946,14,5925,5925,1,13
6486,12,5926,5930,5,14
3243,11,5921,5923,3,11
25947,14,5924,5924,1,13
51896,15,5927,5927,1,8
25948,14,5928,5928,1,12
12974,13,5929,5930,2,13
6487,12,5924,5925,2,14
51897,15,5926,5926,1,8
25949,14,5926,5927,2,12
25950,14,5930,5930,1,12
12975,13,5926,5928,3,13
25951,14,5929,5929,1,12
6488,12,5932,5932,1,14
3244,11,5933,5940,8,11
1622,10,5941,5948,8,15
811,9,5913,5930,18,3
6489,12,5931,5931,1,14
207680,17,5934,5934,1,8
51920,15,5935,5935,1,12
12980,13,5936,5937,2,13
6490,12,5938,5940,3,14
3245,11,5931,5932,2,11
207681,17,5933,5933,1,8
51921,15,5933,5934,2,12
25962,14,5937,5937,1,12
12981,13,5933,5935,3,13
25963,14,5936,5936,1,12
25964,14,5939,5939,1,12
12982,13,5940,5940,1,13
6491,12,5933,5937,5,14
25965,14,5938,5938,1,12
12983,13,5938,5939,2,13
12984,13,5942,5943,2,13
6492,12,5944,5945,2,14
3246,11,5946,5948,3,11
1623,10,5931,5940,10,15
25970,14,5943,5943,1,12
12985,13,5941,5941,1,13
25971,14,5942,5942,1,12
12986,13,5945,5945,1,13
6493,12,5941,5943,3,14
12987,13,5944,5944,1,13
6494,12,5947,5948,2,14
3247,11,5941,5945,5,11
51960,15,5948,5948,1,13
6495,12,5946,5946,1,14
51961,15,5947,5947,1,13
12992,13,5950,5952,3,13
6496,12,5953,5953,1,14
3248,11,5954,5958,5,11
1624,10,5959,5967,9,15
812,9,5968,5986,19,3
406,8,5987,6033,47,18
203,7,5872,5948,77,7
25986,14,5951,5952,2,12
12993,13,5949,5949,1,13
51974,15,5952,5952,1,8
25987,14,5950,5950,1,12
51975,15,5951,5951,1,8
6497,12,5949,5952,4,14
51984,15,5955,5955,1,12
12996,13,5956,5957,2,13
6498,12,5958,5958,1,14
3249,11,5949,5953,5,11
51985,15,5954,5954,1,12
25994,14,5957,5957,1,12
12997,13,5954,5955,2,13
25995,14,5956,5956,1,12
6499,12,5954,5957,4,14
6500,12,5960,5960,1,14
3250,11,5961,5967,7,11
1625,10,5949,5958,10,15
6501,12,5959,5959,1,14
26010,14,5962,5962,1,13
6502,12,5963,5967,5,14
3251,11,5959,5960,2,11
26011,14,5961,5961,1,13
26012,14,5964,5965,2,12
13006,13,5966,5967,2,13
6503,12,5961,5962,2,14
52026,15,5965,5965,1,8
26013,14,5963,5963,1,12
52027,15,5964,5964,1,8
52028,15,5967,5967,1,12
13007,13,5963,5965,3,13
52029,15,5966,5966,1,12
104074,16,5969,5969,1,13
6504,12,5970,5974,5,14
3252,11,5975,5978,4,11
1626,10,5979,5986,8,15
813,9,5949,5967,19,3
104075,16,5968,5968,1,13
104084,16,5971,5971,1,8
52042,15,5972,5972,1,12
13010,13,5973,5974,2,13
6505,12,5968,5969,2,14
104085,16,5970,5970,1,8
52043,15,5970,5971,2,12
26022,14,5974,5974,1,12
13011,13,5970,5972,3,13
26023,14,5973,5973,1,12
13012,13,5976,5977,2,13
6506,12,5978,5978,1,14
3253,11,5968,5974,7,11
52052,15,5977,5977,1,12
13013,13,5975,5975,1,13
52053,15,5976,5976,1,12
6507,12,5975,5977,3,14
26036,14,5980,5980,1,14
3254,11,5981,5986,6,11
1627,10,5968,5978,11,15
26037,14,5979,5979,1,14
104178,16,5982,5982,1,12
26044,14,5983,5984,2,13
13022,13,5985,5986,2,14
3255,11,5979,5980,2,11
104179,16,5981,5981,1,12
52090,15,5984,5984,1,12
26045,14,5981,5982,2,13
52091,15,5983,5983,1,12
26046,14,5986,5986,1,13
13023,13,5981,5984,4,14
26047,14,5985,5985,1,13
26048,14,5988,5990,3,13
6512,12,5991,5996,6,14
3256,11,5997,6001,5,11
1628,10,6002,6008,7,15
814,9,6009,6033,25,3
407,8,5949,5986,38,18
104196,16,5989,5989,1,8
52098,15,5990,5990,1,12
26049,14,5987,5987,1,13
104197,16,5988,5988,1,8
52099,15,5988,5989,2,12
208428,17,5992,5992,1,8
104214,16,5993,5994,2,12
13026,13,5995,5996,2,13
6513,12,5987,5990,4,14
208429,17,5991,5991,1,8
208430,17,5994,5994,1,8
104215,16,5991,5992,2,12
208431,17,5993,5993,1,8
104220,16,5996,5996,1,12
13027,13,5991,5994,4,13
104221,16,5995,5995,1,12
833796,19,5998,5998,1,12
13028,13,5999,5999,1,13
6514,12,6000,6001,2,14
3257,11,5987,5996,10,11
833797,19,5997,5997,1,12
13029,13,5997,5998,2,13
13030,13,6001,6001,1,13
6515,12,5997,5999,3,14
13031,13,6000,6000,1,13
52128,15,6003,6003,1,12
26064,14,6004,6004,1,13
6516,12,6005,6005,1,14
3258,11,6006,6008,3,11
1629,10,5987,6001,15,15
52129,15,6002,6002,1,12
26065,14,6002,6003,2,13
6517,12,6002,6004,3,14
26074,14,6007,6007,1,13
6518,12,6008,6008,1,14
3259,11,6002,6005,4,11
26075,14,6006,6006,1,13
6519,12,6006,6007,2,14
208656,17,6010,6010,1,8
52164,15,6011,6011,1,12
26082,14,6012,6012,1,13
6520,12,6013,6014,2,14
3260,11,6015,6020,6,11
1630,10,6021,6033,13,15
815,9,5987,6008,22,3
208657,17,6009,6009,1,8
52165,15,6009,6010,2,12
26083,14,6009,6011,3,13
13042,13,6014,6014,1,13
6521,12,6009,6012,4,14
13043,13,6013,6013,1,13
52178,15,6016,6016,1,12
13044,13,6017,6018,2,13
6522,12,6019,6020,2,14
3261,11,6009,6014,6,11
52179,15,6015,6015,1,12
26090,14,6018,6018,1,12
13045,13,6015,6016,2,13
26091,14,6017,6017,1,12
13046,13,6020,6020,1,13
6523,12,6015,6018,4,14
13047,13,6019,6019,1,13
13048,13,6022,6023,2,13
6524,12,6024,6026,3,14
3262,11,6027,6033,7,11
1631,10,6009,6020,12,15
208794,17,6023,6023,1,12
13049,13,6021,6021,1,13
208795,17,6022,6022,1,12
26100,14,6025,6025,1,12
13050,13,6026,6026,1,13
6525,12,6021,6023,3,14
26101,14,6024,6024,1,12
13051,13,6024,6025,2,13
52210,15,6028,6028,1,12
13052,13,6029,6031,3,13
6526,12,6032,6033,2,14
3263,11,6021,6026,6,11
52211,15,6027,6027,1,12
26106,14,6030,6031,2,12
13053,13,6027,6028,2,13
52214,15,6031,6031,1,8
26107,14,6029,6029,1,12
52215,15,6030,6030,1,8
13054,13,6033,6033,1,13
6527,12,6027,6031,5,14
13055,13,6032,6032,1,13
6528,12,6035,6037,3,14
3264,11,6038,6040,3,11
1632,10,6041,6049,9,15
816,9,6050,6063,14,3
408,8,6064,6091,28,18
204,7,6092,6157,66,7
102,6,6158,6292,135,17
51,5,5715,6033,319,16
208930,17,6036,6036,1,12
13058,13,6037,6037,1,13
6529,12,6034,6034,1,14
208931,17,6035,6035,1,12
13059,13,6035,6036,2,13
13060,13,6039,6040,2,14
3265,11,6034,6037,4,11
26122,14,6040,6040,1,13
13061,13,6038,6038,1,14
26123,14,6039,6039,1,13
26128,14,6042,6043,2,13
6532,12,6044,6046,3,14
3266,11,6047,6049,3,11
1633,10,6034,6040,7,15
52258,15,6043,6043,1,12
26129,14,6041,6041,1,13
52259,15,6042,6042,1,12
26132,14,6045,6045,1,12
13066,13,6046,6046,1,13
6533,12,6041,6043,3,14
26133,14,6044,6044,1,12
13067,13,6044,6045,2,13
26140,14,6048,6048,1,13
13070,13,6049,6049,1,14
3267,11,6041,6046,6,11
26141,14,6047,6047,1,13
13071,13,6047,6048,2,14
26144,14,6051,6051,1,12
13072,13,6052,6052,1,13
6536,12,6053,6053,1,14
3268,11,6054,6057,4,11
1634,10,6058,6063,6,15
817,9,6034,6049,16,3
26145,14,6050,6050,1,12
13073,13,6050,6051,2,13
6537,12,6050,6052,3,14
6538,12,6055,6057,3,14
3269,11,6050,6053,4,11
13078,13,6056,6057,2,13
6539,12,6054,6054,1,14
26158,14,6057,6057,1,12
13079,13,6055,6055,1,13
26159,14,6056,6056,1,12
3270,11,6059,6063,5,11
1635,10,6050,6057,8,15
26168,14,6060,6060,1,12
13084,13,6061,6061,1,13
6542,12,6062,6063,2,14
3271,11,6058,6058,1,11
26169,14,6059,6059,1,12
13085,13,6059,6060,2,13
26174,14,6063,6063,1,13
6543,12,6059,6061,3,14
26175,14,6062,6062,1,13
13088,13,6065,6065,1,13
6544,12,6066,6066,1,14
3272,11,6067,6069,3,11
1636,10,6070,6076,7,15
818,9,6077,6091,15,3
409,8,6034,6063,30,18
13089,13,6064,6064,1,13
6545,12,6064,6065,2,14
13092,13,6068,6068,1,13
6546,12,6069,6069,1,14
3273,11,6064,6066,3,11
13093,13,6067,6067,1,13
6547,12,6067,6068,2,14
13096,13,6071,6071,1,13
6548,12,6072,6072,1,14
3274,11,6073,6076,4,11
1637,10,6064,6069,6,15
13097,13,6070,6070,1,13
6549,12,6070,6071,2,14
6550,12,6074,6076,3,14
3275,11,6070,6072,3,11
13102,13,6075,6076,2,13
6551,12,6073,6073,1,14
1677212,20,6076,6076,1,12
13103,13,6074,6074,1,13
1677213,20,6075,6075,1,12
26208,14,6078,6078,1,12
13104,13,6079,6081,3,13
6552,12,6082,6082,1,14
3276,11,6083,6084,2,11
1638,10,6085,6091,7,15
819,9,6064,6076,13,3
26209,14,6077,6077,1,12
104840,16,6080,6080,1,8
52420,15,6081,6081,1,12
13105,13,6077,6078,2,13
104841,16,6079,6079,1,8
52421,15,6079,6080,2,12
6553,12,6077,6081,5,14
6554,12,6084,6084,1,14
3277,11,6077,6082,6,11
6555,12,6083,6083,1,14
26230,14,6086,6087,2,14
3278,11,6088,6091,4,11
1639,10,6077,6084,8,15
52462,15,6087,6087,1,13
26231,14,6085,6085,1,14
52463,15,6086,6086,1,13
209862,17,6089,6089,1,12
13116,13,6090,6090,1,13
6558,12,6091,6091,1,14
3279,11,6085,6087,3,11
209863,17,6088,6088,1,12
13117,13,6088,6089,2,13
6559,12,6088,6090,3,14
209920,17,6093,6093,1,8
26240,14,6094,6094,1,12
13120,13,6095,6095,1,13
6560,12,6096,6096,1,14
3280,11,6097,6101,5,11
1640,10,6102,6110,9,15
820,9,6111,6129,19,3
410,8,6130,6157,28,18
205,7,6034,6091,58,7
209921,17,6092,6092,1,8
26241,14,6092,6093,2,12
13121,13,6092,6094,3,13
6561,12,6092,6095,4,14
13124,13,6098,6099,2,13
6562,12,6100,6101,2,14
3281,11,6092,6096,5,11
210008,17,6099,6099,1,12
13125,13,6097,6097,1,13
210009,17,6098,6098,1,12
26254,14,6101,6101,1,13
6563,12,6097,6099,3,14
26255,14,6100,6100,1,13
52512,15,6103,6103,1,12
13128,13,6104,6104,1,13
6564,12,6105,6106,2,14
3282,11,6107,6110,4,11
1641,10,6092,6101,10,15
52513,15,6102,6102,1,12
13129,13,6102,6103,2,13
13130,13,6106,6106,1,13
6565,12,6102,6104,3,14
13131,13,6105,6105,1,13
13132,13,6108,6108,1,13
6566,12,6109,6110,2,14
3283,11,6102,6106,5,11
13133,13,6107,6107,1,13
13134,13,6110,6110,1,13
6567,12,6107,6108,2,14
13135,13,6109,6109,1,13
6568,12,6112,6117,6,14
3284,11,6118,6122,5,11
1642,10,6123,6129,7,15
821,9,6092,6110,19,3
210208,17,6113,6113,1,2
52552,15,6114,6114,1,8
26276,14,6115,6115,1,12
13138,13,6116,6117,2,13
6569,12,6111,6111,1,14
210209,17,6112,6112,1,2
52553,15,6112,6113,2,8
26277,14,6112,6114,3,12
1681862,20,6117,6117,1,12
13139,13,6112,6115,4,13
1681863,20,6116,6116,1,12
13140,13,6119,6120,2,13
6570,12,6121,6122,2,14
3285,11,6111,6117,7,11
26282,14,6120,6120,1,12
13141,13,6118,6118,1,13
26283,14,6119,6119,1,12
13142,13,6122,6122,1,13
6571,12,6118,6120,3,14
13143,13,6121,6121,1,13
6572,12,6124,6124,1,14
3286,11,6125,6129,5,11
1643,10,6111,6122,12,15
6573,12,6123,6123,1,14
13148,13,6126,6126,1,13
6574,12,6127,6129,3,14
3287,11,6123,6124,2,11
13149,13,6125,6125,1,13
52600,15,6128,6128,1,12
13150,13,6129,6129,1,13
6575,12,6125,6126,2,14
52601,15,6127,6127,1,12
13151,13,6127,6128,2,13
26304,14,6131,6131,1,12
13152,13,6132,6134,3,13
6576,12,6135,6135,1,14
3288,11,6136,6138,3,11
1644,10,6139,6144,6,15
822,9,6145,6157,13,3
411,8,6092,6129,38,18
26305,14,6130,6130,1,12
26306,14,6133,6134,2,12
13153,13,6130,6131,2,13
420912,18,6134,6134,1,8
26307,14,6132,6132,1,12
420913,18,6133,6133,1,8
6577,12,6130,6134,5,14
13156,13,6137,6137,1,13
6578,12,6138,6138,1,14
3289,11,6130,6135,6,11
13157,13,6136,6136,1,13
6579,12,6136,6137,2,14
13160,13,6140,6140,1,13
6580,12,6141,6142,2,14
3290,11,6143,6144,2,11
1645,10,6130,6138,9,15
13161,13,6139,6139,1,13
13162,13,6142,6142,1,13
6581,12,6139,6140,2,14
13163,13,6141,6141,1,13
13164,13,6144,6144,1,14
3291,11,6139,6142,4,11
13165,13,6143,6143,1,14
3292,11,6146,6151,6,11
1646,10,6152,6157,6,15
823,9,6130,6144,15,3
421510,18,6147,6147,1,12
13172,13,6148,6149,2,13
6586,12,6150,6151,2,14
3293,11,6145,6145,1,11
421511,18,6146,6146,1,12
26346,14,6149,6149,1,12
13173,13,6146,6147,2,13
26347,14,6148,6148,1,12
26348,14,6151,6151,1,13
6587,12,6146,6149,4,14
26349,14,6150,6150,1,13
1686580,20,6153,6153,1,13
13176,13,6154,6154,1,14
3294,11,6155,6157,3,11
1647,10,6145,6151,7,15
1686581,20,6152,6152,1,13
13177,13,6152,6153,2,14
13182,13,6156,6157,2,14
3295,11,6152,6154,3,11
52732,15,6157,6157,1,13
13183,13,6155,6155,1,14
52733,15,6156,6156,1,13
13184,13,6159,6159,1,14
3296,11,6160,6164,5,11
1648,10,6165,6172,8,15
824,9,6173,6192,20,3
412,8,6193,6227,35,18
206,7,6228,6292,65,7
103,6,6034,6157,124,17
13185,13,6158,6158,1,14
26378,14,6161,6162,2,13
6594,12,6163,6164,2,14
3297,11,6158,6159,2,11
105516,16,6162,6162,1,12
26379,14,6160,6160,1,13
105517,16,6161,6161,1,12
13190,13,6164,6164,1,13
6595,12,6160,6162,3,14
13191,13,6163,6163,1,13
52780,15,6166,6166,1,13
26390,14,6167,6167,1,14
3298,11,6168,6172,5,11
1649,10,6158,6164,7,15
52781,15,6165,6165,1,13
26391,14,6165,6166,2,14
6598,12,6169,6172,4,14
3299,11,6165,6167,3,11
105588,16,6170,6170,1,12
13198,13,6171,6172,2,13
6599,12,6168,6168,1,14
105589,16,6169,6169,1,12
52796,15,6172,6172,1,12
13199,13,6169,6170,2,13
52797,15,6171,6171,1,12
26402,14,6174,6174,1,13
6600,12,6175,6178,4,14
3300,11,6179,6182,4,11
1650,10,6183,6192,10,15
825,9,6158,6172,15,3
26403,14,6173,6173,1,13
52810,15,6176,6176,1,12
13202,13,6177,6178,2,13
6601,12,6173,6174,2,14
52811,15,6175,6175,1,12
105628,16,6178,6178,1,12
13203,13,6175,6176,2,13
105629,16,6177,6177,1,12
13204,13,6180,6180,1,13
6602,12,6181,6182,2,14
3301,11,6173,6178,6,11
13205,13,6179,6179,1,13
26412,14,6182,6182,1,13
6603,12,6179,6180,2,14
26413,14,6181,6181,1,13
13208,13,6184,6184,1,13
6604,12,6185,6188,4,14
3302,11,6189,6192,4,11
1651,10,6173,6182,10,15
13209,13,6183,6183,1,13
211360,17,6186,6186,1,8
26420,14,6187,6187,1,12
13210,13,6188,6188,1,13
6605,12,6183,6184,2,14
211361,17,6185,6185,1,8
26421,14,6185,6186,2,12
13211,13,6185,6187,3,13
52848,15,6190,6190,1,12
26424,14,6191,6191,1,13
6606,12,6192,6192,1,14
3303,11,6183,6188,6,11
52849,15,6189,6189,1,12
26425,14,6189,6190,2,13
6607,12,6189,6191,3,14
13216,13,6194,6194,1,13
6608,12,6195,6196,2,14
3304,11,6197,6200,4,11
1652,10,6201,6207,7,15
826,9,6208,6227,20,3
413,8,6158,6192,35,18
13217,13,6193,6193,1,13
13218,13,6196,6196,1,13
6609,12,6193,6194,2,14
13219,13,6195,6195,1,13
13220,13,6198,6198,1,13
6610,12,6199,6200,2,14
3305,11,6193,6196,4,11
13221,13,6197,6197,1,13
211572,17,6200,6200,1,13
6611,12,6197,6198,2,14
211573,17,6199,6199,1,13
26450,14,6202,6202,1,13
6612,12,6203,6204,2,14
3306,11,6205,6207,3,11
1653,10,6193,6200,8,15
26451,14,6201,6201,1,13
26452,14,6204,6204,1,13
6613,12,6201,6202,2,14
26453,14,6203,6203,1,13
6614,12,6206,6207,2,14
3307,11,6201,6204,4,11
211690,17,6207,6207,1,13
6615,12,6205,6205,1,14
211691,17,6206,6206,1,13
13232,13,6209,6209,1,13
6616,12,6210,6210,1,14
3308,11,6211,6216,6,11
1654,10,6217,6227,11,15
827,9,6193,6207,15,3
13233,13,6208,6208,1,13
6617,12,6208,6209,2,14
105898,16,6212,6212,1,12
26474,14,6213,6213,1,13
6618,12,6214,6216,3,14
3309,11,6208,6210,3,11
105899,16,6211,6211,1,12
26475,14,6211,6212,2,13
52952,15,6215,6215,1,12
26476,14,6216,6216,1,13
6619,12,6211,6213,3,14
52953,15,6214,6214,1,12
26477,14,6214,6215,2,13
105924,16,6218,6218,1,13
6620,12,6219,6222,4,14
3310,11,6223,6227,5,11
1655,10,6208,6216,9,15
105925,16,6217,6217,1,13
52968,15,6220,6220,1,8
26484,14,6221,6221,1,12
13242,13,6222,6222,1,13
6621,12,6217,6218,2,14
52969,15,6219,6219,1,8
26485,14,6219,6220,2,12
13243,13,6219,6221,3,13
13244,13,6224,6224,1,13
6622,12,6225,6227,3,14
3311,11,6217,6222,6,11
13245,13,6223,6223,1,13
13246,13,6226,6227,2,13
6623,12,6223,6224,2,14
26494,14,6227,6227,1,12
13247,13,6225,6225,1,13
26495,14,6226,6226,1,12
3312,11,6229,6233,5,11
1656,10,6234,6247,14,15
828,9,6248,6264,17,3
414,8,6265,6292,28,18
207,7,6158,6227,70,7
13252,13,6230,6231,2,13
6626,12,6232,6233,2,14
3313,11,6228,6228,1,11
53012,15,6231,6231,1,12
13253,13,6229,6229,1,13
53013,15,6230,6230,1,12
13254,13,6233,6233,1,13
6627,12,6229,6231,3,14
13255,13,6232,6232,1,13
53026,15,6235,6236,2,12
13256,13,6237,6237,1,13
6628,12,6238,6241,4,14
3314,11,6242,6247,6,11
1657,10,6228,6233,6,15
106054,16,6236,6236,1,8
53027,15,6234,6234,1,12
106055,16,6235,6235,1,8
13257,13,6234,6236,3,13
13258,13,6239,6241,3,13
6629,12,6234,6237,4,14
53036,15,6240,6240,1,8
26518,14,6241,6241,1,12
13259,13,6238,6238,1,13
53037,15,6239,6239,1,8
26519,14,6239,6240,2,12
26520,14,6243,6243,1,12
13260,13,6244,6244,1,13
6630,12,6245,6247,3,14
3315,11,6234,6241,8,11
26521,14,6242,6242,1,12
13261,13,6242,6243,2,13
26524,14,6246,6246,1,12
13262,13,6247,6247,1,13
6631,12,6242,6244,3,14
26525,14,6245,6245,1,12
13263,13,6245,6246,2,13
53056,15,6249,6249,1,12
13264,13,6250,6251,2,13
6632,12,6252,6252,1,14
3316,11,6253,6258,6,11
1658,10,6259,6264,6,15
829,9,6228,6247,20,3
53057,15,6248,6248,1,12
212252,17,6251,6251,1,12
13265,13,6248,6249,2,13
212253,17,6250,6250,1,12
6633,12,6248,6251,4,14
13268,13,6254,6255,2,13
6634,12,6256,6258,3,14
3317,11,6248,6252,5,11
53078,15,6255,6255,1,12
13269,13,6253,6253,1,13
53079,15,6254,6254,1,12
53082,15,6257,6257,1,12
13270,13,6258,6258,1,13
6635,12,6253,6255,3,14
53083,15,6256,6256,1,12
13271,13,6256,6257,2,13
13272,13,6260,6260,1,13
6636,12,6261,6261,1,14
3318,11,6262,6264,3,11
1659,10,6248,6258,11,15
13273,13,6259,6259,1,13
6637,12,6259,6260,2,14
6638,12,6263,6264,2,14
3319,11,6259,6261,3,11
26556,14,6264,6264,1,13
6639,12,6262,6262,1,14
26557,14,6263,6263,1,13
13280,13,6266,6266,1,13
6640,12,6267,6268,2,14
3320,11,6269,6271,3,11
1660,10,6272,6280,9,15
830,9,6281,6292,12,3
415,8,6228,6264,37,18
13281,13,6265,6265,1,13
26566,14,6268,6268,1,13
6641,12,6265,6266,2,14
26567,14,6267,6267,1,13
106278,16,6270,6270,1,13
6642,12,6271,6271,1,14
3321,11,6265,6268,4,11
106279,16,6269,6269,1,13
6643,12,6269,6270,2,14
6644,12,6273,6275,3,14
3322,11,6276,6280,5,11
1661,10,6265,6271,7,15
212644,17,6274,6274,1,12
13290,13,6275,6275,1,13
6645,12,6272,6272,1,14
212645,17,6273,6273,1,12
13291,13,6273,6274,2,13
13292,13,6277,6277,1,13
6646,12,6278,6280,3,14
3323,11,6272,6275,4,11
13293,13,6276,6276,1,13
850902,19,6279,6279,1,12
26590,14,6280,6280,1,13
6647,12,6276,6277,2,14
850903,19,6278,6278,1,12
26591,14,6278,6279,2,13
6648,12,6282,6283,2,14
3324,11,6284,6287,4,11
1662,10,6288,6292,5,15
831,9,6265,6280,16,3
13298,13,6283,6283,1,13
6649,12,6281,6281,1,14
13299,13,6282,6282,1,13
53202,15,6285,6286,2,13
6650,12,6287,6287,1,14
3325,11,6281,6283,3,11
106406,16,6286,6286,1,12
53203,15,6284,6284,1,13
106407,16,6285,6285,1,12
6651,12,6284,6286,3,14
53224,15,6289,6289,1,14
3326,11,6290,6292,3,11
1663,10,6281,6287,7,15
53225,15,6288,6288,1,14
13308,13,6291,6291,1,13
6654,12,6292,6292,1,14
3327,11,6288,6289,2,11
13309,13,6290,6290,1,13
6655,12,6290,6291,2,14
6656,12,6294,6297,4,12
3328,11,6298,6301,4,11
1664,10,6302,6309,8,8
832,9,6310,6329,20,3
416,8,6330,6358,29,16
208,7,6359,6444,86,18
104,6,6445,6608,164,17
52,5,6609,6929,321,7
26,4,6930,7569,640,5
13,3,5095,6292,1198,5
26628,14,6295,6296,2,14
13314,13,6297,6297,1,13
6657,12,6293,6293,1,12
426078,18,6296,6296,1,15
26629,14,6294,6294,1,14
426079,18,6295,6295,1,15
13315,13,6294,6296,3,13
26636,14,6299,6300,2,13
13318,13,6301,6301,1,12
3329,11,6293,6297,5,11
53274,15,6300,6300,1,14
26637,14,6298,6298,1,13
53275,15,6299,6299,1,14
13319,13,6298,6300,3,12
26642,14,6303,6303,1,13
6660,12,6304,6306,3,12
3330,11,6307,6309,3,11
1665,10,6293,6301,9,8
26643,14,6302,6302,1,13
26644,14,6305,6305,1,14
13322,13,6306,6306,1,13
6661,12,6302,6303,2,12
26645,14,6304,6304,1,14
13323,13,6304,6305,2,13
26648,14,6308,6308,1,13
6662,12,6309,6309,1,12
3331,11,6302,6306,5,11
26649,14,6307,6307,1,13
6663,12,6307,6308,2,12
6664,12,6311,6311,1,12
3332,11,6312,6317,6,11
1666,10,6318,6329,12,8
833,9,6293,6309,17,3
6665,12,6310,6310,1,12
13332,13,6313,6314,2,13
6666,12,6315,6317,3,12
3333,11,6310,6311,2,11
26666,14,6314,6314,1,14
13333,13,6312,6312,1,13
26667,14,6313,6313,1,14
13334,13,6316,6317,2,13
6667,12,6312,6314,3,12
26670,14,6317,6317,1,14
13335,13,6315,6315,1,13
26671,14,6316,6316,1,14
26676,14,6319,6320,2,13
13338,13,6321,6323,3,12
3334,11,6324,6329,6,11
1667,10,6310,6317,8,8
213420,17,6320,6320,1,14
26677,14,6318,6318,1,13
213421,17,6319,6319,1,14
53356,15,6322,6322,1,14
26678,14,6323,6323,1,13
13339,13,6318,6320,3,12
53357,15,6321,6321,1,14
26679,14,6321,6322,2,13
106726,16,6325,6325,1,14
13340,13,6326,6327,2,13
6670,12,6328,6329,2,12
3335,11,6318,6323,6,11
106727,16,6324,6324,1,14
26682,14,6327,6327,1,14
13341,13,6324,6325,2,13
26683,14,6326,6326,1,14
13342,13,6329,6329,1,13
6671,12,6324,6327,4,12
13343,13,6328,6328,1,13
6672,12,6331,6332,2,12
3336,11,6333,6335,3,11
1668,10,6336,6344,9,8
834,9,6345,6358,14,3
417,8,6293,6329,37,16
53384,15,6332,6332,1,13
6673,12,6330,6330,1,12
53385,15,6331,6331,1,13
26698,14,6334,6334,1,13
6674,12,6335,6335,1,12
3337,11,6330,6332,3,11
26699,14,6333,6333,1,13
6675,12,6333,6334,2,12
13352,13,6337,6338,2,13
6676,12,6339,6341,3,12
3338,11,6342,6344,3,11
1669,10,6330,6335,6,8
53412,15,6338,6338,1,14
13353,13,6336,6336,1,13
53413,15,6337,6337,1,14
13354,13,6340,6341,2,13
6677,12,6336,6338,3,12
53422,15,6341,6341,1,14
13355,13,6339,6339,1,13
53423,15,6340,6340,1,14
13356,13,6343,6343,1,13
6678,12,6344,6344,1,12
3339,11,6336,6341,6,11
13357,13,6342,6342,1,13
6679,12,6342,6343,2,12
6680,12,6346,6348,3,12
3340,11,6349,6349,1,11
1670,10,6350,6358,9,8
835,9,6330,6344,15,3
26724,14,6347,6347,1,14
13362,13,6348,6348,1,13
6681,12,6345,6345,1,12
26725,14,6346,6346,1,14
13363,13,6346,6347,2,13
3341,11,6345,6348,4,11
26736,14,6351,6351,1,14
13368,13,6352,6352,1,13
6684,12,6353,6356,4,12
3342,11,6357,6358,2,11
1671,10,6345,6349,5,8
26737,14,6350,6350,1,14
13369,13,6350,6351,2,13
106964,16,6354,6354,1,15
53482,15,6355,6355,1,14
13370,13,6356,6356,1,13
6685,12,6350,6352,3,12
106965,16,6353,6353,1,15
53483,15,6353,6354,2,14
13371,13,6353,6355,3,13
6686,12,6358,6358,1,12
3343,11,6350,6356,7,11
6687,12,6357,6357,1,12
6688,12,6360,6361,2,12
3344,11,6362,6364,3,11
1672,10,6365,6378,14,8
836,9,6379,6404,26,3
418,8,6405,6444,40,16
209,7,6293,6358,66,18
53514,15,6361,6361,1,13
6689,12,6359,6359,1,12
53515,15,6360,6360,1,13
26760,14,6363,6363,1,13
6690,12,6364,6364,1,12
3345,11,6359,6361,3,11
26761,14,6362,6362,1,13
6691,12,6362,6363,2,12
26770,14,6366,6367,2,13
6692,12,6368,6370,3,12
3346,11,6371,6378,8,11
1673,10,6359,6364,6,8
107084,16,6367,6367,1,14
26771,14,6365,6365,1,13
107085,16,6366,6366,1,14
53548,15,6369,6369,1,14
26774,14,6370,6370,1,13
6693,12,6365,6367,3,12
53549,15,6368,6368,1,14
26775,14,6368,6369,2,13
13388,13,6372,6375,4,13
6694,12,6376,6378,3,12
3347,11,6365,6370,6,11
107112,16,6373,6373,1,15
26778,14,6374,6375,2,14
13389,13,6371,6371,1,13
107113,16,6372,6372,1,15
53558,15,6375,6375,1,15
26779,14,6372,6373,2,14
53559,15,6374,6374,1,15
26780,14,6377,6377,1,14
13390,13,6378,6378,1,13
6695,12,6371,6375,5,12
26781,14,6376,6376,1,14
13391,13,6376,6377,2,13
26784,14,6380,6380,1,13
13392,13,6381,6384,4,12
3348,11,6385,6386,2,11
1674,10,6387,6404,18,8
837,9,6359,6378,20,3
26785,14,6379,6379,1,13
428578,18,6382,6382,1,14
107144,16,6383,6384,2,13
13393,13,6379,6380,2,12
428579,18,6381,6381,1,14
3428660,21,6384,6384,1,14
107145,16,6381,6382,2,13
3428661,21,6383,6383,1,14
6698,12,6386,6386,1,12
3349,11,6379,6384,6,11
6699,12,6385,6385,1,12
13400,13,6388,6393,6,13
6700,12,6394,6396,3,12
3350,11,6397,6404,8,11
1675,10,6379,6386,8,8
107210,16,6389,6389,1,15
26802,14,6390,6393,4,14
13401,13,6387,6387,1,13
107211,16,6388,6388,1,15
214424,17,6391,6392,2,4
53606,15,6393,6393,1,15
26803,14,6388,6389,2,14
428850,18,6392,6392,1,5
214425,17,6390,6390,1,4
428851,18,6391,6391,1,5
53607,15,6390,6392,3,15
53610,15,6395,6395,1,14
13402,13,6396,6396,1,13
6701,12,6387,6393,7,12
53611,15,6394,6394,1,14
13403,13,6394,6395,2,13
6702,12,6398,6404,7,12
3351,11,6387,6396,10,11
214498,17,6399,6399,1,15
26812,14,6400,6402,3,14
13406,13,6403,6404,2,13
6703,12,6397,6397,1,12
214499,17,6398,6398,1,15
107252,16,6401,6401,1,4
53626,15,6402,6402,1,15
26813,14,6398,6399,2,14
107253,16,6400,6400,1,4
53627,15,6400,6401,2,15
26814,14,6404,6404,1,14
13407,13,6398,6402,5,13
26815,14,6403,6403,1,14
53632,15,6406,6406,1,15
26816,14,6407,6407,1,14
13408,13,6408,6408,1,13
6704,12,6409,6409,1,12
3352,11,6410,6415,6,11
1676,10,6416,6422,7,8
838,9,6423,6444,22,3
419,8,6359,6404,46,16
53633,15,6405,6405,1,15
26817,14,6405,6406,2,14
13409,13,6405,6407,3,13
6705,12,6405,6408,4,12
13412,13,6411,6412,2,13
6706,12,6413,6415,3,12
3353,11,6405,6409,5,11
26826,14,6412,6412,1,14
13413,13,6410,6410,1,13
26827,14,6411,6411,1,14
13414,13,6414,6415,2,13
6707,12,6410,6412,3,12
53660,15,6415,6415,1,14
13415,13,6413,6413,1,13
53661,15,6414,6414,1,14
214664,17,6417,6417,1,14
13416,13,6418,6418,1,13
6708,12,6419,6420,2,12
3354,11,6421,6422,2,11
1677,10,6405,6415,11,8
214665,17,6416,6416,1,14
13417,13,6416,6417,2,13
26838,14,6420,6420,1,13
6709,12,6416,6418,3,12
26839,14,6419,6419,1,13
6710,12,6422,6422,1,12
3355,11,6416,6420,5,11
6711,12,6421,6421,1,12
6712,12,6424,6428,5,12
3356,11,6429,6430,2,11
1678,10,6431,6444,14,8
839,9,6405,6422,18,3
214818,17,6425,6425,1,14
13426,13,6426,6428,3,13
6713,12,6423,6423,1,12
214819,17,6424,6424,1,14
107416,16,6427,6427,1,15
53708,15,6428,6428,1,14
13427,13,6424,6425,2,13
107417,16,6426,6426,1,15
53709,15,6426,6427,2,14
6714,12,6430,6430,1,12
3357,11,6423,6428,6,11
6715,12,6429,6429,1,12
107458,16,6432,6432,1,14
13432,13,6433,6433,1,13
6716,12,6434,6437,4,12
3358,11,6438,6444,7,11
1679,10,6423,6430,8,8
107459,16,6431,6431,1,14
13433,13,6431,6432,2,13
53736,15,6435,6435,1,14
13434,13,6436,6437,2,13
6717,12,6431,6433,3,12
53737,15,6434,6434,1,14
53742,15,6437,6437,1,14
13435,13,6434,6435,2,13
53743,15,6436,6436,1,14
107498,16,6439,6439,1,14
26874,14,6440,6440,1,13
6718,12,6441,6444,4,12
3359,11,6431,6437,7,11
107499,16,6438,6438,1,14
26875,14,6438,6439,2,13
107508,16,6442,6442,1,14
13438,13,6443,6444,2,13
6719,12,6438,6440,3,12
107509,16,6441,6441,1,14
53756,15,6444,6444,1,14
13439,13,6441,6442,2,13
53757,15,6443,6443,1,14
13440,13,6446,6446,1,13
6720,12,6447,6448,2,12
3360,11,6449,6452,4,11
1680,10,6453,6466,14,8
840,9,6467,6483,17,3
420,8,6484,6511,28,16
210,7,6512,6608,97,18
105,6,6293,6444,152,17
13441,13,6445,6445,1,13
26884,14,6448,6448,1,13
6721,12,6445,6446,2,12
26885,14,6447,6447,1,13
430214,18,6450,6450,1,14
26888,14,6451,6451,1,13
6722,12,6452,6452,1,12
3361,11,6445,6448,4,11
430215,18,6449,6449,1,14
26889,14,6449,6450,2,13
6723,12,6449,6451,3,12
26896,14,6454,6454,1,13
6724,12,6455,6459,5,12
3362,11,6460,6466,7,11
1681,10,6445,6452,8,8
26897,14,6453,6453,1,13
26900,14,6456,6457,2,14
13450,13,6458,6459,2,13
6725,12,6453,6454,2,12
53802,15,6457,6457,1,15
26901,14,6455,6455,1,14
53803,15,6456,6456,1,15
26902,14,6459,6459,1,14
13451,13,6455,6457,3,13
26903,14,6458,6458,1,14
6726,12,6461,6466,6,12
3363,11,6453,6459,7,11
26908,14,6462,6464,3,14
13454,13,6465,6466,2,13
6727,12,6460,6460,1,12
215272,17,6463,6463,1,4
107636,16,6464,6464,1,15
26909,14,6461,6461,1,14
215273,17,6462,6462,1,4
107637,16,6462,6463,2,15
26910,14,6466,6466,1,14
13455,13,6461,6464,4,13
26911,14,6465,6465,1,14
26912,14,6468,6468,1,14
13456,13,6469,6469,1,13
6728,12,6470,6470,1,12
3364,11,6471,6474,4,11
1682,10,6475,6483,9,8
841,9,6445,6466,22,3
26913,14,6467,6467,1,14
13457,13,6467,6468,2,13
6729,12,6467,6469,3,12
53846,15,6472,6472,1,13
6730,12,6473,6474,2,12
3365,11,6467,6470,4,11
53847,15,6471,6471,1,13
26924,14,6474,6474,1,13
6731,12,6471,6472,2,12
26925,14,6473,6473,1,13
6732,12,6476,6480,5,12
3366,11,6481,6483,3,11
1683,10,6467,6474,8,8
53866,15,6477,6477,1,14
13466,13,6478,6480,3,13
6733,12,6475,6475,1,12
53867,15,6476,6476,1,14
53868,15,6479,6479,1,15
26934,14,6480,6480,1,14
13467,13,6476,6477,2,13
53869,15,6478,6478,1,15
26935,14,6478,6479,2,14
13468,13,6482,6482,1,13
6734,12,6483,6483,1,12
3367,11,6475,6480,6,11
13469,13,6481,6481,1,13
6735,12,6481,6482,2,12
13472,13,6485,6485,1,13
6736,12,6486,6488,3,12
3368,11,6489,6490,2,11
1684,10,6491,6496,6,8
842,9,6497,6511,15,3
421,8,6445,6483,39,16
13473,13,6484,6484,1,13
53898,15,6487,6487,1,14
13474,13,6488,6488,1,13
6737,12,6484,6485,2,12
53899,15,6486,6486,1,14
13475,13,6486,6487,2,13
6738,12,6490,6490,1,12
3369,11,6484,6488,5,11
6739,12,6489,6489,1,12
6740,12,6492,6492,1,12
3370,11,6493,6496,4,11
1685,10,6484,6490,7,8
6741,12,6491,6491,1,12
13484,13,6494,6494,1,13
6742,12,6495,6496,2,12
3371,11,6491,6492,2,11
13485,13,6493,6493,1,13
107894,16,6496,6496,1,13
6743,12,6493,6494,2,12
107895,16,6495,6495,1,13
13488,13,6498,6499,2,13
6744,12,6500,6500,1,12
3372,11,6501,6504,4,11
1686,10,6505,6511,7,8
843,9,6484,6496,13,3
26978,14,6499,6499,1,14
13489,13,6497,6497,1,13
26979,14,6498,6498,1,14
6745,12,6497,6499,3,12
6746,12,6502,6504,3,12
3373,11,6497,6500,4,11
431814,18,6503,6503,1,14
13494,13,6504,6504,1,13
6747,12,6501,6501,1,12
431815,18,6502,6502,1,14
13495,13,6502,6503,2,13
13496,13,6506,6507,2,13
6748,12,6508,6509,2,12
3374,11,6510,6511,2,11
1687,10,6497,6504,8,8
107980,16,6507,6507,1,14
13497,13,6505,6505,1,13
107981,16,6506,6506,1,14
26998,14,6509,6509,1,13
6749,12,6505,6507,3,12
26999,14,6508,6508,1,13
6750,12,6511,6511,1,12
3375,11,6505,6509,5,11
6751,12,6510,6510,1,12
13504,13,6513,6513,1,13
6752,12,6514,6514,1,12
3376,11,6515,6521,7,11
1688,10,6522,6539,18,8
844,9,6540,6558,19,3
422,8,6559,6608,50,16
211,7,6445,6511,67,18
13505,13,6512,6512,1,13
6753,12,6512,6513,2,12
13508,13,6516,6516,1,13
6754,12,6517,6521,5,12
3377,11,6512,6514,3,11
13509,13,6515,6515,1,13
27020,14,6518,6518,1,14
13510,13,6519,6521,3,13
6755,12,6515,6516,2,12
27021,14,6517,6517,1,14
54044,15,6520,6520,1,15
27022,14,6521,6521,1,14
13511,13,6517,6518,2,13
54045,15,6519,6519,1,15
27023,14,6519,6520,2,14
432402,18,6523,6523,1,13
6756,12,6524,6529,6,12
3378,11,6530,6539,10,11
1689,10,6512,6521,10,8
432403,18,6522,6522,1,13
13514,13,6525,6529,5,13
6757,12,6522,6523,2,12
108120,16,6526,6526,1,15
27030,14,6527,6529,3,14
13515,13,6524,6524,1,13
108121,16,6525,6525,1,15
108124,16,6528,6529,2,15
27031,14,6525,6526,2,14
216250,17,6529,6529,1,4
108125,16,6527,6527,1,15
216251,17,6528,6528,1,4
108128,16,6531,6531,1,15
27032,14,6532,6532,1,14
13516,13,6533,6534,2,13
6758,12,6535,6539,5,12
3379,11,6522,6529,8,11
108129,16,6530,6530,1,15
27033,14,6530,6531,2,14
108140,16,6534,6534,1,14
13517,13,6530,6532,3,13
108141,16,6533,6533,1,14
27036,14,6536,6537,2,14
13518,13,6538,6539,2,13
6759,12,6530,6534,5,12
108148,16,6537,6537,1,15
27037,14,6535,6535,1,14
108149,16,6536,6536,1,15
27038,14,6539,6539,1,14
13519,13,6535,6537,3,13
27039,14,6538,6538,1,14
6760,12,6541,6542,2,12
3380,11,6543,6545,3,11
1690,10,6546,6558,13,8
845,9,6512,6539,28,3
13522,13,6542,6542,1,13
6761,12,6540,6540,1,12
13523,13,6541,6541,1,13
6762,12,6544,6545,2,12
3381,11,6540,6542,3,11
13526,13,6545,6545,1,13
6763,12,6543,6543,1,12
13527,13,6544,6544,1,13
13528,13,6547,6549,3,13
6764,12,6550,6552,3,12
3382,11,6553,6558,6,11
1691,10,6540,6545,6,8
216476,17,6548,6549,2,14
13529,13,6546,6546,1,13
865908,19,6549,6549,1,15
216477,17,6547,6547,1,14
865909,19,6548,6548,1,15
27062,14,6551,6552,2,13
6765,12,6546,6549,4,12
54126,15,6552,6552,1,14
27063,14,6550,6550,1,13
54127,15,6551,6551,1,14
27064,14,6554,6555,2,13
6766,12,6556,6558,3,12
3383,11,6546,6552,7,11
108262,16,6555,6555,1,14
27065,14,6553,6553,1,13
108263,16,6554,6554,1,14
54138,15,6557,6557,1,14
13534,13,6558,6558,1,13
6767,12,6553,6555,3,12
54139,15,6556,6556,1,14
13535,13,6556,6557,2,13
13536,13,6560,6561,2,13
6768,12,6562,6566,5,12
3384,11,6567,6569,3,11
1692,10,6570,6580,11,8
846,9,6581,6608,28,3
423,8,6512,6558,47,16
54148,15,6561,6561,1,14
13537,13,6559,6559,1,13
54149,15,6560,6560,1,14
54152,15,6563,6564,2,14
13538,13,6565,6566,2,13
6769,12,6559,6561,3,12
108306,16,6564,6564,1,15
54153,15,6562,6562,1,14
108307,16,6563,6563,1,15
27078,14,6566,6566,1,14
13539,13,6562,6564,3,13
27079,14,6565,6565,1,14
6770,12,6568,6569,2,12
3385,11,6559,6566,8,11
13542,13,6569,6569,1,13
6771,12,6567,6567,1,12
13543,13,6568,6568,1,13
216716,17,6571,6571,1,14
13544,13,6572,6573,2,13
6772,12,6574,6575,2,12
3386,11,6576,6580,5,11
1693,10,6559,6569,11,8
216717,17,6570,6570,1,14
54182,15,6573,6573,1,14
13545,13,6570,6571,2,13
54183,15,6572,6572,1,14
13546,13,6575,6575,1,13
6773,12,6570,6573,4,12
13547,13,6574,6574,1,13
108388,16,6577,6577,1,13
6774,12,6578,6580,3,12
3387,11,6570,6575,6,11
108389,16,6576,6576,1,13
27100,14,6579,6579,1,14
13550,13,6580,6580,1,13
6775,12,6576,6577,2,12
27101,14,6578,6578,1,14
13551,13,6578,6579,2,13
27106,14,6582,6582,1,13
6776,12,6583,6586,4,12
3388,11,6587,6592,6,11
1694,10,6593,6608,16,8
847,9,6559,6580,22,3
27107,14,6581,6581,1,13
27108,14,6584,6584,1,14
13554,13,6585,6586,2,13
6777,12,6581,6582,2,12
27109,14,6583,6583,1,14
433768,18,6586,6586,1,14
13555,13,6583,6584,2,13
433769,18,6585,6585,1,14
54226,15,6588,6588,1,14
13556,13,6589,6589,1,13
6778,12,6590,6592,3,12
3389,11,6581,6586,6,11
54227,15,6587,6587,1,14
13557,13,6587,6588,2,13
216944,17,6591,6591,1,14
27118,14,6592,6592,1,13
6779,12,6587,6589,3,12
216945,17,6590,6590,1,14
27119,14,6590,6591,2,13
54240,15,6594,6595,2,15
27120,14,6596,6597,2,14
13560,13,6598,6599,2,13
6780,12,6600,6601,2,12
3390,11,6602,6608,7,11
1695,10,6581,6592,12,8
108482,16,6595,6595,1,4
54241,15,6593,6593,1,15
108483,16,6594,6594,1,4
216970,17,6597,6597,1,15
27121,14,6593,6595,3,14
216971,17,6596,6596,1,15
27122,14,6599,6599,1,14
13561,13,6593,6597,5,13
27123,14,6598,6598,1,14
27126,14,6601,6601,1,13
6781,12,6593,6599,7,12
27127,14,6600,6600,1,13
108520,16,6603,6603,1,15
54260,15,6604,6604,1,14
27130,14,6605,6605,1,13
6782,12,6606,6608,3,12
3391,11,6593,6601,9,11
108521,16,6602,6602,1,15
54261,15,6602,6603,2,14
27131,14,6602,6604,3,13
13566,13,6607,6608,2,13
6783,12,6602,6605,4,12
27134,14,6608,6608,1,14
13567,13,6606,6606,1,13
27135,14,6607,6607,1,14
54274,15,6610,6610,1,13
6784,12,6611,6613,3,12
3392,11,6614,6620,7,11
1696,10,6621,6628,8,8
848,9,6629,6649,21,3
424,8,6650,6683,34,16
212,7,6684,6767,84,18
106,6,6768,6929,162,17
53,5,6293,6608,316,7
54275,15,6609,6609,1,13
108570,16,6612,6612,1,14
27142,14,6613,6613,1,13
6785,12,6609,6610,2,12
108571,16,6611,6611,1,14
27143,14,6611,6612,2,13
54290,15,6615,6615,1,14
13572,13,6616,6617,2,13
6786,12,6618,6620,3,12
3393,11,6609,6613,5,11
54291,15,6614,6614,1,14
27146,14,6617,6617,1,14
13573,13,6614,6615,2,13
27147,14,6616,6616,1,14
108592,16,6619,6619,1,14
13574,13,6620,6620,1,13
6787,12,6614,6617,4,12
108593,16,6618,6618,1,14
13575,13,6618,6619,2,13
13578,13,6622,6622,1,12
3394,11,6623,6628,6,11
1697,10,6609,6620,12,8
13579,13,6621,6621,1,12
27160,14,6624,6624,1,14
13580,13,6625,6625,1,13
6790,12,6626,6628,3,12
3395,11,6621,6622,2,11
27161,14,6623,6623,1,14
13581,13,6623,6624,2,13
13582,13,6627,6628,2,13
6791,12,6623,6625,3,12
108664,16,6628,6628,1,14
13583,13,6626,6626,1,13
108665,16,6627,6627,1,14
13584,13,6630,6630,1,13
6792,12,6631,6633,3,12
3396,11,6634,6635,2,11
1698,10,6636,6649,14,8
849,9,6609,6628,20,3
13585,13,6629,6629,1,13
27174,14,6632,6633,2,13
6793,12,6629,6630,2,12
54350,15,6633,6633,1,14
27175,14,6631,6631,1,13
54351,15,6632,6632,1,14
13590,13,6635,6635,1,12
3397,11,6629,6633,5,11
13591,13,6634,6634,1,12
54368,15,6637,6637,1,14
13592,13,6638,6638,1,13
6796,12,6639,6640,2,12
3398,11,6641,6649,9,11
1699,10,6629,6635,7,8
54369,15,6636,6636,1,14
13593,13,6636,6637,2,13
27190,14,6640,6640,1,13
6797,12,6636,6638,3,12
27191,14,6639,6639,1,13
13596,13,6642,6642,1,13
6798,12,6643,6649,7,12
3399,11,6636,6640,5,11
13597,13,6641,6641,1,13
108786,16,6644,6645,2,15
27196,14,6646,6646,1,14
13598,13,6647,6649,3,13
6799,12,6641,6642,2,12
217574,17,6645,6645,1,4
108787,16,6643,6643,1,15
217575,17,6644,6644,1,4
27197,14,6643,6645,3,14
217586,17,6648,6648,1,15
27198,14,6649,6649,1,14
13599,13,6643,6646,4,13
217587,17,6647,6647,1,15
27199,14,6647,6648,2,14
6800,12,6651,6653,3,12
3400,11,6654,6661,8,11
1700,10,6662,6670,9,8
850,9,6671,6683,13,3
425,8,6609,6649,41,16
13602,13,6652,6653,2,13
6801,12,6650,6650,1,12
27206,14,6653,6653,1,14
13603,13,6651,6651,1,13
27207,14,6652,6652,1,14
27208,14,6655,6655,1,14
13604,13,6656,6658,3,13
6802,12,6659,6661,3,12
3401,11,6650,6653,4,11
27209,14,6654,6654,1,14
217688,17,6657,6657,1,15
108844,16,6658,6658,1,14
13605,13,6654,6655,2,13
217689,17,6656,6656,1,15
108845,16,6656,6657,2,14
27212,14,6660,6660,1,14
13606,13,6661,6661,1,13
6803,12,6654,6658,5,12
27213,14,6659,6659,1,14
13607,13,6659,6660,2,13
6804,12,6663,6664,2,12
3402,11,6665,6670,6,11
1701,10,6650,6661,12,8
13610,13,6664,6664,1,13
6805,12,6662,6662,1,12
13611,13,6663,6663,1,13
6806,12,6666,6670,5,12
3403,11,6662,6664,3,11
108920,16,6667,6667,1,14
27230,14,6668,6670,3,13
6807,12,6665,6665,1,12
108921,16,6666,6666,1,14
217852,17,6669,6669,1,15
108926,16,6670,6670,1,14
27231,14,6666,6667,2,13
217853,17,6668,6668,1,15
108927,16,6668,6669,2,14
27232,14,6672,6672,1,14
13616,13,6673,6673,1,13
6808,12,6674,6674,1,12
3404,11,6675,6675,1,11
1702,10,6676,6683,8,8
851,9,6650,6670,21,3
27233,14,6671,6671,1,14
13617,13,6671,6672,2,13
6809,12,6671,6673,3,12
3405,11,6671,6674,4,11
27248,14,6677,6677,1,14
13624,13,6678,6678,1,13
6812,12,6679,6680,2,12
3406,11,6681,6683,3,11
1703,10,6671,6675,5,8
27249,14,6676,6676,1,14
13625,13,6676,6677,2,13
27254,14,6680,6680,1,13
6813,12,6676,6678,3,12
27255,14,6679,6679,1,13
6814,12,6682,6683,2,12
3407,11,6676,6680,5,11
13630,13,6683,6683,1,13
6815,12,6681,6681,1,12
13631,13,6682,6682,1,13
13632,13,6685,6686,2,12
3408,11,6687,6692,6,11
1704,10,6693,6704,12,8
852,9,6705,6723,19,3
426,8,6724,6767,44,16
213,7,6609,6683,75,18
27266,14,6686,6686,1,13
13633,13,6684,6684,1,12
27267,14,6685,6685,1,13
27272,14,6688,6688,1,13
6818,12,6689,6692,4,12
3409,11,6684,6686,3,11
27273,14,6687,6687,1,13
27276,14,6690,6691,2,14
13638,13,6692,6692,1,13
6819,12,6687,6688,2,12
109108,16,6691,6691,1,15
27277,14,6689,6689,1,14
109109,16,6690,6690,1,15
13639,13,6689,6691,3,13
27280,14,6694,6694,1,13
6820,12,6695,6698,4,12
3410,11,6699,6704,6,11
1705,10,6684,6692,9,8
27281,14,6693,6693,1,13
54570,15,6696,6697,2,14
13642,13,6698,6698,1,13
6821,12,6693,6694,2,12
109142,16,6697,6697,1,15
54571,15,6695,6695,1,14
109143,16,6696,6696,1,15
13643,13,6695,6697,3,13
13644,13,6700,6701,2,13
6822,12,6702,6704,3,12
3411,11,6693,6698,6,11
27290,14,6701,6701,1,14
13645,13,6699,6699,1,13
27291,14,6700,6700,1,14
218346,17,6703,6703,1,14
54586,15,6704,6704,1,13
6823,12,6699,6701,3,12
218347,17,6702,6702,1,14
54587,15,6702,6703,2,13
436764,18,6706,6706,1,13
6824,12,6707,6708,2,12
3412,11,6709,6718,10,11
1706,10,6719,6723,5,8
853,9,6684,6704,21,3
436765,18,6705,6705,1,13
13650,13,6708,6708,1,13
6825,12,6705,6706,2,12
13651,13,6707,6707,1,13
109220,16,6710,6710,1,13
6826,12,6711,6718,8,12
3413,11,6705,6708,4,11
109221,16,6709,6709,1,13
109232,16,6712,6712,1,4
54616,15,6713,6713,1,15
27308,14,6714,6715,2,14
13654,13,6716,6718,3,13
6827,12,6709,6710,2,12
109233,16,6711,6711,1,4
54617,15,6711,6712,2,15
109236,16,6715,6715,1,15
27309,14,6711,6713,3,14
109237,16,6714,6714,1,15
218480,17,6717,6717,1,15
27310,14,6718,6718,1,14
13655,13,6711,6715,5,13
218481,17,6716,6716,1,15
27311,14,6716,6717,2,14
6828,12,6720,6721,2,12
3414,11,6722,6723,2,11
1707,10,6705,6718,14,8
13658,13,6721,6721,1,13
6829,12,6719,6719,1,12
13659,13,6720,6720,1,13
6830,12,6723,6723,1,12
3415,11,6719,6721,3,11
6831,12,6722,6722,1,12
6832,12,6725,6731,7,12
3416,11,6732,6737,6,11
1708,10,6738,6751,14,8
854,9,6752,6767,16,3
427,8,6684,6723,40,16
54664,15,6726,6727,2,15
27332,14,6728,6730,3,14
13666,13,6731,6731,1,13
6833,12,6724,6724,1,12
218662,17,6727,6727,1,4
54665,15,6725,6725,1,15
218663,17,6726,6726,1,4
54666,15,6729,6730,2,15
27333,14,6725,6727,3,14
109334,16,6730,6730,1,4
54667,15,6728,6728,1,15
109335,16,6729,6729,1,4
13667,13,6725,6730,6,13
218694,17,6733,6733,1,14
27336,14,6734,6734,1,13
6834,12,6735,6737,3,12
3417,11,6724,6731,8,11
218695,17,6732,6732,1,14
27337,14,6732,6733,2,13
54684,15,6736,6736,1,14
27342,14,6737,6737,1,13
6835,12,6732,6734,3,12
54685,15,6735,6735,1,14
27343,14,6735,6736,2,13
6836,12,6739,6744,6,12
3418,11,6745,6751,7,11
1709,10,6724,6737,14,8
54696,15,6740,6741,2,14
13674,13,6742,6744,3,13
6837,12,6738,6738,1,12
218788,17,6741,6741,1,15
54697,15,6739,6739,1,14
218789,17,6740,6740,1,15
54700,15,6743,6743,1,15
27350,14,6744,6744,1,14
13675,13,6739,6741,3,13
54701,15,6742,6742,1,15
27351,14,6742,6743,2,14
875266,19,6746,6746,1,4
54704,15,6747,6747,1,15
27352,14,6748,6748,1,14
13676,13,6749,6750,2,13
6838,12,6751,6751,1,12
3419,11,6738,6744,7,11
875267,19,6745,6745,1,4
54705,15,6745,6746,2,15
27353,14,6745,6747,3,14
109418,16,6750,6750,1,14
13677,13,6745,6748,4,13
109419,16,6749,6749,1,14
6839,12,6745,6750,6,12
13680,13,6753,6753,1,13
6840,12,6754,6756,3,12
3420,11,6757,6760,4,11
1710,10,6761,6767,7,8
855,9,6724,6751,28,3
13681,13,6752,6752,1,13
54730,15,6755,6756,2,13
6841,12,6752,6753,2,12
218926,17,6756,6756,1,14
54731,15,6754,6754,1,13
218927,17,6755,6755,1,14
13684,13,6758,6758,1,13
6842,12,6759,6760,2,12
3421,11,6752,6756,5,11
13685,13,6757,6757,1,13
13686,13,6760,6760,1,13
6843,12,6757,6758,2,12
13687,13,6759,6759,1,13
54752,15,6762,6762,1,14
13688,13,6763,6764,2,13
6844,12,6765,6766,2,12
3422,11,6767,6767,1,11
1711,10,6752,6760,9,8
54753,15,6761,6761,1,14
109516,16,6764,6764,1,14
13689,13,6761,6762,2,13
109517,16,6763,6763,1,14
27382,14,6766,6766,1,13
6845,12,6761,6764,4,12
27383,14,6765,6765,1,13
3423,11,6761,6766,6,11
54788,15,6769,6769,1,14
27394,14,6770,6770,1,13
6848,12,6771,6773,3,12
3424,11,6774,6778,5,11
1712,10,6779,6785,7,8
856,9,6786,6810,25,3
428,8,6811,6845,35,16
214,7,6846,6929,84,18
107,6,6609,6767,159,17
54789,15,6768,6768,1,14
27395,14,6768,6769,2,13
27396,14,6772,6772,1,14
13698,13,6773,6773,1,13
6849,12,6768,6770,3,12
27397,14,6771,6771,1,14
13699,13,6771,6772,2,13
13700,13,6775,6775,1,13
6850,12,6776,6778,3,12
3425,11,6768,6773,6,11
13701,13,6774,6774,1,13
54808,15,6777,6777,1,14
27404,14,6778,6778,1,13
6851,12,6774,6775,2,12
54809,15,6776,6776,1,14
27405,14,6776,6777,2,13
54822,15,6780,6780,1,13
6852,12,6781,6782,2,12
3426,11,6783,6785,3,11
1713,10,6768,6778,11,8
54823,15,6779,6779,1,13
13706,13,6782,6782,1,13
6853,12,6779,6780,2,12
13707,13,6781,6781,1,13
13708,13,6784,6784,1,13
6854,12,6785,6785,1,12
3427,11,6779,6782,4,11
13709,13,6783,6783,1,13
6855,12,6783,6784,2,12
13712,13,6787,6788,2,13
6856,12,6789,6791,3,12
3428,11,6792,6802,11,11
1714,10,6803,6810,8,8
857,9,6768,6785,18,3
219412,17,6788,6788,1,14
13713,13,6786,6786,1,13
219413,17,6787,6787,1,14
54860,15,6790,6790,1,14
27430,14,6791,6791,1,13
6857,12,6786,6788,3,12
54861,15,6789,6789,1,14
27431,14,6789,6790,2,13
54864,15,6793,6793,1,15
27432,14,6794,6794,1,14
13716,13,6795,6799,5,13
6858,12,6800,6802,3,12
3429,11,6786,6791,6,11
54865,15,6792,6792,1,15
27433,14,6792,6793,2,14
438944,18,6796,6796,1,4
54868,15,6797,6798,2,15
27434,14,6799,6799,1,14
13717,13,6792,6794,3,13
438945,18,6795,6795,1,4
219476,17,6798,6798,1,4
54869,15,6795,6796,2,15
219477,17,6797,6797,1,4
27435,14,6795,6798,4,14
27436,14,6801,6801,1,14
13718,13,6802,6802,1,13
6859,12,6792,6799,8,12
27437,14,6800,6800,1,14
13719,13,6800,6801,2,13
13722,13,6804,6805,2,12
3430,11,6806,6810,5,11
1715,10,6786,6802,17,8
27446,14,6805,6805,1,13
13723,13,6803,6803,1,12
27447,14,6804,6804,1,13
13724,13,6807,6807,1,13
6862,12,6808,6810,3,12
3431,11,6803,6805,3,11
13725,13,6806,6806,1,13
13726,13,6809,6810,2,13
6863,12,6806,6807,2,12
27454,14,6810,6810,1,14
13727,13,6808,6808,1,13
27455,14,6809,6809,1,14
13728,13,6812,6813,2,13
6864,12,6814,6816,3,12
3432,11,6817,6819,3,11
1716,10,6820,6833,14,8
858,9,6834,6845,12,3
429,8,6768,6810,43,16
27458,14,6813,6813,1,14
13729,13,6811,6811,1,13
27459,14,6812,6812,1,14
13730,13,6815,6816,2,13
6865,12,6811,6813,3,12
54924,15,6816,6816,1,14
13731,13,6814,6814,1,13
54925,15,6815,6815,1,14
6866,12,6818,6819,2,12
3433,11,6811,6816,6,11
13734,13,6819,6819,1,13
6867,12,6817,6817,1,12
13735,13,6818,6818,1,13
54948,15,6821,6822,2,13
6868,12,6823,6827,5,12
3434,11,6828,6833,6,11
1717,10,6811,6819,9,8
109898,16,6822,6822,1,14
54949,15,6820,6820,1,13
109899,16,6821,6821,1,14
219812,17,6824,6824,1,15
27476,14,6825,6825,1,14
13738,13,6826,6827,2,13
6869,12,6820,6822,3,12
219813,17,6823,6823,1,15
27477,14,6823,6824,2,14
109912,16,6827,6827,1,14
13739,13,6823,6825,3,13
109913,16,6826,6826,1,14
27480,14,6829,6830,2,13
6870,12,6831,6833,3,12
3435,11,6820,6827,8,11
54962,15,6830,6830,1,14
27481,14,6828,6828,1,13
54963,15,6829,6829,1,14
27486,14,6832,6833,2,13
6871,12,6828,6830,3,12
54974,15,6833,6833,1,14
27487,14,6831,6831,1,13
54975,15,6832,6832,1,14
6872,12,6835,6838,4,12
3436,11,6839,6839,1,11
1718,10,6840,6845,6,8
859,9,6811,6833,23,3
13746,13,6836,6838,3,13
6873,12,6834,6834,1,12
54988,15,6837,6837,1,15
27494,14,6838,6838,1,14
13747,13,6835,6835,1,13
54989,15,6836,6836,1,15
27495,14,6836,6837,2,14
3437,11,6834,6838,5,11
3438,11,6841,6845,5,11
1719,10,6834,6839,6,8
27512,14,6842,6842,1,13
6878,12,6843,6845,3,12
3439,11,6840,6840,1,11
27513,14,6841,6841,1,13
110064,16,6844,6844,1,14
55032,15,6845,6845,1,13
6879,12,6841,6842,2,12
110065,16,6843,6843,1,14
55033,15,6843,6844,2,13
13760,13,6847,6849,3,13
6880,12,6850,6853,4,12
3440,11,6854,6859,6,11
1720,10,6860,6873,14,8
860,9,6874,6895,22,3
430,8,6896,6929,34,16
215,7,6768,6845,78,18
55046,15,6848,6849,2,14
13761,13,6846,6846,1,13
220188,17,6849,6849,1,15
55047,15,6847,6847,1,14
220189,17,6848,6848,1,15
55048,15,6851,6851,1,14
13762,13,6852,6853,2,13
6881,12,6846,6849,4,12
55049,15,6850,6850,1,14
880858,19,6853,6853,1,14
13763,13,6850,6851,2,13
880859,19,6852,6852,1,14
55058,15,6855,6856,2,14
13764,13,6857,6857,1,13
6882,12,6858,6859,2,12
3441,11,6846,6853,8,11
440474,18,6856,6856,1,15
55059,15,6854,6854,1,14
440475,18,6855,6855,1,15
13765,13,6854,6856,3,13
13766,13,6859,6859,1,13
6883,12,6854,6857,4,12
13767,13,6858,6858,1,13
6884,12,6861,6863,3,12
3442,11,6864,6873,10,11
1721,10,6846,6859,14,8
27542,14,6862,6863,2,13
6885,12,6860,6860,1,12
110174,16,6863,6863,1,14
27543,14,6861,6861,1,13
110175,16,6862,6862,1,14
110178,16,6865,6865,1,14
13772,13,6866,6870,5,13
6886,12,6871,6873,3,12
3443,11,6860,6863,4,11
110179,16,6864,6864,1,14
110184,16,6867,6867,1,4
55092,15,6868,6868,1,15
27546,14,6869,6870,2,14
13773,13,6864,6865,2,13
110185,16,6866,6866,1,4
55093,15,6866,6867,2,15
881526,19,6870,6870,1,15
27547,14,6866,6868,3,14
881527,19,6869,6869,1,15
27548,14,6872,6872,1,14
13774,13,6873,6873,1,13
6887,12,6864,6870,7,12
27549,14,6871,6871,1,14
13775,13,6871,6872,2,13
220426,17,6875,6875,1,14
55106,15,6876,6876,1,13
6888,12,6877,6881,5,12
3444,11,6882,6890,9,11
1722,10,6891,6895,5,8
861,9,6846,6873,28,3
220427,17,6874,6874,1,14
55107,15,6874,6875,2,13
55112,15,6878,6878,1,15
27556,14,6879,6879,1,14
13778,13,6880,6881,2,13
6889,12,6874,6876,3,12
55113,15,6877,6877,1,15
27557,14,6877,6878,2,14
27558,14,6881,6881,1,14
13779,13,6877,6879,3,13
27559,14,6880,6880,1,14
13780,13,6883,6884,2,13
6890,12,6885,6890,6,12
3445,11,6874,6881,8,11
220496,17,6884,6884,1,14
13781,13,6882,6882,1,13
220497,17,6883,6883,1,14
882048,19,6886,6886,1,15
27564,14,6887,6889,3,14
13782,13,6890,6890,1,13
6891,12,6882,6884,3,12
882049,19,6885,6885,1,15
110260,16,6888,6889,2,15
27565,14,6885,6886,2,14
220522,17,6889,6889,1,4
110261,16,6887,6887,1,15
220523,17,6888,6888,1,4
13783,13,6885,6889,5,13
13784,13,6892,6892,1,12
3446,11,6893,6895,3,11
1723,10,6874,6890,17,8
13785,13,6891,6891,1,12
220618,17,6894,6894,1,13
6894,12,6895,6895,1,12
3447,11,6891,6892,2,11
220619,17,6893,6893,1,13
6895,12,6893,6894,2,12
55168,15,6897,6897,1,13
6896,12,6898,6901,4,12
3448,11,6902,6903,2,11
1724,10,6904,6909,6,8
862,9,6910,6929,20,3
431,8,6846,6895,50,16
55169,15,6896,6896,1,13
13794,13,6899,6901,3,13
6897,12,6896,6897,2,12
27590,14,6900,6901,2,14
13795,13,6898,6898,1,13
220732,17,6901,6901,1,15
27591,14,6899,6899,1,14
220733,17,6900,6900,1,15
27594,14,6903,6903,1,12
3449,11,6896,6901,6,11
27595,14,6902,6902,1,12
13800,13,6905,6905,1,12
3450,11,6906,6909,4,11
1725,10,6896,6903,8,8
13801,13,6904,6904,1,12
110446,16,6907,6907,1,13
6902,12,6908,6909,2,12
3451,11,6904,6905,2,11
110447,16,6906,6906,1,13
13806,13,6909,6909,1,13
6903,12,6906,6907,2,12
13807,13,6908,6908,1,13
13808,13,6911,6912,2,13
6904,12,6913,6917,5,12
3452,11,6918,6919,2,11
1726,10,6920,6929,10,8
863,9,6896,6909,14,3
3535280,21,6912,6912,1,14
13809,13,6910,6910,1,13
3535281,21,6911,6911,1,14
27620,14,6914,6914,1,14
13810,13,6915,6917,3,13
6905,12,6910,6912,3,12
27621,14,6913,6913,1,14
220980,17,6916,6916,1,15
27622,14,6917,6917,1,14
13811,13,6913,6914,2,13
220981,17,6915,6915,1,15
27623,14,6915,6916,2,14
6906,12,6919,6919,1,12
3453,11,6910,6917,8,11
6907,12,6918,6918,1,12
884284,19,6921,6921,1,14
13816,13,6922,6925,4,13
6908,12,6926,6927,2,12
3454,11,6928,6929,2,11
1727,10,6910,6919,10,8
884285,19,6920,6920,1,14
110536,16,6923,6923,1,15
27634,14,6924,6925,2,14
13817,13,6920,6921,2,13
110537,16,6922,6922,1,15
55270,15,6925,6925,1,15
27635,14,6922,6923,2,14
55271,15,6924,6924,1,15
27636,14,6927,6927,1,13
6909,12,6920,6925,6,12
27637,14,6926,6926,1,13
13820,13,6929,6929,1,12
3455,11,6920,6927,8,11
13821,13,6928,6928,1,12
55296,15,6931,6931,1,11
13824,13,6932,6935,4,14
6912,12,6936,6936,1,12
3456,11,6937,6945,9,16
1728,10,6946,6952,7,2
864,9,6953,6972,20,7
432,8,6973,7021,49,18
216,7,7022,7093,72,13
108,6,7094,7243,150,8
54,5,7244,7569,326,3
27,4,6293,6929,637,2
55297,15,6930,6930,1,11
27650,14,6933,6935,3,11
13825,13,6930,6931,2,14
1769678,20,6934,6934,1,17
55302,15,6935,6935,1,15
27651,14,6932,6932,1,11
1769679,20,6933,6933,1,17
55303,15,6933,6934,2,15
6913,12,6930,6935,6,12
13828,13,6938,6940,3,14
6914,12,6941,6945,5,12
3457,11,6930,6936,7,16
27658,14,6939,6940,2,11
13829,13,6937,6937,1,14
28323190,24,6940,6940,1,15
27659,14,6938,6938,1,11
28323191,24,6939,6939,1,15
27660,14,6942,6943,2,11
13830,13,6944,6945,2,14
6915,12,6937,6940,4,12
55322,15,6943,6943,1,15
27661,14,6941,6941,1,11
55323,15,6942,6942,1,15
55324,15,6945,6945,1,11
13831,13,6941,6943,3,14
55325,15,6944,6944,1,11
6916,12,6947,6949,3,12
3458,11,6950,6952,3,16
1729,10,6930,6945,16,2
27668,14,6948,6948,1,11
13834,13,6949,6949,1,14
6917,12,6946,6946,1,12
27669,14,6947,6947,1,11
13835,13,6947,6948,2,14
6918,12,6951,6952,2,12
3459,11,6946,6949,4,16
13838,13,6952,6952,1,14
6919,12,6950,6950,1,12
13839,13,6951,6951,1,14
27680,14,6954,6954,1,14
6920,12,6955,6959,5,12
3460,11,6960,6962,3,16
1730,10,6963,6972,10,2
865,9,6930,6952,23,7
27681,14,6953,6953,1,14
27684,14,6956,6956,1,11
13842,13,6957,6959,3,14
6921,12,6953,6954,2,12
27685,14,6955,6955,1,11
55374,15,6958,6959,2,11
13843,13,6955,6956,2,14
110750,16,6959,6959,1,15
55375,15,6957,6957,1,11
110751,16,6958,6958,1,15
55380,15,6961,6961,1,14
6922,12,6962,6962,1,12
3461,11,6953,6959,7,16
55381,15,6960,6960,1,14
6923,12,6960,6961,2,12
27696,14,6964,6964,1,11
13848,13,6965,6965,1,14
6924,12,6966,6966,1,12
3462,11,6967,6972,6,16
1731,10,6953,6962,10,2
27697,14,6963,6963,1,11
13849,13,6963,6964,2,14
6925,12,6963,6965,3,12
221644,17,6968,6968,1,11
13852,13,6969,6969,1,14
6926,12,6970,6972,3,12
3463,11,6963,6966,4,16
221645,17,6967,6967,1,11
13853,13,6967,6968,2,14
110842,16,6971,6971,1,11
27710,14,6972,6972,1,14
6927,12,6967,6969,3,12
110843,16,6970,6970,1,11
27711,14,6970,6971,2,14
27712,14,6974,6974,1,11
13856,13,6975,6976,2,14
6928,12,6977,6979,3,12
3464,11,6980,6984,5,16
1732,10,6985,7000,16,2
866,9,7001,7021,21,7
433,8,6930,6972,43,18
27713,14,6973,6973,1,11
27714,14,6976,6976,1,11
13857,13,6973,6974,2,14
27715,14,6975,6975,1,11
27718,14,6978,6979,2,14
6929,12,6973,6976,4,12
110878,16,6979,6979,1,11
27719,14,6977,6977,1,14
110879,16,6978,6978,1,11
55450,15,6981,6981,1,14
13862,13,6982,6984,3,12
3465,11,6973,6979,7,16
55451,15,6980,6980,1,14
110910,16,6983,6984,2,14
13863,13,6980,6981,2,12
221822,17,6984,6984,1,11
110911,16,6982,6982,1,14
221823,17,6983,6983,1,11
55456,15,6986,6986,1,11
13864,13,6987,6989,3,14
6932,12,6990,6992,3,12
3466,11,6993,7000,8,16
1733,10,6973,6984,12,2
55457,15,6985,6985,1,11
27730,14,6988,6989,2,11
13865,13,6985,6986,2,14
110926,16,6989,6989,1,15
27731,14,6987,6987,1,11
110927,16,6988,6988,1,15
27732,14,6991,6991,1,11
13866,13,6992,6992,1,14
6933,12,6985,6989,5,12
27733,14,6990,6990,1,11
13867,13,6990,6991,2,14
6934,12,6994,7000,7,12
3467,11,6985,6992,8,16
110962,16,6995,6995,1,15
27740,14,6996,6996,1,11
13870,13,6997,7000,4,14
6935,12,6993,6993,1,12
110963,16,6994,6994,1,15
27741,14,6994,6995,2,11
110968,16,6998,6998,1,17
55484,15,6999,6999,1,15
27742,14,7000,7000,1,11
13871,13,6994,6996,3,14
110969,16,6997,6997,1,17
55485,15,6997,6998,2,15
27743,14,6997,6999,3,11
27744,14,7002,7004,3,11
13872,13,7005,7005,1,14
6936,12,7006,7007,2,12
3468,11,7008,7012,5,16
1734,10,7013,7021,9,2
867,9,6973,7000,28,7
221960,17,7003,7004,2,15
27745,14,7001,7001,1,11
443922,18,7004,7004,1,17
221961,17,7002,7002,1,15
443923,18,7003,7003,1,17
13873,13,7001,7004,4,14
13874,13,7007,7007,1,14
6937,12,7001,7005,5,12
13875,13,7006,7006,1,14
27752,14,7009,7010,2,14
6938,12,7011,7012,2,12
3469,11,7001,7007,7,16
222024,17,7010,7010,1,11
27753,14,7008,7008,1,14
222025,17,7009,7009,1,11
13878,13,7012,7012,1,14
6939,12,7008,7010,3,12
13879,13,7011,7011,1,14
6940,12,7014,7015,2,12
3470,11,7016,7021,6,16
1735,10,7001,7012,12,2
27766,14,7015,7015,1,14
6941,12,7013,7013,1,12
27767,14,7014,7014,1,14
13884,13,7017,7019,3,14
6942,12,7020,7021,2,12
3471,11,7013,7015,3,16
55540,15,7018,7018,1,15
27770,14,7019,7019,1,11
13885,13,7016,7016,1,14
55541,15,7017,7017,1,15
27771,14,7017,7018,2,11
27774,14,7021,7021,1,14
6943,12,7016,7019,4,12
27775,14,7020,7020,1,14
13888,13,7023,7023,1,14
6944,12,7024,7028,5,12
3472,11,7029,7031,3,16
1736,10,7032,7038,7,2
868,9,7039,7059,21,7
434,8,7060,7093,34,18
217,7,6930,7021,92,13
13889,13,7022,7022,1,14
55562,15,7025,7026,2,11
13890,13,7027,7028,2,14
6945,12,7022,7023,2,12
111126,16,7026,7026,1,15
55563,15,7024,7024,1,11
111127,16,7025,7025,1,15
27782,14,7028,7028,1,11
13891,13,7024,7026,3,14
27783,14,7027,7027,1,11
13892,13,7030,7030,1,14
6946,12,7031,7031,1,12
3473,11,7022,7028,7,16
13893,13,7029,7029,1,14
6947,12,7029,7030,2,12
6948,12,7033,7036,4,12
3474,11,7037,7038,2,16
1737,10,7022,7031,10,2
13898,13,7034,7036,3,14
6949,12,7032,7032,1,12
111194,16,7035,7035,1,15
27798,14,7036,7036,1,11
13899,13,7033,7033,1,14
111195,16,7034,7034,1,15
27799,14,7034,7035,2,11
13902,13,7038,7038,1,12
3475,11,7032,7036,5,16
13903,13,7037,7037,1,12
55622,15,7040,7040,1,14
6952,12,7041,7043,3,12
3476,11,7044,7049,6,16
1738,10,7050,7059,10,2
869,9,7022,7038,17,7
55623,15,7039,7039,1,14
13906,13,7042,7043,2,14
6953,12,7039,7040,2,12
222518,17,7043,7043,1,11
13907,13,7041,7041,1,14
222519,17,7042,7042,1,11
13908,13,7045,7046,2,14
6954,12,7047,7049,3,12
3477,11,7039,7043,5,16
27818,14,7046,7046,1,11
13909,13,7044,7044,1,14
27819,14,7045,7045,1,11
13910,13,7048,7049,2,14
6955,12,7044,7046,3,12
27822,14,7049,7049,1,11
13911,13,7047,7047,1,14
27823,14,7048,7048,1,11
13912,13,7051,7051,1,14
6956,12,7052,7056,5,12
3478,11,7057,7059,3,16
1739,10,7039,7049,11,2
13913,13,7050,7050,1,14
111312,16,7053,7053,1,11
13914,13,7054,7056,3,14
6957,12,7050,7051,2,12
111313,16,7052,7052,1,11
27830,14,7055,7056,2,11
13915,13,7052,7053,2,14
55662,15,7056,7056,1,15
27831,14,7054,7054,1,11
55663,15,7055,7055,1,15
55666,15,7058,7058,1,14
6958,12,7059,7059,1,12
3479,11,7050,7056,7,16
55667,15,7057,7057,1,14
6959,12,7057,7058,2,12
6960,12,7061,7064,4,12
3480,11,7065,7070,6,16
1740,10,7071,7076,6,2
870,9,7077,7093,17,7
435,8,7022,7059,38,18
55688,15,7062,7062,1,11
27844,14,7063,7064,2,14
6961,12,7060,7060,1,12
55689,15,7061,7061,1,11
55690,15,7064,7064,1,11
27845,14,7061,7062,2,14
55691,15,7063,7063,1,11
111408,16,7066,7066,1,15
55704,15,7067,7067,1,11
27852,14,7068,7068,1,14
13926,13,7069,7070,2,12
3481,11,7060,7064,5,16
111409,16,7065,7065,1,15
55705,15,7065,7066,2,11
27853,14,7065,7067,3,14
55708,15,7070,7070,1,14
13927,13,7065,7068,4,12
55709,15,7069,7069,1,14
55714,15,7072,7072,1,14
6964,12,7073,7074,2,12
3482,11,7075,7076,2,16
1741,10,7060,7070,11,2
55715,15,7071,7071,1,14
111440,16,7074,7074,1,14
6965,12,7071,7072,2,12
111441,16,7073,7073,1,14
13932,13,7076,7076,1,12
3483,11,7071,7074,4,16
13933,13,7075,7075,1,12
13936,13,7078,7080,3,14
6968,12,7081,7081,1,12
3484,11,7082,7084,3,16
1742,10,7085,7093,9,2
871,9,7060,7076,17,7
111496,16,7079,7079,1,15
27874,14,7080,7080,1,11
13937,13,7077,7077,1,14
111497,16,7078,7078,1,15
27875,14,7078,7079,2,11
6969,12,7077,7080,4,12
6970,12,7083,7084,2,12
3485,11,7077,7081,5,16
27886,14,7084,7084,1,14
6971,12,7082,7082,1,12
27887,14,7083,7083,1,14
27890,14,7086,7087,2,14
6972,12,7088,7089,2,12
3486,11,7090,7093,4,16
1743,10,7077,7084,8,2
111566,16,7087,7087,1,11
27891,14,7085,7085,1,14
111567,16,7086,7086,1,11
27892,14,7089,7089,1,14
6973,12,7085,7087,3,12
27893,14,7088,7088,1,14
13948,13,7091,7091,1,14
6974,12,7092,7093,2,12
3487,11,7085,7089,5,16
13949,13,7090,7090,1,14
27902,14,7093,7093,1,14
6975,12,7090,7091,2,12
27903,14,7092,7092,1,14
27904,14,7095,7095,1,11
13952,13,7096,7096,1,14
6976,12,7097,7098,2,12
3488,11,7099,7106,8,16
1744,10,7107,7109,3,2
872,9,7110,7124,15,7
436,8,7125,7152,28,18
218,7,7153,7243,91,13
109,6,6930,7093,164,8
27905,14,7094,7094,1,11
13953,13,7094,7095,2,14
13954,13,7098,7098,1,14
6977,12,7094,7096,3,12
13955,13,7097,7097,1,14
13956,13,7100,7101,2,14
6978,12,7102,7106,5,12
3489,11,7094,7098,5,16
27914,14,7101,7101,1,11
13957,13,7099,7099,1,14
27915,14,7100,7100,1,11
13958,13,7103,7106,4,14
6979,12,7099,7101,3,12
55836,15,7104,7106,3,11
13959,13,7102,7102,1,14
446700,18,7105,7105,1,17
223350,17,7106,7106,1,15
55837,15,7103,7103,1,11
446701,18,7104,7104,1,17
223351,17,7104,7105,2,15
6982,12,7108,7109,2,16
1745,10,7094,7106,13,2
13966,13,7109,7109,1,12
6983,12,7107,7107,1,16
13967,13,7108,7108,1,12
13970,13,7111,7111,1,12
3492,11,7112,7118,7,16
1746,10,7119,7124,6,2
873,9,7094,7109,16,7
13971,13,7110,7110,1,12
13972,13,7113,7113,1,14
6986,12,7114,7118,5,12
3493,11,7110,7111,2,16
13973,13,7112,7112,1,14
55900,15,7115,7116,2,11
27950,14,7117,7118,2,14
6987,12,7112,7113,2,12
447208,18,7116,7116,1,15
55901,15,7114,7114,1,11
447209,18,7115,7115,1,15
447228,18,7118,7118,1,11
27951,14,7114,7116,3,14
447229,18,7117,7117,1,11
6988,12,7120,7121,2,12
3494,11,7122,7124,3,16
1747,10,7110,7118,9,2
55916,15,7121,7121,1,14
6989,12,7119,7119,1,12
55917,15,7120,7120,1,14
27960,14,7123,7123,1,14
13980,13,7124,7124,1,12
3495,11,7119,7121,3,16
27961,14,7122,7122,1,14
13981,13,7122,7123,2,12
6992,12,7126,7128,3,12
3496,11,7129,7133,5,16
1748,10,7134,7139,6,2
874,9,7140,7152,13,7
437,8,7094,7124,31,18
111892,16,7127,7127,1,11
13986,13,7128,7128,1,14
6993,12,7125,7125,1,12
111893,16,7126,7126,1,11
13987,13,7126,7127,2,14
111906,16,7130,7130,1,11
13988,13,7131,7131,1,14
6994,12,7132,7133,2,12
3497,11,7125,7128,4,16
111907,16,7129,7129,1,11
13989,13,7129,7130,2,14
27980,14,7133,7133,1,14
6995,12,7129,7131,3,12
27981,14,7132,7132,1,14
13992,13,7135,7135,1,14
6996,12,7136,7136,1,12
3498,11,7137,7139,3,16
1749,10,7125,7133,9,2
13993,13,7134,7134,1,14
6997,12,7134,7135,2,12
6998,12,7138,7139,2,12
3499,11,7134,7136,3,16
13998,13,7139,7139,1,14
6999,12,7137,7137,1,12
13999,13,7138,7138,1,14
28002,14,7141,7141,1,14
7000,12,7142,7142,1,12
3500,11,7143,7148,6,16
1750,10,7149,7152,4,2
875,9,7125,7139,15,7
28003,14,7140,7140,1,14
7001,12,7140,7141,2,12
112036,16,7144,7144,1,11
14004,13,7145,7145,1,14
7002,12,7146,7148,3,12
3501,11,7140,7142,3,16
112037,16,7143,7143,1,11
14005,13,7143,7144,2,14
28012,14,7147,7148,2,14
7003,12,7143,7145,3,12
112052,16,7148,7148,1,11
28013,14,7146,7146,1,14
112053,16,7147,7147,1,11
28018,14,7150,7150,1,14
7004,12,7151,7151,1,12
3502,11,7152,7152,1,16
1751,10,7140,7148,9,2
28019,14,7149,7149,1,14
7005,12,7149,7150,2,12
3503,11,7149,7151,3,16
14016,13,7154,7155,2,16
7008,12,7156,7157,2,4
3504,11,7158,7163,6,17
1752,10,7164,7165,2,12
876,9,7166,7191,26,7
438,8,7192,7243,52,18
219,7,7094,7152,59,13
112136,16,7155,7155,1,11
14017,13,7153,7153,1,16
112137,16,7154,7154,1,11
14018,13,7157,7157,1,16
7009,12,7153,7155,3,4
14019,13,7156,7156,1,16
7010,12,7159,7163,5,4
3505,11,7153,7157,5,17
28044,14,7160,7160,1,11
14022,13,7161,7163,3,16
7011,12,7158,7158,1,4
28045,14,7159,7159,1,11
56092,15,7162,7163,2,11
14023,13,7159,7160,2,16
112186,16,7163,7163,1,15
56093,15,7161,7161,1,11
112187,16,7162,7162,1,15
14028,13,7165,7165,1,17
1753,10,7153,7163,11,12
14029,13,7164,7164,1,17
56128,15,7167,7168,2,15
28064,14,7169,7169,1,11
14032,13,7170,7170,1,14
7016,12,7171,7173,3,12
3508,11,7174,7182,9,16
1754,10,7183,7191,9,2
877,9,7153,7165,13,6
112258,16,7168,7168,1,17
56129,15,7166,7166,1,15
112259,16,7167,7167,1,17
28065,14,7166,7168,3,11
14033,13,7166,7169,4,14
56136,15,7172,7173,2,14
7017,12,7166,7170,5,12
112274,16,7173,7173,1,11
56137,15,7171,7171,1,14
112275,16,7172,7172,1,11
28072,14,7175,7176,2,11
14036,13,7177,7180,4,14
7018,12,7181,7182,2,12
3509,11,7166,7173,8,16
224590,17,7176,7176,1,15
28073,14,7174,7174,1,11
224591,17,7175,7175,1,15
112296,16,7178,7178,1,15
28074,14,7179,7180,2,11
14037,13,7174,7176,3,14
112297,16,7177,7177,1,15
112302,16,7180,7180,1,15
28075,14,7177,7178,2,11
112303,16,7179,7179,1,15
14038,13,7182,7182,1,14
7019,12,7174,7180,7,12
14039,13,7181,7181,1,14
7020,12,7184,7186,3,12
3510,11,7187,7191,5,16
1755,10,7166,7182,17,2
28086,14,7185,7186,2,14
7021,12,7183,7183,1,12
56174,15,7186,7186,1,11
28087,14,7184,7184,1,14
56175,15,7185,7185,1,11
56176,15,7188,7188,1,14
7022,12,7189,7191,3,12
3511,11,7183,7186,4,16
56177,15,7187,7187,1,14
112370,16,7190,7190,1,11
28092,14,7191,7191,1,14
7023,12,7187,7188,2,12
112371,16,7189,7189,1,11
28093,14,7189,7190,2,14
28096,14,7193,7193,1,11
14048,13,7194,7195,2,14
7024,12,7196,7199,4,12
3512,11,7200,7204,5,16
1756,10,7205,7220,16,2
878,9,7221,7243,23,7
439,8,7153,7191,39,18
28097,14,7192,7192,1,11
56198,15,7195,7195,1,11
14049,13,7192,7193,2,14
56199,15,7194,7194,1,11
14050,13,7197,7199,3,14
7025,12,7192,7195,4,12
56204,15,7198,7198,1,15
28102,14,7199,7199,1,11
14051,13,7196,7196,1,14
56205,15,7197,7197,1,15
28103,14,7197,7198,2,11
112420,16,7201,7201,1,14
7026,12,7202,7204,3,12
3513,11,7192,7199,8,16
112421,16,7200,7200,1,14
28108,14,7203,7203,1,11
14054,13,7204,7204,1,14
7027,12,7200,7201,2,12
28109,14,7202,7202,1,11
14055,13,7202,7203,2,14
14056,13,7206,7206,1,14
7028,12,7207,7211,5,12
3514,11,7212,7220,9,16
1757,10,7192,7204,13,2
14057,13,7205,7205,1,14
224928,17,7208,7208,1,11
14058,13,7209,7211,3,14
7029,12,7205,7206,2,12
224929,17,7207,7207,1,11
28118,14,7210,7211,2,11
14059,13,7207,7208,2,14
56238,15,7211,7211,1,15
28119,14,7209,7209,1,11
56239,15,7210,7210,1,15
28120,14,7213,7213,1,11
14060,13,7214,7217,4,14
7030,12,7218,7220,3,12
3515,11,7205,7211,7,16
28121,14,7212,7212,1,11
112488,16,7215,7215,1,15
28122,14,7216,7217,2,11
14061,13,7212,7213,2,14
112489,16,7214,7214,1,15
112492,16,7217,7217,1,15
28123,14,7214,7215,2,11
112493,16,7216,7216,1,15
14062,13,7219,7220,2,14
7031,12,7212,7217,6,12
112510,16,7220,7220,1,11
14063,13,7218,7218,1,14
112511,16,7219,7219,1,11
28128,14,7222,7223,2,11
14064,13,7224,7227,4,14
7032,12,7228,7230,3,12
3516,11,7231,7237,7,16
1758,10,7238,7243,6,2
879,9,7192,7220,29,7
225034,17,7223,7223,1,15
28129,14,7221,7221,1,11
225035,17,7222,7222,1,15
56260,15,7225,7225,1,15
28130,14,7226,7227,2,11
14065,13,7221,7223,3,14
56261,15,7224,7224,1,15
112526,16,7227,7227,1,15
28131,14,7224,7225,2,11
112527,16,7226,7226,1,15
112538,16,7229,7229,1,11
28134,14,7230,7230,1,14
7033,12,7221,7227,7,12
112539,16,7228,7228,1,11
28135,14,7228,7229,2,14
56272,15,7232,7232,1,11
14068,13,7233,7233,1,14
7034,12,7234,7237,4,12
3517,11,7221,7230,10,16
56273,15,7231,7231,1,11
14069,13,7231,7232,2,14
14070,13,7235,7237,3,14
7035,12,7231,7233,3,12
450274,18,7236,7236,1,15
28142,14,7237,7237,1,11
14071,13,7234,7234,1,14
450275,18,7235,7235,1,15
28143,14,7235,7236,2,11
3518,11,7239,7243,5,16
1759,10,7221,7237,17,2
112610,16,7240,7240,1,11
14076,13,7241,7241,1,14
7038,12,7242,7243,2,12
3519,11,7238,7238,1,16
112611,16,7239,7239,1,11
14077,13,7239,7240,2,14
28156,14,7243,7243,1,14
7039,12,7239,7241,3,12
28157,14,7242,7242,1,14
28160,14,7245,7245,1,11
14080,13,7246,7246,1,14
7040,12,7247,7250,4,12
3520,11,7251,7253,3,16
1760,10,7254,7259,6,2
880,9,7260,7288,29,7
440,8,7289,7326,38,18
220,7,7327,7408,82,13
110,6,7409,7569,161,8
55,5,6930,7243,314,3
28161,14,7244,7244,1,11
14081,13,7244,7245,2,14
14082,13,7248,7250,3,14
7041,12,7244,7246,3,12
112664,16,7249,7249,1,15
28166,14,7250,7250,1,11
14083,13,7247,7247,1,14
112665,16,7248,7248,1,15
28167,14,7248,7249,2,11
7042,12,7252,7253,2,12
3521,11,7244,7250,7,16
14086,13,7253,7253,1,14
7043,12,7251,7251,1,12
14087,13,7252,7252,1,14
3522,11,7255,7259,5,16
1761,10,7244,7253,10,2
14092,13,7256,7256,1,14
7046,12,7257,7259,3,12
3523,11,7254,7254,1,16
14093,13,7255,7255,1,14
56380,15,7258,7258,1,11
28190,14,7259,7259,1,14
7047,12,7255,7256,2,12
56381,15,7257,7257,1,11
28191,14,7257,7258,2,14
14096,13,7261,7263,3,14
7048,12,7264,7266,3,12
3524,11,7267,7274,8,16
1762,10,7275,7288,14,2
881,9,7244,7259,16,7
56388,15,7262,7262,1,15
28194,14,7263,7263,1,11
14097,13,7260,7260,1,14
56389,15,7261,7261,1,15
28195,14,7261,7262,2,11
14098,13,7265,7266,2,14
7049,12,7260,7263,4,12
28198,14,7266,7266,1,11
14099,13,7264,7264,1,14
28199,14,7265,7265,1,11
28200,14,7268,7268,1,11
14100,13,7269,7271,3,14
7050,12,7272,7274,3,12
3525,11,7260,7266,7,16
28201,14,7267,7267,1,11
28202,14,7270,7271,2,11
14101,13,7267,7268,2,14
56406,15,7271,7271,1,15
28203,14,7269,7269,1,11
56407,15,7270,7270,1,15
14102,13,7273,7274,2,14
7051,12,7267,7271,5,12
28206,14,7274,7274,1,11
14103,13,7272,7272,1,14
28207,14,7273,7273,1,11
112836,16,7276,7276,1,15
56418,15,7277,7278,2,11
14104,13,7279,7279,1,14
7052,12,7280,7286,7,12
3526,11,7287,7288,2,16
1763,10,7260,7274,15,2
112837,16,7275,7275,1,15
112838,16,7278,7278,1,15
56419,15,7275,7276,2,11
112839,16,7277,7277,1,15
14105,13,7275,7278,4,14
56424,15,7281,7282,2,15
28212,14,7283,7283,1,11
14106,13,7284,7286,3,14
7053,12,7275,7279,5,12
112850,16,7282,7282,1,17
56425,15,7280,7280,1,15
112851,16,7281,7281,1,17
28213,14,7280,7282,3,11
28214,14,7285,7286,2,11
14107,13,7280,7283,4,14
56430,15,7286,7286,1,15
28215,14,7284,7284,1,11
56431,15,7285,7285,1,15
28216,14,7288,7288,1,12
3527,11,7275,7286,12,16
28217,14,7287,7287,1,12
7056,12,7290,7293,4,12
3528,11,7294,7298,5,16
1764,10,7299,7309,11,2
882,9,7310,7326,17,7
441,8,7244,7288,45,18
225824,17,7291,7291,1,15
28228,14,7292,7292,1,11
14114,13,7293,7293,1,14
7057,12,7289,7289,1,12
225825,17,7290,7290,1,15
28229,14,7290,7291,2,11
14115,13,7290,7292,3,14
14116,13,7295,7295,1,14
7058,12,7296,7298,3,12
3529,11,7289,7293,5,16
14117,13,7294,7294,1,14
14118,13,7297,7298,2,14
7059,12,7294,7295,2,12
28238,14,7298,7298,1,11
14119,13,7296,7296,1,14
28239,14,7297,7297,1,11
14120,13,7300,7301,2,14
7060,12,7302,7304,3,12
3530,11,7305,7309,5,16
1765,10,7289,7298,10,2
28242,14,7301,7301,1,11
14121,13,7299,7299,1,14
28243,14,7300,7300,1,11
112980,16,7303,7303,1,11
14122,13,7304,7304,1,14
7061,12,7299,7301,3,12
112981,16,7302,7302,1,11
14123,13,7302,7303,2,14
14124,13,7306,7309,4,12
3531,11,7299,7304,6,16
56500,15,7307,7307,1,11
28250,14,7308,7309,2,14
14125,13,7305,7305,1,12
56501,15,7306,7306,1,11
56502,15,7309,7309,1,11
28251,14,7306,7307,2,14
56503,15,7308,7308,1,11
14128,13,7311,7313,3,12
3532,11,7314,7315,2,16
1766,10,7316,7326,11,2
883,9,7289,7309,21,7
226066,17,7312,7312,1,11
28258,14,7313,7313,1,14
14129,13,7310,7310,1,12
226067,17,7311,7311,1,11
28259,14,7311,7312,2,14
1809324,20,7315,7315,1,12
3533,11,7310,7313,4,16
1809325,20,7314,7314,1,12
56544,15,7317,7317,1,14
7068,12,7318,7320,3,12
3534,11,7321,7326,6,16
1767,10,7310,7315,6,2
56545,15,7316,7316,1,14
14138,13,7319,7320,2,14
7069,12,7316,7317,2,12
56558,15,7320,7320,1,11
14139,13,7318,7318,1,14
56559,15,7319,7319,1,11
56562,15,7322,7322,1,14
7070,12,7323,7326,4,12
3535,11,7316,7320,5,16
56563,15,7321,7321,1,14
28284,14,7324,7324,1,11
14142,13,7325,7326,2,14
7071,12,7321,7322,2,12
28285,14,7323,7323,1,11
28286,14,7326,7326,1,11
14143,13,7323,7324,2,14
28287,14,7325,7325,1,11
28288,14,7328,7328,1,11
14144,13,7329,7331,3,14
7072,12,7332,7336,5,12
3536,11,7337,7340,4,16
1768,10,7341,7357,17,2
884,9,7358,7373,16,7
442,8,7374,7408,35,18
221,7,7244,7326,83,13
28289,14,7327,7327,1,11
113160,16,7330,7331,2,11
14145,13,7327,7328,2,14
226322,17,7331,7331,1,15
113161,16,7329,7329,1,11
226323,17,7330,7330,1,15
28292,14,7333,7333,1,11
14146,13,7334,7336,3,14
7073,12,7327,7331,5,12
28293,14,7332,7332,1,11
226352,17,7335,7335,1,15
56588,15,7336,7336,1,11
14147,13,7332,7333,2,14
226353,17,7334,7334,1,15
56589,15,7334,7335,2,11
113184,16,7338,7338,1,11
28296,14,7339,7339,1,14
7074,12,7340,7340,1,12
3537,11,7327,7336,10,16
113185,16,7337,7337,1,11
28297,14,7337,7338,2,14
7075,12,7337,7339,3,12
14152,13,7342,7343,2,14
7076,12,7344,7347,4,12
3538,11,7348,7357,10,16
1769,10,7327,7340,14,2
113230,16,7343,7343,1,11
14153,13,7341,7341,1,14
113231,16,7342,7342,1,11
14154,13,7345,7347,3,14
7077,12,7341,7343,3,12
56620,15,7346,7346,1,15
28310,14,7347,7347,1,11
14155,13,7344,7344,1,14
56621,15,7345,7345,1,15
28311,14,7345,7346,2,11
14156,13,7349,7352,4,14
7078,12,7353,7357,5,12
3539,11,7341,7347,7,16
226520,17,7350,7350,1,17
113260,16,7351,7351,1,15
56630,15,7352,7352,1,11
14157,13,7348,7348,1,14
226521,17,7349,7349,1,17
113261,16,7349,7350,2,15
56631,15,7349,7351,3,11
14158,13,7354,7357,4,14
7079,12,7348,7352,5,12
56636,15,7355,7355,1,15
28318,14,7356,7357,2,11
14159,13,7353,7353,1,14
56637,15,7354,7354,1,15
453110,18,7357,7357,1,15
28319,14,7354,7355,2,11
453111,18,7356,7356,1,15
28324,14,7359,7360,2,14
14162,13,7361,7361,1,12
3540,11,7362,7364,3,16
1770,10,7365,7373,9,2
885,9,7327,7357,31,7
453208,18,7360,7360,1,11
28325,14,7358,7358,1,14
453209,18,7359,7359,1,11
14163,13,7358,7360,3,12
56658,15,7363,7363,1,14
14164,13,7364,7364,1,12
3541,11,7358,7361,4,16
56659,15,7362,7362,1,14
14165,13,7362,7363,2,12
56678,15,7366,7366,1,14
7084,12,7367,7367,1,12
3542,11,7368,7373,6,16
1771,10,7358,7364,7,2
56679,15,7365,7365,1,14
7085,12,7365,7366,2,12
14172,13,7369,7369,1,14
7086,12,7370,7373,4,12
3543,11,7365,7367,3,16
14173,13,7368,7368,1,14
28348,14,7371,7371,1,11
14174,13,7372,7373,2,14
7087,12,7368,7369,2,12
28349,14,7370,7370,1,11
28350,14,7373,7373,1,11
14175,13,7370,7371,2,14
28351,14,7372,7372,1,11
28352,14,7375,7375,1,11
14176,13,7376,7376,1,14
7088,12,7377,7381,5,12
3544,11,7382,7388,7,16
1772,10,7389,7397,9,2
886,9,7398,7408,11,7
443,8,7327,7373,47,18
28353,14,7374,7374,1,11
14177,13,7374,7375,2,14
453710,18,7378,7378,1,15
28356,14,7379,7379,1,11
14178,13,7380,7381,2,14
7089,12,7374,7376,3,12
453711,18,7377,7377,1,15
28357,14,7377,7378,2,11
28358,14,7381,7381,1,11
14179,13,7377,7379,3,14
28359,14,7380,7380,1,11
28360,14,7383,7383,1,14
7090,12,7384,7388,5,12
3545,11,7374,7381,8,16
28361,14,7382,7382,1,14
56728,15,7385,7385,1,11
14182,13,7386,7388,3,14
7091,12,7382,7383,2,12
56729,15,7384,7384,1,11
28366,14,7387,7388,2,11
14183,13,7384,7385,2,14
56734,15,7388,7388,1,15
28367,14,7386,7386,1,11
56735,15,7387,7387,1,15
3546,11,7390,7397,8,16
1773,10,7374,7388,15,2
14188,13,7391,7393,3,14
7094,12,7394,7397,4,12
3547,11,7389,7389,1,16
113512,16,7392,7392,1,15
28378,14,7393,7393,1,11
14189,13,7390,7390,1,14
113513,16,7391,7391,1,15
28379,14,7391,7392,2,11
28380,14,7395,7395,1,11
14190,13,7396,7397,2,14
7095,12,7390,7393,4,12
28381,14,7394,7394,1,11
28382,14,7397,7397,1,11
14191,13,7394,7395,2,14
28383,14,7396,7396,1,11
14196,13,7399,7400,2,12
7098,12,7401,7403,3,16
1774,10,7404,7408,5,2
887,9,7374,7397,24,7
227164,17,7400,7400,1,14
14197,13,7398,7398,1,12
227165,17,7399,7399,1,14
14198,13,7402,7403,2,12
7099,12,7398,7400,3,16
56798,15,7403,7403,1,14
14199,13,7401,7401,1,12
56799,15,7402,7402,1,14
28400,14,7405,7406,2,12
7100,12,7407,7408,2,16
1775,10,7398,7403,6,2
227212,17,7406,7406,1,14
28401,14,7404,7404,1,12
227213,17,7405,7405,1,14
227244,17,7408,7408,1,12
7101,12,7404,7406,3,16
227245,17,7407,7407,1,12
7104,12,7410,7412,3,12
3552,11,7413,7415,3,16
1776,10,7416,7427,12,2
888,9,7428,7450,23,7
444,8,7451,7491,41,18
222,7,7492,7569,78,13
111,6,7244,7408,165,8
14210,13,7411,7412,2,14
7105,12,7409,7409,1,12
28422,14,7412,7412,1,11
14211,13,7410,7410,1,14
28423,14,7411,7411,1,11
7106,12,7414,7415,2,12
3553,11,7409,7412,4,16
14214,13,7415,7415,1,14
7107,12,7413,7413,1,12
14215,13,7414,7414,1,14
28432,14,7417,7417,1,14
7108,12,7418,7418,1,12
3554,11,7419,7427,9,16
1777,10,7409,7415,7,2
28433,14,7416,7416,1,14
7109,12,7416,7417,2,12
113762,16,7420,7420,1,11
14220,13,7421,7423,3,14
7110,12,7424,7427,4,12
3555,11,7416,7418,3,16
113763,16,7419,7419,1,11
28442,14,7422,7423,2,11
14221,13,7419,7420,2,14
56886,15,7423,7423,1,15
28443,14,7421,7421,1,11
56887,15,7422,7422,1,15
113780,16,7425,7425,1,11
14222,13,7426,7427,2,14
7111,12,7419,7423,5,12
113781,16,7424,7424,1,11
28446,14,7427,7427,1,11
14223,13,7424,7425,2,14
28447,14,7426,7426,1,11
56896,15,7429,7429,1,15
28448,14,7430,7431,2,11
14224,13,7432,7434,3,14
7112,12,7435,7435,1,12
3556,11,7436,7441,6,16
1778,10,7442,7450,9,2
889,9,7409,7427,19,7
56897,15,7428,7428,1,15
455186,18,7431,7431,1,15
28449,14,7428,7429,2,11
455187,18,7430,7430,1,15
56902,15,7433,7434,2,11
14225,13,7428,7431,4,14
455224,18,7434,7434,1,15
56903,15,7432,7432,1,11
455225,18,7433,7433,1,15
7113,12,7428,7434,7,12
56914,15,7437,7437,1,11
14228,13,7438,7439,2,14
7114,12,7440,7441,2,12
3557,11,7428,7435,8,16
56915,15,7436,7436,1,11
28458,14,7439,7439,1,11
14229,13,7436,7437,2,14
28459,14,7438,7438,1,11
14230,13,7441,7441,1,14
7115,12,7436,7439,4,12
14231,13,7440,7440,1,14
14232,13,7443,7444,2,14
7116,12,7445,7446,2,12
3558,11,7447,7450,4,16
1779,10,7428,7441,14,2
28466,14,7444,7444,1,11
14233,13,7442,7442,1,14
28467,14,7443,7443,1,11
28468,14,7446,7446,1,14
7117,12,7442,7444,3,12
28469,14,7445,7445,1,14
113906,16,7448,7448,1,11
28476,14,7449,7449,1,14
14238,13,7450,7450,1,12
3559,11,7442,7446,5,16
113907,16,7447,7447,1,11
28477,14,7447,7448,2,14
14239,13,7447,7449,3,12
28480,14,7452,7452,1,11
14240,13,7453,7454,2,14
7120,12,7455,7455,1,12
3560,11,7456,7461,6,16
1780,10,7462,7473,12,2
890,9,7474,7491,18,7
445,8,7409,7450,42,18
28481,14,7451,7451,1,11
3645776,21,7454,7454,1,11
14241,13,7451,7452,2,14
3645777,21,7453,7453,1,11
7121,12,7451,7454,4,12
1823302,20,7457,7457,1,11
14244,13,7458,7458,1,14
7122,12,7459,7461,3,12
3561,11,7451,7455,5,16
1823303,20,7456,7456,1,11
14245,13,7456,7457,2,14
28492,14,7460,7461,2,14
7123,12,7456,7458,3,12
113974,16,7461,7461,1,11
28493,14,7459,7459,1,14
113975,16,7460,7460,1,11
7124,12,7463,7467,5,12
3562,11,7468,7473,6,16
1781,10,7451,7461,11,2
28500,14,7464,7464,1,11
14250,13,7465,7467,3,14
7125,12,7462,7462,1,12
28501,14,7463,7463,1,11
114010,16,7466,7466,1,15
28502,14,7467,7467,1,11
14251,13,7463,7464,2,14
114011,16,7465,7465,1,15
28503,14,7465,7466,2,11
28504,14,7469,7469,1,11
14252,13,7470,7470,1,14
7126,12,7471,7473,3,12
3563,11,7462,7467,6,16
28505,14,7468,7468,1,11
14253,13,7468,7469,2,14
114038,16,7472,7472,1,11
14254,13,7473,7473,1,14
7127,12,7468,7470,3,12
114039,16,7471,7471,1,11
14255,13,7471,7472,2,14
28512,14,7475,7476,2,11
14256,13,7477,7478,2,14
7128,12,7479,7479,1,12
3564,11,7480,7481,2,16
1782,10,7482,7491,10,2
891,9,7451,7473,23,7
57026,15,7476,7476,1,15
28513,14,7474,7474,1,11
57027,15,7475,7475,1,15
28514,14,7478,7478,1,11
14257,13,7474,7476,3,14
28515,14,7477,7477,1,11
7129,12,7474,7478,5,12
7130,12,7481,7481,1,12
3565,11,7474,7479,6,16
7131,12,7480,7480,1,12
228260,17,7483,7483,1,12
3566,11,7484,7491,8,16
1783,10,7474,7481,8,2
228261,17,7482,7482,1,12
228294,17,7485,7485,1,11
28536,14,7486,7487,2,14
7134,12,7488,7491,4,12
3567,11,7482,7483,2,16
228295,17,7484,7484,1,11
114148,16,7487,7487,1,11
28537,14,7484,7485,2,14
114149,16,7486,7486,1,11
114170,16,7489,7489,1,11
28542,14,7490,7491,2,14
7135,12,7484,7487,4,12
114171,16,7488,7488,1,11
114174,16,7491,7491,1,11
28543,14,7488,7489,2,14
114175,16,7490,7490,1,11
7136,12,7493,7493,1,12
3568,11,7494,7498,5,16
1784,10,7499,7507,9,2
892,9,7508,7527,20,7
446,8,7528,7569,42,18
223,7,7409,7491,83,13
7137,12,7492,7492,1,12
28552,14,7495,7495,1,11
14276,13,7496,7496,1,14
7138,12,7497,7498,2,12
3569,11,7492,7493,2,16
28553,14,7494,7494,1,11
14277,13,7494,7495,2,14
28556,14,7498,7498,1,14
7139,12,7494,7496,3,12
28557,14,7497,7497,1,14
228504,17,7500,7500,1,11
57126,15,7501,7501,1,14
7140,12,7502,7503,2,12
3570,11,7504,7507,4,16
1785,10,7492,7498,7,2
228505,17,7499,7499,1,11
57127,15,7499,7500,2,14
28566,14,7503,7503,1,14
7141,12,7499,7501,3,12
28567,14,7502,7502,1,14
7142,12,7505,7507,3,12
3571,11,7499,7503,5,16
28572,14,7506,7506,1,11
14286,13,7507,7507,1,14
7143,12,7504,7504,1,12
28573,14,7505,7505,1,11
14287,13,7505,7506,2,14
114308,16,7509,7509,1,11
57154,15,7510,7510,1,14
7144,12,7511,7515,5,12
3572,11,7516,7520,5,16
1786,10,7521,7527,7,2
893,9,7492,7507,16,7
114309,16,7508,7508,1,11
57155,15,7508,7509,2,14
14290,13,7512,7515,4,14
7145,12,7508,7510,3,12
28582,14,7513,7515,3,11
14291,13,7511,7511,1,14
228664,17,7514,7514,1,17
114332,16,7515,7515,1,15
28583,14,7512,7512,1,11
228665,17,7513,7513,1,17
114333,16,7513,7514,2,15
14292,13,7517,7517,1,14
7146,12,7518,7520,3,12
3573,11,7508,7515,8,16
14293,13,7516,7516,1,14
28588,14,7519,7520,2,14
7147,12,7516,7517,2,12
57178,15,7520,7520,1,11
28589,14,7518,7518,1,14
57179,15,7519,7519,1,11
14296,13,7522,7522,1,14
7148,12,7523,7526,4,12
3574,11,7527,7527,1,16
1787,10,7508,7520,13,2
14297,13,7521,7521,1,14
28596,14,7524,7524,1,11
14298,13,7525,7526,2,14
7149,12,7521,7522,2,12
28597,14,7523,7523,1,11
114396,16,7526,7526,1,11
14299,13,7523,7524,2,14
114397,16,7525,7525,1,11
3575,11,7521,7526,6,16
57218,15,7529,7529,1,11
14304,13,7530,7531,2,14
7152,12,7532,7532,1,12
3576,11,7533,7538,6,16
1788,10,7539,7549,11,2
894,9,7550,7569,20,7
447,8,7492,7527,36,18
57219,15,7528,7528,1,11
228882,17,7531,7531,1,11
14305,13,7528,7529,2,14
228883,17,7530,7530,1,11
7153,12,7528,7531,4,12
14308,13,7534,7535,2,14
7154,12,7536,7538,3,12
3577,11,7528,7532,5,16
57238,15,7535,7535,1,11
14309,13,7533,7533,1,14
57239,15,7534,7534,1,11
14310,13,7537,7538,2,14
7155,12,7533,7535,3,12
28622,14,7538,7538,1,11
14311,13,7536,7536,1,14
28623,14,7537,7537,1,11
229008,17,7540,7540,1,11
28626,14,7541,7542,2,14
7156,12,7543,7544,2,12
3578,11,7545,7549,5,16
1789,10,7528,7538,11,2
229009,17,7539,7539,1,11
57254,15,7542,7542,1,11
28627,14,7539,7540,2,14
57255,15,7541,7541,1,11
28628,14,7544,7544,1,14
7157,12,7539,7542,4,12
28629,14,7543,7543,1,14
57268,15,7546,7546,1,14
7158,12,7547,7549,3,12
3579,11,7539,7544,6,16
57269,15,7545,7545,1,14
458182,18,7548,7548,1,11
28636,14,7549,7549,1,14
7159,12,7545,7546,2,12
458183,18,7547,7547,1,11
28637,14,7547,7548,2,14
14320,13,7551,7551,1,14
7160,12,7552,7556,5,12
3580,11,7557,7561,5,16
1790,10,7562,7569,8,2
895,9,7528,7549,22,7
14321,13,7550,7550,1,14
229152,17,7553,7553,1,15
28644,14,7554,7555,2,11
14322,13,7556,7556,1,14
7161,12,7550,7551,2,12
229153,17,7552,7552,1,15
57290,15,7555,7555,1,15
28645,14,7552,7553,2,11
57291,15,7554,7554,1,15
14323,13,7552,7555,4,14
7162,12,7558,7561,4,12
3581,11,7550,7556,7,16
57304,15,7559,7559,1,11
14326,13,7560,7561,2,14
7163,12,7557,7557,1,12
57305,15,7558,7558,1,11
57308,15,7561,7561,1,11
14327,13,7558,7559,2,14
57309,15,7560,7560,1,11
28656,14,7563,7563,1,11
14328,13,7564,7566,3,14
7164,12,7567,7568,2,12
3582,11,7569,7569,1,16
1791,10,7550,7561,12,2
28657,14,7562,7562,1,11
57316,15,7565,7565,1,15
28658,14,7566,7566,1,11
14329,13,7562,7563,2,14
57317,15,7564,7564,1,15
28659,14,7564,7565,2,11
14330,13,7568,7568,1,14
7165,12,7562,7566,5,12
14331,13,7567,7567,1,14
3583,11,7562,7568,7,16
14336,13,7571,7574,4,9
7168,12,7575,7575,1,15
3584,11,7576,7578,3,10
1792,10,7579,7586,8,18
896,9,7587,7607,21,13
448,8,7608,7647,40,3
224,7,7648,7727,80,4
112,6,7728,7887,160,7
56,5,7888,8179,292,12
28,4,8180,8797,618,7
14,3,8798,9999,1202,2
7,2,5095,7569,2475,10
917590,19,7572,7572,1,17
28674,14,7573,7574,2,5
14337,13,7570,7570,1,9
917591,19,7571,7571,1,17
114702,16,7574,7574,1,17
28675,14,7571,7572,2,5
114703,16,7573,7573,1,17
7169,12,7570,7574,5,15
114724,16,7577,7577,1,9
7170,12,7578,7578,1,15
3585,11,7570,7575,6,10
114725,16,7576,7576,1,9
7171,12,7576,7577,2,15
28688,14,7580,7580,1,9
14344,13,7581,7581,1,15
3586,11,7582,7586,5,10
1793,10,7570,7578,9,18
28689,14,7579,7579,1,9
14345,13,7579,7580,2,15
28696,14,7583,7583,1,5
14348,13,7584,7584,1,9
7174,12,7585,7586,2,15
3587,11,7579,7581,3,10
28697,14,7582,7582,1,5
14349,13,7582,7583,2,9
14350,13,7586,7586,1,9
7175,12,7582,7584,3,15
14351,13,7585,7585,1,9
28704,14,7588,7588,1,9
14352,13,7589,7590,2,15
3588,11,7591,7598,8,10
1794,10,7599,7607,9,18
897,9,7570,7586,17,13
28705,14,7587,7587,1,9
114830,16,7590,7590,1,9
14353,13,7587,7588,2,15
114831,16,7589,7589,1,9
28712,14,7592,7595,4,5
14356,13,7596,7596,1,9
7178,12,7597,7598,2,15
3589,11,7587,7590,4,10
57426,15,7593,7595,3,17
28713,14,7591,7591,1,5
229708,17,7594,7594,1,8
114854,16,7595,7595,1,11
57427,15,7592,7592,1,17
229709,17,7593,7593,1,8
114855,16,7593,7594,2,11
14357,13,7591,7595,5,9
28718,14,7598,7598,1,9
7179,12,7591,7596,6,15
28719,14,7597,7597,1,9
14360,13,7600,7600,1,9
7180,12,7601,7603,3,15
3590,11,7604,7607,4,10
1795,10,7587,7598,12,18
14361,13,7599,7599,1,9
14362,13,7602,7603,2,9
7181,12,7599,7600,2,15
114906,16,7603,7603,1,5
14363,13,7601,7601,1,9
114907,16,7602,7602,1,5
14364,13,7605,7605,1,9
7182,12,7606,7607,2,15
3591,11,7599,7603,5,10
14365,13,7604,7604,1,9
14366,13,7607,7607,1,9
7183,12,7604,7605,2,15
14367,13,7606,7606,1,9
14368,13,7609,7609,1,9
7184,12,7610,7612,3,15
3592,11,7613,7622,10,10
1796,10,7623,7628,6,18
898,9,7629,7647,19,13
449,8,7570,7607,38,3
14369,13,7608,7608,1,9
114966,16,7611,7611,1,5
14370,13,7612,7612,1,9
7185,12,7608,7609,2,15
114967,16,7610,7610,1,5
14371,13,7610,7611,2,9
57488,15,7614,7614,1,17
28744,14,7615,7616,2,5
14372,13,7617,7620,4,9
7186,12,7621,7622,2,15
3593,11,7608,7612,5,10
57489,15,7613,7613,1,17
229966,17,7616,7616,1,17
28745,14,7613,7614,2,5
229967,17,7615,7615,1,17
919878,19,7618,7618,1,11
57492,15,7619,7619,1,17
28746,14,7620,7620,1,5
14373,13,7613,7616,4,9
919879,19,7617,7617,1,11
57493,15,7617,7618,2,17
28747,14,7617,7619,3,5
14374,13,7622,7622,1,9
7187,12,7613,7620,8,15
14375,13,7621,7621,1,9
7188,12,7624,7625,2,15
3594,11,7626,7628,3,10
1797,10,7608,7622,15,18
28758,14,7625,7625,1,9
7189,12,7623,7623,1,15
28759,14,7624,7624,1,9
28760,14,7627,7627,1,9
7190,12,7628,7628,1,15
3595,11,7623,7625,3,10
28761,14,7626,7626,1,9
7191,12,7626,7627,2,15
3596,11,7630,7633,4,10
1798,10,7634,7647,14,18
899,9,7608,7628,21,13
57554,15,7631,7631,1,5
14388,13,7632,7632,1,9
7194,12,7633,7633,1,15
3597,11,7629,7629,1,10
57555,15,7630,7630,1,5
14389,13,7630,7631,2,9
7195,12,7630,7632,3,15
14392,13,7635,7636,2,9
7196,12,7637,7639,3,15
3598,11,7640,7647,8,10
1799,10,7629,7633,5,18
28786,14,7636,7636,1,5
14393,13,7634,7634,1,9
28787,14,7635,7635,1,5
230304,17,7638,7639,2,9
7197,12,7634,7636,3,15
460610,18,7639,7639,1,5
230305,17,7637,7637,1,9
460611,18,7638,7638,1,5
14396,13,7641,7644,4,9
7198,12,7645,7647,3,15
3599,11,7634,7639,6,10
115182,16,7642,7644,3,5
14397,13,7640,7640,1,9
460732,18,7643,7643,1,11
230366,17,7644,7644,1,17
115183,16,7641,7641,1,5
460733,18,7642,7642,1,11
230367,17,7642,7643,2,17
921500,19,7646,7646,1,5
28796,14,7647,7647,1,9
7199,12,7640,7644,5,15
921501,19,7645,7645,1,5
28797,14,7645,7646,2,9
460860,18,7649,7649,1,15
3600,11,7650,7654,5,10
1800,10,7655,7661,7,18
900,9,7662,7686,25,13
450,8,7687,7727,41,3
225,7,7570,7647,78,4
460861,18,7648,7648,1,15
57618,15,7651,7652,2,5
14404,13,7653,7653,1,9
7202,12,7654,7654,1,15
3601,11,7648,7649,2,10
115238,16,7652,7652,1,17
57619,15,7650,7650,1,5
115239,16,7651,7651,1,17
14405,13,7650,7652,3,9
7203,12,7650,7653,4,15
7204,12,7656,7659,4,15
3602,11,7660,7661,2,10
1801,10,7648,7654,7,18
57640,15,7657,7657,1,5
14410,13,7658,7659,2,9
7205,12,7655,7655,1,15
57641,15,7656,7656,1,5
115288,16,7659,7659,1,5
14411,13,7656,7657,2,9
115289,16,7658,7658,1,5
461192,18,7661,7661,1,15
3603,11,7655,7659,5,10
461193,18,7660,7660,1,15
14416,13,7663,7664,2,9
7208,12,7665,7666,2,15
3604,11,7667,7678,12,10
1802,10,7679,7686,8,18
901,9,7648,7661,14,13
57670,15,7664,7664,1,5
14417,13,7662,7662,1,9
57671,15,7663,7663,1,5
115350,16,7666,7666,1,9
7209,12,7662,7664,3,15
115351,16,7665,7665,1,9
57680,15,7668,7668,1,17
28840,14,7669,7669,1,5
14420,13,7670,7670,1,9
7210,12,7671,7678,8,15
3605,11,7662,7666,5,10
57681,15,7667,7667,1,17
28841,14,7667,7668,2,5
14421,13,7667,7669,3,9
57688,15,7672,7672,1,17
28844,14,7673,7674,2,5
14422,13,7675,7678,4,9
7211,12,7667,7670,4,15
57689,15,7671,7671,1,17
115382,16,7674,7674,1,17
28845,14,7671,7672,2,5
115383,16,7673,7673,1,17
57692,15,7676,7676,1,17
28846,14,7677,7678,2,5
14423,13,7671,7674,4,9
57693,15,7675,7675,1,17
57694,15,7678,7678,1,17
28847,14,7675,7676,2,5
57695,15,7677,7677,1,17
57698,15,7680,7680,1,5
14424,13,7681,7682,2,9
7212,12,7683,7684,2,15
3606,11,7685,7686,2,10
1803,10,7662,7678,17,18
57699,15,7679,7679,1,5
28850,14,7682,7682,1,5
14425,13,7679,7680,2,9
28851,14,7681,7681,1,5
14426,13,7684,7684,1,9
7213,12,7679,7682,4,15
14427,13,7683,7683,1,9
14428,13,7686,7686,1,15
3607,11,7679,7684,6,10
14429,13,7685,7685,1,15
28864,14,7688,7688,1,5
14432,13,7689,7690,2,9
7216,12,7691,7694,4,15
3608,11,7695,7700,6,10
1804,10,7701,7711,11,18
902,9,7712,7727,16,13
451,8,7648,7686,39,3
28865,14,7687,7687,1,5
28866,14,7690,7690,1,5
14433,13,7687,7688,2,9
28867,14,7689,7689,1,5
28870,14,7692,7694,3,9
7217,12,7687,7690,4,15
1847766,20,7693,7693,1,17
57742,15,7694,7694,1,5
28871,14,7691,7691,1,9
1847767,20,7692,7692,1,17
57743,15,7692,7693,2,5
57746,15,7696,7697,2,5
14436,13,7698,7698,1,9
7218,12,7699,7700,2,15
3609,11,7687,7694,8,10
7391704,22,7697,7697,1,17
57747,15,7695,7695,1,5
7391705,22,7696,7696,1,17
14437,13,7695,7697,3,9
14438,13,7700,7700,1,9
7219,12,7695,7698,4,15
14439,13,7699,7699,1,9
57760,15,7702,7702,1,17
28880,14,7703,7703,1,5
14440,13,7704,7705,2,9
7220,12,7706,7707,2,15
3610,11,7708,7711,4,10
1805,10,7687,7700,14,18
57761,15,7701,7701,1,17
28881,14,7701,7702,2,5
115534,16,7705,7705,1,5
14441,13,7701,7703,3,9
115535,16,7704,7704,1,5
14442,13,7707,7707,1,9
7221,12,7701,7705,5,15
14443,13,7706,7706,1,9
7222,12,7709,7711,3,15
3611,11,7701,7707,7,10
28892,14,7710,7710,1,5
14446,13,7711,7711,1,9
7223,12,7708,7708,1,15
28893,14,7709,7709,1,5
14447,13,7709,7710,2,9
7224,12,7713,7715,3,15
3612,11,7716,7720,5,10
1806,10,7721,7727,7,18
903,9,7687,7711,25,13
28900,14,7714,7714,1,5
14450,13,7715,7715,1,9
7225,12,7712,7712,1,15
28901,14,7713,7713,1,5
14451,13,7713,7714,2,9
14452,13,7717,7717,1,9
7226,12,7718,7720,3,15
3613,11,7712,7715,4,10
14453,13,7716,7716,1,9
115634,16,7719,7719,1,5
14454,13,7720,7720,1,9
7227,12,7716,7717,2,15
115635,16,7718,7718,1,5
14455,13,7718,7719,2,9
14456,13,7722,7723,2,9
7228,12,7724,7724,1,15
3614,11,7725,7727,3,10
1807,10,7712,7720,9,18
115662,16,7723,7723,1,5
14457,13,7721,7721,1,9
115663,16,7722,7722,1,5
7229,12,7721,7723,3,15
28924,14,7726,7726,1,9
14462,13,7727,7727,1,15
3615,11,7721,7724,4,10
28925,14,7725,7725,1,9
14463,13,7725,7726,2,15
28928,14,7729,7729,1,15
3616,11,7730,7736,7,10
1808,10,7737,7746,10,18
904,9,7747,7770,24,13
452,8,7771,7810,40,3
226,7,7811,7887,77,4
113,6,7570,7727,158,7
28929,14,7728,7728,1,15
14468,13,7731,7731,1,9
7234,12,7732,7736,5,15
3617,11,7728,7729,2,10
14469,13,7730,7730,1,9
57880,15,7733,7733,1,5
14470,13,7734,7736,3,9
7235,12,7730,7731,2,15
57881,15,7732,7732,1,5
28942,14,7735,7736,2,5
14471,13,7732,7733,2,9
57886,15,7736,7736,1,17
28943,14,7734,7734,1,5
57887,15,7735,7735,1,17
14472,13,7738,7738,1,9
7236,12,7739,7740,2,15
3618,11,7741,7746,6,10
1809,10,7728,7736,9,18
14473,13,7737,7737,1,9
14474,13,7740,7740,1,9
7237,12,7737,7738,2,15
14475,13,7739,7739,1,9
7238,12,7742,7746,5,15
3619,11,7737,7740,4,10
14478,13,7743,7746,4,9
7239,12,7741,7741,1,15
28958,14,7744,7746,3,5
14479,13,7742,7742,1,9
115838,16,7745,7746,2,17
28959,14,7743,7743,1,5
463358,18,7746,7746,1,11
115839,16,7744,7744,1,17
463359,18,7745,7745,1,11
28962,14,7748,7750,3,9
7240,12,7751,7753,3,15
3620,11,7754,7760,7,10
1810,10,7761,7770,10,18
905,9,7728,7746,19,13
57926,15,7749,7750,2,5
28963,14,7747,7747,1,9
115854,16,7750,7750,1,17
57927,15,7748,7748,1,5
115855,16,7749,7749,1,17
14482,13,7752,7753,2,9
7241,12,7747,7750,4,15
28966,14,7753,7753,1,5
14483,13,7751,7751,1,9
28967,14,7752,7752,1,5
28968,14,7755,7755,1,9
7242,12,7756,7760,5,15
3621,11,7747,7753,7,10
28969,14,7754,7754,1,9
57946,15,7757,7758,2,5
14486,13,7759,7760,2,9
7243,12,7754,7755,2,15
3708640,21,7758,7758,1,17
57947,15,7756,7756,1,5
3708641,21,7757,7757,1,17
57950,15,7760,7760,1,5
14487,13,7756,7758,3,9
57951,15,7759,7759,1,5
7244,12,7762,7764,3,15
3622,11,7765,7770,6,10
1811,10,7747,7760,14,18
14490,13,7763,7764,2,9
7245,12,7761,7761,1,15
28982,14,7764,7764,1,5
14491,13,7762,7762,1,9
28983,14,7763,7763,1,5
14492,13,7766,7766,1,9
7246,12,7767,7770,4,15
3623,11,7761,7764,4,10
14493,13,7765,7765,1,9
57978,15,7768,7768,1,5
14494,13,7769,7770,2,9
7247,12,7765,7766,2,15
57979,15,7767,7767,1,5
28990,14,7770,7770,1,5
14495,13,7767,7768,2,9
28991,14,7769,7769,1,5
14496,13,7772,7772,1,9
7248,12,7773,7773,1,15
3624,11,7774,7776,3,10
1812,10,7777,7788,12,18
906,9,7789,7810,22,13
453,8,7728,7770,43,3
14497,13,7771,7771,1,9
7249,12,7771,7772,2,15
58000,15,7775,7775,1,9
14500,13,7776,7776,1,15
3625,11,7771,7773,3,10
58001,15,7774,7774,1,9
14501,13,7774,7775,2,15
7252,12,7778,7782,5,15
3626,11,7783,7788,6,10
1813,10,7771,7776,6,18
29012,14,7779,7779,1,5
14506,13,7780,7782,3,9
7253,12,7777,7777,1,15
29013,14,7778,7778,1,5
116056,16,7781,7781,1,17
29014,14,7782,7782,1,5
14507,13,7778,7779,2,9
116057,16,7780,7780,1,17
29015,14,7780,7781,2,5
58034,15,7784,7785,2,5
14508,13,7786,7786,1,9
7254,12,7787,7788,2,15
3627,11,7777,7782,6,10
116070,16,7785,7785,1,17
58035,15,7783,7783,1,5
116071,16,7784,7784,1,17
14509,13,7783,7785,3,9
14510,13,7788,7788,1,9
7255,12,7783,7786,4,15
14511,13,7787,7787,1,9
464404,18,7790,7790,1,5
14512,13,7791,7793,3,9
7256,12,7794,7794,1,15
3628,11,7795,7799,5,10
1814,10,7800,7810,11,18
907,9,7771,7788,18,13
464405,18,7789,7789,1,5
29026,14,7792,7793,2,5
14513,13,7789,7790,2,9
232218,17,7793,7793,1,17
29027,14,7791,7791,1,5
232219,17,7792,7792,1,17
7257,12,7789,7793,5,15
58068,15,7796,7796,1,5
29034,14,7797,7797,1,9
7258,12,7798,7799,2,15
3629,11,7789,7794,6,10
58069,15,7795,7795,1,5
29035,14,7795,7796,2,9
232310,17,7799,7799,1,9
7259,12,7795,7797,3,15
232311,17,7798,7798,1,9
29042,14,7801,7801,1,9
7260,12,7802,7804,3,15
3630,11,7805,7810,6,10
1815,10,7789,7799,11,18
29043,14,7800,7800,1,9
3717722,21,7803,7803,1,5
14522,13,7804,7804,1,9
7261,12,7800,7801,2,15
3717723,21,7802,7802,1,5
14523,13,7802,7803,2,9
58098,15,7806,7806,1,5
14524,13,7807,7807,1,9
7262,12,7808,7810,3,15
3631,11,7800,7804,5,10
58099,15,7805,7805,1,5
14525,13,7805,7806,2,9
58104,15,7809,7809,1,5
14526,13,7810,7810,1,9
7263,12,7805,7807,3,15
58105,15,7808,7808,1,5
14527,13,7808,7809,2,9
464912,18,7812,7812,1,5
14528,13,7813,7813,1,9
7264,12,7814,7816,3,15
3632,11,7817,7817,1,10
1816,10,7818,7829,12,18
908,9,7830,7851,22,13
454,8,7852,7887,36,3
227,7,7728,7810,83,4
464913,18,7811,7811,1,5
14529,13,7811,7812,2,9
29060,14,7815,7815,1,5
14530,13,7816,7816,1,9
7265,12,7811,7813,3,15
29061,14,7814,7814,1,5
14531,13,7814,7815,2,9
3633,11,7811,7816,6,10
58144,15,7819,7820,2,5
29072,14,7821,7821,1,9
7268,12,7822,7824,3,15
3634,11,7825,7829,5,10
1817,10,7811,7817,7,18
465164,18,7820,7820,1,17
58145,15,7818,7818,1,5
465165,18,7819,7819,1,17
29073,14,7818,7820,3,9
14538,13,7823,7824,2,9
7269,12,7818,7821,4,15
29078,14,7824,7824,1,5
14539,13,7822,7822,1,9
29079,14,7823,7823,1,5
29080,14,7826,7826,1,5
14540,13,7827,7828,2,9
7270,12,7829,7829,1,15
3635,11,7818,7824,7,10
29081,14,7825,7825,1,5
116330,16,7828,7828,1,5
14541,13,7825,7826,2,9
116331,16,7827,7827,1,5
7271,12,7825,7828,4,15
14544,13,7831,7831,1,9
7272,12,7832,7834,3,15
3636,11,7835,7840,6,10
1818,10,7841,7851,11,18
909,9,7811,7829,19,13
14545,13,7830,7830,1,9
29092,14,7833,7833,1,5
14546,13,7834,7834,1,9
7273,12,7830,7831,2,15
29093,14,7832,7832,1,5
14547,13,7832,7833,2,9
58192,15,7836,7836,1,9
7274,12,7837,7840,4,15
3637,11,7830,7834,5,10
58193,15,7835,7835,1,9
465606,18,7838,7838,1,17
58200,15,7839,7839,1,5
29100,14,7840,7840,1,9
7275,12,7835,7836,2,15
465607,18,7837,7837,1,17
58201,15,7837,7838,2,5
29101,14,7837,7839,3,9
29104,14,7842,7842,1,9
7276,12,7843,7844,2,15
3638,11,7845,7851,7,10
1819,10,7830,7840,11,18
29105,14,7841,7841,1,9
58220,15,7844,7844,1,9
7277,12,7841,7842,2,15
58221,15,7843,7843,1,9
14556,13,7846,7846,1,9
7278,12,7847,7851,5,15
3639,11,7841,7844,4,10
14557,13,7845,7845,1,9
29116,14,7848,7849,2,5
14558,13,7850,7851,2,9
7279,12,7845,7846,2,15
232942,17,7849,7849,1,17
29117,14,7847,7847,1,5
232943,17,7848,7848,1,17
58236,15,7851,7851,1,5
14559,13,7847,7849,3,9
58237,15,7850,7850,1,5
14560,13,7853,7853,1,9
7280,12,7854,7855,2,15
3640,11,7856,7860,5,10
1820,10,7861,7871,11,18
910,9,7872,7887,16,13
455,8,7811,7851,41,3
14561,13,7852,7852,1,9
14562,13,7855,7855,1,9
7281,12,7852,7853,2,15
14563,13,7854,7854,1,9
3728430,21,7857,7857,1,5
14564,13,7858,7858,1,9
7282,12,7859,7860,2,15
3641,11,7852,7855,4,10
3728431,21,7856,7856,1,5
14565,13,7856,7857,2,9
29134,14,7860,7860,1,9
7283,12,7856,7858,3,15
29135,14,7859,7859,1,9
29136,14,7862,7862,1,5
14568,13,7863,7863,1,9
7284,12,7864,7868,5,15
3642,11,7869,7871,3,10
1821,10,7852,7860,9,18
29137,14,7861,7861,1,5
14569,13,7861,7862,2,9
29140,14,7865,7867,3,5
14570,13,7868,7868,1,9
7285,12,7861,7863,3,15
466256,18,7866,7866,1,11
58282,15,7867,7867,1,17
29141,14,7864,7864,1,5
466257,18,7865,7865,1,11
58283,15,7865,7866,2,17
14571,13,7864,7867,4,9
7286,12,7870,7871,2,15
3643,11,7861,7868,8,10
14574,13,7871,7871,1,9
7287,12,7869,7869,1,15
14575,13,7870,7870,1,9
116610,16,7873,7873,1,9
7288,12,7874,7874,1,15
3644,11,7875,7879,5,10
1822,10,7880,7887,8,18
911,9,7852,7871,20,13
116611,16,7872,7872,1,9
7289,12,7872,7873,2,15
7290,12,7876,7879,4,15
3645,11,7872,7874,3,10
233328,17,7877,7877,1,5
58332,15,7878,7879,2,9
7291,12,7875,7875,1,15
233329,17,7876,7876,1,5
233334,17,7879,7879,1,5
58333,15,7876,7877,2,9
233335,17,7878,7878,1,5
116684,16,7881,7881,1,9
7292,12,7882,7882,1,15
3646,11,7883,7887,5,10
1823,10,7872,7879,8,18
116685,16,7880,7880,1,9
7293,12,7880,7881,2,15
116706,16,7884,7884,1,5
29176,14,7885,7885,1,9
7294,12,7886,7887,2,15
3647,11,7880,7882,3,10
116707,16,7883,7883,1,5
29177,14,7883,7884,2,9
14590,13,7887,7887,1,9
7295,12,7883,7885,3,15
14591,13,7886,7886,1,9
3648,11,7889,7889,1,10
1824,10,7890,7902,13,7
912,9,7903,7925,23,8
456,8,7926,7957,32,13
228,7,7958,8027,70,3
114,6,8028,8179,152,17
57,5,7570,7887,318,12
3649,11,7888,7888,1,10
14602,13,7891,7893,3,9
3650,11,7894,7902,9,10
1825,10,7888,7889,2,7
29206,14,7892,7893,2,16
14603,13,7890,7890,1,9
58414,15,7893,7893,1,5
29207,14,7891,7891,1,16
58415,15,7892,7892,1,5
29208,14,7895,7895,1,5
14604,13,7896,7896,1,16
7302,12,7897,7902,6,9
3651,11,7890,7893,4,10
29209,14,7894,7894,1,5
14605,13,7894,7895,2,16
14606,13,7898,7902,5,16
7303,12,7894,7896,3,9
58428,15,7899,7899,1,15
29214,14,7900,7902,3,5
14607,13,7897,7897,1,16
58429,15,7898,7898,1,15
58430,15,7901,7902,2,15
29215,14,7898,7899,2,5
233726,17,7902,7902,1,4
58431,15,7900,7900,1,15
233727,17,7901,7901,1,4
14608,13,7904,7904,1,16
7304,12,7905,7906,2,9
3652,11,7907,7909,3,10
1826,10,7910,7925,16,7
913,9,7888,7902,15,8
14609,13,7903,7903,1,16
29222,14,7906,7906,1,16
7305,12,7903,7904,2,9
29223,14,7905,7905,1,16
14614,13,7908,7909,2,9
3653,11,7903,7906,4,10
58460,15,7909,7909,1,16
14615,13,7907,7907,1,9
58461,15,7908,7908,1,16
29232,14,7911,7911,1,16
7308,12,7912,7917,6,9
3654,11,7918,7925,8,10
1827,10,7903,7909,7,7
29233,14,7910,7910,1,16
29236,14,7913,7914,2,5
14618,13,7915,7917,3,16
7309,12,7910,7911,2,9
116950,16,7914,7914,1,15
29237,14,7912,7912,1,5
116951,16,7913,7913,1,15
29238,14,7916,7917,2,5
14619,13,7912,7914,3,16
58478,15,7917,7917,1,15
29239,14,7915,7915,1,5
58479,15,7916,7916,1,15
7310,12,7919,7925,7,9
3655,11,7910,7917,8,10
14622,13,7920,7925,6,16
7311,12,7918,7918,1,9
233968,17,7921,7922,2,4
58492,15,7923,7923,1,15
29246,14,7924,7925,2,5
14623,13,7919,7919,1,16
467938,18,7922,7922,1,11
233969,17,7920,7920,1,4
467939,18,7921,7921,1,11
58493,15,7920,7922,3,15
58494,15,7925,7925,1,15
29247,14,7920,7923,4,5
58495,15,7924,7924,1,15
116994,16,7927,7927,1,5
14624,13,7928,7928,1,16
7312,12,7929,7932,4,9
3656,11,7933,7938,6,10
1828,10,7939,7947,9,7
914,9,7948,7957,10,8
457,8,7888,7925,38,13
116995,16,7926,7926,1,5
14625,13,7926,7927,2,16
58506,15,7930,7931,2,5
14626,13,7932,7932,1,16
7313,12,7926,7928,3,9
59911210,25,7931,7931,1,15
58507,15,7929,7929,1,5
59911211,25,7930,7930,1,15
14627,13,7929,7931,3,16
29256,14,7934,7934,1,5
14628,13,7935,7935,1,16
7314,12,7936,7938,3,9
3657,11,7926,7932,7,10
29257,14,7933,7933,1,5
14629,13,7933,7934,2,16
14630,13,7937,7938,2,16
7315,12,7933,7935,3,9
29262,14,7938,7938,1,5
14631,13,7936,7936,1,16
29263,14,7937,7937,1,5
29264,14,7940,7940,1,16
7316,12,7941,7941,1,9
3658,11,7942,7947,6,10
1829,10,7926,7938,13,7
29265,14,7939,7939,1,16
7317,12,7939,7940,2,9
29274,14,7943,7943,1,16
7318,12,7944,7947,4,9
3659,11,7939,7941,3,10
29275,14,7942,7942,1,16
14638,13,7945,7947,3,16
7319,12,7942,7943,2,9
234236,17,7946,7947,2,5
14639,13,7944,7944,1,16
14991186,23,7947,7947,1,15
234237,17,7945,7945,1,5
14991187,23,7946,7946,1,15
7322,12,7949,7951,3,10
1830,10,7952,7957,6,7
915,9,7926,7947,22,8
58584,15,7950,7951,2,9
7323,12,7948,7948,1,10
117170,16,7951,7951,1,16
58585,15,7949,7949,1,9
117171,16,7950,7950,1,16
7324,12,7953,7955,3,9
3662,11,7956,7957,2,10
1831,10,7948,7951,4,7
58600,15,7954,7955,2,16
7325,12,7952,7952,1,9
468808,18,7955,7955,1,5
58601,15,7953,7953,1,16
468809,18,7954,7954,1,5
14654,13,7957,7957,1,9
3663,11,7952,7955,4,10
14655,13,7956,7956,1,9
29314,14,7959,7960,2,16
7328,12,7961,7964,4,9
3664,11,7965,7969,5,10
1832,10,7970,7978,9,7
916,9,7979,7993,15,8
458,8,7994,8027,34,13
229,7,7888,7957,70,3
7504868,22,7960,7960,1,5
29315,14,7958,7958,1,16
7504869,22,7959,7959,1,5
29316,14,7962,7963,2,5
14658,13,7964,7964,1,16
7329,12,7958,7960,3,9
117270,16,7963,7963,1,15
29317,14,7961,7961,1,5
117271,16,7962,7962,1,15
14659,13,7961,7963,3,16
7330,12,7966,7969,4,9
3665,11,7958,7964,7,10
29324,14,7967,7968,2,5
14662,13,7969,7969,1,16
7331,12,7965,7965,1,9
58650,15,7968,7968,1,15
29325,14,7966,7966,1,5
58651,15,7967,7967,1,15
14663,13,7966,7968,3,16
29328,14,7971,7971,1,5
14664,13,7972,7972,1,16
7332,12,7973,7973,1,9
3666,11,7974,7978,5,10
1833,10,7958,7969,12,7
29329,14,7970,7970,1,5
14665,13,7970,7971,2,16
7333,12,7970,7972,3,9
469408,18,7975,7975,1,5
58676,15,7976,7976,1,16
7334,12,7977,7978,2,9
3667,11,7970,7973,4,10
469409,18,7974,7974,1,5
58677,15,7974,7975,2,16
14670,13,7978,7978,1,16
7335,12,7974,7976,3,9
14671,13,7977,7977,1,16
58692,15,7980,7980,1,16
7336,12,7981,7981,1,9
3668,11,7982,7983,2,10
1834,10,7984,7993,10,7
917,9,7958,7978,21,8
58693,15,7979,7979,1,16
7337,12,7979,7980,2,9
7338,12,7983,7983,1,9
3669,11,7979,7981,3,10
7339,12,7982,7982,1,9
14680,13,7985,7986,2,16
7340,12,7987,7988,2,9
3670,11,7989,7993,5,10
1835,10,7979,7983,5,7
469808,18,7986,7986,1,5
14681,13,7984,7984,1,16
469809,18,7985,7985,1,5
29366,14,7988,7988,1,16
7341,12,7984,7986,3,9
29367,14,7987,7987,1,16
14684,13,7990,7990,1,16
7342,12,7991,7993,3,9
3671,11,7984,7988,5,10
14685,13,7989,7989,1,16
29372,14,7992,7992,1,5
14686,13,7993,7993,1,16
7343,12,7989,7990,2,9
29373,14,7991,7991,1,5
14687,13,7991,7992,2,16
14688,13,7995,7996,2,16
7344,12,7997,7998,2,9
3672,11,7999,8005,7,10
1836,10,8006,8011,6,7
918,9,8012,8027,16,8
459,8,7958,7993,36,13
940106,19,7996,7996,1,5
14689,13,7994,7994,1,16
940107,19,7995,7995,1,5
14690,13,7998,7998,1,16
7345,12,7994,7996,3,9
14691,13,7997,7997,1,16
29384,14,8000,8001,2,5
14692,13,8002,8003,2,16
7346,12,8004,8005,2,9
3673,11,7994,7998,5,10
58770,15,8001,8001,1,15
29385,14,7999,7999,1,5
58771,15,8000,8000,1,15
29386,14,8003,8003,1,5
14693,13,7999,8001,3,16
29387,14,8002,8002,1,5
29390,14,8005,8005,1,16
7347,12,7999,8003,5,9
29391,14,8004,8004,1,16
3674,11,8007,8011,5,10
1837,10,7994,8005,12,7
117602,16,8008,8008,1,5
14700,13,8009,8009,1,16
7350,12,8010,8011,2,9
3675,11,8006,8006,1,10
117603,16,8007,8007,1,5
14701,13,8007,8008,2,16
14702,13,8011,8011,1,16
7351,12,8007,8009,3,9
14703,13,8010,8010,1,16
3676,11,8013,8015,3,10
1838,10,8016,8027,12,7
919,9,7994,8011,18,8
14708,13,8014,8014,1,16
7354,12,8015,8015,1,9
3677,11,8012,8012,1,10
14709,13,8013,8013,1,16
7355,12,8013,8014,2,9
14712,13,8017,8019,3,16
7356,12,8020,8020,1,9
3678,11,8021,8027,7,10
1839,10,8012,8015,4,7
117704,16,8018,8018,1,15
58852,15,8019,8019,1,5
14713,13,8016,8016,1,16
117705,16,8017,8017,1,15
58853,15,8017,8018,2,5
7357,12,8016,8019,4,9
58864,15,8022,8022,1,5
14716,13,8023,8023,1,16
7358,12,8024,8027,4,9
3679,11,8016,8020,5,10
58865,15,8021,8021,1,5
14717,13,8021,8022,2,16
29436,14,8025,8026,2,5
14718,13,8027,8027,1,16
7359,12,8021,8023,3,9
58874,15,8026,8026,1,15
29437,14,8024,8024,1,5
58875,15,8025,8025,1,15
14719,13,8024,8026,3,16
14720,13,8029,8030,2,16
7360,12,8031,8032,2,5
3680,11,8033,8037,5,10
1840,10,8038,8048,11,7
920,9,8049,8063,15,8
460,8,8064,8100,37,3
230,7,8101,8179,79,11
115,6,7888,8027,140,17
117774,16,8030,8030,1,9
14721,13,8028,8028,1,16
117775,16,8029,8029,1,9
14722,13,8032,8032,1,16
7361,12,8028,8030,3,5
14723,13,8031,8031,1,16
58896,15,8034,8034,1,9
14724,13,8035,8035,1,16
7362,12,8036,8037,2,5
3681,11,8028,8032,5,10
58897,15,8033,8033,1,9
14725,13,8033,8034,2,16
29452,14,8037,8037,1,16
7363,12,8033,8035,3,5
29453,14,8036,8036,1,16
29458,14,8039,8040,2,16
7364,12,8041,8041,1,5
3682,11,8042,8048,7,10
1841,10,8028,8037,10,7
58918,15,8040,8040,1,9
29459,14,8038,8038,1,16
58919,15,8039,8039,1,9
7365,12,8038,8040,3,5
14732,13,8043,8044,2,16
7366,12,8045,8048,4,5
3683,11,8038,8041,4,10
58934,15,8044,8044,1,9
14733,13,8042,8042,1,16
58935,15,8043,8043,1,9
29468,14,8046,8046,1,9
14734,13,8047,8048,2,16
7367,12,8042,8044,3,5
29469,14,8045,8045,1,9
29470,14,8048,8048,1,9
14735,13,8045,8046,2,16
29471,14,8047,8047,1,9
29472,14,8050,8050,1,16
7368,12,8051,8052,2,5
3684,11,8053,8055,3,10
1842,10,8056,8063,8,7
921,9,8028,8048,21,8
29473,14,8049,8049,1,16
14738,13,8052,8052,1,16
7369,12,8049,8050,2,5
14739,13,8051,8051,1,16
29484,14,8054,8054,1,16
14742,13,8055,8055,1,5
3685,11,8049,8052,4,10
29485,14,8053,8053,1,16
14743,13,8053,8054,2,5
58976,15,8057,8057,1,16
7372,12,8058,8060,3,5
3686,11,8061,8063,3,10
1843,10,8049,8055,7,7
58977,15,8056,8056,1,16
235942,17,8059,8059,1,9
14746,13,8060,8060,1,16
7373,12,8056,8057,2,5
235943,17,8058,8058,1,9
14747,13,8058,8059,2,16
7374,12,8062,8063,2,5
3687,11,8056,8060,5,10
14750,13,8063,8063,1,16
7375,12,8061,8061,1,5
14751,13,8062,8062,1,16
472064,18,8065,8065,1,13
118016,16,8066,8066,1,4
59008,15,8067,8067,1,15
29504,14,8068,8069,2,9
14752,13,8070,8070,1,16
7376,12,8071,8072,2,5
3688,11,8073,8073,1,10
1844,10,8074,8084,11,7
922,9,8085,8100,16,8
461,8,8028,8063,36,3
472065,18,8064,8064,1,13
118017,16,8064,8065,2,4
59009,15,8064,8066,3,15
472094,18,8069,8069,1,15
29505,14,8064,8067,4,9
472095,18,8068,8068,1,15
14753,13,8064,8069,6,16
14754,13,8072,8072,1,16
7377,12,8064,8070,7,5
14755,13,8071,8071,1,16
3689,11,8064,8072,9,10
7380,12,8075,8078,4,5
3690,11,8079,8084,6,10
1845,10,8064,8073,10,7
59048,15,8076,8076,1,9
14762,13,8077,8078,2,16
7381,12,8074,8074,1,5
59049,15,8075,8075,1,9
59052,15,8078,8078,1,9
14763,13,8075,8076,2,16
59053,15,8077,8077,1,9
14764,13,8080,8082,3,16
7382,12,8083,8084,2,5
3691,11,8074,8078,5,10
59060,15,8081,8081,1,15
29530,14,8082,8082,1,9
14765,13,8079,8079,1,16
59061,15,8080,8080,1,15
29531,14,8080,8081,2,9
29534,14,8084,8084,1,16
7383,12,8079,8082,4,5
29535,14,8083,8083,1,16
7384,12,8086,8087,2,5
3692,11,8088,8092,5,10
1846,10,8093,8100,8,7
923,9,8064,8084,21,8
29540,14,8087,8087,1,16
7385,12,8085,8085,1,5
29541,14,8086,8086,1,16
59092,15,8089,8089,1,9
29546,14,8090,8090,1,16
7386,12,8091,8092,2,5
3693,11,8085,8087,3,10
59093,15,8088,8088,1,9
29547,14,8088,8089,2,16
236386,17,8092,8092,1,16
7387,12,8088,8090,3,5
236387,17,8091,8091,1,16
29552,14,8094,8095,2,16
7388,12,8096,8096,1,5
3694,11,8097,8100,4,10
1847,10,8085,8092,8,7
118214,16,8095,8095,1,9
29553,14,8093,8093,1,16
118215,16,8094,8094,1,9
7389,12,8093,8095,3,5
14780,13,8098,8098,1,16
7390,12,8099,8100,2,5
3695,11,8093,8096,4,10
14781,13,8097,8097,1,16
14782,13,8100,8100,1,16
7391,12,8097,8098,2,5
14783,13,8099,8099,1,16
118284,16,8102,8103,2,9
59142,15,8104,8105,2,16
7392,12,8106,8107,2,5
3696,11,8108,8113,6,10
1848,10,8114,8130,17,7
924,9,8131,8146,16,8
462,8,8147,8179,33,3
231,7,8028,8100,73,11
946282,19,8103,8103,1,15
118285,16,8101,8101,1,9
946283,19,8102,8102,1,15
236572,17,8105,8105,1,9
59143,15,8101,8103,3,16
236573,17,8104,8104,1,9
118296,16,8107,8107,1,16
7393,12,8101,8105,5,5
118297,16,8106,8106,1,16
59154,15,8109,8109,1,9
14788,13,8110,8111,2,16
7394,12,8112,8113,2,5
3697,11,8101,8107,7,10
59155,15,8108,8108,1,9
29578,14,8111,8111,1,9
14789,13,8108,8109,2,16
29579,14,8110,8110,1,9
236658,17,8113,8113,1,16
7395,12,8108,8111,4,5
236659,17,8112,8112,1,16
29584,14,8115,8116,2,9
14792,13,8117,8119,3,16
7396,12,8120,8121,2,5
3698,11,8122,8130,9,10
1849,10,8101,8113,13,7
236686,17,8116,8116,1,15
29585,14,8114,8114,1,9
236687,17,8115,8115,1,15
29586,14,8118,8119,2,9
14793,13,8114,8116,3,16
118350,16,8119,8119,1,15
29587,14,8117,8117,1,9
118351,16,8118,8118,1,15
14794,13,8121,8121,1,16
7397,12,8114,8119,6,5
14795,13,8120,8120,1,16
473478,18,8123,8123,1,9
14796,13,8124,8124,1,16
7398,12,8125,8130,6,5
3699,11,8114,8121,8,10
473479,18,8122,8122,1,9
14797,13,8122,8123,2,16
14798,13,8126,8130,5,16
7399,12,8122,8124,3,5
59196,15,8127,8129,3,15
29598,14,8130,8130,1,9
14799,13,8125,8125,1,16
118394,16,8128,8129,2,4
59197,15,8126,8126,1,15
473582,18,8129,8129,1,13
118395,16,8127,8127,1,4
473583,18,8128,8128,1,13
29599,14,8126,8129,4,9
29602,14,8132,8132,1,16
7400,12,8133,8135,3,5
3700,11,8136,8140,5,10
1850,10,8141,8146,6,7
925,9,8101,8130,30,8
29603,14,8131,8131,1,16
59210,15,8134,8134,1,9
14802,13,8135,8135,1,16
7401,12,8131,8132,2,5
59211,15,8133,8133,1,9
14803,13,8133,8134,2,16
14804,13,8137,8138,2,16
7402,12,8139,8140,2,5
3701,11,8131,8135,5,10
29610,14,8138,8138,1,9
14805,13,8136,8136,1,16
29611,14,8137,8137,1,9
118456,16,8140,8140,1,16
7403,12,8136,8138,3,5
118457,16,8139,8139,1,16
3702,11,8142,8146,5,10
1851,10,8131,8140,10,7
7406,12,8143,8146,4,5
3703,11,8141,8141,1,10
29628,14,8144,8144,1,9
14814,13,8145,8146,2,16
7407,12,8142,8142,1,5
29629,14,8143,8143,1,9
59262,15,8146,8146,1,9
14815,13,8143,8144,2,16
59263,15,8145,8145,1,9
3704,11,8148,8151,4,10
1852,10,8152,8162,11,7
926,9,8163,8179,17,8
463,8,8101,8146,46,3
14820,13,8149,8150,2,16
7410,12,8151,8151,1,5
3705,11,8147,8147,1,10
29642,14,8150,8150,1,9
14821,13,8148,8148,1,16
29643,14,8149,8149,1,9
7411,12,8148,8150,3,5
29648,14,8153,8155,3,16
7412,12,8156,8157,2,5
3706,11,8158,8162,5,10
1853,10,8147,8151,5,7
118596,16,8154,8154,1,15
59298,15,8155,8155,1,9
29649,14,8152,8152,1,16
118597,16,8153,8153,1,15
59299,15,8153,8154,2,9
14826,13,8157,8157,1,16
7413,12,8152,8155,4,5
14827,13,8156,8156,1,16
7414,12,8159,8162,4,5
3707,11,8152,8157,6,10
59322,15,8160,8160,1,9
14830,13,8161,8162,2,16
7415,12,8158,8158,1,5
59323,15,8159,8159,1,9
118654,16,8162,8162,1,9
14831,13,8159,8160,2,16
118655,16,8161,8161,1,9
29670,14,8164,8165,2,5
3708,11,8166,8170,5,10
1854,10,8171,8179,9,7
927,9,8147,8162,16,8
474748,18,8165,8165,1,16
29671,14,8163,8163,1,5
474749,18,8164,8164,1,16
29672,14,8167,8167,1,9
14836,13,8168,8168,1,16
7418,12,8169,8170,2,5
3709,11,8163,8165,3,10
29673,14,8166,8166,1,9
14837,13,8166,8167,2,16
29676,14,8170,8170,1,16
7419,12,8166,8168,3,5
29677,14,8169,8169,1,16
7420,12,8172,8173,2,5
3710,11,8174,8179,6,10
1855,10,8163,8170,8,7
14842,13,8173,8173,1,16
7421,12,8171,8171,1,5
14843,13,8172,8172,1,16
14844,13,8175,8176,2,16
7422,12,8177,8179,3,5
3711,11,8171,8173,3,10
29690,14,8176,8176,1,9
14845,13,8174,8174,1,16
29691,14,8175,8175,1,9
118780,16,8178,8178,1,9
59390,15,8179,8179,1,16
7423,12,8174,8176,3,5
118781,16,8177,8177,1,9
59391,15,8177,8178,2,16
14848,13,8181,8182,2,10
7424,12,8183,8184,2,5
3712,11,8185,8189,5,15
1856,10,8190,8201,12,11
928,9,8202,8226,25,4
464,8,8227,8273,47,8
232,7,8274,8341,68,12
116,6,8342,8494,153,17
58,5,8495,8797,303,14
29,4,7570,8179,610,14
29698,14,8182,8182,1,9
14849,13,8180,8180,1,10
29699,14,8181,8181,1,9
29700,14,8184,8184,1,10
7425,12,8180,8182,3,5
29701,14,8183,8183,1,10
14852,13,8186,8186,1,10
7426,12,8187,8189,3,5
3713,11,8180,8184,5,15
14853,13,8185,8185,1,10
118842,16,8188,8188,1,9
29710,14,8189,8189,1,10
7427,12,8185,8186,2,5
118843,16,8187,8187,1,9
29711,14,8187,8188,2,10
29712,14,8191,8191,1,10
7428,12,8192,8196,5,5
3714,11,8197,8201,5,15
1857,10,8180,8189,10,11
29713,14,8190,8190,1,10
118872,16,8193,8193,1,9
29718,14,8194,8196,3,10
7429,12,8190,8191,2,5
118873,16,8192,8192,1,9
118876,16,8195,8196,2,9
29719,14,8192,8193,2,10
237754,17,8196,8196,1,16
118877,16,8194,8194,1,9
237755,17,8195,8195,1,16
118884,16,8198,8198,1,9
14860,13,8199,8199,1,10
7430,12,8200,8201,2,5
3715,11,8190,8196,7,15
118885,16,8197,8197,1,9
14861,13,8197,8198,2,10
14862,13,8201,8201,1,10
7431,12,8197,8199,3,5
14863,13,8200,8200,1,10
237826,17,8203,8203,1,16
29728,14,8204,8204,1,9
14864,13,8205,8207,3,10
7432,12,8208,8212,5,5
3716,11,8213,8221,9,15
1858,10,8222,8226,5,11
929,9,8180,8201,22,4
237827,17,8202,8202,1,16
29729,14,8202,8203,2,9
59460,15,8206,8206,1,16
29730,14,8207,8207,1,9
14865,13,8202,8204,3,10
59461,15,8205,8205,1,16
29731,14,8205,8206,2,9
118930,16,8209,8209,1,9
14866,13,8210,8212,3,10
7433,12,8202,8207,6,5
118931,16,8208,8208,1,9
29734,14,8211,8212,2,9
14867,13,8208,8209,2,10
237884,17,8212,8212,1,16
29735,14,8210,8210,1,9
237885,17,8211,8211,1,16
59474,15,8214,8214,1,9
14868,13,8215,8217,3,10
7434,12,8218,8221,4,5
3717,11,8202,8212,11,15
59475,15,8213,8213,1,9
59478,15,8216,8217,2,9
14869,13,8213,8214,2,10
475832,18,8217,8217,1,16
59479,15,8215,8215,1,9
475833,18,8216,8216,1,16
29740,14,8219,8220,2,9
14870,13,8221,8221,1,10
7435,12,8213,8217,5,5
118964,16,8220,8220,1,16
29741,14,8218,8218,1,9
118965,16,8219,8219,1,16
14871,13,8218,8220,3,10
7436,12,8223,8223,1,5
3718,11,8224,8226,3,15
1859,10,8202,8221,20,11
7437,12,8222,8222,1,5
7438,12,8225,8226,2,5
3719,11,8222,8223,2,15
14878,13,8226,8226,1,10
7439,12,8224,8224,1,5
14879,13,8225,8225,1,10
7440,12,8228,8228,1,5
3720,11,8229,8237,9,15
1860,10,8238,8253,16,11
930,9,8254,8273,20,4
465,8,8180,8226,47,8
7441,12,8227,8227,1,5
119074,16,8230,8231,2,16
29768,14,8232,8233,2,9
14884,13,8234,8234,1,10
7442,12,8235,8237,3,5
3721,11,8227,8228,2,15
238150,17,8231,8231,1,3
119075,16,8229,8229,1,16
238151,17,8230,8230,1,3
59538,15,8233,8233,1,16
29769,14,8229,8231,3,9
59539,15,8232,8232,1,16
14885,13,8229,8233,5,10
14886,13,8236,8237,2,10
7443,12,8229,8234,6,5
119096,16,8237,8237,1,9
14887,13,8235,8235,1,10
119097,16,8236,8236,1,9
29776,14,8239,8239,1,9
14888,13,8240,8240,1,10
7444,12,8241,8243,3,5
3722,11,8244,8253,10,15
1861,10,8227,8237,11,11
29777,14,8238,8238,1,9
14889,13,8238,8239,2,10
29780,14,8242,8242,1,9
14890,13,8243,8243,1,10
7445,12,8238,8240,3,5
29781,14,8241,8241,1,9
14891,13,8241,8242,2,10
29784,14,8245,8245,1,9
14892,13,8246,8247,2,10
7446,12,8248,8253,6,5
3723,11,8238,8243,6,15
29785,14,8244,8244,1,9
119150,16,8247,8247,1,9
14893,13,8244,8245,2,10
119151,16,8246,8246,1,9
59576,15,8249,8251,3,9
14894,13,8252,8253,2,10
7447,12,8244,8247,4,5
119154,16,8250,8251,2,16
59577,15,8248,8248,1,9
238310,17,8251,8251,1,3
119155,16,8249,8249,1,16
238311,17,8250,8250,1,3
29790,14,8253,8253,1,9
14895,13,8248,8251,4,10
29791,14,8252,8252,1,9
14896,13,8255,8257,3,10
7448,12,8258,8258,1,5
3724,11,8259,8263,5,15
1862,10,8264,8273,10,11
931,9,8227,8253,27,4
119180,16,8256,8256,1,16
59590,15,8257,8257,1,9
14897,13,8254,8254,1,10
119181,16,8255,8255,1,16
59591,15,8255,8256,2,9
7449,12,8254,8257,4,5
14900,13,8260,8261,2,10
7450,12,8262,8263,2,5
3725,11,8254,8258,5,15
29802,14,8261,8261,1,9
14901,13,8259,8259,1,10
29803,14,8260,8260,1,9
14902,13,8263,8263,1,10
7451,12,8259,8261,3,5
14903,13,8262,8262,1,10
59618,15,8265,8265,1,9
14904,13,8266,8266,1,10
7452,12,8267,8268,2,5
3726,11,8269,8273,5,15
1863,10,8254,8263,10,11
59619,15,8264,8264,1,9
14905,13,8264,8265,2,10
59624,15,8268,8268,1,10
7453,12,8264,8266,3,5
59625,15,8267,8267,1,10
59632,15,8270,8270,1,9
14908,13,8271,8272,2,10
7454,12,8273,8273,1,5
3727,11,8264,8268,5,15
59633,15,8269,8269,1,9
29818,14,8272,8272,1,9
14909,13,8269,8270,2,10
29819,14,8271,8271,1,9
7455,12,8269,8272,4,5
14912,13,8275,8276,2,10
7456,12,8277,8278,2,5
3728,11,8279,8281,3,15
1864,10,8282,8297,16,11
932,9,8298,8310,13,4
466,8,8311,8341,31,8
233,7,8180,8273,94,12
59652,15,8276,8276,1,9
14913,13,8274,8274,1,10
59653,15,8275,8275,1,9
119316,16,8278,8278,1,10
7457,12,8274,8276,3,5
119317,16,8277,8277,1,10
7458,12,8280,8281,2,5
3729,11,8274,8278,5,15
14918,13,8281,8281,1,10
7459,12,8279,8279,1,5
14919,13,8280,8280,1,10
119364,16,8283,8283,1,16
59682,15,8284,8284,1,9
14920,13,8285,8287,3,10
7460,12,8288,8290,3,5
3730,11,8291,8297,7,15
1865,10,8274,8281,8,11
119365,16,8282,8282,1,16
59683,15,8282,8283,2,9
29842,14,8286,8287,2,9
14921,13,8282,8284,3,10
59686,15,8287,8287,1,16
29843,14,8285,8285,1,9
59687,15,8286,8286,1,16
238758,17,8289,8289,1,9
14922,13,8290,8290,1,10
7461,12,8282,8287,6,5
238759,17,8288,8288,1,9
14923,13,8288,8289,2,10
238794,17,8292,8292,1,16
59698,15,8293,8293,1,9
14924,13,8294,8295,2,10
7462,12,8296,8297,2,5
3731,11,8282,8290,9,15
238795,17,8291,8291,1,16
59699,15,8291,8292,2,9
59700,15,8295,8295,1,9
14925,13,8291,8293,3,10
59701,15,8294,8294,1,9
14926,13,8297,8297,1,10
7463,12,8291,8295,5,5
14927,13,8296,8296,1,10
59712,15,8299,8299,1,16
29856,14,8300,8300,1,9
14928,13,8301,8301,1,10
7464,12,8302,8302,1,5
3732,11,8303,8303,1,15
1866,10,8304,8310,7,11
933,9,8274,8297,24,4
59713,15,8298,8298,1,16
29857,14,8298,8299,2,9
14929,13,8298,8300,3,10
7465,12,8298,8301,4,5
3733,11,8298,8302,5,15
14936,13,8305,8305,1,10
7468,12,8306,8307,2,5
3734,11,8308,8310,3,15
1867,10,8298,8303,6,11
14937,13,8304,8304,1,10
14938,13,8307,8307,1,10
7469,12,8304,8305,2,5
14939,13,8306,8306,1,10
59766,15,8309,8309,1,10
7470,12,8310,8310,1,5
3735,11,8304,8307,4,15
59767,15,8308,8308,1,10
7471,12,8308,8309,2,5
7472,12,8312,8313,2,5
3736,11,8314,8317,4,15
1868,10,8318,8325,8,11
934,9,8326,8341,16,4
467,8,8274,8310,37,8
14946,13,8313,8313,1,10
7473,12,8311,8311,1,5
14947,13,8312,8312,1,10
29896,14,8315,8315,1,10
14948,13,8316,8317,2,5
3737,11,8311,8313,3,15
29897,14,8314,8314,1,10
239192,17,8317,8317,1,10
14949,13,8314,8315,2,5
239193,17,8316,8316,1,10
14952,13,8319,8319,1,10
7476,12,8320,8321,2,5
3738,11,8322,8325,4,15
1869,10,8311,8317,7,11
14953,13,8318,8318,1,10
14954,13,8321,8321,1,10
7477,12,8318,8319,2,5
14955,13,8320,8320,1,10
14956,13,8323,8323,1,10
7478,12,8324,8325,2,5
3739,11,8318,8321,4,15
14957,13,8322,8322,1,10
14958,13,8325,8325,1,10
7479,12,8322,8323,2,5
14959,13,8324,8324,1,10
14960,13,8327,8329,3,10
7480,12,8330,8332,3,5
3740,11,8333,8336,4,15
1870,10,8337,8341,5,11
935,9,8311,8325,15,4
29922,14,8328,8329,2,9
14961,13,8326,8326,1,10
478776,18,8329,8329,1,16
29923,14,8327,8327,1,9
478777,18,8328,8328,1,16
59850,15,8331,8331,1,9
14962,13,8332,8332,1,10
7481,12,8326,8329,4,5
59851,15,8330,8330,1,9
14963,13,8330,8331,2,10
7482,12,8334,8336,3,5
3741,11,8326,8332,7,15
29934,14,8335,8336,2,10
7483,12,8333,8333,1,5
478974,18,8336,8336,1,9
29935,14,8334,8334,1,10
478975,18,8335,8335,1,9
14968,13,8338,8338,1,10
7484,12,8339,8340,2,5
3742,11,8341,8341,1,15
1871,10,8326,8336,11,11
14969,13,8337,8337,1,10
14970,13,8340,8340,1,10
7485,12,8337,8338,2,5
14971,13,8339,8339,1,10
3743,11,8337,8340,4,15
119808,16,8343,8343,1,10
7488,12,8344,8344,1,5
3744,11,8345,8349,5,15
1872,10,8350,8357,8,11
936,9,8358,8377,20,4
468,8,8378,8414,37,8
234,7,8415,8494,80,12
117,6,8180,8341,162,17
119809,16,8342,8342,1,10
7489,12,8342,8343,2,5
14980,13,8346,8348,3,10
7490,12,8349,8349,1,5
3745,11,8342,8344,3,15
29962,14,8347,8348,2,9
14981,13,8345,8345,1,10
119852,16,8348,8348,1,16
29963,14,8346,8346,1,9
119853,16,8347,8347,1,16
7491,12,8345,8348,4,5
239748,17,8351,8352,2,9
29968,14,8353,8354,2,10
7492,12,8355,8355,1,5
3746,11,8356,8357,2,15
1873,10,8342,8349,8,11
958998,19,8352,8352,1,16
239749,17,8350,8350,1,9
958999,19,8351,8351,1,16
239752,17,8354,8354,1,9
29969,14,8350,8352,3,10
239753,17,8353,8353,1,9
7493,12,8350,8354,5,5
7494,12,8357,8357,1,5
3747,11,8350,8355,6,15
7495,12,8356,8356,1,5
59968,15,8359,8361,3,9
14992,13,8362,8362,1,10
7496,12,8363,8366,4,5
3748,11,8367,8368,2,15
1874,10,8369,8377,9,11
937,9,8342,8357,16,4
119938,16,8360,8361,2,16
59969,15,8358,8358,1,9
239878,17,8361,8361,1,3
119939,16,8359,8359,1,16
239879,17,8360,8360,1,3
14993,13,8358,8361,4,10
59978,15,8364,8364,1,9
14994,13,8365,8366,2,10
7497,12,8358,8362,5,5
59979,15,8363,8363,1,9
59982,15,8366,8366,1,9
14995,13,8363,8364,2,10
59983,15,8365,8365,1,9
7498,12,8368,8368,1,5
3749,11,8358,8366,9,15
7499,12,8367,8367,1,5
7500,12,8370,8373,4,5
3750,11,8374,8377,4,15
1875,10,8358,8368,11,11
15002,13,8371,8373,3,10
7501,12,8369,8369,1,5
60012,15,8372,8372,1,16
30006,14,8373,8373,1,9
15003,13,8370,8370,1,10
60013,15,8371,8371,1,16
30007,14,8371,8372,2,9
15004,13,8375,8375,1,10
7502,12,8376,8377,2,5
3751,11,8369,8373,5,15
15005,13,8374,8374,1,10
15006,13,8377,8377,1,10
7503,12,8374,8375,2,5
15007,13,8376,8376,1,10
60038,15,8379,8379,1,10
7504,12,8380,8382,3,5
3752,11,8383,8388,6,15
1876,10,8389,8396,8,11
938,9,8397,8414,18,4
469,8,8342,8377,36,8
60039,15,8378,8378,1,10
60042,15,8381,8382,2,10
7505,12,8378,8379,2,5
120086,16,8382,8382,1,9
60043,15,8380,8380,1,10
120087,16,8381,8381,1,9
60050,15,8384,8384,1,9
15012,13,8385,8386,2,10
7506,12,8387,8388,2,5
3753,11,8378,8382,5,15
60051,15,8383,8383,1,9
30026,14,8386,8386,1,9
15013,13,8383,8384,2,10
30027,14,8385,8385,1,9
60062,15,8388,8388,1,10
7507,12,8383,8386,4,5
60063,15,8387,8387,1,10
240270,17,8390,8390,1,9
15016,13,8391,8391,1,10
7508,12,8392,8395,4,5
3754,11,8396,8396,1,15
1877,10,8378,8388,11,11
240271,17,8389,8389,1,9
15017,13,8389,8390,2,10
30036,14,8393,8394,2,9
15018,13,8395,8395,1,10
7509,12,8389,8391,3,5
120148,16,8394,8394,1,16
30037,14,8392,8392,1,9
120149,16,8393,8393,1,16
15019,13,8392,8394,3,10
3755,11,8389,8395,7,15
15024,13,8398,8400,3,10
7512,12,8401,8402,2,5
3756,11,8403,8406,4,15
1878,10,8407,8414,8,11
939,9,8378,8396,19,4
30050,14,8399,8400,2,9
15025,13,8397,8397,1,10
120204,16,8400,8400,1,16
30051,14,8398,8398,1,9
120205,16,8399,8399,1,16
15026,13,8402,8402,1,10
7513,12,8397,8400,4,5
15027,13,8401,8401,1,10
7514,12,8404,8406,3,5
3757,11,8397,8402,6,15
60120,15,8405,8406,2,10
7515,12,8403,8403,1,5
961942,19,8406,8406,1,9
60121,15,8404,8404,1,10
961943,19,8405,8405,1,9
15032,13,8408,8409,2,5
3758,11,8410,8414,5,15
1879,10,8397,8406,10,11
962154,19,8409,8409,1,10
15033,13,8407,8407,1,5
962155,19,8408,8408,1,10
60146,15,8411,8411,1,9
15036,13,8412,8412,1,10
7518,12,8413,8414,2,5
3759,11,8407,8409,3,15
60147,15,8410,8410,1,9
15037,13,8410,8411,2,10
15038,13,8414,8414,1,10
7519,12,8410,8412,3,5
15039,13,8413,8413,1,10
7520,12,8416,8418,3,5
3760,11,8419,8423,5,15
1880,10,8424,8438,15,11
940,9,8439,8455,17,4
470,8,8456,8494,39,8
235,7,8342,8414,73,12
15042,13,8417,8418,2,10
7521,12,8415,8415,1,5
30086,14,8418,8418,1,9
15043,13,8416,8416,1,10
30087,14,8417,8417,1,9
481412,18,8420,8420,1,9
30088,14,8421,8421,1,10
15044,13,8422,8423,2,5
3761,11,8415,8418,4,15
481413,18,8419,8419,1,9
30089,14,8419,8420,2,10
30090,14,8423,8423,1,10
15045,13,8419,8421,3,5
30091,14,8422,8422,1,10
15048,13,8425,8425,1,10
7524,12,8426,8427,2,5
3762,11,8428,8438,11,15
1881,10,8415,8423,9,11
15049,13,8424,8424,1,10
60204,15,8427,8427,1,10
7525,12,8424,8425,2,5
60205,15,8426,8426,1,10
15052,13,8429,8431,3,10
7526,12,8432,8438,7,5
3763,11,8424,8427,4,15
240850,17,8430,8430,1,16
60212,15,8431,8431,1,9
15053,13,8428,8428,1,10
240851,17,8429,8429,1,16
60213,15,8429,8430,2,9
120432,16,8433,8433,1,3
60216,15,8434,8435,2,16
30108,14,8436,8436,1,9
15054,13,8437,8438,2,10
7527,12,8428,8431,4,5
120433,16,8432,8432,1,3
240870,17,8435,8435,1,3
60217,15,8432,8433,2,16
240871,17,8434,8434,1,3
30109,14,8432,8435,4,9
30110,14,8438,8438,1,9
15055,13,8432,8436,5,10
30111,14,8437,8437,1,9
30116,14,8440,8440,1,10
15058,13,8441,8441,1,5
3764,11,8442,8446,5,15
1882,10,8447,8455,9,11
941,9,8415,8438,24,4
30117,14,8439,8439,1,10
15059,13,8439,8440,2,5
60240,15,8443,8443,1,10
7530,12,8444,8446,3,5
3765,11,8439,8441,3,15
60241,15,8442,8442,1,10
30124,14,8445,8446,2,10
7531,12,8442,8443,2,5
60250,15,8446,8446,1,9
30125,14,8444,8444,1,10
60251,15,8445,8445,1,9
7532,12,8448,8448,1,5
3766,11,8449,8455,7,15
1883,10,8439,8446,8,11
7533,12,8447,8447,1,5
15068,13,8450,8452,3,10
7534,12,8453,8455,3,5
3767,11,8447,8448,2,15
30138,14,8451,8452,2,9
15069,13,8449,8449,1,10
964456,19,8452,8452,1,16
30139,14,8450,8450,1,9
964457,19,8451,8451,1,16
15070,13,8454,8455,2,10
7535,12,8449,8452,4,5
30142,14,8455,8455,1,9
15071,13,8453,8453,1,10
30143,14,8454,8454,1,9
60288,15,8457,8457,1,10
7536,12,8458,8459,2,5
3768,11,8460,8467,8,15
1884,10,8468,8473,6,11
942,9,8474,8494,21,4
471,8,8415,8455,41,8
60289,15,8456,8456,1,10
15074,13,8459,8459,1,10
7537,12,8456,8457,2,5
15075,13,8458,8458,1,10
30152,14,8461,8462,2,9
15076,13,8463,8464,2,10
7538,12,8465,8467,3,5
3769,11,8456,8459,4,15
60306,15,8462,8462,1,16
30153,14,8460,8460,1,9
60307,15,8461,8461,1,16
30154,14,8464,8464,1,9
15077,13,8460,8462,3,10
30155,14,8463,8463,1,9
15078,13,8466,8467,2,10
7539,12,8460,8464,5,5
30158,14,8467,8467,1,9
15079,13,8465,8465,1,10
30159,14,8466,8466,1,9
7540,12,8469,8470,2,5
3770,11,8471,8473,3,15
1885,10,8456,8467,12,11
60332,15,8470,8470,1,10
7541,12,8468,8468,1,5
60333,15,8469,8469,1,10
7542,12,8472,8473,2,5
3771,11,8468,8470,3,15
15086,13,8473,8473,1,10
7543,12,8471,8471,1,5
15087,13,8472,8472,1,10
30176,14,8475,8476,2,5
3772,11,8477,8479,3,15
1886,10,8480,8494,15,11
943,9,8456,8473,18,4
241416,17,8476,8476,1,10
30177,14,8474,8474,1,5
241417,17,8475,8475,1,10
7546,12,8478,8479,2,5
3773,11,8474,8476,3,15
15094,13,8479,8479,1,10
7547,12,8477,8477,1,5
15095,13,8478,8478,1,10
15096,13,8481,8482,2,10
7548,12,8483,8488,6,5
3774,11,8489,8494,6,15
1887,10,8474,8479,6,11
60390,15,8482,8482,1,9
15097,13,8480,8480,1,10
60391,15,8481,8481,1,9
60392,15,8484,8484,1,16
30196,14,8485,8485,1,9
15098,13,8486,8488,3,10
7549,12,8480,8482,3,5
60393,15,8483,8483,1,16
30197,14,8483,8484,2,9
966336,19,8487,8487,1,16
30198,14,8488,8488,1,9
15099,13,8483,8485,3,10
966337,19,8486,8486,1,16
30199,14,8486,8487,2,9
15100,13,8490,8491,2,10
7550,12,8492,8494,3,5
3775,11,8480,8488,9,15
30202,14,8491,8491,1,9
15101,13,8489,8489,1,10
30203,14,8490,8490,1,9
60410,15,8493,8493,1,9
15102,13,8494,8494,1,10
7551,12,8489,8491,3,5
60411,15,8492,8492,1,9
15103,13,8492,8493,2,10
7552,12,8496,8498,3,5
3776,11,8499,8502,4,15
1888,10,8503,8515,13,11
944,9,8516,8529,14,4
472,8,8530,8561,32,8
236,7,8562,8639,78,12
118,6,8640,8797,158,17
59,5,8180,8494,315,14
483444,18,8497,8497,1,9
60430,15,8498,8498,1,10
7553,12,8495,8495,1,5
483445,18,8496,8496,1,9
60431,15,8496,8497,2,10
7554,12,8500,8502,3,5
3777,11,8495,8498,4,15
15110,13,8501,8502,2,10
7555,12,8499,8499,1,5
60446,15,8502,8502,1,9
15111,13,8500,8500,1,10
60447,15,8501,8501,1,9
15112,13,8504,8504,1,10
7556,12,8505,8506,2,5
3778,11,8507,8515,9,15
1889,10,8495,8502,8,11
15113,13,8503,8503,1,10
15114,13,8506,8506,1,10
7557,12,8503,8504,2,5
15115,13,8505,8505,1,10
15116,13,8508,8511,4,10
7558,12,8512,8515,4,5
3779,11,8503,8506,4,15
30234,14,8509,8511,3,9
15117,13,8507,8507,1,10
120940,16,8510,8510,1,3
60470,15,8511,8511,1,16
30235,14,8508,8508,1,9
120941,16,8509,8509,1,3
60471,15,8509,8510,2,16
15118,13,8513,8515,3,10
7559,12,8507,8511,5,5
60476,15,8514,8514,1,16
30238,14,8515,8515,1,9
15119,13,8512,8512,1,10
60477,15,8513,8513,1,16
30239,14,8513,8514,2,9
7741710,22,8517,8517,1,9
15120,13,8518,8518,1,10
7560,12,8519,8519,1,5
3780,11,8520,8521,2,15
1890,10,8522,8529,8,11
945,9,8495,8515,21,4
7741711,22,8516,8516,1,9
15121,13,8516,8517,2,10
7561,12,8516,8518,3,5
30254,14,8521,8521,1,5
3781,11,8516,8519,4,15
30255,14,8520,8520,1,5
30258,14,8523,8523,1,10
7564,12,8524,8527,4,5
3782,11,8528,8529,2,15
1891,10,8516,8521,6,11
30259,14,8522,8522,1,10
121040,16,8525,8525,1,9
15130,13,8526,8527,2,10
7565,12,8522,8523,2,5
121041,16,8524,8524,1,9
60526,15,8527,8527,1,9
15131,13,8524,8525,2,10
60527,15,8526,8526,1,9
7566,12,8529,8529,1,5
3783,11,8522,8527,6,15
7567,12,8528,8528,1,5
3784,11,8531,8536,6,15
1892,10,8537,8544,8,11
946,9,8545,8561,17,4
473,8,8495,8529,35,8
121120,16,8532,8532,1,16
30280,14,8533,8533,1,9
15140,13,8534,8534,1,10
7570,12,8535,8536,2,5
3785,11,8530,8530,1,15
121121,16,8531,8531,1,16
30281,14,8531,8532,2,9
15141,13,8531,8533,3,10
30284,14,8536,8536,1,10
7571,12,8531,8534,4,5
30285,14,8535,8535,1,10
7572,12,8538,8538,1,5
3786,11,8539,8544,6,15
1893,10,8530,8536,7,11
7573,12,8537,8537,1,5
30296,14,8540,8540,1,9
15148,13,8541,8543,3,10
7574,12,8544,8544,1,5
3787,11,8537,8538,2,15
30297,14,8539,8539,1,9
60596,15,8542,8542,1,16
30298,14,8543,8543,1,9
15149,13,8539,8540,2,10
60597,15,8541,8541,1,16
30299,14,8541,8542,2,9
7575,12,8539,8543,5,5
15152,13,8546,8546,1,10
7576,12,8547,8549,3,5
3788,11,8550,8554,5,15
1894,10,8555,8561,7,11
947,9,8530,8544,15,4
15153,13,8545,8545,1,10
30308,14,8548,8548,1,9
15154,13,8549,8549,1,10
7577,12,8545,8546,2,5
30309,14,8547,8547,1,9
15155,13,8547,8548,2,10
7578,12,8551,8554,4,5
3789,11,8545,8549,5,15
30316,14,8552,8552,1,9
15158,13,8553,8554,2,10
7579,12,8550,8550,1,5
30317,14,8551,8551,1,9
30318,14,8554,8554,1,9
15159,13,8551,8552,2,10
30319,14,8553,8553,1,9
60648,15,8556,8557,2,5
3790,11,8558,8561,4,15
1895,10,8545,8554,10,11
121298,16,8557,8557,1,10
60649,15,8555,8555,1,5
121299,16,8556,8556,1,10
485276,18,8559,8559,1,9
15164,13,8560,8560,1,10
7582,12,8561,8561,1,5
3791,11,8555,8557,3,15
485277,18,8558,8558,1,9
15165,13,8558,8559,2,10
7583,12,8558,8560,3,5
60674,15,8563,8563,1,9
15168,13,8564,8565,2,10
7584,12,8566,8567,2,5
3792,11,8568,8572,5,15
1896,10,8573,8580,8,11
948,9,8581,8601,21,4
474,8,8602,8639,38,8
237,7,8495,8561,67,12
60675,15,8562,8562,1,9
30338,14,8565,8565,1,9
15169,13,8562,8563,2,10
30339,14,8564,8564,1,9
60680,15,8567,8567,1,10
7585,12,8562,8565,4,5
60681,15,8566,8566,1,10
60696,15,8569,8570,2,9
30348,14,8571,8571,1,10
15174,13,8572,8572,1,5
3793,11,8562,8567,6,15
242790,17,8570,8570,1,16
60697,15,8568,8568,1,9
242791,17,8569,8569,1,16
30349,14,8568,8570,3,10
15175,13,8568,8571,4,5
60706,15,8574,8574,1,10
7588,12,8575,8575,1,5
3794,11,8576,8580,5,15
1897,10,8562,8572,11,11
60707,15,8573,8573,1,10
7589,12,8573,8574,2,5
15180,13,8577,8578,2,10
7590,12,8579,8580,2,5
3795,11,8573,8575,3,15
30362,14,8578,8578,1,9
15181,13,8576,8576,1,10
30363,14,8577,8577,1,9
15182,13,8580,8580,1,10
7591,12,8576,8578,3,5
15183,13,8579,8579,1,10
486016,18,8582,8582,1,10
15188,13,8583,8583,1,5
7594,12,8584,8586,3,15
1898,10,8587,8601,15,11
949,9,8562,8580,19,4
486017,18,8581,8581,1,10
15189,13,8581,8582,2,5
30380,14,8585,8585,1,10
15190,13,8586,8586,1,5
7595,12,8581,8583,3,15
30381,14,8584,8584,1,10
15191,13,8584,8585,2,5
30384,14,8588,8588,1,9
15192,13,8589,8590,2,10
7596,12,8591,8597,7,5
3798,11,8598,8601,4,15
1899,10,8581,8586,6,11
30385,14,8587,8587,1,9
30386,14,8590,8590,1,9
15193,13,8587,8588,2,10
30387,14,8589,8589,1,9
60776,15,8592,8595,4,16
30388,14,8596,8596,1,9
15194,13,8597,8597,1,10
7597,12,8587,8590,4,5
121554,16,8593,8595,3,3
60777,15,8591,8591,1,16
243110,17,8594,8595,2,18
121555,16,8592,8592,1,3
486222,18,8595,8595,1,13
243111,17,8593,8593,1,18
486223,18,8594,8594,1,13
30389,14,8591,8595,5,9
15195,13,8591,8596,6,10
121568,16,8599,8599,1,9
15196,13,8600,8600,1,10
7598,12,8601,8601,1,5
3799,11,8587,8597,11,15
121569,16,8598,8598,1,9
15197,13,8598,8599,2,10
7599,12,8598,8600,3,5
15202,13,8603,8605,3,5
3800,11,8606,8611,6,15
1900,10,8612,8621,10,11
950,9,8622,8639,18,4
475,8,8562,8601,40,8
121628,16,8604,8604,1,9
60814,15,8605,8605,1,10
15203,13,8602,8602,1,5
121629,16,8603,8603,1,9
60815,15,8603,8604,2,10
60816,15,8607,8607,1,9
15204,13,8608,8608,1,10
7602,12,8609,8611,3,5
3801,11,8602,8605,4,15
60817,15,8606,8606,1,9
15205,13,8606,8607,2,10
30412,14,8610,8610,1,9
15206,13,8611,8611,1,10
7603,12,8606,8608,3,5
30413,14,8609,8609,1,9
15207,13,8609,8610,2,10
7604,12,8613,8614,2,5
3802,11,8615,8621,7,15
1901,10,8602,8611,10,11
15210,13,8614,8614,1,10
7605,12,8612,8612,1,5
15211,13,8613,8613,1,10
121696,16,8616,8616,1,9
15212,13,8617,8617,1,10
7606,12,8618,8621,4,5
3803,11,8612,8614,3,15
121697,16,8615,8615,1,9
15213,13,8615,8616,2,10
486860,18,8619,8619,1,9
15214,13,8620,8621,2,10
7607,12,8615,8617,3,5
486861,18,8618,8618,1,9
121722,16,8621,8621,1,9
15215,13,8618,8619,2,10
121723,16,8620,8620,1,9
15216,13,8623,8625,3,10
7608,12,8626,8629,4,5
3804,11,8630,8631,2,15
1902,10,8632,8639,8,11
951,9,8602,8621,20,4
121740,16,8624,8624,1,16
60870,15,8625,8625,1,9
15217,13,8622,8622,1,10
121741,16,8623,8623,1,16
60871,15,8623,8624,2,9
486990,18,8627,8627,1,9
15218,13,8628,8629,2,10
7609,12,8622,8625,4,5
486991,18,8626,8626,1,9
60878,15,8629,8629,1,9
15219,13,8626,8627,2,10
60879,15,8628,8628,1,9
487156,18,8631,8631,1,5
3805,11,8622,8629,8,15
487157,18,8630,8630,1,5
243598,17,8633,8633,1,10
15224,13,8634,8635,2,5
3806,11,8636,8639,4,15
1903,10,8622,8631,10,11
243599,17,8632,8632,1,10
60902,15,8635,8635,1,10
15225,13,8632,8633,2,5
60903,15,8634,8634,1,10
30458,14,8637,8637,1,10
7614,12,8638,8639,2,5
3807,11,8632,8635,4,15
30459,14,8636,8636,1,10
30462,14,8639,8639,1,10
7615,12,8636,8637,2,5
30463,14,8638,8638,1,10
60928,15,8641,8641,1,9
15232,13,8642,8644,3,10
7616,12,8645,8646,2,5
3808,11,8647,8650,4,15
1904,10,8651,8659,9,11
952,9,8660,8679,20,4
476,8,8680,8719,40,8
238,7,8720,8797,78,12
119,6,8495,8639,145,17
60929,15,8640,8640,1,9
30466,14,8643,8644,2,9
15233,13,8640,8641,2,10
60934,15,8644,8644,1,16
30467,14,8642,8642,1,9
60935,15,8643,8643,1,16
15234,13,8646,8646,1,10
7617,12,8640,8644,5,5
15235,13,8645,8645,1,10
30472,14,8648,8648,1,10
15236,13,8649,8650,2,5
3809,11,8640,8646,7,15
30473,14,8647,8647,1,10
30474,14,8650,8650,1,10
15237,13,8647,8648,2,5
30475,14,8649,8649,1,10
15240,13,8652,8654,3,10
7620,12,8655,8657,3,5
3810,11,8658,8659,2,15
1905,10,8640,8650,11,11
121934,16,8653,8654,2,9
15241,13,8651,8651,1,10
243870,17,8654,8654,1,16
121935,16,8652,8652,1,9
243871,17,8653,8653,1,16
15242,13,8656,8657,2,10
7621,12,8651,8654,4,5
30486,14,8657,8657,1,9
15243,13,8655,8655,1,10
30487,14,8656,8656,1,9
15244,13,8659,8659,1,5
3811,11,8651,8657,7,15
15245,13,8658,8658,1,5
30496,14,8661,8661,1,9
15248,13,8662,8664,3,10
7624,12,8665,8666,2,5
3812,11,8667,8674,8,15
1906,10,8675,8679,5,11
953,9,8640,8659,20,4
30497,14,8660,8660,1,9
121992,16,8663,8663,1,16
30498,14,8664,8664,1,9
15249,13,8660,8661,2,10
121993,16,8662,8662,1,16
30499,14,8662,8663,2,9
15250,13,8666,8666,1,10
7625,12,8660,8664,5,5
15251,13,8665,8665,1,10
15252,13,8668,8671,4,10
7626,12,8672,8674,3,5
3813,11,8660,8666,7,15
30506,14,8669,8671,3,9
15253,13,8667,8667,1,10
61014,15,8670,8671,2,16
30507,14,8668,8668,1,9
122030,16,8671,8671,1,3
61015,15,8669,8669,1,16
122031,16,8670,8670,1,3
61018,15,8673,8674,2,10
7627,12,8667,8671,5,5
244076,17,8674,8674,1,9
61019,15,8672,8672,1,10
244077,17,8673,8673,1,9
7628,12,8676,8677,2,5
3814,11,8678,8679,2,15
1907,10,8660,8674,15,11
15258,13,8677,8677,1,10
7629,12,8675,8675,1,5
15259,13,8676,8676,1,10
15262,13,8679,8679,1,5
3815,11,8675,8677,3,15
15263,13,8678,8678,1,5
7632,12,8681,8683,3,5
3816,11,8684,8686,3,15
1908,10,8687,8700,14,11
954,9,8701,8719,19,4
477,8,8640,8679,40,8
15266,13,8682,8683,2,10
7633,12,8680,8680,1,5
244278,17,8683,8683,1,9
15267,13,8681,8681,1,10
244279,17,8682,8682,1,9
15268,13,8685,8685,1,10
7634,12,8686,8686,1,5
3817,11,8680,8683,4,15
15269,13,8684,8684,1,10
7635,12,8684,8685,2,5
61092,15,8688,8688,1,9
30546,14,8689,8689,1,10
7636,12,8690,8691,2,5
3818,11,8692,8700,9,15
1909,10,8680,8686,7,11
61093,15,8687,8687,1,9
30547,14,8687,8688,2,10
30548,14,8691,8691,1,10
7637,12,8687,8689,3,5
30549,14,8690,8690,1,10
30552,14,8693,8695,3,10
7638,12,8696,8700,5,5
3819,11,8687,8691,5,15
977704,19,8694,8694,1,16
61106,15,8695,8695,1,9
30553,14,8692,8692,1,10
977705,19,8693,8693,1,16
61107,15,8693,8694,2,9
15278,13,8697,8700,4,10
7639,12,8692,8695,4,5
122232,16,8698,8699,2,16
30558,14,8700,8700,1,9
15279,13,8696,8696,1,10
244466,17,8699,8699,1,3
122233,16,8697,8697,1,16
244467,17,8698,8698,1,3
30559,14,8697,8699,3,9
7640,12,8702,8703,2,5
3820,11,8704,8705,2,15
1910,10,8706,8719,14,11
955,9,8680,8700,21,4
15282,13,8703,8703,1,10
7641,12,8701,8701,1,5
15283,13,8702,8702,1,10
15286,13,8705,8705,1,5
3821,11,8701,8703,3,15
15287,13,8704,8704,1,5
7644,12,8707,8712,6,5
3822,11,8713,8719,7,15
1911,10,8701,8705,5,11
15290,13,8708,8712,5,10
7645,12,8706,8706,1,5
61164,15,8709,8711,3,16
30582,14,8712,8712,1,9
15291,13,8707,8707,1,10
122330,16,8710,8711,2,3
61165,15,8708,8708,1,16
244662,17,8711,8711,1,18
122331,16,8709,8709,1,3
244663,17,8710,8710,1,18
30583,14,8708,8711,4,9
122336,16,8714,8714,1,9
30584,14,8715,8715,1,10
7646,12,8716,8719,4,5
3823,11,8706,8712,7,15
122337,16,8713,8713,1,9
30585,14,8713,8714,2,10
7830718,22,8717,8717,1,9
15294,13,8718,8719,2,10
7647,12,8713,8715,3,5
7830719,22,8716,8716,1,9
30590,14,8719,8719,1,9
15295,13,8716,8717,2,10
30591,14,8718,8718,1,9
15296,13,8721,8721,1,10
7648,12,8722,8725,4,5
3824,11,8726,8726,1,15
1912,10,8727,8734,8,11
956,9,8735,8759,25,4
478,8,8760,8797,38,8
239,7,8640,8719,80,12
15297,13,8720,8720,1,10
30596,14,8723,8723,1,9
15298,13,8724,8725,2,10
7649,12,8720,8721,2,5
30597,14,8722,8722,1,9
244786,17,8725,8725,1,9
15299,13,8722,8723,2,10
244787,17,8724,8724,1,9
3825,11,8720,8725,6,15
61218,15,8728,8728,1,9
15304,13,8729,8730,2,10
7652,12,8731,8732,2,5
3826,11,8733,8734,2,15
1913,10,8720,8726,7,11
61219,15,8727,8727,1,9
489774,18,8730,8730,1,9
15305,13,8727,8728,2,10
489775,18,8729,8729,1,9
30614,14,8732,8732,1,10
7653,12,8727,8730,4,5
30615,14,8731,8731,1,10
7654,12,8734,8734,1,5
3827,11,8727,8732,6,15
7655,12,8733,8733,1,5
61250,15,8736,8736,1,9
15312,13,8737,8737,1,10
7656,12,8738,8742,5,5
3828,11,8743,8749,7,15
1914,10,8750,8759,10,11
957,9,8720,8734,15,4
61251,15,8735,8735,1,9
15313,13,8735,8736,2,10
122518,16,8739,8741,3,9
15314,13,8742,8742,1,10
7657,12,8735,8737,3,5
980154,19,8740,8741,2,16
122519,16,8738,8738,1,9
1960310,20,8741,8741,1,3
980155,19,8739,8739,1,16
1960311,20,8740,8740,1,3
15315,13,8738,8741,4,10
980254,19,8744,8744,1,9
15316,13,8745,8745,1,10
7658,12,8746,8749,4,5
3829,11,8735,8742,8,15
980255,19,8743,8743,1,9
15317,13,8743,8744,2,10
122546,16,8747,8747,1,9
15318,13,8748,8749,2,10
7659,12,8743,8745,3,5
122547,16,8746,8746,1,9
61278,15,8749,8749,1,9
15319,13,8746,8747,2,10
61279,15,8748,8748,1,9
7660,12,8751,8754,4,5
3830,11,8755,8759,5,15
1915,10,8735,8749,15,11
980616,19,8752,8752,1,9
15322,13,8753,8754,2,10
7661,12,8750,8750,1,5
980617,19,8751,8751,1,9
30646,14,8754,8754,1,9
15323,13,8751,8752,2,10
30647,14,8753,8753,1,9
122594,16,8756,8756,1,10
7662,12,8757,8759,3,5
3831,11,8750,8754,5,15
122595,16,8755,8755,1,10
61304,15,8758,8758,1,9
15326,13,8759,8759,1,10
7663,12,8755,8756,2,5
61305,15,8757,8757,1,9
15327,13,8757,8758,2,10
30656,14,8761,8761,1,9
15328,13,8762,8762,1,10
7664,12,8763,8765,3,5
3832,11,8766,8772,7,15
1916,10,8773,8784,12,11
958,9,8785,8797,13,4
479,8,8720,8759,40,8
30657,14,8760,8760,1,9
15329,13,8760,8761,2,10
245288,17,8764,8764,1,9
15330,13,8765,8765,1,10
7665,12,8760,8762,3,5
245289,17,8763,8763,1,9
15331,13,8763,8764,2,10
15332,13,8767,8768,2,10
7666,12,8769,8772,4,5
3833,11,8760,8765,6,15
30666,14,8768,8768,1,9
15333,13,8766,8766,1,10
30667,14,8767,8767,1,9
15334,13,8770,8772,3,10
7667,12,8766,8768,3,5
122682,16,8771,8771,1,16
30670,14,8772,8772,1,9
15335,13,8769,8769,1,10
122683,16,8770,8770,1,16
30671,14,8770,8771,2,9
15336,13,8774,8777,4,10
7668,12,8778,8779,2,5
3834,11,8780,8784,5,15
1917,10,8760,8772,13,11
30674,14,8775,8777,3,9
15337,13,8773,8773,1,10
245402,17,8776,8777,2,16
30675,14,8774,8774,1,9
7852906,22,8777,8777,1,3
245403,17,8775,8775,1,16
7852907,22,8776,8776,1,3
15338,13,8779,8779,1,10
7669,12,8773,8777,5,5
15339,13,8778,8778,1,10
30680,14,8781,8782,2,9
15340,13,8783,8783,1,10
7670,12,8784,8784,1,5
3835,11,8773,8779,7,15
61362,15,8782,8782,1,16
30681,14,8780,8780,1,9
61363,15,8781,8781,1,16
15341,13,8780,8782,3,10
7671,12,8780,8783,4,5
3836,11,8786,8789,4,15
1918,10,8790,8797,8,11
959,9,8760,8784,25,4
7674,12,8787,8789,3,5
3837,11,8785,8785,1,15
61400,15,8788,8788,1,9
15350,13,8789,8789,1,10
7675,12,8786,8786,1,5
61401,15,8787,8787,1,9
15351,13,8787,8788,2,10
30704,14,8791,8791,1,10
7676,12,8792,8793,2,5
3838,11,8794,8797,4,15
1919,10,8785,8789,5,11
30705,14,8790,8790,1,10
30708,14,8793,8793,1,10
7677,12,8790,8791,2,5
30709,14,8792,8792,1,10
30712,14,8795,8795,1,10
15356,13,8796,8797,2,5
3839,11,8790,8793,4,15
30713,14,8794,8794,1,10
122862,16,8797,8797,1,10
15357,13,8794,8795,2,5
122863,16,8796,8796,1,10
30722,14,8799,8800,2,10
7680,12,8801,8806,6,5
3840,11,8807,8810,4,15
1920,10,8811,8821,11,11
960,9,8822,8840,19,4
480,8,8841,8878,38,8
240,7,8879,8944,66,12
120,6,8945,9095,151,17
60,5,9096,9408,313,14
30,4,9409,9999,591,7
15,3,7570,8797,1228,2
61446,15,8800,8800,1,9
30723,14,8798,8798,1,10
61447,15,8799,8799,1,9
61448,15,8802,8803,2,16
30724,14,8804,8805,2,9
15362,13,8806,8806,1,10
7681,12,8798,8800,3,5
1966370,20,8803,8803,1,3
61449,15,8801,8801,1,16
1966371,20,8802,8802,1,3
245804,17,8805,8805,1,16
30725,14,8801,8803,3,9
245805,17,8804,8804,1,16
15363,13,8801,8805,5,10
15364,13,8808,8809,2,10
7682,12,8810,8810,1,5
3841,11,8798,8806,9,15
122926,16,8809,8809,1,9
15365,13,8807,8807,1,10
122927,16,8808,8808,1,9
7683,12,8807,8809,3,5
15368,13,8812,8813,2,10
7684,12,8814,8814,1,5
3842,11,8815,8821,7,15
1921,10,8798,8810,13,11
61478,15,8813,8813,1,9
15369,13,8811,8811,1,10
61479,15,8812,8812,1,9
7685,12,8811,8813,3,5
30744,14,8816,8816,1,9
15372,13,8817,8819,3,10
7686,12,8820,8821,2,5
3843,11,8811,8814,4,15
30745,14,8815,8815,1,9
30746,14,8818,8819,2,9
15373,13,8815,8816,2,10
983930,19,8819,8819,1,16
30747,14,8817,8817,1,9
983931,19,8818,8818,1,16
15374,13,8821,8821,1,10
7687,12,8815,8819,5,5
15375,13,8820,8820,1,10
15376,13,8823,8823,1,10
7688,12,8824,8825,2,5
3844,11,8826,8828,3,15
1922,10,8829,8840,12,11
961,9,8798,8821,24,4
15377,13,8822,8822,1,10
246062,17,8825,8825,1,10
7689,12,8822,8823,2,5
246063,17,8824,8824,1,10
61520,15,8827,8827,1,10
15380,13,8828,8828,1,5
3845,11,8822,8825,4,15
61521,15,8826,8826,1,10
15381,13,8826,8827,2,5
15384,13,8830,8830,1,10
7692,12,8831,8833,3,5
3846,11,8834,8840,7,15
1923,10,8822,8828,7,11
15385,13,8829,8829,1,10
30772,14,8832,8832,1,9
15386,13,8833,8833,1,10
7693,12,8829,8830,2,5
30773,14,8831,8831,1,9
15387,13,8831,8832,2,10
30776,14,8835,8835,1,9
15388,13,8836,8836,1,10
7694,12,8837,8840,4,5
3847,11,8829,8833,5,15
30777,14,8834,8834,1,9
15389,13,8834,8835,2,10
30780,14,8838,8838,1,9
15390,13,8839,8840,2,10
7695,12,8834,8836,3,5
30781,14,8837,8837,1,9
30782,14,8840,8840,1,9
15391,13,8837,8838,2,10
30783,14,8839,8839,1,9
15392,13,8842,8842,1,10
7696,12,8843,8843,1,5
3848,11,8844,8849,6,15
1924,10,8850,8860,11,11
962,9,8861,8878,18,4
481,8,8798,8840,43,8
15393,13,8841,8841,1,10
7697,12,8841,8842,2,5
123184,16,8845,8845,1,9
30796,14,8846,8846,1,10
15398,13,8847,8849,3,5
3849,11,8841,8843,3,15
123185,16,8844,8844,1,9
30797,14,8844,8845,2,10
246384,17,8848,8848,1,9
30798,14,8849,8849,1,10
15399,13,8844,8846,3,5
246385,17,8847,8847,1,9
30799,14,8847,8848,2,10
15400,13,8851,8852,2,10
7700,12,8853,8853,1,5
3850,11,8854,8860,7,15
1925,10,8841,8849,9,11
123212,16,8852,8852,1,9
15401,13,8850,8850,1,10
123213,16,8851,8851,1,9
7701,12,8850,8852,3,5
15404,13,8855,8856,2,10
7702,12,8857,8860,4,5
3851,11,8850,8853,4,15
30810,14,8856,8856,1,9
15405,13,8854,8854,1,10
30811,14,8855,8855,1,9
15406,13,8858,8860,3,10
7703,12,8854,8856,3,5
30814,14,8859,8860,2,9
15407,13,8857,8857,1,10
123260,16,8860,8860,1,16
30815,14,8858,8858,1,9
123261,16,8859,8859,1,16
15408,13,8862,8863,2,10
7704,12,8864,8864,1,5
3852,11,8865,8869,5,15
1926,10,8870,8878,9,11
963,9,8841,8860,20,4
986208,19,8863,8863,1,9
15409,13,8861,8861,1,10
986209,19,8862,8862,1,9
7705,12,8861,8863,3,5
15412,13,8866,8869,4,5
3853,11,8861,8864,4,15
1972878,20,8867,8867,1,16
61652,15,8868,8868,1,9
30826,14,8869,8869,1,10
15413,13,8865,8865,1,5
1972879,20,8866,8866,1,16
61653,15,8866,8867,2,9
30827,14,8866,8868,3,10
123358,16,8871,8872,2,5
3854,11,8873,8878,6,15
1927,10,8861,8869,9,11
3947508,21,8872,8872,1,10
123359,16,8870,8870,1,5
3947509,21,8871,8871,1,10
15420,13,8874,8874,1,10
7710,12,8875,8878,4,5
3855,11,8870,8872,3,15
15421,13,8873,8873,1,10
30844,14,8876,8876,1,9
15422,13,8877,8878,2,10
7711,12,8873,8874,2,5
30845,14,8875,8875,1,9
30846,14,8878,8878,1,9
15423,13,8875,8876,2,10
30847,14,8877,8877,1,9
15424,13,8880,8881,2,10
7712,12,8882,8884,3,5
3856,11,8885,8887,3,15
1928,10,8888,8893,6,11
964,9,8894,8916,23,4
482,8,8917,8944,28,8
241,7,8798,8878,81,12
30850,14,8881,8881,1,9
15425,13,8879,8879,1,10
30851,14,8880,8880,1,9
15426,13,8883,8884,2,10
7713,12,8879,8881,3,5
61708,15,8884,8884,1,9
15427,13,8882,8882,1,10
61709,15,8883,8883,1,9
7714,12,8886,8887,2,5
3857,11,8879,8884,6,15
30862,14,8887,8887,1,10
7715,12,8885,8885,1,5
30863,14,8886,8886,1,10
3858,11,8889,8893,5,15
1929,10,8879,8887,9,11
30872,14,8890,8890,1,9
15436,13,8891,8892,2,10
7718,12,8893,8893,1,5
3859,11,8888,8888,1,15
30873,14,8889,8889,1,9
246998,17,8892,8892,1,9
15437,13,8889,8890,2,10
246999,17,8891,8891,1,9
7719,12,8889,8892,4,5
30880,14,8895,8895,1,9
15440,13,8896,8898,3,10
7720,12,8899,8899,1,5
3860,11,8900,8906,7,15
1930,10,8907,8916,10,11
965,9,8879,8893,15,4
30881,14,8894,8894,1,9
30882,14,8897,8898,2,9
15441,13,8894,8895,2,10
123534,16,8898,8898,1,16
30883,14,8896,8896,1,9
123535,16,8897,8897,1,16
7721,12,8894,8898,5,5
7722,12,8901,8906,6,5
3861,11,8894,8899,6,15
494276,18,8902,8902,1,3
61784,15,8903,8903,1,16
30892,14,8904,8904,1,9
15446,13,8905,8906,2,10
7723,12,8900,8900,1,5
494277,18,8901,8901,1,3
61785,15,8901,8902,2,16
30893,14,8901,8903,3,9
61788,15,8906,8906,1,9
15447,13,8901,8904,4,10
61789,15,8905,8905,1,9
15448,13,8908,8908,1,10
7724,12,8909,8913,5,5
3862,11,8914,8916,3,15
1931,10,8894,8906,13,11
15449,13,8907,8907,1,10
61800,15,8910,8910,1,9
30900,14,8911,8913,3,10
7725,12,8907,8908,2,5
61801,15,8909,8909,1,9
123604,16,8912,8912,1,16
61802,15,8913,8913,1,9
30901,14,8909,8910,2,10
123605,16,8911,8911,1,16
61803,15,8911,8912,2,9
30904,14,8915,8915,1,10
15452,13,8916,8916,1,5
3863,11,8907,8913,7,15
30905,14,8914,8914,1,10
15453,13,8914,8915,2,5
30914,14,8918,8918,1,10
7728,12,8919,8923,5,5
3864,11,8924,8927,4,15
1932,10,8928,8933,6,11
966,9,8934,8944,11,4
483,8,8879,8916,38,8
30915,14,8917,8917,1,10
61832,15,8920,8920,1,9
15458,13,8921,8923,3,10
7729,12,8917,8918,2,5
61833,15,8919,8919,1,9
61838,15,8922,8923,2,9
15459,13,8919,8920,2,10
989436,19,8923,8923,1,16
61839,15,8921,8921,1,9
989437,19,8922,8922,1,16
61844,15,8925,8926,2,10
30922,14,8927,8927,1,5
3865,11,8917,8923,7,15
989524,19,8926,8926,1,9
61845,15,8924,8924,1,10
989525,19,8925,8925,1,9
30923,14,8924,8926,3,5
7732,12,8929,8931,3,5
3866,11,8932,8933,2,15
1933,10,8917,8927,11,11
61864,15,8930,8931,2,10
7733,12,8928,8928,1,5
123730,16,8931,8931,1,9
61865,15,8929,8929,1,10
123731,16,8930,8930,1,9
15468,13,8933,8933,1,5
3867,11,8928,8931,4,15
15469,13,8932,8932,1,5
3868,11,8935,8940,6,15
1934,10,8941,8944,4,11
967,9,8917,8933,17,4
15476,13,8936,8938,3,10
7738,12,8939,8940,2,5
3869,11,8934,8934,1,15
61908,15,8937,8937,1,16
30954,14,8938,8938,1,9
15477,13,8935,8935,1,10
61909,15,8936,8936,1,16
30955,14,8936,8937,2,9
15478,13,8940,8940,1,10
7739,12,8935,8938,4,5
15479,13,8939,8939,1,10
7740,12,8942,8944,3,15
1935,10,8934,8940,7,11
30964,14,8943,8943,1,10
15482,13,8944,8944,1,5
7741,12,8941,8941,1,15
30965,14,8942,8942,1,10
15483,13,8942,8943,2,5
247818,17,8946,8946,1,16
61954,15,8947,8948,2,9
15488,13,8949,8951,3,10
7744,12,8952,8953,2,5
3872,11,8954,8955,2,15
1936,10,8956,8967,12,11
968,9,8968,8985,18,4
484,8,8986,9029,44,8
242,7,9030,9095,66,12
121,6,8798,8944,147,17
247819,17,8945,8945,1,16
123910,16,8948,8948,1,16
61955,15,8945,8946,2,9
123911,16,8947,8947,1,16
30978,14,8950,8951,2,9
15489,13,8945,8948,4,10
61958,15,8951,8951,1,16
30979,14,8949,8949,1,9
61959,15,8950,8950,1,16
15490,13,8953,8953,1,10
7745,12,8945,8951,7,5
15491,13,8952,8952,1,10
15492,13,8955,8955,1,5
3873,11,8945,8953,9,15
15493,13,8954,8954,1,5
991952,19,8957,8957,1,9
123994,16,8958,8958,1,10
30998,14,8959,8960,2,5
3874,11,8961,8967,7,15
1937,10,8945,8955,11,11
991953,19,8956,8956,1,9
123995,16,8956,8957,2,10
247998,17,8960,8960,1,10
30999,14,8956,8958,3,5
247999,17,8959,8959,1,10
62000,15,8962,8962,1,9
15500,13,8963,8965,3,10
7750,12,8966,8967,2,5
3875,11,8956,8960,5,15
62001,15,8961,8961,1,9
31002,14,8964,8965,2,9
15501,13,8961,8962,2,10
62006,15,8965,8965,1,16
31003,14,8963,8963,1,9
62007,15,8964,8964,1,16
62014,15,8967,8967,1,10
7751,12,8961,8965,5,5
62015,15,8966,8966,1,10
7752,12,8969,8972,4,5
3876,11,8973,8978,6,15
1938,10,8979,8985,7,11
969,9,8945,8967,23,4
1984904,20,8970,8970,1,9
62028,15,8971,8972,2,10
7753,12,8968,8968,1,5
1984905,20,8969,8969,1,9
124058,16,8972,8972,1,9
62029,15,8969,8970,2,10
124059,16,8971,8971,1,9
62036,15,8974,8974,1,9
31018,14,8975,8975,1,10
7754,12,8976,8978,3,5
3877,11,8968,8972,5,15
62037,15,8973,8973,1,9
31019,14,8973,8974,2,10
31022,14,8977,8978,2,10
7755,12,8973,8975,3,5
62046,15,8978,8978,1,9
31023,14,8976,8976,1,10
62047,15,8977,8977,1,9
31024,14,8980,8981,2,10
15512,13,8982,8982,1,5
3878,11,8983,8985,3,15
1939,10,8968,8978,11,11
124102,16,8981,8981,1,9
31025,14,8979,8979,1,10
124103,16,8980,8980,1,9
15513,13,8979,8981,3,5
15516,13,8984,8984,1,10
7758,12,8985,8985,1,5
3879,11,8979,8982,4,15
15517,13,8983,8983,1,10
7759,12,8983,8984,2,5
7760,12,8987,8994,8,5
3880,11,8995,8999,5,15
1940,10,9000,9005,6,11
970,9,9006,9029,24,4
485,8,8945,8985,41,8
62088,15,8988,8989,2,16
31044,14,8990,8992,3,9
15522,13,8993,8994,2,10
7761,12,8986,8986,1,5
248356,17,8989,8989,1,3
62089,15,8987,8987,1,16
248357,17,8988,8988,1,3
248362,17,8991,8991,1,3
62090,15,8992,8992,1,16
31045,14,8987,8989,3,9
248363,17,8990,8990,1,3
62091,15,8990,8991,2,16
124188,16,8994,8994,1,9
15523,13,8987,8992,6,10
124189,16,8993,8993,1,9
7762,12,8996,8999,4,5
3881,11,8986,8994,9,15
15526,13,8997,8999,3,10
7763,12,8995,8995,1,5
31054,14,8998,8999,2,9
15527,13,8996,8996,1,10
62110,15,8999,8999,1,16
31055,14,8997,8997,1,9
62111,15,8998,8998,1,16
31056,14,9001,9001,1,9
15528,13,9002,9002,1,10
7764,12,9003,9003,1,5
3882,11,9004,9005,2,15
1941,10,8986,8999,14,11
31057,14,9000,9000,1,9
15529,13,9000,9001,2,10
7765,12,9000,9002,3,5
7766,12,9005,9005,1,5
3883,11,9000,9003,4,15
7767,12,9004,9004,1,5
15536,13,9007,9007,1,10
7768,12,9008,9011,4,5
3884,11,9012,9020,9,15
1942,10,9021,9029,9,11
971,9,8986,9005,20,4
15537,13,9006,9006,1,10
31076,14,9009,9010,2,9
15538,13,9011,9011,1,10
7769,12,9006,9007,2,5
62154,15,9010,9010,1,16
31077,14,9008,9008,1,9
62155,15,9009,9009,1,16
15539,13,9008,9010,3,10
15540,13,9013,9014,2,10
7770,12,9015,9020,6,5
3885,11,9006,9011,6,15
124332,16,9014,9014,1,9
15541,13,9012,9012,1,10
124333,16,9013,9013,1,9
31084,14,9016,9018,3,9
15542,13,9019,9020,2,10
7771,12,9012,9014,3,5
62170,15,9017,9018,2,16
31085,14,9015,9015,1,9
248684,17,9018,9018,1,3
62171,15,9016,9016,1,16
248685,17,9017,9017,1,3
62172,15,9020,9020,1,9
15543,13,9015,9018,4,10
62173,15,9019,9019,1,9
31088,14,9022,9023,2,9
15544,13,9024,9024,1,10
7772,12,9025,9026,2,5
3886,11,9027,9029,3,15
1943,10,9006,9020,15,11
62178,15,9023,9023,1,16
31089,14,9021,9021,1,9
62179,15,9022,9022,1,16
15545,13,9021,9023,3,10
248744,17,9026,9026,1,10
7773,12,9021,9024,4,5
248745,17,9025,9025,1,10
7774,12,9028,9029,2,5
3887,11,9021,9026,6,15
248822,17,9029,9029,1,10
7775,12,9027,9027,1,5
248823,17,9028,9028,1,10
124420,16,9031,9031,1,10
7776,12,9032,9036,5,5
3888,11,9037,9039,3,15
1944,10,9040,9046,7,11
972,9,9047,9066,20,4
486,8,9067,9095,29,8
243,7,8945,9029,85,12
124421,16,9030,9030,1,10
124434,16,9033,9033,1,9
15554,13,9034,9036,3,10
7777,12,9030,9031,2,5
124435,16,9032,9032,1,9
62220,15,9035,9035,1,16
31110,14,9036,9036,1,9
15555,13,9032,9033,2,10
62221,15,9034,9034,1,16
31111,14,9034,9035,2,9
15556,13,9038,9038,1,10
7778,12,9039,9039,1,5
3889,11,9030,9036,7,15
15557,13,9037,9037,1,10
7779,12,9037,9038,2,5
31120,14,9041,9041,1,10
7780,12,9042,9044,3,5
3890,11,9045,9046,2,15
1945,10,9030,9039,10,11
31121,14,9040,9040,1,10
15562,13,9043,9044,2,10
7781,12,9040,9041,2,5
62254,15,9044,9044,1,9
15563,13,9042,9042,1,10
62255,15,9043,9043,1,9
15564,13,9046,9046,1,5
3891,11,9040,9044,5,15
15565,13,9045,9045,1,5
31136,14,9048,9048,1,9
15568,13,9049,9049,1,10
7784,12,9050,9052,3,5
3892,11,9053,9058,6,15
1946,10,9059,9066,8,11
973,9,9030,9046,17,4
31137,14,9047,9047,1,9
15569,13,9047,9048,2,10
31142,14,9051,9052,2,10
7785,12,9047,9049,3,5
62286,15,9052,9052,1,9
31143,14,9050,9050,1,10
62287,15,9051,9051,1,9
31144,14,9054,9054,1,9
15572,13,9055,9055,1,10
7786,12,9056,9058,3,5
3893,11,9047,9052,6,15
31145,14,9053,9053,1,9
15573,13,9053,9054,2,10
15574,13,9057,9058,2,10
7787,12,9053,9055,3,5
62302,15,9058,9058,1,9
15575,13,9056,9056,1,10
62303,15,9057,9057,1,9
15578,13,9060,9060,1,5
3894,11,9061,9066,6,15
1947,10,9047,9058,12,11
15579,13,9059,9059,1,5
15580,13,9062,9063,2,10
7790,12,9064,9066,3,5
3895,11,9059,9060,2,15
62326,15,9063,9063,1,9
15581,13,9061,9061,1,10
62327,15,9062,9062,1,9
31166,14,9065,9066,2,10
7791,12,9061,9063,3,5
62334,15,9066,9066,1,9
31167,14,9064,9064,1,10
62335,15,9065,9065,1,9
3896,11,9068,9071,4,15
1948,10,9072,9077,6,11
974,9,9078,9095,18,4
487,8,9030,9066,37,8
7794,12,9069,9071,3,5
3897,11,9067,9067,1,15
124724,16,9070,9070,1,9
15590,13,9071,9071,1,10
7795,12,9068,9068,1,5
124725,16,9069,9069,1,9
15591,13,9069,9070,2,10
31188,14,9073,9075,3,5
3898,11,9076,9077,2,15
1949,10,9067,9071,5,11
124758,16,9074,9075,2,10
31189,14,9072,9072,1,5
998074,19,9075,9075,1,9
124759,16,9073,9073,1,10
998075,19,9074,9074,1,9
15596,13,9077,9077,1,5
3899,11,9072,9075,4,15
15597,13,9076,9076,1,5
62414,15,9079,9079,1,5
3900,11,9080,9083,4,15
1950,10,9084,9095,12,11
975,9,9067,9077,11,4
62415,15,9078,9078,1,5
7802,12,9081,9083,3,5
3901,11,9078,9079,2,15
249700,17,9082,9082,1,9
15606,13,9083,9083,1,10
7803,12,9080,9080,1,5
249701,17,9081,9081,1,9
15607,13,9081,9082,2,10
62432,15,9085,9086,2,9
15608,13,9087,9087,1,10
7804,12,9088,9091,4,5
3902,11,9092,9095,4,15
1951,10,9078,9083,6,11
31965808,24,9086,9086,1,16
62433,15,9084,9084,1,9
31965809,24,9085,9085,1,16
15609,13,9084,9086,3,10
249770,17,9089,9089,1,16
62442,15,9090,9090,1,9
15610,13,9091,9091,1,10
7805,12,9084,9087,4,5
249771,17,9088,9088,1,16
62443,15,9088,9089,2,9
15611,13,9088,9090,3,10
7806,12,9093,9095,3,5
3903,11,9084,9091,8,15
31228,14,9094,9094,1,9
15614,13,9095,9095,1,10
7807,12,9092,9092,1,5
31229,14,9093,9093,1,9
15615,13,9093,9094,2,10
15616,13,9097,9098,2,10
7808,12,9099,9099,1,5
3904,11,9100,9106,7,15
1952,10,9107,9114,8,11
976,9,9115,9136,22,4
488,8,9137,9174,38,8
244,7,9175,9252,78,5
122,6,9253,9408,156,17
61,5,8798,9095,298,14
499770,18,9098,9098,1,9
15617,13,9096,9096,1,10
499771,18,9097,9097,1,9
7809,12,9096,9098,3,5
15620,13,9101,9102,2,10
7810,12,9103,9106,4,5
3905,11,9096,9099,4,15
249940,17,9102,9102,1,9
15621,13,9100,9100,1,10
249941,17,9101,9101,1,9
15622,13,9104,9106,3,10
7811,12,9100,9102,3,5
62492,15,9105,9106,2,9
15623,13,9103,9103,1,10
124986,16,9106,9106,1,16
62493,15,9104,9104,1,9
124987,16,9105,9105,1,16
31250,14,9108,9108,1,10
7812,12,9109,9111,3,5
3906,11,9112,9114,3,15
1953,10,9096,9106,11,11
31251,14,9107,9107,1,10
31252,14,9110,9110,1,9
15626,13,9111,9111,1,10
7813,12,9107,9108,2,5
31253,14,9109,9109,1,9
15627,13,9109,9110,2,10
62520,15,9113,9113,1,10
31260,14,9114,9114,1,5
3907,11,9107,9111,5,15
62521,15,9112,9112,1,10
31261,14,9112,9113,2,5
125056,16,9116,9116,1,16
31264,14,9117,9117,1,9
15632,13,9118,9120,3,10
7816,12,9121,9122,2,5
3908,11,9123,9126,4,15
1954,10,9127,9136,10,11
977,9,9096,9114,19,4
125057,16,9115,9115,1,16
31265,14,9115,9116,2,9
31266,14,9119,9120,2,9
15633,13,9115,9117,3,10
62534,15,9120,9120,1,16
31267,14,9118,9118,1,9
62535,15,9119,9119,1,16
125072,16,9122,9122,1,10
7817,12,9115,9120,6,5
125073,16,9121,9121,1,10
15636,13,9124,9124,1,10
7818,12,9125,9126,2,5
3909,11,9115,9122,8,15
15637,13,9123,9123,1,10
15638,13,9126,9126,1,10
7819,12,9123,9124,2,5
15639,13,9125,9125,1,10
15640,13,9128,9128,1,5
3910,11,9129,9136,8,15
1955,10,9115,9126,12,11
15641,13,9127,9127,1,5
15644,13,9130,9131,2,10
7822,12,9132,9136,5,5
3911,11,9127,9128,2,15
125160,16,9131,9131,1,9
15645,13,9129,9129,1,10
125161,16,9130,9130,1,9
62584,15,9133,9133,1,9
15646,13,9134,9136,3,10
7823,12,9129,9131,3,5
62585,15,9132,9132,1,9
62590,15,9135,9136,2,9
15647,13,9132,9133,2,10
125182,16,9136,9136,1,16
62591,15,9134,9134,1,9
125183,16,9135,9135,1,16
1001484,19,9138,9138,1,10
31296,14,9139,9139,1,5
3912,11,9140,9143,4,15
1956,10,9144,9157,14,11
978,9,9158,9174,17,4
489,8,9096,9136,41,8
1001485,19,9137,9137,1,10
31297,14,9137,9138,2,5
7826,12,9141,9143,3,5
3913,11,9137,9139,3,15
62616,15,9142,9142,1,9
31308,14,9143,9143,1,10
7827,12,9140,9140,1,5
62617,15,9141,9141,1,9
31309,14,9141,9142,2,10
15656,13,9145,9148,4,10
7828,12,9149,9150,2,5
3914,11,9151,9157,7,15
1957,10,9137,9143,7,11
31314,14,9146,9148,3,9
15657,13,9144,9144,1,10
125262,16,9147,9148,2,16
31315,14,9145,9145,1,9
250526,17,9148,9148,1,3
125263,16,9146,9146,1,16
250527,17,9147,9147,1,3
15658,13,9150,9150,1,10
7829,12,9144,9148,5,5
15659,13,9149,9149,1,10
31320,14,9152,9152,1,9
15660,13,9153,9154,2,10
7830,12,9155,9157,3,5
3915,11,9144,9150,7,15
31321,14,9151,9151,1,9
31322,14,9154,9154,1,9
15661,13,9151,9152,2,10
31323,14,9153,9153,1,9
31324,14,9156,9156,1,9
15662,13,9157,9157,1,10
7831,12,9151,9154,4,5
31325,14,9155,9155,1,9
15663,13,9155,9156,2,10
7832,12,9159,9161,3,5
3916,11,9162,9166,5,15
1958,10,9167,9174,8,11
979,9,9137,9157,21,4
250666,17,9160,9160,1,9
62666,15,9161,9161,1,10
7833,12,9158,9158,1,5
250667,17,9159,9159,1,9
62667,15,9159,9160,2,10
15668,13,9163,9164,2,10
7834,12,9165,9166,2,5
3917,11,9158,9161,4,15
31338,14,9164,9164,1,9
15669,13,9162,9162,1,10
31339,14,9163,9163,1,9
15670,13,9166,9166,1,10
7835,12,9162,9164,3,5
15671,13,9165,9165,1,10
15674,13,9168,9168,1,5
3918,11,9169,9174,6,15
1959,10,9158,9166,9,11
15675,13,9167,9167,1,5
31352,14,9170,9171,2,9
15676,13,9172,9172,1,10
7838,12,9173,9174,2,5
3919,11,9167,9168,2,15
62706,15,9171,9171,1,16
31353,14,9169,9169,1,9
62707,15,9170,9170,1,16
15677,13,9169,9171,3,10
15678,13,9174,9174,1,10
7839,12,9169,9172,4,5
15679,13,9173,9173,1,10
31360,14,9176,9176,1,13
7840,12,9177,9178,2,15
3920,11,9179,9184,6,11
1960,10,9185,9199,15,18
980,9,9200,9217,18,10
490,8,9218,9252,35,9
245,7,9096,9174,79,12
31361,14,9175,9175,1,13
15682,13,9178,9178,1,13
7841,12,9175,9176,2,15
15683,13,9177,9177,1,13
7842,12,9180,9184,5,15
3921,11,9175,9178,4,11
62746,15,9181,9182,2,16
15686,13,9183,9184,2,13
7843,12,9179,9179,1,15
125494,16,9182,9182,1,3
62747,15,9180,9180,1,16
125495,16,9181,9181,1,3
31374,14,9184,9184,1,16
15687,13,9180,9182,3,13
31375,14,9183,9183,1,16
62754,15,9186,9186,1,13
7844,12,9187,9191,5,15
3922,11,9192,9199,8,11
1961,10,9175,9184,10,18
62755,15,9185,9185,1,13
2008382,20,9188,9188,1,16
15690,13,9189,9191,3,13
7845,12,9185,9186,2,15
2008383,20,9187,9187,1,16
62764,15,9190,9190,1,3
31382,14,9191,9191,1,16
15691,13,9187,9188,2,13
62765,15,9189,9189,1,3
31383,14,9189,9190,2,16
7846,12,9193,9199,7,15
3923,11,9185,9191,7,11
31388,14,9194,9194,1,16
15694,13,9195,9199,5,13
7847,12,9192,9192,1,15
31389,14,9193,9193,1,16
502246,18,9196,9196,1,4
62780,15,9197,9197,1,3
31390,14,9198,9199,2,16
15695,13,9193,9194,2,13
502247,18,9195,9195,1,4
62781,15,9195,9196,2,3
1004514,19,9199,9199,1,3
31391,14,9195,9197,3,16
1004515,19,9198,9198,1,3
62784,15,9201,9201,1,3
31392,14,9202,9202,1,16
15696,13,9203,9203,1,13
7848,12,9204,9204,1,15
3924,11,9205,9210,6,11
1962,10,9211,9217,7,18
981,9,9175,9199,25,10
62785,15,9200,9200,1,3
31393,14,9200,9201,2,16
15697,13,9200,9202,3,13
7849,12,9200,9203,4,15
15700,13,9206,9206,1,13
7850,12,9207,9210,4,15
3925,11,9200,9204,5,11
15701,13,9205,9205,1,13
31404,14,9208,9209,2,16
15702,13,9210,9210,1,13
7851,12,9205,9206,2,15
62810,15,9209,9209,1,3
31405,14,9207,9207,1,16
62811,15,9208,9208,1,3
15703,13,9207,9209,3,13
15706,13,9212,9214,3,15
3926,11,9215,9217,3,11
1963,10,9200,9210,11,18
31414,14,9213,9214,2,13
15707,13,9211,9211,1,15
62830,15,9214,9214,1,16
31415,14,9212,9212,1,13
62831,15,9213,9213,1,16
1005328,19,9216,9216,1,13
251332,17,9217,9217,1,15
3927,11,9211,9214,4,11
1005329,19,9215,9215,1,13
251333,17,9215,9216,2,15
15712,13,9219,9220,2,13
7856,12,9221,9225,5,15
3928,11,9226,9232,7,11
1964,10,9233,9237,5,18
982,9,9238,9252,15,10
491,8,9175,9217,43,9
251422,17,9220,9220,1,16
15713,13,9218,9218,1,13
251423,17,9219,9219,1,16
251432,17,9222,9222,1,16
15714,13,9223,9225,3,13
7857,12,9218,9220,3,15
251433,17,9221,9221,1,16
125720,16,9224,9224,1,3
62860,15,9225,9225,1,16
15715,13,9221,9222,2,13
125721,16,9223,9223,1,3
62861,15,9223,9224,2,16
31436,14,9227,9227,1,13
15718,13,9228,9232,5,15
3929,11,9218,9225,8,11
31437,14,9226,9226,1,13
2012072,20,9229,9229,1,3
125754,16,9230,9231,2,16
31438,14,9232,9232,1,13
15719,13,9226,9227,2,15
2012073,20,9228,9228,1,3
251510,17,9231,9231,1,3
125755,16,9228,9229,2,16
251511,17,9230,9230,1,3
31439,14,9228,9231,4,13
15720,13,9234,9235,2,15
3930,11,9236,9237,2,11
1965,10,9218,9232,15,18
31442,14,9235,9235,1,13
15721,13,9233,9233,1,15
31443,14,9234,9234,1,13
15724,13,9237,9237,1,15
3931,11,9233,9235,3,11
15725,13,9236,9236,1,15
125836,16,9239,9239,1,16
62918,15,9240,9243,4,13
7864,12,9244,9247,4,15
3932,11,9248,9250,3,11
1966,10,9251,9252,2,18
983,9,9218,9237,20,10
125837,16,9238,9238,1,16
125838,16,9241,9243,3,16
62919,15,9238,9239,2,13
4026866,21,9242,9242,1,4
503358,18,9243,9243,1,3
125839,16,9240,9240,1,16
4026867,21,9241,9241,1,4
503359,18,9241,9242,2,3
125840,16,9245,9245,1,3
62920,15,9246,9246,1,16
15730,13,9247,9247,1,13
7865,12,9238,9243,6,15
125841,16,9244,9244,1,3
62921,15,9244,9245,2,16
15731,13,9244,9246,3,13
7866,12,9249,9250,2,15
3933,11,9238,9247,10,11
15734,13,9250,9250,1,13
7867,12,9248,9248,1,15
15735,13,9249,9249,1,13
31484,14,9252,9252,1,11
1967,10,9238,9250,13,18
31485,14,9251,9251,1,11
15744,13,9254,9256,3,10
7872,12,9257,9258,2,5
3936,11,9259,9263,5,15
1968,10,9264,9272,9,11
984,9,9273,9288,16,4
492,8,9289,9322,34,8
246,7,9323,9408,86,12
123,6,9096,9252,157,17
125960,16,9255,9255,1,16
62980,15,9256,9256,1,9
15745,13,9253,9253,1,10
125961,16,9254,9254,1,16
62981,15,9254,9255,2,9
31492,14,9258,9258,1,10
7873,12,9253,9256,4,5
31493,14,9257,9257,1,10
7874,12,9260,9263,4,5
3937,11,9253,9258,6,15
31500,14,9261,9263,3,10
7875,12,9259,9259,1,5
504020,18,9262,9263,2,9
31501,14,9260,9260,1,10
1008042,19,9263,9263,1,16
504021,18,9261,9261,1,9
1008043,19,9262,9262,1,16
7876,12,9265,9265,1,5
3938,11,9266,9272,7,15
1969,10,9253,9263,11,11
7877,12,9264,9264,1,5
15756,13,9267,9267,1,10
7878,12,9268,9272,5,5
3939,11,9264,9265,2,15
15757,13,9266,9266,1,10
126066,16,9269,9269,1,16
31516,14,9270,9270,1,9
15758,13,9271,9272,2,10
7879,12,9266,9267,2,5
126067,16,9268,9268,1,16
31517,14,9268,9269,2,9
31518,14,9272,9272,1,9
15759,13,9268,9270,3,10
31519,14,9271,9271,1,9
31520,14,9274,9274,1,9
15760,13,9275,9276,2,10
7880,12,9277,9277,1,5
3940,11,9278,9280,3,15
1970,10,9281,9288,8,11
985,9,9253,9272,20,4
31521,14,9273,9273,1,9
63044,15,9276,9276,1,9
15761,13,9273,9274,2,10
63045,15,9275,9275,1,9
7881,12,9273,9276,4,5
63062,15,9279,9279,1,10
7882,12,9280,9280,1,5
3941,11,9273,9277,5,15
63063,15,9278,9278,1,10
7883,12,9278,9279,2,5
15768,13,9282,9283,2,10
7884,12,9284,9286,3,5
3942,11,9287,9288,2,15
1971,10,9273,9280,8,11
63076,15,9283,9283,1,9
15769,13,9281,9281,1,10
63077,15,9282,9282,1,9
15770,13,9285,9286,2,10
7885,12,9281,9283,3,5
63086,15,9286,9286,1,9
15771,13,9284,9284,1,10
63087,15,9285,9285,1,9
7886,12,9288,9288,1,5
3943,11,9281,9286,6,15
7887,12,9287,9287,1,5
252456,17,9290,9290,1,10
15778,13,9291,9293,3,5
3944,11,9294,9294,1,15
1972,10,9295,9307,13,11
986,9,9308,9322,15,4
493,8,9253,9288,36,8
252457,17,9289,9289,1,10
31558,14,9292,9293,2,10
15779,13,9289,9290,2,5
2019788,20,9293,9293,1,9
31559,14,9291,9291,1,10
2019789,20,9292,9292,1,9
3945,11,9289,9293,5,15
7892,12,9296,9300,5,5
3946,11,9301,9307,7,15
1973,10,9289,9294,6,11
252576,17,9297,9297,1,16
31572,14,9298,9298,1,9
15786,13,9299,9300,2,10
7893,12,9295,9295,1,5
252577,17,9296,9296,1,16
31573,14,9296,9297,2,9
31574,14,9300,9300,1,9
15787,13,9296,9298,3,10
31575,14,9299,9299,1,9
15788,13,9302,9303,2,10
7894,12,9304,9307,4,5
3947,11,9295,9300,6,15
31578,14,9303,9303,1,9
15789,13,9301,9301,1,10
31579,14,9302,9302,1,9
31580,14,9305,9305,1,9
15790,13,9306,9307,2,10
7895,12,9301,9303,3,5
31581,14,9304,9304,1,9
63166,15,9307,9307,1,9
15791,13,9304,9305,2,10
63167,15,9306,9306,1,9
7896,12,9309,9311,3,5
3948,11,9312,9314,3,15
1974,10,9315,9322,8,11
987,9,9289,9307,19,4
31588,14,9310,9310,1,9
15794,13,9311,9311,1,10
7897,12,9308,9308,1,5
31589,14,9309,9309,1,9
15795,13,9309,9310,2,10
7898,12,9313,9314,2,5
3949,11,9308,9311,4,15
1011150,19,9314,9314,1,10
7899,12,9312,9312,1,5
1011151,19,9313,9313,1,10
7900,12,9316,9317,2,5
3950,11,9318,9322,5,15
1975,10,9308,9314,7,11
2022790,20,9317,9317,1,10
7901,12,9315,9315,1,5
2022791,20,9316,9316,1,10
7902,12,9319,9322,4,5
3951,11,9315,9317,3,15
15806,13,9320,9322,3,10
7903,12,9318,9318,1,5
1011674,19,9321,9321,1,16
31614,14,9322,9322,1,9
15807,13,9319,9319,1,10
1011675,19,9320,9320,1,16
31615,14,9320,9321,2,9
252930,17,9324,9324,1,3
63232,15,9325,9325,1,16
31616,14,9326,9326,1,9
15808,13,9327,9327,1,10
7904,12,9328,9330,3,5
3952,11,9331,9339,9,15
1976,10,9340,9348,9,11
988,9,9349,9372,24,4
494,8,9373,9408,36,8
247,7,9253,9322,70,12
252931,17,9323,9323,1,3
63233,15,9323,9324,2,16
31617,14,9323,9325,3,9
15809,13,9323,9326,4,10
31620,14,9329,9329,1,9
15810,13,9330,9330,1,10
7905,12,9323,9327,5,5
31621,14,9328,9328,1,9
15811,13,9328,9329,2,10
15812,13,9332,9332,1,10
7906,12,9333,9339,7,5
3953,11,9323,9330,8,15
15813,13,9331,9331,1,10
31628,14,9334,9337,4,9
15814,13,9338,9339,2,10
7907,12,9331,9332,2,5
1012138,19,9335,9335,1,18
253034,17,9336,9336,1,3
63258,15,9337,9337,1,16
31629,14,9333,9333,1,9
1012139,19,9334,9334,1,18
253035,17,9334,9335,2,3
63259,15,9334,9336,3,16
126522,16,9339,9339,1,9
15815,13,9333,9337,5,10
126523,16,9338,9338,1,9
126530,16,9341,9341,1,9
15816,13,9342,9342,1,10
7908,12,9343,9346,4,5
3954,11,9347,9348,2,15
1977,10,9323,9339,17,11
126531,16,9340,9340,1,9
15817,13,9340,9341,2,10
15818,13,9344,9346,3,10
7909,12,9340,9342,3,5
31638,14,9345,9346,2,9
15819,13,9343,9343,1,10
63278,15,9346,9346,1,16
31639,14,9344,9344,1,9
63279,15,9345,9345,1,16
7910,12,9348,9348,1,5
3955,11,9340,9346,7,15
7911,12,9347,9347,1,5
253204,17,9350,9350,1,9
31650,14,9351,9352,2,10
7912,12,9353,9353,1,5
3956,11,9354,9358,5,15
1978,10,9359,9372,14,11
989,9,9323,9348,26,4
253205,17,9349,9349,1,9
253208,17,9352,9352,1,9
31651,14,9349,9350,2,10
253209,17,9351,9351,1,9
7913,12,9349,9352,4,5
15828,13,9355,9356,2,10
7914,12,9357,9358,2,5
3957,11,9349,9353,5,15
63318,15,9356,9356,1,9
15829,13,9354,9354,1,10
63319,15,9355,9355,1,9
31660,14,9358,9358,1,10
7915,12,9354,9356,3,5
31661,14,9357,9357,1,10
15832,13,9360,9362,3,10
7916,12,9363,9369,7,5
3958,11,9370,9372,3,15
1979,10,9349,9358,10,11
1013328,19,9361,9361,1,16
31666,14,9362,9362,1,9
15833,13,9359,9359,1,10
1013329,19,9360,9360,1,16
31667,14,9360,9361,2,9
126676,16,9364,9364,1,9
15834,13,9365,9369,5,10
7917,12,9359,9362,4,5
126677,16,9363,9363,1,9
253362,17,9366,9366,1,3
63340,15,9367,9368,2,16
31670,14,9369,9369,1,9
15835,13,9363,9364,2,10
253363,17,9365,9365,1,3
506728,18,9368,9368,1,3
63341,15,9365,9366,2,16
506729,18,9367,9367,1,3
31671,14,9365,9368,4,9
31676,14,9371,9371,1,10
15838,13,9372,9372,1,5
3959,11,9359,9369,11,15
31677,14,9370,9370,1,10
15839,13,9370,9371,2,5
15840,13,9374,9374,1,10
7920,12,9375,9377,3,5
3960,11,9378,9381,4,15
1980,10,9382,9387,6,11
990,9,9388,9408,21,4
495,8,9323,9372,50,8
15841,13,9373,9373,1,10
63368,15,9376,9376,1,9
15842,13,9377,9377,1,10
7921,12,9373,9374,2,5
63369,15,9375,9375,1,9
15843,13,9375,9376,2,10
31688,14,9379,9380,2,10
15844,13,9381,9381,1,5
3961,11,9373,9377,5,15
126756,16,9380,9380,1,9
31689,14,9378,9378,1,10
126757,16,9379,9379,1,9
15845,13,9378,9380,3,5
7924,12,9383,9384,2,5
3962,11,9385,9387,3,15
1981,10,9373,9381,9,11
15850,13,9384,9384,1,10
7925,12,9382,9382,1,5
15851,13,9383,9383,1,10
7926,12,9386,9387,2,5
3963,11,9382,9384,3,15
31708,14,9387,9387,1,10
7927,12,9385,9385,1,5
31709,14,9386,9386,1,10
31712,14,9389,9389,1,9
15856,13,9390,9390,1,10
7928,12,9391,9392,2,5
3964,11,9393,9397,5,15
1982,10,9398,9408,11,11
991,9,9373,9387,15,4
31713,14,9388,9388,1,9
15857,13,9388,9389,2,10
126864,16,9392,9392,1,10
7929,12,9388,9390,3,5
126865,16,9391,9391,1,10
31720,14,9394,9395,2,10
7930,12,9396,9397,2,5
3965,11,9388,9392,5,15
253768,17,9395,9395,1,9
31721,14,9393,9393,1,10
253769,17,9394,9394,1,9
31724,14,9397,9397,1,10
7931,12,9393,9395,3,5
31725,14,9396,9396,1,10
253834,17,9399,9399,1,9
63458,15,9400,9400,1,10
15864,13,9401,9401,1,5
3966,11,9402,9408,7,15
1983,10,9388,9397,10,11
253835,17,9398,9398,1,9
63459,15,9398,9399,2,10
15865,13,9398,9400,3,5
63472,15,9403,9403,1,9
15868,13,9404,9404,1,10
7934,12,9405,9408,4,5
3967,11,9398,9401,4,15
63473,15,9402,9402,1,9
15869,13,9402,9403,2,10
15870,13,9406,9408,3,10
7935,12,9402,9404,3,5
1015762,19,9407,9407,1,16
31742,14,9408,9408,1,9
15871,13,9405,9405,1,10
1015763,19,9406,9406,1,16
31743,14,9406,9407,2,9
253956,17,9410,9410,1,10
7936,12,9411,9414,4,5
3968,11,9415,9420,6,15
1984,10,9421,9431,11,11
992,9,9432,9442,11,4
496,8,9443,9472,30,8
248,7,9473,9552,80,12
124,6,9553,9704,152,17
62,5,9705,9999,295,14
31,4,8798,9408,611,7
253957,17,9409,9409,1,10
15874,13,9412,9414,3,10
7937,12,9409,9410,2,5
31750,14,9413,9414,2,9
15875,13,9411,9411,1,10
508018,18,9414,9414,1,16
31751,14,9412,9412,1,9
508019,18,9413,9413,1,16
15876,13,9416,9417,2,10
7938,12,9418,9420,3,5
3969,11,9409,9414,6,15
31754,14,9417,9417,1,9
15877,13,9415,9415,1,10
31755,14,9416,9416,1,9
63512,15,9419,9419,1,9
15878,13,9420,9420,1,10
7939,12,9415,9417,3,5
63513,15,9418,9418,1,9
15879,13,9418,9419,2,10
7940,12,9422,9423,2,5
3970,11,9424,9431,8,15
1985,10,9409,9420,12,11
15882,13,9423,9423,1,10
7941,12,9421,9421,1,5
15883,13,9422,9422,1,10
15884,13,9425,9427,3,10
7942,12,9428,9431,4,5
3971,11,9421,9423,3,15
31770,14,9426,9427,2,9
15885,13,9424,9424,1,10
63542,15,9427,9427,1,16
31771,14,9425,9425,1,9
63543,15,9426,9426,1,16
127092,16,9429,9429,1,9
15886,13,9430,9431,2,10
7943,12,9424,9427,4,5
127093,16,9428,9428,1,9
31774,14,9431,9431,1,9
15887,13,9428,9429,2,10
31775,14,9430,9430,1,9
15888,13,9433,9434,2,5
3972,11,9435,9435,1,15
1986,10,9436,9442,7,11
993,9,9409,9431,23,4
31778,14,9434,9434,1,10
15889,13,9432,9432,1,5
31779,14,9433,9433,1,10
3973,11,9432,9434,3,15
15896,13,9437,9437,1,10
7948,12,9438,9438,1,5
3974,11,9439,9442,4,15
1987,10,9432,9435,4,11
15897,13,9436,9436,1,10
7949,12,9436,9437,2,5
31800,14,9440,9440,1,9
15900,13,9441,9441,1,10
7950,12,9442,9442,1,5
3975,11,9436,9438,3,15
31801,14,9439,9439,1,9
15901,13,9439,9440,2,10
7951,12,9439,9441,3,5
15904,13,9444,9444,1,5
7952,12,9445,9446,2,15
1988,10,9447,9456,10,11
994,9,9457,9472,16,4
497,8,9409,9442,34,8
15905,13,9443,9443,1,5
31812,14,9446,9446,1,5
7953,12,9443,9444,2,15
31813,14,9445,9445,1,5
15912,13,9448,9448,1,10
7956,12,9449,9449,1,5
3978,11,9450,9456,7,15
1989,10,9443,9446,4,11
15913,13,9447,9447,1,10
7957,12,9447,9448,2,5
15916,13,9451,9452,2,10
7958,12,9453,9456,4,5
3979,11,9447,9449,3,15
127342,16,9452,9452,1,9
15917,13,9450,9450,1,10
127343,16,9451,9451,1,9
63672,15,9454,9454,1,16
31836,14,9455,9455,1,9
15918,13,9456,9456,1,10
7959,12,9450,9452,3,5
63673,15,9453,9453,1,16
31837,14,9453,9454,2,9
15919,13,9453,9455,3,10
31840,14,9458,9459,2,10
7960,12,9460,9460,1,5
3980,11,9461,9463,3,15
1990,10,9464,9472,9,11
995,9,9443,9456,14,4
63682,15,9459,9459,1,9
31841,14,9457,9457,1,10
63683,15,9458,9458,1,9
7961,12,9457,9459,3,5
7962,12,9462,9463,2,5
3981,11,9457,9460,4,15
15926,13,9463,9463,1,10
7963,12,9461,9461,1,5
15927,13,9462,9462,1,10
509728,18,9465,9465,1,10
7964,12,9466,9466,1,5
3982,11,9467,9472,6,15
1991,10,9457,9463,7,11
509729,18,9464,9464,1,10
7965,12,9464,9465,2,5
15932,13,9468,9468,1,10
7966,12,9469,9472,4,5
3983,11,9464,9466,3,15
15933,13,9467,9467,1,10
31868,14,9470,9470,1,9
15934,13,9471,9472,2,10
7967,12,9467,9468,2,5
31869,14,9469,9469,1,9
31870,14,9472,9472,1,9
15935,13,9469,9470,2,10
31871,14,9471,9471,1,9
15936,13,9474,9474,1,10
7968,12,9475,9475,1,5
3984,11,9476,9479,4,15
1992,10,9480,9492,13,11
996,9,9493,9515,23,4
498,8,9516,9552,37,8
249,7,9409,9472,64,12
15937,13,9473,9473,1,10
7969,12,9473,9474,2,5
255062,17,9477,9477,1,10
7970,12,9478,9479,2,5
3985,11,9473,9475,3,15
255063,17,9476,9476,1,10
15942,13,9479,9479,1,10
7971,12,9476,9477,2,5
15943,13,9478,9478,1,10
31888,14,9481,9481,1,9
15944,13,9482,9482,1,10
7972,12,9483,9485,3,5
3986,11,9486,9492,7,15
1993,10,9473,9479,7,11
31889,14,9480,9480,1,9
15945,13,9480,9481,2,10
15946,13,9484,9485,2,10
7973,12,9480,9482,3,5
255158,17,9485,9485,1,9
15947,13,9483,9483,1,10
255159,17,9484,9484,1,9
31896,14,9487,9488,2,9
15948,13,9489,9490,2,10
7974,12,9491,9492,2,5
3987,11,9480,9485,6,15
63794,15,9488,9488,1,16
31897,14,9486,9486,1,9
63795,15,9487,9487,1,16
63798,15,9490,9490,1,9
15949,13,9486,9488,3,10
63799,15,9489,9489,1,9
15950,13,9492,9492,1,10
7975,12,9486,9490,5,5
15951,13,9491,9491,1,10
7976,12,9494,9497,4,5
3988,11,9498,9501,4,15
1994,10,9502,9515,14,11
997,9,9473,9492,20,4
127638,16,9495,9495,1,9
15954,13,9496,9497,2,10
7977,12,9493,9493,1,5
127639,16,9494,9494,1,9
31910,14,9497,9497,1,9
15955,13,9494,9495,2,10
31911,14,9496,9496,1,9
15956,13,9499,9499,1,10
7978,12,9500,9501,2,5
3989,11,9493,9497,5,15
15957,13,9498,9498,1,10
1021382,19,9501,9501,1,10
7979,12,9498,9499,2,5
1021383,19,9500,9500,1,10
127688,16,9503,9503,1,9
31922,14,9504,9504,1,10
7980,12,9505,9507,3,5
3990,11,9508,9515,8,15
1995,10,9493,9501,9,11
127689,16,9502,9502,1,9
31923,14,9502,9503,2,10
15962,13,9506,9507,2,10
7981,12,9502,9504,3,5
31926,14,9507,9507,1,9
15963,13,9505,9505,1,10
31927,14,9506,9506,1,9
15964,13,9509,9512,4,10
7982,12,9513,9515,3,5
3991,11,9502,9507,6,15
31930,14,9510,9512,3,9
15965,13,9508,9508,1,10
63862,15,9511,9512,2,16
31931,14,9509,9509,1,9
255454,17,9512,9512,1,3
63863,15,9510,9510,1,16
255455,17,9511,9511,1,3
31932,14,9514,9514,1,9
15966,13,9515,9515,1,10
7983,12,9508,9512,5,5
31933,14,9513,9513,1,9
15967,13,9513,9514,2,10
15968,13,9517,9517,1,10
7984,12,9518,9518,1,5
3992,11,9519,9520,2,15
1996,10,9521,9533,13,11
998,9,9534,9552,19,4
499,8,9473,9515,43,8
15969,13,9516,9516,1,10
7985,12,9516,9517,2,5
63888,15,9520,9520,1,5
3993,11,9516,9518,3,15
63889,15,9519,9519,1,5
63904,15,9522,9522,1,16
31952,14,9523,9523,1,9
15976,13,9524,9524,1,10
7988,12,9525,9525,1,5
3994,11,9526,9533,8,15
1997,10,9516,9520,5,11
63905,15,9521,9521,1,16
31953,14,9521,9522,2,9
15977,13,9521,9523,3,10
7989,12,9521,9524,4,5
31960,14,9527,9527,1,9
15980,13,9528,9529,2,10
7990,12,9530,9533,4,5
3995,11,9521,9525,5,15
31961,14,9526,9526,1,9
31962,14,9529,9529,1,9
15981,13,9526,9527,2,10
31963,14,9528,9528,1,9
127856,16,9531,9531,1,16
31964,14,9532,9532,1,9
15982,13,9533,9533,1,10
7991,12,9526,9529,4,5
127857,16,9530,9530,1,16
31965,14,9530,9531,2,9
15983,13,9530,9532,3,10
31968,14,9535,9535,1,9
15984,13,9536,9536,1,10
7992,12,9537,9540,4,5
3996,11,9541,9544,4,15
1998,10,9545,9552,8,11
999,9,9516,9533,18,4
31969,14,9534,9534,1,9
15985,13,9534,9535,2,10
255776,17,9538,9538,1,16
31972,14,9539,9539,1,9
15986,13,9540,9540,1,10
7993,12,9534,9536,3,5
255777,17,9537,9537,1,16
31973,14,9537,9538,2,9
15987,13,9537,9539,3,10
63962,15,9542,9543,2,10
15990,13,9544,9544,1,5
3997,11,9534,9540,7,15
1023410,19,9543,9543,1,9
63963,15,9541,9541,1,10
1023411,19,9542,9542,1,9
15991,13,9541,9543,3,5
511776,18,9546,9546,1,9
31986,14,9547,9547,1,10
7996,12,9548,9549,2,5
3998,11,9550,9552,3,15
1999,10,9534,9544,11,11
511777,18,9545,9545,1,9
31987,14,9545,9546,2,10
31988,14,9549,9549,1,10
7997,12,9545,9547,3,5
31989,14,9548,9548,1,10
15996,13,9551,9551,1,10
7998,12,9552,9552,1,5
3999,11,9545,9549,5,15
15997,13,9550,9550,1,10
7999,12,9550,9551,2,5
16000,13,9554,9559,6,10
8000,12,9560,9560,1,5
4000,11,9561,9564,4,15
2000,10,9565,9574,10,11
1000,9,9575,9598,24,4
500,8,9599,9634,36,8
250,7,9635,9704,70,12
125,6,9409,9552,144,17
64004,15,9555,9558,4,16
32002,14,9559,9559,1,9
16001,13,9553,9553,1,10
512040,18,9556,9556,1,18
128010,16,9557,9558,2,3
64005,15,9554,9554,1,16
512041,18,9555,9555,1,18
1024094,19,9558,9558,1,18
128011,16,9555,9556,2,3
1024095,19,9557,9557,1,18
32003,14,9554,9558,5,9
8001,12,9553,9559,7,5
8002,12,9562,9564,3,5
4001,11,9553,9560,8,15
128048,16,9563,9563,1,9
32012,14,9564,9564,1,10
8003,12,9561,9561,1,5
128049,16,9562,9562,1,9
32013,14,9562,9563,2,10
32016,14,9566,9567,2,9
16008,13,9568,9568,1,10
8004,12,9569,9572,4,5
4002,11,9573,9574,2,15
2001,10,9553,9564,12,11
1024548,19,9567,9567,1,16
32017,14,9565,9565,1,9
1024549,19,9566,9566,1,16
16009,13,9565,9567,3,10
128082,16,9570,9570,1,9
16010,13,9571,9572,2,10
8005,12,9565,9568,4,5
128083,16,9569,9569,1,9
32022,14,9572,9572,1,9
16011,13,9569,9570,2,10
32023,14,9571,9571,1,9
32028,14,9574,9574,1,5
4003,11,9565,9572,8,15
32029,14,9573,9573,1,5
16016,13,9576,9576,1,10
8008,12,9577,9580,4,5
4004,11,9581,9586,6,15
2002,10,9587,9598,12,11
1001,9,9553,9574,22,4
16017,13,9575,9575,1,10
64072,15,9578,9579,2,9
32036,14,9580,9580,1,10
8009,12,9575,9576,2,5
256292,17,9579,9579,1,16
64073,15,9577,9577,1,9
256293,17,9578,9578,1,16
32037,14,9577,9579,3,10
16020,13,9582,9583,2,10
8010,12,9584,9586,3,5
4005,11,9575,9580,6,15
128170,16,9583,9583,1,9
16021,13,9581,9581,1,10
128171,16,9582,9582,1,9
32044,14,9585,9585,1,9
16022,13,9586,9586,1,10
8011,12,9581,9583,3,5
32045,14,9584,9584,1,9
16023,13,9584,9585,2,10
32050,14,9588,9588,1,10
8012,12,9589,9591,3,5
4006,11,9592,9598,7,15
2003,10,9575,9586,12,11
32051,14,9587,9587,1,10
256416,17,9590,9590,1,9
16026,13,9591,9591,1,10
8013,12,9587,9588,2,5
256417,17,9589,9589,1,9
16027,13,9589,9590,2,10
32056,14,9593,9593,1,9
16028,13,9594,9594,1,10
8014,12,9595,9598,4,5
4007,11,9587,9591,5,15
32057,14,9592,9592,1,9
16029,13,9592,9593,2,10
32060,14,9596,9596,1,9
16030,13,9597,9598,2,10
8015,12,9592,9594,3,5
32061,14,9595,9595,1,9
1025992,19,9598,9598,1,9
16031,13,9595,9596,2,10
1025993,19,9597,9597,1,9
16032,13,9600,9601,2,10
8016,12,9602,9605,4,5
4008,11,9606,9608,3,15
2004,10,9609,9614,6,11
1002,9,9615,9634,20,4
501,8,9553,9598,46,8
128264,16,9601,9601,1,9
16033,13,9599,9599,1,10
128265,16,9600,9600,1,9
32068,14,9603,9605,3,10
8017,12,9599,9601,3,5
128276,16,9604,9604,1,16
64138,15,9605,9605,1,9
32069,14,9602,9602,1,10
128277,16,9603,9603,1,16
64139,15,9603,9604,2,9
8018,12,9607,9608,2,5
4009,11,9599,9605,7,15
16038,13,9608,9608,1,10
8019,12,9606,9606,1,5
16039,13,9607,9607,1,10
8020,12,9610,9611,2,5
4010,11,9612,9614,3,15
2005,10,9599,9608,10,11
16042,13,9611,9611,1,10
8021,12,9609,9609,1,5
16043,13,9610,9610,1,10
32088,14,9613,9613,1,10
8022,12,9614,9614,1,5
4011,11,9609,9611,3,15
32089,14,9612,9612,1,10
8023,12,9612,9613,2,5
16048,13,9616,9618,3,10
8024,12,9619,9619,1,5
4012,11,9620,9622,3,15
2006,10,9623,9634,12,11
1003,9,9599,9614,16,4
64196,15,9617,9617,1,16
32098,14,9618,9618,1,9
16049,13,9615,9615,1,10
64197,15,9616,9616,1,16
32099,14,9616,9617,2,9
8025,12,9615,9618,4,5
8026,12,9621,9622,2,5
4013,11,9615,9619,5,15
16054,13,9622,9622,1,10
8027,12,9620,9620,1,5
16055,13,9621,9621,1,10
64226,15,9624,9624,1,10
8028,12,9625,9627,3,5
4014,11,9628,9634,7,15
2007,10,9615,9622,8,11
64227,15,9623,9623,1,10
16058,13,9626,9627,2,10
8029,12,9623,9624,2,5
32118,14,9627,9627,1,9
16059,13,9625,9625,1,10
32119,14,9626,9626,1,9
32120,14,9629,9630,2,9
16060,13,9631,9632,2,10
8030,12,9633,9634,2,5
4015,11,9623,9627,5,15
64242,15,9630,9630,1,16
32121,14,9628,9628,1,9
64243,15,9629,9629,1,16
32122,14,9632,9632,1,9
16061,13,9628,9630,3,10
32123,14,9631,9631,1,9
32126,14,9634,9634,1,10
8031,12,9628,9632,5,5
32127,14,9633,9633,1,10
8032,12,9636,9638,3,5
4016,11,9639,9642,4,15
2008,10,9643,9650,8,11
1004,9,9651,9671,21,4
502,8,9672,9704,33,8
251,7,9553,9634,82,12
514112,18,9637,9637,1,9
32132,14,9638,9638,1,10
8033,12,9635,9635,1,5
514113,18,9636,9636,1,9
32133,14,9636,9637,2,10
16068,13,9640,9640,1,10
8034,12,9641,9642,2,5
4017,11,9635,9638,4,15
16069,13,9639,9639,1,10
16070,13,9642,9642,1,10
8035,12,9639,9640,2,5
16071,13,9641,9641,1,10
16072,13,9644,9645,2,10
8036,12,9646,9647,2,5
4018,11,9648,9650,3,15
2009,10,9635,9642,8,11
32146,14,9645,9645,1,9
16073,13,9643,9643,1,10
32147,14,9644,9644,1,9
64302,15,9647,9647,1,10
8037,12,9643,9645,3,5
64303,15,9646,9646,1,10
128616,16,9649,9649,1,10
8038,12,9650,9650,1,5
4019,11,9643,9647,5,15
128617,16,9648,9648,1,10
8039,12,9648,9649,2,5
32160,14,9652,9652,1,10
16080,13,9653,9653,1,5
4020,11,9654,9659,6,15
2010,10,9660,9671,12,11
1005,9,9635,9650,16,4
32161,14,9651,9651,1,10
16081,13,9651,9652,2,5
1029424,19,9655,9655,1,9
16084,13,9656,9656,1,10
8042,12,9657,9659,3,5
4021,11,9651,9653,3,15
1029425,19,9654,9654,1,9
16085,13,9654,9655,2,10
257394,17,9658,9658,1,9
64348,15,9659,9659,1,10
8043,12,9654,9656,3,5
257395,17,9657,9657,1,9
64349,15,9657,9658,2,10
16088,13,9661,9662,2,10
8044,12,9663,9664,2,5
4022,11,9665,9671,7,15
2011,10,9651,9659,9,11
64358,15,9662,9662,1,9
16089,13,9660,9660,1,10
64359,15,9661,9661,1,9
16090,13,9664,9664,1,10
8045,12,9660,9662,3,5
16091,13,9663,9663,1,10
64368,15,9666,9666,1,16
32184,14,9667,9667,1,9
16092,13,9668,9669,2,10
8046,12,9670,9671,2,5
4023,11,9660,9664,5,15
64369,15,9665,9665,1,16
32185,14,9665,9666,2,9
32186,14,9669,9669,1,9
16093,13,9665,9667,3,10
32187,14,9668,9668,1,9
32190,14,9671,9671,1,10
8047,12,9665,9669,5,5
32191,14,9670,9670,1,10
16096,13,9673,9673,1,10
8048,12,9674,9674,1,5
4024,11,9675,9678,4,15
2012,10,9679,9686,8,11
1006,9,9687,9704,18,4
503,8,9635,9671,37,8
16097,13,9672,9672,1,10
8049,12,9672,9673,2,5
8050,12,9676,9678,3,5
4025,11,9672,9674,3,15
16102,13,9677,9678,2,10
8051,12,9675,9675,1,5
32206,14,9678,9678,1,9
16103,13,9676,9676,1,10
32207,14,9677,9677,1,9
16104,13,9680,9681,2,10
8052,12,9682,9683,2,5
4026,11,9684,9686,3,15
2013,10,9672,9678,7,11
32210,14,9681,9681,1,9
16105,13,9679,9679,1,10
32211,14,9680,9680,1,9
64424,15,9683,9683,1,10
8053,12,9679,9681,3,5
64425,15,9682,9682,1,10
16108,13,9685,9685,1,10
8054,12,9686,9686,1,5
4027,11,9679,9683,5,15
16109,13,9684,9684,1,10
8055,12,9684,9685,2,5
8056,12,9688,9692,5,5
4028,11,9693,9693,1,15
2014,10,9694,9704,11,11
1007,9,9672,9686,15,4
32228,14,9689,9689,1,9
16114,13,9690,9692,3,10
8057,12,9687,9687,1,5
32229,14,9688,9688,1,9
257840,17,9691,9691,1,16
64460,15,9692,9692,1,9
16115,13,9688,9689,2,10
257841,17,9690,9690,1,16
64461,15,9690,9691,2,9
4029,11,9687,9692,6,15
16120,13,9695,9697,3,10
8060,12,9698,9698,1,5
4030,11,9699,9704,6,15
2015,10,9687,9693,7,11
32242,14,9696,9697,2,9
16121,13,9694,9694,1,10
64486,15,9697,9697,1,16
32243,14,9695,9695,1,9
64487,15,9696,9696,1,16
8061,12,9694,9697,4,5
8062,12,9700,9704,5,5
4031,11,9694,9698,5,15
516042,18,9701,9701,1,16
32252,14,9702,9702,1,9
16126,13,9703,9704,2,10
8063,12,9699,9699,1,5
516043,18,9700,9700,1,16
32253,14,9700,9701,2,9
64510,15,9704,9704,1,9
16127,13,9700,9702,3,10
64511,15,9703,9703,1,9
4032,11,9706,9707,2,15
2016,10,9708,9715,8,11
1008,9,9716,9733,18,4
504,8,9734,9775,42,8
252,7,9776,9856,81,12
126,6,9857,9999,143,17
63,5,9409,9704,296,14
64534,15,9707,9707,1,5
4033,11,9705,9705,1,15
64535,15,9706,9706,1,5
16136,13,9709,9710,2,5
4034,11,9711,9715,5,15
2017,10,9705,9707,3,11
64550,15,9710,9710,1,10
16137,13,9708,9708,1,5
64551,15,9709,9709,1,10
16140,13,9712,9713,2,10
8070,12,9714,9715,2,5
4035,11,9708,9710,3,15
32282,14,9713,9713,1,9
16141,13,9711,9711,1,10
32283,14,9712,9712,1,9
32286,14,9715,9715,1,10
8071,12,9711,9713,3,5
32287,14,9714,9714,1,10
16144,13,9717,9717,1,10
8072,12,9718,9720,3,5
4036,11,9721,9723,3,15
2018,10,9724,9733,10,11
1009,9,9705,9715,11,4
16145,13,9716,9716,1,10
16146,13,9719,9720,2,10
8073,12,9716,9717,2,5
64588,15,9720,9720,1,9
16147,13,9718,9718,1,10
64589,15,9719,9719,1,9
16148,13,9722,9722,1,10
8074,12,9723,9723,1,5
4037,11,9716,9720,5,15
16149,13,9721,9721,1,10
8075,12,9721,9722,2,5
32304,14,9725,9726,2,9
16152,13,9727,9728,2,10
8076,12,9729,9731,3,5
4038,11,9732,9733,2,15
2019,10,9716,9723,8,11
64610,15,9726,9726,1,16
32305,14,9724,9724,1,9
64611,15,9725,9725,1,16
258448,17,9728,9728,1,9
16153,13,9724,9726,3,10
258449,17,9727,9727,1,9
16154,13,9730,9731,2,10
8077,12,9724,9728,5,5
64622,15,9731,9731,1,9
16155,13,9729,9729,1,10
64623,15,9730,9730,1,9
64638,15,9733,9733,1,5
4039,11,9724,9731,8,15
64639,15,9732,9732,1,5
16160,13,9735,9736,2,5
4040,11,9737,9741,5,15
2020,10,9742,9753,12,11
1010,9,9754,9775,22,4
505,8,9705,9733,29,8
129288,16,9736,9736,1,10
16161,13,9734,9734,1,5
129289,16,9735,9735,1,10
129328,16,9738,9738,1,9
32332,14,9739,9739,1,10
16166,13,9740,9741,2,5
4041,11,9734,9736,3,15
129329,16,9737,9737,1,9
32333,14,9737,9738,2,10
64668,15,9741,9741,1,10
16167,13,9737,9739,3,5
64669,15,9740,9740,1,10
258688,17,9743,9743,1,9
16168,13,9744,9745,2,10
8084,12,9746,9748,3,5
4042,11,9749,9753,5,15
2021,10,9734,9741,8,11
258689,17,9742,9742,1,9
64678,15,9745,9745,1,9
16169,13,9742,9743,2,10
64679,15,9744,9744,1,9
16170,13,9747,9748,2,10
8085,12,9742,9745,4,5
32342,14,9748,9748,1,9
16171,13,9746,9746,1,10
32343,14,9747,9747,1,9
16172,13,9750,9751,2,10
8086,12,9752,9753,2,5
4043,11,9742,9748,7,15
129384,16,9751,9751,1,9
16173,13,9749,9749,1,10
129385,16,9750,9750,1,9
16174,13,9753,9753,1,10
8087,12,9749,9751,3,5
16175,13,9752,9752,1,10
258830,17,9755,9755,1,10
8088,12,9756,9756,1,5
4044,11,9757,9760,4,15
2022,10,9761,9775,15,11
1011,9,9734,9753,20,4
258831,17,9754,9754,1,10
8089,12,9754,9755,2,5
16180,13,9758,9758,1,10
8090,12,9759,9760,2,5
4045,11,9754,9756,3,15
16181,13,9757,9757,1,10
16182,13,9760,9760,1,10
8091,12,9757,9758,2,5
16183,13,9759,9759,1,10
32368,14,9762,9762,1,9
16184,13,9763,9764,2,10
8092,12,9765,9768,4,5
4046,11,9769,9775,7,15
2023,10,9754,9760,7,11
32369,14,9761,9761,1,9
32370,14,9764,9764,1,9
16185,13,9761,9762,2,10
32371,14,9763,9763,1,9
32374,14,9766,9768,3,10
8093,12,9761,9764,4,5
129500,16,9767,9767,1,16
64750,15,9768,9768,1,9
32375,14,9765,9765,1,10
129501,16,9766,9766,1,16
64751,15,9766,9767,2,9
32376,14,9770,9770,1,9
16188,13,9771,9772,2,10
8094,12,9773,9775,3,5
4047,11,9761,9768,8,15
32377,14,9769,9769,1,9
129514,16,9772,9772,1,9
16189,13,9769,9770,2,10
129515,16,9771,9771,1,9
16190,13,9774,9775,2,10
8095,12,9769,9772,4,5
32382,14,9775,9775,1,9
16191,13,9773,9773,1,10
32383,14,9774,9774,1,9
64768,15,9777,9778,2,16
32384,14,9779,9782,4,9
16192,13,9783,9784,2,10
8096,12,9785,9789,5,5
4048,11,9790,9794,5,15
2024,10,9795,9799,5,11
1012,9,9800,9816,17,4
506,8,9817,9856,40,8
253,7,9705,9775,71,12
259076,17,9778,9778,1,3
64769,15,9776,9776,1,16
259077,17,9777,9777,1,3
129540,16,9780,9780,1,3
64770,15,9781,9782,2,16
32385,14,9776,9778,3,9
129541,16,9779,9779,1,3
129542,16,9782,9782,1,3
64771,15,9779,9780,2,16
129543,16,9781,9781,1,3
32386,14,9784,9784,1,9
16193,13,9776,9782,7,10
32387,14,9783,9783,1,9
64776,15,9786,9786,1,9
16194,13,9787,9789,3,10
8097,12,9776,9784,9,5
64777,15,9785,9785,1,9
64782,15,9788,9789,2,9
16195,13,9785,9786,2,10
259132,17,9789,9789,1,16
64783,15,9787,9787,1,9
259133,17,9788,9788,1,16
8098,12,9791,9794,4,5
4049,11,9776,9789,14,15
518360,18,9792,9792,1,9
16198,13,9793,9794,2,10
8099,12,9790,9790,1,5
518361,18,9791,9791,1,9
64798,15,9794,9794,1,9
16199,13,9791,9792,2,10
64799,15,9793,9793,1,9
16202,13,9796,9796,1,5
4050,11,9797,9799,3,15
2025,10,9776,9794,19,11
16203,13,9795,9795,1,5
129650,16,9798,9798,1,10
32412,14,9799,9799,1,5
4051,11,9795,9796,2,15
129651,16,9797,9797,1,10
32413,14,9797,9798,2,5
16208,13,9801,9802,2,10
8104,12,9803,9803,1,5
4052,11,9804,9807,4,15
2026,10,9808,9816,9,11
1013,9,9776,9799,24,4
16598470,23,9802,9802,1,9
16209,13,9800,9800,1,10
16598471,23,9801,9801,1,9
8105,12,9800,9802,3,5
16212,13,9805,9805,1,10
8106,12,9806,9807,2,5
4053,11,9800,9803,4,15
16213,13,9804,9804,1,10
32430,14,9807,9807,1,10
8107,12,9804,9805,2,5
32431,14,9806,9806,1,10
8108,12,9809,9809,1,5
4054,11,9810,9816,7,15
2027,10,9800,9807,8,11
8109,12,9808,9808,1,5
64882,15,9811,9811,1,9
16220,13,9812,9813,2,10
8110,12,9814,9816,3,5
4055,11,9808,9809,2,15
64883,15,9810,9810,1,9
32442,14,9813,9813,1,9
16221,13,9810,9811,2,10
32443,14,9812,9812,1,9
32446,14,9815,9816,2,10
8111,12,9810,9813,4,5
64894,15,9816,9816,1,9
32447,14,9814,9814,1,10
64895,15,9815,9815,1,9
32448,14,9818,9818,1,10
8112,12,9819,9821,3,5
4056,11,9822,9826,5,15
2028,10,9827,9835,9,11
1014,9,9836,9856,21,4
507,8,9776,9816,41,8
32449,14,9817,9817,1,10
129816,16,9820,9820,1,9
32454,14,9821,9821,1,10
8113,12,9817,9818,2,5
129817,16,9819,9819,1,9
32455,14,9819,9820,2,10
32456,14,9823,9823,1,9
16228,13,9824,9824,1,10
8114,12,9825,9826,2,5
4057,11,9817,9821,5,15
32457,14,9822,9822,1,9
16229,13,9822,9823,2,10
129844,16,9826,9826,1,10
8115,12,9822,9824,3,5
129845,16,9825,9825,1,10
8116,12,9828,9828,1,5
4058,11,9829,9835,7,15
2029,10,9817,9826,10,11
8117,12,9827,9827,1,5
16236,13,9830,9834,5,10
8118,12,9835,9835,1,5
4059,11,9827,9828,2,15
259794,17,9831,9831,1,3
64948,15,9832,9832,1,16
32474,14,9833,9834,2,9
16237,13,9829,9829,1,10
259795,17,9830,9830,1,3
64949,15,9830,9831,2,16
1039226,19,9834,9834,1,16
32475,14,9830,9832,3,9
1039227,19,9833,9833,1,16
8119,12,9829,9834,6,5
16240,13,9837,9837,1,10
8120,12,9838,9841,4,5
4060,11,9842,9845,4,15
2030,10,9846,9856,11,11
1015,9,9817,9835,19,4
16241,13,9836,9836,1,10
2079162,20,9839,9839,1,9
32486,14,9840,9841,2,10
8121,12,9836,9837,2,5
2079163,20,9838,9838,1,9
519806,18,9841,9841,1,9
32487,14,9838,9839,2,10
519807,18,9840,9840,1,9
1039674,19,9843,9843,1,10
8122,12,9844,9845,2,5
4061,11,9836,9841,6,15
1039675,19,9842,9842,1,10
32492,14,9845,9845,1,10
8123,12,9842,9843,2,5
32493,14,9844,9844,1,10
64992,15,9847,9847,1,16
32496,14,9848,9848,1,9
16248,13,9849,9849,1,10
8124,12,9850,9852,3,5
4062,11,9853,9856,4,15
2031,10,9836,9845,10,11
64993,15,9846,9846,1,16
32497,14,9846,9847,2,9
16249,13,9846,9848,3,10
32500,14,9851,9851,1,9
16250,13,9852,9852,1,10
8125,12,9846,9849,4,5
32501,14,9850,9850,1,9
16251,13,9850,9851,2,10
32504,14,9854,9855,2,10
8126,12,9856,9856,1,5
4063,11,9846,9852,7,15
65010,15,9855,9855,1,9
32505,14,9853,9853,1,10
65011,15,9854,9854,1,9
8127,12,9853,9855,3,5
65026,15,9858,9858,1,10
8128,12,9859,9859,1,5
4064,11,9860,9867,8,15
2032,10,9868,9876,9,11
1016,9,9877,9897,21,4
508,8,9898,9934,37,8
254,7,9935,9999,65,12
127,6,9705,9856,152,17
65027,15,9857,9857,1,10
8129,12,9857,9858,2,5
32520,14,9861,9861,1,9
16260,13,9862,9863,2,10
8130,12,9864,9867,4,5
4065,11,9857,9859,3,15
32521,14,9860,9860,1,9
65046,15,9863,9863,1,9
16261,13,9860,9861,2,10
65047,15,9862,9862,1,9
32524,14,9865,9865,1,9
16262,13,9866,9867,2,10
8131,12,9860,9863,4,5
32525,14,9864,9864,1,9
65052,15,9867,9867,1,9
16263,13,9864,9865,2,10
65053,15,9866,9866,1,9
16264,13,9869,9870,2,10
8132,12,9871,9874,4,5
4066,11,9875,9876,2,15
2033,10,9857,9867,11,11
32530,14,9870,9870,1,9
16265,13,9868,9868,1,10
32531,14,9869,9869,1,9
32534,14,9872,9874,3,10
8133,12,9868,9870,3,5
65070,15,9873,9874,2,9
32535,14,9871,9871,1,10
130142,16,9874,9874,1,16
65071,15,9872,9872,1,9
130143,16,9873,9873,1,16
8134,12,9876,9876,1,5
4067,11,9868,9874,7,15
8135,12,9875,9875,1,5
32544,14,9878,9879,2,9
16272,13,9880,9881,2,10
8136,12,9882,9885,4,5
4068,11,9886,9886,1,15
2034,10,9887,9897,11,11
1017,9,9857,9876,20,4
65090,15,9879,9879,1,16
32545,14,9877,9877,1,9
65091,15,9878,9878,1,16
65094,15,9881,9881,1,9
16273,13,9877,9879,3,10
65095,15,9880,9880,1,9
130192,16,9883,9883,1,16
32548,14,9884,9884,1,9
16274,13,9885,9885,1,10
8137,12,9877,9881,5,5
130193,16,9882,9882,1,16
32549,14,9882,9883,2,9
16275,13,9882,9884,3,10
4069,11,9877,9885,9,15
65120,15,9888,9888,1,10
8140,12,9889,9892,4,5
4070,11,9893,9897,5,15
2035,10,9877,9886,10,11
65121,15,9887,9887,1,10
16282,13,9890,9892,3,10
8141,12,9887,9888,2,5
65132,15,9891,9891,1,16
32566,14,9892,9892,1,9
16283,13,9889,9889,1,10
65133,15,9890,9890,1,16
32567,14,9890,9891,2,9
16284,13,9894,9894,1,10
8142,12,9895,9897,3,5
4071,11,9887,9892,6,15
16285,13,9893,9893,1,10
16286,13,9896,9897,2,10
8143,12,9893,9894,2,5
32574,14,9897,9897,1,9
16287,13,9895,9895,1,10
32575,14,9896,9896,1,9
16290,13,9899,9899,1,5
4072,11,9900,9903,4,15
2036,10,9904,9920,17,11
1018,9,9921,9934,14,4
509,8,9857,9897,41,8
16291,13,9898,9898,1,5
32584,14,9901,9902,2,10
16292,13,9903,9903,1,5
4073,11,9898,9899,2,15
65170,15,9902,9902,1,9
32585,14,9900,9900,1,10
65171,15,9901,9901,1,9
16293,13,9900,9902,3,5
16296,13,9905,9905,1,10
8148,12,9906,9908,3,5
4074,11,9909,9920,12,15
2037,10,9898,9903,6,11
16297,13,9904,9904,1,10
65192,15,9907,9907,1,9
16298,13,9908,9908,1,10
8149,12,9904,9905,2,5
65193,15,9906,9906,1,9
16299,13,9906,9907,2,10
65200,15,9910,9911,2,16
32600,14,9912,9913,2,9
16300,13,9914,9916,3,10
8150,12,9917,9920,4,5
4075,11,9904,9908,5,15
130402,16,9911,9911,1,3
65201,15,9909,9909,1,16
130403,16,9910,9910,1,3
65202,15,9913,9913,1,16
32601,14,9909,9911,3,9
65203,15,9912,9912,1,16
65204,15,9915,9915,1,16
32602,14,9916,9916,1,9
16301,13,9909,9913,5,10
65205,15,9914,9914,1,16
32603,14,9914,9915,2,9
16302,13,9918,9920,3,10
8151,12,9909,9916,8,5
32606,14,9919,9920,2,9
16303,13,9917,9917,1,10
260858,17,9920,9920,1,16
32607,14,9918,9918,1,9
260859,17,9919,9919,1,16
130436,16,9922,9922,1,15
2038,10,9923,9934,12,11
1019,9,9898,9920,23,4
130437,16,9921,9921,1,15
16312,13,9924,9924,1,10
8156,12,9925,9928,4,5
4078,11,9929,9934,6,15
2039,10,9921,9922,2,11
16313,13,9923,9923,1,10
130512,16,9926,9926,1,16
32628,14,9927,9927,1,9
16314,13,9928,9928,1,10
8157,12,9923,9924,2,5
130513,16,9925,9925,1,16
32629,14,9925,9926,2,9
16315,13,9925,9927,3,10
16316,13,9930,9930,1,10
8158,12,9931,9934,4,5
4079,11,9923,9928,6,15
16317,13,9929,9929,1,10
130548,16,9932,9932,1,16
65274,15,9933,9933,1,9
16318,13,9934,9934,1,10
8159,12,9929,9930,2,5
130549,16,9931,9931,1,16
65275,15,9931,9932,2,9
16319,13,9931,9933,3,10
32640,14,9936,9936,1,9
16320,13,9937,9937,1,10
8160,12,9938,9940,3,5
4080,11,9941,9944,4,15
2040,10,9945,9954,10,11
1020,9,9955,9969,15,4
510,8,9970,9999,30,8
255,7,9857,9934,78,12
32641,14,9935,9935,1,9
16321,13,9935,9936,2,10
16322,13,9939,9940,2,10
8161,12,9935,9937,3,5
32646,14,9940,9940,1,9
16323,13,9938,9938,1,10
32647,14,9939,9939,1,9
8162,12,9942,9944,3,5
4081,11,9935,9940,6,15
32654,14,9943,9944,2,10
8163,12,9941,9941,1,5
65310,15,9944,9944,1,9
32655,14,9942,9942,1,10
65311,15,9943,9943,1,9
16328,13,9946,9946,1,10
8164,12,9947,9950,4,5
4082,11,9951,9954,4,15
2041,10,9935,9944,10,11
16329,13,9945,9945,1,10
16330,13,9948,9950,3,10
8165,12,9945,9946,2,5
65324,15,9949,9950,2,9
16331,13,9947,9947,1,10
261300,17,9950,9950,1,16
65325,15,9948,9948,1,9
261301,17,9949,9949,1,16
8166,12,9952,9954,3,5
4083,11,9945,9950,6,15
16334,13,9953,9954,2,10
8167,12,9951,9951,1,5
32670,14,9954,9954,1,9
16335,13,9952,9952,1,10
32671,14,9953,9953,1,9
16336,13,9956,9956,1,10
8168,12,9957,9957,1,5
4084,11,9958,9963,6,15
2042,10,9964,9969,6,11
1021,9,9935,9954,20,4
16337,13,9955,9955,1,10
8169,12,9955,9956,2,5
32682,14,9959,9959,1,10
8170,12,9960,9963,4,5
4085,11,9955,9957,3,15
32683,14,9958,9958,1,10
32684,14,9961,9962,2,9
16342,13,9963,9963,1,10
8171,12,9958,9959,2,5
522962,18,9962,9962,1,16
32685,14,9960,9960,1,9
522963,18,9961,9961,1,16
16343,13,9960,9962,3,10
16344,13,9965,9965,1,5
4086,11,9966,9969,4,15
2043,10,9955,9963,9,11
16345,13,9964,9964,1,5
32696,14,9967,9967,1,10
8174,12,9968,9969,2,5
4087,11,9964,9965,2,15
32697,14,9966,9966,1,10
32700,14,9969,9969,1,10
8175,12,9966,9967,2,5
32701,14,9968,9968,1,10
4088,11,9971,9975,5,15
2044,10,9976,9983,8,11
1022,9,9984,9999,16,4
511,8,9935,9969,35,8
16356,13,9972,9972,1,10
8178,12,9973,9975,3,5
4089,11,9970,9970,1,15
16357,13,9971,9971,1,10
32718,14,9974,9975,2,10
8179,12,9971,9972,2,5
2094018,20,9975,9975,1,9
32719,14,9973,9973,1,10
2094019,20,9974,9974,1,9
8180,12,9977,9979,3,5
4090,11,9980,9983,4,15
2045,10,9970,9975,6,11
16362,13,9978,9979,2,10
8181,12,9976,9976,1,5
65452,15,9979,9979,1,9
16363,13,9977,9977,1,10
65453,15,9978,9978,1,9
130916,16,9981,9981,1,9
65458,15,9982,9982,1,10
8182,12,9983,9983,1,5
4091,11,9976,9979,4,15
130917,16,9980,9980,1,9
65459,15,9980,9981,2,10
8183,12,9980,9982,3,5
130944,16,9985,9985,1,10
16368,13,9986,9986,1,5
4092,11,9987,9992,6,15
2046,10,9993,9999,7,11
1023,9,9970,9983,14,4
130945,16,9984,9984,1,10
16369,13,9984,9985,2,5
8186,12,9988,9992,5,5
4093,11,9984,9986,3,15
65496,15,9989,9989,1,16
32748,14,9990,9991,2,9
16374,13,9992,9992,1,10
8187,12,9987,9987,1,5
65497,15,9988,9988,1,16
65498,15,9991,9991,1,16
32749,14,9988,9989,2,9
65499,15,9990,9990,1,16
16375,13,9988,9991,4,10
8188,12,9994,9995,2,5
4094,11,9996,9999,4,15
2047,10,9984,9992,9,11
16378,13,9995,9995,1,10
8189,12,9993,9993,1,5
16379,13,9994,9994,1,10
8190,12,9997,9999,3,5
4095,11,9993,9995,3,15
16382,13,9998,9999,2,10
8191,12,9996,9996,1,5
32766,14,9999,9999,1,9
16383,13,9997,9997,1,10
32767,14,9998,9998,1,9
