key,address,leaf_type,leaf_type_name,first_seen_block
polygon-zkevm:0x94f2f371332dd7b9ae5964d6dd0b7076213f952c:SMT_KEY:0,0x94f2f371332dd7b9ae5964d6dd0b7076213f952c,0,balance,3998487
polygon-zkevm:0x94f2f371332dd7b9ae5964d6dd0b7076213f952c:SMT_KEY:1,0x94f2f371332dd7b9ae5964d6dd0b7076213f952c,1,nonce,3998487
polygon-zkevm:0x94f2f371332dd7b9ae5964d6dd0b7076213f952c:SMT_KEY:2,0x94f2f371332dd7b9ae5964d6dd0b7076213f952c,2,code_hash,3998487
polygon-zkevm:0x94f2f371332dd7b9ae5964d6dd0b7076213f952c:SMT_KEY:4,0x94f2f371332dd7b9ae5964d6dd0b7076213f952c,4,code_hash_length,3998487
polygon-zkevm:0xf6ad3ccf71abb3e12becf6b3d2a74c963859adcd:SMT_KEY:0,0xf6ad3ccf71abb3e12becf6b3d2a74c963859adcd,0,balance,3998487
polygon-zkevm:0xf6ad3ccf71abb3e12becf6b3d2a74c963859adcd:SMT_KEY:1,0xf6ad3ccf71abb3e12becf6b3d2a74c963859adcd,1,nonce,3998487
polygon-zkevm:0xf6ad3ccf71abb3e12becf6b3d2a74c963859adcd:SMT_KEY:2,0xf6ad3ccf71abb3e12becf6b3d2a74c963859adcd,2,code_hash,3998487
polygon-zkevm:0xf6ad3ccf71abb3e12becf6b3d2a74c963859adcd:SMT_KEY:4,0xf6ad3ccf71abb3e12becf6b3d2a74c963859adcd,4,code_hash_length,3998487
polygon-zkevm:0x17d8605cdb36191acc2fcb3d3d7908171bcb99a2:SMT_KEY:0,0x17d8605cdb36191acc2fcb3d3d7908171bcb99a2,0,balance,3998497
polygon-zkevm:0x17d8605cdb36191acc2fcb3d3d7908171bcb99a2:SMT_KEY:1,0x17d8605cdb36191acc2fcb3d3d7908171bcb99a2,1,nonce,3998497
polygon-zkevm:0x17d8605cdb36191acc2fcb3d3d7908171bcb99a2:SMT_KEY:2,0x17d8605cdb36191acc2fcb3d3d7908171bcb99a2,2,code_hash,3998497
polygon-zkevm:0x17d8605cdb36191acc2fcb3d3d7908171bcb99a2:SMT_KEY:4,0x17d8605cdb36191acc2fcb3d3d7908171bcb99a2,4,code_hash_length,3998497
polygon-zkevm:0x3689d3b912d4d73ffcaad3a80861e7caf2d4f049:SMT_KEY:0,0x3689d3b912d4d73ffcaad3a80861e7caf2d4f049,0,balance,3998497
polygon-zkevm:0x3689d3b912d4d73ffcaad3a80861e7caf2d4f049:SMT_KEY:1,0x3689d3b912d4d73ffcaad3a80861e7caf2d4f049,1,nonce,3998497
polygon-zkevm:0x3689d3b912d4d73ffcaad3a80861e7caf2d4f049:SMT_KEY:2,0x3689d3b912d4d73ffcaad3a80861e7caf2d4f049,2,code_hash,3998497
polygon-zkevm:0x3689d3b912d4d73ffcaad3a80861e7caf2d4f049:SMT_KEY:4,0x3689d3b912d4d73ffcaad3a80861e7caf2d4f049,4,code_hash_length,3998497
polygon-zkevm:0x1e2d8f84605d32a2cbf302e30bfd2387badf35dd:SMT_KEY:0,0x1e2d8f84605d32a2cbf302e30bfd2387badf35dd,0,balance,3998507
polygon-zkevm:0x1e2d8f84605d32a2cbf302e30bfd2387badf35dd:SMT_KEY:1,0x1e2d8f84605d32a2cbf302e30bfd2387badf35dd,1,nonce,3998507
polygon-zkevm:0x1e2d8f84605d32a2cbf302e30bfd2387badf35dd:SMT_KEY:2,0x1e2d8f84605d32a2cbf302e30bfd2387badf35dd,2,code_hash,3998507
polygon-zkevm:0x1e2d8f84605d32a2cbf302e30bfd2387badf35dd:SMT_KEY:4,0x1e2d8f84605d32a2cbf302e30bfd2387badf35dd,4,code_hash_length,3998507
polygon-zkevm:0x3f12099232e7ff5cd69006020969770a12e453ae:SMT_KEY:0,0x3f12099232e7ff5cd69006020969770a12e453ae,0,balance,3998507
polygon-zkevm:0x3f12099232e7ff5cd69006020969770a12e453ae:SMT_KEY:1,0x3f12099232e7ff5cd69006020969770a12e453ae,1,nonce,3998507
polygon-zkevm:0x3f12099232e7ff5cd69006020969770a12e453ae:SMT_KEY:2,0x3f12099232e7ff5cd69006020969770a12e453ae,2,code_hash,3998507
polygon-zkevm:0x3f12099232e7ff5cd69006020969770a12e453ae:SMT_KEY:4,0x3f12099232e7ff5cd69006020969770a12e453ae,4,code_hash_length,3998507
polygon-zkevm:0xae3f6a5e6784a6e896dcc66e24719b84d78435c1:SMT_KEY:0,0xae3f6a5e6784a6e896dcc66e24719b84d78435c1,0,balance,3998517
polygon-zkevm:0xae3f6a5e6784a6e896dcc66e24719b84d78435c1:SMT_KEY:1,0xae3f6a5e6784a6e896dcc66e24719b84d78435c1,1,nonce,3998517
polygon-zkevm:0xae3f6a5e6784a6e896dcc66e24719b84d78435c1:SMT_KEY:2,0xae3f6a5e6784a6e896dcc66e24719b84d78435c1,2,code_hash,3998517
polygon-zkevm:0xae3f6a5e6784a6e896dcc66e24719b84d78435c1:SMT_KEY:4,0xae3f6a5e6784a6e896dcc66e24719b84d78435c1,4,code_hash_length,3998517
polygon-zkevm:0x4f9a0e7fd2bf6067db6994cf12e4495df938e6e9:SMT_KEY:0,0x4f9a0e7fd2bf6067db6994cf12e4495df938e6e9,0,balance,3998527
polygon-zkevm:0x4f9a0e7fd2bf6067db6994cf12e4495df938e6e9:SMT_KEY:1,0x4f9a0e7fd2bf6067db6994cf12e4495df938e6e9,1,nonce,3998527
polygon-zkevm:0x4f9a0e7fd2bf6067db6994cf12e4495df938e6e9:SMT_KEY:2,0x4f9a0e7fd2bf6067db6994cf12e4495df938e6e9,2,code_hash,3998527
polygon-zkevm:0x4f9a0e7fd2bf6067db6994cf12e4495df938e6e9:SMT_KEY:4,0x4f9a0e7fd2bf6067db6994cf12e4495df938e6e9,4,code_hash_length,3998527
polygon-zkevm:0xd30b8f1f0af8b70dc4a6a40ee1bddcfee74e74a8:SMT_KEY:0,0xd30b8f1f0af8b70dc4a6a40ee1bddcfee74e74a8,0,balance,3998527
polygon-zkevm:0xd30b8f1f0af8b70dc4a6a40ee1bddcfee74e74a8:SMT_KEY:1,0xd30b8f1f0af8b70dc4a6a40ee1bddcfee74e74a8,1,nonce,3998527
polygon-zkevm:0xd30b8f1f0af8b70dc4a6a40ee1bddcfee74e74a8:SMT_KEY:2,0xd30b8f1f0af8b70dc4a6a40ee1bddcfee74e74a8,2,code_hash,3998527
polygon-zkevm:0xd30b8f1f0af8b70dc4a6a40ee1bddcfee74e74a8:SMT_KEY:4,0xd30b8f1f0af8b70dc4a6a40ee1bddcfee74e74a8,4,code_hash_length,3998527
polygon-zkevm:0x5e68be9a532eadf5edcbc2bec857d3d4b2e3aec5:SMT_KEY:0,0x5e68be9a532eadf5edcbc2bec857d3d4b2e3aec5,0,balance,3998537
polygon-zkevm:0x5e68be9a532eadf5edcbc2bec857d3d4b2e3aec5:SMT_KEY:1,0x5e68be9a532eadf5edcbc2bec857d3d4b2e3aec5,1,nonce,3998537
polygon-zkevm:0x5e68be9a532eadf5edcbc2bec857d3d4b2e3aec5:SMT_KEY:2,0x5e68be9a532eadf5edcbc2bec857d3d4b2e3aec5,2,code_hash,3998537
polygon-zkevm:0x5e68be9a532eadf5edcbc2bec857d3d4b2e3aec5:SMT_KEY:4,0x5e68be9a532eadf5edcbc2bec857d3d4b2e3aec5,4,code_hash_length,3998537
polygon-zkevm:0x7d994b4aa00ae968105f91068b53a6619ccd54df:SMT_KEY:0,0x7d994b4aa00ae968105f91068b53a6619ccd54df,0,balance,3998537
polygon-zkevm:0x7d994b4aa00ae968105f91068b53a6619ccd54df:SMT_KEY:1,0x7d994b4aa00ae968105f91068b53a6619ccd54df,1,nonce,3998537
polygon-zkevm:0x7d994b4aa00ae968105f91068b53a6619ccd54df:SMT_KEY:2,0x7d994b4aa00ae968105f91068b53a6619ccd54df,2,code_hash,3998537
polygon-zkevm:0x7d994b4aa00ae968105f91068b53a6619ccd54df:SMT_KEY:4,0x7d994b4aa00ae968105f91068b53a6619ccd54df,4,code_hash_length,3998537
polygon-zkevm:0xa94c612141694b2157598c8451aa5e5c1da038eb:SMT_KEY:0,0xa94c612141694b2157598c8451aa5e5c1da038eb,0,balance,3998547
polygon-zkevm:0xa94c612141694b2157598c8451aa5e5c1da038eb:SMT_KEY:1,0xa94c612141694b2157598c8451aa5e5c1da038eb,1,nonce,3998547
polygon-zkevm:0xa94c612141694b2157598c8451aa5e5c1da038eb:SMT_KEY:2,0xa94c612141694b2157598c8451aa5e5c1da038eb,2,code_hash,3998547
polygon-zkevm:0xa94c612141694b2157598c8451aa5e5c1da038eb:SMT_KEY:4,0xa94c612141694b2157598c8451aa5e5c1da038eb,4,code_hash_length,3998547
polygon-zkevm:0x925d4481992df005e3f51c0c0e148bb8c3099e7f:SMT_KEY:0,0x925d4481992df005e3f51c0c0e148bb8c3099e7f,0,balance,3998557
polygon-zkevm:0x925d4481992df005e3f51c0c0e148bb8c3099e7f:SMT_KEY:1,0x925d4481992df005e3f51c0c0e148bb8c3099e7f,1,nonce,3998557
polygon-zkevm:0x925d4481992df005e3f51c0c0e148bb8c3099e7f:SMT_KEY:2,0x925d4481992df005e3f51c0c0e148bb8c3099e7f,2,code_hash,3998557
polygon-zkevm:0x925d4481992df005e3f51c0c0e148bb8c3099e7f:SMT_KEY:4,0x925d4481992df005e3f51c0c0e148bb8c3099e7f,4,code_hash_length,3998557
polygon-zkevm:0xa6bf2be6c60175601bf88217c75dd4b14abb5fbb:SMT_KEY:0,0xa6bf2be6c60175601bf88217c75dd4b14abb5fbb,0,balance,3998567
polygon-zkevm:0xa6bf2be6c60175601bf88217c75dd4b14abb5fbb:SMT_KEY:1,0xa6bf2be6c60175601bf88217c75dd4b14abb5fbb,1,nonce,3998567
polygon-zkevm:0xa6bf2be6c60175601bf88217c75dd4b14abb5fbb:SMT_KEY:2,0xa6bf2be6c60175601bf88217c75dd4b14abb5fbb,2,code_hash,3998567
polygon-zkevm:0xa6bf2be6c60175601bf88217c75dd4b14abb5fbb:SMT_KEY:4,0xa6bf2be6c60175601bf88217c75dd4b14abb5fbb,4,code_hash_length,3998567
polygon-zkevm:0xb8ff877ed78ba520ece21b1de7843a8a57ca47cb:SMT_KEY:0,0xb8ff877ed78ba520ece21b1de7843a8a57ca47cb,0,balance,3998567
polygon-zkevm:0xb8ff877ed78ba520ece21b1de7843a8a57ca47cb:SMT_KEY:1,0xb8ff877ed78ba520ece21b1de7843a8a57ca47cb,1,nonce,3998567
polygon-zkevm:0xb8ff877ed78ba520ece21b1de7843a8a57ca47cb:SMT_KEY:2,0xb8ff877ed78ba520ece21b1de7843a8a57ca47cb,2,code_hash,3998567
polygon-zkevm:0xb8ff877ed78ba520ece21b1de7843a8a57ca47cb:SMT_KEY:4,0xb8ff877ed78ba520ece21b1de7843a8a57ca47cb,4,code_hash_length,3998567
polygon-zkevm:0xfd98563a5ebbbb65efccf68f12cc6427f70d08a1:SMT_KEY:0,0xfd98563a5ebbbb65efccf68f12cc6427f70d08a1,0,balance,3998577
polygon-zkevm:0xfd98563a5ebbbb65efccf68f12cc6427f70d08a1:SMT_KEY:1,0xfd98563a5ebbbb65efccf68f12cc6427f70d08a1,1,nonce,3998577
polygon-zkevm:0xfd98563a5ebbbb65efccf68f12cc6427f70d08a1:SMT_KEY:2,0xfd98563a5ebbbb65efccf68f12cc6427f70d08a1,2,code_hash,3998577
polygon-zkevm:0xfd98563a5ebbbb65efccf68f12cc6427f70d08a1:SMT_KEY:4,0xfd98563a5ebbbb65efccf68f12cc6427f70d08a1,4,code_hash_length,3998577
polygon-zkevm:0x3951cfd4c7bcca2c6d2438287ea11b6f839daf4a:SMT_KEY:0,0x3951cfd4c7bcca2c6d2438287ea11b6f839daf4a,0,balance,3998587
polygon-zkevm:0x3951cfd4c7bcca2c6d2438287ea11b6f839daf4a:SMT_KEY:1,0x3951cfd4c7bcca2c6d2438287ea11b6f839daf4a,1,nonce,3998587
polygon-zkevm:0x3951cfd4c7bcca2c6d2438287ea11b6f839daf4a:SMT_KEY:2,0x3951cfd4c7bcca2c6d2438287ea11b6f839daf4a,2,code_hash,3998587
polygon-zkevm:0x3951cfd4c7bcca2c6d2438287ea11b6f839daf4a:SMT_KEY:4,0x3951cfd4c7bcca2c6d2438287ea11b6f839daf4a,4,code_hash_length,3998587
polygon-zkevm:0x8e0376206019acd8a5c63dcc4c0bf372fcfa5ca5:SMT_KEY:0,0x8e0376206019acd8a5c63dcc4c0bf372fcfa5ca5,0,balance,3998597
polygon-zkevm:0x8e0376206019acd8a5c63dcc4c0bf372fcfa5ca5:SMT_KEY:1,0x8e0376206019acd8a5c63dcc4c0bf372fcfa5ca5,1,nonce,3998597
polygon-zkevm:0x8e0376206019acd8a5c63dcc4c0bf372fcfa5ca5:SMT_KEY:2,0x8e0376206019acd8a5c63dcc4c0bf372fcfa5ca5,2,code_hash,3998597
polygon-zkevm:0x8e0376206019acd8a5c63dcc4c0bf372fcfa5ca5:SMT_KEY:4,0x8e0376206019acd8a5c63dcc4c0bf372fcfa5ca5,4,code_hash_length,3998597
polygon-zkevm:0x38800503a2a784d10426c058750c6aeb95a6ac90:SMT_KEY:0,0x38800503a2a784d10426c058750c6aeb95a6ac90,0,balance,3998607
polygon-zkevm:0x38800503a2a784d10426c058750c6aeb95a6ac90:SMT_KEY:1,0x38800503a2a784d10426c058750c6aeb95a6ac90,1,nonce,3998607
polygon-zkevm:0x38800503a2a784d10426c058750c6aeb95a6ac90:SMT_KEY:2,0x38800503a2a784d10426c058750c6aeb95a6ac90,2,code_hash,3998607
polygon-zkevm:0x38800503a2a784d10426c058750c6aeb95a6ac90:SMT_KEY:4,0x38800503a2a784d10426c058750c6aeb95a6ac90,4,code_hash_length,3998607
polygon-zkevm:0xa8ce8aee21bc2a48a5ef670afcc9274c7bbbc035:SMT_KEY:0,0xa8ce8aee21bc2a48a5ef670afcc9274c7bbbc035,0,balance,3998607
polygon-zkevm:0xa8ce8aee21bc2a48a5ef670afcc9274c7bbbc035:SMT_KEY:1,0xa8ce8aee21bc2a48a5ef670afcc9274c7bbbc035,1,nonce,3998607
polygon-zkevm:0xa8ce8aee21bc2a48a5ef670afcc9274c7bbbc035:SMT_KEY:2,0xa8ce8aee21bc2a48a5ef670afcc9274c7bbbc035,2,code_hash,3998607
polygon-zkevm:0xa8ce8aee21bc2a48a5ef670afcc9274c7bbbc035:SMT_KEY:4,0xa8ce8aee21bc2a48a5ef670afcc9274c7bbbc035,4,code_hash_length,3998607
polygon-zkevm:0x29bc6ac96d383b4fd7304691e6bc4bcbac8a4901:SMT_KEY:0,0x29bc6ac96d383b4fd7304691e6bc4bcbac8a4901,0,balance,3998617
polygon-zkevm:0x29bc6ac96d383b4fd7304691e6bc4bcbac8a4901:SMT_KEY:1,0x29bc6ac96d383b4fd7304691e6bc4bcbac8a4901,1,nonce,3998617
polygon-zkevm:0x29bc6ac96d383b4fd7304691e6bc4bcbac8a4901:SMT_KEY:2,0x29bc6ac96d383b4fd7304691e6bc4bcbac8a4901,2,code_hash,3998617
polygon-zkevm:0x29bc6ac96d383b4fd7304691e6bc4bcbac8a4901:SMT_KEY:4,0x29bc6ac96d383b4fd7304691e6bc4bcbac8a4901,4,code_hash_length,3998617
polygon-zkevm:0xce15d17aa3165ebedfc046c7d9bf639865431253:SMT_KEY:0,0xce15d17aa3165ebedfc046c7d9bf639865431253,0,balance,3998627
polygon-zkevm:0xce15d17aa3165ebedfc046c7d9bf639865431253:SMT_KEY:1,0xce15d17aa3165ebedfc046c7d9bf639865431253,1,nonce,3998627
polygon-zkevm:0xce15d17aa3165ebedfc046c7d9bf639865431253:SMT_KEY:2,0xce15d17aa3165ebedfc046c7d9bf639865431253,2,code_hash,3998627
polygon-zkevm:0xce15d17aa3165ebedfc046c7d9bf639865431253:SMT_KEY:4,0xce15d17aa3165ebedfc046c7d9bf639865431253,4,code_hash_length,3998627
polygon-zkevm:0x0947d418e756dfd3042e33dbc2e615c9c29f5d7a:SMT_KEY:0,0x0947d418e756dfd3042e33dbc2e615c9c29f5d7a,0,balance,3998637
polygon-zkevm:0x0947d418e756dfd3042e33dbc2e615c9c29f5d7a:SMT_KEY:1,0x0947d418e756dfd3042e33dbc2e615c9c29f5d7a,1,nonce,3998637
polygon-zkevm:0x0947d418e756dfd3042e33dbc2e615c9c29f5d7a:SMT_KEY:2,0x0947d418e756dfd3042e33dbc2e615c9c29f5d7a,2,code_hash,3998637
polygon-zkevm:0x0947d418e756dfd3042e33dbc2e615c9c29f5d7a:SMT_KEY:4,0x0947d418e756dfd3042e33dbc2e615c9c29f5d7a,4,code_hash_length,3998637
polygon-zkevm:0x3a23f943181408eac424116af7b7790c94cb97a5:SMT_KEY:0,0x3a23f943181408eac424116af7b7790c94cb97a5,0,balance,3998637
polygon-zkevm:0x3a23f943181408eac424116af7b7790c94cb97a5:SMT_KEY:1,0x3a23f943181408eac424116af7b7790c94cb97a5,1,nonce,3998637
polygon-zkevm:0x3a23f943181408eac424116af7b7790c94cb97a5:SMT_KEY:2,0x3a23f943181408eac424116af7b7790c94cb97a5,2,code_hash,3998637
polygon-zkevm:0x3a23f943181408eac424116af7b7790c94cb97a5:SMT_KEY:4,0x3a23f943181408eac424116af7b7790c94cb97a5,4,code_hash_length,3998637
polygon-zkevm:0xca811de9df36bfbe9c30574fc00926afc0cbd324:SMT_KEY:0,0xca811de9df36bfbe9c30574fc00926afc0cbd324,0,balance,3998647
polygon-zkevm:0xca811de9df36bfbe9c30574fc00926afc0cbd324:SMT_KEY:1,0xca811de9df36bfbe9c30574fc00926afc0cbd324,1,nonce,3998647
polygon-zkevm:0xca811de9df36bfbe9c30574fc00926afc0cbd324:SMT_KEY:2,0xca811de9df36bfbe9c30574fc00926afc0cbd324,2,code_hash,3998647
polygon-zkevm:0xca811de9df36bfbe9c30574fc00926afc0cbd324:SMT_KEY:4,0xca811de9df36bfbe9c30574fc00926afc0cbd324,4,code_hash_length,3998647
polygon-zkevm:0x6b516ad4ca48a6e34af809da4f84e509b52b9917:SMT_KEY:0,0x6b516ad4ca48a6e34af809da4f84e509b52b9917,0,balance,3998657
polygon-zkevm:0x6b516ad4ca48a6e34af809da4f84e509b52b9917:SMT_KEY:1,0x6b516ad4ca48a6e34af809da4f84e509b52b9917,1,nonce,3998657
polygon-zkevm:0x6b516ad4ca48a6e34af809da4f84e509b52b9917:SMT_KEY:2,0x6b516ad4ca48a6e34af809da4f84e509b52b9917,2,code_hash,3998657
polygon-zkevm:0x6b516ad4ca48a6e34af809da4f84e509b52b9917:SMT_KEY:4,0x6b516ad4ca48a6e34af809da4f84e509b52b9917,4,code_hash_length,3998657
polygon-zkevm:0xf691aaf3de62a51dc321b787a0f83fa3fb678680:SMT_KEY:0,0xf691aaf3de62a51dc321b787a0f83fa3fb678680,0,balance,3998657
polygon-zkevm:0xf691aaf3de62a51dc321b787a0f83fa3fb678680:SMT_KEY:1,0xf691aaf3de62a51dc321b787a0f83fa3fb678680,1,nonce,3998657
polygon-zkevm:0xf691aaf3de62a51dc321b787a0f83fa3fb678680:SMT_KEY:2,0xf691aaf3de62a51dc321b787a0f83fa3fb678680,2,code_hash,3998657
polygon-zkevm:0xf691aaf3de62a51dc321b787a0f83fa3fb678680:SMT_KEY:4,0xf691aaf3de62a51dc321b787a0f83fa3fb678680,4,code_hash_length,3998657
polygon-zkevm:0xa658742d33ebd2ce2f0bdff73515aa797fd161d9:SMT_KEY:0,0xa658742d33ebd2ce2f0bdff73515aa797fd161d9,0,balance,3998667
polygon-zkevm:0xa658742d33ebd2ce2f0bdff73515aa797fd161d9:SMT_KEY:1,0xa658742d33ebd2ce2f0bdff73515aa797fd161d9,1,nonce,3998667
polygon-zkevm:0xa658742d33ebd2ce2f0bdff73515aa797fd161d9:SMT_KEY:2,0xa658742d33ebd2ce2f0bdff73515aa797fd161d9,2,code_hash,3998667
polygon-zkevm:0xa658742d33ebd2ce2f0bdff73515aa797fd161d9:SMT_KEY:4,0xa658742d33ebd2ce2f0bdff73515aa797fd161d9,4,code_hash_length,3998667
polygon-zkevm:0xe93685f3bba03016f02bd1828badd6195988d950:SMT_KEY:0,0xe93685f3bba03016f02bd1828badd6195988d950,0,balance,3998667
polygon-zkevm:0xe93685f3bba03016f02bd1828badd6195988d950:SMT_KEY:1,0xe93685f3bba03016f02bd1828badd6195988d950,1,nonce,3998667
polygon-zkevm:0xe93685f3bba03016f02bd1828badd6195988d950:SMT_KEY:2,0xe93685f3bba03016f02bd1828badd6195988d950,2,code_hash,3998667
polygon-zkevm:0xe93685f3bba03016f02bd1828badd6195988d950:SMT_KEY:4,0xe93685f3bba03016f02bd1828badd6195988d950,4,code_hash_length,3998667
polygon-zkevm:0x1fad5e8a741868d7972875d2031b23bea4baf6a4:SMT_KEY:0,0x1fad5e8a741868d7972875d2031b23bea4baf6a4,0,balance,3998677
polygon-zkevm:0x1fad5e8a741868d7972875d2031b23bea4baf6a4:SMT_KEY:1,0x1fad5e8a741868d7972875d2031b23bea4baf6a4,1,nonce,3998677
polygon-zkevm:0x1fad5e8a741868d7972875d2031b23bea4baf6a4:SMT_KEY:2,0x1fad5e8a741868d7972875d2031b23bea4baf6a4,2,code_hash,3998677
polygon-zkevm:0x1fad5e8a741868d7972875d2031b23bea4baf6a4:SMT_KEY:4,0x1fad5e8a741868d7972875d2031b23bea4baf6a4,4,code_hash_length,3998677
polygon-zkevm:0xc9224f77e9431d1f88b0e1ca0fd203e103650a06:SMT_KEY:0,0xc9224f77e9431d1f88b0e1ca0fd203e103650a06,0,balance,3998697
polygon-zkevm:0xc9224f77e9431d1f88b0e1ca0fd203e103650a06:SMT_KEY:1,0xc9224f77e9431d1f88b0e1ca0fd203e103650a06,1,nonce,3998697
polygon-zkevm:0xc9224f77e9431d1f88b0e1ca0fd203e103650a06:SMT_KEY:2,0xc9224f77e9431d1f88b0e1ca0fd203e103650a06,2,code_hash,3998697
polygon-zkevm:0xc9224f77e9431d1f88b0e1ca0fd203e103650a06:SMT_KEY:4,0xc9224f77e9431d1f88b0e1ca0fd203e103650a06,4,code_hash_length,3998697
polygon-zkevm:0x9cdd5540e392db4b5f18c84714b6bcd074ebdd0a:SMT_KEY:0,0x9cdd5540e392db4b5f18c84714b6bcd074ebdd0a,0,balance,3998707
polygon-zkevm:0x9cdd5540e392db4b5f18c84714b6bcd074ebdd0a:SMT_KEY:1,0x9cdd5540e392db4b5f18c84714b6bcd074ebdd0a,1,nonce,3998707
polygon-zkevm:0x9cdd5540e392db4b5f18c84714b6bcd074ebdd0a:SMT_KEY:2,0x9cdd5540e392db4b5f18c84714b6bcd074ebdd0a,2,code_hash,3998707
polygon-zkevm:0x9cdd5540e392db4b5f18c84714b6bcd074ebdd0a:SMT_KEY:4,0x9cdd5540e392db4b5f18c84714b6bcd074ebdd0a,4,code_hash_length,3998707
polygon-zkevm:0x05c4aba396ab8e04b652f4d485ed01e9ae7b94ce:SMT_KEY:0,0x05c4aba396ab8e04b652f4d485ed01e9ae7b94ce,0,balance,3998717
polygon-zkevm:0x05c4aba396ab8e04b652f4d485ed01e9ae7b94ce:SMT_KEY:1,0x05c4aba396ab8e04b652f4d485ed01e9ae7b94ce,1,nonce,3998717
polygon-zkevm:0x05c4aba396ab8e04b652f4d485ed01e9ae7b94ce:SMT_KEY:2,0x05c4aba396ab8e04b652f4d485ed01e9ae7b94ce,2,code_hash,3998717
polygon-zkevm:0x05c4aba396ab8e04b652f4d485ed01e9ae7b94ce:SMT_KEY:4,0x05c4aba396ab8e04b652f4d485ed01e9ae7b94ce,4,code_hash_length,3998717
polygon-zkevm:0x22c5b360a725d4983e4f5f48ac4f474b364f5e43:SMT_KEY:0,0x22c5b360a725d4983e4f5f48ac4f474b364f5e43,0,balance,3998737
polygon-zkevm:0x22c5b360a725d4983e4f5f48ac4f474b364f5e43:SMT_KEY:1,0x22c5b360a725d4983e4f5f48ac4f474b364f5e43,1,nonce,3998737
polygon-zkevm:0x22c5b360a725d4983e4f5f48ac4f474b364f5e43:SMT_KEY:2,0x22c5b360a725d4983e4f5f48ac4f474b364f5e43,2,code_hash,3998737
polygon-zkevm:0x22c5b360a725d4983e4f5f48ac4f474b364f5e43:SMT_KEY:4,0x22c5b360a725d4983e4f5f48ac4f474b364f5e43,4,code_hash_length,3998737
polygon-zkevm:0xe64adca6a1debfb50efa95d7c073d45e32b5ca1b:SMT_KEY:0,0xe64adca6a1debfb50efa95d7c073d45e32b5ca1b,0,balance,3998737
polygon-zkevm:0xe64adca6a1debfb50efa95d7c073d45e32b5ca1b:SMT_KEY:1,0xe64adca6a1debfb50efa95d7c073d45e32b5ca1b,1,nonce,3998737
polygon-zkevm:0xe64adca6a1debfb50efa95d7c073d45e32b5ca1b:SMT_KEY:2,0xe64adca6a1debfb50efa95d7c073d45e32b5ca1b,2,code_hash,3998737
polygon-zkevm:0xe64adca6a1debfb50efa95d7c073d45e32b5ca1b:SMT_KEY:4,0xe64adca6a1debfb50efa95d7c073d45e32b5ca1b,4,code_hash_length,3998737
polygon-zkevm:0x5c62af613fdd58ca54a9ae6a1fdf74b59cec5a5b:SMT_KEY:0,0x5c62af613fdd58ca54a9ae6a1fdf74b59cec5a5b,0,balance,3998747
polygon-zkevm:0x5c62af613fdd58ca54a9ae6a1fdf74b59cec5a5b:SMT_KEY:1,0x5c62af613fdd58ca54a9ae6a1fdf74b59cec5a5b,1,nonce,3998747
polygon-zkevm:0x5c62af613fdd58ca54a9ae6a1fdf74b59cec5a5b:SMT_KEY:2,0x5c62af613fdd58ca54a9ae6a1fdf74b59cec5a5b,2,code_hash,3998747
polygon-zkevm:0x5c62af613fdd58ca54a9ae6a1fdf74b59cec5a5b:SMT_KEY:4,0x5c62af613fdd58ca54a9ae6a1fdf74b59cec5a5b,4,code_hash_length,3998747
polygon-zkevm:0x275100fa7874b4a675fcd77260dee149ce027543:SMT_KEY:0,0x275100fa7874b4a675fcd77260dee149ce027543,0,balance,3998757
polygon-zkevm:0x275100fa7874b4a675fcd77260dee149ce027543:SMT_KEY:1,0x275100fa7874b4a675fcd77260dee149ce027543,1,nonce,3998757
polygon-zkevm:0x275100fa7874b4a675fcd77260dee149ce027543:SMT_KEY:2,0x275100fa7874b4a675fcd77260dee149ce027543,2,code_hash,3998757
polygon-zkevm:0x275100fa7874b4a675fcd77260dee149ce027543:SMT_KEY:4,0x275100fa7874b4a675fcd77260dee149ce027543,4,code_hash_length,3998757
polygon-zkevm:0x175c60916ccd377c6d9d8a1b58863dfdeca90cfd:SMT_KEY:0,0x175c60916ccd377c6d9d8a1b58863dfdeca90cfd,0,balance,3998767
polygon-zkevm:0x175c60916ccd377c6d9d8a1b58863dfdeca90cfd:SMT_KEY:1,0x175c60916ccd377c6d9d8a1b58863dfdeca90cfd,1,nonce,3998767
polygon-zkevm:0x175c60916ccd377c6d9d8a1b58863dfdeca90cfd:SMT_KEY:2,0x175c60916ccd377c6d9d8a1b58863dfdeca90cfd,2,code_hash,3998767
polygon-zkevm:0x175c60916ccd377c6d9d8a1b58863dfdeca90cfd:SMT_KEY:4,0x175c60916ccd377c6d9d8a1b58863dfdeca90cfd,4,code_hash_length,3998767
polygon-zkevm:0xbf81c9bf9883abab878952fcbfb84914a67b6e43:SMT_KEY:0,0xbf81c9bf9883abab878952fcbfb84914a67b6e43,0,balance,3998777
polygon-zkevm:0xbf81c9bf9883abab878952fcbfb84914a67b6e43:SMT_KEY:1,0xbf81c9bf9883abab878952fcbfb84914a67b6e43,1,nonce,3998777
polygon-zkevm:0xbf81c9bf9883abab878952fcbfb84914a67b6e43:SMT_KEY:2,0xbf81c9bf9883abab878952fcbfb84914a67b6e43,2,code_hash,3998777
polygon-zkevm:0xbf81c9bf9883abab878952fcbfb84914a67b6e43:SMT_KEY:4,0xbf81c9bf9883abab878952fcbfb84914a67b6e43,4,code_hash_length,3998777
polygon-zkevm:0xac2ea127268d6eb5c23b5e76b903589387fa6c83:SMT_KEY:0,0xac2ea127268d6eb5c23b5e76b903589387fa6c83,0,balance,3998787
polygon-zkevm:0xac2ea127268d6eb5c23b5e76b903589387fa6c83:SMT_KEY:1,0xac2ea127268d6eb5c23b5e76b903589387fa6c83,1,nonce,3998787
polygon-zkevm:0xac2ea127268d6eb5c23b5e76b903589387fa6c83:SMT_KEY:2,0xac2ea127268d6eb5c23b5e76b903589387fa6c83,2,code_hash,3998787
polygon-zkevm:0xac2ea127268d6eb5c23b5e76b903589387fa6c83:SMT_KEY:4,0xac2ea127268d6eb5c23b5e76b903589387fa6c83,4,code_hash_length,3998787
polygon-zkevm:0x0e6998acc5a20a5aa58e40eb0dd6c06f2d3206a0:SMT_KEY:0,0x0e6998acc5a20a5aa58e40eb0dd6c06f2d3206a0,0,balance,3998807
polygon-zkevm:0x0e6998acc5a20a5aa58e40eb0dd6c06f2d3206a0:SMT_KEY:1,0x0e6998acc5a20a5aa58e40eb0dd6c06f2d3206a0,1,nonce,3998807
polygon-zkevm:0x0e6998acc5a20a5aa58e40eb0dd6c06f2d3206a0:SMT_KEY:2,0x0e6998acc5a20a5aa58e40eb0dd6c06f2d3206a0,2,code_hash,3998807
polygon-zkevm:0x0e6998acc5a20a5aa58e40eb0dd6c06f2d3206a0:SMT_KEY:4,0x0e6998acc5a20a5aa58e40eb0dd6c06f2d3206a0,4,code_hash_length,3998807
polygon-zkevm:0x76f948e5f13b9a84a81e5681df8682bbf524805e:SMT_KEY:0,0x76f948e5f13b9a84a81e5681df8682bbf524805e,0,balance,3998807
polygon-zkevm:0x76f948e5f13b9a84a81e5681df8682bbf524805e:SMT_KEY:1,0x76f948e5f13b9a84a81e5681df8682bbf524805e,1,nonce,3998807
polygon-zkevm:0x76f948e5f13b9a84a81e5681df8682bbf524805e:SMT_KEY:2,0x76f948e5f13b9a84a81e5681df8682bbf524805e,2,code_hash,3998807
polygon-zkevm:0x76f948e5f13b9a84a81e5681df8682bbf524805e:SMT_KEY:4,0x76f948e5f13b9a84a81e5681df8682bbf524805e,4,code_hash_length,3998807
polygon-zkevm:0x24c6d498d0f6b8b28d7938f6c198bd89caee7954:SMT_KEY:0,0x24c6d498d0f6b8b28d7938f6c198bd89caee7954,0,balance,3998817
polygon-zkevm:0x24c6d498d0f6b8b28d7938f6c198bd89caee7954:SMT_KEY:1,0x24c6d498d0f6b8b28d7938f6c198bd89caee7954,1,nonce,3998817
polygon-zkevm:0x24c6d498d0f6b8b28d7938f6c198bd89caee7954:SMT_KEY:2,0x24c6d498d0f6b8b28d7938f6c198bd89caee7954,2,code_hash,3998817
polygon-zkevm:0x24c6d498d0f6b8b28d7938f6c198bd89caee7954:SMT_KEY:4,0x24c6d498d0f6b8b28d7938f6c198bd89caee7954,4,code_hash_length,3998817
polygon-zkevm:0x80c67432656d59144ceff962e8faf8926599bcf8:SMT_KEY:0,0x80c67432656d59144ceff962e8faf8926599bcf8,0,balance,3998827
polygon-zkevm:0x80c67432656d59144ceff962e8faf8926599bcf8:SMT_KEY:1,0x80c67432656d59144ceff962e8faf8926599bcf8,1,nonce,3998827
polygon-zkevm:0x80c67432656d59144ceff962e8faf8926599bcf8:SMT_KEY:2,0x80c67432656d59144ceff962e8faf8926599bcf8,2,code_hash,3998827
polygon-zkevm:0x80c67432656d59144ceff962e8faf8926599bcf8:SMT_KEY:4,0x80c67432656d59144ceff962e8faf8926599bcf8,4,code_hash_length,3998827
polygon-zkevm:0xe2b5b5bd4e47febfb490cc4b81cff0e481171b99:SMT_KEY:0,0xe2b5b5bd4e47febfb490cc4b81cff0e481171b99,0,balance,3998827
polygon-zkevm:0xe2b5b5bd4e47febfb490cc4b81cff0e481171b99:SMT_KEY:1,0xe2b5b5bd4e47febfb490cc4b81cff0e481171b99,1,nonce,3998827
polygon-zkevm:0xe2b5b5bd4e47febfb490cc4b81cff0e481171b99:SMT_KEY:2,0xe2b5b5bd4e47febfb490cc4b81cff0e481171b99,2,code_hash,3998827
polygon-zkevm:0xe2b5b5bd4e47febfb490cc4b81cff0e481171b99:SMT_KEY:4,0xe2b5b5bd4e47febfb490cc4b81cff0e481171b99,4,code_hash_length,3998827
polygon-zkevm:0x54c83b28d0069b1d57347e9de96471ebbdf1574a:SMT_KEY:0,0x54c83b28d0069b1d57347e9de96471ebbdf1574a,0,balance,3998837
polygon-zkevm:0x54c83b28d0069b1d57347e9de96471ebbdf1574a:SMT_KEY:1,0x54c83b28d0069b1d57347e9de96471ebbdf1574a,1,nonce,3998837
polygon-zkevm:0x54c83b28d0069b1d57347e9de96471ebbdf1574a:SMT_KEY:2,0x54c83b28d0069b1d57347e9de96471ebbdf1574a,2,code_hash,3998837
polygon-zkevm:0x54c83b28d0069b1d57347e9de96471ebbdf1574a:SMT_KEY:4,0x54c83b28d0069b1d57347e9de96471ebbdf1574a,4,code_hash_length,3998837
polygon-zkevm:0x7fbd4eb606c55c49ba4725251137970bb56682b6:SMT_KEY:0,0x7fbd4eb606c55c49ba4725251137970bb56682b6,0,balance,3998847
polygon-zkevm:0x7fbd4eb606c55c49ba4725251137970bb56682b6:SMT_KEY:1,0x7fbd4eb606c55c49ba4725251137970bb56682b6,1,nonce,3998847
polygon-zkevm:0x7fbd4eb606c55c49ba4725251137970bb56682b6:SMT_KEY:2,0x7fbd4eb606c55c49ba4725251137970bb56682b6,2,code_hash,3998847
polygon-zkevm:0x7fbd4eb606c55c49ba4725251137970bb56682b6:SMT_KEY:4,0x7fbd4eb606c55c49ba4725251137970bb56682b6,4,code_hash_length,3998847
polygon-zkevm:0x555a64968e4803e27669d64e349ef3d18fca0895:SMT_KEY:0,0x555a64968e4803e27669d64e349ef3d18fca0895,0,balance,3998857
polygon-zkevm:0x555a64968e4803e27669d64e349ef3d18fca0895:SMT_KEY:1,0x555a64968e4803e27669d64e349ef3d18fca0895,1,nonce,3998857
polygon-zkevm:0x555a64968e4803e27669d64e349ef3d18fca0895:SMT_KEY:2,0x555a64968e4803e27669d64e349ef3d18fca0895,2,code_hash,3998857
polygon-zkevm:0x555a64968e4803e27669d64e349ef3d18fca0895:SMT_KEY:4,0x555a64968e4803e27669d64e349ef3d18fca0895,4,code_hash_length,3998857
polygon-zkevm:0x685ee51518320a6625fa2bb523b2eab385df68b3:SMT_KEY:0,0x685ee51518320a6625fa2bb523b2eab385df68b3,0,balance,3998857
polygon-zkevm:0x685ee51518320a6625fa2bb523b2eab385df68b3:SMT_KEY:1,0x685ee51518320a6625fa2bb523b2eab385df68b3,1,nonce,3998857
polygon-zkevm:0x685ee51518320a6625fa2bb523b2eab385df68b3:SMT_KEY:2,0x685ee51518320a6625fa2bb523b2eab385df68b3,2,code_hash,3998857
polygon-zkevm:0x685ee51518320a6625fa2bb523b2eab385df68b3:SMT_KEY:4,0x685ee51518320a6625fa2bb523b2eab385df68b3,4,code_hash_length,3998857
polygon-zkevm:0x4a43f71582c0a5e1f4daa8c466585755254bb52f:SMT_KEY:0,0x4a43f71582c0a5e1f4daa8c466585755254bb52f,0,balance,3998867
polygon-zkevm:0x4a43f71582c0a5e1f4daa8c466585755254bb52f:SMT_KEY:1,0x4a43f71582c0a5e1f4daa8c466585755254bb52f,1,nonce,3998867
polygon-zkevm:0x4a43f71582c0a5e1f4daa8c466585755254bb52f:SMT_KEY:2,0x4a43f71582c0a5e1f4daa8c466585755254bb52f,2,code_hash,3998867
polygon-zkevm:0x4a43f71582c0a5e1f4daa8c466585755254bb52f:SMT_KEY:4,0x4a43f71582c0a5e1f4daa8c466585755254bb52f,4,code_hash_length,3998867
polygon-zkevm:0xdccada4894941593f4c842d7c6bfd486e8344116:SMT_KEY:0,0xdccada4894941593f4c842d7c6bfd486e8344116,0,balance,3998887
polygon-zkevm:0xdccada4894941593f4c842d7c6bfd486e8344116:SMT_KEY:1,0xdccada4894941593f4c842d7c6bfd486e8344116,1,nonce,3998887
polygon-zkevm:0xdccada4894941593f4c842d7c6bfd486e8344116:SMT_KEY:2,0xdccada4894941593f4c842d7c6bfd486e8344116,2,code_hash,3998887
polygon-zkevm:0xdccada4894941593f4c842d7c6bfd486e8344116:SMT_KEY:4,0xdccada4894941593f4c842d7c6bfd486e8344116,4,code_hash_length,3998887
polygon-zkevm:0xead2ffbeb016800a1fefe24fbc1dee41a51db601:SMT_KEY:0,0xead2ffbeb016800a1fefe24fbc1dee41a51db601,0,balance,3998887
polygon-zkevm:0xead2ffbeb016800a1fefe24fbc1dee41a51db601:SMT_KEY:1,0xead2ffbeb016800a1fefe24fbc1dee41a51db601,1,nonce,3998887
polygon-zkevm:0xead2ffbeb016800a1fefe24fbc1dee41a51db601:SMT_KEY:2,0xead2ffbeb016800a1fefe24fbc1dee41a51db601,2,code_hash,3998887
polygon-zkevm:0xead2ffbeb016800a1fefe24fbc1dee41a51db601:SMT_KEY:4,0xead2ffbeb016800a1fefe24fbc1dee41a51db601,4,code_hash_length,3998887
polygon-zkevm:0xa2036f0538221a77a3937f1379699f44945018d0:SMT_KEY:0,0xa2036f0538221a77a3937f1379699f44945018d0,0,balance,3998897
polygon-zkevm:0xa2036f0538221a77a3937f1379699f44945018d0:SMT_KEY:1,0xa2036f0538221a77a3937f1379699f44945018d0,1,nonce,3998897
polygon-zkevm:0xa2036f0538221a77a3937f1379699f44945018d0:SMT_KEY:2,0xa2036f0538221a77a3937f1379699f44945018d0,2,code_hash,3998897
polygon-zkevm:0xa2036f0538221a77a3937f1379699f44945018d0:SMT_KEY:4,0xa2036f0538221a77a3937f1379699f44945018d0,4,code_hash_length,3998897
polygon-zkevm:0xe2df7e61f645958033b1e04505431fb827f4dc60:SMT_KEY:0,0xe2df7e61f645958033b1e04505431fb827f4dc60,0,balance,3998897
polygon-zkevm:0xe2df7e61f645958033b1e04505431fb827f4dc60:SMT_KEY:1,0xe2df7e61f645958033b1e04505431fb827f4dc60,1,nonce,3998897
polygon-zkevm:0xe2df7e61f645958033b1e04505431fb827f4dc60:SMT_KEY:2,0xe2df7e61f645958033b1e04505431fb827f4dc60,2,code_hash,3998897
polygon-zkevm:0xe2df7e61f645958033b1e04505431fb827f4dc60:SMT_KEY:4,0xe2df7e61f645958033b1e04505431fb827f4dc60,4,code_hash_length,3998897
polygon-zkevm:0xb35f9aac007666cacd0520b68d59d682262db7da:SMT_KEY:0,0xb35f9aac007666cacd0520b68d59d682262db7da,0,balance,3998907
polygon-zkevm:0xb35f9aac007666cacd0520b68d59d682262db7da:SMT_KEY:1,0xb35f9aac007666cacd0520b68d59d682262db7da,1,nonce,3998907
polygon-zkevm:0xb35f9aac007666cacd0520b68d59d682262db7da:SMT_KEY:2,0xb35f9aac007666cacd0520b68d59d682262db7da,2,code_hash,3998907
polygon-zkevm:0xb35f9aac007666cacd0520b68d59d682262db7da:SMT_KEY:4,0xb35f9aac007666cacd0520b68d59d682262db7da,4,code_hash_length,3998907
polygon-zkevm:0x31b1c23fbf3409b0556abd4da1fc4b08d938ea0a:SMT_KEY:0,0x31b1c23fbf3409b0556abd4da1fc4b08d938ea0a,0,balance,3998917
polygon-zkevm:0x31b1c23fbf3409b0556abd4da1fc4b08d938ea0a:SMT_KEY:1,0x31b1c23fbf3409b0556abd4da1fc4b08d938ea0a,1,nonce,3998917
polygon-zkevm:0x31b1c23fbf3409b0556abd4da1fc4b08d938ea0a:SMT_KEY:2,0x31b1c23fbf3409b0556abd4da1fc4b08d938ea0a,2,code_hash,3998917
polygon-zkevm:0x31b1c23fbf3409b0556abd4da1fc4b08d938ea0a:SMT_KEY:4,0x31b1c23fbf3409b0556abd4da1fc4b08d938ea0a,4,code_hash_length,3998917
polygon-zkevm:0xe596e79375364acf31d0b9f4ed5b5b9b8123d238:SMT_KEY:0,0xe596e79375364acf31d0b9f4ed5b5b9b8123d238,0,balance,3998927
polygon-zkevm:0xe596e79375364acf31d0b9f4ed5b5b9b8123d238:SMT_KEY:1,0xe596e79375364acf31d0b9f4ed5b5b9b8123d238,1,nonce,3998927
polygon-zkevm:0xe596e79375364acf31d0b9f4ed5b5b9b8123d238:SMT_KEY:2,0xe596e79375364acf31d0b9f4ed5b5b9b8123d238,2,code_hash,3998927
polygon-zkevm:0xe596e79375364acf31d0b9f4ed5b5b9b8123d238:SMT_KEY:4,0xe596e79375364acf31d0b9f4ed5b5b9b8123d238,4,code_hash_length,3998927
polygon-zkevm:0xac9d3f04bfdf7698d8a59e07e81fc988cc2202c9:SMT_KEY:0,0xac9d3f04bfdf7698d8a59e07e81fc988cc2202c9,0,balance,3998937
polygon-zkevm:0xac9d3f04bfdf7698d8a59e07e81fc988cc2202c9:SMT_KEY:1,0xac9d3f04bfdf7698d8a59e07e81fc988cc2202c9,1,nonce,3998937
polygon-zkevm:0xac9d3f04bfdf7698d8a59e07e81fc988cc2202c9:SMT_KEY:2,0xac9d3f04bfdf7698d8a59e07e81fc988cc2202c9,2,code_hash,3998937
polygon-zkevm:0xac9d3f04bfdf7698d8a59e07e81fc988cc2202c9:SMT_KEY:4,0xac9d3f04bfdf7698d8a59e07e81fc988cc2202c9,4,code_hash_length,3998937
polygon-zkevm:0x6c922ced1f0ef0910474987b0bf37903e4030a3f:SMT_KEY:0,0x6c922ced1f0ef0910474987b0bf37903e4030a3f,0,balance,3998947
polygon-zkevm:0x6c922ced1f0ef0910474987b0bf37903e4030a3f:SMT_KEY:1,0x6c922ced1f0ef0910474987b0bf37903e4030a3f,1,nonce,3998947
polygon-zkevm:0x6c922ced1f0ef0910474987b0bf37903e4030a3f:SMT_KEY:2,0x6c922ced1f0ef0910474987b0bf37903e4030a3f,2,code_hash,3998947
polygon-zkevm:0x6c922ced1f0ef0910474987b0bf37903e4030a3f:SMT_KEY:4,0x6c922ced1f0ef0910474987b0bf37903e4030a3f,4,code_hash_length,3998947
polygon-zkevm:0xe996563e39d96bbd6c3c33ba47ef300934a30a9b:SMT_KEY:0,0xe996563e39d96bbd6c3c33ba47ef300934a30a9b,0,balance,3998967
polygon-zkevm:0xe996563e39d96bbd6c3c33ba47ef300934a30a9b:SMT_KEY:1,0xe996563e39d96bbd6c3c33ba47ef300934a30a9b,1,nonce,3998967
polygon-zkevm:0xe996563e39d96bbd6c3c33ba47ef300934a30a9b:SMT_KEY:2,0xe996563e39d96bbd6c3c33ba47ef300934a30a9b,2,code_hash,3998967
polygon-zkevm:0xe996563e39d96bbd6c3c33ba47ef300934a30a9b:SMT_KEY:4,0xe996563e39d96bbd6c3c33ba47ef300934a30a9b,4,code_hash_length,3998967
polygon-zkevm:0x82be81938d4f486dfa761acd0eb996316ff60631:SMT_KEY:0,0x82be81938d4f486dfa761acd0eb996316ff60631,0,balance,3998977
polygon-zkevm:0x82be81938d4f486dfa761acd0eb996316ff60631:SMT_KEY:1,0x82be81938d4f486dfa761acd0eb996316ff60631,1,nonce,3998977
polygon-zkevm:0x82be81938d4f486dfa761acd0eb996316ff60631:SMT_KEY:2,0x82be81938d4f486dfa761acd0eb996316ff60631,2,code_hash,3998977
polygon-zkevm:0x82be81938d4f486dfa761acd0eb996316ff60631:SMT_KEY:4,0x82be81938d4f486dfa761acd0eb996316ff60631,4,code_hash_length,3998977
polygon-zkevm:0x1fd37dc62bc9fbc3e4205a9a91b79bfaa5190afd:SMT_KEY:0,0x1fd37dc62bc9fbc3e4205a9a91b79bfaa5190afd,0,balance,3998987
polygon-zkevm:0x1fd37dc62bc9fbc3e4205a9a91b79bfaa5190afd:SMT_KEY:1,0x1fd37dc62bc9fbc3e4205a9a91b79bfaa5190afd,1,nonce,3998987
polygon-zkevm:0x1fd37dc62bc9fbc3e4205a9a91b79bfaa5190afd:SMT_KEY:2,0x1fd37dc62bc9fbc3e4205a9a91b79bfaa5190afd,2,code_hash,3998987
polygon-zkevm:0x1fd37dc62bc9fbc3e4205a9a91b79bfaa5190afd:SMT_KEY:4,0x1fd37dc62bc9fbc3e4205a9a91b79bfaa5190afd,4,code_hash_length,3998987
polygon-zkevm:0x8acd3dae1ae5670474772061088a46e0a459ba35:SMT_KEY:0,0x8acd3dae1ae5670474772061088a46e0a459ba35,0,balance,3998997
polygon-zkevm:0x8acd3dae1ae5670474772061088a46e0a459ba35:SMT_KEY:1,0x8acd3dae1ae5670474772061088a46e0a459ba35,1,nonce,3998997
polygon-zkevm:0x8acd3dae1ae5670474772061088a46e0a459ba35:SMT_KEY:2,0x8acd3dae1ae5670474772061088a46e0a459ba35,2,code_hash,3998997
polygon-zkevm:0x8acd3dae1ae5670474772061088a46e0a459ba35:SMT_KEY:4,0x8acd3dae1ae5670474772061088a46e0a459ba35,4,code_hash_length,3998997
polygon-zkevm:0x2ad8969ab6b422c2eb61093aa27aacf1e128f01f:SMT_KEY:0,0x2ad8969ab6b422c2eb61093aa27aacf1e128f01f,0,balance,3999007
polygon-zkevm:0x2ad8969ab6b422c2eb61093aa27aacf1e128f01f:SMT_KEY:1,0x2ad8969ab6b422c2eb61093aa27aacf1e128f01f,1,nonce,3999007
polygon-zkevm:0x2ad8969ab6b422c2eb61093aa27aacf1e128f01f:SMT_KEY:2,0x2ad8969ab6b422c2eb61093aa27aacf1e128f01f,2,code_hash,3999007
polygon-zkevm:0x2ad8969ab6b422c2eb61093aa27aacf1e128f01f:SMT_KEY:4,0x2ad8969ab6b422c2eb61093aa27aacf1e128f01f,4,code_hash_length,3999007
polygon-zkevm:0x7ccebcf8a751c0724b8bf8a99525091df08db3a9:SMT_KEY:0,0x7ccebcf8a751c0724b8bf8a99525091df08db3a9,0,balance,3999017
polygon-zkevm:0x7ccebcf8a751c0724b8bf8a99525091df08db3a9:SMT_KEY:1,0x7ccebcf8a751c0724b8bf8a99525091df08db3a9,1,nonce,3999017
polygon-zkevm:0x7ccebcf8a751c0724b8bf8a99525091df08db3a9:SMT_KEY:2,0x7ccebcf8a751c0724b8bf8a99525091df08db3a9,2,code_hash,3999017
polygon-zkevm:0x7ccebcf8a751c0724b8bf8a99525091df08db3a9:SMT_KEY:4,0x7ccebcf8a751c0724b8bf8a99525091df08db3a9,4,code_hash_length,3999017
polygon-zkevm:0x63a93a907328f98c7e7bf8f3b8c8c719ccece763:SMT_KEY:0,0x63a93a907328f98c7e7bf8f3b8c8c719ccece763,0,balance,3999027
polygon-zkevm:0x63a93a907328f98c7e7bf8f3b8c8c719ccece763:SMT_KEY:1,0x63a93a907328f98c7e7bf8f3b8c8c719ccece763,1,nonce,3999027
polygon-zkevm:0x63a93a907328f98c7e7bf8f3b8c8c719ccece763:SMT_KEY:2,0x63a93a907328f98c7e7bf8f3b8c8c719ccece763,2,code_hash,3999027
polygon-zkevm:0x63a93a907328f98c7e7bf8f3b8c8c719ccece763:SMT_KEY:4,0x63a93a907328f98c7e7bf8f3b8c8c719ccece763,4,code_hash_length,3999027
polygon-zkevm:0x1f526b640f43fcb439ed2cc26ca622bed9b2794a:SMT_KEY:0,0x1f526b640f43fcb439ed2cc26ca622bed9b2794a,0,balance,3999037
polygon-zkevm:0x1f526b640f43fcb439ed2cc26ca622bed9b2794a:SMT_KEY:1,0x1f526b640f43fcb439ed2cc26ca622bed9b2794a,1,nonce,3999037
polygon-zkevm:0x1f526b640f43fcb439ed2cc26ca622bed9b2794a:SMT_KEY:2,0x1f526b640f43fcb439ed2cc26ca622bed9b2794a,2,code_hash,3999037
polygon-zkevm:0x1f526b640f43fcb439ed2cc26ca622bed9b2794a:SMT_KEY:4,0x1f526b640f43fcb439ed2cc26ca622bed9b2794a,4,code_hash_length,3999037
polygon-zkevm:0x5b4a08e006917f68c35d450379d91c430d479296:SMT_KEY:0,0x5b4a08e006917f68c35d450379d91c430d479296,0,balance,3999057
polygon-zkevm:0x5b4a08e006917f68c35d450379d91c430d479296:SMT_KEY:1,0x5b4a08e006917f68c35d450379d91c430d479296,1,nonce,3999057
polygon-zkevm:0x5b4a08e006917f68c35d450379d91c430d479296:SMT_KEY:2,0x5b4a08e006917f68c35d450379d91c430d479296,2,code_hash,3999057
polygon-zkevm:0x5b4a08e006917f68c35d450379d91c430d479296:SMT_KEY:4,0x5b4a08e006917f68c35d450379d91c430d479296,4,code_hash_length,3999057
polygon-zkevm:0xb293aa7230a9a9d213aabd5d2348e2b3f5da3ddd:SMT_KEY:0,0xb293aa7230a9a9d213aabd5d2348e2b3f5da3ddd,0,balance,3999067
polygon-zkevm:0xb293aa7230a9a9d213aabd5d2348e2b3f5da3ddd:SMT_KEY:1,0xb293aa7230a9a9d213aabd5d2348e2b3f5da3ddd,1,nonce,3999067
polygon-zkevm:0xb293aa7230a9a9d213aabd5d2348e2b3f5da3ddd:SMT_KEY:2,0xb293aa7230a9a9d213aabd5d2348e2b3f5da3ddd,2,code_hash,3999067
polygon-zkevm:0xb293aa7230a9a9d213aabd5d2348e2b3f5da3ddd:SMT_KEY:4,0xb293aa7230a9a9d213aabd5d2348e2b3f5da3ddd,4,code_hash_length,3999067
polygon-zkevm:0x58121a0d7308e4956745197e306e855389fe5a09:SMT_KEY:0,0x58121a0d7308e4956745197e306e855389fe5a09,0,balance,3999077
polygon-zkevm:0x58121a0d7308e4956745197e306e855389fe5a09:SMT_KEY:1,0x58121a0d7308e4956745197e306e855389fe5a09,1,nonce,3999077
polygon-zkevm:0x58121a0d7308e4956745197e306e855389fe5a09:SMT_KEY:2,0x58121a0d7308e4956745197e306e855389fe5a09,2,code_hash,3999077
polygon-zkevm:0x58121a0d7308e4956745197e306e855389fe5a09:SMT_KEY:4,0x58121a0d7308e4956745197e306e855389fe5a09,4,code_hash_length,3999077
polygon-zkevm:0xd29f97e32cdd04c3af3c0e01fa313c3b9fdf5ceb:SMT_KEY:0,0xd29f97e32cdd04c3af3c0e01fa313c3b9fdf5ceb,0,balance,3999097
polygon-zkevm:0xd29f97e32cdd04c3af3c0e01fa313c3b9fdf5ceb:SMT_KEY:1,0xd29f97e32cdd04c3af3c0e01fa313c3b9fdf5ceb,1,nonce,3999097
polygon-zkevm:0xd29f97e32cdd04c3af3c0e01fa313c3b9fdf5ceb:SMT_KEY:2,0xd29f97e32cdd04c3af3c0e01fa313c3b9fdf5ceb,2,code_hash,3999097
polygon-zkevm:0xd29f97e32cdd04c3af3c0e01fa313c3b9fdf5ceb:SMT_KEY:4,0xd29f97e32cdd04c3af3c0e01fa313c3b9fdf5ceb,4,code_hash_length,3999097
polygon-zkevm:0xe4edb277e41dc89ab076a1f049f4a3efa700bce8:SMT_KEY:0,0xe4edb277e41dc89ab076a1f049f4a3efa700bce8,0,balance,3999097
polygon-zkevm:0xe4edb277e41dc89ab076a1f049f4a3efa700bce8:SMT_KEY:1,0xe4edb277e41dc89ab076a1f049f4a3efa700bce8,1,nonce,3999097
polygon-zkevm:0xe4edb277e41dc89ab076a1f049f4a3efa700bce8:SMT_KEY:2,0xe4edb277e41dc89ab076a1f049f4a3efa700bce8,2,code_hash,3999097
polygon-zkevm:0xe4edb277e41dc89ab076a1f049f4a3efa700bce8:SMT_KEY:4,0xe4edb277e41dc89ab076a1f049f4a3efa700bce8,4,code_hash_length,3999097
polygon-zkevm:0x14474536ea9d8fe761edf527f35a30f43c39a097:SMT_KEY:0,0x14474536ea9d8fe761edf527f35a30f43c39a097,0,balance,3999107
polygon-zkevm:0x14474536ea9d8fe761edf527f35a30f43c39a097:SMT_KEY:1,0x14474536ea9d8fe761edf527f35a30f43c39a097,1,nonce,3999107
polygon-zkevm:0x14474536ea9d8fe761edf527f35a30f43c39a097:SMT_KEY:2,0x14474536ea9d8fe761edf527f35a30f43c39a097,2,code_hash,3999107
polygon-zkevm:0x14474536ea9d8fe761edf527f35a30f43c39a097:SMT_KEY:4,0x14474536ea9d8fe761edf527f35a30f43c39a097,4,code_hash_length,3999107
polygon-zkevm:0xba83d3e5f4e148a80e86f6bc5981edd93e26477f:SMT_KEY:0,0xba83d3e5f4e148a80e86f6bc5981edd93e26477f,0,balance,3999117
polygon-zkevm:0xba83d3e5f4e148a80e86f6bc5981edd93e26477f:SMT_KEY:1,0xba83d3e5f4e148a80e86f6bc5981edd93e26477f,1,nonce,3999117
polygon-zkevm:0xba83d3e5f4e148a80e86f6bc5981edd93e26477f:SMT_KEY:2,0xba83d3e5f4e148a80e86f6bc5981edd93e26477f,2,code_hash,3999117
polygon-zkevm:0xba83d3e5f4e148a80e86f6bc5981edd93e26477f:SMT_KEY:4,0xba83d3e5f4e148a80e86f6bc5981edd93e26477f,4,code_hash_length,3999117
polygon-zkevm:0xb662681a80738da10349f7d06dfa0b550fe30645:SMT_KEY:0,0xb662681a80738da10349f7d06dfa0b550fe30645,0,balance,3999127
polygon-zkevm:0xb662681a80738da10349f7d06dfa0b550fe30645:SMT_KEY:1,0xb662681a80738da10349f7d06dfa0b550fe30645,1,nonce,3999127
polygon-zkevm:0xb662681a80738da10349f7d06dfa0b550fe30645:SMT_KEY:2,0xb662681a80738da10349f7d06dfa0b550fe30645,2,code_hash,3999127
polygon-zkevm:0xb662681a80738da10349f7d06dfa0b550fe30645:SMT_KEY:4,0xb662681a80738da10349f7d06dfa0b550fe30645,4,code_hash_length,3999127
polygon-zkevm:0x0e6d7db330b74f25e34b23dbc0eb7640fa90aedf:SMT_KEY:0,0x0e6d7db330b74f25e34b23dbc0eb7640fa90aedf,0,balance,3999137
polygon-zkevm:0x0e6d7db330b74f25e34b23dbc0eb7640fa90aedf:SMT_KEY:1,0x0e6d7db330b74f25e34b23dbc0eb7640fa90aedf,1,nonce,3999137
polygon-zkevm:0x0e6d7db330b74f25e34b23dbc0eb7640fa90aedf:SMT_KEY:2,0x0e6d7db330b74f25e34b23dbc0eb7640fa90aedf,2,code_hash,3999137
polygon-zkevm:0x0e6d7db330b74f25e34b23dbc0eb7640fa90aedf:SMT_KEY:4,0x0e6d7db330b74f25e34b23dbc0eb7640fa90aedf,4,code_hash_length,3999137
polygon-zkevm:0x0c07fc4f70348c5de11ca5c1b99318ec7abeb4ca:SMT_KEY:0,0x0c07fc4f70348c5de11ca5c1b99318ec7abeb4ca,0,balance,3999147
polygon-zkevm:0x0c07fc4f70348c5de11ca5c1b99318ec7abeb4ca:SMT_KEY:1,0x0c07fc4f70348c5de11ca5c1b99318ec7abeb4ca,1,nonce,3999147
polygon-zkevm:0x0c07fc4f70348c5de11ca5c1b99318ec7abeb4ca:SMT_KEY:2,0x0c07fc4f70348c5de11ca5c1b99318ec7abeb4ca,2,code_hash,3999147
polygon-zkevm:0x0c07fc4f70348c5de11ca5c1b99318ec7abeb4ca:SMT_KEY:4,0x0c07fc4f70348c5de11ca5c1b99318ec7abeb4ca,4,code_hash_length,3999147
polygon-zkevm:0x0d1e753a25ebda689453309112904807625befbe:SMT_KEY:0,0x0d1e753a25ebda689453309112904807625befbe,0,balance,3999147
polygon-zkevm:0x0d1e753a25ebda689453309112904807625befbe:SMT_KEY:1,0x0d1e753a25ebda689453309112904807625befbe,1,nonce,3999147
polygon-zkevm:0x0d1e753a25ebda689453309112904807625befbe:SMT_KEY:2,0x0d1e753a25ebda689453309112904807625befbe,2,code_hash,3999147
polygon-zkevm:0x0d1e753a25ebda689453309112904807625befbe:SMT_KEY:4,0x0d1e753a25ebda689453309112904807625befbe,4,code_hash_length,3999147
polygon-zkevm:0x491e59c255c790d4e3a53cec2632524088f1aaa4:SMT_KEY:0,0x491e59c255c790d4e3a53cec2632524088f1aaa4,0,balance,3999167
polygon-zkevm:0x491e59c255c790d4e3a53cec2632524088f1aaa4:SMT_KEY:1,0x491e59c255c790d4e3a53cec2632524088f1aaa4,1,nonce,3999167
polygon-zkevm:0x491e59c255c790d4e3a53cec2632524088f1aaa4:SMT_KEY:2,0x491e59c255c790d4e3a53cec2632524088f1aaa4,2,code_hash,3999167
polygon-zkevm:0x491e59c255c790d4e3a53cec2632524088f1aaa4:SMT_KEY:4,0x491e59c255c790d4e3a53cec2632524088f1aaa4,4,code_hash_length,3999167
polygon-zkevm:0x924128fc2cda777a6b5e0a9ad3ef1a8cdf73967e:SMT_KEY:0,0x924128fc2cda777a6b5e0a9ad3ef1a8cdf73967e,0,balance,3999167
polygon-zkevm:0x924128fc2cda777a6b5e0a9ad3ef1a8cdf73967e:SMT_KEY:1,0x924128fc2cda777a6b5e0a9ad3ef1a8cdf73967e,1,nonce,3999167
polygon-zkevm:0x924128fc2cda777a6b5e0a9ad3ef1a8cdf73967e:SMT_KEY:2,0x924128fc2cda777a6b5e0a9ad3ef1a8cdf73967e,2,code_hash,3999167
polygon-zkevm:0x924128fc2cda777a6b5e0a9ad3ef1a8cdf73967e:SMT_KEY:4,0x924128fc2cda777a6b5e0a9ad3ef1a8cdf73967e,4,code_hash_length,3999167
polygon-zkevm:0xcf4e955abe2aa1a5e1230a1e43cab2345dbd08f0:SMT_KEY:0,0xcf4e955abe2aa1a5e1230a1e43cab2345dbd08f0,0,balance,3999187
polygon-zkevm:0xcf4e955abe2aa1a5e1230a1e43cab2345dbd08f0:SMT_KEY:1,0xcf4e955abe2aa1a5e1230a1e43cab2345dbd08f0,1,nonce,3999187
polygon-zkevm:0xcf4e955abe2aa1a5e1230a1e43cab2345dbd08f0:SMT_KEY:2,0xcf4e955abe2aa1a5e1230a1e43cab2345dbd08f0,2,code_hash,3999187
polygon-zkevm:0xcf4e955abe2aa1a5e1230a1e43cab2345dbd08f0:SMT_KEY:4,0xcf4e955abe2aa1a5e1230a1e43cab2345dbd08f0,4,code_hash_length,3999187
polygon-zkevm:0x0a5f0e623749a1fa866c8427f96f2b3257923b11:SMT_KEY:0,0x0a5f0e623749a1fa866c8427f96f2b3257923b11,0,balance,3999197
polygon-zkevm:0x0a5f0e623749a1fa866c8427f96f2b3257923b11:SMT_KEY:1,0x0a5f0e623749a1fa866c8427f96f2b3257923b11,1,nonce,3999197
polygon-zkevm:0x0a5f0e623749a1fa866c8427f96f2b3257923b11:SMT_KEY:2,0x0a5f0e623749a1fa866c8427f96f2b3257923b11,2,code_hash,3999197
polygon-zkevm:0x0a5f0e623749a1fa866c8427f96f2b3257923b11:SMT_KEY:4,0x0a5f0e623749a1fa866c8427f96f2b3257923b11,4,code_hash_length,3999197
polygon-zkevm:0x8ec0e37b034844d9821e2ba553f697b68e7569b0:SMT_KEY:0,0x8ec0e37b034844d9821e2ba553f697b68e7569b0,0,balance,3999207
polygon-zkevm:0x8ec0e37b034844d9821e2ba553f697b68e7569b0:SMT_KEY:1,0x8ec0e37b034844d9821e2ba553f697b68e7569b0,1,nonce,3999207
polygon-zkevm:0x8ec0e37b034844d9821e2ba553f697b68e7569b0:SMT_KEY:2,0x8ec0e37b034844d9821e2ba553f697b68e7569b0,2,code_hash,3999207
polygon-zkevm:0x8ec0e37b034844d9821e2ba553f697b68e7569b0:SMT_KEY:4,0x8ec0e37b034844d9821e2ba553f697b68e7569b0,4,code_hash_length,3999207
polygon-zkevm:0x9284ebd0873bdd3c53c40135e59451cade77f43c:SMT_KEY:0,0x9284ebd0873bdd3c53c40135e59451cade77f43c,0,balance,3999227
polygon-zkevm:0x9284ebd0873bdd3c53c40135e59451cade77f43c:SMT_KEY:1,0x9284ebd0873bdd3c53c40135e59451cade77f43c,1,nonce,3999227
polygon-zkevm:0x9284ebd0873bdd3c53c40135e59451cade77f43c:SMT_KEY:2,0x9284ebd0873bdd3c53c40135e59451cade77f43c,2,code_hash,3999227
polygon-zkevm:0x9284ebd0873bdd3c53c40135e59451cade77f43c:SMT_KEY:4,0x9284ebd0873bdd3c53c40135e59451cade77f43c,4,code_hash_length,3999227
polygon-zkevm:0x1e4a5963abfd975d8c9021ce480b42188849d41d:SMT_KEY:0,0x1e4a5963abfd975d8c9021ce480b42188849d41d,0,balance,3999247
polygon-zkevm:0x1e4a5963abfd975d8c9021ce480b42188849d41d:SMT_KEY:1,0x1e4a5963abfd975d8c9021ce480b42188849d41d,1,nonce,3999247
polygon-zkevm:0x1e4a5963abfd975d8c9021ce480b42188849d41d:SMT_KEY:2,0x1e4a5963abfd975d8c9021ce480b42188849d41d,2,code_hash,3999247
polygon-zkevm:0x1e4a5963abfd975d8c9021ce480b42188849d41d:SMT_KEY:4,0x1e4a5963abfd975d8c9021ce480b42188849d41d,4,code_hash_length,3999247
polygon-zkevm:0x63caf5da98237e728cec4030225b8c9097fb3595:SMT_KEY:0,0x63caf5da98237e728cec4030225b8c9097fb3595,0,balance,3999247
polygon-zkevm:0x63caf5da98237e728cec4030225b8c9097fb3595:SMT_KEY:1,0x63caf5da98237e728cec4030225b8c9097fb3595,1,nonce,3999247
polygon-zkevm:0x63caf5da98237e728cec4030225b8c9097fb3595:SMT_KEY:2,0x63caf5da98237e728cec4030225b8c9097fb3595,2,code_hash,3999247
polygon-zkevm:0x63caf5da98237e728cec4030225b8c9097fb3595:SMT_KEY:4,0x63caf5da98237e728cec4030225b8c9097fb3595,4,code_hash_length,3999247
polygon-zkevm:0x2f686751b19a9d91cc3d57d90150bc767f050066:SMT_KEY:0,0x2f686751b19a9d91cc3d57d90150bc767f050066,0,balance,3999267
polygon-zkevm:0x2f686751b19a9d91cc3d57d90150bc767f050066:SMT_KEY:1,0x2f686751b19a9d91cc3d57d90150bc767f050066,1,nonce,3999267
polygon-zkevm:0x2f686751b19a9d91cc3d57d90150bc767f050066:SMT_KEY:2,0x2f686751b19a9d91cc3d57d90150bc767f050066,2,code_hash,3999267
polygon-zkevm:0x2f686751b19a9d91cc3d57d90150bc767f050066:SMT_KEY:4,0x2f686751b19a9d91cc3d57d90150bc767f050066,4,code_hash_length,3999267
polygon-zkevm:0x53a12fdb01594485a50902973e26d01e5839a841:SMT_KEY:0,0x53a12fdb01594485a50902973e26d01e5839a841,0,balance,3999267
polygon-zkevm:0x53a12fdb01594485a50902973e26d01e5839a841:SMT_KEY:1,0x53a12fdb01594485a50902973e26d01e5839a841,1,nonce,3999267
polygon-zkevm:0x53a12fdb01594485a50902973e26d01e5839a841:SMT_KEY:2,0x53a12fdb01594485a50902973e26d01e5839a841,2,code_hash,3999267
polygon-zkevm:0x53a12fdb01594485a50902973e26d01e5839a841:SMT_KEY:4,0x53a12fdb01594485a50902973e26d01e5839a841,4,code_hash_length,3999267
polygon-zkevm:0xb58f5110855fbef7a715d325d60543e7d4c18143:SMT_KEY:0,0xb58f5110855fbef7a715d325d60543e7d4c18143,0,balance,3999277
polygon-zkevm:0xb58f5110855fbef7a715d325d60543e7d4c18143:SMT_KEY:1,0xb58f5110855fbef7a715d325d60543e7d4c18143,1,nonce,3999277
polygon-zkevm:0xb58f5110855fbef7a715d325d60543e7d4c18143:SMT_KEY:2,0xb58f5110855fbef7a715d325d60543e7d4c18143,2,code_hash,3999277
polygon-zkevm:0xb58f5110855fbef7a715d325d60543e7d4c18143:SMT_KEY:4,0xb58f5110855fbef7a715d325d60543e7d4c18143,4,code_hash_length,3999277
polygon-zkevm:0xdf2e970dffacea357919936e28775457f05aaf02:SMT_KEY:0,0xdf2e970dffacea357919936e28775457f05aaf02,0,balance,3999277
polygon-zkevm:0xdf2e970dffacea357919936e28775457f05aaf02:SMT_KEY:1,0xdf2e970dffacea357919936e28775457f05aaf02,1,nonce,3999277
polygon-zkevm:0xdf2e970dffacea357919936e28775457f05aaf02:SMT_KEY:2,0xdf2e970dffacea357919936e28775457f05aaf02,2,code_hash,3999277
polygon-zkevm:0xdf2e970dffacea357919936e28775457f05aaf02:SMT_KEY:4,0xdf2e970dffacea357919936e28775457f05aaf02,4,code_hash_length,3999277
polygon-zkevm:0x45643fe996fc50d887a1ccf933f28bb93e4fd35f:SMT_KEY:0,0x45643fe996fc50d887a1ccf933f28bb93e4fd35f,0,balance,3999287
polygon-zkevm:0x45643fe996fc50d887a1ccf933f28bb93e4fd35f:SMT_KEY:1,0x45643fe996fc50d887a1ccf933f28bb93e4fd35f,1,nonce,3999287
polygon-zkevm:0x45643fe996fc50d887a1ccf933f28bb93e4fd35f:SMT_KEY:2,0x45643fe996fc50d887a1ccf933f28bb93e4fd35f,2,code_hash,3999287
polygon-zkevm:0x45643fe996fc50d887a1ccf933f28bb93e4fd35f:SMT_KEY:4,0x45643fe996fc50d887a1ccf933f28bb93e4fd35f,4,code_hash_length,3999287
polygon-zkevm:0x0dd5c3b51e26c8070ecc9549ab37238bf485fb1e:SMT_KEY:0,0x0dd5c3b51e26c8070ecc9549ab37238bf485fb1e,0,balance,3999307
polygon-zkevm:0x0dd5c3b51e26c8070ecc9549ab37238bf485fb1e:SMT_KEY:1,0x0dd5c3b51e26c8070ecc9549ab37238bf485fb1e,1,nonce,3999307
polygon-zkevm:0x0dd5c3b51e26c8070ecc9549ab37238bf485fb1e:SMT_KEY:2,0x0dd5c3b51e26c8070ecc9549ab37238bf485fb1e,2,code_hash,3999307
polygon-zkevm:0x0dd5c3b51e26c8070ecc9549ab37238bf485fb1e:SMT_KEY:4,0x0dd5c3b51e26c8070ecc9549ab37238bf485fb1e,4,code_hash_length,3999307
polygon-zkevm:0x68d9baa40394da2e2c1ca05d30bf33f52823ee7b:SMT_KEY:0,0x68d9baa40394da2e2c1ca05d30bf33f52823ee7b,0,balance,3999327
polygon-zkevm:0x68d9baa40394da2e2c1ca05d30bf33f52823ee7b:SMT_KEY:1,0x68d9baa40394da2e2c1ca05d30bf33f52823ee7b,1,nonce,3999327
polygon-zkevm:0x68d9baa40394da2e2c1ca05d30bf33f52823ee7b:SMT_KEY:2,0x68d9baa40394da2e2c1ca05d30bf33f52823ee7b,2,code_hash,3999327
polygon-zkevm:0x68d9baa40394da2e2c1ca05d30bf33f52823ee7b:SMT_KEY:4,0x68d9baa40394da2e2c1ca05d30bf33f52823ee7b,4,code_hash_length,3999327
polygon-zkevm:0x2184b626e0f34d7fff555185e048b2a09a2f201d:SMT_KEY:0,0x2184b626e0f34d7fff555185e048b2a09a2f201d,0,balance,3999347
polygon-zkevm:0x2184b626e0f34d7fff555185e048b2a09a2f201d:SMT_KEY:1,0x2184b626e0f34d7fff555185e048b2a09a2f201d,1,nonce,3999347
polygon-zkevm:0x2184b626e0f34d7fff555185e048b2a09a2f201d:SMT_KEY:2,0x2184b626e0f34d7fff555185e048b2a09a2f201d,2,code_hash,3999347
polygon-zkevm:0x2184b626e0f34d7fff555185e048b2a09a2f201d:SMT_KEY:4,0x2184b626e0f34d7fff555185e048b2a09a2f201d,4,code_hash_length,3999347
polygon-zkevm:0x4d0e49f46faee8e2f43c20abcf885bc44c940886:SMT_KEY:0,0x4d0e49f46faee8e2f43c20abcf885bc44c940886,0,balance,3999347
polygon-zkevm:0x4d0e49f46faee8e2f43c20abcf885bc44c940886:SMT_KEY:1,0x4d0e49f46faee8e2f43c20abcf885bc44c940886,1,nonce,3999347
polygon-zkevm:0x4d0e49f46faee8e2f43c20abcf885bc44c940886:SMT_KEY:2,0x4d0e49f46faee8e2f43c20abcf885bc44c940886,2,code_hash,3999347
polygon-zkevm:0x4d0e49f46faee8e2f43c20abcf885bc44c940886:SMT_KEY:4,0x4d0e49f46faee8e2f43c20abcf885bc44c940886,4,code_hash_length,3999347
polygon-zkevm:0x1a46c5f4f40d9b51a88149c1902bab08daddd3e8:SMT_KEY:0,0x1a46c5f4f40d9b51a88149c1902bab08daddd3e8,0,balance,3999367
polygon-zkevm:0x1a46c5f4f40d9b51a88149c1902bab08daddd3e8:SMT_KEY:1,0x1a46c5f4f40d9b51a88149c1902bab08daddd3e8,1,nonce,3999367
polygon-zkevm:0x1a46c5f4f40d9b51a88149c1902bab08daddd3e8:SMT_KEY:2,0x1a46c5f4f40d9b51a88149c1902bab08daddd3e8,2,code_hash,3999367
polygon-zkevm:0x1a46c5f4f40d9b51a88149c1902bab08daddd3e8:SMT_KEY:4,0x1a46c5f4f40d9b51a88149c1902bab08daddd3e8,4,code_hash_length,3999367
polygon-zkevm:0x106ff64f69cfe2827782bee8fa8509bf25854bc1:SMT_KEY:0,0x106ff64f69cfe2827782bee8fa8509bf25854bc1,0,balance,3999377
polygon-zkevm:0x106ff64f69cfe2827782bee8fa8509bf25854bc1:SMT_KEY:1,0x106ff64f69cfe2827782bee8fa8509bf25854bc1,1,nonce,3999377
polygon-zkevm:0x106ff64f69cfe2827782bee8fa8509bf25854bc1:SMT_KEY:2,0x106ff64f69cfe2827782bee8fa8509bf25854bc1,2,code_hash,3999377
polygon-zkevm:0x106ff64f69cfe2827782bee8fa8509bf25854bc1:SMT_KEY:4,0x106ff64f69cfe2827782bee8fa8509bf25854bc1,4,code_hash_length,3999377
polygon-zkevm:0x9cc9e8369c29047fe95504f1705cb13768d9e229:SMT_KEY:0,0x9cc9e8369c29047fe95504f1705cb13768d9e229,0,balance,3999387
polygon-zkevm:0x9cc9e8369c29047fe95504f1705cb13768d9e229:SMT_KEY:1,0x9cc9e8369c29047fe95504f1705cb13768d9e229,1,nonce,3999387
polygon-zkevm:0x9cc9e8369c29047fe95504f1705cb13768d9e229:SMT_KEY:2,0x9cc9e8369c29047fe95504f1705cb13768d9e229,2,code_hash,3999387
polygon-zkevm:0x9cc9e8369c29047fe95504f1705cb13768d9e229:SMT_KEY:4,0x9cc9e8369c29047fe95504f1705cb13768d9e229,4,code_hash_length,3999387
polygon-zkevm:0xb21dfcf420cc7536c7ef5652ee8018741f17f017:SMT_KEY:0,0xb21dfcf420cc7536c7ef5652ee8018741f17f017,0,balance,3999397
polygon-zkevm:0xb21dfcf420cc7536c7ef5652ee8018741f17f017:SMT_KEY:1,0xb21dfcf420cc7536c7ef5652ee8018741f17f017,1,nonce,3999397
polygon-zkevm:0xb21dfcf420cc7536c7ef5652ee8018741f17f017:SMT_KEY:2,0xb21dfcf420cc7536c7ef5652ee8018741f17f017,2,code_hash,3999397
polygon-zkevm:0xb21dfcf420cc7536c7ef5652ee8018741f17f017:SMT_KEY:4,0xb21dfcf420cc7536c7ef5652ee8018741f17f017,4,code_hash_length,3999397
polygon-zkevm:0x4c8692c08904cfb5d777046bb140ce8644a0c26b:SMT_KEY:0,0x4c8692c08904cfb5d777046bb140ce8644a0c26b,0,balance,3999407
polygon-zkevm:0x4c8692c08904cfb5d777046bb140ce8644a0c26b:SMT_KEY:1,0x4c8692c08904cfb5d777046bb140ce8644a0c26b,1,nonce,3999407
polygon-zkevm:0x4c8692c08904cfb5d777046bb140ce8644a0c26b:SMT_KEY:2,0x4c8692c08904cfb5d777046bb140ce8644a0c26b,2,code_hash,3999407
polygon-zkevm:0x4c8692c08904cfb5d777046bb140ce8644a0c26b:SMT_KEY:4,0x4c8692c08904cfb5d777046bb140ce8644a0c26b,4,code_hash_length,3999407
polygon-zkevm:0x80d846b471c0c3f04db19ce566cb383d9f6d3b87:SMT_KEY:0,0x80d846b471c0c3f04db19ce566cb383d9f6d3b87,0,balance,3999417
polygon-zkevm:0x80d846b471c0c3f04db19ce566cb383d9f6d3b87:SMT_KEY:1,0x80d846b471c0c3f04db19ce566cb383d9f6d3b87,1,nonce,3999417
polygon-zkevm:0x80d846b471c0c3f04db19ce566cb383d9f6d3b87:SMT_KEY:2,0x80d846b471c0c3f04db19ce566cb383d9f6d3b87,2,code_hash,3999417
polygon-zkevm:0x80d846b471c0c3f04db19ce566cb383d9f6d3b87:SMT_KEY:4,0x80d846b471c0c3f04db19ce566cb383d9f6d3b87,4,code_hash_length,3999417
polygon-zkevm:0x76a23de90baae85021a8475126a451a1eee39a17:SMT_KEY:0,0x76a23de90baae85021a8475126a451a1eee39a17,0,balance,3999427
polygon-zkevm:0x76a23de90baae85021a8475126a451a1eee39a17:SMT_KEY:1,0x76a23de90baae85021a8475126a451a1eee39a17,1,nonce,3999427
polygon-zkevm:0x76a23de90baae85021a8475126a451a1eee39a17:SMT_KEY:2,0x76a23de90baae85021a8475126a451a1eee39a17,2,code_hash,3999427
polygon-zkevm:0x76a23de90baae85021a8475126a451a1eee39a17:SMT_KEY:4,0x76a23de90baae85021a8475126a451a1eee39a17,4,code_hash_length,3999427
polygon-zkevm:0xe68d12a3f576dd12a27cc8e89105fe719c192efa:SMT_KEY:0,0xe68d12a3f576dd12a27cc8e89105fe719c192efa,0,balance,3999437
polygon-zkevm:0xe68d12a3f576dd12a27cc8e89105fe719c192efa:SMT_KEY:1,0xe68d12a3f576dd12a27cc8e89105fe719c192efa,1,nonce,3999437
polygon-zkevm:0xe68d12a3f576dd12a27cc8e89105fe719c192efa:SMT_KEY:2,0xe68d12a3f576dd12a27cc8e89105fe719c192efa,2,code_hash,3999437
polygon-zkevm:0xe68d12a3f576dd12a27cc8e89105fe719c192efa:SMT_KEY:4,0xe68d12a3f576dd12a27cc8e89105fe719c192efa,4,code_hash_length,3999437
polygon-zkevm:0x8c6a3daf3a08f59749c51fdf0c875bfb4f3e73c4:SMT_KEY:0,0x8c6a3daf3a08f59749c51fdf0c875bfb4f3e73c4,0,balance,3999447
polygon-zkevm:0x8c6a3daf3a08f59749c51fdf0c875bfb4f3e73c4:SMT_KEY:1,0x8c6a3daf3a08f59749c51fdf0c875bfb4f3e73c4,1,nonce,3999447
polygon-zkevm:0x8c6a3daf3a08f59749c51fdf0c875bfb4f3e73c4:SMT_KEY:2,0x8c6a3daf3a08f59749c51fdf0c875bfb4f3e73c4,2,code_hash,3999447
polygon-zkevm:0x8c6a3daf3a08f59749c51fdf0c875bfb4f3e73c4:SMT_KEY:4,0x8c6a3daf3a08f59749c51fdf0c875bfb4f3e73c4,4,code_hash_length,3999447
polygon-zkevm:0x3d29fb752f61d47ab6cdd8886d13ef0c2b415844:SMT_KEY:0,0x3d29fb752f61d47ab6cdd8886d13ef0c2b415844,0,balance,3999457
polygon-zkevm:0x3d29fb752f61d47ab6cdd8886d13ef0c2b415844:SMT_KEY:1,0x3d29fb752f61d47ab6cdd8886d13ef0c2b415844,1,nonce,3999457
polygon-zkevm:0x3d29fb752f61d47ab6cdd8886d13ef0c2b415844:SMT_KEY:2,0x3d29fb752f61d47ab6cdd8886d13ef0c2b415844,2,code_hash,3999457
polygon-zkevm:0x3d29fb752f61d47ab6cdd8886d13ef0c2b415844:SMT_KEY:4,0x3d29fb752f61d47ab6cdd8886d13ef0c2b415844,4,code_hash_length,3999457
polygon-zkevm:0xe37af946bd4ef7de4024a8cc3f765f4501c3f51e:SMT_KEY:0,0xe37af946bd4ef7de4024a8cc3f765f4501c3f51e,0,balance,3999477
polygon-zkevm:0xe37af946bd4ef7de4024a8cc3f765f4501c3f51e:SMT_KEY:1,0xe37af946bd4ef7de4024a8cc3f765f4501c3f51e,1,nonce,3999477
polygon-zkevm:0xe37af946bd4ef7de4024a8cc3f765f4501c3f51e:SMT_KEY:2,0xe37af946bd4ef7de4024a8cc3f765f4501c3f51e,2,code_hash,3999477
polygon-zkevm:0xe37af946bd4ef7de4024a8cc3f765f4501c3f51e:SMT_KEY:4,0xe37af946bd4ef7de4024a8cc3f765f4501c3f51e,4,code_hash_length,3999477
polygon-zkevm:0x1071ce3bf6a04af31f745d1cf4cdde3608f9d195:SMT_KEY:0,0x1071ce3bf6a04af31f745d1cf4cdde3608f9d195,0,balance,3999487
polygon-zkevm:0x1071ce3bf6a04af31f745d1cf4cdde3608f9d195:SMT_KEY:1,0x1071ce3bf6a04af31f745d1cf4cdde3608f9d195,1,nonce,3999487
polygon-zkevm:0x1071ce3bf6a04af31f745d1cf4cdde3608f9d195:SMT_KEY:2,0x1071ce3bf6a04af31f745d1cf4cdde3608f9d195,2,code_hash,3999487
polygon-zkevm:0x1071ce3bf6a04af31f745d1cf4cdde3608f9d195:SMT_KEY:4,0x1071ce3bf6a04af31f745d1cf4cdde3608f9d195,4,code_hash_length,3999487
polygon-zkevm:0x2964e60cbbe8a35d9a16a6de0308206fdc28c08a:SMT_KEY:0,0x2964e60cbbe8a35d9a16a6de0308206fdc28c08a,0,balance,3999487
polygon-zkevm:0x2964e60cbbe8a35d9a16a6de0308206fdc28c08a:SMT_KEY:1,0x2964e60cbbe8a35d9a16a6de0308206fdc28c08a,1,nonce,3999487
polygon-zkevm:0x2964e60cbbe8a35d9a16a6de0308206fdc28c08a:SMT_KEY:2,0x2964e60cbbe8a35d9a16a6de0308206fdc28c08a,2,code_hash,3999487
polygon-zkevm:0x2964e60cbbe8a35d9a16a6de0308206fdc28c08a:SMT_KEY:4,0x2964e60cbbe8a35d9a16a6de0308206fdc28c08a,4,code_hash_length,3999487
polygon-zkevm:0xe932d82890e002804e02668b8269c618dd7e9707:SMT_KEY:0,0xe932d82890e002804e02668b8269c618dd7e9707,0,balance,3999497
polygon-zkevm:0xe932d82890e002804e02668b8269c618dd7e9707:SMT_KEY:1,0xe932d82890e002804e02668b8269c618dd7e9707,1,nonce,3999497
polygon-zkevm:0xe932d82890e002804e02668b8269c618dd7e9707:SMT_KEY:2,0xe932d82890e002804e02668b8269c618dd7e9707,2,code_hash,3999497
polygon-zkevm:0xe932d82890e002804e02668b8269c618dd7e9707:SMT_KEY:4,0xe932d82890e002804e02668b8269c618dd7e9707,4,code_hash_length,3999497
polygon-zkevm:0x8530e9421880480081d72196ef8b878cac1bfb1b:SMT_KEY:0,0x8530e9421880480081d72196ef8b878cac1bfb1b,0,balance,3999507
polygon-zkevm:0x8530e9421880480081d72196ef8b878cac1bfb1b:SMT_KEY:1,0x8530e9421880480081d72196ef8b878cac1bfb1b,1,nonce,3999507
polygon-zkevm:0x8530e9421880480081d72196ef8b878cac1bfb1b:SMT_KEY:2,0x8530e9421880480081d72196ef8b878cac1bfb1b,2,code_hash,3999507
polygon-zkevm:0x8530e9421880480081d72196ef8b878cac1bfb1b:SMT_KEY:4,0x8530e9421880480081d72196ef8b878cac1bfb1b,4,code_hash_length,3999507
polygon-zkevm:0x72e344f6503cd9d45201e5e78a8985a2ee5a9a05:SMT_KEY:0,0x72e344f6503cd9d45201e5e78a8985a2ee5a9a05,0,balance,3999517
polygon-zkevm:0x72e344f6503cd9d45201e5e78a8985a2ee5a9a05:SMT_KEY:1,0x72e344f6503cd9d45201e5e78a8985a2ee5a9a05,1,nonce,3999517
polygon-zkevm:0x72e344f6503cd9d45201e5e78a8985a2ee5a9a05:SMT_KEY:2,0x72e344f6503cd9d45201e5e78a8985a2ee5a9a05,2,code_hash,3999517
polygon-zkevm:0x72e344f6503cd9d45201e5e78a8985a2ee5a9a05:SMT_KEY:4,0x72e344f6503cd9d45201e5e78a8985a2ee5a9a05,4,code_hash_length,3999517
polygon-zkevm:0x1925c4e475ab3e5456c8f1ec423b60b55c382f50:SMT_KEY:0,0x1925c4e475ab3e5456c8f1ec423b60b55c382f50,0,balance,3999537
polygon-zkevm:0x1925c4e475ab3e5456c8f1ec423b60b55c382f50:SMT_KEY:1,0x1925c4e475ab3e5456c8f1ec423b60b55c382f50,1,nonce,3999537
polygon-zkevm:0x1925c4e475ab3e5456c8f1ec423b60b55c382f50:SMT_KEY:2,0x1925c4e475ab3e5456c8f1ec423b60b55c382f50,2,code_hash,3999537
polygon-zkevm:0x1925c4e475ab3e5456c8f1ec423b60b55c382f50:SMT_KEY:4,0x1925c4e475ab3e5456c8f1ec423b60b55c382f50,4,code_hash_length,3999537
polygon-zkevm:0xd30010775a65142f8b59bb91136f83dfb2e107ae:SMT_KEY:0,0xd30010775a65142f8b59bb91136f83dfb2e107ae,0,balance,3999547
polygon-zkevm:0xd30010775a65142f8b59bb91136f83dfb2e107ae:SMT_KEY:1,0xd30010775a65142f8b59bb91136f83dfb2e107ae,1,nonce,3999547
polygon-zkevm:0xd30010775a65142f8b59bb91136f83dfb2e107ae:SMT_KEY:2,0xd30010775a65142f8b59bb91136f83dfb2e107ae,2,code_hash,3999547
polygon-zkevm:0xd30010775a65142f8b59bb91136f83dfb2e107ae:SMT_KEY:4,0xd30010775a65142f8b59bb91136f83dfb2e107ae,4,code_hash_length,3999547
polygon-zkevm:0x8e4355ea7d61f33786bf91b0f1165fded28a31ab:SMT_KEY:0,0x8e4355ea7d61f33786bf91b0f1165fded28a31ab,0,balance,3999567
polygon-zkevm:0x8e4355ea7d61f33786bf91b0f1165fded28a31ab:SMT_KEY:1,0x8e4355ea7d61f33786bf91b0f1165fded28a31ab,1,nonce,3999567
polygon-zkevm:0x8e4355ea7d61f33786bf91b0f1165fded28a31ab:SMT_KEY:2,0x8e4355ea7d61f33786bf91b0f1165fded28a31ab,2,code_hash,3999567
polygon-zkevm:0x8e4355ea7d61f33786bf91b0f1165fded28a31ab:SMT_KEY:4,0x8e4355ea7d61f33786bf91b0f1165fded28a31ab,4,code_hash_length,3999567
polygon-zkevm:0xeee06449bc69069d04e9b7ac84ce831bd6a6ea92:SMT_KEY:0,0xeee06449bc69069d04e9b7ac84ce831bd6a6ea92,0,balance,3999577
polygon-zkevm:0xeee06449bc69069d04e9b7ac84ce831bd6a6ea92:SMT_KEY:1,0xeee06449bc69069d04e9b7ac84ce831bd6a6ea92,1,nonce,3999577
polygon-zkevm:0xeee06449bc69069d04e9b7ac84ce831bd6a6ea92:SMT_KEY:2,0xeee06449bc69069d04e9b7ac84ce831bd6a6ea92,2,code_hash,3999577
polygon-zkevm:0xeee06449bc69069d04e9b7ac84ce831bd6a6ea92:SMT_KEY:4,0xeee06449bc69069d04e9b7ac84ce831bd6a6ea92,4,code_hash_length,3999577
polygon-zkevm:0x2a3dd3eb832af982ec71669e178424b10dca2ede:SMT_KEY:0,0x2a3dd3eb832af982ec71669e178424b10dca2ede,0,balance,3999587
polygon-zkevm:0x2a3dd3eb832af982ec71669e178424b10dca2ede:SMT_KEY:1,0x2a3dd3eb832af982ec71669e178424b10dca2ede,1,nonce,3999587
polygon-zkevm:0x2a3dd3eb832af982ec71669e178424b10dca2ede:SMT_KEY:2,0x2a3dd3eb832af982ec71669e178424b10dca2ede,2,code_hash,3999587
polygon-zkevm:0x2a3dd3eb832af982ec71669e178424b10dca2ede:SMT_KEY:4,0x2a3dd3eb832af982ec71669e178424b10dca2ede,4,code_hash_length,3999587
polygon-zkevm:0x4ca25c4e560fb5adc3ff43eb0ad82ee0cd84aace:SMT_KEY:0,0x4ca25c4e560fb5adc3ff43eb0ad82ee0cd84aace,0,balance,3999587
polygon-zkevm:0x4ca25c4e560fb5adc3ff43eb0ad82ee0cd84aace:SMT_KEY:1,0x4ca25c4e560fb5adc3ff43eb0ad82ee0cd84aace,1,nonce,3999587
polygon-zkevm:0x4ca25c4e560fb5adc3ff43eb0ad82ee0cd84aace:SMT_KEY:2,0x4ca25c4e560fb5adc3ff43eb0ad82ee0cd84aace,2,code_hash,3999587
polygon-zkevm:0x4ca25c4e560fb5adc3ff43eb0ad82ee0cd84aace:SMT_KEY:4,0x4ca25c4e560fb5adc3ff43eb0ad82ee0cd84aace,4,code_hash_length,3999587
polygon-zkevm:0x11b9e18a8b3749a3edaa72380100761704e72fb4:SMT_KEY:0,0x11b9e18a8b3749a3edaa72380100761704e72fb4,0,balance,3999597
polygon-zkevm:0x11b9e18a8b3749a3edaa72380100761704e72fb4:SMT_KEY:1,0x11b9e18a8b3749a3edaa72380100761704e72fb4,1,nonce,3999597
polygon-zkevm:0x11b9e18a8b3749a3edaa72380100761704e72fb4:SMT_KEY:2,0x11b9e18a8b3749a3edaa72380100761704e72fb4,2,code_hash,3999597
polygon-zkevm:0x11b9e18a8b3749a3edaa72380100761704e72fb4:SMT_KEY:4,0x11b9e18a8b3749a3edaa72380100761704e72fb4,4,code_hash_length,3999597
polygon-zkevm:0x54ff6a3a1ae0c3a66c9af050824096e8fd78f320:SMT_KEY:0,0x54ff6a3a1ae0c3a66c9af050824096e8fd78f320,0,balance,3999607
polygon-zkevm:0x54ff6a3a1ae0c3a66c9af050824096e8fd78f320:SMT_KEY:1,0x54ff6a3a1ae0c3a66c9af050824096e8fd78f320,1,nonce,3999607
polygon-zkevm:0x54ff6a3a1ae0c3a66c9af050824096e8fd78f320:SMT_KEY:2,0x54ff6a3a1ae0c3a66c9af050824096e8fd78f320,2,code_hash,3999607
polygon-zkevm:0x54ff6a3a1ae0c3a66c9af050824096e8fd78f320:SMT_KEY:4,0x54ff6a3a1ae0c3a66c9af050824096e8fd78f320,4,code_hash_length,3999607
polygon-zkevm:0x2fc617e933a52713247ce25730f6695920b3befe:SMT_KEY:0,0x2fc617e933a52713247ce25730f6695920b3befe,0,balance,3999617
polygon-zkevm:0x2fc617e933a52713247ce25730f6695920b3befe:SMT_KEY:1,0x2fc617e933a52713247ce25730f6695920b3befe,1,nonce,3999617
polygon-zkevm:0x2fc617e933a52713247ce25730f6695920b3befe:SMT_KEY:2,0x2fc617e933a52713247ce25730f6695920b3befe,2,code_hash,3999617
polygon-zkevm:0x2fc617e933a52713247ce25730f6695920b3befe:SMT_KEY:4,0x2fc617e933a52713247ce25730f6695920b3befe,4,code_hash_length,3999617
polygon-zkevm:0x4097a629bab10b9141fa58bfa20f7fde52ac5abc:SMT_KEY:0,0x4097a629bab10b9141fa58bfa20f7fde52ac5abc,0,balance,3999617
polygon-zkevm:0x4097a629bab10b9141fa58bfa20f7fde52ac5abc:SMT_KEY:1,0x4097a629bab10b9141fa58bfa20f7fde52ac5abc,1,nonce,3999617
polygon-zkevm:0x4097a629bab10b9141fa58bfa20f7fde52ac5abc:SMT_KEY:2,0x4097a629bab10b9141fa58bfa20f7fde52ac5abc,2,code_hash,3999617
polygon-zkevm:0x4097a629bab10b9141fa58bfa20f7fde52ac5abc:SMT_KEY:4,0x4097a629bab10b9141fa58bfa20f7fde52ac5abc,4,code_hash_length,3999617
polygon-zkevm:0x31e2bf291a571919aedfcc609f6ffc6ce5a0f9b1:SMT_KEY:0,0x31e2bf291a571919aedfcc609f6ffc6ce5a0f9b1,0,balance,3999627
polygon-zkevm:0x31e2bf291a571919aedfcc609f6ffc6ce5a0f9b1:SMT_KEY:1,0x31e2bf291a571919aedfcc609f6ffc6ce5a0f9b1,1,nonce,3999627
polygon-zkevm:0x31e2bf291a571919aedfcc609f6ffc6ce5a0f9b1:SMT_KEY:2,0x31e2bf291a571919aedfcc609f6ffc6ce5a0f9b1,2,code_hash,3999627
polygon-zkevm:0x31e2bf291a571919aedfcc609f6ffc6ce5a0f9b1:SMT_KEY:4,0x31e2bf291a571919aedfcc609f6ffc6ce5a0f9b1,4,code_hash_length,3999627
polygon-zkevm:0x4d13447fbe662bce0dbd474fe25958a1c762bc00:SMT_KEY:0,0x4d13447fbe662bce0dbd474fe25958a1c762bc00,0,balance,3999637
polygon-zkevm:0x4d13447fbe662bce0dbd474fe25958a1c762bc00:SMT_KEY:1,0x4d13447fbe662bce0dbd474fe25958a1c762bc00,1,nonce,3999637
polygon-zkevm:0x4d13447fbe662bce0dbd474fe25958a1c762bc00:SMT_KEY:2,0x4d13447fbe662bce0dbd474fe25958a1c762bc00,2,code_hash,3999637
polygon-zkevm:0x4d13447fbe662bce0dbd474fe25958a1c762bc00:SMT_KEY:4,0x4d13447fbe662bce0dbd474fe25958a1c762bc00,4,code_hash_length,3999637
polygon-zkevm:0xca4822e327c37ad211b8792d75fd3e2717d27996:SMT_KEY:0,0xca4822e327c37ad211b8792d75fd3e2717d27996,0,balance,3999667
polygon-zkevm:0xca4822e327c37ad211b8792d75fd3e2717d27996:SMT_KEY:1,0xca4822e327c37ad211b8792d75fd3e2717d27996,1,nonce,3999667
polygon-zkevm:0xca4822e327c37ad211b8792d75fd3e2717d27996:SMT_KEY:2,0xca4822e327c37ad211b8792d75fd3e2717d27996,2,code_hash,3999667
polygon-zkevm:0xca4822e327c37ad211b8792d75fd3e2717d27996:SMT_KEY:4,0xca4822e327c37ad211b8792d75fd3e2717d27996,4,code_hash_length,3999667
polygon-zkevm:0x83eef7c4866b0dba123f7d5aee251b84a0e8241c:SMT_KEY:0,0x83eef7c4866b0dba123f7d5aee251b84a0e8241c,0,balance,3999677
polygon-zkevm:0x83eef7c4866b0dba123f7d5aee251b84a0e8241c:SMT_KEY:1,0x83eef7c4866b0dba123f7d5aee251b84a0e8241c,1,nonce,3999677
polygon-zkevm:0x83eef7c4866b0dba123f7d5aee251b84a0e8241c:SMT_KEY:2,0x83eef7c4866b0dba123f7d5aee251b84a0e8241c,2,code_hash,3999677
polygon-zkevm:0x83eef7c4866b0dba123f7d5aee251b84a0e8241c:SMT_KEY:4,0x83eef7c4866b0dba123f7d5aee251b84a0e8241c,4,code_hash_length,3999677
polygon-zkevm:0x2da161748527af0d69aafa8f799956112d51b270:SMT_KEY:0,0x2da161748527af0d69aafa8f799956112d51b270,0,balance,3999687
polygon-zkevm:0x2da161748527af0d69aafa8f799956112d51b270:SMT_KEY:1,0x2da161748527af0d69aafa8f799956112d51b270,1,nonce,3999687
polygon-zkevm:0x2da161748527af0d69aafa8f799956112d51b270:SMT_KEY:2,0x2da161748527af0d69aafa8f799956112d51b270,2,code_hash,3999687
polygon-zkevm:0x2da161748527af0d69aafa8f799956112d51b270:SMT_KEY:4,0x2da161748527af0d69aafa8f799956112d51b270,4,code_hash_length,3999687
polygon-zkevm:0x5509406f6c2e33b1a3e8af4c3ee480eca869d206:SMT_KEY:0,0x5509406f6c2e33b1a3e8af4c3ee480eca869d206,0,balance,3999697
polygon-zkevm:0x5509406f6c2e33b1a3e8af4c3ee480eca869d206:SMT_KEY:1,0x5509406f6c2e33b1a3e8af4c3ee480eca869d206,1,nonce,3999697
polygon-zkevm:0x5509406f6c2e33b1a3e8af4c3ee480eca869d206:SMT_KEY:2,0x5509406f6c2e33b1a3e8af4c3ee480eca869d206,2,code_hash,3999697
polygon-zkevm:0x5509406f6c2e33b1a3e8af4c3ee480eca869d206:SMT_KEY:4,0x5509406f6c2e33b1a3e8af4c3ee480eca869d206,4,code_hash_length,3999697
polygon-zkevm:0xb884dc9d21bf318c4255e93924015e002e2febf3:SMT_KEY:0,0xb884dc9d21bf318c4255e93924015e002e2febf3,0,balance,3999707
polygon-zkevm:0xb884dc9d21bf318c4255e93924015e002e2febf3:SMT_KEY:1,0xb884dc9d21bf318c4255e93924015e002e2febf3,1,nonce,3999707
polygon-zkevm:0xb884dc9d21bf318c4255e93924015e002e2febf3:SMT_KEY:2,0xb884dc9d21bf318c4255e93924015e002e2febf3,2,code_hash,3999707
polygon-zkevm:0xb884dc9d21bf318c4255e93924015e002e2febf3:SMT_KEY:4,0xb884dc9d21bf318c4255e93924015e002e2febf3,4,code_hash_length,3999707
polygon-zkevm:0x30546f6bdaaea24a694ffe856f8825aa7c800db7:SMT_KEY:0,0x30546f6bdaaea24a694ffe856f8825aa7c800db7,0,balance,3999747
polygon-zkevm:0x30546f6bdaaea24a694ffe856f8825aa7c800db7:SMT_KEY:1,0x30546f6bdaaea24a694ffe856f8825aa7c800db7,1,nonce,3999747
polygon-zkevm:0x30546f6bdaaea24a694ffe856f8825aa7c800db7:SMT_KEY:2,0x30546f6bdaaea24a694ffe856f8825aa7c800db7,2,code_hash,3999747
polygon-zkevm:0x30546f6bdaaea24a694ffe856f8825aa7c800db7:SMT_KEY:4,0x30546f6bdaaea24a694ffe856f8825aa7c800db7,4,code_hash_length,3999747
polygon-zkevm:0x80ddf63bd9b5b0bcf7ab764b1fe61de7391996a7:SMT_KEY:0,0x80ddf63bd9b5b0bcf7ab764b1fe61de7391996a7,0,balance,3999757
polygon-zkevm:0x80ddf63bd9b5b0bcf7ab764b1fe61de7391996a7:SMT_KEY:1,0x80ddf63bd9b5b0bcf7ab764b1fe61de7391996a7,1,nonce,3999757
polygon-zkevm:0x80ddf63bd9b5b0bcf7ab764b1fe61de7391996a7:SMT_KEY:2,0x80ddf63bd9b5b0bcf7ab764b1fe61de7391996a7,2,code_hash,3999757
polygon-zkevm:0x80ddf63bd9b5b0bcf7ab764b1fe61de7391996a7:SMT_KEY:4,0x80ddf63bd9b5b0bcf7ab764b1fe61de7391996a7,4,code_hash_length,3999757
polygon-zkevm:0x796a93c053de03ae3e5dac3ebe2fcabb2903b39a:SMT_KEY:0,0x796a93c053de03ae3e5dac3ebe2fcabb2903b39a,0,balance,3999777
polygon-zkevm:0x796a93c053de03ae3e5dac3ebe2fcabb2903b39a:SMT_KEY:1,0x796a93c053de03ae3e5dac3ebe2fcabb2903b39a,1,nonce,3999777
polygon-zkevm:0x796a93c053de03ae3e5dac3ebe2fcabb2903b39a:SMT_KEY:2,0x796a93c053de03ae3e5dac3ebe2fcabb2903b39a,2,code_hash,3999777
polygon-zkevm:0x796a93c053de03ae3e5dac3ebe2fcabb2903b39a:SMT_KEY:4,0x796a93c053de03ae3e5dac3ebe2fcabb2903b39a,4,code_hash_length,3999777
polygon-zkevm:0x21c8271613f4ba8ba1a543a272d6137280a2be11:SMT_KEY:0,0x21c8271613f4ba8ba1a543a272d6137280a2be11,0,balance,3999787
polygon-zkevm:0x21c8271613f4ba8ba1a543a272d6137280a2be11:SMT_KEY:1,0x21c8271613f4ba8ba1a543a272d6137280a2be11,1,nonce,3999787
polygon-zkevm:0x21c8271613f4ba8ba1a543a272d6137280a2be11:SMT_KEY:2,0x21c8271613f4ba8ba1a543a272d6137280a2be11,2,code_hash,3999787
polygon-zkevm:0x21c8271613f4ba8ba1a543a272d6137280a2be11:SMT_KEY:4,0x21c8271613f4ba8ba1a543a272d6137280a2be11,4,code_hash_length,3999787
polygon-zkevm:0xe63fc959518cb8dfc75fc57701860fb3c2fa04aa:SMT_KEY:0,0xe63fc959518cb8dfc75fc57701860fb3c2fa04aa,0,balance,3999787
polygon-zkevm:0xe63fc959518cb8dfc75fc57701860fb3c2fa04aa:SMT_KEY:1,0xe63fc959518cb8dfc75fc57701860fb3c2fa04aa,1,nonce,3999787
polygon-zkevm:0xe63fc959518cb8dfc75fc57701860fb3c2fa04aa:SMT_KEY:2,0xe63fc959518cb8dfc75fc57701860fb3c2fa04aa,2,code_hash,3999787
polygon-zkevm:0xe63fc959518cb8dfc75fc57701860fb3c2fa04aa:SMT_KEY:4,0xe63fc959518cb8dfc75fc57701860fb3c2fa04aa,4,code_hash_length,3999787
polygon-zkevm:0x179321e72c94fd6c615bcea41b36f4079d25fffa:SMT_KEY:0,0x179321e72c94fd6c615bcea41b36f4079d25fffa,0,balance,3999797
polygon-zkevm:0x179321e72c94fd6c615bcea41b36f4079d25fffa:SMT_KEY:1,0x179321e72c94fd6c615bcea41b36f4079d25fffa,1,nonce,3999797
polygon-zkevm:0x179321e72c94fd6c615bcea41b36f4079d25fffa:SMT_KEY:2,0x179321e72c94fd6c615bcea41b36f4079d25fffa,2,code_hash,3999797
polygon-zkevm:0x179321e72c94fd6c615bcea41b36f4079d25fffa:SMT_KEY:4,0x179321e72c94fd6c615bcea41b36f4079d25fffa,4,code_hash_length,3999797
polygon-zkevm:0x508b5bab9fa2bc3ebb6238e762b52016d10c6a7f:SMT_KEY:0,0x508b5bab9fa2bc3ebb6238e762b52016d10c6a7f,0,balance,3999807
polygon-zkevm:0x508b5bab9fa2bc3ebb6238e762b52016d10c6a7f:SMT_KEY:1,0x508b5bab9fa2bc3ebb6238e762b52016d10c6a7f,1,nonce,3999807
polygon-zkevm:0x508b5bab9fa2bc3ebb6238e762b52016d10c6a7f:SMT_KEY:2,0x508b5bab9fa2bc3ebb6238e762b52016d10c6a7f,2,code_hash,3999807
polygon-zkevm:0x508b5bab9fa2bc3ebb6238e762b52016d10c6a7f:SMT_KEY:4,0x508b5bab9fa2bc3ebb6238e762b52016d10c6a7f,4,code_hash_length,3999807
polygon-zkevm:0x86355f02119bdbc28ed6a4d5e0ca327ca7730fff:SMT_KEY:0,0x86355f02119bdbc28ed6a4d5e0ca327ca7730fff,0,balance,3999807
polygon-zkevm:0x86355f02119bdbc28ed6a4d5e0ca327ca7730fff:SMT_KEY:1,0x86355f02119bdbc28ed6a4d5e0ca327ca7730fff,1,nonce,3999807
polygon-zkevm:0x86355f02119bdbc28ed6a4d5e0ca327ca7730fff:SMT_KEY:2,0x86355f02119bdbc28ed6a4d5e0ca327ca7730fff,2,code_hash,3999807
polygon-zkevm:0x86355f02119bdbc28ed6a4d5e0ca327ca7730fff:SMT_KEY:4,0x86355f02119bdbc28ed6a4d5e0ca327ca7730fff,4,code_hash_length,3999807
polygon-zkevm:0x40d83f54b23e595dd23fc12b387edef1fd732aef:SMT_KEY:0,0x40d83f54b23e595dd23fc12b387edef1fd732aef,0,balance,3999817
polygon-zkevm:0x40d83f54b23e595dd23fc12b387edef1fd732aef:SMT_KEY:1,0x40d83f54b23e595dd23fc12b387edef1fd732aef,1,nonce,3999817
polygon-zkevm:0x40d83f54b23e595dd23fc12b387edef1fd732aef:SMT_KEY:2,0x40d83f54b23e595dd23fc12b387edef1fd732aef,2,code_hash,3999817
polygon-zkevm:0x40d83f54b23e595dd23fc12b387edef1fd732aef:SMT_KEY:4,0x40d83f54b23e595dd23fc12b387edef1fd732aef,4,code_hash_length,3999817
polygon-zkevm:0x229fd64c932e5689a8b1927cfb194bfdac7a5979:SMT_KEY:0,0x229fd64c932e5689a8b1927cfb194bfdac7a5979,0,balance,3999837
polygon-zkevm:0x229fd64c932e5689a8b1927cfb194bfdac7a5979:SMT_KEY:1,0x229fd64c932e5689a8b1927cfb194bfdac7a5979,1,nonce,3999837
polygon-zkevm:0x229fd64c932e5689a8b1927cfb194bfdac7a5979:SMT_KEY:2,0x229fd64c932e5689a8b1927cfb194bfdac7a5979,2,code_hash,3999837
polygon-zkevm:0x229fd64c932e5689a8b1927cfb194bfdac7a5979:SMT_KEY:4,0x229fd64c932e5689a8b1927cfb194bfdac7a5979,4,code_hash_length,3999837
polygon-zkevm:0x6d02d52e32f439e0a086de60b31c043e1feb82a3:SMT_KEY:0,0x6d02d52e32f439e0a086de60b31c043e1feb82a3,0,balance,3999847
polygon-zkevm:0x6d02d52e32f439e0a086de60b31c043e1feb82a3:SMT_KEY:1,0x6d02d52e32f439e0a086de60b31c043e1feb82a3,1,nonce,3999847
polygon-zkevm:0x6d02d52e32f439e0a086de60b31c043e1feb82a3:SMT_KEY:2,0x6d02d52e32f439e0a086de60b31c043e1feb82a3,2,code_hash,3999847
polygon-zkevm:0x6d02d52e32f439e0a086de60b31c043e1feb82a3:SMT_KEY:4,0x6d02d52e32f439e0a086de60b31c043e1feb82a3,4,code_hash_length,3999847
polygon-zkevm:0x4b0e8cdee70cd8b42aa3187ce2049f9ad60a0fbe:SMT_KEY:0,0x4b0e8cdee70cd8b42aa3187ce2049f9ad60a0fbe,0,balance,3999867
polygon-zkevm:0x4b0e8cdee70cd8b42aa3187ce2049f9ad60a0fbe:SMT_KEY:1,0x4b0e8cdee70cd8b42aa3187ce2049f9ad60a0fbe,1,nonce,3999867
polygon-zkevm:0x4b0e8cdee70cd8b42aa3187ce2049f9ad60a0fbe:SMT_KEY:2,0x4b0e8cdee70cd8b42aa3187ce2049f9ad60a0fbe,2,code_hash,3999867
polygon-zkevm:0x4b0e8cdee70cd8b42aa3187ce2049f9ad60a0fbe:SMT_KEY:4,0x4b0e8cdee70cd8b42aa3187ce2049f9ad60a0fbe,4,code_hash_length,3999867
polygon-zkevm:0x41d3d33156ae7c62c094aae2995003ae63f587b3:SMT_KEY:0,0x41d3d33156ae7c62c094aae2995003ae63f587b3,0,balance,3999877
polygon-zkevm:0x41d3d33156ae7c62c094aae2995003ae63f587b3:SMT_KEY:1,0x41d3d33156ae7c62c094aae2995003ae63f587b3,1,nonce,3999877
polygon-zkevm:0x41d3d33156ae7c62c094aae2995003ae63f587b3:SMT_KEY:2,0x41d3d33156ae7c62c094aae2995003ae63f587b3,2,code_hash,3999877
polygon-zkevm:0x41d3d33156ae7c62c094aae2995003ae63f587b3:SMT_KEY:4,0x41d3d33156ae7c62c094aae2995003ae63f587b3,4,code_hash_length,3999877
polygon-zkevm:0x02e82bad0ad70a7b9c92ba3b1e7ad253f6d1356d:SMT_KEY:0,0x02e82bad0ad70a7b9c92ba3b1e7ad253f6d1356d,0,balance,3999887
polygon-zkevm:0x02e82bad0ad70a7b9c92ba3b1e7ad253f6d1356d:SMT_KEY:1,0x02e82bad0ad70a7b9c92ba3b1e7ad253f6d1356d,1,nonce,3999887
polygon-zkevm:0x02e82bad0ad70a7b9c92ba3b1e7ad253f6d1356d:SMT_KEY:2,0x02e82bad0ad70a7b9c92ba3b1e7ad253f6d1356d,2,code_hash,3999887
polygon-zkevm:0x02e82bad0ad70a7b9c92ba3b1e7ad253f6d1356d:SMT_KEY:4,0x02e82bad0ad70a7b9c92ba3b1e7ad253f6d1356d,4,code_hash_length,3999887
polygon-zkevm:0xd02b918143bf301521a1ff1dca7d33f1456fb101:SMT_KEY:0,0xd02b918143bf301521a1ff1dca7d33f1456fb101,0,balance,3999907
polygon-zkevm:0xd02b918143bf301521a1ff1dca7d33f1456fb101:SMT_KEY:1,0xd02b918143bf301521a1ff1dca7d33f1456fb101,1,nonce,3999907
polygon-zkevm:0xd02b918143bf301521a1ff1dca7d33f1456fb101:SMT_KEY:2,0xd02b918143bf301521a1ff1dca7d33f1456fb101,2,code_hash,3999907
polygon-zkevm:0xd02b918143bf301521a1ff1dca7d33f1456fb101:SMT_KEY:4,0xd02b918143bf301521a1ff1dca7d33f1456fb101,4,code_hash_length,3999907
polygon-zkevm:0x397c0a03fe759f4ed4505541ce8012132c893ed8:SMT_KEY:0,0x397c0a03fe759f4ed4505541ce8012132c893ed8,0,balance,3999927
polygon-zkevm:0x397c0a03fe759f4ed4505541ce8012132c893ed8:SMT_KEY:1,0x397c0a03fe759f4ed4505541ce8012132c893ed8,1,nonce,3999927
polygon-zkevm:0x397c0a03fe759f4ed4505541ce8012132c893ed8:SMT_KEY:2,0x397c0a03fe759f4ed4505541ce8012132c893ed8,2,code_hash,3999927
polygon-zkevm:0x397c0a03fe759f4ed4505541ce8012132c893ed8:SMT_KEY:4,0x397c0a03fe759f4ed4505541ce8012132c893ed8,4,code_hash_length,3999927
polygon-zkevm:0xed60b86d59aaa2fe3790ae6c66948a3d334aff76:SMT_KEY:0,0xed60b86d59aaa2fe3790ae6c66948a3d334aff76,0,balance,3999927
polygon-zkevm:0xed60b86d59aaa2fe3790ae6c66948a3d334aff76:SMT_KEY:1,0xed60b86d59aaa2fe3790ae6c66948a3d334aff76,1,nonce,3999927
polygon-zkevm:0xed60b86d59aaa2fe3790ae6c66948a3d334aff76:SMT_KEY:2,0xed60b86d59aaa2fe3790ae6c66948a3d334aff76,2,code_hash,3999927
polygon-zkevm:0xed60b86d59aaa2fe3790ae6c66948a3d334aff76:SMT_KEY:4,0xed60b86d59aaa2fe3790ae6c66948a3d334aff76,4,code_hash_length,3999927
polygon-zkevm:0x46a15b0b27311cedf172ab29e4f4766fbe7f4364:SMT_KEY:0,0x46a15b0b27311cedf172ab29e4f4766fbe7f4364,0,balance,3999947
polygon-zkevm:0x46a15b0b27311cedf172ab29e4f4766fbe7f4364:SMT_KEY:1,0x46a15b0b27311cedf172ab29e4f4766fbe7f4364,1,nonce,3999947
polygon-zkevm:0x46a15b0b27311cedf172ab29e4f4766fbe7f4364:SMT_KEY:2,0x46a15b0b27311cedf172ab29e4f4766fbe7f4364,2,code_hash,3999947
polygon-zkevm:0x46a15b0b27311cedf172ab29e4f4766fbe7f4364:SMT_KEY:4,0x46a15b0b27311cedf172ab29e4f4766fbe7f4364,4,code_hash_length,3999947
polygon-zkevm:0xaedb060280607f3518fa7434800bd96e4e32cf77:SMT_KEY:0,0xaedb060280607f3518fa7434800bd96e4e32cf77,0,balance,3999947
polygon-zkevm:0xaedb060280607f3518fa7434800bd96e4e32cf77:SMT_KEY:1,0xaedb060280607f3518fa7434800bd96e4e32cf77,1,nonce,3999947
polygon-zkevm:0xaedb060280607f3518fa7434800bd96e4e32cf77:SMT_KEY:2,0xaedb060280607f3518fa7434800bd96e4e32cf77,2,code_hash,3999947
polygon-zkevm:0xaedb060280607f3518fa7434800bd96e4e32cf77:SMT_KEY:4,0xaedb060280607f3518fa7434800bd96e4e32cf77,4,code_hash_length,3999947
polygon-zkevm:0x0edfcd38b38efe48670f5ff9bcf0dca552742ae5:SMT_KEY:0,0x0edfcd38b38efe48670f5ff9bcf0dca552742ae5,0,balance,3999957
polygon-zkevm:0x0edfcd38b38efe48670f5ff9bcf0dca552742ae5:SMT_KEY:1,0x0edfcd38b38efe48670f5ff9bcf0dca552742ae5,1,nonce,3999957
polygon-zkevm:0x0edfcd38b38efe48670f5ff9bcf0dca552742ae5:SMT_KEY:2,0x0edfcd38b38efe48670f5ff9bcf0dca552742ae5,2,code_hash,3999957
polygon-zkevm:0x0edfcd38b38efe48670f5ff9bcf0dca552742ae5:SMT_KEY:4,0x0edfcd38b38efe48670f5ff9bcf0dca552742ae5,4,code_hash_length,3999957
polygon-zkevm:0xc132fb675a094776879a89a28878acb24e405c69:SMT_KEY:0,0xc132fb675a094776879a89a28878acb24e405c69,0,balance,3999977
polygon-zkevm:0xc132fb675a094776879a89a28878acb24e405c69:SMT_KEY:1,0xc132fb675a094776879a89a28878acb24e405c69,1,nonce,3999977
polygon-zkevm:0xc132fb675a094776879a89a28878acb24e405c69:SMT_KEY:2,0xc132fb675a094776879a89a28878acb24e405c69,2,code_hash,3999977
polygon-zkevm:0xc132fb675a094776879a89a28878acb24e405c69:SMT_KEY:4,0xc132fb675a094776879a89a28878acb24e405c69,4,code_hash_length,3999977
polygon-zkevm:0x8903dc1f4736d2fcb90c1497aebbaba133daac76:SMT_KEY:0,0x8903dc1f4736d2fcb90c1497aebbaba133daac76,0,balance,3999987
polygon-zkevm:0x8903dc1f4736d2fcb90c1497aebbaba133daac76:SMT_KEY:1,0x8903dc1f4736d2fcb90c1497aebbaba133daac76,1,nonce,3999987
polygon-zkevm:0x8903dc1f4736d2fcb90c1497aebbaba133daac76:SMT_KEY:2,0x8903dc1f4736d2fcb90c1497aebbaba133daac76,2,code_hash,3999987
polygon-zkevm:0x8903dc1f4736d2fcb90c1497aebbaba133daac76:SMT_KEY:4,0x8903dc1f4736d2fcb90c1497aebbaba133daac76,4,code_hash_length,3999987
polygon-zkevm:0xa771c9d06cc6bcfe2f1f98da2f21121fe3009d7e:SMT_KEY:0,0xa771c9d06cc6bcfe2f1f98da2f21121fe3009d7e,0,balance,3999987
polygon-zkevm:0xa771c9d06cc6bcfe2f1f98da2f21121fe3009d7e:SMT_KEY:1,0xa771c9d06cc6bcfe2f1f98da2f21121fe3009d7e,1,nonce,3999987
polygon-zkevm:0xa771c9d06cc6bcfe2f1f98da2f21121fe3009d7e:SMT_KEY:2,0xa771c9d06cc6bcfe2f1f98da2f21121fe3009d7e,2,code_hash,3999987
polygon-zkevm:0xa771c9d06cc6bcfe2f1f98da2f21121fe3009d7e:SMT_KEY:4,0xa771c9d06cc6bcfe2f1f98da2f21121fe3009d7e,4,code_hash_length,3999987
polygon-zkevm:0xfae49eba15f7be18597f00f86510d4d87acda494:SMT_KEY:0,0xfae49eba15f7be18597f00f86510d4d87acda494,0,balance,3999997
polygon-zkevm:0xfae49eba15f7be18597f00f86510d4d87acda494:SMT_KEY:1,0xfae49eba15f7be18597f00f86510d4d87acda494,1,nonce,3999997
polygon-zkevm:0xfae49eba15f7be18597f00f86510d4d87acda494:SMT_KEY:2,0xfae49eba15f7be18597f00f86510d4d87acda494,2,code_hash,3999997
polygon-zkevm:0xfae49eba15f7be18597f00f86510d4d87acda494:SMT_KEY:4,0xfae49eba15f7be18597f00f86510d4d87acda494,4,code_hash_length,3999997
polygon-zkevm:0xb2734967e41119ce06540b9cfe58c8c17f9882af:SMT_KEY:0,0xb2734967e41119ce06540b9cfe58c8c17f9882af,0,balance,4000007
polygon-zkevm:0xb2734967e41119ce06540b9cfe58c8c17f9882af:SMT_KEY:1,0xb2734967e41119ce06540b9cfe58c8c17f9882af,1,nonce,4000007
polygon-zkevm:0xb2734967e41119ce06540b9cfe58c8c17f9882af:SMT_KEY:2,0xb2734967e41119ce06540b9cfe58c8c17f9882af,2,code_hash,4000007
polygon-zkevm:0xb2734967e41119ce06540b9cfe58c8c17f9882af:SMT_KEY:4,0xb2734967e41119ce06540b9cfe58c8c17f9882af,4,code_hash_length,4000007
polygon-zkevm:0x336434d3d18adf0dd81ae08a46d6bb7e2ec2034b:SMT_KEY:0,0x336434d3d18adf0dd81ae08a46d6bb7e2ec2034b,0,balance,4000027
polygon-zkevm:0x336434d3d18adf0dd81ae08a46d6bb7e2ec2034b:SMT_KEY:1,0x336434d3d18adf0dd81ae08a46d6bb7e2ec2034b,1,nonce,4000027
polygon-zkevm:0x336434d3d18adf0dd81ae08a46d6bb7e2ec2034b:SMT_KEY:2,0x336434d3d18adf0dd81ae08a46d6bb7e2ec2034b,2,code_hash,4000027
polygon-zkevm:0x336434d3d18adf0dd81ae08a46d6bb7e2ec2034b:SMT_KEY:4,0x336434d3d18adf0dd81ae08a46d6bb7e2ec2034b,4,code_hash_length,4000027
polygon-zkevm:0x6273a433bb0f7af075270de55a1ea0d741c19a46:SMT_KEY:0,0x6273a433bb0f7af075270de55a1ea0d741c19a46,0,balance,4000047
polygon-zkevm:0x6273a433bb0f7af075270de55a1ea0d741c19a46:SMT_KEY:1,0x6273a433bb0f7af075270de55a1ea0d741c19a46,1,nonce,4000047
polygon-zkevm:0x6273a433bb0f7af075270de55a1ea0d741c19a46:SMT_KEY:2,0x6273a433bb0f7af075270de55a1ea0d741c19a46,2,code_hash,4000047
polygon-zkevm:0x6273a433bb0f7af075270de55a1ea0d741c19a46:SMT_KEY:4,0x6273a433bb0f7af075270de55a1ea0d741c19a46,4,code_hash_length,4000047
polygon-zkevm:0x197ba1a78e67ccf7d9992bc53c321ffea07a97c0:SMT_KEY:0,0x197ba1a78e67ccf7d9992bc53c321ffea07a97c0,0,balance,4000067
polygon-zkevm:0x197ba1a78e67ccf7d9992bc53c321ffea07a97c0:SMT_KEY:1,0x197ba1a78e67ccf7d9992bc53c321ffea07a97c0,1,nonce,4000067
polygon-zkevm:0x197ba1a78e67ccf7d9992bc53c321ffea07a97c0:SMT_KEY:2,0x197ba1a78e67ccf7d9992bc53c321ffea07a97c0,2,code_hash,4000067
polygon-zkevm:0x197ba1a78e67ccf7d9992bc53c321ffea07a97c0:SMT_KEY:4,0x197ba1a78e67ccf7d9992bc53c321ffea07a97c0,4,code_hash_length,4000067
polygon-zkevm:0x7481c16e7782608ccba70029c0fd41d78aa6b56e:SMT_KEY:0,0x7481c16e7782608ccba70029c0fd41d78aa6b56e,0,balance,4000067
polygon-zkevm:0x7481c16e7782608ccba70029c0fd41d78aa6b56e:SMT_KEY:1,0x7481c16e7782608ccba70029c0fd41d78aa6b56e,1,nonce,4000067
polygon-zkevm:0x7481c16e7782608ccba70029c0fd41d78aa6b56e:SMT_KEY:2,0x7481c16e7782608ccba70029c0fd41d78aa6b56e,2,code_hash,4000067
polygon-zkevm:0x7481c16e7782608ccba70029c0fd41d78aa6b56e:SMT_KEY:4,0x7481c16e7782608ccba70029c0fd41d78aa6b56e,4,code_hash_length,4000067
polygon-zkevm:0x5c15c5fb899030cbd6560c602bec38a88ccace70:SMT_KEY:0,0x5c15c5fb899030cbd6560c602bec38a88ccace70,0,balance,4000077
polygon-zkevm:0x5c15c5fb899030cbd6560c602bec38a88ccace70:SMT_KEY:1,0x5c15c5fb899030cbd6560c602bec38a88ccace70,1,nonce,4000077
polygon-zkevm:0x5c15c5fb899030cbd6560c602bec38a88ccace70:SMT_KEY:2,0x5c15c5fb899030cbd6560c602bec38a88ccace70,2,code_hash,4000077
polygon-zkevm:0x5c15c5fb899030cbd6560c602bec38a88ccace70:SMT_KEY:4,0x5c15c5fb899030cbd6560c602bec38a88ccace70,4,code_hash_length,4000077
polygon-zkevm:0x8713f064749374e5a7ffaa789fdc9cc93179b58a:SMT_KEY:0,0x8713f064749374e5a7ffaa789fdc9cc93179b58a,0,balance,4000077
polygon-zkevm:0x8713f064749374e5a7ffaa789fdc9cc93179b58a:SMT_KEY:1,0x8713f064749374e5a7ffaa789fdc9cc93179b58a,1,nonce,4000077
polygon-zkevm:0x8713f064749374e5a7ffaa789fdc9cc93179b58a:SMT_KEY:2,0x8713f064749374e5a7ffaa789fdc9cc93179b58a,2,code_hash,4000077
polygon-zkevm:0x8713f064749374e5a7ffaa789fdc9cc93179b58a:SMT_KEY:4,0x8713f064749374e5a7ffaa789fdc9cc93179b58a,4,code_hash_length,4000077
polygon-zkevm:0x2ce8e1df4594b9ce300a17a864d3e3e0f63dd763:SMT_KEY:0,0x2ce8e1df4594b9ce300a17a864d3e3e0f63dd763,0,balance,4000097
polygon-zkevm:0x2ce8e1df4594b9ce300a17a864d3e3e0f63dd763:SMT_KEY:1,0x2ce8e1df4594b9ce300a17a864d3e3e0f63dd763,1,nonce,4000097
polygon-zkevm:0x2ce8e1df4594b9ce300a17a864d3e3e0f63dd763:SMT_KEY:2,0x2ce8e1df4594b9ce300a17a864d3e3e0f63dd763,2,code_hash,4000097
polygon-zkevm:0x2ce8e1df4594b9ce300a17a864d3e3e0f63dd763:SMT_KEY:4,0x2ce8e1df4594b9ce300a17a864d3e3e0f63dd763,4,code_hash_length,4000097
polygon-zkevm:0xdd07e1d7a51bfe262cd6c83d8350790479321f7d:SMT_KEY:0,0xdd07e1d7a51bfe262cd6c83d8350790479321f7d,0,balance,4000107
polygon-zkevm:0xdd07e1d7a51bfe262cd6c83d8350790479321f7d:SMT_KEY:1,0xdd07e1d7a51bfe262cd6c83d8350790479321f7d,1,nonce,4000107
polygon-zkevm:0xdd07e1d7a51bfe262cd6c83d8350790479321f7d:SMT_KEY:2,0xdd07e1d7a51bfe262cd6c83d8350790479321f7d,2,code_hash,4000107
polygon-zkevm:0xdd07e1d7a51bfe262cd6c83d8350790479321f7d:SMT_KEY:4,0xdd07e1d7a51bfe262cd6c83d8350790479321f7d,4,code_hash_length,4000107
polygon-zkevm:0xa54c46f8ffa49244f27acc0aae607e9bb88ab87b:SMT_KEY:0,0xa54c46f8ffa49244f27acc0aae607e9bb88ab87b,0,balance,4000117
polygon-zkevm:0xa54c46f8ffa49244f27acc0aae607e9bb88ab87b:SMT_KEY:1,0xa54c46f8ffa49244f27acc0aae607e9bb88ab87b,1,nonce,4000117
polygon-zkevm:0xa54c46f8ffa49244f27acc0aae607e9bb88ab87b:SMT_KEY:2,0xa54c46f8ffa49244f27acc0aae607e9bb88ab87b,2,code_hash,4000117
polygon-zkevm:0xa54c46f8ffa49244f27acc0aae607e9bb88ab87b:SMT_KEY:4,0xa54c46f8ffa49244f27acc0aae607e9bb88ab87b,4,code_hash_length,4000117
polygon-zkevm:0xdb9a26d9518685c182ad67ef9209b7f7fa2e9429:SMT_KEY:0,0xdb9a26d9518685c182ad67ef9209b7f7fa2e9429,0,balance,4000117
polygon-zkevm:0xdb9a26d9518685c182ad67ef9209b7f7fa2e9429:SMT_KEY:1,0xdb9a26d9518685c182ad67ef9209b7f7fa2e9429,1,nonce,4000117
polygon-zkevm:0xdb9a26d9518685c182ad67ef9209b7f7fa2e9429:SMT_KEY:2,0xdb9a26d9518685c182ad67ef9209b7f7fa2e9429,2,code_hash,4000117
polygon-zkevm:0xdb9a26d9518685c182ad67ef9209b7f7fa2e9429:SMT_KEY:4,0xdb9a26d9518685c182ad67ef9209b7f7fa2e9429,4,code_hash_length,4000117
polygon-zkevm:0xf3266a93cf3815586283566567f9bd628b63b2fb:SMT_KEY:0,0xf3266a93cf3815586283566567f9bd628b63b2fb,0,balance,4000127
polygon-zkevm:0xf3266a93cf3815586283566567f9bd628b63b2fb:SMT_KEY:1,0xf3266a93cf3815586283566567f9bd628b63b2fb,1,nonce,4000127
polygon-zkevm:0xf3266a93cf3815586283566567f9bd628b63b2fb:SMT_KEY:2,0xf3266a93cf3815586283566567f9bd628b63b2fb,2,code_hash,4000127
polygon-zkevm:0xf3266a93cf3815586283566567f9bd628b63b2fb:SMT_KEY:4,0xf3266a93cf3815586283566567f9bd628b63b2fb,4,code_hash_length,4000127
polygon-zkevm:0x1c4281e11c2e2a071df22b619e4e26058155b038:SMT_KEY:0,0x1c4281e11c2e2a071df22b619e4e26058155b038,0,balance,4000157
polygon-zkevm:0x1c4281e11c2e2a071df22b619e4e26058155b038:SMT_KEY:1,0x1c4281e11c2e2a071df22b619e4e26058155b038,1,nonce,4000157
polygon-zkevm:0x1c4281e11c2e2a071df22b619e4e26058155b038:SMT_KEY:2,0x1c4281e11c2e2a071df22b619e4e26058155b038,2,code_hash,4000157
polygon-zkevm:0x1c4281e11c2e2a071df22b619e4e26058155b038:SMT_KEY:4,0x1c4281e11c2e2a071df22b619e4e26058155b038,4,code_hash_length,4000157
polygon-zkevm:0xdbc85ccb95d74036ded44cbdaaf3d5f60c6a5dae:SMT_KEY:0,0xdbc85ccb95d74036ded44cbdaaf3d5f60c6a5dae,0,balance,4000177
polygon-zkevm:0xdbc85ccb95d74036ded44cbdaaf3d5f60c6a5dae:SMT_KEY:1,0xdbc85ccb95d74036ded44cbdaaf3d5f60c6a5dae,1,nonce,4000177
polygon-zkevm:0xdbc85ccb95d74036ded44cbdaaf3d5f60c6a5dae:SMT_KEY:2,0xdbc85ccb95d74036ded44cbdaaf3d5f60c6a5dae,2,code_hash,4000177
polygon-zkevm:0xdbc85ccb95d74036ded44cbdaaf3d5f60c6a5dae:SMT_KEY:4,0xdbc85ccb95d74036ded44cbdaaf3d5f60c6a5dae,4,code_hash_length,4000177
polygon-zkevm:0x1163cd208e30d4bbbd033ae18b9b5145d77220df:SMT_KEY:0,0x1163cd208e30d4bbbd033ae18b9b5145d77220df,0,balance,4000187
polygon-zkevm:0x1163cd208e30d4bbbd033ae18b9b5145d77220df:SMT_KEY:1,0x1163cd208e30d4bbbd033ae18b9b5145d77220df,1,nonce,4000187
polygon-zkevm:0x1163cd208e30d4bbbd033ae18b9b5145d77220df:SMT_KEY:2,0x1163cd208e30d4bbbd033ae18b9b5145d77220df,2,code_hash,4000187
polygon-zkevm:0x1163cd208e30d4bbbd033ae18b9b5145d77220df:SMT_KEY:4,0x1163cd208e30d4bbbd033ae18b9b5145d77220df,4,code_hash_length,4000187
polygon-zkevm:0x66eaa9f98d59486941ccec7c9f385cdb22f13c7d:SMT_KEY:0,0x66eaa9f98d59486941ccec7c9f385cdb22f13c7d,0,balance,4000207
polygon-zkevm:0x66eaa9f98d59486941ccec7c9f385cdb22f13c7d:SMT_KEY:1,0x66eaa9f98d59486941ccec7c9f385cdb22f13c7d,1,nonce,4000207
polygon-zkevm:0x66eaa9f98d59486941ccec7c9f385cdb22f13c7d:SMT_KEY:2,0x66eaa9f98d59486941ccec7c9f385cdb22f13c7d,2,code_hash,4000207
polygon-zkevm:0x66eaa9f98d59486941ccec7c9f385cdb22f13c7d:SMT_KEY:4,0x66eaa9f98d59486941ccec7c9f385cdb22f13c7d,4,code_hash_length,4000207
polygon-zkevm:0xc9a8f96db53caea12117d110d3e2d6a5fca860a2:SMT_KEY:0,0xc9a8f96db53caea12117d110d3e2d6a5fca860a2,0,balance,4000217
polygon-zkevm:0xc9a8f96db53caea12117d110d3e2d6a5fca860a2:SMT_KEY:1,0xc9a8f96db53caea12117d110d3e2d6a5fca860a2,1,nonce,4000217
polygon-zkevm:0xc9a8f96db53caea12117d110d3e2d6a5fca860a2:SMT_KEY:2,0xc9a8f96db53caea12117d110d3e2d6a5fca860a2,2,code_hash,4000217
polygon-zkevm:0xc9a8f96db53caea12117d110d3e2d6a5fca860a2:SMT_KEY:4,0xc9a8f96db53caea12117d110d3e2d6a5fca860a2,4,code_hash_length,4000217
polygon-zkevm:0x2fdb6145722f9bb4781842cfd970ef36be6c6872:SMT_KEY:0,0x2fdb6145722f9bb4781842cfd970ef36be6c6872,0,balance,4000227
polygon-zkevm:0x2fdb6145722f9bb4781842cfd970ef36be6c6872:SMT_KEY:1,0x2fdb6145722f9bb4781842cfd970ef36be6c6872,1,nonce,4000227
polygon-zkevm:0x2fdb6145722f9bb4781842cfd970ef36be6c6872:SMT_KEY:2,0x2fdb6145722f9bb4781842cfd970ef36be6c6872,2,code_hash,4000227
polygon-zkevm:0x2fdb6145722f9bb4781842cfd970ef36be6c6872:SMT_KEY:4,0x2fdb6145722f9bb4781842cfd970ef36be6c6872,4,code_hash_length,4000227
polygon-zkevm:0x53a43c3482f30083a6792dc44c89df5592a14b6a:SMT_KEY:0,0x53a43c3482f30083a6792dc44c89df5592a14b6a,0,balance,4000257
polygon-zkevm:0x53a43c3482f30083a6792dc44c89df5592a14b6a:SMT_KEY:1,0x53a43c3482f30083a6792dc44c89df5592a14b6a,1,nonce,4000257
polygon-zkevm:0x53a43c3482f30083a6792dc44c89df5592a14b6a:SMT_KEY:2,0x53a43c3482f30083a6792dc44c89df5592a14b6a,2,code_hash,4000257
polygon-zkevm:0x53a43c3482f30083a6792dc44c89df5592a14b6a:SMT_KEY:4,0x53a43c3482f30083a6792dc44c89df5592a14b6a,4,code_hash_length,4000257
polygon-zkevm:0xe97bea5a43e319bdb34590407f7a4217ad6e4aed:SMT_KEY:0,0xe97bea5a43e319bdb34590407f7a4217ad6e4aed,0,balance,4000267
polygon-zkevm:0xe97bea5a43e319bdb34590407f7a4217ad6e4aed:SMT_KEY:1,0xe97bea5a43e319bdb34590407f7a4217ad6e4aed,1,nonce,4000267
polygon-zkevm:0xe97bea5a43e319bdb34590407f7a4217ad6e4aed:SMT_KEY:2,0xe97bea5a43e319bdb34590407f7a4217ad6e4aed,2,code_hash,4000267
polygon-zkevm:0xe97bea5a43e319bdb34590407f7a4217ad6e4aed:SMT_KEY:4,0xe97bea5a43e319bdb34590407f7a4217ad6e4aed,4,code_hash_length,4000267
polygon-zkevm:0x622a07dc5e8cd64854ad291ca872d39aa53b65c2:SMT_KEY:0,0x622a07dc5e8cd64854ad291ca872d39aa53b65c2,0,balance,4000287
polygon-zkevm:0x622a07dc5e8cd64854ad291ca872d39aa53b65c2:SMT_KEY:1,0x622a07dc5e8cd64854ad291ca872d39aa53b65c2,1,nonce,4000287
polygon-zkevm:0x622a07dc5e8cd64854ad291ca872d39aa53b65c2:SMT_KEY:2,0x622a07dc5e8cd64854ad291ca872d39aa53b65c2,2,code_hash,4000287
polygon-zkevm:0x622a07dc5e8cd64854ad291ca872d39aa53b65c2:SMT_KEY:4,0x622a07dc5e8cd64854ad291ca872d39aa53b65c2,4,code_hash_length,4000287
polygon-zkevm:0x4a52b44f77f8504898b330a7726e3aec041b047d:SMT_KEY:0,0x4a52b44f77f8504898b330a7726e3aec041b047d,0,balance,4000297
polygon-zkevm:0x4a52b44f77f8504898b330a7726e3aec041b047d:SMT_KEY:1,0x4a52b44f77f8504898b330a7726e3aec041b047d,1,nonce,4000297
polygon-zkevm:0x4a52b44f77f8504898b330a7726e3aec041b047d:SMT_KEY:2,0x4a52b44f77f8504898b330a7726e3aec041b047d,2,code_hash,4000297
polygon-zkevm:0x4a52b44f77f8504898b330a7726e3aec041b047d:SMT_KEY:4,0x4a52b44f77f8504898b330a7726e3aec041b047d,4,code_hash_length,4000297
polygon-zkevm:0xfbc22927760cb77121575b71874373ad201db122:SMT_KEY:0,0xfbc22927760cb77121575b71874373ad201db122,0,balance,4000317
polygon-zkevm:0xfbc22927760cb77121575b71874373ad201db122:SMT_KEY:1,0xfbc22927760cb77121575b71874373ad201db122,1,nonce,4000317
polygon-zkevm:0xfbc22927760cb77121575b71874373ad201db122:SMT_KEY:2,0xfbc22927760cb77121575b71874373ad201db122,2,code_hash,4000317
polygon-zkevm:0xfbc22927760cb77121575b71874373ad201db122:SMT_KEY:4,0xfbc22927760cb77121575b71874373ad201db122,4,code_hash_length,4000317
polygon-zkevm:0xd89edafe5c7b6019e36b922bd4211d8ca7cc022d:SMT_KEY:0,0xd89edafe5c7b6019e36b922bd4211d8ca7cc022d,0,balance,4000337
polygon-zkevm:0xd89edafe5c7b6019e36b922bd4211d8ca7cc022d:SMT_KEY:1,0xd89edafe5c7b6019e36b922bd4211d8ca7cc022d,1,nonce,4000337
polygon-zkevm:0xd89edafe5c7b6019e36b922bd4211d8ca7cc022d:SMT_KEY:2,0xd89edafe5c7b6019e36b922bd4211d8ca7cc022d,2,code_hash,4000337
polygon-zkevm:0xd89edafe5c7b6019e36b922bd4211d8ca7cc022d:SMT_KEY:4,0xd89edafe5c7b6019e36b922bd4211d8ca7cc022d,4,code_hash_length,4000337
polygon-zkevm:0xa0ec6394091c492a7fc0cc7b05bc8d8e31190fed:SMT_KEY:0,0xa0ec6394091c492a7fc0cc7b05bc8d8e31190fed,0,balance,4000367
polygon-zkevm:0xa0ec6394091c492a7fc0cc7b05bc8d8e31190fed:SMT_KEY:1,0xa0ec6394091c492a7fc0cc7b05bc8d8e31190fed,1,nonce,4000367
polygon-zkevm:0xa0ec6394091c492a7fc0cc7b05bc8d8e31190fed:SMT_KEY:2,0xa0ec6394091c492a7fc0cc7b05bc8d8e31190fed,2,code_hash,4000367
polygon-zkevm:0xa0ec6394091c492a7fc0cc7b05bc8d8e31190fed:SMT_KEY:4,0xa0ec6394091c492a7fc0cc7b05bc8d8e31190fed,4,code_hash_length,4000367
polygon-zkevm:0xf8a89af2d506842f391327ccef5b29414144a373:SMT_KEY:0,0xf8a89af2d506842f391327ccef5b29414144a373,0,balance,4000377
polygon-zkevm:0xf8a89af2d506842f391327ccef5b29414144a373:SMT_KEY:1,0xf8a89af2d506842f391327ccef5b29414144a373,1,nonce,4000377
polygon-zkevm:0xf8a89af2d506842f391327ccef5b29414144a373:SMT_KEY:2,0xf8a89af2d506842f391327ccef5b29414144a373,2,code_hash,4000377
polygon-zkevm:0xf8a89af2d506842f391327ccef5b29414144a373:SMT_KEY:4,0xf8a89af2d506842f391327ccef5b29414144a373,4,code_hash_length,4000377
polygon-zkevm:0x9b94594a5208eb48fb6864078807126d92c4f830:SMT_KEY:0,0x9b94594a5208eb48fb6864078807126d92c4f830,0,balance,4000387
polygon-zkevm:0x9b94594a5208eb48fb6864078807126d92c4f830:SMT_KEY:1,0x9b94594a5208eb48fb6864078807126d92c4f830,1,nonce,4000387
polygon-zkevm:0x9b94594a5208eb48fb6864078807126d92c4f830:SMT_KEY:2,0x9b94594a5208eb48fb6864078807126d92c4f830,2,code_hash,4000387
polygon-zkevm:0x9b94594a5208eb48fb6864078807126d92c4f830:SMT_KEY:4,0x9b94594a5208eb48fb6864078807126d92c4f830,4,code_hash_length,4000387
polygon-zkevm:0xa02573c4ad15c16b48f10842aac9c9ea405b65a3:SMT_KEY:0,0xa02573c4ad15c16b48f10842aac9c9ea405b65a3,0,balance,4000387
polygon-zkevm:0xa02573c4ad15c16b48f10842aac9c9ea405b65a3:SMT_KEY:1,0xa02573c4ad15c16b48f10842aac9c9ea405b65a3,1,nonce,4000387
polygon-zkevm:0xa02573c4ad15c16b48f10842aac9c9ea405b65a3:SMT_KEY:2,0xa02573c4ad15c16b48f10842aac9c9ea405b65a3,2,code_hash,4000387
polygon-zkevm:0xa02573c4ad15c16b48f10842aac9c9ea405b65a3:SMT_KEY:4,0xa02573c4ad15c16b48f10842aac9c9ea405b65a3,4,code_hash_length,4000387
polygon-zkevm:0xb77ac3913366ceb1c2c933fb7897dde6106280e7:SMT_KEY:0,0xb77ac3913366ceb1c2c933fb7897dde6106280e7,0,balance,4000427
polygon-zkevm:0xb77ac3913366ceb1c2c933fb7897dde6106280e7:SMT_KEY:1,0xb77ac3913366ceb1c2c933fb7897dde6106280e7,1,nonce,4000427
polygon-zkevm:0xb77ac3913366ceb1c2c933fb7897dde6106280e7:SMT_KEY:2,0xb77ac3913366ceb1c2c933fb7897dde6106280e7,2,code_hash,4000427
polygon-zkevm:0xb77ac3913366ceb1c2c933fb7897dde6106280e7:SMT_KEY:4,0xb77ac3913366ceb1c2c933fb7897dde6106280e7,4,code_hash_length,4000427
polygon-zkevm:0xa51faf84aed0bdbfe8797d9bb6363d79f7f13f81:SMT_KEY:0,0xa51faf84aed0bdbfe8797d9bb6363d79f7f13f81,0,balance,4000437
polygon-zkevm:0xa51faf84aed0bdbfe8797d9bb6363d79f7f13f81:SMT_KEY:1,0xa51faf84aed0bdbfe8797d9bb6363d79f7f13f81,1,nonce,4000437
polygon-zkevm:0xa51faf84aed0bdbfe8797d9bb6363d79f7f13f81:SMT_KEY:2,0xa51faf84aed0bdbfe8797d9bb6363d79f7f13f81,2,code_hash,4000437
polygon-zkevm:0xa51faf84aed0bdbfe8797d9bb6363d79f7f13f81:SMT_KEY:4,0xa51faf84aed0bdbfe8797d9bb6363d79f7f13f81,4,code_hash_length,4000437
polygon-zkevm:0xd868e118f3937894774177b2ab611ec91bd0269e:SMT_KEY:0,0xd868e118f3937894774177b2ab611ec91bd0269e,0,balance,4000447
polygon-zkevm:0xd868e118f3937894774177b2ab611ec91bd0269e:SMT_KEY:1,0xd868e118f3937894774177b2ab611ec91bd0269e,1,nonce,4000447
polygon-zkevm:0xd868e118f3937894774177b2ab611ec91bd0269e:SMT_KEY:2,0xd868e118f3937894774177b2ab611ec91bd0269e,2,code_hash,4000447
polygon-zkevm:0xd868e118f3937894774177b2ab611ec91bd0269e:SMT_KEY:4,0xd868e118f3937894774177b2ab611ec91bd0269e,4,code_hash_length,4000447
polygon-zkevm:0x30548375f926dda597547920e2de59f0c0ef8c3a:SMT_KEY:0,0x30548375f926dda597547920e2de59f0c0ef8c3a,0,balance,4000457
polygon-zkevm:0x30548375f926dda597547920e2de59f0c0ef8c3a:SMT_KEY:1,0x30548375f926dda597547920e2de59f0c0ef8c3a,1,nonce,4000457
polygon-zkevm:0x30548375f926dda597547920e2de59f0c0ef8c3a:SMT_KEY:2,0x30548375f926dda597547920e2de59f0c0ef8c3a,2,code_hash,4000457
polygon-zkevm:0x30548375f926dda597547920e2de59f0c0ef8c3a:SMT_KEY:4,0x30548375f926dda597547920e2de59f0c0ef8c3a,4,code_hash_length,4000457
polygon-zkevm:0xf82fa14caa48d39ecfa162f154c7ba419d4fc68a:SMT_KEY:0,0xf82fa14caa48d39ecfa162f154c7ba419d4fc68a,0,balance,4000467
polygon-zkevm:0xf82fa14caa48d39ecfa162f154c7ba419d4fc68a:SMT_KEY:1,0xf82fa14caa48d39ecfa162f154c7ba419d4fc68a,1,nonce,4000467
polygon-zkevm:0xf82fa14caa48d39ecfa162f154c7ba419d4fc68a:SMT_KEY:2,0xf82fa14caa48d39ecfa162f154c7ba419d4fc68a,2,code_hash,4000467
polygon-zkevm:0xf82fa14caa48d39ecfa162f154c7ba419d4fc68a:SMT_KEY:4,0xf82fa14caa48d39ecfa162f154c7ba419d4fc68a,4,code_hash_length,4000467
polygon-zkevm:0x484562740c97e67382a3a2ef9423474752936339:SMT_KEY:0,0x484562740c97e67382a3a2ef9423474752936339,0,balance,4000477
polygon-zkevm:0x484562740c97e67382a3a2ef9423474752936339:SMT_KEY:1,0x484562740c97e67382a3a2ef9423474752936339,1,nonce,4000477
polygon-zkevm:0x484562740c97e67382a3a2ef9423474752936339:SMT_KEY:2,0x484562740c97e67382a3a2ef9423474752936339,2,code_hash,4000477
polygon-zkevm:0x484562740c97e67382a3a2ef9423474752936339:SMT_KEY:4,0x484562740c97e67382a3a2ef9423474752936339,4,code_hash_length,4000477
polygon-zkevm:0xd22bf0b70cd60bc874983b5e679aa34c6aa7eca8:SMT_KEY:0,0xd22bf0b70cd60bc874983b5e679aa34c6aa7eca8,0,balance,4000487
polygon-zkevm:0xd22bf0b70cd60bc874983b5e679aa34c6aa7eca8:SMT_KEY:1,0xd22bf0b70cd60bc874983b5e679aa34c6aa7eca8,1,nonce,4000487
polygon-zkevm:0xd22bf0b70cd60bc874983b5e679aa34c6aa7eca8:SMT_KEY:2,0xd22bf0b70cd60bc874983b5e679aa34c6aa7eca8,2,code_hash,4000487
polygon-zkevm:0xd22bf0b70cd60bc874983b5e679aa34c6aa7eca8:SMT_KEY:4,0xd22bf0b70cd60bc874983b5e679aa34c6aa7eca8,4,code_hash_length,4000487
polygon-zkevm:0x15a630de53014868af25e204fa5b43e7df2cac12:SMT_KEY:0,0x15a630de53014868af25e204fa5b43e7df2cac12,0,balance,4000497
polygon-zkevm:0x15a630de53014868af25e204fa5b43e7df2cac12:SMT_KEY:1,0x15a630de53014868af25e204fa5b43e7df2cac12,1,nonce,4000497
polygon-zkevm:0x15a630de53014868af25e204fa5b43e7df2cac12:SMT_KEY:2,0x15a630de53014868af25e204fa5b43e7df2cac12,2,code_hash,4000497
polygon-zkevm:0x15a630de53014868af25e204fa5b43e7df2cac12:SMT_KEY:4,0x15a630de53014868af25e204fa5b43e7df2cac12,4,code_hash_length,4000497
polygon-zkevm:0x861f7ed9ddf920dd269ed5fb510e5b3857c2009e:SMT_KEY:0,0x861f7ed9ddf920dd269ed5fb510e5b3857c2009e,0,balance,4000527
polygon-zkevm:0x861f7ed9ddf920dd269ed5fb510e5b3857c2009e:SMT_KEY:1,0x861f7ed9ddf920dd269ed5fb510e5b3857c2009e,1,nonce,4000527
polygon-zkevm:0x861f7ed9ddf920dd269ed5fb510e5b3857c2009e:SMT_KEY:2,0x861f7ed9ddf920dd269ed5fb510e5b3857c2009e,2,code_hash,4000527
polygon-zkevm:0x861f7ed9ddf920dd269ed5fb510e5b3857c2009e:SMT_KEY:4,0x861f7ed9ddf920dd269ed5fb510e5b3857c2009e,4,code_hash_length,4000527
polygon-zkevm:0xa83360de829b817d75db35308849bc919117d3e5:SMT_KEY:0,0xa83360de829b817d75db35308849bc919117d3e5,0,balance,4000557
polygon-zkevm:0xa83360de829b817d75db35308849bc919117d3e5:SMT_KEY:1,0xa83360de829b817d75db35308849bc919117d3e5,1,nonce,4000557
polygon-zkevm:0xa83360de829b817d75db35308849bc919117d3e5:SMT_KEY:2,0xa83360de829b817d75db35308849bc919117d3e5,2,code_hash,4000557
polygon-zkevm:0xa83360de829b817d75db35308849bc919117d3e5:SMT_KEY:4,0xa83360de829b817d75db35308849bc919117d3e5,4,code_hash_length,4000557
polygon-zkevm:0x678aa4bf4e210cf2166753e054d5b7c31cc7fa86:SMT_KEY:0,0x678aa4bf4e210cf2166753e054d5b7c31cc7fa86,0,balance,4000567
polygon-zkevm:0x678aa4bf4e210cf2166753e054d5b7c31cc7fa86:SMT_KEY:1,0x678aa4bf4e210cf2166753e054d5b7c31cc7fa86,1,nonce,4000567
polygon-zkevm:0x678aa4bf4e210cf2166753e054d5b7c31cc7fa86:SMT_KEY:2,0x678aa4bf4e210cf2166753e054d5b7c31cc7fa86,2,code_hash,4000567
polygon-zkevm:0x678aa4bf4e210cf2166753e054d5b7c31cc7fa86:SMT_KEY:4,0x678aa4bf4e210cf2166753e054d5b7c31cc7fa86,4,code_hash_length,4000567
polygon-zkevm:0xb11050d3d5b76d05626a20c2e56dac454d3b1abf:SMT_KEY:0,0xb11050d3d5b76d05626a20c2e56dac454d3b1abf,0,balance,4000567
polygon-zkevm:0xb11050d3d5b76d05626a20c2e56dac454d3b1abf:SMT_KEY:1,0xb11050d3d5b76d05626a20c2e56dac454d3b1abf,1,nonce,4000567
polygon-zkevm:0xb11050d3d5b76d05626a20c2e56dac454d3b1abf:SMT_KEY:2,0xb11050d3d5b76d05626a20c2e56dac454d3b1abf,2,code_hash,4000567
polygon-zkevm:0xb11050d3d5b76d05626a20c2e56dac454d3b1abf:SMT_KEY:4,0xb11050d3d5b76d05626a20c2e56dac454d3b1abf,4,code_hash_length,4000567
polygon-zkevm:0xa8ec9d90d545e636975d1674c7bc0043e02053f3:SMT_KEY:0,0xa8ec9d90d545e636975d1674c7bc0043e02053f3,0,balance,4000577
polygon-zkevm:0xa8ec9d90d545e636975d1674c7bc0043e02053f3:SMT_KEY:1,0xa8ec9d90d545e636975d1674c7bc0043e02053f3,1,nonce,4000577
polygon-zkevm:0xa8ec9d90d545e636975d1674c7bc0043e02053f3:SMT_KEY:2,0xa8ec9d90d545e636975d1674c7bc0043e02053f3,2,code_hash,4000577
polygon-zkevm:0xa8ec9d90d545e636975d1674c7bc0043e02053f3:SMT_KEY:4,0xa8ec9d90d545e636975d1674c7bc0043e02053f3,4,code_hash_length,4000577
polygon-zkevm:0xecbc02ad563e84f12c517364788c9fe84e1d70ee:SMT_KEY:0,0xecbc02ad563e84f12c517364788c9fe84e1d70ee,0,balance,4000587
polygon-zkevm:0xecbc02ad563e84f12c517364788c9fe84e1d70ee:SMT_KEY:1,0xecbc02ad563e84f12c517364788c9fe84e1d70ee,1,nonce,4000587
polygon-zkevm:0xecbc02ad563e84f12c517364788c9fe84e1d70ee:SMT_KEY:2,0xecbc02ad563e84f12c517364788c9fe84e1d70ee,2,code_hash,4000587
polygon-zkevm:0xecbc02ad563e84f12c517364788c9fe84e1d70ee:SMT_KEY:4,0xecbc02ad563e84f12c517364788c9fe84e1d70ee,4,code_hash_length,4000587
polygon-zkevm:0x09295604e24d39a5107ae015cdf00cb79916947c:SMT_KEY:0,0x09295604e24d39a5107ae015cdf00cb79916947c,0,balance,4000597
polygon-zkevm:0x09295604e24d39a5107ae015cdf00cb79916947c:SMT_KEY:1,0x09295604e24d39a5107ae015cdf00cb79916947c,1,nonce,4000597
polygon-zkevm:0x09295604e24d39a5107ae015cdf00cb79916947c:SMT_KEY:2,0x09295604e24d39a5107ae015cdf00cb79916947c,2,code_hash,4000597
polygon-zkevm:0x09295604e24d39a5107ae015cdf00cb79916947c:SMT_KEY:4,0x09295604e24d39a5107ae015cdf00cb79916947c,4,code_hash_length,4000597
polygon-zkevm:0x84dba5388aa5dacb93fb0288dd85b0ef527943d0:SMT_KEY:0,0x84dba5388aa5dacb93fb0288dd85b0ef527943d0,0,balance,4000617
polygon-zkevm:0x84dba5388aa5dacb93fb0288dd85b0ef527943d0:SMT_KEY:1,0x84dba5388aa5dacb93fb0288dd85b0ef527943d0,1,nonce,4000617
polygon-zkevm:0x84dba5388aa5dacb93fb0288dd85b0ef527943d0:SMT_KEY:2,0x84dba5388aa5dacb93fb0288dd85b0ef527943d0,2,code_hash,4000617
polygon-zkevm:0x84dba5388aa5dacb93fb0288dd85b0ef527943d0:SMT_KEY:4,0x84dba5388aa5dacb93fb0288dd85b0ef527943d0,4,code_hash_length,4000617
polygon-zkevm:0x3d4ceb7f82b9d8a64e974bedf4d6abbc44514d1f:SMT_KEY:0,0x3d4ceb7f82b9d8a64e974bedf4d6abbc44514d1f,0,balance,4000627
polygon-zkevm:0x3d4ceb7f82b9d8a64e974bedf4d6abbc44514d1f:SMT_KEY:1,0x3d4ceb7f82b9d8a64e974bedf4d6abbc44514d1f,1,nonce,4000627
polygon-zkevm:0x3d4ceb7f82b9d8a64e974bedf4d6abbc44514d1f:SMT_KEY:2,0x3d4ceb7f82b9d8a64e974bedf4d6abbc44514d1f,2,code_hash,4000627
polygon-zkevm:0x3d4ceb7f82b9d8a64e974bedf4d6abbc44514d1f:SMT_KEY:4,0x3d4ceb7f82b9d8a64e974bedf4d6abbc44514d1f,4,code_hash_length,4000627
polygon-zkevm:0x4791f7ef1b62e418e4b1c47fec5a615010bf8d9f:SMT_KEY:0,0x4791f7ef1b62e418e4b1c47fec5a615010bf8d9f,0,balance,4000647
polygon-zkevm:0x4791f7ef1b62e418e4b1c47fec5a615010bf8d9f:SMT_KEY:1,0x4791f7ef1b62e418e4b1c47fec5a615010bf8d9f,1,nonce,4000647
polygon-zkevm:0x4791f7ef1b62e418e4b1c47fec5a615010bf8d9f:SMT_KEY:2,0x4791f7ef1b62e418e4b1c47fec5a615010bf8d9f,2,code_hash,4000647
polygon-zkevm:0x4791f7ef1b62e418e4b1c47fec5a615010bf8d9f:SMT_KEY:4,0x4791f7ef1b62e418e4b1c47fec5a615010bf8d9f,4,code_hash_length,4000647
polygon-zkevm:0xca13012f885103a9e79d89a4231e338c60868e52:SMT_KEY:0,0xca13012f885103a9e79d89a4231e338c60868e52,0,balance,4000667
polygon-zkevm:0xca13012f885103a9e79d89a4231e338c60868e52:SMT_KEY:1,0xca13012f885103a9e79d89a4231e338c60868e52,1,nonce,4000667
polygon-zkevm:0xca13012f885103a9e79d89a4231e338c60868e52:SMT_KEY:2,0xca13012f885103a9e79d89a4231e338c60868e52,2,code_hash,4000667
polygon-zkevm:0xca13012f885103a9e79d89a4231e338c60868e52:SMT_KEY:4,0xca13012f885103a9e79d89a4231e338c60868e52,4,code_hash_length,4000667
polygon-zkevm:0x2cf8d9624c33a5a6bb4a0f5d4753925102a1fa29:SMT_KEY:0,0x2cf8d9624c33a5a6bb4a0f5d4753925102a1fa29,0,balance,4000677
polygon-zkevm:0x2cf8d9624c33a5a6bb4a0f5d4753925102a1fa29:SMT_KEY:1,0x2cf8d9624c33a5a6bb4a0f5d4753925102a1fa29,1,nonce,4000677
polygon-zkevm:0x2cf8d9624c33a5a6bb4a0f5d4753925102a1fa29:SMT_KEY:2,0x2cf8d9624c33a5a6bb4a0f5d4753925102a1fa29,2,code_hash,4000677
polygon-zkevm:0x2cf8d9624c33a5a6bb4a0f5d4753925102a1fa29:SMT_KEY:4,0x2cf8d9624c33a5a6bb4a0f5d4753925102a1fa29,4,code_hash_length,4000677
polygon-zkevm:0xc306904fb96508dbc19d72caa58acc214b922f5b:SMT_KEY:0,0xc306904fb96508dbc19d72caa58acc214b922f5b,0,balance,4000697
polygon-zkevm:0xc306904fb96508dbc19d72caa58acc214b922f5b:SMT_KEY:1,0xc306904fb96508dbc19d72caa58acc214b922f5b,1,nonce,4000697
polygon-zkevm:0xc306904fb96508dbc19d72caa58acc214b922f5b:SMT_KEY:2,0xc306904fb96508dbc19d72caa58acc214b922f5b,2,code_hash,4000697
polygon-zkevm:0xc306904fb96508dbc19d72caa58acc214b922f5b:SMT_KEY:4,0xc306904fb96508dbc19d72caa58acc214b922f5b,4,code_hash_length,4000697
polygon-zkevm:0xdef61f0888e6b2a4e01ffa6b3a0ee2923f61dbfc:SMT_KEY:0,0xdef61f0888e6b2a4e01ffa6b3a0ee2923f61dbfc,0,balance,4000707
polygon-zkevm:0xdef61f0888e6b2a4e01ffa6b3a0ee2923f61dbfc:SMT_KEY:1,0xdef61f0888e6b2a4e01ffa6b3a0ee2923f61dbfc,1,nonce,4000707
polygon-zkevm:0xdef61f0888e6b2a4e01ffa6b3a0ee2923f61dbfc:SMT_KEY:2,0xdef61f0888e6b2a4e01ffa6b3a0ee2923f61dbfc,2,code_hash,4000707
polygon-zkevm:0xdef61f0888e6b2a4e01ffa6b3a0ee2923f61dbfc:SMT_KEY:4,0xdef61f0888e6b2a4e01ffa6b3a0ee2923f61dbfc,4,code_hash_length,4000707
polygon-zkevm:0x188102c1266a775255aba0d7900890bbd530d5d5:SMT_KEY:0,0x188102c1266a775255aba0d7900890bbd530d5d5,0,balance,4000717
polygon-zkevm:0x188102c1266a775255aba0d7900890bbd530d5d5:SMT_KEY:1,0x188102c1266a775255aba0d7900890bbd530d5d5,1,nonce,4000717
polygon-zkevm:0x188102c1266a775255aba0d7900890bbd530d5d5:SMT_KEY:2,0x188102c1266a775255aba0d7900890bbd530d5d5,2,code_hash,4000717
polygon-zkevm:0x188102c1266a775255aba0d7900890bbd530d5d5:SMT_KEY:4,0x188102c1266a775255aba0d7900890bbd530d5d5,4,code_hash_length,4000717
polygon-zkevm:0xcbbe23cad8537cdfb7e62702f1a118f9ea5a8b83:SMT_KEY:0,0xcbbe23cad8537cdfb7e62702f1a118f9ea5a8b83,0,balance,4000757
polygon-zkevm:0xcbbe23cad8537cdfb7e62702f1a118f9ea5a8b83:SMT_KEY:1,0xcbbe23cad8537cdfb7e62702f1a118f9ea5a8b83,1,nonce,4000757
polygon-zkevm:0xcbbe23cad8537cdfb7e62702f1a118f9ea5a8b83:SMT_KEY:2,0xcbbe23cad8537cdfb7e62702f1a118f9ea5a8b83,2,code_hash,4000757
polygon-zkevm:0xcbbe23cad8537cdfb7e62702f1a118f9ea5a8b83:SMT_KEY:4,0xcbbe23cad8537cdfb7e62702f1a118f9ea5a8b83,4,code_hash_length,4000757
polygon-zkevm:0xb62fd57014b893fab6d15175c6f23b98b3cbc372:SMT_KEY:0,0xb62fd57014b893fab6d15175c6f23b98b3cbc372,0,balance,4000777
polygon-zkevm:0xb62fd57014b893fab6d15175c6f23b98b3cbc372:SMT_KEY:1,0xb62fd57014b893fab6d15175c6f23b98b3cbc372,1,nonce,4000777
polygon-zkevm:0xb62fd57014b893fab6d15175c6f23b98b3cbc372:SMT_KEY:2,0xb62fd57014b893fab6d15175c6f23b98b3cbc372,2,code_hash,4000777
polygon-zkevm:0xb62fd57014b893fab6d15175c6f23b98b3cbc372:SMT_KEY:4,0xb62fd57014b893fab6d15175c6f23b98b3cbc372,4,code_hash_length,4000777
polygon-zkevm:0x3d60905cb3c75e245e157b1e093f66d537727825:SMT_KEY:0,0x3d60905cb3c75e245e157b1e093f66d537727825,0,balance,4000787
polygon-zkevm:0x3d60905cb3c75e245e157b1e093f66d537727825:SMT_KEY:1,0x3d60905cb3c75e245e157b1e093f66d537727825,1,nonce,4000787
polygon-zkevm:0x3d60905cb3c75e245e157b1e093f66d537727825:SMT_KEY:2,0x3d60905cb3c75e245e157b1e093f66d537727825,2,code_hash,4000787
polygon-zkevm:0x3d60905cb3c75e245e157b1e093f66d537727825:SMT_KEY:4,0x3d60905cb3c75e245e157b1e093f66d537727825,4,code_hash_length,4000787
polygon-zkevm:0x341025a83258eaa7c2b237cb4faeb038bfcf23c4:SMT_KEY:0,0x341025a83258eaa7c2b237cb4faeb038bfcf23c4,0,balance,4000807
polygon-zkevm:0x341025a83258eaa7c2b237cb4faeb038bfcf23c4:SMT_KEY:1,0x341025a83258eaa7c2b237cb4faeb038bfcf23c4,1,nonce,4000807
polygon-zkevm:0x341025a83258eaa7c2b237cb4faeb038bfcf23c4:SMT_KEY:2,0x341025a83258eaa7c2b237cb4faeb038bfcf23c4,2,code_hash,4000807
polygon-zkevm:0x341025a83258eaa7c2b237cb4faeb038bfcf23c4:SMT_KEY:4,0x341025a83258eaa7c2b237cb4faeb038bfcf23c4,4,code_hash_length,4000807
polygon-zkevm:0xb0cd131782e1eae61ca687385c2dd10beab4c7a0:SMT_KEY:0,0xb0cd131782e1eae61ca687385c2dd10beab4c7a0,0,balance,4000817
polygon-zkevm:0xb0cd131782e1eae61ca687385c2dd10beab4c7a0:SMT_KEY:1,0xb0cd131782e1eae61ca687385c2dd10beab4c7a0,1,nonce,4000817
polygon-zkevm:0xb0cd131782e1eae61ca687385c2dd10beab4c7a0:SMT_KEY:2,0xb0cd131782e1eae61ca687385c2dd10beab4c7a0,2,code_hash,4000817
polygon-zkevm:0xb0cd131782e1eae61ca687385c2dd10beab4c7a0:SMT_KEY:4,0xb0cd131782e1eae61ca687385c2dd10beab4c7a0,4,code_hash_length,4000817
polygon-zkevm:0x5f97245b6c82162cc45f268b05cec3a7a535b629:SMT_KEY:0,0x5f97245b6c82162cc45f268b05cec3a7a535b629,0,balance,4000827
polygon-zkevm:0x5f97245b6c82162cc45f268b05cec3a7a535b629:SMT_KEY:1,0x5f97245b6c82162cc45f268b05cec3a7a535b629,1,nonce,4000827
polygon-zkevm:0x5f97245b6c82162cc45f268b05cec3a7a535b629:SMT_KEY:2,0x5f97245b6c82162cc45f268b05cec3a7a535b629,2,code_hash,4000827
polygon-zkevm:0x5f97245b6c82162cc45f268b05cec3a7a535b629:SMT_KEY:4,0x5f97245b6c82162cc45f268b05cec3a7a535b629,4,code_hash_length,4000827
polygon-zkevm:0xf2992ff24691cebfdc26bf3a392094e3eebc6043:SMT_KEY:0,0xf2992ff24691cebfdc26bf3a392094e3eebc6043,0,balance,4000847
polygon-zkevm:0xf2992ff24691cebfdc26bf3a392094e3eebc6043:SMT_KEY:1,0xf2992ff24691cebfdc26bf3a392094e3eebc6043,1,nonce,4000847
polygon-zkevm:0xf2992ff24691cebfdc26bf3a392094e3eebc6043:SMT_KEY:2,0xf2992ff24691cebfdc26bf3a392094e3eebc6043,2,code_hash,4000847
polygon-zkevm:0xf2992ff24691cebfdc26bf3a392094e3eebc6043:SMT_KEY:4,0xf2992ff24691cebfdc26bf3a392094e3eebc6043,4,code_hash_length,4000847
polygon-zkevm:0x0b4cb9b54a78a5911fa2258c6d2c9b87c80e1bba:SMT_KEY:0,0x0b4cb9b54a78a5911fa2258c6d2c9b87c80e1bba,0,balance,4000857
polygon-zkevm:0x0b4cb9b54a78a5911fa2258c6d2c9b87c80e1bba:SMT_KEY:1,0x0b4cb9b54a78a5911fa2258c6d2c9b87c80e1bba,1,nonce,4000857
polygon-zkevm:0x0b4cb9b54a78a5911fa2258c6d2c9b87c80e1bba:SMT_KEY:2,0x0b4cb9b54a78a5911fa2258c6d2c9b87c80e1bba,2,code_hash,4000857
polygon-zkevm:0x0b4cb9b54a78a5911fa2258c6d2c9b87c80e1bba:SMT_KEY:4,0x0b4cb9b54a78a5911fa2258c6d2c9b87c80e1bba,4,code_hash_length,4000857
polygon-zkevm:0x33f1e941828b5e0da1763bb27d69504b44cf2377:SMT_KEY:0,0x33f1e941828b5e0da1763bb27d69504b44cf2377,0,balance,4000877
polygon-zkevm:0x33f1e941828b5e0da1763bb27d69504b44cf2377:SMT_KEY:1,0x33f1e941828b5e0da1763bb27d69504b44cf2377,1,nonce,4000877
polygon-zkevm:0x33f1e941828b5e0da1763bb27d69504b44cf2377:SMT_KEY:2,0x33f1e941828b5e0da1763bb27d69504b44cf2377,2,code_hash,4000877
polygon-zkevm:0x33f1e941828b5e0da1763bb27d69504b44cf2377:SMT_KEY:4,0x33f1e941828b5e0da1763bb27d69504b44cf2377,4,code_hash_length,4000877
polygon-zkevm:0xac47c23722ace10f5ef58a82e1d356afb4c7e1bb:SMT_KEY:0,0xac47c23722ace10f5ef58a82e1d356afb4c7e1bb,0,balance,4000897
polygon-zkevm:0xac47c23722ace10f5ef58a82e1d356afb4c7e1bb:SMT_KEY:1,0xac47c23722ace10f5ef58a82e1d356afb4c7e1bb,1,nonce,4000897
polygon-zkevm:0xac47c23722ace10f5ef58a82e1d356afb4c7e1bb:SMT_KEY:2,0xac47c23722ace10f5ef58a82e1d356afb4c7e1bb,2,code_hash,4000897
polygon-zkevm:0xac47c23722ace10f5ef58a82e1d356afb4c7e1bb:SMT_KEY:4,0xac47c23722ace10f5ef58a82e1d356afb4c7e1bb,4,code_hash_length,4000897
polygon-zkevm:0xcbfd753800dafa56d2cba5e6a35b19c6adf18c98:SMT_KEY:0,0xcbfd753800dafa56d2cba5e6a35b19c6adf18c98,0,balance,4000907
polygon-zkevm:0xcbfd753800dafa56d2cba5e6a35b19c6adf18c98:SMT_KEY:1,0xcbfd753800dafa56d2cba5e6a35b19c6adf18c98,1,nonce,4000907
polygon-zkevm:0xcbfd753800dafa56d2cba5e6a35b19c6adf18c98:SMT_KEY:2,0xcbfd753800dafa56d2cba5e6a35b19c6adf18c98,2,code_hash,4000907
polygon-zkevm:0xcbfd753800dafa56d2cba5e6a35b19c6adf18c98:SMT_KEY:4,0xcbfd753800dafa56d2cba5e6a35b19c6adf18c98,4,code_hash_length,4000907
polygon-zkevm:0xdc60fd9d2a4ccf97f292969580874de69e6c326e:SMT_KEY:0,0xdc60fd9d2a4ccf97f292969580874de69e6c326e,0,balance,4000907
polygon-zkevm:0xdc60fd9d2a4ccf97f292969580874de69e6c326e:SMT_KEY:1,0xdc60fd9d2a4ccf97f292969580874de69e6c326e,1,nonce,4000907
polygon-zkevm:0xdc60fd9d2a4ccf97f292969580874de69e6c326e:SMT_KEY:2,0xdc60fd9d2a4ccf97f292969580874de69e6c326e,2,code_hash,4000907
polygon-zkevm:0xdc60fd9d2a4ccf97f292969580874de69e6c326e:SMT_KEY:4,0xdc60fd9d2a4ccf97f292969580874de69e6c326e,4,code_hash_length,4000907
polygon-zkevm:0xc1d38685e362598266e384c9da73bcc68a68a4db:SMT_KEY:0,0xc1d38685e362598266e384c9da73bcc68a68a4db,0,balance,4000937
polygon-zkevm:0xc1d38685e362598266e384c9da73bcc68a68a4db:SMT_KEY:1,0xc1d38685e362598266e384c9da73bcc68a68a4db,1,nonce,4000937
polygon-zkevm:0xc1d38685e362598266e384c9da73bcc68a68a4db:SMT_KEY:2,0xc1d38685e362598266e384c9da73bcc68a68a4db,2,code_hash,4000937
polygon-zkevm:0xc1d38685e362598266e384c9da73bcc68a68a4db:SMT_KEY:4,0xc1d38685e362598266e384c9da73bcc68a68a4db,4,code_hash_length,4000937
polygon-zkevm:0xe81cd6f799eca0b3b3afe00927b390a305935637:SMT_KEY:0,0xe81cd6f799eca0b3b3afe00927b390a305935637,0,balance,4000947
polygon-zkevm:0xe81cd6f799eca0b3b3afe00927b390a305935637:SMT_KEY:1,0xe81cd6f799eca0b3b3afe00927b390a305935637,1,nonce,4000947
polygon-zkevm:0xe81cd6f799eca0b3b3afe00927b390a305935637:SMT_KEY:2,0xe81cd6f799eca0b3b3afe00927b390a305935637,2,code_hash,4000947
polygon-zkevm:0xe81cd6f799eca0b3b3afe00927b390a305935637:SMT_KEY:4,0xe81cd6f799eca0b3b3afe00927b390a305935637,4,code_hash_length,4000947
polygon-zkevm:0x20c8e704766cea2b0bca9ebc8618c38a970eb296:SMT_KEY:0,0x20c8e704766cea2b0bca9ebc8618c38a970eb296,0,balance,4000957
polygon-zkevm:0x20c8e704766cea2b0bca9ebc8618c38a970eb296:SMT_KEY:1,0x20c8e704766cea2b0bca9ebc8618c38a970eb296,1,nonce,4000957
polygon-zkevm:0x20c8e704766cea2b0bca9ebc8618c38a970eb296:SMT_KEY:2,0x20c8e704766cea2b0bca9ebc8618c38a970eb296,2,code_hash,4000957
polygon-zkevm:0x20c8e704766cea2b0bca9ebc8618c38a970eb296:SMT_KEY:4,0x20c8e704766cea2b0bca9ebc8618c38a970eb296,4,code_hash_length,4000957
polygon-zkevm:0x913fdd00c1444265ffd84acd5857eaa2ee96d0fe:SMT_KEY:0,0x913fdd00c1444265ffd84acd5857eaa2ee96d0fe,0,balance,4000967
polygon-zkevm:0x913fdd00c1444265ffd84acd5857eaa2ee96d0fe:SMT_KEY:1,0x913fdd00c1444265ffd84acd5857eaa2ee96d0fe,1,nonce,4000967
polygon-zkevm:0x913fdd00c1444265ffd84acd5857eaa2ee96d0fe:SMT_KEY:2,0x913fdd00c1444265ffd84acd5857eaa2ee96d0fe,2,code_hash,4000967
polygon-zkevm:0x913fdd00c1444265ffd84acd5857eaa2ee96d0fe:SMT_KEY:4,0x913fdd00c1444265ffd84acd5857eaa2ee96d0fe,4,code_hash_length,4000967
polygon-zkevm:0x921b486cc33580af7d8208df1619383470d5dcbe:SMT_KEY:0,0x921b486cc33580af7d8208df1619383470d5dcbe,0,balance,4000967
polygon-zkevm:0x921b486cc33580af7d8208df1619383470d5dcbe:SMT_KEY:1,0x921b486cc33580af7d8208df1619383470d5dcbe,1,nonce,4000967
polygon-zkevm:0x921b486cc33580af7d8208df1619383470d5dcbe:SMT_KEY:2,0x921b486cc33580af7d8208df1619383470d5dcbe,2,code_hash,4000967
polygon-zkevm:0x921b486cc33580af7d8208df1619383470d5dcbe:SMT_KEY:4,0x921b486cc33580af7d8208df1619383470d5dcbe,4,code_hash_length,4000967
polygon-zkevm:0xad1329080628d717d8fe440dba12c364c0cc6c91:SMT_KEY:0,0xad1329080628d717d8fe440dba12c364c0cc6c91,0,balance,4000997
polygon-zkevm:0xad1329080628d717d8fe440dba12c364c0cc6c91:SMT_KEY:1,0xad1329080628d717d8fe440dba12c364c0cc6c91,1,nonce,4000997
polygon-zkevm:0xad1329080628d717d8fe440dba12c364c0cc6c91:SMT_KEY:2,0xad1329080628d717d8fe440dba12c364c0cc6c91,2,code_hash,4000997
polygon-zkevm:0xad1329080628d717d8fe440dba12c364c0cc6c91:SMT_KEY:4,0xad1329080628d717d8fe440dba12c364c0cc6c91,4,code_hash_length,4000997
polygon-zkevm:0x4141b44f0e8b53adcac97d87a3c524d70e5e23b7:SMT_KEY:0,0x4141b44f0e8b53adcac97d87a3c524d70e5e23b7,0,balance,4001017
polygon-zkevm:0x4141b44f0e8b53adcac97d87a3c524d70e5e23b7:SMT_KEY:1,0x4141b44f0e8b53adcac97d87a3c524d70e5e23b7,1,nonce,4001017
polygon-zkevm:0x4141b44f0e8b53adcac97d87a3c524d70e5e23b7:SMT_KEY:2,0x4141b44f0e8b53adcac97d87a3c524d70e5e23b7,2,code_hash,4001017
polygon-zkevm:0x4141b44f0e8b53adcac97d87a3c524d70e5e23b7:SMT_KEY:4,0x4141b44f0e8b53adcac97d87a3c524d70e5e23b7,4,code_hash_length,4001017
polygon-zkevm:0x9216a9375a7030ad79e7528e3802e1b79155e038:SMT_KEY:0,0x9216a9375a7030ad79e7528e3802e1b79155e038,0,balance,4001017
polygon-zkevm:0x9216a9375a7030ad79e7528e3802e1b79155e038:SMT_KEY:1,0x9216a9375a7030ad79e7528e3802e1b79155e038,1,nonce,4001017
polygon-zkevm:0x9216a9375a7030ad79e7528e3802e1b79155e038:SMT_KEY:2,0x9216a9375a7030ad79e7528e3802e1b79155e038,2,code_hash,4001017
polygon-zkevm:0x9216a9375a7030ad79e7528e3802e1b79155e038:SMT_KEY:4,0x9216a9375a7030ad79e7528e3802e1b79155e038,4,code_hash_length,4001017
polygon-zkevm:0xcf92758401283bb85d9e5cc818bcea5eb86da8ad:SMT_KEY:0,0xcf92758401283bb85d9e5cc818bcea5eb86da8ad,0,balance,4001027
polygon-zkevm:0xcf92758401283bb85d9e5cc818bcea5eb86da8ad:SMT_KEY:1,0xcf92758401283bb85d9e5cc818bcea5eb86da8ad,1,nonce,4001027
polygon-zkevm:0xcf92758401283bb85d9e5cc818bcea5eb86da8ad:SMT_KEY:2,0xcf92758401283bb85d9e5cc818bcea5eb86da8ad,2,code_hash,4001027
polygon-zkevm:0xcf92758401283bb85d9e5cc818bcea5eb86da8ad:SMT_KEY:4,0xcf92758401283bb85d9e5cc818bcea5eb86da8ad,4,code_hash_length,4001027
polygon-zkevm:0x0d661cb4a6363d115d89de8dc8a99f91e5e097ef:SMT_KEY:0,0x0d661cb4a6363d115d89de8dc8a99f91e5e097ef,0,balance,4001037
polygon-zkevm:0x0d661cb4a6363d115d89de8dc8a99f91e5e097ef:SMT_KEY:1,0x0d661cb4a6363d115d89de8dc8a99f91e5e097ef,1,nonce,4001037
polygon-zkevm:0x0d661cb4a6363d115d89de8dc8a99f91e5e097ef:SMT_KEY:2,0x0d661cb4a6363d115d89de8dc8a99f91e5e097ef,2,code_hash,4001037
polygon-zkevm:0x0d661cb4a6363d115d89de8dc8a99f91e5e097ef:SMT_KEY:4,0x0d661cb4a6363d115d89de8dc8a99f91e5e097ef,4,code_hash_length,4001037
polygon-zkevm:0x716bdc2c9f7211b57484a5a3d31acfe35a2015ce:SMT_KEY:0,0x716bdc2c9f7211b57484a5a3d31acfe35a2015ce,0,balance,4001047
polygon-zkevm:0x716bdc2c9f7211b57484a5a3d31acfe35a2015ce:SMT_KEY:1,0x716bdc2c9f7211b57484a5a3d31acfe35a2015ce,1,nonce,4001047
polygon-zkevm:0x716bdc2c9f7211b57484a5a3d31acfe35a2015ce:SMT_KEY:2,0x716bdc2c9f7211b57484a5a3d31acfe35a2015ce,2,code_hash,4001047
polygon-zkevm:0x716bdc2c9f7211b57484a5a3d31acfe35a2015ce:SMT_KEY:4,0x716bdc2c9f7211b57484a5a3d31acfe35a2015ce,4,code_hash_length,4001047
polygon-zkevm:0x554c0d10aa7e5e0c047d4a7f58ab5e764b9cb2c0:SMT_KEY:0,0x554c0d10aa7e5e0c047d4a7f58ab5e764b9cb2c0,0,balance,4001057
polygon-zkevm:0x554c0d10aa7e5e0c047d4a7f58ab5e764b9cb2c0:SMT_KEY:1,0x554c0d10aa7e5e0c047d4a7f58ab5e764b9cb2c0,1,nonce,4001057
polygon-zkevm:0x554c0d10aa7e5e0c047d4a7f58ab5e764b9cb2c0:SMT_KEY:2,0x554c0d10aa7e5e0c047d4a7f58ab5e764b9cb2c0,2,code_hash,4001057
polygon-zkevm:0x554c0d10aa7e5e0c047d4a7f58ab5e764b9cb2c0:SMT_KEY:4,0x554c0d10aa7e5e0c047d4a7f58ab5e764b9cb2c0,4,code_hash_length,4001057
polygon-zkevm:0xa057ea9c9322a523a9f39404fb165e7428931d28:SMT_KEY:0,0xa057ea9c9322a523a9f39404fb165e7428931d28,0,balance,4001067
polygon-zkevm:0xa057ea9c9322a523a9f39404fb165e7428931d28:SMT_KEY:1,0xa057ea9c9322a523a9f39404fb165e7428931d28,1,nonce,4001067
polygon-zkevm:0xa057ea9c9322a523a9f39404fb165e7428931d28:SMT_KEY:2,0xa057ea9c9322a523a9f39404fb165e7428931d28,2,code_hash,4001067
polygon-zkevm:0xa057ea9c9322a523a9f39404fb165e7428931d28:SMT_KEY:4,0xa057ea9c9322a523a9f39404fb165e7428931d28,4,code_hash_length,4001067
polygon-zkevm:0x0743fbc8a18752d281263882162a6616f2edc154:SMT_KEY:0,0x0743fbc8a18752d281263882162a6616f2edc154,0,balance,4001077
polygon-zkevm:0x0743fbc8a18752d281263882162a6616f2edc154:SMT_KEY:1,0x0743fbc8a18752d281263882162a6616f2edc154,1,nonce,4001077
polygon-zkevm:0x0743fbc8a18752d281263882162a6616f2edc154:SMT_KEY:2,0x0743fbc8a18752d281263882162a6616f2edc154,2,code_hash,4001077
polygon-zkevm:0x0743fbc8a18752d281263882162a6616f2edc154:SMT_KEY:4,0x0743fbc8a18752d281263882162a6616f2edc154,4,code_hash_length,4001077
polygon-zkevm:0xee1727f5074e747716637e1776b7f7c7133f16b1:SMT_KEY:0,0xee1727f5074e747716637e1776b7f7c7133f16b1,0,balance,4001077
polygon-zkevm:0xee1727f5074e747716637e1776b7f7c7133f16b1:SMT_KEY:1,0xee1727f5074e747716637e1776b7f7c7133f16b1,1,nonce,4001077
polygon-zkevm:0xee1727f5074e747716637e1776b7f7c7133f16b1:SMT_KEY:2,0xee1727f5074e747716637e1776b7f7c7133f16b1,2,code_hash,4001077
polygon-zkevm:0xee1727f5074e747716637e1776b7f7c7133f16b1:SMT_KEY:4,0xee1727f5074e747716637e1776b7f7c7133f16b1,4,code_hash_length,4001077
polygon-zkevm:0x2a155ace2087896c0a243c2563c5370d79286e38:SMT_KEY:0,0x2a155ace2087896c0a243c2563c5370d79286e38,0,balance,4001087
polygon-zkevm:0x2a155ace2087896c0a243c2563c5370d79286e38:SMT_KEY:1,0x2a155ace2087896c0a243c2563c5370d79286e38,1,nonce,4001087
polygon-zkevm:0x2a155ace2087896c0a243c2563c5370d79286e38:SMT_KEY:2,0x2a155ace2087896c0a243c2563c5370d79286e38,2,code_hash,4001087
polygon-zkevm:0x2a155ace2087896c0a243c2563c5370d79286e38:SMT_KEY:4,0x2a155ace2087896c0a243c2563c5370d79286e38,4,code_hash_length,4001087
polygon-zkevm:0x45a318273749d6eb00f5f6ca3bc7cd3de26d642a:SMT_KEY:0,0x45a318273749d6eb00f5f6ca3bc7cd3de26d642a,0,balance,4001087
polygon-zkevm:0x45a318273749d6eb00f5f6ca3bc7cd3de26d642a:SMT_KEY:1,0x45a318273749d6eb00f5f6ca3bc7cd3de26d642a,1,nonce,4001087
polygon-zkevm:0x45a318273749d6eb00f5f6ca3bc7cd3de26d642a:SMT_KEY:2,0x45a318273749d6eb00f5f6ca3bc7cd3de26d642a,2,code_hash,4001087
polygon-zkevm:0x45a318273749d6eb00f5f6ca3bc7cd3de26d642a:SMT_KEY:4,0x45a318273749d6eb00f5f6ca3bc7cd3de26d642a,4,code_hash_length,4001087
polygon-zkevm:0xdf272918bc7f0d91621f728f3a8e1a3a7fa80e21:SMT_KEY:0,0xdf272918bc7f0d91621f728f3a8e1a3a7fa80e21,0,balance,4001107
polygon-zkevm:0xdf272918bc7f0d91621f728f3a8e1a3a7fa80e21:SMT_KEY:1,0xdf272918bc7f0d91621f728f3a8e1a3a7fa80e21,1,nonce,4001107
polygon-zkevm:0xdf272918bc7f0d91621f728f3a8e1a3a7fa80e21:SMT_KEY:2,0xdf272918bc7f0d91621f728f3a8e1a3a7fa80e21,2,code_hash,4001107
polygon-zkevm:0xdf272918bc7f0d91621f728f3a8e1a3a7fa80e21:SMT_KEY:4,0xdf272918bc7f0d91621f728f3a8e1a3a7fa80e21,4,code_hash_length,4001107
polygon-zkevm:0x661a1df7d788e5bd595e5bbe688f1263dd341952:SMT_KEY:0,0x661a1df7d788e5bd595e5bbe688f1263dd341952,0,balance,4001117
polygon-zkevm:0x661a1df7d788e5bd595e5bbe688f1263dd341952:SMT_KEY:1,0x661a1df7d788e5bd595e5bbe688f1263dd341952,1,nonce,4001117
polygon-zkevm:0x661a1df7d788e5bd595e5bbe688f1263dd341952:SMT_KEY:2,0x661a1df7d788e5bd595e5bbe688f1263dd341952,2,code_hash,4001117
polygon-zkevm:0x661a1df7d788e5bd595e5bbe688f1263dd341952:SMT_KEY:4,0x661a1df7d788e5bd595e5bbe688f1263dd341952,4,code_hash_length,4001117
polygon-zkevm:0x9ba9b7719e0e1359faa06c14ac1be63b73f26081:SMT_KEY:0,0x9ba9b7719e0e1359faa06c14ac1be63b73f26081,0,balance,4001127
polygon-zkevm:0x9ba9b7719e0e1359faa06c14ac1be63b73f26081:SMT_KEY:1,0x9ba9b7719e0e1359faa06c14ac1be63b73f26081,1,nonce,4001127
polygon-zkevm:0x9ba9b7719e0e1359faa06c14ac1be63b73f26081:SMT_KEY:2,0x9ba9b7719e0e1359faa06c14ac1be63b73f26081,2,code_hash,4001127
polygon-zkevm:0x9ba9b7719e0e1359faa06c14ac1be63b73f26081:SMT_KEY:4,0x9ba9b7719e0e1359faa06c14ac1be63b73f26081,4,code_hash_length,4001127
polygon-zkevm:0x7a5ea3fe7c048e37a84eee14fa38d0d4ddb91dea:SMT_KEY:0,0x7a5ea3fe7c048e37a84eee14fa38d0d4ddb91dea,0,balance,4001137
polygon-zkevm:0x7a5ea3fe7c048e37a84eee14fa38d0d4ddb91dea:SMT_KEY:1,0x7a5ea3fe7c048e37a84eee14fa38d0d4ddb91dea,1,nonce,4001137
polygon-zkevm:0x7a5ea3fe7c048e37a84eee14fa38d0d4ddb91dea:SMT_KEY:2,0x7a5ea3fe7c048e37a84eee14fa38d0d4ddb91dea,2,code_hash,4001137
polygon-zkevm:0x7a5ea3fe7c048e37a84eee14fa38d0d4ddb91dea:SMT_KEY:4,0x7a5ea3fe7c048e37a84eee14fa38d0d4ddb91dea,4,code_hash_length,4001137
polygon-zkevm:0xad41c77d99e282267c1492cdefe528d7d5044253:SMT_KEY:0,0xad41c77d99e282267c1492cdefe528d7d5044253,0,balance,4001137
polygon-zkevm:0xad41c77d99e282267c1492cdefe528d7d5044253:SMT_KEY:1,0xad41c77d99e282267c1492cdefe528d7d5044253,1,nonce,4001137
polygon-zkevm:0xad41c77d99e282267c1492cdefe528d7d5044253:SMT_KEY:2,0xad41c77d99e282267c1492cdefe528d7d5044253,2,code_hash,4001137
polygon-zkevm:0xad41c77d99e282267c1492cdefe528d7d5044253:SMT_KEY:4,0xad41c77d99e282267c1492cdefe528d7d5044253,4,code_hash_length,4001137
polygon-zkevm:0x033a876783d4a68db84e357791b531b01191fce2:SMT_KEY:0,0x033a876783d4a68db84e357791b531b01191fce2,0,balance,4001157
polygon-zkevm:0x033a876783d4a68db84e357791b531b01191fce2:SMT_KEY:1,0x033a876783d4a68db84e357791b531b01191fce2,1,nonce,4001157
polygon-zkevm:0x033a876783d4a68db84e357791b531b01191fce2:SMT_KEY:2,0x033a876783d4a68db84e357791b531b01191fce2,2,code_hash,4001157
polygon-zkevm:0x033a876783d4a68db84e357791b531b01191fce2:SMT_KEY:4,0x033a876783d4a68db84e357791b531b01191fce2,4,code_hash_length,4001157
polygon-zkevm:0x94d44d6c63a0b3e7945e421341009ffcc0f5959d:SMT_KEY:0,0x94d44d6c63a0b3e7945e421341009ffcc0f5959d,0,balance,4001167
polygon-zkevm:0x94d44d6c63a0b3e7945e421341009ffcc0f5959d:SMT_KEY:1,0x94d44d6c63a0b3e7945e421341009ffcc0f5959d,1,nonce,4001167
polygon-zkevm:0x94d44d6c63a0b3e7945e421341009ffcc0f5959d:SMT_KEY:2,0x94d44d6c63a0b3e7945e421341009ffcc0f5959d,2,code_hash,4001167
polygon-zkevm:0x94d44d6c63a0b3e7945e421341009ffcc0f5959d:SMT_KEY:4,0x94d44d6c63a0b3e7945e421341009ffcc0f5959d,4,code_hash_length,4001167
polygon-zkevm:0xd8e1e7009802c914b0d39b31fc1759a865b727b1:SMT_KEY:0,0xd8e1e7009802c914b0d39b31fc1759a865b727b1,0,balance,4001167
polygon-zkevm:0xd8e1e7009802c914b0d39b31fc1759a865b727b1:SMT_KEY:1,0xd8e1e7009802c914b0d39b31fc1759a865b727b1,1,nonce,4001167
polygon-zkevm:0xd8e1e7009802c914b0d39b31fc1759a865b727b1:SMT_KEY:2,0xd8e1e7009802c914b0d39b31fc1759a865b727b1,2,code_hash,4001167
polygon-zkevm:0xd8e1e7009802c914b0d39b31fc1759a865b727b1:SMT_KEY:4,0xd8e1e7009802c914b0d39b31fc1759a865b727b1,4,code_hash_length,4001167
polygon-zkevm:0xa94b50b51bf332ce5d19c4d2e7085c57d2db2d53:SMT_KEY:0,0xa94b50b51bf332ce5d19c4d2e7085c57d2db2d53,0,balance,4001187
polygon-zkevm:0xa94b50b51bf332ce5d19c4d2e7085c57d2db2d53:SMT_KEY:1,0xa94b50b51bf332ce5d19c4d2e7085c57d2db2d53,1,nonce,4001187
polygon-zkevm:0xa94b50b51bf332ce5d19c4d2e7085c57d2db2d53:SMT_KEY:2,0xa94b50b51bf332ce5d19c4d2e7085c57d2db2d53,2,code_hash,4001187
polygon-zkevm:0xa94b50b51bf332ce5d19c4d2e7085c57d2db2d53:SMT_KEY:4,0xa94b50b51bf332ce5d19c4d2e7085c57d2db2d53,4,code_hash_length,4001187
polygon-zkevm:0x88753f1987f278454a3b46069608be266f7d39ca:SMT_KEY:0,0x88753f1987f278454a3b46069608be266f7d39ca,0,balance,4001217
polygon-zkevm:0x88753f1987f278454a3b46069608be266f7d39ca:SMT_KEY:1,0x88753f1987f278454a3b46069608be266f7d39ca,1,nonce,4001217
polygon-zkevm:0x88753f1987f278454a3b46069608be266f7d39ca:SMT_KEY:2,0x88753f1987f278454a3b46069608be266f7d39ca,2,code_hash,4001217
polygon-zkevm:0x88753f1987f278454a3b46069608be266f7d39ca:SMT_KEY:4,0x88753f1987f278454a3b46069608be266f7d39ca,4,code_hash_length,4001217
polygon-zkevm:0x70162d6833aa6bd74a3f93f90a27537958a8afa6:SMT_KEY:0,0x70162d6833aa6bd74a3f93f90a27537958a8afa6,0,balance,4001227
polygon-zkevm:0x70162d6833aa6bd74a3f93f90a27537958a8afa6:SMT_KEY:1,0x70162d6833aa6bd74a3f93f90a27537958a8afa6,1,nonce,4001227
polygon-zkevm:0x70162d6833aa6bd74a3f93f90a27537958a8afa6:SMT_KEY:2,0x70162d6833aa6bd74a3f93f90a27537958a8afa6,2,code_hash,4001227
polygon-zkevm:0x70162d6833aa6bd74a3f93f90a27537958a8afa6:SMT_KEY:4,0x70162d6833aa6bd74a3f93f90a27537958a8afa6,4,code_hash_length,4001227
polygon-zkevm:0x4e6a0929c673728941eaafb6ed0284ffbd3d3648:SMT_KEY:0,0x4e6a0929c673728941eaafb6ed0284ffbd3d3648,0,balance,4001237
polygon-zkevm:0x4e6a0929c673728941eaafb6ed0284ffbd3d3648:SMT_KEY:1,0x4e6a0929c673728941eaafb6ed0284ffbd3d3648,1,nonce,4001237
polygon-zkevm:0x4e6a0929c673728941eaafb6ed0284ffbd3d3648:SMT_KEY:2,0x4e6a0929c673728941eaafb6ed0284ffbd3d3648,2,code_hash,4001237
polygon-zkevm:0x4e6a0929c673728941eaafb6ed0284ffbd3d3648:SMT_KEY:4,0x4e6a0929c673728941eaafb6ed0284ffbd3d3648,4,code_hash_length,4001237
polygon-zkevm:0x822538bf9938f9d64243b3ef212c8acf61dc252a:SMT_KEY:0,0x822538bf9938f9d64243b3ef212c8acf61dc252a,0,balance,4001247
polygon-zkevm:0x822538bf9938f9d64243b3ef212c8acf61dc252a:SMT_KEY:1,0x822538bf9938f9d64243b3ef212c8acf61dc252a,1,nonce,4001247
polygon-zkevm:0x822538bf9938f9d64243b3ef212c8acf61dc252a:SMT_KEY:2,0x822538bf9938f9d64243b3ef212c8acf61dc252a,2,code_hash,4001247
polygon-zkevm:0x822538bf9938f9d64243b3ef212c8acf61dc252a:SMT_KEY:4,0x822538bf9938f9d64243b3ef212c8acf61dc252a,4,code_hash_length,4001247
polygon-zkevm:0x0a3c487851e3349deb38d134496aba297b0526c9:SMT_KEY:0,0x0a3c487851e3349deb38d134496aba297b0526c9,0,balance,4001257
polygon-zkevm:0x0a3c487851e3349deb38d134496aba297b0526c9:SMT_KEY:1,0x0a3c487851e3349deb38d134496aba297b0526c9,1,nonce,4001257
polygon-zkevm:0x0a3c487851e3349deb38d134496aba297b0526c9:SMT_KEY:2,0x0a3c487851e3349deb38d134496aba297b0526c9,2,code_hash,4001257
polygon-zkevm:0x0a3c487851e3349deb38d134496aba297b0526c9:SMT_KEY:4,0x0a3c487851e3349deb38d134496aba297b0526c9,4,code_hash_length,4001257
polygon-zkevm:0xad457e5837b48bb9b5e63b99bd2f4fb33022f0c8:SMT_KEY:0,0xad457e5837b48bb9b5e63b99bd2f4fb33022f0c8,0,balance,4001267
polygon-zkevm:0xad457e5837b48bb9b5e63b99bd2f4fb33022f0c8:SMT_KEY:1,0xad457e5837b48bb9b5e63b99bd2f4fb33022f0c8,1,nonce,4001267
polygon-zkevm:0xad457e5837b48bb9b5e63b99bd2f4fb33022f0c8:SMT_KEY:2,0xad457e5837b48bb9b5e63b99bd2f4fb33022f0c8,2,code_hash,4001267
polygon-zkevm:0xad457e5837b48bb9b5e63b99bd2f4fb33022f0c8:SMT_KEY:4,0xad457e5837b48bb9b5e63b99bd2f4fb33022f0c8,4,code_hash_length,4001267
polygon-zkevm:0x7689d3688fec206e5d0b6179dbb6736c072ecb81:SMT_KEY:0,0x7689d3688fec206e5d0b6179dbb6736c072ecb81,0,balance,4001277
polygon-zkevm:0x7689d3688fec206e5d0b6179dbb6736c072ecb81:SMT_KEY:1,0x7689d3688fec206e5d0b6179dbb6736c072ecb81,1,nonce,4001277
polygon-zkevm:0x7689d3688fec206e5d0b6179dbb6736c072ecb81:SMT_KEY:2,0x7689d3688fec206e5d0b6179dbb6736c072ecb81,2,code_hash,4001277
polygon-zkevm:0x7689d3688fec206e5d0b6179dbb6736c072ecb81:SMT_KEY:4,0x7689d3688fec206e5d0b6179dbb6736c072ecb81,4,code_hash_length,4001277
polygon-zkevm:0xfa13e969446fd9f80d5af4ee97bb597be524a8fa:SMT_KEY:0,0xfa13e969446fd9f80d5af4ee97bb597be524a8fa,0,balance,4001307
polygon-zkevm:0xfa13e969446fd9f80d5af4ee97bb597be524a8fa:SMT_KEY:1,0xfa13e969446fd9f80d5af4ee97bb597be524a8fa,1,nonce,4001307
polygon-zkevm:0xfa13e969446fd9f80d5af4ee97bb597be524a8fa:SMT_KEY:2,0xfa13e969446fd9f80d5af4ee97bb597be524a8fa,2,code_hash,4001307
polygon-zkevm:0xfa13e969446fd9f80d5af4ee97bb597be524a8fa:SMT_KEY:4,0xfa13e969446fd9f80d5af4ee97bb597be524a8fa,4,code_hash_length,4001307
polygon-zkevm:0xcd52a0a26820d2f909ba1f2e54a2adf88e852b61:SMT_KEY:0,0xcd52a0a26820d2f909ba1f2e54a2adf88e852b61,0,balance,4001317
polygon-zkevm:0xcd52a0a26820d2f909ba1f2e54a2adf88e852b61:SMT_KEY:1,0xcd52a0a26820d2f909ba1f2e54a2adf88e852b61,1,nonce,4001317
polygon-zkevm:0xcd52a0a26820d2f909ba1f2e54a2adf88e852b61:SMT_KEY:2,0xcd52a0a26820d2f909ba1f2e54a2adf88e852b61,2,code_hash,4001317
polygon-zkevm:0xcd52a0a26820d2f909ba1f2e54a2adf88e852b61:SMT_KEY:4,0xcd52a0a26820d2f909ba1f2e54a2adf88e852b61,4,code_hash_length,4001317
polygon-zkevm:0x9cb6b0a109ad9b1f029107f40737f6ceb64d356b:SMT_KEY:0,0x9cb6b0a109ad9b1f029107f40737f6ceb64d356b,0,balance,4001327
polygon-zkevm:0x9cb6b0a109ad9b1f029107f40737f6ceb64d356b:SMT_KEY:1,0x9cb6b0a109ad9b1f029107f40737f6ceb64d356b,1,nonce,4001327
polygon-zkevm:0x9cb6b0a109ad9b1f029107f40737f6ceb64d356b:SMT_KEY:2,0x9cb6b0a109ad9b1f029107f40737f6ceb64d356b,2,code_hash,4001327
polygon-zkevm:0x9cb6b0a109ad9b1f029107f40737f6ceb64d356b:SMT_KEY:4,0x9cb6b0a109ad9b1f029107f40737f6ceb64d356b,4,code_hash_length,4001327
polygon-zkevm:0x3335733c454805df6a77f825f266e136fb4a3333:SMT_KEY:0,0x3335733c454805df6a77f825f266e136fb4a3333,0,balance,4001337
polygon-zkevm:0x3335733c454805df6a77f825f266e136fb4a3333:SMT_KEY:1,0x3335733c454805df6a77f825f266e136fb4a3333,1,nonce,4001337
polygon-zkevm:0x3335733c454805df6a77f825f266e136fb4a3333:SMT_KEY:2,0x3335733c454805df6a77f825f266e136fb4a3333,2,code_hash,4001337
polygon-zkevm:0x3335733c454805df6a77f825f266e136fb4a3333:SMT_KEY:4,0x3335733c454805df6a77f825f266e136fb4a3333,4,code_hash_length,4001337
polygon-zkevm:0xa4d332c853b8da32d84c9fe49d026baccbd0947a:SMT_KEY:0,0xa4d332c853b8da32d84c9fe49d026baccbd0947a,0,balance,4001337
polygon-zkevm:0xa4d332c853b8da32d84c9fe49d026baccbd0947a:SMT_KEY:1,0xa4d332c853b8da32d84c9fe49d026baccbd0947a,1,nonce,4001337
polygon-zkevm:0xa4d332c853b8da32d84c9fe49d026baccbd0947a:SMT_KEY:2,0xa4d332c853b8da32d84c9fe49d026baccbd0947a,2,code_hash,4001337
polygon-zkevm:0xa4d332c853b8da32d84c9fe49d026baccbd0947a:SMT_KEY:4,0xa4d332c853b8da32d84c9fe49d026baccbd0947a,4,code_hash_length,4001337
polygon-zkevm:0x74fb8ece54a5e07f17567ea419f53e5946895a65:SMT_KEY:0,0x74fb8ece54a5e07f17567ea419f53e5946895a65,0,balance,4001357
polygon-zkevm:0x74fb8ece54a5e07f17567ea419f53e5946895a65:SMT_KEY:1,0x74fb8ece54a5e07f17567ea419f53e5946895a65,1,nonce,4001357
polygon-zkevm:0x74fb8ece54a5e07f17567ea419f53e5946895a65:SMT_KEY:2,0x74fb8ece54a5e07f17567ea419f53e5946895a65,2,code_hash,4001357
polygon-zkevm:0x74fb8ece54a5e07f17567ea419f53e5946895a65:SMT_KEY:4,0x74fb8ece54a5e07f17567ea419f53e5946895a65,4,code_hash_length,4001357
polygon-zkevm:0x65857ad9bedfe378259652272f400fef3b919afe:SMT_KEY:0,0x65857ad9bedfe378259652272f400fef3b919afe,0,balance,4001367
polygon-zkevm:0x65857ad9bedfe378259652272f400fef3b919afe:SMT_KEY:1,0x65857ad9bedfe378259652272f400fef3b919afe,1,nonce,4001367
polygon-zkevm:0x65857ad9bedfe378259652272f400fef3b919afe:SMT_KEY:2,0x65857ad9bedfe378259652272f400fef3b919afe,2,code_hash,4001367
polygon-zkevm:0x65857ad9bedfe378259652272f400fef3b919afe:SMT_KEY:4,0x65857ad9bedfe378259652272f400fef3b919afe,4,code_hash_length,4001367
polygon-zkevm:0x6ea32f626e3a5c41547235ebbdf861526e11f482:SMT_KEY:0,0x6ea32f626e3a5c41547235ebbdf861526e11f482,0,balance,4001367
polygon-zkevm:0x6ea32f626e3a5c41547235ebbdf861526e11f482:SMT_KEY:1,0x6ea32f626e3a5c41547235ebbdf861526e11f482,1,nonce,4001367
polygon-zkevm:0x6ea32f626e3a5c41547235ebbdf861526e11f482:SMT_KEY:2,0x6ea32f626e3a5c41547235ebbdf861526e11f482,2,code_hash,4001367
polygon-zkevm:0x6ea32f626e3a5c41547235ebbdf861526e11f482:SMT_KEY:4,0x6ea32f626e3a5c41547235ebbdf861526e11f482,4,code_hash_length,4001367
polygon-zkevm:0x1157672c913f7148007b01444dae49169c64c3da:SMT_KEY:0,0x1157672c913f7148007b01444dae49169c64c3da,0,balance,4001377
polygon-zkevm:0x1157672c913f7148007b01444dae49169c64c3da:SMT_KEY:1,0x1157672c913f7148007b01444dae49169c64c3da,1,nonce,4001377
polygon-zkevm:0x1157672c913f7148007b01444dae49169c64c3da:SMT_KEY:2,0x1157672c913f7148007b01444dae49169c64c3da,2,code_hash,4001377
polygon-zkevm:0x1157672c913f7148007b01444dae49169c64c3da:SMT_KEY:4,0x1157672c913f7148007b01444dae49169c64c3da,4,code_hash_length,4001377
polygon-zkevm:0xedc3c920e6a9c0b2e35a4f8eadc6f852aaa5887f:SMT_KEY:0,0xedc3c920e6a9c0b2e35a4f8eadc6f852aaa5887f,0,balance,4001387
polygon-zkevm:0xedc3c920e6a9c0b2e35a4f8eadc6f852aaa5887f:SMT_KEY:1,0xedc3c920e6a9c0b2e35a4f8eadc6f852aaa5887f,1,nonce,4001387
polygon-zkevm:0xedc3c920e6a9c0b2e35a4f8eadc6f852aaa5887f:SMT_KEY:2,0xedc3c920e6a9c0b2e35a4f8eadc6f852aaa5887f,2,code_hash,4001387
polygon-zkevm:0xedc3c920e6a9c0b2e35a4f8eadc6f852aaa5887f:SMT_KEY:4,0xedc3c920e6a9c0b2e35a4f8eadc6f852aaa5887f,4,code_hash_length,4001387
polygon-zkevm:0x08616539875f5bb1157d062249d96474ab737ffe:SMT_KEY:0,0x08616539875f5bb1157d062249d96474ab737ffe,0,balance,4001397
polygon-zkevm:0x08616539875f5bb1157d062249d96474ab737ffe:SMT_KEY:1,0x08616539875f5bb1157d062249d96474ab737ffe,1,nonce,4001397
polygon-zkevm:0x08616539875f5bb1157d062249d96474ab737ffe:SMT_KEY:2,0x08616539875f5bb1157d062249d96474ab737ffe,2,code_hash,4001397
polygon-zkevm:0x08616539875f5bb1157d062249d96474ab737ffe:SMT_KEY:4,0x08616539875f5bb1157d062249d96474ab737ffe,4,code_hash_length,4001397
polygon-zkevm:0x05e27008ae985352a5b75050103eb28eff4b13b8:SMT_KEY:0,0x05e27008ae985352a5b75050103eb28eff4b13b8,0,balance,4001407
polygon-zkevm:0x05e27008ae985352a5b75050103eb28eff4b13b8:SMT_KEY:1,0x05e27008ae985352a5b75050103eb28eff4b13b8,1,nonce,4001407
polygon-zkevm:0x05e27008ae985352a5b75050103eb28eff4b13b8:SMT_KEY:2,0x05e27008ae985352a5b75050103eb28eff4b13b8,2,code_hash,4001407
polygon-zkevm:0x05e27008ae985352a5b75050103eb28eff4b13b8:SMT_KEY:4,0x05e27008ae985352a5b75050103eb28eff4b13b8,4,code_hash_length,4001407
polygon-zkevm:0x7b2e3fc7510d1a51b3bef735f985446589219354:SMT_KEY:0,0x7b2e3fc7510d1a51b3bef735f985446589219354,0,balance,4001417
polygon-zkevm:0x7b2e3fc7510d1a51b3bef735f985446589219354:SMT_KEY:1,0x7b2e3fc7510d1a51b3bef735f985446589219354,1,nonce,4001417
polygon-zkevm:0x7b2e3fc7510d1a51b3bef735f985446589219354:SMT_KEY:2,0x7b2e3fc7510d1a51b3bef735f985446589219354,2,code_hash,4001417
polygon-zkevm:0x7b2e3fc7510d1a51b3bef735f985446589219354:SMT_KEY:4,0x7b2e3fc7510d1a51b3bef735f985446589219354,4,code_hash_length,4001417
polygon-zkevm:0x9f55e2359d571b5a7915dba532e1338585adaed1:SMT_KEY:0,0x9f55e2359d571b5a7915dba532e1338585adaed1,0,balance,4001417
polygon-zkevm:0x9f55e2359d571b5a7915dba532e1338585adaed1:SMT_KEY:1,0x9f55e2359d571b5a7915dba532e1338585adaed1,1,nonce,4001417
polygon-zkevm:0x9f55e2359d571b5a7915dba532e1338585adaed1:SMT_KEY:2,0x9f55e2359d571b5a7915dba532e1338585adaed1,2,code_hash,4001417
polygon-zkevm:0x9f55e2359d571b5a7915dba532e1338585adaed1:SMT_KEY:4,0x9f55e2359d571b5a7915dba532e1338585adaed1,4,code_hash_length,4001417
polygon-zkevm:0x21fa169002ac48b21f9ad5992c92d9401340ac37:SMT_KEY:0,0x21fa169002ac48b21f9ad5992c92d9401340ac37,0,balance,4001427
polygon-zkevm:0x21fa169002ac48b21f9ad5992c92d9401340ac37:SMT_KEY:1,0x21fa169002ac48b21f9ad5992c92d9401340ac37,1,nonce,4001427
polygon-zkevm:0x21fa169002ac48b21f9ad5992c92d9401340ac37:SMT_KEY:2,0x21fa169002ac48b21f9ad5992c92d9401340ac37,2,code_hash,4001427
polygon-zkevm:0x21fa169002ac48b21f9ad5992c92d9401340ac37:SMT_KEY:4,0x21fa169002ac48b21f9ad5992c92d9401340ac37,4,code_hash_length,4001427
polygon-zkevm:0x8937c8f5702aed8248b7b82c0f7a908a1b945010:SMT_KEY:0,0x8937c8f5702aed8248b7b82c0f7a908a1b945010,0,balance,4001437
polygon-zkevm:0x8937c8f5702aed8248b7b82c0f7a908a1b945010:SMT_KEY:1,0x8937c8f5702aed8248b7b82c0f7a908a1b945010,1,nonce,4001437
polygon-zkevm:0x8937c8f5702aed8248b7b82c0f7a908a1b945010:SMT_KEY:2,0x8937c8f5702aed8248b7b82c0f7a908a1b945010,2,code_hash,4001437
polygon-zkevm:0x8937c8f5702aed8248b7b82c0f7a908a1b945010:SMT_KEY:4,0x8937c8f5702aed8248b7b82c0f7a908a1b945010,4,code_hash_length,4001437
polygon-zkevm:0x112b30489e8c97956588f650982bedd924fbead5:SMT_KEY:0,0x112b30489e8c97956588f650982bedd924fbead5,0,balance,4001457
polygon-zkevm:0x112b30489e8c97956588f650982bedd924fbead5:SMT_KEY:1,0x112b30489e8c97956588f650982bedd924fbead5,1,nonce,4001457
polygon-zkevm:0x112b30489e8c97956588f650982bedd924fbead5:SMT_KEY:2,0x112b30489e8c97956588f650982bedd924fbead5,2,code_hash,4001457
polygon-zkevm:0x112b30489e8c97956588f650982bedd924fbead5:SMT_KEY:4,0x112b30489e8c97956588f650982bedd924fbead5,4,code_hash_length,4001457
polygon-zkevm:0xb9845dd1b8cf1f6e0e916cf3138362ddad594b00:SMT_KEY:0,0xb9845dd1b8cf1f6e0e916cf3138362ddad594b00,0,balance,4001467
polygon-zkevm:0xb9845dd1b8cf1f6e0e916cf3138362ddad594b00:SMT_KEY:1,0xb9845dd1b8cf1f6e0e916cf3138362ddad594b00,1,nonce,4001467
polygon-zkevm:0xb9845dd1b8cf1f6e0e916cf3138362ddad594b00:SMT_KEY:2,0xb9845dd1b8cf1f6e0e916cf3138362ddad594b00,2,code_hash,4001467
polygon-zkevm:0xb9845dd1b8cf1f6e0e916cf3138362ddad594b00:SMT_KEY:4,0xb9845dd1b8cf1f6e0e916cf3138362ddad594b00,4,code_hash_length,4001467
polygon-zkevm:0x33de46b0876ac828f47723afe28a2c57e86e5957:SMT_KEY:0,0x33de46b0876ac828f47723afe28a2c57e86e5957,0,balance,4001477
polygon-zkevm:0x33de46b0876ac828f47723afe28a2c57e86e5957:SMT_KEY:1,0x33de46b0876ac828f47723afe28a2c57e86e5957,1,nonce,4001477
polygon-zkevm:0x33de46b0876ac828f47723afe28a2c57e86e5957:SMT_KEY:2,0x33de46b0876ac828f47723afe28a2c57e86e5957,2,code_hash,4001477
polygon-zkevm:0x33de46b0876ac828f47723afe28a2c57e86e5957:SMT_KEY:4,0x33de46b0876ac828f47723afe28a2c57e86e5957,4,code_hash_length,4001477
polygon-zkevm:0x39bfad8eae9f567144a1fc8443ba7e8542376a09:SMT_KEY:0,0x39bfad8eae9f567144a1fc8443ba7e8542376a09,0,balance,7998487
polygon-zkevm:0x39bfad8eae9f567144a1fc8443ba7e8542376a09:SMT_KEY:1,0x39bfad8eae9f567144a1fc8443ba7e8542376a09,1,nonce,7998487
polygon-zkevm:0x39bfad8eae9f567144a1fc8443ba7e8542376a09:SMT_KEY:2,0x39bfad8eae9f567144a1fc8443ba7e8542376a09,2,code_hash,7998487
polygon-zkevm:0x39bfad8eae9f567144a1fc8443ba7e8542376a09:SMT_KEY:4,0x39bfad8eae9f567144a1fc8443ba7e8542376a09,4,code_hash_length,7998487
polygon-zkevm:0xc0a17eee6c31af84dde61c29e5bb0b97f7ab70f8:SMT_KEY:0,0xc0a17eee6c31af84dde61c29e5bb0b97f7ab70f8,0,balance,7998497
polygon-zkevm:0xc0a17eee6c31af84dde61c29e5bb0b97f7ab70f8:SMT_KEY:1,0xc0a17eee6c31af84dde61c29e5bb0b97f7ab70f8,1,nonce,7998497
polygon-zkevm:0xc0a17eee6c31af84dde61c29e5bb0b97f7ab70f8:SMT_KEY:2,0xc0a17eee6c31af84dde61c29e5bb0b97f7ab70f8,2,code_hash,7998497
polygon-zkevm:0xc0a17eee6c31af84dde61c29e5bb0b97f7ab70f8:SMT_KEY:4,0xc0a17eee6c31af84dde61c29e5bb0b97f7ab70f8,4,code_hash_length,7998497
polygon-zkevm:0x19456f45c1e313d13b27a2e197fa4be1ae222482:SMT_KEY:0,0x19456f45c1e313d13b27a2e197fa4be1ae222482,0,balance,7998507
polygon-zkevm:0x19456f45c1e313d13b27a2e197fa4be1ae222482:SMT_KEY:1,0x19456f45c1e313d13b27a2e197fa4be1ae222482,1,nonce,7998507
polygon-zkevm:0x19456f45c1e313d13b27a2e197fa4be1ae222482:SMT_KEY:2,0x19456f45c1e313d13b27a2e197fa4be1ae222482,2,code_hash,7998507
polygon-zkevm:0x19456f45c1e313d13b27a2e197fa4be1ae222482:SMT_KEY:4,0x19456f45c1e313d13b27a2e197fa4be1ae222482,4,code_hash_length,7998507
polygon-zkevm:0x1a7b46c660603ebb5fbe3ae51e80ad21df00bdd1:SMT_KEY:0,0x1a7b46c660603ebb5fbe3ae51e80ad21df00bdd1,0,balance,7998507
polygon-zkevm:0x1a7b46c660603ebb5fbe3ae51e80ad21df00bdd1:SMT_KEY:1,0x1a7b46c660603ebb5fbe3ae51e80ad21df00bdd1,1,nonce,7998507
polygon-zkevm:0x1a7b46c660603ebb5fbe3ae51e80ad21df00bdd1:SMT_KEY:2,0x1a7b46c660603ebb5fbe3ae51e80ad21df00bdd1,2,code_hash,7998507
polygon-zkevm:0x1a7b46c660603ebb5fbe3ae51e80ad21df00bdd1:SMT_KEY:4,0x1a7b46c660603ebb5fbe3ae51e80ad21df00bdd1,4,code_hash_length,7998507
polygon-zkevm:0x0aef37ccd887c1f5f5fe672cdace4d114bf11465:SMT_KEY:0,0x0aef37ccd887c1f5f5fe672cdace4d114bf11465,0,balance,7998517
polygon-zkevm:0x0aef37ccd887c1f5f5fe672cdace4d114bf11465:SMT_KEY:1,0x0aef37ccd887c1f5f5fe672cdace4d114bf11465,1,nonce,7998517
polygon-zkevm:0x0aef37ccd887c1f5f5fe672cdace4d114bf11465:SMT_KEY:2,0x0aef37ccd887c1f5f5fe672cdace4d114bf11465,2,code_hash,7998517
polygon-zkevm:0x0aef37ccd887c1f5f5fe672cdace4d114bf11465:SMT_KEY:4,0x0aef37ccd887c1f5f5fe672cdace4d114bf11465,4,code_hash_length,7998517
polygon-zkevm:0x417a7ba2d8d0060ae6c54fd098590db854b9c1d5:SMT_KEY:0,0x417a7ba2d8d0060ae6c54fd098590db854b9c1d5,0,balance,7998527
polygon-zkevm:0x417a7ba2d8d0060ae6c54fd098590db854b9c1d5:SMT_KEY:1,0x417a7ba2d8d0060ae6c54fd098590db854b9c1d5,1,nonce,7998527
polygon-zkevm:0x417a7ba2d8d0060ae6c54fd098590db854b9c1d5:SMT_KEY:2,0x417a7ba2d8d0060ae6c54fd098590db854b9c1d5,2,code_hash,7998527
polygon-zkevm:0x417a7ba2d8d0060ae6c54fd098590db854b9c1d5:SMT_KEY:4,0x417a7ba2d8d0060ae6c54fd098590db854b9c1d5,4,code_hash_length,7998527
polygon-zkevm:0x9af3049dd15616fd627a35563b5282bea5c32e20:SMT_KEY:0,0x9af3049dd15616fd627a35563b5282bea5c32e20,0,balance,7998527
polygon-zkevm:0x9af3049dd15616fd627a35563b5282bea5c32e20:SMT_KEY:1,0x9af3049dd15616fd627a35563b5282bea5c32e20,1,nonce,7998527
polygon-zkevm:0x9af3049dd15616fd627a35563b5282bea5c32e20:SMT_KEY:2,0x9af3049dd15616fd627a35563b5282bea5c32e20,2,code_hash,7998527
polygon-zkevm:0x9af3049dd15616fd627a35563b5282bea5c32e20:SMT_KEY:4,0x9af3049dd15616fd627a35563b5282bea5c32e20,4,code_hash_length,7998527
polygon-zkevm:0xada6e69781399990d42becb1a9427955ffa73bdc:SMT_KEY:0,0xada6e69781399990d42becb1a9427955ffa73bdc,0,balance,7998537
polygon-zkevm:0xada6e69781399990d42becb1a9427955ffa73bdc:SMT_KEY:1,0xada6e69781399990d42becb1a9427955ffa73bdc,1,nonce,7998537
polygon-zkevm:0xada6e69781399990d42becb1a9427955ffa73bdc:SMT_KEY:2,0xada6e69781399990d42becb1a9427955ffa73bdc,2,code_hash,7998537
polygon-zkevm:0xada6e69781399990d42becb1a9427955ffa73bdc:SMT_KEY:4,0xada6e69781399990d42becb1a9427955ffa73bdc,4,code_hash_length,7998537
polygon-zkevm:0xd750229a866224fa97400a31c512aa555f70dba5:SMT_KEY:0,0xd750229a866224fa97400a31c512aa555f70dba5,0,balance,7998537
polygon-zkevm:0xd750229a866224fa97400a31c512aa555f70dba5:SMT_KEY:1,0xd750229a866224fa97400a31c512aa555f70dba5,1,nonce,7998537
polygon-zkevm:0xd750229a866224fa97400a31c512aa555f70dba5:SMT_KEY:2,0xd750229a866224fa97400a31c512aa555f70dba5,2,code_hash,7998537
polygon-zkevm:0xd750229a866224fa97400a31c512aa555f70dba5:SMT_KEY:4,0xd750229a866224fa97400a31c512aa555f70dba5,4,code_hash_length,7998537
polygon-zkevm:0x88a913bf543c7d1763d6fef716e351ca054fb927:SMT_KEY:0,0x88a913bf543c7d1763d6fef716e351ca054fb927,0,balance,7998547
polygon-zkevm:0x88a913bf543c7d1763d6fef716e351ca054fb927:SMT_KEY:1,0x88a913bf543c7d1763d6fef716e351ca054fb927,1,nonce,7998547
polygon-zkevm:0x88a913bf543c7d1763d6fef716e351ca054fb927:SMT_KEY:2,0x88a913bf543c7d1763d6fef716e351ca054fb927,2,code_hash,7998547
polygon-zkevm:0x88a913bf543c7d1763d6fef716e351ca054fb927:SMT_KEY:4,0x88a913bf543c7d1763d6fef716e351ca054fb927,4,code_hash_length,7998547
polygon-zkevm:0xedaa0f5bf2459186a0e7df467bb4d9a598004920:SMT_KEY:0,0xedaa0f5bf2459186a0e7df467bb4d9a598004920,0,balance,7998547
polygon-zkevm:0xedaa0f5bf2459186a0e7df467bb4d9a598004920:SMT_KEY:1,0xedaa0f5bf2459186a0e7df467bb4d9a598004920,1,nonce,7998547
polygon-zkevm:0xedaa0f5bf2459186a0e7df467bb4d9a598004920:SMT_KEY:2,0xedaa0f5bf2459186a0e7df467bb4d9a598004920,2,code_hash,7998547
polygon-zkevm:0xedaa0f5bf2459186a0e7df467bb4d9a598004920:SMT_KEY:4,0xedaa0f5bf2459186a0e7df467bb4d9a598004920,4,code_hash_length,7998547
polygon-zkevm:0x4a47b028683c20bd2f50bc0ddbdd1d7ab94c23aa:SMT_KEY:0,0x4a47b028683c20bd2f50bc0ddbdd1d7ab94c23aa,0,balance,7998557
polygon-zkevm:0x4a47b028683c20bd2f50bc0ddbdd1d7ab94c23aa:SMT_KEY:1,0x4a47b028683c20bd2f50bc0ddbdd1d7ab94c23aa,1,nonce,7998557
polygon-zkevm:0x4a47b028683c20bd2f50bc0ddbdd1d7ab94c23aa:SMT_KEY:2,0x4a47b028683c20bd2f50bc0ddbdd1d7ab94c23aa,2,code_hash,7998557
polygon-zkevm:0x4a47b028683c20bd2f50bc0ddbdd1d7ab94c23aa:SMT_KEY:4,0x4a47b028683c20bd2f50bc0ddbdd1d7ab94c23aa,4,code_hash_length,7998557
polygon-zkevm:0xb83b554730d29ce4cb55bb42206c3e2c03e4a40a:SMT_KEY:0,0xb83b554730d29ce4cb55bb42206c3e2c03e4a40a,0,balance,7998557
polygon-zkevm:0xb83b554730d29ce4cb55bb42206c3e2c03e4a40a:SMT_KEY:1,0xb83b554730d29ce4cb55bb42206c3e2c03e4a40a,1,nonce,7998557
polygon-zkevm:0xb83b554730d29ce4cb55bb42206c3e2c03e4a40a:SMT_KEY:2,0xb83b554730d29ce4cb55bb42206c3e2c03e4a40a,2,code_hash,7998557
polygon-zkevm:0xb83b554730d29ce4cb55bb42206c3e2c03e4a40a:SMT_KEY:4,0xb83b554730d29ce4cb55bb42206c3e2c03e4a40a,4,code_hash_length,7998557
polygon-zkevm:0xe352b3faa350e1283f51d63d0a44af040b16a7b2:SMT_KEY:0,0xe352b3faa350e1283f51d63d0a44af040b16a7b2,0,balance,7998567
polygon-zkevm:0xe352b3faa350e1283f51d63d0a44af040b16a7b2:SMT_KEY:1,0xe352b3faa350e1283f51d63d0a44af040b16a7b2,1,nonce,7998567
polygon-zkevm:0xe352b3faa350e1283f51d63d0a44af040b16a7b2:SMT_KEY:2,0xe352b3faa350e1283f51d63d0a44af040b16a7b2,2,code_hash,7998567
polygon-zkevm:0xe352b3faa350e1283f51d63d0a44af040b16a7b2:SMT_KEY:4,0xe352b3faa350e1283f51d63d0a44af040b16a7b2,4,code_hash_length,7998567
polygon-zkevm:0xc14521db4a853622ca4853390fbd3098d81b606c:SMT_KEY:0,0xc14521db4a853622ca4853390fbd3098d81b606c,0,balance,7998577
polygon-zkevm:0xc14521db4a853622ca4853390fbd3098d81b606c:SMT_KEY:1,0xc14521db4a853622ca4853390fbd3098d81b606c,1,nonce,7998577
polygon-zkevm:0xc14521db4a853622ca4853390fbd3098d81b606c:SMT_KEY:2,0xc14521db4a853622ca4853390fbd3098d81b606c,2,code_hash,7998577
polygon-zkevm:0xc14521db4a853622ca4853390fbd3098d81b606c:SMT_KEY:4,0xc14521db4a853622ca4853390fbd3098d81b606c,4,code_hash_length,7998577
polygon-zkevm:0x487295618a9072093e63f03e7c26c17be7eb4693:SMT_KEY:0,0x487295618a9072093e63f03e7c26c17be7eb4693,0,balance,7998587
polygon-zkevm:0x487295618a9072093e63f03e7c26c17be7eb4693:SMT_KEY:1,0x487295618a9072093e63f03e7c26c17be7eb4693,1,nonce,7998587
polygon-zkevm:0x487295618a9072093e63f03e7c26c17be7eb4693:SMT_KEY:2,0x487295618a9072093e63f03e7c26c17be7eb4693,2,code_hash,7998587
polygon-zkevm:0x487295618a9072093e63f03e7c26c17be7eb4693:SMT_KEY:4,0x487295618a9072093e63f03e7c26c17be7eb4693,4,code_hash_length,7998587
polygon-zkevm:0xcddc97984e5243707d2cad169a10269633fbd156:SMT_KEY:0,0xcddc97984e5243707d2cad169a10269633fbd156,0,balance,7998597
polygon-zkevm:0xcddc97984e5243707d2cad169a10269633fbd156:SMT_KEY:1,0xcddc97984e5243707d2cad169a10269633fbd156,1,nonce,7998597
polygon-zkevm:0xcddc97984e5243707d2cad169a10269633fbd156:SMT_KEY:2,0xcddc97984e5243707d2cad169a10269633fbd156,2,code_hash,7998597
polygon-zkevm:0xcddc97984e5243707d2cad169a10269633fbd156:SMT_KEY:4,0xcddc97984e5243707d2cad169a10269633fbd156,4,code_hash_length,7998597
polygon-zkevm:0xcfd1272b654842e844e1c401d2dcb36ef32c7dbd:SMT_KEY:0,0xcfd1272b654842e844e1c401d2dcb36ef32c7dbd,0,balance,7998607
polygon-zkevm:0xcfd1272b654842e844e1c401d2dcb36ef32c7dbd:SMT_KEY:1,0xcfd1272b654842e844e1c401d2dcb36ef32c7dbd,1,nonce,7998607
polygon-zkevm:0xcfd1272b654842e844e1c401d2dcb36ef32c7dbd:SMT_KEY:2,0xcfd1272b654842e844e1c401d2dcb36ef32c7dbd,2,code_hash,7998607
polygon-zkevm:0xcfd1272b654842e844e1c401d2dcb36ef32c7dbd:SMT_KEY:4,0xcfd1272b654842e844e1c401d2dcb36ef32c7dbd,4,code_hash_length,7998607
polygon-zkevm:0x56e9ccfad783e020756e599b6ccb8cf36208751b:SMT_KEY:0,0x56e9ccfad783e020756e599b6ccb8cf36208751b,0,balance,7998627
polygon-zkevm:0x56e9ccfad783e020756e599b6ccb8cf36208751b:SMT_KEY:1,0x56e9ccfad783e020756e599b6ccb8cf36208751b,1,nonce,7998627
polygon-zkevm:0x56e9ccfad783e020756e599b6ccb8cf36208751b:SMT_KEY:2,0x56e9ccfad783e020756e599b6ccb8cf36208751b,2,code_hash,7998627
polygon-zkevm:0x56e9ccfad783e020756e599b6ccb8cf36208751b:SMT_KEY:4,0x56e9ccfad783e020756e599b6ccb8cf36208751b,4,code_hash_length,7998627
polygon-zkevm:0x8fec11a0d755d9312be6424bf6750c7266cf52a0:SMT_KEY:0,0x8fec11a0d755d9312be6424bf6750c7266cf52a0,0,balance,7998647
polygon-zkevm:0x8fec11a0d755d9312be6424bf6750c7266cf52a0:SMT_KEY:1,0x8fec11a0d755d9312be6424bf6750c7266cf52a0,1,nonce,7998647
polygon-zkevm:0x8fec11a0d755d9312be6424bf6750c7266cf52a0:SMT_KEY:2,0x8fec11a0d755d9312be6424bf6750c7266cf52a0,2,code_hash,7998647
polygon-zkevm:0x8fec11a0d755d9312be6424bf6750c7266cf52a0:SMT_KEY:4,0x8fec11a0d755d9312be6424bf6750c7266cf52a0,4,code_hash_length,7998647
polygon-zkevm:0xac92957e61637b6fc186c7fa9037873a2904c0c1:SMT_KEY:0,0xac92957e61637b6fc186c7fa9037873a2904c0c1,0,balance,7998657
polygon-zkevm:0xac92957e61637b6fc186c7fa9037873a2904c0c1:SMT_KEY:1,0xac92957e61637b6fc186c7fa9037873a2904c0c1,1,nonce,7998657
polygon-zkevm:0xac92957e61637b6fc186c7fa9037873a2904c0c1:SMT_KEY:2,0xac92957e61637b6fc186c7fa9037873a2904c0c1,2,code_hash,7998657
polygon-zkevm:0xac92957e61637b6fc186c7fa9037873a2904c0c1:SMT_KEY:4,0xac92957e61637b6fc186c7fa9037873a2904c0c1,4,code_hash_length,7998657
polygon-zkevm:0x3b53e460644516e4501a8756e30b84ab0ddd0853:SMT_KEY:0,0x3b53e460644516e4501a8756e30b84ab0ddd0853,0,balance,7998667
polygon-zkevm:0x3b53e460644516e4501a8756e30b84ab0ddd0853:SMT_KEY:1,0x3b53e460644516e4501a8756e30b84ab0ddd0853,1,nonce,7998667
polygon-zkevm:0x3b53e460644516e4501a8756e30b84ab0ddd0853:SMT_KEY:2,0x3b53e460644516e4501a8756e30b84ab0ddd0853,2,code_hash,7998667
polygon-zkevm:0x3b53e460644516e4501a8756e30b84ab0ddd0853:SMT_KEY:4,0x3b53e460644516e4501a8756e30b84ab0ddd0853,4,code_hash_length,7998667
polygon-zkevm:0x1f86ff2792a7fd9f7a0d80a11f500655fc769403:SMT_KEY:0,0x1f86ff2792a7fd9f7a0d80a11f500655fc769403,0,balance,7998677
polygon-zkevm:0x1f86ff2792a7fd9f7a0d80a11f500655fc769403:SMT_KEY:1,0x1f86ff2792a7fd9f7a0d80a11f500655fc769403,1,nonce,7998677
polygon-zkevm:0x1f86ff2792a7fd9f7a0d80a11f500655fc769403:SMT_KEY:2,0x1f86ff2792a7fd9f7a0d80a11f500655fc769403,2,code_hash,7998677
polygon-zkevm:0x1f86ff2792a7fd9f7a0d80a11f500655fc769403:SMT_KEY:4,0x1f86ff2792a7fd9f7a0d80a11f500655fc769403,4,code_hash_length,7998677
polygon-zkevm:0xdc1540a9c1e113f2ab1270f9bbf1337670b28f8c:SMT_KEY:0,0xdc1540a9c1e113f2ab1270f9bbf1337670b28f8c,0,balance,7998687
polygon-zkevm:0xdc1540a9c1e113f2ab1270f9bbf1337670b28f8c:SMT_KEY:1,0xdc1540a9c1e113f2ab1270f9bbf1337670b28f8c,1,nonce,7998687
polygon-zkevm:0xdc1540a9c1e113f2ab1270f9bbf1337670b28f8c:SMT_KEY:2,0xdc1540a9c1e113f2ab1270f9bbf1337670b28f8c,2,code_hash,7998687
polygon-zkevm:0xdc1540a9c1e113f2ab1270f9bbf1337670b28f8c:SMT_KEY:4,0xdc1540a9c1e113f2ab1270f9bbf1337670b28f8c,4,code_hash_length,7998687
polygon-zkevm:0x9a21b978dfcbd2fee2113918e43bc5c1ea6e3ad7:SMT_KEY:0,0x9a21b978dfcbd2fee2113918e43bc5c1ea6e3ad7,0,balance,7998697
polygon-zkevm:0x9a21b978dfcbd2fee2113918e43bc5c1ea6e3ad7:SMT_KEY:1,0x9a21b978dfcbd2fee2113918e43bc5c1ea6e3ad7,1,nonce,7998697
polygon-zkevm:0x9a21b978dfcbd2fee2113918e43bc5c1ea6e3ad7:SMT_KEY:2,0x9a21b978dfcbd2fee2113918e43bc5c1ea6e3ad7,2,code_hash,7998697
polygon-zkevm:0x9a21b978dfcbd2fee2113918e43bc5c1ea6e3ad7:SMT_KEY:4,0x9a21b978dfcbd2fee2113918e43bc5c1ea6e3ad7,4,code_hash_length,7998697
polygon-zkevm:0xe2e1d82b050bb5bfec776b2653a72f093a8373ab:SMT_KEY:0,0xe2e1d82b050bb5bfec776b2653a72f093a8373ab,0,balance,7998697
polygon-zkevm:0xe2e1d82b050bb5bfec776b2653a72f093a8373ab:SMT_KEY:1,0xe2e1d82b050bb5bfec776b2653a72f093a8373ab,1,nonce,7998697
polygon-zkevm:0xe2e1d82b050bb5bfec776b2653a72f093a8373ab:SMT_KEY:2,0xe2e1d82b050bb5bfec776b2653a72f093a8373ab,2,code_hash,7998697
polygon-zkevm:0xe2e1d82b050bb5bfec776b2653a72f093a8373ab:SMT_KEY:4,0xe2e1d82b050bb5bfec776b2653a72f093a8373ab,4,code_hash_length,7998697
polygon-zkevm:0x86d62dceb6e3f0fa73434ba36f392fd079bdc704:SMT_KEY:0,0x86d62dceb6e3f0fa73434ba36f392fd079bdc704,0,balance,7998707
polygon-zkevm:0x86d62dceb6e3f0fa73434ba36f392fd079bdc704:SMT_KEY:1,0x86d62dceb6e3f0fa73434ba36f392fd079bdc704,1,nonce,7998707
polygon-zkevm:0x86d62dceb6e3f0fa73434ba36f392fd079bdc704:SMT_KEY:2,0x86d62dceb6e3f0fa73434ba36f392fd079bdc704,2,code_hash,7998707
polygon-zkevm:0x86d62dceb6e3f0fa73434ba36f392fd079bdc704:SMT_KEY:4,0x86d62dceb6e3f0fa73434ba36f392fd079bdc704,4,code_hash_length,7998707
polygon-zkevm:0x4004ef31c034d4bf1583c7c326704276c67aa838:SMT_KEY:0,0x4004ef31c034d4bf1583c7c326704276c67aa838,0,balance,7998717
polygon-zkevm:0x4004ef31c034d4bf1583c7c326704276c67aa838:SMT_KEY:1,0x4004ef31c034d4bf1583c7c326704276c67aa838,1,nonce,7998717
polygon-zkevm:0x4004ef31c034d4bf1583c7c326704276c67aa838:SMT_KEY:2,0x4004ef31c034d4bf1583c7c326704276c67aa838,2,code_hash,7998717
polygon-zkevm:0x4004ef31c034d4bf1583c7c326704276c67aa838:SMT_KEY:4,0x4004ef31c034d4bf1583c7c326704276c67aa838,4,code_hash_length,7998717
polygon-zkevm:0x1ac344ee9bf132ddabc53b5ce2e7f1ec36f76b9a:SMT_KEY:0,0x1ac344ee9bf132ddabc53b5ce2e7f1ec36f76b9a,0,balance,7998727
polygon-zkevm:0x1ac344ee9bf132ddabc53b5ce2e7f1ec36f76b9a:SMT_KEY:1,0x1ac344ee9bf132ddabc53b5ce2e7f1ec36f76b9a,1,nonce,7998727
polygon-zkevm:0x1ac344ee9bf132ddabc53b5ce2e7f1ec36f76b9a:SMT_KEY:2,0x1ac344ee9bf132ddabc53b5ce2e7f1ec36f76b9a,2,code_hash,7998727
polygon-zkevm:0x1ac344ee9bf132ddabc53b5ce2e7f1ec36f76b9a:SMT_KEY:4,0x1ac344ee9bf132ddabc53b5ce2e7f1ec36f76b9a,4,code_hash_length,7998727
polygon-zkevm:0x73903fec691a80ec47bc830bf3f0bad127a06e30:SMT_KEY:0,0x73903fec691a80ec47bc830bf3f0bad127a06e30,0,balance,7998727
polygon-zkevm:0x73903fec691a80ec47bc830bf3f0bad127a06e30:SMT_KEY:1,0x73903fec691a80ec47bc830bf3f0bad127a06e30,1,nonce,7998727
polygon-zkevm:0x73903fec691a80ec47bc830bf3f0bad127a06e30:SMT_KEY:2,0x73903fec691a80ec47bc830bf3f0bad127a06e30,2,code_hash,7998727
polygon-zkevm:0x73903fec691a80ec47bc830bf3f0bad127a06e30:SMT_KEY:4,0x73903fec691a80ec47bc830bf3f0bad127a06e30,4,code_hash_length,7998727
polygon-zkevm:0xed081c90935b13b23f8fae606958c1efdb535cce:SMT_KEY:0,0xed081c90935b13b23f8fae606958c1efdb535cce,0,balance,7998737
polygon-zkevm:0xed081c90935b13b23f8fae606958c1efdb535cce:SMT_KEY:1,0xed081c90935b13b23f8fae606958c1efdb535cce,1,nonce,7998737
polygon-zkevm:0xed081c90935b13b23f8fae606958c1efdb535cce:SMT_KEY:2,0xed081c90935b13b23f8fae606958c1efdb535cce,2,code_hash,7998737
polygon-zkevm:0xed081c90935b13b23f8fae606958c1efdb535cce:SMT_KEY:4,0xed081c90935b13b23f8fae606958c1efdb535cce,4,code_hash_length,7998737
polygon-zkevm:0xe21c7533c5f118ec5816be9e3be560ce3aee7828:SMT_KEY:0,0xe21c7533c5f118ec5816be9e3be560ce3aee7828,0,balance,7998747
polygon-zkevm:0xe21c7533c5f118ec5816be9e3be560ce3aee7828:SMT_KEY:1,0xe21c7533c5f118ec5816be9e3be560ce3aee7828,1,nonce,7998747
polygon-zkevm:0xe21c7533c5f118ec5816be9e3be560ce3aee7828:SMT_KEY:2,0xe21c7533c5f118ec5816be9e3be560ce3aee7828,2,code_hash,7998747
polygon-zkevm:0xe21c7533c5f118ec5816be9e3be560ce3aee7828:SMT_KEY:4,0xe21c7533c5f118ec5816be9e3be560ce3aee7828,4,code_hash_length,7998747
polygon-zkevm:0xfee4641c184cdc94176ea4e90c2f3b0d6b385584:SMT_KEY:0,0xfee4641c184cdc94176ea4e90c2f3b0d6b385584,0,balance,7998747
polygon-zkevm:0xfee4641c184cdc94176ea4e90c2f3b0d6b385584:SMT_KEY:1,0xfee4641c184cdc94176ea4e90c2f3b0d6b385584,1,nonce,7998747
polygon-zkevm:0xfee4641c184cdc94176ea4e90c2f3b0d6b385584:SMT_KEY:2,0xfee4641c184cdc94176ea4e90c2f3b0d6b385584,2,code_hash,7998747
polygon-zkevm:0xfee4641c184cdc94176ea4e90c2f3b0d6b385584:SMT_KEY:4,0xfee4641c184cdc94176ea4e90c2f3b0d6b385584,4,code_hash_length,7998747
polygon-zkevm:0xf3eab2365c8689d7d429e9cf03c78b29f07907b1:SMT_KEY:0,0xf3eab2365c8689d7d429e9cf03c78b29f07907b1,0,balance,7998767
polygon-zkevm:0xf3eab2365c8689d7d429e9cf03c78b29f07907b1:SMT_KEY:1,0xf3eab2365c8689d7d429e9cf03c78b29f07907b1,1,nonce,7998767
polygon-zkevm:0xf3eab2365c8689d7d429e9cf03c78b29f07907b1:SMT_KEY:2,0xf3eab2365c8689d7d429e9cf03c78b29f07907b1,2,code_hash,7998767
polygon-zkevm:0xf3eab2365c8689d7d429e9cf03c78b29f07907b1:SMT_KEY:4,0xf3eab2365c8689d7d429e9cf03c78b29f07907b1,4,code_hash_length,7998767
polygon-zkevm:0xfa5575bb741f3afd6a75d6db2594c4324bf64e4a:SMT_KEY:0,0xfa5575bb741f3afd6a75d6db2594c4324bf64e4a,0,balance,7998777
polygon-zkevm:0xfa5575bb741f3afd6a75d6db2594c4324bf64e4a:SMT_KEY:1,0xfa5575bb741f3afd6a75d6db2594c4324bf64e4a,1,nonce,7998777
polygon-zkevm:0xfa5575bb741f3afd6a75d6db2594c4324bf64e4a:SMT_KEY:2,0xfa5575bb741f3afd6a75d6db2594c4324bf64e4a,2,code_hash,7998777
polygon-zkevm:0xfa5575bb741f3afd6a75d6db2594c4324bf64e4a:SMT_KEY:4,0xfa5575bb741f3afd6a75d6db2594c4324bf64e4a,4,code_hash_length,7998777
polygon-zkevm:0x1a97a59674dff69d3202970762ce3562f885b944:SMT_KEY:0,0x1a97a59674dff69d3202970762ce3562f885b944,0,balance,7998787
polygon-zkevm:0x1a97a59674dff69d3202970762ce3562f885b944:SMT_KEY:1,0x1a97a59674dff69d3202970762ce3562f885b944,1,nonce,7998787
polygon-zkevm:0x1a97a59674dff69d3202970762ce3562f885b944:SMT_KEY:2,0x1a97a59674dff69d3202970762ce3562f885b944,2,code_hash,7998787
polygon-zkevm:0x1a97a59674dff69d3202970762ce3562f885b944:SMT_KEY:4,0x1a97a59674dff69d3202970762ce3562f885b944,4,code_hash_length,7998787
polygon-zkevm:0xd7aa9ba6caac7b0436c91396f22ca5a7f31664fc:SMT_KEY:0,0xd7aa9ba6caac7b0436c91396f22ca5a7f31664fc,0,balance,7998797
polygon-zkevm:0xd7aa9ba6caac7b0436c91396f22ca5a7f31664fc:SMT_KEY:1,0xd7aa9ba6caac7b0436c91396f22ca5a7f31664fc,1,nonce,7998797
polygon-zkevm:0xd7aa9ba6caac7b0436c91396f22ca5a7f31664fc:SMT_KEY:2,0xd7aa9ba6caac7b0436c91396f22ca5a7f31664fc,2,code_hash,7998797
polygon-zkevm:0xd7aa9ba6caac7b0436c91396f22ca5a7f31664fc:SMT_KEY:4,0xd7aa9ba6caac7b0436c91396f22ca5a7f31664fc,4,code_hash_length,7998797
polygon-zkevm:0xb03d1ce8d627f69b416b2d809bbe6ce3063f9db7:SMT_KEY:0,0xb03d1ce8d627f69b416b2d809bbe6ce3063f9db7,0,balance,7998817
polygon-zkevm:0xb03d1ce8d627f69b416b2d809bbe6ce3063f9db7:SMT_KEY:1,0xb03d1ce8d627f69b416b2d809bbe6ce3063f9db7,1,nonce,7998817
polygon-zkevm:0xb03d1ce8d627f69b416b2d809bbe6ce3063f9db7:SMT_KEY:2,0xb03d1ce8d627f69b416b2d809bbe6ce3063f9db7,2,code_hash,7998817
polygon-zkevm:0xb03d1ce8d627f69b416b2d809bbe6ce3063f9db7:SMT_KEY:4,0xb03d1ce8d627f69b416b2d809bbe6ce3063f9db7,4,code_hash_length,7998817
polygon-zkevm:0x0311447b23e00e0aed6d393213b010838185f846:SMT_KEY:0,0x0311447b23e00e0aed6d393213b010838185f846,0,balance,7998827
polygon-zkevm:0x0311447b23e00e0aed6d393213b010838185f846:SMT_KEY:1,0x0311447b23e00e0aed6d393213b010838185f846,1,nonce,7998827
polygon-zkevm:0x0311447b23e00e0aed6d393213b010838185f846:SMT_KEY:2,0x0311447b23e00e0aed6d393213b010838185f846,2,code_hash,7998827
polygon-zkevm:0x0311447b23e00e0aed6d393213b010838185f846:SMT_KEY:4,0x0311447b23e00e0aed6d393213b010838185f846,4,code_hash_length,7998827
polygon-zkevm:0x3259e5ace86ff943a2233925dec0004a384114bd:SMT_KEY:0,0x3259e5ace86ff943a2233925dec0004a384114bd,0,balance,7998847
polygon-zkevm:0x3259e5ace86ff943a2233925dec0004a384114bd:SMT_KEY:1,0x3259e5ace86ff943a2233925dec0004a384114bd,1,nonce,7998847
polygon-zkevm:0x3259e5ace86ff943a2233925dec0004a384114bd:SMT_KEY:2,0x3259e5ace86ff943a2233925dec0004a384114bd,2,code_hash,7998847
polygon-zkevm:0x3259e5ace86ff943a2233925dec0004a384114bd:SMT_KEY:4,0x3259e5ace86ff943a2233925dec0004a384114bd,4,code_hash_length,7998847
polygon-zkevm:0xbb1a5027643d93de9f11a7eae87d06cc7f6c5f56:SMT_KEY:0,0xbb1a5027643d93de9f11a7eae87d06cc7f6c5f56,0,balance,7998867
polygon-zkevm:0xbb1a5027643d93de9f11a7eae87d06cc7f6c5f56:SMT_KEY:1,0xbb1a5027643d93de9f11a7eae87d06cc7f6c5f56,1,nonce,7998867
polygon-zkevm:0xbb1a5027643d93de9f11a7eae87d06cc7f6c5f56:SMT_KEY:2,0xbb1a5027643d93de9f11a7eae87d06cc7f6c5f56,2,code_hash,7998867
polygon-zkevm:0xbb1a5027643d93de9f11a7eae87d06cc7f6c5f56:SMT_KEY:4,0xbb1a5027643d93de9f11a7eae87d06cc7f6c5f56,4,code_hash_length,7998867
polygon-zkevm:0xe574e7e38d7f9c93ec46e0fd45b9e2dc3c9dba5b:SMT_KEY:0,0xe574e7e38d7f9c93ec46e0fd45b9e2dc3c9dba5b,0,balance,7998877
polygon-zkevm:0xe574e7e38d7f9c93ec46e0fd45b9e2dc3c9dba5b:SMT_KEY:1,0xe574e7e38d7f9c93ec46e0fd45b9e2dc3c9dba5b,1,nonce,7998877
polygon-zkevm:0xe574e7e38d7f9c93ec46e0fd45b9e2dc3c9dba5b:SMT_KEY:2,0xe574e7e38d7f9c93ec46e0fd45b9e2dc3c9dba5b,2,code_hash,7998877
polygon-zkevm:0xe574e7e38d7f9c93ec46e0fd45b9e2dc3c9dba5b:SMT_KEY:4,0xe574e7e38d7f9c93ec46e0fd45b9e2dc3c9dba5b,4,code_hash_length,7998877
polygon-zkevm:0x57d81723f333447a0668b6836a86db574d3dc6c4:SMT_KEY:0,0x57d81723f333447a0668b6836a86db574d3dc6c4,0,balance,7998917
polygon-zkevm:0x57d81723f333447a0668b6836a86db574d3dc6c4:SMT_KEY:1,0x57d81723f333447a0668b6836a86db574d3dc6c4,1,nonce,7998917
polygon-zkevm:0x57d81723f333447a0668b6836a86db574d3dc6c4:SMT_KEY:2,0x57d81723f333447a0668b6836a86db574d3dc6c4,2,code_hash,7998917
polygon-zkevm:0x57d81723f333447a0668b6836a86db574d3dc6c4:SMT_KEY:4,0x57d81723f333447a0668b6836a86db574d3dc6c4,4,code_hash_length,7998917
polygon-zkevm:0x656a41eebec46a6f3709783c8c93c2e522d2afeb:SMT_KEY:0,0x656a41eebec46a6f3709783c8c93c2e522d2afeb,0,balance,7998927
polygon-zkevm:0x656a41eebec46a6f3709783c8c93c2e522d2afeb:SMT_KEY:1,0x656a41eebec46a6f3709783c8c93c2e522d2afeb,1,nonce,7998927
polygon-zkevm:0x656a41eebec46a6f3709783c8c93c2e522d2afeb:SMT_KEY:2,0x656a41eebec46a6f3709783c8c93c2e522d2afeb,2,code_hash,7998927
polygon-zkevm:0x656a41eebec46a6f3709783c8c93c2e522d2afeb:SMT_KEY:4,0x656a41eebec46a6f3709783c8c93c2e522d2afeb,4,code_hash_length,7998927
polygon-zkevm:0x9dd60cca382ce124cf17dbd57c74922a594fe91b:SMT_KEY:0,0x9dd60cca382ce124cf17dbd57c74922a594fe91b,0,balance,7998937
polygon-zkevm:0x9dd60cca382ce124cf17dbd57c74922a594fe91b:SMT_KEY:1,0x9dd60cca382ce124cf17dbd57c74922a594fe91b,1,nonce,7998937
polygon-zkevm:0x9dd60cca382ce124cf17dbd57c74922a594fe91b:SMT_KEY:2,0x9dd60cca382ce124cf17dbd57c74922a594fe91b,2,code_hash,7998937
polygon-zkevm:0x9dd60cca382ce124cf17dbd57c74922a594fe91b:SMT_KEY:4,0x9dd60cca382ce124cf17dbd57c74922a594fe91b,4,code_hash_length,7998937
polygon-zkevm:0xfa8d8d8ab4a0ba66facee0cfa99b75c004b23e68:SMT_KEY:0,0xfa8d8d8ab4a0ba66facee0cfa99b75c004b23e68,0,balance,7998947
polygon-zkevm:0xfa8d8d8ab4a0ba66facee0cfa99b75c004b23e68:SMT_KEY:1,0xfa8d8d8ab4a0ba66facee0cfa99b75c004b23e68,1,nonce,7998947
polygon-zkevm:0xfa8d8d8ab4a0ba66facee0cfa99b75c004b23e68:SMT_KEY:2,0xfa8d8d8ab4a0ba66facee0cfa99b75c004b23e68,2,code_hash,7998947
polygon-zkevm:0xfa8d8d8ab4a0ba66facee0cfa99b75c004b23e68:SMT_KEY:4,0xfa8d8d8ab4a0ba66facee0cfa99b75c004b23e68,4,code_hash_length,7998947
polygon-zkevm:0x20451c1d3041df794024d76929fdb14459a92a64:SMT_KEY:0,0x20451c1d3041df794024d76929fdb14459a92a64,0,balance,7998957
polygon-zkevm:0x20451c1d3041df794024d76929fdb14459a92a64:SMT_KEY:1,0x20451c1d3041df794024d76929fdb14459a92a64,1,nonce,7998957
polygon-zkevm:0x20451c1d3041df794024d76929fdb14459a92a64:SMT_KEY:2,0x20451c1d3041df794024d76929fdb14459a92a64,2,code_hash,7998957
polygon-zkevm:0x20451c1d3041df794024d76929fdb14459a92a64:SMT_KEY:4,0x20451c1d3041df794024d76929fdb14459a92a64,4,code_hash_length,7998957
polygon-zkevm:0x03951c8aed4382213850d2cbb58fd33bc645e499:SMT_KEY:0,0x03951c8aed4382213850d2cbb58fd33bc645e499,0,balance,7998967
polygon-zkevm:0x03951c8aed4382213850d2cbb58fd33bc645e499:SMT_KEY:1,0x03951c8aed4382213850d2cbb58fd33bc645e499,1,nonce,7998967
polygon-zkevm:0x03951c8aed4382213850d2cbb58fd33bc645e499:SMT_KEY:2,0x03951c8aed4382213850d2cbb58fd33bc645e499,2,code_hash,7998967
polygon-zkevm:0x03951c8aed4382213850d2cbb58fd33bc645e499:SMT_KEY:4,0x03951c8aed4382213850d2cbb58fd33bc645e499,4,code_hash_length,7998967
polygon-zkevm:0x270864586801f4bdf2022a9c85071ec9e7e08dd2:SMT_KEY:0,0x270864586801f4bdf2022a9c85071ec9e7e08dd2,0,balance,7998977
polygon-zkevm:0x270864586801f4bdf2022a9c85071ec9e7e08dd2:SMT_KEY:1,0x270864586801f4bdf2022a9c85071ec9e7e08dd2,1,nonce,7998977
polygon-zkevm:0x270864586801f4bdf2022a9c85071ec9e7e08dd2:SMT_KEY:2,0x270864586801f4bdf2022a9c85071ec9e7e08dd2,2,code_hash,7998977
polygon-zkevm:0x270864586801f4bdf2022a9c85071ec9e7e08dd2:SMT_KEY:4,0x270864586801f4bdf2022a9c85071ec9e7e08dd2,4,code_hash_length,7998977
polygon-zkevm:0x14740941b81ad6f09092a0ca1902fc95c930015c:SMT_KEY:0,0x14740941b81ad6f09092a0ca1902fc95c930015c,0,balance,7998987
polygon-zkevm:0x14740941b81ad6f09092a0ca1902fc95c930015c:SMT_KEY:1,0x14740941b81ad6f09092a0ca1902fc95c930015c,1,nonce,7998987
polygon-zkevm:0x14740941b81ad6f09092a0ca1902fc95c930015c:SMT_KEY:2,0x14740941b81ad6f09092a0ca1902fc95c930015c,2,code_hash,7998987
polygon-zkevm:0x14740941b81ad6f09092a0ca1902fc95c930015c:SMT_KEY:4,0x14740941b81ad6f09092a0ca1902fc95c930015c,4,code_hash_length,7998987
polygon-zkevm:0x7e547fdfb5d6f3fa9ac2a332fae355d19e53257f:SMT_KEY:0,0x7e547fdfb5d6f3fa9ac2a332fae355d19e53257f,0,balance,7998997
polygon-zkevm:0x7e547fdfb5d6f3fa9ac2a332fae355d19e53257f:SMT_KEY:1,0x7e547fdfb5d6f3fa9ac2a332fae355d19e53257f,1,nonce,7998997
polygon-zkevm:0x7e547fdfb5d6f3fa9ac2a332fae355d19e53257f:SMT_KEY:2,0x7e547fdfb5d6f3fa9ac2a332fae355d19e53257f,2,code_hash,7998997
polygon-zkevm:0x7e547fdfb5d6f3fa9ac2a332fae355d19e53257f:SMT_KEY:4,0x7e547fdfb5d6f3fa9ac2a332fae355d19e53257f,4,code_hash_length,7998997
polygon-zkevm:0x50bf1df7f530eb3f6bbd2479c792162f204df1e3:SMT_KEY:0,0x50bf1df7f530eb3f6bbd2479c792162f204df1e3,0,balance,7999007
polygon-zkevm:0x50bf1df7f530eb3f6bbd2479c792162f204df1e3:SMT_KEY:1,0x50bf1df7f530eb3f6bbd2479c792162f204df1e3,1,nonce,7999007
polygon-zkevm:0x50bf1df7f530eb3f6bbd2479c792162f204df1e3:SMT_KEY:2,0x50bf1df7f530eb3f6bbd2479c792162f204df1e3,2,code_hash,7999007
polygon-zkevm:0x50bf1df7f530eb3f6bbd2479c792162f204df1e3:SMT_KEY:4,0x50bf1df7f530eb3f6bbd2479c792162f204df1e3,4,code_hash_length,7999007
polygon-zkevm:0x0fd821fcc5dc1be9795fd1f87580f3765ca67762:SMT_KEY:0,0x0fd821fcc5dc1be9795fd1f87580f3765ca67762,0,balance,7999017
polygon-zkevm:0x0fd821fcc5dc1be9795fd1f87580f3765ca67762:SMT_KEY:1,0x0fd821fcc5dc1be9795fd1f87580f3765ca67762,1,nonce,7999017
polygon-zkevm:0x0fd821fcc5dc1be9795fd1f87580f3765ca67762:SMT_KEY:2,0x0fd821fcc5dc1be9795fd1f87580f3765ca67762,2,code_hash,7999017
polygon-zkevm:0x0fd821fcc5dc1be9795fd1f87580f3765ca67762:SMT_KEY:4,0x0fd821fcc5dc1be9795fd1f87580f3765ca67762,4,code_hash_length,7999017
polygon-zkevm:0x5de1b712878f760ce8b6c62e68e00208f55e8f75:SMT_KEY:0,0x5de1b712878f760ce8b6c62e68e00208f55e8f75,0,balance,7999027
polygon-zkevm:0x5de1b712878f760ce8b6c62e68e00208f55e8f75:SMT_KEY:1,0x5de1b712878f760ce8b6c62e68e00208f55e8f75,1,nonce,7999027
polygon-zkevm:0x5de1b712878f760ce8b6c62e68e00208f55e8f75:SMT_KEY:2,0x5de1b712878f760ce8b6c62e68e00208f55e8f75,2,code_hash,7999027
polygon-zkevm:0x5de1b712878f760ce8b6c62e68e00208f55e8f75:SMT_KEY:4,0x5de1b712878f760ce8b6c62e68e00208f55e8f75,4,code_hash_length,7999027
polygon-zkevm:0x9a5ea5ac5b6950050629d169187d2933364fe0d4:SMT_KEY:0,0x9a5ea5ac5b6950050629d169187d2933364fe0d4,0,balance,7999027
polygon-zkevm:0x9a5ea5ac5b6950050629d169187d2933364fe0d4:SMT_KEY:1,0x9a5ea5ac5b6950050629d169187d2933364fe0d4,1,nonce,7999027
polygon-zkevm:0x9a5ea5ac5b6950050629d169187d2933364fe0d4:SMT_KEY:2,0x9a5ea5ac5b6950050629d169187d2933364fe0d4,2,code_hash,7999027
polygon-zkevm:0x9a5ea5ac5b6950050629d169187d2933364fe0d4:SMT_KEY:4,0x9a5ea5ac5b6950050629d169187d2933364fe0d4,4,code_hash_length,7999027
polygon-zkevm:0xf580e78d24ba4a93799ad73c7c74d47424b37596:SMT_KEY:0,0xf580e78d24ba4a93799ad73c7c74d47424b37596,0,balance,7999037
polygon-zkevm:0xf580e78d24ba4a93799ad73c7c74d47424b37596:SMT_KEY:1,0xf580e78d24ba4a93799ad73c7c74d47424b37596,1,nonce,7999037
polygon-zkevm:0xf580e78d24ba4a93799ad73c7c74d47424b37596:SMT_KEY:2,0xf580e78d24ba4a93799ad73c7c74d47424b37596,2,code_hash,7999037
polygon-zkevm:0xf580e78d24ba4a93799ad73c7c74d47424b37596:SMT_KEY:4,0xf580e78d24ba4a93799ad73c7c74d47424b37596,4,code_hash_length,7999037
polygon-zkevm:0xf7f8b33a14e544260cfc72da478db1683a923c14:SMT_KEY:0,0xf7f8b33a14e544260cfc72da478db1683a923c14,0,balance,7999037
polygon-zkevm:0xf7f8b33a14e544260cfc72da478db1683a923c14:SMT_KEY:1,0xf7f8b33a14e544260cfc72da478db1683a923c14,1,nonce,7999037
polygon-zkevm:0xf7f8b33a14e544260cfc72da478db1683a923c14:SMT_KEY:2,0xf7f8b33a14e544260cfc72da478db1683a923c14,2,code_hash,7999037
polygon-zkevm:0xf7f8b33a14e544260cfc72da478db1683a923c14:SMT_KEY:4,0xf7f8b33a14e544260cfc72da478db1683a923c14,4,code_hash_length,7999037
polygon-zkevm:0xba2324f8701c675f323c8ce8bcec1fced49ff233:SMT_KEY:0,0xba2324f8701c675f323c8ce8bcec1fced49ff233,0,balance,7999047
polygon-zkevm:0xba2324f8701c675f323c8ce8bcec1fced49ff233:SMT_KEY:1,0xba2324f8701c675f323c8ce8bcec1fced49ff233,1,nonce,7999047
polygon-zkevm:0xba2324f8701c675f323c8ce8bcec1fced49ff233:SMT_KEY:2,0xba2324f8701c675f323c8ce8bcec1fced49ff233,2,code_hash,7999047
polygon-zkevm:0xba2324f8701c675f323c8ce8bcec1fced49ff233:SMT_KEY:4,0xba2324f8701c675f323c8ce8bcec1fced49ff233,4,code_hash_length,7999047
polygon-zkevm:0x5e7c3ac7631e5c2889260f88c20d160a55592b07:SMT_KEY:0,0x5e7c3ac7631e5c2889260f88c20d160a55592b07,0,balance,7999057
polygon-zkevm:0x5e7c3ac7631e5c2889260f88c20d160a55592b07:SMT_KEY:1,0x5e7c3ac7631e5c2889260f88c20d160a55592b07,1,nonce,7999057
polygon-zkevm:0x5e7c3ac7631e5c2889260f88c20d160a55592b07:SMT_KEY:2,0x5e7c3ac7631e5c2889260f88c20d160a55592b07,2,code_hash,7999057
polygon-zkevm:0x5e7c3ac7631e5c2889260f88c20d160a55592b07:SMT_KEY:4,0x5e7c3ac7631e5c2889260f88c20d160a55592b07,4,code_hash_length,7999057
polygon-zkevm:0xeb9a7a4396e61ce74dae9cb31d912c1372092a07:SMT_KEY:0,0xeb9a7a4396e61ce74dae9cb31d912c1372092a07,0,balance,7999087
polygon-zkevm:0xeb9a7a4396e61ce74dae9cb31d912c1372092a07:SMT_KEY:1,0xeb9a7a4396e61ce74dae9cb31d912c1372092a07,1,nonce,7999087
polygon-zkevm:0xeb9a7a4396e61ce74dae9cb31d912c1372092a07:SMT_KEY:2,0xeb9a7a4396e61ce74dae9cb31d912c1372092a07,2,code_hash,7999087
polygon-zkevm:0xeb9a7a4396e61ce74dae9cb31d912c1372092a07:SMT_KEY:4,0xeb9a7a4396e61ce74dae9cb31d912c1372092a07,4,code_hash_length,7999087
polygon-zkevm:0xbd6903f33c58fcead3fa3653e5679bfcd1f1a708:SMT_KEY:0,0xbd6903f33c58fcead3fa3653e5679bfcd1f1a708,0,balance,7999097
polygon-zkevm:0xbd6903f33c58fcead3fa3653e5679bfcd1f1a708:SMT_KEY:1,0xbd6903f33c58fcead3fa3653e5679bfcd1f1a708,1,nonce,7999097
polygon-zkevm:0xbd6903f33c58fcead3fa3653e5679bfcd1f1a708:SMT_KEY:2,0xbd6903f33c58fcead3fa3653e5679bfcd1f1a708,2,code_hash,7999097
polygon-zkevm:0xbd6903f33c58fcead3fa3653e5679bfcd1f1a708:SMT_KEY:4,0xbd6903f33c58fcead3fa3653e5679bfcd1f1a708,4,code_hash_length,7999097
polygon-zkevm:0x08be4f02f8cb7b0c25e467651e35e5ea47562883:SMT_KEY:0,0x08be4f02f8cb7b0c25e467651e35e5ea47562883,0,balance,7999107
polygon-zkevm:0x08be4f02f8cb7b0c25e467651e35e5ea47562883:SMT_KEY:1,0x08be4f02f8cb7b0c25e467651e35e5ea47562883,1,nonce,7999107
polygon-zkevm:0x08be4f02f8cb7b0c25e467651e35e5ea47562883:SMT_KEY:2,0x08be4f02f8cb7b0c25e467651e35e5ea47562883,2,code_hash,7999107
polygon-zkevm:0x08be4f02f8cb7b0c25e467651e35e5ea47562883:SMT_KEY:4,0x08be4f02f8cb7b0c25e467651e35e5ea47562883,4,code_hash_length,7999107
polygon-zkevm:0x018874a9637dc8cdf32d1b935557221342f2eeee:SMT_KEY:0,0x018874a9637dc8cdf32d1b935557221342f2eeee,0,balance,7999127
polygon-zkevm:0x018874a9637dc8cdf32d1b935557221342f2eeee:SMT_KEY:1,0x018874a9637dc8cdf32d1b935557221342f2eeee,1,nonce,7999127
polygon-zkevm:0x018874a9637dc8cdf32d1b935557221342f2eeee:SMT_KEY:2,0x018874a9637dc8cdf32d1b935557221342f2eeee,2,code_hash,7999127
polygon-zkevm:0x018874a9637dc8cdf32d1b935557221342f2eeee:SMT_KEY:4,0x018874a9637dc8cdf32d1b935557221342f2eeee,4,code_hash_length,7999127
polygon-zkevm:0x1b81d678ffb9c0263b24a97847620c99d213eb14:SMT_KEY:0,0x1b81d678ffb9c0263b24a97847620c99d213eb14,0,balance,7999147
polygon-zkevm:0x1b81d678ffb9c0263b24a97847620c99d213eb14:SMT_KEY:1,0x1b81d678ffb9c0263b24a97847620c99d213eb14,1,nonce,7999147
polygon-zkevm:0x1b81d678ffb9c0263b24a97847620c99d213eb14:SMT_KEY:2,0x1b81d678ffb9c0263b24a97847620c99d213eb14,2,code_hash,7999147
polygon-zkevm:0x1b81d678ffb9c0263b24a97847620c99d213eb14:SMT_KEY:4,0x1b81d678ffb9c0263b24a97847620c99d213eb14,4,code_hash_length,7999147
polygon-zkevm:0x23abcb82f468e3422a7212d4ad47cc2dd39162a3:SMT_KEY:0,0x23abcb82f468e3422a7212d4ad47cc2dd39162a3,0,balance,7999147
polygon-zkevm:0x23abcb82f468e3422a7212d4ad47cc2dd39162a3:SMT_KEY:1,0x23abcb82f468e3422a7212d4ad47cc2dd39162a3,1,nonce,7999147
polygon-zkevm:0x23abcb82f468e3422a7212d4ad47cc2dd39162a3:SMT_KEY:2,0x23abcb82f468e3422a7212d4ad47cc2dd39162a3,2,code_hash,7999147
polygon-zkevm:0x23abcb82f468e3422a7212d4ad47cc2dd39162a3:SMT_KEY:4,0x23abcb82f468e3422a7212d4ad47cc2dd39162a3,4,code_hash_length,7999147
polygon-zkevm:0xb701396370d840b222c2c4789542f129ddba858d:SMT_KEY:0,0xb701396370d840b222c2c4789542f129ddba858d,0,balance,7999157
polygon-zkevm:0xb701396370d840b222c2c4789542f129ddba858d:SMT_KEY:1,0xb701396370d840b222c2c4789542f129ddba858d,1,nonce,7999157
polygon-zkevm:0xb701396370d840b222c2c4789542f129ddba858d:SMT_KEY:2,0xb701396370d840b222c2c4789542f129ddba858d,2,code_hash,7999157
polygon-zkevm:0xb701396370d840b222c2c4789542f129ddba858d:SMT_KEY:4,0xb701396370d840b222c2c4789542f129ddba858d,4,code_hash_length,7999157
polygon-zkevm:0xc49a0fa70106aa9449cb998386e854470cbdc2c7:SMT_KEY:0,0xc49a0fa70106aa9449cb998386e854470cbdc2c7,0,balance,7999177
polygon-zkevm:0xc49a0fa70106aa9449cb998386e854470cbdc2c7:SMT_KEY:1,0xc49a0fa70106aa9449cb998386e854470cbdc2c7,1,nonce,7999177
polygon-zkevm:0xc49a0fa70106aa9449cb998386e854470cbdc2c7:SMT_KEY:2,0xc49a0fa70106aa9449cb998386e854470cbdc2c7,2,code_hash,7999177
polygon-zkevm:0xc49a0fa70106aa9449cb998386e854470cbdc2c7:SMT_KEY:4,0xc49a0fa70106aa9449cb998386e854470cbdc2c7,4,code_hash_length,7999177
polygon-zkevm:0x2cd9c69f9379170d7afe7cec85de6e8cb7aeeca3:SMT_KEY:0,0x2cd9c69f9379170d7afe7cec85de6e8cb7aeeca3,0,balance,7999187
polygon-zkevm:0x2cd9c69f9379170d7afe7cec85de6e8cb7aeeca3:SMT_KEY:1,0x2cd9c69f9379170d7afe7cec85de6e8cb7aeeca3,1,nonce,7999187
polygon-zkevm:0x2cd9c69f9379170d7afe7cec85de6e8cb7aeeca3:SMT_KEY:2,0x2cd9c69f9379170d7afe7cec85de6e8cb7aeeca3,2,code_hash,7999187
polygon-zkevm:0x2cd9c69f9379170d7afe7cec85de6e8cb7aeeca3:SMT_KEY:4,0x2cd9c69f9379170d7afe7cec85de6e8cb7aeeca3,4,code_hash_length,7999187
polygon-zkevm:0xfe78040206ac1c57b8d6052857683ec70345f4eb:SMT_KEY:0,0xfe78040206ac1c57b8d6052857683ec70345f4eb,0,balance,7999187
polygon-zkevm:0xfe78040206ac1c57b8d6052857683ec70345f4eb:SMT_KEY:1,0xfe78040206ac1c57b8d6052857683ec70345f4eb,1,nonce,7999187
polygon-zkevm:0xfe78040206ac1c57b8d6052857683ec70345f4eb:SMT_KEY:2,0xfe78040206ac1c57b8d6052857683ec70345f4eb,2,code_hash,7999187
polygon-zkevm:0xfe78040206ac1c57b8d6052857683ec70345f4eb:SMT_KEY:4,0xfe78040206ac1c57b8d6052857683ec70345f4eb,4,code_hash_length,7999187
polygon-zkevm:0x9197963977b0a9fa1f8f9da70e5b46fda4360751:SMT_KEY:0,0x9197963977b0a9fa1f8f9da70e5b46fda4360751,0,balance,7999197
polygon-zkevm:0x9197963977b0a9fa1f8f9da70e5b46fda4360751:SMT_KEY:1,0x9197963977b0a9fa1f8f9da70e5b46fda4360751,1,nonce,7999197
polygon-zkevm:0x9197963977b0a9fa1f8f9da70e5b46fda4360751:SMT_KEY:2,0x9197963977b0a9fa1f8f9da70e5b46fda4360751,2,code_hash,7999197
polygon-zkevm:0x9197963977b0a9fa1f8f9da70e5b46fda4360751:SMT_KEY:4,0x9197963977b0a9fa1f8f9da70e5b46fda4360751,4,code_hash_length,7999197
polygon-zkevm:0x38b05766fb7810e96891a90e594dee3df140c5fe:SMT_KEY:0,0x38b05766fb7810e96891a90e594dee3df140c5fe,0,balance,7999207
polygon-zkevm:0x38b05766fb7810e96891a90e594dee3df140c5fe:SMT_KEY:1,0x38b05766fb7810e96891a90e594dee3df140c5fe,1,nonce,7999207
polygon-zkevm:0x38b05766fb7810e96891a90e594dee3df140c5fe:SMT_KEY:2,0x38b05766fb7810e96891a90e594dee3df140c5fe,2,code_hash,7999207
polygon-zkevm:0x38b05766fb7810e96891a90e594dee3df140c5fe:SMT_KEY:4,0x38b05766fb7810e96891a90e594dee3df140c5fe,4,code_hash_length,7999207
polygon-zkevm:0x0c72b64f453249215f7b612cc8cf4f0648763b8e:SMT_KEY:0,0x0c72b64f453249215f7b612cc8cf4f0648763b8e,0,balance,7999217
polygon-zkevm:0x0c72b64f453249215f7b612cc8cf4f0648763b8e:SMT_KEY:1,0x0c72b64f453249215f7b612cc8cf4f0648763b8e,1,nonce,7999217
polygon-zkevm:0x0c72b64f453249215f7b612cc8cf4f0648763b8e:SMT_KEY:2,0x0c72b64f453249215f7b612cc8cf4f0648763b8e,2,code_hash,7999217
polygon-zkevm:0x0c72b64f453249215f7b612cc8cf4f0648763b8e:SMT_KEY:4,0x0c72b64f453249215f7b612cc8cf4f0648763b8e,4,code_hash_length,7999217
polygon-zkevm:0xcee3eca2e681d91e02b6de36e2262f0871fdc4e8:SMT_KEY:0,0xcee3eca2e681d91e02b6de36e2262f0871fdc4e8,0,balance,7999217
polygon-zkevm:0xcee3eca2e681d91e02b6de36e2262f0871fdc4e8:SMT_KEY:1,0xcee3eca2e681d91e02b6de36e2262f0871fdc4e8,1,nonce,7999217
polygon-zkevm:0xcee3eca2e681d91e02b6de36e2262f0871fdc4e8:SMT_KEY:2,0xcee3eca2e681d91e02b6de36e2262f0871fdc4e8,2,code_hash,7999217
polygon-zkevm:0xcee3eca2e681d91e02b6de36e2262f0871fdc4e8:SMT_KEY:4,0xcee3eca2e681d91e02b6de36e2262f0871fdc4e8,4,code_hash_length,7999217
polygon-zkevm:0x2f5426fe41931cb7563adb8148a82d1c9e96f6b2:SMT_KEY:0,0x2f5426fe41931cb7563adb8148a82d1c9e96f6b2,0,balance,7999227
polygon-zkevm:0x2f5426fe41931cb7563adb8148a82d1c9e96f6b2:SMT_KEY:1,0x2f5426fe41931cb7563adb8148a82d1c9e96f6b2,1,nonce,7999227
polygon-zkevm:0x2f5426fe41931cb7563adb8148a82d1c9e96f6b2:SMT_KEY:2,0x2f5426fe41931cb7563adb8148a82d1c9e96f6b2,2,code_hash,7999227
polygon-zkevm:0x2f5426fe41931cb7563adb8148a82d1c9e96f6b2:SMT_KEY:4,0x2f5426fe41931cb7563adb8148a82d1c9e96f6b2,4,code_hash_length,7999227
polygon-zkevm:0xc6c1712454162873e766fb11891d90d05f017a50:SMT_KEY:0,0xc6c1712454162873e766fb11891d90d05f017a50,0,balance,7999247
polygon-zkevm:0xc6c1712454162873e766fb11891d90d05f017a50:SMT_KEY:1,0xc6c1712454162873e766fb11891d90d05f017a50,1,nonce,7999247
polygon-zkevm:0xc6c1712454162873e766fb11891d90d05f017a50:SMT_KEY:2,0xc6c1712454162873e766fb11891d90d05f017a50,2,code_hash,7999247
polygon-zkevm:0xc6c1712454162873e766fb11891d90d05f017a50:SMT_KEY:4,0xc6c1712454162873e766fb11891d90d05f017a50,4,code_hash_length,7999247
polygon-zkevm:0x0e7c757d0c8858cae7bd9c478f3ad3752c138cce:SMT_KEY:0,0x0e7c757d0c8858cae7bd9c478f3ad3752c138cce,0,balance,7999257
polygon-zkevm:0x0e7c757d0c8858cae7bd9c478f3ad3752c138cce:SMT_KEY:1,0x0e7c757d0c8858cae7bd9c478f3ad3752c138cce,1,nonce,7999257
polygon-zkevm:0x0e7c757d0c8858cae7bd9c478f3ad3752c138cce:SMT_KEY:2,0x0e7c757d0c8858cae7bd9c478f3ad3752c138cce,2,code_hash,7999257
polygon-zkevm:0x0e7c757d0c8858cae7bd9c478f3ad3752c138cce:SMT_KEY:4,0x0e7c757d0c8858cae7bd9c478f3ad3752c138cce,4,code_hash_length,7999257
polygon-zkevm:0x1cd631ffc5bf739fb6c47a6dda6460595f84fb22:SMT_KEY:0,0x1cd631ffc5bf739fb6c47a6dda6460595f84fb22,0,balance,7999267
polygon-zkevm:0x1cd631ffc5bf739fb6c47a6dda6460595f84fb22:SMT_KEY:1,0x1cd631ffc5bf739fb6c47a6dda6460595f84fb22,1,nonce,7999267
polygon-zkevm:0x1cd631ffc5bf739fb6c47a6dda6460595f84fb22:SMT_KEY:2,0x1cd631ffc5bf739fb6c47a6dda6460595f84fb22,2,code_hash,7999267
polygon-zkevm:0x1cd631ffc5bf739fb6c47a6dda6460595f84fb22:SMT_KEY:4,0x1cd631ffc5bf739fb6c47a6dda6460595f84fb22,4,code_hash_length,7999267
polygon-zkevm:0x7b41b6a35e5313b1a5619cf848cd1aa7d32662cb:SMT_KEY:0,0x7b41b6a35e5313b1a5619cf848cd1aa7d32662cb,0,balance,7999267
polygon-zkevm:0x7b41b6a35e5313b1a5619cf848cd1aa7d32662cb:SMT_KEY:1,0x7b41b6a35e5313b1a5619cf848cd1aa7d32662cb,1,nonce,7999267
polygon-zkevm:0x7b41b6a35e5313b1a5619cf848cd1aa7d32662cb:SMT_KEY:2,0x7b41b6a35e5313b1a5619cf848cd1aa7d32662cb,2,code_hash,7999267
polygon-zkevm:0x7b41b6a35e5313b1a5619cf848cd1aa7d32662cb:SMT_KEY:4,0x7b41b6a35e5313b1a5619cf848cd1aa7d32662cb,4,code_hash_length,7999267
polygon-zkevm:0x97b132668edf04033bab9321684ab87bebea8769:SMT_KEY:0,0x97b132668edf04033bab9321684ab87bebea8769,0,balance,7999277
polygon-zkevm:0x97b132668edf04033bab9321684ab87bebea8769:SMT_KEY:1,0x97b132668edf04033bab9321684ab87bebea8769,1,nonce,7999277
polygon-zkevm:0x97b132668edf04033bab9321684ab87bebea8769:SMT_KEY:2,0x97b132668edf04033bab9321684ab87bebea8769,2,code_hash,7999277
polygon-zkevm:0x97b132668edf04033bab9321684ab87bebea8769:SMT_KEY:4,0x97b132668edf04033bab9321684ab87bebea8769,4,code_hash_length,7999277
polygon-zkevm:0x2fe160ec7525fafda6ae1877c1626aa2b29582c0:SMT_KEY:0,0x2fe160ec7525fafda6ae1877c1626aa2b29582c0,0,balance,7999297
polygon-zkevm:0x2fe160ec7525fafda6ae1877c1626aa2b29582c0:SMT_KEY:1,0x2fe160ec7525fafda6ae1877c1626aa2b29582c0,1,nonce,7999297
polygon-zkevm:0x2fe160ec7525fafda6ae1877c1626aa2b29582c0:SMT_KEY:2,0x2fe160ec7525fafda6ae1877c1626aa2b29582c0,2,code_hash,7999297
polygon-zkevm:0x2fe160ec7525fafda6ae1877c1626aa2b29582c0:SMT_KEY:4,0x2fe160ec7525fafda6ae1877c1626aa2b29582c0,4,code_hash_length,7999297
polygon-zkevm:0xb8ddfbdcf40e659a7d178504c6387f8e6a75c13b:SMT_KEY:0,0xb8ddfbdcf40e659a7d178504c6387f8e6a75c13b,0,balance,7999327
polygon-zkevm:0xb8ddfbdcf40e659a7d178504c6387f8e6a75c13b:SMT_KEY:1,0xb8ddfbdcf40e659a7d178504c6387f8e6a75c13b,1,nonce,7999327
polygon-zkevm:0xb8ddfbdcf40e659a7d178504c6387f8e6a75c13b:SMT_KEY:2,0xb8ddfbdcf40e659a7d178504c6387f8e6a75c13b,2,code_hash,7999327
polygon-zkevm:0xb8ddfbdcf40e659a7d178504c6387f8e6a75c13b:SMT_KEY:4,0xb8ddfbdcf40e659a7d178504c6387f8e6a75c13b,4,code_hash_length,7999327
polygon-zkevm:0x118eadcc4f84a2749e43ffe0ea960eea4b2e3ffb:SMT_KEY:0,0x118eadcc4f84a2749e43ffe0ea960eea4b2e3ffb,0,balance,7999337
polygon-zkevm:0x118eadcc4f84a2749e43ffe0ea960eea4b2e3ffb:SMT_KEY:1,0x118eadcc4f84a2749e43ffe0ea960eea4b2e3ffb,1,nonce,7999337
polygon-zkevm:0x118eadcc4f84a2749e43ffe0ea960eea4b2e3ffb:SMT_KEY:2,0x118eadcc4f84a2749e43ffe0ea960eea4b2e3ffb,2,code_hash,7999337
polygon-zkevm:0x118eadcc4f84a2749e43ffe0ea960eea4b2e3ffb:SMT_KEY:4,0x118eadcc4f84a2749e43ffe0ea960eea4b2e3ffb,4,code_hash_length,7999337
polygon-zkevm:0x6131b5fae19ea4f9d964eac0408e4408b66337b5:SMT_KEY:0,0x6131b5fae19ea4f9d964eac0408e4408b66337b5,0,balance,7999337
polygon-zkevm:0x6131b5fae19ea4f9d964eac0408e4408b66337b5:SMT_KEY:1,0x6131b5fae19ea4f9d964eac0408e4408b66337b5,1,nonce,7999337
polygon-zkevm:0x6131b5fae19ea4f9d964eac0408e4408b66337b5:SMT_KEY:2,0x6131b5fae19ea4f9d964eac0408e4408b66337b5,2,code_hash,7999337
polygon-zkevm:0x6131b5fae19ea4f9d964eac0408e4408b66337b5:SMT_KEY:4,0x6131b5fae19ea4f9d964eac0408e4408b66337b5,4,code_hash_length,7999337
polygon-zkevm:0x908cefee8e352d8083f2e3d146568b381eac595a:SMT_KEY:0,0x908cefee8e352d8083f2e3d146568b381eac595a,0,balance,7999347
polygon-zkevm:0x908cefee8e352d8083f2e3d146568b381eac595a:SMT_KEY:1,0x908cefee8e352d8083f2e3d146568b381eac595a,1,nonce,7999347
polygon-zkevm:0x908cefee8e352d8083f2e3d146568b381eac595a:SMT_KEY:2,0x908cefee8e352d8083f2e3d146568b381eac595a,2,code_hash,7999347
polygon-zkevm:0x908cefee8e352d8083f2e3d146568b381eac595a:SMT_KEY:4,0x908cefee8e352d8083f2e3d146568b381eac595a,4,code_hash_length,7999347
polygon-zkevm:0x21bf63c0418d4f1d13f884c50498b2259b321b43:SMT_KEY:0,0x21bf63c0418d4f1d13f884c50498b2259b321b43,0,balance,7999357
polygon-zkevm:0x21bf63c0418d4f1d13f884c50498b2259b321b43:SMT_KEY:1,0x21bf63c0418d4f1d13f884c50498b2259b321b43,1,nonce,7999357
polygon-zkevm:0x21bf63c0418d4f1d13f884c50498b2259b321b43:SMT_KEY:2,0x21bf63c0418d4f1d13f884c50498b2259b321b43,2,code_hash,7999357
polygon-zkevm:0x21bf63c0418d4f1d13f884c50498b2259b321b43:SMT_KEY:4,0x21bf63c0418d4f1d13f884c50498b2259b321b43,4,code_hash_length,7999357
polygon-zkevm:0x39d361e66798155813b907a70d6c2e3fdafb0877:SMT_KEY:0,0x39d361e66798155813b907a70d6c2e3fdafb0877,0,balance,7999357
polygon-zkevm:0x39d361e66798155813b907a70d6c2e3fdafb0877:SMT_KEY:1,0x39d361e66798155813b907a70d6c2e3fdafb0877,1,nonce,7999357
polygon-zkevm:0x39d361e66798155813b907a70d6c2e3fdafb0877:SMT_KEY:2,0x39d361e66798155813b907a70d6c2e3fdafb0877,2,code_hash,7999357
polygon-zkevm:0x39d361e66798155813b907a70d6c2e3fdafb0877:SMT_KEY:4,0x39d361e66798155813b907a70d6c2e3fdafb0877,4,code_hash_length,7999357
polygon-zkevm:0x3451b9d4f3f8d3ec438936df174b316ec86741ac:SMT_KEY:0,0x3451b9d4f3f8d3ec438936df174b316ec86741ac,0,balance,7999367
polygon-zkevm:0x3451b9d4f3f8d3ec438936df174b316ec86741ac:SMT_KEY:1,0x3451b9d4f3f8d3ec438936df174b316ec86741ac,1,nonce,7999367
polygon-zkevm:0x3451b9d4f3f8d3ec438936df174b316ec86741ac:SMT_KEY:2,0x3451b9d4f3f8d3ec438936df174b316ec86741ac,2,code_hash,7999367
polygon-zkevm:0x3451b9d4f3f8d3ec438936df174b316ec86741ac:SMT_KEY:4,0x3451b9d4f3f8d3ec438936df174b316ec86741ac,4,code_hash_length,7999367
polygon-zkevm:0xe7cd1ba7703985e48bef82715c98c1e09fcdc0c4:SMT_KEY:0,0xe7cd1ba7703985e48bef82715c98c1e09fcdc0c4,0,balance,7999377
polygon-zkevm:0xe7cd1ba7703985e48bef82715c98c1e09fcdc0c4:SMT_KEY:1,0xe7cd1ba7703985e48bef82715c98c1e09fcdc0c4,1,nonce,7999377
polygon-zkevm:0xe7cd1ba7703985e48bef82715c98c1e09fcdc0c4:SMT_KEY:2,0xe7cd1ba7703985e48bef82715c98c1e09fcdc0c4,2,code_hash,7999377
polygon-zkevm:0xe7cd1ba7703985e48bef82715c98c1e09fcdc0c4:SMT_KEY:4,0xe7cd1ba7703985e48bef82715c98c1e09fcdc0c4,4,code_hash_length,7999377
polygon-zkevm:0x54f8466be9e3128314a5b1f9e8b7d6c6cd3d3d8e:SMT_KEY:0,0x54f8466be9e3128314a5b1f9e8b7d6c6cd3d3d8e,0,balance,7999387
polygon-zkevm:0x54f8466be9e3128314a5b1f9e8b7d6c6cd3d3d8e:SMT_KEY:1,0x54f8466be9e3128314a5b1f9e8b7d6c6cd3d3d8e,1,nonce,7999387
polygon-zkevm:0x54f8466be9e3128314a5b1f9e8b7d6c6cd3d3d8e:SMT_KEY:2,0x54f8466be9e3128314a5b1f9e8b7d6c6cd3d3d8e,2,code_hash,7999387
polygon-zkevm:0x54f8466be9e3128314a5b1f9e8b7d6c6cd3d3d8e:SMT_KEY:4,0x54f8466be9e3128314a5b1f9e8b7d6c6cd3d3d8e,4,code_hash_length,7999387
polygon-zkevm:0x7fe6103714e5bb901dcd770c6d7e42093907e3de:SMT_KEY:0,0x7fe6103714e5bb901dcd770c6d7e42093907e3de,0,balance,7999397
polygon-zkevm:0x7fe6103714e5bb901dcd770c6d7e42093907e3de:SMT_KEY:1,0x7fe6103714e5bb901dcd770c6d7e42093907e3de,1,nonce,7999397
polygon-zkevm:0x7fe6103714e5bb901dcd770c6d7e42093907e3de:SMT_KEY:2,0x7fe6103714e5bb901dcd770c6d7e42093907e3de,2,code_hash,7999397
polygon-zkevm:0x7fe6103714e5bb901dcd770c6d7e42093907e3de:SMT_KEY:4,0x7fe6103714e5bb901dcd770c6d7e42093907e3de,4,code_hash_length,7999397
polygon-zkevm:0x6f3bddcb13012d911a7677075c863d2574ebfacf:SMT_KEY:0,0x6f3bddcb13012d911a7677075c863d2574ebfacf,0,balance,7999407
polygon-zkevm:0x6f3bddcb13012d911a7677075c863d2574ebfacf:SMT_KEY:1,0x6f3bddcb13012d911a7677075c863d2574ebfacf,1,nonce,7999407
polygon-zkevm:0x6f3bddcb13012d911a7677075c863d2574ebfacf:SMT_KEY:2,0x6f3bddcb13012d911a7677075c863d2574ebfacf,2,code_hash,7999407
polygon-zkevm:0x6f3bddcb13012d911a7677075c863d2574ebfacf:SMT_KEY:4,0x6f3bddcb13012d911a7677075c863d2574ebfacf,4,code_hash_length,7999407
polygon-zkevm:0x77e946f3c079f95616c22c44089c181820742d28:SMT_KEY:0,0x77e946f3c079f95616c22c44089c181820742d28,0,balance,7999407
polygon-zkevm:0x77e946f3c079f95616c22c44089c181820742d28:SMT_KEY:1,0x77e946f3c079f95616c22c44089c181820742d28,1,nonce,7999407
polygon-zkevm:0x77e946f3c079f95616c22c44089c181820742d28:SMT_KEY:2,0x77e946f3c079f95616c22c44089c181820742d28,2,code_hash,7999407
polygon-zkevm:0x77e946f3c079f95616c22c44089c181820742d28:SMT_KEY:4,0x77e946f3c079f95616c22c44089c181820742d28,4,code_hash_length,7999407
polygon-zkevm:0x1fa06e0374f8dd6fcf398703b757946310bbd04c:SMT_KEY:0,0x1fa06e0374f8dd6fcf398703b757946310bbd04c,0,balance,7999417
polygon-zkevm:0x1fa06e0374f8dd6fcf398703b757946310bbd04c:SMT_KEY:1,0x1fa06e0374f8dd6fcf398703b757946310bbd04c,1,nonce,7999417
polygon-zkevm:0x1fa06e0374f8dd6fcf398703b757946310bbd04c:SMT_KEY:2,0x1fa06e0374f8dd6fcf398703b757946310bbd04c,2,code_hash,7999417
polygon-zkevm:0x1fa06e0374f8dd6fcf398703b757946310bbd04c:SMT_KEY:4,0x1fa06e0374f8dd6fcf398703b757946310bbd04c,4,code_hash_length,7999417
polygon-zkevm:0xfa264102fbdd206bcf365537b529616ed6015025:SMT_KEY:0,0xfa264102fbdd206bcf365537b529616ed6015025,0,balance,7999427
polygon-zkevm:0xfa264102fbdd206bcf365537b529616ed6015025:SMT_KEY:1,0xfa264102fbdd206bcf365537b529616ed6015025,1,nonce,7999427
polygon-zkevm:0xfa264102fbdd206bcf365537b529616ed6015025:SMT_KEY:2,0xfa264102fbdd206bcf365537b529616ed6015025,2,code_hash,7999427
polygon-zkevm:0xfa264102fbdd206bcf365537b529616ed6015025:SMT_KEY:4,0xfa264102fbdd206bcf365537b529616ed6015025,4,code_hash_length,7999427
polygon-zkevm:0x4466cda36629fafdca8814b64d083369a85feaf0:SMT_KEY:0,0x4466cda36629fafdca8814b64d083369a85feaf0,0,balance,7999437
polygon-zkevm:0x4466cda36629fafdca8814b64d083369a85feaf0:SMT_KEY:1,0x4466cda36629fafdca8814b64d083369a85feaf0,1,nonce,7999437
polygon-zkevm:0x4466cda36629fafdca8814b64d083369a85feaf0:SMT_KEY:2,0x4466cda36629fafdca8814b64d083369a85feaf0,2,code_hash,7999437
polygon-zkevm:0x4466cda36629fafdca8814b64d083369a85feaf0:SMT_KEY:4,0x4466cda36629fafdca8814b64d083369a85feaf0,4,code_hash_length,7999437
polygon-zkevm:0x81623c263c10f61ffe848786c16d34fe0c6e5fef:SMT_KEY:0,0x81623c263c10f61ffe848786c16d34fe0c6e5fef,0,balance,7999477
polygon-zkevm:0x81623c263c10f61ffe848786c16d34fe0c6e5fef:SMT_KEY:1,0x81623c263c10f61ffe848786c16d34fe0c6e5fef,1,nonce,7999477
polygon-zkevm:0x81623c263c10f61ffe848786c16d34fe0c6e5fef:SMT_KEY:2,0x81623c263c10f61ffe848786c16d34fe0c6e5fef,2,code_hash,7999477
polygon-zkevm:0x81623c263c10f61ffe848786c16d34fe0c6e5fef:SMT_KEY:4,0x81623c263c10f61ffe848786c16d34fe0c6e5fef,4,code_hash_length,7999477
polygon-zkevm:0x14509e4f8c786b9d71e17bb03af76db33fa3a519:SMT_KEY:0,0x14509e4f8c786b9d71e17bb03af76db33fa3a519,0,balance,7999497
polygon-zkevm:0x14509e4f8c786b9d71e17bb03af76db33fa3a519:SMT_KEY:1,0x14509e4f8c786b9d71e17bb03af76db33fa3a519,1,nonce,7999497
polygon-zkevm:0x14509e4f8c786b9d71e17bb03af76db33fa3a519:SMT_KEY:2,0x14509e4f8c786b9d71e17bb03af76db33fa3a519,2,code_hash,7999497
polygon-zkevm:0x14509e4f8c786b9d71e17bb03af76db33fa3a519:SMT_KEY:4,0x14509e4f8c786b9d71e17bb03af76db33fa3a519,4,code_hash_length,7999497
polygon-zkevm:0xff2ba47e9fcfd407ea2cd333bfccb65b459b61a2:SMT_KEY:0,0xff2ba47e9fcfd407ea2cd333bfccb65b459b61a2,0,balance,7999507
polygon-zkevm:0xff2ba47e9fcfd407ea2cd333bfccb65b459b61a2:SMT_KEY:1,0xff2ba47e9fcfd407ea2cd333bfccb65b459b61a2,1,nonce,7999507
polygon-zkevm:0xff2ba47e9fcfd407ea2cd333bfccb65b459b61a2:SMT_KEY:2,0xff2ba47e9fcfd407ea2cd333bfccb65b459b61a2,2,code_hash,7999507
polygon-zkevm:0xff2ba47e9fcfd407ea2cd333bfccb65b459b61a2:SMT_KEY:4,0xff2ba47e9fcfd407ea2cd333bfccb65b459b61a2,4,code_hash_length,7999507
polygon-zkevm:0xabbe15ca82410eafa23ab4e16e4fc4ffd161a3dd:SMT_KEY:0,0xabbe15ca82410eafa23ab4e16e4fc4ffd161a3dd,0,balance,7999517
polygon-zkevm:0xabbe15ca82410eafa23ab4e16e4fc4ffd161a3dd:SMT_KEY:1,0xabbe15ca82410eafa23ab4e16e4fc4ffd161a3dd,1,nonce,7999517
polygon-zkevm:0xabbe15ca82410eafa23ab4e16e4fc4ffd161a3dd:SMT_KEY:2,0xabbe15ca82410eafa23ab4e16e4fc4ffd161a3dd,2,code_hash,7999517
polygon-zkevm:0xabbe15ca82410eafa23ab4e16e4fc4ffd161a3dd:SMT_KEY:4,0xabbe15ca82410eafa23ab4e16e4fc4ffd161a3dd,4,code_hash_length,7999517
polygon-zkevm:0x8fd34eefbfc607a1aabd8e0eea2d1ce82b07e1ca:SMT_KEY:0,0x8fd34eefbfc607a1aabd8e0eea2d1ce82b07e1ca,0,balance,7999527
polygon-zkevm:0x8fd34eefbfc607a1aabd8e0eea2d1ce82b07e1ca:SMT_KEY:1,0x8fd34eefbfc607a1aabd8e0eea2d1ce82b07e1ca,1,nonce,7999527
polygon-zkevm:0x8fd34eefbfc607a1aabd8e0eea2d1ce82b07e1ca:SMT_KEY:2,0x8fd34eefbfc607a1aabd8e0eea2d1ce82b07e1ca,2,code_hash,7999527
polygon-zkevm:0x8fd34eefbfc607a1aabd8e0eea2d1ce82b07e1ca:SMT_KEY:4,0x8fd34eefbfc607a1aabd8e0eea2d1ce82b07e1ca,4,code_hash_length,7999527
polygon-zkevm:0x10693ae68e43870abb048cca95a7dc06067086d4:SMT_KEY:0,0x10693ae68e43870abb048cca95a7dc06067086d4,0,balance,7999537
polygon-zkevm:0x10693ae68e43870abb048cca95a7dc06067086d4:SMT_KEY:1,0x10693ae68e43870abb048cca95a7dc06067086d4,1,nonce,7999537
polygon-zkevm:0x10693ae68e43870abb048cca95a7dc06067086d4:SMT_KEY:2,0x10693ae68e43870abb048cca95a7dc06067086d4,2,code_hash,7999537
polygon-zkevm:0x10693ae68e43870abb048cca95a7dc06067086d4:SMT_KEY:4,0x10693ae68e43870abb048cca95a7dc06067086d4,4,code_hash_length,7999537
polygon-zkevm:0xefab60acfaaf6d9264ab6581ffb71988028486fd:SMT_KEY:0,0xefab60acfaaf6d9264ab6581ffb71988028486fd,0,balance,7999547
polygon-zkevm:0xefab60acfaaf6d9264ab6581ffb71988028486fd:SMT_KEY:1,0xefab60acfaaf6d9264ab6581ffb71988028486fd,1,nonce,7999547
polygon-zkevm:0xefab60acfaaf6d9264ab6581ffb71988028486fd:SMT_KEY:2,0xefab60acfaaf6d9264ab6581ffb71988028486fd,2,code_hash,7999547
polygon-zkevm:0xefab60acfaaf6d9264ab6581ffb71988028486fd:SMT_KEY:4,0xefab60acfaaf6d9264ab6581ffb71988028486fd,4,code_hash_length,7999547
polygon-zkevm:0x3913ecc1c8e2a97a34f51efbccaab5848081cdcd:SMT_KEY:0,0x3913ecc1c8e2a97a34f51efbccaab5848081cdcd,0,balance,7999557
polygon-zkevm:0x3913ecc1c8e2a97a34f51efbccaab5848081cdcd:SMT_KEY:1,0x3913ecc1c8e2a97a34f51efbccaab5848081cdcd,1,nonce,7999557
polygon-zkevm:0x3913ecc1c8e2a97a34f51efbccaab5848081cdcd:SMT_KEY:2,0x3913ecc1c8e2a97a34f51efbccaab5848081cdcd,2,code_hash,7999557
polygon-zkevm:0x3913ecc1c8e2a97a34f51efbccaab5848081cdcd:SMT_KEY:4,0x3913ecc1c8e2a97a34f51efbccaab5848081cdcd,4,code_hash_length,7999557
polygon-zkevm:0x65a4b8a0927c7fd899aed24356bf83810f7b9a3f:SMT_KEY:0,0x65a4b8a0927c7fd899aed24356bf83810f7b9a3f,0,balance,7999567
polygon-zkevm:0x65a4b8a0927c7fd899aed24356bf83810f7b9a3f:SMT_KEY:1,0x65a4b8a0927c7fd899aed24356bf83810f7b9a3f,1,nonce,7999567
polygon-zkevm:0x65a4b8a0927c7fd899aed24356bf83810f7b9a3f:SMT_KEY:2,0x65a4b8a0927c7fd899aed24356bf83810f7b9a3f,2,code_hash,7999567
polygon-zkevm:0x65a4b8a0927c7fd899aed24356bf83810f7b9a3f:SMT_KEY:4,0x65a4b8a0927c7fd899aed24356bf83810f7b9a3f,4,code_hash_length,7999567
polygon-zkevm:0xaf8ae6955d07776ab690e565ba6fbc79b8de3a5d:SMT_KEY:0,0xaf8ae6955d07776ab690e565ba6fbc79b8de3a5d,0,balance,7999567
polygon-zkevm:0xaf8ae6955d07776ab690e565ba6fbc79b8de3a5d:SMT_KEY:1,0xaf8ae6955d07776ab690e565ba6fbc79b8de3a5d,1,nonce,7999567
polygon-zkevm:0xaf8ae6955d07776ab690e565ba6fbc79b8de3a5d:SMT_KEY:2,0xaf8ae6955d07776ab690e565ba6fbc79b8de3a5d,2,code_hash,7999567
polygon-zkevm:0xaf8ae6955d07776ab690e565ba6fbc79b8de3a5d:SMT_KEY:4,0xaf8ae6955d07776ab690e565ba6fbc79b8de3a5d,4,code_hash_length,7999567
polygon-zkevm:0x402c8f617bc9f1cd84f4d527e01c15f6877adbb5:SMT_KEY:0,0x402c8f617bc9f1cd84f4d527e01c15f6877adbb5,0,balance,7999577
polygon-zkevm:0x402c8f617bc9f1cd84f4d527e01c15f6877adbb5:SMT_KEY:1,0x402c8f617bc9f1cd84f4d527e01c15f6877adbb5,1,nonce,7999577
polygon-zkevm:0x402c8f617bc9f1cd84f4d527e01c15f6877adbb5:SMT_KEY:2,0x402c8f617bc9f1cd84f4d527e01c15f6877adbb5,2,code_hash,7999577
polygon-zkevm:0x402c8f617bc9f1cd84f4d527e01c15f6877adbb5:SMT_KEY:4,0x402c8f617bc9f1cd84f4d527e01c15f6877adbb5,4,code_hash_length,7999577
polygon-zkevm:0xd437f7b44c52401579fcfb0d217ad65ad833abf0:SMT_KEY:0,0xd437f7b44c52401579fcfb0d217ad65ad833abf0,0,balance,7999587
polygon-zkevm:0xd437f7b44c52401579fcfb0d217ad65ad833abf0:SMT_KEY:1,0xd437f7b44c52401579fcfb0d217ad65ad833abf0,1,nonce,7999587
polygon-zkevm:0xd437f7b44c52401579fcfb0d217ad65ad833abf0:SMT_KEY:2,0xd437f7b44c52401579fcfb0d217ad65ad833abf0,2,code_hash,7999587
polygon-zkevm:0xd437f7b44c52401579fcfb0d217ad65ad833abf0:SMT_KEY:4,0xd437f7b44c52401579fcfb0d217ad65ad833abf0,4,code_hash_length,7999587
polygon-zkevm:0x41011442c1e6908b95d364bcb653ccd27f9801a4:SMT_KEY:0,0x41011442c1e6908b95d364bcb653ccd27f9801a4,0,balance,7999607
polygon-zkevm:0x41011442c1e6908b95d364bcb653ccd27f9801a4:SMT_KEY:1,0x41011442c1e6908b95d364bcb653ccd27f9801a4,1,nonce,7999607
polygon-zkevm:0x41011442c1e6908b95d364bcb653ccd27f9801a4:SMT_KEY:2,0x41011442c1e6908b95d364bcb653ccd27f9801a4,2,code_hash,7999607
polygon-zkevm:0x41011442c1e6908b95d364bcb653ccd27f9801a4:SMT_KEY:4,0x41011442c1e6908b95d364bcb653ccd27f9801a4,4,code_hash_length,7999607
polygon-zkevm:0xfec92c25021cf3a015fd2f8e4e1b3f3293244e8b:SMT_KEY:0,0xfec92c25021cf3a015fd2f8e4e1b3f3293244e8b,0,balance,7999617
polygon-zkevm:0xfec92c25021cf3a015fd2f8e4e1b3f3293244e8b:SMT_KEY:1,0xfec92c25021cf3a015fd2f8e4e1b3f3293244e8b,1,nonce,7999617
polygon-zkevm:0xfec92c25021cf3a015fd2f8e4e1b3f3293244e8b:SMT_KEY:2,0xfec92c25021cf3a015fd2f8e4e1b3f3293244e8b,2,code_hash,7999617
polygon-zkevm:0xfec92c25021cf3a015fd2f8e4e1b3f3293244e8b:SMT_KEY:4,0xfec92c25021cf3a015fd2f8e4e1b3f3293244e8b,4,code_hash_length,7999617
polygon-zkevm:0x415c26cbacece7b2499de2c25591be225319b1c0:SMT_KEY:0,0x415c26cbacece7b2499de2c25591be225319b1c0,0,balance,7999627
polygon-zkevm:0x415c26cbacece7b2499de2c25591be225319b1c0:SMT_KEY:1,0x415c26cbacece7b2499de2c25591be225319b1c0,1,nonce,7999627
polygon-zkevm:0x415c26cbacece7b2499de2c25591be225319b1c0:SMT_KEY:2,0x415c26cbacece7b2499de2c25591be225319b1c0,2,code_hash,7999627
polygon-zkevm:0x415c26cbacece7b2499de2c25591be225319b1c0:SMT_KEY:4,0x415c26cbacece7b2499de2c25591be225319b1c0,4,code_hash_length,7999627
polygon-zkevm:0xb9596fea763c6f0c0656f39c7f058c5870c2735f:SMT_KEY:0,0xb9596fea763c6f0c0656f39c7f058c5870c2735f,0,balance,7999637
polygon-zkevm:0xb9596fea763c6f0c0656f39c7f058c5870c2735f:SMT_KEY:1,0xb9596fea763c6f0c0656f39c7f058c5870c2735f,1,nonce,7999637
polygon-zkevm:0xb9596fea763c6f0c0656f39c7f058c5870c2735f:SMT_KEY:2,0xb9596fea763c6f0c0656f39c7f058c5870c2735f,2,code_hash,7999637
polygon-zkevm:0xb9596fea763c6f0c0656f39c7f058c5870c2735f:SMT_KEY:4,0xb9596fea763c6f0c0656f39c7f058c5870c2735f,4,code_hash_length,7999637
polygon-zkevm:0xa1453b2e5d0d54816a0965923d5785cf6f55b660:SMT_KEY:0,0xa1453b2e5d0d54816a0965923d5785cf6f55b660,0,balance,7999657
polygon-zkevm:0xa1453b2e5d0d54816a0965923d5785cf6f55b660:SMT_KEY:1,0xa1453b2e5d0d54816a0965923d5785cf6f55b660,1,nonce,7999657
polygon-zkevm:0xa1453b2e5d0d54816a0965923d5785cf6f55b660:SMT_KEY:2,0xa1453b2e5d0d54816a0965923d5785cf6f55b660,2,code_hash,7999657
polygon-zkevm:0xa1453b2e5d0d54816a0965923d5785cf6f55b660:SMT_KEY:4,0xa1453b2e5d0d54816a0965923d5785cf6f55b660,4,code_hash_length,7999657
polygon-zkevm:0xfefad0824de5e0e2a94d26bd11a30013e086db8f:SMT_KEY:0,0xfefad0824de5e0e2a94d26bd11a30013e086db8f,0,balance,7999667
polygon-zkevm:0xfefad0824de5e0e2a94d26bd11a30013e086db8f:SMT_KEY:1,0xfefad0824de5e0e2a94d26bd11a30013e086db8f,1,nonce,7999667
polygon-zkevm:0xfefad0824de5e0e2a94d26bd11a30013e086db8f:SMT_KEY:2,0xfefad0824de5e0e2a94d26bd11a30013e086db8f,2,code_hash,7999667
polygon-zkevm:0xfefad0824de5e0e2a94d26bd11a30013e086db8f:SMT_KEY:4,0xfefad0824de5e0e2a94d26bd11a30013e086db8f,4,code_hash_length,7999667
polygon-zkevm:0xa01a0fc51b959dfde2c0ceb1397e8cc7d69de155:SMT_KEY:0,0xa01a0fc51b959dfde2c0ceb1397e8cc7d69de155,0,balance,7999677
polygon-zkevm:0xa01a0fc51b959dfde2c0ceb1397e8cc7d69de155:SMT_KEY:1,0xa01a0fc51b959dfde2c0ceb1397e8cc7d69de155,1,nonce,7999677
polygon-zkevm:0xa01a0fc51b959dfde2c0ceb1397e8cc7d69de155:SMT_KEY:2,0xa01a0fc51b959dfde2c0ceb1397e8cc7d69de155,2,code_hash,7999677
polygon-zkevm:0xa01a0fc51b959dfde2c0ceb1397e8cc7d69de155:SMT_KEY:4,0xa01a0fc51b959dfde2c0ceb1397e8cc7d69de155,4,code_hash_length,7999677
polygon-zkevm:0xedac7f95ebda06b5531f137af4b0f2f99ebc3779:SMT_KEY:0,0xedac7f95ebda06b5531f137af4b0f2f99ebc3779,0,balance,7999687
polygon-zkevm:0xedac7f95ebda06b5531f137af4b0f2f99ebc3779:SMT_KEY:1,0xedac7f95ebda06b5531f137af4b0f2f99ebc3779,1,nonce,7999687
polygon-zkevm:0xedac7f95ebda06b5531f137af4b0f2f99ebc3779:SMT_KEY:2,0xedac7f95ebda06b5531f137af4b0f2f99ebc3779,2,code_hash,7999687
polygon-zkevm:0xedac7f95ebda06b5531f137af4b0f2f99ebc3779:SMT_KEY:4,0xedac7f95ebda06b5531f137af4b0f2f99ebc3779,4,code_hash_length,7999687
polygon-zkevm:0x72f876aa0af57ef842203f6711778cff953c240a:SMT_KEY:0,0x72f876aa0af57ef842203f6711778cff953c240a,0,balance,7999697
polygon-zkevm:0x72f876aa0af57ef842203f6711778cff953c240a:SMT_KEY:1,0x72f876aa0af57ef842203f6711778cff953c240a,1,nonce,7999697
polygon-zkevm:0x72f876aa0af57ef842203f6711778cff953c240a:SMT_KEY:2,0x72f876aa0af57ef842203f6711778cff953c240a,2,code_hash,7999697
polygon-zkevm:0x72f876aa0af57ef842203f6711778cff953c240a:SMT_KEY:4,0x72f876aa0af57ef842203f6711778cff953c240a,4,code_hash_length,7999697
polygon-zkevm:0x3758aa66cad9f2606f1f501c9cb31b94b713a6d5:SMT_KEY:0,0x3758aa66cad9f2606f1f501c9cb31b94b713a6d5,0,balance,7999707
polygon-zkevm:0x3758aa66cad9f2606f1f501c9cb31b94b713a6d5:SMT_KEY:1,0x3758aa66cad9f2606f1f501c9cb31b94b713a6d5,1,nonce,7999707
polygon-zkevm:0x3758aa66cad9f2606f1f501c9cb31b94b713a6d5:SMT_KEY:2,0x3758aa66cad9f2606f1f501c9cb31b94b713a6d5,2,code_hash,7999707
polygon-zkevm:0x3758aa66cad9f2606f1f501c9cb31b94b713a6d5:SMT_KEY:4,0x3758aa66cad9f2606f1f501c9cb31b94b713a6d5,4,code_hash_length,7999707
polygon-zkevm:0x924a32d688725b7e35c5f7b208c8e6ce9e4b2193:SMT_KEY:0,0x924a32d688725b7e35c5f7b208c8e6ce9e4b2193,0,balance,7999717
polygon-zkevm:0x924a32d688725b7e35c5f7b208c8e6ce9e4b2193:SMT_KEY:1,0x924a32d688725b7e35c5f7b208c8e6ce9e4b2193,1,nonce,7999717
polygon-zkevm:0x924a32d688725b7e35c5f7b208c8e6ce9e4b2193:SMT_KEY:2,0x924a32d688725b7e35c5f7b208c8e6ce9e4b2193,2,code_hash,7999717
polygon-zkevm:0x924a32d688725b7e35c5f7b208c8e6ce9e4b2193:SMT_KEY:4,0x924a32d688725b7e35c5f7b208c8e6ce9e4b2193,4,code_hash_length,7999717
polygon-zkevm:0xc39a08124b2b34ae5ea02f5a92ceb3dbedc5fe6e:SMT_KEY:0,0xc39a08124b2b34ae5ea02f5a92ceb3dbedc5fe6e,0,balance,7999737
polygon-zkevm:0xc39a08124b2b34ae5ea02f5a92ceb3dbedc5fe6e:SMT_KEY:1,0xc39a08124b2b34ae5ea02f5a92ceb3dbedc5fe6e,1,nonce,7999737
polygon-zkevm:0xc39a08124b2b34ae5ea02f5a92ceb3dbedc5fe6e:SMT_KEY:2,0xc39a08124b2b34ae5ea02f5a92ceb3dbedc5fe6e,2,code_hash,7999737
polygon-zkevm:0xc39a08124b2b34ae5ea02f5a92ceb3dbedc5fe6e:SMT_KEY:4,0xc39a08124b2b34ae5ea02f5a92ceb3dbedc5fe6e,4,code_hash_length,7999737
polygon-zkevm:0x319b5024cbc1af9cb4b2b4f96308abe6080b23db:SMT_KEY:0,0x319b5024cbc1af9cb4b2b4f96308abe6080b23db,0,balance,7999757
polygon-zkevm:0x319b5024cbc1af9cb4b2b4f96308abe6080b23db:SMT_KEY:1,0x319b5024cbc1af9cb4b2b4f96308abe6080b23db,1,nonce,7999757
polygon-zkevm:0x319b5024cbc1af9cb4b2b4f96308abe6080b23db:SMT_KEY:2,0x319b5024cbc1af9cb4b2b4f96308abe6080b23db,2,code_hash,7999757
polygon-zkevm:0x319b5024cbc1af9cb4b2b4f96308abe6080b23db:SMT_KEY:4,0x319b5024cbc1af9cb4b2b4f96308abe6080b23db,4,code_hash_length,7999757
polygon-zkevm:0x6d63094943598b80c054fa2841a24cc449e4d6d7:SMT_KEY:0,0x6d63094943598b80c054fa2841a24cc449e4d6d7,0,balance,7999777
polygon-zkevm:0x6d63094943598b80c054fa2841a24cc449e4d6d7:SMT_KEY:1,0x6d63094943598b80c054fa2841a24cc449e4d6d7,1,nonce,7999777
polygon-zkevm:0x6d63094943598b80c054fa2841a24cc449e4d6d7:SMT_KEY:2,0x6d63094943598b80c054fa2841a24cc449e4d6d7,2,code_hash,7999777
polygon-zkevm:0x6d63094943598b80c054fa2841a24cc449e4d6d7:SMT_KEY:4,0x6d63094943598b80c054fa2841a24cc449e4d6d7,4,code_hash_length,7999777
polygon-zkevm:0x41c2ad810b8d4038734bd0e156b89eae0e222f01:SMT_KEY:0,0x41c2ad810b8d4038734bd0e156b89eae0e222f01,0,balance,7999787
polygon-zkevm:0x41c2ad810b8d4038734bd0e156b89eae0e222f01:SMT_KEY:1,0x41c2ad810b8d4038734bd0e156b89eae0e222f01,1,nonce,7999787
polygon-zkevm:0x41c2ad810b8d4038734bd0e156b89eae0e222f01:SMT_KEY:2,0x41c2ad810b8d4038734bd0e156b89eae0e222f01,2,code_hash,7999787
polygon-zkevm:0x41c2ad810b8d4038734bd0e156b89eae0e222f01:SMT_KEY:4,0x41c2ad810b8d4038734bd0e156b89eae0e222f01,4,code_hash_length,7999787
polygon-zkevm:0x696c0ba235444607a1c4b93e6b34ba14928c1b60:SMT_KEY:0,0x696c0ba235444607a1c4b93e6b34ba14928c1b60,0,balance,7999787
polygon-zkevm:0x696c0ba235444607a1c4b93e6b34ba14928c1b60:SMT_KEY:1,0x696c0ba235444607a1c4b93e6b34ba14928c1b60,1,nonce,7999787
polygon-zkevm:0x696c0ba235444607a1c4b93e6b34ba14928c1b60:SMT_KEY:2,0x696c0ba235444607a1c4b93e6b34ba14928c1b60,2,code_hash,7999787
polygon-zkevm:0x696c0ba235444607a1c4b93e6b34ba14928c1b60:SMT_KEY:4,0x696c0ba235444607a1c4b93e6b34ba14928c1b60,4,code_hash_length,7999787
polygon-zkevm:0xfe952def1c0e295048374ccd0b8ebe7001f1123e:SMT_KEY:0,0xfe952def1c0e295048374ccd0b8ebe7001f1123e,0,balance,7999797
polygon-zkevm:0xfe952def1c0e295048374ccd0b8ebe7001f1123e:SMT_KEY:1,0xfe952def1c0e295048374ccd0b8ebe7001f1123e,1,nonce,7999797
polygon-zkevm:0xfe952def1c0e295048374ccd0b8ebe7001f1123e:SMT_KEY:2,0xfe952def1c0e295048374ccd0b8ebe7001f1123e,2,code_hash,7999797
polygon-zkevm:0xfe952def1c0e295048374ccd0b8ebe7001f1123e:SMT_KEY:4,0xfe952def1c0e295048374ccd0b8ebe7001f1123e,4,code_hash_length,7999797
polygon-zkevm:0x56fb8ec07018924e0bf201a9d1d7ec51ce2d14ea:SMT_KEY:0,0x56fb8ec07018924e0bf201a9d1d7ec51ce2d14ea,0,balance,7999807
polygon-zkevm:0x56fb8ec07018924e0bf201a9d1d7ec51ce2d14ea:SMT_KEY:1,0x56fb8ec07018924e0bf201a9d1d7ec51ce2d14ea,1,nonce,7999807
polygon-zkevm:0x56fb8ec07018924e0bf201a9d1d7ec51ce2d14ea:SMT_KEY:2,0x56fb8ec07018924e0bf201a9d1d7ec51ce2d14ea,2,code_hash,7999807
polygon-zkevm:0x56fb8ec07018924e0bf201a9d1d7ec51ce2d14ea:SMT_KEY:4,0x56fb8ec07018924e0bf201a9d1d7ec51ce2d14ea,4,code_hash_length,7999807
polygon-zkevm:0x22dbab013fe4cbd9d412beb111d226a5c5a2b503:SMT_KEY:0,0x22dbab013fe4cbd9d412beb111d226a5c5a2b503,0,balance,7999817
polygon-zkevm:0x22dbab013fe4cbd9d412beb111d226a5c5a2b503:SMT_KEY:1,0x22dbab013fe4cbd9d412beb111d226a5c5a2b503,1,nonce,7999817
polygon-zkevm:0x22dbab013fe4cbd9d412beb111d226a5c5a2b503:SMT_KEY:2,0x22dbab013fe4cbd9d412beb111d226a5c5a2b503,2,code_hash,7999817
polygon-zkevm:0x22dbab013fe4cbd9d412beb111d226a5c5a2b503:SMT_KEY:4,0x22dbab013fe4cbd9d412beb111d226a5c5a2b503,4,code_hash_length,7999817
polygon-zkevm:0x503deabad9641c5b4015041eeb0f1263e415715d:SMT_KEY:0,0x503deabad9641c5b4015041eeb0f1263e415715d,0,balance,7999827
polygon-zkevm:0x503deabad9641c5b4015041eeb0f1263e415715d:SMT_KEY:1,0x503deabad9641c5b4015041eeb0f1263e415715d,1,nonce,7999827
polygon-zkevm:0x503deabad9641c5b4015041eeb0f1263e415715d:SMT_KEY:2,0x503deabad9641c5b4015041eeb0f1263e415715d,2,code_hash,7999827
polygon-zkevm:0x503deabad9641c5b4015041eeb0f1263e415715d:SMT_KEY:4,0x503deabad9641c5b4015041eeb0f1263e415715d,4,code_hash_length,7999827
polygon-zkevm:0x892e025d252779e2df91cc84ef0d77f3ef32e458:SMT_KEY:0,0x892e025d252779e2df91cc84ef0d77f3ef32e458,0,balance,7999827
polygon-zkevm:0x892e025d252779e2df91cc84ef0d77f3ef32e458:SMT_KEY:1,0x892e025d252779e2df91cc84ef0d77f3ef32e458,1,nonce,7999827
polygon-zkevm:0x892e025d252779e2df91cc84ef0d77f3ef32e458:SMT_KEY:2,0x892e025d252779e2df91cc84ef0d77f3ef32e458,2,code_hash,7999827
polygon-zkevm:0x892e025d252779e2df91cc84ef0d77f3ef32e458:SMT_KEY:4,0x892e025d252779e2df91cc84ef0d77f3ef32e458,4,code_hash_length,7999827
polygon-zkevm:0x15881a0ac127aadf37e66d4b4afd30cdd8d8a821:SMT_KEY:0,0x15881a0ac127aadf37e66d4b4afd30cdd8d8a821,0,balance,7999837
polygon-zkevm:0x15881a0ac127aadf37e66d4b4afd30cdd8d8a821:SMT_KEY:1,0x15881a0ac127aadf37e66d4b4afd30cdd8d8a821,1,nonce,7999837
polygon-zkevm:0x15881a0ac127aadf37e66d4b4afd30cdd8d8a821:SMT_KEY:2,0x15881a0ac127aadf37e66d4b4afd30cdd8d8a821,2,code_hash,7999837
polygon-zkevm:0x15881a0ac127aadf37e66d4b4afd30cdd8d8a821:SMT_KEY:4,0x15881a0ac127aadf37e66d4b4afd30cdd8d8a821,4,code_hash_length,7999837
polygon-zkevm:0xd181a5c725d5c0a9eb5a6a2eee4455bbe5175d09:SMT_KEY:0,0xd181a5c725d5c0a9eb5a6a2eee4455bbe5175d09,0,balance,7999857
polygon-zkevm:0xd181a5c725d5c0a9eb5a6a2eee4455bbe5175d09:SMT_KEY:1,0xd181a5c725d5c0a9eb5a6a2eee4455bbe5175d09,1,nonce,7999857
polygon-zkevm:0xd181a5c725d5c0a9eb5a6a2eee4455bbe5175d09:SMT_KEY:2,0xd181a5c725d5c0a9eb5a6a2eee4455bbe5175d09,2,code_hash,7999857
polygon-zkevm:0xd181a5c725d5c0a9eb5a6a2eee4455bbe5175d09:SMT_KEY:4,0xd181a5c725d5c0a9eb5a6a2eee4455bbe5175d09,4,code_hash_length,7999857
polygon-zkevm:0x10c78e7dd1e2617510e012e3e0e26c134c810862:SMT_KEY:0,0x10c78e7dd1e2617510e012e3e0e26c134c810862,0,balance,7999867
polygon-zkevm:0x10c78e7dd1e2617510e012e3e0e26c134c810862:SMT_KEY:1,0x10c78e7dd1e2617510e012e3e0e26c134c810862,1,nonce,7999867
polygon-zkevm:0x10c78e7dd1e2617510e012e3e0e26c134c810862:SMT_KEY:2,0x10c78e7dd1e2617510e012e3e0e26c134c810862,2,code_hash,7999867
polygon-zkevm:0x10c78e7dd1e2617510e012e3e0e26c134c810862:SMT_KEY:4,0x10c78e7dd1e2617510e012e3e0e26c134c810862,4,code_hash_length,7999867
polygon-zkevm:0xed9d4e8621000f81c9c9052177d4bfb53c2dec1c:SMT_KEY:0,0xed9d4e8621000f81c9c9052177d4bfb53c2dec1c,0,balance,7999877
polygon-zkevm:0xed9d4e8621000f81c9c9052177d4bfb53c2dec1c:SMT_KEY:1,0xed9d4e8621000f81c9c9052177d4bfb53c2dec1c,1,nonce,7999877
polygon-zkevm:0xed9d4e8621000f81c9c9052177d4bfb53c2dec1c:SMT_KEY:2,0xed9d4e8621000f81c9c9052177d4bfb53c2dec1c,2,code_hash,7999877
polygon-zkevm:0xed9d4e8621000f81c9c9052177d4bfb53c2dec1c:SMT_KEY:4,0xed9d4e8621000f81c9c9052177d4bfb53c2dec1c,4,code_hash_length,7999877
polygon-zkevm:0x3053542f1310618bbfa7db1690fdb5c6a1d7612a:SMT_KEY:0,0x3053542f1310618bbfa7db1690fdb5c6a1d7612a,0,balance,7999897
polygon-zkevm:0x3053542f1310618bbfa7db1690fdb5c6a1d7612a:SMT_KEY:1,0x3053542f1310618bbfa7db1690fdb5c6a1d7612a,1,nonce,7999897
polygon-zkevm:0x3053542f1310618bbfa7db1690fdb5c6a1d7612a:SMT_KEY:2,0x3053542f1310618bbfa7db1690fdb5c6a1d7612a,2,code_hash,7999897
polygon-zkevm:0x3053542f1310618bbfa7db1690fdb5c6a1d7612a:SMT_KEY:4,0x3053542f1310618bbfa7db1690fdb5c6a1d7612a,4,code_hash_length,7999897
polygon-zkevm:0x43d1de2bcdbfc1a260d84a65be3f346e17fcbc32:SMT_KEY:0,0x43d1de2bcdbfc1a260d84a65be3f346e17fcbc32,0,balance,7999907
polygon-zkevm:0x43d1de2bcdbfc1a260d84a65be3f346e17fcbc32:SMT_KEY:1,0x43d1de2bcdbfc1a260d84a65be3f346e17fcbc32,1,nonce,7999907
polygon-zkevm:0x43d1de2bcdbfc1a260d84a65be3f346e17fcbc32:SMT_KEY:2,0x43d1de2bcdbfc1a260d84a65be3f346e17fcbc32,2,code_hash,7999907
polygon-zkevm:0x43d1de2bcdbfc1a260d84a65be3f346e17fcbc32:SMT_KEY:4,0x43d1de2bcdbfc1a260d84a65be3f346e17fcbc32,4,code_hash_length,7999907
polygon-zkevm:0x8f1c6ea5d36b5e3159a0db851bd9ba1392d1058f:SMT_KEY:0,0x8f1c6ea5d36b5e3159a0db851bd9ba1392d1058f,0,balance,7999917
polygon-zkevm:0x8f1c6ea5d36b5e3159a0db851bd9ba1392d1058f:SMT_KEY:1,0x8f1c6ea5d36b5e3159a0db851bd9ba1392d1058f,1,nonce,7999917
polygon-zkevm:0x8f1c6ea5d36b5e3159a0db851bd9ba1392d1058f:SMT_KEY:2,0x8f1c6ea5d36b5e3159a0db851bd9ba1392d1058f,2,code_hash,7999917
polygon-zkevm:0x8f1c6ea5d36b5e3159a0db851bd9ba1392d1058f:SMT_KEY:4,0x8f1c6ea5d36b5e3159a0db851bd9ba1392d1058f,4,code_hash_length,7999917
polygon-zkevm:0x812ade38ec63860a7af9a4c8e80b66baf6566ab6:SMT_KEY:0,0x812ade38ec63860a7af9a4c8e80b66baf6566ab6,0,balance,7999947
polygon-zkevm:0x812ade38ec63860a7af9a4c8e80b66baf6566ab6:SMT_KEY:1,0x812ade38ec63860a7af9a4c8e80b66baf6566ab6,1,nonce,7999947
polygon-zkevm:0x812ade38ec63860a7af9a4c8e80b66baf6566ab6:SMT_KEY:2,0x812ade38ec63860a7af9a4c8e80b66baf6566ab6,2,code_hash,7999947
polygon-zkevm:0x812ade38ec63860a7af9a4c8e80b66baf6566ab6:SMT_KEY:4,0x812ade38ec63860a7af9a4c8e80b66baf6566ab6,4,code_hash_length,7999947
polygon-zkevm:0x1872f74f4a80eaeb2d85fd3d431943bde8f1beb4:SMT_KEY:0,0x1872f74f4a80eaeb2d85fd3d431943bde8f1beb4,0,balance,7999957
polygon-zkevm:0x1872f74f4a80eaeb2d85fd3d431943bde8f1beb4:SMT_KEY:1,0x1872f74f4a80eaeb2d85fd3d431943bde8f1beb4,1,nonce,7999957
polygon-zkevm:0x1872f74f4a80eaeb2d85fd3d431943bde8f1beb4:SMT_KEY:2,0x1872f74f4a80eaeb2d85fd3d431943bde8f1beb4,2,code_hash,7999957
polygon-zkevm:0x1872f74f4a80eaeb2d85fd3d431943bde8f1beb4:SMT_KEY:4,0x1872f74f4a80eaeb2d85fd3d431943bde8f1beb4,4,code_hash_length,7999957
polygon-zkevm:0x3f57bea3001496062b67f052d59777f70023e5cc:SMT_KEY:0,0x3f57bea3001496062b67f052d59777f70023e5cc,0,balance,7999957
polygon-zkevm:0x3f57bea3001496062b67f052d59777f70023e5cc:SMT_KEY:1,0x3f57bea3001496062b67f052d59777f70023e5cc,1,nonce,7999957
polygon-zkevm:0x3f57bea3001496062b67f052d59777f70023e5cc:SMT_KEY:2,0x3f57bea3001496062b67f052d59777f70023e5cc,2,code_hash,7999957
polygon-zkevm:0x3f57bea3001496062b67f052d59777f70023e5cc:SMT_KEY:4,0x3f57bea3001496062b67f052d59777f70023e5cc,4,code_hash_length,7999957
polygon-zkevm:0x75c692dffea2ccaed41291ce39911a0bfe8fde75:SMT_KEY:0,0x75c692dffea2ccaed41291ce39911a0bfe8fde75,0,balance,7999967
polygon-zkevm:0x75c692dffea2ccaed41291ce39911a0bfe8fde75:SMT_KEY:1,0x75c692dffea2ccaed41291ce39911a0bfe8fde75,1,nonce,7999967
polygon-zkevm:0x75c692dffea2ccaed41291ce39911a0bfe8fde75:SMT_KEY:2,0x75c692dffea2ccaed41291ce39911a0bfe8fde75,2,code_hash,7999967
polygon-zkevm:0x75c692dffea2ccaed41291ce39911a0bfe8fde75:SMT_KEY:4,0x75c692dffea2ccaed41291ce39911a0bfe8fde75,4,code_hash_length,7999967
polygon-zkevm:0x17da2e48061812d4793125f2eb1b469b701db5fd:SMT_KEY:0,0x17da2e48061812d4793125f2eb1b469b701db5fd,0,balance,7999977
polygon-zkevm:0x17da2e48061812d4793125f2eb1b469b701db5fd:SMT_KEY:1,0x17da2e48061812d4793125f2eb1b469b701db5fd,1,nonce,7999977
polygon-zkevm:0x17da2e48061812d4793125f2eb1b469b701db5fd:SMT_KEY:2,0x17da2e48061812d4793125f2eb1b469b701db5fd,2,code_hash,7999977
polygon-zkevm:0x17da2e48061812d4793125f2eb1b469b701db5fd:SMT_KEY:4,0x17da2e48061812d4793125f2eb1b469b701db5fd,4,code_hash_length,7999977
polygon-zkevm:0x4bb3a360e4309263243be7f3122a4136d34c91a5:SMT_KEY:0,0x4bb3a360e4309263243be7f3122a4136d34c91a5,0,balance,7999997
polygon-zkevm:0x4bb3a360e4309263243be7f3122a4136d34c91a5:SMT_KEY:1,0x4bb3a360e4309263243be7f3122a4136d34c91a5,1,nonce,7999997
polygon-zkevm:0x4bb3a360e4309263243be7f3122a4136d34c91a5:SMT_KEY:2,0x4bb3a360e4309263243be7f3122a4136d34c91a5,2,code_hash,7999997
polygon-zkevm:0x4bb3a360e4309263243be7f3122a4136d34c91a5:SMT_KEY:4,0x4bb3a360e4309263243be7f3122a4136d34c91a5,4,code_hash_length,7999997
polygon-zkevm:0x5664e164b579527b380bedf973c2c7fb7c0c420e:SMT_KEY:0,0x5664e164b579527b380bedf973c2c7fb7c0c420e,0,balance,8000007
polygon-zkevm:0x5664e164b579527b380bedf973c2c7fb7c0c420e:SMT_KEY:1,0x5664e164b579527b380bedf973c2c7fb7c0c420e,1,nonce,8000007
polygon-zkevm:0x5664e164b579527b380bedf973c2c7fb7c0c420e:SMT_KEY:2,0x5664e164b579527b380bedf973c2c7fb7c0c420e,2,code_hash,8000007
polygon-zkevm:0x5664e164b579527b380bedf973c2c7fb7c0c420e:SMT_KEY:4,0x5664e164b579527b380bedf973c2c7fb7c0c420e,4,code_hash_length,8000007
polygon-zkevm:0xf9dd39d8593dbcaeb5a30469163c2fc49777ed11:SMT_KEY:0,0xf9dd39d8593dbcaeb5a30469163c2fc49777ed11,0,balance,8000007
polygon-zkevm:0xf9dd39d8593dbcaeb5a30469163c2fc49777ed11:SMT_KEY:1,0xf9dd39d8593dbcaeb5a30469163c2fc49777ed11,1,nonce,8000007
polygon-zkevm:0xf9dd39d8593dbcaeb5a30469163c2fc49777ed11:SMT_KEY:2,0xf9dd39d8593dbcaeb5a30469163c2fc49777ed11,2,code_hash,8000007
polygon-zkevm:0xf9dd39d8593dbcaeb5a30469163c2fc49777ed11:SMT_KEY:4,0xf9dd39d8593dbcaeb5a30469163c2fc49777ed11,4,code_hash_length,8000007
polygon-zkevm:0x3fdb918f6cfa0f3cc83b99c6f525a73c2fc12e99:SMT_KEY:0,0x3fdb918f6cfa0f3cc83b99c6f525a73c2fc12e99,0,balance,8000017
polygon-zkevm:0x3fdb918f6cfa0f3cc83b99c6f525a73c2fc12e99:SMT_KEY:1,0x3fdb918f6cfa0f3cc83b99c6f525a73c2fc12e99,1,nonce,8000017
polygon-zkevm:0x3fdb918f6cfa0f3cc83b99c6f525a73c2fc12e99:SMT_KEY:2,0x3fdb918f6cfa0f3cc83b99c6f525a73c2fc12e99,2,code_hash,8000017
polygon-zkevm:0x3fdb918f6cfa0f3cc83b99c6f525a73c2fc12e99:SMT_KEY:4,0x3fdb918f6cfa0f3cc83b99c6f525a73c2fc12e99,4,code_hash_length,8000017
polygon-zkevm:0x63c98c683d706356463e5c91701f67396b3475c4:SMT_KEY:0,0x63c98c683d706356463e5c91701f67396b3475c4,0,balance,8000027
polygon-zkevm:0x63c98c683d706356463e5c91701f67396b3475c4:SMT_KEY:1,0x63c98c683d706356463e5c91701f67396b3475c4,1,nonce,8000027
polygon-zkevm:0x63c98c683d706356463e5c91701f67396b3475c4:SMT_KEY:2,0x63c98c683d706356463e5c91701f67396b3475c4,2,code_hash,8000027
polygon-zkevm:0x63c98c683d706356463e5c91701f67396b3475c4:SMT_KEY:4,0x63c98c683d706356463e5c91701f67396b3475c4,4,code_hash_length,8000027
polygon-zkevm:0xec5c3607611fa6436e5c584a5cb31ef4a813f0fd:SMT_KEY:0,0xec5c3607611fa6436e5c584a5cb31ef4a813f0fd,0,balance,8000037
polygon-zkevm:0xec5c3607611fa6436e5c584a5cb31ef4a813f0fd:SMT_KEY:1,0xec5c3607611fa6436e5c584a5cb31ef4a813f0fd,1,nonce,8000037
polygon-zkevm:0xec5c3607611fa6436e5c584a5cb31ef4a813f0fd:SMT_KEY:2,0xec5c3607611fa6436e5c584a5cb31ef4a813f0fd,2,code_hash,8000037
polygon-zkevm:0xec5c3607611fa6436e5c584a5cb31ef4a813f0fd:SMT_KEY:4,0xec5c3607611fa6436e5c584a5cb31ef4a813f0fd,4,code_hash_length,8000037
polygon-zkevm:0xc6393979c7f5b4462d85ba98ee38a2480dc659a7:SMT_KEY:0,0xc6393979c7f5b4462d85ba98ee38a2480dc659a7,0,balance,8000047
polygon-zkevm:0xc6393979c7f5b4462d85ba98ee38a2480dc659a7:SMT_KEY:1,0xc6393979c7f5b4462d85ba98ee38a2480dc659a7,1,nonce,8000047
polygon-zkevm:0xc6393979c7f5b4462d85ba98ee38a2480dc659a7:SMT_KEY:2,0xc6393979c7f5b4462d85ba98ee38a2480dc659a7,2,code_hash,8000047
polygon-zkevm:0xc6393979c7f5b4462d85ba98ee38a2480dc659a7:SMT_KEY:4,0xc6393979c7f5b4462d85ba98ee38a2480dc659a7,4,code_hash_length,8000047
polygon-zkevm:0xeddf25207f91da1e6c03282edf36896e368baa34:SMT_KEY:0,0xeddf25207f91da1e6c03282edf36896e368baa34,0,balance,8000067
polygon-zkevm:0xeddf25207f91da1e6c03282edf36896e368baa34:SMT_KEY:1,0xeddf25207f91da1e6c03282edf36896e368baa34,1,nonce,8000067
polygon-zkevm:0xeddf25207f91da1e6c03282edf36896e368baa34:SMT_KEY:2,0xeddf25207f91da1e6c03282edf36896e368baa34,2,code_hash,8000067
polygon-zkevm:0xeddf25207f91da1e6c03282edf36896e368baa34:SMT_KEY:4,0xeddf25207f91da1e6c03282edf36896e368baa34,4,code_hash_length,8000067
polygon-zkevm:0x301514fb3c57b3a93904b7b7df260efd62c6f60b:SMT_KEY:0,0x301514fb3c57b3a93904b7b7df260efd62c6f60b,0,balance,8000077
polygon-zkevm:0x301514fb3c57b3a93904b7b7df260efd62c6f60b:SMT_KEY:1,0x301514fb3c57b3a93904b7b7df260efd62c6f60b,1,nonce,8000077
polygon-zkevm:0x301514fb3c57b3a93904b7b7df260efd62c6f60b:SMT_KEY:2,0x301514fb3c57b3a93904b7b7df260efd62c6f60b,2,code_hash,8000077
polygon-zkevm:0x301514fb3c57b3a93904b7b7df260efd62c6f60b:SMT_KEY:4,0x301514fb3c57b3a93904b7b7df260efd62c6f60b,4,code_hash_length,8000077
polygon-zkevm:0x12345d0a68b42e20915c5e77a2b95bb8792754eb:SMT_KEY:0,0x12345d0a68b42e20915c5e77a2b95bb8792754eb,0,balance,8000097
polygon-zkevm:0x12345d0a68b42e20915c5e77a2b95bb8792754eb:SMT_KEY:1,0x12345d0a68b42e20915c5e77a2b95bb8792754eb,1,nonce,8000097
polygon-zkevm:0x12345d0a68b42e20915c5e77a2b95bb8792754eb:SMT_KEY:2,0x12345d0a68b42e20915c5e77a2b95bb8792754eb,2,code_hash,8000097
polygon-zkevm:0x12345d0a68b42e20915c5e77a2b95bb8792754eb:SMT_KEY:4,0x12345d0a68b42e20915c5e77a2b95bb8792754eb,4,code_hash_length,8000097
polygon-zkevm:0xb5bbaecdc2b39b44932ad78d7cbbad7d260e959d:SMT_KEY:0,0xb5bbaecdc2b39b44932ad78d7cbbad7d260e959d,0,balance,8000107
polygon-zkevm:0xb5bbaecdc2b39b44932ad78d7cbbad7d260e959d:SMT_KEY:1,0xb5bbaecdc2b39b44932ad78d7cbbad7d260e959d,1,nonce,8000107
polygon-zkevm:0xb5bbaecdc2b39b44932ad78d7cbbad7d260e959d:SMT_KEY:2,0xb5bbaecdc2b39b44932ad78d7cbbad7d260e959d,2,code_hash,8000107
polygon-zkevm:0xb5bbaecdc2b39b44932ad78d7cbbad7d260e959d:SMT_KEY:4,0xb5bbaecdc2b39b44932ad78d7cbbad7d260e959d,4,code_hash_length,8000107
polygon-zkevm:0x2dc5b4261159fffaa56c4e197605d05a72a7b368:SMT_KEY:0,0x2dc5b4261159fffaa56c4e197605d05a72a7b368,0,balance,8000127
polygon-zkevm:0x2dc5b4261159fffaa56c4e197605d05a72a7b368:SMT_KEY:1,0x2dc5b4261159fffaa56c4e197605d05a72a7b368,1,nonce,8000127
polygon-zkevm:0x2dc5b4261159fffaa56c4e197605d05a72a7b368:SMT_KEY:2,0x2dc5b4261159fffaa56c4e197605d05a72a7b368,2,code_hash,8000127
polygon-zkevm:0x2dc5b4261159fffaa56c4e197605d05a72a7b368:SMT_KEY:4,0x2dc5b4261159fffaa56c4e197605d05a72a7b368,4,code_hash_length,8000127
polygon-zkevm:0x5e699f0140039be57ca8c27ee5b4697aa0769b57:SMT_KEY:0,0x5e699f0140039be57ca8c27ee5b4697aa0769b57,0,balance,8000137
polygon-zkevm:0x5e699f0140039be57ca8c27ee5b4697aa0769b57:SMT_KEY:1,0x5e699f0140039be57ca8c27ee5b4697aa0769b57,1,nonce,8000137
polygon-zkevm:0x5e699f0140039be57ca8c27ee5b4697aa0769b57:SMT_KEY:2,0x5e699f0140039be57ca8c27ee5b4697aa0769b57,2,code_hash,8000137
polygon-zkevm:0x5e699f0140039be57ca8c27ee5b4697aa0769b57:SMT_KEY:4,0x5e699f0140039be57ca8c27ee5b4697aa0769b57,4,code_hash_length,8000137
polygon-zkevm:0x758a1e3e12ef6c74d77b4320ea4ef017ad5a4fc4:SMT_KEY:0,0x758a1e3e12ef6c74d77b4320ea4ef017ad5a4fc4,0,balance,8000147
polygon-zkevm:0x758a1e3e12ef6c74d77b4320ea4ef017ad5a4fc4:SMT_KEY:1,0x758a1e3e12ef6c74d77b4320ea4ef017ad5a4fc4,1,nonce,8000147
polygon-zkevm:0x758a1e3e12ef6c74d77b4320ea4ef017ad5a4fc4:SMT_KEY:2,0x758a1e3e12ef6c74d77b4320ea4ef017ad5a4fc4,2,code_hash,8000147
polygon-zkevm:0x758a1e3e12ef6c74d77b4320ea4ef017ad5a4fc4:SMT_KEY:4,0x758a1e3e12ef6c74d77b4320ea4ef017ad5a4fc4,4,code_hash_length,8000147
polygon-zkevm:0x769c7f4ab50e3bb038e1d707430fbefcb1941e07:SMT_KEY:0,0x769c7f4ab50e3bb038e1d707430fbefcb1941e07,0,balance,8000157
polygon-zkevm:0x769c7f4ab50e3bb038e1d707430fbefcb1941e07:SMT_KEY:1,0x769c7f4ab50e3bb038e1d707430fbefcb1941e07,1,nonce,8000157
polygon-zkevm:0x769c7f4ab50e3bb038e1d707430fbefcb1941e07:SMT_KEY:2,0x769c7f4ab50e3bb038e1d707430fbefcb1941e07,2,code_hash,8000157
polygon-zkevm:0x769c7f4ab50e3bb038e1d707430fbefcb1941e07:SMT_KEY:4,0x769c7f4ab50e3bb038e1d707430fbefcb1941e07,4,code_hash_length,8000157
polygon-zkevm:0xaa22e4da25515af124fdcb1562537bb063573719:SMT_KEY:0,0xaa22e4da25515af124fdcb1562537bb063573719,0,balance,8000167
polygon-zkevm:0xaa22e4da25515af124fdcb1562537bb063573719:SMT_KEY:1,0xaa22e4da25515af124fdcb1562537bb063573719,1,nonce,8000167
polygon-zkevm:0xaa22e4da25515af124fdcb1562537bb063573719:SMT_KEY:2,0xaa22e4da25515af124fdcb1562537bb063573719,2,code_hash,8000167
polygon-zkevm:0xaa22e4da25515af124fdcb1562537bb063573719:SMT_KEY:4,0xaa22e4da25515af124fdcb1562537bb063573719,4,code_hash_length,8000167
polygon-zkevm:0xf74b0152cdeba79fe1877af377278f9d6990744e:SMT_KEY:0,0xf74b0152cdeba79fe1877af377278f9d6990744e,0,balance,8000167
polygon-zkevm:0xf74b0152cdeba79fe1877af377278f9d6990744e:SMT_KEY:1,0xf74b0152cdeba79fe1877af377278f9d6990744e,1,nonce,8000167
polygon-zkevm:0xf74b0152cdeba79fe1877af377278f9d6990744e:SMT_KEY:2,0xf74b0152cdeba79fe1877af377278f9d6990744e,2,code_hash,8000167
polygon-zkevm:0xf74b0152cdeba79fe1877af377278f9d6990744e:SMT_KEY:4,0xf74b0152cdeba79fe1877af377278f9d6990744e,4,code_hash_length,8000167
polygon-zkevm:0x9f7d0731641643ea2ed71ae5f4f2d882b8d9a02d:SMT_KEY:0,0x9f7d0731641643ea2ed71ae5f4f2d882b8d9a02d,0,balance,8000177
polygon-zkevm:0x9f7d0731641643ea2ed71ae5f4f2d882b8d9a02d:SMT_KEY:1,0x9f7d0731641643ea2ed71ae5f4f2d882b8d9a02d,1,nonce,8000177
polygon-zkevm:0x9f7d0731641643ea2ed71ae5f4f2d882b8d9a02d:SMT_KEY:2,0x9f7d0731641643ea2ed71ae5f4f2d882b8d9a02d,2,code_hash,8000177
polygon-zkevm:0x9f7d0731641643ea2ed71ae5f4f2d882b8d9a02d:SMT_KEY:4,0x9f7d0731641643ea2ed71ae5f4f2d882b8d9a02d,4,code_hash_length,8000177
polygon-zkevm:0x6e0457f3fae255034b3d15c6115739bbf44469f5:SMT_KEY:0,0x6e0457f3fae255034b3d15c6115739bbf44469f5,0,balance,8000207
polygon-zkevm:0x6e0457f3fae255034b3d15c6115739bbf44469f5:SMT_KEY:1,0x6e0457f3fae255034b3d15c6115739bbf44469f5,1,nonce,8000207
polygon-zkevm:0x6e0457f3fae255034b3d15c6115739bbf44469f5:SMT_KEY:2,0x6e0457f3fae255034b3d15c6115739bbf44469f5,2,code_hash,8000207
polygon-zkevm:0x6e0457f3fae255034b3d15c6115739bbf44469f5:SMT_KEY:4,0x6e0457f3fae255034b3d15c6115739bbf44469f5,4,code_hash_length,8000207
polygon-zkevm:0x95c46b5096b753ee825af5bf33f3d334447a8fa7:SMT_KEY:0,0x95c46b5096b753ee825af5bf33f3d334447a8fa7,0,balance,8000217
polygon-zkevm:0x95c46b5096b753ee825af5bf33f3d334447a8fa7:SMT_KEY:1,0x95c46b5096b753ee825af5bf33f3d334447a8fa7,1,nonce,8000217
polygon-zkevm:0x95c46b5096b753ee825af5bf33f3d334447a8fa7:SMT_KEY:2,0x95c46b5096b753ee825af5bf33f3d334447a8fa7,2,code_hash,8000217
polygon-zkevm:0x95c46b5096b753ee825af5bf33f3d334447a8fa7:SMT_KEY:4,0x95c46b5096b753ee825af5bf33f3d334447a8fa7,4,code_hash_length,8000217
polygon-zkevm:0xafde46e61d89e564cd3200cb2e32d6ace5c77f53:SMT_KEY:0,0xafde46e61d89e564cd3200cb2e32d6ace5c77f53,0,balance,8000227
polygon-zkevm:0xafde46e61d89e564cd3200cb2e32d6ace5c77f53:SMT_KEY:1,0xafde46e61d89e564cd3200cb2e32d6ace5c77f53,1,nonce,8000227
polygon-zkevm:0xafde46e61d89e564cd3200cb2e32d6ace5c77f53:SMT_KEY:2,0xafde46e61d89e564cd3200cb2e32d6ace5c77f53,2,code_hash,8000227
polygon-zkevm:0xafde46e61d89e564cd3200cb2e32d6ace5c77f53:SMT_KEY:4,0xafde46e61d89e564cd3200cb2e32d6ace5c77f53,4,code_hash_length,8000227
polygon-zkevm:0x3ed85633c78654a66be13cdfc4e67dc4a8a1ee19:SMT_KEY:0,0x3ed85633c78654a66be13cdfc4e67dc4a8a1ee19,0,balance,8000237
polygon-zkevm:0x3ed85633c78654a66be13cdfc4e67dc4a8a1ee19:SMT_KEY:1,0x3ed85633c78654a66be13cdfc4e67dc4a8a1ee19,1,nonce,8000237
polygon-zkevm:0x3ed85633c78654a66be13cdfc4e67dc4a8a1ee19:SMT_KEY:2,0x3ed85633c78654a66be13cdfc4e67dc4a8a1ee19,2,code_hash,8000237
polygon-zkevm:0x3ed85633c78654a66be13cdfc4e67dc4a8a1ee19:SMT_KEY:4,0x3ed85633c78654a66be13cdfc4e67dc4a8a1ee19,4,code_hash_length,8000237
polygon-zkevm:0x8b4efad3a43f81001ea65f45cbcd18bd2b7d243b:SMT_KEY:0,0x8b4efad3a43f81001ea65f45cbcd18bd2b7d243b,0,balance,8000247
polygon-zkevm:0x8b4efad3a43f81001ea65f45cbcd18bd2b7d243b:SMT_KEY:1,0x8b4efad3a43f81001ea65f45cbcd18bd2b7d243b,1,nonce,8000247
polygon-zkevm:0x8b4efad3a43f81001ea65f45cbcd18bd2b7d243b:SMT_KEY:2,0x8b4efad3a43f81001ea65f45cbcd18bd2b7d243b,2,code_hash,8000247
polygon-zkevm:0x8b4efad3a43f81001ea65f45cbcd18bd2b7d243b:SMT_KEY:4,0x8b4efad3a43f81001ea65f45cbcd18bd2b7d243b,4,code_hash_length,8000247
polygon-zkevm:0xe2ec00d481a96063e860dc1da25efdaf1e56bd66:SMT_KEY:0,0xe2ec00d481a96063e860dc1da25efdaf1e56bd66,0,balance,8000257
polygon-zkevm:0xe2ec00d481a96063e860dc1da25efdaf1e56bd66:SMT_KEY:1,0xe2ec00d481a96063e860dc1da25efdaf1e56bd66,1,nonce,8000257
polygon-zkevm:0xe2ec00d481a96063e860dc1da25efdaf1e56bd66:SMT_KEY:2,0xe2ec00d481a96063e860dc1da25efdaf1e56bd66,2,code_hash,8000257
polygon-zkevm:0xe2ec00d481a96063e860dc1da25efdaf1e56bd66:SMT_KEY:4,0xe2ec00d481a96063e860dc1da25efdaf1e56bd66,4,code_hash_length,8000257
polygon-zkevm:0xbb44acf792cf7bc9e891a1dd394ec501bf07e8fa:SMT_KEY:0,0xbb44acf792cf7bc9e891a1dd394ec501bf07e8fa,0,balance,8000267
polygon-zkevm:0xbb44acf792cf7bc9e891a1dd394ec501bf07e8fa:SMT_KEY:1,0xbb44acf792cf7bc9e891a1dd394ec501bf07e8fa,1,nonce,8000267
polygon-zkevm:0xbb44acf792cf7bc9e891a1dd394ec501bf07e8fa:SMT_KEY:2,0xbb44acf792cf7bc9e891a1dd394ec501bf07e8fa,2,code_hash,8000267
polygon-zkevm:0xbb44acf792cf7bc9e891a1dd394ec501bf07e8fa:SMT_KEY:4,0xbb44acf792cf7bc9e891a1dd394ec501bf07e8fa,4,code_hash_length,8000267
polygon-zkevm:0x99da05b1d4a6e2daa90fb9fca0f9ae2f6cb8c07e:SMT_KEY:0,0x99da05b1d4a6e2daa90fb9fca0f9ae2f6cb8c07e,0,balance,8000297
polygon-zkevm:0x99da05b1d4a6e2daa90fb9fca0f9ae2f6cb8c07e:SMT_KEY:1,0x99da05b1d4a6e2daa90fb9fca0f9ae2f6cb8c07e,1,nonce,8000297
polygon-zkevm:0x99da05b1d4a6e2daa90fb9fca0f9ae2f6cb8c07e:SMT_KEY:2,0x99da05b1d4a6e2daa90fb9fca0f9ae2f6cb8c07e,2,code_hash,8000297
polygon-zkevm:0x99da05b1d4a6e2daa90fb9fca0f9ae2f6cb8c07e:SMT_KEY:4,0x99da05b1d4a6e2daa90fb9fca0f9ae2f6cb8c07e,4,code_hash_length,8000297
polygon-zkevm:0x9174695d8e014105f70fb489146923217288f2d7:SMT_KEY:0,0x9174695d8e014105f70fb489146923217288f2d7,0,balance,8000307
polygon-zkevm:0x9174695d8e014105f70fb489146923217288f2d7:SMT_KEY:1,0x9174695d8e014105f70fb489146923217288f2d7,1,nonce,8000307
polygon-zkevm:0x9174695d8e014105f70fb489146923217288f2d7:SMT_KEY:2,0x9174695d8e014105f70fb489146923217288f2d7,2,code_hash,8000307
polygon-zkevm:0x9174695d8e014105f70fb489146923217288f2d7:SMT_KEY:4,0x9174695d8e014105f70fb489146923217288f2d7,4,code_hash_length,8000307
polygon-zkevm:0xf768f97b87ab4d22eb5b9c34506ab099f67cd9a3:SMT_KEY:0,0xf768f97b87ab4d22eb5b9c34506ab099f67cd9a3,0,balance,8000317
polygon-zkevm:0xf768f97b87ab4d22eb5b9c34506ab099f67cd9a3:SMT_KEY:1,0xf768f97b87ab4d22eb5b9c34506ab099f67cd9a3,1,nonce,8000317
polygon-zkevm:0xf768f97b87ab4d22eb5b9c34506ab099f67cd9a3:SMT_KEY:2,0xf768f97b87ab4d22eb5b9c34506ab099f67cd9a3,2,code_hash,8000317
polygon-zkevm:0xf768f97b87ab4d22eb5b9c34506ab099f67cd9a3:SMT_KEY:4,0xf768f97b87ab4d22eb5b9c34506ab099f67cd9a3,4,code_hash_length,8000317
polygon-zkevm:0x2681a08d156be6db2acbbc20b1374c114dabd7af:SMT_KEY:0,0x2681a08d156be6db2acbbc20b1374c114dabd7af,0,balance,8000327
polygon-zkevm:0x2681a08d156be6db2acbbc20b1374c114dabd7af:SMT_KEY:1,0x2681a08d156be6db2acbbc20b1374c114dabd7af,1,nonce,8000327
polygon-zkevm:0x2681a08d156be6db2acbbc20b1374c114dabd7af:SMT_KEY:2,0x2681a08d156be6db2acbbc20b1374c114dabd7af,2,code_hash,8000327
polygon-zkevm:0x2681a08d156be6db2acbbc20b1374c114dabd7af:SMT_KEY:4,0x2681a08d156be6db2acbbc20b1374c114dabd7af,4,code_hash_length,8000327
polygon-zkevm:0x7f5fac1c6fc582b1f9fe3ddc64febd0b2d75e8e5:SMT_KEY:0,0x7f5fac1c6fc582b1f9fe3ddc64febd0b2d75e8e5,0,balance,8000337
polygon-zkevm:0x7f5fac1c6fc582b1f9fe3ddc64febd0b2d75e8e5:SMT_KEY:1,0x7f5fac1c6fc582b1f9fe3ddc64febd0b2d75e8e5,1,nonce,8000337
polygon-zkevm:0x7f5fac1c6fc582b1f9fe3ddc64febd0b2d75e8e5:SMT_KEY:2,0x7f5fac1c6fc582b1f9fe3ddc64febd0b2d75e8e5,2,code_hash,8000337
polygon-zkevm:0x7f5fac1c6fc582b1f9fe3ddc64febd0b2d75e8e5:SMT_KEY:4,0x7f5fac1c6fc582b1f9fe3ddc64febd0b2d75e8e5,4,code_hash_length,8000337
polygon-zkevm:0x55b7b7c8d86275ca0dc8203c49dfdce26bfa270c:SMT_KEY:0,0x55b7b7c8d86275ca0dc8203c49dfdce26bfa270c,0,balance,8000347
polygon-zkevm:0x55b7b7c8d86275ca0dc8203c49dfdce26bfa270c:SMT_KEY:1,0x55b7b7c8d86275ca0dc8203c49dfdce26bfa270c,1,nonce,8000347
polygon-zkevm:0x55b7b7c8d86275ca0dc8203c49dfdce26bfa270c:SMT_KEY:2,0x55b7b7c8d86275ca0dc8203c49dfdce26bfa270c,2,code_hash,8000347
polygon-zkevm:0x55b7b7c8d86275ca0dc8203c49dfdce26bfa270c:SMT_KEY:4,0x55b7b7c8d86275ca0dc8203c49dfdce26bfa270c,4,code_hash_length,8000347
polygon-zkevm:0x76f54185815cd1a4423adff558e90394650ca0fc:SMT_KEY:0,0x76f54185815cd1a4423adff558e90394650ca0fc,0,balance,8000347
polygon-zkevm:0x76f54185815cd1a4423adff558e90394650ca0fc:SMT_KEY:1,0x76f54185815cd1a4423adff558e90394650ca0fc,1,nonce,8000347
polygon-zkevm:0x76f54185815cd1a4423adff558e90394650ca0fc:SMT_KEY:2,0x76f54185815cd1a4423adff558e90394650ca0fc,2,code_hash,8000347
polygon-zkevm:0x76f54185815cd1a4423adff558e90394650ca0fc:SMT_KEY:4,0x76f54185815cd1a4423adff558e90394650ca0fc,4,code_hash_length,8000347
polygon-zkevm:0xb3a4b0b5882b468eec38cf9e03c692994404e00e:SMT_KEY:0,0xb3a4b0b5882b468eec38cf9e03c692994404e00e,0,balance,8000367
polygon-zkevm:0xb3a4b0b5882b468eec38cf9e03c692994404e00e:SMT_KEY:1,0xb3a4b0b5882b468eec38cf9e03c692994404e00e,1,nonce,8000367
polygon-zkevm:0xb3a4b0b5882b468eec38cf9e03c692994404e00e:SMT_KEY:2,0xb3a4b0b5882b468eec38cf9e03c692994404e00e,2,code_hash,8000367
polygon-zkevm:0xb3a4b0b5882b468eec38cf9e03c692994404e00e:SMT_KEY:4,0xb3a4b0b5882b468eec38cf9e03c692994404e00e,4,code_hash_length,8000367
polygon-zkevm:0xa6f2a5d06f6e66c908c2a3347287c150204add2b:SMT_KEY:0,0xa6f2a5d06f6e66c908c2a3347287c150204add2b,0,balance,8000387
polygon-zkevm:0xa6f2a5d06f6e66c908c2a3347287c150204add2b:SMT_KEY:1,0xa6f2a5d06f6e66c908c2a3347287c150204add2b,1,nonce,8000387
polygon-zkevm:0xa6f2a5d06f6e66c908c2a3347287c150204add2b:SMT_KEY:2,0xa6f2a5d06f6e66c908c2a3347287c150204add2b,2,code_hash,8000387
polygon-zkevm:0xa6f2a5d06f6e66c908c2a3347287c150204add2b:SMT_KEY:4,0xa6f2a5d06f6e66c908c2a3347287c150204add2b,4,code_hash_length,8000387
polygon-zkevm:0xe23c0caff82c9e81c4eefb7a080f522f6f54b131:SMT_KEY:0,0xe23c0caff82c9e81c4eefb7a080f522f6f54b131,0,balance,8000387
polygon-zkevm:0xe23c0caff82c9e81c4eefb7a080f522f6f54b131:SMT_KEY:1,0xe23c0caff82c9e81c4eefb7a080f522f6f54b131,1,nonce,8000387
polygon-zkevm:0xe23c0caff82c9e81c4eefb7a080f522f6f54b131:SMT_KEY:2,0xe23c0caff82c9e81c4eefb7a080f522f6f54b131,2,code_hash,8000387
polygon-zkevm:0xe23c0caff82c9e81c4eefb7a080f522f6f54b131:SMT_KEY:4,0xe23c0caff82c9e81c4eefb7a080f522f6f54b131,4,code_hash_length,8000387
polygon-zkevm:0x51e1d9e53d713c7d00d84fe0a6dee7b568acf1af:SMT_KEY:0,0x51e1d9e53d713c7d00d84fe0a6dee7b568acf1af,0,balance,8000397
polygon-zkevm:0x51e1d9e53d713c7d00d84fe0a6dee7b568acf1af:SMT_KEY:1,0x51e1d9e53d713c7d00d84fe0a6dee7b568acf1af,1,nonce,8000397
polygon-zkevm:0x51e1d9e53d713c7d00d84fe0a6dee7b568acf1af:SMT_KEY:2,0x51e1d9e53d713c7d00d84fe0a6dee7b568acf1af,2,code_hash,8000397
polygon-zkevm:0x51e1d9e53d713c7d00d84fe0a6dee7b568acf1af:SMT_KEY:4,0x51e1d9e53d713c7d00d84fe0a6dee7b568acf1af,4,code_hash_length,8000397
polygon-zkevm:0xbe9a11f051a78451bb534d23cae9d2e4321e10b4:SMT_KEY:0,0xbe9a11f051a78451bb534d23cae9d2e4321e10b4,0,balance,8000407
polygon-zkevm:0xbe9a11f051a78451bb534d23cae9d2e4321e10b4:SMT_KEY:1,0xbe9a11f051a78451bb534d23cae9d2e4321e10b4,1,nonce,8000407
polygon-zkevm:0xbe9a11f051a78451bb534d23cae9d2e4321e10b4:SMT_KEY:2,0xbe9a11f051a78451bb534d23cae9d2e4321e10b4,2,code_hash,8000407
polygon-zkevm:0xbe9a11f051a78451bb534d23cae9d2e4321e10b4:SMT_KEY:4,0xbe9a11f051a78451bb534d23cae9d2e4321e10b4,4,code_hash_length,8000407
polygon-zkevm:0x0fe97bb4bde4d0c796c6d085db17c2ae5e785858:SMT_KEY:0,0x0fe97bb4bde4d0c796c6d085db17c2ae5e785858,0,balance,8000417
polygon-zkevm:0x0fe97bb4bde4d0c796c6d085db17c2ae5e785858:SMT_KEY:1,0x0fe97bb4bde4d0c796c6d085db17c2ae5e785858,1,nonce,8000417
polygon-zkevm:0x0fe97bb4bde4d0c796c6d085db17c2ae5e785858:SMT_KEY:2,0x0fe97bb4bde4d0c796c6d085db17c2ae5e785858,2,code_hash,8000417
polygon-zkevm:0x0fe97bb4bde4d0c796c6d085db17c2ae5e785858:SMT_KEY:4,0x0fe97bb4bde4d0c796c6d085db17c2ae5e785858,4,code_hash_length,8000417
polygon-zkevm:0xb981b38abd4700a65f362f1b4e7f2b7e6020d57a:SMT_KEY:0,0xb981b38abd4700a65f362f1b4e7f2b7e6020d57a,0,balance,8000427
polygon-zkevm:0xb981b38abd4700a65f362f1b4e7f2b7e6020d57a:SMT_KEY:1,0xb981b38abd4700a65f362f1b4e7f2b7e6020d57a,1,nonce,8000427
polygon-zkevm:0xb981b38abd4700a65f362f1b4e7f2b7e6020d57a:SMT_KEY:2,0xb981b38abd4700a65f362f1b4e7f2b7e6020d57a,2,code_hash,8000427
polygon-zkevm:0xb981b38abd4700a65f362f1b4e7f2b7e6020d57a:SMT_KEY:4,0xb981b38abd4700a65f362f1b4e7f2b7e6020d57a,4,code_hash_length,8000427
polygon-zkevm:0x17ca2843aacec5399a1b0443eeda04c5fdd0d98a:SMT_KEY:0,0x17ca2843aacec5399a1b0443eeda04c5fdd0d98a,0,balance,8000437
polygon-zkevm:0x17ca2843aacec5399a1b0443eeda04c5fdd0d98a:SMT_KEY:1,0x17ca2843aacec5399a1b0443eeda04c5fdd0d98a,1,nonce,8000437
polygon-zkevm:0x17ca2843aacec5399a1b0443eeda04c5fdd0d98a:SMT_KEY:2,0x17ca2843aacec5399a1b0443eeda04c5fdd0d98a,2,code_hash,8000437
polygon-zkevm:0x17ca2843aacec5399a1b0443eeda04c5fdd0d98a:SMT_KEY:4,0x17ca2843aacec5399a1b0443eeda04c5fdd0d98a,4,code_hash_length,8000437
polygon-zkevm:0x34c4a040b9849e38e2920bc5691643edde440545:SMT_KEY:0,0x34c4a040b9849e38e2920bc5691643edde440545,0,balance,8000437
polygon-zkevm:0x34c4a040b9849e38e2920bc5691643edde440545:SMT_KEY:1,0x34c4a040b9849e38e2920bc5691643edde440545,1,nonce,8000437
polygon-zkevm:0x34c4a040b9849e38e2920bc5691643edde440545:SMT_KEY:2,0x34c4a040b9849e38e2920bc5691643edde440545,2,code_hash,8000437
polygon-zkevm:0x34c4a040b9849e38e2920bc5691643edde440545:SMT_KEY:4,0x34c4a040b9849e38e2920bc5691643edde440545,4,code_hash_length,8000437
polygon-zkevm:0xd01728e05f741c85ae743a216ae7f511f34ee747:SMT_KEY:0,0xd01728e05f741c85ae743a216ae7f511f34ee747,0,balance,8000447
polygon-zkevm:0xd01728e05f741c85ae743a216ae7f511f34ee747:SMT_KEY:1,0xd01728e05f741c85ae743a216ae7f511f34ee747,1,nonce,8000447
polygon-zkevm:0xd01728e05f741c85ae743a216ae7f511f34ee747:SMT_KEY:2,0xd01728e05f741c85ae743a216ae7f511f34ee747,2,code_hash,8000447
polygon-zkevm:0xd01728e05f741c85ae743a216ae7f511f34ee747:SMT_KEY:4,0xd01728e05f741c85ae743a216ae7f511f34ee747,4,code_hash_length,8000447
polygon-zkevm:0x7d3b88e22725216a2c3cfff54db4589b6dfd2856:SMT_KEY:0,0x7d3b88e22725216a2c3cfff54db4589b6dfd2856,0,balance,8000457
polygon-zkevm:0x7d3b88e22725216a2c3cfff54db4589b6dfd2856:SMT_KEY:1,0x7d3b88e22725216a2c3cfff54db4589b6dfd2856,1,nonce,8000457
polygon-zkevm:0x7d3b88e22725216a2c3cfff54db4589b6dfd2856:SMT_KEY:2,0x7d3b88e22725216a2c3cfff54db4589b6dfd2856,2,code_hash,8000457
polygon-zkevm:0x7d3b88e22725216a2c3cfff54db4589b6dfd2856:SMT_KEY:4,0x7d3b88e22725216a2c3cfff54db4589b6dfd2856,4,code_hash_length,8000457
polygon-zkevm:0xee7d2069269aa17557ad07d43e7b83ad356545ce:SMT_KEY:0,0xee7d2069269aa17557ad07d43e7b83ad356545ce,0,balance,8000467
polygon-zkevm:0xee7d2069269aa17557ad07d43e7b83ad356545ce:SMT_KEY:1,0xee7d2069269aa17557ad07d43e7b83ad356545ce,1,nonce,8000467
polygon-zkevm:0xee7d2069269aa17557ad07d43e7b83ad356545ce:SMT_KEY:2,0xee7d2069269aa17557ad07d43e7b83ad356545ce,2,code_hash,8000467
polygon-zkevm:0xee7d2069269aa17557ad07d43e7b83ad356545ce:SMT_KEY:4,0xee7d2069269aa17557ad07d43e7b83ad356545ce,4,code_hash_length,8000467
polygon-zkevm:0xd66efb8d84e4456242749a9444d35e6f0df1a6b1:SMT_KEY:0,0xd66efb8d84e4456242749a9444d35e6f0df1a6b1,0,balance,8000477
polygon-zkevm:0xd66efb8d84e4456242749a9444d35e6f0df1a6b1:SMT_KEY:1,0xd66efb8d84e4456242749a9444d35e6f0df1a6b1,1,nonce,8000477
polygon-zkevm:0xd66efb8d84e4456242749a9444d35e6f0df1a6b1:SMT_KEY:2,0xd66efb8d84e4456242749a9444d35e6f0df1a6b1,2,code_hash,8000477
polygon-zkevm:0xd66efb8d84e4456242749a9444d35e6f0df1a6b1:SMT_KEY:4,0xd66efb8d84e4456242749a9444d35e6f0df1a6b1,4,code_hash_length,8000477
polygon-zkevm:0xa12be66dc0c7f33050692b7ccf44723454e5c1a0:SMT_KEY:0,0xa12be66dc0c7f33050692b7ccf44723454e5c1a0,0,balance,8000487
polygon-zkevm:0xa12be66dc0c7f33050692b7ccf44723454e5c1a0:SMT_KEY:1,0xa12be66dc0c7f33050692b7ccf44723454e5c1a0,1,nonce,8000487
polygon-zkevm:0xa12be66dc0c7f33050692b7ccf44723454e5c1a0:SMT_KEY:2,0xa12be66dc0c7f33050692b7ccf44723454e5c1a0,2,code_hash,8000487
polygon-zkevm:0xa12be66dc0c7f33050692b7ccf44723454e5c1a0:SMT_KEY:4,0xa12be66dc0c7f33050692b7ccf44723454e5c1a0,4,code_hash_length,8000487
polygon-zkevm:0x76074895cc1271a952a28d3773e0874546dd1f84:SMT_KEY:0,0x76074895cc1271a952a28d3773e0874546dd1f84,0,balance,8000507
polygon-zkevm:0x76074895cc1271a952a28d3773e0874546dd1f84:SMT_KEY:1,0x76074895cc1271a952a28d3773e0874546dd1f84,1,nonce,8000507
polygon-zkevm:0x76074895cc1271a952a28d3773e0874546dd1f84:SMT_KEY:2,0x76074895cc1271a952a28d3773e0874546dd1f84,2,code_hash,8000507
polygon-zkevm:0x76074895cc1271a952a28d3773e0874546dd1f84:SMT_KEY:4,0x76074895cc1271a952a28d3773e0874546dd1f84,4,code_hash_length,8000507
polygon-zkevm:0x456325f2ac7067234dd71e01bebe032b0255e039:SMT_KEY:0,0x456325f2ac7067234dd71e01bebe032b0255e039,0,balance,8000517
polygon-zkevm:0x456325f2ac7067234dd71e01bebe032b0255e039:SMT_KEY:1,0x456325f2ac7067234dd71e01bebe032b0255e039,1,nonce,8000517
polygon-zkevm:0x456325f2ac7067234dd71e01bebe032b0255e039:SMT_KEY:2,0x456325f2ac7067234dd71e01bebe032b0255e039,2,code_hash,8000517
polygon-zkevm:0x456325f2ac7067234dd71e01bebe032b0255e039:SMT_KEY:4,0x456325f2ac7067234dd71e01bebe032b0255e039,4,code_hash_length,8000517
polygon-zkevm:0x7a766f2af737f6712c4dd49f0a9ab35a8f8cab2c:SMT_KEY:0,0x7a766f2af737f6712c4dd49f0a9ab35a8f8cab2c,0,balance,8000517
polygon-zkevm:0x7a766f2af737f6712c4dd49f0a9ab35a8f8cab2c:SMT_KEY:1,0x7a766f2af737f6712c4dd49f0a9ab35a8f8cab2c,1,nonce,8000517
polygon-zkevm:0x7a766f2af737f6712c4dd49f0a9ab35a8f8cab2c:SMT_KEY:2,0x7a766f2af737f6712c4dd49f0a9ab35a8f8cab2c,2,code_hash,8000517
polygon-zkevm:0x7a766f2af737f6712c4dd49f0a9ab35a8f8cab2c:SMT_KEY:4,0x7a766f2af737f6712c4dd49f0a9ab35a8f8cab2c,4,code_hash_length,8000517
polygon-zkevm:0xdc15906c393e015be9fbf3c82a81ba6d3df7ea72:SMT_KEY:0,0xdc15906c393e015be9fbf3c82a81ba6d3df7ea72,0,balance,8000527
polygon-zkevm:0xdc15906c393e015be9fbf3c82a81ba6d3df7ea72:SMT_KEY:1,0xdc15906c393e015be9fbf3c82a81ba6d3df7ea72,1,nonce,8000527
polygon-zkevm:0xdc15906c393e015be9fbf3c82a81ba6d3df7ea72:SMT_KEY:2,0xdc15906c393e015be9fbf3c82a81ba6d3df7ea72,2,code_hash,8000527
polygon-zkevm:0xdc15906c393e015be9fbf3c82a81ba6d3df7ea72:SMT_KEY:4,0xdc15906c393e015be9fbf3c82a81ba6d3df7ea72,4,code_hash_length,8000527
polygon-zkevm:0x4fb65d7476878ea051be77d5de7cc57b19fe4d9b:SMT_KEY:0,0x4fb65d7476878ea051be77d5de7cc57b19fe4d9b,0,balance,8000537
polygon-zkevm:0x4fb65d7476878ea051be77d5de7cc57b19fe4d9b:SMT_KEY:1,0x4fb65d7476878ea051be77d5de7cc57b19fe4d9b,1,nonce,8000537
polygon-zkevm:0x4fb65d7476878ea051be77d5de7cc57b19fe4d9b:SMT_KEY:2,0x4fb65d7476878ea051be77d5de7cc57b19fe4d9b,2,code_hash,8000537
polygon-zkevm:0x4fb65d7476878ea051be77d5de7cc57b19fe4d9b:SMT_KEY:4,0x4fb65d7476878ea051be77d5de7cc57b19fe4d9b,4,code_hash_length,8000537
polygon-zkevm:0x71f0bd5fed01425d22b2a73d1b48f32783e623d4:SMT_KEY:0,0x71f0bd5fed01425d22b2a73d1b48f32783e623d4,0,balance,8000547
polygon-zkevm:0x71f0bd5fed01425d22b2a73d1b48f32783e623d4:SMT_KEY:1,0x71f0bd5fed01425d22b2a73d1b48f32783e623d4,1,nonce,8000547
polygon-zkevm:0x71f0bd5fed01425d22b2a73d1b48f32783e623d4:SMT_KEY:2,0x71f0bd5fed01425d22b2a73d1b48f32783e623d4,2,code_hash,8000547
polygon-zkevm:0x71f0bd5fed01425d22b2a73d1b48f32783e623d4:SMT_KEY:4,0x71f0bd5fed01425d22b2a73d1b48f32783e623d4,4,code_hash_length,8000547
polygon-zkevm:0xb79a4f5828eb55c10d7abf4bfe9a9f5d11aa84e0:SMT_KEY:0,0xb79a4f5828eb55c10d7abf4bfe9a9f5d11aa84e0,0,balance,8000557
polygon-zkevm:0xb79a4f5828eb55c10d7abf4bfe9a9f5d11aa84e0:SMT_KEY:1,0xb79a4f5828eb55c10d7abf4bfe9a9f5d11aa84e0,1,nonce,8000557
polygon-zkevm:0xb79a4f5828eb55c10d7abf4bfe9a9f5d11aa84e0:SMT_KEY:2,0xb79a4f5828eb55c10d7abf4bfe9a9f5d11aa84e0,2,code_hash,8000557
polygon-zkevm:0xb79a4f5828eb55c10d7abf4bfe9a9f5d11aa84e0:SMT_KEY:4,0xb79a4f5828eb55c10d7abf4bfe9a9f5d11aa84e0,4,code_hash_length,8000557
polygon-zkevm:0xbc79b3dffb6e0d663a19489c702a9844ab6138f2:SMT_KEY:0,0xbc79b3dffb6e0d663a19489c702a9844ab6138f2,0,balance,8000557
polygon-zkevm:0xbc79b3dffb6e0d663a19489c702a9844ab6138f2:SMT_KEY:1,0xbc79b3dffb6e0d663a19489c702a9844ab6138f2,1,nonce,8000557
polygon-zkevm:0xbc79b3dffb6e0d663a19489c702a9844ab6138f2:SMT_KEY:2,0xbc79b3dffb6e0d663a19489c702a9844ab6138f2,2,code_hash,8000557
polygon-zkevm:0xbc79b3dffb6e0d663a19489c702a9844ab6138f2:SMT_KEY:4,0xbc79b3dffb6e0d663a19489c702a9844ab6138f2,4,code_hash_length,8000557
polygon-zkevm:0x2275fe0244d75b42dfcf1774f50c7bd83f6e163d:SMT_KEY:0,0x2275fe0244d75b42dfcf1774f50c7bd83f6e163d,0,balance,8000567
polygon-zkevm:0x2275fe0244d75b42dfcf1774f50c7bd83f6e163d:SMT_KEY:1,0x2275fe0244d75b42dfcf1774f50c7bd83f6e163d,1,nonce,8000567
polygon-zkevm:0x2275fe0244d75b42dfcf1774f50c7bd83f6e163d:SMT_KEY:2,0x2275fe0244d75b42dfcf1774f50c7bd83f6e163d,2,code_hash,8000567
polygon-zkevm:0x2275fe0244d75b42dfcf1774f50c7bd83f6e163d:SMT_KEY:4,0x2275fe0244d75b42dfcf1774f50c7bd83f6e163d,4,code_hash_length,8000567
polygon-zkevm:0x2b341552cf6f9665f4778e4215261d75732e860d:SMT_KEY:0,0x2b341552cf6f9665f4778e4215261d75732e860d,0,balance,8000567
polygon-zkevm:0x2b341552cf6f9665f4778e4215261d75732e860d:SMT_KEY:1,0x2b341552cf6f9665f4778e4215261d75732e860d,1,nonce,8000567
polygon-zkevm:0x2b341552cf6f9665f4778e4215261d75732e860d:SMT_KEY:2,0x2b341552cf6f9665f4778e4215261d75732e860d,2,code_hash,8000567
polygon-zkevm:0x2b341552cf6f9665f4778e4215261d75732e860d:SMT_KEY:4,0x2b341552cf6f9665f4778e4215261d75732e860d,4,code_hash_length,8000567
polygon-zkevm:0x486a63d4abfef85957f40bb39aa14c88af445f58:SMT_KEY:0,0x486a63d4abfef85957f40bb39aa14c88af445f58,0,balance,8000577
polygon-zkevm:0x486a63d4abfef85957f40bb39aa14c88af445f58:SMT_KEY:1,0x486a63d4abfef85957f40bb39aa14c88af445f58,1,nonce,8000577
polygon-zkevm:0x486a63d4abfef85957f40bb39aa14c88af445f58:SMT_KEY:2,0x486a63d4abfef85957f40bb39aa14c88af445f58,2,code_hash,8000577
polygon-zkevm:0x486a63d4abfef85957f40bb39aa14c88af445f58:SMT_KEY:4,0x486a63d4abfef85957f40bb39aa14c88af445f58,4,code_hash_length,8000577
polygon-zkevm:0xf59ba50708b621a7641875b853ff2d1b3c4b8916:SMT_KEY:0,0xf59ba50708b621a7641875b853ff2d1b3c4b8916,0,balance,8000587
polygon-zkevm:0xf59ba50708b621a7641875b853ff2d1b3c4b8916:SMT_KEY:1,0xf59ba50708b621a7641875b853ff2d1b3c4b8916,1,nonce,8000587
polygon-zkevm:0xf59ba50708b621a7641875b853ff2d1b3c4b8916:SMT_KEY:2,0xf59ba50708b621a7641875b853ff2d1b3c4b8916,2,code_hash,8000587
polygon-zkevm:0xf59ba50708b621a7641875b853ff2d1b3c4b8916:SMT_KEY:4,0xf59ba50708b621a7641875b853ff2d1b3c4b8916,4,code_hash_length,8000587
polygon-zkevm:0x3884d390da7000b2646cc05b53620f9a3f9cc004:SMT_KEY:0,0x3884d390da7000b2646cc05b53620f9a3f9cc004,0,balance,8000597
polygon-zkevm:0x3884d390da7000b2646cc05b53620f9a3f9cc004:SMT_KEY:1,0x3884d390da7000b2646cc05b53620f9a3f9cc004,1,nonce,8000597
polygon-zkevm:0x3884d390da7000b2646cc05b53620f9a3f9cc004:SMT_KEY:2,0x3884d390da7000b2646cc05b53620f9a3f9cc004,2,code_hash,8000597
polygon-zkevm:0x3884d390da7000b2646cc05b53620f9a3f9cc004:SMT_KEY:4,0x3884d390da7000b2646cc05b53620f9a3f9cc004,4,code_hash_length,8000597
polygon-zkevm:0x9ca67abe4e8d2f36ec6642f30dc74a8f566ec358:SMT_KEY:0,0x9ca67abe4e8d2f36ec6642f30dc74a8f566ec358,0,balance,8000607
polygon-zkevm:0x9ca67abe4e8d2f36ec6642f30dc74a8f566ec358:SMT_KEY:1,0x9ca67abe4e8d2f36ec6642f30dc74a8f566ec358,1,nonce,8000607
polygon-zkevm:0x9ca67abe4e8d2f36ec6642f30dc74a8f566ec358:SMT_KEY:2,0x9ca67abe4e8d2f36ec6642f30dc74a8f566ec358,2,code_hash,8000607
polygon-zkevm:0x9ca67abe4e8d2f36ec6642f30dc74a8f566ec358:SMT_KEY:4,0x9ca67abe4e8d2f36ec6642f30dc74a8f566ec358,4,code_hash_length,8000607
polygon-zkevm:0xa40b2cf0a1380249b0e0f6bc62bba5dc46518449:SMT_KEY:0,0xa40b2cf0a1380249b0e0f6bc62bba5dc46518449,0,balance,8000627
polygon-zkevm:0xa40b2cf0a1380249b0e0f6bc62bba5dc46518449:SMT_KEY:1,0xa40b2cf0a1380249b0e0f6bc62bba5dc46518449,1,nonce,8000627
polygon-zkevm:0xa40b2cf0a1380249b0e0f6bc62bba5dc46518449:SMT_KEY:2,0xa40b2cf0a1380249b0e0f6bc62bba5dc46518449,2,code_hash,8000627
polygon-zkevm:0xa40b2cf0a1380249b0e0f6bc62bba5dc46518449:SMT_KEY:4,0xa40b2cf0a1380249b0e0f6bc62bba5dc46518449,4,code_hash_length,8000627
polygon-zkevm:0xe5a2bfa394dcd6dae0d41f7b63257642305c6563:SMT_KEY:0,0xe5a2bfa394dcd6dae0d41f7b63257642305c6563,0,balance,8000637
polygon-zkevm:0xe5a2bfa394dcd6dae0d41f7b63257642305c6563:SMT_KEY:1,0xe5a2bfa394dcd6dae0d41f7b63257642305c6563,1,nonce,8000637
polygon-zkevm:0xe5a2bfa394dcd6dae0d41f7b63257642305c6563:SMT_KEY:2,0xe5a2bfa394dcd6dae0d41f7b63257642305c6563,2,code_hash,8000637
polygon-zkevm:0xe5a2bfa394dcd6dae0d41f7b63257642305c6563:SMT_KEY:4,0xe5a2bfa394dcd6dae0d41f7b63257642305c6563,4,code_hash_length,8000637
polygon-zkevm:0x06d1bd45caaa2881abb78c8111541bd0b192abc6:SMT_KEY:0,0x06d1bd45caaa2881abb78c8111541bd0b192abc6,0,balance,8000647
polygon-zkevm:0x06d1bd45caaa2881abb78c8111541bd0b192abc6:SMT_KEY:1,0x06d1bd45caaa2881abb78c8111541bd0b192abc6,1,nonce,8000647
polygon-zkevm:0x06d1bd45caaa2881abb78c8111541bd0b192abc6:SMT_KEY:2,0x06d1bd45caaa2881abb78c8111541bd0b192abc6,2,code_hash,8000647
polygon-zkevm:0x06d1bd45caaa2881abb78c8111541bd0b192abc6:SMT_KEY:4,0x06d1bd45caaa2881abb78c8111541bd0b192abc6,4,code_hash_length,8000647
polygon-zkevm:0x7b9a092c44e99d743de93ca179865c7f5e6300fa:SMT_KEY:0,0x7b9a092c44e99d743de93ca179865c7f5e6300fa,0,balance,8000657
polygon-zkevm:0x7b9a092c44e99d743de93ca179865c7f5e6300fa:SMT_KEY:1,0x7b9a092c44e99d743de93ca179865c7f5e6300fa,1,nonce,8000657
polygon-zkevm:0x7b9a092c44e99d743de93ca179865c7f5e6300fa:SMT_KEY:2,0x7b9a092c44e99d743de93ca179865c7f5e6300fa,2,code_hash,8000657
polygon-zkevm:0x7b9a092c44e99d743de93ca179865c7f5e6300fa:SMT_KEY:4,0x7b9a092c44e99d743de93ca179865c7f5e6300fa,4,code_hash_length,8000657
polygon-zkevm:0x4a96b3c84adf928a4919eb4c53680cf9a8faf125:SMT_KEY:0,0x4a96b3c84adf928a4919eb4c53680cf9a8faf125,0,balance,8000667
polygon-zkevm:0x4a96b3c84adf928a4919eb4c53680cf9a8faf125:SMT_KEY:1,0x4a96b3c84adf928a4919eb4c53680cf9a8faf125,1,nonce,8000667
polygon-zkevm:0x4a96b3c84adf928a4919eb4c53680cf9a8faf125:SMT_KEY:2,0x4a96b3c84adf928a4919eb4c53680cf9a8faf125,2,code_hash,8000667
polygon-zkevm:0x4a96b3c84adf928a4919eb4c53680cf9a8faf125:SMT_KEY:4,0x4a96b3c84adf928a4919eb4c53680cf9a8faf125,4,code_hash_length,8000667
polygon-zkevm:0x89d58350332f0369724dd996a4bbe6b0791cf079:SMT_KEY:0,0x89d58350332f0369724dd996a4bbe6b0791cf079,0,balance,8000677
polygon-zkevm:0x89d58350332f0369724dd996a4bbe6b0791cf079:SMT_KEY:1,0x89d58350332f0369724dd996a4bbe6b0791cf079,1,nonce,8000677
polygon-zkevm:0x89d58350332f0369724dd996a4bbe6b0791cf079:SMT_KEY:2,0x89d58350332f0369724dd996a4bbe6b0791cf079,2,code_hash,8000677
polygon-zkevm:0x89d58350332f0369724dd996a4bbe6b0791cf079:SMT_KEY:4,0x89d58350332f0369724dd996a4bbe6b0791cf079,4,code_hash_length,8000677
polygon-zkevm:0x7f45ca0113ad7bf550178090f48344b842569c48:SMT_KEY:0,0x7f45ca0113ad7bf550178090f48344b842569c48,0,balance,8000687
polygon-zkevm:0x7f45ca0113ad7bf550178090f48344b842569c48:SMT_KEY:1,0x7f45ca0113ad7bf550178090f48344b842569c48,1,nonce,8000687
polygon-zkevm:0x7f45ca0113ad7bf550178090f48344b842569c48:SMT_KEY:2,0x7f45ca0113ad7bf550178090f48344b842569c48,2,code_hash,8000687
polygon-zkevm:0x7f45ca0113ad7bf550178090f48344b842569c48:SMT_KEY:4,0x7f45ca0113ad7bf550178090f48344b842569c48,4,code_hash_length,8000687
polygon-zkevm:0xc406acfdd94a83ce225c23be87658806c34fc2c2:SMT_KEY:0,0xc406acfdd94a83ce225c23be87658806c34fc2c2,0,balance,8000697
polygon-zkevm:0xc406acfdd94a83ce225c23be87658806c34fc2c2:SMT_KEY:1,0xc406acfdd94a83ce225c23be87658806c34fc2c2,1,nonce,8000697
polygon-zkevm:0xc406acfdd94a83ce225c23be87658806c34fc2c2:SMT_KEY:2,0xc406acfdd94a83ce225c23be87658806c34fc2c2,2,code_hash,8000697
polygon-zkevm:0xc406acfdd94a83ce225c23be87658806c34fc2c2:SMT_KEY:4,0xc406acfdd94a83ce225c23be87658806c34fc2c2,4,code_hash_length,8000697
polygon-zkevm:0x0d3600350a87637c12071245978027bc201eae12:SMT_KEY:0,0x0d3600350a87637c12071245978027bc201eae12,0,balance,8000717
polygon-zkevm:0x0d3600350a87637c12071245978027bc201eae12:SMT_KEY:1,0x0d3600350a87637c12071245978027bc201eae12,1,nonce,8000717
polygon-zkevm:0x0d3600350a87637c12071245978027bc201eae12:SMT_KEY:2,0x0d3600350a87637c12071245978027bc201eae12,2,code_hash,8000717
polygon-zkevm:0x0d3600350a87637c12071245978027bc201eae12:SMT_KEY:4,0x0d3600350a87637c12071245978027bc201eae12,4,code_hash_length,8000717
polygon-zkevm:0x788b7bde4550724cad3977bd3551959d33303b79:SMT_KEY:0,0x788b7bde4550724cad3977bd3551959d33303b79,0,balance,8000727
polygon-zkevm:0x788b7bde4550724cad3977bd3551959d33303b79:SMT_KEY:1,0x788b7bde4550724cad3977bd3551959d33303b79,1,nonce,8000727
polygon-zkevm:0x788b7bde4550724cad3977bd3551959d33303b79:SMT_KEY:2,0x788b7bde4550724cad3977bd3551959d33303b79,2,code_hash,8000727
polygon-zkevm:0x788b7bde4550724cad3977bd3551959d33303b79:SMT_KEY:4,0x788b7bde4550724cad3977bd3551959d33303b79,4,code_hash_length,8000727
polygon-zkevm:0xbcb63692ec87e7d7ed5c3ef0127cc4550914323d:SMT_KEY:0,0xbcb63692ec87e7d7ed5c3ef0127cc4550914323d,0,balance,8000757
polygon-zkevm:0xbcb63692ec87e7d7ed5c3ef0127cc4550914323d:SMT_KEY:1,0xbcb63692ec87e7d7ed5c3ef0127cc4550914323d,1,nonce,8000757
polygon-zkevm:0xbcb63692ec87e7d7ed5c3ef0127cc4550914323d:SMT_KEY:2,0xbcb63692ec87e7d7ed5c3ef0127cc4550914323d,2,code_hash,8000757
polygon-zkevm:0xbcb63692ec87e7d7ed5c3ef0127cc4550914323d:SMT_KEY:4,0xbcb63692ec87e7d7ed5c3ef0127cc4550914323d,4,code_hash_length,8000757
polygon-zkevm:0x3de18fe2909ee39448df3b21ef7a77a0cf2c37f9:SMT_KEY:0,0x3de18fe2909ee39448df3b21ef7a77a0cf2c37f9,0,balance,8000767
polygon-zkevm:0x3de18fe2909ee39448df3b21ef7a77a0cf2c37f9:SMT_KEY:1,0x3de18fe2909ee39448df3b21ef7a77a0cf2c37f9,1,nonce,8000767
polygon-zkevm:0x3de18fe2909ee39448df3b21ef7a77a0cf2c37f9:SMT_KEY:2,0x3de18fe2909ee39448df3b21ef7a77a0cf2c37f9,2,code_hash,8000767
polygon-zkevm:0x3de18fe2909ee39448df3b21ef7a77a0cf2c37f9:SMT_KEY:4,0x3de18fe2909ee39448df3b21ef7a77a0cf2c37f9,4,code_hash_length,8000767
polygon-zkevm:0x898a64dee4a09d3d501752351b3e626c90419049:SMT_KEY:0,0x898a64dee4a09d3d501752351b3e626c90419049,0,balance,8000777
polygon-zkevm:0x898a64dee4a09d3d501752351b3e626c90419049:SMT_KEY:1,0x898a64dee4a09d3d501752351b3e626c90419049,1,nonce,8000777
polygon-zkevm:0x898a64dee4a09d3d501752351b3e626c90419049:SMT_KEY:2,0x898a64dee4a09d3d501752351b3e626c90419049,2,code_hash,8000777
polygon-zkevm:0x898a64dee4a09d3d501752351b3e626c90419049:SMT_KEY:4,0x898a64dee4a09d3d501752351b3e626c90419049,4,code_hash_length,8000777
polygon-zkevm:0xd9d74a29307cc6fc8bf424ee4217f1a587fbc8dc:SMT_KEY:0,0xd9d74a29307cc6fc8bf424ee4217f1a587fbc8dc,0,balance,8000777
polygon-zkevm:0xd9d74a29307cc6fc8bf424ee4217f1a587fbc8dc:SMT_KEY:1,0xd9d74a29307cc6fc8bf424ee4217f1a587fbc8dc,1,nonce,8000777
polygon-zkevm:0xd9d74a29307cc6fc8bf424ee4217f1a587fbc8dc:SMT_KEY:2,0xd9d74a29307cc6fc8bf424ee4217f1a587fbc8dc,2,code_hash,8000777
polygon-zkevm:0xd9d74a29307cc6fc8bf424ee4217f1a587fbc8dc:SMT_KEY:4,0xd9d74a29307cc6fc8bf424ee4217f1a587fbc8dc,4,code_hash_length,8000777
polygon-zkevm:0x6d76fc749e861ebcff3fb79b513c21b0f1c998ba:SMT_KEY:0,0x6d76fc749e861ebcff3fb79b513c21b0f1c998ba,0,balance,8000787
polygon-zkevm:0x6d76fc749e861ebcff3fb79b513c21b0f1c998ba:SMT_KEY:1,0x6d76fc749e861ebcff3fb79b513c21b0f1c998ba,1,nonce,8000787
polygon-zkevm:0x6d76fc749e861ebcff3fb79b513c21b0f1c998ba:SMT_KEY:2,0x6d76fc749e861ebcff3fb79b513c21b0f1c998ba,2,code_hash,8000787
polygon-zkevm:0x6d76fc749e861ebcff3fb79b513c21b0f1c998ba:SMT_KEY:4,0x6d76fc749e861ebcff3fb79b513c21b0f1c998ba,4,code_hash_length,8000787
polygon-zkevm:0x17648d62f219569413e56be71e86ed37ce51de29:SMT_KEY:0,0x17648d62f219569413e56be71e86ed37ce51de29,0,balance,8000797
polygon-zkevm:0x17648d62f219569413e56be71e86ed37ce51de29:SMT_KEY:1,0x17648d62f219569413e56be71e86ed37ce51de29,1,nonce,8000797
polygon-zkevm:0x17648d62f219569413e56be71e86ed37ce51de29:SMT_KEY:2,0x17648d62f219569413e56be71e86ed37ce51de29,2,code_hash,8000797
polygon-zkevm:0x17648d62f219569413e56be71e86ed37ce51de29:SMT_KEY:4,0x17648d62f219569413e56be71e86ed37ce51de29,4,code_hash_length,8000797
polygon-zkevm:0x4f24e181f9ba357aef2699664a744512ec5d3c59:SMT_KEY:0,0x4f24e181f9ba357aef2699664a744512ec5d3c59,0,balance,8000817
polygon-zkevm:0x4f24e181f9ba357aef2699664a744512ec5d3c59:SMT_KEY:1,0x4f24e181f9ba357aef2699664a744512ec5d3c59,1,nonce,8000817
polygon-zkevm:0x4f24e181f9ba357aef2699664a744512ec5d3c59:SMT_KEY:2,0x4f24e181f9ba357aef2699664a744512ec5d3c59,2,code_hash,8000817
polygon-zkevm:0x4f24e181f9ba357aef2699664a744512ec5d3c59:SMT_KEY:4,0x4f24e181f9ba357aef2699664a744512ec5d3c59,4,code_hash_length,8000817
polygon-zkevm:0xd5b0bb3c6bf7b6d33d0dba23d433c4050fc8cd95:SMT_KEY:0,0xd5b0bb3c6bf7b6d33d0dba23d433c4050fc8cd95,0,balance,8000827
polygon-zkevm:0xd5b0bb3c6bf7b6d33d0dba23d433c4050fc8cd95:SMT_KEY:1,0xd5b0bb3c6bf7b6d33d0dba23d433c4050fc8cd95,1,nonce,8000827
polygon-zkevm:0xd5b0bb3c6bf7b6d33d0dba23d433c4050fc8cd95:SMT_KEY:2,0xd5b0bb3c6bf7b6d33d0dba23d433c4050fc8cd95,2,code_hash,8000827
polygon-zkevm:0xd5b0bb3c6bf7b6d33d0dba23d433c4050fc8cd95:SMT_KEY:4,0xd5b0bb3c6bf7b6d33d0dba23d433c4050fc8cd95,4,code_hash_length,8000827
polygon-zkevm:0x677ce8978c2d66fe154bcedd93c6c869806ee42e:SMT_KEY:0,0x677ce8978c2d66fe154bcedd93c6c869806ee42e,0,balance,8000837
polygon-zkevm:0x677ce8978c2d66fe154bcedd93c6c869806ee42e:SMT_KEY:1,0x677ce8978c2d66fe154bcedd93c6c869806ee42e,1,nonce,8000837
polygon-zkevm:0x677ce8978c2d66fe154bcedd93c6c869806ee42e:SMT_KEY:2,0x677ce8978c2d66fe154bcedd93c6c869806ee42e,2,code_hash,8000837
polygon-zkevm:0x677ce8978c2d66fe154bcedd93c6c869806ee42e:SMT_KEY:4,0x677ce8978c2d66fe154bcedd93c6c869806ee42e,4,code_hash_length,8000837
polygon-zkevm:0xa375b70687490dbdd8a95269e15295ff8ee84605:SMT_KEY:0,0xa375b70687490dbdd8a95269e15295ff8ee84605,0,balance,8000847
polygon-zkevm:0xa375b70687490dbdd8a95269e15295ff8ee84605:SMT_KEY:1,0xa375b70687490dbdd8a95269e15295ff8ee84605,1,nonce,8000847
polygon-zkevm:0xa375b70687490dbdd8a95269e15295ff8ee84605:SMT_KEY:2,0xa375b70687490dbdd8a95269e15295ff8ee84605,2,code_hash,8000847
polygon-zkevm:0xa375b70687490dbdd8a95269e15295ff8ee84605:SMT_KEY:4,0xa375b70687490dbdd8a95269e15295ff8ee84605,4,code_hash_length,8000847
polygon-zkevm:0xec125911912039f9993d229e67a20fd80947e317:SMT_KEY:0,0xec125911912039f9993d229e67a20fd80947e317,0,balance,8000857
polygon-zkevm:0xec125911912039f9993d229e67a20fd80947e317:SMT_KEY:1,0xec125911912039f9993d229e67a20fd80947e317,1,nonce,8000857
polygon-zkevm:0xec125911912039f9993d229e67a20fd80947e317:SMT_KEY:2,0xec125911912039f9993d229e67a20fd80947e317,2,code_hash,8000857
polygon-zkevm:0xec125911912039f9993d229e67a20fd80947e317:SMT_KEY:4,0xec125911912039f9993d229e67a20fd80947e317,4,code_hash_length,8000857
polygon-zkevm:0x8fc18ce3fbefc308e67122e76587c3bed4fd2648:SMT_KEY:0,0x8fc18ce3fbefc308e67122e76587c3bed4fd2648,0,balance,8000867
polygon-zkevm:0x8fc18ce3fbefc308e67122e76587c3bed4fd2648:SMT_KEY:1,0x8fc18ce3fbefc308e67122e76587c3bed4fd2648,1,nonce,8000867
polygon-zkevm:0x8fc18ce3fbefc308e67122e76587c3bed4fd2648:SMT_KEY:2,0x8fc18ce3fbefc308e67122e76587c3bed4fd2648,2,code_hash,8000867
polygon-zkevm:0x8fc18ce3fbefc308e67122e76587c3bed4fd2648:SMT_KEY:4,0x8fc18ce3fbefc308e67122e76587c3bed4fd2648,4,code_hash_length,8000867
polygon-zkevm:0xf1ac5ed9a15ef00b71e46a0d9a5cb0a6a1bbf002:SMT_KEY:0,0xf1ac5ed9a15ef00b71e46a0d9a5cb0a6a1bbf002,0,balance,8000877
polygon-zkevm:0xf1ac5ed9a15ef00b71e46a0d9a5cb0a6a1bbf002:SMT_KEY:1,0xf1ac5ed9a15ef00b71e46a0d9a5cb0a6a1bbf002,1,nonce,8000877
polygon-zkevm:0xf1ac5ed9a15ef00b71e46a0d9a5cb0a6a1bbf002:SMT_KEY:2,0xf1ac5ed9a15ef00b71e46a0d9a5cb0a6a1bbf002,2,code_hash,8000877
polygon-zkevm:0xf1ac5ed9a15ef00b71e46a0d9a5cb0a6a1bbf002:SMT_KEY:4,0xf1ac5ed9a15ef00b71e46a0d9a5cb0a6a1bbf002,4,code_hash_length,8000877
polygon-zkevm:0x169f917dd97f3fcf70ed4eb2922a5e839e7ecee5:SMT_KEY:0,0x169f917dd97f3fcf70ed4eb2922a5e839e7ecee5,0,balance,8000887
polygon-zkevm:0x169f917dd97f3fcf70ed4eb2922a5e839e7ecee5:SMT_KEY:1,0x169f917dd97f3fcf70ed4eb2922a5e839e7ecee5,1,nonce,8000887
polygon-zkevm:0x169f917dd97f3fcf70ed4eb2922a5e839e7ecee5:SMT_KEY:2,0x169f917dd97f3fcf70ed4eb2922a5e839e7ecee5,2,code_hash,8000887
polygon-zkevm:0x169f917dd97f3fcf70ed4eb2922a5e839e7ecee5:SMT_KEY:4,0x169f917dd97f3fcf70ed4eb2922a5e839e7ecee5,4,code_hash_length,8000887
polygon-zkevm:0x354321eaa60588c148195ae26de875b82710e2e3:SMT_KEY:0,0x354321eaa60588c148195ae26de875b82710e2e3,0,balance,8000907
polygon-zkevm:0x354321eaa60588c148195ae26de875b82710e2e3:SMT_KEY:1,0x354321eaa60588c148195ae26de875b82710e2e3,1,nonce,8000907
polygon-zkevm:0x354321eaa60588c148195ae26de875b82710e2e3:SMT_KEY:2,0x354321eaa60588c148195ae26de875b82710e2e3,2,code_hash,8000907
polygon-zkevm:0x354321eaa60588c148195ae26de875b82710e2e3:SMT_KEY:4,0x354321eaa60588c148195ae26de875b82710e2e3,4,code_hash_length,8000907
polygon-zkevm:0x51e225543610ad0189eb1e24a2da744dc8cf74e0:SMT_KEY:0,0x51e225543610ad0189eb1e24a2da744dc8cf74e0,0,balance,8000917
polygon-zkevm:0x51e225543610ad0189eb1e24a2da744dc8cf74e0:SMT_KEY:1,0x51e225543610ad0189eb1e24a2da744dc8cf74e0,1,nonce,8000917
polygon-zkevm:0x51e225543610ad0189eb1e24a2da744dc8cf74e0:SMT_KEY:2,0x51e225543610ad0189eb1e24a2da744dc8cf74e0,2,code_hash,8000917
polygon-zkevm:0x51e225543610ad0189eb1e24a2da744dc8cf74e0:SMT_KEY:4,0x51e225543610ad0189eb1e24a2da744dc8cf74e0,4,code_hash_length,8000917
polygon-zkevm:0x3b78637e124f302ca73257ea6babc705ac0208dc:SMT_KEY:0,0x3b78637e124f302ca73257ea6babc705ac0208dc,0,balance,8000937
polygon-zkevm:0x3b78637e124f302ca73257ea6babc705ac0208dc:SMT_KEY:1,0x3b78637e124f302ca73257ea6babc705ac0208dc,1,nonce,8000937
polygon-zkevm:0x3b78637e124f302ca73257ea6babc705ac0208dc:SMT_KEY:2,0x3b78637e124f302ca73257ea6babc705ac0208dc,2,code_hash,8000937
polygon-zkevm:0x3b78637e124f302ca73257ea6babc705ac0208dc:SMT_KEY:4,0x3b78637e124f302ca73257ea6babc705ac0208dc,4,code_hash_length,8000937
polygon-zkevm:0x37c65585fb90f9f0f2e59dc31d4759b40e500f8e:SMT_KEY:0,0x37c65585fb90f9f0f2e59dc31d4759b40e500f8e,0,balance,8000957
polygon-zkevm:0x37c65585fb90f9f0f2e59dc31d4759b40e500f8e:SMT_KEY:1,0x37c65585fb90f9f0f2e59dc31d4759b40e500f8e,1,nonce,8000957
polygon-zkevm:0x37c65585fb90f9f0f2e59dc31d4759b40e500f8e:SMT_KEY:2,0x37c65585fb90f9f0f2e59dc31d4759b40e500f8e,2,code_hash,8000957
polygon-zkevm:0x37c65585fb90f9f0f2e59dc31d4759b40e500f8e:SMT_KEY:4,0x37c65585fb90f9f0f2e59dc31d4759b40e500f8e,4,code_hash_length,8000957
polygon-zkevm:0x5a75cc8d2d7c20bcc1e28f0d6f69681193c6cf0d:SMT_KEY:0,0x5a75cc8d2d7c20bcc1e28f0d6f69681193c6cf0d,0,balance,8000967
polygon-zkevm:0x5a75cc8d2d7c20bcc1e28f0d6f69681193c6cf0d:SMT_KEY:1,0x5a75cc8d2d7c20bcc1e28f0d6f69681193c6cf0d,1,nonce,8000967
polygon-zkevm:0x5a75cc8d2d7c20bcc1e28f0d6f69681193c6cf0d:SMT_KEY:2,0x5a75cc8d2d7c20bcc1e28f0d6f69681193c6cf0d,2,code_hash,8000967
polygon-zkevm:0x5a75cc8d2d7c20bcc1e28f0d6f69681193c6cf0d:SMT_KEY:4,0x5a75cc8d2d7c20bcc1e28f0d6f69681193c6cf0d,4,code_hash_length,8000967
polygon-zkevm:0x6d631c0ca4122dec49e196d688a6f59343098504:SMT_KEY:0,0x6d631c0ca4122dec49e196d688a6f59343098504,0,balance,8000977
polygon-zkevm:0x6d631c0ca4122dec49e196d688a6f59343098504:SMT_KEY:1,0x6d631c0ca4122dec49e196d688a6f59343098504,1,nonce,8000977
polygon-zkevm:0x6d631c0ca4122dec49e196d688a6f59343098504:SMT_KEY:2,0x6d631c0ca4122dec49e196d688a6f59343098504,2,code_hash,8000977
polygon-zkevm:0x6d631c0ca4122dec49e196d688a6f59343098504:SMT_KEY:4,0x6d631c0ca4122dec49e196d688a6f59343098504,4,code_hash_length,8000977
polygon-zkevm:0x2e5b44076d7fd55011f69faf17ebeb15152df4e3:SMT_KEY:0,0x2e5b44076d7fd55011f69faf17ebeb15152df4e3,0,balance,8000997
polygon-zkevm:0x2e5b44076d7fd55011f69faf17ebeb15152df4e3:SMT_KEY:1,0x2e5b44076d7fd55011f69faf17ebeb15152df4e3,1,nonce,8000997
polygon-zkevm:0x2e5b44076d7fd55011f69faf17ebeb15152df4e3:SMT_KEY:2,0x2e5b44076d7fd55011f69faf17ebeb15152df4e3,2,code_hash,8000997
polygon-zkevm:0x2e5b44076d7fd55011f69faf17ebeb15152df4e3:SMT_KEY:4,0x2e5b44076d7fd55011f69faf17ebeb15152df4e3,4,code_hash_length,8000997
polygon-zkevm:0x40bdb014c65850a7250969e209f09774cf340164:SMT_KEY:0,0x40bdb014c65850a7250969e209f09774cf340164,0,balance,8000997
polygon-zkevm:0x40bdb014c65850a7250969e209f09774cf340164:SMT_KEY:1,0x40bdb014c65850a7250969e209f09774cf340164,1,nonce,8000997
polygon-zkevm:0x40bdb014c65850a7250969e209f09774cf340164:SMT_KEY:2,0x40bdb014c65850a7250969e209f09774cf340164,2,code_hash,8000997
polygon-zkevm:0x40bdb014c65850a7250969e209f09774cf340164:SMT_KEY:4,0x40bdb014c65850a7250969e209f09774cf340164,4,code_hash_length,8000997
polygon-zkevm:0xc420494234557ea88be4e32afe4b987c3aacf219:SMT_KEY:0,0xc420494234557ea88be4e32afe4b987c3aacf219,0,balance,8001007
polygon-zkevm:0xc420494234557ea88be4e32afe4b987c3aacf219:SMT_KEY:1,0xc420494234557ea88be4e32afe4b987c3aacf219,1,nonce,8001007
polygon-zkevm:0xc420494234557ea88be4e32afe4b987c3aacf219:SMT_KEY:2,0xc420494234557ea88be4e32afe4b987c3aacf219,2,code_hash,8001007
polygon-zkevm:0xc420494234557ea88be4e32afe4b987c3aacf219:SMT_KEY:4,0xc420494234557ea88be4e32afe4b987c3aacf219,4,code_hash_length,8001007
polygon-zkevm:0xe9c7f3196ab8c09f6616365e8873daeb207c0391:SMT_KEY:0,0xe9c7f3196ab8c09f6616365e8873daeb207c0391,0,balance,8001007
polygon-zkevm:0xe9c7f3196ab8c09f6616365e8873daeb207c0391:SMT_KEY:1,0xe9c7f3196ab8c09f6616365e8873daeb207c0391,1,nonce,8001007
polygon-zkevm:0xe9c7f3196ab8c09f6616365e8873daeb207c0391:SMT_KEY:2,0xe9c7f3196ab8c09f6616365e8873daeb207c0391,2,code_hash,8001007
polygon-zkevm:0xe9c7f3196ab8c09f6616365e8873daeb207c0391:SMT_KEY:4,0xe9c7f3196ab8c09f6616365e8873daeb207c0391,4,code_hash_length,8001007
polygon-zkevm:0xadcc4b1424baa396393e55b1b5c5549eb4a75a6a:SMT_KEY:0,0xadcc4b1424baa396393e55b1b5c5549eb4a75a6a,0,balance,8001017
polygon-zkevm:0xadcc4b1424baa396393e55b1b5c5549eb4a75a6a:SMT_KEY:1,0xadcc4b1424baa396393e55b1b5c5549eb4a75a6a,1,nonce,8001017
polygon-zkevm:0xadcc4b1424baa396393e55b1b5c5549eb4a75a6a:SMT_KEY:2,0xadcc4b1424baa396393e55b1b5c5549eb4a75a6a,2,code_hash,8001017
polygon-zkevm:0xadcc4b1424baa396393e55b1b5c5549eb4a75a6a:SMT_KEY:4,0xadcc4b1424baa396393e55b1b5c5549eb4a75a6a,4,code_hash_length,8001017
polygon-zkevm:0x2169ec73eeb5287ed3180b401b6383beaf5a2011:SMT_KEY:0,0x2169ec73eeb5287ed3180b401b6383beaf5a2011,0,balance,8001027
polygon-zkevm:0x2169ec73eeb5287ed3180b401b6383beaf5a2011:SMT_KEY:1,0x2169ec73eeb5287ed3180b401b6383beaf5a2011,1,nonce,8001027
polygon-zkevm:0x2169ec73eeb5287ed3180b401b6383beaf5a2011:SMT_KEY:2,0x2169ec73eeb5287ed3180b401b6383beaf5a2011,2,code_hash,8001027
polygon-zkevm:0x2169ec73eeb5287ed3180b401b6383beaf5a2011:SMT_KEY:4,0x2169ec73eeb5287ed3180b401b6383beaf5a2011,4,code_hash_length,8001027
polygon-zkevm:0xf84ecc462f2c27b1a561b27627a088a86f2df836:SMT_KEY:0,0xf84ecc462f2c27b1a561b27627a088a86f2df836,0,balance,8001037
polygon-zkevm:0xf84ecc462f2c27b1a561b27627a088a86f2df836:SMT_KEY:1,0xf84ecc462f2c27b1a561b27627a088a86f2df836,1,nonce,8001037
polygon-zkevm:0xf84ecc462f2c27b1a561b27627a088a86f2df836:SMT_KEY:2,0xf84ecc462f2c27b1a561b27627a088a86f2df836,2,code_hash,8001037
polygon-zkevm:0xf84ecc462f2c27b1a561b27627a088a86f2df836:SMT_KEY:4,0xf84ecc462f2c27b1a561b27627a088a86f2df836,4,code_hash_length,8001037
polygon-zkevm:0xd0013136b2f089de18d796caabe5d63062233f80:SMT_KEY:0,0xd0013136b2f089de18d796caabe5d63062233f80,0,balance,8001047
polygon-zkevm:0xd0013136b2f089de18d796caabe5d63062233f80:SMT_KEY:1,0xd0013136b2f089de18d796caabe5d63062233f80,1,nonce,8001047
polygon-zkevm:0xd0013136b2f089de18d796caabe5d63062233f80:SMT_KEY:2,0xd0013136b2f089de18d796caabe5d63062233f80,2,code_hash,8001047
polygon-zkevm:0xd0013136b2f089de18d796caabe5d63062233f80:SMT_KEY:4,0xd0013136b2f089de18d796caabe5d63062233f80,4,code_hash_length,8001047
polygon-zkevm:0xe234d12cf319d0a459cf1016d2ab825bfe4fbfcc:SMT_KEY:0,0xe234d12cf319d0a459cf1016d2ab825bfe4fbfcc,0,balance,8001057
polygon-zkevm:0xe234d12cf319d0a459cf1016d2ab825bfe4fbfcc:SMT_KEY:1,0xe234d12cf319d0a459cf1016d2ab825bfe4fbfcc,1,nonce,8001057
polygon-zkevm:0xe234d12cf319d0a459cf1016d2ab825bfe4fbfcc:SMT_KEY:2,0xe234d12cf319d0a459cf1016d2ab825bfe4fbfcc,2,code_hash,8001057
polygon-zkevm:0xe234d12cf319d0a459cf1016d2ab825bfe4fbfcc:SMT_KEY:4,0xe234d12cf319d0a459cf1016d2ab825bfe4fbfcc,4,code_hash_length,8001057
polygon-zkevm:0x16d329e3f64068009be1c6959d97efba5ad32d4f:SMT_KEY:0,0x16d329e3f64068009be1c6959d97efba5ad32d4f,0,balance,8001067
polygon-zkevm:0x16d329e3f64068009be1c6959d97efba5ad32d4f:SMT_KEY:1,0x16d329e3f64068009be1c6959d97efba5ad32d4f,1,nonce,8001067
polygon-zkevm:0x16d329e3f64068009be1c6959d97efba5ad32d4f:SMT_KEY:2,0x16d329e3f64068009be1c6959d97efba5ad32d4f,2,code_hash,8001067
polygon-zkevm:0x16d329e3f64068009be1c6959d97efba5ad32d4f:SMT_KEY:4,0x16d329e3f64068009be1c6959d97efba5ad32d4f,4,code_hash_length,8001067
polygon-zkevm:0x25e61a942331788d6122d7862a2d3cb2ea581138:SMT_KEY:0,0x25e61a942331788d6122d7862a2d3cb2ea581138,0,balance,8001067
polygon-zkevm:0x25e61a942331788d6122d7862a2d3cb2ea581138:SMT_KEY:1,0x25e61a942331788d6122d7862a2d3cb2ea581138,1,nonce,8001067
polygon-zkevm:0x25e61a942331788d6122d7862a2d3cb2ea581138:SMT_KEY:2,0x25e61a942331788d6122d7862a2d3cb2ea581138,2,code_hash,8001067
polygon-zkevm:0x25e61a942331788d6122d7862a2d3cb2ea581138:SMT_KEY:4,0x25e61a942331788d6122d7862a2d3cb2ea581138,4,code_hash_length,8001067
polygon-zkevm:0x2790994715141617b8e75c0079456d0ed78a6d51:SMT_KEY:0,0x2790994715141617b8e75c0079456d0ed78a6d51,0,balance,8001077
polygon-zkevm:0x2790994715141617b8e75c0079456d0ed78a6d51:SMT_KEY:1,0x2790994715141617b8e75c0079456d0ed78a6d51,1,nonce,8001077
polygon-zkevm:0x2790994715141617b8e75c0079456d0ed78a6d51:SMT_KEY:2,0x2790994715141617b8e75c0079456d0ed78a6d51,2,code_hash,8001077
polygon-zkevm:0x2790994715141617b8e75c0079456d0ed78a6d51:SMT_KEY:4,0x2790994715141617b8e75c0079456d0ed78a6d51,4,code_hash_length,8001077
polygon-zkevm:0xf165a9793a270c1347badf883f48c36cb5e2310e:SMT_KEY:0,0xf165a9793a270c1347badf883f48c36cb5e2310e,0,balance,8001087
polygon-zkevm:0xf165a9793a270c1347badf883f48c36cb5e2310e:SMT_KEY:1,0xf165a9793a270c1347badf883f48c36cb5e2310e,1,nonce,8001087
polygon-zkevm:0xf165a9793a270c1347badf883f48c36cb5e2310e:SMT_KEY:2,0xf165a9793a270c1347badf883f48c36cb5e2310e,2,code_hash,8001087
polygon-zkevm:0xf165a9793a270c1347badf883f48c36cb5e2310e:SMT_KEY:4,0xf165a9793a270c1347badf883f48c36cb5e2310e,4,code_hash_length,8001087
polygon-zkevm:0x2acc5fd4d5a83f8bac6228a1b8e7b6c51936a0cd:SMT_KEY:0,0x2acc5fd4d5a83f8bac6228a1b8e7b6c51936a0cd,0,balance,8001097
polygon-zkevm:0x2acc5fd4d5a83f8bac6228a1b8e7b6c51936a0cd:SMT_KEY:1,0x2acc5fd4d5a83f8bac6228a1b8e7b6c51936a0cd,1,nonce,8001097
polygon-zkevm:0x2acc5fd4d5a83f8bac6228a1b8e7b6c51936a0cd:SMT_KEY:2,0x2acc5fd4d5a83f8bac6228a1b8e7b6c51936a0cd,2,code_hash,8001097
polygon-zkevm:0x2acc5fd4d5a83f8bac6228a1b8e7b6c51936a0cd:SMT_KEY:4,0x2acc5fd4d5a83f8bac6228a1b8e7b6c51936a0cd,4,code_hash_length,8001097
polygon-zkevm:0x1ac3b43a6b189bd603ba3d046052f8a1a93daed6:SMT_KEY:0,0x1ac3b43a6b189bd603ba3d046052f8a1a93daed6,0,balance,8001107
polygon-zkevm:0x1ac3b43a6b189bd603ba3d046052f8a1a93daed6:SMT_KEY:1,0x1ac3b43a6b189bd603ba3d046052f8a1a93daed6,1,nonce,8001107
polygon-zkevm:0x1ac3b43a6b189bd603ba3d046052f8a1a93daed6:SMT_KEY:2,0x1ac3b43a6b189bd603ba3d046052f8a1a93daed6,2,code_hash,8001107
polygon-zkevm:0x1ac3b43a6b189bd603ba3d046052f8a1a93daed6:SMT_KEY:4,0x1ac3b43a6b189bd603ba3d046052f8a1a93daed6,4,code_hash_length,8001107
polygon-zkevm:0xd3f75b4267a793446d06ae7eb38b08324a570109:SMT_KEY:0,0xd3f75b4267a793446d06ae7eb38b08324a570109,0,balance,8001117
polygon-zkevm:0xd3f75b4267a793446d06ae7eb38b08324a570109:SMT_KEY:1,0xd3f75b4267a793446d06ae7eb38b08324a570109,1,nonce,8001117
polygon-zkevm:0xd3f75b4267a793446d06ae7eb38b08324a570109:SMT_KEY:2,0xd3f75b4267a793446d06ae7eb38b08324a570109,2,code_hash,8001117
polygon-zkevm:0xd3f75b4267a793446d06ae7eb38b08324a570109:SMT_KEY:4,0xd3f75b4267a793446d06ae7eb38b08324a570109,4,code_hash_length,8001117
polygon-zkevm:0xb6448286aa38512ac43ea4cb5b5c3e2661d6b029:SMT_KEY:0,0xb6448286aa38512ac43ea4cb5b5c3e2661d6b029,0,balance,8001127
polygon-zkevm:0xb6448286aa38512ac43ea4cb5b5c3e2661d6b029:SMT_KEY:1,0xb6448286aa38512ac43ea4cb5b5c3e2661d6b029,1,nonce,8001127
polygon-zkevm:0xb6448286aa38512ac43ea4cb5b5c3e2661d6b029:SMT_KEY:2,0xb6448286aa38512ac43ea4cb5b5c3e2661d6b029,2,code_hash,8001127
polygon-zkevm:0xb6448286aa38512ac43ea4cb5b5c3e2661d6b029:SMT_KEY:4,0xb6448286aa38512ac43ea4cb5b5c3e2661d6b029,4,code_hash_length,8001127
polygon-zkevm:0x80855f00b4ecbe4a5dde2898f50c4122d9bc25dc:SMT_KEY:0,0x80855f00b4ecbe4a5dde2898f50c4122d9bc25dc,0,balance,8001137
polygon-zkevm:0x80855f00b4ecbe4a5dde2898f50c4122d9bc25dc:SMT_KEY:1,0x80855f00b4ecbe4a5dde2898f50c4122d9bc25dc,1,nonce,8001137
polygon-zkevm:0x80855f00b4ecbe4a5dde2898f50c4122d9bc25dc:SMT_KEY:2,0x80855f00b4ecbe4a5dde2898f50c4122d9bc25dc,2,code_hash,8001137
polygon-zkevm:0x80855f00b4ecbe4a5dde2898f50c4122d9bc25dc:SMT_KEY:4,0x80855f00b4ecbe4a5dde2898f50c4122d9bc25dc,4,code_hash_length,8001137
polygon-zkevm:0x630eaf1754e9494f2f449179de63e7a0a098c6fe:SMT_KEY:0,0x630eaf1754e9494f2f449179de63e7a0a098c6fe,0,balance,8001147
polygon-zkevm:0x630eaf1754e9494f2f449179de63e7a0a098c6fe:SMT_KEY:1,0x630eaf1754e9494f2f449179de63e7a0a098c6fe,1,nonce,8001147
polygon-zkevm:0x630eaf1754e9494f2f449179de63e7a0a098c6fe:SMT_KEY:2,0x630eaf1754e9494f2f449179de63e7a0a098c6fe,2,code_hash,8001147
polygon-zkevm:0x630eaf1754e9494f2f449179de63e7a0a098c6fe:SMT_KEY:4,0x630eaf1754e9494f2f449179de63e7a0a098c6fe,4,code_hash_length,8001147
polygon-zkevm:0xef4e8204ebc6fcfe661d71883a83295f9d7e46be:SMT_KEY:0,0xef4e8204ebc6fcfe661d71883a83295f9d7e46be,0,balance,8001157
polygon-zkevm:0xef4e8204ebc6fcfe661d71883a83295f9d7e46be:SMT_KEY:1,0xef4e8204ebc6fcfe661d71883a83295f9d7e46be,1,nonce,8001157
polygon-zkevm:0xef4e8204ebc6fcfe661d71883a83295f9d7e46be:SMT_KEY:2,0xef4e8204ebc6fcfe661d71883a83295f9d7e46be,2,code_hash,8001157
polygon-zkevm:0xef4e8204ebc6fcfe661d71883a83295f9d7e46be:SMT_KEY:4,0xef4e8204ebc6fcfe661d71883a83295f9d7e46be,4,code_hash_length,8001157
polygon-zkevm:0xcfbfbd52f0ae1d4747cae4f87767619163c853fb:SMT_KEY:0,0xcfbfbd52f0ae1d4747cae4f87767619163c853fb,0,balance,8001207
polygon-zkevm:0xcfbfbd52f0ae1d4747cae4f87767619163c853fb:SMT_KEY:1,0xcfbfbd52f0ae1d4747cae4f87767619163c853fb,1,nonce,8001207
polygon-zkevm:0xcfbfbd52f0ae1d4747cae4f87767619163c853fb:SMT_KEY:2,0xcfbfbd52f0ae1d4747cae4f87767619163c853fb,2,code_hash,8001207
polygon-zkevm:0xcfbfbd52f0ae1d4747cae4f87767619163c853fb:SMT_KEY:4,0xcfbfbd52f0ae1d4747cae4f87767619163c853fb,4,code_hash_length,8001207
polygon-zkevm:0x6be283c5473c7c95fa1730077be80eaa71611777:SMT_KEY:0,0x6be283c5473c7c95fa1730077be80eaa71611777,0,balance,8001217
polygon-zkevm:0x6be283c5473c7c95fa1730077be80eaa71611777:SMT_KEY:1,0x6be283c5473c7c95fa1730077be80eaa71611777,1,nonce,8001217
polygon-zkevm:0x6be283c5473c7c95fa1730077be80eaa71611777:SMT_KEY:2,0x6be283c5473c7c95fa1730077be80eaa71611777,2,code_hash,8001217
polygon-zkevm:0x6be283c5473c7c95fa1730077be80eaa71611777:SMT_KEY:4,0x6be283c5473c7c95fa1730077be80eaa71611777,4,code_hash_length,8001217
polygon-zkevm:0xc4a5bd6d250508019f2a970fd1c42c3658cce84b:SMT_KEY:0,0xc4a5bd6d250508019f2a970fd1c42c3658cce84b,0,balance,8001227
polygon-zkevm:0xc4a5bd6d250508019f2a970fd1c42c3658cce84b:SMT_KEY:1,0xc4a5bd6d250508019f2a970fd1c42c3658cce84b,1,nonce,8001227
polygon-zkevm:0xc4a5bd6d250508019f2a970fd1c42c3658cce84b:SMT_KEY:2,0xc4a5bd6d250508019f2a970fd1c42c3658cce84b,2,code_hash,8001227
polygon-zkevm:0xc4a5bd6d250508019f2a970fd1c42c3658cce84b:SMT_KEY:4,0xc4a5bd6d250508019f2a970fd1c42c3658cce84b,4,code_hash_length,8001227
polygon-zkevm:0xc32c384b6ed8745cafdb858353ef34f6eda200c4:SMT_KEY:0,0xc32c384b6ed8745cafdb858353ef34f6eda200c4,0,balance,8001237
polygon-zkevm:0xc32c384b6ed8745cafdb858353ef34f6eda200c4:SMT_KEY:1,0xc32c384b6ed8745cafdb858353ef34f6eda200c4,1,nonce,8001237
polygon-zkevm:0xc32c384b6ed8745cafdb858353ef34f6eda200c4:SMT_KEY:2,0xc32c384b6ed8745cafdb858353ef34f6eda200c4,2,code_hash,8001237
polygon-zkevm:0xc32c384b6ed8745cafdb858353ef34f6eda200c4:SMT_KEY:4,0xc32c384b6ed8745cafdb858353ef34f6eda200c4,4,code_hash_length,8001237
polygon-zkevm:0xec6f6272f55624d26677b3d50950a9aef974c337:SMT_KEY:0,0xec6f6272f55624d26677b3d50950a9aef974c337,0,balance,8001247
polygon-zkevm:0xec6f6272f55624d26677b3d50950a9aef974c337:SMT_KEY:1,0xec6f6272f55624d26677b3d50950a9aef974c337,1,nonce,8001247
polygon-zkevm:0xec6f6272f55624d26677b3d50950a9aef974c337:SMT_KEY:2,0xec6f6272f55624d26677b3d50950a9aef974c337,2,code_hash,8001247
polygon-zkevm:0xec6f6272f55624d26677b3d50950a9aef974c337:SMT_KEY:4,0xec6f6272f55624d26677b3d50950a9aef974c337,4,code_hash_length,8001247
polygon-zkevm:0x10bd8e673aebe11812fb3603fb50b55477628056:SMT_KEY:0,0x10bd8e673aebe11812fb3603fb50b55477628056,0,balance,8001257
polygon-zkevm:0x10bd8e673aebe11812fb3603fb50b55477628056:SMT_KEY:1,0x10bd8e673aebe11812fb3603fb50b55477628056,1,nonce,8001257
polygon-zkevm:0x10bd8e673aebe11812fb3603fb50b55477628056:SMT_KEY:2,0x10bd8e673aebe11812fb3603fb50b55477628056,2,code_hash,8001257
polygon-zkevm:0x10bd8e673aebe11812fb3603fb50b55477628056:SMT_KEY:4,0x10bd8e673aebe11812fb3603fb50b55477628056,4,code_hash_length,8001257
polygon-zkevm:0xe54858e4643346c4152e9c176461dece53626df2:SMT_KEY:0,0xe54858e4643346c4152e9c176461dece53626df2,0,balance,8001267
polygon-zkevm:0xe54858e4643346c4152e9c176461dece53626df2:SMT_KEY:1,0xe54858e4643346c4152e9c176461dece53626df2,1,nonce,8001267
polygon-zkevm:0xe54858e4643346c4152e9c176461dece53626df2:SMT_KEY:2,0xe54858e4643346c4152e9c176461dece53626df2,2,code_hash,8001267
polygon-zkevm:0xe54858e4643346c4152e9c176461dece53626df2:SMT_KEY:4,0xe54858e4643346c4152e9c176461dece53626df2,4,code_hash_length,8001267
polygon-zkevm:0x3b1df4f6067505e445e7b48b4c09593196865b68:SMT_KEY:0,0x3b1df4f6067505e445e7b48b4c09593196865b68,0,balance,8001277
polygon-zkevm:0x3b1df4f6067505e445e7b48b4c09593196865b68:SMT_KEY:1,0x3b1df4f6067505e445e7b48b4c09593196865b68,1,nonce,8001277
polygon-zkevm:0x3b1df4f6067505e445e7b48b4c09593196865b68:SMT_KEY:2,0x3b1df4f6067505e445e7b48b4c09593196865b68,2,code_hash,8001277
polygon-zkevm:0x3b1df4f6067505e445e7b48b4c09593196865b68:SMT_KEY:4,0x3b1df4f6067505e445e7b48b4c09593196865b68,4,code_hash_length,8001277
polygon-zkevm:0xf52cbefad898a6c3965a9069c0b01278c9ce6a3b:SMT_KEY:0,0xf52cbefad898a6c3965a9069c0b01278c9ce6a3b,0,balance,8001287
polygon-zkevm:0xf52cbefad898a6c3965a9069c0b01278c9ce6a3b:SMT_KEY:1,0xf52cbefad898a6c3965a9069c0b01278c9ce6a3b,1,nonce,8001287
polygon-zkevm:0xf52cbefad898a6c3965a9069c0b01278c9ce6a3b:SMT_KEY:2,0xf52cbefad898a6c3965a9069c0b01278c9ce6a3b,2,code_hash,8001287
polygon-zkevm:0xf52cbefad898a6c3965a9069c0b01278c9ce6a3b:SMT_KEY:4,0xf52cbefad898a6c3965a9069c0b01278c9ce6a3b,4,code_hash_length,8001287
polygon-zkevm:0x9aadedd9ea748be7058376cf36414d052936617e:SMT_KEY:0,0x9aadedd9ea748be7058376cf36414d052936617e,0,balance,8001327
polygon-zkevm:0x9aadedd9ea748be7058376cf36414d052936617e:SMT_KEY:1,0x9aadedd9ea748be7058376cf36414d052936617e,1,nonce,8001327
polygon-zkevm:0x9aadedd9ea748be7058376cf36414d052936617e:SMT_KEY:2,0x9aadedd9ea748be7058376cf36414d052936617e,2,code_hash,8001327
polygon-zkevm:0x9aadedd9ea748be7058376cf36414d052936617e:SMT_KEY:4,0x9aadedd9ea748be7058376cf36414d052936617e,4,code_hash_length,8001327
polygon-zkevm:0xfa4f08c84f6e7a8175535479745317e85bfbc9a4:SMT_KEY:0,0xfa4f08c84f6e7a8175535479745317e85bfbc9a4,0,balance,8001327
polygon-zkevm:0xfa4f08c84f6e7a8175535479745317e85bfbc9a4:SMT_KEY:1,0xfa4f08c84f6e7a8175535479745317e85bfbc9a4,1,nonce,8001327
polygon-zkevm:0xfa4f08c84f6e7a8175535479745317e85bfbc9a4:SMT_KEY:2,0xfa4f08c84f6e7a8175535479745317e85bfbc9a4,2,code_hash,8001327
polygon-zkevm:0xfa4f08c84f6e7a8175535479745317e85bfbc9a4:SMT_KEY:4,0xfa4f08c84f6e7a8175535479745317e85bfbc9a4,4,code_hash_length,8001327
polygon-zkevm:0x11fb29f1becc5ec8b505012e8bec11f97bea12c0:SMT_KEY:0,0x11fb29f1becc5ec8b505012e8bec11f97bea12c0,0,balance,8001337
polygon-zkevm:0x11fb29f1becc5ec8b505012e8bec11f97bea12c0:SMT_KEY:1,0x11fb29f1becc5ec8b505012e8bec11f97bea12c0,1,nonce,8001337
polygon-zkevm:0x11fb29f1becc5ec8b505012e8bec11f97bea12c0:SMT_KEY:2,0x11fb29f1becc5ec8b505012e8bec11f97bea12c0,2,code_hash,8001337
polygon-zkevm:0x11fb29f1becc5ec8b505012e8bec11f97bea12c0:SMT_KEY:4,0x11fb29f1becc5ec8b505012e8bec11f97bea12c0,4,code_hash_length,8001337
polygon-zkevm:0x7144ef4feed3cba1973593391d9615711f5903ff:SMT_KEY:0,0x7144ef4feed3cba1973593391d9615711f5903ff,0,balance,8001337
polygon-zkevm:0x7144ef4feed3cba1973593391d9615711f5903ff:SMT_KEY:1,0x7144ef4feed3cba1973593391d9615711f5903ff,1,nonce,8001337
polygon-zkevm:0x7144ef4feed3cba1973593391d9615711f5903ff:SMT_KEY:2,0x7144ef4feed3cba1973593391d9615711f5903ff,2,code_hash,8001337
polygon-zkevm:0x7144ef4feed3cba1973593391d9615711f5903ff:SMT_KEY:4,0x7144ef4feed3cba1973593391d9615711f5903ff,4,code_hash_length,8001337
polygon-zkevm:0x517e6642ab1993a95832662ab1f409c8ed173e96:SMT_KEY:0,0x517e6642ab1993a95832662ab1f409c8ed173e96,0,balance,8001347
polygon-zkevm:0x517e6642ab1993a95832662ab1f409c8ed173e96:SMT_KEY:1,0x517e6642ab1993a95832662ab1f409c8ed173e96,1,nonce,8001347
polygon-zkevm:0x517e6642ab1993a95832662ab1f409c8ed173e96:SMT_KEY:2,0x517e6642ab1993a95832662ab1f409c8ed173e96,2,code_hash,8001347
polygon-zkevm:0x517e6642ab1993a95832662ab1f409c8ed173e96:SMT_KEY:4,0x517e6642ab1993a95832662ab1f409c8ed173e96,4,code_hash_length,8001347
polygon-zkevm:0x142a62a6b8d535d2c4f7d0e1636d31ec55a2f86b:SMT_KEY:0,0x142a62a6b8d535d2c4f7d0e1636d31ec55a2f86b,0,balance,8001357
polygon-zkevm:0x142a62a6b8d535d2c4f7d0e1636d31ec55a2f86b:SMT_KEY:1,0x142a62a6b8d535d2c4f7d0e1636d31ec55a2f86b,1,nonce,8001357
polygon-zkevm:0x142a62a6b8d535d2c4f7d0e1636d31ec55a2f86b:SMT_KEY:2,0x142a62a6b8d535d2c4f7d0e1636d31ec55a2f86b,2,code_hash,8001357
polygon-zkevm:0x142a62a6b8d535d2c4f7d0e1636d31ec55a2f86b:SMT_KEY:4,0x142a62a6b8d535d2c4f7d0e1636d31ec55a2f86b,4,code_hash_length,8001357
polygon-zkevm:0x597af78d5c73c57c992068075ddcf0160b73bcf9:SMT_KEY:0,0x597af78d5c73c57c992068075ddcf0160b73bcf9,0,balance,8001367
polygon-zkevm:0x597af78d5c73c57c992068075ddcf0160b73bcf9:SMT_KEY:1,0x597af78d5c73c57c992068075ddcf0160b73bcf9,1,nonce,8001367
polygon-zkevm:0x597af78d5c73c57c992068075ddcf0160b73bcf9:SMT_KEY:2,0x597af78d5c73c57c992068075ddcf0160b73bcf9,2,code_hash,8001367
polygon-zkevm:0x597af78d5c73c57c992068075ddcf0160b73bcf9:SMT_KEY:4,0x597af78d5c73c57c992068075ddcf0160b73bcf9,4,code_hash_length,8001367
polygon-zkevm:0xd0e9b3c1034be492fd299e05e89a5aa868a80553:SMT_KEY:0,0xd0e9b3c1034be492fd299e05e89a5aa868a80553,0,balance,8001377
polygon-zkevm:0xd0e9b3c1034be492fd299e05e89a5aa868a80553:SMT_KEY:1,0xd0e9b3c1034be492fd299e05e89a5aa868a80553,1,nonce,8001377
polygon-zkevm:0xd0e9b3c1034be492fd299e05e89a5aa868a80553:SMT_KEY:2,0xd0e9b3c1034be492fd299e05e89a5aa868a80553,2,code_hash,8001377
polygon-zkevm:0xd0e9b3c1034be492fd299e05e89a5aa868a80553:SMT_KEY:4,0xd0e9b3c1034be492fd299e05e89a5aa868a80553,4,code_hash_length,8001377
polygon-zkevm:0x180d2d77c11de9f24c0064ffa04a36d0ef0a385f:SMT_KEY:0,0x180d2d77c11de9f24c0064ffa04a36d0ef0a385f,0,balance,8001387
polygon-zkevm:0x180d2d77c11de9f24c0064ffa04a36d0ef0a385f:SMT_KEY:1,0x180d2d77c11de9f24c0064ffa04a36d0ef0a385f,1,nonce,8001387
polygon-zkevm:0x180d2d77c11de9f24c0064ffa04a36d0ef0a385f:SMT_KEY:2,0x180d2d77c11de9f24c0064ffa04a36d0ef0a385f,2,code_hash,8001387
polygon-zkevm:0x180d2d77c11de9f24c0064ffa04a36d0ef0a385f:SMT_KEY:4,0x180d2d77c11de9f24c0064ffa04a36d0ef0a385f,4,code_hash_length,8001387
polygon-zkevm:0x12033ff8ef6e3d8c8da6df70f94399396867048b:SMT_KEY:0,0x12033ff8ef6e3d8c8da6df70f94399396867048b,0,balance,8001417
polygon-zkevm:0x12033ff8ef6e3d8c8da6df70f94399396867048b:SMT_KEY:1,0x12033ff8ef6e3d8c8da6df70f94399396867048b,1,nonce,8001417
polygon-zkevm:0x12033ff8ef6e3d8c8da6df70f94399396867048b:SMT_KEY:2,0x12033ff8ef6e3d8c8da6df70f94399396867048b,2,code_hash,8001417
polygon-zkevm:0x12033ff8ef6e3d8c8da6df70f94399396867048b:SMT_KEY:4,0x12033ff8ef6e3d8c8da6df70f94399396867048b,4,code_hash_length,8001417
polygon-zkevm:0x19af9a019e67ca5f6d2608b24ec8cf9e095af3c4:SMT_KEY:0,0x19af9a019e67ca5f6d2608b24ec8cf9e095af3c4,0,balance,8001427
polygon-zkevm:0x19af9a019e67ca5f6d2608b24ec8cf9e095af3c4:SMT_KEY:1,0x19af9a019e67ca5f6d2608b24ec8cf9e095af3c4,1,nonce,8001427
polygon-zkevm:0x19af9a019e67ca5f6d2608b24ec8cf9e095af3c4:SMT_KEY:2,0x19af9a019e67ca5f6d2608b24ec8cf9e095af3c4,2,code_hash,8001427
polygon-zkevm:0x19af9a019e67ca5f6d2608b24ec8cf9e095af3c4:SMT_KEY:4,0x19af9a019e67ca5f6d2608b24ec8cf9e095af3c4,4,code_hash_length,8001427
polygon-zkevm:0xfac79f844d2ddbc6341934d80aa7bcada64d1a8f:SMT_KEY:0,0xfac79f844d2ddbc6341934d80aa7bcada64d1a8f,0,balance,8001457
polygon-zkevm:0xfac79f844d2ddbc6341934d80aa7bcada64d1a8f:SMT_KEY:1,0xfac79f844d2ddbc6341934d80aa7bcada64d1a8f,1,nonce,8001457
polygon-zkevm:0xfac79f844d2ddbc6341934d80aa7bcada64d1a8f:SMT_KEY:2,0xfac79f844d2ddbc6341934d80aa7bcada64d1a8f,2,code_hash,8001457
polygon-zkevm:0xfac79f844d2ddbc6341934d80aa7bcada64d1a8f:SMT_KEY:4,0xfac79f844d2ddbc6341934d80aa7bcada64d1a8f,4,code_hash_length,8001457
polygon-zkevm:0xd9e93e29066eaf9ef9e7c37475e70caf225a8522:SMT_KEY:0,0xd9e93e29066eaf9ef9e7c37475e70caf225a8522,0,balance,8001477
polygon-zkevm:0xd9e93e29066eaf9ef9e7c37475e70caf225a8522:SMT_KEY:1,0xd9e93e29066eaf9ef9e7c37475e70caf225a8522,1,nonce,8001477
polygon-zkevm:0xd9e93e29066eaf9ef9e7c37475e70caf225a8522:SMT_KEY:2,0xd9e93e29066eaf9ef9e7c37475e70caf225a8522,2,code_hash,8001477
polygon-zkevm:0xd9e93e29066eaf9ef9e7c37475e70caf225a8522:SMT_KEY:4,0xd9e93e29066eaf9ef9e7c37475e70caf225a8522,4,code_hash_length,8001477
polygon-zkevm:0x169dde50fe1b02ddf59eeb199ba4182d0893f42d:SMT_KEY:0,0x169dde50fe1b02ddf59eeb199ba4182d0893f42d,0,balance,11998547
polygon-zkevm:0x169dde50fe1b02ddf59eeb199ba4182d0893f42d:SMT_KEY:1,0x169dde50fe1b02ddf59eeb199ba4182d0893f42d,1,nonce,11998547
polygon-zkevm:0x169dde50fe1b02ddf59eeb199ba4182d0893f42d:SMT_KEY:2,0x169dde50fe1b02ddf59eeb199ba4182d0893f42d,2,code_hash,11998547
polygon-zkevm:0x169dde50fe1b02ddf59eeb199ba4182d0893f42d:SMT_KEY:4,0x169dde50fe1b02ddf59eeb199ba4182d0893f42d,4,code_hash_length,11998547
polygon-zkevm:0xdedc1117be920b520c82d5af76cca7e5b2048dcb:SMT_KEY:0,0xdedc1117be920b520c82d5af76cca7e5b2048dcb,0,balance,11998547
polygon-zkevm:0xdedc1117be920b520c82d5af76cca7e5b2048dcb:SMT_KEY:1,0xdedc1117be920b520c82d5af76cca7e5b2048dcb,1,nonce,11998547
polygon-zkevm:0xdedc1117be920b520c82d5af76cca7e5b2048dcb:SMT_KEY:2,0xdedc1117be920b520c82d5af76cca7e5b2048dcb,2,code_hash,11998547
polygon-zkevm:0xdedc1117be920b520c82d5af76cca7e5b2048dcb:SMT_KEY:4,0xdedc1117be920b520c82d5af76cca7e5b2048dcb,4,code_hash_length,11998547
polygon-zkevm:0x1a44076050125825900e736c501f859c50fe728c:SMT_KEY:0,0x1a44076050125825900e736c501f859c50fe728c,0,balance,11998577
polygon-zkevm:0x1a44076050125825900e736c501f859c50fe728c:SMT_KEY:1,0x1a44076050125825900e736c501f859c50fe728c,1,nonce,11998577
polygon-zkevm:0x1a44076050125825900e736c501f859c50fe728c:SMT_KEY:2,0x1a44076050125825900e736c501f859c50fe728c,2,code_hash,11998577
polygon-zkevm:0x1a44076050125825900e736c501f859c50fe728c:SMT_KEY:4,0x1a44076050125825900e736c501f859c50fe728c,4,code_hash_length,11998577
polygon-zkevm:0x57bffa72db682f7eb6c132dae03ff36bbeb0c459:SMT_KEY:0,0x57bffa72db682f7eb6c132dae03ff36bbeb0c459,0,balance,11998627
polygon-zkevm:0x57bffa72db682f7eb6c132dae03ff36bbeb0c459:SMT_KEY:1,0x57bffa72db682f7eb6c132dae03ff36bbeb0c459,1,nonce,11998627
polygon-zkevm:0x57bffa72db682f7eb6c132dae03ff36bbeb0c459:SMT_KEY:2,0x57bffa72db682f7eb6c132dae03ff36bbeb0c459,2,code_hash,11998627
polygon-zkevm:0x57bffa72db682f7eb6c132dae03ff36bbeb0c459:SMT_KEY:4,0x57bffa72db682f7eb6c132dae03ff36bbeb0c459,4,code_hash_length,11998627
polygon-zkevm:0x77567899c184d19572dcc82745194eb304559c27:SMT_KEY:0,0x77567899c184d19572dcc82745194eb304559c27,0,balance,11998627
polygon-zkevm:0x77567899c184d19572dcc82745194eb304559c27:SMT_KEY:1,0x77567899c184d19572dcc82745194eb304559c27,1,nonce,11998627
polygon-zkevm:0x77567899c184d19572dcc82745194eb304559c27:SMT_KEY:2,0x77567899c184d19572dcc82745194eb304559c27,2,code_hash,11998627
polygon-zkevm:0x77567899c184d19572dcc82745194eb304559c27:SMT_KEY:4,0x77567899c184d19572dcc82745194eb304559c27,4,code_hash_length,11998627
polygon-zkevm:0x1231deb6f5749ef6ce6943a275a1d3e7486f4eae:SMT_KEY:0,0x1231deb6f5749ef6ce6943a275a1d3e7486f4eae,0,balance,11998727
polygon-zkevm:0x1231deb6f5749ef6ce6943a275a1d3e7486f4eae:SMT_KEY:1,0x1231deb6f5749ef6ce6943a275a1d3e7486f4eae,1,nonce,11998727
polygon-zkevm:0x1231deb6f5749ef6ce6943a275a1d3e7486f4eae:SMT_KEY:2,0x1231deb6f5749ef6ce6943a275a1d3e7486f4eae,2,code_hash,11998727
polygon-zkevm:0x1231deb6f5749ef6ce6943a275a1d3e7486f4eae:SMT_KEY:4,0x1231deb6f5749ef6ce6943a275a1d3e7486f4eae,4,code_hash_length,11998727
polygon-zkevm:0xa4a436bc988e893cf5135f18cb4b186600433d53:SMT_KEY:0,0xa4a436bc988e893cf5135f18cb4b186600433d53,0,balance,11998727
polygon-zkevm:0xa4a436bc988e893cf5135f18cb4b186600433d53:SMT_KEY:1,0xa4a436bc988e893cf5135f18cb4b186600433d53,1,nonce,11998727
polygon-zkevm:0xa4a436bc988e893cf5135f18cb4b186600433d53:SMT_KEY:2,0xa4a436bc988e893cf5135f18cb4b186600433d53,2,code_hash,11998727
polygon-zkevm:0xa4a436bc988e893cf5135f18cb4b186600433d53:SMT_KEY:4,0xa4a436bc988e893cf5135f18cb4b186600433d53,4,code_hash_length,11998727
polygon-zkevm:0xb89a6778d1efe7a5b7096757a21b810cc2886fa1:SMT_KEY:0,0xb89a6778d1efe7a5b7096757a21b810cc2886fa1,0,balance,11998727
polygon-zkevm:0xb89a6778d1efe7a5b7096757a21b810cc2886fa1:SMT_KEY:1,0xb89a6778d1efe7a5b7096757a21b810cc2886fa1,1,nonce,11998727
polygon-zkevm:0xb89a6778d1efe7a5b7096757a21b810cc2886fa1:SMT_KEY:2,0xb89a6778d1efe7a5b7096757a21b810cc2886fa1,2,code_hash,11998727
polygon-zkevm:0xb89a6778d1efe7a5b7096757a21b810cc2886fa1:SMT_KEY:4,0xb89a6778d1efe7a5b7096757a21b810cc2886fa1,4,code_hash_length,11998727
polygon-zkevm:0xef3a9115ddc79d17ec41ae3a0cdfb791a9ec45be:SMT_KEY:0,0xef3a9115ddc79d17ec41ae3a0cdfb791a9ec45be,0,balance,11998727
polygon-zkevm:0xef3a9115ddc79d17ec41ae3a0cdfb791a9ec45be:SMT_KEY:1,0xef3a9115ddc79d17ec41ae3a0cdfb791a9ec45be,1,nonce,11998727
polygon-zkevm:0xef3a9115ddc79d17ec41ae3a0cdfb791a9ec45be:SMT_KEY:2,0xef3a9115ddc79d17ec41ae3a0cdfb791a9ec45be,2,code_hash,11998727
polygon-zkevm:0xef3a9115ddc79d17ec41ae3a0cdfb791a9ec45be:SMT_KEY:4,0xef3a9115ddc79d17ec41ae3a0cdfb791a9ec45be,4,code_hash_length,11998727
polygon-zkevm:0x537ada04c0d8502bdd2393d4525e3587ff2b2999:SMT_KEY:0,0x537ada04c0d8502bdd2393d4525e3587ff2b2999,0,balance,11998737
polygon-zkevm:0x537ada04c0d8502bdd2393d4525e3587ff2b2999:SMT_KEY:1,0x537ada04c0d8502bdd2393d4525e3587ff2b2999,1,nonce,11998737
polygon-zkevm:0x537ada04c0d8502bdd2393d4525e3587ff2b2999:SMT_KEY:2,0x537ada04c0d8502bdd2393d4525e3587ff2b2999,2,code_hash,11998737
polygon-zkevm:0x537ada04c0d8502bdd2393d4525e3587ff2b2999:SMT_KEY:4,0x537ada04c0d8502bdd2393d4525e3587ff2b2999,4,code_hash_length,11998737
polygon-zkevm:0xaae58d86b483d0cb6dc1ceadb7b6c05a0ed73cf0:SMT_KEY:0,0xaae58d86b483d0cb6dc1ceadb7b6c05a0ed73cf0,0,balance,11998737
polygon-zkevm:0xaae58d86b483d0cb6dc1ceadb7b6c05a0ed73cf0:SMT_KEY:1,0xaae58d86b483d0cb6dc1ceadb7b6c05a0ed73cf0,1,nonce,11998737
polygon-zkevm:0xaae58d86b483d0cb6dc1ceadb7b6c05a0ed73cf0:SMT_KEY:2,0xaae58d86b483d0cb6dc1ceadb7b6c05a0ed73cf0,2,code_hash,11998737
polygon-zkevm:0xaae58d86b483d0cb6dc1ceadb7b6c05a0ed73cf0:SMT_KEY:4,0xaae58d86b483d0cb6dc1ceadb7b6c05a0ed73cf0,4,code_hash_length,11998737
polygon-zkevm:0x0c64ac69c95251e0f75d89a43006449414deba3c:SMT_KEY:0,0x0c64ac69c95251e0f75d89a43006449414deba3c,0,balance,11998767
polygon-zkevm:0x0c64ac69c95251e0f75d89a43006449414deba3c:SMT_KEY:1,0x0c64ac69c95251e0f75d89a43006449414deba3c,1,nonce,11998767
polygon-zkevm:0x0c64ac69c95251e0f75d89a43006449414deba3c:SMT_KEY:2,0x0c64ac69c95251e0f75d89a43006449414deba3c,2,code_hash,11998767
polygon-zkevm:0x0c64ac69c95251e0f75d89a43006449414deba3c:SMT_KEY:4,0x0c64ac69c95251e0f75d89a43006449414deba3c,4,code_hash_length,11998767
polygon-zkevm:0x479caf1e9555458782a76615122468e2c8d6ceb8:SMT_KEY:0,0x479caf1e9555458782a76615122468e2c8d6ceb8,0,balance,11998777
polygon-zkevm:0x479caf1e9555458782a76615122468e2c8d6ceb8:SMT_KEY:1,0x479caf1e9555458782a76615122468e2c8d6ceb8,1,nonce,11998777
polygon-zkevm:0x479caf1e9555458782a76615122468e2c8d6ceb8:SMT_KEY:2,0x479caf1e9555458782a76615122468e2c8d6ceb8,2,code_hash,11998777
polygon-zkevm:0x479caf1e9555458782a76615122468e2c8d6ceb8:SMT_KEY:4,0x479caf1e9555458782a76615122468e2c8d6ceb8,4,code_hash_length,11998777
polygon-zkevm:0x56b1b53df5881745e18fb8f4009888b829496a26:SMT_KEY:0,0x56b1b53df5881745e18fb8f4009888b829496a26,0,balance,11998887
polygon-zkevm:0x56b1b53df5881745e18fb8f4009888b829496a26:SMT_KEY:1,0x56b1b53df5881745e18fb8f4009888b829496a26,1,nonce,11998887
polygon-zkevm:0x56b1b53df5881745e18fb8f4009888b829496a26:SMT_KEY:2,0x56b1b53df5881745e18fb8f4009888b829496a26,2,code_hash,11998887
polygon-zkevm:0x56b1b53df5881745e18fb8f4009888b829496a26:SMT_KEY:4,0x56b1b53df5881745e18fb8f4009888b829496a26,4,code_hash_length,11998887
polygon-zkevm:0x5c8e02921ba4b59908079566dc8cf4f6d8e108e0:SMT_KEY:0,0x5c8e02921ba4b59908079566dc8cf4f6d8e108e0,0,balance,11998887
polygon-zkevm:0x5c8e02921ba4b59908079566dc8cf4f6d8e108e0:SMT_KEY:1,0x5c8e02921ba4b59908079566dc8cf4f6d8e108e0,1,nonce,11998887
polygon-zkevm:0x5c8e02921ba4b59908079566dc8cf4f6d8e108e0:SMT_KEY:2,0x5c8e02921ba4b59908079566dc8cf4f6d8e108e0,2,code_hash,11998887
polygon-zkevm:0x5c8e02921ba4b59908079566dc8cf4f6d8e108e0:SMT_KEY:4,0x5c8e02921ba4b59908079566dc8cf4f6d8e108e0,4,code_hash_length,11998887
polygon-zkevm:0x68286607a1d43602d880d349187c3c48c0fd05e6:SMT_KEY:0,0x68286607a1d43602d880d349187c3c48c0fd05e6,0,balance,11998887
polygon-zkevm:0x68286607a1d43602d880d349187c3c48c0fd05e6:SMT_KEY:1,0x68286607a1d43602d880d349187c3c48c0fd05e6,1,nonce,11998887
polygon-zkevm:0x68286607a1d43602d880d349187c3c48c0fd05e6:SMT_KEY:2,0x68286607a1d43602d880d349187c3c48c0fd05e6,2,code_hash,11998887
polygon-zkevm:0x68286607a1d43602d880d349187c3c48c0fd05e6:SMT_KEY:4,0x68286607a1d43602d880d349187c3c48c0fd05e6,4,code_hash_length,11998887
polygon-zkevm:0x85e00036f461c46256ccaaed19839e2107a3884f:SMT_KEY:0,0x85e00036f461c46256ccaaed19839e2107a3884f,0,balance,11998887
polygon-zkevm:0x85e00036f461c46256ccaaed19839e2107a3884f:SMT_KEY:1,0x85e00036f461c46256ccaaed19839e2107a3884f,1,nonce,11998887
polygon-zkevm:0x85e00036f461c46256ccaaed19839e2107a3884f:SMT_KEY:2,0x85e00036f461c46256ccaaed19839e2107a3884f,2,code_hash,11998887
polygon-zkevm:0x85e00036f461c46256ccaaed19839e2107a3884f:SMT_KEY:4,0x85e00036f461c46256ccaaed19839e2107a3884f,4,code_hash_length,11998887
polygon-zkevm:0x3a88b3f4495cb7d4e3b87bfa6cdc8dfb2103a173:SMT_KEY:0,0x3a88b3f4495cb7d4e3b87bfa6cdc8dfb2103a173,0,balance,11998897
polygon-zkevm:0x3a88b3f4495cb7d4e3b87bfa6cdc8dfb2103a173:SMT_KEY:1,0x3a88b3f4495cb7d4e3b87bfa6cdc8dfb2103a173,1,nonce,11998897
polygon-zkevm:0x3a88b3f4495cb7d4e3b87bfa6cdc8dfb2103a173:SMT_KEY:2,0x3a88b3f4495cb7d4e3b87bfa6cdc8dfb2103a173,2,code_hash,11998897
polygon-zkevm:0x3a88b3f4495cb7d4e3b87bfa6cdc8dfb2103a173:SMT_KEY:4,0x3a88b3f4495cb7d4e3b87bfa6cdc8dfb2103a173,4,code_hash_length,11998897
polygon-zkevm:0xe18173b6e3f018a66500e719ecefefa97ef92032:SMT_KEY:0,0xe18173b6e3f018a66500e719ecefefa97ef92032,0,balance,11998897
polygon-zkevm:0xe18173b6e3f018a66500e719ecefefa97ef92032:SMT_KEY:1,0xe18173b6e3f018a66500e719ecefefa97ef92032,1,nonce,11998897
polygon-zkevm:0xe18173b6e3f018a66500e719ecefefa97ef92032:SMT_KEY:2,0xe18173b6e3f018a66500e719ecefefa97ef92032,2,code_hash,11998897
polygon-zkevm:0xe18173b6e3f018a66500e719ecefefa97ef92032:SMT_KEY:4,0xe18173b6e3f018a66500e719ecefefa97ef92032,4,code_hash_length,11998897
polygon-zkevm:0x060055edd929c41c6bd5af6abb262c5487821da1:SMT_KEY:0,0x060055edd929c41c6bd5af6abb262c5487821da1,0,balance,11998917
polygon-zkevm:0x060055edd929c41c6bd5af6abb262c5487821da1:SMT_KEY:1,0x060055edd929c41c6bd5af6abb262c5487821da1,1,nonce,11998917
polygon-zkevm:0x060055edd929c41c6bd5af6abb262c5487821da1:SMT_KEY:2,0x060055edd929c41c6bd5af6abb262c5487821da1,2,code_hash,11998917
polygon-zkevm:0x060055edd929c41c6bd5af6abb262c5487821da1:SMT_KEY:4,0x060055edd929c41c6bd5af6abb262c5487821da1,4,code_hash_length,11998917
polygon-zkevm:0x2f15b21b2b8817749648ccad53025cdddea40d1d:SMT_KEY:0,0x2f15b21b2b8817749648ccad53025cdddea40d1d,0,balance,11998927
polygon-zkevm:0x2f15b21b2b8817749648ccad53025cdddea40d1d:SMT_KEY:1,0x2f15b21b2b8817749648ccad53025cdddea40d1d,1,nonce,11998927
polygon-zkevm:0x2f15b21b2b8817749648ccad53025cdddea40d1d:SMT_KEY:2,0x2f15b21b2b8817749648ccad53025cdddea40d1d,2,code_hash,11998927
polygon-zkevm:0x2f15b21b2b8817749648ccad53025cdddea40d1d:SMT_KEY:4,0x2f15b21b2b8817749648ccad53025cdddea40d1d,4,code_hash_length,11998927
polygon-zkevm:0xba45f2cb29dd2b5255aee3c7cefa5aa0ab677819:SMT_KEY:0,0xba45f2cb29dd2b5255aee3c7cefa5aa0ab677819,0,balance,11998927
polygon-zkevm:0xba45f2cb29dd2b5255aee3c7cefa5aa0ab677819:SMT_KEY:1,0xba45f2cb29dd2b5255aee3c7cefa5aa0ab677819,1,nonce,11998927
polygon-zkevm:0xba45f2cb29dd2b5255aee3c7cefa5aa0ab677819:SMT_KEY:2,0xba45f2cb29dd2b5255aee3c7cefa5aa0ab677819,2,code_hash,11998927
polygon-zkevm:0xba45f2cb29dd2b5255aee3c7cefa5aa0ab677819:SMT_KEY:4,0xba45f2cb29dd2b5255aee3c7cefa5aa0ab677819,4,code_hash_length,11998927
polygon-zkevm:0xe10add2ad591a7ac3ca46788a06290de017b9fb4:SMT_KEY:0,0xe10add2ad591a7ac3ca46788a06290de017b9fb4,0,balance,11998927
polygon-zkevm:0xe10add2ad591a7ac3ca46788a06290de017b9fb4:SMT_KEY:1,0xe10add2ad591a7ac3ca46788a06290de017b9fb4,1,nonce,11998927
polygon-zkevm:0xe10add2ad591a7ac3ca46788a06290de017b9fb4:SMT_KEY:2,0xe10add2ad591a7ac3ca46788a06290de017b9fb4,2,code_hash,11998927
polygon-zkevm:0xe10add2ad591a7ac3ca46788a06290de017b9fb4:SMT_KEY:4,0xe10add2ad591a7ac3ca46788a06290de017b9fb4,4,code_hash_length,11998927
polygon-zkevm:0xe12adb411efec0513a5eae5d37d6e0d06d9b7ff9:SMT_KEY:0,0xe12adb411efec0513a5eae5d37d6e0d06d9b7ff9,0,balance,11998977
polygon-zkevm:0xe12adb411efec0513a5eae5d37d6e0d06d9b7ff9:SMT_KEY:1,0xe12adb411efec0513a5eae5d37d6e0d06d9b7ff9,1,nonce,11998977
polygon-zkevm:0xe12adb411efec0513a5eae5d37d6e0d06d9b7ff9:SMT_KEY:2,0xe12adb411efec0513a5eae5d37d6e0d06d9b7ff9,2,code_hash,11998977
polygon-zkevm:0xe12adb411efec0513a5eae5d37d6e0d06d9b7ff9:SMT_KEY:4,0xe12adb411efec0513a5eae5d37d6e0d06d9b7ff9,4,code_hash_length,11998977
polygon-zkevm:0x9a6f123801e435d098ebf1b15c1cf1c185487fc9:SMT_KEY:0,0x9a6f123801e435d098ebf1b15c1cf1c185487fc9,0,balance,11999007
polygon-zkevm:0x9a6f123801e435d098ebf1b15c1cf1c185487fc9:SMT_KEY:1,0x9a6f123801e435d098ebf1b15c1cf1c185487fc9,1,nonce,11999007
polygon-zkevm:0x9a6f123801e435d098ebf1b15c1cf1c185487fc9:SMT_KEY:2,0x9a6f123801e435d098ebf1b15c1cf1c185487fc9,2,code_hash,11999007
polygon-zkevm:0x9a6f123801e435d098ebf1b15c1cf1c185487fc9:SMT_KEY:4,0x9a6f123801e435d098ebf1b15c1cf1c185487fc9,4,code_hash_length,11999007
polygon-zkevm:0xca8dbfc66557ba2adcb4b726671267e3130be7ae:SMT_KEY:0,0xca8dbfc66557ba2adcb4b726671267e3130be7ae,0,balance,11999037
polygon-zkevm:0xca8dbfc66557ba2adcb4b726671267e3130be7ae:SMT_KEY:1,0xca8dbfc66557ba2adcb4b726671267e3130be7ae,1,nonce,11999037
polygon-zkevm:0xca8dbfc66557ba2adcb4b726671267e3130be7ae:SMT_KEY:2,0xca8dbfc66557ba2adcb4b726671267e3130be7ae,2,code_hash,11999037
polygon-zkevm:0xca8dbfc66557ba2adcb4b726671267e3130be7ae:SMT_KEY:4,0xca8dbfc66557ba2adcb4b726671267e3130be7ae,4,code_hash_length,11999037
polygon-zkevm:0xed0ea1872ee75ce9f0ac663078140719a419fdd0:SMT_KEY:0,0xed0ea1872ee75ce9f0ac663078140719a419fdd0,0,balance,11999037
polygon-zkevm:0xed0ea1872ee75ce9f0ac663078140719a419fdd0:SMT_KEY:1,0xed0ea1872ee75ce9f0ac663078140719a419fdd0,1,nonce,11999037
polygon-zkevm:0xed0ea1872ee75ce9f0ac663078140719a419fdd0:SMT_KEY:2,0xed0ea1872ee75ce9f0ac663078140719a419fdd0,2,code_hash,11999037
polygon-zkevm:0xed0ea1872ee75ce9f0ac663078140719a419fdd0:SMT_KEY:4,0xed0ea1872ee75ce9f0ac663078140719a419fdd0,4,code_hash_length,11999037
polygon-zkevm:0x4e91018730352f856b7bc487d25e6f97d3870295:SMT_KEY:0,0x4e91018730352f856b7bc487d25e6f97d3870295,0,balance,11999047
polygon-zkevm:0x4e91018730352f856b7bc487d25e6f97d3870295:SMT_KEY:1,0x4e91018730352f856b7bc487d25e6f97d3870295,1,nonce,11999047
polygon-zkevm:0x4e91018730352f856b7bc487d25e6f97d3870295:SMT_KEY:2,0x4e91018730352f856b7bc487d25e6f97d3870295,2,code_hash,11999047
polygon-zkevm:0x4e91018730352f856b7bc487d25e6f97d3870295:SMT_KEY:4,0x4e91018730352f856b7bc487d25e6f97d3870295,4,code_hash_length,11999047
polygon-zkevm:0x71ad49ddbfa18b312a2e32a871549ba4fd18300d:SMT_KEY:0,0x71ad49ddbfa18b312a2e32a871549ba4fd18300d,0,balance,11999047
polygon-zkevm:0x71ad49ddbfa18b312a2e32a871549ba4fd18300d:SMT_KEY:1,0x71ad49ddbfa18b312a2e32a871549ba4fd18300d,1,nonce,11999047
polygon-zkevm:0x71ad49ddbfa18b312a2e32a871549ba4fd18300d:SMT_KEY:2,0x71ad49ddbfa18b312a2e32a871549ba4fd18300d,2,code_hash,11999047
polygon-zkevm:0x71ad49ddbfa18b312a2e32a871549ba4fd18300d:SMT_KEY:4,0x71ad49ddbfa18b312a2e32a871549ba4fd18300d,4,code_hash_length,11999047
polygon-zkevm:0x1c200097c84ed5a97a3d7e10c2ea61a11523e78c:SMT_KEY:0,0x1c200097c84ed5a97a3d7e10c2ea61a11523e78c,0,balance,11999057
polygon-zkevm:0x1c200097c84ed5a97a3d7e10c2ea61a11523e78c:SMT_KEY:1,0x1c200097c84ed5a97a3d7e10c2ea61a11523e78c,1,nonce,11999057
polygon-zkevm:0x1c200097c84ed5a97a3d7e10c2ea61a11523e78c:SMT_KEY:2,0x1c200097c84ed5a97a3d7e10c2ea61a11523e78c,2,code_hash,11999057
polygon-zkevm:0x1c200097c84ed5a97a3d7e10c2ea61a11523e78c:SMT_KEY:4,0x1c200097c84ed5a97a3d7e10c2ea61a11523e78c,4,code_hash_length,11999057
polygon-zkevm:0xd551237a5bcb034e372082a7edc5201849bf5464:SMT_KEY:0,0xd551237a5bcb034e372082a7edc5201849bf5464,0,balance,11999057
polygon-zkevm:0xd551237a5bcb034e372082a7edc5201849bf5464:SMT_KEY:1,0xd551237a5bcb034e372082a7edc5201849bf5464,1,nonce,11999057
polygon-zkevm:0xd551237a5bcb034e372082a7edc5201849bf5464:SMT_KEY:2,0xd551237a5bcb034e372082a7edc5201849bf5464,2,code_hash,11999057
polygon-zkevm:0xd551237a5bcb034e372082a7edc5201849bf5464:SMT_KEY:4,0xd551237a5bcb034e372082a7edc5201849bf5464,4,code_hash_length,11999057
polygon-zkevm:0x567b6485ef56063e84584ffac8cc3bcbdb134fcf:SMT_KEY:0,0x567b6485ef56063e84584ffac8cc3bcbdb134fcf,0,balance,11999097
polygon-zkevm:0x567b6485ef56063e84584ffac8cc3bcbdb134fcf:SMT_KEY:1,0x567b6485ef56063e84584ffac8cc3bcbdb134fcf,1,nonce,11999097
polygon-zkevm:0x567b6485ef56063e84584ffac8cc3bcbdb134fcf:SMT_KEY:2,0x567b6485ef56063e84584ffac8cc3bcbdb134fcf,2,code_hash,11999097
polygon-zkevm:0x567b6485ef56063e84584ffac8cc3bcbdb134fcf:SMT_KEY:4,0x567b6485ef56063e84584ffac8cc3bcbdb134fcf,4,code_hash_length,11999097
polygon-zkevm:0x04f864d5401989e4d5d9da07a4fd2936666a1d70:SMT_KEY:0,0x04f864d5401989e4d5d9da07a4fd2936666a1d70,0,balance,11999167
polygon-zkevm:0x04f864d5401989e4d5d9da07a4fd2936666a1d70:SMT_KEY:1,0x04f864d5401989e4d5d9da07a4fd2936666a1d70,1,nonce,11999167
polygon-zkevm:0x04f864d5401989e4d5d9da07a4fd2936666a1d70:SMT_KEY:2,0x04f864d5401989e4d5d9da07a4fd2936666a1d70,2,code_hash,11999167
polygon-zkevm:0x04f864d5401989e4d5d9da07a4fd2936666a1d70:SMT_KEY:4,0x04f864d5401989e4d5d9da07a4fd2936666a1d70,4,code_hash_length,11999167
polygon-zkevm:0x31323909d0026e368d8bf3c68a1caafe8a9d4b09:SMT_KEY:0,0x31323909d0026e368d8bf3c68a1caafe8a9d4b09,0,balance,11999167
polygon-zkevm:0x31323909d0026e368d8bf3c68a1caafe8a9d4b09:SMT_KEY:1,0x31323909d0026e368d8bf3c68a1caafe8a9d4b09,1,nonce,11999167
polygon-zkevm:0x31323909d0026e368d8bf3c68a1caafe8a9d4b09:SMT_KEY:2,0x31323909d0026e368d8bf3c68a1caafe8a9d4b09,2,code_hash,11999167
polygon-zkevm:0x31323909d0026e368d8bf3c68a1caafe8a9d4b09:SMT_KEY:4,0x31323909d0026e368d8bf3c68a1caafe8a9d4b09,4,code_hash_length,11999167
polygon-zkevm:0xf7faff5c982ce9049bd13f3a82fe2aa429ed45df:SMT_KEY:0,0xf7faff5c982ce9049bd13f3a82fe2aa429ed45df,0,balance,11999167
polygon-zkevm:0xf7faff5c982ce9049bd13f3a82fe2aa429ed45df:SMT_KEY:1,0xf7faff5c982ce9049bd13f3a82fe2aa429ed45df,1,nonce,11999167
polygon-zkevm:0xf7faff5c982ce9049bd13f3a82fe2aa429ed45df:SMT_KEY:2,0xf7faff5c982ce9049bd13f3a82fe2aa429ed45df,2,code_hash,11999167
polygon-zkevm:0xf7faff5c982ce9049bd13f3a82fe2aa429ed45df:SMT_KEY:4,0xf7faff5c982ce9049bd13f3a82fe2aa429ed45df,4,code_hash_length,11999167
polygon-zkevm:0x12a007edb6beb5a7d98c1c667e19200f2fb03542:SMT_KEY:0,0x12a007edb6beb5a7d98c1c667e19200f2fb03542,0,balance,11999187
polygon-zkevm:0x12a007edb6beb5a7d98c1c667e19200f2fb03542:SMT_KEY:1,0x12a007edb6beb5a7d98c1c667e19200f2fb03542,1,nonce,11999187
polygon-zkevm:0x12a007edb6beb5a7d98c1c667e19200f2fb03542:SMT_KEY:2,0x12a007edb6beb5a7d98c1c667e19200f2fb03542,2,code_hash,11999187
polygon-zkevm:0x12a007edb6beb5a7d98c1c667e19200f2fb03542:SMT_KEY:4,0x12a007edb6beb5a7d98c1c667e19200f2fb03542,4,code_hash_length,11999187
polygon-zkevm:0x565a740466a195f9b2ca10cffc917a190729cdd1:SMT_KEY:0,0x565a740466a195f9b2ca10cffc917a190729cdd1,0,balance,11999187
polygon-zkevm:0x565a740466a195f9b2ca10cffc917a190729cdd1:SMT_KEY:1,0x565a740466a195f9b2ca10cffc917a190729cdd1,1,nonce,11999187
polygon-zkevm:0x565a740466a195f9b2ca10cffc917a190729cdd1:SMT_KEY:2,0x565a740466a195f9b2ca10cffc917a190729cdd1,2,code_hash,11999187
polygon-zkevm:0x565a740466a195f9b2ca10cffc917a190729cdd1:SMT_KEY:4,0x565a740466a195f9b2ca10cffc917a190729cdd1,4,code_hash_length,11999187
polygon-zkevm:0x8ea4e052356cff0052a37d33c5fd2965cc5de729:SMT_KEY:0,0x8ea4e052356cff0052a37d33c5fd2965cc5de729,0,balance,11999197
polygon-zkevm:0x8ea4e052356cff0052a37d33c5fd2965cc5de729:SMT_KEY:1,0x8ea4e052356cff0052a37d33c5fd2965cc5de729,1,nonce,11999197
polygon-zkevm:0x8ea4e052356cff0052a37d33c5fd2965cc5de729:SMT_KEY:2,0x8ea4e052356cff0052a37d33c5fd2965cc5de729,2,code_hash,11999197
polygon-zkevm:0x8ea4e052356cff0052a37d33c5fd2965cc5de729:SMT_KEY:4,0x8ea4e052356cff0052a37d33c5fd2965cc5de729,4,code_hash_length,11999197
polygon-zkevm:0xddb6fe52bd896f12b35fe03dbd012cf349de6cea:SMT_KEY:0,0xddb6fe52bd896f12b35fe03dbd012cf349de6cea,0,balance,11999287
polygon-zkevm:0xddb6fe52bd896f12b35fe03dbd012cf349de6cea:SMT_KEY:1,0xddb6fe52bd896f12b35fe03dbd012cf349de6cea,1,nonce,11999287
polygon-zkevm:0xddb6fe52bd896f12b35fe03dbd012cf349de6cea:SMT_KEY:2,0xddb6fe52bd896f12b35fe03dbd012cf349de6cea,2,code_hash,11999287
polygon-zkevm:0xddb6fe52bd896f12b35fe03dbd012cf349de6cea:SMT_KEY:4,0xddb6fe52bd896f12b35fe03dbd012cf349de6cea,4,code_hash_length,11999287
polygon-zkevm:0x407ebed204bd3af7665447961c2ae69b099cd934:SMT_KEY:0,0x407ebed204bd3af7665447961c2ae69b099cd934,0,balance,11999337
polygon-zkevm:0x407ebed204bd3af7665447961c2ae69b099cd934:SMT_KEY:1,0x407ebed204bd3af7665447961c2ae69b099cd934,1,nonce,11999337
polygon-zkevm:0x407ebed204bd3af7665447961c2ae69b099cd934:SMT_KEY:2,0x407ebed204bd3af7665447961c2ae69b099cd934,2,code_hash,11999337
polygon-zkevm:0x407ebed204bd3af7665447961c2ae69b099cd934:SMT_KEY:4,0x407ebed204bd3af7665447961c2ae69b099cd934,4,code_hash_length,11999337
polygon-zkevm:0x590958e5aa458b0d5c405c416cd7db07af5471f0:SMT_KEY:0,0x590958e5aa458b0d5c405c416cd7db07af5471f0,0,balance,11999347
polygon-zkevm:0x590958e5aa458b0d5c405c416cd7db07af5471f0:SMT_KEY:1,0x590958e5aa458b0d5c405c416cd7db07af5471f0,1,nonce,11999347
polygon-zkevm:0x590958e5aa458b0d5c405c416cd7db07af5471f0:SMT_KEY:2,0x590958e5aa458b0d5c405c416cd7db07af5471f0,2,code_hash,11999347
polygon-zkevm:0x590958e5aa458b0d5c405c416cd7db07af5471f0:SMT_KEY:4,0x590958e5aa458b0d5c405c416cd7db07af5471f0,4,code_hash_length,11999347
polygon-zkevm:0x24ba8e6ea8c32c3a482e97c62647839b0fecff10:SMT_KEY:0,0x24ba8e6ea8c32c3a482e97c62647839b0fecff10,0,balance,11999417
polygon-zkevm:0x24ba8e6ea8c32c3a482e97c62647839b0fecff10:SMT_KEY:1,0x24ba8e6ea8c32c3a482e97c62647839b0fecff10,1,nonce,11999417
polygon-zkevm:0x24ba8e6ea8c32c3a482e97c62647839b0fecff10:SMT_KEY:2,0x24ba8e6ea8c32c3a482e97c62647839b0fecff10,2,code_hash,11999417
polygon-zkevm:0x24ba8e6ea8c32c3a482e97c62647839b0fecff10:SMT_KEY:4,0x24ba8e6ea8c32c3a482e97c62647839b0fecff10,4,code_hash_length,11999417
polygon-zkevm:0x3eb6347f6282e78f778c23c97e8657f5ee5378e0:SMT_KEY:0,0x3eb6347f6282e78f778c23c97e8657f5ee5378e0,0,balance,11999437
polygon-zkevm:0x3eb6347f6282e78f778c23c97e8657f5ee5378e0:SMT_KEY:1,0x3eb6347f6282e78f778c23c97e8657f5ee5378e0,1,nonce,11999437
polygon-zkevm:0x3eb6347f6282e78f778c23c97e8657f5ee5378e0:SMT_KEY:2,0x3eb6347f6282e78f778c23c97e8657f5ee5378e0,2,code_hash,11999437
polygon-zkevm:0x3eb6347f6282e78f778c23c97e8657f5ee5378e0:SMT_KEY:4,0x3eb6347f6282e78f778c23c97e8657f5ee5378e0,4,code_hash_length,11999437
polygon-zkevm:0x5523985926aa12ba58dc5ad00ddca99678d7227e:SMT_KEY:0,0x5523985926aa12ba58dc5ad00ddca99678d7227e,0,balance,11999437
polygon-zkevm:0x5523985926aa12ba58dc5ad00ddca99678d7227e:SMT_KEY:1,0x5523985926aa12ba58dc5ad00ddca99678d7227e,1,nonce,11999437
polygon-zkevm:0x5523985926aa12ba58dc5ad00ddca99678d7227e:SMT_KEY:2,0x5523985926aa12ba58dc5ad00ddca99678d7227e,2,code_hash,11999437
polygon-zkevm:0x5523985926aa12ba58dc5ad00ddca99678d7227e:SMT_KEY:4,0x5523985926aa12ba58dc5ad00ddca99678d7227e,4,code_hash_length,11999437
polygon-zkevm:0xc46c2b61f3affb61732b462c6cb6062f5e93a77f:SMT_KEY:0,0xc46c2b61f3affb61732b462c6cb6062f5e93a77f,0,balance,11999437
polygon-zkevm:0xc46c2b61f3affb61732b462c6cb6062f5e93a77f:SMT_KEY:1,0xc46c2b61f3affb61732b462c6cb6062f5e93a77f,1,nonce,11999437
polygon-zkevm:0xc46c2b61f3affb61732b462c6cb6062f5e93a77f:SMT_KEY:2,0xc46c2b61f3affb61732b462c6cb6062f5e93a77f,2,code_hash,11999437
polygon-zkevm:0xc46c2b61f3affb61732b462c6cb6062f5e93a77f:SMT_KEY:4,0xc46c2b61f3affb61732b462c6cb6062f5e93a77f,4,code_hash_length,11999437
polygon-zkevm:0x6fb57d194bd89cf54ada268f87ba7b0c73548dc5:SMT_KEY:0,0x6fb57d194bd89cf54ada268f87ba7b0c73548dc5,0,balance,11999447
polygon-zkevm:0x6fb57d194bd89cf54ada268f87ba7b0c73548dc5:SMT_KEY:1,0x6fb57d194bd89cf54ada268f87ba7b0c73548dc5,1,nonce,11999447
polygon-zkevm:0x6fb57d194bd89cf54ada268f87ba7b0c73548dc5:SMT_KEY:2,0x6fb57d194bd89cf54ada268f87ba7b0c73548dc5,2,code_hash,11999447
polygon-zkevm:0x6fb57d194bd89cf54ada268f87ba7b0c73548dc5:SMT_KEY:4,0x6fb57d194bd89cf54ada268f87ba7b0c73548dc5,4,code_hash_length,11999447
polygon-zkevm:0x7cda4b76a23765abf123929af2a8c8ca9c4d76de:SMT_KEY:0,0x7cda4b76a23765abf123929af2a8c8ca9c4d76de,0,balance,11999457
polygon-zkevm:0x7cda4b76a23765abf123929af2a8c8ca9c4d76de:SMT_KEY:1,0x7cda4b76a23765abf123929af2a8c8ca9c4d76de,1,nonce,11999457
polygon-zkevm:0x7cda4b76a23765abf123929af2a8c8ca9c4d76de:SMT_KEY:2,0x7cda4b76a23765abf123929af2a8c8ca9c4d76de,2,code_hash,11999457
polygon-zkevm:0x7cda4b76a23765abf123929af2a8c8ca9c4d76de:SMT_KEY:4,0x7cda4b76a23765abf123929af2a8c8ca9c4d76de,4,code_hash_length,11999457
polygon-zkevm:0x80d02303ba0088cd807acd98a6364070a726624d:SMT_KEY:0,0x80d02303ba0088cd807acd98a6364070a726624d,0,balance,11999467
polygon-zkevm:0x80d02303ba0088cd807acd98a6364070a726624d:SMT_KEY:1,0x80d02303ba0088cd807acd98a6364070a726624d,1,nonce,11999467
polygon-zkevm:0x80d02303ba0088cd807acd98a6364070a726624d:SMT_KEY:2,0x80d02303ba0088cd807acd98a6364070a726624d,2,code_hash,11999467
polygon-zkevm:0x80d02303ba0088cd807acd98a6364070a726624d:SMT_KEY:4,0x80d02303ba0088cd807acd98a6364070a726624d,4,code_hash_length,11999467
polygon-zkevm:0x79a99f6952a1c472e5f7c0c7653fbfa79ead3bb0:SMT_KEY:0,0x79a99f6952a1c472e5f7c0c7653fbfa79ead3bb0,0,balance,11999527
polygon-zkevm:0x79a99f6952a1c472e5f7c0c7653fbfa79ead3bb0:SMT_KEY:1,0x79a99f6952a1c472e5f7c0c7653fbfa79ead3bb0,1,nonce,11999527
polygon-zkevm:0x79a99f6952a1c472e5f7c0c7653fbfa79ead3bb0:SMT_KEY:2,0x79a99f6952a1c472e5f7c0c7653fbfa79ead3bb0,2,code_hash,11999527
polygon-zkevm:0x79a99f6952a1c472e5f7c0c7653fbfa79ead3bb0:SMT_KEY:4,0x79a99f6952a1c472e5f7c0c7653fbfa79ead3bb0,4,code_hash_length,11999527
polygon-zkevm:0xea034fb02eb1808c2cc3adbc15f447b93cbe08e1:SMT_KEY:0,0xea034fb02eb1808c2cc3adbc15f447b93cbe08e1,0,balance,11999527
polygon-zkevm:0xea034fb02eb1808c2cc3adbc15f447b93cbe08e1:SMT_KEY:1,0xea034fb02eb1808c2cc3adbc15f447b93cbe08e1,1,nonce,11999527
polygon-zkevm:0xea034fb02eb1808c2cc3adbc15f447b93cbe08e1:SMT_KEY:2,0xea034fb02eb1808c2cc3adbc15f447b93cbe08e1,2,code_hash,11999527
polygon-zkevm:0xea034fb02eb1808c2cc3adbc15f447b93cbe08e1:SMT_KEY:4,0xea034fb02eb1808c2cc3adbc15f447b93cbe08e1,4,code_hash_length,11999527
polygon-zkevm:0x8fa66b0f585a4286ff692c66b7f19e748eb3c897:SMT_KEY:0,0x8fa66b0f585a4286ff692c66b7f19e748eb3c897,0,balance,11999557
polygon-zkevm:0x8fa66b0f585a4286ff692c66b7f19e748eb3c897:SMT_KEY:1,0x8fa66b0f585a4286ff692c66b7f19e748eb3c897,1,nonce,11999557
polygon-zkevm:0x8fa66b0f585a4286ff692c66b7f19e748eb3c897:SMT_KEY:2,0x8fa66b0f585a4286ff692c66b7f19e748eb3c897,2,code_hash,11999557
polygon-zkevm:0x8fa66b0f585a4286ff692c66b7f19e748eb3c897:SMT_KEY:4,0x8fa66b0f585a4286ff692c66b7f19e748eb3c897,4,code_hash_length,11999557
polygon-zkevm:0x55bed010b0d569e698b002f9d3bd1b2e95d11b02:SMT_KEY:0,0x55bed010b0d569e698b002f9d3bd1b2e95d11b02,0,balance,11999597
polygon-zkevm:0x55bed010b0d569e698b002f9d3bd1b2e95d11b02:SMT_KEY:1,0x55bed010b0d569e698b002f9d3bd1b2e95d11b02,1,nonce,11999597
polygon-zkevm:0x55bed010b0d569e698b002f9d3bd1b2e95d11b02:SMT_KEY:2,0x55bed010b0d569e698b002f9d3bd1b2e95d11b02,2,code_hash,11999597
polygon-zkevm:0x55bed010b0d569e698b002f9d3bd1b2e95d11b02:SMT_KEY:4,0x55bed010b0d569e698b002f9d3bd1b2e95d11b02,4,code_hash_length,11999597
polygon-zkevm:0x420b0310ab61aefa4c15b072f03aa738a18d5d84:SMT_KEY:0,0x420b0310ab61aefa4c15b072f03aa738a18d5d84,0,balance,11999607
polygon-zkevm:0x420b0310ab61aefa4c15b072f03aa738a18d5d84:SMT_KEY:1,0x420b0310ab61aefa4c15b072f03aa738a18d5d84,1,nonce,11999607
polygon-zkevm:0x420b0310ab61aefa4c15b072f03aa738a18d5d84:SMT_KEY:2,0x420b0310ab61aefa4c15b072f03aa738a18d5d84,2,code_hash,11999607
polygon-zkevm:0x420b0310ab61aefa4c15b072f03aa738a18d5d84:SMT_KEY:4,0x420b0310ab61aefa4c15b072f03aa738a18d5d84,4,code_hash_length,11999607
polygon-zkevm:0x84a7059096a393f09f3d3f5771e4f25e2d1474ce:SMT_KEY:0,0x84a7059096a393f09f3d3f5771e4f25e2d1474ce,0,balance,11999607
polygon-zkevm:0x84a7059096a393f09f3d3f5771e4f25e2d1474ce:SMT_KEY:1,0x84a7059096a393f09f3d3f5771e4f25e2d1474ce,1,nonce,11999607
polygon-zkevm:0x84a7059096a393f09f3d3f5771e4f25e2d1474ce:SMT_KEY:2,0x84a7059096a393f09f3d3f5771e4f25e2d1474ce,2,code_hash,11999607
polygon-zkevm:0x84a7059096a393f09f3d3f5771e4f25e2d1474ce:SMT_KEY:4,0x84a7059096a393f09f3d3f5771e4f25e2d1474ce,4,code_hash_length,11999607
polygon-zkevm:0xbc59506a5ce024b892776d4f7dd450b0fb3584a2:SMT_KEY:0,0xbc59506a5ce024b892776d4f7dd450b0fb3584a2,0,balance,11999617
polygon-zkevm:0xbc59506a5ce024b892776d4f7dd450b0fb3584a2:SMT_KEY:1,0xbc59506a5ce024b892776d4f7dd450b0fb3584a2,1,nonce,11999617
polygon-zkevm:0xbc59506a5ce024b892776d4f7dd450b0fb3584a2:SMT_KEY:2,0xbc59506a5ce024b892776d4f7dd450b0fb3584a2,2,code_hash,11999617
polygon-zkevm:0xbc59506a5ce024b892776d4f7dd450b0fb3584a2:SMT_KEY:4,0xbc59506a5ce024b892776d4f7dd450b0fb3584a2,4,code_hash_length,11999617
polygon-zkevm:0x568810b7d72be40ed21515a445a1606daecc93a7:SMT_KEY:0,0x568810b7d72be40ed21515a445a1606daecc93a7,0,balance,11999637
polygon-zkevm:0x568810b7d72be40ed21515a445a1606daecc93a7:SMT_KEY:1,0x568810b7d72be40ed21515a445a1606daecc93a7,1,nonce,11999637
polygon-zkevm:0x568810b7d72be40ed21515a445a1606daecc93a7:SMT_KEY:2,0x568810b7d72be40ed21515a445a1606daecc93a7,2,code_hash,11999637
polygon-zkevm:0x568810b7d72be40ed21515a445a1606daecc93a7:SMT_KEY:4,0x568810b7d72be40ed21515a445a1606daecc93a7,4,code_hash_length,11999637
polygon-zkevm:0x98bb79abec7315a069a223d38767bc675b6fb212:SMT_KEY:0,0x98bb79abec7315a069a223d38767bc675b6fb212,0,balance,11999647
polygon-zkevm:0x98bb79abec7315a069a223d38767bc675b6fb212:SMT_KEY:1,0x98bb79abec7315a069a223d38767bc675b6fb212,1,nonce,11999647
polygon-zkevm:0x98bb79abec7315a069a223d38767bc675b6fb212:SMT_KEY:2,0x98bb79abec7315a069a223d38767bc675b6fb212,2,code_hash,11999647
polygon-zkevm:0x98bb79abec7315a069a223d38767bc675b6fb212:SMT_KEY:4,0x98bb79abec7315a069a223d38767bc675b6fb212,4,code_hash_length,11999647
polygon-zkevm:0x1a19f3662662319914290b1ae17deb1b3f1c814a:SMT_KEY:0,0x1a19f3662662319914290b1ae17deb1b3f1c814a,0,balance,11999657
polygon-zkevm:0x1a19f3662662319914290b1ae17deb1b3f1c814a:SMT_KEY:1,0x1a19f3662662319914290b1ae17deb1b3f1c814a,1,nonce,11999657
polygon-zkevm:0x1a19f3662662319914290b1ae17deb1b3f1c814a:SMT_KEY:2,0x1a19f3662662319914290b1ae17deb1b3f1c814a,2,code_hash,11999657
polygon-zkevm:0x1a19f3662662319914290b1ae17deb1b3f1c814a:SMT_KEY:4,0x1a19f3662662319914290b1ae17deb1b3f1c814a,4,code_hash_length,11999657
polygon-zkevm:0x45ce6ac9f21eaf1010f9839a4da09a7e35c84eda:SMT_KEY:0,0x45ce6ac9f21eaf1010f9839a4da09a7e35c84eda,0,balance,11999717
polygon-zkevm:0x45ce6ac9f21eaf1010f9839a4da09a7e35c84eda:SMT_KEY:1,0x45ce6ac9f21eaf1010f9839a4da09a7e35c84eda,1,nonce,11999717
polygon-zkevm:0x45ce6ac9f21eaf1010f9839a4da09a7e35c84eda:SMT_KEY:2,0x45ce6ac9f21eaf1010f9839a4da09a7e35c84eda,2,code_hash,11999717
polygon-zkevm:0x45ce6ac9f21eaf1010f9839a4da09a7e35c84eda:SMT_KEY:4,0x45ce6ac9f21eaf1010f9839a4da09a7e35c84eda,4,code_hash_length,11999717
polygon-zkevm:0xc30d6ef0db79555296118b1bcf5b578268bb6206:SMT_KEY:0,0xc30d6ef0db79555296118b1bcf5b578268bb6206,0,balance,11999767
polygon-zkevm:0xc30d6ef0db79555296118b1bcf5b578268bb6206:SMT_KEY:1,0xc30d6ef0db79555296118b1bcf5b578268bb6206,1,nonce,11999767
polygon-zkevm:0xc30d6ef0db79555296118b1bcf5b578268bb6206:SMT_KEY:2,0xc30d6ef0db79555296118b1bcf5b578268bb6206,2,code_hash,11999767
polygon-zkevm:0xc30d6ef0db79555296118b1bcf5b578268bb6206:SMT_KEY:4,0xc30d6ef0db79555296118b1bcf5b578268bb6206,4,code_hash_length,11999767
polygon-zkevm:0xc15ab7d37312cd9ef816b8914d8dac64da2029ee:SMT_KEY:0,0xc15ab7d37312cd9ef816b8914d8dac64da2029ee,0,balance,11999777
polygon-zkevm:0xc15ab7d37312cd9ef816b8914d8dac64da2029ee:SMT_KEY:1,0xc15ab7d37312cd9ef816b8914d8dac64da2029ee,1,nonce,11999777
polygon-zkevm:0xc15ab7d37312cd9ef816b8914d8dac64da2029ee:SMT_KEY:2,0xc15ab7d37312cd9ef816b8914d8dac64da2029ee,2,code_hash,11999777
polygon-zkevm:0xc15ab7d37312cd9ef816b8914d8dac64da2029ee:SMT_KEY:4,0xc15ab7d37312cd9ef816b8914d8dac64da2029ee,4,code_hash_length,11999777
polygon-zkevm:0x463215eba5029dfeb93bce8e59bb3d73c53413bb:SMT_KEY:0,0x463215eba5029dfeb93bce8e59bb3d73c53413bb,0,balance,11999787
polygon-zkevm:0x463215eba5029dfeb93bce8e59bb3d73c53413bb:SMT_KEY:1,0x463215eba5029dfeb93bce8e59bb3d73c53413bb,1,nonce,11999787
polygon-zkevm:0x463215eba5029dfeb93bce8e59bb3d73c53413bb:SMT_KEY:2,0x463215eba5029dfeb93bce8e59bb3d73c53413bb,2,code_hash,11999787
polygon-zkevm:0x463215eba5029dfeb93bce8e59bb3d73c53413bb:SMT_KEY:4,0x463215eba5029dfeb93bce8e59bb3d73c53413bb,4,code_hash_length,11999787
polygon-zkevm:0x6dd434082eab5cd134b33719ec1ff05fe985b97b:SMT_KEY:0,0x6dd434082eab5cd134b33719ec1ff05fe985b97b,0,balance,11999787
polygon-zkevm:0x6dd434082eab5cd134b33719ec1ff05fe985b97b:SMT_KEY:1,0x6dd434082eab5cd134b33719ec1ff05fe985b97b,1,nonce,11999787
polygon-zkevm:0x6dd434082eab5cd134b33719ec1ff05fe985b97b:SMT_KEY:2,0x6dd434082eab5cd134b33719ec1ff05fe985b97b,2,code_hash,11999787
polygon-zkevm:0x6dd434082eab5cd134b33719ec1ff05fe985b97b:SMT_KEY:4,0x6dd434082eab5cd134b33719ec1ff05fe985b97b,4,code_hash_length,11999787
polygon-zkevm:0xdead4cfa72e54efe8be351765583a9d7e16a11f5:SMT_KEY:0,0xdead4cfa72e54efe8be351765583a9d7e16a11f5,0,balance,11999797
polygon-zkevm:0xdead4cfa72e54efe8be351765583a9d7e16a11f5:SMT_KEY:1,0xdead4cfa72e54efe8be351765583a9d7e16a11f5,1,nonce,11999797
polygon-zkevm:0xdead4cfa72e54efe8be351765583a9d7e16a11f5:SMT_KEY:2,0xdead4cfa72e54efe8be351765583a9d7e16a11f5,2,code_hash,11999797
polygon-zkevm:0xdead4cfa72e54efe8be351765583a9d7e16a11f5:SMT_KEY:4,0xdead4cfa72e54efe8be351765583a9d7e16a11f5,4,code_hash_length,11999797
polygon-zkevm:0x12d41b6df938c739f00c392575e3fd9292d98215:SMT_KEY:0,0x12d41b6df938c739f00c392575e3fd9292d98215,0,balance,11999807
polygon-zkevm:0x12d41b6df938c739f00c392575e3fd9292d98215:SMT_KEY:1,0x12d41b6df938c739f00c392575e3fd9292d98215,1,nonce,11999807
polygon-zkevm:0x12d41b6df938c739f00c392575e3fd9292d98215:SMT_KEY:2,0x12d41b6df938c739f00c392575e3fd9292d98215,2,code_hash,11999807
polygon-zkevm:0x12d41b6df938c739f00c392575e3fd9292d98215:SMT_KEY:4,0x12d41b6df938c739f00c392575e3fd9292d98215,4,code_hash_length,11999807
polygon-zkevm:0x1374b1e1d26e095226ecc914567924cd6e0825b6:SMT_KEY:0,0x1374b1e1d26e095226ecc914567924cd6e0825b6,0,balance,11999807
polygon-zkevm:0x1374b1e1d26e095226ecc914567924cd6e0825b6:SMT_KEY:1,0x1374b1e1d26e095226ecc914567924cd6e0825b6,1,nonce,11999807
polygon-zkevm:0x1374b1e1d26e095226ecc914567924cd6e0825b6:SMT_KEY:2,0x1374b1e1d26e095226ecc914567924cd6e0825b6,2,code_hash,11999807
polygon-zkevm:0x1374b1e1d26e095226ecc914567924cd6e0825b6:SMT_KEY:4,0x1374b1e1d26e095226ecc914567924cd6e0825b6,4,code_hash_length,11999807
polygon-zkevm:0x1e7e4c855520b2106320952a570a3e5e3e618101:SMT_KEY:0,0x1e7e4c855520b2106320952a570a3e5e3e618101,0,balance,11999807
polygon-zkevm:0x1e7e4c855520b2106320952a570a3e5e3e618101:SMT_KEY:1,0x1e7e4c855520b2106320952a570a3e5e3e618101,1,nonce,11999807
polygon-zkevm:0x1e7e4c855520b2106320952a570a3e5e3e618101:SMT_KEY:2,0x1e7e4c855520b2106320952a570a3e5e3e618101,2,code_hash,11999807
polygon-zkevm:0x1e7e4c855520b2106320952a570a3e5e3e618101:SMT_KEY:4,0x1e7e4c855520b2106320952a570a3e5e3e618101,4,code_hash_length,11999807
polygon-zkevm:0x8bfae28463c7029c57f0baefb98b29e564dc2e02:SMT_KEY:0,0x8bfae28463c7029c57f0baefb98b29e564dc2e02,0,balance,11999807
polygon-zkevm:0x8bfae28463c7029c57f0baefb98b29e564dc2e02:SMT_KEY:1,0x8bfae28463c7029c57f0baefb98b29e564dc2e02,1,nonce,11999807
polygon-zkevm:0x8bfae28463c7029c57f0baefb98b29e564dc2e02:SMT_KEY:2,0x8bfae28463c7029c57f0baefb98b29e564dc2e02,2,code_hash,11999807
polygon-zkevm:0x8bfae28463c7029c57f0baefb98b29e564dc2e02:SMT_KEY:4,0x8bfae28463c7029c57f0baefb98b29e564dc2e02,4,code_hash_length,11999807
polygon-zkevm:0xdf726df2a7f98db5b2a4480cb6e7e3ca087936f0:SMT_KEY:0,0xdf726df2a7f98db5b2a4480cb6e7e3ca087936f0,0,balance,11999857
polygon-zkevm:0xdf726df2a7f98db5b2a4480cb6e7e3ca087936f0:SMT_KEY:1,0xdf726df2a7f98db5b2a4480cb6e7e3ca087936f0,1,nonce,11999857
polygon-zkevm:0xdf726df2a7f98db5b2a4480cb6e7e3ca087936f0:SMT_KEY:2,0xdf726df2a7f98db5b2a4480cb6e7e3ca087936f0,2,code_hash,11999857
polygon-zkevm:0xdf726df2a7f98db5b2a4480cb6e7e3ca087936f0:SMT_KEY:4,0xdf726df2a7f98db5b2a4480cb6e7e3ca087936f0,4,code_hash_length,11999857
polygon-zkevm:0x676d57b310b7d3b95a62f72a116b31fd36528361:SMT_KEY:0,0x676d57b310b7d3b95a62f72a116b31fd36528361,0,balance,11999887
polygon-zkevm:0x676d57b310b7d3b95a62f72a116b31fd36528361:SMT_KEY:1,0x676d57b310b7d3b95a62f72a116b31fd36528361,1,nonce,11999887
polygon-zkevm:0x676d57b310b7d3b95a62f72a116b31fd36528361:SMT_KEY:2,0x676d57b310b7d3b95a62f72a116b31fd36528361,2,code_hash,11999887
polygon-zkevm:0x676d57b310b7d3b95a62f72a116b31fd36528361:SMT_KEY:4,0x676d57b310b7d3b95a62f72a116b31fd36528361,4,code_hash_length,11999887
polygon-zkevm:0x819d1daa794c1c46b841981b61cc978d95a17b8e:SMT_KEY:0,0x819d1daa794c1c46b841981b61cc978d95a17b8e,0,balance,11999907
polygon-zkevm:0x819d1daa794c1c46b841981b61cc978d95a17b8e:SMT_KEY:1,0x819d1daa794c1c46b841981b61cc978d95a17b8e,1,nonce,11999907
polygon-zkevm:0x819d1daa794c1c46b841981b61cc978d95a17b8e:SMT_KEY:2,0x819d1daa794c1c46b841981b61cc978d95a17b8e,2,code_hash,11999907
polygon-zkevm:0x819d1daa794c1c46b841981b61cc978d95a17b8e:SMT_KEY:4,0x819d1daa794c1c46b841981b61cc978d95a17b8e,4,code_hash_length,11999907
polygon-zkevm:0xa1283278e8dde0bae62340331562e1e2398b6f79:SMT_KEY:0,0xa1283278e8dde0bae62340331562e1e2398b6f79,0,balance,11999907
polygon-zkevm:0xa1283278e8dde0bae62340331562e1e2398b6f79:SMT_KEY:1,0xa1283278e8dde0bae62340331562e1e2398b6f79,1,nonce,11999907
polygon-zkevm:0xa1283278e8dde0bae62340331562e1e2398b6f79:SMT_KEY:2,0xa1283278e8dde0bae62340331562e1e2398b6f79,2,code_hash,11999907
polygon-zkevm:0xa1283278e8dde0bae62340331562e1e2398b6f79:SMT_KEY:4,0xa1283278e8dde0bae62340331562e1e2398b6f79,4,code_hash_length,11999907
polygon-zkevm:0xf402a8650395b3958a388735c42549d3ef034a07:SMT_KEY:0,0xf402a8650395b3958a388735c42549d3ef034a07,0,balance,11999907
polygon-zkevm:0xf402a8650395b3958a388735c42549d3ef034a07:SMT_KEY:1,0xf402a8650395b3958a388735c42549d3ef034a07,1,nonce,11999907
polygon-zkevm:0xf402a8650395b3958a388735c42549d3ef034a07:SMT_KEY:2,0xf402a8650395b3958a388735c42549d3ef034a07,2,code_hash,11999907
polygon-zkevm:0xf402a8650395b3958a388735c42549d3ef034a07:SMT_KEY:4,0xf402a8650395b3958a388735c42549d3ef034a07,4,code_hash_length,11999907
polygon-zkevm:0xc8fa67d010eab938e59f433f9ce792dcaebd6f0f:SMT_KEY:0,0xc8fa67d010eab938e59f433f9ce792dcaebd6f0f,0,balance,11999937
polygon-zkevm:0xc8fa67d010eab938e59f433f9ce792dcaebd6f0f:SMT_KEY:1,0xc8fa67d010eab938e59f433f9ce792dcaebd6f0f,1,nonce,11999937
polygon-zkevm:0xc8fa67d010eab938e59f433f9ce792dcaebd6f0f:SMT_KEY:2,0xc8fa67d010eab938e59f433f9ce792dcaebd6f0f,2,code_hash,11999937
polygon-zkevm:0xc8fa67d010eab938e59f433f9ce792dcaebd6f0f:SMT_KEY:4,0xc8fa67d010eab938e59f433f9ce792dcaebd6f0f,4,code_hash_length,11999937
polygon-zkevm:0xfe681cc246c5eb36626557034ca0ae290ba66f61:SMT_KEY:0,0xfe681cc246c5eb36626557034ca0ae290ba66f61,0,balance,11999947
polygon-zkevm:0xfe681cc246c5eb36626557034ca0ae290ba66f61:SMT_KEY:1,0xfe681cc246c5eb36626557034ca0ae290ba66f61,1,nonce,11999947
polygon-zkevm:0xfe681cc246c5eb36626557034ca0ae290ba66f61:SMT_KEY:2,0xfe681cc246c5eb36626557034ca0ae290ba66f61,2,code_hash,11999947
polygon-zkevm:0xfe681cc246c5eb36626557034ca0ae290ba66f61:SMT_KEY:4,0xfe681cc246c5eb36626557034ca0ae290ba66f61,4,code_hash_length,11999947
polygon-zkevm:0xc01fc624e1a892f695f328ddd4be2f3fd63c4b81:SMT_KEY:0,0xc01fc624e1a892f695f328ddd4be2f3fd63c4b81,0,balance,11999977
polygon-zkevm:0xc01fc624e1a892f695f328ddd4be2f3fd63c4b81:SMT_KEY:1,0xc01fc624e1a892f695f328ddd4be2f3fd63c4b81,1,nonce,11999977
polygon-zkevm:0xc01fc624e1a892f695f328ddd4be2f3fd63c4b81:SMT_KEY:2,0xc01fc624e1a892f695f328ddd4be2f3fd63c4b81,2,code_hash,11999977
polygon-zkevm:0xc01fc624e1a892f695f328ddd4be2f3fd63c4b81:SMT_KEY:4,0xc01fc624e1a892f695f328ddd4be2f3fd63c4b81,4,code_hash_length,11999977
polygon-zkevm:0x2e0d668dc046011e98b3dc8dedbb69ad214afcb7:SMT_KEY:0,0x2e0d668dc046011e98b3dc8dedbb69ad214afcb7,0,balance,11999987
polygon-zkevm:0x2e0d668dc046011e98b3dc8dedbb69ad214afcb7:SMT_KEY:1,0x2e0d668dc046011e98b3dc8dedbb69ad214afcb7,1,nonce,11999987
polygon-zkevm:0x2e0d668dc046011e98b3dc8dedbb69ad214afcb7:SMT_KEY:2,0x2e0d668dc046011e98b3dc8dedbb69ad214afcb7,2,code_hash,11999987
polygon-zkevm:0x2e0d668dc046011e98b3dc8dedbb69ad214afcb7:SMT_KEY:4,0x2e0d668dc046011e98b3dc8dedbb69ad214afcb7,4,code_hash_length,11999987
polygon-zkevm:0x2a402a12723457ce8243a70b63f745c462bd11f9:SMT_KEY:0,0x2a402a12723457ce8243a70b63f745c462bd11f9,0,balance,11999997
polygon-zkevm:0x2a402a12723457ce8243a70b63f745c462bd11f9:SMT_KEY:1,0x2a402a12723457ce8243a70b63f745c462bd11f9,1,nonce,11999997
polygon-zkevm:0x2a402a12723457ce8243a70b63f745c462bd11f9:SMT_KEY:2,0x2a402a12723457ce8243a70b63f745c462bd11f9,2,code_hash,11999997
polygon-zkevm:0x2a402a12723457ce8243a70b63f745c462bd11f9:SMT_KEY:4,0x2a402a12723457ce8243a70b63f745c462bd11f9,4,code_hash_length,11999997
polygon-zkevm:0x0ce6c85cf43553de10fc56ceca0aef6ff0dd444d:SMT_KEY:0,0x0ce6c85cf43553de10fc56ceca0aef6ff0dd444d,0,balance,12000007
polygon-zkevm:0x0ce6c85cf43553de10fc56ceca0aef6ff0dd444d:SMT_KEY:1,0x0ce6c85cf43553de10fc56ceca0aef6ff0dd444d,1,nonce,12000007
polygon-zkevm:0x0ce6c85cf43553de10fc56ceca0aef6ff0dd444d:SMT_KEY:2,0x0ce6c85cf43553de10fc56ceca0aef6ff0dd444d,2,code_hash,12000007
polygon-zkevm:0x0ce6c85cf43553de10fc56ceca0aef6ff0dd444d:SMT_KEY:4,0x0ce6c85cf43553de10fc56ceca0aef6ff0dd444d,4,code_hash_length,12000007
polygon-zkevm:0x710bda329b2a6224e4b44833de30f38e7f81d564:SMT_KEY:0,0x710bda329b2a6224e4b44833de30f38e7f81d564,0,balance,12000007
polygon-zkevm:0x710bda329b2a6224e4b44833de30f38e7f81d564:SMT_KEY:1,0x710bda329b2a6224e4b44833de30f38e7f81d564,1,nonce,12000007
polygon-zkevm:0x710bda329b2a6224e4b44833de30f38e7f81d564:SMT_KEY:2,0x710bda329b2a6224e4b44833de30f38e7f81d564,2,code_hash,12000007
polygon-zkevm:0x710bda329b2a6224e4b44833de30f38e7f81d564:SMT_KEY:4,0x710bda329b2a6224e4b44833de30f38e7f81d564,4,code_hash_length,12000007
polygon-zkevm:0xe85467d882bf7cf588a5c4951475c0ee11d7849d:SMT_KEY:0,0xe85467d882bf7cf588a5c4951475c0ee11d7849d,0,balance,12000037
polygon-zkevm:0xe85467d882bf7cf588a5c4951475c0ee11d7849d:SMT_KEY:1,0xe85467d882bf7cf588a5c4951475c0ee11d7849d,1,nonce,12000037
polygon-zkevm:0xe85467d882bf7cf588a5c4951475c0ee11d7849d:SMT_KEY:2,0xe85467d882bf7cf588a5c4951475c0ee11d7849d,2,code_hash,12000037
polygon-zkevm:0xe85467d882bf7cf588a5c4951475c0ee11d7849d:SMT_KEY:4,0xe85467d882bf7cf588a5c4951475c0ee11d7849d,4,code_hash_length,12000037
polygon-zkevm:0x1024c01ec70637ea31e9fb661f625aefd6105d81:SMT_KEY:0,0x1024c01ec70637ea31e9fb661f625aefd6105d81,0,balance,12000047
polygon-zkevm:0x1024c01ec70637ea31e9fb661f625aefd6105d81:SMT_KEY:1,0x1024c01ec70637ea31e9fb661f625aefd6105d81,1,nonce,12000047
polygon-zkevm:0x1024c01ec70637ea31e9fb661f625aefd6105d81:SMT_KEY:2,0x1024c01ec70637ea31e9fb661f625aefd6105d81,2,code_hash,12000047
polygon-zkevm:0x1024c01ec70637ea31e9fb661f625aefd6105d81:SMT_KEY:4,0x1024c01ec70637ea31e9fb661f625aefd6105d81,4,code_hash_length,12000047
polygon-zkevm:0xc0732402db7154a97d855462a9c52269b3dbe05e:SMT_KEY:0,0xc0732402db7154a97d855462a9c52269b3dbe05e,0,balance,12000047
polygon-zkevm:0xc0732402db7154a97d855462a9c52269b3dbe05e:SMT_KEY:1,0xc0732402db7154a97d855462a9c52269b3dbe05e,1,nonce,12000047
polygon-zkevm:0xc0732402db7154a97d855462a9c52269b3dbe05e:SMT_KEY:2,0xc0732402db7154a97d855462a9c52269b3dbe05e,2,code_hash,12000047
polygon-zkevm:0xc0732402db7154a97d855462a9c52269b3dbe05e:SMT_KEY:4,0xc0732402db7154a97d855462a9c52269b3dbe05e,4,code_hash_length,12000047
polygon-zkevm:0x34cd5c5cbbce319f3a94be0b8d721b273b3ed75c:SMT_KEY:0,0x34cd5c5cbbce319f3a94be0b8d721b273b3ed75c,0,balance,12000097
polygon-zkevm:0x34cd5c5cbbce319f3a94be0b8d721b273b3ed75c:SMT_KEY:1,0x34cd5c5cbbce319f3a94be0b8d721b273b3ed75c,1,nonce,12000097
polygon-zkevm:0x34cd5c5cbbce319f3a94be0b8d721b273b3ed75c:SMT_KEY:2,0x34cd5c5cbbce319f3a94be0b8d721b273b3ed75c,2,code_hash,12000097
polygon-zkevm:0x34cd5c5cbbce319f3a94be0b8d721b273b3ed75c:SMT_KEY:4,0x34cd5c5cbbce319f3a94be0b8d721b273b3ed75c,4,code_hash_length,12000097
polygon-zkevm:0x41a96178e30698311f0e0c25e0b0c7d4d775e7a4:SMT_KEY:0,0x41a96178e30698311f0e0c25e0b0c7d4d775e7a4,0,balance,12000097
polygon-zkevm:0x41a96178e30698311f0e0c25e0b0c7d4d775e7a4:SMT_KEY:1,0x41a96178e30698311f0e0c25e0b0c7d4d775e7a4,1,nonce,12000097
polygon-zkevm:0x41a96178e30698311f0e0c25e0b0c7d4d775e7a4:SMT_KEY:2,0x41a96178e30698311f0e0c25e0b0c7d4d775e7a4,2,code_hash,12000097
polygon-zkevm:0x41a96178e30698311f0e0c25e0b0c7d4d775e7a4:SMT_KEY:4,0x41a96178e30698311f0e0c25e0b0c7d4d775e7a4,4,code_hash_length,12000097
polygon-zkevm:0xccc40cf48ac0d8de33d6daedd3886c8f4bd34ca2:SMT_KEY:0,0xccc40cf48ac0d8de33d6daedd3886c8f4bd34ca2,0,balance,12000097
polygon-zkevm:0xccc40cf48ac0d8de33d6daedd3886c8f4bd34ca2:SMT_KEY:1,0xccc40cf48ac0d8de33d6daedd3886c8f4bd34ca2,1,nonce,12000097
polygon-zkevm:0xccc40cf48ac0d8de33d6daedd3886c8f4bd34ca2:SMT_KEY:2,0xccc40cf48ac0d8de33d6daedd3886c8f4bd34ca2,2,code_hash,12000097
polygon-zkevm:0xccc40cf48ac0d8de33d6daedd3886c8f4bd34ca2:SMT_KEY:4,0xccc40cf48ac0d8de33d6daedd3886c8f4bd34ca2,4,code_hash_length,12000097
polygon-zkevm:0x18336f52a5e4ce6e918b43f7722a182195653ebb:SMT_KEY:0,0x18336f52a5e4ce6e918b43f7722a182195653ebb,0,balance,12000127
polygon-zkevm:0x18336f52a5e4ce6e918b43f7722a182195653ebb:SMT_KEY:1,0x18336f52a5e4ce6e918b43f7722a182195653ebb,1,nonce,12000127
polygon-zkevm:0x18336f52a5e4ce6e918b43f7722a182195653ebb:SMT_KEY:2,0x18336f52a5e4ce6e918b43f7722a182195653ebb,2,code_hash,12000127
polygon-zkevm:0x18336f52a5e4ce6e918b43f7722a182195653ebb:SMT_KEY:4,0x18336f52a5e4ce6e918b43f7722a182195653ebb,4,code_hash_length,12000127
polygon-zkevm:0x3b17f4c26a80a3bfcec1cc0d03615ba02a104556:SMT_KEY:0,0x3b17f4c26a80a3bfcec1cc0d03615ba02a104556,0,balance,12000127
polygon-zkevm:0x3b17f4c26a80a3bfcec1cc0d03615ba02a104556:SMT_KEY:1,0x3b17f4c26a80a3bfcec1cc0d03615ba02a104556,1,nonce,12000127
polygon-zkevm:0x3b17f4c26a80a3bfcec1cc0d03615ba02a104556:SMT_KEY:2,0x3b17f4c26a80a3bfcec1cc0d03615ba02a104556,2,code_hash,12000127
polygon-zkevm:0x3b17f4c26a80a3bfcec1cc0d03615ba02a104556:SMT_KEY:4,0x3b17f4c26a80a3bfcec1cc0d03615ba02a104556,4,code_hash_length,12000127
polygon-zkevm:0x27057fea00c29315cc2d7ae2cc0fb6edd7a63584:SMT_KEY:0,0x27057fea00c29315cc2d7ae2cc0fb6edd7a63584,0,balance,12000147
polygon-zkevm:0x27057fea00c29315cc2d7ae2cc0fb6edd7a63584:SMT_KEY:1,0x27057fea00c29315cc2d7ae2cc0fb6edd7a63584,1,nonce,12000147
polygon-zkevm:0x27057fea00c29315cc2d7ae2cc0fb6edd7a63584:SMT_KEY:2,0x27057fea00c29315cc2d7ae2cc0fb6edd7a63584,2,code_hash,12000147
polygon-zkevm:0x27057fea00c29315cc2d7ae2cc0fb6edd7a63584:SMT_KEY:4,0x27057fea00c29315cc2d7ae2cc0fb6edd7a63584,4,code_hash_length,12000147
polygon-zkevm:0xa63780db766f5932ae1fcd11769e6786f327865b:SMT_KEY:0,0xa63780db766f5932ae1fcd11769e6786f327865b,0,balance,12000167
polygon-zkevm:0xa63780db766f5932ae1fcd11769e6786f327865b:SMT_KEY:1,0xa63780db766f5932ae1fcd11769e6786f327865b,1,nonce,12000167
polygon-zkevm:0xa63780db766f5932ae1fcd11769e6786f327865b:SMT_KEY:2,0xa63780db766f5932ae1fcd11769e6786f327865b,2,code_hash,12000167
polygon-zkevm:0xa63780db766f5932ae1fcd11769e6786f327865b:SMT_KEY:4,0xa63780db766f5932ae1fcd11769e6786f327865b,4,code_hash_length,12000167
polygon-zkevm:0x3a79899c85560bad85accb19bfd51b6a3c72dd86:SMT_KEY:0,0x3a79899c85560bad85accb19bfd51b6a3c72dd86,0,balance,12000297
polygon-zkevm:0x3a79899c85560bad85accb19bfd51b6a3c72dd86:SMT_KEY:1,0x3a79899c85560bad85accb19bfd51b6a3c72dd86,1,nonce,12000297
polygon-zkevm:0x3a79899c85560bad85accb19bfd51b6a3c72dd86:SMT_KEY:2,0x3a79899c85560bad85accb19bfd51b6a3c72dd86,2,code_hash,12000297
polygon-zkevm:0x3a79899c85560bad85accb19bfd51b6a3c72dd86:SMT_KEY:4,0x3a79899c85560bad85accb19bfd51b6a3c72dd86,4,code_hash_length,12000297
polygon-zkevm:0x2162feb49e9efe2506de3273f4edabe09d36cbaf:SMT_KEY:0,0x2162feb49e9efe2506de3273f4edabe09d36cbaf,0,balance,12000307
polygon-zkevm:0x2162feb49e9efe2506de3273f4edabe09d36cbaf:SMT_KEY:1,0x2162feb49e9efe2506de3273f4edabe09d36cbaf,1,nonce,12000307
polygon-zkevm:0x2162feb49e9efe2506de3273f4edabe09d36cbaf:SMT_KEY:2,0x2162feb49e9efe2506de3273f4edabe09d36cbaf,2,code_hash,12000307
polygon-zkevm:0x2162feb49e9efe2506de3273f4edabe09d36cbaf:SMT_KEY:4,0x2162feb49e9efe2506de3273f4edabe09d36cbaf,4,code_hash_length,12000307
polygon-zkevm:0x197ba6364c9baf7b38833033f2df78b17244ab35:SMT_KEY:0,0x197ba6364c9baf7b38833033f2df78b17244ab35,0,balance,12000347
polygon-zkevm:0x197ba6364c9baf7b38833033f2df78b17244ab35:SMT_KEY:1,0x197ba6364c9baf7b38833033f2df78b17244ab35,1,nonce,12000347
polygon-zkevm:0x197ba6364c9baf7b38833033f2df78b17244ab35:SMT_KEY:2,0x197ba6364c9baf7b38833033f2df78b17244ab35,2,code_hash,12000347
polygon-zkevm:0x197ba6364c9baf7b38833033f2df78b17244ab35:SMT_KEY:4,0x197ba6364c9baf7b38833033f2df78b17244ab35,4,code_hash_length,12000347
polygon-zkevm:0x25ab3efd52e6470681ce037cd546dc60726948d3:SMT_KEY:0,0x25ab3efd52e6470681ce037cd546dc60726948d3,0,balance,12000347
polygon-zkevm:0x25ab3efd52e6470681ce037cd546dc60726948d3:SMT_KEY:1,0x25ab3efd52e6470681ce037cd546dc60726948d3,1,nonce,12000347
polygon-zkevm:0x25ab3efd52e6470681ce037cd546dc60726948d3:SMT_KEY:2,0x25ab3efd52e6470681ce037cd546dc60726948d3,2,code_hash,12000347
polygon-zkevm:0x25ab3efd52e6470681ce037cd546dc60726948d3:SMT_KEY:4,0x25ab3efd52e6470681ce037cd546dc60726948d3,4,code_hash_length,12000347
polygon-zkevm:0x54bfa9356b806cdd44dc8468187b6b58c02c55a2:SMT_KEY:0,0x54bfa9356b806cdd44dc8468187b6b58c02c55a2,0,balance,12000347
polygon-zkevm:0x54bfa9356b806cdd44dc8468187b6b58c02c55a2:SMT_KEY:1,0x54bfa9356b806cdd44dc8468187b6b58c02c55a2,1,nonce,12000347
polygon-zkevm:0x54bfa9356b806cdd44dc8468187b6b58c02c55a2:SMT_KEY:2,0x54bfa9356b806cdd44dc8468187b6b58c02c55a2,2,code_hash,12000347
polygon-zkevm:0x54bfa9356b806cdd44dc8468187b6b58c02c55a2:SMT_KEY:4,0x54bfa9356b806cdd44dc8468187b6b58c02c55a2,4,code_hash_length,12000347
polygon-zkevm:0x666d6b8a44d226150ca9058beebafe0e3ac065a2:SMT_KEY:0,0x666d6b8a44d226150ca9058beebafe0e3ac065a2,0,balance,12000347
polygon-zkevm:0x666d6b8a44d226150ca9058beebafe0e3ac065a2:SMT_KEY:1,0x666d6b8a44d226150ca9058beebafe0e3ac065a2,1,nonce,12000347
polygon-zkevm:0x666d6b8a44d226150ca9058beebafe0e3ac065a2:SMT_KEY:2,0x666d6b8a44d226150ca9058beebafe0e3ac065a2,2,code_hash,12000347
polygon-zkevm:0x666d6b8a44d226150ca9058beebafe0e3ac065a2:SMT_KEY:4,0x666d6b8a44d226150ca9058beebafe0e3ac065a2,4,code_hash_length,12000347
polygon-zkevm:0x46b4edaa761ef8d2934e9f7aaf32b5bf2c9c9f67:SMT_KEY:0,0x46b4edaa761ef8d2934e9f7aaf32b5bf2c9c9f67,0,balance,12000367
polygon-zkevm:0x46b4edaa761ef8d2934e9f7aaf32b5bf2c9c9f67:SMT_KEY:1,0x46b4edaa761ef8d2934e9f7aaf32b5bf2c9c9f67,1,nonce,12000367
polygon-zkevm:0x46b4edaa761ef8d2934e9f7aaf32b5bf2c9c9f67:SMT_KEY:2,0x46b4edaa761ef8d2934e9f7aaf32b5bf2c9c9f67,2,code_hash,12000367
polygon-zkevm:0x46b4edaa761ef8d2934e9f7aaf32b5bf2c9c9f67:SMT_KEY:4,0x46b4edaa761ef8d2934e9f7aaf32b5bf2c9c9f67,4,code_hash_length,12000367
polygon-zkevm:0x5e809a85aa182a9921edd10a4163745bb3e36284:SMT_KEY:0,0x5e809a85aa182a9921edd10a4163745bb3e36284,0,balance,12000467
polygon-zkevm:0x5e809a85aa182a9921edd10a4163745bb3e36284:SMT_KEY:1,0x5e809a85aa182a9921edd10a4163745bb3e36284,1,nonce,12000467
polygon-zkevm:0x5e809a85aa182a9921edd10a4163745bb3e36284:SMT_KEY:2,0x5e809a85aa182a9921edd10a4163745bb3e36284,2,code_hash,12000467
polygon-zkevm:0x5e809a85aa182a9921edd10a4163745bb3e36284:SMT_KEY:4,0x5e809a85aa182a9921edd10a4163745bb3e36284,4,code_hash_length,12000467
polygon-zkevm:0x061ce8e11e2df5d502872eddeeb4cb407c4163c7:SMT_KEY:0,0x061ce8e11e2df5d502872eddeeb4cb407c4163c7,0,balance,12000497
polygon-zkevm:0x061ce8e11e2df5d502872eddeeb4cb407c4163c7:SMT_KEY:1,0x061ce8e11e2df5d502872eddeeb4cb407c4163c7,1,nonce,12000497
polygon-zkevm:0x061ce8e11e2df5d502872eddeeb4cb407c4163c7:SMT_KEY:2,0x061ce8e11e2df5d502872eddeeb4cb407c4163c7,2,code_hash,12000497
polygon-zkevm:0x061ce8e11e2df5d502872eddeeb4cb407c4163c7:SMT_KEY:4,0x061ce8e11e2df5d502872eddeeb4cb407c4163c7,4,code_hash_length,12000497
polygon-zkevm:0xaae3301debe54146a49f279a96a5d3ddaf8cc78f:SMT_KEY:0,0xaae3301debe54146a49f279a96a5d3ddaf8cc78f,0,balance,12000497
polygon-zkevm:0xaae3301debe54146a49f279a96a5d3ddaf8cc78f:SMT_KEY:1,0xaae3301debe54146a49f279a96a5d3ddaf8cc78f,1,nonce,12000497
polygon-zkevm:0xaae3301debe54146a49f279a96a5d3ddaf8cc78f:SMT_KEY:2,0xaae3301debe54146a49f279a96a5d3ddaf8cc78f,2,code_hash,12000497
polygon-zkevm:0xaae3301debe54146a49f279a96a5d3ddaf8cc78f:SMT_KEY:4,0xaae3301debe54146a49f279a96a5d3ddaf8cc78f,4,code_hash_length,12000497
polygon-zkevm:0x4d4872fe2d6b8a6297e77510ffee4ee7c4b274bc:SMT_KEY:0,0x4d4872fe2d6b8a6297e77510ffee4ee7c4b274bc,0,balance,12000597
polygon-zkevm:0x4d4872fe2d6b8a6297e77510ffee4ee7c4b274bc:SMT_KEY:1,0x4d4872fe2d6b8a6297e77510ffee4ee7c4b274bc,1,nonce,12000597
polygon-zkevm:0x4d4872fe2d6b8a6297e77510ffee4ee7c4b274bc:SMT_KEY:2,0x4d4872fe2d6b8a6297e77510ffee4ee7c4b274bc,2,code_hash,12000597
polygon-zkevm:0x4d4872fe2d6b8a6297e77510ffee4ee7c4b274bc:SMT_KEY:4,0x4d4872fe2d6b8a6297e77510ffee4ee7c4b274bc,4,code_hash_length,12000597
polygon-zkevm:0x775833805f8d10451d3171c1e76f071f18442283:SMT_KEY:0,0x775833805f8d10451d3171c1e76f071f18442283,0,balance,12000597
polygon-zkevm:0x775833805f8d10451d3171c1e76f071f18442283:SMT_KEY:1,0x775833805f8d10451d3171c1e76f071f18442283,1,nonce,12000597
polygon-zkevm:0x775833805f8d10451d3171c1e76f071f18442283:SMT_KEY:2,0x775833805f8d10451d3171c1e76f071f18442283,2,code_hash,12000597
polygon-zkevm:0x775833805f8d10451d3171c1e76f071f18442283:SMT_KEY:4,0x775833805f8d10451d3171c1e76f071f18442283,4,code_hash_length,12000597
polygon-zkevm:0x1c33c5cf20c9b72d5678b15ebb8dac39b18f0b73:SMT_KEY:0,0x1c33c5cf20c9b72d5678b15ebb8dac39b18f0b73,0,balance,12000647
polygon-zkevm:0x1c33c5cf20c9b72d5678b15ebb8dac39b18f0b73:SMT_KEY:1,0x1c33c5cf20c9b72d5678b15ebb8dac39b18f0b73,1,nonce,12000647
polygon-zkevm:0x1c33c5cf20c9b72d5678b15ebb8dac39b18f0b73:SMT_KEY:2,0x1c33c5cf20c9b72d5678b15ebb8dac39b18f0b73,2,code_hash,12000647
polygon-zkevm:0x1c33c5cf20c9b72d5678b15ebb8dac39b18f0b73:SMT_KEY:4,0x1c33c5cf20c9b72d5678b15ebb8dac39b18f0b73,4,code_hash_length,12000647
polygon-zkevm:0xbde37f8573e3b85b38fa242bf18e1009ae63fb95:SMT_KEY:0,0xbde37f8573e3b85b38fa242bf18e1009ae63fb95,0,balance,12000687
polygon-zkevm:0xbde37f8573e3b85b38fa242bf18e1009ae63fb95:SMT_KEY:1,0xbde37f8573e3b85b38fa242bf18e1009ae63fb95,1,nonce,12000687
polygon-zkevm:0xbde37f8573e3b85b38fa242bf18e1009ae63fb95:SMT_KEY:2,0xbde37f8573e3b85b38fa242bf18e1009ae63fb95,2,code_hash,12000687
polygon-zkevm:0xbde37f8573e3b85b38fa242bf18e1009ae63fb95:SMT_KEY:4,0xbde37f8573e3b85b38fa242bf18e1009ae63fb95,4,code_hash_length,12000687
polygon-zkevm:0x3debc774173b0a67153929f530a12f6ee0e2fd87:SMT_KEY:0,0x3debc774173b0a67153929f530a12f6ee0e2fd87,0,balance,12000697
polygon-zkevm:0x3debc774173b0a67153929f530a12f6ee0e2fd87:SMT_KEY:1,0x3debc774173b0a67153929f530a12f6ee0e2fd87,1,nonce,12000697
polygon-zkevm:0x3debc774173b0a67153929f530a12f6ee0e2fd87:SMT_KEY:2,0x3debc774173b0a67153929f530a12f6ee0e2fd87,2,code_hash,12000697
polygon-zkevm:0x3debc774173b0a67153929f530a12f6ee0e2fd87:SMT_KEY:4,0x3debc774173b0a67153929f530a12f6ee0e2fd87,4,code_hash_length,12000697
polygon-zkevm:0xdb985b093560de5501d696f637f21cbcb30b8c7d:SMT_KEY:0,0xdb985b093560de5501d696f637f21cbcb30b8c7d,0,balance,12000707
polygon-zkevm:0xdb985b093560de5501d696f637f21cbcb30b8c7d:SMT_KEY:1,0xdb985b093560de5501d696f637f21cbcb30b8c7d,1,nonce,12000707
polygon-zkevm:0xdb985b093560de5501d696f637f21cbcb30b8c7d:SMT_KEY:2,0xdb985b093560de5501d696f637f21cbcb30b8c7d,2,code_hash,12000707
polygon-zkevm:0xdb985b093560de5501d696f637f21cbcb30b8c7d:SMT_KEY:4,0xdb985b093560de5501d696f637f21cbcb30b8c7d,4,code_hash_length,12000707
polygon-zkevm:0x777354a5bc730a30c825f1ed00795fe324d793c7:SMT_KEY:0,0x777354a5bc730a30c825f1ed00795fe324d793c7,0,balance,12000727
polygon-zkevm:0x777354a5bc730a30c825f1ed00795fe324d793c7:SMT_KEY:1,0x777354a5bc730a30c825f1ed00795fe324d793c7,1,nonce,12000727
polygon-zkevm:0x777354a5bc730a30c825f1ed00795fe324d793c7:SMT_KEY:2,0x777354a5bc730a30c825f1ed00795fe324d793c7,2,code_hash,12000727
polygon-zkevm:0x777354a5bc730a30c825f1ed00795fe324d793c7:SMT_KEY:4,0x777354a5bc730a30c825f1ed00795fe324d793c7,4,code_hash_length,12000727
polygon-zkevm:0x5e433452131190aca78ec7a7506f2c34d061d0de:SMT_KEY:0,0x5e433452131190aca78ec7a7506f2c34d061d0de,0,balance,12000757
polygon-zkevm:0x5e433452131190aca78ec7a7506f2c34d061d0de:SMT_KEY:1,0x5e433452131190aca78ec7a7506f2c34d061d0de,1,nonce,12000757
polygon-zkevm:0x5e433452131190aca78ec7a7506f2c34d061d0de:SMT_KEY:2,0x5e433452131190aca78ec7a7506f2c34d061d0de,2,code_hash,12000757
polygon-zkevm:0x5e433452131190aca78ec7a7506f2c34d061d0de:SMT_KEY:4,0x5e433452131190aca78ec7a7506f2c34d061d0de,4,code_hash_length,12000757
polygon-zkevm:0x525868063dfb084a3542e2dfeb60d81e21d79c31:SMT_KEY:0,0x525868063dfb084a3542e2dfeb60d81e21d79c31,0,balance,12000777
polygon-zkevm:0x525868063dfb084a3542e2dfeb60d81e21d79c31:SMT_KEY:1,0x525868063dfb084a3542e2dfeb60d81e21d79c31,1,nonce,12000777
polygon-zkevm:0x525868063dfb084a3542e2dfeb60d81e21d79c31:SMT_KEY:2,0x525868063dfb084a3542e2dfeb60d81e21d79c31,2,code_hash,12000777
polygon-zkevm:0x525868063dfb084a3542e2dfeb60d81e21d79c31:SMT_KEY:4,0x525868063dfb084a3542e2dfeb60d81e21d79c31,4,code_hash_length,12000777
polygon-zkevm:0xcc6584b04beb68a2ef29971449f58750cb715c38:SMT_KEY:0,0xcc6584b04beb68a2ef29971449f58750cb715c38,0,balance,12000817
polygon-zkevm:0xcc6584b04beb68a2ef29971449f58750cb715c38:SMT_KEY:1,0xcc6584b04beb68a2ef29971449f58750cb715c38,1,nonce,12000817
polygon-zkevm:0xcc6584b04beb68a2ef29971449f58750cb715c38:SMT_KEY:2,0xcc6584b04beb68a2ef29971449f58750cb715c38,2,code_hash,12000817
polygon-zkevm:0xcc6584b04beb68a2ef29971449f58750cb715c38:SMT_KEY:4,0xcc6584b04beb68a2ef29971449f58750cb715c38,4,code_hash_length,12000817
polygon-zkevm:0x225403378ba822ad5698786bea7936efe2e0a6de:SMT_KEY:0,0x225403378ba822ad5698786bea7936efe2e0a6de,0,balance,12000827
polygon-zkevm:0x225403378ba822ad5698786bea7936efe2e0a6de:SMT_KEY:1,0x225403378ba822ad5698786bea7936efe2e0a6de,1,nonce,12000827
polygon-zkevm:0x225403378ba822ad5698786bea7936efe2e0a6de:SMT_KEY:2,0x225403378ba822ad5698786bea7936efe2e0a6de,2,code_hash,12000827
polygon-zkevm:0x225403378ba822ad5698786bea7936efe2e0a6de:SMT_KEY:4,0x225403378ba822ad5698786bea7936efe2e0a6de,4,code_hash_length,12000827
polygon-zkevm:0x3818258d808c1ccb256a73845b4fdf9ccb8e1895:SMT_KEY:0,0x3818258d808c1ccb256a73845b4fdf9ccb8e1895,0,balance,12000837
polygon-zkevm:0x3818258d808c1ccb256a73845b4fdf9ccb8e1895:SMT_KEY:1,0x3818258d808c1ccb256a73845b4fdf9ccb8e1895,1,nonce,12000837
polygon-zkevm:0x3818258d808c1ccb256a73845b4fdf9ccb8e1895:SMT_KEY:2,0x3818258d808c1ccb256a73845b4fdf9ccb8e1895,2,code_hash,12000837
polygon-zkevm:0x3818258d808c1ccb256a73845b4fdf9ccb8e1895:SMT_KEY:4,0x3818258d808c1ccb256a73845b4fdf9ccb8e1895,4,code_hash_length,12000837
polygon-zkevm:0x980a5e3d0e980789a83fbe5a79194e8ec564d247:SMT_KEY:0,0x980a5e3d0e980789a83fbe5a79194e8ec564d247,0,balance,12000837
polygon-zkevm:0x980a5e3d0e980789a83fbe5a79194e8ec564d247:SMT_KEY:1,0x980a5e3d0e980789a83fbe5a79194e8ec564d247,1,nonce,12000837
polygon-zkevm:0x980a5e3d0e980789a83fbe5a79194e8ec564d247:SMT_KEY:2,0x980a5e3d0e980789a83fbe5a79194e8ec564d247,2,code_hash,12000837
polygon-zkevm:0x980a5e3d0e980789a83fbe5a79194e8ec564d247:SMT_KEY:4,0x980a5e3d0e980789a83fbe5a79194e8ec564d247,4,code_hash_length,12000837
polygon-zkevm:0x37eaa0ef3549a5bb7d431be78a3d99bd360d19e5:SMT_KEY:0,0x37eaa0ef3549a5bb7d431be78a3d99bd360d19e5,0,balance,12000867
polygon-zkevm:0x37eaa0ef3549a5bb7d431be78a3d99bd360d19e5:SMT_KEY:1,0x37eaa0ef3549a5bb7d431be78a3d99bd360d19e5,1,nonce,12000867
polygon-zkevm:0x37eaa0ef3549a5bb7d431be78a3d99bd360d19e5:SMT_KEY:2,0x37eaa0ef3549a5bb7d431be78a3d99bd360d19e5,2,code_hash,12000867
polygon-zkevm:0x37eaa0ef3549a5bb7d431be78a3d99bd360d19e5:SMT_KEY:4,0x37eaa0ef3549a5bb7d431be78a3d99bd360d19e5,4,code_hash_length,12000867
polygon-zkevm:0x5394547d906e5c01ad3dae5097f364c17e5f2e26:SMT_KEY:0,0x5394547d906e5c01ad3dae5097f364c17e5f2e26,0,balance,12000877
polygon-zkevm:0x5394547d906e5c01ad3dae5097f364c17e5f2e26:SMT_KEY:1,0x5394547d906e5c01ad3dae5097f364c17e5f2e26,1,nonce,12000877
polygon-zkevm:0x5394547d906e5c01ad3dae5097f364c17e5f2e26:SMT_KEY:2,0x5394547d906e5c01ad3dae5097f364c17e5f2e26,2,code_hash,12000877
polygon-zkevm:0x5394547d906e5c01ad3dae5097f364c17e5f2e26:SMT_KEY:4,0x5394547d906e5c01ad3dae5097f364c17e5f2e26,4,code_hash_length,12000877
polygon-zkevm:0x6bb4046468b02faf13331052581d9e2970f85ed5:SMT_KEY:0,0x6bb4046468b02faf13331052581d9e2970f85ed5,0,balance,12000887
polygon-zkevm:0x6bb4046468b02faf13331052581d9e2970f85ed5:SMT_KEY:1,0x6bb4046468b02faf13331052581d9e2970f85ed5,1,nonce,12000887
polygon-zkevm:0x6bb4046468b02faf13331052581d9e2970f85ed5:SMT_KEY:2,0x6bb4046468b02faf13331052581d9e2970f85ed5,2,code_hash,12000887
polygon-zkevm:0x6bb4046468b02faf13331052581d9e2970f85ed5:SMT_KEY:4,0x6bb4046468b02faf13331052581d9e2970f85ed5,4,code_hash_length,12000887
polygon-zkevm:0xbf6d4e92b0af5eb22b45018ef0c345ee91a69eb6:SMT_KEY:0,0xbf6d4e92b0af5eb22b45018ef0c345ee91a69eb6,0,balance,12000897
polygon-zkevm:0xbf6d4e92b0af5eb22b45018ef0c345ee91a69eb6:SMT_KEY:1,0xbf6d4e92b0af5eb22b45018ef0c345ee91a69eb6,1,nonce,12000897
polygon-zkevm:0xbf6d4e92b0af5eb22b45018ef0c345ee91a69eb6:SMT_KEY:2,0xbf6d4e92b0af5eb22b45018ef0c345ee91a69eb6,2,code_hash,12000897
polygon-zkevm:0xbf6d4e92b0af5eb22b45018ef0c345ee91a69eb6:SMT_KEY:4,0xbf6d4e92b0af5eb22b45018ef0c345ee91a69eb6,4,code_hash_length,12000897
polygon-zkevm:0x21979fb69b48d8775777ea1149eb720cd80cb477:SMT_KEY:0,0x21979fb69b48d8775777ea1149eb720cd80cb477,0,balance,12000907
polygon-zkevm:0x21979fb69b48d8775777ea1149eb720cd80cb477:SMT_KEY:1,0x21979fb69b48d8775777ea1149eb720cd80cb477,1,nonce,12000907
polygon-zkevm:0x21979fb69b48d8775777ea1149eb720cd80cb477:SMT_KEY:2,0x21979fb69b48d8775777ea1149eb720cd80cb477,2,code_hash,12000907
polygon-zkevm:0x21979fb69b48d8775777ea1149eb720cd80cb477:SMT_KEY:4,0x21979fb69b48d8775777ea1149eb720cd80cb477,4,code_hash_length,12000907
polygon-zkevm:0xdcaf5177b7da57c31d3cfda4d100822b4406daac:SMT_KEY:0,0xdcaf5177b7da57c31d3cfda4d100822b4406daac,0,balance,12000947
polygon-zkevm:0xdcaf5177b7da57c31d3cfda4d100822b4406daac:SMT_KEY:1,0xdcaf5177b7da57c31d3cfda4d100822b4406daac,1,nonce,12000947
polygon-zkevm:0xdcaf5177b7da57c31d3cfda4d100822b4406daac:SMT_KEY:2,0xdcaf5177b7da57c31d3cfda4d100822b4406daac,2,code_hash,12000947
polygon-zkevm:0xdcaf5177b7da57c31d3cfda4d100822b4406daac:SMT_KEY:4,0xdcaf5177b7da57c31d3cfda4d100822b4406daac,4,code_hash_length,12000947
polygon-zkevm:0x358677b74282719a3af28384d79c4ad51ce7f403:SMT_KEY:0,0x358677b74282719a3af28384d79c4ad51ce7f403,0,balance,12001017
polygon-zkevm:0x358677b74282719a3af28384d79c4ad51ce7f403:SMT_KEY:1,0x358677b74282719a3af28384d79c4ad51ce7f403,1,nonce,12001017
polygon-zkevm:0x358677b74282719a3af28384d79c4ad51ce7f403:SMT_KEY:2,0x358677b74282719a3af28384d79c4ad51ce7f403,2,code_hash,12001017
polygon-zkevm:0x358677b74282719a3af28384d79c4ad51ce7f403:SMT_KEY:4,0x358677b74282719a3af28384d79c4ad51ce7f403,4,code_hash_length,12001017
polygon-zkevm:0x04c55ead7c087746c0b259ae7a2dd58d68108899:SMT_KEY:0,0x04c55ead7c087746c0b259ae7a2dd58d68108899,0,balance,12001027
polygon-zkevm:0x04c55ead7c087746c0b259ae7a2dd58d68108899:SMT_KEY:1,0x04c55ead7c087746c0b259ae7a2dd58d68108899,1,nonce,12001027
polygon-zkevm:0x04c55ead7c087746c0b259ae7a2dd58d68108899:SMT_KEY:2,0x04c55ead7c087746c0b259ae7a2dd58d68108899,2,code_hash,12001027
polygon-zkevm:0x04c55ead7c087746c0b259ae7a2dd58d68108899:SMT_KEY:4,0x04c55ead7c087746c0b259ae7a2dd58d68108899,4,code_hash_length,12001027
polygon-zkevm:0x3df9bb53841455f5b0c499db98a5f8bbfb1e2d8a:SMT_KEY:0,0x3df9bb53841455f5b0c499db98a5f8bbfb1e2d8a,0,balance,12001027
polygon-zkevm:0x3df9bb53841455f5b0c499db98a5f8bbfb1e2d8a:SMT_KEY:1,0x3df9bb53841455f5b0c499db98a5f8bbfb1e2d8a,1,nonce,12001027
polygon-zkevm:0x3df9bb53841455f5b0c499db98a5f8bbfb1e2d8a:SMT_KEY:2,0x3df9bb53841455f5b0c499db98a5f8bbfb1e2d8a,2,code_hash,12001027
polygon-zkevm:0x3df9bb53841455f5b0c499db98a5f8bbfb1e2d8a:SMT_KEY:4,0x3df9bb53841455f5b0c499db98a5f8bbfb1e2d8a,4,code_hash_length,12001027
polygon-zkevm:0x6b2c0c7be2048daa9b5527982c29f48062b34d58:SMT_KEY:0,0x6b2c0c7be2048daa9b5527982c29f48062b34d58,0,balance,12001027
polygon-zkevm:0x6b2c0c7be2048daa9b5527982c29f48062b34d58:SMT_KEY:1,0x6b2c0c7be2048daa9b5527982c29f48062b34d58,1,nonce,12001027
polygon-zkevm:0x6b2c0c7be2048daa9b5527982c29f48062b34d58:SMT_KEY:2,0x6b2c0c7be2048daa9b5527982c29f48062b34d58,2,code_hash,12001027
polygon-zkevm:0x6b2c0c7be2048daa9b5527982c29f48062b34d58:SMT_KEY:4,0x6b2c0c7be2048daa9b5527982c29f48062b34d58,4,code_hash_length,12001027
polygon-zkevm:0x761313003d2a21f5bb5b5f8ac138ad7a703aa9d7:SMT_KEY:0,0x761313003d2a21f5bb5b5f8ac138ad7a703aa9d7,0,balance,12001077
polygon-zkevm:0x761313003d2a21f5bb5b5f8ac138ad7a703aa9d7:SMT_KEY:1,0x761313003d2a21f5bb5b5f8ac138ad7a703aa9d7,1,nonce,12001077
polygon-zkevm:0x761313003d2a21f5bb5b5f8ac138ad7a703aa9d7:SMT_KEY:2,0x761313003d2a21f5bb5b5f8ac138ad7a703aa9d7,2,code_hash,12001077
polygon-zkevm:0x761313003d2a21f5bb5b5f8ac138ad7a703aa9d7:SMT_KEY:4,0x761313003d2a21f5bb5b5f8ac138ad7a703aa9d7,4,code_hash_length,12001077
polygon-zkevm:0x0000049f63ef0d60abe49fdd8bebfa5a68822222:SMT_KEY:0,0x0000049f63ef0d60abe49fdd8bebfa5a68822222,0,balance,12001107
polygon-zkevm:0x0000049f63ef0d60abe49fdd8bebfa5a68822222:SMT_KEY:1,0x0000049f63ef0d60abe49fdd8bebfa5a68822222,1,nonce,12001107
polygon-zkevm:0x0000049f63ef0d60abe49fdd8bebfa5a68822222:SMT_KEY:2,0x0000049f63ef0d60abe49fdd8bebfa5a68822222,2,code_hash,12001107
polygon-zkevm:0x0000049f63ef0d60abe49fdd8bebfa5a68822222:SMT_KEY:4,0x0000049f63ef0d60abe49fdd8bebfa5a68822222,4,code_hash_length,12001107
polygon-zkevm:0xa69fe25ebb47816dc46bbfc5cfe8cf2b0e0aebd8:SMT_KEY:0,0xa69fe25ebb47816dc46bbfc5cfe8cf2b0e0aebd8,0,balance,12001107
polygon-zkevm:0xa69fe25ebb47816dc46bbfc5cfe8cf2b0e0aebd8:SMT_KEY:1,0xa69fe25ebb47816dc46bbfc5cfe8cf2b0e0aebd8,1,nonce,12001107
polygon-zkevm:0xa69fe25ebb47816dc46bbfc5cfe8cf2b0e0aebd8:SMT_KEY:2,0xa69fe25ebb47816dc46bbfc5cfe8cf2b0e0aebd8,2,code_hash,12001107
polygon-zkevm:0xa69fe25ebb47816dc46bbfc5cfe8cf2b0e0aebd8:SMT_KEY:4,0xa69fe25ebb47816dc46bbfc5cfe8cf2b0e0aebd8,4,code_hash_length,12001107
polygon-zkevm:0xb4c23dd2c7c66b2b4f1f7d2635a31aaccc2eba9f:SMT_KEY:0,0xb4c23dd2c7c66b2b4f1f7d2635a31aaccc2eba9f,0,balance,12001107
polygon-zkevm:0xb4c23dd2c7c66b2b4f1f7d2635a31aaccc2eba9f:SMT_KEY:1,0xb4c23dd2c7c66b2b4f1f7d2635a31aaccc2eba9f,1,nonce,12001107
polygon-zkevm:0xb4c23dd2c7c66b2b4f1f7d2635a31aaccc2eba9f:SMT_KEY:2,0xb4c23dd2c7c66b2b4f1f7d2635a31aaccc2eba9f,2,code_hash,12001107
polygon-zkevm:0xb4c23dd2c7c66b2b4f1f7d2635a31aaccc2eba9f:SMT_KEY:4,0xb4c23dd2c7c66b2b4f1f7d2635a31aaccc2eba9f,4,code_hash_length,12001107
polygon-zkevm:0xc20726a39f6c4afb81451786aafa473f199ececf:SMT_KEY:0,0xc20726a39f6c4afb81451786aafa473f199ececf,0,balance,12001117
polygon-zkevm:0xc20726a39f6c4afb81451786aafa473f199ececf:SMT_KEY:1,0xc20726a39f6c4afb81451786aafa473f199ececf,1,nonce,12001117
polygon-zkevm:0xc20726a39f6c4afb81451786aafa473f199ececf:SMT_KEY:2,0xc20726a39f6c4afb81451786aafa473f199ececf,2,code_hash,12001117
polygon-zkevm:0xc20726a39f6c4afb81451786aafa473f199ececf:SMT_KEY:4,0xc20726a39f6c4afb81451786aafa473f199ececf,4,code_hash_length,12001117
polygon-zkevm:0x431ae3daa822837c8fdaf0119d6d3a2bac9ccd36:SMT_KEY:0,0x431ae3daa822837c8fdaf0119d6d3a2bac9ccd36,0,balance,12001167
polygon-zkevm:0x431ae3daa822837c8fdaf0119d6d3a2bac9ccd36:SMT_KEY:1,0x431ae3daa822837c8fdaf0119d6d3a2bac9ccd36,1,nonce,12001167
polygon-zkevm:0x431ae3daa822837c8fdaf0119d6d3a2bac9ccd36:SMT_KEY:2,0x431ae3daa822837c8fdaf0119d6d3a2bac9ccd36,2,code_hash,12001167
polygon-zkevm:0x431ae3daa822837c8fdaf0119d6d3a2bac9ccd36:SMT_KEY:4,0x431ae3daa822837c8fdaf0119d6d3a2bac9ccd36,4,code_hash_length,12001167
polygon-zkevm:0x861c2d4767a71378e3ae58f2cfc1a7829c56a0f7:SMT_KEY:0,0x861c2d4767a71378e3ae58f2cfc1a7829c56a0f7,0,balance,12001187
polygon-zkevm:0x861c2d4767a71378e3ae58f2cfc1a7829c56a0f7:SMT_KEY:1,0x861c2d4767a71378e3ae58f2cfc1a7829c56a0f7,1,nonce,12001187
polygon-zkevm:0x861c2d4767a71378e3ae58f2cfc1a7829c56a0f7:SMT_KEY:2,0x861c2d4767a71378e3ae58f2cfc1a7829c56a0f7,2,code_hash,12001187
polygon-zkevm:0x861c2d4767a71378e3ae58f2cfc1a7829c56a0f7:SMT_KEY:4,0x861c2d4767a71378e3ae58f2cfc1a7829c56a0f7,4,code_hash_length,12001187
polygon-zkevm:0xc972f98905aecbb2fa74d09742f92f698993fb5e:SMT_KEY:0,0xc972f98905aecbb2fa74d09742f92f698993fb5e,0,balance,12001187
polygon-zkevm:0xc972f98905aecbb2fa74d09742f92f698993fb5e:SMT_KEY:1,0xc972f98905aecbb2fa74d09742f92f698993fb5e,1,nonce,12001187
polygon-zkevm:0xc972f98905aecbb2fa74d09742f92f698993fb5e:SMT_KEY:2,0xc972f98905aecbb2fa74d09742f92f698993fb5e,2,code_hash,12001187
polygon-zkevm:0xc972f98905aecbb2fa74d09742f92f698993fb5e:SMT_KEY:4,0xc972f98905aecbb2fa74d09742f92f698993fb5e,4,code_hash_length,12001187
polygon-zkevm:0xea4b156056be504f37bedcb0c19ddc2a8519a72a:SMT_KEY:0,0xea4b156056be504f37bedcb0c19ddc2a8519a72a,0,balance,12001237
polygon-zkevm:0xea4b156056be504f37bedcb0c19ddc2a8519a72a:SMT_KEY:1,0xea4b156056be504f37bedcb0c19ddc2a8519a72a,1,nonce,12001237
polygon-zkevm:0xea4b156056be504f37bedcb0c19ddc2a8519a72a:SMT_KEY:2,0xea4b156056be504f37bedcb0c19ddc2a8519a72a,2,code_hash,12001237
polygon-zkevm:0xea4b156056be504f37bedcb0c19ddc2a8519a72a:SMT_KEY:4,0xea4b156056be504f37bedcb0c19ddc2a8519a72a,4,code_hash_length,12001237
polygon-zkevm:0x09b96417602ed6ac76651f7a8c4860e60e3aa6d0:SMT_KEY:0,0x09b96417602ed6ac76651f7a8c4860e60e3aa6d0,0,balance,12001247
polygon-zkevm:0x09b96417602ed6ac76651f7a8c4860e60e3aa6d0:SMT_KEY:1,0x09b96417602ed6ac76651f7a8c4860e60e3aa6d0,1,nonce,12001247
polygon-zkevm:0x09b96417602ed6ac76651f7a8c4860e60e3aa6d0:SMT_KEY:2,0x09b96417602ed6ac76651f7a8c4860e60e3aa6d0,2,code_hash,12001247
polygon-zkevm:0x09b96417602ed6ac76651f7a8c4860e60e3aa6d0:SMT_KEY:4,0x09b96417602ed6ac76651f7a8c4860e60e3aa6d0,4,code_hash_length,12001247
polygon-zkevm:0x3a464f746d23ab22155710f44db16dca53e0775e:SMT_KEY:0,0x3a464f746d23ab22155710f44db16dca53e0775e,0,balance,12001247
polygon-zkevm:0x3a464f746d23ab22155710f44db16dca53e0775e:SMT_KEY:1,0x3a464f746d23ab22155710f44db16dca53e0775e,1,nonce,12001247
polygon-zkevm:0x3a464f746d23ab22155710f44db16dca53e0775e:SMT_KEY:2,0x3a464f746d23ab22155710f44db16dca53e0775e,2,code_hash,12001247
polygon-zkevm:0x3a464f746d23ab22155710f44db16dca53e0775e:SMT_KEY:4,0x3a464f746d23ab22155710f44db16dca53e0775e,4,code_hash_length,12001247
polygon-zkevm:0x3bf58c1c5d580b8016b44ad9485e59f2be988843:SMT_KEY:0,0x3bf58c1c5d580b8016b44ad9485e59f2be988843,0,balance,12001287
polygon-zkevm:0x3bf58c1c5d580b8016b44ad9485e59f2be988843:SMT_KEY:1,0x3bf58c1c5d580b8016b44ad9485e59f2be988843,1,nonce,12001287
polygon-zkevm:0x3bf58c1c5d580b8016b44ad9485e59f2be988843:SMT_KEY:2,0x3bf58c1c5d580b8016b44ad9485e59f2be988843,2,code_hash,12001287
polygon-zkevm:0x3bf58c1c5d580b8016b44ad9485e59f2be988843:SMT_KEY:4,0x3bf58c1c5d580b8016b44ad9485e59f2be988843,4,code_hash_length,12001287
polygon-zkevm:0x865d7eb5db37cc02ec209dd778f4e3851a421a20:SMT_KEY:0,0x865d7eb5db37cc02ec209dd778f4e3851a421a20,0,balance,12001307
polygon-zkevm:0x865d7eb5db37cc02ec209dd778f4e3851a421a20:SMT_KEY:1,0x865d7eb5db37cc02ec209dd778f4e3851a421a20,1,nonce,12001307
polygon-zkevm:0x865d7eb5db37cc02ec209dd778f4e3851a421a20:SMT_KEY:2,0x865d7eb5db37cc02ec209dd778f4e3851a421a20,2,code_hash,12001307
polygon-zkevm:0x865d7eb5db37cc02ec209dd778f4e3851a421a20:SMT_KEY:4,0x865d7eb5db37cc02ec209dd778f4e3851a421a20,4,code_hash_length,12001307
polygon-zkevm:0x87a83a26c2385f2a7eb0a88a1ba1e410d67bd47c:SMT_KEY:0,0x87a83a26c2385f2a7eb0a88a1ba1e410d67bd47c,0,balance,12001327
polygon-zkevm:0x87a83a26c2385f2a7eb0a88a1ba1e410d67bd47c:SMT_KEY:1,0x87a83a26c2385f2a7eb0a88a1ba1e410d67bd47c,1,nonce,12001327
polygon-zkevm:0x87a83a26c2385f2a7eb0a88a1ba1e410d67bd47c:SMT_KEY:2,0x87a83a26c2385f2a7eb0a88a1ba1e410d67bd47c,2,code_hash,12001327
polygon-zkevm:0x87a83a26c2385f2a7eb0a88a1ba1e410d67bd47c:SMT_KEY:4,0x87a83a26c2385f2a7eb0a88a1ba1e410d67bd47c,4,code_hash_length,12001327
polygon-zkevm:0x66ef66871c036bcf471f6266fb220059ad1019fb:SMT_KEY:0,0x66ef66871c036bcf471f6266fb220059ad1019fb,0,balance,12001337
polygon-zkevm:0x66ef66871c036bcf471f6266fb220059ad1019fb:SMT_KEY:1,0x66ef66871c036bcf471f6266fb220059ad1019fb,1,nonce,12001337
polygon-zkevm:0x66ef66871c036bcf471f6266fb220059ad1019fb:SMT_KEY:2,0x66ef66871c036bcf471f6266fb220059ad1019fb,2,code_hash,12001337
polygon-zkevm:0x66ef66871c036bcf471f6266fb220059ad1019fb:SMT_KEY:4,0x66ef66871c036bcf471f6266fb220059ad1019fb,4,code_hash_length,12001337
polygon-zkevm:0x299ac951e72ef94aa229cb484c5afa2934ef1395:SMT_KEY:0,0x299ac951e72ef94aa229cb484c5afa2934ef1395,0,balance,12001367
polygon-zkevm:0x299ac951e72ef94aa229cb484c5afa2934ef1395:SMT_KEY:1,0x299ac951e72ef94aa229cb484c5afa2934ef1395,1,nonce,12001367
polygon-zkevm:0x299ac951e72ef94aa229cb484c5afa2934ef1395:SMT_KEY:2,0x299ac951e72ef94aa229cb484c5afa2934ef1395,2,code_hash,12001367
polygon-zkevm:0x299ac951e72ef94aa229cb484c5afa2934ef1395:SMT_KEY:4,0x299ac951e72ef94aa229cb484c5afa2934ef1395,4,code_hash_length,12001367
polygon-zkevm:0xa204b007323f8dad66173717d792fd3dddc0e767:SMT_KEY:0,0xa204b007323f8dad66173717d792fd3dddc0e767,0,balance,12001367
polygon-zkevm:0xa204b007323f8dad66173717d792fd3dddc0e767:SMT_KEY:1,0xa204b007323f8dad66173717d792fd3dddc0e767,1,nonce,12001367
polygon-zkevm:0xa204b007323f8dad66173717d792fd3dddc0e767:SMT_KEY:2,0xa204b007323f8dad66173717d792fd3dddc0e767,2,code_hash,12001367
polygon-zkevm:0xa204b007323f8dad66173717d792fd3dddc0e767:SMT_KEY:4,0xa204b007323f8dad66173717d792fd3dddc0e767,4,code_hash_length,12001367
polygon-zkevm:0xc21e4ebd1d92036cb467b53fe3258f219d909eb9:SMT_KEY:0,0xc21e4ebd1d92036cb467b53fe3258f219d909eb9,0,balance,12001367
polygon-zkevm:0xc21e4ebd1d92036cb467b53fe3258f219d909eb9:SMT_KEY:1,0xc21e4ebd1d92036cb467b53fe3258f219d909eb9,1,nonce,12001367
polygon-zkevm:0xc21e4ebd1d92036cb467b53fe3258f219d909eb9:SMT_KEY:2,0xc21e4ebd1d92036cb467b53fe3258f219d909eb9,2,code_hash,12001367
polygon-zkevm:0xc21e4ebd1d92036cb467b53fe3258f219d909eb9:SMT_KEY:4,0xc21e4ebd1d92036cb467b53fe3258f219d909eb9,4,code_hash_length,12001367
polygon-zkevm:0x76242c1590701beb28276db6bec9ac6b711f88d6:SMT_KEY:0,0x76242c1590701beb28276db6bec9ac6b711f88d6,0,balance,12001377
polygon-zkevm:0x76242c1590701beb28276db6bec9ac6b711f88d6:SMT_KEY:1,0x76242c1590701beb28276db6bec9ac6b711f88d6,1,nonce,12001377
polygon-zkevm:0x76242c1590701beb28276db6bec9ac6b711f88d6:SMT_KEY:2,0x76242c1590701beb28276db6bec9ac6b711f88d6,2,code_hash,12001377
polygon-zkevm:0x76242c1590701beb28276db6bec9ac6b711f88d6:SMT_KEY:4,0x76242c1590701beb28276db6bec9ac6b711f88d6,4,code_hash_length,12001377
polygon-zkevm:0xbfa2f68bf9ad60dc3cfb1cef04730eb7fa251424:SMT_KEY:0,0xbfa2f68bf9ad60dc3cfb1cef04730eb7fa251424,0,balance,12001407
polygon-zkevm:0xbfa2f68bf9ad60dc3cfb1cef04730eb7fa251424:SMT_KEY:1,0xbfa2f68bf9ad60dc3cfb1cef04730eb7fa251424,1,nonce,12001407
polygon-zkevm:0xbfa2f68bf9ad60dc3cfb1cef04730eb7fa251424:SMT_KEY:2,0xbfa2f68bf9ad60dc3cfb1cef04730eb7fa251424,2,code_hash,12001407
polygon-zkevm:0xbfa2f68bf9ad60dc3cfb1cef04730eb7fa251424:SMT_KEY:4,0xbfa2f68bf9ad60dc3cfb1cef04730eb7fa251424,4,code_hash_length,12001407
polygon-zkevm:0xd46f8e428a06789b5884df54e029e738277388d1:SMT_KEY:0,0xd46f8e428a06789b5884df54e029e738277388d1,0,balance,12001407
polygon-zkevm:0xd46f8e428a06789b5884df54e029e738277388d1:SMT_KEY:1,0xd46f8e428a06789b5884df54e029e738277388d1,1,nonce,12001407
polygon-zkevm:0xd46f8e428a06789b5884df54e029e738277388d1:SMT_KEY:2,0xd46f8e428a06789b5884df54e029e738277388d1,2,code_hash,12001407
polygon-zkevm:0xd46f8e428a06789b5884df54e029e738277388d1:SMT_KEY:4,0xd46f8e428a06789b5884df54e029e738277388d1,4,code_hash_length,12001407
polygon-zkevm:0xfc5049b46f2a5cb7e37a97bd031e7e0b5dfc6ce8:SMT_KEY:0,0xfc5049b46f2a5cb7e37a97bd031e7e0b5dfc6ce8,0,balance,12001417
polygon-zkevm:0xfc5049b46f2a5cb7e37a97bd031e7e0b5dfc6ce8:SMT_KEY:1,0xfc5049b46f2a5cb7e37a97bd031e7e0b5dfc6ce8,1,nonce,12001417
polygon-zkevm:0xfc5049b46f2a5cb7e37a97bd031e7e0b5dfc6ce8:SMT_KEY:2,0xfc5049b46f2a5cb7e37a97bd031e7e0b5dfc6ce8,2,code_hash,12001417
polygon-zkevm:0xfc5049b46f2a5cb7e37a97bd031e7e0b5dfc6ce8:SMT_KEY:4,0xfc5049b46f2a5cb7e37a97bd031e7e0b5dfc6ce8,4,code_hash_length,12001417
polygon-zkevm:0x8472177d6880fe20beb490348f37a46fd32da02e:SMT_KEY:0,0x8472177d6880fe20beb490348f37a46fd32da02e,0,balance,12001427
polygon-zkevm:0x8472177d6880fe20beb490348f37a46fd32da02e:SMT_KEY:1,0x8472177d6880fe20beb490348f37a46fd32da02e,1,nonce,12001427
polygon-zkevm:0x8472177d6880fe20beb490348f37a46fd32da02e:SMT_KEY:2,0x8472177d6880fe20beb490348f37a46fd32da02e,2,code_hash,12001427
polygon-zkevm:0x8472177d6880fe20beb490348f37a46fd32da02e:SMT_KEY:4,0x8472177d6880fe20beb490348f37a46fd32da02e,4,code_hash_length,12001427
polygon-zkevm:0x216f92ac691a73347467bd6c487f5774081fc587:SMT_KEY:0,0x216f92ac691a73347467bd6c487f5774081fc587,0,balance,12001437
polygon-zkevm:0x216f92ac691a73347467bd6c487f5774081fc587:SMT_KEY:1,0x216f92ac691a73347467bd6c487f5774081fc587,1,nonce,12001437
polygon-zkevm:0x216f92ac691a73347467bd6c487f5774081fc587:SMT_KEY:2,0x216f92ac691a73347467bd6c487f5774081fc587,2,code_hash,12001437
polygon-zkevm:0x216f92ac691a73347467bd6c487f5774081fc587:SMT_KEY:4,0x216f92ac691a73347467bd6c487f5774081fc587,4,code_hash_length,12001437
polygon-zkevm:0xbf177d16b827d657c691d7f38b55125d2c08a752:SMT_KEY:0,0xbf177d16b827d657c691d7f38b55125d2c08a752,0,balance,12001437
polygon-zkevm:0xbf177d16b827d657c691d7f38b55125d2c08a752:SMT_KEY:1,0xbf177d16b827d657c691d7f38b55125d2c08a752,1,nonce,12001437
polygon-zkevm:0xbf177d16b827d657c691d7f38b55125d2c08a752:SMT_KEY:2,0xbf177d16b827d657c691d7f38b55125d2c08a752,2,code_hash,12001437
polygon-zkevm:0xbf177d16b827d657c691d7f38b55125d2c08a752:SMT_KEY:4,0xbf177d16b827d657c691d7f38b55125d2c08a752,4,code_hash_length,12001437
polygon-zkevm:0x33ae7167ce88f0e319e43c42821fa6845e7d1825:SMT_KEY:0,0x33ae7167ce88f0e319e43c42821fa6845e7d1825,0,balance,12001477
polygon-zkevm:0x33ae7167ce88f0e319e43c42821fa6845e7d1825:SMT_KEY:1,0x33ae7167ce88f0e319e43c42821fa6845e7d1825,1,nonce,12001477
polygon-zkevm:0x33ae7167ce88f0e319e43c42821fa6845e7d1825:SMT_KEY:2,0x33ae7167ce88f0e319e43c42821fa6845e7d1825,2,code_hash,12001477
polygon-zkevm:0x33ae7167ce88f0e319e43c42821fa6845e7d1825:SMT_KEY:4,0x33ae7167ce88f0e319e43c42821fa6845e7d1825,4,code_hash_length,12001477
polygon-zkevm:0xd600d94d0812f7edfa47d0cf02a767b1dd14a01b:SMT_KEY:0,0xd600d94d0812f7edfa47d0cf02a767b1dd14a01b,0,balance,12001477
polygon-zkevm:0xd600d94d0812f7edfa47d0cf02a767b1dd14a01b:SMT_KEY:1,0xd600d94d0812f7edfa47d0cf02a767b1dd14a01b,1,nonce,12001477
polygon-zkevm:0xd600d94d0812f7edfa47d0cf02a767b1dd14a01b:SMT_KEY:2,0xd600d94d0812f7edfa47d0cf02a767b1dd14a01b,2,code_hash,12001477
polygon-zkevm:0xd600d94d0812f7edfa47d0cf02a767b1dd14a01b:SMT_KEY:4,0xd600d94d0812f7edfa47d0cf02a767b1dd14a01b,4,code_hash_length,12001477
polygon-zkevm:0x946ecf621433c65fa4b95c2c6b67fc22990c7a4f:SMT_KEY:0,0x946ecf621433c65fa4b95c2c6b67fc22990c7a4f,0,balance,12001497
polygon-zkevm:0x946ecf621433c65fa4b95c2c6b67fc22990c7a4f:SMT_KEY:1,0x946ecf621433c65fa4b95c2c6b67fc22990c7a4f,1,nonce,12001497
polygon-zkevm:0x946ecf621433c65fa4b95c2c6b67fc22990c7a4f:SMT_KEY:2,0x946ecf621433c65fa4b95c2c6b67fc22990c7a4f,2,code_hash,12001497
polygon-zkevm:0x946ecf621433c65fa4b95c2c6b67fc22990c7a4f:SMT_KEY:4,0x946ecf621433c65fa4b95c2c6b67fc22990c7a4f,4,code_hash_length,12001497
polygon-zkevm:0xec7b710e6b3c71128ac5aa52c05f222323c826d2:SMT_KEY:0,0xec7b710e6b3c71128ac5aa52c05f222323c826d2,0,balance,12001507
polygon-zkevm:0xec7b710e6b3c71128ac5aa52c05f222323c826d2:SMT_KEY:1,0xec7b710e6b3c71128ac5aa52c05f222323c826d2,1,nonce,12001507
polygon-zkevm:0xec7b710e6b3c71128ac5aa52c05f222323c826d2:SMT_KEY:2,0xec7b710e6b3c71128ac5aa52c05f222323c826d2,2,code_hash,12001507
polygon-zkevm:0xec7b710e6b3c71128ac5aa52c05f222323c826d2:SMT_KEY:4,0xec7b710e6b3c71128ac5aa52c05f222323c826d2,4,code_hash_length,12001507
polygon-zkevm:0x0b91ce508e40f0718cde07681e69c6b5d9c55f97:SMT_KEY:0,0x0b91ce508e40f0718cde07681e69c6b5d9c55f97,0,balance,12001517
polygon-zkevm:0x0b91ce508e40f0718cde07681e69c6b5d9c55f97:SMT_KEY:1,0x0b91ce508e40f0718cde07681e69c6b5d9c55f97,1,nonce,12001517
polygon-zkevm:0x0b91ce508e40f0718cde07681e69c6b5d9c55f97:SMT_KEY:2,0x0b91ce508e40f0718cde07681e69c6b5d9c55f97,2,code_hash,12001517
polygon-zkevm:0x0b91ce508e40f0718cde07681e69c6b5d9c55f97:SMT_KEY:4,0x0b91ce508e40f0718cde07681e69c6b5d9c55f97,4,code_hash_length,12001517
polygon-zkevm:0xec34632e168392baed062d98ff2fd54bafa3138c:SMT_KEY:0,0xec34632e168392baed062d98ff2fd54bafa3138c,0,balance,12001517
polygon-zkevm:0xec34632e168392baed062d98ff2fd54bafa3138c:SMT_KEY:1,0xec34632e168392baed062d98ff2fd54bafa3138c,1,nonce,12001517
polygon-zkevm:0xec34632e168392baed062d98ff2fd54bafa3138c:SMT_KEY:2,0xec34632e168392baed062d98ff2fd54bafa3138c,2,code_hash,12001517
polygon-zkevm:0xec34632e168392baed062d98ff2fd54bafa3138c:SMT_KEY:4,0xec34632e168392baed062d98ff2fd54bafa3138c,4,code_hash_length,12001517
polygon-zkevm:0x73b44fe3dad6d33fd64e57e78e2352174dbb35b7:SMT_KEY:0,0x73b44fe3dad6d33fd64e57e78e2352174dbb35b7,0,balance,12001547
polygon-zkevm:0x73b44fe3dad6d33fd64e57e78e2352174dbb35b7:SMT_KEY:1,0x73b44fe3dad6d33fd64e57e78e2352174dbb35b7,1,nonce,12001547
polygon-zkevm:0x73b44fe3dad6d33fd64e57e78e2352174dbb35b7:SMT_KEY:2,0x73b44fe3dad6d33fd64e57e78e2352174dbb35b7,2,code_hash,12001547
polygon-zkevm:0x73b44fe3dad6d33fd64e57e78e2352174dbb35b7:SMT_KEY:4,0x73b44fe3dad6d33fd64e57e78e2352174dbb35b7,4,code_hash_length,12001547
polygon-zkevm:0xc976c68d789762605716b374d6b66176bfe4943a:SMT_KEY:0,0xc976c68d789762605716b374d6b66176bfe4943a,0,balance,12001617
polygon-zkevm:0xc976c68d789762605716b374d6b66176bfe4943a:SMT_KEY:1,0xc976c68d789762605716b374d6b66176bfe4943a,1,nonce,12001617
polygon-zkevm:0xc976c68d789762605716b374d6b66176bfe4943a:SMT_KEY:2,0xc976c68d789762605716b374d6b66176bfe4943a,2,code_hash,12001617
polygon-zkevm:0xc976c68d789762605716b374d6b66176bfe4943a:SMT_KEY:4,0xc976c68d789762605716b374d6b66176bfe4943a,4,code_hash_length,12001617
polygon-zkevm:0x1f5a92e27532bf843358f94c2e39e24364d8ec48:SMT_KEY:0,0x1f5a92e27532bf843358f94c2e39e24364d8ec48,0,balance,12001647
polygon-zkevm:0x1f5a92e27532bf843358f94c2e39e24364d8ec48:SMT_KEY:1,0x1f5a92e27532bf843358f94c2e39e24364d8ec48,1,nonce,12001647
polygon-zkevm:0x1f5a92e27532bf843358f94c2e39e24364d8ec48:SMT_KEY:2,0x1f5a92e27532bf843358f94c2e39e24364d8ec48,2,code_hash,12001647
polygon-zkevm:0x1f5a92e27532bf843358f94c2e39e24364d8ec48:SMT_KEY:4,0x1f5a92e27532bf843358f94c2e39e24364d8ec48,4,code_hash_length,12001647
polygon-zkevm:0xca68ad4ee5c96871ec6c6dac2f714a8437a3fe66:SMT_KEY:0,0xca68ad4ee5c96871ec6c6dac2f714a8437a3fe66,0,balance,12001657
polygon-zkevm:0xca68ad4ee5c96871ec6c6dac2f714a8437a3fe66:SMT_KEY:1,0xca68ad4ee5c96871ec6c6dac2f714a8437a3fe66,1,nonce,12001657
polygon-zkevm:0xca68ad4ee5c96871ec6c6dac2f714a8437a3fe66:SMT_KEY:2,0xca68ad4ee5c96871ec6c6dac2f714a8437a3fe66,2,code_hash,12001657
polygon-zkevm:0xca68ad4ee5c96871ec6c6dac2f714a8437a3fe66:SMT_KEY:4,0xca68ad4ee5c96871ec6c6dac2f714a8437a3fe66,4,code_hash_length,12001657
polygon-zkevm:0xfe744aef67324ccb15819206c3d91f2e58d53e4e:SMT_KEY:0,0xfe744aef67324ccb15819206c3d91f2e58d53e4e,0,balance,12001657
polygon-zkevm:0xfe744aef67324ccb15819206c3d91f2e58d53e4e:SMT_KEY:1,0xfe744aef67324ccb15819206c3d91f2e58d53e4e,1,nonce,12001657
polygon-zkevm:0xfe744aef67324ccb15819206c3d91f2e58d53e4e:SMT_KEY:2,0xfe744aef67324ccb15819206c3d91f2e58d53e4e,2,code_hash,12001657
polygon-zkevm:0xfe744aef67324ccb15819206c3d91f2e58d53e4e:SMT_KEY:4,0xfe744aef67324ccb15819206c3d91f2e58d53e4e,4,code_hash_length,12001657
polygon-zkevm:0xdbe3fa98db1b2854bfec8b51aebcabd1de84bdbb:SMT_KEY:0,0xdbe3fa98db1b2854bfec8b51aebcabd1de84bdbb,0,balance,12001667
polygon-zkevm:0xdbe3fa98db1b2854bfec8b51aebcabd1de84bdbb:SMT_KEY:1,0xdbe3fa98db1b2854bfec8b51aebcabd1de84bdbb,1,nonce,12001667
polygon-zkevm:0xdbe3fa98db1b2854bfec8b51aebcabd1de84bdbb:SMT_KEY:2,0xdbe3fa98db1b2854bfec8b51aebcabd1de84bdbb,2,code_hash,12001667
polygon-zkevm:0xdbe3fa98db1b2854bfec8b51aebcabd1de84bdbb:SMT_KEY:4,0xdbe3fa98db1b2854bfec8b51aebcabd1de84bdbb,4,code_hash_length,12001667
polygon-zkevm:0x138739bb3b667fde5a0181f28f556269c98204ce:SMT_KEY:0,0x138739bb3b667fde5a0181f28f556269c98204ce,0,balance,12001717
polygon-zkevm:0x138739bb3b667fde5a0181f28f556269c98204ce:SMT_KEY:1,0x138739bb3b667fde5a0181f28f556269c98204ce,1,nonce,12001717
polygon-zkevm:0x138739bb3b667fde5a0181f28f556269c98204ce:SMT_KEY:2,0x138739bb3b667fde5a0181f28f556269c98204ce,2,code_hash,12001717
polygon-zkevm:0x138739bb3b667fde5a0181f28f556269c98204ce:SMT_KEY:4,0x138739bb3b667fde5a0181f28f556269c98204ce,4,code_hash_length,12001717
polygon-zkevm:0x7be47925b5b44c9f713dbac829cc3f63854df235:SMT_KEY:0,0x7be47925b5b44c9f713dbac829cc3f63854df235,0,balance,12001757
polygon-zkevm:0x7be47925b5b44c9f713dbac829cc3f63854df235:SMT_KEY:1,0x7be47925b5b44c9f713dbac829cc3f63854df235,1,nonce,12001757
polygon-zkevm:0x7be47925b5b44c9f713dbac829cc3f63854df235:SMT_KEY:2,0x7be47925b5b44c9f713dbac829cc3f63854df235,2,code_hash,12001757
polygon-zkevm:0x7be47925b5b44c9f713dbac829cc3f63854df235:SMT_KEY:4,0x7be47925b5b44c9f713dbac829cc3f63854df235,4,code_hash_length,12001757
polygon-zkevm:0x81cf978d7b04b292b9c0d973b2c64bd9367c84b7:SMT_KEY:0,0x81cf978d7b04b292b9c0d973b2c64bd9367c84b7,0,balance,12001757
polygon-zkevm:0x81cf978d7b04b292b9c0d973b2c64bd9367c84b7:SMT_KEY:1,0x81cf978d7b04b292b9c0d973b2c64bd9367c84b7,1,nonce,12001757
polygon-zkevm:0x81cf978d7b04b292b9c0d973b2c64bd9367c84b7:SMT_KEY:2,0x81cf978d7b04b292b9c0d973b2c64bd9367c84b7,2,code_hash,12001757
polygon-zkevm:0x81cf978d7b04b292b9c0d973b2c64bd9367c84b7:SMT_KEY:4,0x81cf978d7b04b292b9c0d973b2c64bd9367c84b7,4,code_hash_length,12001757
polygon-zkevm:0x8bf9bd6008389ec5501d6a28c40ff492888e6750:SMT_KEY:0,0x8bf9bd6008389ec5501d6a28c40ff492888e6750,0,balance,12001757
polygon-zkevm:0x8bf9bd6008389ec5501d6a28c40ff492888e6750:SMT_KEY:1,0x8bf9bd6008389ec5501d6a28c40ff492888e6750,1,nonce,12001757
polygon-zkevm:0x8bf9bd6008389ec5501d6a28c40ff492888e6750:SMT_KEY:2,0x8bf9bd6008389ec5501d6a28c40ff492888e6750,2,code_hash,12001757
polygon-zkevm:0x8bf9bd6008389ec5501d6a28c40ff492888e6750:SMT_KEY:4,0x8bf9bd6008389ec5501d6a28c40ff492888e6750,4,code_hash_length,12001757
polygon-zkevm:0x54f4dae412b63363bf09cb82412faa4370b1f6d1:SMT_KEY:0,0x54f4dae412b63363bf09cb82412faa4370b1f6d1,0,balance,12001777
polygon-zkevm:0x54f4dae412b63363bf09cb82412faa4370b1f6d1:SMT_KEY:1,0x54f4dae412b63363bf09cb82412faa4370b1f6d1,1,nonce,12001777
polygon-zkevm:0x54f4dae412b63363bf09cb82412faa4370b1f6d1:SMT_KEY:2,0x54f4dae412b63363bf09cb82412faa4370b1f6d1,2,code_hash,12001777
polygon-zkevm:0x54f4dae412b63363bf09cb82412faa4370b1f6d1:SMT_KEY:4,0x54f4dae412b63363bf09cb82412faa4370b1f6d1,4,code_hash_length,12001777
polygon-zkevm:0xa2c623cf0428603171f08a3532d6901478a95e80:SMT_KEY:0,0xa2c623cf0428603171f08a3532d6901478a95e80,0,balance,12001777
polygon-zkevm:0xa2c623cf0428603171f08a3532d6901478a95e80:SMT_KEY:1,0xa2c623cf0428603171f08a3532d6901478a95e80,1,nonce,12001777
polygon-zkevm:0xa2c623cf0428603171f08a3532d6901478a95e80:SMT_KEY:2,0xa2c623cf0428603171f08a3532d6901478a95e80,2,code_hash,12001777
polygon-zkevm:0xa2c623cf0428603171f08a3532d6901478a95e80:SMT_KEY:4,0xa2c623cf0428603171f08a3532d6901478a95e80,4,code_hash_length,12001777
polygon-zkevm:0xb5b7644a0e8f1fd12040298eacf8012ae96158a2:SMT_KEY:0,0xb5b7644a0e8f1fd12040298eacf8012ae96158a2,0,balance,12001777
polygon-zkevm:0xb5b7644a0e8f1fd12040298eacf8012ae96158a2:SMT_KEY:1,0xb5b7644a0e8f1fd12040298eacf8012ae96158a2,1,nonce,12001777
polygon-zkevm:0xb5b7644a0e8f1fd12040298eacf8012ae96158a2:SMT_KEY:2,0xb5b7644a0e8f1fd12040298eacf8012ae96158a2,2,code_hash,12001777
polygon-zkevm:0xb5b7644a0e8f1fd12040298eacf8012ae96158a2:SMT_KEY:4,0xb5b7644a0e8f1fd12040298eacf8012ae96158a2,4,code_hash_length,12001777
polygon-zkevm:0xea2da66b144f8d49507888338e8ca3e0e8ab1327:SMT_KEY:0,0xea2da66b144f8d49507888338e8ca3e0e8ab1327,0,balance,12001787
polygon-zkevm:0xea2da66b144f8d49507888338e8ca3e0e8ab1327:SMT_KEY:1,0xea2da66b144f8d49507888338e8ca3e0e8ab1327,1,nonce,12001787
polygon-zkevm:0xea2da66b144f8d49507888338e8ca3e0e8ab1327:SMT_KEY:2,0xea2da66b144f8d49507888338e8ca3e0e8ab1327,2,code_hash,12001787
polygon-zkevm:0xea2da66b144f8d49507888338e8ca3e0e8ab1327:SMT_KEY:4,0xea2da66b144f8d49507888338e8ca3e0e8ab1327,4,code_hash_length,12001787
polygon-zkevm:0x7b3c2f153055d9cf69a8dad7a233953d894d40be:SMT_KEY:0,0x7b3c2f153055d9cf69a8dad7a233953d894d40be,0,balance,12001797
polygon-zkevm:0x7b3c2f153055d9cf69a8dad7a233953d894d40be:SMT_KEY:1,0x7b3c2f153055d9cf69a8dad7a233953d894d40be,1,nonce,12001797
polygon-zkevm:0x7b3c2f153055d9cf69a8dad7a233953d894d40be:SMT_KEY:2,0x7b3c2f153055d9cf69a8dad7a233953d894d40be,2,code_hash,12001797
polygon-zkevm:0x7b3c2f153055d9cf69a8dad7a233953d894d40be:SMT_KEY:4,0x7b3c2f153055d9cf69a8dad7a233953d894d40be,4,code_hash_length,12001797
polygon-zkevm:0x2687a83c367541913e80113bd457dc2f04a512c7:SMT_KEY:0,0x2687a83c367541913e80113bd457dc2f04a512c7,0,balance,12001837
polygon-zkevm:0x2687a83c367541913e80113bd457dc2f04a512c7:SMT_KEY:1,0x2687a83c367541913e80113bd457dc2f04a512c7,1,nonce,12001837
polygon-zkevm:0x2687a83c367541913e80113bd457dc2f04a512c7:SMT_KEY:2,0x2687a83c367541913e80113bd457dc2f04a512c7,2,code_hash,12001837
polygon-zkevm:0x2687a83c367541913e80113bd457dc2f04a512c7:SMT_KEY:4,0x2687a83c367541913e80113bd457dc2f04a512c7,4,code_hash_length,12001837
polygon-zkevm:0xe0273a4997f6288b6402915ccffb17a36f001f7f:SMT_KEY:0,0xe0273a4997f6288b6402915ccffb17a36f001f7f,0,balance,12001857
polygon-zkevm:0xe0273a4997f6288b6402915ccffb17a36f001f7f:SMT_KEY:1,0xe0273a4997f6288b6402915ccffb17a36f001f7f,1,nonce,12001857
polygon-zkevm:0xe0273a4997f6288b6402915ccffb17a36f001f7f:SMT_KEY:2,0xe0273a4997f6288b6402915ccffb17a36f001f7f,2,code_hash,12001857
polygon-zkevm:0xe0273a4997f6288b6402915ccffb17a36f001f7f:SMT_KEY:4,0xe0273a4997f6288b6402915ccffb17a36f001f7f,4,code_hash_length,12001857
polygon-zkevm:0xb07546ff77f3ac41bdd309b9424c6da02493014e:SMT_KEY:0,0xb07546ff77f3ac41bdd309b9424c6da02493014e,0,balance,12001867
polygon-zkevm:0xb07546ff77f3ac41bdd309b9424c6da02493014e:SMT_KEY:1,0xb07546ff77f3ac41bdd309b9424c6da02493014e,1,nonce,12001867
polygon-zkevm:0xb07546ff77f3ac41bdd309b9424c6da02493014e:SMT_KEY:2,0xb07546ff77f3ac41bdd309b9424c6da02493014e,2,code_hash,12001867
polygon-zkevm:0xb07546ff77f3ac41bdd309b9424c6da02493014e:SMT_KEY:4,0xb07546ff77f3ac41bdd309b9424c6da02493014e,4,code_hash_length,12001867
polygon-zkevm:0xe45dcee0f553b35b6005e5c787ee916a20c24700:SMT_KEY:0,0xe45dcee0f553b35b6005e5c787ee916a20c24700,0,balance,12001887
polygon-zkevm:0xe45dcee0f553b35b6005e5c787ee916a20c24700:SMT_KEY:1,0xe45dcee0f553b35b6005e5c787ee916a20c24700,1,nonce,12001887
polygon-zkevm:0xe45dcee0f553b35b6005e5c787ee916a20c24700:SMT_KEY:2,0xe45dcee0f553b35b6005e5c787ee916a20c24700,2,code_hash,12001887
polygon-zkevm:0xe45dcee0f553b35b6005e5c787ee916a20c24700:SMT_KEY:4,0xe45dcee0f553b35b6005e5c787ee916a20c24700,4,code_hash_length,12001887
polygon-zkevm:0x9afdab8f7746528033b1fe2f568c5157aed4f6ad:SMT_KEY:0,0x9afdab8f7746528033b1fe2f568c5157aed4f6ad,0,balance,12001907
polygon-zkevm:0x9afdab8f7746528033b1fe2f568c5157aed4f6ad:SMT_KEY:1,0x9afdab8f7746528033b1fe2f568c5157aed4f6ad,1,nonce,12001907
polygon-zkevm:0x9afdab8f7746528033b1fe2f568c5157aed4f6ad:SMT_KEY:2,0x9afdab8f7746528033b1fe2f568c5157aed4f6ad,2,code_hash,12001907
polygon-zkevm:0x9afdab8f7746528033b1fe2f568c5157aed4f6ad:SMT_KEY:4,0x9afdab8f7746528033b1fe2f568c5157aed4f6ad,4,code_hash_length,12001907
polygon-zkevm:0x3f04d7a7297d5535595ee0a30071008b54e62a03:SMT_KEY:0,0x3f04d7a7297d5535595ee0a30071008b54e62a03,0,balance,12001917
polygon-zkevm:0x3f04d7a7297d5535595ee0a30071008b54e62a03:SMT_KEY:1,0x3f04d7a7297d5535595ee0a30071008b54e62a03,1,nonce,12001917
polygon-zkevm:0x3f04d7a7297d5535595ee0a30071008b54e62a03:SMT_KEY:2,0x3f04d7a7297d5535595ee0a30071008b54e62a03,2,code_hash,12001917
polygon-zkevm:0x3f04d7a7297d5535595ee0a30071008b54e62a03:SMT_KEY:4,0x3f04d7a7297d5535595ee0a30071008b54e62a03,4,code_hash_length,12001917
polygon-zkevm:0x45b3b34b53d7eb530a9eaa5a707f8217f326bbec:SMT_KEY:0,0x45b3b34b53d7eb530a9eaa5a707f8217f326bbec,0,balance,12001917
polygon-zkevm:0x45b3b34b53d7eb530a9eaa5a707f8217f326bbec:SMT_KEY:1,0x45b3b34b53d7eb530a9eaa5a707f8217f326bbec,1,nonce,12001917
polygon-zkevm:0x45b3b34b53d7eb530a9eaa5a707f8217f326bbec:SMT_KEY:2,0x45b3b34b53d7eb530a9eaa5a707f8217f326bbec,2,code_hash,12001917
polygon-zkevm:0x45b3b34b53d7eb530a9eaa5a707f8217f326bbec:SMT_KEY:4,0x45b3b34b53d7eb530a9eaa5a707f8217f326bbec,4,code_hash_length,12001917
polygon-zkevm:0x635fed9fb6764cf8ee6416e5d554c93f773dbb9f:SMT_KEY:0,0x635fed9fb6764cf8ee6416e5d554c93f773dbb9f,0,balance,12001917
polygon-zkevm:0x635fed9fb6764cf8ee6416e5d554c93f773dbb9f:SMT_KEY:1,0x635fed9fb6764cf8ee6416e5d554c93f773dbb9f,1,nonce,12001917
polygon-zkevm:0x635fed9fb6764cf8ee6416e5d554c93f773dbb9f:SMT_KEY:2,0x635fed9fb6764cf8ee6416e5d554c93f773dbb9f,2,code_hash,12001917
polygon-zkevm:0x635fed9fb6764cf8ee6416e5d554c93f773dbb9f:SMT_KEY:4,0x635fed9fb6764cf8ee6416e5d554c93f773dbb9f,4,code_hash_length,12001917
polygon-zkevm:0x2b874b1fc0139c871d2a6e827839275e1a525b2a:SMT_KEY:0,0x2b874b1fc0139c871d2a6e827839275e1a525b2a,0,balance,12001927
polygon-zkevm:0x2b874b1fc0139c871d2a6e827839275e1a525b2a:SMT_KEY:1,0x2b874b1fc0139c871d2a6e827839275e1a525b2a,1,nonce,12001927
polygon-zkevm:0x2b874b1fc0139c871d2a6e827839275e1a525b2a:SMT_KEY:2,0x2b874b1fc0139c871d2a6e827839275e1a525b2a,2,code_hash,12001927
polygon-zkevm:0x2b874b1fc0139c871d2a6e827839275e1a525b2a:SMT_KEY:4,0x2b874b1fc0139c871d2a6e827839275e1a525b2a,4,code_hash_length,12001927
polygon-zkevm:0x8f66454d51302a764ecb9249d0e5df2e120ffc12:SMT_KEY:0,0x8f66454d51302a764ecb9249d0e5df2e120ffc12,0,balance,12001927
polygon-zkevm:0x8f66454d51302a764ecb9249d0e5df2e120ffc12:SMT_KEY:1,0x8f66454d51302a764ecb9249d0e5df2e120ffc12,1,nonce,12001927
polygon-zkevm:0x8f66454d51302a764ecb9249d0e5df2e120ffc12:SMT_KEY:2,0x8f66454d51302a764ecb9249d0e5df2e120ffc12,2,code_hash,12001927
polygon-zkevm:0x8f66454d51302a764ecb9249d0e5df2e120ffc12:SMT_KEY:4,0x8f66454d51302a764ecb9249d0e5df2e120ffc12,4,code_hash_length,12001927
polygon-zkevm:0x639c0e5bf82dced5cacd13e4e5b96bc8147deff3:SMT_KEY:0,0x639c0e5bf82dced5cacd13e4e5b96bc8147deff3,0,balance,12001937
polygon-zkevm:0x639c0e5bf82dced5cacd13e4e5b96bc8147deff3:SMT_KEY:1,0x639c0e5bf82dced5cacd13e4e5b96bc8147deff3,1,nonce,12001937
polygon-zkevm:0x639c0e5bf82dced5cacd13e4e5b96bc8147deff3:SMT_KEY:2,0x639c0e5bf82dced5cacd13e4e5b96bc8147deff3,2,code_hash,12001937
polygon-zkevm:0x639c0e5bf82dced5cacd13e4e5b96bc8147deff3:SMT_KEY:4,0x639c0e5bf82dced5cacd13e4e5b96bc8147deff3,4,code_hash_length,12001937
polygon-zkevm:0xf74c600639cc55289c46c966cd50d74f10863f1b:SMT_KEY:0,0xf74c600639cc55289c46c966cd50d74f10863f1b,0,balance,12001947
polygon-zkevm:0xf74c600639cc55289c46c966cd50d74f10863f1b:SMT_KEY:1,0xf74c600639cc55289c46c966cd50d74f10863f1b,1,nonce,12001947
polygon-zkevm:0xf74c600639cc55289c46c966cd50d74f10863f1b:SMT_KEY:2,0xf74c600639cc55289c46c966cd50d74f10863f1b,2,code_hash,12001947
polygon-zkevm:0xf74c600639cc55289c46c966cd50d74f10863f1b:SMT_KEY:4,0xf74c600639cc55289c46c966cd50d74f10863f1b,4,code_hash_length,12001947
polygon-zkevm:0xd5dbb9e213545a4d8248d671bfcf6e5fa6e72faf:SMT_KEY:0,0xd5dbb9e213545a4d8248d671bfcf6e5fa6e72faf,0,balance,12001977
polygon-zkevm:0xd5dbb9e213545a4d8248d671bfcf6e5fa6e72faf:SMT_KEY:1,0xd5dbb9e213545a4d8248d671bfcf6e5fa6e72faf,1,nonce,12001977
polygon-zkevm:0xd5dbb9e213545a4d8248d671bfcf6e5fa6e72faf:SMT_KEY:2,0xd5dbb9e213545a4d8248d671bfcf6e5fa6e72faf,2,code_hash,12001977
polygon-zkevm:0xd5dbb9e213545a4d8248d671bfcf6e5fa6e72faf:SMT_KEY:4,0xd5dbb9e213545a4d8248d671bfcf6e5fa6e72faf,4,code_hash_length,12001977
polygon-zkevm:0x9a66644084108a1bc23a9ccd50d6d63e53098db6:SMT_KEY:0,0x9a66644084108a1bc23a9ccd50d6d63e53098db6,0,balance,12002017
polygon-zkevm:0x9a66644084108a1bc23a9ccd50d6d63e53098db6:SMT_KEY:1,0x9a66644084108a1bc23a9ccd50d6d63e53098db6,1,nonce,12002017
polygon-zkevm:0x9a66644084108a1bc23a9ccd50d6d63e53098db6:SMT_KEY:2,0x9a66644084108a1bc23a9ccd50d6d63e53098db6,2,code_hash,12002017
polygon-zkevm:0x9a66644084108a1bc23a9ccd50d6d63e53098db6:SMT_KEY:4,0x9a66644084108a1bc23a9ccd50d6d63e53098db6,4,code_hash_length,12002017
polygon-zkevm:0x29ccd4879b0b483e37a243aa9da0b7c73d43009f:SMT_KEY:0,0x29ccd4879b0b483e37a243aa9da0b7c73d43009f,0,balance,12002047
polygon-zkevm:0x29ccd4879b0b483e37a243aa9da0b7c73d43009f:SMT_KEY:1,0x29ccd4879b0b483e37a243aa9da0b7c73d43009f,1,nonce,12002047
polygon-zkevm:0x29ccd4879b0b483e37a243aa9da0b7c73d43009f:SMT_KEY:2,0x29ccd4879b0b483e37a243aa9da0b7c73d43009f,2,code_hash,12002047
polygon-zkevm:0x29ccd4879b0b483e37a243aa9da0b7c73d43009f:SMT_KEY:4,0x29ccd4879b0b483e37a243aa9da0b7c73d43009f,4,code_hash_length,12002047
polygon-zkevm:0x6d8c696c1b0768fc4c9222b95733b5d29493dc23:SMT_KEY:0,0x6d8c696c1b0768fc4c9222b95733b5d29493dc23,0,balance,12002047
polygon-zkevm:0x6d8c696c1b0768fc4c9222b95733b5d29493dc23:SMT_KEY:1,0x6d8c696c1b0768fc4c9222b95733b5d29493dc23,1,nonce,12002047
polygon-zkevm:0x6d8c696c1b0768fc4c9222b95733b5d29493dc23:SMT_KEY:2,0x6d8c696c1b0768fc4c9222b95733b5d29493dc23,2,code_hash,12002047
polygon-zkevm:0x6d8c696c1b0768fc4c9222b95733b5d29493dc23:SMT_KEY:4,0x6d8c696c1b0768fc4c9222b95733b5d29493dc23,4,code_hash_length,12002047
polygon-zkevm:0xe4dad51806277cdcd637e2d02179ad3586ad43cd:SMT_KEY:0,0xe4dad51806277cdcd637e2d02179ad3586ad43cd,0,balance,12002047
polygon-zkevm:0xe4dad51806277cdcd637e2d02179ad3586ad43cd:SMT_KEY:1,0xe4dad51806277cdcd637e2d02179ad3586ad43cd,1,nonce,12002047
polygon-zkevm:0xe4dad51806277cdcd637e2d02179ad3586ad43cd:SMT_KEY:2,0xe4dad51806277cdcd637e2d02179ad3586ad43cd,2,code_hash,12002047
polygon-zkevm:0xe4dad51806277cdcd637e2d02179ad3586ad43cd:SMT_KEY:4,0xe4dad51806277cdcd637e2d02179ad3586ad43cd,4,code_hash_length,12002047
polygon-zkevm:0x678aec0675ad24f554e2112a90a89dd0290f02ce:SMT_KEY:0,0x678aec0675ad24f554e2112a90a89dd0290f02ce,0,balance,12002067
polygon-zkevm:0x678aec0675ad24f554e2112a90a89dd0290f02ce:SMT_KEY:1,0x678aec0675ad24f554e2112a90a89dd0290f02ce,1,nonce,12002067
polygon-zkevm:0x678aec0675ad24f554e2112a90a89dd0290f02ce:SMT_KEY:2,0x678aec0675ad24f554e2112a90a89dd0290f02ce,2,code_hash,12002067
polygon-zkevm:0x678aec0675ad24f554e2112a90a89dd0290f02ce:SMT_KEY:4,0x678aec0675ad24f554e2112a90a89dd0290f02ce,4,code_hash_length,12002067
polygon-zkevm:0x89ea43908455b6021167482c82d0cebc31dbc2f7:SMT_KEY:0,0x89ea43908455b6021167482c82d0cebc31dbc2f7,0,balance,12002067
polygon-zkevm:0x89ea43908455b6021167482c82d0cebc31dbc2f7:SMT_KEY:1,0x89ea43908455b6021167482c82d0cebc31dbc2f7,1,nonce,12002067
polygon-zkevm:0x89ea43908455b6021167482c82d0cebc31dbc2f7:SMT_KEY:2,0x89ea43908455b6021167482c82d0cebc31dbc2f7,2,code_hash,12002067
polygon-zkevm:0x89ea43908455b6021167482c82d0cebc31dbc2f7:SMT_KEY:4,0x89ea43908455b6021167482c82d0cebc31dbc2f7,4,code_hash_length,12002067
polygon-zkevm:0xf7bfbe133da945859e429243024a8516f0060ba2:SMT_KEY:0,0xf7bfbe133da945859e429243024a8516f0060ba2,0,balance,12002097
polygon-zkevm:0xf7bfbe133da945859e429243024a8516f0060ba2:SMT_KEY:1,0xf7bfbe133da945859e429243024a8516f0060ba2,1,nonce,12002097
polygon-zkevm:0xf7bfbe133da945859e429243024a8516f0060ba2:SMT_KEY:2,0xf7bfbe133da945859e429243024a8516f0060ba2,2,code_hash,12002097
polygon-zkevm:0xf7bfbe133da945859e429243024a8516f0060ba2:SMT_KEY:4,0xf7bfbe133da945859e429243024a8516f0060ba2,4,code_hash_length,12002097
polygon-zkevm:0x839c027218686f6bf5a63c46325548d9be4dd85d:SMT_KEY:0,0x839c027218686f6bf5a63c46325548d9be4dd85d,0,balance,12002137
polygon-zkevm:0x839c027218686f6bf5a63c46325548d9be4dd85d:SMT_KEY:1,0x839c027218686f6bf5a63c46325548d9be4dd85d,1,nonce,12002137
polygon-zkevm:0x839c027218686f6bf5a63c46325548d9be4dd85d:SMT_KEY:2,0x839c027218686f6bf5a63c46325548d9be4dd85d,2,code_hash,12002137
polygon-zkevm:0x839c027218686f6bf5a63c46325548d9be4dd85d:SMT_KEY:4,0x839c027218686f6bf5a63c46325548d9be4dd85d,4,code_hash_length,12002137
polygon-zkevm:0x2098bf8e4afa9d5a73152e66cbb647e1194f9a43:SMT_KEY:0,0x2098bf8e4afa9d5a73152e66cbb647e1194f9a43,0,balance,12002147
polygon-zkevm:0x2098bf8e4afa9d5a73152e66cbb647e1194f9a43:SMT_KEY:1,0x2098bf8e4afa9d5a73152e66cbb647e1194f9a43,1,nonce,12002147
polygon-zkevm:0x2098bf8e4afa9d5a73152e66cbb647e1194f9a43:SMT_KEY:2,0x2098bf8e4afa9d5a73152e66cbb647e1194f9a43,2,code_hash,12002147
polygon-zkevm:0x2098bf8e4afa9d5a73152e66cbb647e1194f9a43:SMT_KEY:4,0x2098bf8e4afa9d5a73152e66cbb647e1194f9a43,4,code_hash_length,12002147
polygon-zkevm:0x6d956721f28b5b88c8bf7dbb1dca58101625081a:SMT_KEY:0,0x6d956721f28b5b88c8bf7dbb1dca58101625081a,0,balance,12002167
polygon-zkevm:0x6d956721f28b5b88c8bf7dbb1dca58101625081a:SMT_KEY:1,0x6d956721f28b5b88c8bf7dbb1dca58101625081a,1,nonce,12002167
polygon-zkevm:0x6d956721f28b5b88c8bf7dbb1dca58101625081a:SMT_KEY:2,0x6d956721f28b5b88c8bf7dbb1dca58101625081a,2,code_hash,12002167
polygon-zkevm:0x6d956721f28b5b88c8bf7dbb1dca58101625081a:SMT_KEY:4,0x6d956721f28b5b88c8bf7dbb1dca58101625081a,4,code_hash_length,12002167
polygon-zkevm:0xca063cc642797a955e9a9066f41f714567af6e6c:SMT_KEY:0,0xca063cc642797a955e9a9066f41f714567af6e6c,0,balance,12002187
polygon-zkevm:0xca063cc642797a955e9a9066f41f714567af6e6c:SMT_KEY:1,0xca063cc642797a955e9a9066f41f714567af6e6c,1,nonce,12002187
polygon-zkevm:0xca063cc642797a955e9a9066f41f714567af6e6c:SMT_KEY:2,0xca063cc642797a955e9a9066f41f714567af6e6c,2,code_hash,12002187
polygon-zkevm:0xca063cc642797a955e9a9066f41f714567af6e6c:SMT_KEY:4,0xca063cc642797a955e9a9066f41f714567af6e6c,4,code_hash_length,12002187
polygon-zkevm:0xcabf0b8cc4e81c505756e7e420b775a737478d74:SMT_KEY:0,0xcabf0b8cc4e81c505756e7e420b775a737478d74,0,balance,12002187
polygon-zkevm:0xcabf0b8cc4e81c505756e7e420b775a737478d74:SMT_KEY:1,0xcabf0b8cc4e81c505756e7e420b775a737478d74,1,nonce,12002187
polygon-zkevm:0xcabf0b8cc4e81c505756e7e420b775a737478d74:SMT_KEY:2,0xcabf0b8cc4e81c505756e7e420b775a737478d74,2,code_hash,12002187
polygon-zkevm:0xcabf0b8cc4e81c505756e7e420b775a737478d74:SMT_KEY:4,0xcabf0b8cc4e81c505756e7e420b775a737478d74,4,code_hash_length,12002187
polygon-zkevm:0xb8fbc6e2d113228f961e52c3bd23a70781b3786b:SMT_KEY:0,0xb8fbc6e2d113228f961e52c3bd23a70781b3786b,0,balance,12002197
polygon-zkevm:0xb8fbc6e2d113228f961e52c3bd23a70781b3786b:SMT_KEY:1,0xb8fbc6e2d113228f961e52c3bd23a70781b3786b,1,nonce,12002197
polygon-zkevm:0xb8fbc6e2d113228f961e52c3bd23a70781b3786b:SMT_KEY:2,0xb8fbc6e2d113228f961e52c3bd23a70781b3786b,2,code_hash,12002197
polygon-zkevm:0xb8fbc6e2d113228f961e52c3bd23a70781b3786b:SMT_KEY:4,0xb8fbc6e2d113228f961e52c3bd23a70781b3786b,4,code_hash_length,12002197
polygon-zkevm:0x6c480a100eeed2e0e64f66392c396c57a91527ee:SMT_KEY:0,0x6c480a100eeed2e0e64f66392c396c57a91527ee,0,balance,12002207
polygon-zkevm:0x6c480a100eeed2e0e64f66392c396c57a91527ee:SMT_KEY:1,0x6c480a100eeed2e0e64f66392c396c57a91527ee,1,nonce,12002207
polygon-zkevm:0x6c480a100eeed2e0e64f66392c396c57a91527ee:SMT_KEY:2,0x6c480a100eeed2e0e64f66392c396c57a91527ee,2,code_hash,12002207
polygon-zkevm:0x6c480a100eeed2e0e64f66392c396c57a91527ee:SMT_KEY:4,0x6c480a100eeed2e0e64f66392c396c57a91527ee,4,code_hash_length,12002207
polygon-zkevm:0x339d413ccefd986b1b3647a9cfa9cbbe70a30749:SMT_KEY:0,0x339d413ccefd986b1b3647a9cfa9cbbe70a30749,0,balance,12002317
polygon-zkevm:0x339d413ccefd986b1b3647a9cfa9cbbe70a30749:SMT_KEY:1,0x339d413ccefd986b1b3647a9cfa9cbbe70a30749,1,nonce,12002317
polygon-zkevm:0x339d413ccefd986b1b3647a9cfa9cbbe70a30749:SMT_KEY:2,0x339d413ccefd986b1b3647a9cfa9cbbe70a30749,2,code_hash,12002317
polygon-zkevm:0x339d413ccefd986b1b3647a9cfa9cbbe70a30749:SMT_KEY:4,0x339d413ccefd986b1b3647a9cfa9cbbe70a30749,4,code_hash_length,12002317
polygon-zkevm:0x5eb6b3db915d29fc624b8a0e42ac029e36a1d86b:SMT_KEY:0,0x5eb6b3db915d29fc624b8a0e42ac029e36a1d86b,0,balance,12002317
polygon-zkevm:0x5eb6b3db915d29fc624b8a0e42ac029e36a1d86b:SMT_KEY:1,0x5eb6b3db915d29fc624b8a0e42ac029e36a1d86b,1,nonce,12002317
polygon-zkevm:0x5eb6b3db915d29fc624b8a0e42ac029e36a1d86b:SMT_KEY:2,0x5eb6b3db915d29fc624b8a0e42ac029e36a1d86b,2,code_hash,12002317
polygon-zkevm:0x5eb6b3db915d29fc624b8a0e42ac029e36a1d86b:SMT_KEY:4,0x5eb6b3db915d29fc624b8a0e42ac029e36a1d86b,4,code_hash_length,12002317
polygon-zkevm:0xc16b76c25b60e5970ace61c719ca263133ccc1b3:SMT_KEY:0,0xc16b76c25b60e5970ace61c719ca263133ccc1b3,0,balance,12002337
polygon-zkevm:0xc16b76c25b60e5970ace61c719ca263133ccc1b3:SMT_KEY:1,0xc16b76c25b60e5970ace61c719ca263133ccc1b3,1,nonce,12002337
polygon-zkevm:0xc16b76c25b60e5970ace61c719ca263133ccc1b3:SMT_KEY:2,0xc16b76c25b60e5970ace61c719ca263133ccc1b3,2,code_hash,12002337
polygon-zkevm:0xc16b76c25b60e5970ace61c719ca263133ccc1b3:SMT_KEY:4,0xc16b76c25b60e5970ace61c719ca263133ccc1b3,4,code_hash_length,12002337
polygon-zkevm:0x4f6e39732519f4d1f6711a698dc7a3d03bfa8c71:SMT_KEY:0,0x4f6e39732519f4d1f6711a698dc7a3d03bfa8c71,0,balance,12002347
polygon-zkevm:0x4f6e39732519f4d1f6711a698dc7a3d03bfa8c71:SMT_KEY:1,0x4f6e39732519f4d1f6711a698dc7a3d03bfa8c71,1,nonce,12002347
polygon-zkevm:0x4f6e39732519f4d1f6711a698dc7a3d03bfa8c71:SMT_KEY:2,0x4f6e39732519f4d1f6711a698dc7a3d03bfa8c71,2,code_hash,12002347
polygon-zkevm:0x4f6e39732519f4d1f6711a698dc7a3d03bfa8c71:SMT_KEY:4,0x4f6e39732519f4d1f6711a698dc7a3d03bfa8c71,4,code_hash_length,12002347
polygon-zkevm:0xc5015b9d9161dca7e18e32f6f25c4ad850731fd4:SMT_KEY:0,0xc5015b9d9161dca7e18e32f6f25c4ad850731fd4,0,balance,12002347
polygon-zkevm:0xc5015b9d9161dca7e18e32f6f25c4ad850731fd4:SMT_KEY:1,0xc5015b9d9161dca7e18e32f6f25c4ad850731fd4,1,nonce,12002347
polygon-zkevm:0xc5015b9d9161dca7e18e32f6f25c4ad850731fd4:SMT_KEY:2,0xc5015b9d9161dca7e18e32f6f25c4ad850731fd4,2,code_hash,12002347
polygon-zkevm:0xc5015b9d9161dca7e18e32f6f25c4ad850731fd4:SMT_KEY:4,0xc5015b9d9161dca7e18e32f6f25c4ad850731fd4,4,code_hash_length,12002347
polygon-zkevm:0x74cae0ecc47b02ed9b9d32e000fd70b9417970c5:SMT_KEY:0,0x74cae0ecc47b02ed9b9d32e000fd70b9417970c5,0,balance,12002357
polygon-zkevm:0x74cae0ecc47b02ed9b9d32e000fd70b9417970c5:SMT_KEY:1,0x74cae0ecc47b02ed9b9d32e000fd70b9417970c5,1,nonce,12002357
polygon-zkevm:0x74cae0ecc47b02ed9b9d32e000fd70b9417970c5:SMT_KEY:2,0x74cae0ecc47b02ed9b9d32e000fd70b9417970c5,2,code_hash,12002357
polygon-zkevm:0x74cae0ecc47b02ed9b9d32e000fd70b9417970c5:SMT_KEY:4,0x74cae0ecc47b02ed9b9d32e000fd70b9417970c5,4,code_hash_length,12002357
polygon-zkevm:0x3d18bfb2df52e4a4232404973b27551c86335d93:SMT_KEY:0,0x3d18bfb2df52e4a4232404973b27551c86335d93,0,balance,12002367
polygon-zkevm:0x3d18bfb2df52e4a4232404973b27551c86335d93:SMT_KEY:1,0x3d18bfb2df52e4a4232404973b27551c86335d93,1,nonce,12002367
polygon-zkevm:0x3d18bfb2df52e4a4232404973b27551c86335d93:SMT_KEY:2,0x3d18bfb2df52e4a4232404973b27551c86335d93,2,code_hash,12002367
polygon-zkevm:0x3d18bfb2df52e4a4232404973b27551c86335d93:SMT_KEY:4,0x3d18bfb2df52e4a4232404973b27551c86335d93,4,code_hash_length,12002367
polygon-zkevm:0x52bfe8fe06c8197a8e3dcce57ce012e13a7315eb:SMT_KEY:0,0x52bfe8fe06c8197a8e3dcce57ce012e13a7315eb,0,balance,12002367
polygon-zkevm:0x52bfe8fe06c8197a8e3dcce57ce012e13a7315eb:SMT_KEY:1,0x52bfe8fe06c8197a8e3dcce57ce012e13a7315eb,1,nonce,12002367
polygon-zkevm:0x52bfe8fe06c8197a8e3dcce57ce012e13a7315eb:SMT_KEY:2,0x52bfe8fe06c8197a8e3dcce57ce012e13a7315eb,2,code_hash,12002367
polygon-zkevm:0x52bfe8fe06c8197a8e3dcce57ce012e13a7315eb:SMT_KEY:4,0x52bfe8fe06c8197a8e3dcce57ce012e13a7315eb,4,code_hash_length,12002367
polygon-zkevm:0xd6242960d6c232b68845453625e581dedb51c1ac:SMT_KEY:0,0xd6242960d6c232b68845453625e581dedb51c1ac,0,balance,12002367
polygon-zkevm:0xd6242960d6c232b68845453625e581dedb51c1ac:SMT_KEY:1,0xd6242960d6c232b68845453625e581dedb51c1ac,1,nonce,12002367
polygon-zkevm:0xd6242960d6c232b68845453625e581dedb51c1ac:SMT_KEY:2,0xd6242960d6c232b68845453625e581dedb51c1ac,2,code_hash,12002367
polygon-zkevm:0xd6242960d6c232b68845453625e581dedb51c1ac:SMT_KEY:4,0xd6242960d6c232b68845453625e581dedb51c1ac,4,code_hash_length,12002367
polygon-zkevm:0x224666e416479a97aa76d77285be8443a35bff04:SMT_KEY:0,0x224666e416479a97aa76d77285be8443a35bff04,0,balance,12002397
polygon-zkevm:0x224666e416479a97aa76d77285be8443a35bff04:SMT_KEY:1,0x224666e416479a97aa76d77285be8443a35bff04,1,nonce,12002397
polygon-zkevm:0x224666e416479a97aa76d77285be8443a35bff04:SMT_KEY:2,0x224666e416479a97aa76d77285be8443a35bff04,2,code_hash,12002397
polygon-zkevm:0x224666e416479a97aa76d77285be8443a35bff04:SMT_KEY:4,0x224666e416479a97aa76d77285be8443a35bff04,4,code_hash_length,12002397
polygon-zkevm:0x510281e06424f99004490f825bf1237332221f89:SMT_KEY:0,0x510281e06424f99004490f825bf1237332221f89,0,balance,12002487
polygon-zkevm:0x510281e06424f99004490f825bf1237332221f89:SMT_KEY:1,0x510281e06424f99004490f825bf1237332221f89,1,nonce,12002487
polygon-zkevm:0x510281e06424f99004490f825bf1237332221f89:SMT_KEY:2,0x510281e06424f99004490f825bf1237332221f89,2,code_hash,12002487
polygon-zkevm:0x510281e06424f99004490f825bf1237332221f89:SMT_KEY:4,0x510281e06424f99004490f825bf1237332221f89,4,code_hash_length,12002487
polygon-zkevm:0x18c3f240482d51ae9a38f590cc72f2ffe4a9a9af:SMT_KEY:0,0x18c3f240482d51ae9a38f590cc72f2ffe4a9a9af,0,balance,12002507
polygon-zkevm:0x18c3f240482d51ae9a38f590cc72f2ffe4a9a9af:SMT_KEY:1,0x18c3f240482d51ae9a38f590cc72f2ffe4a9a9af,1,nonce,12002507
polygon-zkevm:0x18c3f240482d51ae9a38f590cc72f2ffe4a9a9af:SMT_KEY:2,0x18c3f240482d51ae9a38f590cc72f2ffe4a9a9af,2,code_hash,12002507
polygon-zkevm:0x18c3f240482d51ae9a38f590cc72f2ffe4a9a9af:SMT_KEY:4,0x18c3f240482d51ae9a38f590cc72f2ffe4a9a9af,4,code_hash_length,12002507
polygon-zkevm:0x7dc59896e2d2117cfa10ee52fc9fe0f692b36ae3:SMT_KEY:0,0x7dc59896e2d2117cfa10ee52fc9fe0f692b36ae3,0,balance,12002507
polygon-zkevm:0x7dc59896e2d2117cfa10ee52fc9fe0f692b36ae3:SMT_KEY:1,0x7dc59896e2d2117cfa10ee52fc9fe0f692b36ae3,1,nonce,12002507
polygon-zkevm:0x7dc59896e2d2117cfa10ee52fc9fe0f692b36ae3:SMT_KEY:2,0x7dc59896e2d2117cfa10ee52fc9fe0f692b36ae3,2,code_hash,12002507
polygon-zkevm:0x7dc59896e2d2117cfa10ee52fc9fe0f692b36ae3:SMT_KEY:4,0x7dc59896e2d2117cfa10ee52fc9fe0f692b36ae3,4,code_hash_length,12002507
polygon-zkevm:0x1daa4f9e8f68b71541ed4eb08f496c8e591a6bb5:SMT_KEY:0,0x1daa4f9e8f68b71541ed4eb08f496c8e591a6bb5,0,balance,12002557
polygon-zkevm:0x1daa4f9e8f68b71541ed4eb08f496c8e591a6bb5:SMT_KEY:1,0x1daa4f9e8f68b71541ed4eb08f496c8e591a6bb5,1,nonce,12002557
polygon-zkevm:0x1daa4f9e8f68b71541ed4eb08f496c8e591a6bb5:SMT_KEY:2,0x1daa4f9e8f68b71541ed4eb08f496c8e591a6bb5,2,code_hash,12002557
polygon-zkevm:0x1daa4f9e8f68b71541ed4eb08f496c8e591a6bb5:SMT_KEY:4,0x1daa4f9e8f68b71541ed4eb08f496c8e591a6bb5,4,code_hash_length,12002557
polygon-zkevm:0x8ff6508bdd71b535df073920c423e9eaee0b97af:SMT_KEY:0,0x8ff6508bdd71b535df073920c423e9eaee0b97af,0,balance,12002557
polygon-zkevm:0x8ff6508bdd71b535df073920c423e9eaee0b97af:SMT_KEY:1,0x8ff6508bdd71b535df073920c423e9eaee0b97af,1,nonce,12002557
polygon-zkevm:0x8ff6508bdd71b535df073920c423e9eaee0b97af:SMT_KEY:2,0x8ff6508bdd71b535df073920c423e9eaee0b97af,2,code_hash,12002557
polygon-zkevm:0x8ff6508bdd71b535df073920c423e9eaee0b97af:SMT_KEY:4,0x8ff6508bdd71b535df073920c423e9eaee0b97af,4,code_hash_length,12002557
polygon-zkevm:0x7638f0279d679af2c01718e3ce8e4b112a3780c4:SMT_KEY:0,0x7638f0279d679af2c01718e3ce8e4b112a3780c4,0,balance,12002567
polygon-zkevm:0x7638f0279d679af2c01718e3ce8e4b112a3780c4:SMT_KEY:1,0x7638f0279d679af2c01718e3ce8e4b112a3780c4,1,nonce,12002567
polygon-zkevm:0x7638f0279d679af2c01718e3ce8e4b112a3780c4:SMT_KEY:2,0x7638f0279d679af2c01718e3ce8e4b112a3780c4,2,code_hash,12002567
polygon-zkevm:0x7638f0279d679af2c01718e3ce8e4b112a3780c4:SMT_KEY:4,0x7638f0279d679af2c01718e3ce8e4b112a3780c4,4,code_hash_length,12002567
polygon-zkevm:0x5c981bbc7d31f546bfd5d490b26f1ce7e47b6e74:SMT_KEY:0,0x5c981bbc7d31f546bfd5d490b26f1ce7e47b6e74,0,balance,12002577
polygon-zkevm:0x5c981bbc7d31f546bfd5d490b26f1ce7e47b6e74:SMT_KEY:1,0x5c981bbc7d31f546bfd5d490b26f1ce7e47b6e74,1,nonce,12002577
polygon-zkevm:0x5c981bbc7d31f546bfd5d490b26f1ce7e47b6e74:SMT_KEY:2,0x5c981bbc7d31f546bfd5d490b26f1ce7e47b6e74,2,code_hash,12002577
polygon-zkevm:0x5c981bbc7d31f546bfd5d490b26f1ce7e47b6e74:SMT_KEY:4,0x5c981bbc7d31f546bfd5d490b26f1ce7e47b6e74,4,code_hash_length,12002577
polygon-zkevm:0x88ef131fe3158a67443d76e8da5f3055277632fd:SMT_KEY:0,0x88ef131fe3158a67443d76e8da5f3055277632fd,0,balance,12002587
polygon-zkevm:0x88ef131fe3158a67443d76e8da5f3055277632fd:SMT_KEY:1,0x88ef131fe3158a67443d76e8da5f3055277632fd,1,nonce,12002587
polygon-zkevm:0x88ef131fe3158a67443d76e8da5f3055277632fd:SMT_KEY:2,0x88ef131fe3158a67443d76e8da5f3055277632fd,2,code_hash,12002587
polygon-zkevm:0x88ef131fe3158a67443d76e8da5f3055277632fd:SMT_KEY:4,0x88ef131fe3158a67443d76e8da5f3055277632fd,4,code_hash_length,12002587
polygon-zkevm:0x094890edad05c0ee51deab79f995d57dfc09eb99:SMT_KEY:0,0x094890edad05c0ee51deab79f995d57dfc09eb99,0,balance,12002597
polygon-zkevm:0x094890edad05c0ee51deab79f995d57dfc09eb99:SMT_KEY:1,0x094890edad05c0ee51deab79f995d57dfc09eb99,1,nonce,12002597
polygon-zkevm:0x094890edad05c0ee51deab79f995d57dfc09eb99:SMT_KEY:2,0x094890edad05c0ee51deab79f995d57dfc09eb99,2,code_hash,12002597
polygon-zkevm:0x094890edad05c0ee51deab79f995d57dfc09eb99:SMT_KEY:4,0x094890edad05c0ee51deab79f995d57dfc09eb99,4,code_hash_length,12002597
polygon-zkevm:0xae7e6984085a24d594213e4905e5da224dfa064d:SMT_KEY:0,0xae7e6984085a24d594213e4905e5da224dfa064d,0,balance,12002607
polygon-zkevm:0xae7e6984085a24d594213e4905e5da224dfa064d:SMT_KEY:1,0xae7e6984085a24d594213e4905e5da224dfa064d,1,nonce,12002607
polygon-zkevm:0xae7e6984085a24d594213e4905e5da224dfa064d:SMT_KEY:2,0xae7e6984085a24d594213e4905e5da224dfa064d,2,code_hash,12002607
polygon-zkevm:0xae7e6984085a24d594213e4905e5da224dfa064d:SMT_KEY:4,0xae7e6984085a24d594213e4905e5da224dfa064d,4,code_hash_length,12002607
polygon-zkevm:0xf39ff1e8781c0cc7c714b78d73630f6b9ddddd5f:SMT_KEY:0,0xf39ff1e8781c0cc7c714b78d73630f6b9ddddd5f,0,balance,12002607
polygon-zkevm:0xf39ff1e8781c0cc7c714b78d73630f6b9ddddd5f:SMT_KEY:1,0xf39ff1e8781c0cc7c714b78d73630f6b9ddddd5f,1,nonce,12002607
polygon-zkevm:0xf39ff1e8781c0cc7c714b78d73630f6b9ddddd5f:SMT_KEY:2,0xf39ff1e8781c0cc7c714b78d73630f6b9ddddd5f,2,code_hash,12002607
polygon-zkevm:0xf39ff1e8781c0cc7c714b78d73630f6b9ddddd5f:SMT_KEY:4,0xf39ff1e8781c0cc7c714b78d73630f6b9ddddd5f,4,code_hash_length,12002607
polygon-zkevm:0x9fe77412aa5c6ba67ff3095bbc534884f9a61a38:SMT_KEY:0,0x9fe77412aa5c6ba67ff3095bbc534884f9a61a38,0,balance,12002617
polygon-zkevm:0x9fe77412aa5c6ba67ff3095bbc534884f9a61a38:SMT_KEY:1,0x9fe77412aa5c6ba67ff3095bbc534884f9a61a38,1,nonce,12002617
polygon-zkevm:0x9fe77412aa5c6ba67ff3095bbc534884f9a61a38:SMT_KEY:2,0x9fe77412aa5c6ba67ff3095bbc534884f9a61a38,2,code_hash,12002617
polygon-zkevm:0x9fe77412aa5c6ba67ff3095bbc534884f9a61a38:SMT_KEY:4,0x9fe77412aa5c6ba67ff3095bbc534884f9a61a38,4,code_hash_length,12002617
polygon-zkevm:0xabfb07f25f0a424f8d117013fb3f5dd0b39328b6:SMT_KEY:0,0xabfb07f25f0a424f8d117013fb3f5dd0b39328b6,0,balance,12002617
polygon-zkevm:0xabfb07f25f0a424f8d117013fb3f5dd0b39328b6:SMT_KEY:1,0xabfb07f25f0a424f8d117013fb3f5dd0b39328b6,1,nonce,12002617
polygon-zkevm:0xabfb07f25f0a424f8d117013fb3f5dd0b39328b6:SMT_KEY:2,0xabfb07f25f0a424f8d117013fb3f5dd0b39328b6,2,code_hash,12002617
polygon-zkevm:0xabfb07f25f0a424f8d117013fb3f5dd0b39328b6:SMT_KEY:4,0xabfb07f25f0a424f8d117013fb3f5dd0b39328b6,4,code_hash_length,12002617
polygon-zkevm:0xca89dd379d575691ca2225d1623f2413fb4f70d6:SMT_KEY:0,0xca89dd379d575691ca2225d1623f2413fb4f70d6,0,balance,12002617
polygon-zkevm:0xca89dd379d575691ca2225d1623f2413fb4f70d6:SMT_KEY:1,0xca89dd379d575691ca2225d1623f2413fb4f70d6,1,nonce,12002617
polygon-zkevm:0xca89dd379d575691ca2225d1623f2413fb4f70d6:SMT_KEY:2,0xca89dd379d575691ca2225d1623f2413fb4f70d6,2,code_hash,12002617
polygon-zkevm:0xca89dd379d575691ca2225d1623f2413fb4f70d6:SMT_KEY:4,0xca89dd379d575691ca2225d1623f2413fb4f70d6,4,code_hash_length,12002617
polygon-zkevm:0x37e4d7a8801319117f9b0a92fb3419d22092144c:SMT_KEY:0,0x37e4d7a8801319117f9b0a92fb3419d22092144c,0,balance,12002647
polygon-zkevm:0x37e4d7a8801319117f9b0a92fb3419d22092144c:SMT_KEY:1,0x37e4d7a8801319117f9b0a92fb3419d22092144c,1,nonce,12002647
polygon-zkevm:0x37e4d7a8801319117f9b0a92fb3419d22092144c:SMT_KEY:2,0x37e4d7a8801319117f9b0a92fb3419d22092144c,2,code_hash,12002647
polygon-zkevm:0x37e4d7a8801319117f9b0a92fb3419d22092144c:SMT_KEY:4,0x37e4d7a8801319117f9b0a92fb3419d22092144c,4,code_hash_length,12002647
polygon-zkevm:0x5890f29be721a6ba1ea94e36c68a82c07467ab8a:SMT_KEY:0,0x5890f29be721a6ba1ea94e36c68a82c07467ab8a,0,balance,12002647
polygon-zkevm:0x5890f29be721a6ba1ea94e36c68a82c07467ab8a:SMT_KEY:1,0x5890f29be721a6ba1ea94e36c68a82c07467ab8a,1,nonce,12002647
polygon-zkevm:0x5890f29be721a6ba1ea94e36c68a82c07467ab8a:SMT_KEY:2,0x5890f29be721a6ba1ea94e36c68a82c07467ab8a,2,code_hash,12002647
polygon-zkevm:0x5890f29be721a6ba1ea94e36c68a82c07467ab8a:SMT_KEY:4,0x5890f29be721a6ba1ea94e36c68a82c07467ab8a,4,code_hash_length,12002647
polygon-zkevm:0xbc43dfdec65cd7031cd4835ad23efa4b728c2e83:SMT_KEY:0,0xbc43dfdec65cd7031cd4835ad23efa4b728c2e83,0,balance,12002647
polygon-zkevm:0xbc43dfdec65cd7031cd4835ad23efa4b728c2e83:SMT_KEY:1,0xbc43dfdec65cd7031cd4835ad23efa4b728c2e83,1,nonce,12002647
polygon-zkevm:0xbc43dfdec65cd7031cd4835ad23efa4b728c2e83:SMT_KEY:2,0xbc43dfdec65cd7031cd4835ad23efa4b728c2e83,2,code_hash,12002647
polygon-zkevm:0xbc43dfdec65cd7031cd4835ad23efa4b728c2e83:SMT_KEY:4,0xbc43dfdec65cd7031cd4835ad23efa4b728c2e83,4,code_hash_length,12002647
polygon-zkevm:0x5d8cff95d7a57c0bf50b30b43c7cc0d52825d4a9:SMT_KEY:0,0x5d8cff95d7a57c0bf50b30b43c7cc0d52825d4a9,0,balance,12002657
polygon-zkevm:0x5d8cff95d7a57c0bf50b30b43c7cc0d52825d4a9:SMT_KEY:1,0x5d8cff95d7a57c0bf50b30b43c7cc0d52825d4a9,1,nonce,12002657
polygon-zkevm:0x5d8cff95d7a57c0bf50b30b43c7cc0d52825d4a9:SMT_KEY:2,0x5d8cff95d7a57c0bf50b30b43c7cc0d52825d4a9,2,code_hash,12002657
polygon-zkevm:0x5d8cff95d7a57c0bf50b30b43c7cc0d52825d4a9:SMT_KEY:4,0x5d8cff95d7a57c0bf50b30b43c7cc0d52825d4a9,4,code_hash_length,12002657
polygon-zkevm:0x14a22ac5d7638c5d3385765e8542ed351682d427:SMT_KEY:0,0x14a22ac5d7638c5d3385765e8542ed351682d427,0,balance,12002667
polygon-zkevm:0x14a22ac5d7638c5d3385765e8542ed351682d427:SMT_KEY:1,0x14a22ac5d7638c5d3385765e8542ed351682d427,1,nonce,12002667
polygon-zkevm:0x14a22ac5d7638c5d3385765e8542ed351682d427:SMT_KEY:2,0x14a22ac5d7638c5d3385765e8542ed351682d427,2,code_hash,12002667
polygon-zkevm:0x14a22ac5d7638c5d3385765e8542ed351682d427:SMT_KEY:4,0x14a22ac5d7638c5d3385765e8542ed351682d427,4,code_hash_length,12002667
polygon-zkevm:0xb849edebba22bd6c2d6771a117650828989fe720:SMT_KEY:0,0xb849edebba22bd6c2d6771a117650828989fe720,0,balance,12002677
polygon-zkevm:0xb849edebba22bd6c2d6771a117650828989fe720:SMT_KEY:1,0xb849edebba22bd6c2d6771a117650828989fe720,1,nonce,12002677
polygon-zkevm:0xb849edebba22bd6c2d6771a117650828989fe720:SMT_KEY:2,0xb849edebba22bd6c2d6771a117650828989fe720,2,code_hash,12002677
polygon-zkevm:0xb849edebba22bd6c2d6771a117650828989fe720:SMT_KEY:4,0xb849edebba22bd6c2d6771a117650828989fe720,4,code_hash_length,12002677
polygon-zkevm:0x9e024740ba76bb61107696181f49f660564234e1:SMT_KEY:0,0x9e024740ba76bb61107696181f49f660564234e1,0,balance,12002717
polygon-zkevm:0x9e024740ba76bb61107696181f49f660564234e1:SMT_KEY:1,0x9e024740ba76bb61107696181f49f660564234e1,1,nonce,12002717
polygon-zkevm:0x9e024740ba76bb61107696181f49f660564234e1:SMT_KEY:2,0x9e024740ba76bb61107696181f49f660564234e1,2,code_hash,12002717
polygon-zkevm:0x9e024740ba76bb61107696181f49f660564234e1:SMT_KEY:4,0x9e024740ba76bb61107696181f49f660564234e1,4,code_hash_length,12002717
polygon-zkevm:0x0917dfded7bcd98ab3b3b2a06c8c630207d52f58:SMT_KEY:0,0x0917dfded7bcd98ab3b3b2a06c8c630207d52f58,0,balance,12002727
polygon-zkevm:0x0917dfded7bcd98ab3b3b2a06c8c630207d52f58:SMT_KEY:1,0x0917dfded7bcd98ab3b3b2a06c8c630207d52f58,1,nonce,12002727
polygon-zkevm:0x0917dfded7bcd98ab3b3b2a06c8c630207d52f58:SMT_KEY:2,0x0917dfded7bcd98ab3b3b2a06c8c630207d52f58,2,code_hash,12002727
polygon-zkevm:0x0917dfded7bcd98ab3b3b2a06c8c630207d52f58:SMT_KEY:4,0x0917dfded7bcd98ab3b3b2a06c8c630207d52f58,4,code_hash_length,12002727
polygon-zkevm:0x095fa8e3cde03d08d1c113077ecbd09cdf818f90:SMT_KEY:0,0x095fa8e3cde03d08d1c113077ecbd09cdf818f90,0,balance,12002737
polygon-zkevm:0x095fa8e3cde03d08d1c113077ecbd09cdf818f90:SMT_KEY:1,0x095fa8e3cde03d08d1c113077ecbd09cdf818f90,1,nonce,12002737
polygon-zkevm:0x095fa8e3cde03d08d1c113077ecbd09cdf818f90:SMT_KEY:2,0x095fa8e3cde03d08d1c113077ecbd09cdf818f90,2,code_hash,12002737
polygon-zkevm:0x095fa8e3cde03d08d1c113077ecbd09cdf818f90:SMT_KEY:4,0x095fa8e3cde03d08d1c113077ecbd09cdf818f90,4,code_hash_length,12002737
polygon-zkevm:0x34eb5eb6b547a95f4d3dda3b3aeba484e9d20af1:SMT_KEY:0,0x34eb5eb6b547a95f4d3dda3b3aeba484e9d20af1,0,balance,12002757
polygon-zkevm:0x34eb5eb6b547a95f4d3dda3b3aeba484e9d20af1:SMT_KEY:1,0x34eb5eb6b547a95f4d3dda3b3aeba484e9d20af1,1,nonce,12002757
polygon-zkevm:0x34eb5eb6b547a95f4d3dda3b3aeba484e9d20af1:SMT_KEY:2,0x34eb5eb6b547a95f4d3dda3b3aeba484e9d20af1,2,code_hash,12002757
polygon-zkevm:0x34eb5eb6b547a95f4d3dda3b3aeba484e9d20af1:SMT_KEY:4,0x34eb5eb6b547a95f4d3dda3b3aeba484e9d20af1,4,code_hash_length,12002757
polygon-zkevm:0x693b7d22fd48a5e571db748cb921ef1df47d4b49:SMT_KEY:0,0x693b7d22fd48a5e571db748cb921ef1df47d4b49,0,balance,12002797
polygon-zkevm:0x693b7d22fd48a5e571db748cb921ef1df47d4b49:SMT_KEY:1,0x693b7d22fd48a5e571db748cb921ef1df47d4b49,1,nonce,12002797
polygon-zkevm:0x693b7d22fd48a5e571db748cb921ef1df47d4b49:SMT_KEY:2,0x693b7d22fd48a5e571db748cb921ef1df47d4b49,2,code_hash,12002797
polygon-zkevm:0x693b7d22fd48a5e571db748cb921ef1df47d4b49:SMT_KEY:4,0x693b7d22fd48a5e571db748cb921ef1df47d4b49,4,code_hash_length,12002797
polygon-zkevm:0x3c4108b980beec4a0b120a638bd52c5788186dd4:SMT_KEY:0,0x3c4108b980beec4a0b120a638bd52c5788186dd4,0,balance,12002807
polygon-zkevm:0x3c4108b980beec4a0b120a638bd52c5788186dd4:SMT_KEY:1,0x3c4108b980beec4a0b120a638bd52c5788186dd4,1,nonce,12002807
polygon-zkevm:0x3c4108b980beec4a0b120a638bd52c5788186dd4:SMT_KEY:2,0x3c4108b980beec4a0b120a638bd52c5788186dd4,2,code_hash,12002807
polygon-zkevm:0x3c4108b980beec4a0b120a638bd52c5788186dd4:SMT_KEY:4,0x3c4108b980beec4a0b120a638bd52c5788186dd4,4,code_hash_length,12002807
polygon-zkevm:0x9e66eba102b77fc75cd87b5e60141b85573bc8e8:SMT_KEY:0,0x9e66eba102b77fc75cd87b5e60141b85573bc8e8,0,balance,12002827
polygon-zkevm:0x9e66eba102b77fc75cd87b5e60141b85573bc8e8:SMT_KEY:1,0x9e66eba102b77fc75cd87b5e60141b85573bc8e8,1,nonce,12002827
polygon-zkevm:0x9e66eba102b77fc75cd87b5e60141b85573bc8e8:SMT_KEY:2,0x9e66eba102b77fc75cd87b5e60141b85573bc8e8,2,code_hash,12002827
polygon-zkevm:0x9e66eba102b77fc75cd87b5e60141b85573bc8e8:SMT_KEY:4,0x9e66eba102b77fc75cd87b5e60141b85573bc8e8,4,code_hash_length,12002827
polygon-zkevm:0xc7d919416012766a889e681ad1c50447f5dd27fd:SMT_KEY:0,0xc7d919416012766a889e681ad1c50447f5dd27fd,0,balance,12002827
polygon-zkevm:0xc7d919416012766a889e681ad1c50447f5dd27fd:SMT_KEY:1,0xc7d919416012766a889e681ad1c50447f5dd27fd,1,nonce,12002827
polygon-zkevm:0xc7d919416012766a889e681ad1c50447f5dd27fd:SMT_KEY:2,0xc7d919416012766a889e681ad1c50447f5dd27fd,2,code_hash,12002827
polygon-zkevm:0xc7d919416012766a889e681ad1c50447f5dd27fd:SMT_KEY:4,0xc7d919416012766a889e681ad1c50447f5dd27fd,4,code_hash_length,12002827
polygon-zkevm:0xef54733d89d5d0406b2ebd797555fadd42cab789:SMT_KEY:0,0xef54733d89d5d0406b2ebd797555fadd42cab789,0,balance,12002827
polygon-zkevm:0xef54733d89d5d0406b2ebd797555fadd42cab789:SMT_KEY:1,0xef54733d89d5d0406b2ebd797555fadd42cab789,1,nonce,12002827
polygon-zkevm:0xef54733d89d5d0406b2ebd797555fadd42cab789:SMT_KEY:2,0xef54733d89d5d0406b2ebd797555fadd42cab789,2,code_hash,12002827
polygon-zkevm:0xef54733d89d5d0406b2ebd797555fadd42cab789:SMT_KEY:4,0xef54733d89d5d0406b2ebd797555fadd42cab789,4,code_hash_length,12002827
polygon-zkevm:0x124aa56c754024cbae9993f48e4fea5736d09469:SMT_KEY:0,0x124aa56c754024cbae9993f48e4fea5736d09469,0,balance,12002837
polygon-zkevm:0x124aa56c754024cbae9993f48e4fea5736d09469:SMT_KEY:1,0x124aa56c754024cbae9993f48e4fea5736d09469,1,nonce,12002837
polygon-zkevm:0x124aa56c754024cbae9993f48e4fea5736d09469:SMT_KEY:2,0x124aa56c754024cbae9993f48e4fea5736d09469,2,code_hash,12002837
polygon-zkevm:0x124aa56c754024cbae9993f48e4fea5736d09469:SMT_KEY:4,0x124aa56c754024cbae9993f48e4fea5736d09469,4,code_hash_length,12002837
polygon-zkevm:0x0073e2f1b89a29c37e9c809d716e15ff91b58d9d:SMT_KEY:0,0x0073e2f1b89a29c37e9c809d716e15ff91b58d9d,0,balance,12002847
polygon-zkevm:0x0073e2f1b89a29c37e9c809d716e15ff91b58d9d:SMT_KEY:1,0x0073e2f1b89a29c37e9c809d716e15ff91b58d9d,1,nonce,12002847
polygon-zkevm:0x0073e2f1b89a29c37e9c809d716e15ff91b58d9d:SMT_KEY:2,0x0073e2f1b89a29c37e9c809d716e15ff91b58d9d,2,code_hash,12002847
polygon-zkevm:0x0073e2f1b89a29c37e9c809d716e15ff91b58d9d:SMT_KEY:4,0x0073e2f1b89a29c37e9c809d716e15ff91b58d9d,4,code_hash_length,12002847
polygon-zkevm:0x115c50b9666d4020d81d2b0f112f6fb0f0e37ac7:SMT_KEY:0,0x115c50b9666d4020d81d2b0f112f6fb0f0e37ac7,0,balance,12002847
polygon-zkevm:0x115c50b9666d4020d81d2b0f112f6fb0f0e37ac7:SMT_KEY:1,0x115c50b9666d4020d81d2b0f112f6fb0f0e37ac7,1,nonce,12002847
polygon-zkevm:0x115c50b9666d4020d81d2b0f112f6fb0f0e37ac7:SMT_KEY:2,0x115c50b9666d4020d81d2b0f112f6fb0f0e37ac7,2,code_hash,12002847
polygon-zkevm:0x115c50b9666d4020d81d2b0f112f6fb0f0e37ac7:SMT_KEY:4,0x115c50b9666d4020d81d2b0f112f6fb0f0e37ac7,4,code_hash_length,12002847
polygon-zkevm:0x48d74cbfc464aed35fe77bd1b9bfb79af5184d22:SMT_KEY:0,0x48d74cbfc464aed35fe77bd1b9bfb79af5184d22,0,balance,12002857
polygon-zkevm:0x48d74cbfc464aed35fe77bd1b9bfb79af5184d22:SMT_KEY:1,0x48d74cbfc464aed35fe77bd1b9bfb79af5184d22,1,nonce,12002857
polygon-zkevm:0x48d74cbfc464aed35fe77bd1b9bfb79af5184d22:SMT_KEY:2,0x48d74cbfc464aed35fe77bd1b9bfb79af5184d22,2,code_hash,12002857
polygon-zkevm:0x48d74cbfc464aed35fe77bd1b9bfb79af5184d22:SMT_KEY:4,0x48d74cbfc464aed35fe77bd1b9bfb79af5184d22,4,code_hash_length,12002857
polygon-zkevm:0xd67cea2879e14a5c43022f68552078ba259c0d28:SMT_KEY:0,0xd67cea2879e14a5c43022f68552078ba259c0d28,0,balance,12002857
polygon-zkevm:0xd67cea2879e14a5c43022f68552078ba259c0d28:SMT_KEY:1,0xd67cea2879e14a5c43022f68552078ba259c0d28,1,nonce,12002857
polygon-zkevm:0xd67cea2879e14a5c43022f68552078ba259c0d28:SMT_KEY:2,0xd67cea2879e14a5c43022f68552078ba259c0d28,2,code_hash,12002857
polygon-zkevm:0xd67cea2879e14a5c43022f68552078ba259c0d28:SMT_KEY:4,0xd67cea2879e14a5c43022f68552078ba259c0d28,4,code_hash_length,12002857
polygon-zkevm:0x34fae97547e990ef0e05e05286c51e4645bf1a85:SMT_KEY:0,0x34fae97547e990ef0e05e05286c51e4645bf1a85,0,balance,12002887
polygon-zkevm:0x34fae97547e990ef0e05e05286c51e4645bf1a85:SMT_KEY:1,0x34fae97547e990ef0e05e05286c51e4645bf1a85,1,nonce,12002887
polygon-zkevm:0x34fae97547e990ef0e05e05286c51e4645bf1a85:SMT_KEY:2,0x34fae97547e990ef0e05e05286c51e4645bf1a85,2,code_hash,12002887
polygon-zkevm:0x34fae97547e990ef0e05e05286c51e4645bf1a85:SMT_KEY:4,0x34fae97547e990ef0e05e05286c51e4645bf1a85,4,code_hash_length,12002887
polygon-zkevm:0x50a86759d495ecfa7c301071d6b0bdd4bd664ab0:SMT_KEY:0,0x50a86759d495ecfa7c301071d6b0bdd4bd664ab0,0,balance,12002887
polygon-zkevm:0x50a86759d495ecfa7c301071d6b0bdd4bd664ab0:SMT_KEY:1,0x50a86759d495ecfa7c301071d6b0bdd4bd664ab0,1,nonce,12002887
polygon-zkevm:0x50a86759d495ecfa7c301071d6b0bdd4bd664ab0:SMT_KEY:2,0x50a86759d495ecfa7c301071d6b0bdd4bd664ab0,2,code_hash,12002887
polygon-zkevm:0x50a86759d495ecfa7c301071d6b0bdd4bd664ab0:SMT_KEY:4,0x50a86759d495ecfa7c301071d6b0bdd4bd664ab0,4,code_hash_length,12002887
polygon-zkevm:0xba64636c817bd4e7ad39977363c8ec7d9e57f8eb:SMT_KEY:0,0xba64636c817bd4e7ad39977363c8ec7d9e57f8eb,0,balance,12002887
polygon-zkevm:0xba64636c817bd4e7ad39977363c8ec7d9e57f8eb:SMT_KEY:1,0xba64636c817bd4e7ad39977363c8ec7d9e57f8eb,1,nonce,12002887
polygon-zkevm:0xba64636c817bd4e7ad39977363c8ec7d9e57f8eb:SMT_KEY:2,0xba64636c817bd4e7ad39977363c8ec7d9e57f8eb,2,code_hash,12002887
polygon-zkevm:0xba64636c817bd4e7ad39977363c8ec7d9e57f8eb:SMT_KEY:4,0xba64636c817bd4e7ad39977363c8ec7d9e57f8eb,4,code_hash_length,12002887
polygon-zkevm:0xb060457dea4d4a90623467a905dca503997af3ae:SMT_KEY:0,0xb060457dea4d4a90623467a905dca503997af3ae,0,balance,12002937
polygon-zkevm:0xb060457dea4d4a90623467a905dca503997af3ae:SMT_KEY:1,0xb060457dea4d4a90623467a905dca503997af3ae,1,nonce,12002937
polygon-zkevm:0xb060457dea4d4a90623467a905dca503997af3ae:SMT_KEY:2,0xb060457dea4d4a90623467a905dca503997af3ae,2,code_hash,12002937
polygon-zkevm:0xb060457dea4d4a90623467a905dca503997af3ae:SMT_KEY:4,0xb060457dea4d4a90623467a905dca503997af3ae,4,code_hash_length,12002937
polygon-zkevm:0x973d6b30fcb1fea724a2cdf0a4a873be236acc13:SMT_KEY:0,0x973d6b30fcb1fea724a2cdf0a4a873be236acc13,0,balance,12002947
polygon-zkevm:0x973d6b30fcb1fea724a2cdf0a4a873be236acc13:SMT_KEY:1,0x973d6b30fcb1fea724a2cdf0a4a873be236acc13,1,nonce,12002947
polygon-zkevm:0x973d6b30fcb1fea724a2cdf0a4a873be236acc13:SMT_KEY:2,0x973d6b30fcb1fea724a2cdf0a4a873be236acc13,2,code_hash,12002947
polygon-zkevm:0x973d6b30fcb1fea724a2cdf0a4a873be236acc13:SMT_KEY:4,0x973d6b30fcb1fea724a2cdf0a4a873be236acc13,4,code_hash_length,12002947
polygon-zkevm:0x13c385a2aa976b637d2a701dec0e2479cdae3bb7:SMT_KEY:0,0x13c385a2aa976b637d2a701dec0e2479cdae3bb7,0,balance,12003047
polygon-zkevm:0x13c385a2aa976b637d2a701dec0e2479cdae3bb7:SMT_KEY:1,0x13c385a2aa976b637d2a701dec0e2479cdae3bb7,1,nonce,12003047
polygon-zkevm:0x13c385a2aa976b637d2a701dec0e2479cdae3bb7:SMT_KEY:2,0x13c385a2aa976b637d2a701dec0e2479cdae3bb7,2,code_hash,12003047
polygon-zkevm:0x13c385a2aa976b637d2a701dec0e2479cdae3bb7:SMT_KEY:4,0x13c385a2aa976b637d2a701dec0e2479cdae3bb7,4,code_hash_length,12003047
polygon-zkevm:0x1e223e792aa6b68d6cf6603ba853b4da85dbfa86:SMT_KEY:0,0x1e223e792aa6b68d6cf6603ba853b4da85dbfa86,0,balance,12003047
polygon-zkevm:0x1e223e792aa6b68d6cf6603ba853b4da85dbfa86:SMT_KEY:1,0x1e223e792aa6b68d6cf6603ba853b4da85dbfa86,1,nonce,12003047
polygon-zkevm:0x1e223e792aa6b68d6cf6603ba853b4da85dbfa86:SMT_KEY:2,0x1e223e792aa6b68d6cf6603ba853b4da85dbfa86,2,code_hash,12003047
polygon-zkevm:0x1e223e792aa6b68d6cf6603ba853b4da85dbfa86:SMT_KEY:4,0x1e223e792aa6b68d6cf6603ba853b4da85dbfa86,4,code_hash_length,12003047
polygon-zkevm:0x6c65599ef895f6fa06f2ff1ff5dc27cfffa96db3:SMT_KEY:0,0x6c65599ef895f6fa06f2ff1ff5dc27cfffa96db3,0,balance,12003087
polygon-zkevm:0x6c65599ef895f6fa06f2ff1ff5dc27cfffa96db3:SMT_KEY:1,0x6c65599ef895f6fa06f2ff1ff5dc27cfffa96db3,1,nonce,12003087
polygon-zkevm:0x6c65599ef895f6fa06f2ff1ff5dc27cfffa96db3:SMT_KEY:2,0x6c65599ef895f6fa06f2ff1ff5dc27cfffa96db3,2,code_hash,12003087
polygon-zkevm:0x6c65599ef895f6fa06f2ff1ff5dc27cfffa96db3:SMT_KEY:4,0x6c65599ef895f6fa06f2ff1ff5dc27cfffa96db3,4,code_hash_length,12003087
polygon-zkevm:0xa1343bc05bdd47d2e0cd14bc7499bd2fd976f1ed:SMT_KEY:0,0xa1343bc05bdd47d2e0cd14bc7499bd2fd976f1ed,0,balance,12003137
polygon-zkevm:0xa1343bc05bdd47d2e0cd14bc7499bd2fd976f1ed:SMT_KEY:1,0xa1343bc05bdd47d2e0cd14bc7499bd2fd976f1ed,1,nonce,12003137
polygon-zkevm:0xa1343bc05bdd47d2e0cd14bc7499bd2fd976f1ed:SMT_KEY:2,0xa1343bc05bdd47d2e0cd14bc7499bd2fd976f1ed,2,code_hash,12003137
polygon-zkevm:0xa1343bc05bdd47d2e0cd14bc7499bd2fd976f1ed:SMT_KEY:4,0xa1343bc05bdd47d2e0cd14bc7499bd2fd976f1ed,4,code_hash_length,12003137
polygon-zkevm:0x374c48f4a3112b60e7877d0dfc99b66b79a94e69:SMT_KEY:0,0x374c48f4a3112b60e7877d0dfc99b66b79a94e69,0,balance,12003207
polygon-zkevm:0x374c48f4a3112b60e7877d0dfc99b66b79a94e69:SMT_KEY:1,0x374c48f4a3112b60e7877d0dfc99b66b79a94e69,1,nonce,12003207
polygon-zkevm:0x374c48f4a3112b60e7877d0dfc99b66b79a94e69:SMT_KEY:2,0x374c48f4a3112b60e7877d0dfc99b66b79a94e69,2,code_hash,12003207
polygon-zkevm:0x374c48f4a3112b60e7877d0dfc99b66b79a94e69:SMT_KEY:4,0x374c48f4a3112b60e7877d0dfc99b66b79a94e69,4,code_hash_length,12003207
polygon-zkevm:0x120ef59b80774f02211563834d8e3b72cb1649d6:SMT_KEY:0,0x120ef59b80774f02211563834d8e3b72cb1649d6,0,balance,12003237
polygon-zkevm:0x120ef59b80774f02211563834d8e3b72cb1649d6:SMT_KEY:1,0x120ef59b80774f02211563834d8e3b72cb1649d6,1,nonce,12003237
polygon-zkevm:0x120ef59b80774f02211563834d8e3b72cb1649d6:SMT_KEY:2,0x120ef59b80774f02211563834d8e3b72cb1649d6,2,code_hash,12003237
polygon-zkevm:0x120ef59b80774f02211563834d8e3b72cb1649d6:SMT_KEY:4,0x120ef59b80774f02211563834d8e3b72cb1649d6,4,code_hash_length,12003237
polygon-zkevm:0x270d5c4d15960baf120d177b2309e92e58bfad3c:SMT_KEY:0,0x270d5c4d15960baf120d177b2309e92e58bfad3c,0,balance,12003237
polygon-zkevm:0x270d5c4d15960baf120d177b2309e92e58bfad3c:SMT_KEY:1,0x270d5c4d15960baf120d177b2309e92e58bfad3c,1,nonce,12003237
polygon-zkevm:0x270d5c4d15960baf120d177b2309e92e58bfad3c:SMT_KEY:2,0x270d5c4d15960baf120d177b2309e92e58bfad3c,2,code_hash,12003237
polygon-zkevm:0x270d5c4d15960baf120d177b2309e92e58bfad3c:SMT_KEY:4,0x270d5c4d15960baf120d177b2309e92e58bfad3c,4,code_hash_length,12003237
polygon-zkevm:0x6c8dc657f835456829e0399e21e31b0369d82e40:SMT_KEY:0,0x6c8dc657f835456829e0399e21e31b0369d82e40,0,balance,12003237
polygon-zkevm:0x6c8dc657f835456829e0399e21e31b0369d82e40:SMT_KEY:1,0x6c8dc657f835456829e0399e21e31b0369d82e40,1,nonce,12003237
polygon-zkevm:0x6c8dc657f835456829e0399e21e31b0369d82e40:SMT_KEY:2,0x6c8dc657f835456829e0399e21e31b0369d82e40,2,code_hash,12003237
polygon-zkevm:0x6c8dc657f835456829e0399e21e31b0369d82e40:SMT_KEY:4,0x6c8dc657f835456829e0399e21e31b0369d82e40,4,code_hash_length,12003237
polygon-zkevm:0xba12222222228d8ba445958a75a0704d566bf2c8:SMT_KEY:0,0xba12222222228d8ba445958a75a0704d566bf2c8,0,balance,12003247
polygon-zkevm:0xba12222222228d8ba445958a75a0704d566bf2c8:SMT_KEY:1,0xba12222222228d8ba445958a75a0704d566bf2c8,1,nonce,12003247
polygon-zkevm:0xba12222222228d8ba445958a75a0704d566bf2c8:SMT_KEY:2,0xba12222222228d8ba445958a75a0704d566bf2c8,2,code_hash,12003247
polygon-zkevm:0xba12222222228d8ba445958a75a0704d566bf2c8:SMT_KEY:4,0xba12222222228d8ba445958a75a0704d566bf2c8,4,code_hash_length,12003247
polygon-zkevm:0x7f7bf36632a530f575490bbc21a846c4d6770d53:SMT_KEY:0,0x7f7bf36632a530f575490bbc21a846c4d6770d53,0,balance,12003307
polygon-zkevm:0x7f7bf36632a530f575490bbc21a846c4d6770d53:SMT_KEY:1,0x7f7bf36632a530f575490bbc21a846c4d6770d53,1,nonce,12003307
polygon-zkevm:0x7f7bf36632a530f575490bbc21a846c4d6770d53:SMT_KEY:2,0x7f7bf36632a530f575490bbc21a846c4d6770d53,2,code_hash,12003307
polygon-zkevm:0x7f7bf36632a530f575490bbc21a846c4d6770d53:SMT_KEY:4,0x7f7bf36632a530f575490bbc21a846c4d6770d53,4,code_hash_length,12003307
polygon-zkevm:0x42901a3c2d6f7ac2c85a0804114a0d7e2077f863:SMT_KEY:0,0x42901a3c2d6f7ac2c85a0804114a0d7e2077f863,0,balance,12003357
polygon-zkevm:0x42901a3c2d6f7ac2c85a0804114a0d7e2077f863:SMT_KEY:1,0x42901a3c2d6f7ac2c85a0804114a0d7e2077f863,1,nonce,12003357
polygon-zkevm:0x42901a3c2d6f7ac2c85a0804114a0d7e2077f863:SMT_KEY:2,0x42901a3c2d6f7ac2c85a0804114a0d7e2077f863,2,code_hash,12003357
polygon-zkevm:0x42901a3c2d6f7ac2c85a0804114a0d7e2077f863:SMT_KEY:4,0x42901a3c2d6f7ac2c85a0804114a0d7e2077f863,4,code_hash_length,12003357
polygon-zkevm:0x74e1d68ff9b267e48126a9d2289c8598e295fdac:SMT_KEY:0,0x74e1d68ff9b267e48126a9d2289c8598e295fdac,0,balance,12003357
polygon-zkevm:0x74e1d68ff9b267e48126a9d2289c8598e295fdac:SMT_KEY:1,0x74e1d68ff9b267e48126a9d2289c8598e295fdac,1,nonce,12003357
polygon-zkevm:0x74e1d68ff9b267e48126a9d2289c8598e295fdac:SMT_KEY:2,0x74e1d68ff9b267e48126a9d2289c8598e295fdac,2,code_hash,12003357
polygon-zkevm:0x74e1d68ff9b267e48126a9d2289c8598e295fdac:SMT_KEY:4,0x74e1d68ff9b267e48126a9d2289c8598e295fdac,4,code_hash_length,12003357
polygon-zkevm:0x17804628afb4d03f32dc001ba2ab6e2cb18aea49:SMT_KEY:0,0x17804628afb4d03f32dc001ba2ab6e2cb18aea49,0,balance,12003397
polygon-zkevm:0x17804628afb4d03f32dc001ba2ab6e2cb18aea49:SMT_KEY:1,0x17804628afb4d03f32dc001ba2ab6e2cb18aea49,1,nonce,12003397
polygon-zkevm:0x17804628afb4d03f32dc001ba2ab6e2cb18aea49:SMT_KEY:2,0x17804628afb4d03f32dc001ba2ab6e2cb18aea49,2,code_hash,12003397
polygon-zkevm:0x17804628afb4d03f32dc001ba2ab6e2cb18aea49:SMT_KEY:4,0x17804628afb4d03f32dc001ba2ab6e2cb18aea49,4,code_hash_length,12003397
polygon-zkevm:0xddd1fa4e0f7484e79ca9afa9d2fad6e47e8ae24a:SMT_KEY:0,0xddd1fa4e0f7484e79ca9afa9d2fad6e47e8ae24a,0,balance,12003437
polygon-zkevm:0xddd1fa4e0f7484e79ca9afa9d2fad6e47e8ae24a:SMT_KEY:1,0xddd1fa4e0f7484e79ca9afa9d2fad6e47e8ae24a,1,nonce,12003437
polygon-zkevm:0xddd1fa4e0f7484e79ca9afa9d2fad6e47e8ae24a:SMT_KEY:2,0xddd1fa4e0f7484e79ca9afa9d2fad6e47e8ae24a,2,code_hash,12003437
polygon-zkevm:0xddd1fa4e0f7484e79ca9afa9d2fad6e47e8ae24a:SMT_KEY:4,0xddd1fa4e0f7484e79ca9afa9d2fad6e47e8ae24a,4,code_hash_length,12003437
polygon-zkevm:0xf855dac824471272f3ab0ebea04263cd0d7a27f7:SMT_KEY:0,0xf855dac824471272f3ab0ebea04263cd0d7a27f7,0,balance,12003447
polygon-zkevm:0xf855dac824471272f3ab0ebea04263cd0d7a27f7:SMT_KEY:1,0xf855dac824471272f3ab0ebea04263cd0d7a27f7,1,nonce,12003447
polygon-zkevm:0xf855dac824471272f3ab0ebea04263cd0d7a27f7:SMT_KEY:2,0xf855dac824471272f3ab0ebea04263cd0d7a27f7,2,code_hash,12003447
polygon-zkevm:0xf855dac824471272f3ab0ebea04263cd0d7a27f7:SMT_KEY:4,0xf855dac824471272f3ab0ebea04263cd0d7a27f7,4,code_hash_length,12003447
polygon-zkevm:0xea522fe96eee54d4cea09caae51baf8bc3d31303:SMT_KEY:0,0xea522fe96eee54d4cea09caae51baf8bc3d31303,0,balance,12003467
polygon-zkevm:0xea522fe96eee54d4cea09caae51baf8bc3d31303:SMT_KEY:1,0xea522fe96eee54d4cea09caae51baf8bc3d31303,1,nonce,12003467
polygon-zkevm:0xea522fe96eee54d4cea09caae51baf8bc3d31303:SMT_KEY:2,0xea522fe96eee54d4cea09caae51baf8bc3d31303,2,code_hash,12003467
polygon-zkevm:0xea522fe96eee54d4cea09caae51baf8bc3d31303:SMT_KEY:4,0xea522fe96eee54d4cea09caae51baf8bc3d31303,4,code_hash_length,12003467
polygon-zkevm:0xe288f45bbc11f8bb278ad02aceed571310294d0e:SMT_KEY:0,0xe288f45bbc11f8bb278ad02aceed571310294d0e,0,balance,12003477
polygon-zkevm:0xe288f45bbc11f8bb278ad02aceed571310294d0e:SMT_KEY:1,0xe288f45bbc11f8bb278ad02aceed571310294d0e,1,nonce,12003477
polygon-zkevm:0xe288f45bbc11f8bb278ad02aceed571310294d0e:SMT_KEY:2,0xe288f45bbc11f8bb278ad02aceed571310294d0e,2,code_hash,12003477
polygon-zkevm:0xe288f45bbc11f8bb278ad02aceed571310294d0e:SMT_KEY:4,0xe288f45bbc11f8bb278ad02aceed571310294d0e,4,code_hash_length,12003477
polygon-zkevm:0xda627fc2749107a60755a9f8ed037d0baba79e1e:SMT_KEY:0,0xda627fc2749107a60755a9f8ed037d0baba79e1e,0,balance,12003487
polygon-zkevm:0xda627fc2749107a60755a9f8ed037d0baba79e1e:SMT_KEY:1,0xda627fc2749107a60755a9f8ed037d0baba79e1e,1,nonce,12003487
polygon-zkevm:0xda627fc2749107a60755a9f8ed037d0baba79e1e:SMT_KEY:2,0xda627fc2749107a60755a9f8ed037d0baba79e1e,2,code_hash,12003487
polygon-zkevm:0xda627fc2749107a60755a9f8ed037d0baba79e1e:SMT_KEY:4,0xda627fc2749107a60755a9f8ed037d0baba79e1e,4,code_hash_length,12003487
polygon-zkevm:0x793273b456bdce672238f3fee3ca54b2748e6bbf:SMT_KEY:0,0x793273b456bdce672238f3fee3ca54b2748e6bbf,0,balance,12003517
polygon-zkevm:0x793273b456bdce672238f3fee3ca54b2748e6bbf:SMT_KEY:1,0x793273b456bdce672238f3fee3ca54b2748e6bbf,1,nonce,12003517
polygon-zkevm:0x793273b456bdce672238f3fee3ca54b2748e6bbf:SMT_KEY:2,0x793273b456bdce672238f3fee3ca54b2748e6bbf,2,code_hash,12003517
polygon-zkevm:0x793273b456bdce672238f3fee3ca54b2748e6bbf:SMT_KEY:4,0x793273b456bdce672238f3fee3ca54b2748e6bbf,4,code_hash_length,12003517
polygon-zkevm:0x79de4f8534d76be89463695704d80cf61e34ce8e:SMT_KEY:0,0x79de4f8534d76be89463695704d80cf61e34ce8e,0,balance,12003517
polygon-zkevm:0x79de4f8534d76be89463695704d80cf61e34ce8e:SMT_KEY:1,0x79de4f8534d76be89463695704d80cf61e34ce8e,1,nonce,12003517
polygon-zkevm:0x79de4f8534d76be89463695704d80cf61e34ce8e:SMT_KEY:2,0x79de4f8534d76be89463695704d80cf61e34ce8e,2,code_hash,12003517
polygon-zkevm:0x79de4f8534d76be89463695704d80cf61e34ce8e:SMT_KEY:4,0x79de4f8534d76be89463695704d80cf61e34ce8e,4,code_hash_length,12003517
polygon-zkevm:0x8d08e81a68e4afdd9da619640b4563f682806ef9:SMT_KEY:0,0x8d08e81a68e4afdd9da619640b4563f682806ef9,0,balance,12003517
polygon-zkevm:0x8d08e81a68e4afdd9da619640b4563f682806ef9:SMT_KEY:1,0x8d08e81a68e4afdd9da619640b4563f682806ef9,1,nonce,12003517
polygon-zkevm:0x8d08e81a68e4afdd9da619640b4563f682806ef9:SMT_KEY:2,0x8d08e81a68e4afdd9da619640b4563f682806ef9,2,code_hash,12003517
polygon-zkevm:0x8d08e81a68e4afdd9da619640b4563f682806ef9:SMT_KEY:4,0x8d08e81a68e4afdd9da619640b4563f682806ef9,4,code_hash_length,12003517
polygon-zkevm:0x693c1da8492da538b2dc4fa78bb8b0651656d79d:SMT_KEY:0,0x693c1da8492da538b2dc4fa78bb8b0651656d79d,0,balance,12003527
polygon-zkevm:0x693c1da8492da538b2dc4fa78bb8b0651656d79d:SMT_KEY:1,0x693c1da8492da538b2dc4fa78bb8b0651656d79d,1,nonce,12003527
polygon-zkevm:0x693c1da8492da538b2dc4fa78bb8b0651656d79d:SMT_KEY:2,0x693c1da8492da538b2dc4fa78bb8b0651656d79d,2,code_hash,12003527
polygon-zkevm:0x693c1da8492da538b2dc4fa78bb8b0651656d79d:SMT_KEY:4,0x693c1da8492da538b2dc4fa78bb8b0651656d79d,4,code_hash_length,12003527
polygon-zkevm:0x17fc3813d8761eab20e8d16ba7d38b92547dec91:SMT_KEY:0,0x17fc3813d8761eab20e8d16ba7d38b92547dec91,0,balance,12003567
polygon-zkevm:0x17fc3813d8761eab20e8d16ba7d38b92547dec91:SMT_KEY:1,0x17fc3813d8761eab20e8d16ba7d38b92547dec91,1,nonce,12003567
polygon-zkevm:0x17fc3813d8761eab20e8d16ba7d38b92547dec91:SMT_KEY:2,0x17fc3813d8761eab20e8d16ba7d38b92547dec91,2,code_hash,12003567
polygon-zkevm:0x17fc3813d8761eab20e8d16ba7d38b92547dec91:SMT_KEY:4,0x17fc3813d8761eab20e8d16ba7d38b92547dec91,4,code_hash_length,12003567
polygon-zkevm:0xc1ab9b690bec04a955cc0cf005e32ef80299314a:SMT_KEY:0,0xc1ab9b690bec04a955cc0cf005e32ef80299314a,0,balance,12003597
polygon-zkevm:0xc1ab9b690bec04a955cc0cf005e32ef80299314a:SMT_KEY:1,0xc1ab9b690bec04a955cc0cf005e32ef80299314a,1,nonce,12003597
polygon-zkevm:0xc1ab9b690bec04a955cc0cf005e32ef80299314a:SMT_KEY:2,0xc1ab9b690bec04a955cc0cf005e32ef80299314a,2,code_hash,12003597
polygon-zkevm:0xc1ab9b690bec04a955cc0cf005e32ef80299314a:SMT_KEY:4,0xc1ab9b690bec04a955cc0cf005e32ef80299314a,4,code_hash_length,12003597
polygon-zkevm:0x46d963a229caf05ff4afc14b1b35105ab777e846:SMT_KEY:0,0x46d963a229caf05ff4afc14b1b35105ab777e846,0,balance,12003627
polygon-zkevm:0x46d963a229caf05ff4afc14b1b35105ab777e846:SMT_KEY:1,0x46d963a229caf05ff4afc14b1b35105ab777e846,1,nonce,12003627
polygon-zkevm:0x46d963a229caf05ff4afc14b1b35105ab777e846:SMT_KEY:2,0x46d963a229caf05ff4afc14b1b35105ab777e846,2,code_hash,12003627
polygon-zkevm:0x46d963a229caf05ff4afc14b1b35105ab777e846:SMT_KEY:4,0x46d963a229caf05ff4afc14b1b35105ab777e846,4,code_hash_length,12003627
polygon-zkevm:0x4211b74e881d45cd23d00078fd0e714a0843041d:SMT_KEY:0,0x4211b74e881d45cd23d00078fd0e714a0843041d,0,balance,12003707
polygon-zkevm:0x4211b74e881d45cd23d00078fd0e714a0843041d:SMT_KEY:1,0x4211b74e881d45cd23d00078fd0e714a0843041d,1,nonce,12003707
polygon-zkevm:0x4211b74e881d45cd23d00078fd0e714a0843041d:SMT_KEY:2,0x4211b74e881d45cd23d00078fd0e714a0843041d,2,code_hash,12003707
polygon-zkevm:0x4211b74e881d45cd23d00078fd0e714a0843041d:SMT_KEY:4,0x4211b74e881d45cd23d00078fd0e714a0843041d,4,code_hash_length,12003707
polygon-zkevm:0xbf00a98e08ac1079d7574829f7ace1741f992613:SMT_KEY:0,0xbf00a98e08ac1079d7574829f7ace1741f992613,0,balance,12003707
polygon-zkevm:0xbf00a98e08ac1079d7574829f7ace1741f992613:SMT_KEY:1,0xbf00a98e08ac1079d7574829f7ace1741f992613,1,nonce,12003707
polygon-zkevm:0xbf00a98e08ac1079d7574829f7ace1741f992613:SMT_KEY:2,0xbf00a98e08ac1079d7574829f7ace1741f992613,2,code_hash,12003707
polygon-zkevm:0xbf00a98e08ac1079d7574829f7ace1741f992613:SMT_KEY:4,0xbf00a98e08ac1079d7574829f7ace1741f992613,4,code_hash_length,12003707
polygon-zkevm:0x4727dbfb6938a62e2b80c45e19cc7eeb0bbdb9d2:SMT_KEY:0,0x4727dbfb6938a62e2b80c45e19cc7eeb0bbdb9d2,0,balance,12003717
polygon-zkevm:0x4727dbfb6938a62e2b80c45e19cc7eeb0bbdb9d2:SMT_KEY:1,0x4727dbfb6938a62e2b80c45e19cc7eeb0bbdb9d2,1,nonce,12003717
polygon-zkevm:0x4727dbfb6938a62e2b80c45e19cc7eeb0bbdb9d2:SMT_KEY:2,0x4727dbfb6938a62e2b80c45e19cc7eeb0bbdb9d2,2,code_hash,12003717
polygon-zkevm:0x4727dbfb6938a62e2b80c45e19cc7eeb0bbdb9d2:SMT_KEY:4,0x4727dbfb6938a62e2b80c45e19cc7eeb0bbdb9d2,4,code_hash_length,12003717
polygon-zkevm:0xa6e562e5d24feca0fb1c690d9834e52de0cb51b1:SMT_KEY:0,0xa6e562e5d24feca0fb1c690d9834e52de0cb51b1,0,balance,12003807
polygon-zkevm:0xa6e562e5d24feca0fb1c690d9834e52de0cb51b1:SMT_KEY:1,0xa6e562e5d24feca0fb1c690d9834e52de0cb51b1,1,nonce,12003807
polygon-zkevm:0xa6e562e5d24feca0fb1c690d9834e52de0cb51b1:SMT_KEY:2,0xa6e562e5d24feca0fb1c690d9834e52de0cb51b1,2,code_hash,12003807
polygon-zkevm:0xa6e562e5d24feca0fb1c690d9834e52de0cb51b1:SMT_KEY:4,0xa6e562e5d24feca0fb1c690d9834e52de0cb51b1,4,code_hash_length,12003807
polygon-zkevm:0x339defa3ea1b5a08bf6ecf085488fed7f424f699:SMT_KEY:0,0x339defa3ea1b5a08bf6ecf085488fed7f424f699,0,balance,12003837
polygon-zkevm:0x339defa3ea1b5a08bf6ecf085488fed7f424f699:SMT_KEY:1,0x339defa3ea1b5a08bf6ecf085488fed7f424f699,1,nonce,12003837
polygon-zkevm:0x339defa3ea1b5a08bf6ecf085488fed7f424f699:SMT_KEY:2,0x339defa3ea1b5a08bf6ecf085488fed7f424f699,2,code_hash,12003837
polygon-zkevm:0x339defa3ea1b5a08bf6ecf085488fed7f424f699:SMT_KEY:4,0x339defa3ea1b5a08bf6ecf085488fed7f424f699,4,code_hash_length,12003837
polygon-zkevm:0xb073ac8e703123eb457ed6520683c6cd5c402870:SMT_KEY:0,0xb073ac8e703123eb457ed6520683c6cd5c402870,0,balance,12003847
polygon-zkevm:0xb073ac8e703123eb457ed6520683c6cd5c402870:SMT_KEY:1,0xb073ac8e703123eb457ed6520683c6cd5c402870,1,nonce,12003847
polygon-zkevm:0xb073ac8e703123eb457ed6520683c6cd5c402870:SMT_KEY:2,0xb073ac8e703123eb457ed6520683c6cd5c402870,2,code_hash,12003847
polygon-zkevm:0xb073ac8e703123eb457ed6520683c6cd5c402870:SMT_KEY:4,0xb073ac8e703123eb457ed6520683c6cd5c402870,4,code_hash_length,12003847
polygon-zkevm:0xae9b55a2cfc6054ed1b430ff8de1bd84a44204c5:SMT_KEY:0,0xae9b55a2cfc6054ed1b430ff8de1bd84a44204c5,0,balance,12003857
polygon-zkevm:0xae9b55a2cfc6054ed1b430ff8de1bd84a44204c5:SMT_KEY:1,0xae9b55a2cfc6054ed1b430ff8de1bd84a44204c5,1,nonce,12003857
polygon-zkevm:0xae9b55a2cfc6054ed1b430ff8de1bd84a44204c5:SMT_KEY:2,0xae9b55a2cfc6054ed1b430ff8de1bd84a44204c5,2,code_hash,12003857
polygon-zkevm:0xae9b55a2cfc6054ed1b430ff8de1bd84a44204c5:SMT_KEY:4,0xae9b55a2cfc6054ed1b430ff8de1bd84a44204c5,4,code_hash_length,12003857
polygon-zkevm:0xb9c65798359a8431f4861392167a9b8db518ccfe:SMT_KEY:0,0xb9c65798359a8431f4861392167a9b8db518ccfe,0,balance,12003877
polygon-zkevm:0xb9c65798359a8431f4861392167a9b8db518ccfe:SMT_KEY:1,0xb9c65798359a8431f4861392167a9b8db518ccfe,1,nonce,12003877
polygon-zkevm:0xb9c65798359a8431f4861392167a9b8db518ccfe:SMT_KEY:2,0xb9c65798359a8431f4861392167a9b8db518ccfe,2,code_hash,12003877
polygon-zkevm:0xb9c65798359a8431f4861392167a9b8db518ccfe:SMT_KEY:4,0xb9c65798359a8431f4861392167a9b8db518ccfe,4,code_hash_length,12003877
polygon-zkevm:0x6745288f82b5d48289f8740596241b761cb78b2c:SMT_KEY:0,0x6745288f82b5d48289f8740596241b761cb78b2c,0,balance,12003907
polygon-zkevm:0x6745288f82b5d48289f8740596241b761cb78b2c:SMT_KEY:1,0x6745288f82b5d48289f8740596241b761cb78b2c,1,nonce,12003907
polygon-zkevm:0x6745288f82b5d48289f8740596241b761cb78b2c:SMT_KEY:2,0x6745288f82b5d48289f8740596241b761cb78b2c,2,code_hash,12003907
polygon-zkevm:0x6745288f82b5d48289f8740596241b761cb78b2c:SMT_KEY:4,0x6745288f82b5d48289f8740596241b761cb78b2c,4,code_hash_length,12003907
polygon-zkevm:0x60292ee7ac453105b4e1f9893fd2193a953838b8:SMT_KEY:0,0x60292ee7ac453105b4e1f9893fd2193a953838b8,0,balance,12003947
polygon-zkevm:0x60292ee7ac453105b4e1f9893fd2193a953838b8:SMT_KEY:1,0x60292ee7ac453105b4e1f9893fd2193a953838b8,1,nonce,12003947
polygon-zkevm:0x60292ee7ac453105b4e1f9893fd2193a953838b8:SMT_KEY:2,0x60292ee7ac453105b4e1f9893fd2193a953838b8,2,code_hash,12003947
polygon-zkevm:0x60292ee7ac453105b4e1f9893fd2193a953838b8:SMT_KEY:4,0x60292ee7ac453105b4e1f9893fd2193a953838b8,4,code_hash_length,12003947
polygon-zkevm:0x71ad504027c2163668e12f086f5201d3ae605800:SMT_KEY:0,0x71ad504027c2163668e12f086f5201d3ae605800,0,balance,12003967
polygon-zkevm:0x71ad504027c2163668e12f086f5201d3ae605800:SMT_KEY:1,0x71ad504027c2163668e12f086f5201d3ae605800,1,nonce,12003967
polygon-zkevm:0x71ad504027c2163668e12f086f5201d3ae605800:SMT_KEY:2,0x71ad504027c2163668e12f086f5201d3ae605800,2,code_hash,12003967
polygon-zkevm:0x71ad504027c2163668e12f086f5201d3ae605800:SMT_KEY:4,0x71ad504027c2163668e12f086f5201d3ae605800,4,code_hash_length,12003967
polygon-zkevm:0xcca6f0a4d87d6baf8224844b71e97fec57b42c5c:SMT_KEY:0,0xcca6f0a4d87d6baf8224844b71e97fec57b42c5c,0,balance,12003997
polygon-zkevm:0xcca6f0a4d87d6baf8224844b71e97fec57b42c5c:SMT_KEY:1,0xcca6f0a4d87d6baf8224844b71e97fec57b42c5c,1,nonce,12003997
polygon-zkevm:0xcca6f0a4d87d6baf8224844b71e97fec57b42c5c:SMT_KEY:2,0xcca6f0a4d87d6baf8224844b71e97fec57b42c5c,2,code_hash,12003997
polygon-zkevm:0xcca6f0a4d87d6baf8224844b71e97fec57b42c5c:SMT_KEY:4,0xcca6f0a4d87d6baf8224844b71e97fec57b42c5c,4,code_hash_length,12003997
polygon-zkevm:0xb9eb31acc71558bcd765dd1637084483ad5846da:SMT_KEY:0,0xb9eb31acc71558bcd765dd1637084483ad5846da,0,balance,12004067
polygon-zkevm:0xb9eb31acc71558bcd765dd1637084483ad5846da:SMT_KEY:1,0xb9eb31acc71558bcd765dd1637084483ad5846da,1,nonce,12004067
polygon-zkevm:0xb9eb31acc71558bcd765dd1637084483ad5846da:SMT_KEY:2,0xb9eb31acc71558bcd765dd1637084483ad5846da,2,code_hash,12004067
polygon-zkevm:0xb9eb31acc71558bcd765dd1637084483ad5846da:SMT_KEY:4,0xb9eb31acc71558bcd765dd1637084483ad5846da,4,code_hash_length,12004067
polygon-zkevm:0xccd1f417534f35959cc91cf51e36bbc5582a9a4b:SMT_KEY:0,0xccd1f417534f35959cc91cf51e36bbc5582a9a4b,0,balance,12004117
polygon-zkevm:0xccd1f417534f35959cc91cf51e36bbc5582a9a4b:SMT_KEY:1,0xccd1f417534f35959cc91cf51e36bbc5582a9a4b,1,nonce,12004117
polygon-zkevm:0xccd1f417534f35959cc91cf51e36bbc5582a9a4b:SMT_KEY:2,0xccd1f417534f35959cc91cf51e36bbc5582a9a4b,2,code_hash,12004117
polygon-zkevm:0xccd1f417534f35959cc91cf51e36bbc5582a9a4b:SMT_KEY:4,0xccd1f417534f35959cc91cf51e36bbc5582a9a4b,4,code_hash_length,12004117
polygon-zkevm:0xfa2187f9325741e1f96c00a524f6ad5d7e8a7238:SMT_KEY:0,0xfa2187f9325741e1f96c00a524f6ad5d7e8a7238,0,balance,12004177
polygon-zkevm:0xfa2187f9325741e1f96c00a524f6ad5d7e8a7238:SMT_KEY:1,0xfa2187f9325741e1f96c00a524f6ad5d7e8a7238,1,nonce,12004177
polygon-zkevm:0xfa2187f9325741e1f96c00a524f6ad5d7e8a7238:SMT_KEY:2,0xfa2187f9325741e1f96c00a524f6ad5d7e8a7238,2,code_hash,12004177
polygon-zkevm:0xfa2187f9325741e1f96c00a524f6ad5d7e8a7238:SMT_KEY:4,0xfa2187f9325741e1f96c00a524f6ad5d7e8a7238,4,code_hash_length,12004177
polygon-zkevm:0xaeda7b7b834a07df5401e195a8910a84c7493bf9:SMT_KEY:0,0xaeda7b7b834a07df5401e195a8910a84c7493bf9,0,balance,12004217
polygon-zkevm:0xaeda7b7b834a07df5401e195a8910a84c7493bf9:SMT_KEY:1,0xaeda7b7b834a07df5401e195a8910a84c7493bf9,1,nonce,12004217
polygon-zkevm:0xaeda7b7b834a07df5401e195a8910a84c7493bf9:SMT_KEY:2,0xaeda7b7b834a07df5401e195a8910a84c7493bf9,2,code_hash,12004217
polygon-zkevm:0xaeda7b7b834a07df5401e195a8910a84c7493bf9:SMT_KEY:4,0xaeda7b7b834a07df5401e195a8910a84c7493bf9,4,code_hash_length,12004217
polygon-zkevm:0xe322265d0211b7a45a747a7ab7c6b6db843d2dc2:SMT_KEY:0,0xe322265d0211b7a45a747a7ab7c6b6db843d2dc2,0,balance,12004217
polygon-zkevm:0xe322265d0211b7a45a747a7ab7c6b6db843d2dc2:SMT_KEY:1,0xe322265d0211b7a45a747a7ab7c6b6db843d2dc2,1,nonce,12004217
polygon-zkevm:0xe322265d0211b7a45a747a7ab7c6b6db843d2dc2:SMT_KEY:2,0xe322265d0211b7a45a747a7ab7c6b6db843d2dc2,2,code_hash,12004217
polygon-zkevm:0xe322265d0211b7a45a747a7ab7c6b6db843d2dc2:SMT_KEY:4,0xe322265d0211b7a45a747a7ab7c6b6db843d2dc2,4,code_hash_length,12004217
polygon-zkevm:0x81ba1c21286b22bcd165bdd076b1b9244d5f2da9:SMT_KEY:0,0x81ba1c21286b22bcd165bdd076b1b9244d5f2da9,0,balance,12004227
polygon-zkevm:0x81ba1c21286b22bcd165bdd076b1b9244d5f2da9:SMT_KEY:1,0x81ba1c21286b22bcd165bdd076b1b9244d5f2da9,1,nonce,12004227
polygon-zkevm:0x81ba1c21286b22bcd165bdd076b1b9244d5f2da9:SMT_KEY:2,0x81ba1c21286b22bcd165bdd076b1b9244d5f2da9,2,code_hash,12004227
polygon-zkevm:0x81ba1c21286b22bcd165bdd076b1b9244d5f2da9:SMT_KEY:4,0x81ba1c21286b22bcd165bdd076b1b9244d5f2da9,4,code_hash_length,12004227
polygon-zkevm:0x89deb2f7f0acd975a31107b252113c7903bbc326:SMT_KEY:0,0x89deb2f7f0acd975a31107b252113c7903bbc326,0,balance,12004247
polygon-zkevm:0x89deb2f7f0acd975a31107b252113c7903bbc326:SMT_KEY:1,0x89deb2f7f0acd975a31107b252113c7903bbc326,1,nonce,12004247
polygon-zkevm:0x89deb2f7f0acd975a31107b252113c7903bbc326:SMT_KEY:2,0x89deb2f7f0acd975a31107b252113c7903bbc326,2,code_hash,12004247
polygon-zkevm:0x89deb2f7f0acd975a31107b252113c7903bbc326:SMT_KEY:4,0x89deb2f7f0acd975a31107b252113c7903bbc326,4,code_hash_length,12004247
polygon-zkevm:0xd3ef989c0d7ea8daf8876f49a76564804a1619b6:SMT_KEY:0,0xd3ef989c0d7ea8daf8876f49a76564804a1619b6,0,balance,12004317
polygon-zkevm:0xd3ef989c0d7ea8daf8876f49a76564804a1619b6:SMT_KEY:1,0xd3ef989c0d7ea8daf8876f49a76564804a1619b6,1,nonce,12004317
polygon-zkevm:0xd3ef989c0d7ea8daf8876f49a76564804a1619b6:SMT_KEY:2,0xd3ef989c0d7ea8daf8876f49a76564804a1619b6,2,code_hash,12004317
polygon-zkevm:0xd3ef989c0d7ea8daf8876f49a76564804a1619b6:SMT_KEY:4,0xd3ef989c0d7ea8daf8876f49a76564804a1619b6,4,code_hash_length,12004317
polygon-zkevm:0xedc03c234882fa785e7084b2c7e13bc8b7b6a4e3:SMT_KEY:0,0xedc03c234882fa785e7084b2c7e13bc8b7b6a4e3,0,balance,12004317
polygon-zkevm:0xedc03c234882fa785e7084b2c7e13bc8b7b6a4e3:SMT_KEY:1,0xedc03c234882fa785e7084b2c7e13bc8b7b6a4e3,1,nonce,12004317
polygon-zkevm:0xedc03c234882fa785e7084b2c7e13bc8b7b6a4e3:SMT_KEY:2,0xedc03c234882fa785e7084b2c7e13bc8b7b6a4e3,2,code_hash,12004317
polygon-zkevm:0xedc03c234882fa785e7084b2c7e13bc8b7b6a4e3:SMT_KEY:4,0xedc03c234882fa785e7084b2c7e13bc8b7b6a4e3,4,code_hash_length,12004317
polygon-zkevm:0x199f9e430c2970832f4483ed0013abd8d247715d:SMT_KEY:0,0x199f9e430c2970832f4483ed0013abd8d247715d,0,balance,12004347
polygon-zkevm:0x199f9e430c2970832f4483ed0013abd8d247715d:SMT_KEY:1,0x199f9e430c2970832f4483ed0013abd8d247715d,1,nonce,12004347
polygon-zkevm:0x199f9e430c2970832f4483ed0013abd8d247715d:SMT_KEY:2,0x199f9e430c2970832f4483ed0013abd8d247715d,2,code_hash,12004347
polygon-zkevm:0x199f9e430c2970832f4483ed0013abd8d247715d:SMT_KEY:4,0x199f9e430c2970832f4483ed0013abd8d247715d,4,code_hash_length,12004347
polygon-zkevm:0x4412545af27ef57d8ba9931099c870b566210baa:SMT_KEY:0,0x4412545af27ef57d8ba9931099c870b566210baa,0,balance,12004347
polygon-zkevm:0x4412545af27ef57d8ba9931099c870b566210baa:SMT_KEY:1,0x4412545af27ef57d8ba9931099c870b566210baa,1,nonce,12004347
polygon-zkevm:0x4412545af27ef57d8ba9931099c870b566210baa:SMT_KEY:2,0x4412545af27ef57d8ba9931099c870b566210baa,2,code_hash,12004347
polygon-zkevm:0x4412545af27ef57d8ba9931099c870b566210baa:SMT_KEY:4,0x4412545af27ef57d8ba9931099c870b566210baa,4,code_hash_length,12004347
polygon-zkevm:0x96d60f471b394fe38d2ac9687b2c9dc05a055b53:SMT_KEY:0,0x96d60f471b394fe38d2ac9687b2c9dc05a055b53,0,balance,12004347
polygon-zkevm:0x96d60f471b394fe38d2ac9687b2c9dc05a055b53:SMT_KEY:1,0x96d60f471b394fe38d2ac9687b2c9dc05a055b53,1,nonce,12004347
polygon-zkevm:0x96d60f471b394fe38d2ac9687b2c9dc05a055b53:SMT_KEY:2,0x96d60f471b394fe38d2ac9687b2c9dc05a055b53,2,code_hash,12004347
polygon-zkevm:0x96d60f471b394fe38d2ac9687b2c9dc05a055b53:SMT_KEY:4,0x96d60f471b394fe38d2ac9687b2c9dc05a055b53,4,code_hash_length,12004347
polygon-zkevm:0xb580b8e1d3eb850ac8f657532a840dc49c2d1567:SMT_KEY:0,0xb580b8e1d3eb850ac8f657532a840dc49c2d1567,0,balance,12004417
polygon-zkevm:0xb580b8e1d3eb850ac8f657532a840dc49c2d1567:SMT_KEY:1,0xb580b8e1d3eb850ac8f657532a840dc49c2d1567,1,nonce,12004417
polygon-zkevm:0xb580b8e1d3eb850ac8f657532a840dc49c2d1567:SMT_KEY:2,0xb580b8e1d3eb850ac8f657532a840dc49c2d1567,2,code_hash,12004417
polygon-zkevm:0xb580b8e1d3eb850ac8f657532a840dc49c2d1567:SMT_KEY:4,0xb580b8e1d3eb850ac8f657532a840dc49c2d1567,4,code_hash_length,12004417
polygon-zkevm:0x17b2340242f5b529e559959a5d1b726d4bbdbaa4:SMT_KEY:0,0x17b2340242f5b529e559959a5d1b726d4bbdbaa4,0,balance,12004447
polygon-zkevm:0x17b2340242f5b529e559959a5d1b726d4bbdbaa4:SMT_KEY:1,0x17b2340242f5b529e559959a5d1b726d4bbdbaa4,1,nonce,12004447
polygon-zkevm:0x17b2340242f5b529e559959a5d1b726d4bbdbaa4:SMT_KEY:2,0x17b2340242f5b529e559959a5d1b726d4bbdbaa4,2,code_hash,12004447
polygon-zkevm:0x17b2340242f5b529e559959a5d1b726d4bbdbaa4:SMT_KEY:4,0x17b2340242f5b529e559959a5d1b726d4bbdbaa4,4,code_hash_length,12004447
polygon-zkevm:0x2ae69f6c8f285bc7560abd2a08a8bb0ea44f9690:SMT_KEY:0,0x2ae69f6c8f285bc7560abd2a08a8bb0ea44f9690,0,balance,12004457
polygon-zkevm:0x2ae69f6c8f285bc7560abd2a08a8bb0ea44f9690:SMT_KEY:1,0x2ae69f6c8f285bc7560abd2a08a8bb0ea44f9690,1,nonce,12004457
polygon-zkevm:0x2ae69f6c8f285bc7560abd2a08a8bb0ea44f9690:SMT_KEY:2,0x2ae69f6c8f285bc7560abd2a08a8bb0ea44f9690,2,code_hash,12004457
polygon-zkevm:0x2ae69f6c8f285bc7560abd2a08a8bb0ea44f9690:SMT_KEY:4,0x2ae69f6c8f285bc7560abd2a08a8bb0ea44f9690,4,code_hash_length,12004457
polygon-zkevm:0xc0b05248197ae986fa1e54733dbf389f468e97cf:SMT_KEY:0,0xc0b05248197ae986fa1e54733dbf389f468e97cf,0,balance,12004467
polygon-zkevm:0xc0b05248197ae986fa1e54733dbf389f468e97cf:SMT_KEY:1,0xc0b05248197ae986fa1e54733dbf389f468e97cf,1,nonce,12004467
polygon-zkevm:0xc0b05248197ae986fa1e54733dbf389f468e97cf:SMT_KEY:2,0xc0b05248197ae986fa1e54733dbf389f468e97cf,2,code_hash,12004467
polygon-zkevm:0xc0b05248197ae986fa1e54733dbf389f468e97cf:SMT_KEY:4,0xc0b05248197ae986fa1e54733dbf389f468e97cf,4,code_hash_length,12004467
polygon-zkevm:0x587f47ed1096d2de800dd93a40a0f146fdd38307:SMT_KEY:0,0x587f47ed1096d2de800dd93a40a0f146fdd38307,0,balance,12004477
polygon-zkevm:0x587f47ed1096d2de800dd93a40a0f146fdd38307:SMT_KEY:1,0x587f47ed1096d2de800dd93a40a0f146fdd38307,1,nonce,12004477
polygon-zkevm:0x587f47ed1096d2de800dd93a40a0f146fdd38307:SMT_KEY:2,0x587f47ed1096d2de800dd93a40a0f146fdd38307,2,code_hash,12004477
polygon-zkevm:0x587f47ed1096d2de800dd93a40a0f146fdd38307:SMT_KEY:4,0x587f47ed1096d2de800dd93a40a0f146fdd38307,4,code_hash_length,12004477
polygon-zkevm:0xf57cb671d50535126694ce5cc3cebe3f32794896:SMT_KEY:0,0xf57cb671d50535126694ce5cc3cebe3f32794896,0,balance,12004477
polygon-zkevm:0xf57cb671d50535126694ce5cc3cebe3f32794896:SMT_KEY:1,0xf57cb671d50535126694ce5cc3cebe3f32794896,1,nonce,12004477
polygon-zkevm:0xf57cb671d50535126694ce5cc3cebe3f32794896:SMT_KEY:2,0xf57cb671d50535126694ce5cc3cebe3f32794896,2,code_hash,12004477
polygon-zkevm:0xf57cb671d50535126694ce5cc3cebe3f32794896:SMT_KEY:4,0xf57cb671d50535126694ce5cc3cebe3f32794896,4,code_hash_length,12004477
polygon-zkevm:0x501c094db0d04b1a0eaca9d47cd1f35960decc07:SMT_KEY:0,0x501c094db0d04b1a0eaca9d47cd1f35960decc07,0,balance,12004517
polygon-zkevm:0x501c094db0d04b1a0eaca9d47cd1f35960decc07:SMT_KEY:1,0x501c094db0d04b1a0eaca9d47cd1f35960decc07,1,nonce,12004517
polygon-zkevm:0x501c094db0d04b1a0eaca9d47cd1f35960decc07:SMT_KEY:2,0x501c094db0d04b1a0eaca9d47cd1f35960decc07,2,code_hash,12004517
polygon-zkevm:0x501c094db0d04b1a0eaca9d47cd1f35960decc07:SMT_KEY:4,0x501c094db0d04b1a0eaca9d47cd1f35960decc07,4,code_hash_length,12004517
polygon-zkevm:0xdd35e5fc078d9536f3a95371879bdad7ca679aa2:SMT_KEY:0,0xdd35e5fc078d9536f3a95371879bdad7ca679aa2,0,balance,12004527
polygon-zkevm:0xdd35e5fc078d9536f3a95371879bdad7ca679aa2:SMT_KEY:1,0xdd35e5fc078d9536f3a95371879bdad7ca679aa2,1,nonce,12004527
polygon-zkevm:0xdd35e5fc078d9536f3a95371879bdad7ca679aa2:SMT_KEY:2,0xdd35e5fc078d9536f3a95371879bdad7ca679aa2,2,code_hash,12004527
polygon-zkevm:0xdd35e5fc078d9536f3a95371879bdad7ca679aa2:SMT_KEY:4,0xdd35e5fc078d9536f3a95371879bdad7ca679aa2,4,code_hash_length,12004527
polygon-zkevm:0x0fb1e9d87baddd120a8c0c45767e46fce43f7c50:SMT_KEY:0,0x0fb1e9d87baddd120a8c0c45767e46fce43f7c50,0,balance,12004567
polygon-zkevm:0x0fb1e9d87baddd120a8c0c45767e46fce43f7c50:SMT_KEY:1,0x0fb1e9d87baddd120a8c0c45767e46fce43f7c50,1,nonce,12004567
polygon-zkevm:0x0fb1e9d87baddd120a8c0c45767e46fce43f7c50:SMT_KEY:2,0x0fb1e9d87baddd120a8c0c45767e46fce43f7c50,2,code_hash,12004567
polygon-zkevm:0x0fb1e9d87baddd120a8c0c45767e46fce43f7c50:SMT_KEY:4,0x0fb1e9d87baddd120a8c0c45767e46fce43f7c50,4,code_hash_length,12004567
polygon-zkevm:0x48116ed47930415b933c8125d425ccee455e34f6:SMT_KEY:0,0x48116ed47930415b933c8125d425ccee455e34f6,0,balance,12004597
polygon-zkevm:0x48116ed47930415b933c8125d425ccee455e34f6:SMT_KEY:1,0x48116ed47930415b933c8125d425ccee455e34f6,1,nonce,12004597
polygon-zkevm:0x48116ed47930415b933c8125d425ccee455e34f6:SMT_KEY:2,0x48116ed47930415b933c8125d425ccee455e34f6,2,code_hash,12004597
polygon-zkevm:0x48116ed47930415b933c8125d425ccee455e34f6:SMT_KEY:4,0x48116ed47930415b933c8125d425ccee455e34f6,4,code_hash_length,12004597
polygon-zkevm:0xf279827d7f3c26bf275fb1d0b80b516c55f31c19:SMT_KEY:0,0xf279827d7f3c26bf275fb1d0b80b516c55f31c19,0,balance,12004607
polygon-zkevm:0xf279827d7f3c26bf275fb1d0b80b516c55f31c19:SMT_KEY:1,0xf279827d7f3c26bf275fb1d0b80b516c55f31c19,1,nonce,12004607
polygon-zkevm:0xf279827d7f3c26bf275fb1d0b80b516c55f31c19:SMT_KEY:2,0xf279827d7f3c26bf275fb1d0b80b516c55f31c19,2,code_hash,12004607
polygon-zkevm:0xf279827d7f3c26bf275fb1d0b80b516c55f31c19:SMT_KEY:4,0xf279827d7f3c26bf275fb1d0b80b516c55f31c19,4,code_hash_length,12004607
polygon-zkevm:0x00051d55999c7cd91b17af7276cbecd647dbc000:SMT_KEY:0,0x00051d55999c7cd91b17af7276cbecd647dbc000,0,balance,12004647
polygon-zkevm:0x00051d55999c7cd91b17af7276cbecd647dbc000:SMT_KEY:1,0x00051d55999c7cd91b17af7276cbecd647dbc000,1,nonce,12004647
polygon-zkevm:0x00051d55999c7cd91b17af7276cbecd647dbc000:SMT_KEY:2,0x00051d55999c7cd91b17af7276cbecd647dbc000,2,code_hash,12004647
polygon-zkevm:0x00051d55999c7cd91b17af7276cbecd647dbc000:SMT_KEY:4,0x00051d55999c7cd91b17af7276cbecd647dbc000,4,code_hash_length,12004647
polygon-zkevm:0xaf850edb8df389de8dacbb29391f6e032349a1a3:SMT_KEY:0,0xaf850edb8df389de8dacbb29391f6e032349a1a3,0,balance,12004677
polygon-zkevm:0xaf850edb8df389de8dacbb29391f6e032349a1a3:SMT_KEY:1,0xaf850edb8df389de8dacbb29391f6e032349a1a3,1,nonce,12004677
polygon-zkevm:0xaf850edb8df389de8dacbb29391f6e032349a1a3:SMT_KEY:2,0xaf850edb8df389de8dacbb29391f6e032349a1a3,2,code_hash,12004677
polygon-zkevm:0xaf850edb8df389de8dacbb29391f6e032349a1a3:SMT_KEY:4,0xaf850edb8df389de8dacbb29391f6e032349a1a3,4,code_hash_length,12004677
polygon-zkevm:0x9ff1c9f8a758891ad2a1a5bcaf3c49ff06a00281:SMT_KEY:0,0x9ff1c9f8a758891ad2a1a5bcaf3c49ff06a00281,0,balance,12004687
polygon-zkevm:0x9ff1c9f8a758891ad2a1a5bcaf3c49ff06a00281:SMT_KEY:1,0x9ff1c9f8a758891ad2a1a5bcaf3c49ff06a00281,1,nonce,12004687
polygon-zkevm:0x9ff1c9f8a758891ad2a1a5bcaf3c49ff06a00281:SMT_KEY:2,0x9ff1c9f8a758891ad2a1a5bcaf3c49ff06a00281,2,code_hash,12004687
polygon-zkevm:0x9ff1c9f8a758891ad2a1a5bcaf3c49ff06a00281:SMT_KEY:4,0x9ff1c9f8a758891ad2a1a5bcaf3c49ff06a00281,4,code_hash_length,12004687
polygon-zkevm:0x95045076fc93a14a4e9b576599479cb4f58a1b11:SMT_KEY:0,0x95045076fc93a14a4e9b576599479cb4f58a1b11,0,balance,12004737
polygon-zkevm:0x95045076fc93a14a4e9b576599479cb4f58a1b11:SMT_KEY:1,0x95045076fc93a14a4e9b576599479cb4f58a1b11,1,nonce,12004737
polygon-zkevm:0x95045076fc93a14a4e9b576599479cb4f58a1b11:SMT_KEY:2,0x95045076fc93a14a4e9b576599479cb4f58a1b11,2,code_hash,12004737
polygon-zkevm:0x95045076fc93a14a4e9b576599479cb4f58a1b11:SMT_KEY:4,0x95045076fc93a14a4e9b576599479cb4f58a1b11,4,code_hash_length,12004737
polygon-zkevm:0x5fe5256a5dd4e30ad3106f97ac101b1d3b4c1317:SMT_KEY:0,0x5fe5256a5dd4e30ad3106f97ac101b1d3b4c1317,0,balance,12004757
polygon-zkevm:0x5fe5256a5dd4e30ad3106f97ac101b1d3b4c1317:SMT_KEY:1,0x5fe5256a5dd4e30ad3106f97ac101b1d3b4c1317,1,nonce,12004757
polygon-zkevm:0x5fe5256a5dd4e30ad3106f97ac101b1d3b4c1317:SMT_KEY:2,0x5fe5256a5dd4e30ad3106f97ac101b1d3b4c1317,2,code_hash,12004757
polygon-zkevm:0x5fe5256a5dd4e30ad3106f97ac101b1d3b4c1317:SMT_KEY:4,0x5fe5256a5dd4e30ad3106f97ac101b1d3b4c1317,4,code_hash_length,12004757
polygon-zkevm:0x7f89a599296600da8a2a6d8ed6df551b8a283a61:SMT_KEY:0,0x7f89a599296600da8a2a6d8ed6df551b8a283a61,0,balance,12004787
polygon-zkevm:0x7f89a599296600da8a2a6d8ed6df551b8a283a61:SMT_KEY:1,0x7f89a599296600da8a2a6d8ed6df551b8a283a61,1,nonce,12004787
polygon-zkevm:0x7f89a599296600da8a2a6d8ed6df551b8a283a61:SMT_KEY:2,0x7f89a599296600da8a2a6d8ed6df551b8a283a61,2,code_hash,12004787
polygon-zkevm:0x7f89a599296600da8a2a6d8ed6df551b8a283a61:SMT_KEY:4,0x7f89a599296600da8a2a6d8ed6df551b8a283a61,4,code_hash_length,12004787
polygon-zkevm:0xca585e09df67e83106c9bcd839c989ace537bf95:SMT_KEY:0,0xca585e09df67e83106c9bcd839c989ace537bf95,0,balance,12004787
polygon-zkevm:0xca585e09df67e83106c9bcd839c989ace537bf95:SMT_KEY:1,0xca585e09df67e83106c9bcd839c989ace537bf95,1,nonce,12004787
polygon-zkevm:0xca585e09df67e83106c9bcd839c989ace537bf95:SMT_KEY:2,0xca585e09df67e83106c9bcd839c989ace537bf95,2,code_hash,12004787
polygon-zkevm:0xca585e09df67e83106c9bcd839c989ace537bf95:SMT_KEY:4,0xca585e09df67e83106c9bcd839c989ace537bf95,4,code_hash_length,12004787
polygon-zkevm:0x98f0f120de21a90f220b0027a9c70029df9bbde4:SMT_KEY:0,0x98f0f120de21a90f220b0027a9c70029df9bbde4,0,balance,15998497
polygon-zkevm:0x98f0f120de21a90f220b0027a9c70029df9bbde4:SMT_KEY:1,0x98f0f120de21a90f220b0027a9c70029df9bbde4,1,nonce,15998497
polygon-zkevm:0x98f0f120de21a90f220b0027a9c70029df9bbde4:SMT_KEY:2,0x98f0f120de21a90f220b0027a9c70029df9bbde4,2,code_hash,15998497
polygon-zkevm:0x98f0f120de21a90f220b0027a9c70029df9bbde4:SMT_KEY:4,0x98f0f120de21a90f220b0027a9c70029df9bbde4,4,code_hash_length,15998497
polygon-zkevm:0x063bac84221b5b02b92ceb740ac129db0edfedc7:SMT_KEY:0,0x063bac84221b5b02b92ceb740ac129db0edfedc7,0,balance,15998517
polygon-zkevm:0x063bac84221b5b02b92ceb740ac129db0edfedc7:SMT_KEY:1,0x063bac84221b5b02b92ceb740ac129db0edfedc7,1,nonce,15998517
polygon-zkevm:0x063bac84221b5b02b92ceb740ac129db0edfedc7:SMT_KEY:2,0x063bac84221b5b02b92ceb740ac129db0edfedc7,2,code_hash,15998517
polygon-zkevm:0x063bac84221b5b02b92ceb740ac129db0edfedc7:SMT_KEY:4,0x063bac84221b5b02b92ceb740ac129db0edfedc7,4,code_hash_length,15998517
polygon-zkevm:0x2e8932d5662ad426fe335162b233680a524395ee:SMT_KEY:0,0x2e8932d5662ad426fe335162b233680a524395ee,0,balance,15998517
polygon-zkevm:0x2e8932d5662ad426fe335162b233680a524395ee:SMT_KEY:1,0x2e8932d5662ad426fe335162b233680a524395ee,1,nonce,15998517
polygon-zkevm:0x2e8932d5662ad426fe335162b233680a524395ee:SMT_KEY:2,0x2e8932d5662ad426fe335162b233680a524395ee,2,code_hash,15998517
polygon-zkevm:0x2e8932d5662ad426fe335162b233680a524395ee:SMT_KEY:4,0x2e8932d5662ad426fe335162b233680a524395ee,4,code_hash_length,15998517
polygon-zkevm:0xefabbdefad6c123ffb11f1e3251d516e2764495d:SMT_KEY:0,0xefabbdefad6c123ffb11f1e3251d516e2764495d,0,balance,15998517
polygon-zkevm:0xefabbdefad6c123ffb11f1e3251d516e2764495d:SMT_KEY:1,0xefabbdefad6c123ffb11f1e3251d516e2764495d,1,nonce,15998517
polygon-zkevm:0xefabbdefad6c123ffb11f1e3251d516e2764495d:SMT_KEY:2,0xefabbdefad6c123ffb11f1e3251d516e2764495d,2,code_hash,15998517
polygon-zkevm:0xefabbdefad6c123ffb11f1e3251d516e2764495d:SMT_KEY:4,0xefabbdefad6c123ffb11f1e3251d516e2764495d,4,code_hash_length,15998517
polygon-zkevm:0x60e5fb6e3c2e3ec686453227c623f39f4041afd8:SMT_KEY:0,0x60e5fb6e3c2e3ec686453227c623f39f4041afd8,0,balance,15998547
polygon-zkevm:0x60e5fb6e3c2e3ec686453227c623f39f4041afd8:SMT_KEY:1,0x60e5fb6e3c2e3ec686453227c623f39f4041afd8,1,nonce,15998547
polygon-zkevm:0x60e5fb6e3c2e3ec686453227c623f39f4041afd8:SMT_KEY:2,0x60e5fb6e3c2e3ec686453227c623f39f4041afd8,2,code_hash,15998547
polygon-zkevm:0x60e5fb6e3c2e3ec686453227c623f39f4041afd8:SMT_KEY:4,0x60e5fb6e3c2e3ec686453227c623f39f4041afd8,4,code_hash_length,15998547
polygon-zkevm:0xb1e3eee501f24dfdb6ae00fcc905dd0b6a281ff5:SMT_KEY:0,0xb1e3eee501f24dfdb6ae00fcc905dd0b6a281ff5,0,balance,15998577
polygon-zkevm:0xb1e3eee501f24dfdb6ae00fcc905dd0b6a281ff5:SMT_KEY:1,0xb1e3eee501f24dfdb6ae00fcc905dd0b6a281ff5,1,nonce,15998577
polygon-zkevm:0xb1e3eee501f24dfdb6ae00fcc905dd0b6a281ff5:SMT_KEY:2,0xb1e3eee501f24dfdb6ae00fcc905dd0b6a281ff5,2,code_hash,15998577
polygon-zkevm:0xb1e3eee501f24dfdb6ae00fcc905dd0b6a281ff5:SMT_KEY:4,0xb1e3eee501f24dfdb6ae00fcc905dd0b6a281ff5,4,code_hash_length,15998577
polygon-zkevm:0xf9e82b6b3ccc71e9f206677e850b7593459bb6f7:SMT_KEY:0,0xf9e82b6b3ccc71e9f206677e850b7593459bb6f7,0,balance,15998577
polygon-zkevm:0xf9e82b6b3ccc71e9f206677e850b7593459bb6f7:SMT_KEY:1,0xf9e82b6b3ccc71e9f206677e850b7593459bb6f7,1,nonce,15998577
polygon-zkevm:0xf9e82b6b3ccc71e9f206677e850b7593459bb6f7:SMT_KEY:2,0xf9e82b6b3ccc71e9f206677e850b7593459bb6f7,2,code_hash,15998577
polygon-zkevm:0xf9e82b6b3ccc71e9f206677e850b7593459bb6f7:SMT_KEY:4,0xf9e82b6b3ccc71e9f206677e850b7593459bb6f7,4,code_hash_length,15998577
polygon-zkevm:0x31b28e8a575bd07b53c51d0a7dc38c9dc47b7d9e:SMT_KEY:0,0x31b28e8a575bd07b53c51d0a7dc38c9dc47b7d9e,0,balance,15998597
polygon-zkevm:0x31b28e8a575bd07b53c51d0a7dc38c9dc47b7d9e:SMT_KEY:1,0x31b28e8a575bd07b53c51d0a7dc38c9dc47b7d9e,1,nonce,15998597
polygon-zkevm:0x31b28e8a575bd07b53c51d0a7dc38c9dc47b7d9e:SMT_KEY:2,0x31b28e8a575bd07b53c51d0a7dc38c9dc47b7d9e,2,code_hash,15998597
polygon-zkevm:0x31b28e8a575bd07b53c51d0a7dc38c9dc47b7d9e:SMT_KEY:4,0x31b28e8a575bd07b53c51d0a7dc38c9dc47b7d9e,4,code_hash_length,15998597
polygon-zkevm:0xb8af4fa4feabaa02a09d146e4f871ea4a0a41c04:SMT_KEY:0,0xb8af4fa4feabaa02a09d146e4f871ea4a0a41c04,0,balance,15998597
polygon-zkevm:0xb8af4fa4feabaa02a09d146e4f871ea4a0a41c04:SMT_KEY:1,0xb8af4fa4feabaa02a09d146e4f871ea4a0a41c04,1,nonce,15998597
polygon-zkevm:0xb8af4fa4feabaa02a09d146e4f871ea4a0a41c04:SMT_KEY:2,0xb8af4fa4feabaa02a09d146e4f871ea4a0a41c04,2,code_hash,15998597
polygon-zkevm:0xb8af4fa4feabaa02a09d146e4f871ea4a0a41c04:SMT_KEY:4,0xb8af4fa4feabaa02a09d146e4f871ea4a0a41c04,4,code_hash_length,15998597
polygon-zkevm:0xdd144d2b6de680c9faf1ebf1b801f85ad4b4cfe3:SMT_KEY:0,0xdd144d2b6de680c9faf1ebf1b801f85ad4b4cfe3,0,balance,15998597
polygon-zkevm:0xdd144d2b6de680c9faf1ebf1b801f85ad4b4cfe3:SMT_KEY:1,0xdd144d2b6de680c9faf1ebf1b801f85ad4b4cfe3,1,nonce,15998597
polygon-zkevm:0xdd144d2b6de680c9faf1ebf1b801f85ad4b4cfe3:SMT_KEY:2,0xdd144d2b6de680c9faf1ebf1b801f85ad4b4cfe3,2,code_hash,15998597
polygon-zkevm:0xdd144d2b6de680c9faf1ebf1b801f85ad4b4cfe3:SMT_KEY:4,0xdd144d2b6de680c9faf1ebf1b801f85ad4b4cfe3,4,code_hash_length,15998597
polygon-zkevm:0x804f813be88d36e2388b0edf317a721067c656dc:SMT_KEY:0,0x804f813be88d36e2388b0edf317a721067c656dc,0,balance,15998667
polygon-zkevm:0x804f813be88d36e2388b0edf317a721067c656dc:SMT_KEY:1,0x804f813be88d36e2388b0edf317a721067c656dc,1,nonce,15998667
polygon-zkevm:0x804f813be88d36e2388b0edf317a721067c656dc:SMT_KEY:2,0x804f813be88d36e2388b0edf317a721067c656dc,2,code_hash,15998667
polygon-zkevm:0x804f813be88d36e2388b0edf317a721067c656dc:SMT_KEY:4,0x804f813be88d36e2388b0edf317a721067c656dc,4,code_hash_length,15998667
polygon-zkevm:0x6a65842233db5b345764fc716092abcef221b441:SMT_KEY:0,0x6a65842233db5b345764fc716092abcef221b441,0,balance,15998697
polygon-zkevm:0x6a65842233db5b345764fc716092abcef221b441:SMT_KEY:1,0x6a65842233db5b345764fc716092abcef221b441,1,nonce,15998697
polygon-zkevm:0x6a65842233db5b345764fc716092abcef221b441:SMT_KEY:2,0x6a65842233db5b345764fc716092abcef221b441,2,code_hash,15998697
polygon-zkevm:0x6a65842233db5b345764fc716092abcef221b441:SMT_KEY:4,0x6a65842233db5b345764fc716092abcef221b441,4,code_hash_length,15998697
polygon-zkevm:0x91604f590d66ace8975eed6bd16cf55647d1c499:SMT_KEY:0,0x91604f590d66ace8975eed6bd16cf55647d1c499,0,balance,15998697
polygon-zkevm:0x91604f590d66ace8975eed6bd16cf55647d1c499:SMT_KEY:1,0x91604f590d66ace8975eed6bd16cf55647d1c499,1,nonce,15998697
polygon-zkevm:0x91604f590d66ace8975eed6bd16cf55647d1c499:SMT_KEY:2,0x91604f590d66ace8975eed6bd16cf55647d1c499,2,code_hash,15998697
polygon-zkevm:0x91604f590d66ace8975eed6bd16cf55647d1c499:SMT_KEY:4,0x91604f590d66ace8975eed6bd16cf55647d1c499,4,code_hash_length,15998697
polygon-zkevm:0x6a3f0c54587a9b6a77af22d7019960a3e54f6f8e:SMT_KEY:0,0x6a3f0c54587a9b6a77af22d7019960a3e54f6f8e,0,balance,15998767
polygon-zkevm:0x6a3f0c54587a9b6a77af22d7019960a3e54f6f8e:SMT_KEY:1,0x6a3f0c54587a9b6a77af22d7019960a3e54f6f8e,1,nonce,15998767
polygon-zkevm:0x6a3f0c54587a9b6a77af22d7019960a3e54f6f8e:SMT_KEY:2,0x6a3f0c54587a9b6a77af22d7019960a3e54f6f8e,2,code_hash,15998767
polygon-zkevm:0x6a3f0c54587a9b6a77af22d7019960a3e54f6f8e:SMT_KEY:4,0x6a3f0c54587a9b6a77af22d7019960a3e54f6f8e,4,code_hash_length,15998767
polygon-zkevm:0xafc81c13d1daf52802b16cdb3b922cbd512e8c95:SMT_KEY:0,0xafc81c13d1daf52802b16cdb3b922cbd512e8c95,0,balance,15998837
polygon-zkevm:0xafc81c13d1daf52802b16cdb3b922cbd512e8c95:SMT_KEY:1,0xafc81c13d1daf52802b16cdb3b922cbd512e8c95,1,nonce,15998837
polygon-zkevm:0xafc81c13d1daf52802b16cdb3b922cbd512e8c95:SMT_KEY:2,0xafc81c13d1daf52802b16cdb3b922cbd512e8c95,2,code_hash,15998837
polygon-zkevm:0xafc81c13d1daf52802b16cdb3b922cbd512e8c95:SMT_KEY:4,0xafc81c13d1daf52802b16cdb3b922cbd512e8c95,4,code_hash_length,15998837
polygon-zkevm:0x1195cf65f83b3a5768f3c496d3a05ad6412c64b7:SMT_KEY:0,0x1195cf65f83b3a5768f3c496d3a05ad6412c64b7,0,balance,15998957
polygon-zkevm:0x1195cf65f83b3a5768f3c496d3a05ad6412c64b7:SMT_KEY:1,0x1195cf65f83b3a5768f3c496d3a05ad6412c64b7,1,nonce,15998957
polygon-zkevm:0x1195cf65f83b3a5768f3c496d3a05ad6412c64b7:SMT_KEY:2,0x1195cf65f83b3a5768f3c496d3a05ad6412c64b7,2,code_hash,15998957
polygon-zkevm:0x1195cf65f83b3a5768f3c496d3a05ad6412c64b7:SMT_KEY:4,0x1195cf65f83b3a5768f3c496d3a05ad6412c64b7,4,code_hash_length,15998957
polygon-zkevm:0x38f9a6cb26747194deb0f6bfb6b89340aad1b270:SMT_KEY:0,0x38f9a6cb26747194deb0f6bfb6b89340aad1b270,0,balance,15998957
polygon-zkevm:0x38f9a6cb26747194deb0f6bfb6b89340aad1b270:SMT_KEY:1,0x38f9a6cb26747194deb0f6bfb6b89340aad1b270,1,nonce,15998957
polygon-zkevm:0x38f9a6cb26747194deb0f6bfb6b89340aad1b270:SMT_KEY:2,0x38f9a6cb26747194deb0f6bfb6b89340aad1b270,2,code_hash,15998957
polygon-zkevm:0x38f9a6cb26747194deb0f6bfb6b89340aad1b270:SMT_KEY:4,0x38f9a6cb26747194deb0f6bfb6b89340aad1b270,4,code_hash_length,15998957
polygon-zkevm:0x3c062959a5c2e5d9143460f484161bf2397871ee:SMT_KEY:0,0x3c062959a5c2e5d9143460f484161bf2397871ee,0,balance,15998957
polygon-zkevm:0x3c062959a5c2e5d9143460f484161bf2397871ee:SMT_KEY:1,0x3c062959a5c2e5d9143460f484161bf2397871ee,1,nonce,15998957
polygon-zkevm:0x3c062959a5c2e5d9143460f484161bf2397871ee:SMT_KEY:2,0x3c062959a5c2e5d9143460f484161bf2397871ee,2,code_hash,15998957
polygon-zkevm:0x3c062959a5c2e5d9143460f484161bf2397871ee:SMT_KEY:4,0x3c062959a5c2e5d9143460f484161bf2397871ee,4,code_hash_length,15998957
polygon-zkevm:0xe7a3b42c9917aa3ae239cc43d13856e1ae987662:SMT_KEY:0,0xe7a3b42c9917aa3ae239cc43d13856e1ae987662,0,balance,15998957
polygon-zkevm:0xe7a3b42c9917aa3ae239cc43d13856e1ae987662:SMT_KEY:1,0xe7a3b42c9917aa3ae239cc43d13856e1ae987662,1,nonce,15998957
polygon-zkevm:0xe7a3b42c9917aa3ae239cc43d13856e1ae987662:SMT_KEY:2,0xe7a3b42c9917aa3ae239cc43d13856e1ae987662,2,code_hash,15998957
polygon-zkevm:0xe7a3b42c9917aa3ae239cc43d13856e1ae987662:SMT_KEY:4,0xe7a3b42c9917aa3ae239cc43d13856e1ae987662,4,code_hash_length,15998957
polygon-zkevm:0x5ef1bfbb3371db210a995951baaa6466f9d9a145:SMT_KEY:0,0x5ef1bfbb3371db210a995951baaa6466f9d9a145,0,balance,15998987
polygon-zkevm:0x5ef1bfbb3371db210a995951baaa6466f9d9a145:SMT_KEY:1,0x5ef1bfbb3371db210a995951baaa6466f9d9a145,1,nonce,15998987
polygon-zkevm:0x5ef1bfbb3371db210a995951baaa6466f9d9a145:SMT_KEY:2,0x5ef1bfbb3371db210a995951baaa6466f9d9a145,2,code_hash,15998987
polygon-zkevm:0x5ef1bfbb3371db210a995951baaa6466f9d9a145:SMT_KEY:4,0x5ef1bfbb3371db210a995951baaa6466f9d9a145,4,code_hash_length,15998987
polygon-zkevm:0x8aef919b81b79ce0f2361f767a3e1837d7aa8e6c:SMT_KEY:0,0x8aef919b81b79ce0f2361f767a3e1837d7aa8e6c,0,balance,15999007
polygon-zkevm:0x8aef919b81b79ce0f2361f767a3e1837d7aa8e6c:SMT_KEY:1,0x8aef919b81b79ce0f2361f767a3e1837d7aa8e6c,1,nonce,15999007
polygon-zkevm:0x8aef919b81b79ce0f2361f767a3e1837d7aa8e6c:SMT_KEY:2,0x8aef919b81b79ce0f2361f767a3e1837d7aa8e6c,2,code_hash,15999007
polygon-zkevm:0x8aef919b81b79ce0f2361f767a3e1837d7aa8e6c:SMT_KEY:4,0x8aef919b81b79ce0f2361f767a3e1837d7aa8e6c,4,code_hash_length,15999007
polygon-zkevm:0xe8e203fed3aa29e65a336aa00d6e7bfeacc3afbc:SMT_KEY:0,0xe8e203fed3aa29e65a336aa00d6e7bfeacc3afbc,0,balance,15999047
polygon-zkevm:0xe8e203fed3aa29e65a336aa00d6e7bfeacc3afbc:SMT_KEY:1,0xe8e203fed3aa29e65a336aa00d6e7bfeacc3afbc,1,nonce,15999047
polygon-zkevm:0xe8e203fed3aa29e65a336aa00d6e7bfeacc3afbc:SMT_KEY:2,0xe8e203fed3aa29e65a336aa00d6e7bfeacc3afbc,2,code_hash,15999047
polygon-zkevm:0xe8e203fed3aa29e65a336aa00d6e7bfeacc3afbc:SMT_KEY:4,0xe8e203fed3aa29e65a336aa00d6e7bfeacc3afbc,4,code_hash_length,15999047
polygon-zkevm:0x98d7c628086262ea7bd83a23ccbc72f8cd10cd84:SMT_KEY:0,0x98d7c628086262ea7bd83a23ccbc72f8cd10cd84,0,balance,15999057
polygon-zkevm:0x98d7c628086262ea7bd83a23ccbc72f8cd10cd84:SMT_KEY:1,0x98d7c628086262ea7bd83a23ccbc72f8cd10cd84,1,nonce,15999057
polygon-zkevm:0x98d7c628086262ea7bd83a23ccbc72f8cd10cd84:SMT_KEY:2,0x98d7c628086262ea7bd83a23ccbc72f8cd10cd84,2,code_hash,15999057
polygon-zkevm:0x98d7c628086262ea7bd83a23ccbc72f8cd10cd84:SMT_KEY:4,0x98d7c628086262ea7bd83a23ccbc72f8cd10cd84,4,code_hash_length,15999057
polygon-zkevm:0x767381d4e0381cc38824501e512ec3775a9fbd29:SMT_KEY:0,0x767381d4e0381cc38824501e512ec3775a9fbd29,0,balance,15999097
polygon-zkevm:0x767381d4e0381cc38824501e512ec3775a9fbd29:SMT_KEY:1,0x767381d4e0381cc38824501e512ec3775a9fbd29,1,nonce,15999097
polygon-zkevm:0x767381d4e0381cc38824501e512ec3775a9fbd29:SMT_KEY:2,0x767381d4e0381cc38824501e512ec3775a9fbd29,2,code_hash,15999097
polygon-zkevm:0x767381d4e0381cc38824501e512ec3775a9fbd29:SMT_KEY:4,0x767381d4e0381cc38824501e512ec3775a9fbd29,4,code_hash_length,15999097
polygon-zkevm:0xb2032932244d587e290ee97c02f3183f66d77bc4:SMT_KEY:0,0xb2032932244d587e290ee97c02f3183f66d77bc4,0,balance,15999107
polygon-zkevm:0xb2032932244d587e290ee97c02f3183f66d77bc4:SMT_KEY:1,0xb2032932244d587e290ee97c02f3183f66d77bc4,1,nonce,15999107
polygon-zkevm:0xb2032932244d587e290ee97c02f3183f66d77bc4:SMT_KEY:2,0xb2032932244d587e290ee97c02f3183f66d77bc4,2,code_hash,15999107
polygon-zkevm:0xb2032932244d587e290ee97c02f3183f66d77bc4:SMT_KEY:4,0xb2032932244d587e290ee97c02f3183f66d77bc4,4,code_hash_length,15999107
polygon-zkevm:0xdafb1611f8c1c41fd4e424e3fd18f79d6229c868:SMT_KEY:0,0xdafb1611f8c1c41fd4e424e3fd18f79d6229c868,0,balance,15999137
polygon-zkevm:0xdafb1611f8c1c41fd4e424e3fd18f79d6229c868:SMT_KEY:1,0xdafb1611f8c1c41fd4e424e3fd18f79d6229c868,1,nonce,15999137
polygon-zkevm:0xdafb1611f8c1c41fd4e424e3fd18f79d6229c868:SMT_KEY:2,0xdafb1611f8c1c41fd4e424e3fd18f79d6229c868,2,code_hash,15999137
polygon-zkevm:0xdafb1611f8c1c41fd4e424e3fd18f79d6229c868:SMT_KEY:4,0xdafb1611f8c1c41fd4e424e3fd18f79d6229c868,4,code_hash_length,15999137
polygon-zkevm:0xdfabbba1e0e66bca23f416a09f3ed42e1c41153a:SMT_KEY:0,0xdfabbba1e0e66bca23f416a09f3ed42e1c41153a,0,balance,15999137
polygon-zkevm:0xdfabbba1e0e66bca23f416a09f3ed42e1c41153a:SMT_KEY:1,0xdfabbba1e0e66bca23f416a09f3ed42e1c41153a,1,nonce,15999137
polygon-zkevm:0xdfabbba1e0e66bca23f416a09f3ed42e1c41153a:SMT_KEY:2,0xdfabbba1e0e66bca23f416a09f3ed42e1c41153a,2,code_hash,15999137
polygon-zkevm:0xdfabbba1e0e66bca23f416a09f3ed42e1c41153a:SMT_KEY:4,0xdfabbba1e0e66bca23f416a09f3ed42e1c41153a,4,code_hash_length,15999137
polygon-zkevm:0x3000e15385d89c3d3ec260b7c56707f33c6a5b5c:SMT_KEY:0,0x3000e15385d89c3d3ec260b7c56707f33c6a5b5c,0,balance,15999147
polygon-zkevm:0x3000e15385d89c3d3ec260b7c56707f33c6a5b5c:SMT_KEY:1,0x3000e15385d89c3d3ec260b7c56707f33c6a5b5c,1,nonce,15999147
polygon-zkevm:0x3000e15385d89c3d3ec260b7c56707f33c6a5b5c:SMT_KEY:2,0x3000e15385d89c3d3ec260b7c56707f33c6a5b5c,2,code_hash,15999147
polygon-zkevm:0x3000e15385d89c3d3ec260b7c56707f33c6a5b5c:SMT_KEY:4,0x3000e15385d89c3d3ec260b7c56707f33c6a5b5c,4,code_hash_length,15999147
polygon-zkevm:0x6e6b8f03c407cfce46ba9847231fec40dce93083:SMT_KEY:0,0x6e6b8f03c407cfce46ba9847231fec40dce93083,0,balance,15999147
polygon-zkevm:0x6e6b8f03c407cfce46ba9847231fec40dce93083:SMT_KEY:1,0x6e6b8f03c407cfce46ba9847231fec40dce93083,1,nonce,15999147
polygon-zkevm:0x6e6b8f03c407cfce46ba9847231fec40dce93083:SMT_KEY:2,0x6e6b8f03c407cfce46ba9847231fec40dce93083,2,code_hash,15999147
polygon-zkevm:0x6e6b8f03c407cfce46ba9847231fec40dce93083:SMT_KEY:4,0x6e6b8f03c407cfce46ba9847231fec40dce93083,4,code_hash_length,15999147
polygon-zkevm:0x470c9f27bc28e59b3687189edd7b65ddad1b8721:SMT_KEY:0,0x470c9f27bc28e59b3687189edd7b65ddad1b8721,0,balance,15999177
polygon-zkevm:0x470c9f27bc28e59b3687189edd7b65ddad1b8721:SMT_KEY:1,0x470c9f27bc28e59b3687189edd7b65ddad1b8721,1,nonce,15999177
polygon-zkevm:0x470c9f27bc28e59b3687189edd7b65ddad1b8721:SMT_KEY:2,0x470c9f27bc28e59b3687189edd7b65ddad1b8721,2,code_hash,15999177
polygon-zkevm:0x470c9f27bc28e59b3687189edd7b65ddad1b8721:SMT_KEY:4,0x470c9f27bc28e59b3687189edd7b65ddad1b8721,4,code_hash_length,15999177
polygon-zkevm:0x93b5d7050768a82d505dfc25764625aa545e2145:SMT_KEY:0,0x93b5d7050768a82d505dfc25764625aa545e2145,0,balance,15999177
polygon-zkevm:0x93b5d7050768a82d505dfc25764625aa545e2145:SMT_KEY:1,0x93b5d7050768a82d505dfc25764625aa545e2145,1,nonce,15999177
polygon-zkevm:0x93b5d7050768a82d505dfc25764625aa545e2145:SMT_KEY:2,0x93b5d7050768a82d505dfc25764625aa545e2145,2,code_hash,15999177
polygon-zkevm:0x93b5d7050768a82d505dfc25764625aa545e2145:SMT_KEY:4,0x93b5d7050768a82d505dfc25764625aa545e2145,4,code_hash_length,15999177
polygon-zkevm:0x9648f521e47d0ba3731b88d176af4ec576963140:SMT_KEY:0,0x9648f521e47d0ba3731b88d176af4ec576963140,0,balance,15999177
polygon-zkevm:0x9648f521e47d0ba3731b88d176af4ec576963140:SMT_KEY:1,0x9648f521e47d0ba3731b88d176af4ec576963140,1,nonce,15999177
polygon-zkevm:0x9648f521e47d0ba3731b88d176af4ec576963140:SMT_KEY:2,0x9648f521e47d0ba3731b88d176af4ec576963140,2,code_hash,15999177
polygon-zkevm:0x9648f521e47d0ba3731b88d176af4ec576963140:SMT_KEY:4,0x9648f521e47d0ba3731b88d176af4ec576963140,4,code_hash_length,15999177
polygon-zkevm:0x25691ddcbf0be4cae38f720bfa8e0f6de4a03817:SMT_KEY:0,0x25691ddcbf0be4cae38f720bfa8e0f6de4a03817,0,balance,15999187
polygon-zkevm:0x25691ddcbf0be4cae38f720bfa8e0f6de4a03817:SMT_KEY:1,0x25691ddcbf0be4cae38f720bfa8e0f6de4a03817,1,nonce,15999187
polygon-zkevm:0x25691ddcbf0be4cae38f720bfa8e0f6de4a03817:SMT_KEY:2,0x25691ddcbf0be4cae38f720bfa8e0f6de4a03817,2,code_hash,15999187
polygon-zkevm:0x25691ddcbf0be4cae38f720bfa8e0f6de4a03817:SMT_KEY:4,0x25691ddcbf0be4cae38f720bfa8e0f6de4a03817,4,code_hash_length,15999187
polygon-zkevm:0x26c2710e3c232461159a4564677a24a80ab2253c:SMT_KEY:0,0x26c2710e3c232461159a4564677a24a80ab2253c,0,balance,15999197
polygon-zkevm:0x26c2710e3c232461159a4564677a24a80ab2253c:SMT_KEY:1,0x26c2710e3c232461159a4564677a24a80ab2253c,1,nonce,15999197
polygon-zkevm:0x26c2710e3c232461159a4564677a24a80ab2253c:SMT_KEY:2,0x26c2710e3c232461159a4564677a24a80ab2253c,2,code_hash,15999197
polygon-zkevm:0x26c2710e3c232461159a4564677a24a80ab2253c:SMT_KEY:4,0x26c2710e3c232461159a4564677a24a80ab2253c,4,code_hash_length,15999197
polygon-zkevm:0xd3ee28cb8ed02a5641dfa02624df399b01f1e131:SMT_KEY:0,0xd3ee28cb8ed02a5641dfa02624df399b01f1e131,0,balance,15999197
polygon-zkevm:0xd3ee28cb8ed02a5641dfa02624df399b01f1e131:SMT_KEY:1,0xd3ee28cb8ed02a5641dfa02624df399b01f1e131,1,nonce,15999197
polygon-zkevm:0xd3ee28cb8ed02a5641dfa02624df399b01f1e131:SMT_KEY:2,0xd3ee28cb8ed02a5641dfa02624df399b01f1e131,2,code_hash,15999197
polygon-zkevm:0xd3ee28cb8ed02a5641dfa02624df399b01f1e131:SMT_KEY:4,0xd3ee28cb8ed02a5641dfa02624df399b01f1e131,4,code_hash_length,15999197
polygon-zkevm:0x9d63095b3fa4a0775fd31765f2be74c33cd1df3c:SMT_KEY:0,0x9d63095b3fa4a0775fd31765f2be74c33cd1df3c,0,balance,15999217
polygon-zkevm:0x9d63095b3fa4a0775fd31765f2be74c33cd1df3c:SMT_KEY:1,0x9d63095b3fa4a0775fd31765f2be74c33cd1df3c,1,nonce,15999217
polygon-zkevm:0x9d63095b3fa4a0775fd31765f2be74c33cd1df3c:SMT_KEY:2,0x9d63095b3fa4a0775fd31765f2be74c33cd1df3c,2,code_hash,15999217
polygon-zkevm:0x9d63095b3fa4a0775fd31765f2be74c33cd1df3c:SMT_KEY:4,0x9d63095b3fa4a0775fd31765f2be74c33cd1df3c,4,code_hash_length,15999217
polygon-zkevm:0x0f93149d54461a783c1517b23974113b89e38241:SMT_KEY:0,0x0f93149d54461a783c1517b23974113b89e38241,0,balance,15999237
polygon-zkevm:0x0f93149d54461a783c1517b23974113b89e38241:SMT_KEY:1,0x0f93149d54461a783c1517b23974113b89e38241,1,nonce,15999237
polygon-zkevm:0x0f93149d54461a783c1517b23974113b89e38241:SMT_KEY:2,0x0f93149d54461a783c1517b23974113b89e38241,2,code_hash,15999237
polygon-zkevm:0x0f93149d54461a783c1517b23974113b89e38241:SMT_KEY:4,0x0f93149d54461a783c1517b23974113b89e38241,4,code_hash_length,15999237
polygon-zkevm:0x36a914eb17e3977014cb68d6488b659a4dccd56d:SMT_KEY:0,0x36a914eb17e3977014cb68d6488b659a4dccd56d,0,balance,15999317
polygon-zkevm:0x36a914eb17e3977014cb68d6488b659a4dccd56d:SMT_KEY:1,0x36a914eb17e3977014cb68d6488b659a4dccd56d,1,nonce,15999317
polygon-zkevm:0x36a914eb17e3977014cb68d6488b659a4dccd56d:SMT_KEY:2,0x36a914eb17e3977014cb68d6488b659a4dccd56d,2,code_hash,15999317
polygon-zkevm:0x36a914eb17e3977014cb68d6488b659a4dccd56d:SMT_KEY:4,0x36a914eb17e3977014cb68d6488b659a4dccd56d,4,code_hash_length,15999317
polygon-zkevm:0x94a4781083ca9b5ba8dc32bbea9cce26116c25e4:SMT_KEY:0,0x94a4781083ca9b5ba8dc32bbea9cce26116c25e4,0,balance,15999317
polygon-zkevm:0x94a4781083ca9b5ba8dc32bbea9cce26116c25e4:SMT_KEY:1,0x94a4781083ca9b5ba8dc32bbea9cce26116c25e4,1,nonce,15999317
polygon-zkevm:0x94a4781083ca9b5ba8dc32bbea9cce26116c25e4:SMT_KEY:2,0x94a4781083ca9b5ba8dc32bbea9cce26116c25e4,2,code_hash,15999317
polygon-zkevm:0x94a4781083ca9b5ba8dc32bbea9cce26116c25e4:SMT_KEY:4,0x94a4781083ca9b5ba8dc32bbea9cce26116c25e4,4,code_hash_length,15999317
polygon-zkevm:0x22e211d421ef3238fd2ad20ae90f642724641a2e:SMT_KEY:0,0x22e211d421ef3238fd2ad20ae90f642724641a2e,0,balance,15999357
polygon-zkevm:0x22e211d421ef3238fd2ad20ae90f642724641a2e:SMT_KEY:1,0x22e211d421ef3238fd2ad20ae90f642724641a2e,1,nonce,15999357
polygon-zkevm:0x22e211d421ef3238fd2ad20ae90f642724641a2e:SMT_KEY:2,0x22e211d421ef3238fd2ad20ae90f642724641a2e,2,code_hash,15999357
polygon-zkevm:0x22e211d421ef3238fd2ad20ae90f642724641a2e:SMT_KEY:4,0x22e211d421ef3238fd2ad20ae90f642724641a2e,4,code_hash_length,15999357
polygon-zkevm:0x31c2f6fcff4f8759b3bd5bf0e1084a055615c768:SMT_KEY:0,0x31c2f6fcff4f8759b3bd5bf0e1084a055615c768,0,balance,15999427
polygon-zkevm:0x31c2f6fcff4f8759b3bd5bf0e1084a055615c768:SMT_KEY:1,0x31c2f6fcff4f8759b3bd5bf0e1084a055615c768,1,nonce,15999427
polygon-zkevm:0x31c2f6fcff4f8759b3bd5bf0e1084a055615c768:SMT_KEY:2,0x31c2f6fcff4f8759b3bd5bf0e1084a055615c768,2,code_hash,15999427
polygon-zkevm:0x31c2f6fcff4f8759b3bd5bf0e1084a055615c768:SMT_KEY:4,0x31c2f6fcff4f8759b3bd5bf0e1084a055615c768,4,code_hash_length,15999427
polygon-zkevm:0x72446a4ab67e0883cf0a821b711c44d46ad39a93:SMT_KEY:0,0x72446a4ab67e0883cf0a821b711c44d46ad39a93,0,balance,15999427
polygon-zkevm:0x72446a4ab67e0883cf0a821b711c44d46ad39a93:SMT_KEY:1,0x72446a4ab67e0883cf0a821b711c44d46ad39a93,1,nonce,15999427
polygon-zkevm:0x72446a4ab67e0883cf0a821b711c44d46ad39a93:SMT_KEY:2,0x72446a4ab67e0883cf0a821b711c44d46ad39a93,2,code_hash,15999427
polygon-zkevm:0x72446a4ab67e0883cf0a821b711c44d46ad39a93:SMT_KEY:4,0x72446a4ab67e0883cf0a821b711c44d46ad39a93,4,code_hash_length,15999427
polygon-zkevm:0x07f62f48709b2c427e54e102531d07d9e21ad99e:SMT_KEY:0,0x07f62f48709b2c427e54e102531d07d9e21ad99e,0,balance,15999467
polygon-zkevm:0x07f62f48709b2c427e54e102531d07d9e21ad99e:SMT_KEY:1,0x07f62f48709b2c427e54e102531d07d9e21ad99e,1,nonce,15999467
polygon-zkevm:0x07f62f48709b2c427e54e102531d07d9e21ad99e:SMT_KEY:2,0x07f62f48709b2c427e54e102531d07d9e21ad99e,2,code_hash,15999467
polygon-zkevm:0x07f62f48709b2c427e54e102531d07d9e21ad99e:SMT_KEY:4,0x07f62f48709b2c427e54e102531d07d9e21ad99e,4,code_hash_length,15999467
polygon-zkevm:0xcaaf6515b7a9fdbbb652914c134818161ed34ca5:SMT_KEY:0,0xcaaf6515b7a9fdbbb652914c134818161ed34ca5,0,balance,15999547
polygon-zkevm:0xcaaf6515b7a9fdbbb652914c134818161ed34ca5:SMT_KEY:1,0xcaaf6515b7a9fdbbb652914c134818161ed34ca5,1,nonce,15999547
polygon-zkevm:0xcaaf6515b7a9fdbbb652914c134818161ed34ca5:SMT_KEY:2,0xcaaf6515b7a9fdbbb652914c134818161ed34ca5,2,code_hash,15999547
polygon-zkevm:0xcaaf6515b7a9fdbbb652914c134818161ed34ca5:SMT_KEY:4,0xcaaf6515b7a9fdbbb652914c134818161ed34ca5,4,code_hash_length,15999547
polygon-zkevm:0x25fca8cb566632185aa28fdf26fff33457df2196:SMT_KEY:0,0x25fca8cb566632185aa28fdf26fff33457df2196,0,balance,15999567
polygon-zkevm:0x25fca8cb566632185aa28fdf26fff33457df2196:SMT_KEY:1,0x25fca8cb566632185aa28fdf26fff33457df2196,1,nonce,15999567
polygon-zkevm:0x25fca8cb566632185aa28fdf26fff33457df2196:SMT_KEY:2,0x25fca8cb566632185aa28fdf26fff33457df2196,2,code_hash,15999567
polygon-zkevm:0x25fca8cb566632185aa28fdf26fff33457df2196:SMT_KEY:4,0x25fca8cb566632185aa28fdf26fff33457df2196,4,code_hash_length,15999567
polygon-zkevm:0x0e0434ddf5273f71250a99c6fbcabfeca301de5f:SMT_KEY:0,0x0e0434ddf5273f71250a99c6fbcabfeca301de5f,0,balance,15999587
polygon-zkevm:0x0e0434ddf5273f71250a99c6fbcabfeca301de5f:SMT_KEY:1,0x0e0434ddf5273f71250a99c6fbcabfeca301de5f,1,nonce,15999587
polygon-zkevm:0x0e0434ddf5273f71250a99c6fbcabfeca301de5f:SMT_KEY:2,0x0e0434ddf5273f71250a99c6fbcabfeca301de5f,2,code_hash,15999587
polygon-zkevm:0x0e0434ddf5273f71250a99c6fbcabfeca301de5f:SMT_KEY:4,0x0e0434ddf5273f71250a99c6fbcabfeca301de5f,4,code_hash_length,15999587
polygon-zkevm:0xb78a48658642e77942495f16993b94303c361661:SMT_KEY:0,0xb78a48658642e77942495f16993b94303c361661,0,balance,15999647
polygon-zkevm:0xb78a48658642e77942495f16993b94303c361661:SMT_KEY:1,0xb78a48658642e77942495f16993b94303c361661,1,nonce,15999647
polygon-zkevm:0xb78a48658642e77942495f16993b94303c361661:SMT_KEY:2,0xb78a48658642e77942495f16993b94303c361661,2,code_hash,15999647
polygon-zkevm:0xb78a48658642e77942495f16993b94303c361661:SMT_KEY:4,0xb78a48658642e77942495f16993b94303c361661,4,code_hash_length,15999647
polygon-zkevm:0xd0511689f0cebde0567d537c7974133d39675cf4:SMT_KEY:0,0xd0511689f0cebde0567d537c7974133d39675cf4,0,balance,15999657
polygon-zkevm:0xd0511689f0cebde0567d537c7974133d39675cf4:SMT_KEY:1,0xd0511689f0cebde0567d537c7974133d39675cf4,1,nonce,15999657
polygon-zkevm:0xd0511689f0cebde0567d537c7974133d39675cf4:SMT_KEY:2,0xd0511689f0cebde0567d537c7974133d39675cf4,2,code_hash,15999657
polygon-zkevm:0xd0511689f0cebde0567d537c7974133d39675cf4:SMT_KEY:4,0xd0511689f0cebde0567d537c7974133d39675cf4,4,code_hash_length,15999657
polygon-zkevm:0xf70da97812cb96acdf810712aa562db8dfa3dbef:SMT_KEY:0,0xf70da97812cb96acdf810712aa562db8dfa3dbef,0,balance,15999657
polygon-zkevm:0xf70da97812cb96acdf810712aa562db8dfa3dbef:SMT_KEY:1,0xf70da97812cb96acdf810712aa562db8dfa3dbef,1,nonce,15999657
polygon-zkevm:0xf70da97812cb96acdf810712aa562db8dfa3dbef:SMT_KEY:2,0xf70da97812cb96acdf810712aa562db8dfa3dbef,2,code_hash,15999657
polygon-zkevm:0xf70da97812cb96acdf810712aa562db8dfa3dbef:SMT_KEY:4,0xf70da97812cb96acdf810712aa562db8dfa3dbef,4,code_hash_length,15999657
polygon-zkevm:0xaf127b00ae9fd54067eecdb417cc07275f6564c3:SMT_KEY:0,0xaf127b00ae9fd54067eecdb417cc07275f6564c3,0,balance,15999667
polygon-zkevm:0xaf127b00ae9fd54067eecdb417cc07275f6564c3:SMT_KEY:1,0xaf127b00ae9fd54067eecdb417cc07275f6564c3,1,nonce,15999667
polygon-zkevm:0xaf127b00ae9fd54067eecdb417cc07275f6564c3:SMT_KEY:2,0xaf127b00ae9fd54067eecdb417cc07275f6564c3,2,code_hash,15999667
polygon-zkevm:0xaf127b00ae9fd54067eecdb417cc07275f6564c3:SMT_KEY:4,0xaf127b00ae9fd54067eecdb417cc07275f6564c3,4,code_hash_length,15999667
polygon-zkevm:0xa11e12be903bb7fc43eaa342aac1eed288cb4fb3:SMT_KEY:0,0xa11e12be903bb7fc43eaa342aac1eed288cb4fb3,0,balance,15999707
polygon-zkevm:0xa11e12be903bb7fc43eaa342aac1eed288cb4fb3:SMT_KEY:1,0xa11e12be903bb7fc43eaa342aac1eed288cb4fb3,1,nonce,15999707
polygon-zkevm:0xa11e12be903bb7fc43eaa342aac1eed288cb4fb3:SMT_KEY:2,0xa11e12be903bb7fc43eaa342aac1eed288cb4fb3,2,code_hash,15999707
polygon-zkevm:0xa11e12be903bb7fc43eaa342aac1eed288cb4fb3:SMT_KEY:4,0xa11e12be903bb7fc43eaa342aac1eed288cb4fb3,4,code_hash_length,15999707
polygon-zkevm:0xce9ec1be8d2ffe07501219ce4ade149b56cbe302:SMT_KEY:0,0xce9ec1be8d2ffe07501219ce4ade149b56cbe302,0,balance,15999707
polygon-zkevm:0xce9ec1be8d2ffe07501219ce4ade149b56cbe302:SMT_KEY:1,0xce9ec1be8d2ffe07501219ce4ade149b56cbe302,1,nonce,15999707
polygon-zkevm:0xce9ec1be8d2ffe07501219ce4ade149b56cbe302:SMT_KEY:2,0xce9ec1be8d2ffe07501219ce4ade149b56cbe302,2,code_hash,15999707
polygon-zkevm:0xce9ec1be8d2ffe07501219ce4ade149b56cbe302:SMT_KEY:4,0xce9ec1be8d2ffe07501219ce4ade149b56cbe302,4,code_hash_length,15999707
polygon-zkevm:0xd13fff4e80c1c8bddb4c3c0a8ce22103d4781da8:SMT_KEY:0,0xd13fff4e80c1c8bddb4c3c0a8ce22103d4781da8,0,balance,15999727
polygon-zkevm:0xd13fff4e80c1c8bddb4c3c0a8ce22103d4781da8:SMT_KEY:1,0xd13fff4e80c1c8bddb4c3c0a8ce22103d4781da8,1,nonce,15999727
polygon-zkevm:0xd13fff4e80c1c8bddb4c3c0a8ce22103d4781da8:SMT_KEY:2,0xd13fff4e80c1c8bddb4c3c0a8ce22103d4781da8,2,code_hash,15999727
polygon-zkevm:0xd13fff4e80c1c8bddb4c3c0a8ce22103d4781da8:SMT_KEY:4,0xd13fff4e80c1c8bddb4c3c0a8ce22103d4781da8,4,code_hash_length,15999727
polygon-zkevm:0xda44a1ed127691decb80d8a6072e8b7957fa6ab6:SMT_KEY:0,0xda44a1ed127691decb80d8a6072e8b7957fa6ab6,0,balance,15999727
polygon-zkevm:0xda44a1ed127691decb80d8a6072e8b7957fa6ab6:SMT_KEY:1,0xda44a1ed127691decb80d8a6072e8b7957fa6ab6,1,nonce,15999727
polygon-zkevm:0xda44a1ed127691decb80d8a6072e8b7957fa6ab6:SMT_KEY:2,0xda44a1ed127691decb80d8a6072e8b7957fa6ab6,2,code_hash,15999727
polygon-zkevm:0xda44a1ed127691decb80d8a6072e8b7957fa6ab6:SMT_KEY:4,0xda44a1ed127691decb80d8a6072e8b7957fa6ab6,4,code_hash_length,15999727
polygon-zkevm:0xa2d96b41a298775a300cabf4fdd0f34ef861094a:SMT_KEY:0,0xa2d96b41a298775a300cabf4fdd0f34ef861094a,0,balance,15999737
polygon-zkevm:0xa2d96b41a298775a300cabf4fdd0f34ef861094a:SMT_KEY:1,0xa2d96b41a298775a300cabf4fdd0f34ef861094a,1,nonce,15999737
polygon-zkevm:0xa2d96b41a298775a300cabf4fdd0f34ef861094a:SMT_KEY:2,0xa2d96b41a298775a300cabf4fdd0f34ef861094a,2,code_hash,15999737
polygon-zkevm:0xa2d96b41a298775a300cabf4fdd0f34ef861094a:SMT_KEY:4,0xa2d96b41a298775a300cabf4fdd0f34ef861094a,4,code_hash_length,15999737
polygon-zkevm:0x8df3dffef849257a0b01046760b21649a1b6e8ae:SMT_KEY:0,0x8df3dffef849257a0b01046760b21649a1b6e8ae,0,balance,15999887
polygon-zkevm:0x8df3dffef849257a0b01046760b21649a1b6e8ae:SMT_KEY:1,0x8df3dffef849257a0b01046760b21649a1b6e8ae,1,nonce,15999887
polygon-zkevm:0x8df3dffef849257a0b01046760b21649a1b6e8ae:SMT_KEY:2,0x8df3dffef849257a0b01046760b21649a1b6e8ae,2,code_hash,15999887
polygon-zkevm:0x8df3dffef849257a0b01046760b21649a1b6e8ae:SMT_KEY:4,0x8df3dffef849257a0b01046760b21649a1b6e8ae,4,code_hash_length,15999887
polygon-zkevm:0x59bc1371ae20f09a58d827014c6b8a81212f3f48:SMT_KEY:0,0x59bc1371ae20f09a58d827014c6b8a81212f3f48,0,balance,15999917
polygon-zkevm:0x59bc1371ae20f09a58d827014c6b8a81212f3f48:SMT_KEY:1,0x59bc1371ae20f09a58d827014c6b8a81212f3f48,1,nonce,15999917
polygon-zkevm:0x59bc1371ae20f09a58d827014c6b8a81212f3f48:SMT_KEY:2,0x59bc1371ae20f09a58d827014c6b8a81212f3f48,2,code_hash,15999917
polygon-zkevm:0x59bc1371ae20f09a58d827014c6b8a81212f3f48:SMT_KEY:4,0x59bc1371ae20f09a58d827014c6b8a81212f3f48,4,code_hash_length,15999917
polygon-zkevm:0xf4a2fb3677a86434e600dbd95bc5029b56c1fcc4:SMT_KEY:0,0xf4a2fb3677a86434e600dbd95bc5029b56c1fcc4,0,balance,15999917
polygon-zkevm:0xf4a2fb3677a86434e600dbd95bc5029b56c1fcc4:SMT_KEY:1,0xf4a2fb3677a86434e600dbd95bc5029b56c1fcc4,1,nonce,15999917
polygon-zkevm:0xf4a2fb3677a86434e600dbd95bc5029b56c1fcc4:SMT_KEY:2,0xf4a2fb3677a86434e600dbd95bc5029b56c1fcc4,2,code_hash,15999917
polygon-zkevm:0xf4a2fb3677a86434e600dbd95bc5029b56c1fcc4:SMT_KEY:4,0xf4a2fb3677a86434e600dbd95bc5029b56c1fcc4,4,code_hash_length,15999917
polygon-zkevm:0x66ad043b57778b0ffe9fb63511b213325778a06c:SMT_KEY:0,0x66ad043b57778b0ffe9fb63511b213325778a06c,0,balance,16000007
polygon-zkevm:0x66ad043b57778b0ffe9fb63511b213325778a06c:SMT_KEY:1,0x66ad043b57778b0ffe9fb63511b213325778a06c,1,nonce,16000007
polygon-zkevm:0x66ad043b57778b0ffe9fb63511b213325778a06c:SMT_KEY:2,0x66ad043b57778b0ffe9fb63511b213325778a06c,2,code_hash,16000007
polygon-zkevm:0x66ad043b57778b0ffe9fb63511b213325778a06c:SMT_KEY:4,0x66ad043b57778b0ffe9fb63511b213325778a06c,4,code_hash_length,16000007
polygon-zkevm:0x17d518736ee9341dcdc0a2498e013d33cfcdd080:SMT_KEY:0,0x17d518736ee9341dcdc0a2498e013d33cfcdd080,0,balance,16000087
polygon-zkevm:0x17d518736ee9341dcdc0a2498e013d33cfcdd080:SMT_KEY:1,0x17d518736ee9341dcdc0a2498e013d33cfcdd080,1,nonce,16000087
polygon-zkevm:0x17d518736ee9341dcdc0a2498e013d33cfcdd080:SMT_KEY:2,0x17d518736ee9341dcdc0a2498e013d33cfcdd080,2,code_hash,16000087
polygon-zkevm:0x17d518736ee9341dcdc0a2498e013d33cfcdd080:SMT_KEY:4,0x17d518736ee9341dcdc0a2498e013d33cfcdd080,4,code_hash_length,16000087
polygon-zkevm:0xa1add90262b59ce69845a5f82360a93d9dc73c68:SMT_KEY:0,0xa1add90262b59ce69845a5f82360a93d9dc73c68,0,balance,16000107
polygon-zkevm:0xa1add90262b59ce69845a5f82360a93d9dc73c68:SMT_KEY:1,0xa1add90262b59ce69845a5f82360a93d9dc73c68,1,nonce,16000107
polygon-zkevm:0xa1add90262b59ce69845a5f82360a93d9dc73c68:SMT_KEY:2,0xa1add90262b59ce69845a5f82360a93d9dc73c68,2,code_hash,16000107
polygon-zkevm:0xa1add90262b59ce69845a5f82360a93d9dc73c68:SMT_KEY:4,0xa1add90262b59ce69845a5f82360a93d9dc73c68,4,code_hash_length,16000107
polygon-zkevm:0xb573a0b29cc6a9d7c5c2b75e5f145e678fca9815:SMT_KEY:0,0xb573a0b29cc6a9d7c5c2b75e5f145e678fca9815,0,balance,16000117
polygon-zkevm:0xb573a0b29cc6a9d7c5c2b75e5f145e678fca9815:SMT_KEY:1,0xb573a0b29cc6a9d7c5c2b75e5f145e678fca9815,1,nonce,16000117
polygon-zkevm:0xb573a0b29cc6a9d7c5c2b75e5f145e678fca9815:SMT_KEY:2,0xb573a0b29cc6a9d7c5c2b75e5f145e678fca9815,2,code_hash,16000117
polygon-zkevm:0xb573a0b29cc6a9d7c5c2b75e5f145e678fca9815:SMT_KEY:4,0xb573a0b29cc6a9d7c5c2b75e5f145e678fca9815,4,code_hash_length,16000117
polygon-zkevm:0xbd8f8fa774e65bf535a09abcce5474a7d79aa535:SMT_KEY:0,0xbd8f8fa774e65bf535a09abcce5474a7d79aa535,0,balance,16000117
polygon-zkevm:0xbd8f8fa774e65bf535a09abcce5474a7d79aa535:SMT_KEY:1,0xbd8f8fa774e65bf535a09abcce5474a7d79aa535,1,nonce,16000117
polygon-zkevm:0xbd8f8fa774e65bf535a09abcce5474a7d79aa535:SMT_KEY:2,0xbd8f8fa774e65bf535a09abcce5474a7d79aa535,2,code_hash,16000117
polygon-zkevm:0xbd8f8fa774e65bf535a09abcce5474a7d79aa535:SMT_KEY:4,0xbd8f8fa774e65bf535a09abcce5474a7d79aa535,4,code_hash_length,16000117
polygon-zkevm:0xa1adf64c1f3c94a4c17654284b710b88abda552b:SMT_KEY:0,0xa1adf64c1f3c94a4c17654284b710b88abda552b,0,balance,16000157
polygon-zkevm:0xa1adf64c1f3c94a4c17654284b710b88abda552b:SMT_KEY:1,0xa1adf64c1f3c94a4c17654284b710b88abda552b,1,nonce,16000157
polygon-zkevm:0xa1adf64c1f3c94a4c17654284b710b88abda552b:SMT_KEY:2,0xa1adf64c1f3c94a4c17654284b710b88abda552b,2,code_hash,16000157
polygon-zkevm:0xa1adf64c1f3c94a4c17654284b710b88abda552b:SMT_KEY:4,0xa1adf64c1f3c94a4c17654284b710b88abda552b,4,code_hash_length,16000157
polygon-zkevm:0xe025e9341ecdbded104976466fadf01aaa1da380:SMT_KEY:0,0xe025e9341ecdbded104976466fadf01aaa1da380,0,balance,16000177
polygon-zkevm:0xe025e9341ecdbded104976466fadf01aaa1da380:SMT_KEY:1,0xe025e9341ecdbded104976466fadf01aaa1da380,1,nonce,16000177
polygon-zkevm:0xe025e9341ecdbded104976466fadf01aaa1da380:SMT_KEY:2,0xe025e9341ecdbded104976466fadf01aaa1da380,2,code_hash,16000177
polygon-zkevm:0xe025e9341ecdbded104976466fadf01aaa1da380:SMT_KEY:4,0xe025e9341ecdbded104976466fadf01aaa1da380,4,code_hash_length,16000177
polygon-zkevm:0xe8421233d54ab11d4a938c403f41bda0a3a08b64:SMT_KEY:0,0xe8421233d54ab11d4a938c403f41bda0a3a08b64,0,balance,16000227
polygon-zkevm:0xe8421233d54ab11d4a938c403f41bda0a3a08b64:SMT_KEY:1,0xe8421233d54ab11d4a938c403f41bda0a3a08b64,1,nonce,16000227
polygon-zkevm:0xe8421233d54ab11d4a938c403f41bda0a3a08b64:SMT_KEY:2,0xe8421233d54ab11d4a938c403f41bda0a3a08b64,2,code_hash,16000227
polygon-zkevm:0xe8421233d54ab11d4a938c403f41bda0a3a08b64:SMT_KEY:4,0xe8421233d54ab11d4a938c403f41bda0a3a08b64,4,code_hash_length,16000227
polygon-zkevm:0x1f8231ef50e99d361b5252a24ec2ec44285367e1:SMT_KEY:0,0x1f8231ef50e99d361b5252a24ec2ec44285367e1,0,balance,16000377
polygon-zkevm:0x1f8231ef50e99d361b5252a24ec2ec44285367e1:SMT_KEY:1,0x1f8231ef50e99d361b5252a24ec2ec44285367e1,1,nonce,16000377
polygon-zkevm:0x1f8231ef50e99d361b5252a24ec2ec44285367e1:SMT_KEY:2,0x1f8231ef50e99d361b5252a24ec2ec44285367e1,2,code_hash,16000377
polygon-zkevm:0x1f8231ef50e99d361b5252a24ec2ec44285367e1:SMT_KEY:4,0x1f8231ef50e99d361b5252a24ec2ec44285367e1,4,code_hash_length,16000377
polygon-zkevm:0x2a3d5a503db8ae738198ed16bc310c701f75ebdf:SMT_KEY:0,0x2a3d5a503db8ae738198ed16bc310c701f75ebdf,0,balance,16000427
polygon-zkevm:0x2a3d5a503db8ae738198ed16bc310c701f75ebdf:SMT_KEY:1,0x2a3d5a503db8ae738198ed16bc310c701f75ebdf,1,nonce,16000427
polygon-zkevm:0x2a3d5a503db8ae738198ed16bc310c701f75ebdf:SMT_KEY:2,0x2a3d5a503db8ae738198ed16bc310c701f75ebdf,2,code_hash,16000427
polygon-zkevm:0x2a3d5a503db8ae738198ed16bc310c701f75ebdf:SMT_KEY:4,0x2a3d5a503db8ae738198ed16bc310c701f75ebdf,4,code_hash_length,16000427
polygon-zkevm:0x5a0be8812c6b30d4ba0e7715ada6e216b00199f3:SMT_KEY:0,0x5a0be8812c6b30d4ba0e7715ada6e216b00199f3,0,balance,16000427
polygon-zkevm:0x5a0be8812c6b30d4ba0e7715ada6e216b00199f3:SMT_KEY:1,0x5a0be8812c6b30d4ba0e7715ada6e216b00199f3,1,nonce,16000427
polygon-zkevm:0x5a0be8812c6b30d4ba0e7715ada6e216b00199f3:SMT_KEY:2,0x5a0be8812c6b30d4ba0e7715ada6e216b00199f3,2,code_hash,16000427
polygon-zkevm:0x5a0be8812c6b30d4ba0e7715ada6e216b00199f3:SMT_KEY:4,0x5a0be8812c6b30d4ba0e7715ada6e216b00199f3,4,code_hash_length,16000427
polygon-zkevm:0x9f28ac2c1a2a82db54dfed6b9784a7a950efec08:SMT_KEY:0,0x9f28ac2c1a2a82db54dfed6b9784a7a950efec08,0,balance,16000427
polygon-zkevm:0x9f28ac2c1a2a82db54dfed6b9784a7a950efec08:SMT_KEY:1,0x9f28ac2c1a2a82db54dfed6b9784a7a950efec08,1,nonce,16000427
polygon-zkevm:0x9f28ac2c1a2a82db54dfed6b9784a7a950efec08:SMT_KEY:2,0x9f28ac2c1a2a82db54dfed6b9784a7a950efec08,2,code_hash,16000427
polygon-zkevm:0x9f28ac2c1a2a82db54dfed6b9784a7a950efec08:SMT_KEY:4,0x9f28ac2c1a2a82db54dfed6b9784a7a950efec08,4,code_hash_length,16000427
polygon-zkevm:0x99337e9ab8980558323e7746c8ae46723e81ff62:SMT_KEY:0,0x99337e9ab8980558323e7746c8ae46723e81ff62,0,balance,16000437
polygon-zkevm:0x99337e9ab8980558323e7746c8ae46723e81ff62:SMT_KEY:1,0x99337e9ab8980558323e7746c8ae46723e81ff62,1,nonce,16000437
polygon-zkevm:0x99337e9ab8980558323e7746c8ae46723e81ff62:SMT_KEY:2,0x99337e9ab8980558323e7746c8ae46723e81ff62,2,code_hash,16000437
polygon-zkevm:0x99337e9ab8980558323e7746c8ae46723e81ff62:SMT_KEY:4,0x99337e9ab8980558323e7746c8ae46723e81ff62,4,code_hash_length,16000437
polygon-zkevm:0x1abfa3d823f9f8d85af33622046d3b7f66262670:SMT_KEY:0,0x1abfa3d823f9f8d85af33622046d3b7f66262670,0,balance,16000497
polygon-zkevm:0x1abfa3d823f9f8d85af33622046d3b7f66262670:SMT_KEY:1,0x1abfa3d823f9f8d85af33622046d3b7f66262670,1,nonce,16000497
polygon-zkevm:0x1abfa3d823f9f8d85af33622046d3b7f66262670:SMT_KEY:2,0x1abfa3d823f9f8d85af33622046d3b7f66262670,2,code_hash,16000497
polygon-zkevm:0x1abfa3d823f9f8d85af33622046d3b7f66262670:SMT_KEY:4,0x1abfa3d823f9f8d85af33622046d3b7f66262670,4,code_hash_length,16000497
polygon-zkevm:0x8d09a00e7eb1254a1f4e3b5e526aa2fe00ebe425:SMT_KEY:0,0x8d09a00e7eb1254a1f4e3b5e526aa2fe00ebe425,0,balance,16000607
polygon-zkevm:0x8d09a00e7eb1254a1f4e3b5e526aa2fe00ebe425:SMT_KEY:1,0x8d09a00e7eb1254a1f4e3b5e526aa2fe00ebe425,1,nonce,16000607
polygon-zkevm:0x8d09a00e7eb1254a1f4e3b5e526aa2fe00ebe425:SMT_KEY:2,0x8d09a00e7eb1254a1f4e3b5e526aa2fe00ebe425,2,code_hash,16000607
polygon-zkevm:0x8d09a00e7eb1254a1f4e3b5e526aa2fe00ebe425:SMT_KEY:4,0x8d09a00e7eb1254a1f4e3b5e526aa2fe00ebe425,4,code_hash_length,16000607
polygon-zkevm:0xb91d3060c90aac7c4c706aef2b37997b3b2a1dcf:SMT_KEY:0,0xb91d3060c90aac7c4c706aef2b37997b3b2a1dcf,0,balance,16000607
polygon-zkevm:0xb91d3060c90aac7c4c706aef2b37997b3b2a1dcf:SMT_KEY:1,0xb91d3060c90aac7c4c706aef2b37997b3b2a1dcf,1,nonce,16000607
polygon-zkevm:0xb91d3060c90aac7c4c706aef2b37997b3b2a1dcf:SMT_KEY:2,0xb91d3060c90aac7c4c706aef2b37997b3b2a1dcf,2,code_hash,16000607
polygon-zkevm:0xb91d3060c90aac7c4c706aef2b37997b3b2a1dcf:SMT_KEY:4,0xb91d3060c90aac7c4c706aef2b37997b3b2a1dcf,4,code_hash_length,16000607
polygon-zkevm:0x0b01168b77425d8a4df02f794d2ced416ec6e7d4:SMT_KEY:0,0x0b01168b77425d8a4df02f794d2ced416ec6e7d4,0,balance,16000777
polygon-zkevm:0x0b01168b77425d8a4df02f794d2ced416ec6e7d4:SMT_KEY:1,0x0b01168b77425d8a4df02f794d2ced416ec6e7d4,1,nonce,16000777
polygon-zkevm:0x0b01168b77425d8a4df02f794d2ced416ec6e7d4:SMT_KEY:2,0x0b01168b77425d8a4df02f794d2ced416ec6e7d4,2,code_hash,16000777
polygon-zkevm:0x0b01168b77425d8a4df02f794d2ced416ec6e7d4:SMT_KEY:4,0x0b01168b77425d8a4df02f794d2ced416ec6e7d4,4,code_hash_length,16000777
polygon-zkevm:0x444ba0c3dc39308a02a559db9b9eb8add45b85c6:SMT_KEY:0,0x444ba0c3dc39308a02a559db9b9eb8add45b85c6,0,balance,16000837
polygon-zkevm:0x444ba0c3dc39308a02a559db9b9eb8add45b85c6:SMT_KEY:1,0x444ba0c3dc39308a02a559db9b9eb8add45b85c6,1,nonce,16000837
polygon-zkevm:0x444ba0c3dc39308a02a559db9b9eb8add45b85c6:SMT_KEY:2,0x444ba0c3dc39308a02a559db9b9eb8add45b85c6,2,code_hash,16000837
polygon-zkevm:0x444ba0c3dc39308a02a559db9b9eb8add45b85c6:SMT_KEY:4,0x444ba0c3dc39308a02a559db9b9eb8add45b85c6,4,code_hash_length,16000837
polygon-zkevm:0x962a6953f917907b4eb46c47cc15726bc154939b:SMT_KEY:0,0x962a6953f917907b4eb46c47cc15726bc154939b,0,balance,16000847
polygon-zkevm:0x962a6953f917907b4eb46c47cc15726bc154939b:SMT_KEY:1,0x962a6953f917907b4eb46c47cc15726bc154939b,1,nonce,16000847
polygon-zkevm:0x962a6953f917907b4eb46c47cc15726bc154939b:SMT_KEY:2,0x962a6953f917907b4eb46c47cc15726bc154939b,2,code_hash,16000847
polygon-zkevm:0x962a6953f917907b4eb46c47cc15726bc154939b:SMT_KEY:4,0x962a6953f917907b4eb46c47cc15726bc154939b,4,code_hash_length,16000847
polygon-zkevm:0xaa830ea4ca3c7b13be85a8d3ab8441db5ca0cc5f:SMT_KEY:0,0xaa830ea4ca3c7b13be85a8d3ab8441db5ca0cc5f,0,balance,16000847
polygon-zkevm:0xaa830ea4ca3c7b13be85a8d3ab8441db5ca0cc5f:SMT_KEY:1,0xaa830ea4ca3c7b13be85a8d3ab8441db5ca0cc5f,1,nonce,16000847
polygon-zkevm:0xaa830ea4ca3c7b13be85a8d3ab8441db5ca0cc5f:SMT_KEY:2,0xaa830ea4ca3c7b13be85a8d3ab8441db5ca0cc5f,2,code_hash,16000847
polygon-zkevm:0xaa830ea4ca3c7b13be85a8d3ab8441db5ca0cc5f:SMT_KEY:4,0xaa830ea4ca3c7b13be85a8d3ab8441db5ca0cc5f,4,code_hash_length,16000847
polygon-zkevm:0x30d56f157758c4ff615869a4d57690b1d08240b6:SMT_KEY:0,0x30d56f157758c4ff615869a4d57690b1d08240b6,0,balance,16000907
polygon-zkevm:0x30d56f157758c4ff615869a4d57690b1d08240b6:SMT_KEY:1,0x30d56f157758c4ff615869a4d57690b1d08240b6,1,nonce,16000907
polygon-zkevm:0x30d56f157758c4ff615869a4d57690b1d08240b6:SMT_KEY:2,0x30d56f157758c4ff615869a4d57690b1d08240b6,2,code_hash,16000907
polygon-zkevm:0x30d56f157758c4ff615869a4d57690b1d08240b6:SMT_KEY:4,0x30d56f157758c4ff615869a4d57690b1d08240b6,4,code_hash_length,16000907
polygon-zkevm:0xb231b8a74973b4165371c854c5a6dc87c331679c:SMT_KEY:0,0xb231b8a74973b4165371c854c5a6dc87c331679c,0,balance,16000907
polygon-zkevm:0xb231b8a74973b4165371c854c5a6dc87c331679c:SMT_KEY:1,0xb231b8a74973b4165371c854c5a6dc87c331679c,1,nonce,16000907
polygon-zkevm:0xb231b8a74973b4165371c854c5a6dc87c331679c:SMT_KEY:2,0xb231b8a74973b4165371c854c5a6dc87c331679c,2,code_hash,16000907
polygon-zkevm:0xb231b8a74973b4165371c854c5a6dc87c331679c:SMT_KEY:4,0xb231b8a74973b4165371c854c5a6dc87c331679c,4,code_hash_length,16000907
polygon-zkevm:0x1f4f56292f0a2bd5908168d0fb8a048f782a07aa:SMT_KEY:0,0x1f4f56292f0a2bd5908168d0fb8a048f782a07aa,0,balance,16001057
polygon-zkevm:0x1f4f56292f0a2bd5908168d0fb8a048f782a07aa:SMT_KEY:1,0x1f4f56292f0a2bd5908168d0fb8a048f782a07aa,1,nonce,16001057
polygon-zkevm:0x1f4f56292f0a2bd5908168d0fb8a048f782a07aa:SMT_KEY:2,0x1f4f56292f0a2bd5908168d0fb8a048f782a07aa,2,code_hash,16001057
polygon-zkevm:0x1f4f56292f0a2bd5908168d0fb8a048f782a07aa:SMT_KEY:4,0x1f4f56292f0a2bd5908168d0fb8a048f782a07aa,4,code_hash_length,16001057
polygon-zkevm:0x5c77372dce657796c3244817a6f681ebf78fcfd2:SMT_KEY:0,0x5c77372dce657796c3244817a6f681ebf78fcfd2,0,balance,16001057
polygon-zkevm:0x5c77372dce657796c3244817a6f681ebf78fcfd2:SMT_KEY:1,0x5c77372dce657796c3244817a6f681ebf78fcfd2,1,nonce,16001057
polygon-zkevm:0x5c77372dce657796c3244817a6f681ebf78fcfd2:SMT_KEY:2,0x5c77372dce657796c3244817a6f681ebf78fcfd2,2,code_hash,16001057
polygon-zkevm:0x5c77372dce657796c3244817a6f681ebf78fcfd2:SMT_KEY:4,0x5c77372dce657796c3244817a6f681ebf78fcfd2,4,code_hash_length,16001057
polygon-zkevm:0x086c0e00228b32cc107afb614182e6668ed6f092:SMT_KEY:0,0x086c0e00228b32cc107afb614182e6668ed6f092,0,balance,16001147
polygon-zkevm:0x086c0e00228b32cc107afb614182e6668ed6f092:SMT_KEY:1,0x086c0e00228b32cc107afb614182e6668ed6f092,1,nonce,16001147
polygon-zkevm:0x086c0e00228b32cc107afb614182e6668ed6f092:SMT_KEY:2,0x086c0e00228b32cc107afb614182e6668ed6f092,2,code_hash,16001147
polygon-zkevm:0x086c0e00228b32cc107afb614182e6668ed6f092:SMT_KEY:4,0x086c0e00228b32cc107afb614182e6668ed6f092,4,code_hash_length,16001147
polygon-zkevm:0x903b473899b9868801f6b8b893aef02a01445e7b:SMT_KEY:0,0x903b473899b9868801f6b8b893aef02a01445e7b,0,balance,16001167
polygon-zkevm:0x903b473899b9868801f6b8b893aef02a01445e7b:SMT_KEY:1,0x903b473899b9868801f6b8b893aef02a01445e7b,1,nonce,16001167
polygon-zkevm:0x903b473899b9868801f6b8b893aef02a01445e7b:SMT_KEY:2,0x903b473899b9868801f6b8b893aef02a01445e7b,2,code_hash,16001167
polygon-zkevm:0x903b473899b9868801f6b8b893aef02a01445e7b:SMT_KEY:4,0x903b473899b9868801f6b8b893aef02a01445e7b,4,code_hash_length,16001167
polygon-zkevm:0x22cbedc29c1c29102a61aed7fdff2897e0c862b3:SMT_KEY:0,0x22cbedc29c1c29102a61aed7fdff2897e0c862b3,0,balance,16001187
polygon-zkevm:0x22cbedc29c1c29102a61aed7fdff2897e0c862b3:SMT_KEY:1,0x22cbedc29c1c29102a61aed7fdff2897e0c862b3,1,nonce,16001187
polygon-zkevm:0x22cbedc29c1c29102a61aed7fdff2897e0c862b3:SMT_KEY:2,0x22cbedc29c1c29102a61aed7fdff2897e0c862b3,2,code_hash,16001187
polygon-zkevm:0x22cbedc29c1c29102a61aed7fdff2897e0c862b3:SMT_KEY:4,0x22cbedc29c1c29102a61aed7fdff2897e0c862b3,4,code_hash_length,16001187
polygon-zkevm:0x8620e6fe8fddc42f6bbbb3b38c7b522d8aceeba0:SMT_KEY:0,0x8620e6fe8fddc42f6bbbb3b38c7b522d8aceeba0,0,balance,16001187
polygon-zkevm:0x8620e6fe8fddc42f6bbbb3b38c7b522d8aceeba0:SMT_KEY:1,0x8620e6fe8fddc42f6bbbb3b38c7b522d8aceeba0,1,nonce,16001187
polygon-zkevm:0x8620e6fe8fddc42f6bbbb3b38c7b522d8aceeba0:SMT_KEY:2,0x8620e6fe8fddc42f6bbbb3b38c7b522d8aceeba0,2,code_hash,16001187
polygon-zkevm:0x8620e6fe8fddc42f6bbbb3b38c7b522d8aceeba0:SMT_KEY:4,0x8620e6fe8fddc42f6bbbb3b38c7b522d8aceeba0,4,code_hash_length,16001187
polygon-zkevm:0xaa5d84366d57b0a831b89b865700128ef06bb2f2:SMT_KEY:0,0xaa5d84366d57b0a831b89b865700128ef06bb2f2,0,balance,16001197
polygon-zkevm:0xaa5d84366d57b0a831b89b865700128ef06bb2f2:SMT_KEY:1,0xaa5d84366d57b0a831b89b865700128ef06bb2f2,1,nonce,16001197
polygon-zkevm:0xaa5d84366d57b0a831b89b865700128ef06bb2f2:SMT_KEY:2,0xaa5d84366d57b0a831b89b865700128ef06bb2f2,2,code_hash,16001197
polygon-zkevm:0xaa5d84366d57b0a831b89b865700128ef06bb2f2:SMT_KEY:4,0xaa5d84366d57b0a831b89b865700128ef06bb2f2,4,code_hash_length,16001197
polygon-zkevm:0x1a7b56ce9cc5dce83bed3a365c01df27fb2de8d4:SMT_KEY:0,0x1a7b56ce9cc5dce83bed3a365c01df27fb2de8d4,0,balance,16001237
polygon-zkevm:0x1a7b56ce9cc5dce83bed3a365c01df27fb2de8d4:SMT_KEY:1,0x1a7b56ce9cc5dce83bed3a365c01df27fb2de8d4,1,nonce,16001237
polygon-zkevm:0x1a7b56ce9cc5dce83bed3a365c01df27fb2de8d4:SMT_KEY:2,0x1a7b56ce9cc5dce83bed3a365c01df27fb2de8d4,2,code_hash,16001237
polygon-zkevm:0x1a7b56ce9cc5dce83bed3a365c01df27fb2de8d4:SMT_KEY:4,0x1a7b56ce9cc5dce83bed3a365c01df27fb2de8d4,4,code_hash_length,16001237
polygon-zkevm:0x56ddcbc09713d2ba8dff06ec008cbecf4b702bfb:SMT_KEY:0,0x56ddcbc09713d2ba8dff06ec008cbecf4b702bfb,0,balance,16001247
polygon-zkevm:0x56ddcbc09713d2ba8dff06ec008cbecf4b702bfb:SMT_KEY:1,0x56ddcbc09713d2ba8dff06ec008cbecf4b702bfb,1,nonce,16001247
polygon-zkevm:0x56ddcbc09713d2ba8dff06ec008cbecf4b702bfb:SMT_KEY:2,0x56ddcbc09713d2ba8dff06ec008cbecf4b702bfb,2,code_hash,16001247
polygon-zkevm:0x56ddcbc09713d2ba8dff06ec008cbecf4b702bfb:SMT_KEY:4,0x56ddcbc09713d2ba8dff06ec008cbecf4b702bfb,4,code_hash_length,16001247
polygon-zkevm:0x80a7239a8770bbb7798098556a35c0d9d9325673:SMT_KEY:0,0x80a7239a8770bbb7798098556a35c0d9d9325673,0,balance,16001267
polygon-zkevm:0x80a7239a8770bbb7798098556a35c0d9d9325673:SMT_KEY:1,0x80a7239a8770bbb7798098556a35c0d9d9325673,1,nonce,16001267
polygon-zkevm:0x80a7239a8770bbb7798098556a35c0d9d9325673:SMT_KEY:2,0x80a7239a8770bbb7798098556a35c0d9d9325673,2,code_hash,16001267
polygon-zkevm:0x80a7239a8770bbb7798098556a35c0d9d9325673:SMT_KEY:4,0x80a7239a8770bbb7798098556a35c0d9d9325673,4,code_hash_length,16001267
polygon-zkevm:0xecb9d29df4d628eb040a2e7248489fbeaab18258:SMT_KEY:0,0xecb9d29df4d628eb040a2e7248489fbeaab18258,0,balance,16001347
polygon-zkevm:0xecb9d29df4d628eb040a2e7248489fbeaab18258:SMT_KEY:1,0xecb9d29df4d628eb040a2e7248489fbeaab18258,1,nonce,16001347
polygon-zkevm:0xecb9d29df4d628eb040a2e7248489fbeaab18258:SMT_KEY:2,0xecb9d29df4d628eb040a2e7248489fbeaab18258,2,code_hash,16001347
polygon-zkevm:0xecb9d29df4d628eb040a2e7248489fbeaab18258:SMT_KEY:4,0xecb9d29df4d628eb040a2e7248489fbeaab18258,4,code_hash_length,16001347
polygon-zkevm:0x4be1136247cdeca3775a7a32aff6a621c1c149eb:SMT_KEY:0,0x4be1136247cdeca3775a7a32aff6a621c1c149eb,0,balance,16001407
polygon-zkevm:0x4be1136247cdeca3775a7a32aff6a621c1c149eb:SMT_KEY:1,0x4be1136247cdeca3775a7a32aff6a621c1c149eb,1,nonce,16001407
polygon-zkevm:0x4be1136247cdeca3775a7a32aff6a621c1c149eb:SMT_KEY:2,0x4be1136247cdeca3775a7a32aff6a621c1c149eb,2,code_hash,16001407
polygon-zkevm:0x4be1136247cdeca3775a7a32aff6a621c1c149eb:SMT_KEY:4,0x4be1136247cdeca3775a7a32aff6a621c1c149eb,4,code_hash_length,16001407
polygon-zkevm:0x6d3a6fda22aa10822326efdd4501c0efd8958148:SMT_KEY:0,0x6d3a6fda22aa10822326efdd4501c0efd8958148,0,balance,16001407
polygon-zkevm:0x6d3a6fda22aa10822326efdd4501c0efd8958148:SMT_KEY:1,0x6d3a6fda22aa10822326efdd4501c0efd8958148,1,nonce,16001407
polygon-zkevm:0x6d3a6fda22aa10822326efdd4501c0efd8958148:SMT_KEY:2,0x6d3a6fda22aa10822326efdd4501c0efd8958148,2,code_hash,16001407
polygon-zkevm:0x6d3a6fda22aa10822326efdd4501c0efd8958148:SMT_KEY:4,0x6d3a6fda22aa10822326efdd4501c0efd8958148,4,code_hash_length,16001407
polygon-zkevm:0x519fafd15436b64e1e82fd5ddff73ff8d21331db:SMT_KEY:0,0x519fafd15436b64e1e82fd5ddff73ff8d21331db,0,balance,16001627
polygon-zkevm:0x519fafd15436b64e1e82fd5ddff73ff8d21331db:SMT_KEY:1,0x519fafd15436b64e1e82fd5ddff73ff8d21331db,1,nonce,16001627
polygon-zkevm:0x519fafd15436b64e1e82fd5ddff73ff8d21331db:SMT_KEY:2,0x519fafd15436b64e1e82fd5ddff73ff8d21331db,2,code_hash,16001627
polygon-zkevm:0x519fafd15436b64e1e82fd5ddff73ff8d21331db:SMT_KEY:4,0x519fafd15436b64e1e82fd5ddff73ff8d21331db,4,code_hash_length,16001627
polygon-zkevm:0x677cea6b5333a4a5269abb061447f5ee0e66a6fa:SMT_KEY:0,0x677cea6b5333a4a5269abb061447f5ee0e66a6fa,0,balance,16001657
polygon-zkevm:0x677cea6b5333a4a5269abb061447f5ee0e66a6fa:SMT_KEY:1,0x677cea6b5333a4a5269abb061447f5ee0e66a6fa,1,nonce,16001657
polygon-zkevm:0x677cea6b5333a4a5269abb061447f5ee0e66a6fa:SMT_KEY:2,0x677cea6b5333a4a5269abb061447f5ee0e66a6fa,2,code_hash,16001657
polygon-zkevm:0x677cea6b5333a4a5269abb061447f5ee0e66a6fa:SMT_KEY:4,0x677cea6b5333a4a5269abb061447f5ee0e66a6fa,4,code_hash_length,16001657
polygon-zkevm:0x4ab09d12e37239c89da3578b2f694d1906321d30:SMT_KEY:0,0x4ab09d12e37239c89da3578b2f694d1906321d30,0,balance,16001737
polygon-zkevm:0x4ab09d12e37239c89da3578b2f694d1906321d30:SMT_KEY:1,0x4ab09d12e37239c89da3578b2f694d1906321d30,1,nonce,16001737
polygon-zkevm:0x4ab09d12e37239c89da3578b2f694d1906321d30:SMT_KEY:2,0x4ab09d12e37239c89da3578b2f694d1906321d30,2,code_hash,16001737
polygon-zkevm:0x4ab09d12e37239c89da3578b2f694d1906321d30:SMT_KEY:4,0x4ab09d12e37239c89da3578b2f694d1906321d30,4,code_hash_length,16001737
polygon-zkevm:0x9bece2c966fec66f1f942fa24d961849ce0947c7:SMT_KEY:0,0x9bece2c966fec66f1f942fa24d961849ce0947c7,0,balance,16001747
polygon-zkevm:0x9bece2c966fec66f1f942fa24d961849ce0947c7:SMT_KEY:1,0x9bece2c966fec66f1f942fa24d961849ce0947c7,1,nonce,16001747
polygon-zkevm:0x9bece2c966fec66f1f942fa24d961849ce0947c7:SMT_KEY:2,0x9bece2c966fec66f1f942fa24d961849ce0947c7,2,code_hash,16001747
polygon-zkevm:0x9bece2c966fec66f1f942fa24d961849ce0947c7:SMT_KEY:4,0x9bece2c966fec66f1f942fa24d961849ce0947c7,4,code_hash_length,16001747
polygon-zkevm:0x11dde8fd9515ff054018770eab22c6fa74bf550d:SMT_KEY:0,0x11dde8fd9515ff054018770eab22c6fa74bf550d,0,balance,16001777
polygon-zkevm:0x11dde8fd9515ff054018770eab22c6fa74bf550d:SMT_KEY:1,0x11dde8fd9515ff054018770eab22c6fa74bf550d,1,nonce,16001777
polygon-zkevm:0x11dde8fd9515ff054018770eab22c6fa74bf550d:SMT_KEY:2,0x11dde8fd9515ff054018770eab22c6fa74bf550d,2,code_hash,16001777
polygon-zkevm:0x11dde8fd9515ff054018770eab22c6fa74bf550d:SMT_KEY:4,0x11dde8fd9515ff054018770eab22c6fa74bf550d,4,code_hash_length,16001777
polygon-zkevm:0xb7a77a13b363bdd179181486fd573b702653250e:SMT_KEY:0,0xb7a77a13b363bdd179181486fd573b702653250e,0,balance,16001777
polygon-zkevm:0xb7a77a13b363bdd179181486fd573b702653250e:SMT_KEY:1,0xb7a77a13b363bdd179181486fd573b702653250e,1,nonce,16001777
polygon-zkevm:0xb7a77a13b363bdd179181486fd573b702653250e:SMT_KEY:2,0xb7a77a13b363bdd179181486fd573b702653250e,2,code_hash,16001777
polygon-zkevm:0xb7a77a13b363bdd179181486fd573b702653250e:SMT_KEY:4,0xb7a77a13b363bdd179181486fd573b702653250e,4,code_hash_length,16001777
polygon-zkevm:0x1421fcb12d209ab56bf843e1a9f2f8a62a4ec2bf:SMT_KEY:0,0x1421fcb12d209ab56bf843e1a9f2f8a62a4ec2bf,0,balance,16001797
polygon-zkevm:0x1421fcb12d209ab56bf843e1a9f2f8a62a4ec2bf:SMT_KEY:1,0x1421fcb12d209ab56bf843e1a9f2f8a62a4ec2bf,1,nonce,16001797
polygon-zkevm:0x1421fcb12d209ab56bf843e1a9f2f8a62a4ec2bf:SMT_KEY:2,0x1421fcb12d209ab56bf843e1a9f2f8a62a4ec2bf,2,code_hash,16001797
polygon-zkevm:0x1421fcb12d209ab56bf843e1a9f2f8a62a4ec2bf:SMT_KEY:4,0x1421fcb12d209ab56bf843e1a9f2f8a62a4ec2bf,4,code_hash_length,16001797
polygon-zkevm:0x38126dd8a563c83d06f8103833d09c4bac6aa9df:SMT_KEY:0,0x38126dd8a563c83d06f8103833d09c4bac6aa9df,0,balance,16001797
polygon-zkevm:0x38126dd8a563c83d06f8103833d09c4bac6aa9df:SMT_KEY:1,0x38126dd8a563c83d06f8103833d09c4bac6aa9df,1,nonce,16001797
polygon-zkevm:0x38126dd8a563c83d06f8103833d09c4bac6aa9df:SMT_KEY:2,0x38126dd8a563c83d06f8103833d09c4bac6aa9df,2,code_hash,16001797
polygon-zkevm:0x38126dd8a563c83d06f8103833d09c4bac6aa9df:SMT_KEY:4,0x38126dd8a563c83d06f8103833d09c4bac6aa9df,4,code_hash_length,16001797
polygon-zkevm:0x535f8f457fbb164d500d0f0e1680794b26a81f75:SMT_KEY:0,0x535f8f457fbb164d500d0f0e1680794b26a81f75,0,balance,16001797
polygon-zkevm:0x535f8f457fbb164d500d0f0e1680794b26a81f75:SMT_KEY:1,0x535f8f457fbb164d500d0f0e1680794b26a81f75,1,nonce,16001797
polygon-zkevm:0x535f8f457fbb164d500d0f0e1680794b26a81f75:SMT_KEY:2,0x535f8f457fbb164d500d0f0e1680794b26a81f75,2,code_hash,16001797
polygon-zkevm:0x535f8f457fbb164d500d0f0e1680794b26a81f75:SMT_KEY:4,0x535f8f457fbb164d500d0f0e1680794b26a81f75,4,code_hash_length,16001797
polygon-zkevm:0xfeb8bac57bc7c3dcce15b075e8d73b6d67dac9b9:SMT_KEY:0,0xfeb8bac57bc7c3dcce15b075e8d73b6d67dac9b9,0,balance,16001797
polygon-zkevm:0xfeb8bac57bc7c3dcce15b075e8d73b6d67dac9b9:SMT_KEY:1,0xfeb8bac57bc7c3dcce15b075e8d73b6d67dac9b9,1,nonce,16001797
polygon-zkevm:0xfeb8bac57bc7c3dcce15b075e8d73b6d67dac9b9:SMT_KEY:2,0xfeb8bac57bc7c3dcce15b075e8d73b6d67dac9b9,2,code_hash,16001797
polygon-zkevm:0xfeb8bac57bc7c3dcce15b075e8d73b6d67dac9b9:SMT_KEY:4,0xfeb8bac57bc7c3dcce15b075e8d73b6d67dac9b9,4,code_hash_length,16001797
polygon-zkevm:0x2729e75a75fff1c69ac92cd5633621732d597eca:SMT_KEY:0,0x2729e75a75fff1c69ac92cd5633621732d597eca,0,balance,16001817
polygon-zkevm:0x2729e75a75fff1c69ac92cd5633621732d597eca:SMT_KEY:1,0x2729e75a75fff1c69ac92cd5633621732d597eca,1,nonce,16001817
polygon-zkevm:0x2729e75a75fff1c69ac92cd5633621732d597eca:SMT_KEY:2,0x2729e75a75fff1c69ac92cd5633621732d597eca,2,code_hash,16001817
polygon-zkevm:0x2729e75a75fff1c69ac92cd5633621732d597eca:SMT_KEY:4,0x2729e75a75fff1c69ac92cd5633621732d597eca,4,code_hash_length,16001817
polygon-zkevm:0xd5ebc5e5f38c2d8c91c43122a105327c1f0260b4:SMT_KEY:0,0xd5ebc5e5f38c2d8c91c43122a105327c1f0260b4,0,balance,16001817
polygon-zkevm:0xd5ebc5e5f38c2d8c91c43122a105327c1f0260b4:SMT_KEY:1,0xd5ebc5e5f38c2d8c91c43122a105327c1f0260b4,1,nonce,16001817
polygon-zkevm:0xd5ebc5e5f38c2d8c91c43122a105327c1f0260b4:SMT_KEY:2,0xd5ebc5e5f38c2d8c91c43122a105327c1f0260b4,2,code_hash,16001817
polygon-zkevm:0xd5ebc5e5f38c2d8c91c43122a105327c1f0260b4:SMT_KEY:4,0xd5ebc5e5f38c2d8c91c43122a105327c1f0260b4,4,code_hash_length,16001817
polygon-zkevm:0xf0d61aeda516cca1ff20be65cfb0213be688a24f:SMT_KEY:0,0xf0d61aeda516cca1ff20be65cfb0213be688a24f,0,balance,16001817
polygon-zkevm:0xf0d61aeda516cca1ff20be65cfb0213be688a24f:SMT_KEY:1,0xf0d61aeda516cca1ff20be65cfb0213be688a24f,1,nonce,16001817
polygon-zkevm:0xf0d61aeda516cca1ff20be65cfb0213be688a24f:SMT_KEY:2,0xf0d61aeda516cca1ff20be65cfb0213be688a24f,2,code_hash,16001817
polygon-zkevm:0xf0d61aeda516cca1ff20be65cfb0213be688a24f:SMT_KEY:4,0xf0d61aeda516cca1ff20be65cfb0213be688a24f,4,code_hash_length,16001817
polygon-zkevm:0x9cc44811ffc0484e5ecc7ec4e11da34394a60ecd:SMT_KEY:0,0x9cc44811ffc0484e5ecc7ec4e11da34394a60ecd,0,balance,16001827
polygon-zkevm:0x9cc44811ffc0484e5ecc7ec4e11da34394a60ecd:SMT_KEY:1,0x9cc44811ffc0484e5ecc7ec4e11da34394a60ecd,1,nonce,16001827
polygon-zkevm:0x9cc44811ffc0484e5ecc7ec4e11da34394a60ecd:SMT_KEY:2,0x9cc44811ffc0484e5ecc7ec4e11da34394a60ecd,2,code_hash,16001827
polygon-zkevm:0x9cc44811ffc0484e5ecc7ec4e11da34394a60ecd:SMT_KEY:4,0x9cc44811ffc0484e5ecc7ec4e11da34394a60ecd,4,code_hash_length,16001827
polygon-zkevm:0xa06e1351e2fd2d45b5d35633ca7ecf328684a109:SMT_KEY:0,0xa06e1351e2fd2d45b5d35633ca7ecf328684a109,0,balance,16001827
polygon-zkevm:0xa06e1351e2fd2d45b5d35633ca7ecf328684a109:SMT_KEY:1,0xa06e1351e2fd2d45b5d35633ca7ecf328684a109,1,nonce,16001827
polygon-zkevm:0xa06e1351e2fd2d45b5d35633ca7ecf328684a109:SMT_KEY:2,0xa06e1351e2fd2d45b5d35633ca7ecf328684a109,2,code_hash,16001827
polygon-zkevm:0xa06e1351e2fd2d45b5d35633ca7ecf328684a109:SMT_KEY:4,0xa06e1351e2fd2d45b5d35633ca7ecf328684a109,4,code_hash_length,16001827
polygon-zkevm:0xdbb12ec1c6e8a25443d7328c25b8a1e8b91141aa:SMT_KEY:0,0xdbb12ec1c6e8a25443d7328c25b8a1e8b91141aa,0,balance,16001847
polygon-zkevm:0xdbb12ec1c6e8a25443d7328c25b8a1e8b91141aa:SMT_KEY:1,0xdbb12ec1c6e8a25443d7328c25b8a1e8b91141aa,1,nonce,16001847
polygon-zkevm:0xdbb12ec1c6e8a25443d7328c25b8a1e8b91141aa:SMT_KEY:2,0xdbb12ec1c6e8a25443d7328c25b8a1e8b91141aa,2,code_hash,16001847
polygon-zkevm:0xdbb12ec1c6e8a25443d7328c25b8a1e8b91141aa:SMT_KEY:4,0xdbb12ec1c6e8a25443d7328c25b8a1e8b91141aa,4,code_hash_length,16001847
polygon-zkevm:0xfcb49cb1130cb4de0c7938f14c70371d81258651:SMT_KEY:0,0xfcb49cb1130cb4de0c7938f14c70371d81258651,0,balance,16001847
polygon-zkevm:0xfcb49cb1130cb4de0c7938f14c70371d81258651:SMT_KEY:1,0xfcb49cb1130cb4de0c7938f14c70371d81258651,1,nonce,16001847
polygon-zkevm:0xfcb49cb1130cb4de0c7938f14c70371d81258651:SMT_KEY:2,0xfcb49cb1130cb4de0c7938f14c70371d81258651,2,code_hash,16001847
polygon-zkevm:0xfcb49cb1130cb4de0c7938f14c70371d81258651:SMT_KEY:4,0xfcb49cb1130cb4de0c7938f14c70371d81258651,4,code_hash_length,16001847
polygon-zkevm:0x1664e78d2be4ea3d10a0aefa1a877942a53d740c:SMT_KEY:0,0x1664e78d2be4ea3d10a0aefa1a877942a53d740c,0,balance,16001917
polygon-zkevm:0x1664e78d2be4ea3d10a0aefa1a877942a53d740c:SMT_KEY:1,0x1664e78d2be4ea3d10a0aefa1a877942a53d740c,1,nonce,16001917
polygon-zkevm:0x1664e78d2be4ea3d10a0aefa1a877942a53d740c:SMT_KEY:2,0x1664e78d2be4ea3d10a0aefa1a877942a53d740c,2,code_hash,16001917
polygon-zkevm:0x1664e78d2be4ea3d10a0aefa1a877942a53d740c:SMT_KEY:4,0x1664e78d2be4ea3d10a0aefa1a877942a53d740c,4,code_hash_length,16001917
polygon-zkevm:0x34fb0a8ceb9d3f15ffe1863404a6e3a359ec9436:SMT_KEY:0,0x34fb0a8ceb9d3f15ffe1863404a6e3a359ec9436,0,balance,16001917
polygon-zkevm:0x34fb0a8ceb9d3f15ffe1863404a6e3a359ec9436:SMT_KEY:1,0x34fb0a8ceb9d3f15ffe1863404a6e3a359ec9436,1,nonce,16001917
polygon-zkevm:0x34fb0a8ceb9d3f15ffe1863404a6e3a359ec9436:SMT_KEY:2,0x34fb0a8ceb9d3f15ffe1863404a6e3a359ec9436,2,code_hash,16001917
polygon-zkevm:0x34fb0a8ceb9d3f15ffe1863404a6e3a359ec9436:SMT_KEY:4,0x34fb0a8ceb9d3f15ffe1863404a6e3a359ec9436,4,code_hash_length,16001917
polygon-zkevm:0x33128fa08f5e0545f4714434b53bdb5e98f62474:SMT_KEY:0,0x33128fa08f5e0545f4714434b53bdb5e98f62474,0,balance,16001957
polygon-zkevm:0x33128fa08f5e0545f4714434b53bdb5e98f62474:SMT_KEY:1,0x33128fa08f5e0545f4714434b53bdb5e98f62474,1,nonce,16001957
polygon-zkevm:0x33128fa08f5e0545f4714434b53bdb5e98f62474:SMT_KEY:2,0x33128fa08f5e0545f4714434b53bdb5e98f62474,2,code_hash,16001957
polygon-zkevm:0x33128fa08f5e0545f4714434b53bdb5e98f62474:SMT_KEY:4,0x33128fa08f5e0545f4714434b53bdb5e98f62474,4,code_hash_length,16001957
polygon-zkevm:0xd83729a90474d6ae09502ee3c58485cef40ac872:SMT_KEY:0,0xd83729a90474d6ae09502ee3c58485cef40ac872,0,balance,16002047
polygon-zkevm:0xd83729a90474d6ae09502ee3c58485cef40ac872:SMT_KEY:1,0xd83729a90474d6ae09502ee3c58485cef40ac872,1,nonce,16002047
polygon-zkevm:0xd83729a90474d6ae09502ee3c58485cef40ac872:SMT_KEY:2,0xd83729a90474d6ae09502ee3c58485cef40ac872,2,code_hash,16002047
polygon-zkevm:0xd83729a90474d6ae09502ee3c58485cef40ac872:SMT_KEY:4,0xd83729a90474d6ae09502ee3c58485cef40ac872,4,code_hash_length,16002047
polygon-zkevm:0x49c8ab38b44e98c568244f3188f3f4a40ae769ad:SMT_KEY:0,0x49c8ab38b44e98c568244f3188f3f4a40ae769ad,0,balance,16002057
polygon-zkevm:0x49c8ab38b44e98c568244f3188f3f4a40ae769ad:SMT_KEY:1,0x49c8ab38b44e98c568244f3188f3f4a40ae769ad,1,nonce,16002057
polygon-zkevm:0x49c8ab38b44e98c568244f3188f3f4a40ae769ad:SMT_KEY:2,0x49c8ab38b44e98c568244f3188f3f4a40ae769ad,2,code_hash,16002057
polygon-zkevm:0x49c8ab38b44e98c568244f3188f3f4a40ae769ad:SMT_KEY:4,0x49c8ab38b44e98c568244f3188f3f4a40ae769ad,4,code_hash_length,16002057
polygon-zkevm:0x9bf0ea70fa1f3db7fc78acb56069e9c260c3db99:SMT_KEY:0,0x9bf0ea70fa1f3db7fc78acb56069e9c260c3db99,0,balance,16002107
polygon-zkevm:0x9bf0ea70fa1f3db7fc78acb56069e9c260c3db99:SMT_KEY:1,0x9bf0ea70fa1f3db7fc78acb56069e9c260c3db99,1,nonce,16002107
polygon-zkevm:0x9bf0ea70fa1f3db7fc78acb56069e9c260c3db99:SMT_KEY:2,0x9bf0ea70fa1f3db7fc78acb56069e9c260c3db99,2,code_hash,16002107
polygon-zkevm:0x9bf0ea70fa1f3db7fc78acb56069e9c260c3db99:SMT_KEY:4,0x9bf0ea70fa1f3db7fc78acb56069e9c260c3db99,4,code_hash_length,16002107
polygon-zkevm:0x93c94cc75b6040659dd84b447c0b5c9e16a5b7bd:SMT_KEY:0,0x93c94cc75b6040659dd84b447c0b5c9e16a5b7bd,0,balance,16002177
polygon-zkevm:0x93c94cc75b6040659dd84b447c0b5c9e16a5b7bd:SMT_KEY:1,0x93c94cc75b6040659dd84b447c0b5c9e16a5b7bd,1,nonce,16002177
polygon-zkevm:0x93c94cc75b6040659dd84b447c0b5c9e16a5b7bd:SMT_KEY:2,0x93c94cc75b6040659dd84b447c0b5c9e16a5b7bd,2,code_hash,16002177
polygon-zkevm:0x93c94cc75b6040659dd84b447c0b5c9e16a5b7bd:SMT_KEY:4,0x93c94cc75b6040659dd84b447c0b5c9e16a5b7bd,4,code_hash_length,16002177
polygon-zkevm:0x0c88734c67da49cf9a190fb5a1139b8ae3fba2ee:SMT_KEY:0,0x0c88734c67da49cf9a190fb5a1139b8ae3fba2ee,0,balance,16002227
polygon-zkevm:0x0c88734c67da49cf9a190fb5a1139b8ae3fba2ee:SMT_KEY:1,0x0c88734c67da49cf9a190fb5a1139b8ae3fba2ee,1,nonce,16002227
polygon-zkevm:0x0c88734c67da49cf9a190fb5a1139b8ae3fba2ee:SMT_KEY:2,0x0c88734c67da49cf9a190fb5a1139b8ae3fba2ee,2,code_hash,16002227
polygon-zkevm:0x0c88734c67da49cf9a190fb5a1139b8ae3fba2ee:SMT_KEY:4,0x0c88734c67da49cf9a190fb5a1139b8ae3fba2ee,4,code_hash_length,16002227
polygon-zkevm:0x89e830972c7b453d4715ba1d3894aa096f219f02:SMT_KEY:0,0x89e830972c7b453d4715ba1d3894aa096f219f02,0,balance,16002227
polygon-zkevm:0x89e830972c7b453d4715ba1d3894aa096f219f02:SMT_KEY:1,0x89e830972c7b453d4715ba1d3894aa096f219f02,1,nonce,16002227
polygon-zkevm:0x89e830972c7b453d4715ba1d3894aa096f219f02:SMT_KEY:2,0x89e830972c7b453d4715ba1d3894aa096f219f02,2,code_hash,16002227
polygon-zkevm:0x89e830972c7b453d4715ba1d3894aa096f219f02:SMT_KEY:4,0x89e830972c7b453d4715ba1d3894aa096f219f02,4,code_hash_length,16002227
polygon-zkevm:0x6cd8401984a8dd15382dcbb44d87dd249472fd8b:SMT_KEY:0,0x6cd8401984a8dd15382dcbb44d87dd249472fd8b,0,balance,16002247
polygon-zkevm:0x6cd8401984a8dd15382dcbb44d87dd249472fd8b:SMT_KEY:1,0x6cd8401984a8dd15382dcbb44d87dd249472fd8b,1,nonce,16002247
polygon-zkevm:0x6cd8401984a8dd15382dcbb44d87dd249472fd8b:SMT_KEY:2,0x6cd8401984a8dd15382dcbb44d87dd249472fd8b,2,code_hash,16002247
polygon-zkevm:0x6cd8401984a8dd15382dcbb44d87dd249472fd8b:SMT_KEY:4,0x6cd8401984a8dd15382dcbb44d87dd249472fd8b,4,code_hash_length,16002247
polygon-zkevm:0x562bff166fc684b94e3386cac1368ae8a491ad35:SMT_KEY:0,0x562bff166fc684b94e3386cac1368ae8a491ad35,0,balance,16002257
polygon-zkevm:0x562bff166fc684b94e3386cac1368ae8a491ad35:SMT_KEY:1,0x562bff166fc684b94e3386cac1368ae8a491ad35,1,nonce,16002257
polygon-zkevm:0x562bff166fc684b94e3386cac1368ae8a491ad35:SMT_KEY:2,0x562bff166fc684b94e3386cac1368ae8a491ad35,2,code_hash,16002257
polygon-zkevm:0x562bff166fc684b94e3386cac1368ae8a491ad35:SMT_KEY:4,0x562bff166fc684b94e3386cac1368ae8a491ad35,4,code_hash_length,16002257
polygon-zkevm:0xc6f768a399ce1421b2c0295e2a98d33a8292c398:SMT_KEY:0,0xc6f768a399ce1421b2c0295e2a98d33a8292c398,0,balance,16002297
polygon-zkevm:0xc6f768a399ce1421b2c0295e2a98d33a8292c398:SMT_KEY:1,0xc6f768a399ce1421b2c0295e2a98d33a8292c398,1,nonce,16002297
polygon-zkevm:0xc6f768a399ce1421b2c0295e2a98d33a8292c398:SMT_KEY:2,0xc6f768a399ce1421b2c0295e2a98d33a8292c398,2,code_hash,16002297
polygon-zkevm:0xc6f768a399ce1421b2c0295e2a98d33a8292c398:SMT_KEY:4,0xc6f768a399ce1421b2c0295e2a98d33a8292c398,4,code_hash_length,16002297
polygon-zkevm:0x0000a41c8fb13ac331d04800d85135f081b19a44:SMT_KEY:0,0x0000a41c8fb13ac331d04800d85135f081b19a44,0,balance,16002317
polygon-zkevm:0x0000a41c8fb13ac331d04800d85135f081b19a44:SMT_KEY:1,0x0000a41c8fb13ac331d04800d85135f081b19a44,1,nonce,16002317
polygon-zkevm:0x0000a41c8fb13ac331d04800d85135f081b19a44:SMT_KEY:2,0x0000a41c8fb13ac331d04800d85135f081b19a44,2,code_hash,16002317
polygon-zkevm:0x0000a41c8fb13ac331d04800d85135f081b19a44:SMT_KEY:4,0x0000a41c8fb13ac331d04800d85135f081b19a44,4,code_hash_length,16002317
polygon-zkevm:0xd4a1b17fe7d40d845c196588e6d19121f9c67d05:SMT_KEY:0,0xd4a1b17fe7d40d845c196588e6d19121f9c67d05,0,balance,16002437
polygon-zkevm:0xd4a1b17fe7d40d845c196588e6d19121f9c67d05:SMT_KEY:1,0xd4a1b17fe7d40d845c196588e6d19121f9c67d05,1,nonce,16002437
polygon-zkevm:0xd4a1b17fe7d40d845c196588e6d19121f9c67d05:SMT_KEY:2,0xd4a1b17fe7d40d845c196588e6d19121f9c67d05,2,code_hash,16002437
polygon-zkevm:0xd4a1b17fe7d40d845c196588e6d19121f9c67d05:SMT_KEY:4,0xd4a1b17fe7d40d845c196588e6d19121f9c67d05,4,code_hash_length,16002437
polygon-zkevm:0xe2e869c8bb2eda9ac557708dec83529e1e98a3cd:SMT_KEY:0,0xe2e869c8bb2eda9ac557708dec83529e1e98a3cd,0,balance,16002507
polygon-zkevm:0xe2e869c8bb2eda9ac557708dec83529e1e98a3cd:SMT_KEY:1,0xe2e869c8bb2eda9ac557708dec83529e1e98a3cd,1,nonce,16002507
polygon-zkevm:0xe2e869c8bb2eda9ac557708dec83529e1e98a3cd:SMT_KEY:2,0xe2e869c8bb2eda9ac557708dec83529e1e98a3cd,2,code_hash,16002507
polygon-zkevm:0xe2e869c8bb2eda9ac557708dec83529e1e98a3cd:SMT_KEY:4,0xe2e869c8bb2eda9ac557708dec83529e1e98a3cd,4,code_hash_length,16002507
polygon-zkevm:0xc6731e3d717e9fcf497bedcde41783518cfe2027:SMT_KEY:0,0xc6731e3d717e9fcf497bedcde41783518cfe2027,0,balance,16002527
polygon-zkevm:0xc6731e3d717e9fcf497bedcde41783518cfe2027:SMT_KEY:1,0xc6731e3d717e9fcf497bedcde41783518cfe2027,1,nonce,16002527
polygon-zkevm:0xc6731e3d717e9fcf497bedcde41783518cfe2027:SMT_KEY:2,0xc6731e3d717e9fcf497bedcde41783518cfe2027,2,code_hash,16002527
polygon-zkevm:0xc6731e3d717e9fcf497bedcde41783518cfe2027:SMT_KEY:4,0xc6731e3d717e9fcf497bedcde41783518cfe2027,4,code_hash_length,16002527
polygon-zkevm:0x55a5705453ee82c742274154136fce8149597058:SMT_KEY:0,0x55a5705453ee82c742274154136fce8149597058,0,balance,16002547
polygon-zkevm:0x55a5705453ee82c742274154136fce8149597058:SMT_KEY:1,0x55a5705453ee82c742274154136fce8149597058,1,nonce,16002547
polygon-zkevm:0x55a5705453ee82c742274154136fce8149597058:SMT_KEY:2,0x55a5705453ee82c742274154136fce8149597058,2,code_hash,16002547
polygon-zkevm:0x55a5705453ee82c742274154136fce8149597058:SMT_KEY:4,0x55a5705453ee82c742274154136fce8149597058,4,code_hash_length,16002547
polygon-zkevm:0x270ac3a5dfd0cc8f67d59169b97ef4bbfa65d1be:SMT_KEY:0,0x270ac3a5dfd0cc8f67d59169b97ef4bbfa65d1be,0,balance,16002637
polygon-zkevm:0x270ac3a5dfd0cc8f67d59169b97ef4bbfa65d1be:SMT_KEY:1,0x270ac3a5dfd0cc8f67d59169b97ef4bbfa65d1be,1,nonce,16002637
polygon-zkevm:0x270ac3a5dfd0cc8f67d59169b97ef4bbfa65d1be:SMT_KEY:2,0x270ac3a5dfd0cc8f67d59169b97ef4bbfa65d1be,2,code_hash,16002637
polygon-zkevm:0x270ac3a5dfd0cc8f67d59169b97ef4bbfa65d1be:SMT_KEY:4,0x270ac3a5dfd0cc8f67d59169b97ef4bbfa65d1be,4,code_hash_length,16002637
polygon-zkevm:0x8df57cdd2fc6baa4e2b451dccbdd3c646b80e382:SMT_KEY:0,0x8df57cdd2fc6baa4e2b451dccbdd3c646b80e382,0,balance,16002647
polygon-zkevm:0x8df57cdd2fc6baa4e2b451dccbdd3c646b80e382:SMT_KEY:1,0x8df57cdd2fc6baa4e2b451dccbdd3c646b80e382,1,nonce,16002647
polygon-zkevm:0x8df57cdd2fc6baa4e2b451dccbdd3c646b80e382:SMT_KEY:2,0x8df57cdd2fc6baa4e2b451dccbdd3c646b80e382,2,code_hash,16002647
polygon-zkevm:0x8df57cdd2fc6baa4e2b451dccbdd3c646b80e382:SMT_KEY:4,0x8df57cdd2fc6baa4e2b451dccbdd3c646b80e382,4,code_hash_length,16002647
polygon-zkevm:0xd5929dffeb066ff754611afecf2afbdb4a7c5cd1:SMT_KEY:0,0xd5929dffeb066ff754611afecf2afbdb4a7c5cd1,0,balance,16002747
polygon-zkevm:0xd5929dffeb066ff754611afecf2afbdb4a7c5cd1:SMT_KEY:1,0xd5929dffeb066ff754611afecf2afbdb4a7c5cd1,1,nonce,16002747
polygon-zkevm:0xd5929dffeb066ff754611afecf2afbdb4a7c5cd1:SMT_KEY:2,0xd5929dffeb066ff754611afecf2afbdb4a7c5cd1,2,code_hash,16002747
polygon-zkevm:0xd5929dffeb066ff754611afecf2afbdb4a7c5cd1:SMT_KEY:4,0xd5929dffeb066ff754611afecf2afbdb4a7c5cd1,4,code_hash_length,16002747
polygon-zkevm:0x8bf1629ecdecab7cf09cec256a2dba3c3403f67d:SMT_KEY:0,0x8bf1629ecdecab7cf09cec256a2dba3c3403f67d,0,balance,16002777
polygon-zkevm:0x8bf1629ecdecab7cf09cec256a2dba3c3403f67d:SMT_KEY:1,0x8bf1629ecdecab7cf09cec256a2dba3c3403f67d,1,nonce,16002777
polygon-zkevm:0x8bf1629ecdecab7cf09cec256a2dba3c3403f67d:SMT_KEY:2,0x8bf1629ecdecab7cf09cec256a2dba3c3403f67d,2,code_hash,16002777
polygon-zkevm:0x8bf1629ecdecab7cf09cec256a2dba3c3403f67d:SMT_KEY:4,0x8bf1629ecdecab7cf09cec256a2dba3c3403f67d,4,code_hash_length,16002777
polygon-zkevm:0x0797e9e4f02ac298121a88bebd39560c47cd5490:SMT_KEY:0,0x0797e9e4f02ac298121a88bebd39560c47cd5490,0,balance,16002797
polygon-zkevm:0x0797e9e4f02ac298121a88bebd39560c47cd5490:SMT_KEY:1,0x0797e9e4f02ac298121a88bebd39560c47cd5490,1,nonce,16002797
polygon-zkevm:0x0797e9e4f02ac298121a88bebd39560c47cd5490:SMT_KEY:2,0x0797e9e4f02ac298121a88bebd39560c47cd5490,2,code_hash,16002797
polygon-zkevm:0x0797e9e4f02ac298121a88bebd39560c47cd5490:SMT_KEY:4,0x0797e9e4f02ac298121a88bebd39560c47cd5490,4,code_hash_length,16002797
polygon-zkevm:0x272956b9330efc6c5a5a46180d301f85c40acf2e:SMT_KEY:0,0x272956b9330efc6c5a5a46180d301f85c40acf2e,0,balance,16002797
polygon-zkevm:0x272956b9330efc6c5a5a46180d301f85c40acf2e:SMT_KEY:1,0x272956b9330efc6c5a5a46180d301f85c40acf2e,1,nonce,16002797
polygon-zkevm:0x272956b9330efc6c5a5a46180d301f85c40acf2e:SMT_KEY:2,0x272956b9330efc6c5a5a46180d301f85c40acf2e,2,code_hash,16002797
polygon-zkevm:0x272956b9330efc6c5a5a46180d301f85c40acf2e:SMT_KEY:4,0x272956b9330efc6c5a5a46180d301f85c40acf2e,4,code_hash_length,16002797
polygon-zkevm:0x6fcefa0ad8f8a7e0f938a799930b17d0461c1396:SMT_KEY:0,0x6fcefa0ad8f8a7e0f938a799930b17d0461c1396,0,balance,16002797
polygon-zkevm:0x6fcefa0ad8f8a7e0f938a799930b17d0461c1396:SMT_KEY:1,0x6fcefa0ad8f8a7e0f938a799930b17d0461c1396,1,nonce,16002797
polygon-zkevm:0x6fcefa0ad8f8a7e0f938a799930b17d0461c1396:SMT_KEY:2,0x6fcefa0ad8f8a7e0f938a799930b17d0461c1396,2,code_hash,16002797
polygon-zkevm:0x6fcefa0ad8f8a7e0f938a799930b17d0461c1396:SMT_KEY:4,0x6fcefa0ad8f8a7e0f938a799930b17d0461c1396,4,code_hash_length,16002797
polygon-zkevm:0x4183ae3e46765fc09952f72ab53bccc23db8ac5a:SMT_KEY:0,0x4183ae3e46765fc09952f72ab53bccc23db8ac5a,0,balance,16002827
polygon-zkevm:0x4183ae3e46765fc09952f72ab53bccc23db8ac5a:SMT_KEY:1,0x4183ae3e46765fc09952f72ab53bccc23db8ac5a,1,nonce,16002827
polygon-zkevm:0x4183ae3e46765fc09952f72ab53bccc23db8ac5a:SMT_KEY:2,0x4183ae3e46765fc09952f72ab53bccc23db8ac5a,2,code_hash,16002827
polygon-zkevm:0x4183ae3e46765fc09952f72ab53bccc23db8ac5a:SMT_KEY:4,0x4183ae3e46765fc09952f72ab53bccc23db8ac5a,4,code_hash_length,16002827
polygon-zkevm:0x27f3b193e75e6dc85253bc64d9ad38d137b715ab:SMT_KEY:0,0x27f3b193e75e6dc85253bc64d9ad38d137b715ab,0,balance,16002867
polygon-zkevm:0x27f3b193e75e6dc85253bc64d9ad38d137b715ab:SMT_KEY:1,0x27f3b193e75e6dc85253bc64d9ad38d137b715ab,1,nonce,16002867
polygon-zkevm:0x27f3b193e75e6dc85253bc64d9ad38d137b715ab:SMT_KEY:2,0x27f3b193e75e6dc85253bc64d9ad38d137b715ab,2,code_hash,16002867
polygon-zkevm:0x27f3b193e75e6dc85253bc64d9ad38d137b715ab:SMT_KEY:4,0x27f3b193e75e6dc85253bc64d9ad38d137b715ab,4,code_hash_length,16002867
polygon-zkevm:0x7dd14c291d61d333d8b67b5401a83cbb5d489bfe:SMT_KEY:0,0x7dd14c291d61d333d8b67b5401a83cbb5d489bfe,0,balance,16002867
polygon-zkevm:0x7dd14c291d61d333d8b67b5401a83cbb5d489bfe:SMT_KEY:1,0x7dd14c291d61d333d8b67b5401a83cbb5d489bfe,1,nonce,16002867
polygon-zkevm:0x7dd14c291d61d333d8b67b5401a83cbb5d489bfe:SMT_KEY:2,0x7dd14c291d61d333d8b67b5401a83cbb5d489bfe,2,code_hash,16002867
polygon-zkevm:0x7dd14c291d61d333d8b67b5401a83cbb5d489bfe:SMT_KEY:4,0x7dd14c291d61d333d8b67b5401a83cbb5d489bfe,4,code_hash_length,16002867
polygon-zkevm:0x4341f7472b7a0cd2ad5b39842eac8a20585bfaf7:SMT_KEY:0,0x4341f7472b7a0cd2ad5b39842eac8a20585bfaf7,0,balance,16002917
polygon-zkevm:0x4341f7472b7a0cd2ad5b39842eac8a20585bfaf7:SMT_KEY:1,0x4341f7472b7a0cd2ad5b39842eac8a20585bfaf7,1,nonce,16002917
polygon-zkevm:0x4341f7472b7a0cd2ad5b39842eac8a20585bfaf7:SMT_KEY:2,0x4341f7472b7a0cd2ad5b39842eac8a20585bfaf7,2,code_hash,16002917
polygon-zkevm:0x4341f7472b7a0cd2ad5b39842eac8a20585bfaf7:SMT_KEY:4,0x4341f7472b7a0cd2ad5b39842eac8a20585bfaf7,4,code_hash_length,16002917
polygon-zkevm:0x0f037e56e563503adca3f7721b5390b917216558:SMT_KEY:0,0x0f037e56e563503adca3f7721b5390b917216558,0,balance,16002937
polygon-zkevm:0x0f037e56e563503adca3f7721b5390b917216558:SMT_KEY:1,0x0f037e56e563503adca3f7721b5390b917216558,1,nonce,16002937
polygon-zkevm:0x0f037e56e563503adca3f7721b5390b917216558:SMT_KEY:2,0x0f037e56e563503adca3f7721b5390b917216558,2,code_hash,16002937
polygon-zkevm:0x0f037e56e563503adca3f7721b5390b917216558:SMT_KEY:4,0x0f037e56e563503adca3f7721b5390b917216558,4,code_hash_length,16002937
polygon-zkevm:0xcd57b9681370a3f027a2085db85f059305142f79:SMT_KEY:0,0xcd57b9681370a3f027a2085db85f059305142f79,0,balance,16002937
polygon-zkevm:0xcd57b9681370a3f027a2085db85f059305142f79:SMT_KEY:1,0xcd57b9681370a3f027a2085db85f059305142f79,1,nonce,16002937
polygon-zkevm:0xcd57b9681370a3f027a2085db85f059305142f79:SMT_KEY:2,0xcd57b9681370a3f027a2085db85f059305142f79,2,code_hash,16002937
polygon-zkevm:0xcd57b9681370a3f027a2085db85f059305142f79:SMT_KEY:4,0xcd57b9681370a3f027a2085db85f059305142f79,4,code_hash_length,16002937
polygon-zkevm:0xe9f2319010a5e73b656306790b4d358f4ff36d04:SMT_KEY:0,0xe9f2319010a5e73b656306790b4d358f4ff36d04,0,balance,16002937
polygon-zkevm:0xe9f2319010a5e73b656306790b4d358f4ff36d04:SMT_KEY:1,0xe9f2319010a5e73b656306790b4d358f4ff36d04,1,nonce,16002937
polygon-zkevm:0xe9f2319010a5e73b656306790b4d358f4ff36d04:SMT_KEY:2,0xe9f2319010a5e73b656306790b4d358f4ff36d04,2,code_hash,16002937
polygon-zkevm:0xe9f2319010a5e73b656306790b4d358f4ff36d04:SMT_KEY:4,0xe9f2319010a5e73b656306790b4d358f4ff36d04,4,code_hash_length,16002937
polygon-zkevm:0xf7937f825a2aecdcb962925f12b64943d0b2496a:SMT_KEY:0,0xf7937f825a2aecdcb962925f12b64943d0b2496a,0,balance,16003197
polygon-zkevm:0xf7937f825a2aecdcb962925f12b64943d0b2496a:SMT_KEY:1,0xf7937f825a2aecdcb962925f12b64943d0b2496a,1,nonce,16003197
polygon-zkevm:0xf7937f825a2aecdcb962925f12b64943d0b2496a:SMT_KEY:2,0xf7937f825a2aecdcb962925f12b64943d0b2496a,2,code_hash,16003197
polygon-zkevm:0xf7937f825a2aecdcb962925f12b64943d0b2496a:SMT_KEY:4,0xf7937f825a2aecdcb962925f12b64943d0b2496a,4,code_hash_length,16003197
polygon-zkevm:0xa60a3d65f0600e513e9b8fc5bfc9e26589d67d45:SMT_KEY:0,0xa60a3d65f0600e513e9b8fc5bfc9e26589d67d45,0,balance,16003267
polygon-zkevm:0xa60a3d65f0600e513e9b8fc5bfc9e26589d67d45:SMT_KEY:1,0xa60a3d65f0600e513e9b8fc5bfc9e26589d67d45,1,nonce,16003267
polygon-zkevm:0xa60a3d65f0600e513e9b8fc5bfc9e26589d67d45:SMT_KEY:2,0xa60a3d65f0600e513e9b8fc5bfc9e26589d67d45,2,code_hash,16003267
polygon-zkevm:0xa60a3d65f0600e513e9b8fc5bfc9e26589d67d45:SMT_KEY:4,0xa60a3d65f0600e513e9b8fc5bfc9e26589d67d45,4,code_hash_length,16003267
polygon-zkevm:0xc03642a42f5df6e382e69c91e9e75a90540d714c:SMT_KEY:0,0xc03642a42f5df6e382e69c91e9e75a90540d714c,0,balance,16003287
polygon-zkevm:0xc03642a42f5df6e382e69c91e9e75a90540d714c:SMT_KEY:1,0xc03642a42f5df6e382e69c91e9e75a90540d714c,1,nonce,16003287
polygon-zkevm:0xc03642a42f5df6e382e69c91e9e75a90540d714c:SMT_KEY:2,0xc03642a42f5df6e382e69c91e9e75a90540d714c,2,code_hash,16003287
polygon-zkevm:0xc03642a42f5df6e382e69c91e9e75a90540d714c:SMT_KEY:4,0xc03642a42f5df6e382e69c91e9e75a90540d714c,4,code_hash_length,16003287
polygon-zkevm:0xeb116237489bdc132296a774ecf1e6d30cc31279:SMT_KEY:0,0xeb116237489bdc132296a774ecf1e6d30cc31279,0,balance,16003297
polygon-zkevm:0xeb116237489bdc132296a774ecf1e6d30cc31279:SMT_KEY:1,0xeb116237489bdc132296a774ecf1e6d30cc31279,1,nonce,16003297
polygon-zkevm:0xeb116237489bdc132296a774ecf1e6d30cc31279:SMT_KEY:2,0xeb116237489bdc132296a774ecf1e6d30cc31279,2,code_hash,16003297
polygon-zkevm:0xeb116237489bdc132296a774ecf1e6d30cc31279:SMT_KEY:4,0xeb116237489bdc132296a774ecf1e6d30cc31279,4,code_hash_length,16003297
polygon-zkevm:0xe15446570585e178c097de0d80cd416ef15183c8:SMT_KEY:0,0xe15446570585e178c097de0d80cd416ef15183c8,0,balance,16003347
polygon-zkevm:0xe15446570585e178c097de0d80cd416ef15183c8:SMT_KEY:1,0xe15446570585e178c097de0d80cd416ef15183c8,1,nonce,16003347
polygon-zkevm:0xe15446570585e178c097de0d80cd416ef15183c8:SMT_KEY:2,0xe15446570585e178c097de0d80cd416ef15183c8,2,code_hash,16003347
polygon-zkevm:0xe15446570585e178c097de0d80cd416ef15183c8:SMT_KEY:4,0xe15446570585e178c097de0d80cd416ef15183c8,4,code_hash_length,16003347
polygon-zkevm:0x0523250f55085be932dc8a1f8832580e0dedbe18:SMT_KEY:0,0x0523250f55085be932dc8a1f8832580e0dedbe18,0,balance,16003437
polygon-zkevm:0x0523250f55085be932dc8a1f8832580e0dedbe18:SMT_KEY:1,0x0523250f55085be932dc8a1f8832580e0dedbe18,1,nonce,16003437
polygon-zkevm:0x0523250f55085be932dc8a1f8832580e0dedbe18:SMT_KEY:2,0x0523250f55085be932dc8a1f8832580e0dedbe18,2,code_hash,16003437
polygon-zkevm:0x0523250f55085be932dc8a1f8832580e0dedbe18:SMT_KEY:4,0x0523250f55085be932dc8a1f8832580e0dedbe18,4,code_hash_length,16003437
polygon-zkevm:0x7752b7d4c7eaf7e4741124c6c1ce26e760e80e8c:SMT_KEY:0,0x7752b7d4c7eaf7e4741124c6c1ce26e760e80e8c,0,balance,16003447
polygon-zkevm:0x7752b7d4c7eaf7e4741124c6c1ce26e760e80e8c:SMT_KEY:1,0x7752b7d4c7eaf7e4741124c6c1ce26e760e80e8c,1,nonce,16003447
polygon-zkevm:0x7752b7d4c7eaf7e4741124c6c1ce26e760e80e8c:SMT_KEY:2,0x7752b7d4c7eaf7e4741124c6c1ce26e760e80e8c,2,code_hash,16003447
polygon-zkevm:0x7752b7d4c7eaf7e4741124c6c1ce26e760e80e8c:SMT_KEY:4,0x7752b7d4c7eaf7e4741124c6c1ce26e760e80e8c,4,code_hash_length,16003447
polygon-zkevm:0xa4546415f9242707a4e8834a529259301922a16e:SMT_KEY:0,0xa4546415f9242707a4e8834a529259301922a16e,0,balance,16003527
polygon-zkevm:0xa4546415f9242707a4e8834a529259301922a16e:SMT_KEY:1,0xa4546415f9242707a4e8834a529259301922a16e,1,nonce,16003527
polygon-zkevm:0xa4546415f9242707a4e8834a529259301922a16e:SMT_KEY:2,0xa4546415f9242707a4e8834a529259301922a16e,2,code_hash,16003527
polygon-zkevm:0xa4546415f9242707a4e8834a529259301922a16e:SMT_KEY:4,0xa4546415f9242707a4e8834a529259301922a16e,4,code_hash_length,16003527
polygon-zkevm:0x4cb01b6672bc750821af952ec5a2447fc90195b1:SMT_KEY:0,0x4cb01b6672bc750821af952ec5a2447fc90195b1,0,balance,16003537
polygon-zkevm:0x4cb01b6672bc750821af952ec5a2447fc90195b1:SMT_KEY:1,0x4cb01b6672bc750821af952ec5a2447fc90195b1,1,nonce,16003537
polygon-zkevm:0x4cb01b6672bc750821af952ec5a2447fc90195b1:SMT_KEY:2,0x4cb01b6672bc750821af952ec5a2447fc90195b1,2,code_hash,16003537
polygon-zkevm:0x4cb01b6672bc750821af952ec5a2447fc90195b1:SMT_KEY:4,0x4cb01b6672bc750821af952ec5a2447fc90195b1,4,code_hash_length,16003537
polygon-zkevm:0x837808055c0e472176c1bb21ab0e997b32465f8f:SMT_KEY:0,0x837808055c0e472176c1bb21ab0e997b32465f8f,0,balance,16003557
polygon-zkevm:0x837808055c0e472176c1bb21ab0e997b32465f8f:SMT_KEY:1,0x837808055c0e472176c1bb21ab0e997b32465f8f,1,nonce,16003557
polygon-zkevm:0x837808055c0e472176c1bb21ab0e997b32465f8f:SMT_KEY:2,0x837808055c0e472176c1bb21ab0e997b32465f8f,2,code_hash,16003557
polygon-zkevm:0x837808055c0e472176c1bb21ab0e997b32465f8f:SMT_KEY:4,0x837808055c0e472176c1bb21ab0e997b32465f8f,4,code_hash_length,16003557
polygon-zkevm:0x9142e709052d0da072142861d38df6849e7a2078:SMT_KEY:0,0x9142e709052d0da072142861d38df6849e7a2078,0,balance,16003557
polygon-zkevm:0x9142e709052d0da072142861d38df6849e7a2078:SMT_KEY:1,0x9142e709052d0da072142861d38df6849e7a2078,1,nonce,16003557
polygon-zkevm:0x9142e709052d0da072142861d38df6849e7a2078:SMT_KEY:2,0x9142e709052d0da072142861d38df6849e7a2078,2,code_hash,16003557
polygon-zkevm:0x9142e709052d0da072142861d38df6849e7a2078:SMT_KEY:4,0x9142e709052d0da072142861d38df6849e7a2078,4,code_hash_length,16003557
polygon-zkevm:0x94d6adfb6491b43f33ebe4151307ed7c9908ed7c:SMT_KEY:0,0x94d6adfb6491b43f33ebe4151307ed7c9908ed7c,0,balance,16003587
polygon-zkevm:0x94d6adfb6491b43f33ebe4151307ed7c9908ed7c:SMT_KEY:1,0x94d6adfb6491b43f33ebe4151307ed7c9908ed7c,1,nonce,16003587
polygon-zkevm:0x94d6adfb6491b43f33ebe4151307ed7c9908ed7c:SMT_KEY:2,0x94d6adfb6491b43f33ebe4151307ed7c9908ed7c,2,code_hash,16003587
polygon-zkevm:0x94d6adfb6491b43f33ebe4151307ed7c9908ed7c:SMT_KEY:4,0x94d6adfb6491b43f33ebe4151307ed7c9908ed7c,4,code_hash_length,16003587
polygon-zkevm:0x1b9ddf0e7eded66af89f1dea5df1ac3cc793c16c:SMT_KEY:0,0x1b9ddf0e7eded66af89f1dea5df1ac3cc793c16c,0,balance,16003607
polygon-zkevm:0x1b9ddf0e7eded66af89f1dea5df1ac3cc793c16c:SMT_KEY:1,0x1b9ddf0e7eded66af89f1dea5df1ac3cc793c16c,1,nonce,16003607
polygon-zkevm:0x1b9ddf0e7eded66af89f1dea5df1ac3cc793c16c:SMT_KEY:2,0x1b9ddf0e7eded66af89f1dea5df1ac3cc793c16c,2,code_hash,16003607
polygon-zkevm:0x1b9ddf0e7eded66af89f1dea5df1ac3cc793c16c:SMT_KEY:4,0x1b9ddf0e7eded66af89f1dea5df1ac3cc793c16c,4,code_hash_length,16003607
polygon-zkevm:0x68791cfe079814c46e0e25c19bcc5bfc71a744f7:SMT_KEY:0,0x68791cfe079814c46e0e25c19bcc5bfc71a744f7,0,balance,16003607
polygon-zkevm:0x68791cfe079814c46e0e25c19bcc5bfc71a744f7:SMT_KEY:1,0x68791cfe079814c46e0e25c19bcc5bfc71a744f7,1,nonce,16003607
polygon-zkevm:0x68791cfe079814c46e0e25c19bcc5bfc71a744f7:SMT_KEY:2,0x68791cfe079814c46e0e25c19bcc5bfc71a744f7,2,code_hash,16003607
polygon-zkevm:0x68791cfe079814c46e0e25c19bcc5bfc71a744f7:SMT_KEY:4,0x68791cfe079814c46e0e25c19bcc5bfc71a744f7,4,code_hash_length,16003607
polygon-zkevm:0x7643d10013ffff6886071cb351aa1ee2c2d8c55a:SMT_KEY:0,0x7643d10013ffff6886071cb351aa1ee2c2d8c55a,0,balance,16003657
polygon-zkevm:0x7643d10013ffff6886071cb351aa1ee2c2d8c55a:SMT_KEY:1,0x7643d10013ffff6886071cb351aa1ee2c2d8c55a,1,nonce,16003657
polygon-zkevm:0x7643d10013ffff6886071cb351aa1ee2c2d8c55a:SMT_KEY:2,0x7643d10013ffff6886071cb351aa1ee2c2d8c55a,2,code_hash,16003657
polygon-zkevm:0x7643d10013ffff6886071cb351aa1ee2c2d8c55a:SMT_KEY:4,0x7643d10013ffff6886071cb351aa1ee2c2d8c55a,4,code_hash_length,16003657
polygon-zkevm:0x8a57fa87f376499ce5df5f6e384ea778958200ce:SMT_KEY:0,0x8a57fa87f376499ce5df5f6e384ea778958200ce,0,balance,16003677
polygon-zkevm:0x8a57fa87f376499ce5df5f6e384ea778958200ce:SMT_KEY:1,0x8a57fa87f376499ce5df5f6e384ea778958200ce,1,nonce,16003677
polygon-zkevm:0x8a57fa87f376499ce5df5f6e384ea778958200ce:SMT_KEY:2,0x8a57fa87f376499ce5df5f6e384ea778958200ce,2,code_hash,16003677
polygon-zkevm:0x8a57fa87f376499ce5df5f6e384ea778958200ce:SMT_KEY:4,0x8a57fa87f376499ce5df5f6e384ea778958200ce,4,code_hash_length,16003677
polygon-zkevm:0xd15c5c8eeb51841c4a289b2756237270de3e0742:SMT_KEY:0,0xd15c5c8eeb51841c4a289b2756237270de3e0742,0,balance,16003737
polygon-zkevm:0xd15c5c8eeb51841c4a289b2756237270de3e0742:SMT_KEY:1,0xd15c5c8eeb51841c4a289b2756237270de3e0742,1,nonce,16003737
polygon-zkevm:0xd15c5c8eeb51841c4a289b2756237270de3e0742:SMT_KEY:2,0xd15c5c8eeb51841c4a289b2756237270de3e0742,2,code_hash,16003737
polygon-zkevm:0xd15c5c8eeb51841c4a289b2756237270de3e0742:SMT_KEY:4,0xd15c5c8eeb51841c4a289b2756237270de3e0742,4,code_hash_length,16003737
polygon-zkevm:0x83e91a9c91d14f6b6e670cf7b33cb540cc90e518:SMT_KEY:0,0x83e91a9c91d14f6b6e670cf7b33cb540cc90e518,0,balance,16003747
polygon-zkevm:0x83e91a9c91d14f6b6e670cf7b33cb540cc90e518:SMT_KEY:1,0x83e91a9c91d14f6b6e670cf7b33cb540cc90e518,1,nonce,16003747
polygon-zkevm:0x83e91a9c91d14f6b6e670cf7b33cb540cc90e518:SMT_KEY:2,0x83e91a9c91d14f6b6e670cf7b33cb540cc90e518,2,code_hash,16003747
polygon-zkevm:0x83e91a9c91d14f6b6e670cf7b33cb540cc90e518:SMT_KEY:4,0x83e91a9c91d14f6b6e670cf7b33cb540cc90e518,4,code_hash_length,16003747
polygon-zkevm:0xf2614a233c7c3e7f08b1f887ba133a13f1eb2c55:SMT_KEY:0,0xf2614a233c7c3e7f08b1f887ba133a13f1eb2c55,0,balance,16003757
polygon-zkevm:0xf2614a233c7c3e7f08b1f887ba133a13f1eb2c55:SMT_KEY:1,0xf2614a233c7c3e7f08b1f887ba133a13f1eb2c55,1,nonce,16003757
polygon-zkevm:0xf2614a233c7c3e7f08b1f887ba133a13f1eb2c55:SMT_KEY:2,0xf2614a233c7c3e7f08b1f887ba133a13f1eb2c55,2,code_hash,16003757
polygon-zkevm:0xf2614a233c7c3e7f08b1f887ba133a13f1eb2c55:SMT_KEY:4,0xf2614a233c7c3e7f08b1f887ba133a13f1eb2c55,4,code_hash_length,16003757
polygon-zkevm:0x98464f58c04e6ef1966d04ba2fc7fd50f153ff45:SMT_KEY:0,0x98464f58c04e6ef1966d04ba2fc7fd50f153ff45,0,balance,16003777
polygon-zkevm:0x98464f58c04e6ef1966d04ba2fc7fd50f153ff45:SMT_KEY:1,0x98464f58c04e6ef1966d04ba2fc7fd50f153ff45,1,nonce,16003777
polygon-zkevm:0x98464f58c04e6ef1966d04ba2fc7fd50f153ff45:SMT_KEY:2,0x98464f58c04e6ef1966d04ba2fc7fd50f153ff45,2,code_hash,16003777
polygon-zkevm:0x98464f58c04e6ef1966d04ba2fc7fd50f153ff45:SMT_KEY:4,0x98464f58c04e6ef1966d04ba2fc7fd50f153ff45,4,code_hash_length,16003777
polygon-zkevm:0x1f149e515ea36f17c9429a9b90f6464900bb4239:SMT_KEY:0,0x1f149e515ea36f17c9429a9b90f6464900bb4239,0,balance,16003787
polygon-zkevm:0x1f149e515ea36f17c9429a9b90f6464900bb4239:SMT_KEY:1,0x1f149e515ea36f17c9429a9b90f6464900bb4239,1,nonce,16003787
polygon-zkevm:0x1f149e515ea36f17c9429a9b90f6464900bb4239:SMT_KEY:2,0x1f149e515ea36f17c9429a9b90f6464900bb4239,2,code_hash,16003787
polygon-zkevm:0x1f149e515ea36f17c9429a9b90f6464900bb4239:SMT_KEY:4,0x1f149e515ea36f17c9429a9b90f6464900bb4239,4,code_hash_length,16003787
polygon-zkevm:0xec17c56b3606ca9517bc8b640f93acd48ad06217:SMT_KEY:0,0xec17c56b3606ca9517bc8b640f93acd48ad06217,0,balance,16003847
polygon-zkevm:0xec17c56b3606ca9517bc8b640f93acd48ad06217:SMT_KEY:1,0xec17c56b3606ca9517bc8b640f93acd48ad06217,1,nonce,16003847
polygon-zkevm:0xec17c56b3606ca9517bc8b640f93acd48ad06217:SMT_KEY:2,0xec17c56b3606ca9517bc8b640f93acd48ad06217,2,code_hash,16003847
polygon-zkevm:0xec17c56b3606ca9517bc8b640f93acd48ad06217:SMT_KEY:4,0xec17c56b3606ca9517bc8b640f93acd48ad06217,4,code_hash_length,16003847
polygon-zkevm:0x374f328ba653bc43e42cbeb41e4f8cf2647edb6e:SMT_KEY:0,0x374f328ba653bc43e42cbeb41e4f8cf2647edb6e,0,balance,16003867
polygon-zkevm:0x374f328ba653bc43e42cbeb41e4f8cf2647edb6e:SMT_KEY:1,0x374f328ba653bc43e42cbeb41e4f8cf2647edb6e,1,nonce,16003867
polygon-zkevm:0x374f328ba653bc43e42cbeb41e4f8cf2647edb6e:SMT_KEY:2,0x374f328ba653bc43e42cbeb41e4f8cf2647edb6e,2,code_hash,16003867
polygon-zkevm:0x374f328ba653bc43e42cbeb41e4f8cf2647edb6e:SMT_KEY:4,0x374f328ba653bc43e42cbeb41e4f8cf2647edb6e,4,code_hash_length,16003867
polygon-zkevm:0xbda5144cb25ef7a3e94d26fbce28b5c480fb8fdf:SMT_KEY:0,0xbda5144cb25ef7a3e94d26fbce28b5c480fb8fdf,0,balance,16003867
polygon-zkevm:0xbda5144cb25ef7a3e94d26fbce28b5c480fb8fdf:SMT_KEY:1,0xbda5144cb25ef7a3e94d26fbce28b5c480fb8fdf,1,nonce,16003867
polygon-zkevm:0xbda5144cb25ef7a3e94d26fbce28b5c480fb8fdf:SMT_KEY:2,0xbda5144cb25ef7a3e94d26fbce28b5c480fb8fdf,2,code_hash,16003867
polygon-zkevm:0xbda5144cb25ef7a3e94d26fbce28b5c480fb8fdf:SMT_KEY:4,0xbda5144cb25ef7a3e94d26fbce28b5c480fb8fdf,4,code_hash_length,16003867
polygon-zkevm:0xe4568aa2a5a15db669ee233a094c0166f3d519bf:SMT_KEY:0,0xe4568aa2a5a15db669ee233a094c0166f3d519bf,0,balance,16003877
polygon-zkevm:0xe4568aa2a5a15db669ee233a094c0166f3d519bf:SMT_KEY:1,0xe4568aa2a5a15db669ee233a094c0166f3d519bf,1,nonce,16003877
polygon-zkevm:0xe4568aa2a5a15db669ee233a094c0166f3d519bf:SMT_KEY:2,0xe4568aa2a5a15db669ee233a094c0166f3d519bf,2,code_hash,16003877
polygon-zkevm:0xe4568aa2a5a15db669ee233a094c0166f3d519bf:SMT_KEY:4,0xe4568aa2a5a15db669ee233a094c0166f3d519bf,4,code_hash_length,16003877
polygon-zkevm:0x6b5a3ba99c0fc6225c7d570ee8a15d08d8bb42e4:SMT_KEY:0,0x6b5a3ba99c0fc6225c7d570ee8a15d08d8bb42e4,0,balance,16003887
polygon-zkevm:0x6b5a3ba99c0fc6225c7d570ee8a15d08d8bb42e4:SMT_KEY:1,0x6b5a3ba99c0fc6225c7d570ee8a15d08d8bb42e4,1,nonce,16003887
polygon-zkevm:0x6b5a3ba99c0fc6225c7d570ee8a15d08d8bb42e4:SMT_KEY:2,0x6b5a3ba99c0fc6225c7d570ee8a15d08d8bb42e4,2,code_hash,16003887
polygon-zkevm:0x6b5a3ba99c0fc6225c7d570ee8a15d08d8bb42e4:SMT_KEY:4,0x6b5a3ba99c0fc6225c7d570ee8a15d08d8bb42e4,4,code_hash_length,16003887
polygon-zkevm:0xbcfa4cfa97f74a6abf80b9901569bbc8654f4315:SMT_KEY:0,0xbcfa4cfa97f74a6abf80b9901569bbc8654f4315,0,balance,16003907
polygon-zkevm:0xbcfa4cfa97f74a6abf80b9901569bbc8654f4315:SMT_KEY:1,0xbcfa4cfa97f74a6abf80b9901569bbc8654f4315,1,nonce,16003907
polygon-zkevm:0xbcfa4cfa97f74a6abf80b9901569bbc8654f4315:SMT_KEY:2,0xbcfa4cfa97f74a6abf80b9901569bbc8654f4315,2,code_hash,16003907
polygon-zkevm:0xbcfa4cfa97f74a6abf80b9901569bbc8654f4315:SMT_KEY:4,0xbcfa4cfa97f74a6abf80b9901569bbc8654f4315,4,code_hash_length,16003907
polygon-zkevm:0xc8332131adf037bf933ff4d885a41bbea987bbff:SMT_KEY:0,0xc8332131adf037bf933ff4d885a41bbea987bbff,0,balance,16003907
polygon-zkevm:0xc8332131adf037bf933ff4d885a41bbea987bbff:SMT_KEY:1,0xc8332131adf037bf933ff4d885a41bbea987bbff,1,nonce,16003907
polygon-zkevm:0xc8332131adf037bf933ff4d885a41bbea987bbff:SMT_KEY:2,0xc8332131adf037bf933ff4d885a41bbea987bbff,2,code_hash,16003907
polygon-zkevm:0xc8332131adf037bf933ff4d885a41bbea987bbff:SMT_KEY:4,0xc8332131adf037bf933ff4d885a41bbea987bbff,4,code_hash_length,16003907
polygon-zkevm:0x07ad7198af7f56dbc710f345c1d7ae86fb09d66b:SMT_KEY:0,0x07ad7198af7f56dbc710f345c1d7ae86fb09d66b,0,balance,16003947
polygon-zkevm:0x07ad7198af7f56dbc710f345c1d7ae86fb09d66b:SMT_KEY:1,0x07ad7198af7f56dbc710f345c1d7ae86fb09d66b,1,nonce,16003947
polygon-zkevm:0x07ad7198af7f56dbc710f345c1d7ae86fb09d66b:SMT_KEY:2,0x07ad7198af7f56dbc710f345c1d7ae86fb09d66b,2,code_hash,16003947
polygon-zkevm:0x07ad7198af7f56dbc710f345c1d7ae86fb09d66b:SMT_KEY:4,0x07ad7198af7f56dbc710f345c1d7ae86fb09d66b,4,code_hash_length,16003947
polygon-zkevm:0x403d30fb89d5411c6b2572707f341204bcf0fae0:SMT_KEY:0,0x403d30fb89d5411c6b2572707f341204bcf0fae0,0,balance,16003957
polygon-zkevm:0x403d30fb89d5411c6b2572707f341204bcf0fae0:SMT_KEY:1,0x403d30fb89d5411c6b2572707f341204bcf0fae0,1,nonce,16003957
polygon-zkevm:0x403d30fb89d5411c6b2572707f341204bcf0fae0:SMT_KEY:2,0x403d30fb89d5411c6b2572707f341204bcf0fae0,2,code_hash,16003957
polygon-zkevm:0x403d30fb89d5411c6b2572707f341204bcf0fae0:SMT_KEY:4,0x403d30fb89d5411c6b2572707f341204bcf0fae0,4,code_hash_length,16003957
polygon-zkevm:0x5752d091d99d8a05cd972de070008de750341251:SMT_KEY:0,0x5752d091d99d8a05cd972de070008de750341251,0,balance,16003957
polygon-zkevm:0x5752d091d99d8a05cd972de070008de750341251:SMT_KEY:1,0x5752d091d99d8a05cd972de070008de750341251,1,nonce,16003957
polygon-zkevm:0x5752d091d99d8a05cd972de070008de750341251:SMT_KEY:2,0x5752d091d99d8a05cd972de070008de750341251,2,code_hash,16003957
polygon-zkevm:0x5752d091d99d8a05cd972de070008de750341251:SMT_KEY:4,0x5752d091d99d8a05cd972de070008de750341251,4,code_hash_length,16003957
polygon-zkevm:0x248c7bbd9665f5eb9bdcdc6d0500495a487be355:SMT_KEY:0,0x248c7bbd9665f5eb9bdcdc6d0500495a487be355,0,balance,16004037
polygon-zkevm:0x248c7bbd9665f5eb9bdcdc6d0500495a487be355:SMT_KEY:1,0x248c7bbd9665f5eb9bdcdc6d0500495a487be355,1,nonce,16004037
polygon-zkevm:0x248c7bbd9665f5eb9bdcdc6d0500495a487be355:SMT_KEY:2,0x248c7bbd9665f5eb9bdcdc6d0500495a487be355,2,code_hash,16004037
polygon-zkevm:0x248c7bbd9665f5eb9bdcdc6d0500495a487be355:SMT_KEY:4,0x248c7bbd9665f5eb9bdcdc6d0500495a487be355,4,code_hash_length,16004037
polygon-zkevm:0x3fd0ce9f00b690d8b6a6f7429652eb8743651402:SMT_KEY:0,0x3fd0ce9f00b690d8b6a6f7429652eb8743651402,0,balance,16004037
polygon-zkevm:0x3fd0ce9f00b690d8b6a6f7429652eb8743651402:SMT_KEY:1,0x3fd0ce9f00b690d8b6a6f7429652eb8743651402,1,nonce,16004037
polygon-zkevm:0x3fd0ce9f00b690d8b6a6f7429652eb8743651402:SMT_KEY:2,0x3fd0ce9f00b690d8b6a6f7429652eb8743651402,2,code_hash,16004037
polygon-zkevm:0x3fd0ce9f00b690d8b6a6f7429652eb8743651402:SMT_KEY:4,0x3fd0ce9f00b690d8b6a6f7429652eb8743651402,4,code_hash_length,16004037
polygon-zkevm:0xc28a4ec9f09e4071e3707eaaca5c3754fa4f5faa:SMT_KEY:0,0xc28a4ec9f09e4071e3707eaaca5c3754fa4f5faa,0,balance,16004037
polygon-zkevm:0xc28a4ec9f09e4071e3707eaaca5c3754fa4f5faa:SMT_KEY:1,0xc28a4ec9f09e4071e3707eaaca5c3754fa4f5faa,1,nonce,16004037
polygon-zkevm:0xc28a4ec9f09e4071e3707eaaca5c3754fa4f5faa:SMT_KEY:2,0xc28a4ec9f09e4071e3707eaaca5c3754fa4f5faa,2,code_hash,16004037
polygon-zkevm:0xc28a4ec9f09e4071e3707eaaca5c3754fa4f5faa:SMT_KEY:4,0xc28a4ec9f09e4071e3707eaaca5c3754fa4f5faa,4,code_hash_length,16004037
polygon-zkevm:0xc9e9ee2c05279b6589d9535fcbe1d8084155fa4d:SMT_KEY:0,0xc9e9ee2c05279b6589d9535fcbe1d8084155fa4d,0,balance,16004057
polygon-zkevm:0xc9e9ee2c05279b6589d9535fcbe1d8084155fa4d:SMT_KEY:1,0xc9e9ee2c05279b6589d9535fcbe1d8084155fa4d,1,nonce,16004057
polygon-zkevm:0xc9e9ee2c05279b6589d9535fcbe1d8084155fa4d:SMT_KEY:2,0xc9e9ee2c05279b6589d9535fcbe1d8084155fa4d,2,code_hash,16004057
polygon-zkevm:0xc9e9ee2c05279b6589d9535fcbe1d8084155fa4d:SMT_KEY:4,0xc9e9ee2c05279b6589d9535fcbe1d8084155fa4d,4,code_hash_length,16004057
polygon-zkevm:0xfb1c39700cbcfe543c9d0d2eaef215f558e08103:SMT_KEY:0,0xfb1c39700cbcfe543c9d0d2eaef215f558e08103,0,balance,16004107
polygon-zkevm:0xfb1c39700cbcfe543c9d0d2eaef215f558e08103:SMT_KEY:1,0xfb1c39700cbcfe543c9d0d2eaef215f558e08103,1,nonce,16004107
polygon-zkevm:0xfb1c39700cbcfe543c9d0d2eaef215f558e08103:SMT_KEY:2,0xfb1c39700cbcfe543c9d0d2eaef215f558e08103,2,code_hash,16004107
polygon-zkevm:0xfb1c39700cbcfe543c9d0d2eaef215f558e08103:SMT_KEY:4,0xfb1c39700cbcfe543c9d0d2eaef215f558e08103,4,code_hash_length,16004107
polygon-zkevm:0xedb40c90bbada60cd86284b4334db70449db7336:SMT_KEY:0,0xedb40c90bbada60cd86284b4334db70449db7336,0,balance,16004117
polygon-zkevm:0xedb40c90bbada60cd86284b4334db70449db7336:SMT_KEY:1,0xedb40c90bbada60cd86284b4334db70449db7336,1,nonce,16004117
polygon-zkevm:0xedb40c90bbada60cd86284b4334db70449db7336:SMT_KEY:2,0xedb40c90bbada60cd86284b4334db70449db7336,2,code_hash,16004117
polygon-zkevm:0xedb40c90bbada60cd86284b4334db70449db7336:SMT_KEY:4,0xedb40c90bbada60cd86284b4334db70449db7336,4,code_hash_length,16004117
polygon-zkevm:0xab13211f8acca2cdad9fbb06e97d8b936a83c91b:SMT_KEY:0,0xab13211f8acca2cdad9fbb06e97d8b936a83c91b,0,balance,16004187
polygon-zkevm:0xab13211f8acca2cdad9fbb06e97d8b936a83c91b:SMT_KEY:1,0xab13211f8acca2cdad9fbb06e97d8b936a83c91b,1,nonce,16004187
polygon-zkevm:0xab13211f8acca2cdad9fbb06e97d8b936a83c91b:SMT_KEY:2,0xab13211f8acca2cdad9fbb06e97d8b936a83c91b,2,code_hash,16004187
polygon-zkevm:0xab13211f8acca2cdad9fbb06e97d8b936a83c91b:SMT_KEY:4,0xab13211f8acca2cdad9fbb06e97d8b936a83c91b,4,code_hash_length,16004187
polygon-zkevm:0x48c0a8d945a7f354b2dec34e1ef725da072ec588:SMT_KEY:0,0x48c0a8d945a7f354b2dec34e1ef725da072ec588,0,balance,16004307
polygon-zkevm:0x48c0a8d945a7f354b2dec34e1ef725da072ec588:SMT_KEY:1,0x48c0a8d945a7f354b2dec34e1ef725da072ec588,1,nonce,16004307
polygon-zkevm:0x48c0a8d945a7f354b2dec34e1ef725da072ec588:SMT_KEY:2,0x48c0a8d945a7f354b2dec34e1ef725da072ec588,2,code_hash,16004307
polygon-zkevm:0x48c0a8d945a7f354b2dec34e1ef725da072ec588:SMT_KEY:4,0x48c0a8d945a7f354b2dec34e1ef725da072ec588,4,code_hash_length,16004307
polygon-zkevm:0x3d5fca867ae0ecbdbc8dd429f5f1755debaee198:SMT_KEY:0,0x3d5fca867ae0ecbdbc8dd429f5f1755debaee198,0,balance,16004317
polygon-zkevm:0x3d5fca867ae0ecbdbc8dd429f5f1755debaee198:SMT_KEY:1,0x3d5fca867ae0ecbdbc8dd429f5f1755debaee198,1,nonce,16004317
polygon-zkevm:0x3d5fca867ae0ecbdbc8dd429f5f1755debaee198:SMT_KEY:2,0x3d5fca867ae0ecbdbc8dd429f5f1755debaee198,2,code_hash,16004317
polygon-zkevm:0x3d5fca867ae0ecbdbc8dd429f5f1755debaee198:SMT_KEY:4,0x3d5fca867ae0ecbdbc8dd429f5f1755debaee198,4,code_hash_length,16004317
polygon-zkevm:0x31fd739da387a1982ae4d2f216f0bd6d28d077d6:SMT_KEY:0,0x31fd739da387a1982ae4d2f216f0bd6d28d077d6,0,balance,16004327
polygon-zkevm:0x31fd739da387a1982ae4d2f216f0bd6d28d077d6:SMT_KEY:1,0x31fd739da387a1982ae4d2f216f0bd6d28d077d6,1,nonce,16004327
polygon-zkevm:0x31fd739da387a1982ae4d2f216f0bd6d28d077d6:SMT_KEY:2,0x31fd739da387a1982ae4d2f216f0bd6d28d077d6,2,code_hash,16004327
polygon-zkevm:0x31fd739da387a1982ae4d2f216f0bd6d28d077d6:SMT_KEY:4,0x31fd739da387a1982ae4d2f216f0bd6d28d077d6,4,code_hash_length,16004327
polygon-zkevm:0x0bf748d20cae6823e0da16a72886b2b90c408a61:SMT_KEY:0,0x0bf748d20cae6823e0da16a72886b2b90c408a61,0,balance,16004367
polygon-zkevm:0x0bf748d20cae6823e0da16a72886b2b90c408a61:SMT_KEY:1,0x0bf748d20cae6823e0da16a72886b2b90c408a61,1,nonce,16004367
polygon-zkevm:0x0bf748d20cae6823e0da16a72886b2b90c408a61:SMT_KEY:2,0x0bf748d20cae6823e0da16a72886b2b90c408a61,2,code_hash,16004367
polygon-zkevm:0x0bf748d20cae6823e0da16a72886b2b90c408a61:SMT_KEY:4,0x0bf748d20cae6823e0da16a72886b2b90c408a61,4,code_hash_length,16004367
polygon-zkevm:0xd85e6bd81c6653b8ff366a3f9b65011ec3bf9cdc:SMT_KEY:0,0xd85e6bd81c6653b8ff366a3f9b65011ec3bf9cdc,0,balance,16004397
polygon-zkevm:0xd85e6bd81c6653b8ff366a3f9b65011ec3bf9cdc:SMT_KEY:1,0xd85e6bd81c6653b8ff366a3f9b65011ec3bf9cdc,1,nonce,16004397
polygon-zkevm:0xd85e6bd81c6653b8ff366a3f9b65011ec3bf9cdc:SMT_KEY:2,0xd85e6bd81c6653b8ff366a3f9b65011ec3bf9cdc,2,code_hash,16004397
polygon-zkevm:0xd85e6bd81c6653b8ff366a3f9b65011ec3bf9cdc:SMT_KEY:4,0xd85e6bd81c6653b8ff366a3f9b65011ec3bf9cdc,4,code_hash_length,16004397
polygon-zkevm:0x0ceeeadecb9889543954bf0a7485baad519b2722:SMT_KEY:0,0x0ceeeadecb9889543954bf0a7485baad519b2722,0,balance,16004447
polygon-zkevm:0x0ceeeadecb9889543954bf0a7485baad519b2722:SMT_KEY:1,0x0ceeeadecb9889543954bf0a7485baad519b2722,1,nonce,16004447
polygon-zkevm:0x0ceeeadecb9889543954bf0a7485baad519b2722:SMT_KEY:2,0x0ceeeadecb9889543954bf0a7485baad519b2722,2,code_hash,16004447
polygon-zkevm:0x0ceeeadecb9889543954bf0a7485baad519b2722:SMT_KEY:4,0x0ceeeadecb9889543954bf0a7485baad519b2722,4,code_hash_length,16004447
polygon-zkevm:0x156d270290c7e0db980d1327cd4d06c09740e343:SMT_KEY:0,0x156d270290c7e0db980d1327cd4d06c09740e343,0,balance,16004447
polygon-zkevm:0x156d270290c7e0db980d1327cd4d06c09740e343:SMT_KEY:1,0x156d270290c7e0db980d1327cd4d06c09740e343,1,nonce,16004447
polygon-zkevm:0x156d270290c7e0db980d1327cd4d06c09740e343:SMT_KEY:2,0x156d270290c7e0db980d1327cd4d06c09740e343,2,code_hash,16004447
polygon-zkevm:0x156d270290c7e0db980d1327cd4d06c09740e343:SMT_KEY:4,0x156d270290c7e0db980d1327cd4d06c09740e343,4,code_hash_length,16004447
polygon-zkevm:0xeec9cf52439f98835bdac02960d05c2158b926ac:SMT_KEY:0,0xeec9cf52439f98835bdac02960d05c2158b926ac,0,balance,16004447
polygon-zkevm:0xeec9cf52439f98835bdac02960d05c2158b926ac:SMT_KEY:1,0xeec9cf52439f98835bdac02960d05c2158b926ac,1,nonce,16004447
polygon-zkevm:0xeec9cf52439f98835bdac02960d05c2158b926ac:SMT_KEY:2,0xeec9cf52439f98835bdac02960d05c2158b926ac,2,code_hash,16004447
polygon-zkevm:0xeec9cf52439f98835bdac02960d05c2158b926ac:SMT_KEY:4,0xeec9cf52439f98835bdac02960d05c2158b926ac,4,code_hash_length,16004447
polygon-zkevm:0x3f202a1068b55b4bbd58e549289b1afb661b9f67:SMT_KEY:0,0x3f202a1068b55b4bbd58e549289b1afb661b9f67,0,balance,16004517
polygon-zkevm:0x3f202a1068b55b4bbd58e549289b1afb661b9f67:SMT_KEY:1,0x3f202a1068b55b4bbd58e549289b1afb661b9f67,1,nonce,16004517
polygon-zkevm:0x3f202a1068b55b4bbd58e549289b1afb661b9f67:SMT_KEY:2,0x3f202a1068b55b4bbd58e549289b1afb661b9f67,2,code_hash,16004517
polygon-zkevm:0x3f202a1068b55b4bbd58e549289b1afb661b9f67:SMT_KEY:4,0x3f202a1068b55b4bbd58e549289b1afb661b9f67,4,code_hash_length,16004517
polygon-zkevm:0x96f0ffc8b3da6b5d7ab4e213c1beb7a2145d23f1:SMT_KEY:0,0x96f0ffc8b3da6b5d7ab4e213c1beb7a2145d23f1,0,balance,16004517
polygon-zkevm:0x96f0ffc8b3da6b5d7ab4e213c1beb7a2145d23f1:SMT_KEY:1,0x96f0ffc8b3da6b5d7ab4e213c1beb7a2145d23f1,1,nonce,16004517
polygon-zkevm:0x96f0ffc8b3da6b5d7ab4e213c1beb7a2145d23f1:SMT_KEY:2,0x96f0ffc8b3da6b5d7ab4e213c1beb7a2145d23f1,2,code_hash,16004517
polygon-zkevm:0x96f0ffc8b3da6b5d7ab4e213c1beb7a2145d23f1:SMT_KEY:4,0x96f0ffc8b3da6b5d7ab4e213c1beb7a2145d23f1,4,code_hash_length,16004517
polygon-zkevm:0x996623daec8db6dfa50a4a631833f45a0e4600d6:SMT_KEY:0,0x996623daec8db6dfa50a4a631833f45a0e4600d6,0,balance,16004537
polygon-zkevm:0x996623daec8db6dfa50a4a631833f45a0e4600d6:SMT_KEY:1,0x996623daec8db6dfa50a4a631833f45a0e4600d6,1,nonce,16004537
polygon-zkevm:0x996623daec8db6dfa50a4a631833f45a0e4600d6:SMT_KEY:2,0x996623daec8db6dfa50a4a631833f45a0e4600d6,2,code_hash,16004537
polygon-zkevm:0x996623daec8db6dfa50a4a631833f45a0e4600d6:SMT_KEY:4,0x996623daec8db6dfa50a4a631833f45a0e4600d6,4,code_hash_length,16004537
polygon-zkevm:0x45c3707c25ece1e4705a5d708685f0a77dc18cd1:SMT_KEY:0,0x45c3707c25ece1e4705a5d708685f0a77dc18cd1,0,balance,16004577
polygon-zkevm:0x45c3707c25ece1e4705a5d708685f0a77dc18cd1:SMT_KEY:1,0x45c3707c25ece1e4705a5d708685f0a77dc18cd1,1,nonce,16004577
polygon-zkevm:0x45c3707c25ece1e4705a5d708685f0a77dc18cd1:SMT_KEY:2,0x45c3707c25ece1e4705a5d708685f0a77dc18cd1,2,code_hash,16004577
polygon-zkevm:0x45c3707c25ece1e4705a5d708685f0a77dc18cd1:SMT_KEY:4,0x45c3707c25ece1e4705a5d708685f0a77dc18cd1,4,code_hash_length,16004577
polygon-zkevm:0x832f80e93c77966dd343810c254f10ad58d9876d:SMT_KEY:0,0x832f80e93c77966dd343810c254f10ad58d9876d,0,balance,16004577
polygon-zkevm:0x832f80e93c77966dd343810c254f10ad58d9876d:SMT_KEY:1,0x832f80e93c77966dd343810c254f10ad58d9876d,1,nonce,16004577
polygon-zkevm:0x832f80e93c77966dd343810c254f10ad58d9876d:SMT_KEY:2,0x832f80e93c77966dd343810c254f10ad58d9876d,2,code_hash,16004577
polygon-zkevm:0x832f80e93c77966dd343810c254f10ad58d9876d:SMT_KEY:4,0x832f80e93c77966dd343810c254f10ad58d9876d,4,code_hash_length,16004577
polygon-zkevm:0x3171ee768024dc298808d900df37f4e9e1cb9b87:SMT_KEY:0,0x3171ee768024dc298808d900df37f4e9e1cb9b87,0,balance,16004647
polygon-zkevm:0x3171ee768024dc298808d900df37f4e9e1cb9b87:SMT_KEY:1,0x3171ee768024dc298808d900df37f4e9e1cb9b87,1,nonce,16004647
polygon-zkevm:0x3171ee768024dc298808d900df37f4e9e1cb9b87:SMT_KEY:2,0x3171ee768024dc298808d900df37f4e9e1cb9b87,2,code_hash,16004647
polygon-zkevm:0x3171ee768024dc298808d900df37f4e9e1cb9b87:SMT_KEY:4,0x3171ee768024dc298808d900df37f4e9e1cb9b87,4,code_hash_length,16004647
polygon-zkevm:0xfb44496ef7ce7dc94da1ec9f45115c80bba1778d:SMT_KEY:0,0xfb44496ef7ce7dc94da1ec9f45115c80bba1778d,0,balance,16004747
polygon-zkevm:0xfb44496ef7ce7dc94da1ec9f45115c80bba1778d:SMT_KEY:1,0xfb44496ef7ce7dc94da1ec9f45115c80bba1778d,1,nonce,16004747
polygon-zkevm:0xfb44496ef7ce7dc94da1ec9f45115c80bba1778d:SMT_KEY:2,0xfb44496ef7ce7dc94da1ec9f45115c80bba1778d,2,code_hash,16004747
polygon-zkevm:0xfb44496ef7ce7dc94da1ec9f45115c80bba1778d:SMT_KEY:4,0xfb44496ef7ce7dc94da1ec9f45115c80bba1778d,4,code_hash_length,16004747
polygon-zkevm:0x652e3b28a40ae2015d7b1e54f16dbfd4d303d4ac:SMT_KEY:0,0x652e3b28a40ae2015d7b1e54f16dbfd4d303d4ac,0,balance,16004787
polygon-zkevm:0x652e3b28a40ae2015d7b1e54f16dbfd4d303d4ac:SMT_KEY:1,0x652e3b28a40ae2015d7b1e54f16dbfd4d303d4ac,1,nonce,16004787
polygon-zkevm:0x652e3b28a40ae2015d7b1e54f16dbfd4d303d4ac:SMT_KEY:2,0x652e3b28a40ae2015d7b1e54f16dbfd4d303d4ac,2,code_hash,16004787
polygon-zkevm:0x652e3b28a40ae2015d7b1e54f16dbfd4d303d4ac:SMT_KEY:4,0x652e3b28a40ae2015d7b1e54f16dbfd4d303d4ac,4,code_hash_length,16004787
polygon-zkevm:0xdc4c44943bfbc9f87d0f1fe11d69a4b814d3608c:SMT_KEY:0,0xdc4c44943bfbc9f87d0f1fe11d69a4b814d3608c,0,balance,16004917
polygon-zkevm:0xdc4c44943bfbc9f87d0f1fe11d69a4b814d3608c:SMT_KEY:1,0xdc4c44943bfbc9f87d0f1fe11d69a4b814d3608c,1,nonce,16004917
polygon-zkevm:0xdc4c44943bfbc9f87d0f1fe11d69a4b814d3608c:SMT_KEY:2,0xdc4c44943bfbc9f87d0f1fe11d69a4b814d3608c,2,code_hash,16004917
polygon-zkevm:0xdc4c44943bfbc9f87d0f1fe11d69a4b814d3608c:SMT_KEY:4,0xdc4c44943bfbc9f87d0f1fe11d69a4b814d3608c,4,code_hash_length,16004917
polygon-zkevm:0x00000000000000adc04c56bf30ac9d3c0aaf14dc:SMT_KEY:0,0x00000000000000adc04c56bf30ac9d3c0aaf14dc,0,balance,16005097
polygon-zkevm:0x00000000000000adc04c56bf30ac9d3c0aaf14dc:SMT_KEY:1,0x00000000000000adc04c56bf30ac9d3c0aaf14dc,1,nonce,16005097
polygon-zkevm:0x00000000000000adc04c56bf30ac9d3c0aaf14dc:SMT_KEY:2,0x00000000000000adc04c56bf30ac9d3c0aaf14dc,2,code_hash,16005097
polygon-zkevm:0x00000000000000adc04c56bf30ac9d3c0aaf14dc:SMT_KEY:4,0x00000000000000adc04c56bf30ac9d3c0aaf14dc,4,code_hash_length,16005097
polygon-zkevm:0x705ffe291165bef96a22d675bef3ab52d3934487:SMT_KEY:0,0x705ffe291165bef96a22d675bef3ab52d3934487,0,balance,16005097
polygon-zkevm:0x705ffe291165bef96a22d675bef3ab52d3934487:SMT_KEY:1,0x705ffe291165bef96a22d675bef3ab52d3934487,1,nonce,16005097
polygon-zkevm:0x705ffe291165bef96a22d675bef3ab52d3934487:SMT_KEY:2,0x705ffe291165bef96a22d675bef3ab52d3934487,2,code_hash,16005097
polygon-zkevm:0x705ffe291165bef96a22d675bef3ab52d3934487:SMT_KEY:4,0x705ffe291165bef96a22d675bef3ab52d3934487,4,code_hash_length,16005097
polygon-zkevm:0xe2e1808ed4cc4a6f701696086838f511ee187d57:SMT_KEY:0,0xe2e1808ed4cc4a6f701696086838f511ee187d57,0,balance,16005137
polygon-zkevm:0xe2e1808ed4cc4a6f701696086838f511ee187d57:SMT_KEY:1,0xe2e1808ed4cc4a6f701696086838f511ee187d57,1,nonce,16005137
polygon-zkevm:0xe2e1808ed4cc4a6f701696086838f511ee187d57:SMT_KEY:2,0xe2e1808ed4cc4a6f701696086838f511ee187d57,2,code_hash,16005137
polygon-zkevm:0xe2e1808ed4cc4a6f701696086838f511ee187d57:SMT_KEY:4,0xe2e1808ed4cc4a6f701696086838f511ee187d57,4,code_hash_length,16005137
polygon-zkevm:0xcb71b1178e71e231e5bfed8c33ddbe325948f02f:SMT_KEY:0,0xcb71b1178e71e231e5bfed8c33ddbe325948f02f,0,balance,16005197
polygon-zkevm:0xcb71b1178e71e231e5bfed8c33ddbe325948f02f:SMT_KEY:1,0xcb71b1178e71e231e5bfed8c33ddbe325948f02f,1,nonce,16005197
polygon-zkevm:0xcb71b1178e71e231e5bfed8c33ddbe325948f02f:SMT_KEY:2,0xcb71b1178e71e231e5bfed8c33ddbe325948f02f,2,code_hash,16005197
polygon-zkevm:0xcb71b1178e71e231e5bfed8c33ddbe325948f02f:SMT_KEY:4,0xcb71b1178e71e231e5bfed8c33ddbe325948f02f,4,code_hash_length,16005197
polygon-zkevm:0x95d0c2ffdbb141a3ac7702701468a4d03385cda3:SMT_KEY:0,0x95d0c2ffdbb141a3ac7702701468a4d03385cda3,0,balance,16005207
polygon-zkevm:0x95d0c2ffdbb141a3ac7702701468a4d03385cda3:SMT_KEY:1,0x95d0c2ffdbb141a3ac7702701468a4d03385cda3,1,nonce,16005207
polygon-zkevm:0x95d0c2ffdbb141a3ac7702701468a4d03385cda3:SMT_KEY:2,0x95d0c2ffdbb141a3ac7702701468a4d03385cda3,2,code_hash,16005207
polygon-zkevm:0x95d0c2ffdbb141a3ac7702701468a4d03385cda3:SMT_KEY:4,0x95d0c2ffdbb141a3ac7702701468a4d03385cda3,4,code_hash_length,16005207
polygon-zkevm:0xe3f2f60503cf882afca819d908d58db91bf2b616:SMT_KEY:0,0xe3f2f60503cf882afca819d908d58db91bf2b616,0,balance,16005207
polygon-zkevm:0xe3f2f60503cf882afca819d908d58db91bf2b616:SMT_KEY:1,0xe3f2f60503cf882afca819d908d58db91bf2b616,1,nonce,16005207
polygon-zkevm:0xe3f2f60503cf882afca819d908d58db91bf2b616:SMT_KEY:2,0xe3f2f60503cf882afca819d908d58db91bf2b616,2,code_hash,16005207
polygon-zkevm:0xe3f2f60503cf882afca819d908d58db91bf2b616:SMT_KEY:4,0xe3f2f60503cf882afca819d908d58db91bf2b616,4,code_hash_length,16005207
polygon-zkevm:0x060d0b3ed41afb6e00e13352148ed183f21178e1:SMT_KEY:0,0x060d0b3ed41afb6e00e13352148ed183f21178e1,0,balance,16005237
polygon-zkevm:0x060d0b3ed41afb6e00e13352148ed183f21178e1:SMT_KEY:1,0x060d0b3ed41afb6e00e13352148ed183f21178e1,1,nonce,16005237
polygon-zkevm:0x060d0b3ed41afb6e00e13352148ed183f21178e1:SMT_KEY:2,0x060d0b3ed41afb6e00e13352148ed183f21178e1,2,code_hash,16005237
polygon-zkevm:0x060d0b3ed41afb6e00e13352148ed183f21178e1:SMT_KEY:4,0x060d0b3ed41afb6e00e13352148ed183f21178e1,4,code_hash_length,16005237
polygon-zkevm:0xc7f96bb93dd616f961a8875f0f32e56deb6fa5a6:SMT_KEY:0,0xc7f96bb93dd616f961a8875f0f32e56deb6fa5a6,0,balance,16005237
polygon-zkevm:0xc7f96bb93dd616f961a8875f0f32e56deb6fa5a6:SMT_KEY:1,0xc7f96bb93dd616f961a8875f0f32e56deb6fa5a6,1,nonce,16005237
polygon-zkevm:0xc7f96bb93dd616f961a8875f0f32e56deb6fa5a6:SMT_KEY:2,0xc7f96bb93dd616f961a8875f0f32e56deb6fa5a6,2,code_hash,16005237
polygon-zkevm:0xc7f96bb93dd616f961a8875f0f32e56deb6fa5a6:SMT_KEY:4,0xc7f96bb93dd616f961a8875f0f32e56deb6fa5a6,4,code_hash_length,16005237
polygon-zkevm:0x3aceb77bf88c3a92079baa8db3ddb172e3636bb7:SMT_KEY:0,0x3aceb77bf88c3a92079baa8db3ddb172e3636bb7,0,balance,16005247
polygon-zkevm:0x3aceb77bf88c3a92079baa8db3ddb172e3636bb7:SMT_KEY:1,0x3aceb77bf88c3a92079baa8db3ddb172e3636bb7,1,nonce,16005247
polygon-zkevm:0x3aceb77bf88c3a92079baa8db3ddb172e3636bb7:SMT_KEY:2,0x3aceb77bf88c3a92079baa8db3ddb172e3636bb7,2,code_hash,16005247
polygon-zkevm:0x3aceb77bf88c3a92079baa8db3ddb172e3636bb7:SMT_KEY:4,0x3aceb77bf88c3a92079baa8db3ddb172e3636bb7,4,code_hash_length,16005247
polygon-zkevm:0xf26a55ed2bcdef30f8582b8eadb3600da4397190:SMT_KEY:0,0xf26a55ed2bcdef30f8582b8eadb3600da4397190,0,balance,16005277
polygon-zkevm:0xf26a55ed2bcdef30f8582b8eadb3600da4397190:SMT_KEY:1,0xf26a55ed2bcdef30f8582b8eadb3600da4397190,1,nonce,16005277
polygon-zkevm:0xf26a55ed2bcdef30f8582b8eadb3600da4397190:SMT_KEY:2,0xf26a55ed2bcdef30f8582b8eadb3600da4397190,2,code_hash,16005277
polygon-zkevm:0xf26a55ed2bcdef30f8582b8eadb3600da4397190:SMT_KEY:4,0xf26a55ed2bcdef30f8582b8eadb3600da4397190,4,code_hash_length,16005277
polygon-zkevm:0x9e64d30ed85edb50061b0f7b9e74fe47793d7795:SMT_KEY:0,0x9e64d30ed85edb50061b0f7b9e74fe47793d7795,0,balance,16005337
polygon-zkevm:0x9e64d30ed85edb50061b0f7b9e74fe47793d7795:SMT_KEY:1,0x9e64d30ed85edb50061b0f7b9e74fe47793d7795,1,nonce,16005337
polygon-zkevm:0x9e64d30ed85edb50061b0f7b9e74fe47793d7795:SMT_KEY:2,0x9e64d30ed85edb50061b0f7b9e74fe47793d7795,2,code_hash,16005337
polygon-zkevm:0x9e64d30ed85edb50061b0f7b9e74fe47793d7795:SMT_KEY:4,0x9e64d30ed85edb50061b0f7b9e74fe47793d7795,4,code_hash_length,16005337
polygon-zkevm:0x2c3ede42c49e72eb6a723d069cff75c5fa1e41e4:SMT_KEY:0,0x2c3ede42c49e72eb6a723d069cff75c5fa1e41e4,0,balance,16005377
polygon-zkevm:0x2c3ede42c49e72eb6a723d069cff75c5fa1e41e4:SMT_KEY:1,0x2c3ede42c49e72eb6a723d069cff75c5fa1e41e4,1,nonce,16005377
polygon-zkevm:0x2c3ede42c49e72eb6a723d069cff75c5fa1e41e4:SMT_KEY:2,0x2c3ede42c49e72eb6a723d069cff75c5fa1e41e4,2,code_hash,16005377
polygon-zkevm:0x2c3ede42c49e72eb6a723d069cff75c5fa1e41e4:SMT_KEY:4,0x2c3ede42c49e72eb6a723d069cff75c5fa1e41e4,4,code_hash_length,16005377
polygon-zkevm:0x8163cdebc23d1dccf88d54fcc8e2e7b034251922:SMT_KEY:0,0x8163cdebc23d1dccf88d54fcc8e2e7b034251922,0,balance,16005457
polygon-zkevm:0x8163cdebc23d1dccf88d54fcc8e2e7b034251922:SMT_KEY:1,0x8163cdebc23d1dccf88d54fcc8e2e7b034251922,1,nonce,16005457
polygon-zkevm:0x8163cdebc23d1dccf88d54fcc8e2e7b034251922:SMT_KEY:2,0x8163cdebc23d1dccf88d54fcc8e2e7b034251922,2,code_hash,16005457
polygon-zkevm:0x8163cdebc23d1dccf88d54fcc8e2e7b034251922:SMT_KEY:4,0x8163cdebc23d1dccf88d54fcc8e2e7b034251922,4,code_hash_length,16005457
polygon-zkevm:0xdf029e82663fd41032dc7c0f64cc5ea41e827fcc:SMT_KEY:0,0xdf029e82663fd41032dc7c0f64cc5ea41e827fcc,0,balance,16005457
polygon-zkevm:0xdf029e82663fd41032dc7c0f64cc5ea41e827fcc:SMT_KEY:1,0xdf029e82663fd41032dc7c0f64cc5ea41e827fcc,1,nonce,16005457
polygon-zkevm:0xdf029e82663fd41032dc7c0f64cc5ea41e827fcc:SMT_KEY:2,0xdf029e82663fd41032dc7c0f64cc5ea41e827fcc,2,code_hash,16005457
polygon-zkevm:0xdf029e82663fd41032dc7c0f64cc5ea41e827fcc:SMT_KEY:4,0xdf029e82663fd41032dc7c0f64cc5ea41e827fcc,4,code_hash_length,16005457
polygon-zkevm:0xdeeca7c7d30d1fef8ab888059f06d541d7bdba8a:SMT_KEY:0,0xdeeca7c7d30d1fef8ab888059f06d541d7bdba8a,0,balance,16005557
polygon-zkevm:0xdeeca7c7d30d1fef8ab888059f06d541d7bdba8a:SMT_KEY:1,0xdeeca7c7d30d1fef8ab888059f06d541d7bdba8a,1,nonce,16005557
polygon-zkevm:0xdeeca7c7d30d1fef8ab888059f06d541d7bdba8a:SMT_KEY:2,0xdeeca7c7d30d1fef8ab888059f06d541d7bdba8a,2,code_hash,16005557
polygon-zkevm:0xdeeca7c7d30d1fef8ab888059f06d541d7bdba8a:SMT_KEY:4,0xdeeca7c7d30d1fef8ab888059f06d541d7bdba8a,4,code_hash_length,16005557
polygon-zkevm:0x67613343b2f3f3c56cf88e916a73aca15031b5b1:SMT_KEY:0,0x67613343b2f3f3c56cf88e916a73aca15031b5b1,0,balance,16005577
polygon-zkevm:0x67613343b2f3f3c56cf88e916a73aca15031b5b1:SMT_KEY:1,0x67613343b2f3f3c56cf88e916a73aca15031b5b1,1,nonce,16005577
polygon-zkevm:0x67613343b2f3f3c56cf88e916a73aca15031b5b1:SMT_KEY:2,0x67613343b2f3f3c56cf88e916a73aca15031b5b1,2,code_hash,16005577
polygon-zkevm:0x67613343b2f3f3c56cf88e916a73aca15031b5b1:SMT_KEY:4,0x67613343b2f3f3c56cf88e916a73aca15031b5b1,4,code_hash_length,16005577
polygon-zkevm:0xebc26715582342e16d9784155791b844361fa90c:SMT_KEY:0,0xebc26715582342e16d9784155791b844361fa90c,0,balance,16005577
polygon-zkevm:0xebc26715582342e16d9784155791b844361fa90c:SMT_KEY:1,0xebc26715582342e16d9784155791b844361fa90c,1,nonce,16005577
polygon-zkevm:0xebc26715582342e16d9784155791b844361fa90c:SMT_KEY:2,0xebc26715582342e16d9784155791b844361fa90c,2,code_hash,16005577
polygon-zkevm:0xebc26715582342e16d9784155791b844361fa90c:SMT_KEY:4,0xebc26715582342e16d9784155791b844361fa90c,4,code_hash_length,16005577
polygon-zkevm:0xc87577a091829e5808c9190d509b62a4c24b0c54:SMT_KEY:0,0xc87577a091829e5808c9190d509b62a4c24b0c54,0,balance,16005587
polygon-zkevm:0xc87577a091829e5808c9190d509b62a4c24b0c54:SMT_KEY:1,0xc87577a091829e5808c9190d509b62a4c24b0c54,1,nonce,16005587
polygon-zkevm:0xc87577a091829e5808c9190d509b62a4c24b0c54:SMT_KEY:2,0xc87577a091829e5808c9190d509b62a4c24b0c54,2,code_hash,16005587
polygon-zkevm:0xc87577a091829e5808c9190d509b62a4c24b0c54:SMT_KEY:4,0xc87577a091829e5808c9190d509b62a4c24b0c54,4,code_hash_length,16005587
polygon-zkevm:0x10a9960cd3163e22c5f17e9b494b952df4a411db:SMT_KEY:0,0x10a9960cd3163e22c5f17e9b494b952df4a411db,0,balance,16005657
polygon-zkevm:0x10a9960cd3163e22c5f17e9b494b952df4a411db:SMT_KEY:1,0x10a9960cd3163e22c5f17e9b494b952df4a411db,1,nonce,16005657
polygon-zkevm:0x10a9960cd3163e22c5f17e9b494b952df4a411db:SMT_KEY:2,0x10a9960cd3163e22c5f17e9b494b952df4a411db,2,code_hash,16005657
polygon-zkevm:0x10a9960cd3163e22c5f17e9b494b952df4a411db:SMT_KEY:4,0x10a9960cd3163e22c5f17e9b494b952df4a411db,4,code_hash_length,16005657
polygon-zkevm:0xdeca03545482abcf2c7075ef5dd0ed1958623753:SMT_KEY:0,0xdeca03545482abcf2c7075ef5dd0ed1958623753,0,balance,16005737
polygon-zkevm:0xdeca03545482abcf2c7075ef5dd0ed1958623753:SMT_KEY:1,0xdeca03545482abcf2c7075ef5dd0ed1958623753,1,nonce,16005737
polygon-zkevm:0xdeca03545482abcf2c7075ef5dd0ed1958623753:SMT_KEY:2,0xdeca03545482abcf2c7075ef5dd0ed1958623753,2,code_hash,16005737
polygon-zkevm:0xdeca03545482abcf2c7075ef5dd0ed1958623753:SMT_KEY:4,0xdeca03545482abcf2c7075ef5dd0ed1958623753,4,code_hash_length,16005737
polygon-zkevm:0x6ae540f1c3a96a8628d52b416ec1bf72932f83fe:SMT_KEY:0,0x6ae540f1c3a96a8628d52b416ec1bf72932f83fe,0,balance,16005767
polygon-zkevm:0x6ae540f1c3a96a8628d52b416ec1bf72932f83fe:SMT_KEY:1,0x6ae540f1c3a96a8628d52b416ec1bf72932f83fe,1,nonce,16005767
polygon-zkevm:0x6ae540f1c3a96a8628d52b416ec1bf72932f83fe:SMT_KEY:2,0x6ae540f1c3a96a8628d52b416ec1bf72932f83fe,2,code_hash,16005767
polygon-zkevm:0x6ae540f1c3a96a8628d52b416ec1bf72932f83fe:SMT_KEY:4,0x6ae540f1c3a96a8628d52b416ec1bf72932f83fe,4,code_hash_length,16005767
polygon-zkevm:0x7033d32687d5384068530c19958d84cc1b9f1c9b:SMT_KEY:0,0x7033d32687d5384068530c19958d84cc1b9f1c9b,0,balance,16005767
polygon-zkevm:0x7033d32687d5384068530c19958d84cc1b9f1c9b:SMT_KEY:1,0x7033d32687d5384068530c19958d84cc1b9f1c9b,1,nonce,16005767
polygon-zkevm:0x7033d32687d5384068530c19958d84cc1b9f1c9b:SMT_KEY:2,0x7033d32687d5384068530c19958d84cc1b9f1c9b,2,code_hash,16005767
polygon-zkevm:0x7033d32687d5384068530c19958d84cc1b9f1c9b:SMT_KEY:4,0x7033d32687d5384068530c19958d84cc1b9f1c9b,4,code_hash_length,16005767
polygon-zkevm:0xb2a1b7dafe0323c3b0b4d3aabf0adb3a5669d732:SMT_KEY:0,0xb2a1b7dafe0323c3b0b4d3aabf0adb3a5669d732,0,balance,16005787
polygon-zkevm:0xb2a1b7dafe0323c3b0b4d3aabf0adb3a5669d732:SMT_KEY:1,0xb2a1b7dafe0323c3b0b4d3aabf0adb3a5669d732,1,nonce,16005787
polygon-zkevm:0xb2a1b7dafe0323c3b0b4d3aabf0adb3a5669d732:SMT_KEY:2,0xb2a1b7dafe0323c3b0b4d3aabf0adb3a5669d732,2,code_hash,16005787
polygon-zkevm:0xb2a1b7dafe0323c3b0b4d3aabf0adb3a5669d732:SMT_KEY:4,0xb2a1b7dafe0323c3b0b4d3aabf0adb3a5669d732,4,code_hash_length,16005787
polygon-zkevm:0x039ec08387a7b9d8eecc73a406d003720d3dd7a6:SMT_KEY:0,0x039ec08387a7b9d8eecc73a406d003720d3dd7a6,0,balance,16005807
polygon-zkevm:0x039ec08387a7b9d8eecc73a406d003720d3dd7a6:SMT_KEY:1,0x039ec08387a7b9d8eecc73a406d003720d3dd7a6,1,nonce,16005807
polygon-zkevm:0x039ec08387a7b9d8eecc73a406d003720d3dd7a6:SMT_KEY:2,0x039ec08387a7b9d8eecc73a406d003720d3dd7a6,2,code_hash,16005807
polygon-zkevm:0x039ec08387a7b9d8eecc73a406d003720d3dd7a6:SMT_KEY:4,0x039ec08387a7b9d8eecc73a406d003720d3dd7a6,4,code_hash_length,16005807
polygon-zkevm:0xff454d35688b97c05ce62ce8e7bc351009634c9c:SMT_KEY:0,0xff454d35688b97c05ce62ce8e7bc351009634c9c,0,balance,16005807
polygon-zkevm:0xff454d35688b97c05ce62ce8e7bc351009634c9c:SMT_KEY:1,0xff454d35688b97c05ce62ce8e7bc351009634c9c,1,nonce,16005807
polygon-zkevm:0xff454d35688b97c05ce62ce8e7bc351009634c9c:SMT_KEY:2,0xff454d35688b97c05ce62ce8e7bc351009634c9c,2,code_hash,16005807
polygon-zkevm:0xff454d35688b97c05ce62ce8e7bc351009634c9c:SMT_KEY:4,0xff454d35688b97c05ce62ce8e7bc351009634c9c,4,code_hash_length,16005807
polygon-zkevm:0xb1e960a35c2cd3dd3328f827ac05ca9a31653ea2:SMT_KEY:0,0xb1e960a35c2cd3dd3328f827ac05ca9a31653ea2,0,balance,16005817
polygon-zkevm:0xb1e960a35c2cd3dd3328f827ac05ca9a31653ea2:SMT_KEY:1,0xb1e960a35c2cd3dd3328f827ac05ca9a31653ea2,1,nonce,16005817
polygon-zkevm:0xb1e960a35c2cd3dd3328f827ac05ca9a31653ea2:SMT_KEY:2,0xb1e960a35c2cd3dd3328f827ac05ca9a31653ea2,2,code_hash,16005817
polygon-zkevm:0xb1e960a35c2cd3dd3328f827ac05ca9a31653ea2:SMT_KEY:4,0xb1e960a35c2cd3dd3328f827ac05ca9a31653ea2,4,code_hash_length,16005817
polygon-zkevm:0x00d2e45938811353506a12cb7a0bde2a50e0947b:SMT_KEY:0,0x00d2e45938811353506a12cb7a0bde2a50e0947b,0,balance,16006117
polygon-zkevm:0x00d2e45938811353506a12cb7a0bde2a50e0947b:SMT_KEY:1,0x00d2e45938811353506a12cb7a0bde2a50e0947b,1,nonce,16006117
polygon-zkevm:0x00d2e45938811353506a12cb7a0bde2a50e0947b:SMT_KEY:2,0x00d2e45938811353506a12cb7a0bde2a50e0947b,2,code_hash,16006117
polygon-zkevm:0x00d2e45938811353506a12cb7a0bde2a50e0947b:SMT_KEY:4,0x00d2e45938811353506a12cb7a0bde2a50e0947b,4,code_hash_length,16006117
polygon-zkevm:0x90aa855670b61f9493dff9893a9abc0a9e30f74b:SMT_KEY:0,0x90aa855670b61f9493dff9893a9abc0a9e30f74b,0,balance,16006137
polygon-zkevm:0x90aa855670b61f9493dff9893a9abc0a9e30f74b:SMT_KEY:1,0x90aa855670b61f9493dff9893a9abc0a9e30f74b,1,nonce,16006137
polygon-zkevm:0x90aa855670b61f9493dff9893a9abc0a9e30f74b:SMT_KEY:2,0x90aa855670b61f9493dff9893a9abc0a9e30f74b,2,code_hash,16006137
polygon-zkevm:0x90aa855670b61f9493dff9893a9abc0a9e30f74b:SMT_KEY:4,0x90aa855670b61f9493dff9893a9abc0a9e30f74b,4,code_hash_length,16006137
polygon-zkevm:0xbd72882120508518fcba2ae58e134ecead18d979:SMT_KEY:0,0xbd72882120508518fcba2ae58e134ecead18d979,0,balance,16006137
polygon-zkevm:0xbd72882120508518fcba2ae58e134ecead18d979:SMT_KEY:1,0xbd72882120508518fcba2ae58e134ecead18d979,1,nonce,16006137
polygon-zkevm:0xbd72882120508518fcba2ae58e134ecead18d979:SMT_KEY:2,0xbd72882120508518fcba2ae58e134ecead18d979,2,code_hash,16006137
polygon-zkevm:0xbd72882120508518fcba2ae58e134ecead18d979:SMT_KEY:4,0xbd72882120508518fcba2ae58e134ecead18d979,4,code_hash_length,16006137
polygon-zkevm:0x0728fa8212336f808b02312b058fd5a743131f9b:SMT_KEY:0,0x0728fa8212336f808b02312b058fd5a743131f9b,0,balance,16006167
polygon-zkevm:0x0728fa8212336f808b02312b058fd5a743131f9b:SMT_KEY:1,0x0728fa8212336f808b02312b058fd5a743131f9b,1,nonce,16006167
polygon-zkevm:0x0728fa8212336f808b02312b058fd5a743131f9b:SMT_KEY:2,0x0728fa8212336f808b02312b058fd5a743131f9b,2,code_hash,16006167
polygon-zkevm:0x0728fa8212336f808b02312b058fd5a743131f9b:SMT_KEY:4,0x0728fa8212336f808b02312b058fd5a743131f9b,4,code_hash_length,16006167
polygon-zkevm:0x888b707a12205b52805d86123fe720ba119f0632:SMT_KEY:0,0x888b707a12205b52805d86123fe720ba119f0632,0,balance,16006217
polygon-zkevm:0x888b707a12205b52805d86123fe720ba119f0632:SMT_KEY:1,0x888b707a12205b52805d86123fe720ba119f0632,1,nonce,16006217
polygon-zkevm:0x888b707a12205b52805d86123fe720ba119f0632:SMT_KEY:2,0x888b707a12205b52805d86123fe720ba119f0632,2,code_hash,16006217
polygon-zkevm:0x888b707a12205b52805d86123fe720ba119f0632:SMT_KEY:4,0x888b707a12205b52805d86123fe720ba119f0632,4,code_hash_length,16006217
polygon-zkevm:0xc2cd0d62c659b55e9a05b9d0a32b4885a1c8fdde:SMT_KEY:0,0xc2cd0d62c659b55e9a05b9d0a32b4885a1c8fdde,0,balance,16006217
polygon-zkevm:0xc2cd0d62c659b55e9a05b9d0a32b4885a1c8fdde:SMT_KEY:1,0xc2cd0d62c659b55e9a05b9d0a32b4885a1c8fdde,1,nonce,16006217
polygon-zkevm:0xc2cd0d62c659b55e9a05b9d0a32b4885a1c8fdde:SMT_KEY:2,0xc2cd0d62c659b55e9a05b9d0a32b4885a1c8fdde,2,code_hash,16006217
polygon-zkevm:0xc2cd0d62c659b55e9a05b9d0a32b4885a1c8fdde:SMT_KEY:4,0xc2cd0d62c659b55e9a05b9d0a32b4885a1c8fdde,4,code_hash_length,16006217
polygon-zkevm:0x1650683e50e075efc778be4d1a6be929f3831719:SMT_KEY:0,0x1650683e50e075efc778be4d1a6be929f3831719,0,balance,16006297
polygon-zkevm:0x1650683e50e075efc778be4d1a6be929f3831719:SMT_KEY:1,0x1650683e50e075efc778be4d1a6be929f3831719,1,nonce,16006297
polygon-zkevm:0x1650683e50e075efc778be4d1a6be929f3831719:SMT_KEY:2,0x1650683e50e075efc778be4d1a6be929f3831719,2,code_hash,16006297
polygon-zkevm:0x1650683e50e075efc778be4d1a6be929f3831719:SMT_KEY:4,0x1650683e50e075efc778be4d1a6be929f3831719,4,code_hash_length,16006297
polygon-zkevm:0x106e19e048787d3ee56b5f92baf0f8366959eb11:SMT_KEY:0,0x106e19e048787d3ee56b5f92baf0f8366959eb11,0,balance,16006387
polygon-zkevm:0x106e19e048787d3ee56b5f92baf0f8366959eb11:SMT_KEY:1,0x106e19e048787d3ee56b5f92baf0f8366959eb11,1,nonce,16006387
polygon-zkevm:0x106e19e048787d3ee56b5f92baf0f8366959eb11:SMT_KEY:2,0x106e19e048787d3ee56b5f92baf0f8366959eb11,2,code_hash,16006387
polygon-zkevm:0x106e19e048787d3ee56b5f92baf0f8366959eb11:SMT_KEY:4,0x106e19e048787d3ee56b5f92baf0f8366959eb11,4,code_hash_length,16006387
polygon-zkevm:0x79dc37f246db5a0aaa32a3d480102f96a807e62c:SMT_KEY:0,0x79dc37f246db5a0aaa32a3d480102f96a807e62c,0,balance,16006387
polygon-zkevm:0x79dc37f246db5a0aaa32a3d480102f96a807e62c:SMT_KEY:1,0x79dc37f246db5a0aaa32a3d480102f96a807e62c,1,nonce,16006387
polygon-zkevm:0x79dc37f246db5a0aaa32a3d480102f96a807e62c:SMT_KEY:2,0x79dc37f246db5a0aaa32a3d480102f96a807e62c,2,code_hash,16006387
polygon-zkevm:0x79dc37f246db5a0aaa32a3d480102f96a807e62c:SMT_KEY:4,0x79dc37f246db5a0aaa32a3d480102f96a807e62c,4,code_hash_length,16006387
polygon-zkevm:0xd617da8e8c5e9ca11a54f9e7198a4ce8b75fd64e:SMT_KEY:0,0xd617da8e8c5e9ca11a54f9e7198a4ce8b75fd64e,0,balance,16006457
polygon-zkevm:0xd617da8e8c5e9ca11a54f9e7198a4ce8b75fd64e:SMT_KEY:1,0xd617da8e8c5e9ca11a54f9e7198a4ce8b75fd64e,1,nonce,16006457
polygon-zkevm:0xd617da8e8c5e9ca11a54f9e7198a4ce8b75fd64e:SMT_KEY:2,0xd617da8e8c5e9ca11a54f9e7198a4ce8b75fd64e,2,code_hash,16006457
polygon-zkevm:0xd617da8e8c5e9ca11a54f9e7198a4ce8b75fd64e:SMT_KEY:4,0xd617da8e8c5e9ca11a54f9e7198a4ce8b75fd64e,4,code_hash_length,16006457
polygon-zkevm:0xe5c7b4166d5cfaa9cae93048cf683f870ad4faeb:SMT_KEY:0,0xe5c7b4166d5cfaa9cae93048cf683f870ad4faeb,0,balance,16006457
polygon-zkevm:0xe5c7b4166d5cfaa9cae93048cf683f870ad4faeb:SMT_KEY:1,0xe5c7b4166d5cfaa9cae93048cf683f870ad4faeb,1,nonce,16006457
polygon-zkevm:0xe5c7b4166d5cfaa9cae93048cf683f870ad4faeb:SMT_KEY:2,0xe5c7b4166d5cfaa9cae93048cf683f870ad4faeb,2,code_hash,16006457
polygon-zkevm:0xe5c7b4166d5cfaa9cae93048cf683f870ad4faeb:SMT_KEY:4,0xe5c7b4166d5cfaa9cae93048cf683f870ad4faeb,4,code_hash_length,16006457
polygon-zkevm:0x9a89162d26db6759344c774f0d90b2c6b913e831:SMT_KEY:0,0x9a89162d26db6759344c774f0d90b2c6b913e831,0,balance,16006467
polygon-zkevm:0x9a89162d26db6759344c774f0d90b2c6b913e831:SMT_KEY:1,0x9a89162d26db6759344c774f0d90b2c6b913e831,1,nonce,16006467
polygon-zkevm:0x9a89162d26db6759344c774f0d90b2c6b913e831:SMT_KEY:2,0x9a89162d26db6759344c774f0d90b2c6b913e831,2,code_hash,16006467
polygon-zkevm:0x9a89162d26db6759344c774f0d90b2c6b913e831:SMT_KEY:4,0x9a89162d26db6759344c774f0d90b2c6b913e831,4,code_hash_length,16006467
polygon-zkevm:0x0f0c50de38d30ed6e06a6a90c4211204f1ff5209:SMT_KEY:0,0x0f0c50de38d30ed6e06a6a90c4211204f1ff5209,0,balance,16006507
polygon-zkevm:0x0f0c50de38d30ed6e06a6a90c4211204f1ff5209:SMT_KEY:1,0x0f0c50de38d30ed6e06a6a90c4211204f1ff5209,1,nonce,16006507
polygon-zkevm:0x0f0c50de38d30ed6e06a6a90c4211204f1ff5209:SMT_KEY:2,0x0f0c50de38d30ed6e06a6a90c4211204f1ff5209,2,code_hash,16006507
polygon-zkevm:0x0f0c50de38d30ed6e06a6a90c4211204f1ff5209:SMT_KEY:4,0x0f0c50de38d30ed6e06a6a90c4211204f1ff5209,4,code_hash_length,16006507
polygon-zkevm:0x7bd1d120cca752c42e2864488bf94d2c409d6c44:SMT_KEY:0,0x7bd1d120cca752c42e2864488bf94d2c409d6c44,0,balance,16006507
polygon-zkevm:0x7bd1d120cca752c42e2864488bf94d2c409d6c44:SMT_KEY:1,0x7bd1d120cca752c42e2864488bf94d2c409d6c44,1,nonce,16006507
polygon-zkevm:0x7bd1d120cca752c42e2864488bf94d2c409d6c44:SMT_KEY:2,0x7bd1d120cca752c42e2864488bf94d2c409d6c44,2,code_hash,16006507
polygon-zkevm:0x7bd1d120cca752c42e2864488bf94d2c409d6c44:SMT_KEY:4,0x7bd1d120cca752c42e2864488bf94d2c409d6c44,4,code_hash_length,16006507
polygon-zkevm:0x0922b44805cb5d90f35f3b9781aff83b47d722d3:SMT_KEY:0,0x0922b44805cb5d90f35f3b9781aff83b47d722d3,0,balance,16006527
polygon-zkevm:0x0922b44805cb5d90f35f3b9781aff83b47d722d3:SMT_KEY:1,0x0922b44805cb5d90f35f3b9781aff83b47d722d3,1,nonce,16006527
polygon-zkevm:0x0922b44805cb5d90f35f3b9781aff83b47d722d3:SMT_KEY:2,0x0922b44805cb5d90f35f3b9781aff83b47d722d3,2,code_hash,16006527
polygon-zkevm:0x0922b44805cb5d90f35f3b9781aff83b47d722d3:SMT_KEY:4,0x0922b44805cb5d90f35f3b9781aff83b47d722d3,4,code_hash_length,16006527
polygon-zkevm:0x465c63680f2a0b4277d9b4cecc3f3310e531a77f:SMT_KEY:0,0x465c63680f2a0b4277d9b4cecc3f3310e531a77f,0,balance,16006567
polygon-zkevm:0x465c63680f2a0b4277d9b4cecc3f3310e531a77f:SMT_KEY:1,0x465c63680f2a0b4277d9b4cecc3f3310e531a77f,1,nonce,16006567
polygon-zkevm:0x465c63680f2a0b4277d9b4cecc3f3310e531a77f:SMT_KEY:2,0x465c63680f2a0b4277d9b4cecc3f3310e531a77f,2,code_hash,16006567
polygon-zkevm:0x465c63680f2a0b4277d9b4cecc3f3310e531a77f:SMT_KEY:4,0x465c63680f2a0b4277d9b4cecc3f3310e531a77f,4,code_hash_length,16006567
polygon-zkevm:0x4231435c0592ab3c272d7bbe4f922d38da11472c:SMT_KEY:0,0x4231435c0592ab3c272d7bbe4f922d38da11472c,0,balance,16006637
polygon-zkevm:0x4231435c0592ab3c272d7bbe4f922d38da11472c:SMT_KEY:1,0x4231435c0592ab3c272d7bbe4f922d38da11472c,1,nonce,16006637
polygon-zkevm:0x4231435c0592ab3c272d7bbe4f922d38da11472c:SMT_KEY:2,0x4231435c0592ab3c272d7bbe4f922d38da11472c,2,code_hash,16006637
polygon-zkevm:0x4231435c0592ab3c272d7bbe4f922d38da11472c:SMT_KEY:4,0x4231435c0592ab3c272d7bbe4f922d38da11472c,4,code_hash_length,16006637
polygon-zkevm:0xb768acf35556258d8aa693034d7f23e1f77c8a0d:SMT_KEY:0,0xb768acf35556258d8aa693034d7f23e1f77c8a0d,0,balance,16006697
polygon-zkevm:0xb768acf35556258d8aa693034d7f23e1f77c8a0d:SMT_KEY:1,0xb768acf35556258d8aa693034d7f23e1f77c8a0d,1,nonce,16006697
polygon-zkevm:0xb768acf35556258d8aa693034d7f23e1f77c8a0d:SMT_KEY:2,0xb768acf35556258d8aa693034d7f23e1f77c8a0d,2,code_hash,16006697
polygon-zkevm:0xb768acf35556258d8aa693034d7f23e1f77c8a0d:SMT_KEY:4,0xb768acf35556258d8aa693034d7f23e1f77c8a0d,4,code_hash_length,16006697
polygon-zkevm:0x973fe58c8253782234dc35a47e18fd1452fde26c:SMT_KEY:0,0x973fe58c8253782234dc35a47e18fd1452fde26c,0,balance,16006847
polygon-zkevm:0x973fe58c8253782234dc35a47e18fd1452fde26c:SMT_KEY:1,0x973fe58c8253782234dc35a47e18fd1452fde26c,1,nonce,16006847
polygon-zkevm:0x973fe58c8253782234dc35a47e18fd1452fde26c:SMT_KEY:2,0x973fe58c8253782234dc35a47e18fd1452fde26c,2,code_hash,16006847
polygon-zkevm:0x973fe58c8253782234dc35a47e18fd1452fde26c:SMT_KEY:4,0x973fe58c8253782234dc35a47e18fd1452fde26c,4,code_hash_length,16006847
polygon-zkevm:0x024c3d1f574cdcdd42374394df96b747460096a3:SMT_KEY:0,0x024c3d1f574cdcdd42374394df96b747460096a3,0,balance,16006877
polygon-zkevm:0x024c3d1f574cdcdd42374394df96b747460096a3:SMT_KEY:1,0x024c3d1f574cdcdd42374394df96b747460096a3,1,nonce,16006877
polygon-zkevm:0x024c3d1f574cdcdd42374394df96b747460096a3:SMT_KEY:2,0x024c3d1f574cdcdd42374394df96b747460096a3,2,code_hash,16006877
polygon-zkevm:0x024c3d1f574cdcdd42374394df96b747460096a3:SMT_KEY:4,0x024c3d1f574cdcdd42374394df96b747460096a3,4,code_hash_length,16006877
polygon-zkevm:0xa2352ad7a63b35e9429b9e779c6a13bd16774e63:SMT_KEY:0,0xa2352ad7a63b35e9429b9e779c6a13bd16774e63,0,balance,16006877
polygon-zkevm:0xa2352ad7a63b35e9429b9e779c6a13bd16774e63:SMT_KEY:1,0xa2352ad7a63b35e9429b9e779c6a13bd16774e63,1,nonce,16006877
polygon-zkevm:0xa2352ad7a63b35e9429b9e779c6a13bd16774e63:SMT_KEY:2,0xa2352ad7a63b35e9429b9e779c6a13bd16774e63,2,code_hash,16006877
polygon-zkevm:0xa2352ad7a63b35e9429b9e779c6a13bd16774e63:SMT_KEY:4,0xa2352ad7a63b35e9429b9e779c6a13bd16774e63,4,code_hash_length,16006877
polygon-zkevm:0x5f6aaa6b54f4098023b58e0235fced8a72f01922:SMT_KEY:0,0x5f6aaa6b54f4098023b58e0235fced8a72f01922,0,balance,16006887
polygon-zkevm:0x5f6aaa6b54f4098023b58e0235fced8a72f01922:SMT_KEY:1,0x5f6aaa6b54f4098023b58e0235fced8a72f01922,1,nonce,16006887
polygon-zkevm:0x5f6aaa6b54f4098023b58e0235fced8a72f01922:SMT_KEY:2,0x5f6aaa6b54f4098023b58e0235fced8a72f01922,2,code_hash,16006887
polygon-zkevm:0x5f6aaa6b54f4098023b58e0235fced8a72f01922:SMT_KEY:4,0x5f6aaa6b54f4098023b58e0235fced8a72f01922,4,code_hash_length,16006887
polygon-zkevm:0x05747fc55e8156f2337a5e525f5c5818bd8f195f:SMT_KEY:0,0x05747fc55e8156f2337a5e525f5c5818bd8f195f,0,balance,16006927
polygon-zkevm:0x05747fc55e8156f2337a5e525f5c5818bd8f195f:SMT_KEY:1,0x05747fc55e8156f2337a5e525f5c5818bd8f195f,1,nonce,16006927
polygon-zkevm:0x05747fc55e8156f2337a5e525f5c5818bd8f195f:SMT_KEY:2,0x05747fc55e8156f2337a5e525f5c5818bd8f195f,2,code_hash,16006927
polygon-zkevm:0x05747fc55e8156f2337a5e525f5c5818bd8f195f:SMT_KEY:4,0x05747fc55e8156f2337a5e525f5c5818bd8f195f,4,code_hash_length,16006927
polygon-zkevm:0x2719ff686109600443aee99a44307feda046a92e:SMT_KEY:0,0x2719ff686109600443aee99a44307feda046a92e,0,balance,16006997
polygon-zkevm:0x2719ff686109600443aee99a44307feda046a92e:SMT_KEY:1,0x2719ff686109600443aee99a44307feda046a92e,1,nonce,16006997
polygon-zkevm:0x2719ff686109600443aee99a44307feda046a92e:SMT_KEY:2,0x2719ff686109600443aee99a44307feda046a92e,2,code_hash,16006997
polygon-zkevm:0x2719ff686109600443aee99a44307feda046a92e:SMT_KEY:4,0x2719ff686109600443aee99a44307feda046a92e,4,code_hash_length,16006997
polygon-zkevm:0xcb204adb19425397d9fdb082c6e28d66f703eada:SMT_KEY:0,0xcb204adb19425397d9fdb082c6e28d66f703eada,0,balance,16006997
polygon-zkevm:0xcb204adb19425397d9fdb082c6e28d66f703eada:SMT_KEY:1,0xcb204adb19425397d9fdb082c6e28d66f703eada,1,nonce,16006997
polygon-zkevm:0xcb204adb19425397d9fdb082c6e28d66f703eada:SMT_KEY:2,0xcb204adb19425397d9fdb082c6e28d66f703eada,2,code_hash,16006997
polygon-zkevm:0xcb204adb19425397d9fdb082c6e28d66f703eada:SMT_KEY:4,0xcb204adb19425397d9fdb082c6e28d66f703eada,4,code_hash_length,16006997
polygon-zkevm:0x4cecdd6bd69e40c66d9b60be0f188d03e7132bae:SMT_KEY:0,0x4cecdd6bd69e40c66d9b60be0f188d03e7132bae,0,balance,16007007
polygon-zkevm:0x4cecdd6bd69e40c66d9b60be0f188d03e7132bae:SMT_KEY:1,0x4cecdd6bd69e40c66d9b60be0f188d03e7132bae,1,nonce,16007007
polygon-zkevm:0x4cecdd6bd69e40c66d9b60be0f188d03e7132bae:SMT_KEY:2,0x4cecdd6bd69e40c66d9b60be0f188d03e7132bae,2,code_hash,16007007
polygon-zkevm:0x4cecdd6bd69e40c66d9b60be0f188d03e7132bae:SMT_KEY:4,0x4cecdd6bd69e40c66d9b60be0f188d03e7132bae,4,code_hash_length,16007007
polygon-zkevm:0xc118504ed9fd0ffc1c9e2fdcf989ca262bd43f9f:SMT_KEY:0,0xc118504ed9fd0ffc1c9e2fdcf989ca262bd43f9f,0,balance,16007167
polygon-zkevm:0xc118504ed9fd0ffc1c9e2fdcf989ca262bd43f9f:SMT_KEY:1,0xc118504ed9fd0ffc1c9e2fdcf989ca262bd43f9f,1,nonce,16007167
polygon-zkevm:0xc118504ed9fd0ffc1c9e2fdcf989ca262bd43f9f:SMT_KEY:2,0xc118504ed9fd0ffc1c9e2fdcf989ca262bd43f9f,2,code_hash,16007167
polygon-zkevm:0xc118504ed9fd0ffc1c9e2fdcf989ca262bd43f9f:SMT_KEY:4,0xc118504ed9fd0ffc1c9e2fdcf989ca262bd43f9f,4,code_hash_length,16007167
polygon-zkevm:0xc790f82bf6f8709aa4a56dc11afad7af7c2a9867:SMT_KEY:0,0xc790f82bf6f8709aa4a56dc11afad7af7c2a9867,0,balance,16007167
polygon-zkevm:0xc790f82bf6f8709aa4a56dc11afad7af7c2a9867:SMT_KEY:1,0xc790f82bf6f8709aa4a56dc11afad7af7c2a9867,1,nonce,16007167
polygon-zkevm:0xc790f82bf6f8709aa4a56dc11afad7af7c2a9867:SMT_KEY:2,0xc790f82bf6f8709aa4a56dc11afad7af7c2a9867,2,code_hash,16007167
polygon-zkevm:0xc790f82bf6f8709aa4a56dc11afad7af7c2a9867:SMT_KEY:4,0xc790f82bf6f8709aa4a56dc11afad7af7c2a9867,4,code_hash_length,16007167
polygon-zkevm:0xf97c14e245c94e628145caabfd14d73b2fc40004:SMT_KEY:0,0xf97c14e245c94e628145caabfd14d73b2fc40004,0,balance,16007377
polygon-zkevm:0xf97c14e245c94e628145caabfd14d73b2fc40004:SMT_KEY:1,0xf97c14e245c94e628145caabfd14d73b2fc40004,1,nonce,16007377
polygon-zkevm:0xf97c14e245c94e628145caabfd14d73b2fc40004:SMT_KEY:2,0xf97c14e245c94e628145caabfd14d73b2fc40004,2,code_hash,16007377
polygon-zkevm:0xf97c14e245c94e628145caabfd14d73b2fc40004:SMT_KEY:4,0xf97c14e245c94e628145caabfd14d73b2fc40004,4,code_hash_length,16007377
polygon-zkevm:0x3ea53fa9a2072245fe40a65a8b5f0110bec04099:SMT_KEY:0,0x3ea53fa9a2072245fe40a65a8b5f0110bec04099,0,balance,16007437
polygon-zkevm:0x3ea53fa9a2072245fe40a65a8b5f0110bec04099:SMT_KEY:1,0x3ea53fa9a2072245fe40a65a8b5f0110bec04099,1,nonce,16007437
polygon-zkevm:0x3ea53fa9a2072245fe40a65a8b5f0110bec04099:SMT_KEY:2,0x3ea53fa9a2072245fe40a65a8b5f0110bec04099,2,code_hash,16007437
polygon-zkevm:0x3ea53fa9a2072245fe40a65a8b5f0110bec04099:SMT_KEY:4,0x3ea53fa9a2072245fe40a65a8b5f0110bec04099,4,code_hash_length,16007437
polygon-zkevm:0x3ef3d8ba38ebe18db133cec108f4d14ce00dd9ae:SMT_KEY:0,0x3ef3d8ba38ebe18db133cec108f4d14ce00dd9ae,0,balance,16007437
polygon-zkevm:0x3ef3d8ba38ebe18db133cec108f4d14ce00dd9ae:SMT_KEY:1,0x3ef3d8ba38ebe18db133cec108f4d14ce00dd9ae,1,nonce,16007437
polygon-zkevm:0x3ef3d8ba38ebe18db133cec108f4d14ce00dd9ae:SMT_KEY:2,0x3ef3d8ba38ebe18db133cec108f4d14ce00dd9ae,2,code_hash,16007437
polygon-zkevm:0x3ef3d8ba38ebe18db133cec108f4d14ce00dd9ae:SMT_KEY:4,0x3ef3d8ba38ebe18db133cec108f4d14ce00dd9ae,4,code_hash_length,16007437
polygon-zkevm:0x1577189786f220ebea568789f919c57c6caca3d1:SMT_KEY:0,0x1577189786f220ebea568789f919c57c6caca3d1,0,balance,19998487
polygon-zkevm:0x1577189786f220ebea568789f919c57c6caca3d1:SMT_KEY:1,0x1577189786f220ebea568789f919c57c6caca3d1,1,nonce,19998487
polygon-zkevm:0x1577189786f220ebea568789f919c57c6caca3d1:SMT_KEY:2,0x1577189786f220ebea568789f919c57c6caca3d1,2,code_hash,19998487
polygon-zkevm:0x1577189786f220ebea568789f919c57c6caca3d1:SMT_KEY:4,0x1577189786f220ebea568789f919c57c6caca3d1,4,code_hash_length,19998487
polygon-zkevm:0xc5de2f91fdde39cb9a385d58af73f51e92f99e2d:SMT_KEY:0,0xc5de2f91fdde39cb9a385d58af73f51e92f99e2d,0,balance,19998507
polygon-zkevm:0xc5de2f91fdde39cb9a385d58af73f51e92f99e2d:SMT_KEY:1,0xc5de2f91fdde39cb9a385d58af73f51e92f99e2d,1,nonce,19998507
polygon-zkevm:0xc5de2f91fdde39cb9a385d58af73f51e92f99e2d:SMT_KEY:2,0xc5de2f91fdde39cb9a385d58af73f51e92f99e2d,2,code_hash,19998507
polygon-zkevm:0xc5de2f91fdde39cb9a385d58af73f51e92f99e2d:SMT_KEY:4,0xc5de2f91fdde39cb9a385d58af73f51e92f99e2d,4,code_hash_length,19998507
polygon-zkevm:0xe6825c3835e985d18e5d9f183b54cd363ac64fe6:SMT_KEY:0,0xe6825c3835e985d18e5d9f183b54cd363ac64fe6,0,balance,19998507
polygon-zkevm:0xe6825c3835e985d18e5d9f183b54cd363ac64fe6:SMT_KEY:1,0xe6825c3835e985d18e5d9f183b54cd363ac64fe6,1,nonce,19998507
polygon-zkevm:0xe6825c3835e985d18e5d9f183b54cd363ac64fe6:SMT_KEY:2,0xe6825c3835e985d18e5d9f183b54cd363ac64fe6,2,code_hash,19998507
polygon-zkevm:0xe6825c3835e985d18e5d9f183b54cd363ac64fe6:SMT_KEY:4,0xe6825c3835e985d18e5d9f183b54cd363ac64fe6,4,code_hash_length,19998507
polygon-zkevm:0x6ae9eef910a819b4d1fedb36f4701c418aeff594:SMT_KEY:0,0x6ae9eef910a819b4d1fedb36f4701c418aeff594,0,balance,19998517
polygon-zkevm:0x6ae9eef910a819b4d1fedb36f4701c418aeff594:SMT_KEY:1,0x6ae9eef910a819b4d1fedb36f4701c418aeff594,1,nonce,19998517
polygon-zkevm:0x6ae9eef910a819b4d1fedb36f4701c418aeff594:SMT_KEY:2,0x6ae9eef910a819b4d1fedb36f4701c418aeff594,2,code_hash,19998517
polygon-zkevm:0x6ae9eef910a819b4d1fedb36f4701c418aeff594:SMT_KEY:4,0x6ae9eef910a819b4d1fedb36f4701c418aeff594,4,code_hash_length,19998517
polygon-zkevm:0xcf32c5bb41f7a302298a2d2072155800871baad3:SMT_KEY:0,0xcf32c5bb41f7a302298a2d2072155800871baad3,0,balance,19998517
polygon-zkevm:0xcf32c5bb41f7a302298a2d2072155800871baad3:SMT_KEY:1,0xcf32c5bb41f7a302298a2d2072155800871baad3,1,nonce,19998517
polygon-zkevm:0xcf32c5bb41f7a302298a2d2072155800871baad3:SMT_KEY:2,0xcf32c5bb41f7a302298a2d2072155800871baad3,2,code_hash,19998517
polygon-zkevm:0xcf32c5bb41f7a302298a2d2072155800871baad3:SMT_KEY:4,0xcf32c5bb41f7a302298a2d2072155800871baad3,4,code_hash_length,19998517
polygon-zkevm:0x38b0fb000792568a897638a54a1a10bed7768233:SMT_KEY:0,0x38b0fb000792568a897638a54a1a10bed7768233,0,balance,19998547
polygon-zkevm:0x38b0fb000792568a897638a54a1a10bed7768233:SMT_KEY:1,0x38b0fb000792568a897638a54a1a10bed7768233,1,nonce,19998547
polygon-zkevm:0x38b0fb000792568a897638a54a1a10bed7768233:SMT_KEY:2,0x38b0fb000792568a897638a54a1a10bed7768233,2,code_hash,19998547
polygon-zkevm:0x38b0fb000792568a897638a54a1a10bed7768233:SMT_KEY:4,0x38b0fb000792568a897638a54a1a10bed7768233,4,code_hash_length,19998547
polygon-zkevm:0x4715eb2c5ce7b9cccc5be17228dbb1e68b74078b:SMT_KEY:0,0x4715eb2c5ce7b9cccc5be17228dbb1e68b74078b,0,balance,19998547
polygon-zkevm:0x4715eb2c5ce7b9cccc5be17228dbb1e68b74078b:SMT_KEY:1,0x4715eb2c5ce7b9cccc5be17228dbb1e68b74078b,1,nonce,19998547
polygon-zkevm:0x4715eb2c5ce7b9cccc5be17228dbb1e68b74078b:SMT_KEY:2,0x4715eb2c5ce7b9cccc5be17228dbb1e68b74078b,2,code_hash,19998547
polygon-zkevm:0x4715eb2c5ce7b9cccc5be17228dbb1e68b74078b:SMT_KEY:4,0x4715eb2c5ce7b9cccc5be17228dbb1e68b74078b,4,code_hash_length,19998547
polygon-zkevm:0x65ab9bf9883669ec06ed93dea6aaf4b4be6ce764:SMT_KEY:0,0x65ab9bf9883669ec06ed93dea6aaf4b4be6ce764,0,balance,19998547
polygon-zkevm:0x65ab9bf9883669ec06ed93dea6aaf4b4be6ce764:SMT_KEY:1,0x65ab9bf9883669ec06ed93dea6aaf4b4be6ce764,1,nonce,19998547
polygon-zkevm:0x65ab9bf9883669ec06ed93dea6aaf4b4be6ce764:SMT_KEY:2,0x65ab9bf9883669ec06ed93dea6aaf4b4be6ce764,2,code_hash,19998547
polygon-zkevm:0x65ab9bf9883669ec06ed93dea6aaf4b4be6ce764:SMT_KEY:4,0x65ab9bf9883669ec06ed93dea6aaf4b4be6ce764,4,code_hash_length,19998547
polygon-zkevm:0x927e042a11b25bdaf80d538f2fe4a541304a86ee:SMT_KEY:0,0x927e042a11b25bdaf80d538f2fe4a541304a86ee,0,balance,19998547
polygon-zkevm:0x927e042a11b25bdaf80d538f2fe4a541304a86ee:SMT_KEY:1,0x927e042a11b25bdaf80d538f2fe4a541304a86ee,1,nonce,19998547
polygon-zkevm:0x927e042a11b25bdaf80d538f2fe4a541304a86ee:SMT_KEY:2,0x927e042a11b25bdaf80d538f2fe4a541304a86ee,2,code_hash,19998547
polygon-zkevm:0x927e042a11b25bdaf80d538f2fe4a541304a86ee:SMT_KEY:4,0x927e042a11b25bdaf80d538f2fe4a541304a86ee,4,code_hash_length,19998547
polygon-zkevm:0x390d9a55eef37581f183afff7b0d4f8ebb8d23fd:SMT_KEY:0,0x390d9a55eef37581f183afff7b0d4f8ebb8d23fd,0,balance,19998577
polygon-zkevm:0x390d9a55eef37581f183afff7b0d4f8ebb8d23fd:SMT_KEY:1,0x390d9a55eef37581f183afff7b0d4f8ebb8d23fd,1,nonce,19998577
polygon-zkevm:0x390d9a55eef37581f183afff7b0d4f8ebb8d23fd:SMT_KEY:2,0x390d9a55eef37581f183afff7b0d4f8ebb8d23fd,2,code_hash,19998577
polygon-zkevm:0x390d9a55eef37581f183afff7b0d4f8ebb8d23fd:SMT_KEY:4,0x390d9a55eef37581f183afff7b0d4f8ebb8d23fd,4,code_hash_length,19998577
polygon-zkevm:0xa2ca655872e7849802641c84d5a686efe2aa9d40:SMT_KEY:0,0xa2ca655872e7849802641c84d5a686efe2aa9d40,0,balance,19998597
polygon-zkevm:0xa2ca655872e7849802641c84d5a686efe2aa9d40:SMT_KEY:1,0xa2ca655872e7849802641c84d5a686efe2aa9d40,1,nonce,19998597
polygon-zkevm:0xa2ca655872e7849802641c84d5a686efe2aa9d40:SMT_KEY:2,0xa2ca655872e7849802641c84d5a686efe2aa9d40,2,code_hash,19998597
polygon-zkevm:0xa2ca655872e7849802641c84d5a686efe2aa9d40:SMT_KEY:4,0xa2ca655872e7849802641c84d5a686efe2aa9d40,4,code_hash_length,19998597
polygon-zkevm:0x18467509bd6c00222706695611527a6993970b67:SMT_KEY:0,0x18467509bd6c00222706695611527a6993970b67,0,balance,19998627
polygon-zkevm:0x18467509bd6c00222706695611527a6993970b67:SMT_KEY:1,0x18467509bd6c00222706695611527a6993970b67,1,nonce,19998627
polygon-zkevm:0x18467509bd6c00222706695611527a6993970b67:SMT_KEY:2,0x18467509bd6c00222706695611527a6993970b67,2,code_hash,19998627
polygon-zkevm:0x18467509bd6c00222706695611527a6993970b67:SMT_KEY:4,0x18467509bd6c00222706695611527a6993970b67,4,code_hash_length,19998627
polygon-zkevm:0x3c7717ff655bd5c1ffcf73fe4613bea56a7e685b:SMT_KEY:0,0x3c7717ff655bd5c1ffcf73fe4613bea56a7e685b,0,balance,19998627
polygon-zkevm:0x3c7717ff655bd5c1ffcf73fe4613bea56a7e685b:SMT_KEY:1,0x3c7717ff655bd5c1ffcf73fe4613bea56a7e685b,1,nonce,19998627
polygon-zkevm:0x3c7717ff655bd5c1ffcf73fe4613bea56a7e685b:SMT_KEY:2,0x3c7717ff655bd5c1ffcf73fe4613bea56a7e685b,2,code_hash,19998627
polygon-zkevm:0x3c7717ff655bd5c1ffcf73fe4613bea56a7e685b:SMT_KEY:4,0x3c7717ff655bd5c1ffcf73fe4613bea56a7e685b,4,code_hash_length,19998627
polygon-zkevm:0xc43d3da78462baf758291ec1cdb41d0477fab5ff:SMT_KEY:0,0xc43d3da78462baf758291ec1cdb41d0477fab5ff,0,balance,19998627
polygon-zkevm:0xc43d3da78462baf758291ec1cdb41d0477fab5ff:SMT_KEY:1,0xc43d3da78462baf758291ec1cdb41d0477fab5ff,1,nonce,19998627
polygon-zkevm:0xc43d3da78462baf758291ec1cdb41d0477fab5ff:SMT_KEY:2,0xc43d3da78462baf758291ec1cdb41d0477fab5ff,2,code_hash,19998627
polygon-zkevm:0xc43d3da78462baf758291ec1cdb41d0477fab5ff:SMT_KEY:4,0xc43d3da78462baf758291ec1cdb41d0477fab5ff,4,code_hash_length,19998627
polygon-zkevm:0xe566da48340e7a12ee4dee641218793240e53c29:SMT_KEY:0,0xe566da48340e7a12ee4dee641218793240e53c29,0,balance,19998687
polygon-zkevm:0xe566da48340e7a12ee4dee641218793240e53c29:SMT_KEY:1,0xe566da48340e7a12ee4dee641218793240e53c29,1,nonce,19998687
polygon-zkevm:0xe566da48340e7a12ee4dee641218793240e53c29:SMT_KEY:2,0xe566da48340e7a12ee4dee641218793240e53c29,2,code_hash,19998687
polygon-zkevm:0xe566da48340e7a12ee4dee641218793240e53c29:SMT_KEY:4,0xe566da48340e7a12ee4dee641218793240e53c29,4,code_hash_length,19998687
polygon-zkevm:0x1bfef10693dd39a78afd9c90ad9b16a779c4e538:SMT_KEY:0,0x1bfef10693dd39a78afd9c90ad9b16a779c4e538,0,balance,19998697
polygon-zkevm:0x1bfef10693dd39a78afd9c90ad9b16a779c4e538:SMT_KEY:1,0x1bfef10693dd39a78afd9c90ad9b16a779c4e538,1,nonce,19998697
polygon-zkevm:0x1bfef10693dd39a78afd9c90ad9b16a779c4e538:SMT_KEY:2,0x1bfef10693dd39a78afd9c90ad9b16a779c4e538,2,code_hash,19998697
polygon-zkevm:0x1bfef10693dd39a78afd9c90ad9b16a779c4e538:SMT_KEY:4,0x1bfef10693dd39a78afd9c90ad9b16a779c4e538,4,code_hash_length,19998697
polygon-zkevm:0x792345eb29a408494b6c0a066c9ae8d8fe3e0fc0:SMT_KEY:0,0x792345eb29a408494b6c0a066c9ae8d8fe3e0fc0,0,balance,19998707
polygon-zkevm:0x792345eb29a408494b6c0a066c9ae8d8fe3e0fc0:SMT_KEY:1,0x792345eb29a408494b6c0a066c9ae8d8fe3e0fc0,1,nonce,19998707
polygon-zkevm:0x792345eb29a408494b6c0a066c9ae8d8fe3e0fc0:SMT_KEY:2,0x792345eb29a408494b6c0a066c9ae8d8fe3e0fc0,2,code_hash,19998707
polygon-zkevm:0x792345eb29a408494b6c0a066c9ae8d8fe3e0fc0:SMT_KEY:4,0x792345eb29a408494b6c0a066c9ae8d8fe3e0fc0,4,code_hash_length,19998707
polygon-zkevm:0x388bc0bdf9531cb3484a7303b68f6fbfbc7829dd:SMT_KEY:0,0x388bc0bdf9531cb3484a7303b68f6fbfbc7829dd,0,balance,19998737
polygon-zkevm:0x388bc0bdf9531cb3484a7303b68f6fbfbc7829dd:SMT_KEY:1,0x388bc0bdf9531cb3484a7303b68f6fbfbc7829dd,1,nonce,19998737
polygon-zkevm:0x388bc0bdf9531cb3484a7303b68f6fbfbc7829dd:SMT_KEY:2,0x388bc0bdf9531cb3484a7303b68f6fbfbc7829dd,2,code_hash,19998737
polygon-zkevm:0x388bc0bdf9531cb3484a7303b68f6fbfbc7829dd:SMT_KEY:4,0x388bc0bdf9531cb3484a7303b68f6fbfbc7829dd,4,code_hash_length,19998737
polygon-zkevm:0xcad878a5fd303b21480267d9931627e8df8b8644:SMT_KEY:0,0xcad878a5fd303b21480267d9931627e8df8b8644,0,balance,19998787
polygon-zkevm:0xcad878a5fd303b21480267d9931627e8df8b8644:SMT_KEY:1,0xcad878a5fd303b21480267d9931627e8df8b8644,1,nonce,19998787
polygon-zkevm:0xcad878a5fd303b21480267d9931627e8df8b8644:SMT_KEY:2,0xcad878a5fd303b21480267d9931627e8df8b8644,2,code_hash,19998787
polygon-zkevm:0xcad878a5fd303b21480267d9931627e8df8b8644:SMT_KEY:4,0xcad878a5fd303b21480267d9931627e8df8b8644,4,code_hash_length,19998787
polygon-zkevm:0x83592732ba9f96f4fb242e53271d09cb9b4af3a0:SMT_KEY:0,0x83592732ba9f96f4fb242e53271d09cb9b4af3a0,0,balance,19998907
polygon-zkevm:0x83592732ba9f96f4fb242e53271d09cb9b4af3a0:SMT_KEY:1,0x83592732ba9f96f4fb242e53271d09cb9b4af3a0,1,nonce,19998907
polygon-zkevm:0x83592732ba9f96f4fb242e53271d09cb9b4af3a0:SMT_KEY:2,0x83592732ba9f96f4fb242e53271d09cb9b4af3a0,2,code_hash,19998907
polygon-zkevm:0x83592732ba9f96f4fb242e53271d09cb9b4af3a0:SMT_KEY:4,0x83592732ba9f96f4fb242e53271d09cb9b4af3a0,4,code_hash_length,19998907
polygon-zkevm:0x186450fd23700e8883a527439de1d99c23cd221f:SMT_KEY:0,0x186450fd23700e8883a527439de1d99c23cd221f,0,balance,19998937
polygon-zkevm:0x186450fd23700e8883a527439de1d99c23cd221f:SMT_KEY:1,0x186450fd23700e8883a527439de1d99c23cd221f,1,nonce,19998937
polygon-zkevm:0x186450fd23700e8883a527439de1d99c23cd221f:SMT_KEY:2,0x186450fd23700e8883a527439de1d99c23cd221f,2,code_hash,19998937
polygon-zkevm:0x186450fd23700e8883a527439de1d99c23cd221f:SMT_KEY:4,0x186450fd23700e8883a527439de1d99c23cd221f,4,code_hash_length,19998937
polygon-zkevm:0x7abe724c9446ee2cdcd5c5eef3ef75312b7d6d13:SMT_KEY:0,0x7abe724c9446ee2cdcd5c5eef3ef75312b7d6d13,0,balance,19998937
polygon-zkevm:0x7abe724c9446ee2cdcd5c5eef3ef75312b7d6d13:SMT_KEY:1,0x7abe724c9446ee2cdcd5c5eef3ef75312b7d6d13,1,nonce,19998937
polygon-zkevm:0x7abe724c9446ee2cdcd5c5eef3ef75312b7d6d13:SMT_KEY:2,0x7abe724c9446ee2cdcd5c5eef3ef75312b7d6d13,2,code_hash,19998937
polygon-zkevm:0x7abe724c9446ee2cdcd5c5eef3ef75312b7d6d13:SMT_KEY:4,0x7abe724c9446ee2cdcd5c5eef3ef75312b7d6d13,4,code_hash_length,19998937
polygon-zkevm:0x7e093ba1474b79481f9b87d66c99a819f25e82e2:SMT_KEY:0,0x7e093ba1474b79481f9b87d66c99a819f25e82e2,0,balance,19998937
polygon-zkevm:0x7e093ba1474b79481f9b87d66c99a819f25e82e2:SMT_KEY:1,0x7e093ba1474b79481f9b87d66c99a819f25e82e2,1,nonce,19998937
polygon-zkevm:0x7e093ba1474b79481f9b87d66c99a819f25e82e2:SMT_KEY:2,0x7e093ba1474b79481f9b87d66c99a819f25e82e2,2,code_hash,19998937
polygon-zkevm:0x7e093ba1474b79481f9b87d66c99a819f25e82e2:SMT_KEY:4,0x7e093ba1474b79481f9b87d66c99a819f25e82e2,4,code_hash_length,19998937
polygon-zkevm:0xf4035131b4d6fb4c858d791ef178246860f999e3:SMT_KEY:0,0xf4035131b4d6fb4c858d791ef178246860f999e3,0,balance,19998937
polygon-zkevm:0xf4035131b4d6fb4c858d791ef178246860f999e3:SMT_KEY:1,0xf4035131b4d6fb4c858d791ef178246860f999e3,1,nonce,19998937
polygon-zkevm:0xf4035131b4d6fb4c858d791ef178246860f999e3:SMT_KEY:2,0xf4035131b4d6fb4c858d791ef178246860f999e3,2,code_hash,19998937
polygon-zkevm:0xf4035131b4d6fb4c858d791ef178246860f999e3:SMT_KEY:4,0xf4035131b4d6fb4c858d791ef178246860f999e3,4,code_hash_length,19998937
polygon-zkevm:0x3c7daa90c4546923d62e58ea155e218d0fda494d:SMT_KEY:0,0x3c7daa90c4546923d62e58ea155e218d0fda494d,0,balance,19998947
polygon-zkevm:0x3c7daa90c4546923d62e58ea155e218d0fda494d:SMT_KEY:1,0x3c7daa90c4546923d62e58ea155e218d0fda494d,1,nonce,19998947
polygon-zkevm:0x3c7daa90c4546923d62e58ea155e218d0fda494d:SMT_KEY:2,0x3c7daa90c4546923d62e58ea155e218d0fda494d,2,code_hash,19998947
polygon-zkevm:0x3c7daa90c4546923d62e58ea155e218d0fda494d:SMT_KEY:4,0x3c7daa90c4546923d62e58ea155e218d0fda494d,4,code_hash_length,19998947
polygon-zkevm:0x07e5fc9fd30e4b9df6c6040a639848fab9628be9:SMT_KEY:0,0x07e5fc9fd30e4b9df6c6040a639848fab9628be9,0,balance,19998957
polygon-zkevm:0x07e5fc9fd30e4b9df6c6040a639848fab9628be9:SMT_KEY:1,0x07e5fc9fd30e4b9df6c6040a639848fab9628be9,1,nonce,19998957
polygon-zkevm:0x07e5fc9fd30e4b9df6c6040a639848fab9628be9:SMT_KEY:2,0x07e5fc9fd30e4b9df6c6040a639848fab9628be9,2,code_hash,19998957
polygon-zkevm:0x07e5fc9fd30e4b9df6c6040a639848fab9628be9:SMT_KEY:4,0x07e5fc9fd30e4b9df6c6040a639848fab9628be9,4,code_hash_length,19998957
polygon-zkevm:0x47df8da66360eee967c7e31ae1ac89514ea0d6f8:SMT_KEY:0,0x47df8da66360eee967c7e31ae1ac89514ea0d6f8,0,balance,19998957
polygon-zkevm:0x47df8da66360eee967c7e31ae1ac89514ea0d6f8:SMT_KEY:1,0x47df8da66360eee967c7e31ae1ac89514ea0d6f8,1,nonce,19998957
polygon-zkevm:0x47df8da66360eee967c7e31ae1ac89514ea0d6f8:SMT_KEY:2,0x47df8da66360eee967c7e31ae1ac89514ea0d6f8,2,code_hash,19998957
polygon-zkevm:0x47df8da66360eee967c7e31ae1ac89514ea0d6f8:SMT_KEY:4,0x47df8da66360eee967c7e31ae1ac89514ea0d6f8,4,code_hash_length,19998957
polygon-zkevm:0x03af9714392c13838f9ae054329e042fc00c56b4:SMT_KEY:0,0x03af9714392c13838f9ae054329e042fc00c56b4,0,balance,19999037
polygon-zkevm:0x03af9714392c13838f9ae054329e042fc00c56b4:SMT_KEY:1,0x03af9714392c13838f9ae054329e042fc00c56b4,1,nonce,19999037
polygon-zkevm:0x03af9714392c13838f9ae054329e042fc00c56b4:SMT_KEY:2,0x03af9714392c13838f9ae054329e042fc00c56b4,2,code_hash,19999037
polygon-zkevm:0x03af9714392c13838f9ae054329e042fc00c56b4:SMT_KEY:4,0x03af9714392c13838f9ae054329e042fc00c56b4,4,code_hash_length,19999037
polygon-zkevm:0x7c9d212145e18d8d673c16f765ac0989fdcc3160:SMT_KEY:0,0x7c9d212145e18d8d673c16f765ac0989fdcc3160,0,balance,19999037
polygon-zkevm:0x7c9d212145e18d8d673c16f765ac0989fdcc3160:SMT_KEY:1,0x7c9d212145e18d8d673c16f765ac0989fdcc3160,1,nonce,19999037
polygon-zkevm:0x7c9d212145e18d8d673c16f765ac0989fdcc3160:SMT_KEY:2,0x7c9d212145e18d8d673c16f765ac0989fdcc3160,2,code_hash,19999037
polygon-zkevm:0x7c9d212145e18d8d673c16f765ac0989fdcc3160:SMT_KEY:4,0x7c9d212145e18d8d673c16f765ac0989fdcc3160,4,code_hash_length,19999037
polygon-zkevm:0xe5e23462178f118daeb03da7db6a6ef8e9129bac:SMT_KEY:0,0xe5e23462178f118daeb03da7db6a6ef8e9129bac,0,balance,19999077
polygon-zkevm:0xe5e23462178f118daeb03da7db6a6ef8e9129bac:SMT_KEY:1,0xe5e23462178f118daeb03da7db6a6ef8e9129bac,1,nonce,19999077
polygon-zkevm:0xe5e23462178f118daeb03da7db6a6ef8e9129bac:SMT_KEY:2,0xe5e23462178f118daeb03da7db6a6ef8e9129bac,2,code_hash,19999077
polygon-zkevm:0xe5e23462178f118daeb03da7db6a6ef8e9129bac:SMT_KEY:4,0xe5e23462178f118daeb03da7db6a6ef8e9129bac,4,code_hash_length,19999077
polygon-zkevm:0x41a758be83322819aea54a7984e6ebba836b08ac:SMT_KEY:0,0x41a758be83322819aea54a7984e6ebba836b08ac,0,balance,19999177
polygon-zkevm:0x41a758be83322819aea54a7984e6ebba836b08ac:SMT_KEY:1,0x41a758be83322819aea54a7984e6ebba836b08ac,1,nonce,19999177
polygon-zkevm:0x41a758be83322819aea54a7984e6ebba836b08ac:SMT_KEY:2,0x41a758be83322819aea54a7984e6ebba836b08ac,2,code_hash,19999177
polygon-zkevm:0x41a758be83322819aea54a7984e6ebba836b08ac:SMT_KEY:4,0x41a758be83322819aea54a7984e6ebba836b08ac,4,code_hash_length,19999177
polygon-zkevm:0x99091d202d547985df6abb7a3e055f932d7d2bb1:SMT_KEY:0,0x99091d202d547985df6abb7a3e055f932d7d2bb1,0,balance,19999187
polygon-zkevm:0x99091d202d547985df6abb7a3e055f932d7d2bb1:SMT_KEY:1,0x99091d202d547985df6abb7a3e055f932d7d2bb1,1,nonce,19999187
polygon-zkevm:0x99091d202d547985df6abb7a3e055f932d7d2bb1:SMT_KEY:2,0x99091d202d547985df6abb7a3e055f932d7d2bb1,2,code_hash,19999187
polygon-zkevm:0x99091d202d547985df6abb7a3e055f932d7d2bb1:SMT_KEY:4,0x99091d202d547985df6abb7a3e055f932d7d2bb1,4,code_hash_length,19999187
polygon-zkevm:0x2fcbe79d7682d0b2d1d193c80e1cd9155586b146:SMT_KEY:0,0x2fcbe79d7682d0b2d1d193c80e1cd9155586b146,0,balance,19999197
polygon-zkevm:0x2fcbe79d7682d0b2d1d193c80e1cd9155586b146:SMT_KEY:1,0x2fcbe79d7682d0b2d1d193c80e1cd9155586b146,1,nonce,19999197
polygon-zkevm:0x2fcbe79d7682d0b2d1d193c80e1cd9155586b146:SMT_KEY:2,0x2fcbe79d7682d0b2d1d193c80e1cd9155586b146,2,code_hash,19999197
polygon-zkevm:0x2fcbe79d7682d0b2d1d193c80e1cd9155586b146:SMT_KEY:4,0x2fcbe79d7682d0b2d1d193c80e1cd9155586b146,4,code_hash_length,19999197
polygon-zkevm:0x07ca54b301deca9c8bc9af4e4cd6a87531018031:SMT_KEY:0,0x07ca54b301deca9c8bc9af4e4cd6a87531018031,0,balance,19999227
polygon-zkevm:0x07ca54b301deca9c8bc9af4e4cd6a87531018031:SMT_KEY:1,0x07ca54b301deca9c8bc9af4e4cd6a87531018031,1,nonce,19999227
polygon-zkevm:0x07ca54b301deca9c8bc9af4e4cd6a87531018031:SMT_KEY:2,0x07ca54b301deca9c8bc9af4e4cd6a87531018031,2,code_hash,19999227
polygon-zkevm:0x07ca54b301deca9c8bc9af4e4cd6a87531018031:SMT_KEY:4,0x07ca54b301deca9c8bc9af4e4cd6a87531018031,4,code_hash_length,19999227
polygon-zkevm:0xb3314456567986e657d4c65ec9e8cb736b92d11d:SMT_KEY:0,0xb3314456567986e657d4c65ec9e8cb736b92d11d,0,balance,19999227
polygon-zkevm:0xb3314456567986e657d4c65ec9e8cb736b92d11d:SMT_KEY:1,0xb3314456567986e657d4c65ec9e8cb736b92d11d,1,nonce,19999227
polygon-zkevm:0xb3314456567986e657d4c65ec9e8cb736b92d11d:SMT_KEY:2,0xb3314456567986e657d4c65ec9e8cb736b92d11d,2,code_hash,19999227
polygon-zkevm:0xb3314456567986e657d4c65ec9e8cb736b92d11d:SMT_KEY:4,0xb3314456567986e657d4c65ec9e8cb736b92d11d,4,code_hash_length,19999227
polygon-zkevm:0x4879fc54ba5a3749bcbc0f95b6915d5076011a41:SMT_KEY:0,0x4879fc54ba5a3749bcbc0f95b6915d5076011a41,0,balance,19999307
polygon-zkevm:0x4879fc54ba5a3749bcbc0f95b6915d5076011a41:SMT_KEY:1,0x4879fc54ba5a3749bcbc0f95b6915d5076011a41,1,nonce,19999307
polygon-zkevm:0x4879fc54ba5a3749bcbc0f95b6915d5076011a41:SMT_KEY:2,0x4879fc54ba5a3749bcbc0f95b6915d5076011a41,2,code_hash,19999307
polygon-zkevm:0x4879fc54ba5a3749bcbc0f95b6915d5076011a41:SMT_KEY:4,0x4879fc54ba5a3749bcbc0f95b6915d5076011a41,4,code_hash_length,19999307
polygon-zkevm:0x82f40b79822d3f8e5ee7038b38174103355efe30:SMT_KEY:0,0x82f40b79822d3f8e5ee7038b38174103355efe30,0,balance,19999307
polygon-zkevm:0x82f40b79822d3f8e5ee7038b38174103355efe30:SMT_KEY:1,0x82f40b79822d3f8e5ee7038b38174103355efe30,1,nonce,19999307
polygon-zkevm:0x82f40b79822d3f8e5ee7038b38174103355efe30:SMT_KEY:2,0x82f40b79822d3f8e5ee7038b38174103355efe30,2,code_hash,19999307
polygon-zkevm:0x82f40b79822d3f8e5ee7038b38174103355efe30:SMT_KEY:4,0x82f40b79822d3f8e5ee7038b38174103355efe30,4,code_hash_length,19999307
polygon-zkevm:0xd1857cc2c032e5db7eac210144738372d6bc6d77:SMT_KEY:0,0xd1857cc2c032e5db7eac210144738372d6bc6d77,0,balance,19999307
polygon-zkevm:0xd1857cc2c032e5db7eac210144738372d6bc6d77:SMT_KEY:1,0xd1857cc2c032e5db7eac210144738372d6bc6d77,1,nonce,19999307
polygon-zkevm:0xd1857cc2c032e5db7eac210144738372d6bc6d77:SMT_KEY:2,0xd1857cc2c032e5db7eac210144738372d6bc6d77,2,code_hash,19999307
polygon-zkevm:0xd1857cc2c032e5db7eac210144738372d6bc6d77:SMT_KEY:4,0xd1857cc2c032e5db7eac210144738372d6bc6d77,4,code_hash_length,19999307
polygon-zkevm:0x32860bda7bddaaff2cbce5a2dd89f60e36ca4a19:SMT_KEY:0,0x32860bda7bddaaff2cbce5a2dd89f60e36ca4a19,0,balance,19999407
polygon-zkevm:0x32860bda7bddaaff2cbce5a2dd89f60e36ca4a19:SMT_KEY:1,0x32860bda7bddaaff2cbce5a2dd89f60e36ca4a19,1,nonce,19999407
polygon-zkevm:0x32860bda7bddaaff2cbce5a2dd89f60e36ca4a19:SMT_KEY:2,0x32860bda7bddaaff2cbce5a2dd89f60e36ca4a19,2,code_hash,19999407
polygon-zkevm:0x32860bda7bddaaff2cbce5a2dd89f60e36ca4a19:SMT_KEY:4,0x32860bda7bddaaff2cbce5a2dd89f60e36ca4a19,4,code_hash_length,19999407
polygon-zkevm:0xfe93bc054ba22381334baad78ee78c9096eacc86:SMT_KEY:0,0xfe93bc054ba22381334baad78ee78c9096eacc86,0,balance,19999457
polygon-zkevm:0xfe93bc054ba22381334baad78ee78c9096eacc86:SMT_KEY:1,0xfe93bc054ba22381334baad78ee78c9096eacc86,1,nonce,19999457
polygon-zkevm:0xfe93bc054ba22381334baad78ee78c9096eacc86:SMT_KEY:2,0xfe93bc054ba22381334baad78ee78c9096eacc86,2,code_hash,19999457
polygon-zkevm:0xfe93bc054ba22381334baad78ee78c9096eacc86:SMT_KEY:4,0xfe93bc054ba22381334baad78ee78c9096eacc86,4,code_hash_length,19999457
polygon-zkevm:0x799854c1b15ce300eeb1c88d0dd40d33bf9ccc31:SMT_KEY:0,0x799854c1b15ce300eeb1c88d0dd40d33bf9ccc31,0,balance,19999497
polygon-zkevm:0x799854c1b15ce300eeb1c88d0dd40d33bf9ccc31:SMT_KEY:1,0x799854c1b15ce300eeb1c88d0dd40d33bf9ccc31,1,nonce,19999497
polygon-zkevm:0x799854c1b15ce300eeb1c88d0dd40d33bf9ccc31:SMT_KEY:2,0x799854c1b15ce300eeb1c88d0dd40d33bf9ccc31,2,code_hash,19999497
polygon-zkevm:0x799854c1b15ce300eeb1c88d0dd40d33bf9ccc31:SMT_KEY:4,0x799854c1b15ce300eeb1c88d0dd40d33bf9ccc31,4,code_hash_length,19999497
polygon-zkevm:0x1a903fe2f732f96baa7292a05f4121766dd7e07a:SMT_KEY:0,0x1a903fe2f732f96baa7292a05f4121766dd7e07a,0,balance,19999507
polygon-zkevm:0x1a903fe2f732f96baa7292a05f4121766dd7e07a:SMT_KEY:1,0x1a903fe2f732f96baa7292a05f4121766dd7e07a,1,nonce,19999507
polygon-zkevm:0x1a903fe2f732f96baa7292a05f4121766dd7e07a:SMT_KEY:2,0x1a903fe2f732f96baa7292a05f4121766dd7e07a,2,code_hash,19999507
polygon-zkevm:0x1a903fe2f732f96baa7292a05f4121766dd7e07a:SMT_KEY:4,0x1a903fe2f732f96baa7292a05f4121766dd7e07a,4,code_hash_length,19999507
polygon-zkevm:0x2f7e95ab5ac03697f55b8769929257b25e5c92a2:SMT_KEY:0,0x2f7e95ab5ac03697f55b8769929257b25e5c92a2,0,balance,19999597
polygon-zkevm:0x2f7e95ab5ac03697f55b8769929257b25e5c92a2:SMT_KEY:1,0x2f7e95ab5ac03697f55b8769929257b25e5c92a2,1,nonce,19999597
polygon-zkevm:0x2f7e95ab5ac03697f55b8769929257b25e5c92a2:SMT_KEY:2,0x2f7e95ab5ac03697f55b8769929257b25e5c92a2,2,code_hash,19999597
polygon-zkevm:0x2f7e95ab5ac03697f55b8769929257b25e5c92a2:SMT_KEY:4,0x2f7e95ab5ac03697f55b8769929257b25e5c92a2,4,code_hash_length,19999597
polygon-zkevm:0x39a15124c762445759051ff18731d4d4eb32da58:SMT_KEY:0,0x39a15124c762445759051ff18731d4d4eb32da58,0,balance,19999627
polygon-zkevm:0x39a15124c762445759051ff18731d4d4eb32da58:SMT_KEY:1,0x39a15124c762445759051ff18731d4d4eb32da58,1,nonce,19999627
polygon-zkevm:0x39a15124c762445759051ff18731d4d4eb32da58:SMT_KEY:2,0x39a15124c762445759051ff18731d4d4eb32da58,2,code_hash,19999627
polygon-zkevm:0x39a15124c762445759051ff18731d4d4eb32da58:SMT_KEY:4,0x39a15124c762445759051ff18731d4d4eb32da58,4,code_hash_length,19999627
polygon-zkevm:0x669357779a9d90f30a2676b7a1767a5e0ae5cd3f:SMT_KEY:0,0x669357779a9d90f30a2676b7a1767a5e0ae5cd3f,0,balance,19999637
polygon-zkevm:0x669357779a9d90f30a2676b7a1767a5e0ae5cd3f:SMT_KEY:1,0x669357779a9d90f30a2676b7a1767a5e0ae5cd3f,1,nonce,19999637
polygon-zkevm:0x669357779a9d90f30a2676b7a1767a5e0ae5cd3f:SMT_KEY:2,0x669357779a9d90f30a2676b7a1767a5e0ae5cd3f,2,code_hash,19999637
polygon-zkevm:0x669357779a9d90f30a2676b7a1767a5e0ae5cd3f:SMT_KEY:4,0x669357779a9d90f30a2676b7a1767a5e0ae5cd3f,4,code_hash_length,19999637
polygon-zkevm:0x2798c35977e54106d12a74409b5950b0c4951824:SMT_KEY:0,0x2798c35977e54106d12a74409b5950b0c4951824,0,balance,19999657
polygon-zkevm:0x2798c35977e54106d12a74409b5950b0c4951824:SMT_KEY:1,0x2798c35977e54106d12a74409b5950b0c4951824,1,nonce,19999657
polygon-zkevm:0x2798c35977e54106d12a74409b5950b0c4951824:SMT_KEY:2,0x2798c35977e54106d12a74409b5950b0c4951824,2,code_hash,19999657
polygon-zkevm:0x2798c35977e54106d12a74409b5950b0c4951824:SMT_KEY:4,0x2798c35977e54106d12a74409b5950b0c4951824,4,code_hash_length,19999657
polygon-zkevm:0x761622bfbef37d6d1536d8b2505d84714a5c7f97:SMT_KEY:0,0x761622bfbef37d6d1536d8b2505d84714a5c7f97,0,balance,19999667
polygon-zkevm:0x761622bfbef37d6d1536d8b2505d84714a5c7f97:SMT_KEY:1,0x761622bfbef37d6d1536d8b2505d84714a5c7f97,1,nonce,19999667
polygon-zkevm:0x761622bfbef37d6d1536d8b2505d84714a5c7f97:SMT_KEY:2,0x761622bfbef37d6d1536d8b2505d84714a5c7f97,2,code_hash,19999667
polygon-zkevm:0x761622bfbef37d6d1536d8b2505d84714a5c7f97:SMT_KEY:4,0x761622bfbef37d6d1536d8b2505d84714a5c7f97,4,code_hash_length,19999667
polygon-zkevm:0x2e8fd6e454e913ad25a924592a550f5a62681efe:SMT_KEY:0,0x2e8fd6e454e913ad25a924592a550f5a62681efe,0,balance,19999767
polygon-zkevm:0x2e8fd6e454e913ad25a924592a550f5a62681efe:SMT_KEY:1,0x2e8fd6e454e913ad25a924592a550f5a62681efe,1,nonce,19999767
polygon-zkevm:0x2e8fd6e454e913ad25a924592a550f5a62681efe:SMT_KEY:2,0x2e8fd6e454e913ad25a924592a550f5a62681efe,2,code_hash,19999767
polygon-zkevm:0x2e8fd6e454e913ad25a924592a550f5a62681efe:SMT_KEY:4,0x2e8fd6e454e913ad25a924592a550f5a62681efe,4,code_hash_length,19999767
polygon-zkevm:0xe8ced5c467f880837c7fa3f2f05cb99403e6ccee:SMT_KEY:0,0xe8ced5c467f880837c7fa3f2f05cb99403e6ccee,0,balance,19999767
polygon-zkevm:0xe8ced5c467f880837c7fa3f2f05cb99403e6ccee:SMT_KEY:1,0xe8ced5c467f880837c7fa3f2f05cb99403e6ccee,1,nonce,19999767
polygon-zkevm:0xe8ced5c467f880837c7fa3f2f05cb99403e6ccee:SMT_KEY:2,0xe8ced5c467f880837c7fa3f2f05cb99403e6ccee,2,code_hash,19999767
polygon-zkevm:0xe8ced5c467f880837c7fa3f2f05cb99403e6ccee:SMT_KEY:4,0xe8ced5c467f880837c7fa3f2f05cb99403e6ccee,4,code_hash_length,19999767
polygon-zkevm:0xea53253b91867ed414f1f8a0f086244b852d9707:SMT_KEY:0,0xea53253b91867ed414f1f8a0f086244b852d9707,0,balance,19999767
polygon-zkevm:0xea53253b91867ed414f1f8a0f086244b852d9707:SMT_KEY:1,0xea53253b91867ed414f1f8a0f086244b852d9707,1,nonce,19999767
polygon-zkevm:0xea53253b91867ed414f1f8a0f086244b852d9707:SMT_KEY:2,0xea53253b91867ed414f1f8a0f086244b852d9707,2,code_hash,19999767
polygon-zkevm:0xea53253b91867ed414f1f8a0f086244b852d9707:SMT_KEY:4,0xea53253b91867ed414f1f8a0f086244b852d9707,4,code_hash_length,19999767
polygon-zkevm:0x8bc0aee1276dd867a92fad7affa7af252569ecae:SMT_KEY:0,0x8bc0aee1276dd867a92fad7affa7af252569ecae,0,balance,19999827
polygon-zkevm:0x8bc0aee1276dd867a92fad7affa7af252569ecae:SMT_KEY:1,0x8bc0aee1276dd867a92fad7affa7af252569ecae,1,nonce,19999827
polygon-zkevm:0x8bc0aee1276dd867a92fad7affa7af252569ecae:SMT_KEY:2,0x8bc0aee1276dd867a92fad7affa7af252569ecae,2,code_hash,19999827
polygon-zkevm:0x8bc0aee1276dd867a92fad7affa7af252569ecae:SMT_KEY:4,0x8bc0aee1276dd867a92fad7affa7af252569ecae,4,code_hash_length,19999827
polygon-zkevm:0xe05b539447b17630cb087473f6b50e5c5f73fdeb:SMT_KEY:0,0xe05b539447b17630cb087473f6b50e5c5f73fdeb,0,balance,19999827
polygon-zkevm:0xe05b539447b17630cb087473f6b50e5c5f73fdeb:SMT_KEY:1,0xe05b539447b17630cb087473f6b50e5c5f73fdeb,1,nonce,19999827
polygon-zkevm:0xe05b539447b17630cb087473f6b50e5c5f73fdeb:SMT_KEY:2,0xe05b539447b17630cb087473f6b50e5c5f73fdeb,2,code_hash,19999827
polygon-zkevm:0xe05b539447b17630cb087473f6b50e5c5f73fdeb:SMT_KEY:4,0xe05b539447b17630cb087473f6b50e5c5f73fdeb,4,code_hash_length,19999827
polygon-zkevm:0x6e0281917d87ab3c236c1163025514cebe5da662:SMT_KEY:0,0x6e0281917d87ab3c236c1163025514cebe5da662,0,balance,20000007
polygon-zkevm:0x6e0281917d87ab3c236c1163025514cebe5da662:SMT_KEY:1,0x6e0281917d87ab3c236c1163025514cebe5da662,1,nonce,20000007
polygon-zkevm:0x6e0281917d87ab3c236c1163025514cebe5da662:SMT_KEY:2,0x6e0281917d87ab3c236c1163025514cebe5da662,2,code_hash,20000007
polygon-zkevm:0x6e0281917d87ab3c236c1163025514cebe5da662:SMT_KEY:4,0x6e0281917d87ab3c236c1163025514cebe5da662,4,code_hash_length,20000007
polygon-zkevm:0x71db520d035d9b7bde8b85830a6f25703485a94f:SMT_KEY:0,0x71db520d035d9b7bde8b85830a6f25703485a94f,0,balance,20000007
polygon-zkevm:0x71db520d035d9b7bde8b85830a6f25703485a94f:SMT_KEY:1,0x71db520d035d9b7bde8b85830a6f25703485a94f,1,nonce,20000007
polygon-zkevm:0x71db520d035d9b7bde8b85830a6f25703485a94f:SMT_KEY:2,0x71db520d035d9b7bde8b85830a6f25703485a94f,2,code_hash,20000007
polygon-zkevm:0x71db520d035d9b7bde8b85830a6f25703485a94f:SMT_KEY:4,0x71db520d035d9b7bde8b85830a6f25703485a94f,4,code_hash_length,20000007
polygon-zkevm:0xcbcd3e618612611a2ff7c7f984bd07449f8ba2f9:SMT_KEY:0,0xcbcd3e618612611a2ff7c7f984bd07449f8ba2f9,0,balance,20000057
polygon-zkevm:0xcbcd3e618612611a2ff7c7f984bd07449f8ba2f9:SMT_KEY:1,0xcbcd3e618612611a2ff7c7f984bd07449f8ba2f9,1,nonce,20000057
polygon-zkevm:0xcbcd3e618612611a2ff7c7f984bd07449f8ba2f9:SMT_KEY:2,0xcbcd3e618612611a2ff7c7f984bd07449f8ba2f9,2,code_hash,20000057
polygon-zkevm:0xcbcd3e618612611a2ff7c7f984bd07449f8ba2f9:SMT_KEY:4,0xcbcd3e618612611a2ff7c7f984bd07449f8ba2f9,4,code_hash_length,20000057
polygon-zkevm:0xa83fed4cde61f3646d62dfebfd1583918df47eeb:SMT_KEY:0,0xa83fed4cde61f3646d62dfebfd1583918df47eeb,0,balance,20000137
polygon-zkevm:0xa83fed4cde61f3646d62dfebfd1583918df47eeb:SMT_KEY:1,0xa83fed4cde61f3646d62dfebfd1583918df47eeb,1,nonce,20000137
polygon-zkevm:0xa83fed4cde61f3646d62dfebfd1583918df47eeb:SMT_KEY:2,0xa83fed4cde61f3646d62dfebfd1583918df47eeb,2,code_hash,20000137
polygon-zkevm:0xa83fed4cde61f3646d62dfebfd1583918df47eeb:SMT_KEY:4,0xa83fed4cde61f3646d62dfebfd1583918df47eeb,4,code_hash_length,20000137
polygon-zkevm:0x56aa405fde1147d4af4e3ea1d1d28f5d0b8d83c2:SMT_KEY:0,0x56aa405fde1147d4af4e3ea1d1d28f5d0b8d83c2,0,balance,20000167
polygon-zkevm:0x56aa405fde1147d4af4e3ea1d1d28f5d0b8d83c2:SMT_KEY:1,0x56aa405fde1147d4af4e3ea1d1d28f5d0b8d83c2,1,nonce,20000167
polygon-zkevm:0x56aa405fde1147d4af4e3ea1d1d28f5d0b8d83c2:SMT_KEY:2,0x56aa405fde1147d4af4e3ea1d1d28f5d0b8d83c2,2,code_hash,20000167
polygon-zkevm:0x56aa405fde1147d4af4e3ea1d1d28f5d0b8d83c2:SMT_KEY:4,0x56aa405fde1147d4af4e3ea1d1d28f5d0b8d83c2,4,code_hash_length,20000167
polygon-zkevm:0x581b26f362ad383f7b51ef8a165efa13dde398a4:SMT_KEY:0,0x581b26f362ad383f7b51ef8a165efa13dde398a4,0,balance,20000197
polygon-zkevm:0x581b26f362ad383f7b51ef8a165efa13dde398a4:SMT_KEY:1,0x581b26f362ad383f7b51ef8a165efa13dde398a4,1,nonce,20000197
polygon-zkevm:0x581b26f362ad383f7b51ef8a165efa13dde398a4:SMT_KEY:2,0x581b26f362ad383f7b51ef8a165efa13dde398a4,2,code_hash,20000197
polygon-zkevm:0x581b26f362ad383f7b51ef8a165efa13dde398a4:SMT_KEY:4,0x581b26f362ad383f7b51ef8a165efa13dde398a4,4,code_hash_length,20000197
polygon-zkevm:0x5d8e1ed597e7cadad0c60b1ef003556a03e4b13e:SMT_KEY:0,0x5d8e1ed597e7cadad0c60b1ef003556a03e4b13e,0,balance,20000207
polygon-zkevm:0x5d8e1ed597e7cadad0c60b1ef003556a03e4b13e:SMT_KEY:1,0x5d8e1ed597e7cadad0c60b1ef003556a03e4b13e,1,nonce,20000207
polygon-zkevm:0x5d8e1ed597e7cadad0c60b1ef003556a03e4b13e:SMT_KEY:2,0x5d8e1ed597e7cadad0c60b1ef003556a03e4b13e,2,code_hash,20000207
polygon-zkevm:0x5d8e1ed597e7cadad0c60b1ef003556a03e4b13e:SMT_KEY:4,0x5d8e1ed597e7cadad0c60b1ef003556a03e4b13e,4,code_hash_length,20000207
polygon-zkevm:0x7585c053a047630d1069e78722d23eb2606d07de:SMT_KEY:0,0x7585c053a047630d1069e78722d23eb2606d07de,0,balance,20000257
polygon-zkevm:0x7585c053a047630d1069e78722d23eb2606d07de:SMT_KEY:1,0x7585c053a047630d1069e78722d23eb2606d07de,1,nonce,20000257
polygon-zkevm:0x7585c053a047630d1069e78722d23eb2606d07de:SMT_KEY:2,0x7585c053a047630d1069e78722d23eb2606d07de,2,code_hash,20000257
polygon-zkevm:0x7585c053a047630d1069e78722d23eb2606d07de:SMT_KEY:4,0x7585c053a047630d1069e78722d23eb2606d07de,4,code_hash_length,20000257
polygon-zkevm:0x11c6e839e42fd821cef544d849a5f44e7cfc95db:SMT_KEY:0,0x11c6e839e42fd821cef544d849a5f44e7cfc95db,0,balance,20000327
polygon-zkevm:0x11c6e839e42fd821cef544d849a5f44e7cfc95db:SMT_KEY:1,0x11c6e839e42fd821cef544d849a5f44e7cfc95db,1,nonce,20000327
polygon-zkevm:0x11c6e839e42fd821cef544d849a5f44e7cfc95db:SMT_KEY:2,0x11c6e839e42fd821cef544d849a5f44e7cfc95db,2,code_hash,20000327
polygon-zkevm:0x11c6e839e42fd821cef544d849a5f44e7cfc95db:SMT_KEY:4,0x11c6e839e42fd821cef544d849a5f44e7cfc95db,4,code_hash_length,20000327
polygon-zkevm:0x417b4adc279743fc49f047c323fc668db9e600d8:SMT_KEY:0,0x417b4adc279743fc49f047c323fc668db9e600d8,0,balance,20000337
polygon-zkevm:0x417b4adc279743fc49f047c323fc668db9e600d8:SMT_KEY:1,0x417b4adc279743fc49f047c323fc668db9e600d8,1,nonce,20000337
polygon-zkevm:0x417b4adc279743fc49f047c323fc668db9e600d8:SMT_KEY:2,0x417b4adc279743fc49f047c323fc668db9e600d8,2,code_hash,20000337
polygon-zkevm:0x417b4adc279743fc49f047c323fc668db9e600d8:SMT_KEY:4,0x417b4adc279743fc49f047c323fc668db9e600d8,4,code_hash_length,20000337
polygon-zkevm:0xf9d64d54d32ee2bdceaabfa60c4c438e224427d0:SMT_KEY:0,0xf9d64d54d32ee2bdceaabfa60c4c438e224427d0,0,balance,20000337
polygon-zkevm:0xf9d64d54d32ee2bdceaabfa60c4c438e224427d0:SMT_KEY:1,0xf9d64d54d32ee2bdceaabfa60c4c438e224427d0,1,nonce,20000337
polygon-zkevm:0xf9d64d54d32ee2bdceaabfa60c4c438e224427d0:SMT_KEY:2,0xf9d64d54d32ee2bdceaabfa60c4c438e224427d0,2,code_hash,20000337
polygon-zkevm:0xf9d64d54d32ee2bdceaabfa60c4c438e224427d0:SMT_KEY:4,0xf9d64d54d32ee2bdceaabfa60c4c438e224427d0,4,code_hash_length,20000337
polygon-zkevm:0x82dfa6f13548b5909acbb7af91e85dd8890a784c:SMT_KEY:0,0x82dfa6f13548b5909acbb7af91e85dd8890a784c,0,balance,20000457
polygon-zkevm:0x82dfa6f13548b5909acbb7af91e85dd8890a784c:SMT_KEY:1,0x82dfa6f13548b5909acbb7af91e85dd8890a784c,1,nonce,20000457
polygon-zkevm:0x82dfa6f13548b5909acbb7af91e85dd8890a784c:SMT_KEY:2,0x82dfa6f13548b5909acbb7af91e85dd8890a784c,2,code_hash,20000457
polygon-zkevm:0x82dfa6f13548b5909acbb7af91e85dd8890a784c:SMT_KEY:4,0x82dfa6f13548b5909acbb7af91e85dd8890a784c,4,code_hash_length,20000457
polygon-zkevm:0xcf6030b2bfb39bb51f70bf666581483b36ee0113:SMT_KEY:0,0xcf6030b2bfb39bb51f70bf666581483b36ee0113,0,balance,20000457
polygon-zkevm:0xcf6030b2bfb39bb51f70bf666581483b36ee0113:SMT_KEY:1,0xcf6030b2bfb39bb51f70bf666581483b36ee0113,1,nonce,20000457
polygon-zkevm:0xcf6030b2bfb39bb51f70bf666581483b36ee0113:SMT_KEY:2,0xcf6030b2bfb39bb51f70bf666581483b36ee0113,2,code_hash,20000457
polygon-zkevm:0xcf6030b2bfb39bb51f70bf666581483b36ee0113:SMT_KEY:4,0xcf6030b2bfb39bb51f70bf666581483b36ee0113,4,code_hash_length,20000457
polygon-zkevm:0x8cfe327cec66d1c090dd72bd0ff11d690c33a2eb:SMT_KEY:0,0x8cfe327cec66d1c090dd72bd0ff11d690c33a2eb,0,balance,20000467
polygon-zkevm:0x8cfe327cec66d1c090dd72bd0ff11d690c33a2eb:SMT_KEY:1,0x8cfe327cec66d1c090dd72bd0ff11d690c33a2eb,1,nonce,20000467
polygon-zkevm:0x8cfe327cec66d1c090dd72bd0ff11d690c33a2eb:SMT_KEY:2,0x8cfe327cec66d1c090dd72bd0ff11d690c33a2eb,2,code_hash,20000467
polygon-zkevm:0x8cfe327cec66d1c090dd72bd0ff11d690c33a2eb:SMT_KEY:4,0x8cfe327cec66d1c090dd72bd0ff11d690c33a2eb,4,code_hash_length,20000467
polygon-zkevm:0x2a0e6327285902338fe28433e19c81fb1b6cb941:SMT_KEY:0,0x2a0e6327285902338fe28433e19c81fb1b6cb941,0,balance,20000507
polygon-zkevm:0x2a0e6327285902338fe28433e19c81fb1b6cb941:SMT_KEY:1,0x2a0e6327285902338fe28433e19c81fb1b6cb941,1,nonce,20000507
polygon-zkevm:0x2a0e6327285902338fe28433e19c81fb1b6cb941:SMT_KEY:2,0x2a0e6327285902338fe28433e19c81fb1b6cb941,2,code_hash,20000507
polygon-zkevm:0x2a0e6327285902338fe28433e19c81fb1b6cb941:SMT_KEY:4,0x2a0e6327285902338fe28433e19c81fb1b6cb941,4,code_hash_length,20000507
polygon-zkevm:0x3348053b13e22b2717c742cd4a60f5040564a530:SMT_KEY:0,0x3348053b13e22b2717c742cd4a60f5040564a530,0,balance,20000527
polygon-zkevm:0x3348053b13e22b2717c742cd4a60f5040564a530:SMT_KEY:1,0x3348053b13e22b2717c742cd4a60f5040564a530,1,nonce,20000527
polygon-zkevm:0x3348053b13e22b2717c742cd4a60f5040564a530:SMT_KEY:2,0x3348053b13e22b2717c742cd4a60f5040564a530,2,code_hash,20000527
polygon-zkevm:0x3348053b13e22b2717c742cd4a60f5040564a530:SMT_KEY:4,0x3348053b13e22b2717c742cd4a60f5040564a530,4,code_hash_length,20000527
polygon-zkevm:0x8c48afc5570be1f73b094461e3e31719321ece60:SMT_KEY:0,0x8c48afc5570be1f73b094461e3e31719321ece60,0,balance,20000527
polygon-zkevm:0x8c48afc5570be1f73b094461e3e31719321ece60:SMT_KEY:1,0x8c48afc5570be1f73b094461e3e31719321ece60,1,nonce,20000527
polygon-zkevm:0x8c48afc5570be1f73b094461e3e31719321ece60:SMT_KEY:2,0x8c48afc5570be1f73b094461e3e31719321ece60,2,code_hash,20000527
polygon-zkevm:0x8c48afc5570be1f73b094461e3e31719321ece60:SMT_KEY:4,0x8c48afc5570be1f73b094461e3e31719321ece60,4,code_hash_length,20000527
polygon-zkevm:0xbc4f22d7bccc2c3b928c6b85f4021cac3a47963f:SMT_KEY:0,0xbc4f22d7bccc2c3b928c6b85f4021cac3a47963f,0,balance,20000557
polygon-zkevm:0xbc4f22d7bccc2c3b928c6b85f4021cac3a47963f:SMT_KEY:1,0xbc4f22d7bccc2c3b928c6b85f4021cac3a47963f,1,nonce,20000557
polygon-zkevm:0xbc4f22d7bccc2c3b928c6b85f4021cac3a47963f:SMT_KEY:2,0xbc4f22d7bccc2c3b928c6b85f4021cac3a47963f,2,code_hash,20000557
polygon-zkevm:0xbc4f22d7bccc2c3b928c6b85f4021cac3a47963f:SMT_KEY:4,0xbc4f22d7bccc2c3b928c6b85f4021cac3a47963f,4,code_hash_length,20000557
polygon-zkevm:0x23285d3cb061b44aa5605194257898c2d2e36dcd:SMT_KEY:0,0x23285d3cb061b44aa5605194257898c2d2e36dcd,0,balance,20000567
polygon-zkevm:0x23285d3cb061b44aa5605194257898c2d2e36dcd:SMT_KEY:1,0x23285d3cb061b44aa5605194257898c2d2e36dcd,1,nonce,20000567
polygon-zkevm:0x23285d3cb061b44aa5605194257898c2d2e36dcd:SMT_KEY:2,0x23285d3cb061b44aa5605194257898c2d2e36dcd,2,code_hash,20000567
polygon-zkevm:0x23285d3cb061b44aa5605194257898c2d2e36dcd:SMT_KEY:4,0x23285d3cb061b44aa5605194257898c2d2e36dcd,4,code_hash_length,20000567
polygon-zkevm:0xa61c8e0a5508dcb6de2a653fbd8aaa9cbaafaedf:SMT_KEY:0,0xa61c8e0a5508dcb6de2a653fbd8aaa9cbaafaedf,0,balance,20000597
polygon-zkevm:0xa61c8e0a5508dcb6de2a653fbd8aaa9cbaafaedf:SMT_KEY:1,0xa61c8e0a5508dcb6de2a653fbd8aaa9cbaafaedf,1,nonce,20000597
polygon-zkevm:0xa61c8e0a5508dcb6de2a653fbd8aaa9cbaafaedf:SMT_KEY:2,0xa61c8e0a5508dcb6de2a653fbd8aaa9cbaafaedf,2,code_hash,20000597
polygon-zkevm:0xa61c8e0a5508dcb6de2a653fbd8aaa9cbaafaedf:SMT_KEY:4,0xa61c8e0a5508dcb6de2a653fbd8aaa9cbaafaedf,4,code_hash_length,20000597
polygon-zkevm:0xac6e453b964714200f353d2b435df5bfd2393d71:SMT_KEY:0,0xac6e453b964714200f353d2b435df5bfd2393d71,0,balance,20000617
polygon-zkevm:0xac6e453b964714200f353d2b435df5bfd2393d71:SMT_KEY:1,0xac6e453b964714200f353d2b435df5bfd2393d71,1,nonce,20000617
polygon-zkevm:0xac6e453b964714200f353d2b435df5bfd2393d71:SMT_KEY:2,0xac6e453b964714200f353d2b435df5bfd2393d71,2,code_hash,20000617
polygon-zkevm:0xac6e453b964714200f353d2b435df5bfd2393d71:SMT_KEY:4,0xac6e453b964714200f353d2b435df5bfd2393d71,4,code_hash_length,20000617
polygon-zkevm:0xa2c010585cac9d01e0ef75610c9b4b4f84d6ce4f:SMT_KEY:0,0xa2c010585cac9d01e0ef75610c9b4b4f84d6ce4f,0,balance,20000627
polygon-zkevm:0xa2c010585cac9d01e0ef75610c9b4b4f84d6ce4f:SMT_KEY:1,0xa2c010585cac9d01e0ef75610c9b4b4f84d6ce4f,1,nonce,20000627
polygon-zkevm:0xa2c010585cac9d01e0ef75610c9b4b4f84d6ce4f:SMT_KEY:2,0xa2c010585cac9d01e0ef75610c9b4b4f84d6ce4f,2,code_hash,20000627
polygon-zkevm:0xa2c010585cac9d01e0ef75610c9b4b4f84d6ce4f:SMT_KEY:4,0xa2c010585cac9d01e0ef75610c9b4b4f84d6ce4f,4,code_hash_length,20000627
polygon-zkevm:0x1d359fd082be63e382fd4804d2cbcfc13edfc4de:SMT_KEY:0,0x1d359fd082be63e382fd4804d2cbcfc13edfc4de,0,balance,20000717
polygon-zkevm:0x1d359fd082be63e382fd4804d2cbcfc13edfc4de:SMT_KEY:1,0x1d359fd082be63e382fd4804d2cbcfc13edfc4de,1,nonce,20000717
polygon-zkevm:0x1d359fd082be63e382fd4804d2cbcfc13edfc4de:SMT_KEY:2,0x1d359fd082be63e382fd4804d2cbcfc13edfc4de,2,code_hash,20000717
polygon-zkevm:0x1d359fd082be63e382fd4804d2cbcfc13edfc4de:SMT_KEY:4,0x1d359fd082be63e382fd4804d2cbcfc13edfc4de,4,code_hash_length,20000717
polygon-zkevm:0x5aa025404989030227c8f43006bde890d066fb8d:SMT_KEY:0,0x5aa025404989030227c8f43006bde890d066fb8d,0,balance,20000727
polygon-zkevm:0x5aa025404989030227c8f43006bde890d066fb8d:SMT_KEY:1,0x5aa025404989030227c8f43006bde890d066fb8d,1,nonce,20000727
polygon-zkevm:0x5aa025404989030227c8f43006bde890d066fb8d:SMT_KEY:2,0x5aa025404989030227c8f43006bde890d066fb8d,2,code_hash,20000727
polygon-zkevm:0x5aa025404989030227c8f43006bde890d066fb8d:SMT_KEY:4,0x5aa025404989030227c8f43006bde890d066fb8d,4,code_hash_length,20000727
polygon-zkevm:0x8c826f795466e39acbff1bb4eeeb759609377ba1:SMT_KEY:0,0x8c826f795466e39acbff1bb4eeeb759609377ba1,0,balance,20000727
polygon-zkevm:0x8c826f795466e39acbff1bb4eeeb759609377ba1:SMT_KEY:1,0x8c826f795466e39acbff1bb4eeeb759609377ba1,1,nonce,20000727
polygon-zkevm:0x8c826f795466e39acbff1bb4eeeb759609377ba1:SMT_KEY:2,0x8c826f795466e39acbff1bb4eeeb759609377ba1,2,code_hash,20000727
polygon-zkevm:0x8c826f795466e39acbff1bb4eeeb759609377ba1:SMT_KEY:4,0x8c826f795466e39acbff1bb4eeeb759609377ba1,4,code_hash_length,20000727
polygon-zkevm:0x0f7bff52ebe7203f32ae39bc497d50e402480f59:SMT_KEY:0,0x0f7bff52ebe7203f32ae39bc497d50e402480f59,0,balance,20000797
polygon-zkevm:0x0f7bff52ebe7203f32ae39bc497d50e402480f59:SMT_KEY:1,0x0f7bff52ebe7203f32ae39bc497d50e402480f59,1,nonce,20000797
polygon-zkevm:0x0f7bff52ebe7203f32ae39bc497d50e402480f59:SMT_KEY:2,0x0f7bff52ebe7203f32ae39bc497d50e402480f59,2,code_hash,20000797
polygon-zkevm:0x0f7bff52ebe7203f32ae39bc497d50e402480f59:SMT_KEY:4,0x0f7bff52ebe7203f32ae39bc497d50e402480f59,4,code_hash_length,20000797
polygon-zkevm:0xef8f38fece5f66d0ca4cb7b094d047fc0f94f35b:SMT_KEY:0,0xef8f38fece5f66d0ca4cb7b094d047fc0f94f35b,0,balance,20000797
polygon-zkevm:0xef8f38fece5f66d0ca4cb7b094d047fc0f94f35b:SMT_KEY:1,0xef8f38fece5f66d0ca4cb7b094d047fc0f94f35b,1,nonce,20000797
polygon-zkevm:0xef8f38fece5f66d0ca4cb7b094d047fc0f94f35b:SMT_KEY:2,0xef8f38fece5f66d0ca4cb7b094d047fc0f94f35b,2,code_hash,20000797
polygon-zkevm:0xef8f38fece5f66d0ca4cb7b094d047fc0f94f35b:SMT_KEY:4,0xef8f38fece5f66d0ca4cb7b094d047fc0f94f35b,4,code_hash_length,20000797
polygon-zkevm:0x9b139d48ced583a58604d589d5bc96cc17f680a5:SMT_KEY:0,0x9b139d48ced583a58604d589d5bc96cc17f680a5,0,balance,20000807
polygon-zkevm:0x9b139d48ced583a58604d589d5bc96cc17f680a5:SMT_KEY:1,0x9b139d48ced583a58604d589d5bc96cc17f680a5,1,nonce,20000807
polygon-zkevm:0x9b139d48ced583a58604d589d5bc96cc17f680a5:SMT_KEY:2,0x9b139d48ced583a58604d589d5bc96cc17f680a5,2,code_hash,20000807
polygon-zkevm:0x9b139d48ced583a58604d589d5bc96cc17f680a5:SMT_KEY:4,0x9b139d48ced583a58604d589d5bc96cc17f680a5,4,code_hash_length,20000807
polygon-zkevm:0xf85679bda8a81eb8638af3fc27269c12f3ce8a9c:SMT_KEY:0,0xf85679bda8a81eb8638af3fc27269c12f3ce8a9c,0,balance,20000897
polygon-zkevm:0xf85679bda8a81eb8638af3fc27269c12f3ce8a9c:SMT_KEY:1,0xf85679bda8a81eb8638af3fc27269c12f3ce8a9c,1,nonce,20000897
polygon-zkevm:0xf85679bda8a81eb8638af3fc27269c12f3ce8a9c:SMT_KEY:2,0xf85679bda8a81eb8638af3fc27269c12f3ce8a9c,2,code_hash,20000897
polygon-zkevm:0xf85679bda8a81eb8638af3fc27269c12f3ce8a9c:SMT_KEY:4,0xf85679bda8a81eb8638af3fc27269c12f3ce8a9c,4,code_hash_length,20000897
polygon-zkevm:0x26cd8341d64ac46789e52ae02771f8ae47e6d68c:SMT_KEY:0,0x26cd8341d64ac46789e52ae02771f8ae47e6d68c,0,balance,20000907
polygon-zkevm:0x26cd8341d64ac46789e52ae02771f8ae47e6d68c:SMT_KEY:1,0x26cd8341d64ac46789e52ae02771f8ae47e6d68c,1,nonce,20000907
polygon-zkevm:0x26cd8341d64ac46789e52ae02771f8ae47e6d68c:SMT_KEY:2,0x26cd8341d64ac46789e52ae02771f8ae47e6d68c,2,code_hash,20000907
polygon-zkevm:0x26cd8341d64ac46789e52ae02771f8ae47e6d68c:SMT_KEY:4,0x26cd8341d64ac46789e52ae02771f8ae47e6d68c,4,code_hash_length,20000907
polygon-zkevm:0x6d288a0589fa8a060f2c36d245cdf767a5717060:SMT_KEY:0,0x6d288a0589fa8a060f2c36d245cdf767a5717060,0,balance,20000907
polygon-zkevm:0x6d288a0589fa8a060f2c36d245cdf767a5717060:SMT_KEY:1,0x6d288a0589fa8a060f2c36d245cdf767a5717060,1,nonce,20000907
polygon-zkevm:0x6d288a0589fa8a060f2c36d245cdf767a5717060:SMT_KEY:2,0x6d288a0589fa8a060f2c36d245cdf767a5717060,2,code_hash,20000907
polygon-zkevm:0x6d288a0589fa8a060f2c36d245cdf767a5717060:SMT_KEY:4,0x6d288a0589fa8a060f2c36d245cdf767a5717060,4,code_hash_length,20000907
polygon-zkevm:0xa0a3859a8e4cbf50ab916194d44a7525d2883de2:SMT_KEY:0,0xa0a3859a8e4cbf50ab916194d44a7525d2883de2,0,balance,20000907
polygon-zkevm:0xa0a3859a8e4cbf50ab916194d44a7525d2883de2:SMT_KEY:1,0xa0a3859a8e4cbf50ab916194d44a7525d2883de2,1,nonce,20000907
polygon-zkevm:0xa0a3859a8e4cbf50ab916194d44a7525d2883de2:SMT_KEY:2,0xa0a3859a8e4cbf50ab916194d44a7525d2883de2,2,code_hash,20000907
polygon-zkevm:0xa0a3859a8e4cbf50ab916194d44a7525d2883de2:SMT_KEY:4,0xa0a3859a8e4cbf50ab916194d44a7525d2883de2,4,code_hash_length,20000907
polygon-zkevm:0xe16eb767e92c7048bc720e45e5782be508fef38e:SMT_KEY:0,0xe16eb767e92c7048bc720e45e5782be508fef38e,0,balance,20000927
polygon-zkevm:0xe16eb767e92c7048bc720e45e5782be508fef38e:SMT_KEY:1,0xe16eb767e92c7048bc720e45e5782be508fef38e,1,nonce,20000927
polygon-zkevm:0xe16eb767e92c7048bc720e45e5782be508fef38e:SMT_KEY:2,0xe16eb767e92c7048bc720e45e5782be508fef38e,2,code_hash,20000927
polygon-zkevm:0xe16eb767e92c7048bc720e45e5782be508fef38e:SMT_KEY:4,0xe16eb767e92c7048bc720e45e5782be508fef38e,4,code_hash_length,20000927
polygon-zkevm:0xbca5b698f0349593c0f7ef8561e3288448b85eaf:SMT_KEY:0,0xbca5b698f0349593c0f7ef8561e3288448b85eaf,0,balance,20000957
polygon-zkevm:0xbca5b698f0349593c0f7ef8561e3288448b85eaf:SMT_KEY:1,0xbca5b698f0349593c0f7ef8561e3288448b85eaf,1,nonce,20000957
polygon-zkevm:0xbca5b698f0349593c0f7ef8561e3288448b85eaf:SMT_KEY:2,0xbca5b698f0349593c0f7ef8561e3288448b85eaf,2,code_hash,20000957
polygon-zkevm:0xbca5b698f0349593c0f7ef8561e3288448b85eaf:SMT_KEY:4,0xbca5b698f0349593c0f7ef8561e3288448b85eaf,4,code_hash_length,20000957
polygon-zkevm:0xd87a757941408994772d2f9b3cb0c0e796e61e07:SMT_KEY:0,0xd87a757941408994772d2f9b3cb0c0e796e61e07,0,balance,20000997
polygon-zkevm:0xd87a757941408994772d2f9b3cb0c0e796e61e07:SMT_KEY:1,0xd87a757941408994772d2f9b3cb0c0e796e61e07,1,nonce,20000997
polygon-zkevm:0xd87a757941408994772d2f9b3cb0c0e796e61e07:SMT_KEY:2,0xd87a757941408994772d2f9b3cb0c0e796e61e07,2,code_hash,20000997
polygon-zkevm:0xd87a757941408994772d2f9b3cb0c0e796e61e07:SMT_KEY:4,0xd87a757941408994772d2f9b3cb0c0e796e61e07,4,code_hash_length,20000997
polygon-zkevm:0x69b213dffa4f0b42de8b7df44af7a324063b3092:SMT_KEY:0,0x69b213dffa4f0b42de8b7df44af7a324063b3092,0,balance,20001007
polygon-zkevm:0x69b213dffa4f0b42de8b7df44af7a324063b3092:SMT_KEY:1,0x69b213dffa4f0b42de8b7df44af7a324063b3092,1,nonce,20001007
polygon-zkevm:0x69b213dffa4f0b42de8b7df44af7a324063b3092:SMT_KEY:2,0x69b213dffa4f0b42de8b7df44af7a324063b3092,2,code_hash,20001007
polygon-zkevm:0x69b213dffa4f0b42de8b7df44af7a324063b3092:SMT_KEY:4,0x69b213dffa4f0b42de8b7df44af7a324063b3092,4,code_hash_length,20001007
polygon-zkevm:0x2aeae897434522099633801198efb66240bdd60c:SMT_KEY:0,0x2aeae897434522099633801198efb66240bdd60c,0,balance,20001027
polygon-zkevm:0x2aeae897434522099633801198efb66240bdd60c:SMT_KEY:1,0x2aeae897434522099633801198efb66240bdd60c,1,nonce,20001027
polygon-zkevm:0x2aeae897434522099633801198efb66240bdd60c:SMT_KEY:2,0x2aeae897434522099633801198efb66240bdd60c,2,code_hash,20001027
polygon-zkevm:0x2aeae897434522099633801198efb66240bdd60c:SMT_KEY:4,0x2aeae897434522099633801198efb66240bdd60c,4,code_hash_length,20001027
polygon-zkevm:0xf80a9725b5259cfae8d2f8af87236a2acb392652:SMT_KEY:0,0xf80a9725b5259cfae8d2f8af87236a2acb392652,0,balance,20001127
polygon-zkevm:0xf80a9725b5259cfae8d2f8af87236a2acb392652:SMT_KEY:1,0xf80a9725b5259cfae8d2f8af87236a2acb392652,1,nonce,20001127
polygon-zkevm:0xf80a9725b5259cfae8d2f8af87236a2acb392652:SMT_KEY:2,0xf80a9725b5259cfae8d2f8af87236a2acb392652,2,code_hash,20001127
polygon-zkevm:0xf80a9725b5259cfae8d2f8af87236a2acb392652:SMT_KEY:4,0xf80a9725b5259cfae8d2f8af87236a2acb392652,4,code_hash_length,20001127
polygon-zkevm:0x06581bb682c3a3eb9e98ea70a1c776304c5fefbb:SMT_KEY:0,0x06581bb682c3a3eb9e98ea70a1c776304c5fefbb,0,balance,20001177
polygon-zkevm:0x06581bb682c3a3eb9e98ea70a1c776304c5fefbb:SMT_KEY:1,0x06581bb682c3a3eb9e98ea70a1c776304c5fefbb,1,nonce,20001177
polygon-zkevm:0x06581bb682c3a3eb9e98ea70a1c776304c5fefbb:SMT_KEY:2,0x06581bb682c3a3eb9e98ea70a1c776304c5fefbb,2,code_hash,20001177
polygon-zkevm:0x06581bb682c3a3eb9e98ea70a1c776304c5fefbb:SMT_KEY:4,0x06581bb682c3a3eb9e98ea70a1c776304c5fefbb,4,code_hash_length,20001177
polygon-zkevm:0x3d21a0726f62cbb96cd79f4eac2acff7791ea6c2:SMT_KEY:0,0x3d21a0726f62cbb96cd79f4eac2acff7791ea6c2,0,balance,20001177
polygon-zkevm:0x3d21a0726f62cbb96cd79f4eac2acff7791ea6c2:SMT_KEY:1,0x3d21a0726f62cbb96cd79f4eac2acff7791ea6c2,1,nonce,20001177
polygon-zkevm:0x3d21a0726f62cbb96cd79f4eac2acff7791ea6c2:SMT_KEY:2,0x3d21a0726f62cbb96cd79f4eac2acff7791ea6c2,2,code_hash,20001177
polygon-zkevm:0x3d21a0726f62cbb96cd79f4eac2acff7791ea6c2:SMT_KEY:4,0x3d21a0726f62cbb96cd79f4eac2acff7791ea6c2,4,code_hash_length,20001177
polygon-zkevm:0x628dfa2cc2fd9b95d445facdb38a6bd9893065d4:SMT_KEY:0,0x628dfa2cc2fd9b95d445facdb38a6bd9893065d4,0,balance,20001177
polygon-zkevm:0x628dfa2cc2fd9b95d445facdb38a6bd9893065d4:SMT_KEY:1,0x628dfa2cc2fd9b95d445facdb38a6bd9893065d4,1,nonce,20001177
polygon-zkevm:0x628dfa2cc2fd9b95d445facdb38a6bd9893065d4:SMT_KEY:2,0x628dfa2cc2fd9b95d445facdb38a6bd9893065d4,2,code_hash,20001177
polygon-zkevm:0x628dfa2cc2fd9b95d445facdb38a6bd9893065d4:SMT_KEY:4,0x628dfa2cc2fd9b95d445facdb38a6bd9893065d4,4,code_hash_length,20001177
polygon-zkevm:0xabba235cbbd200e508dd2661fba27ba608ae5321:SMT_KEY:0,0xabba235cbbd200e508dd2661fba27ba608ae5321,0,balance,20001177
polygon-zkevm:0xabba235cbbd200e508dd2661fba27ba608ae5321:SMT_KEY:1,0xabba235cbbd200e508dd2661fba27ba608ae5321,1,nonce,20001177
polygon-zkevm:0xabba235cbbd200e508dd2661fba27ba608ae5321:SMT_KEY:2,0xabba235cbbd200e508dd2661fba27ba608ae5321,2,code_hash,20001177
polygon-zkevm:0xabba235cbbd200e508dd2661fba27ba608ae5321:SMT_KEY:4,0xabba235cbbd200e508dd2661fba27ba608ae5321,4,code_hash_length,20001177
polygon-zkevm:0x437015c3ca391c057de15cd40a27a5f75b94e199:SMT_KEY:0,0x437015c3ca391c057de15cd40a27a5f75b94e199,0,balance,20001237
polygon-zkevm:0x437015c3ca391c057de15cd40a27a5f75b94e199:SMT_KEY:1,0x437015c3ca391c057de15cd40a27a5f75b94e199,1,nonce,20001237
polygon-zkevm:0x437015c3ca391c057de15cd40a27a5f75b94e199:SMT_KEY:2,0x437015c3ca391c057de15cd40a27a5f75b94e199,2,code_hash,20001237
polygon-zkevm:0x437015c3ca391c057de15cd40a27a5f75b94e199:SMT_KEY:4,0x437015c3ca391c057de15cd40a27a5f75b94e199,4,code_hash_length,20001237
polygon-zkevm:0x9f05297ab13e590ffd5167cac5bd288bc1420ba1:SMT_KEY:0,0x9f05297ab13e590ffd5167cac5bd288bc1420ba1,0,balance,20001537
polygon-zkevm:0x9f05297ab13e590ffd5167cac5bd288bc1420ba1:SMT_KEY:1,0x9f05297ab13e590ffd5167cac5bd288bc1420ba1,1,nonce,20001537
polygon-zkevm:0x9f05297ab13e590ffd5167cac5bd288bc1420ba1:SMT_KEY:2,0x9f05297ab13e590ffd5167cac5bd288bc1420ba1,2,code_hash,20001537
polygon-zkevm:0x9f05297ab13e590ffd5167cac5bd288bc1420ba1:SMT_KEY:4,0x9f05297ab13e590ffd5167cac5bd288bc1420ba1,4,code_hash_length,20001537
polygon-zkevm:0x67d0809ada627ab5bd623640332a2f370b2c906f:SMT_KEY:0,0x67d0809ada627ab5bd623640332a2f370b2c906f,0,balance,20001567
polygon-zkevm:0x67d0809ada627ab5bd623640332a2f370b2c906f:SMT_KEY:1,0x67d0809ada627ab5bd623640332a2f370b2c906f,1,nonce,20001567
polygon-zkevm:0x67d0809ada627ab5bd623640332a2f370b2c906f:SMT_KEY:2,0x67d0809ada627ab5bd623640332a2f370b2c906f,2,code_hash,20001567
polygon-zkevm:0x67d0809ada627ab5bd623640332a2f370b2c906f:SMT_KEY:4,0x67d0809ada627ab5bd623640332a2f370b2c906f,4,code_hash_length,20001567
polygon-zkevm:0xc2b55f94c1908d9a866c7d4beae36931b1b9c581:SMT_KEY:0,0xc2b55f94c1908d9a866c7d4beae36931b1b9c581,0,balance,20001567
polygon-zkevm:0xc2b55f94c1908d9a866c7d4beae36931b1b9c581:SMT_KEY:1,0xc2b55f94c1908d9a866c7d4beae36931b1b9c581,1,nonce,20001567
polygon-zkevm:0xc2b55f94c1908d9a866c7d4beae36931b1b9c581:SMT_KEY:2,0xc2b55f94c1908d9a866c7d4beae36931b1b9c581,2,code_hash,20001567
polygon-zkevm:0xc2b55f94c1908d9a866c7d4beae36931b1b9c581:SMT_KEY:4,0xc2b55f94c1908d9a866c7d4beae36931b1b9c581,4,code_hash_length,20001567
polygon-zkevm:0x1fe18523a0c802c86e46957848bb4c7d5841190c:SMT_KEY:0,0x1fe18523a0c802c86e46957848bb4c7d5841190c,0,balance,20001607
polygon-zkevm:0x1fe18523a0c802c86e46957848bb4c7d5841190c:SMT_KEY:1,0x1fe18523a0c802c86e46957848bb4c7d5841190c,1,nonce,20001607
polygon-zkevm:0x1fe18523a0c802c86e46957848bb4c7d5841190c:SMT_KEY:2,0x1fe18523a0c802c86e46957848bb4c7d5841190c,2,code_hash,20001607
polygon-zkevm:0x1fe18523a0c802c86e46957848bb4c7d5841190c:SMT_KEY:4,0x1fe18523a0c802c86e46957848bb4c7d5841190c,4,code_hash_length,20001607
polygon-zkevm:0xc36e712c0e77d7ec8a39041103db0e586de297aa:SMT_KEY:0,0xc36e712c0e77d7ec8a39041103db0e586de297aa,0,balance,20001677
polygon-zkevm:0xc36e712c0e77d7ec8a39041103db0e586de297aa:SMT_KEY:1,0xc36e712c0e77d7ec8a39041103db0e586de297aa,1,nonce,20001677
polygon-zkevm:0xc36e712c0e77d7ec8a39041103db0e586de297aa:SMT_KEY:2,0xc36e712c0e77d7ec8a39041103db0e586de297aa,2,code_hash,20001677
polygon-zkevm:0xc36e712c0e77d7ec8a39041103db0e586de297aa:SMT_KEY:4,0xc36e712c0e77d7ec8a39041103db0e586de297aa,4,code_hash_length,20001677
polygon-zkevm:0xfc5a66a3007b05be7fb4284f3c5f9b61973897d0:SMT_KEY:0,0xfc5a66a3007b05be7fb4284f3c5f9b61973897d0,0,balance,20001747
polygon-zkevm:0xfc5a66a3007b05be7fb4284f3c5f9b61973897d0:SMT_KEY:1,0xfc5a66a3007b05be7fb4284f3c5f9b61973897d0,1,nonce,20001747
polygon-zkevm:0xfc5a66a3007b05be7fb4284f3c5f9b61973897d0:SMT_KEY:2,0xfc5a66a3007b05be7fb4284f3c5f9b61973897d0,2,code_hash,20001747
polygon-zkevm:0xfc5a66a3007b05be7fb4284f3c5f9b61973897d0:SMT_KEY:4,0xfc5a66a3007b05be7fb4284f3c5f9b61973897d0,4,code_hash_length,20001747
polygon-zkevm:0x0adc57fba0e23669fefe329c1f4862de309f57d4:SMT_KEY:0,0x0adc57fba0e23669fefe329c1f4862de309f57d4,0,balance,20001807
polygon-zkevm:0x0adc57fba0e23669fefe329c1f4862de309f57d4:SMT_KEY:1,0x0adc57fba0e23669fefe329c1f4862de309f57d4,1,nonce,20001807
polygon-zkevm:0x0adc57fba0e23669fefe329c1f4862de309f57d4:SMT_KEY:2,0x0adc57fba0e23669fefe329c1f4862de309f57d4,2,code_hash,20001807
polygon-zkevm:0x0adc57fba0e23669fefe329c1f4862de309f57d4:SMT_KEY:4,0x0adc57fba0e23669fefe329c1f4862de309f57d4,4,code_hash_length,20001807
polygon-zkevm:0xbe1fc00c056145b8b1e95cee1628c77a011bbfab:SMT_KEY:0,0xbe1fc00c056145b8b1e95cee1628c77a011bbfab,0,balance,20001817
polygon-zkevm:0xbe1fc00c056145b8b1e95cee1628c77a011bbfab:SMT_KEY:1,0xbe1fc00c056145b8b1e95cee1628c77a011bbfab,1,nonce,20001817
polygon-zkevm:0xbe1fc00c056145b8b1e95cee1628c77a011bbfab:SMT_KEY:2,0xbe1fc00c056145b8b1e95cee1628c77a011bbfab,2,code_hash,20001817
polygon-zkevm:0xbe1fc00c056145b8b1e95cee1628c77a011bbfab:SMT_KEY:4,0xbe1fc00c056145b8b1e95cee1628c77a011bbfab,4,code_hash_length,20001817
polygon-zkevm:0x00d14752dc85635afa0d901e79faea0f2abfa1f2:SMT_KEY:0,0x00d14752dc85635afa0d901e79faea0f2abfa1f2,0,balance,20001837
polygon-zkevm:0x00d14752dc85635afa0d901e79faea0f2abfa1f2:SMT_KEY:1,0x00d14752dc85635afa0d901e79faea0f2abfa1f2,1,nonce,20001837
polygon-zkevm:0x00d14752dc85635afa0d901e79faea0f2abfa1f2:SMT_KEY:2,0x00d14752dc85635afa0d901e79faea0f2abfa1f2,2,code_hash,20001837
polygon-zkevm:0x00d14752dc85635afa0d901e79faea0f2abfa1f2:SMT_KEY:4,0x00d14752dc85635afa0d901e79faea0f2abfa1f2,4,code_hash_length,20001837
polygon-zkevm:0x325487159a84a06497a4bd60753fc190204c159b:SMT_KEY:0,0x325487159a84a06497a4bd60753fc190204c159b,0,balance,20001837
polygon-zkevm:0x325487159a84a06497a4bd60753fc190204c159b:SMT_KEY:1,0x325487159a84a06497a4bd60753fc190204c159b,1,nonce,20001837
polygon-zkevm:0x325487159a84a06497a4bd60753fc190204c159b:SMT_KEY:2,0x325487159a84a06497a4bd60753fc190204c159b,2,code_hash,20001837
polygon-zkevm:0x325487159a84a06497a4bd60753fc190204c159b:SMT_KEY:4,0x325487159a84a06497a4bd60753fc190204c159b,4,code_hash_length,20001837
polygon-zkevm:0x921684542e452a41f1382c51edb5598d9e87b253:SMT_KEY:0,0x921684542e452a41f1382c51edb5598d9e87b253,0,balance,20001837
polygon-zkevm:0x921684542e452a41f1382c51edb5598d9e87b253:SMT_KEY:1,0x921684542e452a41f1382c51edb5598d9e87b253,1,nonce,20001837
polygon-zkevm:0x921684542e452a41f1382c51edb5598d9e87b253:SMT_KEY:2,0x921684542e452a41f1382c51edb5598d9e87b253,2,code_hash,20001837
polygon-zkevm:0x921684542e452a41f1382c51edb5598d9e87b253:SMT_KEY:4,0x921684542e452a41f1382c51edb5598d9e87b253,4,code_hash_length,20001837
polygon-zkevm:0xd9bccf78bb46b6170c8a2bbfa3b5bd8b7d2da91f:SMT_KEY:0,0xd9bccf78bb46b6170c8a2bbfa3b5bd8b7d2da91f,0,balance,20001887
polygon-zkevm:0xd9bccf78bb46b6170c8a2bbfa3b5bd8b7d2da91f:SMT_KEY:1,0xd9bccf78bb46b6170c8a2bbfa3b5bd8b7d2da91f,1,nonce,20001887
polygon-zkevm:0xd9bccf78bb46b6170c8a2bbfa3b5bd8b7d2da91f:SMT_KEY:2,0xd9bccf78bb46b6170c8a2bbfa3b5bd8b7d2da91f,2,code_hash,20001887
polygon-zkevm:0xd9bccf78bb46b6170c8a2bbfa3b5bd8b7d2da91f:SMT_KEY:4,0xd9bccf78bb46b6170c8a2bbfa3b5bd8b7d2da91f,4,code_hash_length,20001887
polygon-zkevm:0x11054947a3bc12049940ec93a8de68353ec0d7a9:SMT_KEY:0,0x11054947a3bc12049940ec93a8de68353ec0d7a9,0,balance,20001947
polygon-zkevm:0x11054947a3bc12049940ec93a8de68353ec0d7a9:SMT_KEY:1,0x11054947a3bc12049940ec93a8de68353ec0d7a9,1,nonce,20001947
polygon-zkevm:0x11054947a3bc12049940ec93a8de68353ec0d7a9:SMT_KEY:2,0x11054947a3bc12049940ec93a8de68353ec0d7a9,2,code_hash,20001947
polygon-zkevm:0x11054947a3bc12049940ec93a8de68353ec0d7a9:SMT_KEY:4,0x11054947a3bc12049940ec93a8de68353ec0d7a9,4,code_hash_length,20001947
polygon-zkevm:0xb31d4e5e3568b6fb15fd4121b4b8389769edef8d:SMT_KEY:0,0xb31d4e5e3568b6fb15fd4121b4b8389769edef8d,0,balance,20002057
polygon-zkevm:0xb31d4e5e3568b6fb15fd4121b4b8389769edef8d:SMT_KEY:1,0xb31d4e5e3568b6fb15fd4121b4b8389769edef8d,1,nonce,20002057
polygon-zkevm:0xb31d4e5e3568b6fb15fd4121b4b8389769edef8d:SMT_KEY:2,0xb31d4e5e3568b6fb15fd4121b4b8389769edef8d,2,code_hash,20002057
polygon-zkevm:0xb31d4e5e3568b6fb15fd4121b4b8389769edef8d:SMT_KEY:4,0xb31d4e5e3568b6fb15fd4121b4b8389769edef8d,4,code_hash_length,20002057
polygon-zkevm:0x53c31a1ba32b700a82b910bd9441c10920b13f0e:SMT_KEY:0,0x53c31a1ba32b700a82b910bd9441c10920b13f0e,0,balance,20002127
polygon-zkevm:0x53c31a1ba32b700a82b910bd9441c10920b13f0e:SMT_KEY:1,0x53c31a1ba32b700a82b910bd9441c10920b13f0e,1,nonce,20002127
polygon-zkevm:0x53c31a1ba32b700a82b910bd9441c10920b13f0e:SMT_KEY:2,0x53c31a1ba32b700a82b910bd9441c10920b13f0e,2,code_hash,20002127
polygon-zkevm:0x53c31a1ba32b700a82b910bd9441c10920b13f0e:SMT_KEY:4,0x53c31a1ba32b700a82b910bd9441c10920b13f0e,4,code_hash_length,20002127
polygon-zkevm:0xac6a9f9befa6482381df57d5ce02ff70b371e982:SMT_KEY:0,0xac6a9f9befa6482381df57d5ce02ff70b371e982,0,balance,20002217
polygon-zkevm:0xac6a9f9befa6482381df57d5ce02ff70b371e982:SMT_KEY:1,0xac6a9f9befa6482381df57d5ce02ff70b371e982,1,nonce,20002217
polygon-zkevm:0xac6a9f9befa6482381df57d5ce02ff70b371e982:SMT_KEY:2,0xac6a9f9befa6482381df57d5ce02ff70b371e982,2,code_hash,20002217
polygon-zkevm:0xac6a9f9befa6482381df57d5ce02ff70b371e982:SMT_KEY:4,0xac6a9f9befa6482381df57d5ce02ff70b371e982,4,code_hash_length,20002217
polygon-zkevm:0x23339eeddaf1f2400f96f0dd5bd3becd9d8b56dc:SMT_KEY:0,0x23339eeddaf1f2400f96f0dd5bd3becd9d8b56dc,0,balance,20002227
polygon-zkevm:0x23339eeddaf1f2400f96f0dd5bd3becd9d8b56dc:SMT_KEY:1,0x23339eeddaf1f2400f96f0dd5bd3becd9d8b56dc,1,nonce,20002227
polygon-zkevm:0x23339eeddaf1f2400f96f0dd5bd3becd9d8b56dc:SMT_KEY:2,0x23339eeddaf1f2400f96f0dd5bd3becd9d8b56dc,2,code_hash,20002227
polygon-zkevm:0x23339eeddaf1f2400f96f0dd5bd3becd9d8b56dc:SMT_KEY:4,0x23339eeddaf1f2400f96f0dd5bd3becd9d8b56dc,4,code_hash_length,20002227
polygon-zkevm:0x2b5606fb05188e248373a028ae70a896ed0747a1:SMT_KEY:0,0x2b5606fb05188e248373a028ae70a896ed0747a1,0,balance,20002237
polygon-zkevm:0x2b5606fb05188e248373a028ae70a896ed0747a1:SMT_KEY:1,0x2b5606fb05188e248373a028ae70a896ed0747a1,1,nonce,20002237
polygon-zkevm:0x2b5606fb05188e248373a028ae70a896ed0747a1:SMT_KEY:2,0x2b5606fb05188e248373a028ae70a896ed0747a1,2,code_hash,20002237
polygon-zkevm:0x2b5606fb05188e248373a028ae70a896ed0747a1:SMT_KEY:4,0x2b5606fb05188e248373a028ae70a896ed0747a1,4,code_hash_length,20002237
polygon-zkevm:0xae7dc4569764b2d30d228aa53eb5d7af2411c682:SMT_KEY:0,0xae7dc4569764b2d30d228aa53eb5d7af2411c682,0,balance,20002237
polygon-zkevm:0xae7dc4569764b2d30d228aa53eb5d7af2411c682:SMT_KEY:1,0xae7dc4569764b2d30d228aa53eb5d7af2411c682,1,nonce,20002237
polygon-zkevm:0xae7dc4569764b2d30d228aa53eb5d7af2411c682:SMT_KEY:2,0xae7dc4569764b2d30d228aa53eb5d7af2411c682,2,code_hash,20002237
polygon-zkevm:0xae7dc4569764b2d30d228aa53eb5d7af2411c682:SMT_KEY:4,0xae7dc4569764b2d30d228aa53eb5d7af2411c682,4,code_hash_length,20002237
polygon-zkevm:0x00000000001594c61dd8a6804da9ab58ed2483ce:SMT_KEY:0,0x00000000001594c61dd8a6804da9ab58ed2483ce,0,balance,20002247
polygon-zkevm:0x00000000001594c61dd8a6804da9ab58ed2483ce:SMT_KEY:1,0x00000000001594c61dd8a6804da9ab58ed2483ce,1,nonce,20002247
polygon-zkevm:0x00000000001594c61dd8a6804da9ab58ed2483ce:SMT_KEY:2,0x00000000001594c61dd8a6804da9ab58ed2483ce,2,code_hash,20002247
polygon-zkevm:0x00000000001594c61dd8a6804da9ab58ed2483ce:SMT_KEY:4,0x00000000001594c61dd8a6804da9ab58ed2483ce,4,code_hash_length,20002247
polygon-zkevm:0x6e732a286e5f4014c214d1c60d0a86b474c16f9f:SMT_KEY:0,0x6e732a286e5f4014c214d1c60d0a86b474c16f9f,0,balance,20002247
polygon-zkevm:0x6e732a286e5f4014c214d1c60d0a86b474c16f9f:SMT_KEY:1,0x6e732a286e5f4014c214d1c60d0a86b474c16f9f,1,nonce,20002247
polygon-zkevm:0x6e732a286e5f4014c214d1c60d0a86b474c16f9f:SMT_KEY:2,0x6e732a286e5f4014c214d1c60d0a86b474c16f9f,2,code_hash,20002247
polygon-zkevm:0x6e732a286e5f4014c214d1c60d0a86b474c16f9f:SMT_KEY:4,0x6e732a286e5f4014c214d1c60d0a86b474c16f9f,4,code_hash_length,20002247
polygon-zkevm:0x83e9c7adc757e4ff1b641fe5cccd6cd3b3b852e5:SMT_KEY:0,0x83e9c7adc757e4ff1b641fe5cccd6cd3b3b852e5,0,balance,20002287
polygon-zkevm:0x83e9c7adc757e4ff1b641fe5cccd6cd3b3b852e5:SMT_KEY:1,0x83e9c7adc757e4ff1b641fe5cccd6cd3b3b852e5,1,nonce,20002287
polygon-zkevm:0x83e9c7adc757e4ff1b641fe5cccd6cd3b3b852e5:SMT_KEY:2,0x83e9c7adc757e4ff1b641fe5cccd6cd3b3b852e5,2,code_hash,20002287
polygon-zkevm:0x83e9c7adc757e4ff1b641fe5cccd6cd3b3b852e5:SMT_KEY:4,0x83e9c7adc757e4ff1b641fe5cccd6cd3b3b852e5,4,code_hash_length,20002287
polygon-zkevm:0x98e64b0d0809b0a9e37fa259cf39484d4f8a25c9:SMT_KEY:0,0x98e64b0d0809b0a9e37fa259cf39484d4f8a25c9,0,balance,20002307
polygon-zkevm:0x98e64b0d0809b0a9e37fa259cf39484d4f8a25c9:SMT_KEY:1,0x98e64b0d0809b0a9e37fa259cf39484d4f8a25c9,1,nonce,20002307
polygon-zkevm:0x98e64b0d0809b0a9e37fa259cf39484d4f8a25c9:SMT_KEY:2,0x98e64b0d0809b0a9e37fa259cf39484d4f8a25c9,2,code_hash,20002307
polygon-zkevm:0x98e64b0d0809b0a9e37fa259cf39484d4f8a25c9:SMT_KEY:4,0x98e64b0d0809b0a9e37fa259cf39484d4f8a25c9,4,code_hash_length,20002307
polygon-zkevm:0x28e2c7494faccd0b2f77293047ad3114a1a0d844:SMT_KEY:0,0x28e2c7494faccd0b2f77293047ad3114a1a0d844,0,balance,20002377
polygon-zkevm:0x28e2c7494faccd0b2f77293047ad3114a1a0d844:SMT_KEY:1,0x28e2c7494faccd0b2f77293047ad3114a1a0d844,1,nonce,20002377
polygon-zkevm:0x28e2c7494faccd0b2f77293047ad3114a1a0d844:SMT_KEY:2,0x28e2c7494faccd0b2f77293047ad3114a1a0d844,2,code_hash,20002377
polygon-zkevm:0x28e2c7494faccd0b2f77293047ad3114a1a0d844:SMT_KEY:4,0x28e2c7494faccd0b2f77293047ad3114a1a0d844,4,code_hash_length,20002377
polygon-zkevm:0xbf3402c27e6de2b11a73787824b5abb364f57165:SMT_KEY:0,0xbf3402c27e6de2b11a73787824b5abb364f57165,0,balance,20002377
polygon-zkevm:0xbf3402c27e6de2b11a73787824b5abb364f57165:SMT_KEY:1,0xbf3402c27e6de2b11a73787824b5abb364f57165,1,nonce,20002377
polygon-zkevm:0xbf3402c27e6de2b11a73787824b5abb364f57165:SMT_KEY:2,0xbf3402c27e6de2b11a73787824b5abb364f57165,2,code_hash,20002377
polygon-zkevm:0xbf3402c27e6de2b11a73787824b5abb364f57165:SMT_KEY:4,0xbf3402c27e6de2b11a73787824b5abb364f57165,4,code_hash_length,20002377
polygon-zkevm:0xa438dbbea33ddb3f8d841917a7de3fe5af37b323:SMT_KEY:0,0xa438dbbea33ddb3f8d841917a7de3fe5af37b323,0,balance,20002507
polygon-zkevm:0xa438dbbea33ddb3f8d841917a7de3fe5af37b323:SMT_KEY:1,0xa438dbbea33ddb3f8d841917a7de3fe5af37b323,1,nonce,20002507
polygon-zkevm:0xa438dbbea33ddb3f8d841917a7de3fe5af37b323:SMT_KEY:2,0xa438dbbea33ddb3f8d841917a7de3fe5af37b323,2,code_hash,20002507
polygon-zkevm:0xa438dbbea33ddb3f8d841917a7de3fe5af37b323:SMT_KEY:4,0xa438dbbea33ddb3f8d841917a7de3fe5af37b323,4,code_hash_length,20002507
polygon-zkevm:0xd96f26e2607801dccb31a9dc945c56d327ded010:SMT_KEY:0,0xd96f26e2607801dccb31a9dc945c56d327ded010,0,balance,20002537
polygon-zkevm:0xd96f26e2607801dccb31a9dc945c56d327ded010:SMT_KEY:1,0xd96f26e2607801dccb31a9dc945c56d327ded010,1,nonce,20002537
polygon-zkevm:0xd96f26e2607801dccb31a9dc945c56d327ded010:SMT_KEY:2,0xd96f26e2607801dccb31a9dc945c56d327ded010,2,code_hash,20002537
polygon-zkevm:0xd96f26e2607801dccb31a9dc945c56d327ded010:SMT_KEY:4,0xd96f26e2607801dccb31a9dc945c56d327ded010,4,code_hash_length,20002537
polygon-zkevm:0x72c60769f933f13f96f6d23817bb41fc32a5b453:SMT_KEY:0,0x72c60769f933f13f96f6d23817bb41fc32a5b453,0,balance,20002607
polygon-zkevm:0x72c60769f933f13f96f6d23817bb41fc32a5b453:SMT_KEY:1,0x72c60769f933f13f96f6d23817bb41fc32a5b453,1,nonce,20002607
polygon-zkevm:0x72c60769f933f13f96f6d23817bb41fc32a5b453:SMT_KEY:2,0x72c60769f933f13f96f6d23817bb41fc32a5b453,2,code_hash,20002607
polygon-zkevm:0x72c60769f933f13f96f6d23817bb41fc32a5b453:SMT_KEY:4,0x72c60769f933f13f96f6d23817bb41fc32a5b453,4,code_hash_length,20002607
polygon-zkevm:0xa3c863a5ba8e80a43688fd3c0c10d84248a25c53:SMT_KEY:0,0xa3c863a5ba8e80a43688fd3c0c10d84248a25c53,0,balance,20002607
polygon-zkevm:0xa3c863a5ba8e80a43688fd3c0c10d84248a25c53:SMT_KEY:1,0xa3c863a5ba8e80a43688fd3c0c10d84248a25c53,1,nonce,20002607
polygon-zkevm:0xa3c863a5ba8e80a43688fd3c0c10d84248a25c53:SMT_KEY:2,0xa3c863a5ba8e80a43688fd3c0c10d84248a25c53,2,code_hash,20002607
polygon-zkevm:0xa3c863a5ba8e80a43688fd3c0c10d84248a25c53:SMT_KEY:4,0xa3c863a5ba8e80a43688fd3c0c10d84248a25c53,4,code_hash_length,20002607
polygon-zkevm:0xd2ed906f8bbec146d0e6aefc1a625d043efec0f8:SMT_KEY:0,0xd2ed906f8bbec146d0e6aefc1a625d043efec0f8,0,balance,20002607
polygon-zkevm:0xd2ed906f8bbec146d0e6aefc1a625d043efec0f8:SMT_KEY:1,0xd2ed906f8bbec146d0e6aefc1a625d043efec0f8,1,nonce,20002607
polygon-zkevm:0xd2ed906f8bbec146d0e6aefc1a625d043efec0f8:SMT_KEY:2,0xd2ed906f8bbec146d0e6aefc1a625d043efec0f8,2,code_hash,20002607
polygon-zkevm:0xd2ed906f8bbec146d0e6aefc1a625d043efec0f8:SMT_KEY:4,0xd2ed906f8bbec146d0e6aefc1a625d043efec0f8,4,code_hash_length,20002607
polygon-zkevm:0x1ae9a2acc56f33d51cd7b5a0ab3f930f58003817:SMT_KEY:0,0x1ae9a2acc56f33d51cd7b5a0ab3f930f58003817,0,balance,20002627
polygon-zkevm:0x1ae9a2acc56f33d51cd7b5a0ab3f930f58003817:SMT_KEY:1,0x1ae9a2acc56f33d51cd7b5a0ab3f930f58003817,1,nonce,20002627
polygon-zkevm:0x1ae9a2acc56f33d51cd7b5a0ab3f930f58003817:SMT_KEY:2,0x1ae9a2acc56f33d51cd7b5a0ab3f930f58003817,2,code_hash,20002627
polygon-zkevm:0x1ae9a2acc56f33d51cd7b5a0ab3f930f58003817:SMT_KEY:4,0x1ae9a2acc56f33d51cd7b5a0ab3f930f58003817,4,code_hash_length,20002627
polygon-zkevm:0x454cfb6c2387a54f15b3afd646db598d6e973000:SMT_KEY:0,0x454cfb6c2387a54f15b3afd646db598d6e973000,0,balance,20002627
polygon-zkevm:0x454cfb6c2387a54f15b3afd646db598d6e973000:SMT_KEY:1,0x454cfb6c2387a54f15b3afd646db598d6e973000,1,nonce,20002627
polygon-zkevm:0x454cfb6c2387a54f15b3afd646db598d6e973000:SMT_KEY:2,0x454cfb6c2387a54f15b3afd646db598d6e973000,2,code_hash,20002627
polygon-zkevm:0x454cfb6c2387a54f15b3afd646db598d6e973000:SMT_KEY:4,0x454cfb6c2387a54f15b3afd646db598d6e973000,4,code_hash_length,20002627
polygon-zkevm:0xaeae796fa1e43f85d71c642c68d88003db0fdb08:SMT_KEY:0,0xaeae796fa1e43f85d71c642c68d88003db0fdb08,0,balance,20002637
polygon-zkevm:0xaeae796fa1e43f85d71c642c68d88003db0fdb08:SMT_KEY:1,0xaeae796fa1e43f85d71c642c68d88003db0fdb08,1,nonce,20002637
polygon-zkevm:0xaeae796fa1e43f85d71c642c68d88003db0fdb08:SMT_KEY:2,0xaeae796fa1e43f85d71c642c68d88003db0fdb08,2,code_hash,20002637
polygon-zkevm:0xaeae796fa1e43f85d71c642c68d88003db0fdb08:SMT_KEY:4,0xaeae796fa1e43f85d71c642c68d88003db0fdb08,4,code_hash_length,20002637
polygon-zkevm:0x28912e9a957dd79800fbe3801d3bf1a8e544d0f5:SMT_KEY:0,0x28912e9a957dd79800fbe3801d3bf1a8e544d0f5,0,balance,20002667
polygon-zkevm:0x28912e9a957dd79800fbe3801d3bf1a8e544d0f5:SMT_KEY:1,0x28912e9a957dd79800fbe3801d3bf1a8e544d0f5,1,nonce,20002667
polygon-zkevm:0x28912e9a957dd79800fbe3801d3bf1a8e544d0f5:SMT_KEY:2,0x28912e9a957dd79800fbe3801d3bf1a8e544d0f5,2,code_hash,20002667
polygon-zkevm:0x28912e9a957dd79800fbe3801d3bf1a8e544d0f5:SMT_KEY:4,0x28912e9a957dd79800fbe3801d3bf1a8e544d0f5,4,code_hash_length,20002667
polygon-zkevm:0x522715f01143622b0256772c6bd05cbf7a0ddaeb:SMT_KEY:0,0x522715f01143622b0256772c6bd05cbf7a0ddaeb,0,balance,20002697
polygon-zkevm:0x522715f01143622b0256772c6bd05cbf7a0ddaeb:SMT_KEY:1,0x522715f01143622b0256772c6bd05cbf7a0ddaeb,1,nonce,20002697
polygon-zkevm:0x522715f01143622b0256772c6bd05cbf7a0ddaeb:SMT_KEY:2,0x522715f01143622b0256772c6bd05cbf7a0ddaeb,2,code_hash,20002697
polygon-zkevm:0x522715f01143622b0256772c6bd05cbf7a0ddaeb:SMT_KEY:4,0x522715f01143622b0256772c6bd05cbf7a0ddaeb,4,code_hash_length,20002697
polygon-zkevm:0x970b09650f383aa571f04f3202d4f4083312fe85:SMT_KEY:0,0x970b09650f383aa571f04f3202d4f4083312fe85,0,balance,20002707
polygon-zkevm:0x970b09650f383aa571f04f3202d4f4083312fe85:SMT_KEY:1,0x970b09650f383aa571f04f3202d4f4083312fe85,1,nonce,20002707
polygon-zkevm:0x970b09650f383aa571f04f3202d4f4083312fe85:SMT_KEY:2,0x970b09650f383aa571f04f3202d4f4083312fe85,2,code_hash,20002707
polygon-zkevm:0x970b09650f383aa571f04f3202d4f4083312fe85:SMT_KEY:4,0x970b09650f383aa571f04f3202d4f4083312fe85,4,code_hash_length,20002707
polygon-zkevm:0xfdc000f0ccd37d968365f9dbc2082fd4e361adb3:SMT_KEY:0,0xfdc000f0ccd37d968365f9dbc2082fd4e361adb3,0,balance,20002717
polygon-zkevm:0xfdc000f0ccd37d968365f9dbc2082fd4e361adb3:SMT_KEY:1,0xfdc000f0ccd37d968365f9dbc2082fd4e361adb3,1,nonce,20002717
polygon-zkevm:0xfdc000f0ccd37d968365f9dbc2082fd4e361adb3:SMT_KEY:2,0xfdc000f0ccd37d968365f9dbc2082fd4e361adb3,2,code_hash,20002717
polygon-zkevm:0xfdc000f0ccd37d968365f9dbc2082fd4e361adb3:SMT_KEY:4,0xfdc000f0ccd37d968365f9dbc2082fd4e361adb3,4,code_hash_length,20002717
polygon-zkevm:0x5d74ee118005470ee50c39004f75cd30d179e4b5:SMT_KEY:0,0x5d74ee118005470ee50c39004f75cd30d179e4b5,0,balance,20002727
polygon-zkevm:0x5d74ee118005470ee50c39004f75cd30d179e4b5:SMT_KEY:1,0x5d74ee118005470ee50c39004f75cd30d179e4b5,1,nonce,20002727
polygon-zkevm:0x5d74ee118005470ee50c39004f75cd30d179e4b5:SMT_KEY:2,0x5d74ee118005470ee50c39004f75cd30d179e4b5,2,code_hash,20002727
polygon-zkevm:0x5d74ee118005470ee50c39004f75cd30d179e4b5:SMT_KEY:4,0x5d74ee118005470ee50c39004f75cd30d179e4b5,4,code_hash_length,20002727
polygon-zkevm:0x08efb6d315c7e74c39620c9aaea289730f43a429:SMT_KEY:0,0x08efb6d315c7e74c39620c9aaea289730f43a429,0,balance,20002777
polygon-zkevm:0x08efb6d315c7e74c39620c9aaea289730f43a429:SMT_KEY:1,0x08efb6d315c7e74c39620c9aaea289730f43a429,1,nonce,20002777
polygon-zkevm:0x08efb6d315c7e74c39620c9aaea289730f43a429:SMT_KEY:2,0x08efb6d315c7e74c39620c9aaea289730f43a429,2,code_hash,20002777
polygon-zkevm:0x08efb6d315c7e74c39620c9aaea289730f43a429:SMT_KEY:4,0x08efb6d315c7e74c39620c9aaea289730f43a429,4,code_hash_length,20002777
polygon-zkevm:0x3c5e2bb3ed418eb90d21d1d70e393c06931d3446:SMT_KEY:0,0x3c5e2bb3ed418eb90d21d1d70e393c06931d3446,0,balance,20002777
polygon-zkevm:0x3c5e2bb3ed418eb90d21d1d70e393c06931d3446:SMT_KEY:1,0x3c5e2bb3ed418eb90d21d1d70e393c06931d3446,1,nonce,20002777
polygon-zkevm:0x3c5e2bb3ed418eb90d21d1d70e393c06931d3446:SMT_KEY:2,0x3c5e2bb3ed418eb90d21d1d70e393c06931d3446,2,code_hash,20002777
polygon-zkevm:0x3c5e2bb3ed418eb90d21d1d70e393c06931d3446:SMT_KEY:4,0x3c5e2bb3ed418eb90d21d1d70e393c06931d3446,4,code_hash_length,20002777
polygon-zkevm:0xa7934cdb1e8b147ed562ad93832cb70513ab4c36:SMT_KEY:0,0xa7934cdb1e8b147ed562ad93832cb70513ab4c36,0,balance,20002777
polygon-zkevm:0xa7934cdb1e8b147ed562ad93832cb70513ab4c36:SMT_KEY:1,0xa7934cdb1e8b147ed562ad93832cb70513ab4c36,1,nonce,20002777
polygon-zkevm:0xa7934cdb1e8b147ed562ad93832cb70513ab4c36:SMT_KEY:2,0xa7934cdb1e8b147ed562ad93832cb70513ab4c36,2,code_hash,20002777
polygon-zkevm:0xa7934cdb1e8b147ed562ad93832cb70513ab4c36:SMT_KEY:4,0xa7934cdb1e8b147ed562ad93832cb70513ab4c36,4,code_hash_length,20002777
polygon-zkevm:0xb72cb6fb48b5f1707f3701b5160675c22492b307:SMT_KEY:0,0xb72cb6fb48b5f1707f3701b5160675c22492b307,0,balance,20002777
polygon-zkevm:0xb72cb6fb48b5f1707f3701b5160675c22492b307:SMT_KEY:1,0xb72cb6fb48b5f1707f3701b5160675c22492b307,1,nonce,20002777
polygon-zkevm:0xb72cb6fb48b5f1707f3701b5160675c22492b307:SMT_KEY:2,0xb72cb6fb48b5f1707f3701b5160675c22492b307,2,code_hash,20002777
polygon-zkevm:0xb72cb6fb48b5f1707f3701b5160675c22492b307:SMT_KEY:4,0xb72cb6fb48b5f1707f3701b5160675c22492b307,4,code_hash_length,20002777
polygon-zkevm:0xba9a3c0a22baebe8c4926227bde32d6edc0d5d28:SMT_KEY:0,0xba9a3c0a22baebe8c4926227bde32d6edc0d5d28,0,balance,20002777
polygon-zkevm:0xba9a3c0a22baebe8c4926227bde32d6edc0d5d28:SMT_KEY:1,0xba9a3c0a22baebe8c4926227bde32d6edc0d5d28,1,nonce,20002777
polygon-zkevm:0xba9a3c0a22baebe8c4926227bde32d6edc0d5d28:SMT_KEY:2,0xba9a3c0a22baebe8c4926227bde32d6edc0d5d28,2,code_hash,20002777
polygon-zkevm:0xba9a3c0a22baebe8c4926227bde32d6edc0d5d28:SMT_KEY:4,0xba9a3c0a22baebe8c4926227bde32d6edc0d5d28,4,code_hash_length,20002777
polygon-zkevm:0x58a9bad029a725d8c1e1aa48d758d22e5dde3c6b:SMT_KEY:0,0x58a9bad029a725d8c1e1aa48d758d22e5dde3c6b,0,balance,20002827
polygon-zkevm:0x58a9bad029a725d8c1e1aa48d758d22e5dde3c6b:SMT_KEY:1,0x58a9bad029a725d8c1e1aa48d758d22e5dde3c6b,1,nonce,20002827
polygon-zkevm:0x58a9bad029a725d8c1e1aa48d758d22e5dde3c6b:SMT_KEY:2,0x58a9bad029a725d8c1e1aa48d758d22e5dde3c6b,2,code_hash,20002827
polygon-zkevm:0x58a9bad029a725d8c1e1aa48d758d22e5dde3c6b:SMT_KEY:4,0x58a9bad029a725d8c1e1aa48d758d22e5dde3c6b,4,code_hash_length,20002827
polygon-zkevm:0xea16c50dd33dc52e5fbaeb0c5f4e3aff750f4754:SMT_KEY:0,0xea16c50dd33dc52e5fbaeb0c5f4e3aff750f4754,0,balance,20002827
polygon-zkevm:0xea16c50dd33dc52e5fbaeb0c5f4e3aff750f4754:SMT_KEY:1,0xea16c50dd33dc52e5fbaeb0c5f4e3aff750f4754,1,nonce,20002827
polygon-zkevm:0xea16c50dd33dc52e5fbaeb0c5f4e3aff750f4754:SMT_KEY:2,0xea16c50dd33dc52e5fbaeb0c5f4e3aff750f4754,2,code_hash,20002827
polygon-zkevm:0xea16c50dd33dc52e5fbaeb0c5f4e3aff750f4754:SMT_KEY:4,0xea16c50dd33dc52e5fbaeb0c5f4e3aff750f4754,4,code_hash_length,20002827
polygon-zkevm:0x35441a1d8a44016b86de9d64aeb894a5748146f8:SMT_KEY:0,0x35441a1d8a44016b86de9d64aeb894a5748146f8,0,balance,20002957
polygon-zkevm:0x35441a1d8a44016b86de9d64aeb894a5748146f8:SMT_KEY:1,0x35441a1d8a44016b86de9d64aeb894a5748146f8,1,nonce,20002957
polygon-zkevm:0x35441a1d8a44016b86de9d64aeb894a5748146f8:SMT_KEY:2,0x35441a1d8a44016b86de9d64aeb894a5748146f8,2,code_hash,20002957
polygon-zkevm:0x35441a1d8a44016b86de9d64aeb894a5748146f8:SMT_KEY:4,0x35441a1d8a44016b86de9d64aeb894a5748146f8,4,code_hash_length,20002957
polygon-zkevm:0x98b6abee8e77c98f3b0d726f88a8a3ce354e0142:SMT_KEY:0,0x98b6abee8e77c98f3b0d726f88a8a3ce354e0142,0,balance,20002957
polygon-zkevm:0x98b6abee8e77c98f3b0d726f88a8a3ce354e0142:SMT_KEY:1,0x98b6abee8e77c98f3b0d726f88a8a3ce354e0142,1,nonce,20002957
polygon-zkevm:0x98b6abee8e77c98f3b0d726f88a8a3ce354e0142:SMT_KEY:2,0x98b6abee8e77c98f3b0d726f88a8a3ce354e0142,2,code_hash,20002957
polygon-zkevm:0x98b6abee8e77c98f3b0d726f88a8a3ce354e0142:SMT_KEY:4,0x98b6abee8e77c98f3b0d726f88a8a3ce354e0142,4,code_hash_length,20002957
polygon-zkevm:0x9c20ed8ecda9ee63b80b89af7d5ac9fd8644985f:SMT_KEY:0,0x9c20ed8ecda9ee63b80b89af7d5ac9fd8644985f,0,balance,20003117
polygon-zkevm:0x9c20ed8ecda9ee63b80b89af7d5ac9fd8644985f:SMT_KEY:1,0x9c20ed8ecda9ee63b80b89af7d5ac9fd8644985f,1,nonce,20003117
polygon-zkevm:0x9c20ed8ecda9ee63b80b89af7d5ac9fd8644985f:SMT_KEY:2,0x9c20ed8ecda9ee63b80b89af7d5ac9fd8644985f,2,code_hash,20003117
polygon-zkevm:0x9c20ed8ecda9ee63b80b89af7d5ac9fd8644985f:SMT_KEY:4,0x9c20ed8ecda9ee63b80b89af7d5ac9fd8644985f,4,code_hash_length,20003117
polygon-zkevm:0xca4157455a6e4fa063cc17389e44ed4d18cf9324:SMT_KEY:0,0xca4157455a6e4fa063cc17389e44ed4d18cf9324,0,balance,20003167
polygon-zkevm:0xca4157455a6e4fa063cc17389e44ed4d18cf9324:SMT_KEY:1,0xca4157455a6e4fa063cc17389e44ed4d18cf9324,1,nonce,20003167
polygon-zkevm:0xca4157455a6e4fa063cc17389e44ed4d18cf9324:SMT_KEY:2,0xca4157455a6e4fa063cc17389e44ed4d18cf9324,2,code_hash,20003167
polygon-zkevm:0xca4157455a6e4fa063cc17389e44ed4d18cf9324:SMT_KEY:4,0xca4157455a6e4fa063cc17389e44ed4d18cf9324,4,code_hash_length,20003167
polygon-zkevm:0x22b21beddef74fe62f031d2c5c8f7a9f8a4b304d:SMT_KEY:0,0x22b21beddef74fe62f031d2c5c8f7a9f8a4b304d,0,balance,20003177
polygon-zkevm:0x22b21beddef74fe62f031d2c5c8f7a9f8a4b304d:SMT_KEY:1,0x22b21beddef74fe62f031d2c5c8f7a9f8a4b304d,1,nonce,20003177
polygon-zkevm:0x22b21beddef74fe62f031d2c5c8f7a9f8a4b304d:SMT_KEY:2,0x22b21beddef74fe62f031d2c5c8f7a9f8a4b304d,2,code_hash,20003177
polygon-zkevm:0x22b21beddef74fe62f031d2c5c8f7a9f8a4b304d:SMT_KEY:4,0x22b21beddef74fe62f031d2c5c8f7a9f8a4b304d,4,code_hash_length,20003177
polygon-zkevm:0x2c42d641029ad421efee09a208e23e27effba10e:SMT_KEY:0,0x2c42d641029ad421efee09a208e23e27effba10e,0,balance,20003177
polygon-zkevm:0x2c42d641029ad421efee09a208e23e27effba10e:SMT_KEY:1,0x2c42d641029ad421efee09a208e23e27effba10e,1,nonce,20003177
polygon-zkevm:0x2c42d641029ad421efee09a208e23e27effba10e:SMT_KEY:2,0x2c42d641029ad421efee09a208e23e27effba10e,2,code_hash,20003177
polygon-zkevm:0x2c42d641029ad421efee09a208e23e27effba10e:SMT_KEY:4,0x2c42d641029ad421efee09a208e23e27effba10e,4,code_hash_length,20003177
polygon-zkevm:0xfe13b6883a66222a1e7c4fc2375b1c86513ea9b7:SMT_KEY:0,0xfe13b6883a66222a1e7c4fc2375b1c86513ea9b7,0,balance,20003197
polygon-zkevm:0xfe13b6883a66222a1e7c4fc2375b1c86513ea9b7:SMT_KEY:1,0xfe13b6883a66222a1e7c4fc2375b1c86513ea9b7,1,nonce,20003197
polygon-zkevm:0xfe13b6883a66222a1e7c4fc2375b1c86513ea9b7:SMT_KEY:2,0xfe13b6883a66222a1e7c4fc2375b1c86513ea9b7,2,code_hash,20003197
polygon-zkevm:0xfe13b6883a66222a1e7c4fc2375b1c86513ea9b7:SMT_KEY:4,0xfe13b6883a66222a1e7c4fc2375b1c86513ea9b7,4,code_hash_length,20003197
polygon-zkevm:0x29147bb06ec4ec46d000771180f20f9e33c97c70:SMT_KEY:0,0x29147bb06ec4ec46d000771180f20f9e33c97c70,0,balance,20003217
polygon-zkevm:0x29147bb06ec4ec46d000771180f20f9e33c97c70:SMT_KEY:1,0x29147bb06ec4ec46d000771180f20f9e33c97c70,1,nonce,20003217
polygon-zkevm:0x29147bb06ec4ec46d000771180f20f9e33c97c70:SMT_KEY:2,0x29147bb06ec4ec46d000771180f20f9e33c97c70,2,code_hash,20003217
polygon-zkevm:0x29147bb06ec4ec46d000771180f20f9e33c97c70:SMT_KEY:4,0x29147bb06ec4ec46d000771180f20f9e33c97c70,4,code_hash_length,20003217
polygon-zkevm:0x8a9630aa4f6063b7180440be2a3e48ef9cc10945:SMT_KEY:0,0x8a9630aa4f6063b7180440be2a3e48ef9cc10945,0,balance,20003237
polygon-zkevm:0x8a9630aa4f6063b7180440be2a3e48ef9cc10945:SMT_KEY:1,0x8a9630aa4f6063b7180440be2a3e48ef9cc10945,1,nonce,20003237
polygon-zkevm:0x8a9630aa4f6063b7180440be2a3e48ef9cc10945:SMT_KEY:2,0x8a9630aa4f6063b7180440be2a3e48ef9cc10945,2,code_hash,20003237
polygon-zkevm:0x8a9630aa4f6063b7180440be2a3e48ef9cc10945:SMT_KEY:4,0x8a9630aa4f6063b7180440be2a3e48ef9cc10945,4,code_hash_length,20003237
polygon-zkevm:0x709944a48caf83535e43471680fda4905fb3920a:SMT_KEY:0,0x709944a48caf83535e43471680fda4905fb3920a,0,balance,20003287
polygon-zkevm:0x709944a48caf83535e43471680fda4905fb3920a:SMT_KEY:1,0x709944a48caf83535e43471680fda4905fb3920a,1,nonce,20003287
polygon-zkevm:0x709944a48caf83535e43471680fda4905fb3920a:SMT_KEY:2,0x709944a48caf83535e43471680fda4905fb3920a,2,code_hash,20003287
polygon-zkevm:0x709944a48caf83535e43471680fda4905fb3920a:SMT_KEY:4,0x709944a48caf83535e43471680fda4905fb3920a,4,code_hash_length,20003287
polygon-zkevm:0x7d414bd93bd3ff17bb35a5fb3c05fed00389d9d3:SMT_KEY:0,0x7d414bd93bd3ff17bb35a5fb3c05fed00389d9d3,0,balance,20003287
polygon-zkevm:0x7d414bd93bd3ff17bb35a5fb3c05fed00389d9d3:SMT_KEY:1,0x7d414bd93bd3ff17bb35a5fb3c05fed00389d9d3,1,nonce,20003287
polygon-zkevm:0x7d414bd93bd3ff17bb35a5fb3c05fed00389d9d3:SMT_KEY:2,0x7d414bd93bd3ff17bb35a5fb3c05fed00389d9d3,2,code_hash,20003287
polygon-zkevm:0x7d414bd93bd3ff17bb35a5fb3c05fed00389d9d3:SMT_KEY:4,0x7d414bd93bd3ff17bb35a5fb3c05fed00389d9d3,4,code_hash_length,20003287
polygon-zkevm:0x77934fe433cd8588bc30d7809d9eff770303639b:SMT_KEY:0,0x77934fe433cd8588bc30d7809d9eff770303639b,0,balance,20003387
polygon-zkevm:0x77934fe433cd8588bc30d7809d9eff770303639b:SMT_KEY:1,0x77934fe433cd8588bc30d7809d9eff770303639b,1,nonce,20003387
polygon-zkevm:0x77934fe433cd8588bc30d7809d9eff770303639b:SMT_KEY:2,0x77934fe433cd8588bc30d7809d9eff770303639b,2,code_hash,20003387
polygon-zkevm:0x77934fe433cd8588bc30d7809d9eff770303639b:SMT_KEY:4,0x77934fe433cd8588bc30d7809d9eff770303639b,4,code_hash_length,20003387
polygon-zkevm:0x5a0e368862f24a0679acf529c162e21d00bf27b6:SMT_KEY:0,0x5a0e368862f24a0679acf529c162e21d00bf27b6,0,balance,20003437
polygon-zkevm:0x5a0e368862f24a0679acf529c162e21d00bf27b6:SMT_KEY:1,0x5a0e368862f24a0679acf529c162e21d00bf27b6,1,nonce,20003437
polygon-zkevm:0x5a0e368862f24a0679acf529c162e21d00bf27b6:SMT_KEY:2,0x5a0e368862f24a0679acf529c162e21d00bf27b6,2,code_hash,20003437
polygon-zkevm:0x5a0e368862f24a0679acf529c162e21d00bf27b6:SMT_KEY:4,0x5a0e368862f24a0679acf529c162e21d00bf27b6,4,code_hash_length,20003437
polygon-zkevm:0x35def80d70f37b5ea29bac74a2050a0748f87872:SMT_KEY:0,0x35def80d70f37b5ea29bac74a2050a0748f87872,0,balance,20003467
polygon-zkevm:0x35def80d70f37b5ea29bac74a2050a0748f87872:SMT_KEY:1,0x35def80d70f37b5ea29bac74a2050a0748f87872,1,nonce,20003467
polygon-zkevm:0x35def80d70f37b5ea29bac74a2050a0748f87872:SMT_KEY:2,0x35def80d70f37b5ea29bac74a2050a0748f87872,2,code_hash,20003467
polygon-zkevm:0x35def80d70f37b5ea29bac74a2050a0748f87872:SMT_KEY:4,0x35def80d70f37b5ea29bac74a2050a0748f87872,4,code_hash_length,20003467
polygon-zkevm:0x5422cb136f5f7f196df50637a6dbbbc08bec0f1d:SMT_KEY:0,0x5422cb136f5f7f196df50637a6dbbbc08bec0f1d,0,balance,20003467
polygon-zkevm:0x5422cb136f5f7f196df50637a6dbbbc08bec0f1d:SMT_KEY:1,0x5422cb136f5f7f196df50637a6dbbbc08bec0f1d,1,nonce,20003467
polygon-zkevm:0x5422cb136f5f7f196df50637a6dbbbc08bec0f1d:SMT_KEY:2,0x5422cb136f5f7f196df50637a6dbbbc08bec0f1d,2,code_hash,20003467
polygon-zkevm:0x5422cb136f5f7f196df50637a6dbbbc08bec0f1d:SMT_KEY:4,0x5422cb136f5f7f196df50637a6dbbbc08bec0f1d,4,code_hash_length,20003467
polygon-zkevm:0x952e99b58ded2ea87753c5da30ec3cb0332c66ad:SMT_KEY:0,0x952e99b58ded2ea87753c5da30ec3cb0332c66ad,0,balance,20003497
polygon-zkevm:0x952e99b58ded2ea87753c5da30ec3cb0332c66ad:SMT_KEY:1,0x952e99b58ded2ea87753c5da30ec3cb0332c66ad,1,nonce,20003497
polygon-zkevm:0x952e99b58ded2ea87753c5da30ec3cb0332c66ad:SMT_KEY:2,0x952e99b58ded2ea87753c5da30ec3cb0332c66ad,2,code_hash,20003497
polygon-zkevm:0x952e99b58ded2ea87753c5da30ec3cb0332c66ad:SMT_KEY:4,0x952e99b58ded2ea87753c5da30ec3cb0332c66ad,4,code_hash_length,20003497
polygon-zkevm:0xf37f2c88cd623c9acdcdc6c316541ae6a48447be:SMT_KEY:0,0xf37f2c88cd623c9acdcdc6c316541ae6a48447be,0,balance,20003497
polygon-zkevm:0xf37f2c88cd623c9acdcdc6c316541ae6a48447be:SMT_KEY:1,0xf37f2c88cd623c9acdcdc6c316541ae6a48447be,1,nonce,20003497
polygon-zkevm:0xf37f2c88cd623c9acdcdc6c316541ae6a48447be:SMT_KEY:2,0xf37f2c88cd623c9acdcdc6c316541ae6a48447be,2,code_hash,20003497
polygon-zkevm:0xf37f2c88cd623c9acdcdc6c316541ae6a48447be:SMT_KEY:4,0xf37f2c88cd623c9acdcdc6c316541ae6a48447be,4,code_hash_length,20003497
polygon-zkevm:0x1412729138834ffa100473cc7a749c7d17fb73b6:SMT_KEY:0,0x1412729138834ffa100473cc7a749c7d17fb73b6,0,balance,20003507
polygon-zkevm:0x1412729138834ffa100473cc7a749c7d17fb73b6:SMT_KEY:1,0x1412729138834ffa100473cc7a749c7d17fb73b6,1,nonce,20003507
polygon-zkevm:0x1412729138834ffa100473cc7a749c7d17fb73b6:SMT_KEY:2,0x1412729138834ffa100473cc7a749c7d17fb73b6,2,code_hash,20003507
polygon-zkevm:0x1412729138834ffa100473cc7a749c7d17fb73b6:SMT_KEY:4,0x1412729138834ffa100473cc7a749c7d17fb73b6,4,code_hash_length,20003507
polygon-zkevm:0x74118f688c1ade603bb9571fa6fcf037cfa49ec7:SMT_KEY:0,0x74118f688c1ade603bb9571fa6fcf037cfa49ec7,0,balance,20003547
polygon-zkevm:0x74118f688c1ade603bb9571fa6fcf037cfa49ec7:SMT_KEY:1,0x74118f688c1ade603bb9571fa6fcf037cfa49ec7,1,nonce,20003547
polygon-zkevm:0x74118f688c1ade603bb9571fa6fcf037cfa49ec7:SMT_KEY:2,0x74118f688c1ade603bb9571fa6fcf037cfa49ec7,2,code_hash,20003547
polygon-zkevm:0x74118f688c1ade603bb9571fa6fcf037cfa49ec7:SMT_KEY:4,0x74118f688c1ade603bb9571fa6fcf037cfa49ec7,4,code_hash_length,20003547
polygon-zkevm:0xdd022973000bed46c97fe5fdc57dfb60d16476de:SMT_KEY:0,0xdd022973000bed46c97fe5fdc57dfb60d16476de,0,balance,20003627
polygon-zkevm:0xdd022973000bed46c97fe5fdc57dfb60d16476de:SMT_KEY:1,0xdd022973000bed46c97fe5fdc57dfb60d16476de,1,nonce,20003627
polygon-zkevm:0xdd022973000bed46c97fe5fdc57dfb60d16476de:SMT_KEY:2,0xdd022973000bed46c97fe5fdc57dfb60d16476de,2,code_hash,20003627
polygon-zkevm:0xdd022973000bed46c97fe5fdc57dfb60d16476de:SMT_KEY:4,0xdd022973000bed46c97fe5fdc57dfb60d16476de,4,code_hash_length,20003627
polygon-zkevm:0x83485525c160ef941de5855422f7077c641d2dfb:SMT_KEY:0,0x83485525c160ef941de5855422f7077c641d2dfb,0,balance,20003647
polygon-zkevm:0x83485525c160ef941de5855422f7077c641d2dfb:SMT_KEY:1,0x83485525c160ef941de5855422f7077c641d2dfb,1,nonce,20003647
polygon-zkevm:0x83485525c160ef941de5855422f7077c641d2dfb:SMT_KEY:2,0x83485525c160ef941de5855422f7077c641d2dfb,2,code_hash,20003647
polygon-zkevm:0x83485525c160ef941de5855422f7077c641d2dfb:SMT_KEY:4,0x83485525c160ef941de5855422f7077c641d2dfb,4,code_hash_length,20003647
polygon-zkevm:0x443341ce6cb98331304851591e53640ad4512954:SMT_KEY:0,0x443341ce6cb98331304851591e53640ad4512954,0,balance,20003687
polygon-zkevm:0x443341ce6cb98331304851591e53640ad4512954:SMT_KEY:1,0x443341ce6cb98331304851591e53640ad4512954,1,nonce,20003687
polygon-zkevm:0x443341ce6cb98331304851591e53640ad4512954:SMT_KEY:2,0x443341ce6cb98331304851591e53640ad4512954,2,code_hash,20003687
polygon-zkevm:0x443341ce6cb98331304851591e53640ad4512954:SMT_KEY:4,0x443341ce6cb98331304851591e53640ad4512954,4,code_hash_length,20003687
polygon-zkevm:0x6c6f2771c00ee087e5ba867c6dfd2d4fa1d04f31:SMT_KEY:0,0x6c6f2771c00ee087e5ba867c6dfd2d4fa1d04f31,0,balance,20003717
polygon-zkevm:0x6c6f2771c00ee087e5ba867c6dfd2d4fa1d04f31:SMT_KEY:1,0x6c6f2771c00ee087e5ba867c6dfd2d4fa1d04f31,1,nonce,20003717
polygon-zkevm:0x6c6f2771c00ee087e5ba867c6dfd2d4fa1d04f31:SMT_KEY:2,0x6c6f2771c00ee087e5ba867c6dfd2d4fa1d04f31,2,code_hash,20003717
polygon-zkevm:0x6c6f2771c00ee087e5ba867c6dfd2d4fa1d04f31:SMT_KEY:4,0x6c6f2771c00ee087e5ba867c6dfd2d4fa1d04f31,4,code_hash_length,20003717
polygon-zkevm:0x0e7197e7200a706e4b8e0ecfd39ef8c45cff1422:SMT_KEY:0,0x0e7197e7200a706e4b8e0ecfd39ef8c45cff1422,0,balance,20003727
polygon-zkevm:0x0e7197e7200a706e4b8e0ecfd39ef8c45cff1422:SMT_KEY:1,0x0e7197e7200a706e4b8e0ecfd39ef8c45cff1422,1,nonce,20003727
polygon-zkevm:0x0e7197e7200a706e4b8e0ecfd39ef8c45cff1422:SMT_KEY:2,0x0e7197e7200a706e4b8e0ecfd39ef8c45cff1422,2,code_hash,20003727
polygon-zkevm:0x0e7197e7200a706e4b8e0ecfd39ef8c45cff1422:SMT_KEY:4,0x0e7197e7200a706e4b8e0ecfd39ef8c45cff1422,4,code_hash_length,20003727
polygon-zkevm:0x982745f0fc2d8f4a12512a8125f23de32eea8f69:SMT_KEY:0,0x982745f0fc2d8f4a12512a8125f23de32eea8f69,0,balance,20003817
polygon-zkevm:0x982745f0fc2d8f4a12512a8125f23de32eea8f69:SMT_KEY:1,0x982745f0fc2d8f4a12512a8125f23de32eea8f69,1,nonce,20003817
polygon-zkevm:0x982745f0fc2d8f4a12512a8125f23de32eea8f69:SMT_KEY:2,0x982745f0fc2d8f4a12512a8125f23de32eea8f69,2,code_hash,20003817
polygon-zkevm:0x982745f0fc2d8f4a12512a8125f23de32eea8f69:SMT_KEY:4,0x982745f0fc2d8f4a12512a8125f23de32eea8f69,4,code_hash_length,20003817
polygon-zkevm:0x4264026182156ef3d331a52be2f2a4cd2928dd92:SMT_KEY:0,0x4264026182156ef3d331a52be2f2a4cd2928dd92,0,balance,20003887
polygon-zkevm:0x4264026182156ef3d331a52be2f2a4cd2928dd92:SMT_KEY:1,0x4264026182156ef3d331a52be2f2a4cd2928dd92,1,nonce,20003887
polygon-zkevm:0x4264026182156ef3d331a52be2f2a4cd2928dd92:SMT_KEY:2,0x4264026182156ef3d331a52be2f2a4cd2928dd92,2,code_hash,20003887
polygon-zkevm:0x4264026182156ef3d331a52be2f2a4cd2928dd92:SMT_KEY:4,0x4264026182156ef3d331a52be2f2a4cd2928dd92,4,code_hash_length,20003887
polygon-zkevm:0x929989f9b25164d3745652037eb3ef0a453e2ece:SMT_KEY:0,0x929989f9b25164d3745652037eb3ef0a453e2ece,0,balance,20003887
polygon-zkevm:0x929989f9b25164d3745652037eb3ef0a453e2ece:SMT_KEY:1,0x929989f9b25164d3745652037eb3ef0a453e2ece,1,nonce,20003887
polygon-zkevm:0x929989f9b25164d3745652037eb3ef0a453e2ece:SMT_KEY:2,0x929989f9b25164d3745652037eb3ef0a453e2ece,2,code_hash,20003887
polygon-zkevm:0x929989f9b25164d3745652037eb3ef0a453e2ece:SMT_KEY:4,0x929989f9b25164d3745652037eb3ef0a453e2ece,4,code_hash_length,20003887
polygon-zkevm:0x3f3623c56cc427ea34d37086a14869957a036a17:SMT_KEY:0,0x3f3623c56cc427ea34d37086a14869957a036a17,0,balance,20003897
polygon-zkevm:0x3f3623c56cc427ea34d37086a14869957a036a17:SMT_KEY:1,0x3f3623c56cc427ea34d37086a14869957a036a17,1,nonce,20003897
polygon-zkevm:0x3f3623c56cc427ea34d37086a14869957a036a17:SMT_KEY:2,0x3f3623c56cc427ea34d37086a14869957a036a17,2,code_hash,20003897
polygon-zkevm:0x3f3623c56cc427ea34d37086a14869957a036a17:SMT_KEY:4,0x3f3623c56cc427ea34d37086a14869957a036a17,4,code_hash_length,20003897
polygon-zkevm:0x46c368c044d921db6e511415f62574f52c647830:SMT_KEY:0,0x46c368c044d921db6e511415f62574f52c647830,0,balance,20003897
polygon-zkevm:0x46c368c044d921db6e511415f62574f52c647830:SMT_KEY:1,0x46c368c044d921db6e511415f62574f52c647830,1,nonce,20003897
polygon-zkevm:0x46c368c044d921db6e511415f62574f52c647830:SMT_KEY:2,0x46c368c044d921db6e511415f62574f52c647830,2,code_hash,20003897
polygon-zkevm:0x46c368c044d921db6e511415f62574f52c647830:SMT_KEY:4,0x46c368c044d921db6e511415f62574f52c647830,4,code_hash_length,20003897
polygon-zkevm:0x631563241c1b8988ba3922255b2fa3b5c231db8b:SMT_KEY:0,0x631563241c1b8988ba3922255b2fa3b5c231db8b,0,balance,20003967
polygon-zkevm:0x631563241c1b8988ba3922255b2fa3b5c231db8b:SMT_KEY:1,0x631563241c1b8988ba3922255b2fa3b5c231db8b,1,nonce,20003967
polygon-zkevm:0x631563241c1b8988ba3922255b2fa3b5c231db8b:SMT_KEY:2,0x631563241c1b8988ba3922255b2fa3b5c231db8b,2,code_hash,20003967
polygon-zkevm:0x631563241c1b8988ba3922255b2fa3b5c231db8b:SMT_KEY:4,0x631563241c1b8988ba3922255b2fa3b5c231db8b,4,code_hash_length,20003967
polygon-zkevm:0x341b1cdcbdc5149de98b49c08905b9f5980162a0:SMT_KEY:0,0x341b1cdcbdc5149de98b49c08905b9f5980162a0,0,balance,20004107
polygon-zkevm:0x341b1cdcbdc5149de98b49c08905b9f5980162a0:SMT_KEY:1,0x341b1cdcbdc5149de98b49c08905b9f5980162a0,1,nonce,20004107
polygon-zkevm:0x341b1cdcbdc5149de98b49c08905b9f5980162a0:SMT_KEY:2,0x341b1cdcbdc5149de98b49c08905b9f5980162a0,2,code_hash,20004107
polygon-zkevm:0x341b1cdcbdc5149de98b49c08905b9f5980162a0:SMT_KEY:4,0x341b1cdcbdc5149de98b49c08905b9f5980162a0,4,code_hash_length,20004107
polygon-zkevm:0xc181c6e0e56e3e59a4fface432355d76164fa64e:SMT_KEY:0,0xc181c6e0e56e3e59a4fface432355d76164fa64e,0,balance,20004177
polygon-zkevm:0xc181c6e0e56e3e59a4fface432355d76164fa64e:SMT_KEY:1,0xc181c6e0e56e3e59a4fface432355d76164fa64e,1,nonce,20004177
polygon-zkevm:0xc181c6e0e56e3e59a4fface432355d76164fa64e:SMT_KEY:2,0xc181c6e0e56e3e59a4fface432355d76164fa64e,2,code_hash,20004177
polygon-zkevm:0xc181c6e0e56e3e59a4fface432355d76164fa64e:SMT_KEY:4,0xc181c6e0e56e3e59a4fface432355d76164fa64e,4,code_hash_length,20004177
polygon-zkevm:0x458069219ced3ca5c8901d0f076b366d7b212a51:SMT_KEY:0,0x458069219ced3ca5c8901d0f076b366d7b212a51,0,balance,20004207
polygon-zkevm:0x458069219ced3ca5c8901d0f076b366d7b212a51:SMT_KEY:1,0x458069219ced3ca5c8901d0f076b366d7b212a51,1,nonce,20004207
polygon-zkevm:0x458069219ced3ca5c8901d0f076b366d7b212a51:SMT_KEY:2,0x458069219ced3ca5c8901d0f076b366d7b212a51,2,code_hash,20004207
polygon-zkevm:0x458069219ced3ca5c8901d0f076b366d7b212a51:SMT_KEY:4,0x458069219ced3ca5c8901d0f076b366d7b212a51,4,code_hash_length,20004207
polygon-zkevm:0x07df55e2ccf35ee71c812f83229d988dd3e85508:SMT_KEY:0,0x07df55e2ccf35ee71c812f83229d988dd3e85508,0,balance,20004317
polygon-zkevm:0x07df55e2ccf35ee71c812f83229d988dd3e85508:SMT_KEY:1,0x07df55e2ccf35ee71c812f83229d988dd3e85508,1,nonce,20004317
polygon-zkevm:0x07df55e2ccf35ee71c812f83229d988dd3e85508:SMT_KEY:2,0x07df55e2ccf35ee71c812f83229d988dd3e85508,2,code_hash,20004317
polygon-zkevm:0x07df55e2ccf35ee71c812f83229d988dd3e85508:SMT_KEY:4,0x07df55e2ccf35ee71c812f83229d988dd3e85508,4,code_hash_length,20004317
polygon-zkevm:0xd717338a8f5f2b58f8eefe6243531108750a61eb:SMT_KEY:0,0xd717338a8f5f2b58f8eefe6243531108750a61eb,0,balance,20004317
polygon-zkevm:0xd717338a8f5f2b58f8eefe6243531108750a61eb:SMT_KEY:1,0xd717338a8f5f2b58f8eefe6243531108750a61eb,1,nonce,20004317
polygon-zkevm:0xd717338a8f5f2b58f8eefe6243531108750a61eb:SMT_KEY:2,0xd717338a8f5f2b58f8eefe6243531108750a61eb,2,code_hash,20004317
polygon-zkevm:0xd717338a8f5f2b58f8eefe6243531108750a61eb:SMT_KEY:4,0xd717338a8f5f2b58f8eefe6243531108750a61eb,4,code_hash_length,20004317
polygon-zkevm:0x6b0125f1356c12fc4cee7e941e03a7bd5b4c8100:SMT_KEY:0,0x6b0125f1356c12fc4cee7e941e03a7bd5b4c8100,0,balance,20004357
polygon-zkevm:0x6b0125f1356c12fc4cee7e941e03a7bd5b4c8100:SMT_KEY:1,0x6b0125f1356c12fc4cee7e941e03a7bd5b4c8100,1,nonce,20004357
polygon-zkevm:0x6b0125f1356c12fc4cee7e941e03a7bd5b4c8100:SMT_KEY:2,0x6b0125f1356c12fc4cee7e941e03a7bd5b4c8100,2,code_hash,20004357
polygon-zkevm:0x6b0125f1356c12fc4cee7e941e03a7bd5b4c8100:SMT_KEY:4,0x6b0125f1356c12fc4cee7e941e03a7bd5b4c8100,4,code_hash_length,20004357
polygon-zkevm:0x9eee81238f87b90644bf089206af0e33cc6441eb:SMT_KEY:0,0x9eee81238f87b90644bf089206af0e33cc6441eb,0,balance,20004547
polygon-zkevm:0x9eee81238f87b90644bf089206af0e33cc6441eb:SMT_KEY:1,0x9eee81238f87b90644bf089206af0e33cc6441eb,1,nonce,20004547
polygon-zkevm:0x9eee81238f87b90644bf089206af0e33cc6441eb:SMT_KEY:2,0x9eee81238f87b90644bf089206af0e33cc6441eb,2,code_hash,20004547
polygon-zkevm:0x9eee81238f87b90644bf089206af0e33cc6441eb:SMT_KEY:4,0x9eee81238f87b90644bf089206af0e33cc6441eb,4,code_hash_length,20004547
polygon-zkevm:0x1572c91d4153317ffd4f5263a61366eda581cb9b:SMT_KEY:0,0x1572c91d4153317ffd4f5263a61366eda581cb9b,0,balance,20004647
polygon-zkevm:0x1572c91d4153317ffd4f5263a61366eda581cb9b:SMT_KEY:1,0x1572c91d4153317ffd4f5263a61366eda581cb9b,1,nonce,20004647
polygon-zkevm:0x1572c91d4153317ffd4f5263a61366eda581cb9b:SMT_KEY:2,0x1572c91d4153317ffd4f5263a61366eda581cb9b,2,code_hash,20004647
polygon-zkevm:0x1572c91d4153317ffd4f5263a61366eda581cb9b:SMT_KEY:4,0x1572c91d4153317ffd4f5263a61366eda581cb9b,4,code_hash_length,20004647
polygon-zkevm:0x35f45f8b5a9b85054deab7e482329c13e324a09a:SMT_KEY:0,0x35f45f8b5a9b85054deab7e482329c13e324a09a,0,balance,20004647
polygon-zkevm:0x35f45f8b5a9b85054deab7e482329c13e324a09a:SMT_KEY:1,0x35f45f8b5a9b85054deab7e482329c13e324a09a,1,nonce,20004647
polygon-zkevm:0x35f45f8b5a9b85054deab7e482329c13e324a09a:SMT_KEY:2,0x35f45f8b5a9b85054deab7e482329c13e324a09a,2,code_hash,20004647
polygon-zkevm:0x35f45f8b5a9b85054deab7e482329c13e324a09a:SMT_KEY:4,0x35f45f8b5a9b85054deab7e482329c13e324a09a,4,code_hash_length,20004647
polygon-zkevm:0x55ebeb5be8948f5c20beb89ab290cee39768c27d:SMT_KEY:0,0x55ebeb5be8948f5c20beb89ab290cee39768c27d,0,balance,20004647
polygon-zkevm:0x55ebeb5be8948f5c20beb89ab290cee39768c27d:SMT_KEY:1,0x55ebeb5be8948f5c20beb89ab290cee39768c27d,1,nonce,20004647
polygon-zkevm:0x55ebeb5be8948f5c20beb89ab290cee39768c27d:SMT_KEY:2,0x55ebeb5be8948f5c20beb89ab290cee39768c27d,2,code_hash,20004647
polygon-zkevm:0x55ebeb5be8948f5c20beb89ab290cee39768c27d:SMT_KEY:4,0x55ebeb5be8948f5c20beb89ab290cee39768c27d,4,code_hash_length,20004647
polygon-zkevm:0x7465ca91ac12bd994bc2f4f5c581997ffe9c0818:SMT_KEY:0,0x7465ca91ac12bd994bc2f4f5c581997ffe9c0818,0,balance,20004647
polygon-zkevm:0x7465ca91ac12bd994bc2f4f5c581997ffe9c0818:SMT_KEY:1,0x7465ca91ac12bd994bc2f4f5c581997ffe9c0818,1,nonce,20004647
polygon-zkevm:0x7465ca91ac12bd994bc2f4f5c581997ffe9c0818:SMT_KEY:2,0x7465ca91ac12bd994bc2f4f5c581997ffe9c0818,2,code_hash,20004647
polygon-zkevm:0x7465ca91ac12bd994bc2f4f5c581997ffe9c0818:SMT_KEY:4,0x7465ca91ac12bd994bc2f4f5c581997ffe9c0818,4,code_hash_length,20004647
polygon-zkevm:0x9a6827b2dac7895694e9601775f2f6712e46c205:SMT_KEY:0,0x9a6827b2dac7895694e9601775f2f6712e46c205,0,balance,20004647
polygon-zkevm:0x9a6827b2dac7895694e9601775f2f6712e46c205:SMT_KEY:1,0x9a6827b2dac7895694e9601775f2f6712e46c205,1,nonce,20004647
polygon-zkevm:0x9a6827b2dac7895694e9601775f2f6712e46c205:SMT_KEY:2,0x9a6827b2dac7895694e9601775f2f6712e46c205,2,code_hash,20004647
polygon-zkevm:0x9a6827b2dac7895694e9601775f2f6712e46c205:SMT_KEY:4,0x9a6827b2dac7895694e9601775f2f6712e46c205,4,code_hash_length,20004647
polygon-zkevm:0x9355e92a77de71f5c0cd49629e8a2507d8f7b050:SMT_KEY:0,0x9355e92a77de71f5c0cd49629e8a2507d8f7b050,0,balance,20004707
polygon-zkevm:0x9355e92a77de71f5c0cd49629e8a2507d8f7b050:SMT_KEY:1,0x9355e92a77de71f5c0cd49629e8a2507d8f7b050,1,nonce,20004707
polygon-zkevm:0x9355e92a77de71f5c0cd49629e8a2507d8f7b050:SMT_KEY:2,0x9355e92a77de71f5c0cd49629e8a2507d8f7b050,2,code_hash,20004707
polygon-zkevm:0x9355e92a77de71f5c0cd49629e8a2507d8f7b050:SMT_KEY:4,0x9355e92a77de71f5c0cd49629e8a2507d8f7b050,4,code_hash_length,20004707
polygon-zkevm:0x875aeb0e758a63a57b5441fddd6fdcac39695b3d:SMT_KEY:0,0x875aeb0e758a63a57b5441fddd6fdcac39695b3d,0,balance,20004737
polygon-zkevm:0x875aeb0e758a63a57b5441fddd6fdcac39695b3d:SMT_KEY:1,0x875aeb0e758a63a57b5441fddd6fdcac39695b3d,1,nonce,20004737
polygon-zkevm:0x875aeb0e758a63a57b5441fddd6fdcac39695b3d:SMT_KEY:2,0x875aeb0e758a63a57b5441fddd6fdcac39695b3d,2,code_hash,20004737
polygon-zkevm:0x875aeb0e758a63a57b5441fddd6fdcac39695b3d:SMT_KEY:4,0x875aeb0e758a63a57b5441fddd6fdcac39695b3d,4,code_hash_length,20004737
polygon-zkevm:0x78be015f3f650836869611226c398a3f9df5d403:SMT_KEY:0,0x78be015f3f650836869611226c398a3f9df5d403,0,balance,20004747
polygon-zkevm:0x78be015f3f650836869611226c398a3f9df5d403:SMT_KEY:1,0x78be015f3f650836869611226c398a3f9df5d403,1,nonce,20004747
polygon-zkevm:0x78be015f3f650836869611226c398a3f9df5d403:SMT_KEY:2,0x78be015f3f650836869611226c398a3f9df5d403,2,code_hash,20004747
polygon-zkevm:0x78be015f3f650836869611226c398a3f9df5d403:SMT_KEY:4,0x78be015f3f650836869611226c398a3f9df5d403,4,code_hash_length,20004747
polygon-zkevm:0x93ef7f5c07063fb0bbeb198b88ad5fa84cb10f22:SMT_KEY:0,0x93ef7f5c07063fb0bbeb198b88ad5fa84cb10f22,0,balance,20004877
polygon-zkevm:0x93ef7f5c07063fb0bbeb198b88ad5fa84cb10f22:SMT_KEY:1,0x93ef7f5c07063fb0bbeb198b88ad5fa84cb10f22,1,nonce,20004877
polygon-zkevm:0x93ef7f5c07063fb0bbeb198b88ad5fa84cb10f22:SMT_KEY:2,0x93ef7f5c07063fb0bbeb198b88ad5fa84cb10f22,2,code_hash,20004877
polygon-zkevm:0x93ef7f5c07063fb0bbeb198b88ad5fa84cb10f22:SMT_KEY:4,0x93ef7f5c07063fb0bbeb198b88ad5fa84cb10f22,4,code_hash_length,20004877
polygon-zkevm:0x54ccdce5025e9ea9eaf378d486954374b07ee2ed:SMT_KEY:0,0x54ccdce5025e9ea9eaf378d486954374b07ee2ed,0,balance,20005027
polygon-zkevm:0x54ccdce5025e9ea9eaf378d486954374b07ee2ed:SMT_KEY:1,0x54ccdce5025e9ea9eaf378d486954374b07ee2ed,1,nonce,20005027
polygon-zkevm:0x54ccdce5025e9ea9eaf378d486954374b07ee2ed:SMT_KEY:2,0x54ccdce5025e9ea9eaf378d486954374b07ee2ed,2,code_hash,20005027
polygon-zkevm:0x54ccdce5025e9ea9eaf378d486954374b07ee2ed:SMT_KEY:4,0x54ccdce5025e9ea9eaf378d486954374b07ee2ed,4,code_hash_length,20005027
polygon-zkevm:0x535bf8270487536663a6a5b0db5f429e6ba6bc8c:SMT_KEY:0,0x535bf8270487536663a6a5b0db5f429e6ba6bc8c,0,balance,20005067
polygon-zkevm:0x535bf8270487536663a6a5b0db5f429e6ba6bc8c:SMT_KEY:1,0x535bf8270487536663a6a5b0db5f429e6ba6bc8c,1,nonce,20005067
polygon-zkevm:0x535bf8270487536663a6a5b0db5f429e6ba6bc8c:SMT_KEY:2,0x535bf8270487536663a6a5b0db5f429e6ba6bc8c,2,code_hash,20005067
polygon-zkevm:0x535bf8270487536663a6a5b0db5f429e6ba6bc8c:SMT_KEY:4,0x535bf8270487536663a6a5b0db5f429e6ba6bc8c,4,code_hash_length,20005067
polygon-zkevm:0xc626845bf4e6a5802ef774da0b3dfc6707f015f7:SMT_KEY:0,0xc626845bf4e6a5802ef774da0b3dfc6707f015f7,0,balance,20005067
polygon-zkevm:0xc626845bf4e6a5802ef774da0b3dfc6707f015f7:SMT_KEY:1,0xc626845bf4e6a5802ef774da0b3dfc6707f015f7,1,nonce,20005067
polygon-zkevm:0xc626845bf4e6a5802ef774da0b3dfc6707f015f7:SMT_KEY:2,0xc626845bf4e6a5802ef774da0b3dfc6707f015f7,2,code_hash,20005067
polygon-zkevm:0xc626845bf4e6a5802ef774da0b3dfc6707f015f7:SMT_KEY:4,0xc626845bf4e6a5802ef774da0b3dfc6707f015f7,4,code_hash_length,20005067
polygon-zkevm:0x7cfe310b31c71c45a8141326cb73f7e248a42bd1:SMT_KEY:0,0x7cfe310b31c71c45a8141326cb73f7e248a42bd1,0,balance,20005107
polygon-zkevm:0x7cfe310b31c71c45a8141326cb73f7e248a42bd1:SMT_KEY:1,0x7cfe310b31c71c45a8141326cb73f7e248a42bd1,1,nonce,20005107
polygon-zkevm:0x7cfe310b31c71c45a8141326cb73f7e248a42bd1:SMT_KEY:2,0x7cfe310b31c71c45a8141326cb73f7e248a42bd1,2,code_hash,20005107
polygon-zkevm:0x7cfe310b31c71c45a8141326cb73f7e248a42bd1:SMT_KEY:4,0x7cfe310b31c71c45a8141326cb73f7e248a42bd1,4,code_hash_length,20005107
polygon-zkevm:0x1b24b533f5723122917daa5e15f74ba9d121bf2a:SMT_KEY:0,0x1b24b533f5723122917daa5e15f74ba9d121bf2a,0,balance,20005207
polygon-zkevm:0x1b24b533f5723122917daa5e15f74ba9d121bf2a:SMT_KEY:1,0x1b24b533f5723122917daa5e15f74ba9d121bf2a,1,nonce,20005207
polygon-zkevm:0x1b24b533f5723122917daa5e15f74ba9d121bf2a:SMT_KEY:2,0x1b24b533f5723122917daa5e15f74ba9d121bf2a,2,code_hash,20005207
polygon-zkevm:0x1b24b533f5723122917daa5e15f74ba9d121bf2a:SMT_KEY:4,0x1b24b533f5723122917daa5e15f74ba9d121bf2a,4,code_hash_length,20005207
polygon-zkevm:0x255f526483435c4b62dcd05c7cfcc83f8c23a416:SMT_KEY:0,0x255f526483435c4b62dcd05c7cfcc83f8c23a416,0,balance,20005297
polygon-zkevm:0x255f526483435c4b62dcd05c7cfcc83f8c23a416:SMT_KEY:1,0x255f526483435c4b62dcd05c7cfcc83f8c23a416,1,nonce,20005297
polygon-zkevm:0x255f526483435c4b62dcd05c7cfcc83f8c23a416:SMT_KEY:2,0x255f526483435c4b62dcd05c7cfcc83f8c23a416,2,code_hash,20005297
polygon-zkevm:0x255f526483435c4b62dcd05c7cfcc83f8c23a416:SMT_KEY:4,0x255f526483435c4b62dcd05c7cfcc83f8c23a416,4,code_hash_length,20005297
polygon-zkevm:0x4994ade96702fadcdc1946e9349a8f86e226158a:SMT_KEY:0,0x4994ade96702fadcdc1946e9349a8f86e226158a,0,balance,20005297
polygon-zkevm:0x4994ade96702fadcdc1946e9349a8f86e226158a:SMT_KEY:1,0x4994ade96702fadcdc1946e9349a8f86e226158a,1,nonce,20005297
polygon-zkevm:0x4994ade96702fadcdc1946e9349a8f86e226158a:SMT_KEY:2,0x4994ade96702fadcdc1946e9349a8f86e226158a,2,code_hash,20005297
polygon-zkevm:0x4994ade96702fadcdc1946e9349a8f86e226158a:SMT_KEY:4,0x4994ade96702fadcdc1946e9349a8f86e226158a,4,code_hash_length,20005297
polygon-zkevm:0x72a668de8be5a112e2310ff5036307f90ecae8ab:SMT_KEY:0,0x72a668de8be5a112e2310ff5036307f90ecae8ab,0,balance,20005297
polygon-zkevm:0x72a668de8be5a112e2310ff5036307f90ecae8ab:SMT_KEY:1,0x72a668de8be5a112e2310ff5036307f90ecae8ab,1,nonce,20005297
polygon-zkevm:0x72a668de8be5a112e2310ff5036307f90ecae8ab:SMT_KEY:2,0x72a668de8be5a112e2310ff5036307f90ecae8ab,2,code_hash,20005297
polygon-zkevm:0x72a668de8be5a112e2310ff5036307f90ecae8ab:SMT_KEY:4,0x72a668de8be5a112e2310ff5036307f90ecae8ab,4,code_hash_length,20005297
polygon-zkevm:0xc97a976de4da53b031e34c4f19a9e02c3c542704:SMT_KEY:0,0xc97a976de4da53b031e34c4f19a9e02c3c542704,0,balance,20005427
polygon-zkevm:0xc97a976de4da53b031e34c4f19a9e02c3c542704:SMT_KEY:1,0xc97a976de4da53b031e34c4f19a9e02c3c542704,1,nonce,20005427
polygon-zkevm:0xc97a976de4da53b031e34c4f19a9e02c3c542704:SMT_KEY:2,0xc97a976de4da53b031e34c4f19a9e02c3c542704,2,code_hash,20005427
polygon-zkevm:0xc97a976de4da53b031e34c4f19a9e02c3c542704:SMT_KEY:4,0xc97a976de4da53b031e34c4f19a9e02c3c542704,4,code_hash_length,20005427
polygon-zkevm:0x7a5008ad7ed34c0764047eba1dd952770581c0eb:SMT_KEY:0,0x7a5008ad7ed34c0764047eba1dd952770581c0eb,0,balance,20005437
polygon-zkevm:0x7a5008ad7ed34c0764047eba1dd952770581c0eb:SMT_KEY:1,0x7a5008ad7ed34c0764047eba1dd952770581c0eb,1,nonce,20005437
polygon-zkevm:0x7a5008ad7ed34c0764047eba1dd952770581c0eb:SMT_KEY:2,0x7a5008ad7ed34c0764047eba1dd952770581c0eb,2,code_hash,20005437
polygon-zkevm:0x7a5008ad7ed34c0764047eba1dd952770581c0eb:SMT_KEY:4,0x7a5008ad7ed34c0764047eba1dd952770581c0eb,4,code_hash_length,20005437
polygon-zkevm:0xe21dee010b5309e3ea85606d02ef2d89e8dcc024:SMT_KEY:0,0xe21dee010b5309e3ea85606d02ef2d89e8dcc024,0,balance,20005457
polygon-zkevm:0xe21dee010b5309e3ea85606d02ef2d89e8dcc024:SMT_KEY:1,0xe21dee010b5309e3ea85606d02ef2d89e8dcc024,1,nonce,20005457
polygon-zkevm:0xe21dee010b5309e3ea85606d02ef2d89e8dcc024:SMT_KEY:2,0xe21dee010b5309e3ea85606d02ef2d89e8dcc024,2,code_hash,20005457
polygon-zkevm:0xe21dee010b5309e3ea85606d02ef2d89e8dcc024:SMT_KEY:4,0xe21dee010b5309e3ea85606d02ef2d89e8dcc024,4,code_hash_length,20005457
polygon-zkevm:0x623777cc098c6058a46cf7530f45150ff6a8459d:SMT_KEY:0,0x623777cc098c6058a46cf7530f45150ff6a8459d,0,balance,20005507
polygon-zkevm:0x623777cc098c6058a46cf7530f45150ff6a8459d:SMT_KEY:1,0x623777cc098c6058a46cf7530f45150ff6a8459d,1,nonce,20005507
polygon-zkevm:0x623777cc098c6058a46cf7530f45150ff6a8459d:SMT_KEY:2,0x623777cc098c6058a46cf7530f45150ff6a8459d,2,code_hash,20005507
polygon-zkevm:0x623777cc098c6058a46cf7530f45150ff6a8459d:SMT_KEY:4,0x623777cc098c6058a46cf7530f45150ff6a8459d,4,code_hash_length,20005507
polygon-zkevm:0xb7c1c4290946efc9fb8e4c47a65899f98f448272:SMT_KEY:0,0xb7c1c4290946efc9fb8e4c47a65899f98f448272,0,balance,20005507
polygon-zkevm:0xb7c1c4290946efc9fb8e4c47a65899f98f448272:SMT_KEY:1,0xb7c1c4290946efc9fb8e4c47a65899f98f448272,1,nonce,20005507
polygon-zkevm:0xb7c1c4290946efc9fb8e4c47a65899f98f448272:SMT_KEY:2,0xb7c1c4290946efc9fb8e4c47a65899f98f448272,2,code_hash,20005507
polygon-zkevm:0xb7c1c4290946efc9fb8e4c47a65899f98f448272:SMT_KEY:4,0xb7c1c4290946efc9fb8e4c47a65899f98f448272,4,code_hash_length,20005507
polygon-zkevm:0xa214aed7cf1982d5e342fd93711a49153623f953:SMT_KEY:0,0xa214aed7cf1982d5e342fd93711a49153623f953,0,balance,20005537
polygon-zkevm:0xa214aed7cf1982d5e342fd93711a49153623f953:SMT_KEY:1,0xa214aed7cf1982d5e342fd93711a49153623f953,1,nonce,20005537
polygon-zkevm:0xa214aed7cf1982d5e342fd93711a49153623f953:SMT_KEY:2,0xa214aed7cf1982d5e342fd93711a49153623f953,2,code_hash,20005537
polygon-zkevm:0xa214aed7cf1982d5e342fd93711a49153623f953:SMT_KEY:4,0xa214aed7cf1982d5e342fd93711a49153623f953,4,code_hash_length,20005537
polygon-zkevm:0x784c9b65be4f8d37329bd3b60f2dbbc8ed8efcfb:SMT_KEY:0,0x784c9b65be4f8d37329bd3b60f2dbbc8ed8efcfb,0,balance,20005547
polygon-zkevm:0x784c9b65be4f8d37329bd3b60f2dbbc8ed8efcfb:SMT_KEY:1,0x784c9b65be4f8d37329bd3b60f2dbbc8ed8efcfb,1,nonce,20005547
polygon-zkevm:0x784c9b65be4f8d37329bd3b60f2dbbc8ed8efcfb:SMT_KEY:2,0x784c9b65be4f8d37329bd3b60f2dbbc8ed8efcfb,2,code_hash,20005547
polygon-zkevm:0x784c9b65be4f8d37329bd3b60f2dbbc8ed8efcfb:SMT_KEY:4,0x784c9b65be4f8d37329bd3b60f2dbbc8ed8efcfb,4,code_hash_length,20005547
polygon-zkevm:0x55cf851bbea90c64d97003258f18ed6643f3d4bb:SMT_KEY:0,0x55cf851bbea90c64d97003258f18ed6643f3d4bb,0,balance,20005577
polygon-zkevm:0x55cf851bbea90c64d97003258f18ed6643f3d4bb:SMT_KEY:1,0x55cf851bbea90c64d97003258f18ed6643f3d4bb,1,nonce,20005577
polygon-zkevm:0x55cf851bbea90c64d97003258f18ed6643f3d4bb:SMT_KEY:2,0x55cf851bbea90c64d97003258f18ed6643f3d4bb,2,code_hash,20005577
polygon-zkevm:0x55cf851bbea90c64d97003258f18ed6643f3d4bb:SMT_KEY:4,0x55cf851bbea90c64d97003258f18ed6643f3d4bb,4,code_hash_length,20005577
polygon-zkevm:0x75359fcd3b430284e5d5e24bdc23526c6dede9a7:SMT_KEY:0,0x75359fcd3b430284e5d5e24bdc23526c6dede9a7,0,balance,20005577
polygon-zkevm:0x75359fcd3b430284e5d5e24bdc23526c6dede9a7:SMT_KEY:1,0x75359fcd3b430284e5d5e24bdc23526c6dede9a7,1,nonce,20005577
polygon-zkevm:0x75359fcd3b430284e5d5e24bdc23526c6dede9a7:SMT_KEY:2,0x75359fcd3b430284e5d5e24bdc23526c6dede9a7,2,code_hash,20005577
polygon-zkevm:0x75359fcd3b430284e5d5e24bdc23526c6dede9a7:SMT_KEY:4,0x75359fcd3b430284e5d5e24bdc23526c6dede9a7,4,code_hash_length,20005577
polygon-zkevm:0x77a917df7a084b7b3e43517ae28373c2a5492625:SMT_KEY:0,0x77a917df7a084b7b3e43517ae28373c2a5492625,0,balance,20005577
polygon-zkevm:0x77a917df7a084b7b3e43517ae28373c2a5492625:SMT_KEY:1,0x77a917df7a084b7b3e43517ae28373c2a5492625,1,nonce,20005577
polygon-zkevm:0x77a917df7a084b7b3e43517ae28373c2a5492625:SMT_KEY:2,0x77a917df7a084b7b3e43517ae28373c2a5492625,2,code_hash,20005577
polygon-zkevm:0x77a917df7a084b7b3e43517ae28373c2a5492625:SMT_KEY:4,0x77a917df7a084b7b3e43517ae28373c2a5492625,4,code_hash_length,20005577
polygon-zkevm:0x41af65a0c5a93c9593279e19236a46af9352fdb1:SMT_KEY:0,0x41af65a0c5a93c9593279e19236a46af9352fdb1,0,balance,20005587
polygon-zkevm:0x41af65a0c5a93c9593279e19236a46af9352fdb1:SMT_KEY:1,0x41af65a0c5a93c9593279e19236a46af9352fdb1,1,nonce,20005587
polygon-zkevm:0x41af65a0c5a93c9593279e19236a46af9352fdb1:SMT_KEY:2,0x41af65a0c5a93c9593279e19236a46af9352fdb1,2,code_hash,20005587
polygon-zkevm:0x41af65a0c5a93c9593279e19236a46af9352fdb1:SMT_KEY:4,0x41af65a0c5a93c9593279e19236a46af9352fdb1,4,code_hash_length,20005587
polygon-zkevm:0x7ee5c226a46b2c4c8a0487ab23a9d3ffe50fd4de:SMT_KEY:0,0x7ee5c226a46b2c4c8a0487ab23a9d3ffe50fd4de,0,balance,20005737
polygon-zkevm:0x7ee5c226a46b2c4c8a0487ab23a9d3ffe50fd4de:SMT_KEY:1,0x7ee5c226a46b2c4c8a0487ab23a9d3ffe50fd4de,1,nonce,20005737
polygon-zkevm:0x7ee5c226a46b2c4c8a0487ab23a9d3ffe50fd4de:SMT_KEY:2,0x7ee5c226a46b2c4c8a0487ab23a9d3ffe50fd4de,2,code_hash,20005737
polygon-zkevm:0x7ee5c226a46b2c4c8a0487ab23a9d3ffe50fd4de:SMT_KEY:4,0x7ee5c226a46b2c4c8a0487ab23a9d3ffe50fd4de,4,code_hash_length,20005737
polygon-zkevm:0x16c56709bd3ee083e2cc7b10d230a1b05d372218:SMT_KEY:0,0x16c56709bd3ee083e2cc7b10d230a1b05d372218,0,balance,20005807
polygon-zkevm:0x16c56709bd3ee083e2cc7b10d230a1b05d372218:SMT_KEY:1,0x16c56709bd3ee083e2cc7b10d230a1b05d372218,1,nonce,20005807
polygon-zkevm:0x16c56709bd3ee083e2cc7b10d230a1b05d372218:SMT_KEY:2,0x16c56709bd3ee083e2cc7b10d230a1b05d372218,2,code_hash,20005807
polygon-zkevm:0x16c56709bd3ee083e2cc7b10d230a1b05d372218:SMT_KEY:4,0x16c56709bd3ee083e2cc7b10d230a1b05d372218,4,code_hash_length,20005807
polygon-zkevm:0x2ec4c8ebf7be5d8d37073919d18c21ef71f93e97:SMT_KEY:0,0x2ec4c8ebf7be5d8d37073919d18c21ef71f93e97,0,balance,20005817
polygon-zkevm:0x2ec4c8ebf7be5d8d37073919d18c21ef71f93e97:SMT_KEY:1,0x2ec4c8ebf7be5d8d37073919d18c21ef71f93e97,1,nonce,20005817
polygon-zkevm:0x2ec4c8ebf7be5d8d37073919d18c21ef71f93e97:SMT_KEY:2,0x2ec4c8ebf7be5d8d37073919d18c21ef71f93e97,2,code_hash,20005817
polygon-zkevm:0x2ec4c8ebf7be5d8d37073919d18c21ef71f93e97:SMT_KEY:4,0x2ec4c8ebf7be5d8d37073919d18c21ef71f93e97,4,code_hash_length,20005817
polygon-zkevm:0xc2c007352c00fefa1a4752a28658705168abd873:SMT_KEY:0,0xc2c007352c00fefa1a4752a28658705168abd873,0,balance,20005817
polygon-zkevm:0xc2c007352c00fefa1a4752a28658705168abd873:SMT_KEY:1,0xc2c007352c00fefa1a4752a28658705168abd873,1,nonce,20005817
polygon-zkevm:0xc2c007352c00fefa1a4752a28658705168abd873:SMT_KEY:2,0xc2c007352c00fefa1a4752a28658705168abd873,2,code_hash,20005817
polygon-zkevm:0xc2c007352c00fefa1a4752a28658705168abd873:SMT_KEY:4,0xc2c007352c00fefa1a4752a28658705168abd873,4,code_hash_length,20005817
polygon-zkevm:0xcb5c86e4333114b7dfde0c1274ca579ef2013b5a:SMT_KEY:0,0xcb5c86e4333114b7dfde0c1274ca579ef2013b5a,0,balance,20005817
polygon-zkevm:0xcb5c86e4333114b7dfde0c1274ca579ef2013b5a:SMT_KEY:1,0xcb5c86e4333114b7dfde0c1274ca579ef2013b5a,1,nonce,20005817
polygon-zkevm:0xcb5c86e4333114b7dfde0c1274ca579ef2013b5a:SMT_KEY:2,0xcb5c86e4333114b7dfde0c1274ca579ef2013b5a,2,code_hash,20005817
polygon-zkevm:0xcb5c86e4333114b7dfde0c1274ca579ef2013b5a:SMT_KEY:4,0xcb5c86e4333114b7dfde0c1274ca579ef2013b5a,4,code_hash_length,20005817
polygon-zkevm:0x88ff654e88974fa6b2828d766b8ea16f59680e4d:SMT_KEY:0,0x88ff654e88974fa6b2828d766b8ea16f59680e4d,0,balance,20005877
polygon-zkevm:0x88ff654e88974fa6b2828d766b8ea16f59680e4d:SMT_KEY:1,0x88ff654e88974fa6b2828d766b8ea16f59680e4d,1,nonce,20005877
polygon-zkevm:0x88ff654e88974fa6b2828d766b8ea16f59680e4d:SMT_KEY:2,0x88ff654e88974fa6b2828d766b8ea16f59680e4d,2,code_hash,20005877
polygon-zkevm:0x88ff654e88974fa6b2828d766b8ea16f59680e4d:SMT_KEY:4,0x88ff654e88974fa6b2828d766b8ea16f59680e4d,4,code_hash_length,20005877
polygon-zkevm:0x2988d030b060ec8c226eebad66682e5b0c717424:SMT_KEY:0,0x2988d030b060ec8c226eebad66682e5b0c717424,0,balance,20005997
polygon-zkevm:0x2988d030b060ec8c226eebad66682e5b0c717424:SMT_KEY:1,0x2988d030b060ec8c226eebad66682e5b0c717424,1,nonce,20005997
polygon-zkevm:0x2988d030b060ec8c226eebad66682e5b0c717424:SMT_KEY:2,0x2988d030b060ec8c226eebad66682e5b0c717424,2,code_hash,20005997
polygon-zkevm:0x2988d030b060ec8c226eebad66682e5b0c717424:SMT_KEY:4,0x2988d030b060ec8c226eebad66682e5b0c717424,4,code_hash_length,20005997
polygon-zkevm:0x256efafed786d24163bedf15d583ea5dbdb4757c:SMT_KEY:0,0x256efafed786d24163bedf15d583ea5dbdb4757c,0,balance,20006047
polygon-zkevm:0x256efafed786d24163bedf15d583ea5dbdb4757c:SMT_KEY:1,0x256efafed786d24163bedf15d583ea5dbdb4757c,1,nonce,20006047
polygon-zkevm:0x256efafed786d24163bedf15d583ea5dbdb4757c:SMT_KEY:2,0x256efafed786d24163bedf15d583ea5dbdb4757c,2,code_hash,20006047
polygon-zkevm:0x256efafed786d24163bedf15d583ea5dbdb4757c:SMT_KEY:4,0x256efafed786d24163bedf15d583ea5dbdb4757c,4,code_hash_length,20006047
polygon-zkevm:0x415669455d93b755efe7f20ef6f1dbdce7f68f7d:SMT_KEY:0,0x415669455d93b755efe7f20ef6f1dbdce7f68f7d,0,balance,20006047
polygon-zkevm:0x415669455d93b755efe7f20ef6f1dbdce7f68f7d:SMT_KEY:1,0x415669455d93b755efe7f20ef6f1dbdce7f68f7d,1,nonce,20006047
polygon-zkevm:0x415669455d93b755efe7f20ef6f1dbdce7f68f7d:SMT_KEY:2,0x415669455d93b755efe7f20ef6f1dbdce7f68f7d,2,code_hash,20006047
polygon-zkevm:0x415669455d93b755efe7f20ef6f1dbdce7f68f7d:SMT_KEY:4,0x415669455d93b755efe7f20ef6f1dbdce7f68f7d,4,code_hash_length,20006047
polygon-zkevm:0x30e3257b88a8ddbdc952f0f9e7694dca3a3196fe:SMT_KEY:0,0x30e3257b88a8ddbdc952f0f9e7694dca3a3196fe,0,balance,20006067
polygon-zkevm:0x30e3257b88a8ddbdc952f0f9e7694dca3a3196fe:SMT_KEY:1,0x30e3257b88a8ddbdc952f0f9e7694dca3a3196fe,1,nonce,20006067
polygon-zkevm:0x30e3257b88a8ddbdc952f0f9e7694dca3a3196fe:SMT_KEY:2,0x30e3257b88a8ddbdc952f0f9e7694dca3a3196fe,2,code_hash,20006067
polygon-zkevm:0x30e3257b88a8ddbdc952f0f9e7694dca3a3196fe:SMT_KEY:4,0x30e3257b88a8ddbdc952f0f9e7694dca3a3196fe,4,code_hash_length,20006067
polygon-zkevm:0xa65755a01ef7c3d6d3f76c28b30103f2073e5d35:SMT_KEY:0,0xa65755a01ef7c3d6d3f76c28b30103f2073e5d35,0,balance,20006067
polygon-zkevm:0xa65755a01ef7c3d6d3f76c28b30103f2073e5d35:SMT_KEY:1,0xa65755a01ef7c3d6d3f76c28b30103f2073e5d35,1,nonce,20006067
polygon-zkevm:0xa65755a01ef7c3d6d3f76c28b30103f2073e5d35:SMT_KEY:2,0xa65755a01ef7c3d6d3f76c28b30103f2073e5d35,2,code_hash,20006067
polygon-zkevm:0xa65755a01ef7c3d6d3f76c28b30103f2073e5d35:SMT_KEY:4,0xa65755a01ef7c3d6d3f76c28b30103f2073e5d35,4,code_hash_length,20006067
polygon-zkevm:0xa66105eff43b29c43d28102de44907a116bdf2af:SMT_KEY:0,0xa66105eff43b29c43d28102de44907a116bdf2af,0,balance,20006147
polygon-zkevm:0xa66105eff43b29c43d28102de44907a116bdf2af:SMT_KEY:1,0xa66105eff43b29c43d28102de44907a116bdf2af,1,nonce,20006147
polygon-zkevm:0xa66105eff43b29c43d28102de44907a116bdf2af:SMT_KEY:2,0xa66105eff43b29c43d28102de44907a116bdf2af,2,code_hash,20006147
polygon-zkevm:0xa66105eff43b29c43d28102de44907a116bdf2af:SMT_KEY:4,0xa66105eff43b29c43d28102de44907a116bdf2af,4,code_hash_length,20006147
polygon-zkevm:0xd34792f7369ebd31dfe163febd0198825ccfaef3:SMT_KEY:0,0xd34792f7369ebd31dfe163febd0198825ccfaef3,0,balance,20006147
polygon-zkevm:0xd34792f7369ebd31dfe163febd0198825ccfaef3:SMT_KEY:1,0xd34792f7369ebd31dfe163febd0198825ccfaef3,1,nonce,20006147
polygon-zkevm:0xd34792f7369ebd31dfe163febd0198825ccfaef3:SMT_KEY:2,0xd34792f7369ebd31dfe163febd0198825ccfaef3,2,code_hash,20006147
polygon-zkevm:0xd34792f7369ebd31dfe163febd0198825ccfaef3:SMT_KEY:4,0xd34792f7369ebd31dfe163febd0198825ccfaef3,4,code_hash_length,20006147
polygon-zkevm:0x2e1b4703c82141d641c7157a67230e804075d40c:SMT_KEY:0,0x2e1b4703c82141d641c7157a67230e804075d40c,0,balance,20006167
polygon-zkevm:0x2e1b4703c82141d641c7157a67230e804075d40c:SMT_KEY:1,0x2e1b4703c82141d641c7157a67230e804075d40c,1,nonce,20006167
polygon-zkevm:0x2e1b4703c82141d641c7157a67230e804075d40c:SMT_KEY:2,0x2e1b4703c82141d641c7157a67230e804075d40c,2,code_hash,20006167
polygon-zkevm:0x2e1b4703c82141d641c7157a67230e804075d40c:SMT_KEY:4,0x2e1b4703c82141d641c7157a67230e804075d40c,4,code_hash_length,20006167
polygon-zkevm:0x9c012c259439b30938a7ff5612a5f4add42b9cff:SMT_KEY:0,0x9c012c259439b30938a7ff5612a5f4add42b9cff,0,balance,20006387
polygon-zkevm:0x9c012c259439b30938a7ff5612a5f4add42b9cff:SMT_KEY:1,0x9c012c259439b30938a7ff5612a5f4add42b9cff,1,nonce,20006387
polygon-zkevm:0x9c012c259439b30938a7ff5612a5f4add42b9cff:SMT_KEY:2,0x9c012c259439b30938a7ff5612a5f4add42b9cff,2,code_hash,20006387
polygon-zkevm:0x9c012c259439b30938a7ff5612a5f4add42b9cff:SMT_KEY:4,0x9c012c259439b30938a7ff5612a5f4add42b9cff,4,code_hash_length,20006387
polygon-zkevm:0xf658deaed035cb2d88185070f4dfe289725af8f7:SMT_KEY:0,0xf658deaed035cb2d88185070f4dfe289725af8f7,0,balance,20006437
polygon-zkevm:0xf658deaed035cb2d88185070f4dfe289725af8f7:SMT_KEY:1,0xf658deaed035cb2d88185070f4dfe289725af8f7,1,nonce,20006437
polygon-zkevm:0xf658deaed035cb2d88185070f4dfe289725af8f7:SMT_KEY:2,0xf658deaed035cb2d88185070f4dfe289725af8f7,2,code_hash,20006437
polygon-zkevm:0xf658deaed035cb2d88185070f4dfe289725af8f7:SMT_KEY:4,0xf658deaed035cb2d88185070f4dfe289725af8f7,4,code_hash_length,20006437
polygon-zkevm:0x38ddff5444d58b78e8179466cb7eb1ff0efa839f:SMT_KEY:0,0x38ddff5444d58b78e8179466cb7eb1ff0efa839f,0,balance,20006497
polygon-zkevm:0x38ddff5444d58b78e8179466cb7eb1ff0efa839f:SMT_KEY:1,0x38ddff5444d58b78e8179466cb7eb1ff0efa839f,1,nonce,20006497
polygon-zkevm:0x38ddff5444d58b78e8179466cb7eb1ff0efa839f:SMT_KEY:2,0x38ddff5444d58b78e8179466cb7eb1ff0efa839f,2,code_hash,20006497
polygon-zkevm:0x38ddff5444d58b78e8179466cb7eb1ff0efa839f:SMT_KEY:4,0x38ddff5444d58b78e8179466cb7eb1ff0efa839f,4,code_hash_length,20006497
polygon-zkevm:0xa62ef2b89003eb40a9f51d674d02a7fad6bb41db:SMT_KEY:0,0xa62ef2b89003eb40a9f51d674d02a7fad6bb41db,0,balance,20006507
polygon-zkevm:0xa62ef2b89003eb40a9f51d674d02a7fad6bb41db:SMT_KEY:1,0xa62ef2b89003eb40a9f51d674d02a7fad6bb41db,1,nonce,20006507
polygon-zkevm:0xa62ef2b89003eb40a9f51d674d02a7fad6bb41db:SMT_KEY:2,0xa62ef2b89003eb40a9f51d674d02a7fad6bb41db,2,code_hash,20006507
polygon-zkevm:0xa62ef2b89003eb40a9f51d674d02a7fad6bb41db:SMT_KEY:4,0xa62ef2b89003eb40a9f51d674d02a7fad6bb41db,4,code_hash_length,20006507
polygon-zkevm:0x6fc524108f1579155bc10fa6985f3e63ba91dd3f:SMT_KEY:0,0x6fc524108f1579155bc10fa6985f3e63ba91dd3f,0,balance,20006547
polygon-zkevm:0x6fc524108f1579155bc10fa6985f3e63ba91dd3f:SMT_KEY:1,0x6fc524108f1579155bc10fa6985f3e63ba91dd3f,1,nonce,20006547
polygon-zkevm:0x6fc524108f1579155bc10fa6985f3e63ba91dd3f:SMT_KEY:2,0x6fc524108f1579155bc10fa6985f3e63ba91dd3f,2,code_hash,20006547
polygon-zkevm:0x6fc524108f1579155bc10fa6985f3e63ba91dd3f:SMT_KEY:4,0x6fc524108f1579155bc10fa6985f3e63ba91dd3f,4,code_hash_length,20006547
polygon-zkevm:0x083c828b221b126965a146658d4e512337182df1:SMT_KEY:0,0x083c828b221b126965a146658d4e512337182df1,0,balance,20006727
polygon-zkevm:0x083c828b221b126965a146658d4e512337182df1:SMT_KEY:1,0x083c828b221b126965a146658d4e512337182df1,1,nonce,20006727
polygon-zkevm:0x083c828b221b126965a146658d4e512337182df1:SMT_KEY:2,0x083c828b221b126965a146658d4e512337182df1,2,code_hash,20006727
polygon-zkevm:0x083c828b221b126965a146658d4e512337182df1:SMT_KEY:4,0x083c828b221b126965a146658d4e512337182df1,4,code_hash_length,20006727
polygon-zkevm:0x29e866a8471da4f89b4aff3fd41c801d8027058b:SMT_KEY:0,0x29e866a8471da4f89b4aff3fd41c801d8027058b,0,balance,20006827
polygon-zkevm:0x29e866a8471da4f89b4aff3fd41c801d8027058b:SMT_KEY:1,0x29e866a8471da4f89b4aff3fd41c801d8027058b,1,nonce,20006827
polygon-zkevm:0x29e866a8471da4f89b4aff3fd41c801d8027058b:SMT_KEY:2,0x29e866a8471da4f89b4aff3fd41c801d8027058b,2,code_hash,20006827
polygon-zkevm:0x29e866a8471da4f89b4aff3fd41c801d8027058b:SMT_KEY:4,0x29e866a8471da4f89b4aff3fd41c801d8027058b,4,code_hash_length,20006827
polygon-zkevm:0x7dac480d20f322d2ef108a59a465ccb5749371c4:SMT_KEY:0,0x7dac480d20f322d2ef108a59a465ccb5749371c4,0,balance,20006827
polygon-zkevm:0x7dac480d20f322d2ef108a59a465ccb5749371c4:SMT_KEY:1,0x7dac480d20f322d2ef108a59a465ccb5749371c4,1,nonce,20006827
polygon-zkevm:0x7dac480d20f322d2ef108a59a465ccb5749371c4:SMT_KEY:2,0x7dac480d20f322d2ef108a59a465ccb5749371c4,2,code_hash,20006827
polygon-zkevm:0x7dac480d20f322d2ef108a59a465ccb5749371c4:SMT_KEY:4,0x7dac480d20f322d2ef108a59a465ccb5749371c4,4,code_hash_length,20006827
polygon-zkevm:0xa594f87198d8b62d53ee8bef44f3c957f44fc940:SMT_KEY:0,0xa594f87198d8b62d53ee8bef44f3c957f44fc940,0,balance,20006827
polygon-zkevm:0xa594f87198d8b62d53ee8bef44f3c957f44fc940:SMT_KEY:1,0xa594f87198d8b62d53ee8bef44f3c957f44fc940,1,nonce,20006827
polygon-zkevm:0xa594f87198d8b62d53ee8bef44f3c957f44fc940:SMT_KEY:2,0xa594f87198d8b62d53ee8bef44f3c957f44fc940,2,code_hash,20006827
polygon-zkevm:0xa594f87198d8b62d53ee8bef44f3c957f44fc940:SMT_KEY:4,0xa594f87198d8b62d53ee8bef44f3c957f44fc940,4,code_hash_length,20006827
polygon-zkevm:0xcd9307c7c15be395cfaf3480404f1f6dd22cf738:SMT_KEY:0,0xcd9307c7c15be395cfaf3480404f1f6dd22cf738,0,balance,20006827
polygon-zkevm:0xcd9307c7c15be395cfaf3480404f1f6dd22cf738:SMT_KEY:1,0xcd9307c7c15be395cfaf3480404f1f6dd22cf738,1,nonce,20006827
polygon-zkevm:0xcd9307c7c15be395cfaf3480404f1f6dd22cf738:SMT_KEY:2,0xcd9307c7c15be395cfaf3480404f1f6dd22cf738,2,code_hash,20006827
polygon-zkevm:0xcd9307c7c15be395cfaf3480404f1f6dd22cf738:SMT_KEY:4,0xcd9307c7c15be395cfaf3480404f1f6dd22cf738,4,code_hash_length,20006827
polygon-zkevm:0x5700b33a3c9e5096e602d8b53ba0b263e417d2f3:SMT_KEY:0,0x5700b33a3c9e5096e602d8b53ba0b263e417d2f3,0,balance,20006857
polygon-zkevm:0x5700b33a3c9e5096e602d8b53ba0b263e417d2f3:SMT_KEY:1,0x5700b33a3c9e5096e602d8b53ba0b263e417d2f3,1,nonce,20006857
polygon-zkevm:0x5700b33a3c9e5096e602d8b53ba0b263e417d2f3:SMT_KEY:2,0x5700b33a3c9e5096e602d8b53ba0b263e417d2f3,2,code_hash,20006857
polygon-zkevm:0x5700b33a3c9e5096e602d8b53ba0b263e417d2f3:SMT_KEY:4,0x5700b33a3c9e5096e602d8b53ba0b263e417d2f3,4,code_hash_length,20006857
polygon-zkevm:0x8d6da7ba023e95ac6dd0c00cc06991e739933e6a:SMT_KEY:0,0x8d6da7ba023e95ac6dd0c00cc06991e739933e6a,0,balance,20007267
polygon-zkevm:0x8d6da7ba023e95ac6dd0c00cc06991e739933e6a:SMT_KEY:1,0x8d6da7ba023e95ac6dd0c00cc06991e739933e6a,1,nonce,20007267
polygon-zkevm:0x8d6da7ba023e95ac6dd0c00cc06991e739933e6a:SMT_KEY:2,0x8d6da7ba023e95ac6dd0c00cc06991e739933e6a,2,code_hash,20007267
polygon-zkevm:0x8d6da7ba023e95ac6dd0c00cc06991e739933e6a:SMT_KEY:4,0x8d6da7ba023e95ac6dd0c00cc06991e739933e6a,4,code_hash_length,20007267
polygon-zkevm:0x6b09e2335d1e9e01c407ebb083ac06501ed453eb:SMT_KEY:0,0x6b09e2335d1e9e01c407ebb083ac06501ed453eb,0,balance,20007317
polygon-zkevm:0x6b09e2335d1e9e01c407ebb083ac06501ed453eb:SMT_KEY:1,0x6b09e2335d1e9e01c407ebb083ac06501ed453eb,1,nonce,20007317
polygon-zkevm:0x6b09e2335d1e9e01c407ebb083ac06501ed453eb:SMT_KEY:2,0x6b09e2335d1e9e01c407ebb083ac06501ed453eb,2,code_hash,20007317
polygon-zkevm:0x6b09e2335d1e9e01c407ebb083ac06501ed453eb:SMT_KEY:4,0x6b09e2335d1e9e01c407ebb083ac06501ed453eb,4,code_hash_length,20007317
polygon-zkevm:0x80fe121b69163e17bd4e9cc573652e29e48fa4ae:SMT_KEY:0,0x80fe121b69163e17bd4e9cc573652e29e48fa4ae,0,balance,20007357
polygon-zkevm:0x80fe121b69163e17bd4e9cc573652e29e48fa4ae:SMT_KEY:1,0x80fe121b69163e17bd4e9cc573652e29e48fa4ae,1,nonce,20007357
polygon-zkevm:0x80fe121b69163e17bd4e9cc573652e29e48fa4ae:SMT_KEY:2,0x80fe121b69163e17bd4e9cc573652e29e48fa4ae,2,code_hash,20007357
polygon-zkevm:0x80fe121b69163e17bd4e9cc573652e29e48fa4ae:SMT_KEY:4,0x80fe121b69163e17bd4e9cc573652e29e48fa4ae,4,code_hash_length,20007357
polygon-zkevm:0xc1e28f6514c7c02bd575409de915a0839d4e4114:SMT_KEY:0,0xc1e28f6514c7c02bd575409de915a0839d4e4114,0,balance,23998577
polygon-zkevm:0xc1e28f6514c7c02bd575409de915a0839d4e4114:SMT_KEY:1,0xc1e28f6514c7c02bd575409de915a0839d4e4114,1,nonce,23998577
polygon-zkevm:0xc1e28f6514c7c02bd575409de915a0839d4e4114:SMT_KEY:2,0xc1e28f6514c7c02bd575409de915a0839d4e4114,2,code_hash,23998577
polygon-zkevm:0xc1e28f6514c7c02bd575409de915a0839d4e4114:SMT_KEY:4,0xc1e28f6514c7c02bd575409de915a0839d4e4114,4,code_hash_length,23998577
polygon-zkevm:0xe579e19f38572a02a2c32f70a45896d47119ed6e:SMT_KEY:0,0xe579e19f38572a02a2c32f70a45896d47119ed6e,0,balance,23998607
polygon-zkevm:0xe579e19f38572a02a2c32f70a45896d47119ed6e:SMT_KEY:1,0xe579e19f38572a02a2c32f70a45896d47119ed6e,1,nonce,23998607
polygon-zkevm:0xe579e19f38572a02a2c32f70a45896d47119ed6e:SMT_KEY:2,0xe579e19f38572a02a2c32f70a45896d47119ed6e,2,code_hash,23998607
polygon-zkevm:0xe579e19f38572a02a2c32f70a45896d47119ed6e:SMT_KEY:4,0xe579e19f38572a02a2c32f70a45896d47119ed6e,4,code_hash_length,23998607
polygon-zkevm:0x0d6cb63a4cedf4fd852b69b2d694b3d6810f70eb:SMT_KEY:0,0x0d6cb63a4cedf4fd852b69b2d694b3d6810f70eb,0,balance,23998837
polygon-zkevm:0x0d6cb63a4cedf4fd852b69b2d694b3d6810f70eb:SMT_KEY:1,0x0d6cb63a4cedf4fd852b69b2d694b3d6810f70eb,1,nonce,23998837
polygon-zkevm:0x0d6cb63a4cedf4fd852b69b2d694b3d6810f70eb:SMT_KEY:2,0x0d6cb63a4cedf4fd852b69b2d694b3d6810f70eb,2,code_hash,23998837
polygon-zkevm:0x0d6cb63a4cedf4fd852b69b2d694b3d6810f70eb:SMT_KEY:4,0x0d6cb63a4cedf4fd852b69b2d694b3d6810f70eb,4,code_hash_length,23998837
polygon-zkevm:0x789099c062b60280cf4ddde219890ff351262088:SMT_KEY:0,0x789099c062b60280cf4ddde219890ff351262088,0,balance,23998917
polygon-zkevm:0x789099c062b60280cf4ddde219890ff351262088:SMT_KEY:1,0x789099c062b60280cf4ddde219890ff351262088,1,nonce,23998917
polygon-zkevm:0x789099c062b60280cf4ddde219890ff351262088:SMT_KEY:2,0x789099c062b60280cf4ddde219890ff351262088,2,code_hash,23998917
polygon-zkevm:0x789099c062b60280cf4ddde219890ff351262088:SMT_KEY:4,0x789099c062b60280cf4ddde219890ff351262088,4,code_hash_length,23998917
polygon-zkevm:0x9b13a4dded17053cae4ec3b846eb890277d9972a:SMT_KEY:0,0x9b13a4dded17053cae4ec3b846eb890277d9972a,0,balance,23998917
polygon-zkevm:0x9b13a4dded17053cae4ec3b846eb890277d9972a:SMT_KEY:1,0x9b13a4dded17053cae4ec3b846eb890277d9972a,1,nonce,23998917
polygon-zkevm:0x9b13a4dded17053cae4ec3b846eb890277d9972a:SMT_KEY:2,0x9b13a4dded17053cae4ec3b846eb890277d9972a,2,code_hash,23998917
polygon-zkevm:0x9b13a4dded17053cae4ec3b846eb890277d9972a:SMT_KEY:4,0x9b13a4dded17053cae4ec3b846eb890277d9972a,4,code_hash_length,23998917
polygon-zkevm:0x94b1fd2b784030004ea7e1ce0a5f91dde89344bb:SMT_KEY:0,0x94b1fd2b784030004ea7e1ce0a5f91dde89344bb,0,balance,23998927
polygon-zkevm:0x94b1fd2b784030004ea7e1ce0a5f91dde89344bb:SMT_KEY:1,0x94b1fd2b784030004ea7e1ce0a5f91dde89344bb,1,nonce,23998927
polygon-zkevm:0x94b1fd2b784030004ea7e1ce0a5f91dde89344bb:SMT_KEY:2,0x94b1fd2b784030004ea7e1ce0a5f91dde89344bb,2,code_hash,23998927
polygon-zkevm:0x94b1fd2b784030004ea7e1ce0a5f91dde89344bb:SMT_KEY:4,0x94b1fd2b784030004ea7e1ce0a5f91dde89344bb,4,code_hash_length,23998927
polygon-zkevm:0x842291cfbef554ff48197316136df9bea63eaac6:SMT_KEY:0,0x842291cfbef554ff48197316136df9bea63eaac6,0,balance,23998947
polygon-zkevm:0x842291cfbef554ff48197316136df9bea63eaac6:SMT_KEY:1,0x842291cfbef554ff48197316136df9bea63eaac6,1,nonce,23998947
polygon-zkevm:0x842291cfbef554ff48197316136df9bea63eaac6:SMT_KEY:2,0x842291cfbef554ff48197316136df9bea63eaac6,2,code_hash,23998947
polygon-zkevm:0x842291cfbef554ff48197316136df9bea63eaac6:SMT_KEY:4,0x842291cfbef554ff48197316136df9bea63eaac6,4,code_hash_length,23998947
polygon-zkevm:0x0be42e65325aeadcb5957442945d50a25c8cafb5:SMT_KEY:0,0x0be42e65325aeadcb5957442945d50a25c8cafb5,0,balance,23998997
polygon-zkevm:0x0be42e65325aeadcb5957442945d50a25c8cafb5:SMT_KEY:1,0x0be42e65325aeadcb5957442945d50a25c8cafb5,1,nonce,23998997
polygon-zkevm:0x0be42e65325aeadcb5957442945d50a25c8cafb5:SMT_KEY:2,0x0be42e65325aeadcb5957442945d50a25c8cafb5,2,code_hash,23998997
polygon-zkevm:0x0be42e65325aeadcb5957442945d50a25c8cafb5:SMT_KEY:4,0x0be42e65325aeadcb5957442945d50a25c8cafb5,4,code_hash_length,23998997
polygon-zkevm:0xb93c7491465cfe6121ee6bf62b2fdac567669953:SMT_KEY:0,0xb93c7491465cfe6121ee6bf62b2fdac567669953,0,balance,23998997
polygon-zkevm:0xb93c7491465cfe6121ee6bf62b2fdac567669953:SMT_KEY:1,0xb93c7491465cfe6121ee6bf62b2fdac567669953,1,nonce,23998997
polygon-zkevm:0xb93c7491465cfe6121ee6bf62b2fdac567669953:SMT_KEY:2,0xb93c7491465cfe6121ee6bf62b2fdac567669953,2,code_hash,23998997
polygon-zkevm:0xb93c7491465cfe6121ee6bf62b2fdac567669953:SMT_KEY:4,0xb93c7491465cfe6121ee6bf62b2fdac567669953,4,code_hash_length,23998997
polygon-zkevm:0xcd2afeaf99a8ab9e1bff24c47fd5d1d284d7231a:SMT_KEY:0,0xcd2afeaf99a8ab9e1bff24c47fd5d1d284d7231a,0,balance,23998997
polygon-zkevm:0xcd2afeaf99a8ab9e1bff24c47fd5d1d284d7231a:SMT_KEY:1,0xcd2afeaf99a8ab9e1bff24c47fd5d1d284d7231a,1,nonce,23998997
polygon-zkevm:0xcd2afeaf99a8ab9e1bff24c47fd5d1d284d7231a:SMT_KEY:2,0xcd2afeaf99a8ab9e1bff24c47fd5d1d284d7231a,2,code_hash,23998997
polygon-zkevm:0xcd2afeaf99a8ab9e1bff24c47fd5d1d284d7231a:SMT_KEY:4,0xcd2afeaf99a8ab9e1bff24c47fd5d1d284d7231a,4,code_hash_length,23998997
polygon-zkevm:0x13b8fb094b64c3a45014308f855e68fa6e834f75:SMT_KEY:0,0x13b8fb094b64c3a45014308f855e68fa6e834f75,0,balance,23999207
polygon-zkevm:0x13b8fb094b64c3a45014308f855e68fa6e834f75:SMT_KEY:1,0x13b8fb094b64c3a45014308f855e68fa6e834f75,1,nonce,23999207
polygon-zkevm:0x13b8fb094b64c3a45014308f855e68fa6e834f75:SMT_KEY:2,0x13b8fb094b64c3a45014308f855e68fa6e834f75,2,code_hash,23999207
polygon-zkevm:0x13b8fb094b64c3a45014308f855e68fa6e834f75:SMT_KEY:4,0x13b8fb094b64c3a45014308f855e68fa6e834f75,4,code_hash_length,23999207
polygon-zkevm:0x2522f8dc783db8e57c2f1e4072b0f71cf561bd6a:SMT_KEY:0,0x2522f8dc783db8e57c2f1e4072b0f71cf561bd6a,0,balance,23999277
polygon-zkevm:0x2522f8dc783db8e57c2f1e4072b0f71cf561bd6a:SMT_KEY:1,0x2522f8dc783db8e57c2f1e4072b0f71cf561bd6a,1,nonce,23999277
polygon-zkevm:0x2522f8dc783db8e57c2f1e4072b0f71cf561bd6a:SMT_KEY:2,0x2522f8dc783db8e57c2f1e4072b0f71cf561bd6a,2,code_hash,23999277
polygon-zkevm:0x2522f8dc783db8e57c2f1e4072b0f71cf561bd6a:SMT_KEY:4,0x2522f8dc783db8e57c2f1e4072b0f71cf561bd6a,4,code_hash_length,23999277
polygon-zkevm:0xee69edad15d6eca14ae705ce75da8bd5d20a4871:SMT_KEY:0,0xee69edad15d6eca14ae705ce75da8bd5d20a4871,0,balance,23999347
polygon-zkevm:0xee69edad15d6eca14ae705ce75da8bd5d20a4871:SMT_KEY:1,0xee69edad15d6eca14ae705ce75da8bd5d20a4871,1,nonce,23999347
polygon-zkevm:0xee69edad15d6eca14ae705ce75da8bd5d20a4871:SMT_KEY:2,0xee69edad15d6eca14ae705ce75da8bd5d20a4871,2,code_hash,23999347
polygon-zkevm:0xee69edad15d6eca14ae705ce75da8bd5d20a4871:SMT_KEY:4,0xee69edad15d6eca14ae705ce75da8bd5d20a4871,4,code_hash_length,23999347
polygon-zkevm:0xaa966bcad3514e7a24f8a078e990c5081f6665b9:SMT_KEY:0,0xaa966bcad3514e7a24f8a078e990c5081f6665b9,0,balance,23999367
polygon-zkevm:0xaa966bcad3514e7a24f8a078e990c5081f6665b9:SMT_KEY:1,0xaa966bcad3514e7a24f8a078e990c5081f6665b9,1,nonce,23999367
polygon-zkevm:0xaa966bcad3514e7a24f8a078e990c5081f6665b9:SMT_KEY:2,0xaa966bcad3514e7a24f8a078e990c5081f6665b9,2,code_hash,23999367
polygon-zkevm:0xaa966bcad3514e7a24f8a078e990c5081f6665b9:SMT_KEY:4,0xaa966bcad3514e7a24f8a078e990c5081f6665b9,4,code_hash_length,23999367
polygon-zkevm:0x888586caac2a4e0cce70772f7afb50e3fe77e6ee:SMT_KEY:0,0x888586caac2a4e0cce70772f7afb50e3fe77e6ee,0,balance,23999477
polygon-zkevm:0x888586caac2a4e0cce70772f7afb50e3fe77e6ee:SMT_KEY:1,0x888586caac2a4e0cce70772f7afb50e3fe77e6ee,1,nonce,23999477
polygon-zkevm:0x888586caac2a4e0cce70772f7afb50e3fe77e6ee:SMT_KEY:2,0x888586caac2a4e0cce70772f7afb50e3fe77e6ee,2,code_hash,23999477
polygon-zkevm:0x888586caac2a4e0cce70772f7afb50e3fe77e6ee:SMT_KEY:4,0x888586caac2a4e0cce70772f7afb50e3fe77e6ee,4,code_hash_length,23999477
polygon-zkevm:0x020706b53df41bb8d9ad56efe7edbef900a56a70:SMT_KEY:0,0x020706b53df41bb8d9ad56efe7edbef900a56a70,0,balance,23999727
polygon-zkevm:0x020706b53df41bb8d9ad56efe7edbef900a56a70:SMT_KEY:1,0x020706b53df41bb8d9ad56efe7edbef900a56a70,1,nonce,23999727
polygon-zkevm:0x020706b53df41bb8d9ad56efe7edbef900a56a70:SMT_KEY:2,0x020706b53df41bb8d9ad56efe7edbef900a56a70,2,code_hash,23999727
polygon-zkevm:0x020706b53df41bb8d9ad56efe7edbef900a56a70:SMT_KEY:4,0x020706b53df41bb8d9ad56efe7edbef900a56a70,4,code_hash_length,23999727
polygon-zkevm:0xdf743cd340ff7245ac0720af5e6bc6cdb4aa8238:SMT_KEY:0,0xdf743cd340ff7245ac0720af5e6bc6cdb4aa8238,0,balance,23999727
polygon-zkevm:0xdf743cd340ff7245ac0720af5e6bc6cdb4aa8238:SMT_KEY:1,0xdf743cd340ff7245ac0720af5e6bc6cdb4aa8238,1,nonce,23999727
polygon-zkevm:0xdf743cd340ff7245ac0720af5e6bc6cdb4aa8238:SMT_KEY:2,0xdf743cd340ff7245ac0720af5e6bc6cdb4aa8238,2,code_hash,23999727
polygon-zkevm:0xdf743cd340ff7245ac0720af5e6bc6cdb4aa8238:SMT_KEY:4,0xdf743cd340ff7245ac0720af5e6bc6cdb4aa8238,4,code_hash_length,23999727
polygon-zkevm:0xfe642e65b75802bb33e4022545a26332f6d33557:SMT_KEY:0,0xfe642e65b75802bb33e4022545a26332f6d33557,0,balance,23999777
polygon-zkevm:0xfe642e65b75802bb33e4022545a26332f6d33557:SMT_KEY:1,0xfe642e65b75802bb33e4022545a26332f6d33557,1,nonce,23999777
polygon-zkevm:0xfe642e65b75802bb33e4022545a26332f6d33557:SMT_KEY:2,0xfe642e65b75802bb33e4022545a26332f6d33557,2,code_hash,23999777
polygon-zkevm:0xfe642e65b75802bb33e4022545a26332f6d33557:SMT_KEY:4,0xfe642e65b75802bb33e4022545a26332f6d33557,4,code_hash_length,23999777
polygon-zkevm:0x238193be9e80e68eace3588b45d8cf4a7eae0fa3:SMT_KEY:0,0x238193be9e80e68eace3588b45d8cf4a7eae0fa3,0,balance,23999787
polygon-zkevm:0x238193be9e80e68eace3588b45d8cf4a7eae0fa3:SMT_KEY:1,0x238193be9e80e68eace3588b45d8cf4a7eae0fa3,1,nonce,23999787
polygon-zkevm:0x238193be9e80e68eace3588b45d8cf4a7eae0fa3:SMT_KEY:2,0x238193be9e80e68eace3588b45d8cf4a7eae0fa3,2,code_hash,23999787
polygon-zkevm:0x238193be9e80e68eace3588b45d8cf4a7eae0fa3:SMT_KEY:4,0x238193be9e80e68eace3588b45d8cf4a7eae0fa3,4,code_hash_length,23999787
polygon-zkevm:0xd73c5e36d47eed32f0327f9d3f04b49384e90fab:SMT_KEY:0,0xd73c5e36d47eed32f0327f9d3f04b49384e90fab,0,balance,23999787
polygon-zkevm:0xd73c5e36d47eed32f0327f9d3f04b49384e90fab:SMT_KEY:1,0xd73c5e36d47eed32f0327f9d3f04b49384e90fab,1,nonce,23999787
polygon-zkevm:0xd73c5e36d47eed32f0327f9d3f04b49384e90fab:SMT_KEY:2,0xd73c5e36d47eed32f0327f9d3f04b49384e90fab,2,code_hash,23999787
polygon-zkevm:0xd73c5e36d47eed32f0327f9d3f04b49384e90fab:SMT_KEY:4,0xd73c5e36d47eed32f0327f9d3f04b49384e90fab,4,code_hash_length,23999787
polygon-zkevm:0x395fc9a7b8b2371721aaceba07cf7ae23f55ba14:SMT_KEY:0,0x395fc9a7b8b2371721aaceba07cf7ae23f55ba14,0,balance,23999897
polygon-zkevm:0x395fc9a7b8b2371721aaceba07cf7ae23f55ba14:SMT_KEY:1,0x395fc9a7b8b2371721aaceba07cf7ae23f55ba14,1,nonce,23999897
polygon-zkevm:0x395fc9a7b8b2371721aaceba07cf7ae23f55ba14:SMT_KEY:2,0x395fc9a7b8b2371721aaceba07cf7ae23f55ba14,2,code_hash,23999897
polygon-zkevm:0x395fc9a7b8b2371721aaceba07cf7ae23f55ba14:SMT_KEY:4,0x395fc9a7b8b2371721aaceba07cf7ae23f55ba14,4,code_hash_length,23999897
polygon-zkevm:0x7d5cd3e60008b96d5ad6be548fd965f47a98c905:SMT_KEY:0,0x7d5cd3e60008b96d5ad6be548fd965f47a98c905,0,balance,24000047
polygon-zkevm:0x7d5cd3e60008b96d5ad6be548fd965f47a98c905:SMT_KEY:1,0x7d5cd3e60008b96d5ad6be548fd965f47a98c905,1,nonce,24000047
polygon-zkevm:0x7d5cd3e60008b96d5ad6be548fd965f47a98c905:SMT_KEY:2,0x7d5cd3e60008b96d5ad6be548fd965f47a98c905,2,code_hash,24000047
polygon-zkevm:0x7d5cd3e60008b96d5ad6be548fd965f47a98c905:SMT_KEY:4,0x7d5cd3e60008b96d5ad6be548fd965f47a98c905,4,code_hash_length,24000047
polygon-zkevm:0x391e7c679d29bd940d63be94ad22a25d25b5a604:SMT_KEY:0,0x391e7c679d29bd940d63be94ad22a25d25b5a604,0,balance,24000177
polygon-zkevm:0x391e7c679d29bd940d63be94ad22a25d25b5a604:SMT_KEY:1,0x391e7c679d29bd940d63be94ad22a25d25b5a604,1,nonce,24000177
polygon-zkevm:0x391e7c679d29bd940d63be94ad22a25d25b5a604:SMT_KEY:2,0x391e7c679d29bd940d63be94ad22a25d25b5a604,2,code_hash,24000177
polygon-zkevm:0x391e7c679d29bd940d63be94ad22a25d25b5a604:SMT_KEY:4,0x391e7c679d29bd940d63be94ad22a25d25b5a604,4,code_hash_length,24000177
polygon-zkevm:0xf7625211f078cdd971538e1e5022e3f7741d1e95:SMT_KEY:0,0xf7625211f078cdd971538e1e5022e3f7741d1e95,0,balance,24000207
polygon-zkevm:0xf7625211f078cdd971538e1e5022e3f7741d1e95:SMT_KEY:1,0xf7625211f078cdd971538e1e5022e3f7741d1e95,1,nonce,24000207
polygon-zkevm:0xf7625211f078cdd971538e1e5022e3f7741d1e95:SMT_KEY:2,0xf7625211f078cdd971538e1e5022e3f7741d1e95,2,code_hash,24000207
polygon-zkevm:0xf7625211f078cdd971538e1e5022e3f7741d1e95:SMT_KEY:4,0xf7625211f078cdd971538e1e5022e3f7741d1e95,4,code_hash_length,24000207
polygon-zkevm:0x83bef6b4bdc5e23767dedc5c0c812ab8a783e685:SMT_KEY:0,0x83bef6b4bdc5e23767dedc5c0c812ab8a783e685,0,balance,24000237
polygon-zkevm:0x83bef6b4bdc5e23767dedc5c0c812ab8a783e685:SMT_KEY:1,0x83bef6b4bdc5e23767dedc5c0c812ab8a783e685,1,nonce,24000237
polygon-zkevm:0x83bef6b4bdc5e23767dedc5c0c812ab8a783e685:SMT_KEY:2,0x83bef6b4bdc5e23767dedc5c0c812ab8a783e685,2,code_hash,24000237
polygon-zkevm:0x83bef6b4bdc5e23767dedc5c0c812ab8a783e685:SMT_KEY:4,0x83bef6b4bdc5e23767dedc5c0c812ab8a783e685,4,code_hash_length,24000237
polygon-zkevm:0xfc49f90c00e2193b2776f9c0b58e25d7abd4d2b3:SMT_KEY:0,0xfc49f90c00e2193b2776f9c0b58e25d7abd4d2b3,0,balance,24000237
polygon-zkevm:0xfc49f90c00e2193b2776f9c0b58e25d7abd4d2b3:SMT_KEY:1,0xfc49f90c00e2193b2776f9c0b58e25d7abd4d2b3,1,nonce,24000237
polygon-zkevm:0xfc49f90c00e2193b2776f9c0b58e25d7abd4d2b3:SMT_KEY:2,0xfc49f90c00e2193b2776f9c0b58e25d7abd4d2b3,2,code_hash,24000237
polygon-zkevm:0xfc49f90c00e2193b2776f9c0b58e25d7abd4d2b3:SMT_KEY:4,0xfc49f90c00e2193b2776f9c0b58e25d7abd4d2b3,4,code_hash_length,24000237
polygon-zkevm:0x2d832b4e4b39208109f4a6ffafeaaf4d6c63b57f:SMT_KEY:0,0x2d832b4e4b39208109f4a6ffafeaaf4d6c63b57f,0,balance,24000427
polygon-zkevm:0x2d832b4e4b39208109f4a6ffafeaaf4d6c63b57f:SMT_KEY:1,0x2d832b4e4b39208109f4a6ffafeaaf4d6c63b57f,1,nonce,24000427
polygon-zkevm:0x2d832b4e4b39208109f4a6ffafeaaf4d6c63b57f:SMT_KEY:2,0x2d832b4e4b39208109f4a6ffafeaaf4d6c63b57f,2,code_hash,24000427
polygon-zkevm:0x2d832b4e4b39208109f4a6ffafeaaf4d6c63b57f:SMT_KEY:4,0x2d832b4e4b39208109f4a6ffafeaaf4d6c63b57f,4,code_hash_length,24000427
polygon-zkevm:0x5120b907acb35b9303bea0c171c4e3b18669cb20:SMT_KEY:0,0x5120b907acb35b9303bea0c171c4e3b18669cb20,0,balance,24000437
polygon-zkevm:0x5120b907acb35b9303bea0c171c4e3b18669cb20:SMT_KEY:1,0x5120b907acb35b9303bea0c171c4e3b18669cb20,1,nonce,24000437
polygon-zkevm:0x5120b907acb35b9303bea0c171c4e3b18669cb20:SMT_KEY:2,0x5120b907acb35b9303bea0c171c4e3b18669cb20,2,code_hash,24000437
polygon-zkevm:0x5120b907acb35b9303bea0c171c4e3b18669cb20:SMT_KEY:4,0x5120b907acb35b9303bea0c171c4e3b18669cb20,4,code_hash_length,24000437
polygon-zkevm:0xc64867a3ee1e70d617077aa90e760ad97c8e65e0:SMT_KEY:0,0xc64867a3ee1e70d617077aa90e760ad97c8e65e0,0,balance,24000777
polygon-zkevm:0xc64867a3ee1e70d617077aa90e760ad97c8e65e0:SMT_KEY:1,0xc64867a3ee1e70d617077aa90e760ad97c8e65e0,1,nonce,24000777
polygon-zkevm:0xc64867a3ee1e70d617077aa90e760ad97c8e65e0:SMT_KEY:2,0xc64867a3ee1e70d617077aa90e760ad97c8e65e0,2,code_hash,24000777
polygon-zkevm:0xc64867a3ee1e70d617077aa90e760ad97c8e65e0:SMT_KEY:4,0xc64867a3ee1e70d617077aa90e760ad97c8e65e0,4,code_hash_length,24000777
polygon-zkevm:0x2a37d63eadfe4b4682a3c28c1c2cd4f109cc2762:SMT_KEY:0,0x2a37d63eadfe4b4682a3c28c1c2cd4f109cc2762,0,balance,24000827
polygon-zkevm:0x2a37d63eadfe4b4682a3c28c1c2cd4f109cc2762:SMT_KEY:1,0x2a37d63eadfe4b4682a3c28c1c2cd4f109cc2762,1,nonce,24000827
polygon-zkevm:0x2a37d63eadfe4b4682a3c28c1c2cd4f109cc2762:SMT_KEY:2,0x2a37d63eadfe4b4682a3c28c1c2cd4f109cc2762,2,code_hash,24000827
polygon-zkevm:0x2a37d63eadfe4b4682a3c28c1c2cd4f109cc2762:SMT_KEY:4,0x2a37d63eadfe4b4682a3c28c1c2cd4f109cc2762,4,code_hash_length,24000827
polygon-zkevm:0x3ecf8a199e9a540f0f2dc8a3b169cc5a79d6efc6:SMT_KEY:0,0x3ecf8a199e9a540f0f2dc8a3b169cc5a79d6efc6,0,balance,24000967
polygon-zkevm:0x3ecf8a199e9a540f0f2dc8a3b169cc5a79d6efc6:SMT_KEY:1,0x3ecf8a199e9a540f0f2dc8a3b169cc5a79d6efc6,1,nonce,24000967
polygon-zkevm:0x3ecf8a199e9a540f0f2dc8a3b169cc5a79d6efc6:SMT_KEY:2,0x3ecf8a199e9a540f0f2dc8a3b169cc5a79d6efc6,2,code_hash,24000967
polygon-zkevm:0x3ecf8a199e9a540f0f2dc8a3b169cc5a79d6efc6:SMT_KEY:4,0x3ecf8a199e9a540f0f2dc8a3b169cc5a79d6efc6,4,code_hash_length,24000967
polygon-zkevm:0xad751c7f7c49f0d2079bd3b3b9df7b916eea78fb:SMT_KEY:0,0xad751c7f7c49f0d2079bd3b3b9df7b916eea78fb,0,balance,24001037
polygon-zkevm:0xad751c7f7c49f0d2079bd3b3b9df7b916eea78fb:SMT_KEY:1,0xad751c7f7c49f0d2079bd3b3b9df7b916eea78fb,1,nonce,24001037
polygon-zkevm:0xad751c7f7c49f0d2079bd3b3b9df7b916eea78fb:SMT_KEY:2,0xad751c7f7c49f0d2079bd3b3b9df7b916eea78fb,2,code_hash,24001037
polygon-zkevm:0xad751c7f7c49f0d2079bd3b3b9df7b916eea78fb:SMT_KEY:4,0xad751c7f7c49f0d2079bd3b3b9df7b916eea78fb,4,code_hash_length,24001037
polygon-zkevm:0x92909133adc892175f806f2c19bf10f85837eb84:SMT_KEY:0,0x92909133adc892175f806f2c19bf10f85837eb84,0,balance,24001127
polygon-zkevm:0x92909133adc892175f806f2c19bf10f85837eb84:SMT_KEY:1,0x92909133adc892175f806f2c19bf10f85837eb84,1,nonce,24001127
polygon-zkevm:0x92909133adc892175f806f2c19bf10f85837eb84:SMT_KEY:2,0x92909133adc892175f806f2c19bf10f85837eb84,2,code_hash,24001127
polygon-zkevm:0x92909133adc892175f806f2c19bf10f85837eb84:SMT_KEY:4,0x92909133adc892175f806f2c19bf10f85837eb84,4,code_hash_length,24001127
polygon-zkevm:0xd30d8ca2e7715ee6804a287eb86fafc0839b1380:SMT_KEY:0,0xd30d8ca2e7715ee6804a287eb86fafc0839b1380,0,balance,24001127
polygon-zkevm:0xd30d8ca2e7715ee6804a287eb86fafc0839b1380:SMT_KEY:1,0xd30d8ca2e7715ee6804a287eb86fafc0839b1380,1,nonce,24001127
polygon-zkevm:0xd30d8ca2e7715ee6804a287eb86fafc0839b1380:SMT_KEY:2,0xd30d8ca2e7715ee6804a287eb86fafc0839b1380,2,code_hash,24001127
polygon-zkevm:0xd30d8ca2e7715ee6804a287eb86fafc0839b1380:SMT_KEY:4,0xd30d8ca2e7715ee6804a287eb86fafc0839b1380,4,code_hash_length,24001127
polygon-zkevm:0x5c780a9b51d8358b230c4c92342cb57b1bcf1900:SMT_KEY:0,0x5c780a9b51d8358b230c4c92342cb57b1bcf1900,0,balance,24001437
polygon-zkevm:0x5c780a9b51d8358b230c4c92342cb57b1bcf1900:SMT_KEY:1,0x5c780a9b51d8358b230c4c92342cb57b1bcf1900,1,nonce,24001437
polygon-zkevm:0x5c780a9b51d8358b230c4c92342cb57b1bcf1900:SMT_KEY:2,0x5c780a9b51d8358b230c4c92342cb57b1bcf1900,2,code_hash,24001437
polygon-zkevm:0x5c780a9b51d8358b230c4c92342cb57b1bcf1900:SMT_KEY:4,0x5c780a9b51d8358b230c4c92342cb57b1bcf1900,4,code_hash_length,24001437
polygon-zkevm:0x4ee17cf485b2c7d21ed39cd654fdf6a336ec995d:SMT_KEY:0,0x4ee17cf485b2c7d21ed39cd654fdf6a336ec995d,0,balance,24001447
polygon-zkevm:0x4ee17cf485b2c7d21ed39cd654fdf6a336ec995d:SMT_KEY:1,0x4ee17cf485b2c7d21ed39cd654fdf6a336ec995d,1,nonce,24001447
polygon-zkevm:0x4ee17cf485b2c7d21ed39cd654fdf6a336ec995d:SMT_KEY:2,0x4ee17cf485b2c7d21ed39cd654fdf6a336ec995d,2,code_hash,24001447
polygon-zkevm:0x4ee17cf485b2c7d21ed39cd654fdf6a336ec995d:SMT_KEY:4,0x4ee17cf485b2c7d21ed39cd654fdf6a336ec995d,4,code_hash_length,24001447
polygon-zkevm:0x6593fec733afb22d2bc161a8df30c503590d50ea:SMT_KEY:0,0x6593fec733afb22d2bc161a8df30c503590d50ea,0,balance,24001447
polygon-zkevm:0x6593fec733afb22d2bc161a8df30c503590d50ea:SMT_KEY:1,0x6593fec733afb22d2bc161a8df30c503590d50ea,1,nonce,24001447
polygon-zkevm:0x6593fec733afb22d2bc161a8df30c503590d50ea:SMT_KEY:2,0x6593fec733afb22d2bc161a8df30c503590d50ea,2,code_hash,24001447
polygon-zkevm:0x6593fec733afb22d2bc161a8df30c503590d50ea:SMT_KEY:4,0x6593fec733afb22d2bc161a8df30c503590d50ea,4,code_hash_length,24001447
polygon-zkevm:0xf68774ed6c43d4067ba5cb69a054b90f40f93382:SMT_KEY:0,0xf68774ed6c43d4067ba5cb69a054b90f40f93382,0,balance,24001487
polygon-zkevm:0xf68774ed6c43d4067ba5cb69a054b90f40f93382:SMT_KEY:1,0xf68774ed6c43d4067ba5cb69a054b90f40f93382,1,nonce,24001487
polygon-zkevm:0xf68774ed6c43d4067ba5cb69a054b90f40f93382:SMT_KEY:2,0xf68774ed6c43d4067ba5cb69a054b90f40f93382,2,code_hash,24001487
polygon-zkevm:0xf68774ed6c43d4067ba5cb69a054b90f40f93382:SMT_KEY:4,0xf68774ed6c43d4067ba5cb69a054b90f40f93382,4,code_hash_length,24001487
polygon-zkevm:0x5598e6596e92ee25158544727fdd5aa3cf8a4204:SMT_KEY:0,0x5598e6596e92ee25158544727fdd5aa3cf8a4204,0,balance,24001507
polygon-zkevm:0x5598e6596e92ee25158544727fdd5aa3cf8a4204:SMT_KEY:1,0x5598e6596e92ee25158544727fdd5aa3cf8a4204,1,nonce,24001507
polygon-zkevm:0x5598e6596e92ee25158544727fdd5aa3cf8a4204:SMT_KEY:2,0x5598e6596e92ee25158544727fdd5aa3cf8a4204,2,code_hash,24001507
polygon-zkevm:0x5598e6596e92ee25158544727fdd5aa3cf8a4204:SMT_KEY:4,0x5598e6596e92ee25158544727fdd5aa3cf8a4204,4,code_hash_length,24001507
polygon-zkevm:0xac304b5c52af8fc89be09138f80d9255147df48c:SMT_KEY:0,0xac304b5c52af8fc89be09138f80d9255147df48c,0,balance,24001507
polygon-zkevm:0xac304b5c52af8fc89be09138f80d9255147df48c:SMT_KEY:1,0xac304b5c52af8fc89be09138f80d9255147df48c,1,nonce,24001507
polygon-zkevm:0xac304b5c52af8fc89be09138f80d9255147df48c:SMT_KEY:2,0xac304b5c52af8fc89be09138f80d9255147df48c,2,code_hash,24001507
polygon-zkevm:0xac304b5c52af8fc89be09138f80d9255147df48c:SMT_KEY:4,0xac304b5c52af8fc89be09138f80d9255147df48c,4,code_hash_length,24001507
polygon-zkevm:0xa7eccdb9be08178f896c26b7bbd8c3d4e844d9ba:SMT_KEY:0,0xa7eccdb9be08178f896c26b7bbd8c3d4e844d9ba,0,balance,24001567
polygon-zkevm:0xa7eccdb9be08178f896c26b7bbd8c3d4e844d9ba:SMT_KEY:1,0xa7eccdb9be08178f896c26b7bbd8c3d4e844d9ba,1,nonce,24001567
polygon-zkevm:0xa7eccdb9be08178f896c26b7bbd8c3d4e844d9ba:SMT_KEY:2,0xa7eccdb9be08178f896c26b7bbd8c3d4e844d9ba,2,code_hash,24001567
polygon-zkevm:0xa7eccdb9be08178f896c26b7bbd8c3d4e844d9ba:SMT_KEY:4,0xa7eccdb9be08178f896c26b7bbd8c3d4e844d9ba,4,code_hash_length,24001567
polygon-zkevm:0xe7b150a82f97e3ffc9df4084410fcc680e287107:SMT_KEY:0,0xe7b150a82f97e3ffc9df4084410fcc680e287107,0,balance,24001607
polygon-zkevm:0xe7b150a82f97e3ffc9df4084410fcc680e287107:SMT_KEY:1,0xe7b150a82f97e3ffc9df4084410fcc680e287107,1,nonce,24001607
polygon-zkevm:0xe7b150a82f97e3ffc9df4084410fcc680e287107:SMT_KEY:2,0xe7b150a82f97e3ffc9df4084410fcc680e287107,2,code_hash,24001607
polygon-zkevm:0xe7b150a82f97e3ffc9df4084410fcc680e287107:SMT_KEY:4,0xe7b150a82f97e3ffc9df4084410fcc680e287107,4,code_hash_length,24001607
polygon-zkevm:0x6a0bb98ac93137c83f7f87c8d3e59143104b3334:SMT_KEY:0,0x6a0bb98ac93137c83f7f87c8d3e59143104b3334,0,balance,24001627
polygon-zkevm:0x6a0bb98ac93137c83f7f87c8d3e59143104b3334:SMT_KEY:1,0x6a0bb98ac93137c83f7f87c8d3e59143104b3334,1,nonce,24001627
polygon-zkevm:0x6a0bb98ac93137c83f7f87c8d3e59143104b3334:SMT_KEY:2,0x6a0bb98ac93137c83f7f87c8d3e59143104b3334,2,code_hash,24001627
polygon-zkevm:0x6a0bb98ac93137c83f7f87c8d3e59143104b3334:SMT_KEY:4,0x6a0bb98ac93137c83f7f87c8d3e59143104b3334,4,code_hash_length,24001627
polygon-zkevm:0xe9458f8e03e76ef81614cb0b77e070d55a60c1ed:SMT_KEY:0,0xe9458f8e03e76ef81614cb0b77e070d55a60c1ed,0,balance,24001637
polygon-zkevm:0xe9458f8e03e76ef81614cb0b77e070d55a60c1ed:SMT_KEY:1,0xe9458f8e03e76ef81614cb0b77e070d55a60c1ed,1,nonce,24001637
polygon-zkevm:0xe9458f8e03e76ef81614cb0b77e070d55a60c1ed:SMT_KEY:2,0xe9458f8e03e76ef81614cb0b77e070d55a60c1ed,2,code_hash,24001637
polygon-zkevm:0xe9458f8e03e76ef81614cb0b77e070d55a60c1ed:SMT_KEY:4,0xe9458f8e03e76ef81614cb0b77e070d55a60c1ed,4,code_hash_length,24001637
polygon-zkevm:0x6343f32719a54a553624da8fd0f10ff4a30496c0:SMT_KEY:0,0x6343f32719a54a553624da8fd0f10ff4a30496c0,0,balance,24001787
polygon-zkevm:0x6343f32719a54a553624da8fd0f10ff4a30496c0:SMT_KEY:1,0x6343f32719a54a553624da8fd0f10ff4a30496c0,1,nonce,24001787
polygon-zkevm:0x6343f32719a54a553624da8fd0f10ff4a30496c0:SMT_KEY:2,0x6343f32719a54a553624da8fd0f10ff4a30496c0,2,code_hash,24001787
polygon-zkevm:0x6343f32719a54a553624da8fd0f10ff4a30496c0:SMT_KEY:4,0x6343f32719a54a553624da8fd0f10ff4a30496c0,4,code_hash_length,24001787
polygon-zkevm:0x7af9338b7bd50ed9fea0733bcc07af3d73c6f275:SMT_KEY:0,0x7af9338b7bd50ed9fea0733bcc07af3d73c6f275,0,balance,24001847
polygon-zkevm:0x7af9338b7bd50ed9fea0733bcc07af3d73c6f275:SMT_KEY:1,0x7af9338b7bd50ed9fea0733bcc07af3d73c6f275,1,nonce,24001847
polygon-zkevm:0x7af9338b7bd50ed9fea0733bcc07af3d73c6f275:SMT_KEY:2,0x7af9338b7bd50ed9fea0733bcc07af3d73c6f275,2,code_hash,24001847
polygon-zkevm:0x7af9338b7bd50ed9fea0733bcc07af3d73c6f275:SMT_KEY:4,0x7af9338b7bd50ed9fea0733bcc07af3d73c6f275,4,code_hash_length,24001847
polygon-zkevm:0x8b1637c5391ed912fc65734ac35d177f4fd95df7:SMT_KEY:0,0x8b1637c5391ed912fc65734ac35d177f4fd95df7,0,balance,24001857
polygon-zkevm:0x8b1637c5391ed912fc65734ac35d177f4fd95df7:SMT_KEY:1,0x8b1637c5391ed912fc65734ac35d177f4fd95df7,1,nonce,24001857
polygon-zkevm:0x8b1637c5391ed912fc65734ac35d177f4fd95df7:SMT_KEY:2,0x8b1637c5391ed912fc65734ac35d177f4fd95df7,2,code_hash,24001857
polygon-zkevm:0x8b1637c5391ed912fc65734ac35d177f4fd95df7:SMT_KEY:4,0x8b1637c5391ed912fc65734ac35d177f4fd95df7,4,code_hash_length,24001857
polygon-zkevm:0x83f7d47882cade1858ddb4ed4e94048c31039caf:SMT_KEY:0,0x83f7d47882cade1858ddb4ed4e94048c31039caf,0,balance,24001927
polygon-zkevm:0x83f7d47882cade1858ddb4ed4e94048c31039caf:SMT_KEY:1,0x83f7d47882cade1858ddb4ed4e94048c31039caf,1,nonce,24001927
polygon-zkevm:0x83f7d47882cade1858ddb4ed4e94048c31039caf:SMT_KEY:2,0x83f7d47882cade1858ddb4ed4e94048c31039caf,2,code_hash,24001927
polygon-zkevm:0x83f7d47882cade1858ddb4ed4e94048c31039caf:SMT_KEY:4,0x83f7d47882cade1858ddb4ed4e94048c31039caf,4,code_hash_length,24001927
polygon-zkevm:0xdbb6b9d1890155b9b641942d4d3f73cf66dcfc83:SMT_KEY:0,0xdbb6b9d1890155b9b641942d4d3f73cf66dcfc83,0,balance,24001927
polygon-zkevm:0xdbb6b9d1890155b9b641942d4d3f73cf66dcfc83:SMT_KEY:1,0xdbb6b9d1890155b9b641942d4d3f73cf66dcfc83,1,nonce,24001927
polygon-zkevm:0xdbb6b9d1890155b9b641942d4d3f73cf66dcfc83:SMT_KEY:2,0xdbb6b9d1890155b9b641942d4d3f73cf66dcfc83,2,code_hash,24001927
polygon-zkevm:0xdbb6b9d1890155b9b641942d4d3f73cf66dcfc83:SMT_KEY:4,0xdbb6b9d1890155b9b641942d4d3f73cf66dcfc83,4,code_hash_length,24001927
polygon-zkevm:0xe7dfd51c43ce3ccd85f13c4bc6f1667410fc2529:SMT_KEY:0,0xe7dfd51c43ce3ccd85f13c4bc6f1667410fc2529,0,balance,24001927
polygon-zkevm:0xe7dfd51c43ce3ccd85f13c4bc6f1667410fc2529:SMT_KEY:1,0xe7dfd51c43ce3ccd85f13c4bc6f1667410fc2529,1,nonce,24001927
polygon-zkevm:0xe7dfd51c43ce3ccd85f13c4bc6f1667410fc2529:SMT_KEY:2,0xe7dfd51c43ce3ccd85f13c4bc6f1667410fc2529,2,code_hash,24001927
polygon-zkevm:0xe7dfd51c43ce3ccd85f13c4bc6f1667410fc2529:SMT_KEY:4,0xe7dfd51c43ce3ccd85f13c4bc6f1667410fc2529,4,code_hash_length,24001927
polygon-zkevm:0x3950bf2fff93e5d502430f17924aef4c621ea772:SMT_KEY:0,0x3950bf2fff93e5d502430f17924aef4c621ea772,0,balance,24002097
polygon-zkevm:0x3950bf2fff93e5d502430f17924aef4c621ea772:SMT_KEY:1,0x3950bf2fff93e5d502430f17924aef4c621ea772,1,nonce,24002097
polygon-zkevm:0x3950bf2fff93e5d502430f17924aef4c621ea772:SMT_KEY:2,0x3950bf2fff93e5d502430f17924aef4c621ea772,2,code_hash,24002097
polygon-zkevm:0x3950bf2fff93e5d502430f17924aef4c621ea772:SMT_KEY:4,0x3950bf2fff93e5d502430f17924aef4c621ea772,4,code_hash_length,24002097
polygon-zkevm:0x827802f1bc0b560551aabc0461fbf8142788a1fb:SMT_KEY:0,0x827802f1bc0b560551aabc0461fbf8142788a1fb,0,balance,24002097
polygon-zkevm:0x827802f1bc0b560551aabc0461fbf8142788a1fb:SMT_KEY:1,0x827802f1bc0b560551aabc0461fbf8142788a1fb,1,nonce,24002097
polygon-zkevm:0x827802f1bc0b560551aabc0461fbf8142788a1fb:SMT_KEY:2,0x827802f1bc0b560551aabc0461fbf8142788a1fb,2,code_hash,24002097
polygon-zkevm:0x827802f1bc0b560551aabc0461fbf8142788a1fb:SMT_KEY:4,0x827802f1bc0b560551aabc0461fbf8142788a1fb,4,code_hash_length,24002097
polygon-zkevm:0x78dcaaef07e07f1dce2738200c7afbfd7627156a:SMT_KEY:0,0x78dcaaef07e07f1dce2738200c7afbfd7627156a,0,balance,24002157
polygon-zkevm:0x78dcaaef07e07f1dce2738200c7afbfd7627156a:SMT_KEY:1,0x78dcaaef07e07f1dce2738200c7afbfd7627156a,1,nonce,24002157
polygon-zkevm:0x78dcaaef07e07f1dce2738200c7afbfd7627156a:SMT_KEY:2,0x78dcaaef07e07f1dce2738200c7afbfd7627156a,2,code_hash,24002157
polygon-zkevm:0x78dcaaef07e07f1dce2738200c7afbfd7627156a:SMT_KEY:4,0x78dcaaef07e07f1dce2738200c7afbfd7627156a,4,code_hash_length,24002157
polygon-zkevm:0x89c6340b1a1f4b25d36cd8b063d49045caf3f818:SMT_KEY:0,0x89c6340b1a1f4b25d36cd8b063d49045caf3f818,0,balance,24002157
polygon-zkevm:0x89c6340b1a1f4b25d36cd8b063d49045caf3f818:SMT_KEY:1,0x89c6340b1a1f4b25d36cd8b063d49045caf3f818,1,nonce,24002157
polygon-zkevm:0x89c6340b1a1f4b25d36cd8b063d49045caf3f818:SMT_KEY:2,0x89c6340b1a1f4b25d36cd8b063d49045caf3f818,2,code_hash,24002157
polygon-zkevm:0x89c6340b1a1f4b25d36cd8b063d49045caf3f818:SMT_KEY:4,0x89c6340b1a1f4b25d36cd8b063d49045caf3f818,4,code_hash_length,24002157
polygon-zkevm:0x65792c3579c01b98f920777b6c936ab1e46bb963:SMT_KEY:0,0x65792c3579c01b98f920777b6c936ab1e46bb963,0,balance,24002217
polygon-zkevm:0x65792c3579c01b98f920777b6c936ab1e46bb963:SMT_KEY:1,0x65792c3579c01b98f920777b6c936ab1e46bb963,1,nonce,24002217
polygon-zkevm:0x65792c3579c01b98f920777b6c936ab1e46bb963:SMT_KEY:2,0x65792c3579c01b98f920777b6c936ab1e46bb963,2,code_hash,24002217
polygon-zkevm:0x65792c3579c01b98f920777b6c936ab1e46bb963:SMT_KEY:4,0x65792c3579c01b98f920777b6c936ab1e46bb963,4,code_hash_length,24002217
polygon-zkevm:0xa7ec92d95f66cf9829462e5ca1a63c8faddd72d5:SMT_KEY:0,0xa7ec92d95f66cf9829462e5ca1a63c8faddd72d5,0,balance,24002317
polygon-zkevm:0xa7ec92d95f66cf9829462e5ca1a63c8faddd72d5:SMT_KEY:1,0xa7ec92d95f66cf9829462e5ca1a63c8faddd72d5,1,nonce,24002317
polygon-zkevm:0xa7ec92d95f66cf9829462e5ca1a63c8faddd72d5:SMT_KEY:2,0xa7ec92d95f66cf9829462e5ca1a63c8faddd72d5,2,code_hash,24002317
polygon-zkevm:0xa7ec92d95f66cf9829462e5ca1a63c8faddd72d5:SMT_KEY:4,0xa7ec92d95f66cf9829462e5ca1a63c8faddd72d5,4,code_hash_length,24002317
polygon-zkevm:0x2329b07cf0f949b398f9e6dacb2429d681f22176:SMT_KEY:0,0x2329b07cf0f949b398f9e6dacb2429d681f22176,0,balance,24002587
polygon-zkevm:0x2329b07cf0f949b398f9e6dacb2429d681f22176:SMT_KEY:1,0x2329b07cf0f949b398f9e6dacb2429d681f22176,1,nonce,24002587
polygon-zkevm:0x2329b07cf0f949b398f9e6dacb2429d681f22176:SMT_KEY:2,0x2329b07cf0f949b398f9e6dacb2429d681f22176,2,code_hash,24002587
polygon-zkevm:0x2329b07cf0f949b398f9e6dacb2429d681f22176:SMT_KEY:4,0x2329b07cf0f949b398f9e6dacb2429d681f22176,4,code_hash_length,24002587
polygon-zkevm:0xcf7ecee185f19e2e970a301ee37f93536ed66179:SMT_KEY:0,0xcf7ecee185f19e2e970a301ee37f93536ed66179,0,balance,24002687
polygon-zkevm:0xcf7ecee185f19e2e970a301ee37f93536ed66179:SMT_KEY:1,0xcf7ecee185f19e2e970a301ee37f93536ed66179,1,nonce,24002687
polygon-zkevm:0xcf7ecee185f19e2e970a301ee37f93536ed66179:SMT_KEY:2,0xcf7ecee185f19e2e970a301ee37f93536ed66179,2,code_hash,24002687
polygon-zkevm:0xcf7ecee185f19e2e970a301ee37f93536ed66179:SMT_KEY:4,0xcf7ecee185f19e2e970a301ee37f93536ed66179,4,code_hash_length,24002687
polygon-zkevm:0x87388cd0e9d8ea75fa9c217f5ec4698422821b6a:SMT_KEY:0,0x87388cd0e9d8ea75fa9c217f5ec4698422821b6a,0,balance,24002697
polygon-zkevm:0x87388cd0e9d8ea75fa9c217f5ec4698422821b6a:SMT_KEY:1,0x87388cd0e9d8ea75fa9c217f5ec4698422821b6a,1,nonce,24002697
polygon-zkevm:0x87388cd0e9d8ea75fa9c217f5ec4698422821b6a:SMT_KEY:2,0x87388cd0e9d8ea75fa9c217f5ec4698422821b6a,2,code_hash,24002697
polygon-zkevm:0x87388cd0e9d8ea75fa9c217f5ec4698422821b6a:SMT_KEY:4,0x87388cd0e9d8ea75fa9c217f5ec4698422821b6a,4,code_hash_length,24002697
polygon-zkevm:0xb3d1fb7e221d11baa99c2b84c0db3fb1399c7fcc:SMT_KEY:0,0xb3d1fb7e221d11baa99c2b84c0db3fb1399c7fcc,0,balance,24002697
polygon-zkevm:0xb3d1fb7e221d11baa99c2b84c0db3fb1399c7fcc:SMT_KEY:1,0xb3d1fb7e221d11baa99c2b84c0db3fb1399c7fcc,1,nonce,24002697
polygon-zkevm:0xb3d1fb7e221d11baa99c2b84c0db3fb1399c7fcc:SMT_KEY:2,0xb3d1fb7e221d11baa99c2b84c0db3fb1399c7fcc,2,code_hash,24002697
polygon-zkevm:0xb3d1fb7e221d11baa99c2b84c0db3fb1399c7fcc:SMT_KEY:4,0xb3d1fb7e221d11baa99c2b84c0db3fb1399c7fcc,4,code_hash_length,24002697
polygon-zkevm:0x34452e421787f15af743195bd2ed09435f340130:SMT_KEY:0,0x34452e421787f15af743195bd2ed09435f340130,0,balance,24002757
polygon-zkevm:0x34452e421787f15af743195bd2ed09435f340130:SMT_KEY:1,0x34452e421787f15af743195bd2ed09435f340130,1,nonce,24002757
polygon-zkevm:0x34452e421787f15af743195bd2ed09435f340130:SMT_KEY:2,0x34452e421787f15af743195bd2ed09435f340130,2,code_hash,24002757
polygon-zkevm:0x34452e421787f15af743195bd2ed09435f340130:SMT_KEY:4,0x34452e421787f15af743195bd2ed09435f340130,4,code_hash_length,24002757
polygon-zkevm:0x5fbce71b1b74d0d8511dc708ceed3250a1abdaca:SMT_KEY:0,0x5fbce71b1b74d0d8511dc708ceed3250a1abdaca,0,balance,24002927
polygon-zkevm:0x5fbce71b1b74d0d8511dc708ceed3250a1abdaca:SMT_KEY:1,0x5fbce71b1b74d0d8511dc708ceed3250a1abdaca,1,nonce,24002927
polygon-zkevm:0x5fbce71b1b74d0d8511dc708ceed3250a1abdaca:SMT_KEY:2,0x5fbce71b1b74d0d8511dc708ceed3250a1abdaca,2,code_hash,24002927
polygon-zkevm:0x5fbce71b1b74d0d8511dc708ceed3250a1abdaca:SMT_KEY:4,0x5fbce71b1b74d0d8511dc708ceed3250a1abdaca,4,code_hash_length,24002927
polygon-zkevm:0x38a07152ee64c7067feeba904d72abc9a9da0c77:SMT_KEY:0,0x38a07152ee64c7067feeba904d72abc9a9da0c77,0,balance,24002957
polygon-zkevm:0x38a07152ee64c7067feeba904d72abc9a9da0c77:SMT_KEY:1,0x38a07152ee64c7067feeba904d72abc9a9da0c77,1,nonce,24002957
polygon-zkevm:0x38a07152ee64c7067feeba904d72abc9a9da0c77:SMT_KEY:2,0x38a07152ee64c7067feeba904d72abc9a9da0c77,2,code_hash,24002957
polygon-zkevm:0x38a07152ee64c7067feeba904d72abc9a9da0c77:SMT_KEY:4,0x38a07152ee64c7067feeba904d72abc9a9da0c77,4,code_hash_length,24002957
polygon-zkevm:0x8a0645a5915ae2078bff9656bc83d354fa06139e:SMT_KEY:0,0x8a0645a5915ae2078bff9656bc83d354fa06139e,0,balance,24002957
polygon-zkevm:0x8a0645a5915ae2078bff9656bc83d354fa06139e:SMT_KEY:1,0x8a0645a5915ae2078bff9656bc83d354fa06139e,1,nonce,24002957
polygon-zkevm:0x8a0645a5915ae2078bff9656bc83d354fa06139e:SMT_KEY:2,0x8a0645a5915ae2078bff9656bc83d354fa06139e,2,code_hash,24002957
polygon-zkevm:0x8a0645a5915ae2078bff9656bc83d354fa06139e:SMT_KEY:4,0x8a0645a5915ae2078bff9656bc83d354fa06139e,4,code_hash_length,24002957
polygon-zkevm:0x98751600628aa93f966726d66cec66a039480dea:SMT_KEY:0,0x98751600628aa93f966726d66cec66a039480dea,0,balance,24002957
polygon-zkevm:0x98751600628aa93f966726d66cec66a039480dea:SMT_KEY:1,0x98751600628aa93f966726d66cec66a039480dea,1,nonce,24002957
polygon-zkevm:0x98751600628aa93f966726d66cec66a039480dea:SMT_KEY:2,0x98751600628aa93f966726d66cec66a039480dea,2,code_hash,24002957
polygon-zkevm:0x98751600628aa93f966726d66cec66a039480dea:SMT_KEY:4,0x98751600628aa93f966726d66cec66a039480dea,4,code_hash_length,24002957
polygon-zkevm:0xf1aca662d5318072d3c1482c936b0ba0ee2f0c52:SMT_KEY:0,0xf1aca662d5318072d3c1482c936b0ba0ee2f0c52,0,balance,24002987
polygon-zkevm:0xf1aca662d5318072d3c1482c936b0ba0ee2f0c52:SMT_KEY:1,0xf1aca662d5318072d3c1482c936b0ba0ee2f0c52,1,nonce,24002987
polygon-zkevm:0xf1aca662d5318072d3c1482c936b0ba0ee2f0c52:SMT_KEY:2,0xf1aca662d5318072d3c1482c936b0ba0ee2f0c52,2,code_hash,24002987
polygon-zkevm:0xf1aca662d5318072d3c1482c936b0ba0ee2f0c52:SMT_KEY:4,0xf1aca662d5318072d3c1482c936b0ba0ee2f0c52,4,code_hash_length,24002987
polygon-zkevm:0xe894fa40889b4ed2be4a0de343fb31a35443ac9e:SMT_KEY:0,0xe894fa40889b4ed2be4a0de343fb31a35443ac9e,0,balance,24003047
polygon-zkevm:0xe894fa40889b4ed2be4a0de343fb31a35443ac9e:SMT_KEY:1,0xe894fa40889b4ed2be4a0de343fb31a35443ac9e,1,nonce,24003047
polygon-zkevm:0xe894fa40889b4ed2be4a0de343fb31a35443ac9e:SMT_KEY:2,0xe894fa40889b4ed2be4a0de343fb31a35443ac9e,2,code_hash,24003047
polygon-zkevm:0xe894fa40889b4ed2be4a0de343fb31a35443ac9e:SMT_KEY:4,0xe894fa40889b4ed2be4a0de343fb31a35443ac9e,4,code_hash_length,24003047
polygon-zkevm:0x61f4ecd130291e5d5d7809a112f9f9081b8ed3a5:SMT_KEY:0,0x61f4ecd130291e5d5d7809a112f9f9081b8ed3a5,0,balance,24003127
polygon-zkevm:0x61f4ecd130291e5d5d7809a112f9f9081b8ed3a5:SMT_KEY:1,0x61f4ecd130291e5d5d7809a112f9f9081b8ed3a5,1,nonce,24003127
polygon-zkevm:0x61f4ecd130291e5d5d7809a112f9f9081b8ed3a5:SMT_KEY:2,0x61f4ecd130291e5d5d7809a112f9f9081b8ed3a5,2,code_hash,24003127
polygon-zkevm:0x61f4ecd130291e5d5d7809a112f9f9081b8ed3a5:SMT_KEY:4,0x61f4ecd130291e5d5d7809a112f9f9081b8ed3a5,4,code_hash_length,24003127
polygon-zkevm:0x7c499d60555e29241cb834afae2eda70deeff559:SMT_KEY:0,0x7c499d60555e29241cb834afae2eda70deeff559,0,balance,24003327
polygon-zkevm:0x7c499d60555e29241cb834afae2eda70deeff559:SMT_KEY:1,0x7c499d60555e29241cb834afae2eda70deeff559,1,nonce,24003327
polygon-zkevm:0x7c499d60555e29241cb834afae2eda70deeff559:SMT_KEY:2,0x7c499d60555e29241cb834afae2eda70deeff559,2,code_hash,24003327
polygon-zkevm:0x7c499d60555e29241cb834afae2eda70deeff559:SMT_KEY:4,0x7c499d60555e29241cb834afae2eda70deeff559,4,code_hash_length,24003327
polygon-zkevm:0x459dc0dcb82c7e3c791041f9cdb5f797b6459315:SMT_KEY:0,0x459dc0dcb82c7e3c791041f9cdb5f797b6459315,0,balance,24003357
polygon-zkevm:0x459dc0dcb82c7e3c791041f9cdb5f797b6459315:SMT_KEY:1,0x459dc0dcb82c7e3c791041f9cdb5f797b6459315,1,nonce,24003357
polygon-zkevm:0x459dc0dcb82c7e3c791041f9cdb5f797b6459315:SMT_KEY:2,0x459dc0dcb82c7e3c791041f9cdb5f797b6459315,2,code_hash,24003357
polygon-zkevm:0x459dc0dcb82c7e3c791041f9cdb5f797b6459315:SMT_KEY:4,0x459dc0dcb82c7e3c791041f9cdb5f797b6459315,4,code_hash_length,24003357
polygon-zkevm:0xff8544fed5379d9ffa8d47a74ce6b91e632ac44d:SMT_KEY:0,0xff8544fed5379d9ffa8d47a74ce6b91e632ac44d,0,balance,24003357
polygon-zkevm:0xff8544fed5379d9ffa8d47a74ce6b91e632ac44d:SMT_KEY:1,0xff8544fed5379d9ffa8d47a74ce6b91e632ac44d,1,nonce,24003357
polygon-zkevm:0xff8544fed5379d9ffa8d47a74ce6b91e632ac44d:SMT_KEY:2,0xff8544fed5379d9ffa8d47a74ce6b91e632ac44d,2,code_hash,24003357
polygon-zkevm:0xff8544fed5379d9ffa8d47a74ce6b91e632ac44d:SMT_KEY:4,0xff8544fed5379d9ffa8d47a74ce6b91e632ac44d,4,code_hash_length,24003357
polygon-zkevm:0x70b516d751680b7abb3499a176803c9c50aae7e0:SMT_KEY:0,0x70b516d751680b7abb3499a176803c9c50aae7e0,0,balance,24003417
polygon-zkevm:0x70b516d751680b7abb3499a176803c9c50aae7e0:SMT_KEY:1,0x70b516d751680b7abb3499a176803c9c50aae7e0,1,nonce,24003417
polygon-zkevm:0x70b516d751680b7abb3499a176803c9c50aae7e0:SMT_KEY:2,0x70b516d751680b7abb3499a176803c9c50aae7e0,2,code_hash,24003417
polygon-zkevm:0x70b516d751680b7abb3499a176803c9c50aae7e0:SMT_KEY:4,0x70b516d751680b7abb3499a176803c9c50aae7e0,4,code_hash_length,24003417
polygon-zkevm:0x6abdefaa8fabc39508d54100d06e9eaea08d9afa:SMT_KEY:0,0x6abdefaa8fabc39508d54100d06e9eaea08d9afa,0,balance,24003567
polygon-zkevm:0x6abdefaa8fabc39508d54100d06e9eaea08d9afa:SMT_KEY:1,0x6abdefaa8fabc39508d54100d06e9eaea08d9afa,1,nonce,24003567
polygon-zkevm:0x6abdefaa8fabc39508d54100d06e9eaea08d9afa:SMT_KEY:2,0x6abdefaa8fabc39508d54100d06e9eaea08d9afa,2,code_hash,24003567
polygon-zkevm:0x6abdefaa8fabc39508d54100d06e9eaea08d9afa:SMT_KEY:4,0x6abdefaa8fabc39508d54100d06e9eaea08d9afa,4,code_hash_length,24003567
polygon-zkevm:0x7915c217654a80363737545ad05daebf2fab9568:SMT_KEY:0,0x7915c217654a80363737545ad05daebf2fab9568,0,balance,24003607
polygon-zkevm:0x7915c217654a80363737545ad05daebf2fab9568:SMT_KEY:1,0x7915c217654a80363737545ad05daebf2fab9568,1,nonce,24003607
polygon-zkevm:0x7915c217654a80363737545ad05daebf2fab9568:SMT_KEY:2,0x7915c217654a80363737545ad05daebf2fab9568,2,code_hash,24003607
polygon-zkevm:0x7915c217654a80363737545ad05daebf2fab9568:SMT_KEY:4,0x7915c217654a80363737545ad05daebf2fab9568,4,code_hash_length,24003607
polygon-zkevm:0xc059533080803b3d4d3c65ec4f23b6f7b6196d38:SMT_KEY:0,0xc059533080803b3d4d3c65ec4f23b6f7b6196d38,0,balance,24003617
polygon-zkevm:0xc059533080803b3d4d3c65ec4f23b6f7b6196d38:SMT_KEY:1,0xc059533080803b3d4d3c65ec4f23b6f7b6196d38,1,nonce,24003617
polygon-zkevm:0xc059533080803b3d4d3c65ec4f23b6f7b6196d38:SMT_KEY:2,0xc059533080803b3d4d3c65ec4f23b6f7b6196d38,2,code_hash,24003617
polygon-zkevm:0xc059533080803b3d4d3c65ec4f23b6f7b6196d38:SMT_KEY:4,0xc059533080803b3d4d3c65ec4f23b6f7b6196d38,4,code_hash_length,24003617
polygon-zkevm:0x07e114c06462d8892ae4574a7502b8c1c0fbdfbb:SMT_KEY:0,0x07e114c06462d8892ae4574a7502b8c1c0fbdfbb,0,balance,24003757
polygon-zkevm:0x07e114c06462d8892ae4574a7502b8c1c0fbdfbb:SMT_KEY:1,0x07e114c06462d8892ae4574a7502b8c1c0fbdfbb,1,nonce,24003757
polygon-zkevm:0x07e114c06462d8892ae4574a7502b8c1c0fbdfbb:SMT_KEY:2,0x07e114c06462d8892ae4574a7502b8c1c0fbdfbb,2,code_hash,24003757
polygon-zkevm:0x07e114c06462d8892ae4574a7502b8c1c0fbdfbb:SMT_KEY:4,0x07e114c06462d8892ae4574a7502b8c1c0fbdfbb,4,code_hash_length,24003757
polygon-zkevm:0x932d7e38fc589b8124a7078c834da0354d5a057a:SMT_KEY:0,0x932d7e38fc589b8124a7078c834da0354d5a057a,0,balance,24003797
polygon-zkevm:0x932d7e38fc589b8124a7078c834da0354d5a057a:SMT_KEY:1,0x932d7e38fc589b8124a7078c834da0354d5a057a,1,nonce,24003797
polygon-zkevm:0x932d7e38fc589b8124a7078c834da0354d5a057a:SMT_KEY:2,0x932d7e38fc589b8124a7078c834da0354d5a057a,2,code_hash,24003797
polygon-zkevm:0x932d7e38fc589b8124a7078c834da0354d5a057a:SMT_KEY:4,0x932d7e38fc589b8124a7078c834da0354d5a057a,4,code_hash_length,24003797
polygon-zkevm:0xf447b405fc7b41ddfef3cf66ec790eabd6b26a47:SMT_KEY:0,0xf447b405fc7b41ddfef3cf66ec790eabd6b26a47,0,balance,24004077
polygon-zkevm:0xf447b405fc7b41ddfef3cf66ec790eabd6b26a47:SMT_KEY:1,0xf447b405fc7b41ddfef3cf66ec790eabd6b26a47,1,nonce,24004077
polygon-zkevm:0xf447b405fc7b41ddfef3cf66ec790eabd6b26a47:SMT_KEY:2,0xf447b405fc7b41ddfef3cf66ec790eabd6b26a47,2,code_hash,24004077
polygon-zkevm:0xf447b405fc7b41ddfef3cf66ec790eabd6b26a47:SMT_KEY:4,0xf447b405fc7b41ddfef3cf66ec790eabd6b26a47,4,code_hash_length,24004077
polygon-zkevm:0xc7f63487c9fd3bd5281d703285656e33a2807b8e:SMT_KEY:0,0xc7f63487c9fd3bd5281d703285656e33a2807b8e,0,balance,24004397
polygon-zkevm:0xc7f63487c9fd3bd5281d703285656e33a2807b8e:SMT_KEY:1,0xc7f63487c9fd3bd5281d703285656e33a2807b8e,1,nonce,24004397
polygon-zkevm:0xc7f63487c9fd3bd5281d703285656e33a2807b8e:SMT_KEY:2,0xc7f63487c9fd3bd5281d703285656e33a2807b8e,2,code_hash,24004397
polygon-zkevm:0xc7f63487c9fd3bd5281d703285656e33a2807b8e:SMT_KEY:4,0xc7f63487c9fd3bd5281d703285656e33a2807b8e,4,code_hash_length,24004397
polygon-zkevm:0xf76a0d83f7904705547671b6bf634565fc35e0b8:SMT_KEY:0,0xf76a0d83f7904705547671b6bf634565fc35e0b8,0,balance,24004527
polygon-zkevm:0xf76a0d83f7904705547671b6bf634565fc35e0b8:SMT_KEY:1,0xf76a0d83f7904705547671b6bf634565fc35e0b8,1,nonce,24004527
polygon-zkevm:0xf76a0d83f7904705547671b6bf634565fc35e0b8:SMT_KEY:2,0xf76a0d83f7904705547671b6bf634565fc35e0b8,2,code_hash,24004527
polygon-zkevm:0xf76a0d83f7904705547671b6bf634565fc35e0b8:SMT_KEY:4,0xf76a0d83f7904705547671b6bf634565fc35e0b8,4,code_hash_length,24004527
polygon-zkevm:0xe88f1dd588efaff52760ed9ef41b1a3e9f387cbc:SMT_KEY:0,0xe88f1dd588efaff52760ed9ef41b1a3e9f387cbc,0,balance,24004547
polygon-zkevm:0xe88f1dd588efaff52760ed9ef41b1a3e9f387cbc:SMT_KEY:1,0xe88f1dd588efaff52760ed9ef41b1a3e9f387cbc,1,nonce,24004547
polygon-zkevm:0xe88f1dd588efaff52760ed9ef41b1a3e9f387cbc:SMT_KEY:2,0xe88f1dd588efaff52760ed9ef41b1a3e9f387cbc,2,code_hash,24004547
polygon-zkevm:0xe88f1dd588efaff52760ed9ef41b1a3e9f387cbc:SMT_KEY:4,0xe88f1dd588efaff52760ed9ef41b1a3e9f387cbc,4,code_hash_length,24004547
polygon-zkevm:0x675695097ca0a5b675631baf306ecb7f7b9b0dcf:SMT_KEY:0,0x675695097ca0a5b675631baf306ecb7f7b9b0dcf,0,balance,24004587
polygon-zkevm:0x675695097ca0a5b675631baf306ecb7f7b9b0dcf:SMT_KEY:1,0x675695097ca0a5b675631baf306ecb7f7b9b0dcf,1,nonce,24004587
polygon-zkevm:0x675695097ca0a5b675631baf306ecb7f7b9b0dcf:SMT_KEY:2,0x675695097ca0a5b675631baf306ecb7f7b9b0dcf,2,code_hash,24004587
polygon-zkevm:0x675695097ca0a5b675631baf306ecb7f7b9b0dcf:SMT_KEY:4,0x675695097ca0a5b675631baf306ecb7f7b9b0dcf,4,code_hash_length,24004587
polygon-zkevm:0xaf9e39a6fbc46bf0434ef96523aa964165590a2b:SMT_KEY:0,0xaf9e39a6fbc46bf0434ef96523aa964165590a2b,0,balance,24004677
polygon-zkevm:0xaf9e39a6fbc46bf0434ef96523aa964165590a2b:SMT_KEY:1,0xaf9e39a6fbc46bf0434ef96523aa964165590a2b,1,nonce,24004677
polygon-zkevm:0xaf9e39a6fbc46bf0434ef96523aa964165590a2b:SMT_KEY:2,0xaf9e39a6fbc46bf0434ef96523aa964165590a2b,2,code_hash,24004677
polygon-zkevm:0xaf9e39a6fbc46bf0434ef96523aa964165590a2b:SMT_KEY:4,0xaf9e39a6fbc46bf0434ef96523aa964165590a2b,4,code_hash_length,24004677
polygon-zkevm:0x1af12471694a9900a46d6e9c99857efdaa03cbf6:SMT_KEY:0,0x1af12471694a9900a46d6e9c99857efdaa03cbf6,0,balance,24004827
polygon-zkevm:0x1af12471694a9900a46d6e9c99857efdaa03cbf6:SMT_KEY:1,0x1af12471694a9900a46d6e9c99857efdaa03cbf6,1,nonce,24004827
polygon-zkevm:0x1af12471694a9900a46d6e9c99857efdaa03cbf6:SMT_KEY:2,0x1af12471694a9900a46d6e9c99857efdaa03cbf6,2,code_hash,24004827
polygon-zkevm:0x1af12471694a9900a46d6e9c99857efdaa03cbf6:SMT_KEY:4,0x1af12471694a9900a46d6e9c99857efdaa03cbf6,4,code_hash_length,24004827
polygon-zkevm:0x65f82507e07b0375fe55a5d70259033baecaae9b:SMT_KEY:0,0x65f82507e07b0375fe55a5d70259033baecaae9b,0,balance,24004827
polygon-zkevm:0x65f82507e07b0375fe55a5d70259033baecaae9b:SMT_KEY:1,0x65f82507e07b0375fe55a5d70259033baecaae9b,1,nonce,24004827
polygon-zkevm:0x65f82507e07b0375fe55a5d70259033baecaae9b:SMT_KEY:2,0x65f82507e07b0375fe55a5d70259033baecaae9b,2,code_hash,24004827
polygon-zkevm:0x65f82507e07b0375fe55a5d70259033baecaae9b:SMT_KEY:4,0x65f82507e07b0375fe55a5d70259033baecaae9b,4,code_hash_length,24004827
polygon-zkevm:0xca57d7331f40e0e771ca69279a7deeecfb0cd039:SMT_KEY:0,0xca57d7331f40e0e771ca69279a7deeecfb0cd039,0,balance,24005097
polygon-zkevm:0xca57d7331f40e0e771ca69279a7deeecfb0cd039:SMT_KEY:1,0xca57d7331f40e0e771ca69279a7deeecfb0cd039,1,nonce,24005097
polygon-zkevm:0xca57d7331f40e0e771ca69279a7deeecfb0cd039:SMT_KEY:2,0xca57d7331f40e0e771ca69279a7deeecfb0cd039,2,code_hash,24005097
polygon-zkevm:0xca57d7331f40e0e771ca69279a7deeecfb0cd039:SMT_KEY:4,0xca57d7331f40e0e771ca69279a7deeecfb0cd039,4,code_hash_length,24005097
polygon-zkevm:0x4581b89e04de97b5e120875ae2608779c4faec97:SMT_KEY:0,0x4581b89e04de97b5e120875ae2608779c4faec97,0,balance,24005207
polygon-zkevm:0x4581b89e04de97b5e120875ae2608779c4faec97:SMT_KEY:1,0x4581b89e04de97b5e120875ae2608779c4faec97,1,nonce,24005207
polygon-zkevm:0x4581b89e04de97b5e120875ae2608779c4faec97:SMT_KEY:2,0x4581b89e04de97b5e120875ae2608779c4faec97,2,code_hash,24005207
polygon-zkevm:0x4581b89e04de97b5e120875ae2608779c4faec97:SMT_KEY:4,0x4581b89e04de97b5e120875ae2608779c4faec97,4,code_hash_length,24005207
polygon-zkevm:0x148892dcddaf3241e6ef112aaf4007b18c211b9e:SMT_KEY:0,0x148892dcddaf3241e6ef112aaf4007b18c211b9e,0,balance,24005347
polygon-zkevm:0x148892dcddaf3241e6ef112aaf4007b18c211b9e:SMT_KEY:1,0x148892dcddaf3241e6ef112aaf4007b18c211b9e,1,nonce,24005347
polygon-zkevm:0x148892dcddaf3241e6ef112aaf4007b18c211b9e:SMT_KEY:2,0x148892dcddaf3241e6ef112aaf4007b18c211b9e,2,code_hash,24005347
polygon-zkevm:0x148892dcddaf3241e6ef112aaf4007b18c211b9e:SMT_KEY:4,0x148892dcddaf3241e6ef112aaf4007b18c211b9e,4,code_hash_length,24005347
polygon-zkevm:0x3beff42b258a2c3e87de4fb1a1efb49acc928dfc:SMT_KEY:0,0x3beff42b258a2c3e87de4fb1a1efb49acc928dfc,0,balance,24005347
polygon-zkevm:0x3beff42b258a2c3e87de4fb1a1efb49acc928dfc:SMT_KEY:1,0x3beff42b258a2c3e87de4fb1a1efb49acc928dfc,1,nonce,24005347
polygon-zkevm:0x3beff42b258a2c3e87de4fb1a1efb49acc928dfc:SMT_KEY:2,0x3beff42b258a2c3e87de4fb1a1efb49acc928dfc,2,code_hash,24005347
polygon-zkevm:0x3beff42b258a2c3e87de4fb1a1efb49acc928dfc:SMT_KEY:4,0x3beff42b258a2c3e87de4fb1a1efb49acc928dfc,4,code_hash_length,24005347
polygon-zkevm:0xc60a583b052c5c35190393eccdcab20a76cbf777:SMT_KEY:0,0xc60a583b052c5c35190393eccdcab20a76cbf777,0,balance,24005347
polygon-zkevm:0xc60a583b052c5c35190393eccdcab20a76cbf777:SMT_KEY:1,0xc60a583b052c5c35190393eccdcab20a76cbf777,1,nonce,24005347
polygon-zkevm:0xc60a583b052c5c35190393eccdcab20a76cbf777:SMT_KEY:2,0xc60a583b052c5c35190393eccdcab20a76cbf777,2,code_hash,24005347
polygon-zkevm:0xc60a583b052c5c35190393eccdcab20a76cbf777:SMT_KEY:4,0xc60a583b052c5c35190393eccdcab20a76cbf777,4,code_hash_length,24005347
polygon-zkevm:0xd6ef5ac82d178d6a44cf6df99735ee9ab7b493b9:SMT_KEY:0,0xd6ef5ac82d178d6a44cf6df99735ee9ab7b493b9,0,balance,24005417
polygon-zkevm:0xd6ef5ac82d178d6a44cf6df99735ee9ab7b493b9:SMT_KEY:1,0xd6ef5ac82d178d6a44cf6df99735ee9ab7b493b9,1,nonce,24005417
polygon-zkevm:0xd6ef5ac82d178d6a44cf6df99735ee9ab7b493b9:SMT_KEY:2,0xd6ef5ac82d178d6a44cf6df99735ee9ab7b493b9,2,code_hash,24005417
polygon-zkevm:0xd6ef5ac82d178d6a44cf6df99735ee9ab7b493b9:SMT_KEY:4,0xd6ef5ac82d178d6a44cf6df99735ee9ab7b493b9,4,code_hash_length,24005417
polygon-zkevm:0xc8cbe25381d08ef1302d26fdab23ab455c6c79e9:SMT_KEY:0,0xc8cbe25381d08ef1302d26fdab23ab455c6c79e9,0,balance,24005497
polygon-zkevm:0xc8cbe25381d08ef1302d26fdab23ab455c6c79e9:SMT_KEY:1,0xc8cbe25381d08ef1302d26fdab23ab455c6c79e9,1,nonce,24005497
polygon-zkevm:0xc8cbe25381d08ef1302d26fdab23ab455c6c79e9:SMT_KEY:2,0xc8cbe25381d08ef1302d26fdab23ab455c6c79e9,2,code_hash,24005497
polygon-zkevm:0xc8cbe25381d08ef1302d26fdab23ab455c6c79e9:SMT_KEY:4,0xc8cbe25381d08ef1302d26fdab23ab455c6c79e9,4,code_hash_length,24005497
polygon-zkevm:0xe2a70e9d1a4e1d45602ec7c709cd7acdb8533f20:SMT_KEY:0,0xe2a70e9d1a4e1d45602ec7c709cd7acdb8533f20,0,balance,24005527
polygon-zkevm:0xe2a70e9d1a4e1d45602ec7c709cd7acdb8533f20:SMT_KEY:1,0xe2a70e9d1a4e1d45602ec7c709cd7acdb8533f20,1,nonce,24005527
polygon-zkevm:0xe2a70e9d1a4e1d45602ec7c709cd7acdb8533f20:SMT_KEY:2,0xe2a70e9d1a4e1d45602ec7c709cd7acdb8533f20,2,code_hash,24005527
polygon-zkevm:0xe2a70e9d1a4e1d45602ec7c709cd7acdb8533f20:SMT_KEY:4,0xe2a70e9d1a4e1d45602ec7c709cd7acdb8533f20,4,code_hash_length,24005527
polygon-zkevm:0xe4d9f174e9b9f987836030ca0b244a5b4f615869:SMT_KEY:0,0xe4d9f174e9b9f987836030ca0b244a5b4f615869,0,balance,24005667
polygon-zkevm:0xe4d9f174e9b9f987836030ca0b244a5b4f615869:SMT_KEY:1,0xe4d9f174e9b9f987836030ca0b244a5b4f615869,1,nonce,24005667
polygon-zkevm:0xe4d9f174e9b9f987836030ca0b244a5b4f615869:SMT_KEY:2,0xe4d9f174e9b9f987836030ca0b244a5b4f615869,2,code_hash,24005667
polygon-zkevm:0xe4d9f174e9b9f987836030ca0b244a5b4f615869:SMT_KEY:4,0xe4d9f174e9b9f987836030ca0b244a5b4f615869,4,code_hash_length,24005667
polygon-zkevm:0x564d9033752e95f9528d9fc3ded47a6d7ed6f8e4:SMT_KEY:0,0x564d9033752e95f9528d9fc3ded47a6d7ed6f8e4,0,balance,24005717
polygon-zkevm:0x564d9033752e95f9528d9fc3ded47a6d7ed6f8e4:SMT_KEY:1,0x564d9033752e95f9528d9fc3ded47a6d7ed6f8e4,1,nonce,24005717
polygon-zkevm:0x564d9033752e95f9528d9fc3ded47a6d7ed6f8e4:SMT_KEY:2,0x564d9033752e95f9528d9fc3ded47a6d7ed6f8e4,2,code_hash,24005717
polygon-zkevm:0x564d9033752e95f9528d9fc3ded47a6d7ed6f8e4:SMT_KEY:4,0x564d9033752e95f9528d9fc3ded47a6d7ed6f8e4,4,code_hash_length,24005717
polygon-zkevm:0xf54a4f5aefdae408d16ad18dda774cb301317382:SMT_KEY:0,0xf54a4f5aefdae408d16ad18dda774cb301317382,0,balance,24005717
polygon-zkevm:0xf54a4f5aefdae408d16ad18dda774cb301317382:SMT_KEY:1,0xf54a4f5aefdae408d16ad18dda774cb301317382,1,nonce,24005717
polygon-zkevm:0xf54a4f5aefdae408d16ad18dda774cb301317382:SMT_KEY:2,0xf54a4f5aefdae408d16ad18dda774cb301317382,2,code_hash,24005717
polygon-zkevm:0xf54a4f5aefdae408d16ad18dda774cb301317382:SMT_KEY:4,0xf54a4f5aefdae408d16ad18dda774cb301317382,4,code_hash_length,24005717
polygon-zkevm:0x3bdb03ad7363152dfbc185ee23ebc93f0cf93fd1:SMT_KEY:0,0x3bdb03ad7363152dfbc185ee23ebc93f0cf93fd1,0,balance,24006247
polygon-zkevm:0x3bdb03ad7363152dfbc185ee23ebc93f0cf93fd1:SMT_KEY:1,0x3bdb03ad7363152dfbc185ee23ebc93f0cf93fd1,1,nonce,24006247
polygon-zkevm:0x3bdb03ad7363152dfbc185ee23ebc93f0cf93fd1:SMT_KEY:2,0x3bdb03ad7363152dfbc185ee23ebc93f0cf93fd1,2,code_hash,24006247
polygon-zkevm:0x3bdb03ad7363152dfbc185ee23ebc93f0cf93fd1:SMT_KEY:4,0x3bdb03ad7363152dfbc185ee23ebc93f0cf93fd1,4,code_hash_length,24006247
polygon-zkevm:0x5994ac0de5b8966ee74b0a67d4afb9176ff9f772:SMT_KEY:0,0x5994ac0de5b8966ee74b0a67d4afb9176ff9f772,0,balance,24006247
polygon-zkevm:0x5994ac0de5b8966ee74b0a67d4afb9176ff9f772:SMT_KEY:1,0x5994ac0de5b8966ee74b0a67d4afb9176ff9f772,1,nonce,24006247
polygon-zkevm:0x5994ac0de5b8966ee74b0a67d4afb9176ff9f772:SMT_KEY:2,0x5994ac0de5b8966ee74b0a67d4afb9176ff9f772,2,code_hash,24006247
polygon-zkevm:0x5994ac0de5b8966ee74b0a67d4afb9176ff9f772:SMT_KEY:4,0x5994ac0de5b8966ee74b0a67d4afb9176ff9f772,4,code_hash_length,24006247
polygon-zkevm:0xc680bcda3b122837a0d49ba23f607b412cd90906:SMT_KEY:0,0xc680bcda3b122837a0d49ba23f607b412cd90906,0,balance,24006337
polygon-zkevm:0xc680bcda3b122837a0d49ba23f607b412cd90906:SMT_KEY:1,0xc680bcda3b122837a0d49ba23f607b412cd90906,1,nonce,24006337
polygon-zkevm:0xc680bcda3b122837a0d49ba23f607b412cd90906:SMT_KEY:2,0xc680bcda3b122837a0d49ba23f607b412cd90906,2,code_hash,24006337
polygon-zkevm:0xc680bcda3b122837a0d49ba23f607b412cd90906:SMT_KEY:4,0xc680bcda3b122837a0d49ba23f607b412cd90906,4,code_hash_length,24006337
polygon-zkevm:0xe369e8176960afa83aaf9a396c52fd091380093a:SMT_KEY:0,0xe369e8176960afa83aaf9a396c52fd091380093a,0,balance,24006337
polygon-zkevm:0xe369e8176960afa83aaf9a396c52fd091380093a:SMT_KEY:1,0xe369e8176960afa83aaf9a396c52fd091380093a,1,nonce,24006337
polygon-zkevm:0xe369e8176960afa83aaf9a396c52fd091380093a:SMT_KEY:2,0xe369e8176960afa83aaf9a396c52fd091380093a,2,code_hash,24006337
polygon-zkevm:0xe369e8176960afa83aaf9a396c52fd091380093a:SMT_KEY:4,0xe369e8176960afa83aaf9a396c52fd091380093a,4,code_hash_length,24006337
polygon-zkevm:0x4654b7614f264e35a815bed71e96db3d7f4f670b:SMT_KEY:0,0x4654b7614f264e35a815bed71e96db3d7f4f670b,0,balance,24006397
polygon-zkevm:0x4654b7614f264e35a815bed71e96db3d7f4f670b:SMT_KEY:1,0x4654b7614f264e35a815bed71e96db3d7f4f670b,1,nonce,24006397
polygon-zkevm:0x4654b7614f264e35a815bed71e96db3d7f4f670b:SMT_KEY:2,0x4654b7614f264e35a815bed71e96db3d7f4f670b,2,code_hash,24006397
polygon-zkevm:0x4654b7614f264e35a815bed71e96db3d7f4f670b:SMT_KEY:4,0x4654b7614f264e35a815bed71e96db3d7f4f670b,4,code_hash_length,24006397
polygon-zkevm:0x64936e4a960eccf6048b92267802a773e7636992:SMT_KEY:0,0x64936e4a960eccf6048b92267802a773e7636992,0,balance,24006417
polygon-zkevm:0x64936e4a960eccf6048b92267802a773e7636992:SMT_KEY:1,0x64936e4a960eccf6048b92267802a773e7636992,1,nonce,24006417
polygon-zkevm:0x64936e4a960eccf6048b92267802a773e7636992:SMT_KEY:2,0x64936e4a960eccf6048b92267802a773e7636992,2,code_hash,24006417
polygon-zkevm:0x64936e4a960eccf6048b92267802a773e7636992:SMT_KEY:4,0x64936e4a960eccf6048b92267802a773e7636992,4,code_hash_length,24006417
polygon-zkevm:0x889758b37ed75953cadf00dc6f56781c8367ca41:SMT_KEY:0,0x889758b37ed75953cadf00dc6f56781c8367ca41,0,balance,24006417
polygon-zkevm:0x889758b37ed75953cadf00dc6f56781c8367ca41:SMT_KEY:1,0x889758b37ed75953cadf00dc6f56781c8367ca41,1,nonce,24006417
polygon-zkevm:0x889758b37ed75953cadf00dc6f56781c8367ca41:SMT_KEY:2,0x889758b37ed75953cadf00dc6f56781c8367ca41,2,code_hash,24006417
polygon-zkevm:0x889758b37ed75953cadf00dc6f56781c8367ca41:SMT_KEY:4,0x889758b37ed75953cadf00dc6f56781c8367ca41,4,code_hash_length,24006417
polygon-zkevm:0xfc92bcb548e630f82cdce642334f6b39847c92cb:SMT_KEY:0,0xfc92bcb548e630f82cdce642334f6b39847c92cb,0,balance,24006457
polygon-zkevm:0xfc92bcb548e630f82cdce642334f6b39847c92cb:SMT_KEY:1,0xfc92bcb548e630f82cdce642334f6b39847c92cb,1,nonce,24006457
polygon-zkevm:0xfc92bcb548e630f82cdce642334f6b39847c92cb:SMT_KEY:2,0xfc92bcb548e630f82cdce642334f6b39847c92cb,2,code_hash,24006457
polygon-zkevm:0xfc92bcb548e630f82cdce642334f6b39847c92cb:SMT_KEY:4,0xfc92bcb548e630f82cdce642334f6b39847c92cb,4,code_hash_length,24006457
polygon-zkevm:0x0432e16a05660c496abbe82a3bee561b57792b76:SMT_KEY:0,0x0432e16a05660c496abbe82a3bee561b57792b76,0,balance,24006477
polygon-zkevm:0x0432e16a05660c496abbe82a3bee561b57792b76:SMT_KEY:1,0x0432e16a05660c496abbe82a3bee561b57792b76,1,nonce,24006477
polygon-zkevm:0x0432e16a05660c496abbe82a3bee561b57792b76:SMT_KEY:2,0x0432e16a05660c496abbe82a3bee561b57792b76,2,code_hash,24006477
polygon-zkevm:0x0432e16a05660c496abbe82a3bee561b57792b76:SMT_KEY:4,0x0432e16a05660c496abbe82a3bee561b57792b76,4,code_hash_length,24006477
polygon-zkevm:0x0a914a24d1fbabe0d913cd1bccb275938133c071:SMT_KEY:0,0x0a914a24d1fbabe0d913cd1bccb275938133c071,0,balance,24006597
polygon-zkevm:0x0a914a24d1fbabe0d913cd1bccb275938133c071:SMT_KEY:1,0x0a914a24d1fbabe0d913cd1bccb275938133c071,1,nonce,24006597
polygon-zkevm:0x0a914a24d1fbabe0d913cd1bccb275938133c071:SMT_KEY:2,0x0a914a24d1fbabe0d913cd1bccb275938133c071,2,code_hash,24006597
polygon-zkevm:0x0a914a24d1fbabe0d913cd1bccb275938133c071:SMT_KEY:4,0x0a914a24d1fbabe0d913cd1bccb275938133c071,4,code_hash_length,24006597
polygon-zkevm:0x49525c292f006396aa78d3441ee73ee992ef3183:SMT_KEY:0,0x49525c292f006396aa78d3441ee73ee992ef3183,0,balance,24006647
polygon-zkevm:0x49525c292f006396aa78d3441ee73ee992ef3183:SMT_KEY:1,0x49525c292f006396aa78d3441ee73ee992ef3183,1,nonce,24006647
polygon-zkevm:0x49525c292f006396aa78d3441ee73ee992ef3183:SMT_KEY:2,0x49525c292f006396aa78d3441ee73ee992ef3183,2,code_hash,24006647
polygon-zkevm:0x49525c292f006396aa78d3441ee73ee992ef3183:SMT_KEY:4,0x49525c292f006396aa78d3441ee73ee992ef3183,4,code_hash_length,24006647
polygon-zkevm:0xa2c193e15f2564d5414ed8da474db4ec1bb8d4e4:SMT_KEY:0,0xa2c193e15f2564d5414ed8da474db4ec1bb8d4e4,0,balance,24006657
polygon-zkevm:0xa2c193e15f2564d5414ed8da474db4ec1bb8d4e4:SMT_KEY:1,0xa2c193e15f2564d5414ed8da474db4ec1bb8d4e4,1,nonce,24006657
polygon-zkevm:0xa2c193e15f2564d5414ed8da474db4ec1bb8d4e4:SMT_KEY:2,0xa2c193e15f2564d5414ed8da474db4ec1bb8d4e4,2,code_hash,24006657
polygon-zkevm:0xa2c193e15f2564d5414ed8da474db4ec1bb8d4e4:SMT_KEY:4,0xa2c193e15f2564d5414ed8da474db4ec1bb8d4e4,4,code_hash_length,24006657
polygon-zkevm:0x69e22b4eaa54a60b58964e9afd175aaa011ab01d:SMT_KEY:0,0x69e22b4eaa54a60b58964e9afd175aaa011ab01d,0,balance,24006717
polygon-zkevm:0x69e22b4eaa54a60b58964e9afd175aaa011ab01d:SMT_KEY:1,0x69e22b4eaa54a60b58964e9afd175aaa011ab01d,1,nonce,24006717
polygon-zkevm:0x69e22b4eaa54a60b58964e9afd175aaa011ab01d:SMT_KEY:2,0x69e22b4eaa54a60b58964e9afd175aaa011ab01d,2,code_hash,24006717
polygon-zkevm:0x69e22b4eaa54a60b58964e9afd175aaa011ab01d:SMT_KEY:4,0x69e22b4eaa54a60b58964e9afd175aaa011ab01d,4,code_hash_length,24006717
polygon-zkevm:0xc3e8b59b47112c3937a1d1a8d833ddc65e9ee5ef:SMT_KEY:0,0xc3e8b59b47112c3937a1d1a8d833ddc65e9ee5ef,0,balance,24006747
polygon-zkevm:0xc3e8b59b47112c3937a1d1a8d833ddc65e9ee5ef:SMT_KEY:1,0xc3e8b59b47112c3937a1d1a8d833ddc65e9ee5ef,1,nonce,24006747
polygon-zkevm:0xc3e8b59b47112c3937a1d1a8d833ddc65e9ee5ef:SMT_KEY:2,0xc3e8b59b47112c3937a1d1a8d833ddc65e9ee5ef,2,code_hash,24006747
polygon-zkevm:0xc3e8b59b47112c3937a1d1a8d833ddc65e9ee5ef:SMT_KEY:4,0xc3e8b59b47112c3937a1d1a8d833ddc65e9ee5ef,4,code_hash_length,24006747
polygon-zkevm:0xa01c28cebcea47f26877995af0dd8a445f4adad5:SMT_KEY:0,0xa01c28cebcea47f26877995af0dd8a445f4adad5,0,balance,24006867
polygon-zkevm:0xa01c28cebcea47f26877995af0dd8a445f4adad5:SMT_KEY:1,0xa01c28cebcea47f26877995af0dd8a445f4adad5,1,nonce,24006867
polygon-zkevm:0xa01c28cebcea47f26877995af0dd8a445f4adad5:SMT_KEY:2,0xa01c28cebcea47f26877995af0dd8a445f4adad5,2,code_hash,24006867
polygon-zkevm:0xa01c28cebcea47f26877995af0dd8a445f4adad5:SMT_KEY:4,0xa01c28cebcea47f26877995af0dd8a445f4adad5,4,code_hash_length,24006867
polygon-zkevm:0x009905bf008cca637185eeafe8f51bb56dd2aca7:SMT_KEY:0,0x009905bf008cca637185eeafe8f51bb56dd2aca7,0,balance,24006917
polygon-zkevm:0x009905bf008cca637185eeafe8f51bb56dd2aca7:SMT_KEY:1,0x009905bf008cca637185eeafe8f51bb56dd2aca7,1,nonce,24006917
polygon-zkevm:0x009905bf008cca637185eeafe8f51bb56dd2aca7:SMT_KEY:2,0x009905bf008cca637185eeafe8f51bb56dd2aca7,2,code_hash,24006917
polygon-zkevm:0x009905bf008cca637185eeafe8f51bb56dd2aca7:SMT_KEY:4,0x009905bf008cca637185eeafe8f51bb56dd2aca7,4,code_hash_length,24006917
polygon-zkevm:0x88913bdc41da3a18c93cdf2e97f9f0c73a7084b4:SMT_KEY:0,0x88913bdc41da3a18c93cdf2e97f9f0c73a7084b4,0,balance,24006917
polygon-zkevm:0x88913bdc41da3a18c93cdf2e97f9f0c73a7084b4:SMT_KEY:1,0x88913bdc41da3a18c93cdf2e97f9f0c73a7084b4,1,nonce,24006917
polygon-zkevm:0x88913bdc41da3a18c93cdf2e97f9f0c73a7084b4:SMT_KEY:2,0x88913bdc41da3a18c93cdf2e97f9f0c73a7084b4,2,code_hash,24006917
polygon-zkevm:0x88913bdc41da3a18c93cdf2e97f9f0c73a7084b4:SMT_KEY:4,0x88913bdc41da3a18c93cdf2e97f9f0c73a7084b4,4,code_hash_length,24006917
polygon-zkevm:0x623b3471753e09e8fff61435882de2e89999b2ca:SMT_KEY:0,0x623b3471753e09e8fff61435882de2e89999b2ca,0,balance,24007157
polygon-zkevm:0x623b3471753e09e8fff61435882de2e89999b2ca:SMT_KEY:1,0x623b3471753e09e8fff61435882de2e89999b2ca,1,nonce,24007157
polygon-zkevm:0x623b3471753e09e8fff61435882de2e89999b2ca:SMT_KEY:2,0x623b3471753e09e8fff61435882de2e89999b2ca,2,code_hash,24007157
polygon-zkevm:0x623b3471753e09e8fff61435882de2e89999b2ca:SMT_KEY:4,0x623b3471753e09e8fff61435882de2e89999b2ca,4,code_hash_length,24007157
polygon-zkevm:0x12e081ea95127d2144fda40810f10d031f4bcddc:SMT_KEY:0,0x12e081ea95127d2144fda40810f10d031f4bcddc,0,balance,24007227
polygon-zkevm:0x12e081ea95127d2144fda40810f10d031f4bcddc:SMT_KEY:1,0x12e081ea95127d2144fda40810f10d031f4bcddc,1,nonce,24007227
polygon-zkevm:0x12e081ea95127d2144fda40810f10d031f4bcddc:SMT_KEY:2,0x12e081ea95127d2144fda40810f10d031f4bcddc,2,code_hash,24007227
polygon-zkevm:0x12e081ea95127d2144fda40810f10d031f4bcddc:SMT_KEY:4,0x12e081ea95127d2144fda40810f10d031f4bcddc,4,code_hash_length,24007227
polygon-zkevm:0x6eb22cb84989529fee9ed5664cc9b0f140cd161e:SMT_KEY:0,0x6eb22cb84989529fee9ed5664cc9b0f140cd161e,0,balance,24007237
polygon-zkevm:0x6eb22cb84989529fee9ed5664cc9b0f140cd161e:SMT_KEY:1,0x6eb22cb84989529fee9ed5664cc9b0f140cd161e,1,nonce,24007237
polygon-zkevm:0x6eb22cb84989529fee9ed5664cc9b0f140cd161e:SMT_KEY:2,0x6eb22cb84989529fee9ed5664cc9b0f140cd161e,2,code_hash,24007237
polygon-zkevm:0x6eb22cb84989529fee9ed5664cc9b0f140cd161e:SMT_KEY:4,0x6eb22cb84989529fee9ed5664cc9b0f140cd161e,4,code_hash_length,24007237
polygon-zkevm:0x8bd4ab4cf017e15d630f325aa4f6362c224b864b:SMT_KEY:0,0x8bd4ab4cf017e15d630f325aa4f6362c224b864b,0,balance,24007307
polygon-zkevm:0x8bd4ab4cf017e15d630f325aa4f6362c224b864b:SMT_KEY:1,0x8bd4ab4cf017e15d630f325aa4f6362c224b864b,1,nonce,24007307
polygon-zkevm:0x8bd4ab4cf017e15d630f325aa4f6362c224b864b:SMT_KEY:2,0x8bd4ab4cf017e15d630f325aa4f6362c224b864b,2,code_hash,24007307
polygon-zkevm:0x8bd4ab4cf017e15d630f325aa4f6362c224b864b:SMT_KEY:4,0x8bd4ab4cf017e15d630f325aa4f6362c224b864b,4,code_hash_length,24007307
polygon-zkevm:0xb18def2832a1a0b961aa00550cb0f588a185ba28:SMT_KEY:0,0xb18def2832a1a0b961aa00550cb0f588a185ba28,0,balance,24007307
polygon-zkevm:0xb18def2832a1a0b961aa00550cb0f588a185ba28:SMT_KEY:1,0xb18def2832a1a0b961aa00550cb0f588a185ba28,1,nonce,24007307
polygon-zkevm:0xb18def2832a1a0b961aa00550cb0f588a185ba28:SMT_KEY:2,0xb18def2832a1a0b961aa00550cb0f588a185ba28,2,code_hash,24007307
polygon-zkevm:0xb18def2832a1a0b961aa00550cb0f588a185ba28:SMT_KEY:4,0xb18def2832a1a0b961aa00550cb0f588a185ba28,4,code_hash_length,24007307
polygon-zkevm:0x922887d0fd9382ee9f534f925a775102229a19b1:SMT_KEY:0,0x922887d0fd9382ee9f534f925a775102229a19b1,0,balance,24007327
polygon-zkevm:0x922887d0fd9382ee9f534f925a775102229a19b1:SMT_KEY:1,0x922887d0fd9382ee9f534f925a775102229a19b1,1,nonce,24007327
polygon-zkevm:0x922887d0fd9382ee9f534f925a775102229a19b1:SMT_KEY:2,0x922887d0fd9382ee9f534f925a775102229a19b1,2,code_hash,24007327
polygon-zkevm:0x922887d0fd9382ee9f534f925a775102229a19b1:SMT_KEY:4,0x922887d0fd9382ee9f534f925a775102229a19b1,4,code_hash_length,24007327
polygon-zkevm:0xcb2334d42910faf6865abe1fa8e079306b3d9ae5:SMT_KEY:0,0xcb2334d42910faf6865abe1fa8e079306b3d9ae5,0,balance,24007407
polygon-zkevm:0xcb2334d42910faf6865abe1fa8e079306b3d9ae5:SMT_KEY:1,0xcb2334d42910faf6865abe1fa8e079306b3d9ae5,1,nonce,24007407
polygon-zkevm:0xcb2334d42910faf6865abe1fa8e079306b3d9ae5:SMT_KEY:2,0xcb2334d42910faf6865abe1fa8e079306b3d9ae5,2,code_hash,24007407
polygon-zkevm:0xcb2334d42910faf6865abe1fa8e079306b3d9ae5:SMT_KEY:4,0xcb2334d42910faf6865abe1fa8e079306b3d9ae5,4,code_hash_length,24007407
polygon-zkevm:0xd0a625cb5653b1bc50e0df215ffd1ddefc363324:SMT_KEY:0,0xd0a625cb5653b1bc50e0df215ffd1ddefc363324,0,balance,24007507
polygon-zkevm:0xd0a625cb5653b1bc50e0df215ffd1ddefc363324:SMT_KEY:1,0xd0a625cb5653b1bc50e0df215ffd1ddefc363324,1,nonce,24007507
polygon-zkevm:0xd0a625cb5653b1bc50e0df215ffd1ddefc363324:SMT_KEY:2,0xd0a625cb5653b1bc50e0df215ffd1ddefc363324,2,code_hash,24007507
polygon-zkevm:0xd0a625cb5653b1bc50e0df215ffd1ddefc363324:SMT_KEY:4,0xd0a625cb5653b1bc50e0df215ffd1ddefc363324,4,code_hash_length,24007507
polygon-zkevm:0x5df48b92045c3696f7a5bc37cc732e3d71e19ae8:SMT_KEY:0,0x5df48b92045c3696f7a5bc37cc732e3d71e19ae8,0,balance,24007587
polygon-zkevm:0x5df48b92045c3696f7a5bc37cc732e3d71e19ae8:SMT_KEY:1,0x5df48b92045c3696f7a5bc37cc732e3d71e19ae8,1,nonce,24007587
polygon-zkevm:0x5df48b92045c3696f7a5bc37cc732e3d71e19ae8:SMT_KEY:2,0x5df48b92045c3696f7a5bc37cc732e3d71e19ae8,2,code_hash,24007587
polygon-zkevm:0x5df48b92045c3696f7a5bc37cc732e3d71e19ae8:SMT_KEY:4,0x5df48b92045c3696f7a5bc37cc732e3d71e19ae8,4,code_hash_length,24007587
polygon-zkevm:0xe8566bd83ae21e540c1623897df1c129c6d286ff:SMT_KEY:0,0xe8566bd83ae21e540c1623897df1c129c6d286ff,0,balance,24007587
polygon-zkevm:0xe8566bd83ae21e540c1623897df1c129c6d286ff:SMT_KEY:1,0xe8566bd83ae21e540c1623897df1c129c6d286ff,1,nonce,24007587
polygon-zkevm:0xe8566bd83ae21e540c1623897df1c129c6d286ff:SMT_KEY:2,0xe8566bd83ae21e540c1623897df1c129c6d286ff,2,code_hash,24007587
polygon-zkevm:0xe8566bd83ae21e540c1623897df1c129c6d286ff:SMT_KEY:4,0xe8566bd83ae21e540c1623897df1c129c6d286ff,4,code_hash_length,24007587
polygon-zkevm:0x4ea6a4348c883906d7d02eaa5f1a60c94bfdc853:SMT_KEY:0,0x4ea6a4348c883906d7d02eaa5f1a60c94bfdc853,0,balance,24007657
polygon-zkevm:0x4ea6a4348c883906d7d02eaa5f1a60c94bfdc853:SMT_KEY:1,0x4ea6a4348c883906d7d02eaa5f1a60c94bfdc853,1,nonce,24007657
polygon-zkevm:0x4ea6a4348c883906d7d02eaa5f1a60c94bfdc853:SMT_KEY:2,0x4ea6a4348c883906d7d02eaa5f1a60c94bfdc853,2,code_hash,24007657
polygon-zkevm:0x4ea6a4348c883906d7d02eaa5f1a60c94bfdc853:SMT_KEY:4,0x4ea6a4348c883906d7d02eaa5f1a60c94bfdc853,4,code_hash_length,24007657
polygon-zkevm:0x0fb6f9585777c2df4e2ba5facb2281da81fdeece:SMT_KEY:0,0x0fb6f9585777c2df4e2ba5facb2281da81fdeece,0,balance,24007667
polygon-zkevm:0x0fb6f9585777c2df4e2ba5facb2281da81fdeece:SMT_KEY:1,0x0fb6f9585777c2df4e2ba5facb2281da81fdeece,1,nonce,24007667
polygon-zkevm:0x0fb6f9585777c2df4e2ba5facb2281da81fdeece:SMT_KEY:2,0x0fb6f9585777c2df4e2ba5facb2281da81fdeece,2,code_hash,24007667
polygon-zkevm:0x0fb6f9585777c2df4e2ba5facb2281da81fdeece:SMT_KEY:4,0x0fb6f9585777c2df4e2ba5facb2281da81fdeece,4,code_hash_length,24007667
polygon-zkevm:0x9544df7c3212818e0242fd533c2c14891a7f102d:SMT_KEY:0,0x9544df7c3212818e0242fd533c2c14891a7f102d,0,balance,24007667
polygon-zkevm:0x9544df7c3212818e0242fd533c2c14891a7f102d:SMT_KEY:1,0x9544df7c3212818e0242fd533c2c14891a7f102d,1,nonce,24007667
polygon-zkevm:0x9544df7c3212818e0242fd533c2c14891a7f102d:SMT_KEY:2,0x9544df7c3212818e0242fd533c2c14891a7f102d,2,code_hash,24007667
polygon-zkevm:0x9544df7c3212818e0242fd533c2c14891a7f102d:SMT_KEY:4,0x9544df7c3212818e0242fd533c2c14891a7f102d,4,code_hash_length,24007667
polygon-zkevm:0xfaac105dc04fb37ef487904d813b28e5043dffe8:SMT_KEY:0,0xfaac105dc04fb37ef487904d813b28e5043dffe8,0,balance,24007667
polygon-zkevm:0xfaac105dc04fb37ef487904d813b28e5043dffe8:SMT_KEY:1,0xfaac105dc04fb37ef487904d813b28e5043dffe8,1,nonce,24007667
polygon-zkevm:0xfaac105dc04fb37ef487904d813b28e5043dffe8:SMT_KEY:2,0xfaac105dc04fb37ef487904d813b28e5043dffe8,2,code_hash,24007667
polygon-zkevm:0xfaac105dc04fb37ef487904d813b28e5043dffe8:SMT_KEY:4,0xfaac105dc04fb37ef487904d813b28e5043dffe8,4,code_hash_length,24007667
polygon-zkevm:0x76e42b4459090439a6ae8bf5f262c1e79273527b:SMT_KEY:0,0x76e42b4459090439a6ae8bf5f262c1e79273527b,0,balance,24007677
polygon-zkevm:0x76e42b4459090439a6ae8bf5f262c1e79273527b:SMT_KEY:1,0x76e42b4459090439a6ae8bf5f262c1e79273527b,1,nonce,24007677
polygon-zkevm:0x76e42b4459090439a6ae8bf5f262c1e79273527b:SMT_KEY:2,0x76e42b4459090439a6ae8bf5f262c1e79273527b,2,code_hash,24007677
polygon-zkevm:0x76e42b4459090439a6ae8bf5f262c1e79273527b:SMT_KEY:4,0x76e42b4459090439a6ae8bf5f262c1e79273527b,4,code_hash_length,24007677
polygon-zkevm:0x0057278e3ef69456901f4ea605ee396bd668ebea:SMT_KEY:0,0x0057278e3ef69456901f4ea605ee396bd668ebea,0,balance,24007727
polygon-zkevm:0x0057278e3ef69456901f4ea605ee396bd668ebea:SMT_KEY:1,0x0057278e3ef69456901f4ea605ee396bd668ebea,1,nonce,24007727
polygon-zkevm:0x0057278e3ef69456901f4ea605ee396bd668ebea:SMT_KEY:2,0x0057278e3ef69456901f4ea605ee396bd668ebea,2,code_hash,24007727
polygon-zkevm:0x0057278e3ef69456901f4ea605ee396bd668ebea:SMT_KEY:4,0x0057278e3ef69456901f4ea605ee396bd668ebea,4,code_hash_length,24007727
polygon-zkevm:0x035b038fcc56a943f1756641b1af0a8cb755357a:SMT_KEY:0,0x035b038fcc56a943f1756641b1af0a8cb755357a,0,balance,24007767
polygon-zkevm:0x035b038fcc56a943f1756641b1af0a8cb755357a:SMT_KEY:1,0x035b038fcc56a943f1756641b1af0a8cb755357a,1,nonce,24007767
polygon-zkevm:0x035b038fcc56a943f1756641b1af0a8cb755357a:SMT_KEY:2,0x035b038fcc56a943f1756641b1af0a8cb755357a,2,code_hash,24007767
polygon-zkevm:0x035b038fcc56a943f1756641b1af0a8cb755357a:SMT_KEY:4,0x035b038fcc56a943f1756641b1af0a8cb755357a,4,code_hash_length,24007767
polygon-zkevm:0x53912e5f992e168e60839181634ee2c806da746b:SMT_KEY:0,0x53912e5f992e168e60839181634ee2c806da746b,0,balance,24007987
polygon-zkevm:0x53912e5f992e168e60839181634ee2c806da746b:SMT_KEY:1,0x53912e5f992e168e60839181634ee2c806da746b,1,nonce,24007987
polygon-zkevm:0x53912e5f992e168e60839181634ee2c806da746b:SMT_KEY:2,0x53912e5f992e168e60839181634ee2c806da746b,2,code_hash,24007987
polygon-zkevm:0x53912e5f992e168e60839181634ee2c806da746b:SMT_KEY:4,0x53912e5f992e168e60839181634ee2c806da746b,4,code_hash_length,24007987
polygon-zkevm:0x3a5cc27b8f4c45c3e7e6bbdcb1c1650d7751690e:SMT_KEY:0,0x3a5cc27b8f4c45c3e7e6bbdcb1c1650d7751690e,0,balance,24007997
polygon-zkevm:0x3a5cc27b8f4c45c3e7e6bbdcb1c1650d7751690e:SMT_KEY:1,0x3a5cc27b8f4c45c3e7e6bbdcb1c1650d7751690e,1,nonce,24007997
polygon-zkevm:0x3a5cc27b8f4c45c3e7e6bbdcb1c1650d7751690e:SMT_KEY:2,0x3a5cc27b8f4c45c3e7e6bbdcb1c1650d7751690e,2,code_hash,24007997
polygon-zkevm:0x3a5cc27b8f4c45c3e7e6bbdcb1c1650d7751690e:SMT_KEY:4,0x3a5cc27b8f4c45c3e7e6bbdcb1c1650d7751690e,4,code_hash_length,24007997
polygon-zkevm:0x98100d1786b6cce25f64bbeb082948f5ec613419:SMT_KEY:0,0x98100d1786b6cce25f64bbeb082948f5ec613419,0,balance,24008157
polygon-zkevm:0x98100d1786b6cce25f64bbeb082948f5ec613419:SMT_KEY:1,0x98100d1786b6cce25f64bbeb082948f5ec613419,1,nonce,24008157
polygon-zkevm:0x98100d1786b6cce25f64bbeb082948f5ec613419:SMT_KEY:2,0x98100d1786b6cce25f64bbeb082948f5ec613419,2,code_hash,24008157
polygon-zkevm:0x98100d1786b6cce25f64bbeb082948f5ec613419:SMT_KEY:4,0x98100d1786b6cce25f64bbeb082948f5ec613419,4,code_hash_length,24008157
polygon-zkevm:0x724eda2484513dcb85ef7c1be5b5a229a15cdc94:SMT_KEY:0,0x724eda2484513dcb85ef7c1be5b5a229a15cdc94,0,balance,24008167
polygon-zkevm:0x724eda2484513dcb85ef7c1be5b5a229a15cdc94:SMT_KEY:1,0x724eda2484513dcb85ef7c1be5b5a229a15cdc94,1,nonce,24008167
polygon-zkevm:0x724eda2484513dcb85ef7c1be5b5a229a15cdc94:SMT_KEY:2,0x724eda2484513dcb85ef7c1be5b5a229a15cdc94,2,code_hash,24008167
polygon-zkevm:0x724eda2484513dcb85ef7c1be5b5a229a15cdc94:SMT_KEY:4,0x724eda2484513dcb85ef7c1be5b5a229a15cdc94,4,code_hash_length,24008167
polygon-zkevm:0x4683d038f729657be385491fc488309c024234f6:SMT_KEY:0,0x4683d038f729657be385491fc488309c024234f6,0,balance,24008237
polygon-zkevm:0x4683d038f729657be385491fc488309c024234f6:SMT_KEY:1,0x4683d038f729657be385491fc488309c024234f6,1,nonce,24008237
polygon-zkevm:0x4683d038f729657be385491fc488309c024234f6:SMT_KEY:2,0x4683d038f729657be385491fc488309c024234f6,2,code_hash,24008237
polygon-zkevm:0x4683d038f729657be385491fc488309c024234f6:SMT_KEY:4,0x4683d038f729657be385491fc488309c024234f6,4,code_hash_length,24008237
polygon-zkevm:0x4ddb5fab504f1ff841c015c428f4ea5fd2c8f291:SMT_KEY:0,0x4ddb5fab504f1ff841c015c428f4ea5fd2c8f291,0,balance,24008237
polygon-zkevm:0x4ddb5fab504f1ff841c015c428f4ea5fd2c8f291:SMT_KEY:1,0x4ddb5fab504f1ff841c015c428f4ea5fd2c8f291,1,nonce,24008237
polygon-zkevm:0x4ddb5fab504f1ff841c015c428f4ea5fd2c8f291:SMT_KEY:2,0x4ddb5fab504f1ff841c015c428f4ea5fd2c8f291,2,code_hash,24008237
polygon-zkevm:0x4ddb5fab504f1ff841c015c428f4ea5fd2c8f291:SMT_KEY:4,0x4ddb5fab504f1ff841c015c428f4ea5fd2c8f291,4,code_hash_length,24008237
polygon-zkevm:0x5bd660521717b05fa1643209d9c727fce4d8116f:SMT_KEY:0,0x5bd660521717b05fa1643209d9c727fce4d8116f,0,balance,24008467
polygon-zkevm:0x5bd660521717b05fa1643209d9c727fce4d8116f:SMT_KEY:1,0x5bd660521717b05fa1643209d9c727fce4d8116f,1,nonce,24008467
polygon-zkevm:0x5bd660521717b05fa1643209d9c727fce4d8116f:SMT_KEY:2,0x5bd660521717b05fa1643209d9c727fce4d8116f,2,code_hash,24008467
polygon-zkevm:0x5bd660521717b05fa1643209d9c727fce4d8116f:SMT_KEY:4,0x5bd660521717b05fa1643209d9c727fce4d8116f,4,code_hash_length,24008467
polygon-zkevm:0x65782ccc54d8ecdefb389f34fe8a503f66263f97:SMT_KEY:0,0x65782ccc54d8ecdefb389f34fe8a503f66263f97,0,balance,24008487
polygon-zkevm:0x65782ccc54d8ecdefb389f34fe8a503f66263f97:SMT_KEY:1,0x65782ccc54d8ecdefb389f34fe8a503f66263f97,1,nonce,24008487
polygon-zkevm:0x65782ccc54d8ecdefb389f34fe8a503f66263f97:SMT_KEY:2,0x65782ccc54d8ecdefb389f34fe8a503f66263f97,2,code_hash,24008487
polygon-zkevm:0x65782ccc54d8ecdefb389f34fe8a503f66263f97:SMT_KEY:4,0x65782ccc54d8ecdefb389f34fe8a503f66263f97,4,code_hash_length,24008487
polygon-zkevm:0x4f2a4243607f274301017acdc2a5185ec5a79cb0:SMT_KEY:0,0x4f2a4243607f274301017acdc2a5185ec5a79cb0,0,balance,24008497
polygon-zkevm:0x4f2a4243607f274301017acdc2a5185ec5a79cb0:SMT_KEY:1,0x4f2a4243607f274301017acdc2a5185ec5a79cb0,1,nonce,24008497
polygon-zkevm:0x4f2a4243607f274301017acdc2a5185ec5a79cb0:SMT_KEY:2,0x4f2a4243607f274301017acdc2a5185ec5a79cb0,2,code_hash,24008497
polygon-zkevm:0x4f2a4243607f274301017acdc2a5185ec5a79cb0:SMT_KEY:4,0x4f2a4243607f274301017acdc2a5185ec5a79cb0,4,code_hash_length,24008497
polygon-zkevm:0xcfb52a9e5808302ec8b3201f9ffc973cde2f5c3d:SMT_KEY:0,0xcfb52a9e5808302ec8b3201f9ffc973cde2f5c3d,0,balance,24009047
polygon-zkevm:0xcfb52a9e5808302ec8b3201f9ffc973cde2f5c3d:SMT_KEY:1,0xcfb52a9e5808302ec8b3201f9ffc973cde2f5c3d,1,nonce,24009047
polygon-zkevm:0xcfb52a9e5808302ec8b3201f9ffc973cde2f5c3d:SMT_KEY:2,0xcfb52a9e5808302ec8b3201f9ffc973cde2f5c3d,2,code_hash,24009047
polygon-zkevm:0xcfb52a9e5808302ec8b3201f9ffc973cde2f5c3d:SMT_KEY:4,0xcfb52a9e5808302ec8b3201f9ffc973cde2f5c3d,4,code_hash_length,24009047
polygon-zkevm:0x37565cffc3c430c4bf8a2399714389146833b8a2:SMT_KEY:0,0x37565cffc3c430c4bf8a2399714389146833b8a2,0,balance,24009157
polygon-zkevm:0x37565cffc3c430c4bf8a2399714389146833b8a2:SMT_KEY:1,0x37565cffc3c430c4bf8a2399714389146833b8a2,1,nonce,24009157
polygon-zkevm:0x37565cffc3c430c4bf8a2399714389146833b8a2:SMT_KEY:2,0x37565cffc3c430c4bf8a2399714389146833b8a2,2,code_hash,24009157
polygon-zkevm:0x37565cffc3c430c4bf8a2399714389146833b8a2:SMT_KEY:4,0x37565cffc3c430c4bf8a2399714389146833b8a2,4,code_hash_length,24009157
polygon-zkevm:0x1cf938e05731e0eec4ab5934a3fb1429e536e0c3:SMT_KEY:0,0x1cf938e05731e0eec4ab5934a3fb1429e536e0c3,0,balance,24009177
polygon-zkevm:0x1cf938e05731e0eec4ab5934a3fb1429e536e0c3:SMT_KEY:1,0x1cf938e05731e0eec4ab5934a3fb1429e536e0c3,1,nonce,24009177
polygon-zkevm:0x1cf938e05731e0eec4ab5934a3fb1429e536e0c3:SMT_KEY:2,0x1cf938e05731e0eec4ab5934a3fb1429e536e0c3,2,code_hash,24009177
polygon-zkevm:0x1cf938e05731e0eec4ab5934a3fb1429e536e0c3:SMT_KEY:4,0x1cf938e05731e0eec4ab5934a3fb1429e536e0c3,4,code_hash_length,24009177
polygon-zkevm:0x31e3d4e6b7962e363ec0c0aa0c859358c7879157:SMT_KEY:0,0x31e3d4e6b7962e363ec0c0aa0c859358c7879157,0,balance,24009257
polygon-zkevm:0x31e3d4e6b7962e363ec0c0aa0c859358c7879157:SMT_KEY:1,0x31e3d4e6b7962e363ec0c0aa0c859358c7879157,1,nonce,24009257
polygon-zkevm:0x31e3d4e6b7962e363ec0c0aa0c859358c7879157:SMT_KEY:2,0x31e3d4e6b7962e363ec0c0aa0c859358c7879157,2,code_hash,24009257
polygon-zkevm:0x31e3d4e6b7962e363ec0c0aa0c859358c7879157:SMT_KEY:4,0x31e3d4e6b7962e363ec0c0aa0c859358c7879157,4,code_hash_length,24009257
polygon-zkevm:0x63b6206f53954e123f5db5284be4bf416ed56137:SMT_KEY:0,0x63b6206f53954e123f5db5284be4bf416ed56137,0,balance,24009537
polygon-zkevm:0x63b6206f53954e123f5db5284be4bf416ed56137:SMT_KEY:1,0x63b6206f53954e123f5db5284be4bf416ed56137,1,nonce,24009537
polygon-zkevm:0x63b6206f53954e123f5db5284be4bf416ed56137:SMT_KEY:2,0x63b6206f53954e123f5db5284be4bf416ed56137,2,code_hash,24009537
polygon-zkevm:0x63b6206f53954e123f5db5284be4bf416ed56137:SMT_KEY:4,0x63b6206f53954e123f5db5284be4bf416ed56137,4,code_hash_length,24009537
polygon-zkevm:0x107a4596c5664fddd918fbd2605e69feae5fb4c6:SMT_KEY:0,0x107a4596c5664fddd918fbd2605e69feae5fb4c6,0,balance,24009657
polygon-zkevm:0x107a4596c5664fddd918fbd2605e69feae5fb4c6:SMT_KEY:1,0x107a4596c5664fddd918fbd2605e69feae5fb4c6,1,nonce,24009657
polygon-zkevm:0x107a4596c5664fddd918fbd2605e69feae5fb4c6:SMT_KEY:2,0x107a4596c5664fddd918fbd2605e69feae5fb4c6,2,code_hash,24009657
polygon-zkevm:0x107a4596c5664fddd918fbd2605e69feae5fb4c6:SMT_KEY:4,0x107a4596c5664fddd918fbd2605e69feae5fb4c6,4,code_hash_length,24009657
polygon-zkevm:0xf82b3a0cd76ef3dcfaf772c27b2a39f1e1915494:SMT_KEY:0,0xf82b3a0cd76ef3dcfaf772c27b2a39f1e1915494,0,balance,24009747
polygon-zkevm:0xf82b3a0cd76ef3dcfaf772c27b2a39f1e1915494:SMT_KEY:1,0xf82b3a0cd76ef3dcfaf772c27b2a39f1e1915494,1,nonce,24009747
polygon-zkevm:0xf82b3a0cd76ef3dcfaf772c27b2a39f1e1915494:SMT_KEY:2,0xf82b3a0cd76ef3dcfaf772c27b2a39f1e1915494,2,code_hash,24009747
polygon-zkevm:0xf82b3a0cd76ef3dcfaf772c27b2a39f1e1915494:SMT_KEY:4,0xf82b3a0cd76ef3dcfaf772c27b2a39f1e1915494,4,code_hash_length,24009747
polygon-zkevm:0x83d4a7a5e82ebf1ee8d45c0365de7c41373c59fb:SMT_KEY:0,0x83d4a7a5e82ebf1ee8d45c0365de7c41373c59fb,0,balance,24009877
polygon-zkevm:0x83d4a7a5e82ebf1ee8d45c0365de7c41373c59fb:SMT_KEY:1,0x83d4a7a5e82ebf1ee8d45c0365de7c41373c59fb,1,nonce,24009877
polygon-zkevm:0x83d4a7a5e82ebf1ee8d45c0365de7c41373c59fb:SMT_KEY:2,0x83d4a7a5e82ebf1ee8d45c0365de7c41373c59fb,2,code_hash,24009877
polygon-zkevm:0x83d4a7a5e82ebf1ee8d45c0365de7c41373c59fb:SMT_KEY:4,0x83d4a7a5e82ebf1ee8d45c0365de7c41373c59fb,4,code_hash_length,24009877
polygon-zkevm:0xc0b54011af8591ac7f9dbc635ce3660b5db903a7:SMT_KEY:0,0xc0b54011af8591ac7f9dbc635ce3660b5db903a7,0,balance,24009987
polygon-zkevm:0xc0b54011af8591ac7f9dbc635ce3660b5db903a7:SMT_KEY:1,0xc0b54011af8591ac7f9dbc635ce3660b5db903a7,1,nonce,24009987
polygon-zkevm:0xc0b54011af8591ac7f9dbc635ce3660b5db903a7:SMT_KEY:2,0xc0b54011af8591ac7f9dbc635ce3660b5db903a7,2,code_hash,24009987
polygon-zkevm:0xc0b54011af8591ac7f9dbc635ce3660b5db903a7:SMT_KEY:4,0xc0b54011af8591ac7f9dbc635ce3660b5db903a7,4,code_hash_length,24009987
polygon-zkevm:0x4fe25c92341f9a3141f172a427f73d32f180f33b:SMT_KEY:0,0x4fe25c92341f9a3141f172a427f73d32f180f33b,0,balance,24010337
polygon-zkevm:0x4fe25c92341f9a3141f172a427f73d32f180f33b:SMT_KEY:1,0x4fe25c92341f9a3141f172a427f73d32f180f33b,1,nonce,24010337
polygon-zkevm:0x4fe25c92341f9a3141f172a427f73d32f180f33b:SMT_KEY:2,0x4fe25c92341f9a3141f172a427f73d32f180f33b,2,code_hash,24010337
polygon-zkevm:0x4fe25c92341f9a3141f172a427f73d32f180f33b:SMT_KEY:4,0x4fe25c92341f9a3141f172a427f73d32f180f33b,4,code_hash_length,24010337
polygon-zkevm:0xca3c069685b053cbee6300ef6d622b1448dce6fb:SMT_KEY:0,0xca3c069685b053cbee6300ef6d622b1448dce6fb,0,balance,24010447
polygon-zkevm:0xca3c069685b053cbee6300ef6d622b1448dce6fb:SMT_KEY:1,0xca3c069685b053cbee6300ef6d622b1448dce6fb,1,nonce,24010447
polygon-zkevm:0xca3c069685b053cbee6300ef6d622b1448dce6fb:SMT_KEY:2,0xca3c069685b053cbee6300ef6d622b1448dce6fb,2,code_hash,24010447
polygon-zkevm:0xca3c069685b053cbee6300ef6d622b1448dce6fb:SMT_KEY:4,0xca3c069685b053cbee6300ef6d622b1448dce6fb,4,code_hash_length,24010447
polygon-zkevm:0xfbc5f5edf8bf111f6c09ee64874727f9e8a4fba5:SMT_KEY:0,0xfbc5f5edf8bf111f6c09ee64874727f9e8a4fba5,0,balance,24010617
polygon-zkevm:0xfbc5f5edf8bf111f6c09ee64874727f9e8a4fba5:SMT_KEY:1,0xfbc5f5edf8bf111f6c09ee64874727f9e8a4fba5,1,nonce,24010617
polygon-zkevm:0xfbc5f5edf8bf111f6c09ee64874727f9e8a4fba5:SMT_KEY:2,0xfbc5f5edf8bf111f6c09ee64874727f9e8a4fba5,2,code_hash,24010617
polygon-zkevm:0xfbc5f5edf8bf111f6c09ee64874727f9e8a4fba5:SMT_KEY:4,0xfbc5f5edf8bf111f6c09ee64874727f9e8a4fba5,4,code_hash_length,24010617
polygon-zkevm:0xa255b691d48546e0ee4c62bd33c985af1af3ac53:SMT_KEY:0,0xa255b691d48546e0ee4c62bd33c985af1af3ac53,0,balance,24010657
polygon-zkevm:0xa255b691d48546e0ee4c62bd33c985af1af3ac53:SMT_KEY:1,0xa255b691d48546e0ee4c62bd33c985af1af3ac53,1,nonce,24010657
polygon-zkevm:0xa255b691d48546e0ee4c62bd33c985af1af3ac53:SMT_KEY:2,0xa255b691d48546e0ee4c62bd33c985af1af3ac53,2,code_hash,24010657
polygon-zkevm:0xa255b691d48546e0ee4c62bd33c985af1af3ac53:SMT_KEY:4,0xa255b691d48546e0ee4c62bd33c985af1af3ac53,4,code_hash_length,24010657
polygon-zkevm:0x1e907e9e37b1bda638af818281a574fa137b5d07:SMT_KEY:0,0x1e907e9e37b1bda638af818281a574fa137b5d07,0,balance,24010967
polygon-zkevm:0x1e907e9e37b1bda638af818281a574fa137b5d07:SMT_KEY:1,0x1e907e9e37b1bda638af818281a574fa137b5d07,1,nonce,24010967
polygon-zkevm:0x1e907e9e37b1bda638af818281a574fa137b5d07:SMT_KEY:2,0x1e907e9e37b1bda638af818281a574fa137b5d07,2,code_hash,24010967
polygon-zkevm:0x1e907e9e37b1bda638af818281a574fa137b5d07:SMT_KEY:4,0x1e907e9e37b1bda638af818281a574fa137b5d07,4,code_hash_length,24010967
polygon-zkevm:0xde5cabe76e2060574384e0a1c82ea3a65dfeb47c:SMT_KEY:0,0xde5cabe76e2060574384e0a1c82ea3a65dfeb47c,0,balance,24011157
polygon-zkevm:0xde5cabe76e2060574384e0a1c82ea3a65dfeb47c:SMT_KEY:1,0xde5cabe76e2060574384e0a1c82ea3a65dfeb47c,1,nonce,24011157
polygon-zkevm:0xde5cabe76e2060574384e0a1c82ea3a65dfeb47c:SMT_KEY:2,0xde5cabe76e2060574384e0a1c82ea3a65dfeb47c,2,code_hash,24011157
polygon-zkevm:0xde5cabe76e2060574384e0a1c82ea3a65dfeb47c:SMT_KEY:4,0xde5cabe76e2060574384e0a1c82ea3a65dfeb47c,4,code_hash_length,24011157
polygon-zkevm:0xcee9cb0fd4ae6813da96e252fa3e8deadd1cf637:SMT_KEY:0,0xcee9cb0fd4ae6813da96e252fa3e8deadd1cf637,0,balance,24011177
polygon-zkevm:0xcee9cb0fd4ae6813da96e252fa3e8deadd1cf637:SMT_KEY:1,0xcee9cb0fd4ae6813da96e252fa3e8deadd1cf637,1,nonce,24011177
polygon-zkevm:0xcee9cb0fd4ae6813da96e252fa3e8deadd1cf637:SMT_KEY:2,0xcee9cb0fd4ae6813da96e252fa3e8deadd1cf637,2,code_hash,24011177
polygon-zkevm:0xcee9cb0fd4ae6813da96e252fa3e8deadd1cf637:SMT_KEY:4,0xcee9cb0fd4ae6813da96e252fa3e8deadd1cf637,4,code_hash_length,24011177
polygon-zkevm:0x1d1d9e7dbc56e1ce9cfc2c3138dd47f48a0e9621:SMT_KEY:0,0x1d1d9e7dbc56e1ce9cfc2c3138dd47f48a0e9621,0,balance,24011367
polygon-zkevm:0x1d1d9e7dbc56e1ce9cfc2c3138dd47f48a0e9621:SMT_KEY:1,0x1d1d9e7dbc56e1ce9cfc2c3138dd47f48a0e9621,1,nonce,24011367
polygon-zkevm:0x1d1d9e7dbc56e1ce9cfc2c3138dd47f48a0e9621:SMT_KEY:2,0x1d1d9e7dbc56e1ce9cfc2c3138dd47f48a0e9621,2,code_hash,24011367
polygon-zkevm:0x1d1d9e7dbc56e1ce9cfc2c3138dd47f48a0e9621:SMT_KEY:4,0x1d1d9e7dbc56e1ce9cfc2c3138dd47f48a0e9621,4,code_hash_length,24011367
polygon-zkevm:0x0bc9e2d83106cd619f0ace09faeb68431d0dd7be:SMT_KEY:0,0x0bc9e2d83106cd619f0ace09faeb68431d0dd7be,0,balance,27999487
polygon-zkevm:0x0bc9e2d83106cd619f0ace09faeb68431d0dd7be:SMT_KEY:1,0x0bc9e2d83106cd619f0ace09faeb68431d0dd7be,1,nonce,27999487
polygon-zkevm:0x0bc9e2d83106cd619f0ace09faeb68431d0dd7be:SMT_KEY:2,0x0bc9e2d83106cd619f0ace09faeb68431d0dd7be,2,code_hash,27999487
polygon-zkevm:0x0bc9e2d83106cd619f0ace09faeb68431d0dd7be:SMT_KEY:4,0x0bc9e2d83106cd619f0ace09faeb68431d0dd7be,4,code_hash_length,27999487
polygon-zkevm:0x59916da825d2d2ec1bf878d71c88826f6633ecca:SMT_KEY:0,0x59916da825d2d2ec1bf878d71c88826f6633ecca,0,balance,27999487
polygon-zkevm:0x59916da825d2d2ec1bf878d71c88826f6633ecca:SMT_KEY:1,0x59916da825d2d2ec1bf878d71c88826f6633ecca,1,nonce,27999487
polygon-zkevm:0x59916da825d2d2ec1bf878d71c88826f6633ecca:SMT_KEY:2,0x59916da825d2d2ec1bf878d71c88826f6633ecca,2,code_hash,27999487
polygon-zkevm:0x59916da825d2d2ec1bf878d71c88826f6633ecca:SMT_KEY:4,0x59916da825d2d2ec1bf878d71c88826f6633ecca,4,code_hash_length,27999487
polygon-zkevm:0x3368e188725d08cb88b2592c17ad8334c9bf7f58:SMT_KEY:0,0x3368e188725d08cb88b2592c17ad8334c9bf7f58,0,balance,27999507
polygon-zkevm:0x3368e188725d08cb88b2592c17ad8334c9bf7f58:SMT_KEY:1,0x3368e188725d08cb88b2592c17ad8334c9bf7f58,1,nonce,27999507
polygon-zkevm:0x3368e188725d08cb88b2592c17ad8334c9bf7f58:SMT_KEY:2,0x3368e188725d08cb88b2592c17ad8334c9bf7f58,2,code_hash,27999507
polygon-zkevm:0x3368e188725d08cb88b2592c17ad8334c9bf7f58:SMT_KEY:4,0x3368e188725d08cb88b2592c17ad8334c9bf7f58,4,code_hash_length,27999507
polygon-zkevm:0xb4132d4d3cafc7c053f2eae74215ec13642b0669:SMT_KEY:0,0xb4132d4d3cafc7c053f2eae74215ec13642b0669,0,balance,28000157
polygon-zkevm:0xb4132d4d3cafc7c053f2eae74215ec13642b0669:SMT_KEY:1,0xb4132d4d3cafc7c053f2eae74215ec13642b0669,1,nonce,28000157
polygon-zkevm:0xb4132d4d3cafc7c053f2eae74215ec13642b0669:SMT_KEY:2,0xb4132d4d3cafc7c053f2eae74215ec13642b0669,2,code_hash,28000157
polygon-zkevm:0xb4132d4d3cafc7c053f2eae74215ec13642b0669:SMT_KEY:4,0xb4132d4d3cafc7c053f2eae74215ec13642b0669,4,code_hash_length,28000157
polygon-zkevm:0xaf4a8048b2a2ce1757e221c9af0b8dc2426ca625:SMT_KEY:0,0xaf4a8048b2a2ce1757e221c9af0b8dc2426ca625,0,balance,28000897
polygon-zkevm:0xaf4a8048b2a2ce1757e221c9af0b8dc2426ca625:SMT_KEY:1,0xaf4a8048b2a2ce1757e221c9af0b8dc2426ca625,1,nonce,28000897
polygon-zkevm:0xaf4a8048b2a2ce1757e221c9af0b8dc2426ca625:SMT_KEY:2,0xaf4a8048b2a2ce1757e221c9af0b8dc2426ca625,2,code_hash,28000897
polygon-zkevm:0xaf4a8048b2a2ce1757e221c9af0b8dc2426ca625:SMT_KEY:4,0xaf4a8048b2a2ce1757e221c9af0b8dc2426ca625,4,code_hash_length,28000897
polygon-zkevm:0xc8c2473ca020f27f67a64d6247bfd1e55502e2ea:SMT_KEY:0,0xc8c2473ca020f27f67a64d6247bfd1e55502e2ea,0,balance,28000977
polygon-zkevm:0xc8c2473ca020f27f67a64d6247bfd1e55502e2ea:SMT_KEY:1,0xc8c2473ca020f27f67a64d6247bfd1e55502e2ea,1,nonce,28000977
polygon-zkevm:0xc8c2473ca020f27f67a64d6247bfd1e55502e2ea:SMT_KEY:2,0xc8c2473ca020f27f67a64d6247bfd1e55502e2ea,2,code_hash,28000977
polygon-zkevm:0xc8c2473ca020f27f67a64d6247bfd1e55502e2ea:SMT_KEY:4,0xc8c2473ca020f27f67a64d6247bfd1e55502e2ea,4,code_hash_length,28000977
polygon-zkevm:0x200a725af490ca05e8577ecf7b4c83e57fea54a5:SMT_KEY:0,0x200a725af490ca05e8577ecf7b4c83e57fea54a5,0,balance,28001647
polygon-zkevm:0x200a725af490ca05e8577ecf7b4c83e57fea54a5:SMT_KEY:1,0x200a725af490ca05e8577ecf7b4c83e57fea54a5,1,nonce,28001647
polygon-zkevm:0x200a725af490ca05e8577ecf7b4c83e57fea54a5:SMT_KEY:2,0x200a725af490ca05e8577ecf7b4c83e57fea54a5,2,code_hash,28001647
polygon-zkevm:0x200a725af490ca05e8577ecf7b4c83e57fea54a5:SMT_KEY:4,0x200a725af490ca05e8577ecf7b4c83e57fea54a5,4,code_hash_length,28001647
polygon-zkevm:0xc00908d09adf1fcca89e199f0fcc562922da5692:SMT_KEY:0,0xc00908d09adf1fcca89e199f0fcc562922da5692,0,balance,28001817
polygon-zkevm:0xc00908d09adf1fcca89e199f0fcc562922da5692:SMT_KEY:1,0xc00908d09adf1fcca89e199f0fcc562922da5692,1,nonce,28001817
polygon-zkevm:0xc00908d09adf1fcca89e199f0fcc562922da5692:SMT_KEY:2,0xc00908d09adf1fcca89e199f0fcc562922da5692,2,code_hash,28001817
polygon-zkevm:0xc00908d09adf1fcca89e199f0fcc562922da5692:SMT_KEY:4,0xc00908d09adf1fcca89e199f0fcc562922da5692,4,code_hash_length,28001817
polygon-zkevm:0x819fec2168eeed0be582621cc991aa38df6d296c:SMT_KEY:0,0x819fec2168eeed0be582621cc991aa38df6d296c,0,balance,28002237
polygon-zkevm:0x819fec2168eeed0be582621cc991aa38df6d296c:SMT_KEY:1,0x819fec2168eeed0be582621cc991aa38df6d296c,1,nonce,28002237
polygon-zkevm:0x819fec2168eeed0be582621cc991aa38df6d296c:SMT_KEY:2,0x819fec2168eeed0be582621cc991aa38df6d296c,2,code_hash,28002237
polygon-zkevm:0x819fec2168eeed0be582621cc991aa38df6d296c:SMT_KEY:4,0x819fec2168eeed0be582621cc991aa38df6d296c,4,code_hash_length,28002237
polygon-zkevm:0x779c8ce226fcd80bd83770883bbada8313492ac8:SMT_KEY:0,0x779c8ce226fcd80bd83770883bbada8313492ac8,0,balance,28004497
polygon-zkevm:0x779c8ce226fcd80bd83770883bbada8313492ac8:SMT_KEY:1,0x779c8ce226fcd80bd83770883bbada8313492ac8,1,nonce,28004497
polygon-zkevm:0x779c8ce226fcd80bd83770883bbada8313492ac8:SMT_KEY:2,0x779c8ce226fcd80bd83770883bbada8313492ac8,2,code_hash,28004497
polygon-zkevm:0x779c8ce226fcd80bd83770883bbada8313492ac8:SMT_KEY:4,0x779c8ce226fcd80bd83770883bbada8313492ac8,4,code_hash_length,28004497
polygon-zkevm:0x699a27cc7ea34c2236162043159d5946be08823c:SMT_KEY:0,0x699a27cc7ea34c2236162043159d5946be08823c,0,balance,28005277
polygon-zkevm:0x699a27cc7ea34c2236162043159d5946be08823c:SMT_KEY:1,0x699a27cc7ea34c2236162043159d5946be08823c,1,nonce,28005277
polygon-zkevm:0x699a27cc7ea34c2236162043159d5946be08823c:SMT_KEY:2,0x699a27cc7ea34c2236162043159d5946be08823c,2,code_hash,28005277
polygon-zkevm:0x699a27cc7ea34c2236162043159d5946be08823c:SMT_KEY:4,0x699a27cc7ea34c2236162043159d5946be08823c,4,code_hash_length,28005277
polygon-zkevm:0x9b26045d1cfeec3736621c9fe618f154a87ddce5:SMT_KEY:0,0x9b26045d1cfeec3736621c9fe618f154a87ddce5,0,balance,28005277
polygon-zkevm:0x9b26045d1cfeec3736621c9fe618f154a87ddce5:SMT_KEY:1,0x9b26045d1cfeec3736621c9fe618f154a87ddce5,1,nonce,28005277
polygon-zkevm:0x9b26045d1cfeec3736621c9fe618f154a87ddce5:SMT_KEY:2,0x9b26045d1cfeec3736621c9fe618f154a87ddce5,2,code_hash,28005277
polygon-zkevm:0x9b26045d1cfeec3736621c9fe618f154a87ddce5:SMT_KEY:4,0x9b26045d1cfeec3736621c9fe618f154a87ddce5,4,code_hash_length,28005277
polygon-zkevm:0xf436a540811a120e2e984abf00e6f01d8424abb2:SMT_KEY:0,0xf436a540811a120e2e984abf00e6f01d8424abb2,0,balance,28005357
polygon-zkevm:0xf436a540811a120e2e984abf00e6f01d8424abb2:SMT_KEY:1,0xf436a540811a120e2e984abf00e6f01d8424abb2,1,nonce,28005357
polygon-zkevm:0xf436a540811a120e2e984abf00e6f01d8424abb2:SMT_KEY:2,0xf436a540811a120e2e984abf00e6f01d8424abb2,2,code_hash,28005357
polygon-zkevm:0xf436a540811a120e2e984abf00e6f01d8424abb2:SMT_KEY:4,0xf436a540811a120e2e984abf00e6f01d8424abb2,4,code_hash_length,28005357
polygon-zkevm:0x5c452c87ec0351913c22599b13dacddae0e0a114:SMT_KEY:0,0x5c452c87ec0351913c22599b13dacddae0e0a114,0,balance,28005497
polygon-zkevm:0x5c452c87ec0351913c22599b13dacddae0e0a114:SMT_KEY:1,0x5c452c87ec0351913c22599b13dacddae0e0a114,1,nonce,28005497
polygon-zkevm:0x5c452c87ec0351913c22599b13dacddae0e0a114:SMT_KEY:2,0x5c452c87ec0351913c22599b13dacddae0e0a114,2,code_hash,28005497
polygon-zkevm:0x5c452c87ec0351913c22599b13dacddae0e0a114:SMT_KEY:4,0x5c452c87ec0351913c22599b13dacddae0e0a114,4,code_hash_length,28005497
polygon-zkevm:0x30e026f9b3d78a317cc0d4e91c2ac56d50bf3fce:SMT_KEY:0,0x30e026f9b3d78a317cc0d4e91c2ac56d50bf3fce,0,balance,28006047
polygon-zkevm:0x30e026f9b3d78a317cc0d4e91c2ac56d50bf3fce:SMT_KEY:1,0x30e026f9b3d78a317cc0d4e91c2ac56d50bf3fce,1,nonce,28006047
polygon-zkevm:0x30e026f9b3d78a317cc0d4e91c2ac56d50bf3fce:SMT_KEY:2,0x30e026f9b3d78a317cc0d4e91c2ac56d50bf3fce,2,code_hash,28006047
polygon-zkevm:0x30e026f9b3d78a317cc0d4e91c2ac56d50bf3fce:SMT_KEY:4,0x30e026f9b3d78a317cc0d4e91c2ac56d50bf3fce,4,code_hash_length,28006047
polygon-zkevm:0xd01dc6a0233de43f19fd99e69742ba15078d496f:SMT_KEY:0,0xd01dc6a0233de43f19fd99e69742ba15078d496f,0,balance,28006047
polygon-zkevm:0xd01dc6a0233de43f19fd99e69742ba15078d496f:SMT_KEY:1,0xd01dc6a0233de43f19fd99e69742ba15078d496f,1,nonce,28006047
polygon-zkevm:0xd01dc6a0233de43f19fd99e69742ba15078d496f:SMT_KEY:2,0xd01dc6a0233de43f19fd99e69742ba15078d496f,2,code_hash,28006047
polygon-zkevm:0xd01dc6a0233de43f19fd99e69742ba15078d496f:SMT_KEY:4,0xd01dc6a0233de43f19fd99e69742ba15078d496f,4,code_hash_length,28006047
polygon-zkevm:0x8ec6b2cd27db2ed4b65fe88fcedadc6b3f07693a:SMT_KEY:0,0x8ec6b2cd27db2ed4b65fe88fcedadc6b3f07693a,0,balance,28006247
polygon-zkevm:0x8ec6b2cd27db2ed4b65fe88fcedadc6b3f07693a:SMT_KEY:1,0x8ec6b2cd27db2ed4b65fe88fcedadc6b3f07693a,1,nonce,28006247
polygon-zkevm:0x8ec6b2cd27db2ed4b65fe88fcedadc6b3f07693a:SMT_KEY:2,0x8ec6b2cd27db2ed4b65fe88fcedadc6b3f07693a,2,code_hash,28006247
polygon-zkevm:0x8ec6b2cd27db2ed4b65fe88fcedadc6b3f07693a:SMT_KEY:4,0x8ec6b2cd27db2ed4b65fe88fcedadc6b3f07693a,4,code_hash_length,28006247
polygon-zkevm:0x737dafe24f65744bc757d0934fe818a380bb0ca5:SMT_KEY:0,0x737dafe24f65744bc757d0934fe818a380bb0ca5,0,balance,28006547
polygon-zkevm:0x737dafe24f65744bc757d0934fe818a380bb0ca5:SMT_KEY:1,0x737dafe24f65744bc757d0934fe818a380bb0ca5,1,nonce,28006547
polygon-zkevm:0x737dafe24f65744bc757d0934fe818a380bb0ca5:SMT_KEY:2,0x737dafe24f65744bc757d0934fe818a380bb0ca5,2,code_hash,28006547
polygon-zkevm:0x737dafe24f65744bc757d0934fe818a380bb0ca5:SMT_KEY:4,0x737dafe24f65744bc757d0934fe818a380bb0ca5,4,code_hash_length,28006547
polygon-zkevm:0xc79c882280e9418e4d6ea814d26770a267843127:SMT_KEY:0,0xc79c882280e9418e4d6ea814d26770a267843127,0,balance,28006677
polygon-zkevm:0xc79c882280e9418e4d6ea814d26770a267843127:SMT_KEY:1,0xc79c882280e9418e4d6ea814d26770a267843127,1,nonce,28006677
polygon-zkevm:0xc79c882280e9418e4d6ea814d26770a267843127:SMT_KEY:2,0xc79c882280e9418e4d6ea814d26770a267843127,2,code_hash,28006677
polygon-zkevm:0xc79c882280e9418e4d6ea814d26770a267843127:SMT_KEY:4,0xc79c882280e9418e4d6ea814d26770a267843127,4,code_hash_length,28006677
polygon-zkevm:0xc804154139b5f7cb412eb3051a84ea9df755e2a3:SMT_KEY:0,0xc804154139b5f7cb412eb3051a84ea9df755e2a3,0,balance,28006677
polygon-zkevm:0xc804154139b5f7cb412eb3051a84ea9df755e2a3:SMT_KEY:1,0xc804154139b5f7cb412eb3051a84ea9df755e2a3,1,nonce,28006677
polygon-zkevm:0xc804154139b5f7cb412eb3051a84ea9df755e2a3:SMT_KEY:2,0xc804154139b5f7cb412eb3051a84ea9df755e2a3,2,code_hash,28006677
polygon-zkevm:0xc804154139b5f7cb412eb3051a84ea9df755e2a3:SMT_KEY:4,0xc804154139b5f7cb412eb3051a84ea9df755e2a3,4,code_hash_length,28006677
polygon-zkevm:0x990aabb2cd476ad10855720cb734953c495043ae:SMT_KEY:0,0x990aabb2cd476ad10855720cb734953c495043ae,0,balance,28006737
polygon-zkevm:0x990aabb2cd476ad10855720cb734953c495043ae:SMT_KEY:1,0x990aabb2cd476ad10855720cb734953c495043ae,1,nonce,28006737
polygon-zkevm:0x990aabb2cd476ad10855720cb734953c495043ae:SMT_KEY:2,0x990aabb2cd476ad10855720cb734953c495043ae,2,code_hash,28006737
polygon-zkevm:0x990aabb2cd476ad10855720cb734953c495043ae:SMT_KEY:4,0x990aabb2cd476ad10855720cb734953c495043ae,4,code_hash_length,28006737
polygon-zkevm:0x71ddf9acf07d4b10d6e6318a913f2f9ea4a0353e:SMT_KEY:0,0x71ddf9acf07d4b10d6e6318a913f2f9ea4a0353e,0,balance,28007987
polygon-zkevm:0x71ddf9acf07d4b10d6e6318a913f2f9ea4a0353e:SMT_KEY:1,0x71ddf9acf07d4b10d6e6318a913f2f9ea4a0353e,1,nonce,28007987
polygon-zkevm:0x71ddf9acf07d4b10d6e6318a913f2f9ea4a0353e:SMT_KEY:2,0x71ddf9acf07d4b10d6e6318a913f2f9ea4a0353e,2,code_hash,28007987
polygon-zkevm:0x71ddf9acf07d4b10d6e6318a913f2f9ea4a0353e:SMT_KEY:4,0x71ddf9acf07d4b10d6e6318a913f2f9ea4a0353e,4,code_hash_length,28007987
polygon-zkevm:0x4121b940b6b6a23624f61d87ff74b95d1d213ad4:SMT_KEY:0,0x4121b940b6b6a23624f61d87ff74b95d1d213ad4,0,balance,28008567
polygon-zkevm:0x4121b940b6b6a23624f61d87ff74b95d1d213ad4:SMT_KEY:1,0x4121b940b6b6a23624f61d87ff74b95d1d213ad4,1,nonce,28008567
polygon-zkevm:0x4121b940b6b6a23624f61d87ff74b95d1d213ad4:SMT_KEY:2,0x4121b940b6b6a23624f61d87ff74b95d1d213ad4,2,code_hash,28008567
polygon-zkevm:0x4121b940b6b6a23624f61d87ff74b95d1d213ad4:SMT_KEY:4,0x4121b940b6b6a23624f61d87ff74b95d1d213ad4,4,code_hash_length,28008567
polygon-zkevm:0x439904c2dc8874e484f2134078379ab2aec2399f:SMT_KEY:0,0x439904c2dc8874e484f2134078379ab2aec2399f,0,balance,28008877
polygon-zkevm:0x439904c2dc8874e484f2134078379ab2aec2399f:SMT_KEY:1,0x439904c2dc8874e484f2134078379ab2aec2399f,1,nonce,28008877
polygon-zkevm:0x439904c2dc8874e484f2134078379ab2aec2399f:SMT_KEY:2,0x439904c2dc8874e484f2134078379ab2aec2399f,2,code_hash,28008877
polygon-zkevm:0x439904c2dc8874e484f2134078379ab2aec2399f:SMT_KEY:4,0x439904c2dc8874e484f2134078379ab2aec2399f,4,code_hash_length,28008877
polygon-zkevm:0x4eb68ecf77639e64c9ed0826978940fec1be9f3f:SMT_KEY:0,0x4eb68ecf77639e64c9ed0826978940fec1be9f3f,0,balance,28009467
polygon-zkevm:0x4eb68ecf77639e64c9ed0826978940fec1be9f3f:SMT_KEY:1,0x4eb68ecf77639e64c9ed0826978940fec1be9f3f,1,nonce,28009467
polygon-zkevm:0x4eb68ecf77639e64c9ed0826978940fec1be9f3f:SMT_KEY:2,0x4eb68ecf77639e64c9ed0826978940fec1be9f3f,2,code_hash,28009467
polygon-zkevm:0x4eb68ecf77639e64c9ed0826978940fec1be9f3f:SMT_KEY:4,0x4eb68ecf77639e64c9ed0826978940fec1be9f3f,4,code_hash_length,28009467
polygon-zkevm:0x86ee3d0d858ed329d647037f32c01515f74d6ddd:SMT_KEY:0,0x86ee3d0d858ed329d647037f32c01515f74d6ddd,0,balance,28009467
polygon-zkevm:0x86ee3d0d858ed329d647037f32c01515f74d6ddd:SMT_KEY:1,0x86ee3d0d858ed329d647037f32c01515f74d6ddd,1,nonce,28009467
polygon-zkevm:0x86ee3d0d858ed329d647037f32c01515f74d6ddd:SMT_KEY:2,0x86ee3d0d858ed329d647037f32c01515f74d6ddd,2,code_hash,28009467
polygon-zkevm:0x86ee3d0d858ed329d647037f32c01515f74d6ddd:SMT_KEY:4,0x86ee3d0d858ed329d647037f32c01515f74d6ddd,4,code_hash_length,28009467
polygon-zkevm:0x9eeaab14e43250cfc04a1901b734779cbccb5d5e:SMT_KEY:0,0x9eeaab14e43250cfc04a1901b734779cbccb5d5e,0,balance,28011477
polygon-zkevm:0x9eeaab14e43250cfc04a1901b734779cbccb5d5e:SMT_KEY:1,0x9eeaab14e43250cfc04a1901b734779cbccb5d5e,1,nonce,28011477
polygon-zkevm:0x9eeaab14e43250cfc04a1901b734779cbccb5d5e:SMT_KEY:2,0x9eeaab14e43250cfc04a1901b734779cbccb5d5e,2,code_hash,28011477
polygon-zkevm:0x9eeaab14e43250cfc04a1901b734779cbccb5d5e:SMT_KEY:4,0x9eeaab14e43250cfc04a1901b734779cbccb5d5e,4,code_hash_length,28011477
polygon-zkevm:0xed2c9aff19a6b5d43383624472e85bad29a036ac:SMT_KEY:0,0xed2c9aff19a6b5d43383624472e85bad29a036ac,0,balance,28011517
polygon-zkevm:0xed2c9aff19a6b5d43383624472e85bad29a036ac:SMT_KEY:1,0xed2c9aff19a6b5d43383624472e85bad29a036ac,1,nonce,28011517
polygon-zkevm:0xed2c9aff19a6b5d43383624472e85bad29a036ac:SMT_KEY:2,0xed2c9aff19a6b5d43383624472e85bad29a036ac,2,code_hash,28011517
polygon-zkevm:0xed2c9aff19a6b5d43383624472e85bad29a036ac:SMT_KEY:4,0xed2c9aff19a6b5d43383624472e85bad29a036ac,4,code_hash_length,28011517
polygon-zkevm:0x0ff1ed35545d14b1b07f771c38027580f624c91e:SMT_KEY:0,0x0ff1ed35545d14b1b07f771c38027580f624c91e,0,balance,28011917
polygon-zkevm:0x0ff1ed35545d14b1b07f771c38027580f624c91e:SMT_KEY:1,0x0ff1ed35545d14b1b07f771c38027580f624c91e,1,nonce,28011917
polygon-zkevm:0x0ff1ed35545d14b1b07f771c38027580f624c91e:SMT_KEY:2,0x0ff1ed35545d14b1b07f771c38027580f624c91e,2,code_hash,28011917
polygon-zkevm:0x0ff1ed35545d14b1b07f771c38027580f624c91e:SMT_KEY:4,0x0ff1ed35545d14b1b07f771c38027580f624c91e,4,code_hash_length,28011917
polygon-zkevm:0x49bc288acf75e5248abe86b21ffec800a020dc4a:SMT_KEY:0,0x49bc288acf75e5248abe86b21ffec800a020dc4a,0,balance,28012977
polygon-zkevm:0x49bc288acf75e5248abe86b21ffec800a020dc4a:SMT_KEY:1,0x49bc288acf75e5248abe86b21ffec800a020dc4a,1,nonce,28012977
polygon-zkevm:0x49bc288acf75e5248abe86b21ffec800a020dc4a:SMT_KEY:2,0x49bc288acf75e5248abe86b21ffec800a020dc4a,2,code_hash,28012977
polygon-zkevm:0x49bc288acf75e5248abe86b21ffec800a020dc4a:SMT_KEY:4,0x49bc288acf75e5248abe86b21ffec800a020dc4a,4,code_hash_length,28012977
polygon-zkevm:0x1d8bb512f56451ddef820d6fe0faa0b1b655af07:SMT_KEY:0,0x1d8bb512f56451ddef820d6fe0faa0b1b655af07,0,balance,28013907
polygon-zkevm:0x1d8bb512f56451ddef820d6fe0faa0b1b655af07:SMT_KEY:1,0x1d8bb512f56451ddef820d6fe0faa0b1b655af07,1,nonce,28013907
polygon-zkevm:0x1d8bb512f56451ddef820d6fe0faa0b1b655af07:SMT_KEY:2,0x1d8bb512f56451ddef820d6fe0faa0b1b655af07,2,code_hash,28013907
polygon-zkevm:0x1d8bb512f56451ddef820d6fe0faa0b1b655af07:SMT_KEY:4,0x1d8bb512f56451ddef820d6fe0faa0b1b655af07,4,code_hash_length,28013907
polygon-zkevm:0x085a92368ab710a85f57b9872c0fe4361a405e5d:SMT_KEY:0,0x085a92368ab710a85f57b9872c0fe4361a405e5d,0,balance,28014537
polygon-zkevm:0x085a92368ab710a85f57b9872c0fe4361a405e5d:SMT_KEY:1,0x085a92368ab710a85f57b9872c0fe4361a405e5d,1,nonce,28014537
polygon-zkevm:0x085a92368ab710a85f57b9872c0fe4361a405e5d:SMT_KEY:2,0x085a92368ab710a85f57b9872c0fe4361a405e5d,2,code_hash,28014537
polygon-zkevm:0x085a92368ab710a85f57b9872c0fe4361a405e5d:SMT_KEY:4,0x085a92368ab710a85f57b9872c0fe4361a405e5d,4,code_hash_length,28014537
polygon-zkevm:0xbf20bfc8f6e9c2946f0ebdde84a5d973332202ee:SMT_KEY:0,0xbf20bfc8f6e9c2946f0ebdde84a5d973332202ee,0,balance,28016097
polygon-zkevm:0xbf20bfc8f6e9c2946f0ebdde84a5d973332202ee:SMT_KEY:1,0xbf20bfc8f6e9c2946f0ebdde84a5d973332202ee,1,nonce,28016097
polygon-zkevm:0xbf20bfc8f6e9c2946f0ebdde84a5d973332202ee:SMT_KEY:2,0xbf20bfc8f6e9c2946f0ebdde84a5d973332202ee,2,code_hash,28016097
polygon-zkevm:0xbf20bfc8f6e9c2946f0ebdde84a5d973332202ee:SMT_KEY:4,0xbf20bfc8f6e9c2946f0ebdde84a5d973332202ee,4,code_hash_length,28016097
polygon-zkevm:0x2fb55f3f63e21b1a450f59b5b17034f7f955a8b2:SMT_KEY:0,0x2fb55f3f63e21b1a450f59b5b17034f7f955a8b2,0,balance,28017117
polygon-zkevm:0x2fb55f3f63e21b1a450f59b5b17034f7f955a8b2:SMT_KEY:1,0x2fb55f3f63e21b1a450f59b5b17034f7f955a8b2,1,nonce,28017117
polygon-zkevm:0x2fb55f3f63e21b1a450f59b5b17034f7f955a8b2:SMT_KEY:2,0x2fb55f3f63e21b1a450f59b5b17034f7f955a8b2,2,code_hash,28017117
polygon-zkevm:0x2fb55f3f63e21b1a450f59b5b17034f7f955a8b2:SMT_KEY:4,0x2fb55f3f63e21b1a450f59b5b17034f7f955a8b2,4,code_hash_length,28017117
polygon-zkevm:0x3f2df9d36f0fd528e450973991e7efe8a17a036b:SMT_KEY:0,0x3f2df9d36f0fd528e450973991e7efe8a17a036b,0,balance,28017447
polygon-zkevm:0x3f2df9d36f0fd528e450973991e7efe8a17a036b:SMT_KEY:1,0x3f2df9d36f0fd528e450973991e7efe8a17a036b,1,nonce,28017447
polygon-zkevm:0x3f2df9d36f0fd528e450973991e7efe8a17a036b:SMT_KEY:2,0x3f2df9d36f0fd528e450973991e7efe8a17a036b,2,code_hash,28017447
polygon-zkevm:0x3f2df9d36f0fd528e450973991e7efe8a17a036b:SMT_KEY:4,0x3f2df9d36f0fd528e450973991e7efe8a17a036b,4,code_hash_length,28017447
polygon-zkevm:0x9bfc22621cae7399ea2724b5531d9d1ab92715b9:SMT_KEY:0,0x9bfc22621cae7399ea2724b5531d9d1ab92715b9,0,balance,28017937
polygon-zkevm:0x9bfc22621cae7399ea2724b5531d9d1ab92715b9:SMT_KEY:1,0x9bfc22621cae7399ea2724b5531d9d1ab92715b9,1,nonce,28017937
polygon-zkevm:0x9bfc22621cae7399ea2724b5531d9d1ab92715b9:SMT_KEY:2,0x9bfc22621cae7399ea2724b5531d9d1ab92715b9,2,code_hash,28017937
polygon-zkevm:0x9bfc22621cae7399ea2724b5531d9d1ab92715b9:SMT_KEY:4,0x9bfc22621cae7399ea2724b5531d9d1ab92715b9,4,code_hash_length,28017937
polygon-zkevm:0x5d60ec3ebe9d7abea493ff96cae6e4be6318324d:SMT_KEY:0,0x5d60ec3ebe9d7abea493ff96cae6e4be6318324d,0,balance,28018677
polygon-zkevm:0x5d60ec3ebe9d7abea493ff96cae6e4be6318324d:SMT_KEY:1,0x5d60ec3ebe9d7abea493ff96cae6e4be6318324d,1,nonce,28018677
polygon-zkevm:0x5d60ec3ebe9d7abea493ff96cae6e4be6318324d:SMT_KEY:2,0x5d60ec3ebe9d7abea493ff96cae6e4be6318324d,2,code_hash,28018677
polygon-zkevm:0x5d60ec3ebe9d7abea493ff96cae6e4be6318324d:SMT_KEY:4,0x5d60ec3ebe9d7abea493ff96cae6e4be6318324d,4,code_hash_length,28018677
polygon-zkevm:0x7959ebc9b52b7f0cd61a8a605fc69f42f2cb6da5:SMT_KEY:0,0x7959ebc9b52b7f0cd61a8a605fc69f42f2cb6da5,0,balance,28019757
polygon-zkevm:0x7959ebc9b52b7f0cd61a8a605fc69f42f2cb6da5:SMT_KEY:1,0x7959ebc9b52b7f0cd61a8a605fc69f42f2cb6da5,1,nonce,28019757
polygon-zkevm:0x7959ebc9b52b7f0cd61a8a605fc69f42f2cb6da5:SMT_KEY:2,0x7959ebc9b52b7f0cd61a8a605fc69f42f2cb6da5,2,code_hash,28019757
polygon-zkevm:0x7959ebc9b52b7f0cd61a8a605fc69f42f2cb6da5:SMT_KEY:4,0x7959ebc9b52b7f0cd61a8a605fc69f42f2cb6da5,4,code_hash_length,28019757
polygon-zkevm:0xa939b353f3148633dd5fd41b003a40ceefd21141:SMT_KEY:0,0xa939b353f3148633dd5fd41b003a40ceefd21141,0,balance,28020247
polygon-zkevm:0xa939b353f3148633dd5fd41b003a40ceefd21141:SMT_KEY:1,0xa939b353f3148633dd5fd41b003a40ceefd21141,1,nonce,28020247
polygon-zkevm:0xa939b353f3148633dd5fd41b003a40ceefd21141:SMT_KEY:2,0xa939b353f3148633dd5fd41b003a40ceefd21141,2,code_hash,28020247
polygon-zkevm:0xa939b353f3148633dd5fd41b003a40ceefd21141:SMT_KEY:4,0xa939b353f3148633dd5fd41b003a40ceefd21141,4,code_hash_length,28020247
polygon-zkevm:0xe48fef91f682578914cb3c2aeaaeb41edee60ab3:SMT_KEY:0,0xe48fef91f682578914cb3c2aeaaeb41edee60ab3,0,balance,28020427
polygon-zkevm:0xe48fef91f682578914cb3c2aeaaeb41edee60ab3:SMT_KEY:1,0xe48fef91f682578914cb3c2aeaaeb41edee60ab3,1,nonce,28020427
polygon-zkevm:0xe48fef91f682578914cb3c2aeaaeb41edee60ab3:SMT_KEY:2,0xe48fef91f682578914cb3c2aeaaeb41edee60ab3,2,code_hash,28020427
polygon-zkevm:0xe48fef91f682578914cb3c2aeaaeb41edee60ab3:SMT_KEY:4,0xe48fef91f682578914cb3c2aeaaeb41edee60ab3,4,code_hash_length,28020427
polygon-zkevm:0xc451b0191351ce308fdfd779d73814c910fc5ecb:SMT_KEY:0,0xc451b0191351ce308fdfd779d73814c910fc5ecb,0,balance,28020697
polygon-zkevm:0xc451b0191351ce308fdfd779d73814c910fc5ecb:SMT_KEY:1,0xc451b0191351ce308fdfd779d73814c910fc5ecb,1,nonce,28020697
polygon-zkevm:0xc451b0191351ce308fdfd779d73814c910fc5ecb:SMT_KEY:2,0xc451b0191351ce308fdfd779d73814c910fc5ecb,2,code_hash,28020697
polygon-zkevm:0xc451b0191351ce308fdfd779d73814c910fc5ecb:SMT_KEY:4,0xc451b0191351ce308fdfd779d73814c910fc5ecb,4,code_hash_length,28020697
polygon-zkevm:0xece6806c469591a8665e27139e798cad0c4d1acd:SMT_KEY:0,0xece6806c469591a8665e27139e798cad0c4d1acd,0,balance,28020697
polygon-zkevm:0xece6806c469591a8665e27139e798cad0c4d1acd:SMT_KEY:1,0xece6806c469591a8665e27139e798cad0c4d1acd,1,nonce,28020697
polygon-zkevm:0xece6806c469591a8665e27139e798cad0c4d1acd:SMT_KEY:2,0xece6806c469591a8665e27139e798cad0c4d1acd,2,code_hash,28020697
polygon-zkevm:0xece6806c469591a8665e27139e798cad0c4d1acd:SMT_KEY:4,0xece6806c469591a8665e27139e798cad0c4d1acd,4,code_hash_length,28020697
polygon-zkevm:0x341a38b69a6b8f00fad4eed3a2b8528e3fed07ff:SMT_KEY:0,0x341a38b69a6b8f00fad4eed3a2b8528e3fed07ff,0,balance,28020877
polygon-zkevm:0x341a38b69a6b8f00fad4eed3a2b8528e3fed07ff:SMT_KEY:1,0x341a38b69a6b8f00fad4eed3a2b8528e3fed07ff,1,nonce,28020877
polygon-zkevm:0x341a38b69a6b8f00fad4eed3a2b8528e3fed07ff:SMT_KEY:2,0x341a38b69a6b8f00fad4eed3a2b8528e3fed07ff,2,code_hash,28020877
polygon-zkevm:0x341a38b69a6b8f00fad4eed3a2b8528e3fed07ff:SMT_KEY:4,0x341a38b69a6b8f00fad4eed3a2b8528e3fed07ff,4,code_hash_length,28020877
polygon-zkevm:0xd10c833f4305e1053a64bc738c550381f48104ca:SMT_KEY:0,0xd10c833f4305e1053a64bc738c550381f48104ca,0,balance,28021657
polygon-zkevm:0xd10c833f4305e1053a64bc738c550381f48104ca:SMT_KEY:1,0xd10c833f4305e1053a64bc738c550381f48104ca,1,nonce,28021657
polygon-zkevm:0xd10c833f4305e1053a64bc738c550381f48104ca:SMT_KEY:2,0xd10c833f4305e1053a64bc738c550381f48104ca,2,code_hash,28021657
polygon-zkevm:0xd10c833f4305e1053a64bc738c550381f48104ca:SMT_KEY:4,0xd10c833f4305e1053a64bc738c550381f48104ca,4,code_hash_length,28021657
polygon-zkevm:0xff88768dde21dffd69c1aceafbdf0d6134bb2060:SMT_KEY:0,0xff88768dde21dffd69c1aceafbdf0d6134bb2060,0,balance,28021747
polygon-zkevm:0xff88768dde21dffd69c1aceafbdf0d6134bb2060:SMT_KEY:1,0xff88768dde21dffd69c1aceafbdf0d6134bb2060,1,nonce,28021747
polygon-zkevm:0xff88768dde21dffd69c1aceafbdf0d6134bb2060:SMT_KEY:2,0xff88768dde21dffd69c1aceafbdf0d6134bb2060,2,code_hash,28021747
polygon-zkevm:0xff88768dde21dffd69c1aceafbdf0d6134bb2060:SMT_KEY:4,0xff88768dde21dffd69c1aceafbdf0d6134bb2060,4,code_hash_length,28021747
polygon-zkevm:0x2704b75cf050a5d556ebc541f1417db12a035212:SMT_KEY:0,0x2704b75cf050a5d556ebc541f1417db12a035212,0,balance,28022077
polygon-zkevm:0x2704b75cf050a5d556ebc541f1417db12a035212:SMT_KEY:1,0x2704b75cf050a5d556ebc541f1417db12a035212,1,nonce,28022077
polygon-zkevm:0x2704b75cf050a5d556ebc541f1417db12a035212:SMT_KEY:2,0x2704b75cf050a5d556ebc541f1417db12a035212,2,code_hash,28022077
polygon-zkevm:0x2704b75cf050a5d556ebc541f1417db12a035212:SMT_KEY:4,0x2704b75cf050a5d556ebc541f1417db12a035212,4,code_hash_length,28022077
polygon-zkevm:0x9f403140bc0574d7d36ea472b82daa1bbd4ef327:SMT_KEY:0,0x9f403140bc0574d7d36ea472b82daa1bbd4ef327,0,balance,28022827
polygon-zkevm:0x9f403140bc0574d7d36ea472b82daa1bbd4ef327:SMT_KEY:1,0x9f403140bc0574d7d36ea472b82daa1bbd4ef327,1,nonce,28022827
polygon-zkevm:0x9f403140bc0574d7d36ea472b82daa1bbd4ef327:SMT_KEY:2,0x9f403140bc0574d7d36ea472b82daa1bbd4ef327,2,code_hash,28022827
polygon-zkevm:0x9f403140bc0574d7d36ea472b82daa1bbd4ef327:SMT_KEY:4,0x9f403140bc0574d7d36ea472b82daa1bbd4ef327,4,code_hash_length,28022827
polygon-zkevm:0xbe4fb271cfb7bcbb47ea9573321c7bfe309fc220:SMT_KEY:0,0xbe4fb271cfb7bcbb47ea9573321c7bfe309fc220,0,balance,28022827
polygon-zkevm:0xbe4fb271cfb7bcbb47ea9573321c7bfe309fc220:SMT_KEY:1,0xbe4fb271cfb7bcbb47ea9573321c7bfe309fc220,1,nonce,28022827
polygon-zkevm:0xbe4fb271cfb7bcbb47ea9573321c7bfe309fc220:SMT_KEY:2,0xbe4fb271cfb7bcbb47ea9573321c7bfe309fc220,2,code_hash,28022827
polygon-zkevm:0xbe4fb271cfb7bcbb47ea9573321c7bfe309fc220:SMT_KEY:4,0xbe4fb271cfb7bcbb47ea9573321c7bfe309fc220,4,code_hash_length,28022827
polygon-zkevm:0xe294c510d020cf4fec1aec0b8735f882c1f6f733:SMT_KEY:0,0xe294c510d020cf4fec1aec0b8735f882c1f6f733,0,balance,28022967
polygon-zkevm:0xe294c510d020cf4fec1aec0b8735f882c1f6f733:SMT_KEY:1,0xe294c510d020cf4fec1aec0b8735f882c1f6f733,1,nonce,28022967
polygon-zkevm:0xe294c510d020cf4fec1aec0b8735f882c1f6f733:SMT_KEY:2,0xe294c510d020cf4fec1aec0b8735f882c1f6f733,2,code_hash,28022967
polygon-zkevm:0xe294c510d020cf4fec1aec0b8735f882c1f6f733:SMT_KEY:4,0xe294c510d020cf4fec1aec0b8735f882c1f6f733,4,code_hash_length,28022967
polygon-zkevm:0x818fb297b3223dc285ce5a6ce152e916763e29a1:SMT_KEY:0,0x818fb297b3223dc285ce5a6ce152e916763e29a1,0,balance,28023127
polygon-zkevm:0x818fb297b3223dc285ce5a6ce152e916763e29a1:SMT_KEY:1,0x818fb297b3223dc285ce5a6ce152e916763e29a1,1,nonce,28023127
polygon-zkevm:0x818fb297b3223dc285ce5a6ce152e916763e29a1:SMT_KEY:2,0x818fb297b3223dc285ce5a6ce152e916763e29a1,2,code_hash,28023127
polygon-zkevm:0x818fb297b3223dc285ce5a6ce152e916763e29a1:SMT_KEY:4,0x818fb297b3223dc285ce5a6ce152e916763e29a1,4,code_hash_length,28023127
polygon-zkevm:0x488863d609f3a673875a914fbee7508a1de45ec6:SMT_KEY:0,0x488863d609f3a673875a914fbee7508a1de45ec6,0,balance,28023137
polygon-zkevm:0x488863d609f3a673875a914fbee7508a1de45ec6:SMT_KEY:1,0x488863d609f3a673875a914fbee7508a1de45ec6,1,nonce,28023137
polygon-zkevm:0x488863d609f3a673875a914fbee7508a1de45ec6:SMT_KEY:2,0x488863d609f3a673875a914fbee7508a1de45ec6,2,code_hash,28023137
polygon-zkevm:0x488863d609f3a673875a914fbee7508a1de45ec6:SMT_KEY:4,0x488863d609f3a673875a914fbee7508a1de45ec6,4,code_hash_length,28023137
polygon-zkevm:0x7ab8d70e579c89fe75e9eb2cffa4ccb27722b6cf:SMT_KEY:0,0x7ab8d70e579c89fe75e9eb2cffa4ccb27722b6cf,0,balance,28023347
polygon-zkevm:0x7ab8d70e579c89fe75e9eb2cffa4ccb27722b6cf:SMT_KEY:1,0x7ab8d70e579c89fe75e9eb2cffa4ccb27722b6cf,1,nonce,28023347
polygon-zkevm:0x7ab8d70e579c89fe75e9eb2cffa4ccb27722b6cf:SMT_KEY:2,0x7ab8d70e579c89fe75e9eb2cffa4ccb27722b6cf,2,code_hash,28023347
polygon-zkevm:0x7ab8d70e579c89fe75e9eb2cffa4ccb27722b6cf:SMT_KEY:4,0x7ab8d70e579c89fe75e9eb2cffa4ccb27722b6cf,4,code_hash_length,28023347
polygon-zkevm:0x1ad95f9cc90d7b03134c9cef55c4eaacf9a82a44:SMT_KEY:0,0x1ad95f9cc90d7b03134c9cef55c4eaacf9a82a44,0,balance,28024657
polygon-zkevm:0x1ad95f9cc90d7b03134c9cef55c4eaacf9a82a44:SMT_KEY:1,0x1ad95f9cc90d7b03134c9cef55c4eaacf9a82a44,1,nonce,28024657
polygon-zkevm:0x1ad95f9cc90d7b03134c9cef55c4eaacf9a82a44:SMT_KEY:2,0x1ad95f9cc90d7b03134c9cef55c4eaacf9a82a44,2,code_hash,28024657
polygon-zkevm:0x1ad95f9cc90d7b03134c9cef55c4eaacf9a82a44:SMT_KEY:4,0x1ad95f9cc90d7b03134c9cef55c4eaacf9a82a44,4,code_hash_length,28024657
polygon-zkevm:0x75feba0b7763ec26c2ba72a65ccb8ebb0dceb8c0:SMT_KEY:0,0x75feba0b7763ec26c2ba72a65ccb8ebb0dceb8c0,0,balance,28024657
polygon-zkevm:0x75feba0b7763ec26c2ba72a65ccb8ebb0dceb8c0:SMT_KEY:1,0x75feba0b7763ec26c2ba72a65ccb8ebb0dceb8c0,1,nonce,28024657
polygon-zkevm:0x75feba0b7763ec26c2ba72a65ccb8ebb0dceb8c0:SMT_KEY:2,0x75feba0b7763ec26c2ba72a65ccb8ebb0dceb8c0,2,code_hash,28024657
polygon-zkevm:0x75feba0b7763ec26c2ba72a65ccb8ebb0dceb8c0:SMT_KEY:4,0x75feba0b7763ec26c2ba72a65ccb8ebb0dceb8c0,4,code_hash_length,28024657
polygon-zkevm:0x2eb919dc3a5bbb13d91e62acf6eeb4bfa1aa60d3:SMT_KEY:0,0x2eb919dc3a5bbb13d91e62acf6eeb4bfa1aa60d3,0,balance,28026607
polygon-zkevm:0x2eb919dc3a5bbb13d91e62acf6eeb4bfa1aa60d3:SMT_KEY:1,0x2eb919dc3a5bbb13d91e62acf6eeb4bfa1aa60d3,1,nonce,28026607
polygon-zkevm:0x2eb919dc3a5bbb13d91e62acf6eeb4bfa1aa60d3:SMT_KEY:2,0x2eb919dc3a5bbb13d91e62acf6eeb4bfa1aa60d3,2,code_hash,28026607
polygon-zkevm:0x2eb919dc3a5bbb13d91e62acf6eeb4bfa1aa60d3:SMT_KEY:4,0x2eb919dc3a5bbb13d91e62acf6eeb4bfa1aa60d3,4,code_hash_length,28026607
polygon-zkevm:0x90d708798249dbcda4b6daada5ac86b067d4b8ba:SMT_KEY:0,0x90d708798249dbcda4b6daada5ac86b067d4b8ba,0,balance,28031707
polygon-zkevm:0x90d708798249dbcda4b6daada5ac86b067d4b8ba:SMT_KEY:1,0x90d708798249dbcda4b6daada5ac86b067d4b8ba,1,nonce,28031707
polygon-zkevm:0x90d708798249dbcda4b6daada5ac86b067d4b8ba:SMT_KEY:2,0x90d708798249dbcda4b6daada5ac86b067d4b8ba,2,code_hash,28031707
polygon-zkevm:0x90d708798249dbcda4b6daada5ac86b067d4b8ba:SMT_KEY:4,0x90d708798249dbcda4b6daada5ac86b067d4b8ba,4,code_hash_length,28031707
polygon-zkevm:0x04a6fcd89607de59c731ebc5534f92b608331a67:SMT_KEY:0,0x04a6fcd89607de59c731ebc5534f92b608331a67,0,balance,28033317
polygon-zkevm:0x04a6fcd89607de59c731ebc5534f92b608331a67:SMT_KEY:1,0x04a6fcd89607de59c731ebc5534f92b608331a67,1,nonce,28033317
polygon-zkevm:0x04a6fcd89607de59c731ebc5534f92b608331a67:SMT_KEY:2,0x04a6fcd89607de59c731ebc5534f92b608331a67,2,code_hash,28033317
polygon-zkevm:0x04a6fcd89607de59c731ebc5534f92b608331a67:SMT_KEY:4,0x04a6fcd89607de59c731ebc5534f92b608331a67,4,code_hash_length,28033317
polygon-zkevm:0xc5f350c5f8bbe09b5afbcfbaec4f187592e79f69:SMT_KEY:0,0xc5f350c5f8bbe09b5afbcfbaec4f187592e79f69,0,balance,28033457
polygon-zkevm:0xc5f350c5f8bbe09b5afbcfbaec4f187592e79f69:SMT_KEY:1,0xc5f350c5f8bbe09b5afbcfbaec4f187592e79f69,1,nonce,28033457
polygon-zkevm:0xc5f350c5f8bbe09b5afbcfbaec4f187592e79f69:SMT_KEY:2,0xc5f350c5f8bbe09b5afbcfbaec4f187592e79f69,2,code_hash,28033457
polygon-zkevm:0xc5f350c5f8bbe09b5afbcfbaec4f187592e79f69:SMT_KEY:4,0xc5f350c5f8bbe09b5afbcfbaec4f187592e79f69,4,code_hash_length,28033457
polygon-zkevm:0x2474462276a060057b07a72d756018f0288a46da:SMT_KEY:0,0x2474462276a060057b07a72d756018f0288a46da,0,balance,28033467
polygon-zkevm:0x2474462276a060057b07a72d756018f0288a46da:SMT_KEY:1,0x2474462276a060057b07a72d756018f0288a46da,1,nonce,28033467
polygon-zkevm:0x2474462276a060057b07a72d756018f0288a46da:SMT_KEY:2,0x2474462276a060057b07a72d756018f0288a46da,2,code_hash,28033467
polygon-zkevm:0x2474462276a060057b07a72d756018f0288a46da:SMT_KEY:4,0x2474462276a060057b07a72d756018f0288a46da,4,code_hash_length,28033467
polygon-zkevm:0x89c06edf70662a472353fa22c085b4bc7b9acbe2:SMT_KEY:0,0x89c06edf70662a472353fa22c085b4bc7b9acbe2,0,balance,28035037
polygon-zkevm:0x89c06edf70662a472353fa22c085b4bc7b9acbe2:SMT_KEY:1,0x89c06edf70662a472353fa22c085b4bc7b9acbe2,1,nonce,28035037
polygon-zkevm:0x89c06edf70662a472353fa22c085b4bc7b9acbe2:SMT_KEY:2,0x89c06edf70662a472353fa22c085b4bc7b9acbe2,2,code_hash,28035037
polygon-zkevm:0x89c06edf70662a472353fa22c085b4bc7b9acbe2:SMT_KEY:4,0x89c06edf70662a472353fa22c085b4bc7b9acbe2,4,code_hash_length,28035037
polygon-zkevm:0xade6209a546a20e7885ef20ede1678fdd3e9c2d2:SMT_KEY:0,0xade6209a546a20e7885ef20ede1678fdd3e9c2d2,0,balance,28035627
polygon-zkevm:0xade6209a546a20e7885ef20ede1678fdd3e9c2d2:SMT_KEY:1,0xade6209a546a20e7885ef20ede1678fdd3e9c2d2,1,nonce,28035627
polygon-zkevm:0xade6209a546a20e7885ef20ede1678fdd3e9c2d2:SMT_KEY:2,0xade6209a546a20e7885ef20ede1678fdd3e9c2d2,2,code_hash,28035627
polygon-zkevm:0xade6209a546a20e7885ef20ede1678fdd3e9c2d2:SMT_KEY:4,0xade6209a546a20e7885ef20ede1678fdd3e9c2d2,4,code_hash_length,28035627
polygon-zkevm:0x83cc3d2c284d423cd18e9a44dc24231ffc7cd3c6:SMT_KEY:0,0x83cc3d2c284d423cd18e9a44dc24231ffc7cd3c6,0,balance,28035777
polygon-zkevm:0x83cc3d2c284d423cd18e9a44dc24231ffc7cd3c6:SMT_KEY:1,0x83cc3d2c284d423cd18e9a44dc24231ffc7cd3c6,1,nonce,28035777
polygon-zkevm:0x83cc3d2c284d423cd18e9a44dc24231ffc7cd3c6:SMT_KEY:2,0x83cc3d2c284d423cd18e9a44dc24231ffc7cd3c6,2,code_hash,28035777
polygon-zkevm:0x83cc3d2c284d423cd18e9a44dc24231ffc7cd3c6:SMT_KEY:4,0x83cc3d2c284d423cd18e9a44dc24231ffc7cd3c6,4,code_hash_length,28035777
polygon-zkevm:0x89cbada8c98919e8c44d744a4234c2a8e22dc4d9:SMT_KEY:0,0x89cbada8c98919e8c44d744a4234c2a8e22dc4d9,0,balance,28037417
polygon-zkevm:0x89cbada8c98919e8c44d744a4234c2a8e22dc4d9:SMT_KEY:1,0x89cbada8c98919e8c44d744a4234c2a8e22dc4d9,1,nonce,28037417
polygon-zkevm:0x89cbada8c98919e8c44d744a4234c2a8e22dc4d9:SMT_KEY:2,0x89cbada8c98919e8c44d744a4234c2a8e22dc4d9,2,code_hash,28037417
polygon-zkevm:0x89cbada8c98919e8c44d744a4234c2a8e22dc4d9:SMT_KEY:4,0x89cbada8c98919e8c44d744a4234c2a8e22dc4d9,4,code_hash_length,28037417
polygon-zkevm:0x7560e255f7d5abd4af80d48f9834bad510a27835:SMT_KEY:0,0x7560e255f7d5abd4af80d48f9834bad510a27835,0,balance,28037567
polygon-zkevm:0x7560e255f7d5abd4af80d48f9834bad510a27835:SMT_KEY:1,0x7560e255f7d5abd4af80d48f9834bad510a27835,1,nonce,28037567
polygon-zkevm:0x7560e255f7d5abd4af80d48f9834bad510a27835:SMT_KEY:2,0x7560e255f7d5abd4af80d48f9834bad510a27835,2,code_hash,28037567
polygon-zkevm:0x7560e255f7d5abd4af80d48f9834bad510a27835:SMT_KEY:4,0x7560e255f7d5abd4af80d48f9834bad510a27835,4,code_hash_length,28037567
polygon-zkevm:0xc08a642bf42c34ac763688254ca32ee660d716e5:SMT_KEY:0,0xc08a642bf42c34ac763688254ca32ee660d716e5,0,balance,28038007
polygon-zkevm:0xc08a642bf42c34ac763688254ca32ee660d716e5:SMT_KEY:1,0xc08a642bf42c34ac763688254ca32ee660d716e5,1,nonce,28038007
polygon-zkevm:0xc08a642bf42c34ac763688254ca32ee660d716e5:SMT_KEY:2,0xc08a642bf42c34ac763688254ca32ee660d716e5,2,code_hash,28038007
polygon-zkevm:0xc08a642bf42c34ac763688254ca32ee660d716e5:SMT_KEY:4,0xc08a642bf42c34ac763688254ca32ee660d716e5,4,code_hash_length,28038007
polygon-zkevm:0xa9adc695727f818d9c4585fb211dc8dee7302971:SMT_KEY:0,0xa9adc695727f818d9c4585fb211dc8dee7302971,0,balance,28039157
polygon-zkevm:0xa9adc695727f818d9c4585fb211dc8dee7302971:SMT_KEY:1,0xa9adc695727f818d9c4585fb211dc8dee7302971,1,nonce,28039157
polygon-zkevm:0xa9adc695727f818d9c4585fb211dc8dee7302971:SMT_KEY:2,0xa9adc695727f818d9c4585fb211dc8dee7302971,2,code_hash,28039157
polygon-zkevm:0xa9adc695727f818d9c4585fb211dc8dee7302971:SMT_KEY:4,0xa9adc695727f818d9c4585fb211dc8dee7302971,4,code_hash_length,28039157
polygon-zkevm:0x8fc8f8548c2ff2d7a8a92a30acab3ca6a6b9f868:SMT_KEY:0,0x8fc8f8548c2ff2d7a8a92a30acab3ca6a6b9f868,0,balance,28040077
polygon-zkevm:0x8fc8f8548c2ff2d7a8a92a30acab3ca6a6b9f868:SMT_KEY:1,0x8fc8f8548c2ff2d7a8a92a30acab3ca6a6b9f868,1,nonce,28040077
polygon-zkevm:0x8fc8f8548c2ff2d7a8a92a30acab3ca6a6b9f868:SMT_KEY:2,0x8fc8f8548c2ff2d7a8a92a30acab3ca6a6b9f868,2,code_hash,28040077
polygon-zkevm:0x8fc8f8548c2ff2d7a8a92a30acab3ca6a6b9f868:SMT_KEY:4,0x8fc8f8548c2ff2d7a8a92a30acab3ca6a6b9f868,4,code_hash_length,28040077
polygon-zkevm:0x906797b88cd35aaecb9b348e5399b89676e89843:SMT_KEY:0,0x906797b88cd35aaecb9b348e5399b89676e89843,0,balance,28040077
polygon-zkevm:0x906797b88cd35aaecb9b348e5399b89676e89843:SMT_KEY:1,0x906797b88cd35aaecb9b348e5399b89676e89843,1,nonce,28040077
polygon-zkevm:0x906797b88cd35aaecb9b348e5399b89676e89843:SMT_KEY:2,0x906797b88cd35aaecb9b348e5399b89676e89843,2,code_hash,28040077
polygon-zkevm:0x906797b88cd35aaecb9b348e5399b89676e89843:SMT_KEY:4,0x906797b88cd35aaecb9b348e5399b89676e89843,4,code_hash_length,28040077
polygon-zkevm:0x9324ea43553e1eec6ccf68119caa3a05fe80dc8a:SMT_KEY:0,0x9324ea43553e1eec6ccf68119caa3a05fe80dc8a,0,balance,28041277
polygon-zkevm:0x9324ea43553e1eec6ccf68119caa3a05fe80dc8a:SMT_KEY:1,0x9324ea43553e1eec6ccf68119caa3a05fe80dc8a,1,nonce,28041277
polygon-zkevm:0x9324ea43553e1eec6ccf68119caa3a05fe80dc8a:SMT_KEY:2,0x9324ea43553e1eec6ccf68119caa3a05fe80dc8a,2,code_hash,28041277
polygon-zkevm:0x9324ea43553e1eec6ccf68119caa3a05fe80dc8a:SMT_KEY:4,0x9324ea43553e1eec6ccf68119caa3a05fe80dc8a,4,code_hash_length,28041277
polygon-zkevm:0xe530d28960d48708ccf3e62aa7b42a80bc427aef:SMT_KEY:0,0xe530d28960d48708ccf3e62aa7b42a80bc427aef,0,balance,28041277
polygon-zkevm:0xe530d28960d48708ccf3e62aa7b42a80bc427aef:SMT_KEY:1,0xe530d28960d48708ccf3e62aa7b42a80bc427aef,1,nonce,28041277
polygon-zkevm:0xe530d28960d48708ccf3e62aa7b42a80bc427aef:SMT_KEY:2,0xe530d28960d48708ccf3e62aa7b42a80bc427aef,2,code_hash,28041277
polygon-zkevm:0xe530d28960d48708ccf3e62aa7b42a80bc427aef:SMT_KEY:4,0xe530d28960d48708ccf3e62aa7b42a80bc427aef,4,code_hash_length,28041277
polygon-zkevm:0x432dee14106b591a4933effddc30221f28a8ba1e:SMT_KEY:0,0x432dee14106b591a4933effddc30221f28a8ba1e,0,balance,28041307
polygon-zkevm:0x432dee14106b591a4933effddc30221f28a8ba1e:SMT_KEY:1,0x432dee14106b591a4933effddc30221f28a8ba1e,1,nonce,28041307
polygon-zkevm:0x432dee14106b591a4933effddc30221f28a8ba1e:SMT_KEY:2,0x432dee14106b591a4933effddc30221f28a8ba1e,2,code_hash,28041307
polygon-zkevm:0x432dee14106b591a4933effddc30221f28a8ba1e:SMT_KEY:4,0x432dee14106b591a4933effddc30221f28a8ba1e,4,code_hash_length,28041307
polygon-zkevm:0xa0e5d5f7caddda0203a7f505afaebaf95ab0a76d:SMT_KEY:0,0xa0e5d5f7caddda0203a7f505afaebaf95ab0a76d,0,balance,28041877
polygon-zkevm:0xa0e5d5f7caddda0203a7f505afaebaf95ab0a76d:SMT_KEY:1,0xa0e5d5f7caddda0203a7f505afaebaf95ab0a76d,1,nonce,28041877
polygon-zkevm:0xa0e5d5f7caddda0203a7f505afaebaf95ab0a76d:SMT_KEY:2,0xa0e5d5f7caddda0203a7f505afaebaf95ab0a76d,2,code_hash,28041877
polygon-zkevm:0xa0e5d5f7caddda0203a7f505afaebaf95ab0a76d:SMT_KEY:4,0xa0e5d5f7caddda0203a7f505afaebaf95ab0a76d,4,code_hash_length,28041877
polygon-zkevm:0x2dd0b3001ccc2cd88f8e25f3e1fcaac7ecd6de88:SMT_KEY:0,0x2dd0b3001ccc2cd88f8e25f3e1fcaac7ecd6de88,0,balance,28041987
polygon-zkevm:0x2dd0b3001ccc2cd88f8e25f3e1fcaac7ecd6de88:SMT_KEY:1,0x2dd0b3001ccc2cd88f8e25f3e1fcaac7ecd6de88,1,nonce,28041987
polygon-zkevm:0x2dd0b3001ccc2cd88f8e25f3e1fcaac7ecd6de88:SMT_KEY:2,0x2dd0b3001ccc2cd88f8e25f3e1fcaac7ecd6de88,2,code_hash,28041987
polygon-zkevm:0x2dd0b3001ccc2cd88f8e25f3e1fcaac7ecd6de88:SMT_KEY:4,0x2dd0b3001ccc2cd88f8e25f3e1fcaac7ecd6de88,4,code_hash_length,28041987
polygon-zkevm:0x1bebde1d2c380f76cfceef50b922281a507dbcb1:SMT_KEY:0,0x1bebde1d2c380f76cfceef50b922281a507dbcb1,0,balance,28041997
polygon-zkevm:0x1bebde1d2c380f76cfceef50b922281a507dbcb1:SMT_KEY:1,0x1bebde1d2c380f76cfceef50b922281a507dbcb1,1,nonce,28041997
polygon-zkevm:0x1bebde1d2c380f76cfceef50b922281a507dbcb1:SMT_KEY:2,0x1bebde1d2c380f76cfceef50b922281a507dbcb1,2,code_hash,28041997
polygon-zkevm:0x1bebde1d2c380f76cfceef50b922281a507dbcb1:SMT_KEY:4,0x1bebde1d2c380f76cfceef50b922281a507dbcb1,4,code_hash_length,28041997
polygon-zkevm:0x8754bc615047de01228a7527b712806a71a8dc9a:SMT_KEY:0,0x8754bc615047de01228a7527b712806a71a8dc9a,0,balance,28043547
polygon-zkevm:0x8754bc615047de01228a7527b712806a71a8dc9a:SMT_KEY:1,0x8754bc615047de01228a7527b712806a71a8dc9a,1,nonce,28043547
polygon-zkevm:0x8754bc615047de01228a7527b712806a71a8dc9a:SMT_KEY:2,0x8754bc615047de01228a7527b712806a71a8dc9a,2,code_hash,28043547
polygon-zkevm:0x8754bc615047de01228a7527b712806a71a8dc9a:SMT_KEY:4,0x8754bc615047de01228a7527b712806a71a8dc9a,4,code_hash_length,28043547
polygon-zkevm:0x9d9d32b5515b04e77a63de159da07ce218e0a12e:SMT_KEY:0,0x9d9d32b5515b04e77a63de159da07ce218e0a12e,0,balance,28043547
polygon-zkevm:0x9d9d32b5515b04e77a63de159da07ce218e0a12e:SMT_KEY:1,0x9d9d32b5515b04e77a63de159da07ce218e0a12e,1,nonce,28043547
polygon-zkevm:0x9d9d32b5515b04e77a63de159da07ce218e0a12e:SMT_KEY:2,0x9d9d32b5515b04e77a63de159da07ce218e0a12e,2,code_hash,28043547
polygon-zkevm:0x9d9d32b5515b04e77a63de159da07ce218e0a12e:SMT_KEY:4,0x9d9d32b5515b04e77a63de159da07ce218e0a12e,4,code_hash_length,28043547
polygon-zkevm:0xb6d0eccc97b8858f0645cdb7f3f1190103b0d9f0:SMT_KEY:0,0xb6d0eccc97b8858f0645cdb7f3f1190103b0d9f0,0,balance,28044457
polygon-zkevm:0xb6d0eccc97b8858f0645cdb7f3f1190103b0d9f0:SMT_KEY:1,0xb6d0eccc97b8858f0645cdb7f3f1190103b0d9f0,1,nonce,28044457
polygon-zkevm:0xb6d0eccc97b8858f0645cdb7f3f1190103b0d9f0:SMT_KEY:2,0xb6d0eccc97b8858f0645cdb7f3f1190103b0d9f0,2,code_hash,28044457
polygon-zkevm:0xb6d0eccc97b8858f0645cdb7f3f1190103b0d9f0:SMT_KEY:4,0xb6d0eccc97b8858f0645cdb7f3f1190103b0d9f0,4,code_hash_length,28044457
polygon-zkevm:0xf5ff6011f14f100cdc166a8d6521c04715f4f83f:SMT_KEY:0,0xf5ff6011f14f100cdc166a8d6521c04715f4f83f,0,balance,28044457
polygon-zkevm:0xf5ff6011f14f100cdc166a8d6521c04715f4f83f:SMT_KEY:1,0xf5ff6011f14f100cdc166a8d6521c04715f4f83f,1,nonce,28044457
polygon-zkevm:0xf5ff6011f14f100cdc166a8d6521c04715f4f83f:SMT_KEY:2,0xf5ff6011f14f100cdc166a8d6521c04715f4f83f,2,code_hash,28044457
polygon-zkevm:0xf5ff6011f14f100cdc166a8d6521c04715f4f83f:SMT_KEY:4,0xf5ff6011f14f100cdc166a8d6521c04715f4f83f,4,code_hash_length,28044457
polygon-zkevm:0x7b1471e5165b268ee6b1bf57edd14ef273396054:SMT_KEY:0,0x7b1471e5165b268ee6b1bf57edd14ef273396054,0,balance,28044467
polygon-zkevm:0x7b1471e5165b268ee6b1bf57edd14ef273396054:SMT_KEY:1,0x7b1471e5165b268ee6b1bf57edd14ef273396054,1,nonce,28044467
polygon-zkevm:0x7b1471e5165b268ee6b1bf57edd14ef273396054:SMT_KEY:2,0x7b1471e5165b268ee6b1bf57edd14ef273396054,2,code_hash,28044467
polygon-zkevm:0x7b1471e5165b268ee6b1bf57edd14ef273396054:SMT_KEY:4,0x7b1471e5165b268ee6b1bf57edd14ef273396054,4,code_hash_length,28044467
polygon-zkevm:0xc416300b936880c81257d356948890a9cdcbf6ae:SMT_KEY:0,0xc416300b936880c81257d356948890a9cdcbf6ae,0,balance,28044677
polygon-zkevm:0xc416300b936880c81257d356948890a9cdcbf6ae:SMT_KEY:1,0xc416300b936880c81257d356948890a9cdcbf6ae,1,nonce,28044677
polygon-zkevm:0xc416300b936880c81257d356948890a9cdcbf6ae:SMT_KEY:2,0xc416300b936880c81257d356948890a9cdcbf6ae,2,code_hash,28044677
polygon-zkevm:0xc416300b936880c81257d356948890a9cdcbf6ae:SMT_KEY:4,0xc416300b936880c81257d356948890a9cdcbf6ae,4,code_hash_length,28044677
polygon-zkevm:0xa011fe59c22e5c59c890583b83f4e332157c7fcf:SMT_KEY:0,0xa011fe59c22e5c59c890583b83f4e332157c7fcf,0,balance,28044697
polygon-zkevm:0xa011fe59c22e5c59c890583b83f4e332157c7fcf:SMT_KEY:1,0xa011fe59c22e5c59c890583b83f4e332157c7fcf,1,nonce,28044697
polygon-zkevm:0xa011fe59c22e5c59c890583b83f4e332157c7fcf:SMT_KEY:2,0xa011fe59c22e5c59c890583b83f4e332157c7fcf,2,code_hash,28044697
polygon-zkevm:0xa011fe59c22e5c59c890583b83f4e332157c7fcf:SMT_KEY:4,0xa011fe59c22e5c59c890583b83f4e332157c7fcf,4,code_hash_length,28044697
polygon-zkevm:0xd0017a0044ee74d5b1d2feffbcaeff090a9aa6ca:SMT_KEY:0,0xd0017a0044ee74d5b1d2feffbcaeff090a9aa6ca,0,balance,28044857
polygon-zkevm:0xd0017a0044ee74d5b1d2feffbcaeff090a9aa6ca:SMT_KEY:1,0xd0017a0044ee74d5b1d2feffbcaeff090a9aa6ca,1,nonce,28044857
polygon-zkevm:0xd0017a0044ee74d5b1d2feffbcaeff090a9aa6ca:SMT_KEY:2,0xd0017a0044ee74d5b1d2feffbcaeff090a9aa6ca,2,code_hash,28044857
polygon-zkevm:0xd0017a0044ee74d5b1d2feffbcaeff090a9aa6ca:SMT_KEY:4,0xd0017a0044ee74d5b1d2feffbcaeff090a9aa6ca,4,code_hash_length,28044857
polygon-zkevm:0xcfd461b0312e99dfb0edc2b21559ead54e9a911e:SMT_KEY:0,0xcfd461b0312e99dfb0edc2b21559ead54e9a911e,0,balance,28045227
polygon-zkevm:0xcfd461b0312e99dfb0edc2b21559ead54e9a911e:SMT_KEY:1,0xcfd461b0312e99dfb0edc2b21559ead54e9a911e,1,nonce,28045227
polygon-zkevm:0xcfd461b0312e99dfb0edc2b21559ead54e9a911e:SMT_KEY:2,0xcfd461b0312e99dfb0edc2b21559ead54e9a911e,2,code_hash,28045227
polygon-zkevm:0xcfd461b0312e99dfb0edc2b21559ead54e9a911e:SMT_KEY:4,0xcfd461b0312e99dfb0edc2b21559ead54e9a911e,4,code_hash_length,28045227
polygon-zkevm:0x3214b118a1f72ea82efad7249a8c6c98f30f6db6:SMT_KEY:0,0x3214b118a1f72ea82efad7249a8c6c98f30f6db6,0,balance,28045347
polygon-zkevm:0x3214b118a1f72ea82efad7249a8c6c98f30f6db6:SMT_KEY:1,0x3214b118a1f72ea82efad7249a8c6c98f30f6db6,1,nonce,28045347
polygon-zkevm:0x3214b118a1f72ea82efad7249a8c6c98f30f6db6:SMT_KEY:2,0x3214b118a1f72ea82efad7249a8c6c98f30f6db6,2,code_hash,28045347
polygon-zkevm:0x3214b118a1f72ea82efad7249a8c6c98f30f6db6:SMT_KEY:4,0x3214b118a1f72ea82efad7249a8c6c98f30f6db6,4,code_hash_length,28045347
polygon-zkevm:0x6cf8e51700554260866331d8e1e1b9577dddb353:SMT_KEY:0,0x6cf8e51700554260866331d8e1e1b9577dddb353,0,balance,30003007
polygon-zkevm:0x6cf8e51700554260866331d8e1e1b9577dddb353:SMT_KEY:1,0x6cf8e51700554260866331d8e1e1b9577dddb353,1,nonce,30003007
polygon-zkevm:0x6cf8e51700554260866331d8e1e1b9577dddb353:SMT_KEY:2,0x6cf8e51700554260866331d8e1e1b9577dddb353,2,code_hash,30003007
polygon-zkevm:0x6cf8e51700554260866331d8e1e1b9577dddb353:SMT_KEY:4,0x6cf8e51700554260866331d8e1e1b9577dddb353,4,code_hash_length,30003007
polygon-zkevm:0x18c9ff3c49d1d2d9a432af5e63be4864226be2bd:SMT_KEY:0,0x18c9ff3c49d1d2d9a432af5e63be4864226be2bd,0,balance,30003227
polygon-zkevm:0x18c9ff3c49d1d2d9a432af5e63be4864226be2bd:SMT_KEY:1,0x18c9ff3c49d1d2d9a432af5e63be4864226be2bd,1,nonce,30003227
polygon-zkevm:0x18c9ff3c49d1d2d9a432af5e63be4864226be2bd:SMT_KEY:2,0x18c9ff3c49d1d2d9a432af5e63be4864226be2bd,2,code_hash,30003227
polygon-zkevm:0x18c9ff3c49d1d2d9a432af5e63be4864226be2bd:SMT_KEY:4,0x18c9ff3c49d1d2d9a432af5e63be4864226be2bd,4,code_hash_length,30003227
polygon-zkevm:0xe7ac1be175dbe89db73f44878d6a5ec751015fe6:SMT_KEY:0,0xe7ac1be175dbe89db73f44878d6a5ec751015fe6,0,balance,30003327
polygon-zkevm:0xe7ac1be175dbe89db73f44878d6a5ec751015fe6:SMT_KEY:1,0xe7ac1be175dbe89db73f44878d6a5ec751015fe6,1,nonce,30003327
polygon-zkevm:0xe7ac1be175dbe89db73f44878d6a5ec751015fe6:SMT_KEY:2,0xe7ac1be175dbe89db73f44878d6a5ec751015fe6,2,code_hash,30003327
polygon-zkevm:0xe7ac1be175dbe89db73f44878d6a5ec751015fe6:SMT_KEY:4,0xe7ac1be175dbe89db73f44878d6a5ec751015fe6,4,code_hash_length,30003327
polygon-zkevm:0x20c0ffe245c1f21141dfef273de035e855e46b96:SMT_KEY:0,0x20c0ffe245c1f21141dfef273de035e855e46b96,0,balance,30003687
polygon-zkevm:0x20c0ffe245c1f21141dfef273de035e855e46b96:SMT_KEY:1,0x20c0ffe245c1f21141dfef273de035e855e46b96,1,nonce,30003687
polygon-zkevm:0x20c0ffe245c1f21141dfef273de035e855e46b96:SMT_KEY:2,0x20c0ffe245c1f21141dfef273de035e855e46b96,2,code_hash,30003687
polygon-zkevm:0x20c0ffe245c1f21141dfef273de035e855e46b96:SMT_KEY:4,0x20c0ffe245c1f21141dfef273de035e855e46b96,4,code_hash_length,30003687
polygon-zkevm:0x8f957ed3f969d7b6e5d6df81e61a5ff45f594dd1:SMT_KEY:0,0x8f957ed3f969d7b6e5d6df81e61a5ff45f594dd1,0,balance,30003687
polygon-zkevm:0x8f957ed3f969d7b6e5d6df81e61a5ff45f594dd1:SMT_KEY:1,0x8f957ed3f969d7b6e5d6df81e61a5ff45f594dd1,1,nonce,30003687
polygon-zkevm:0x8f957ed3f969d7b6e5d6df81e61a5ff45f594dd1:SMT_KEY:2,0x8f957ed3f969d7b6e5d6df81e61a5ff45f594dd1,2,code_hash,30003687
polygon-zkevm:0x8f957ed3f969d7b6e5d6df81e61a5ff45f594dd1:SMT_KEY:4,0x8f957ed3f969d7b6e5d6df81e61a5ff45f594dd1,4,code_hash_length,30003687
polygon-zkevm:0x9140421a8c63d7270b1a5db2056917ee57d98456:SMT_KEY:0,0x9140421a8c63d7270b1a5db2056917ee57d98456,0,balance,30003797
polygon-zkevm:0x9140421a8c63d7270b1a5db2056917ee57d98456:SMT_KEY:1,0x9140421a8c63d7270b1a5db2056917ee57d98456,1,nonce,30003797
polygon-zkevm:0x9140421a8c63d7270b1a5db2056917ee57d98456:SMT_KEY:2,0x9140421a8c63d7270b1a5db2056917ee57d98456,2,code_hash,30003797
polygon-zkevm:0x9140421a8c63d7270b1a5db2056917ee57d98456:SMT_KEY:4,0x9140421a8c63d7270b1a5db2056917ee57d98456,4,code_hash_length,30003797
polygon-zkevm:0x4ae999a58e6e8decd09459b565735fa274d25cfa:SMT_KEY:0,0x4ae999a58e6e8decd09459b565735fa274d25cfa,0,balance,30004297
polygon-zkevm:0x4ae999a58e6e8decd09459b565735fa274d25cfa:SMT_KEY:1,0x4ae999a58e6e8decd09459b565735fa274d25cfa,1,nonce,30004297
polygon-zkevm:0x4ae999a58e6e8decd09459b565735fa274d25cfa:SMT_KEY:2,0x4ae999a58e6e8decd09459b565735fa274d25cfa,2,code_hash,30004297
polygon-zkevm:0x4ae999a58e6e8decd09459b565735fa274d25cfa:SMT_KEY:4,0x4ae999a58e6e8decd09459b565735fa274d25cfa,4,code_hash_length,30004297
polygon-zkevm:0x178580ad1637e076b5b0c1b7414663d945f922e9:SMT_KEY:0,0x178580ad1637e076b5b0c1b7414663d945f922e9,0,balance,30004327
polygon-zkevm:0x178580ad1637e076b5b0c1b7414663d945f922e9:SMT_KEY:1,0x178580ad1637e076b5b0c1b7414663d945f922e9,1,nonce,30004327
polygon-zkevm:0x178580ad1637e076b5b0c1b7414663d945f922e9:SMT_KEY:2,0x178580ad1637e076b5b0c1b7414663d945f922e9,2,code_hash,30004327
polygon-zkevm:0x178580ad1637e076b5b0c1b7414663d945f922e9:SMT_KEY:4,0x178580ad1637e076b5b0c1b7414663d945f922e9,4,code_hash_length,30004327
polygon-zkevm:0x1d3d04ab66f830cf6758bd60cbd1fd85bbacda54:SMT_KEY:0,0x1d3d04ab66f830cf6758bd60cbd1fd85bbacda54,0,balance,30005187
polygon-zkevm:0x1d3d04ab66f830cf6758bd60cbd1fd85bbacda54:SMT_KEY:1,0x1d3d04ab66f830cf6758bd60cbd1fd85bbacda54,1,nonce,30005187
polygon-zkevm:0x1d3d04ab66f830cf6758bd60cbd1fd85bbacda54:SMT_KEY:2,0x1d3d04ab66f830cf6758bd60cbd1fd85bbacda54,2,code_hash,30005187
polygon-zkevm:0x1d3d04ab66f830cf6758bd60cbd1fd85bbacda54:SMT_KEY:4,0x1d3d04ab66f830cf6758bd60cbd1fd85bbacda54,4,code_hash_length,30005187
polygon-zkevm:0x35ac0df50efea3246c0f9b69d23be607102a1200:SMT_KEY:0,0x35ac0df50efea3246c0f9b69d23be607102a1200,0,balance,30005307
polygon-zkevm:0x35ac0df50efea3246c0f9b69d23be607102a1200:SMT_KEY:1,0x35ac0df50efea3246c0f9b69d23be607102a1200,1,nonce,30005307
polygon-zkevm:0x35ac0df50efea3246c0f9b69d23be607102a1200:SMT_KEY:2,0x35ac0df50efea3246c0f9b69d23be607102a1200,2,code_hash,30005307
polygon-zkevm:0x35ac0df50efea3246c0f9b69d23be607102a1200:SMT_KEY:4,0x35ac0df50efea3246c0f9b69d23be607102a1200,4,code_hash_length,30005307
polygon-zkevm:0xbc9a641a9707fa0a6c1a3a380671f541a18f464a:SMT_KEY:0,0xbc9a641a9707fa0a6c1a3a380671f541a18f464a,0,balance,30005497
polygon-zkevm:0xbc9a641a9707fa0a6c1a3a380671f541a18f464a:SMT_KEY:1,0xbc9a641a9707fa0a6c1a3a380671f541a18f464a,1,nonce,30005497
polygon-zkevm:0xbc9a641a9707fa0a6c1a3a380671f541a18f464a:SMT_KEY:2,0xbc9a641a9707fa0a6c1a3a380671f541a18f464a,2,code_hash,30005497
polygon-zkevm:0xbc9a641a9707fa0a6c1a3a380671f541a18f464a:SMT_KEY:4,0xbc9a641a9707fa0a6c1a3a380671f541a18f464a,4,code_hash_length,30005497
polygon-zkevm:0x83ecfb358becdeafc0a55280161e3072c9922dc3:SMT_KEY:0,0x83ecfb358becdeafc0a55280161e3072c9922dc3,0,balance,30006007
polygon-zkevm:0x83ecfb358becdeafc0a55280161e3072c9922dc3:SMT_KEY:1,0x83ecfb358becdeafc0a55280161e3072c9922dc3,1,nonce,30006007
polygon-zkevm:0x83ecfb358becdeafc0a55280161e3072c9922dc3:SMT_KEY:2,0x83ecfb358becdeafc0a55280161e3072c9922dc3,2,code_hash,30006007
polygon-zkevm:0x83ecfb358becdeafc0a55280161e3072c9922dc3:SMT_KEY:4,0x83ecfb358becdeafc0a55280161e3072c9922dc3,4,code_hash_length,30006007
polygon-zkevm:0x8dbff231f9e5c30b961db290e981952adf70ba48:SMT_KEY:0,0x8dbff231f9e5c30b961db290e981952adf70ba48,0,balance,30007517
polygon-zkevm:0x8dbff231f9e5c30b961db290e981952adf70ba48:SMT_KEY:1,0x8dbff231f9e5c30b961db290e981952adf70ba48,1,nonce,30007517
polygon-zkevm:0x8dbff231f9e5c30b961db290e981952adf70ba48:SMT_KEY:2,0x8dbff231f9e5c30b961db290e981952adf70ba48,2,code_hash,30007517
polygon-zkevm:0x8dbff231f9e5c30b961db290e981952adf70ba48:SMT_KEY:4,0x8dbff231f9e5c30b961db290e981952adf70ba48,4,code_hash_length,30007517
polygon-zkevm:0x06062d9f4703a1f641d8e3a9f52a6b0da9b47c69:SMT_KEY:0,0x06062d9f4703a1f641d8e3a9f52a6b0da9b47c69,0,balance,30007547
polygon-zkevm:0x06062d9f4703a1f641d8e3a9f52a6b0da9b47c69:SMT_KEY:1,0x06062d9f4703a1f641d8e3a9f52a6b0da9b47c69,1,nonce,30007547
polygon-zkevm:0x06062d9f4703a1f641d8e3a9f52a6b0da9b47c69:SMT_KEY:2,0x06062d9f4703a1f641d8e3a9f52a6b0da9b47c69,2,code_hash,30007547
polygon-zkevm:0x06062d9f4703a1f641d8e3a9f52a6b0da9b47c69:SMT_KEY:4,0x06062d9f4703a1f641d8e3a9f52a6b0da9b47c69,4,code_hash_length,30007547
polygon-zkevm:0x1144fc74a4907375273b14211ab4e3b8cfc4231f:SMT_KEY:0,0x1144fc74a4907375273b14211ab4e3b8cfc4231f,0,balance,30007547
polygon-zkevm:0x1144fc74a4907375273b14211ab4e3b8cfc4231f:SMT_KEY:1,0x1144fc74a4907375273b14211ab4e3b8cfc4231f,1,nonce,30007547
polygon-zkevm:0x1144fc74a4907375273b14211ab4e3b8cfc4231f:SMT_KEY:2,0x1144fc74a4907375273b14211ab4e3b8cfc4231f,2,code_hash,30007547
polygon-zkevm:0x1144fc74a4907375273b14211ab4e3b8cfc4231f:SMT_KEY:4,0x1144fc74a4907375273b14211ab4e3b8cfc4231f,4,code_hash_length,30007547
polygon-zkevm:0xb6ccf3c3389a4d20982e3306cb12f61efb1cacd3:SMT_KEY:0,0xb6ccf3c3389a4d20982e3306cb12f61efb1cacd3,0,balance,30007547
polygon-zkevm:0xb6ccf3c3389a4d20982e3306cb12f61efb1cacd3:SMT_KEY:1,0xb6ccf3c3389a4d20982e3306cb12f61efb1cacd3,1,nonce,30007547
polygon-zkevm:0xb6ccf3c3389a4d20982e3306cb12f61efb1cacd3:SMT_KEY:2,0xb6ccf3c3389a4d20982e3306cb12f61efb1cacd3,2,code_hash,30007547
polygon-zkevm:0xb6ccf3c3389a4d20982e3306cb12f61efb1cacd3:SMT_KEY:4,0xb6ccf3c3389a4d20982e3306cb12f61efb1cacd3,4,code_hash_length,30007547
polygon-zkevm:0x3f6546963ff78b371ee672f26c4cf0e849260cd2:SMT_KEY:0,0x3f6546963ff78b371ee672f26c4cf0e849260cd2,0,balance,30007637
polygon-zkevm:0x3f6546963ff78b371ee672f26c4cf0e849260cd2:SMT_KEY:1,0x3f6546963ff78b371ee672f26c4cf0e849260cd2,1,nonce,30007637
polygon-zkevm:0x3f6546963ff78b371ee672f26c4cf0e849260cd2:SMT_KEY:2,0x3f6546963ff78b371ee672f26c4cf0e849260cd2,2,code_hash,30007637
polygon-zkevm:0x3f6546963ff78b371ee672f26c4cf0e849260cd2:SMT_KEY:4,0x3f6546963ff78b371ee672f26c4cf0e849260cd2,4,code_hash_length,30007637
polygon-zkevm:0xefc93e25e70d6d79e0a364b6e53accee9ac45a3f:SMT_KEY:0,0xefc93e25e70d6d79e0a364b6e53accee9ac45a3f,0,balance,30007687
polygon-zkevm:0xefc93e25e70d6d79e0a364b6e53accee9ac45a3f:SMT_KEY:1,0xefc93e25e70d6d79e0a364b6e53accee9ac45a3f,1,nonce,30007687
polygon-zkevm:0xefc93e25e70d6d79e0a364b6e53accee9ac45a3f:SMT_KEY:2,0xefc93e25e70d6d79e0a364b6e53accee9ac45a3f,2,code_hash,30007687
polygon-zkevm:0xefc93e25e70d6d79e0a364b6e53accee9ac45a3f:SMT_KEY:4,0xefc93e25e70d6d79e0a364b6e53accee9ac45a3f,4,code_hash_length,30007687
polygon-zkevm:0x0892d6d6840cdcb0d1a22feff9ca3ef6b9a824e0:SMT_KEY:0,0x0892d6d6840cdcb0d1a22feff9ca3ef6b9a824e0,0,balance,30007737
polygon-zkevm:0x0892d6d6840cdcb0d1a22feff9ca3ef6b9a824e0:SMT_KEY:1,0x0892d6d6840cdcb0d1a22feff9ca3ef6b9a824e0,1,nonce,30007737
polygon-zkevm:0x0892d6d6840cdcb0d1a22feff9ca3ef6b9a824e0:SMT_KEY:2,0x0892d6d6840cdcb0d1a22feff9ca3ef6b9a824e0,2,code_hash,30007737
polygon-zkevm:0x0892d6d6840cdcb0d1a22feff9ca3ef6b9a824e0:SMT_KEY:4,0x0892d6d6840cdcb0d1a22feff9ca3ef6b9a824e0,4,code_hash_length,30007737
polygon-zkevm:0x5bdf3b18a73469ee06f4b05a0b1ad84d8048e103:SMT_KEY:0,0x5bdf3b18a73469ee06f4b05a0b1ad84d8048e103,0,balance,30007787
polygon-zkevm:0x5bdf3b18a73469ee06f4b05a0b1ad84d8048e103:SMT_KEY:1,0x5bdf3b18a73469ee06f4b05a0b1ad84d8048e103,1,nonce,30007787
polygon-zkevm:0x5bdf3b18a73469ee06f4b05a0b1ad84d8048e103:SMT_KEY:2,0x5bdf3b18a73469ee06f4b05a0b1ad84d8048e103,2,code_hash,30007787
polygon-zkevm:0x5bdf3b18a73469ee06f4b05a0b1ad84d8048e103:SMT_KEY:4,0x5bdf3b18a73469ee06f4b05a0b1ad84d8048e103,4,code_hash_length,30007787
polygon-zkevm:0x937dbb2bd994cd7fe3a7fdedf08d5ec70c892ae0:SMT_KEY:0,0x937dbb2bd994cd7fe3a7fdedf08d5ec70c892ae0,0,balance,30008137
polygon-zkevm:0x937dbb2bd994cd7fe3a7fdedf08d5ec70c892ae0:SMT_KEY:1,0x937dbb2bd994cd7fe3a7fdedf08d5ec70c892ae0,1,nonce,30008137
polygon-zkevm:0x937dbb2bd994cd7fe3a7fdedf08d5ec70c892ae0:SMT_KEY:2,0x937dbb2bd994cd7fe3a7fdedf08d5ec70c892ae0,2,code_hash,30008137
polygon-zkevm:0x937dbb2bd994cd7fe3a7fdedf08d5ec70c892ae0:SMT_KEY:4,0x937dbb2bd994cd7fe3a7fdedf08d5ec70c892ae0,4,code_hash_length,30008137
polygon-zkevm:0x209adc932c8b174a39e84f96c443b8dd3bd6c9f1:SMT_KEY:0,0x209adc932c8b174a39e84f96c443b8dd3bd6c9f1,0,balance,30008397
polygon-zkevm:0x209adc932c8b174a39e84f96c443b8dd3bd6c9f1:SMT_KEY:1,0x209adc932c8b174a39e84f96c443b8dd3bd6c9f1,1,nonce,30008397
polygon-zkevm:0x209adc932c8b174a39e84f96c443b8dd3bd6c9f1:SMT_KEY:2,0x209adc932c8b174a39e84f96c443b8dd3bd6c9f1,2,code_hash,30008397
polygon-zkevm:0x209adc932c8b174a39e84f96c443b8dd3bd6c9f1:SMT_KEY:4,0x209adc932c8b174a39e84f96c443b8dd3bd6c9f1,4,code_hash_length,30008397
polygon-zkevm:0xd73b602da503d583935b7ea5774af779f0694276:SMT_KEY:0,0xd73b602da503d583935b7ea5774af779f0694276,0,balance,30008577
polygon-zkevm:0xd73b602da503d583935b7ea5774af779f0694276:SMT_KEY:1,0xd73b602da503d583935b7ea5774af779f0694276,1,nonce,30008577
polygon-zkevm:0xd73b602da503d583935b7ea5774af779f0694276:SMT_KEY:2,0xd73b602da503d583935b7ea5774af779f0694276,2,code_hash,30008577
polygon-zkevm:0xd73b602da503d583935b7ea5774af779f0694276:SMT_KEY:4,0xd73b602da503d583935b7ea5774af779f0694276,4,code_hash_length,30008577
polygon-zkevm:0x4ccb77dc625db500022f482505b38baaf9e64740:SMT_KEY:0,0x4ccb77dc625db500022f482505b38baaf9e64740,0,balance,30008627
polygon-zkevm:0x4ccb77dc625db500022f482505b38baaf9e64740:SMT_KEY:1,0x4ccb77dc625db500022f482505b38baaf9e64740,1,nonce,30008627
polygon-zkevm:0x4ccb77dc625db500022f482505b38baaf9e64740:SMT_KEY:2,0x4ccb77dc625db500022f482505b38baaf9e64740,2,code_hash,30008627
polygon-zkevm:0x4ccb77dc625db500022f482505b38baaf9e64740:SMT_KEY:4,0x4ccb77dc625db500022f482505b38baaf9e64740,4,code_hash_length,30008627
polygon-zkevm:0xf32bc96f7ac17cef7460c788f81e7aa4af30ceeb:SMT_KEY:0,0xf32bc96f7ac17cef7460c788f81e7aa4af30ceeb,0,balance,30009037
polygon-zkevm:0xf32bc96f7ac17cef7460c788f81e7aa4af30ceeb:SMT_KEY:1,0xf32bc96f7ac17cef7460c788f81e7aa4af30ceeb,1,nonce,30009037
polygon-zkevm:0xf32bc96f7ac17cef7460c788f81e7aa4af30ceeb:SMT_KEY:2,0xf32bc96f7ac17cef7460c788f81e7aa4af30ceeb,2,code_hash,30009037
polygon-zkevm:0xf32bc96f7ac17cef7460c788f81e7aa4af30ceeb:SMT_KEY:4,0xf32bc96f7ac17cef7460c788f81e7aa4af30ceeb,4,code_hash_length,30009037
polygon-zkevm:0x35335c4628327f275545dc8b50dc761862ffa940:SMT_KEY:0,0x35335c4628327f275545dc8b50dc761862ffa940,0,balance,30009147
polygon-zkevm:0x35335c4628327f275545dc8b50dc761862ffa940:SMT_KEY:1,0x35335c4628327f275545dc8b50dc761862ffa940,1,nonce,30009147
polygon-zkevm:0x35335c4628327f275545dc8b50dc761862ffa940:SMT_KEY:2,0x35335c4628327f275545dc8b50dc761862ffa940,2,code_hash,30009147
polygon-zkevm:0x35335c4628327f275545dc8b50dc761862ffa940:SMT_KEY:4,0x35335c4628327f275545dc8b50dc761862ffa940,4,code_hash_length,30009147
polygon-zkevm:0xa02f280caf4e5f0a649ab748bf79fbd067c4333a:SMT_KEY:0,0xa02f280caf4e5f0a649ab748bf79fbd067c4333a,0,balance,30009937
polygon-zkevm:0xa02f280caf4e5f0a649ab748bf79fbd067c4333a:SMT_KEY:1,0xa02f280caf4e5f0a649ab748bf79fbd067c4333a,1,nonce,30009937
polygon-zkevm:0xa02f280caf4e5f0a649ab748bf79fbd067c4333a:SMT_KEY:2,0xa02f280caf4e5f0a649ab748bf79fbd067c4333a,2,code_hash,30009937
polygon-zkevm:0xa02f280caf4e5f0a649ab748bf79fbd067c4333a:SMT_KEY:4,0xa02f280caf4e5f0a649ab748bf79fbd067c4333a,4,code_hash_length,30009937
polygon-zkevm:0xb3872e5f5b80390613c1332dc3db871c296bf20b:SMT_KEY:0,0xb3872e5f5b80390613c1332dc3db871c296bf20b,0,balance,30010847
polygon-zkevm:0xb3872e5f5b80390613c1332dc3db871c296bf20b:SMT_KEY:1,0xb3872e5f5b80390613c1332dc3db871c296bf20b,1,nonce,30010847
polygon-zkevm:0xb3872e5f5b80390613c1332dc3db871c296bf20b:SMT_KEY:2,0xb3872e5f5b80390613c1332dc3db871c296bf20b,2,code_hash,30010847
polygon-zkevm:0xb3872e5f5b80390613c1332dc3db871c296bf20b:SMT_KEY:4,0xb3872e5f5b80390613c1332dc3db871c296bf20b,4,code_hash_length,30010847
polygon-zkevm:0x272671cd64309a0eb2099e49b42e9e9d91afc620:SMT_KEY:0,0x272671cd64309a0eb2099e49b42e9e9d91afc620,0,balance,30013517
polygon-zkevm:0x272671cd64309a0eb2099e49b42e9e9d91afc620:SMT_KEY:1,0x272671cd64309a0eb2099e49b42e9e9d91afc620,1,nonce,30013517
polygon-zkevm:0x272671cd64309a0eb2099e49b42e9e9d91afc620:SMT_KEY:2,0x272671cd64309a0eb2099e49b42e9e9d91afc620,2,code_hash,30013517
polygon-zkevm:0x272671cd64309a0eb2099e49b42e9e9d91afc620:SMT_KEY:4,0x272671cd64309a0eb2099e49b42e9e9d91afc620,4,code_hash_length,30013517
polygon-zkevm:0x2b80ffb96019d3215ca4d68f7d80aa78f92ebc43:SMT_KEY:0,0x2b80ffb96019d3215ca4d68f7d80aa78f92ebc43,0,balance,30013567
polygon-zkevm:0x2b80ffb96019d3215ca4d68f7d80aa78f92ebc43:SMT_KEY:1,0x2b80ffb96019d3215ca4d68f7d80aa78f92ebc43,1,nonce,30013567
polygon-zkevm:0x2b80ffb96019d3215ca4d68f7d80aa78f92ebc43:SMT_KEY:2,0x2b80ffb96019d3215ca4d68f7d80aa78f92ebc43,2,code_hash,30013567
polygon-zkevm:0x2b80ffb96019d3215ca4d68f7d80aa78f92ebc43:SMT_KEY:4,0x2b80ffb96019d3215ca4d68f7d80aa78f92ebc43,4,code_hash_length,30013567
polygon-zkevm:0xfe42390f3f5fd4902ad72cc0f5644c15845051bb:SMT_KEY:0,0xfe42390f3f5fd4902ad72cc0f5644c15845051bb,0,balance,30013757
polygon-zkevm:0xfe42390f3f5fd4902ad72cc0f5644c15845051bb:SMT_KEY:1,0xfe42390f3f5fd4902ad72cc0f5644c15845051bb,1,nonce,30013757
polygon-zkevm:0xfe42390f3f5fd4902ad72cc0f5644c15845051bb:SMT_KEY:2,0xfe42390f3f5fd4902ad72cc0f5644c15845051bb,2,code_hash,30013757
polygon-zkevm:0xfe42390f3f5fd4902ad72cc0f5644c15845051bb:SMT_KEY:4,0xfe42390f3f5fd4902ad72cc0f5644c15845051bb,4,code_hash_length,30013757
polygon-zkevm:0x062f05cd6c835677b05a8658a351969476861316:SMT_KEY:0,0x062f05cd6c835677b05a8658a351969476861316,0,balance,30013827
polygon-zkevm:0x062f05cd6c835677b05a8658a351969476861316:SMT_KEY:1,0x062f05cd6c835677b05a8658a351969476861316,1,nonce,30013827
polygon-zkevm:0x062f05cd6c835677b05a8658a351969476861316:SMT_KEY:2,0x062f05cd6c835677b05a8658a351969476861316,2,code_hash,30013827
polygon-zkevm:0x062f05cd6c835677b05a8658a351969476861316:SMT_KEY:4,0x062f05cd6c835677b05a8658a351969476861316,4,code_hash_length,30013827
polygon-zkevm:0x5258d5beb800df857d8a4e808ee0c8c7bf567e0e:SMT_KEY:0,0x5258d5beb800df857d8a4e808ee0c8c7bf567e0e,0,balance,30013827
polygon-zkevm:0x5258d5beb800df857d8a4e808ee0c8c7bf567e0e:SMT_KEY:1,0x5258d5beb800df857d8a4e808ee0c8c7bf567e0e,1,nonce,30013827
polygon-zkevm:0x5258d5beb800df857d8a4e808ee0c8c7bf567e0e:SMT_KEY:2,0x5258d5beb800df857d8a4e808ee0c8c7bf567e0e,2,code_hash,30013827
polygon-zkevm:0x5258d5beb800df857d8a4e808ee0c8c7bf567e0e:SMT_KEY:4,0x5258d5beb800df857d8a4e808ee0c8c7bf567e0e,4,code_hash_length,30013827
polygon-zkevm:0x8be4350b96ef2e15bfba9f8327ed292694bcfc8e:SMT_KEY:0,0x8be4350b96ef2e15bfba9f8327ed292694bcfc8e,0,balance,30014017
polygon-zkevm:0x8be4350b96ef2e15bfba9f8327ed292694bcfc8e:SMT_KEY:1,0x8be4350b96ef2e15bfba9f8327ed292694bcfc8e,1,nonce,30014017
polygon-zkevm:0x8be4350b96ef2e15bfba9f8327ed292694bcfc8e:SMT_KEY:2,0x8be4350b96ef2e15bfba9f8327ed292694bcfc8e,2,code_hash,30014017
polygon-zkevm:0x8be4350b96ef2e15bfba9f8327ed292694bcfc8e:SMT_KEY:4,0x8be4350b96ef2e15bfba9f8327ed292694bcfc8e,4,code_hash_length,30014017
polygon-zkevm:0x20ad80f89ea3b3dc079484214924f98ac684b7c6:SMT_KEY:0,0x20ad80f89ea3b3dc079484214924f98ac684b7c6,0,balance,30014597
polygon-zkevm:0x20ad80f89ea3b3dc079484214924f98ac684b7c6:SMT_KEY:1,0x20ad80f89ea3b3dc079484214924f98ac684b7c6,1,nonce,30014597
polygon-zkevm:0x20ad80f89ea3b3dc079484214924f98ac684b7c6:SMT_KEY:2,0x20ad80f89ea3b3dc079484214924f98ac684b7c6,2,code_hash,30014597
polygon-zkevm:0x20ad80f89ea3b3dc079484214924f98ac684b7c6:SMT_KEY:4,0x20ad80f89ea3b3dc079484214924f98ac684b7c6,4,code_hash_length,30014597
polygon-zkevm:0x03b6d486e3b9c0ca35761e968deb14cd627ea821:SMT_KEY:0,0x03b6d486e3b9c0ca35761e968deb14cd627ea821,0,balance,30014737
polygon-zkevm:0x03b6d486e3b9c0ca35761e968deb14cd627ea821:SMT_KEY:1,0x03b6d486e3b9c0ca35761e968deb14cd627ea821,1,nonce,30014737
polygon-zkevm:0x03b6d486e3b9c0ca35761e968deb14cd627ea821:SMT_KEY:2,0x03b6d486e3b9c0ca35761e968deb14cd627ea821,2,code_hash,30014737
polygon-zkevm:0x03b6d486e3b9c0ca35761e968deb14cd627ea821:SMT_KEY:4,0x03b6d486e3b9c0ca35761e968deb14cd627ea821,4,code_hash_length,30014737
polygon-zkevm:0x03f13887755bb8ebb3a11c6a13c3ecde46f23000:SMT_KEY:0,0x03f13887755bb8ebb3a11c6a13c3ecde46f23000,0,balance,30015247
polygon-zkevm:0x03f13887755bb8ebb3a11c6a13c3ecde46f23000:SMT_KEY:1,0x03f13887755bb8ebb3a11c6a13c3ecde46f23000,1,nonce,30015247
polygon-zkevm:0x03f13887755bb8ebb3a11c6a13c3ecde46f23000:SMT_KEY:2,0x03f13887755bb8ebb3a11c6a13c3ecde46f23000,2,code_hash,30015247
polygon-zkevm:0x03f13887755bb8ebb3a11c6a13c3ecde46f23000:SMT_KEY:4,0x03f13887755bb8ebb3a11c6a13c3ecde46f23000,4,code_hash_length,30015247
polygon-zkevm:0x4af40aaaf5928febf23774a1faa62f413f5e973a:SMT_KEY:0,0x4af40aaaf5928febf23774a1faa62f413f5e973a,0,balance,30018617
polygon-zkevm:0x4af40aaaf5928febf23774a1faa62f413f5e973a:SMT_KEY:1,0x4af40aaaf5928febf23774a1faa62f413f5e973a,1,nonce,30018617
polygon-zkevm:0x4af40aaaf5928febf23774a1faa62f413f5e973a:SMT_KEY:2,0x4af40aaaf5928febf23774a1faa62f413f5e973a,2,code_hash,30018617
polygon-zkevm:0x4af40aaaf5928febf23774a1faa62f413f5e973a:SMT_KEY:4,0x4af40aaaf5928febf23774a1faa62f413f5e973a,4,code_hash_length,30018617
polygon-zkevm:0xfe0b21c2e40a2e2845922361a3dff675e6923531:SMT_KEY:0,0xfe0b21c2e40a2e2845922361a3dff675e6923531,0,balance,30018617
polygon-zkevm:0xfe0b21c2e40a2e2845922361a3dff675e6923531:SMT_KEY:1,0xfe0b21c2e40a2e2845922361a3dff675e6923531,1,nonce,30018617
polygon-zkevm:0xfe0b21c2e40a2e2845922361a3dff675e6923531:SMT_KEY:2,0xfe0b21c2e40a2e2845922361a3dff675e6923531,2,code_hash,30018617
polygon-zkevm:0xfe0b21c2e40a2e2845922361a3dff675e6923531:SMT_KEY:4,0xfe0b21c2e40a2e2845922361a3dff675e6923531,4,code_hash_length,30018617
polygon-zkevm:0x66e517b225481abc4fca905348986feb0c4e2c12:SMT_KEY:0,0x66e517b225481abc4fca905348986feb0c4e2c12,0,balance,30020647
polygon-zkevm:0x66e517b225481abc4fca905348986feb0c4e2c12:SMT_KEY:1,0x66e517b225481abc4fca905348986feb0c4e2c12,1,nonce,30020647
polygon-zkevm:0x66e517b225481abc4fca905348986feb0c4e2c12:SMT_KEY:2,0x66e517b225481abc4fca905348986feb0c4e2c12,2,code_hash,30020647
polygon-zkevm:0x66e517b225481abc4fca905348986feb0c4e2c12:SMT_KEY:4,0x66e517b225481abc4fca905348986feb0c4e2c12,4,code_hash_length,30020647
polygon-zkevm:0x739df3eae179d323d2a2947c56dae1530f8bc61d:SMT_KEY:0,0x739df3eae179d323d2a2947c56dae1530f8bc61d,0,balance,30030177
polygon-zkevm:0x739df3eae179d323d2a2947c56dae1530f8bc61d:SMT_KEY:1,0x739df3eae179d323d2a2947c56dae1530f8bc61d,1,nonce,30030177
polygon-zkevm:0x739df3eae179d323d2a2947c56dae1530f8bc61d:SMT_KEY:2,0x739df3eae179d323d2a2947c56dae1530f8bc61d,2,code_hash,30030177
polygon-zkevm:0x739df3eae179d323d2a2947c56dae1530f8bc61d:SMT_KEY:4,0x739df3eae179d323d2a2947c56dae1530f8bc61d,4,code_hash_length,30030177
polygon-zkevm:0xf8cbf618bc8ff4bf78beb744ba33380c362227db:SMT_KEY:0,0xf8cbf618bc8ff4bf78beb744ba33380c362227db,0,balance,30030177
polygon-zkevm:0xf8cbf618bc8ff4bf78beb744ba33380c362227db:SMT_KEY:1,0xf8cbf618bc8ff4bf78beb744ba33380c362227db,1,nonce,30030177
polygon-zkevm:0xf8cbf618bc8ff4bf78beb744ba33380c362227db:SMT_KEY:2,0xf8cbf618bc8ff4bf78beb744ba33380c362227db,2,code_hash,30030177
polygon-zkevm:0xf8cbf618bc8ff4bf78beb744ba33380c362227db:SMT_KEY:4,0xf8cbf618bc8ff4bf78beb744ba33380c362227db,4,code_hash_length,30030177
polygon-zkevm:0x0d4c2f8150a7a19ea4e4f7a512ee079d85bf63f7:SMT_KEY:0,0x0d4c2f8150a7a19ea4e4f7a512ee079d85bf63f7,0,balance,30030387
polygon-zkevm:0x0d4c2f8150a7a19ea4e4f7a512ee079d85bf63f7:SMT_KEY:1,0x0d4c2f8150a7a19ea4e4f7a512ee079d85bf63f7,1,nonce,30030387
polygon-zkevm:0x0d4c2f8150a7a19ea4e4f7a512ee079d85bf63f7:SMT_KEY:2,0x0d4c2f8150a7a19ea4e4f7a512ee079d85bf63f7,2,code_hash,30030387
polygon-zkevm:0x0d4c2f8150a7a19ea4e4f7a512ee079d85bf63f7:SMT_KEY:4,0x0d4c2f8150a7a19ea4e4f7a512ee079d85bf63f7,4,code_hash_length,30030387
polygon-zkevm:0x34b7103905aad8a763bf8818cda22e5e9af72624:SMT_KEY:0,0x34b7103905aad8a763bf8818cda22e5e9af72624,0,balance,30030907
polygon-zkevm:0x34b7103905aad8a763bf8818cda22e5e9af72624:SMT_KEY:1,0x34b7103905aad8a763bf8818cda22e5e9af72624,1,nonce,30030907
polygon-zkevm:0x34b7103905aad8a763bf8818cda22e5e9af72624:SMT_KEY:2,0x34b7103905aad8a763bf8818cda22e5e9af72624,2,code_hash,30030907
polygon-zkevm:0x34b7103905aad8a763bf8818cda22e5e9af72624:SMT_KEY:4,0x34b7103905aad8a763bf8818cda22e5e9af72624,4,code_hash_length,30030907
polygon-zkevm:0x3b74282bb272348e4f1730489991e808e79f1777:SMT_KEY:0,0x3b74282bb272348e4f1730489991e808e79f1777,0,balance,30031497
polygon-zkevm:0x3b74282bb272348e4f1730489991e808e79f1777:SMT_KEY:1,0x3b74282bb272348e4f1730489991e808e79f1777,1,nonce,30031497
polygon-zkevm:0x3b74282bb272348e4f1730489991e808e79f1777:SMT_KEY:2,0x3b74282bb272348e4f1730489991e808e79f1777,2,code_hash,30031497
polygon-zkevm:0x3b74282bb272348e4f1730489991e808e79f1777:SMT_KEY:4,0x3b74282bb272348e4f1730489991e808e79f1777,4,code_hash_length,30031497
polygon-zkevm:0x3f922732b21f36e3226944ec7606acfdb55d35c1:SMT_KEY:0,0x3f922732b21f36e3226944ec7606acfdb55d35c1,0,balance,30033157
polygon-zkevm:0x3f922732b21f36e3226944ec7606acfdb55d35c1:SMT_KEY:1,0x3f922732b21f36e3226944ec7606acfdb55d35c1,1,nonce,30033157
polygon-zkevm:0x3f922732b21f36e3226944ec7606acfdb55d35c1:SMT_KEY:2,0x3f922732b21f36e3226944ec7606acfdb55d35c1,2,code_hash,30033157
polygon-zkevm:0x3f922732b21f36e3226944ec7606acfdb55d35c1:SMT_KEY:4,0x3f922732b21f36e3226944ec7606acfdb55d35c1,4,code_hash_length,30033157
polygon-zkevm:0xb690b8bfe965a5b90deaa7a322343f7feac39a56:SMT_KEY:0,0xb690b8bfe965a5b90deaa7a322343f7feac39a56,0,balance,30033817
polygon-zkevm:0xb690b8bfe965a5b90deaa7a322343f7feac39a56:SMT_KEY:1,0xb690b8bfe965a5b90deaa7a322343f7feac39a56,1,nonce,30033817
polygon-zkevm:0xb690b8bfe965a5b90deaa7a322343f7feac39a56:SMT_KEY:2,0xb690b8bfe965a5b90deaa7a322343f7feac39a56,2,code_hash,30033817
polygon-zkevm:0xb690b8bfe965a5b90deaa7a322343f7feac39a56:SMT_KEY:4,0xb690b8bfe965a5b90deaa7a322343f7feac39a56,4,code_hash_length,30033817
polygon-zkevm:0xbce5a16d2801083eb194039e8c01cb9e4851eaba:SMT_KEY:0,0xbce5a16d2801083eb194039e8c01cb9e4851eaba,0,balance,30036157
polygon-zkevm:0xbce5a16d2801083eb194039e8c01cb9e4851eaba:SMT_KEY:1,0xbce5a16d2801083eb194039e8c01cb9e4851eaba,1,nonce,30036157
polygon-zkevm:0xbce5a16d2801083eb194039e8c01cb9e4851eaba:SMT_KEY:2,0xbce5a16d2801083eb194039e8c01cb9e4851eaba,2,code_hash,30036157
polygon-zkevm:0xbce5a16d2801083eb194039e8c01cb9e4851eaba:SMT_KEY:4,0xbce5a16d2801083eb194039e8c01cb9e4851eaba,4,code_hash_length,30036157
polygon-zkevm:0x091ecbf29a599fc799fcfe7f986a177977ecd523:SMT_KEY:0,0x091ecbf29a599fc799fcfe7f986a177977ecd523,0,balance,30038137
polygon-zkevm:0x091ecbf29a599fc799fcfe7f986a177977ecd523:SMT_KEY:1,0x091ecbf29a599fc799fcfe7f986a177977ecd523,1,nonce,30038137
polygon-zkevm:0x091ecbf29a599fc799fcfe7f986a177977ecd523:SMT_KEY:2,0x091ecbf29a599fc799fcfe7f986a177977ecd523,2,code_hash,30038137
polygon-zkevm:0x091ecbf29a599fc799fcfe7f986a177977ecd523:SMT_KEY:4,0x091ecbf29a599fc799fcfe7f986a177977ecd523,4,code_hash_length,30038137
polygon-zkevm:0xaf6d4f2f0f4d08b34182234d6c39865b56ab5b4c:SMT_KEY:0,0xaf6d4f2f0f4d08b34182234d6c39865b56ab5b4c,0,balance,30040007
polygon-zkevm:0xaf6d4f2f0f4d08b34182234d6c39865b56ab5b4c:SMT_KEY:1,0xaf6d4f2f0f4d08b34182234d6c39865b56ab5b4c,1,nonce,30040007
polygon-zkevm:0xaf6d4f2f0f4d08b34182234d6c39865b56ab5b4c:SMT_KEY:2,0xaf6d4f2f0f4d08b34182234d6c39865b56ab5b4c,2,code_hash,30040007
polygon-zkevm:0xaf6d4f2f0f4d08b34182234d6c39865b56ab5b4c:SMT_KEY:4,0xaf6d4f2f0f4d08b34182234d6c39865b56ab5b4c,4,code_hash_length,30040007
polygon-zkevm:0x982290d36ecbdcd56743684b52a1591fa5092cbb:SMT_KEY:0,0x982290d36ecbdcd56743684b52a1591fa5092cbb,0,balance,30040057
polygon-zkevm:0x982290d36ecbdcd56743684b52a1591fa5092cbb:SMT_KEY:1,0x982290d36ecbdcd56743684b52a1591fa5092cbb,1,nonce,30040057
polygon-zkevm:0x982290d36ecbdcd56743684b52a1591fa5092cbb:SMT_KEY:2,0x982290d36ecbdcd56743684b52a1591fa5092cbb,2,code_hash,30040057
polygon-zkevm:0x982290d36ecbdcd56743684b52a1591fa5092cbb:SMT_KEY:4,0x982290d36ecbdcd56743684b52a1591fa5092cbb,4,code_hash_length,30040057
polygon-zkevm:0x32429d07fd585990978e3bd1aa87de56476f0910:SMT_KEY:0,0x32429d07fd585990978e3bd1aa87de56476f0910,0,balance,30040097
polygon-zkevm:0x32429d07fd585990978e3bd1aa87de56476f0910:SMT_KEY:1,0x32429d07fd585990978e3bd1aa87de56476f0910,1,nonce,30040097
polygon-zkevm:0x32429d07fd585990978e3bd1aa87de56476f0910:SMT_KEY:2,0x32429d07fd585990978e3bd1aa87de56476f0910,2,code_hash,30040097
polygon-zkevm:0x32429d07fd585990978e3bd1aa87de56476f0910:SMT_KEY:4,0x32429d07fd585990978e3bd1aa87de56476f0910,4,code_hash_length,30040097
polygon-zkevm:0xe13f88f7b02a909f8f40b16d9aa64d2ec5b3d135:SMT_KEY:0,0xe13f88f7b02a909f8f40b16d9aa64d2ec5b3d135,0,balance,30040097
polygon-zkevm:0xe13f88f7b02a909f8f40b16d9aa64d2ec5b3d135:SMT_KEY:1,0xe13f88f7b02a909f8f40b16d9aa64d2ec5b3d135,1,nonce,30040097
polygon-zkevm:0xe13f88f7b02a909f8f40b16d9aa64d2ec5b3d135:SMT_KEY:2,0xe13f88f7b02a909f8f40b16d9aa64d2ec5b3d135,2,code_hash,30040097
polygon-zkevm:0xe13f88f7b02a909f8f40b16d9aa64d2ec5b3d135:SMT_KEY:4,0xe13f88f7b02a909f8f40b16d9aa64d2ec5b3d135,4,code_hash_length,30040097
polygon-zkevm:0xd0f4009e59e97b3cf356e92336b89008d10e6b2e:SMT_KEY:0,0xd0f4009e59e97b3cf356e92336b89008d10e6b2e,0,balance,30040107
polygon-zkevm:0xd0f4009e59e97b3cf356e92336b89008d10e6b2e:SMT_KEY:1,0xd0f4009e59e97b3cf356e92336b89008d10e6b2e,1,nonce,30040107
polygon-zkevm:0xd0f4009e59e97b3cf356e92336b89008d10e6b2e:SMT_KEY:2,0xd0f4009e59e97b3cf356e92336b89008d10e6b2e,2,code_hash,30040107
polygon-zkevm:0xd0f4009e59e97b3cf356e92336b89008d10e6b2e:SMT_KEY:4,0xd0f4009e59e97b3cf356e92336b89008d10e6b2e,4,code_hash_length,30040107
polygon-zkevm:0x6b6b0d146edfec4ef8388782f069e6d26e91ef9e:SMT_KEY:0,0x6b6b0d146edfec4ef8388782f069e6d26e91ef9e,0,balance,30040167
polygon-zkevm:0x6b6b0d146edfec4ef8388782f069e6d26e91ef9e:SMT_KEY:1,0x6b6b0d146edfec4ef8388782f069e6d26e91ef9e,1,nonce,30040167
polygon-zkevm:0x6b6b0d146edfec4ef8388782f069e6d26e91ef9e:SMT_KEY:2,0x6b6b0d146edfec4ef8388782f069e6d26e91ef9e,2,code_hash,30040167
polygon-zkevm:0x6b6b0d146edfec4ef8388782f069e6d26e91ef9e:SMT_KEY:4,0x6b6b0d146edfec4ef8388782f069e6d26e91ef9e,4,code_hash_length,30040167
polygon-zkevm:0x7b8cc7ad48fca14165287c0590583b8477219a3a:SMT_KEY:0,0x7b8cc7ad48fca14165287c0590583b8477219a3a,0,balance,30043847
polygon-zkevm:0x7b8cc7ad48fca14165287c0590583b8477219a3a:SMT_KEY:1,0x7b8cc7ad48fca14165287c0590583b8477219a3a,1,nonce,30043847
polygon-zkevm:0x7b8cc7ad48fca14165287c0590583b8477219a3a:SMT_KEY:2,0x7b8cc7ad48fca14165287c0590583b8477219a3a,2,code_hash,30043847
polygon-zkevm:0x7b8cc7ad48fca14165287c0590583b8477219a3a:SMT_KEY:4,0x7b8cc7ad48fca14165287c0590583b8477219a3a,4,code_hash_length,30043847
polygon-zkevm:0x31c798ac8159568d44c7f0c8678bf6fdc4caf57c:SMT_KEY:0,0x31c798ac8159568d44c7f0c8678bf6fdc4caf57c,0,balance,30045807
polygon-zkevm:0x31c798ac8159568d44c7f0c8678bf6fdc4caf57c:SMT_KEY:1,0x31c798ac8159568d44c7f0c8678bf6fdc4caf57c,1,nonce,30045807
polygon-zkevm:0x31c798ac8159568d44c7f0c8678bf6fdc4caf57c:SMT_KEY:2,0x31c798ac8159568d44c7f0c8678bf6fdc4caf57c,2,code_hash,30045807
polygon-zkevm:0x31c798ac8159568d44c7f0c8678bf6fdc4caf57c:SMT_KEY:4,0x31c798ac8159568d44c7f0c8678bf6fdc4caf57c,4,code_hash_length,30045807
polygon-zkevm:0xad3c4d5cbef66293ae86c0e23a2584ee50e5a317:SMT_KEY:0,0xad3c4d5cbef66293ae86c0e23a2584ee50e5a317,0,balance,30047287
polygon-zkevm:0xad3c4d5cbef66293ae86c0e23a2584ee50e5a317:SMT_KEY:1,0xad3c4d5cbef66293ae86c0e23a2584ee50e5a317,1,nonce,30047287
polygon-zkevm:0xad3c4d5cbef66293ae86c0e23a2584ee50e5a317:SMT_KEY:2,0xad3c4d5cbef66293ae86c0e23a2584ee50e5a317,2,code_hash,30047287
polygon-zkevm:0xad3c4d5cbef66293ae86c0e23a2584ee50e5a317:SMT_KEY:4,0xad3c4d5cbef66293ae86c0e23a2584ee50e5a317,4,code_hash_length,30047287
polygon-zkevm:0x95bf28c6502a0544c7adc154bc60d886d9a80a5c:SMT_KEY:0,0x95bf28c6502a0544c7adc154bc60d886d9a80a5c,0,balance,30049247
polygon-zkevm:0x95bf28c6502a0544c7adc154bc60d886d9a80a5c:SMT_KEY:1,0x95bf28c6502a0544c7adc154bc60d886d9a80a5c,1,nonce,30049247
polygon-zkevm:0x95bf28c6502a0544c7adc154bc60d886d9a80a5c:SMT_KEY:2,0x95bf28c6502a0544c7adc154bc60d886d9a80a5c,2,code_hash,30049247
polygon-zkevm:0x95bf28c6502a0544c7adc154bc60d886d9a80a5c:SMT_KEY:4,0x95bf28c6502a0544c7adc154bc60d886d9a80a5c,4,code_hash_length,30049247
polygon-zkevm:0x6b78c9d678e9352bf189fd590a844f96cfaafda2:SMT_KEY:0,0x6b78c9d678e9352bf189fd590a844f96cfaafda2,0,balance,31016417
polygon-zkevm:0x6b78c9d678e9352bf189fd590a844f96cfaafda2:SMT_KEY:1,0x6b78c9d678e9352bf189fd590a844f96cfaafda2,1,nonce,31016417
polygon-zkevm:0x6b78c9d678e9352bf189fd590a844f96cfaafda2:SMT_KEY:2,0x6b78c9d678e9352bf189fd590a844f96cfaafda2,2,code_hash,31016417
polygon-zkevm:0x6b78c9d678e9352bf189fd590a844f96cfaafda2:SMT_KEY:4,0x6b78c9d678e9352bf189fd590a844f96cfaafda2,4,code_hash_length,31016417
polygon-zkevm:0x6a003b00f799919c2998e5b07709744ebcd31cb3:SMT_KEY:0,0x6a003b00f799919c2998e5b07709744ebcd31cb3,0,balance,31019027
polygon-zkevm:0x6a003b00f799919c2998e5b07709744ebcd31cb3:SMT_KEY:1,0x6a003b00f799919c2998e5b07709744ebcd31cb3,1,nonce,31019027
polygon-zkevm:0x6a003b00f799919c2998e5b07709744ebcd31cb3:SMT_KEY:2,0x6a003b00f799919c2998e5b07709744ebcd31cb3,2,code_hash,31019027
polygon-zkevm:0x6a003b00f799919c2998e5b07709744ebcd31cb3:SMT_KEY:4,0x6a003b00f799919c2998e5b07709744ebcd31cb3,4,code_hash_length,31019027
polygon-zkevm:0xb3d283f11cea03bc6e80e8a4fcd34b38fd8a5e8c:SMT_KEY:0,0xb3d283f11cea03bc6e80e8a4fcd34b38fd8a5e8c,0,balance,31019027
polygon-zkevm:0xb3d283f11cea03bc6e80e8a4fcd34b38fd8a5e8c:SMT_KEY:1,0xb3d283f11cea03bc6e80e8a4fcd34b38fd8a5e8c,1,nonce,31019027
polygon-zkevm:0xb3d283f11cea03bc6e80e8a4fcd34b38fd8a5e8c:SMT_KEY:2,0xb3d283f11cea03bc6e80e8a4fcd34b38fd8a5e8c,2,code_hash,31019027
polygon-zkevm:0xb3d283f11cea03bc6e80e8a4fcd34b38fd8a5e8c:SMT_KEY:4,0xb3d283f11cea03bc6e80e8a4fcd34b38fd8a5e8c,4,code_hash_length,31019027
polygon-zkevm:0x346dd9a2950cd09f703a8dd962141a6d78b72599:SMT_KEY:0,0x346dd9a2950cd09f703a8dd962141a6d78b72599,0,balance,31028837
polygon-zkevm:0x346dd9a2950cd09f703a8dd962141a6d78b72599:SMT_KEY:1,0x346dd9a2950cd09f703a8dd962141a6d78b72599,1,nonce,31028837
polygon-zkevm:0x346dd9a2950cd09f703a8dd962141a6d78b72599:SMT_KEY:2,0x346dd9a2950cd09f703a8dd962141a6d78b72599,2,code_hash,31028837
polygon-zkevm:0x346dd9a2950cd09f703a8dd962141a6d78b72599:SMT_KEY:4,0x346dd9a2950cd09f703a8dd962141a6d78b72599,4,code_hash_length,31028837
polygon-zkevm:0x6718f03b382e252e92b47be953fdea94be85314d:SMT_KEY:0,0x6718f03b382e252e92b47be953fdea94be85314d,0,balance,31029877
polygon-zkevm:0x6718f03b382e252e92b47be953fdea94be85314d:SMT_KEY:1,0x6718f03b382e252e92b47be953fdea94be85314d,1,nonce,31029877
polygon-zkevm:0x6718f03b382e252e92b47be953fdea94be85314d:SMT_KEY:2,0x6718f03b382e252e92b47be953fdea94be85314d,2,code_hash,31029877
polygon-zkevm:0x6718f03b382e252e92b47be953fdea94be85314d:SMT_KEY:4,0x6718f03b382e252e92b47be953fdea94be85314d,4,code_hash_length,31029877
polygon-zkevm:0x3bd39453f9c39738acbabe1e703172368b4656f1:SMT_KEY:0,0x3bd39453f9c39738acbabe1e703172368b4656f1,0,balance,31030727
polygon-zkevm:0x3bd39453f9c39738acbabe1e703172368b4656f1:SMT_KEY:1,0x3bd39453f9c39738acbabe1e703172368b4656f1,1,nonce,31030727
polygon-zkevm:0x3bd39453f9c39738acbabe1e703172368b4656f1:SMT_KEY:2,0x3bd39453f9c39738acbabe1e703172368b4656f1,2,code_hash,31030727
polygon-zkevm:0x3bd39453f9c39738acbabe1e703172368b4656f1:SMT_KEY:4,0x3bd39453f9c39738acbabe1e703172368b4656f1,4,code_hash_length,31030727
polygon-zkevm:0x59ca61a9a253bf8c9e6059d8c3f9934f947b52cd:SMT_KEY:0,0x59ca61a9a253bf8c9e6059d8c3f9934f947b52cd,0,balance,31031957
polygon-zkevm:0x59ca61a9a253bf8c9e6059d8c3f9934f947b52cd:SMT_KEY:1,0x59ca61a9a253bf8c9e6059d8c3f9934f947b52cd,1,nonce,31031957
polygon-zkevm:0x59ca61a9a253bf8c9e6059d8c3f9934f947b52cd:SMT_KEY:2,0x59ca61a9a253bf8c9e6059d8c3f9934f947b52cd,2,code_hash,31031957
polygon-zkevm:0x59ca61a9a253bf8c9e6059d8c3f9934f947b52cd:SMT_KEY:4,0x59ca61a9a253bf8c9e6059d8c3f9934f947b52cd,4,code_hash_length,31031957
polygon-zkevm:0xcf167dea97a12206b3319d133622be86d08d565a:SMT_KEY:0,0xcf167dea97a12206b3319d133622be86d08d565a,0,balance,31031957
polygon-zkevm:0xcf167dea97a12206b3319d133622be86d08d565a:SMT_KEY:1,0xcf167dea97a12206b3319d133622be86d08d565a,1,nonce,31031957
polygon-zkevm:0xcf167dea97a12206b3319d133622be86d08d565a:SMT_KEY:2,0xcf167dea97a12206b3319d133622be86d08d565a,2,code_hash,31031957
polygon-zkevm:0xcf167dea97a12206b3319d133622be86d08d565a:SMT_KEY:4,0xcf167dea97a12206b3319d133622be86d08d565a,4,code_hash_length,31031957
polygon-zkevm:0x40c23c9a56be82ebd72470b1796f302e9636f69d:SMT_KEY:0,0x40c23c9a56be82ebd72470b1796f302e9636f69d,0,balance,31032627
polygon-zkevm:0x40c23c9a56be82ebd72470b1796f302e9636f69d:SMT_KEY:1,0x40c23c9a56be82ebd72470b1796f302e9636f69d,1,nonce,31032627
polygon-zkevm:0x40c23c9a56be82ebd72470b1796f302e9636f69d:SMT_KEY:2,0x40c23c9a56be82ebd72470b1796f302e9636f69d,2,code_hash,31032627
polygon-zkevm:0x40c23c9a56be82ebd72470b1796f302e9636f69d:SMT_KEY:4,0x40c23c9a56be82ebd72470b1796f302e9636f69d,4,code_hash_length,31032627
polygon-zkevm:0x7a2cfa04bb92809651b479a66275adfc2012e495:SMT_KEY:0,0x7a2cfa04bb92809651b479a66275adfc2012e495,0,balance,31035377
polygon-zkevm:0x7a2cfa04bb92809651b479a66275adfc2012e495:SMT_KEY:1,0x7a2cfa04bb92809651b479a66275adfc2012e495,1,nonce,31035377
polygon-zkevm:0x7a2cfa04bb92809651b479a66275adfc2012e495:SMT_KEY:2,0x7a2cfa04bb92809651b479a66275adfc2012e495,2,code_hash,31035377
polygon-zkevm:0x7a2cfa04bb92809651b479a66275adfc2012e495:SMT_KEY:4,0x7a2cfa04bb92809651b479a66275adfc2012e495,4,code_hash_length,31035377
polygon-zkevm:0x47760e5d1bfa5d5bbae2d4f5b60ec43a82553230:SMT_KEY:0,0x47760e5d1bfa5d5bbae2d4f5b60ec43a82553230,0,balance,31041887
polygon-zkevm:0x47760e5d1bfa5d5bbae2d4f5b60ec43a82553230:SMT_KEY:1,0x47760e5d1bfa5d5bbae2d4f5b60ec43a82553230,1,nonce,31041887
polygon-zkevm:0x47760e5d1bfa5d5bbae2d4f5b60ec43a82553230:SMT_KEY:2,0x47760e5d1bfa5d5bbae2d4f5b60ec43a82553230,2,code_hash,31041887
polygon-zkevm:0x47760e5d1bfa5d5bbae2d4f5b60ec43a82553230:SMT_KEY:4,0x47760e5d1bfa5d5bbae2d4f5b60ec43a82553230,4,code_hash_length,31041887
polygon-zkevm:0x74668b9d15dc9a48c5226e88147eb12b3ca75242:SMT_KEY:0,0x74668b9d15dc9a48c5226e88147eb12b3ca75242,0,balance,31041887
polygon-zkevm:0x74668b9d15dc9a48c5226e88147eb12b3ca75242:SMT_KEY:1,0x74668b9d15dc9a48c5226e88147eb12b3ca75242,1,nonce,31041887
polygon-zkevm:0x74668b9d15dc9a48c5226e88147eb12b3ca75242:SMT_KEY:2,0x74668b9d15dc9a48c5226e88147eb12b3ca75242,2,code_hash,31041887
polygon-zkevm:0x74668b9d15dc9a48c5226e88147eb12b3ca75242:SMT_KEY:4,0x74668b9d15dc9a48c5226e88147eb12b3ca75242,4,code_hash_length,31041887
polygon-zkevm:0x85425f86a756f0a0274e52f6e5de1088aa1c5f7a:SMT_KEY:0,0x85425f86a756f0a0274e52f6e5de1088aa1c5f7a,0,balance,31042197
polygon-zkevm:0x85425f86a756f0a0274e52f6e5de1088aa1c5f7a:SMT_KEY:1,0x85425f86a756f0a0274e52f6e5de1088aa1c5f7a,1,nonce,31042197
polygon-zkevm:0x85425f86a756f0a0274e52f6e5de1088aa1c5f7a:SMT_KEY:2,0x85425f86a756f0a0274e52f6e5de1088aa1c5f7a,2,code_hash,31042197
polygon-zkevm:0x85425f86a756f0a0274e52f6e5de1088aa1c5f7a:SMT_KEY:4,0x85425f86a756f0a0274e52f6e5de1088aa1c5f7a,4,code_hash_length,31042197
polygon-zkevm:0x299bc2dc62a07a5fe854ff7e66e15b5af9bf1123:SMT_KEY:0,0x299bc2dc62a07a5fe854ff7e66e15b5af9bf1123,0,balance,31042937
polygon-zkevm:0x299bc2dc62a07a5fe854ff7e66e15b5af9bf1123:SMT_KEY:1,0x299bc2dc62a07a5fe854ff7e66e15b5af9bf1123,1,nonce,31042937
polygon-zkevm:0x299bc2dc62a07a5fe854ff7e66e15b5af9bf1123:SMT_KEY:2,0x299bc2dc62a07a5fe854ff7e66e15b5af9bf1123,2,code_hash,31042937
polygon-zkevm:0x299bc2dc62a07a5fe854ff7e66e15b5af9bf1123:SMT_KEY:4,0x299bc2dc62a07a5fe854ff7e66e15b5af9bf1123,4,code_hash_length,31042937
polygon-zkevm:0xf41e2e7f0d656ed682eb5858a825f717a54bd025:SMT_KEY:0,0xf41e2e7f0d656ed682eb5858a825f717a54bd025,0,balance,31042937
polygon-zkevm:0xf41e2e7f0d656ed682eb5858a825f717a54bd025:SMT_KEY:1,0xf41e2e7f0d656ed682eb5858a825f717a54bd025,1,nonce,31042937
polygon-zkevm:0xf41e2e7f0d656ed682eb5858a825f717a54bd025:SMT_KEY:2,0xf41e2e7f0d656ed682eb5858a825f717a54bd025,2,code_hash,31042937
polygon-zkevm:0xf41e2e7f0d656ed682eb5858a825f717a54bd025:SMT_KEY:4,0xf41e2e7f0d656ed682eb5858a825f717a54bd025,4,code_hash_length,31042937
polygon-zkevm:0x19f4ebc0a1744b93a355c2320899276ae7f79ee5:SMT_KEY:0,0x19f4ebc0a1744b93a355c2320899276ae7f79ee5,0,balance,31043627
polygon-zkevm:0x19f4ebc0a1744b93a355c2320899276ae7f79ee5:SMT_KEY:1,0x19f4ebc0a1744b93a355c2320899276ae7f79ee5,1,nonce,31043627
polygon-zkevm:0x19f4ebc0a1744b93a355c2320899276ae7f79ee5:SMT_KEY:2,0x19f4ebc0a1744b93a355c2320899276ae7f79ee5,2,code_hash,31043627
polygon-zkevm:0x19f4ebc0a1744b93a355c2320899276ae7f79ee5:SMT_KEY:4,0x19f4ebc0a1744b93a355c2320899276ae7f79ee5,4,code_hash_length,31043627
polygon-zkevm:0xc77ae4f296e67112c3ecf0c8bb02ae74a1ec7799:SMT_KEY:0,0xc77ae4f296e67112c3ecf0c8bb02ae74a1ec7799,0,balance,31043627
polygon-zkevm:0xc77ae4f296e67112c3ecf0c8bb02ae74a1ec7799:SMT_KEY:1,0xc77ae4f296e67112c3ecf0c8bb02ae74a1ec7799,1,nonce,31043627
polygon-zkevm:0xc77ae4f296e67112c3ecf0c8bb02ae74a1ec7799:SMT_KEY:2,0xc77ae4f296e67112c3ecf0c8bb02ae74a1ec7799,2,code_hash,31043627
polygon-zkevm:0xc77ae4f296e67112c3ecf0c8bb02ae74a1ec7799:SMT_KEY:4,0xc77ae4f296e67112c3ecf0c8bb02ae74a1ec7799,4,code_hash_length,31043627
polygon-zkevm:0xbc123a08d6314e3052a990ae0fc2bc6043535e90:SMT_KEY:0,0xbc123a08d6314e3052a990ae0fc2bc6043535e90,0,balance,31044547
polygon-zkevm:0xbc123a08d6314e3052a990ae0fc2bc6043535e90:SMT_KEY:1,0xbc123a08d6314e3052a990ae0fc2bc6043535e90,1,nonce,31044547
polygon-zkevm:0xbc123a08d6314e3052a990ae0fc2bc6043535e90:SMT_KEY:2,0xbc123a08d6314e3052a990ae0fc2bc6043535e90,2,code_hash,31044547
polygon-zkevm:0xbc123a08d6314e3052a990ae0fc2bc6043535e90:SMT_KEY:4,0xbc123a08d6314e3052a990ae0fc2bc6043535e90,4,code_hash_length,31044547
polygon-zkevm:0xd0cce4f76ae44ff6b6f7d8d8e6b08c4b91d0cbf2:SMT_KEY:0,0xd0cce4f76ae44ff6b6f7d8d8e6b08c4b91d0cbf2,0,balance,31049447
polygon-zkevm:0xd0cce4f76ae44ff6b6f7d8d8e6b08c4b91d0cbf2:SMT_KEY:1,0xd0cce4f76ae44ff6b6f7d8d8e6b08c4b91d0cbf2,1,nonce,31049447
polygon-zkevm:0xd0cce4f76ae44ff6b6f7d8d8e6b08c4b91d0cbf2:SMT_KEY:2,0xd0cce4f76ae44ff6b6f7d8d8e6b08c4b91d0cbf2,2,code_hash,31049447
polygon-zkevm:0xd0cce4f76ae44ff6b6f7d8d8e6b08c4b91d0cbf2:SMT_KEY:4,0xd0cce4f76ae44ff6b6f7d8d8e6b08c4b91d0cbf2,4,code_hash_length,31049447
polygon-zkevm:0x059858cfdb4b8d47e632990e65c90cd5ff35ea1f:SMT_KEY:0,0x059858cfdb4b8d47e632990e65c90cd5ff35ea1f,0,balance,31052747
polygon-zkevm:0x059858cfdb4b8d47e632990e65c90cd5ff35ea1f:SMT_KEY:1,0x059858cfdb4b8d47e632990e65c90cd5ff35ea1f,1,nonce,31052747
polygon-zkevm:0x059858cfdb4b8d47e632990e65c90cd5ff35ea1f:SMT_KEY:2,0x059858cfdb4b8d47e632990e65c90cd5ff35ea1f,2,code_hash,31052747
polygon-zkevm:0x059858cfdb4b8d47e632990e65c90cd5ff35ea1f:SMT_KEY:4,0x059858cfdb4b8d47e632990e65c90cd5ff35ea1f,4,code_hash_length,31052747
polygon-zkevm:0x48bc8de96194d531c73a85144515794fcf4c4564:SMT_KEY:0,0x48bc8de96194d531c73a85144515794fcf4c4564,0,balance,31052747
polygon-zkevm:0x48bc8de96194d531c73a85144515794fcf4c4564:SMT_KEY:1,0x48bc8de96194d531c73a85144515794fcf4c4564,1,nonce,31052747
polygon-zkevm:0x48bc8de96194d531c73a85144515794fcf4c4564:SMT_KEY:2,0x48bc8de96194d531c73a85144515794fcf4c4564,2,code_hash,31052747
polygon-zkevm:0x48bc8de96194d531c73a85144515794fcf4c4564:SMT_KEY:4,0x48bc8de96194d531c73a85144515794fcf4c4564,4,code_hash_length,31052747
polygon-zkevm:0x7f6eaac76836b4eed36b9d008a37b284f66938e4:SMT_KEY:0,0x7f6eaac76836b4eed36b9d008a37b284f66938e4,0,balance,31053467
polygon-zkevm:0x7f6eaac76836b4eed36b9d008a37b284f66938e4:SMT_KEY:1,0x7f6eaac76836b4eed36b9d008a37b284f66938e4,1,nonce,31053467
polygon-zkevm:0x7f6eaac76836b4eed36b9d008a37b284f66938e4:SMT_KEY:2,0x7f6eaac76836b4eed36b9d008a37b284f66938e4,2,code_hash,31053467
polygon-zkevm:0x7f6eaac76836b4eed36b9d008a37b284f66938e4:SMT_KEY:4,0x7f6eaac76836b4eed36b9d008a37b284f66938e4,4,code_hash_length,31053467
polygon-zkevm:0x35eb04fcc69ea4dab370c95e53b1814830116a70:SMT_KEY:0,0x35eb04fcc69ea4dab370c95e53b1814830116a70,0,balance,31053637
polygon-zkevm:0x35eb04fcc69ea4dab370c95e53b1814830116a70:SMT_KEY:1,0x35eb04fcc69ea4dab370c95e53b1814830116a70,1,nonce,31053637
polygon-zkevm:0x35eb04fcc69ea4dab370c95e53b1814830116a70:SMT_KEY:2,0x35eb04fcc69ea4dab370c95e53b1814830116a70,2,code_hash,31053637
polygon-zkevm:0x35eb04fcc69ea4dab370c95e53b1814830116a70:SMT_KEY:4,0x35eb04fcc69ea4dab370c95e53b1814830116a70,4,code_hash_length,31053637
polygon-zkevm:0x3e91e246e0e566b41324dcc36227f0a43b3d6c76:SMT_KEY:0,0x3e91e246e0e566b41324dcc36227f0a43b3d6c76,0,balance,31055987
polygon-zkevm:0x3e91e246e0e566b41324dcc36227f0a43b3d6c76:SMT_KEY:1,0x3e91e246e0e566b41324dcc36227f0a43b3d6c76,1,nonce,31055987
polygon-zkevm:0x3e91e246e0e566b41324dcc36227f0a43b3d6c76:SMT_KEY:2,0x3e91e246e0e566b41324dcc36227f0a43b3d6c76,2,code_hash,31055987
polygon-zkevm:0x3e91e246e0e566b41324dcc36227f0a43b3d6c76:SMT_KEY:4,0x3e91e246e0e566b41324dcc36227f0a43b3d6c76,4,code_hash_length,31055987
polygon-zkevm:0xbd8317bff900a887e94d6ba61c03e91d1fdbe5fa:SMT_KEY:0,0xbd8317bff900a887e94d6ba61c03e91d1fdbe5fa,0,balance,31056547
polygon-zkevm:0xbd8317bff900a887e94d6ba61c03e91d1fdbe5fa:SMT_KEY:1,0xbd8317bff900a887e94d6ba61c03e91d1fdbe5fa,1,nonce,31056547
polygon-zkevm:0xbd8317bff900a887e94d6ba61c03e91d1fdbe5fa:SMT_KEY:2,0xbd8317bff900a887e94d6ba61c03e91d1fdbe5fa,2,code_hash,31056547
polygon-zkevm:0xbd8317bff900a887e94d6ba61c03e91d1fdbe5fa:SMT_KEY:4,0xbd8317bff900a887e94d6ba61c03e91d1fdbe5fa,4,code_hash_length,31056547
polygon-zkevm:0x023fa838682c115c2cfba96ef3791cb5bd931fc7:SMT_KEY:0,0x023fa838682c115c2cfba96ef3791cb5bd931fc7,0,balance,31057607
polygon-zkevm:0x023fa838682c115c2cfba96ef3791cb5bd931fc7:SMT_KEY:1,0x023fa838682c115c2cfba96ef3791cb5bd931fc7,1,nonce,31057607
polygon-zkevm:0x023fa838682c115c2cfba96ef3791cb5bd931fc7:SMT_KEY:2,0x023fa838682c115c2cfba96ef3791cb5bd931fc7,2,code_hash,31057607
polygon-zkevm:0x023fa838682c115c2cfba96ef3791cb5bd931fc7:SMT_KEY:4,0x023fa838682c115c2cfba96ef3791cb5bd931fc7,4,code_hash_length,31057607
polygon-zkevm:0xb398d5c16cad89c2cbacc9718e6ea3780a8d5880:SMT_KEY:0,0xb398d5c16cad89c2cbacc9718e6ea3780a8d5880,0,balance,31057607
polygon-zkevm:0xb398d5c16cad89c2cbacc9718e6ea3780a8d5880:SMT_KEY:1,0xb398d5c16cad89c2cbacc9718e6ea3780a8d5880,1,nonce,31057607
polygon-zkevm:0xb398d5c16cad89c2cbacc9718e6ea3780a8d5880:SMT_KEY:2,0xb398d5c16cad89c2cbacc9718e6ea3780a8d5880,2,code_hash,31057607
polygon-zkevm:0xb398d5c16cad89c2cbacc9718e6ea3780a8d5880:SMT_KEY:4,0xb398d5c16cad89c2cbacc9718e6ea3780a8d5880,4,code_hash_length,31057607
polygon-zkevm:0x13da9b5ada359ec74e932092723a6ecfcc87a651:SMT_KEY:0,0x13da9b5ada359ec74e932092723a6ecfcc87a651,0,balance,31078537
polygon-zkevm:0x13da9b5ada359ec74e932092723a6ecfcc87a651:SMT_KEY:1,0x13da9b5ada359ec74e932092723a6ecfcc87a651,1,nonce,31078537
polygon-zkevm:0x13da9b5ada359ec74e932092723a6ecfcc87a651:SMT_KEY:2,0x13da9b5ada359ec74e932092723a6ecfcc87a651,2,code_hash,31078537
polygon-zkevm:0x13da9b5ada359ec74e932092723a6ecfcc87a651:SMT_KEY:4,0x13da9b5ada359ec74e932092723a6ecfcc87a651,4,code_hash_length,31078537
polygon-zkevm:0x44da20bf78fef25db0cafba3d0b4f0ca0dd80d80:SMT_KEY:0,0x44da20bf78fef25db0cafba3d0b4f0ca0dd80d80,0,balance,31079027
polygon-zkevm:0x44da20bf78fef25db0cafba3d0b4f0ca0dd80d80:SMT_KEY:1,0x44da20bf78fef25db0cafba3d0b4f0ca0dd80d80,1,nonce,31079027
polygon-zkevm:0x44da20bf78fef25db0cafba3d0b4f0ca0dd80d80:SMT_KEY:2,0x44da20bf78fef25db0cafba3d0b4f0ca0dd80d80,2,code_hash,31079027
polygon-zkevm:0x44da20bf78fef25db0cafba3d0b4f0ca0dd80d80:SMT_KEY:4,0x44da20bf78fef25db0cafba3d0b4f0ca0dd80d80,4,code_hash_length,31079027
polygon-zkevm:0x56cef4156e712d21f2c03192a660dd31a38cb975:SMT_KEY:0,0x56cef4156e712d21f2c03192a660dd31a38cb975,0,balance,31079027
polygon-zkevm:0x56cef4156e712d21f2c03192a660dd31a38cb975:SMT_KEY:1,0x56cef4156e712d21f2c03192a660dd31a38cb975,1,nonce,31079027
polygon-zkevm:0x56cef4156e712d21f2c03192a660dd31a38cb975:SMT_KEY:2,0x56cef4156e712d21f2c03192a660dd31a38cb975,2,code_hash,31079027
polygon-zkevm:0x56cef4156e712d21f2c03192a660dd31a38cb975:SMT_KEY:4,0x56cef4156e712d21f2c03192a660dd31a38cb975,4,code_hash_length,31079027
polygon-zkevm:0x221b8d806748e3592640cddffb32d93638e85bce:SMT_KEY:0,0x221b8d806748e3592640cddffb32d93638e85bce,0,balance,31080397
polygon-zkevm:0x221b8d806748e3592640cddffb32d93638e85bce:SMT_KEY:1,0x221b8d806748e3592640cddffb32d93638e85bce,1,nonce,31080397
polygon-zkevm:0x221b8d806748e3592640cddffb32d93638e85bce:SMT_KEY:2,0x221b8d806748e3592640cddffb32d93638e85bce,2,code_hash,31080397
polygon-zkevm:0x221b8d806748e3592640cddffb32d93638e85bce:SMT_KEY:4,0x221b8d806748e3592640cddffb32d93638e85bce,4,code_hash_length,31080397
polygon-zkevm:0x691155704680af18d520c1f89dd949c5acaab21c:SMT_KEY:0,0x691155704680af18d520c1f89dd949c5acaab21c,0,balance,31080397
polygon-zkevm:0x691155704680af18d520c1f89dd949c5acaab21c:SMT_KEY:1,0x691155704680af18d520c1f89dd949c5acaab21c,1,nonce,31080397
polygon-zkevm:0x691155704680af18d520c1f89dd949c5acaab21c:SMT_KEY:2,0x691155704680af18d520c1f89dd949c5acaab21c,2,code_hash,31080397
polygon-zkevm:0x691155704680af18d520c1f89dd949c5acaab21c:SMT_KEY:4,0x691155704680af18d520c1f89dd949c5acaab21c,4,code_hash_length,31080397
polygon-zkevm:0x10f7072452f17d425fc8acda73fd4c26cee7dfd9:SMT_KEY:0,0x10f7072452f17d425fc8acda73fd4c26cee7dfd9,0,balance,31080917
polygon-zkevm:0x10f7072452f17d425fc8acda73fd4c26cee7dfd9:SMT_KEY:1,0x10f7072452f17d425fc8acda73fd4c26cee7dfd9,1,nonce,31080917
polygon-zkevm:0x10f7072452f17d425fc8acda73fd4c26cee7dfd9:SMT_KEY:2,0x10f7072452f17d425fc8acda73fd4c26cee7dfd9,2,code_hash,31080917
polygon-zkevm:0x10f7072452f17d425fc8acda73fd4c26cee7dfd9:SMT_KEY:4,0x10f7072452f17d425fc8acda73fd4c26cee7dfd9,4,code_hash_length,31080917
polygon-zkevm:0x46f02cb4e117aad60f18885114942df11f5a0499:SMT_KEY:0,0x46f02cb4e117aad60f18885114942df11f5a0499,0,balance,31081517
polygon-zkevm:0x46f02cb4e117aad60f18885114942df11f5a0499:SMT_KEY:1,0x46f02cb4e117aad60f18885114942df11f5a0499,1,nonce,31081517
polygon-zkevm:0x46f02cb4e117aad60f18885114942df11f5a0499:SMT_KEY:2,0x46f02cb4e117aad60f18885114942df11f5a0499,2,code_hash,31081517
polygon-zkevm:0x46f02cb4e117aad60f18885114942df11f5a0499:SMT_KEY:4,0x46f02cb4e117aad60f18885114942df11f5a0499,4,code_hash_length,31081517
polygon-zkevm:0x79f7c6c6dc16ed3154e85a8ef9c1ef31cefaeb19:SMT_KEY:0,0x79f7c6c6dc16ed3154e85a8ef9c1ef31cefaeb19,0,balance,31081517
polygon-zkevm:0x79f7c6c6dc16ed3154e85a8ef9c1ef31cefaeb19:SMT_KEY:1,0x79f7c6c6dc16ed3154e85a8ef9c1ef31cefaeb19,1,nonce,31081517
polygon-zkevm:0x79f7c6c6dc16ed3154e85a8ef9c1ef31cefaeb19:SMT_KEY:2,0x79f7c6c6dc16ed3154e85a8ef9c1ef31cefaeb19,2,code_hash,31081517
polygon-zkevm:0x79f7c6c6dc16ed3154e85a8ef9c1ef31cefaeb19:SMT_KEY:4,0x79f7c6c6dc16ed3154e85a8ef9c1ef31cefaeb19,4,code_hash_length,31081517
polygon-zkevm:0x510e5253a6e16f23f07559dc767790d35670b5a1:SMT_KEY:0,0x510e5253a6e16f23f07559dc767790d35670b5a1,0,balance,31081967
polygon-zkevm:0x510e5253a6e16f23f07559dc767790d35670b5a1:SMT_KEY:1,0x510e5253a6e16f23f07559dc767790d35670b5a1,1,nonce,31081967
polygon-zkevm:0x510e5253a6e16f23f07559dc767790d35670b5a1:SMT_KEY:2,0x510e5253a6e16f23f07559dc767790d35670b5a1,2,code_hash,31081967
polygon-zkevm:0x510e5253a6e16f23f07559dc767790d35670b5a1:SMT_KEY:4,0x510e5253a6e16f23f07559dc767790d35670b5a1,4,code_hash_length,31081967
polygon-zkevm:0x368b6ac222a3f2fcdf87b39388f3b5584c07b0b8:SMT_KEY:0,0x368b6ac222a3f2fcdf87b39388f3b5584c07b0b8,0,balance,31082417
polygon-zkevm:0x368b6ac222a3f2fcdf87b39388f3b5584c07b0b8:SMT_KEY:1,0x368b6ac222a3f2fcdf87b39388f3b5584c07b0b8,1,nonce,31082417
polygon-zkevm:0x368b6ac222a3f2fcdf87b39388f3b5584c07b0b8:SMT_KEY:2,0x368b6ac222a3f2fcdf87b39388f3b5584c07b0b8,2,code_hash,31082417
polygon-zkevm:0x368b6ac222a3f2fcdf87b39388f3b5584c07b0b8:SMT_KEY:4,0x368b6ac222a3f2fcdf87b39388f3b5584c07b0b8,4,code_hash_length,31082417
polygon-zkevm:0xc118d14516f947a47e80319fcd3ffddfdead7777:SMT_KEY:0,0xc118d14516f947a47e80319fcd3ffddfdead7777,0,balance,31502127
polygon-zkevm:0xc118d14516f947a47e80319fcd3ffddfdead7777:SMT_KEY:1,0xc118d14516f947a47e80319fcd3ffddfdead7777,1,nonce,31502127
polygon-zkevm:0xc118d14516f947a47e80319fcd3ffddfdead7777:SMT_KEY:2,0xc118d14516f947a47e80319fcd3ffddfdead7777,2,code_hash,31502127
polygon-zkevm:0xc118d14516f947a47e80319fcd3ffddfdead7777:SMT_KEY:4,0xc118d14516f947a47e80319fcd3ffddfdead7777,4,code_hash_length,31502127
polygon-zkevm:0xd2c5c709179f82b06b44f469a6335d948624d2ff:SMT_KEY:0,0xd2c5c709179f82b06b44f469a6335d948624d2ff,0,balance,31502127
polygon-zkevm:0xd2c5c709179f82b06b44f469a6335d948624d2ff:SMT_KEY:1,0xd2c5c709179f82b06b44f469a6335d948624d2ff,1,nonce,31502127
polygon-zkevm:0xd2c5c709179f82b06b44f469a6335d948624d2ff:SMT_KEY:2,0xd2c5c709179f82b06b44f469a6335d948624d2ff,2,code_hash,31502127
polygon-zkevm:0xd2c5c709179f82b06b44f469a6335d948624d2ff:SMT_KEY:4,0xd2c5c709179f82b06b44f469a6335d948624d2ff,4,code_hash_length,31502127
polygon-zkevm:0x99b0e034a5a0504a5c47c067a4e943db3d4a4a60:SMT_KEY:0,0x99b0e034a5a0504a5c47c067a4e943db3d4a4a60,0,balance,31502727
polygon-zkevm:0x99b0e034a5a0504a5c47c067a4e943db3d4a4a60:SMT_KEY:1,0x99b0e034a5a0504a5c47c067a4e943db3d4a4a60,1,nonce,31502727
polygon-zkevm:0x99b0e034a5a0504a5c47c067a4e943db3d4a4a60:SMT_KEY:2,0x99b0e034a5a0504a5c47c067a4e943db3d4a4a60,2,code_hash,31502727
polygon-zkevm:0x99b0e034a5a0504a5c47c067a4e943db3d4a4a60:SMT_KEY:4,0x99b0e034a5a0504a5c47c067a4e943db3d4a4a60,4,code_hash_length,31502727
polygon-zkevm:0xd7d4e294a3c17d290d4a1686c59dcdd7304d47b4:SMT_KEY:0,0xd7d4e294a3c17d290d4a1686c59dcdd7304d47b4,0,balance,31503567
polygon-zkevm:0xd7d4e294a3c17d290d4a1686c59dcdd7304d47b4:SMT_KEY:1,0xd7d4e294a3c17d290d4a1686c59dcdd7304d47b4,1,nonce,31503567
polygon-zkevm:0xd7d4e294a3c17d290d4a1686c59dcdd7304d47b4:SMT_KEY:2,0xd7d4e294a3c17d290d4a1686c59dcdd7304d47b4,2,code_hash,31503567
polygon-zkevm:0xd7d4e294a3c17d290d4a1686c59dcdd7304d47b4:SMT_KEY:4,0xd7d4e294a3c17d290d4a1686c59dcdd7304d47b4,4,code_hash_length,31503567
polygon-zkevm:0x0e549147f670b1c055f69cdbb7b13830142e1e2f:SMT_KEY:0,0x0e549147f670b1c055f69cdbb7b13830142e1e2f,0,balance,31504177
polygon-zkevm:0x0e549147f670b1c055f69cdbb7b13830142e1e2f:SMT_KEY:1,0x0e549147f670b1c055f69cdbb7b13830142e1e2f,1,nonce,31504177
polygon-zkevm:0x0e549147f670b1c055f69cdbb7b13830142e1e2f:SMT_KEY:2,0x0e549147f670b1c055f69cdbb7b13830142e1e2f,2,code_hash,31504177
polygon-zkevm:0x0e549147f670b1c055f69cdbb7b13830142e1e2f:SMT_KEY:4,0x0e549147f670b1c055f69cdbb7b13830142e1e2f,4,code_hash_length,31504177
polygon-zkevm:0xefea30981a9d0fd79834e36c2cb709d57f1c7f84:SMT_KEY:0,0xefea30981a9d0fd79834e36c2cb709d57f1c7f84,0,balance,31504177
polygon-zkevm:0xefea30981a9d0fd79834e36c2cb709d57f1c7f84:SMT_KEY:1,0xefea30981a9d0fd79834e36c2cb709d57f1c7f84,1,nonce,31504177
polygon-zkevm:0xefea30981a9d0fd79834e36c2cb709d57f1c7f84:SMT_KEY:2,0xefea30981a9d0fd79834e36c2cb709d57f1c7f84,2,code_hash,31504177
polygon-zkevm:0xefea30981a9d0fd79834e36c2cb709d57f1c7f84:SMT_KEY:4,0xefea30981a9d0fd79834e36c2cb709d57f1c7f84,4,code_hash_length,31504177
polygon-zkevm:0x1fcb63fb0caacea3d346bb96b7c27e29db30bb55:SMT_KEY:0,0x1fcb63fb0caacea3d346bb96b7c27e29db30bb55,0,balance,31508967
polygon-zkevm:0x1fcb63fb0caacea3d346bb96b7c27e29db30bb55:SMT_KEY:1,0x1fcb63fb0caacea3d346bb96b7c27e29db30bb55,1,nonce,31508967
polygon-zkevm:0x1fcb63fb0caacea3d346bb96b7c27e29db30bb55:SMT_KEY:2,0x1fcb63fb0caacea3d346bb96b7c27e29db30bb55,2,code_hash,31508967
polygon-zkevm:0x1fcb63fb0caacea3d346bb96b7c27e29db30bb55:SMT_KEY:4,0x1fcb63fb0caacea3d346bb96b7c27e29db30bb55,4,code_hash_length,31508967
polygon-zkevm:0xee59607007ead17c63bff70b6129ec7e7156505b:SMT_KEY:0,0xee59607007ead17c63bff70b6129ec7e7156505b,0,balance,31508967
polygon-zkevm:0xee59607007ead17c63bff70b6129ec7e7156505b:SMT_KEY:1,0xee59607007ead17c63bff70b6129ec7e7156505b,1,nonce,31508967
polygon-zkevm:0xee59607007ead17c63bff70b6129ec7e7156505b:SMT_KEY:2,0xee59607007ead17c63bff70b6129ec7e7156505b,2,code_hash,31508967
polygon-zkevm:0xee59607007ead17c63bff70b6129ec7e7156505b:SMT_KEY:4,0xee59607007ead17c63bff70b6129ec7e7156505b,4,code_hash_length,31508967
polygon-zkevm:0x053ca636031aa635b2e360b38f030d2eae5b01c2:SMT_KEY:0,0x053ca636031aa635b2e360b38f030d2eae5b01c2,0,balance,31514017
polygon-zkevm:0x053ca636031aa635b2e360b38f030d2eae5b01c2:SMT_KEY:1,0x053ca636031aa635b2e360b38f030d2eae5b01c2,1,nonce,31514017
polygon-zkevm:0x053ca636031aa635b2e360b38f030d2eae5b01c2:SMT_KEY:2,0x053ca636031aa635b2e360b38f030d2eae5b01c2,2,code_hash,31514017
polygon-zkevm:0x053ca636031aa635b2e360b38f030d2eae5b01c2:SMT_KEY:4,0x053ca636031aa635b2e360b38f030d2eae5b01c2,4,code_hash_length,31514017
polygon-zkevm:0x640fb10ec7d1bdb0f65a7ae3a8338b8723147a9c:SMT_KEY:0,0x640fb10ec7d1bdb0f65a7ae3a8338b8723147a9c,0,balance,31514437
polygon-zkevm:0x640fb10ec7d1bdb0f65a7ae3a8338b8723147a9c:SMT_KEY:1,0x640fb10ec7d1bdb0f65a7ae3a8338b8723147a9c,1,nonce,31514437
polygon-zkevm:0x640fb10ec7d1bdb0f65a7ae3a8338b8723147a9c:SMT_KEY:2,0x640fb10ec7d1bdb0f65a7ae3a8338b8723147a9c,2,code_hash,31514437
polygon-zkevm:0x640fb10ec7d1bdb0f65a7ae3a8338b8723147a9c:SMT_KEY:4,0x640fb10ec7d1bdb0f65a7ae3a8338b8723147a9c,4,code_hash_length,31514437
polygon-zkevm:0x561c83f2a98ea21e3b874ebe9dc686a9510bbd7a:SMT_KEY:0,0x561c83f2a98ea21e3b874ebe9dc686a9510bbd7a,0,balance,31515597
polygon-zkevm:0x561c83f2a98ea21e3b874ebe9dc686a9510bbd7a:SMT_KEY:1,0x561c83f2a98ea21e3b874ebe9dc686a9510bbd7a,1,nonce,31515597
polygon-zkevm:0x561c83f2a98ea21e3b874ebe9dc686a9510bbd7a:SMT_KEY:2,0x561c83f2a98ea21e3b874ebe9dc686a9510bbd7a,2,code_hash,31515597
polygon-zkevm:0x561c83f2a98ea21e3b874ebe9dc686a9510bbd7a:SMT_KEY:4,0x561c83f2a98ea21e3b874ebe9dc686a9510bbd7a,4,code_hash_length,31515597
polygon-zkevm:0x375488f097176507e39b9653b88fdc52cde736bf:SMT_KEY:0,0x375488f097176507e39b9653b88fdc52cde736bf,0,balance,31518317
polygon-zkevm:0x375488f097176507e39b9653b88fdc52cde736bf:SMT_KEY:1,0x375488f097176507e39b9653b88fdc52cde736bf,1,nonce,31518317
polygon-zkevm:0x375488f097176507e39b9653b88fdc52cde736bf:SMT_KEY:2,0x375488f097176507e39b9653b88fdc52cde736bf,2,code_hash,31518317
polygon-zkevm:0x375488f097176507e39b9653b88fdc52cde736bf:SMT_KEY:4,0x375488f097176507e39b9653b88fdc52cde736bf,4,code_hash_length,31518317
polygon-zkevm:0x6b4b4ebb6826784c4a6a16c35eee2265bee1324a:SMT_KEY:0,0x6b4b4ebb6826784c4a6a16c35eee2265bee1324a,0,balance,31518317
polygon-zkevm:0x6b4b4ebb6826784c4a6a16c35eee2265bee1324a:SMT_KEY:1,0x6b4b4ebb6826784c4a6a16c35eee2265bee1324a,1,nonce,31518317
polygon-zkevm:0x6b4b4ebb6826784c4a6a16c35eee2265bee1324a:SMT_KEY:2,0x6b4b4ebb6826784c4a6a16c35eee2265bee1324a,2,code_hash,31518317
polygon-zkevm:0x6b4b4ebb6826784c4a6a16c35eee2265bee1324a:SMT_KEY:4,0x6b4b4ebb6826784c4a6a16c35eee2265bee1324a,4,code_hash_length,31518317
polygon-zkevm:0x10c2e39cc1ce8b4be6786eb7d8a5f4f3fc7934e4:SMT_KEY:0,0x10c2e39cc1ce8b4be6786eb7d8a5f4f3fc7934e4,0,balance,31522517
polygon-zkevm:0x10c2e39cc1ce8b4be6786eb7d8a5f4f3fc7934e4:SMT_KEY:1,0x10c2e39cc1ce8b4be6786eb7d8a5f4f3fc7934e4,1,nonce,31522517
polygon-zkevm:0x10c2e39cc1ce8b4be6786eb7d8a5f4f3fc7934e4:SMT_KEY:2,0x10c2e39cc1ce8b4be6786eb7d8a5f4f3fc7934e4,2,code_hash,31522517
polygon-zkevm:0x10c2e39cc1ce8b4be6786eb7d8a5f4f3fc7934e4:SMT_KEY:4,0x10c2e39cc1ce8b4be6786eb7d8a5f4f3fc7934e4,4,code_hash_length,31522517
polygon-zkevm:0xd99ac0681b904991169a4f398b9043781adbe0c3:SMT_KEY:0,0xd99ac0681b904991169a4f398b9043781adbe0c3,0,balance,31529577
polygon-zkevm:0xd99ac0681b904991169a4f398b9043781adbe0c3:SMT_KEY:1,0xd99ac0681b904991169a4f398b9043781adbe0c3,1,nonce,31529577
polygon-zkevm:0xd99ac0681b904991169a4f398b9043781adbe0c3:SMT_KEY:2,0xd99ac0681b904991169a4f398b9043781adbe0c3,2,code_hash,31529577
polygon-zkevm:0xd99ac0681b904991169a4f398b9043781adbe0c3:SMT_KEY:4,0xd99ac0681b904991169a4f398b9043781adbe0c3,4,code_hash_length,31529577
polygon-zkevm:0x8a0ac34b2f2cc999b793ba67407c0d5b8ec0175e:SMT_KEY:0,0x8a0ac34b2f2cc999b793ba67407c0d5b8ec0175e,0,balance,31530297
polygon-zkevm:0x8a0ac34b2f2cc999b793ba67407c0d5b8ec0175e:SMT_KEY:1,0x8a0ac34b2f2cc999b793ba67407c0d5b8ec0175e,1,nonce,31530297
polygon-zkevm:0x8a0ac34b2f2cc999b793ba67407c0d5b8ec0175e:SMT_KEY:2,0x8a0ac34b2f2cc999b793ba67407c0d5b8ec0175e,2,code_hash,31530297
polygon-zkevm:0x8a0ac34b2f2cc999b793ba67407c0d5b8ec0175e:SMT_KEY:4,0x8a0ac34b2f2cc999b793ba67407c0d5b8ec0175e,4,code_hash_length,31530297
polygon-zkevm:0x713617e93e83ecd28fc0d5de23225e6c459014e0:SMT_KEY:0,0x713617e93e83ecd28fc0d5de23225e6c459014e0,0,balance,31530307
polygon-zkevm:0x713617e93e83ecd28fc0d5de23225e6c459014e0:SMT_KEY:1,0x713617e93e83ecd28fc0d5de23225e6c459014e0,1,nonce,31530307
polygon-zkevm:0x713617e93e83ecd28fc0d5de23225e6c459014e0:SMT_KEY:2,0x713617e93e83ecd28fc0d5de23225e6c459014e0,2,code_hash,31530307
polygon-zkevm:0x713617e93e83ecd28fc0d5de23225e6c459014e0:SMT_KEY:4,0x713617e93e83ecd28fc0d5de23225e6c459014e0,4,code_hash_length,31530307
polygon-zkevm:0x7f6b19c4cc66fec1d4bd1f1803f22934b964a439:SMT_KEY:0,0x7f6b19c4cc66fec1d4bd1f1803f22934b964a439,0,balance,31532887
polygon-zkevm:0x7f6b19c4cc66fec1d4bd1f1803f22934b964a439:SMT_KEY:1,0x7f6b19c4cc66fec1d4bd1f1803f22934b964a439,1,nonce,31532887
polygon-zkevm:0x7f6b19c4cc66fec1d4bd1f1803f22934b964a439:SMT_KEY:2,0x7f6b19c4cc66fec1d4bd1f1803f22934b964a439,2,code_hash,31532887
polygon-zkevm:0x7f6b19c4cc66fec1d4bd1f1803f22934b964a439:SMT_KEY:4,0x7f6b19c4cc66fec1d4bd1f1803f22934b964a439,4,code_hash_length,31532887
polygon-zkevm:0x3ddf02f2d6e3afe2b0118a79b3656a5d88daaaad:SMT_KEY:0,0x3ddf02f2d6e3afe2b0118a79b3656a5d88daaaad,0,balance,31541147
polygon-zkevm:0x3ddf02f2d6e3afe2b0118a79b3656a5d88daaaad:SMT_KEY:1,0x3ddf02f2d6e3afe2b0118a79b3656a5d88daaaad,1,nonce,31541147
polygon-zkevm:0x3ddf02f2d6e3afe2b0118a79b3656a5d88daaaad:SMT_KEY:2,0x3ddf02f2d6e3afe2b0118a79b3656a5d88daaaad,2,code_hash,31541147
polygon-zkevm:0x3ddf02f2d6e3afe2b0118a79b3656a5d88daaaad:SMT_KEY:4,0x3ddf02f2d6e3afe2b0118a79b3656a5d88daaaad,4,code_hash_length,31541147
polygon-zkevm:0x2a4b03bdea735be24bbb141e2ccd7b92640631e6:SMT_KEY:0,0x2a4b03bdea735be24bbb141e2ccd7b92640631e6,0,balance,31552407
polygon-zkevm:0x2a4b03bdea735be24bbb141e2ccd7b92640631e6:SMT_KEY:1,0x2a4b03bdea735be24bbb141e2ccd7b92640631e6,1,nonce,31552407
polygon-zkevm:0x2a4b03bdea735be24bbb141e2ccd7b92640631e6:SMT_KEY:2,0x2a4b03bdea735be24bbb141e2ccd7b92640631e6,2,code_hash,31552407
polygon-zkevm:0x2a4b03bdea735be24bbb141e2ccd7b92640631e6:SMT_KEY:4,0x2a4b03bdea735be24bbb141e2ccd7b92640631e6,4,code_hash_length,31552407
polygon-zkevm:0x21dbf0ef37b8d27c8b5c0df41008df29409accec:SMT_KEY:0,0x21dbf0ef37b8d27c8b5c0df41008df29409accec,0,balance,31554917
polygon-zkevm:0x21dbf0ef37b8d27c8b5c0df41008df29409accec:SMT_KEY:1,0x21dbf0ef37b8d27c8b5c0df41008df29409accec,1,nonce,31554917
polygon-zkevm:0x21dbf0ef37b8d27c8b5c0df41008df29409accec:SMT_KEY:2,0x21dbf0ef37b8d27c8b5c0df41008df29409accec,2,code_hash,31554917
polygon-zkevm:0x21dbf0ef37b8d27c8b5c0df41008df29409accec:SMT_KEY:4,0x21dbf0ef37b8d27c8b5c0df41008df29409accec,4,code_hash_length,31554917
polygon-zkevm:0xa1ccdc00bef0c3eb140e3ed82aeaf4071494917c:SMT_KEY:0,0xa1ccdc00bef0c3eb140e3ed82aeaf4071494917c,0,balance,31559357
polygon-zkevm:0xa1ccdc00bef0c3eb140e3ed82aeaf4071494917c:SMT_KEY:1,0xa1ccdc00bef0c3eb140e3ed82aeaf4071494917c,1,nonce,31559357
polygon-zkevm:0xa1ccdc00bef0c3eb140e3ed82aeaf4071494917c:SMT_KEY:2,0xa1ccdc00bef0c3eb140e3ed82aeaf4071494917c,2,code_hash,31559357
polygon-zkevm:0xa1ccdc00bef0c3eb140e3ed82aeaf4071494917c:SMT_KEY:4,0xa1ccdc00bef0c3eb140e3ed82aeaf4071494917c,4,code_hash_length,31559357
polygon-zkevm:0x2d8fdd1b51abc5f354e59891f11e4095c3976c8a:SMT_KEY:0,0x2d8fdd1b51abc5f354e59891f11e4095c3976c8a,0,balance,31559457
polygon-zkevm:0x2d8fdd1b51abc5f354e59891f11e4095c3976c8a:SMT_KEY:1,0x2d8fdd1b51abc5f354e59891f11e4095c3976c8a,1,nonce,31559457
polygon-zkevm:0x2d8fdd1b51abc5f354e59891f11e4095c3976c8a:SMT_KEY:2,0x2d8fdd1b51abc5f354e59891f11e4095c3976c8a,2,code_hash,31559457
polygon-zkevm:0x2d8fdd1b51abc5f354e59891f11e4095c3976c8a:SMT_KEY:4,0x2d8fdd1b51abc5f354e59891f11e4095c3976c8a,4,code_hash_length,31559457
polygon-zkevm:0xbe860b9859d2434a8aa0f76ddde19484f74005e0:SMT_KEY:0,0xbe860b9859d2434a8aa0f76ddde19484f74005e0,0,balance,31559457
polygon-zkevm:0xbe860b9859d2434a8aa0f76ddde19484f74005e0:SMT_KEY:1,0xbe860b9859d2434a8aa0f76ddde19484f74005e0,1,nonce,31559457
polygon-zkevm:0xbe860b9859d2434a8aa0f76ddde19484f74005e0:SMT_KEY:2,0xbe860b9859d2434a8aa0f76ddde19484f74005e0,2,code_hash,31559457
polygon-zkevm:0xbe860b9859d2434a8aa0f76ddde19484f74005e0:SMT_KEY:4,0xbe860b9859d2434a8aa0f76ddde19484f74005e0,4,code_hash_length,31559457
polygon-zkevm:0x4ced9a88431c36ec2f4a7ee7e011466d8362a1a9:SMT_KEY:0,0x4ced9a88431c36ec2f4a7ee7e011466d8362a1a9,0,balance,31565157
polygon-zkevm:0x4ced9a88431c36ec2f4a7ee7e011466d8362a1a9:SMT_KEY:1,0x4ced9a88431c36ec2f4a7ee7e011466d8362a1a9,1,nonce,31565157
polygon-zkevm:0x4ced9a88431c36ec2f4a7ee7e011466d8362a1a9:SMT_KEY:2,0x4ced9a88431c36ec2f4a7ee7e011466d8362a1a9,2,code_hash,31565157
polygon-zkevm:0x4ced9a88431c36ec2f4a7ee7e011466d8362a1a9:SMT_KEY:4,0x4ced9a88431c36ec2f4a7ee7e011466d8362a1a9,4,code_hash_length,31565157
polygon-zkevm:0xecf3365559ffe5fdbe1953df0a01244e234e4453:SMT_KEY:0,0xecf3365559ffe5fdbe1953df0a01244e234e4453,0,balance,31565157
polygon-zkevm:0xecf3365559ffe5fdbe1953df0a01244e234e4453:SMT_KEY:1,0xecf3365559ffe5fdbe1953df0a01244e234e4453,1,nonce,31565157
polygon-zkevm:0xecf3365559ffe5fdbe1953df0a01244e234e4453:SMT_KEY:2,0xecf3365559ffe5fdbe1953df0a01244e234e4453,2,code_hash,31565157
polygon-zkevm:0xecf3365559ffe5fdbe1953df0a01244e234e4453:SMT_KEY:4,0xecf3365559ffe5fdbe1953df0a01244e234e4453,4,code_hash_length,31565157
polygon-zkevm:0x32bfd16358f82b39bc038c23ff978c8babc4ad0a:SMT_KEY:0,0x32bfd16358f82b39bc038c23ff978c8babc4ad0a,0,balance,31568657
polygon-zkevm:0x32bfd16358f82b39bc038c23ff978c8babc4ad0a:SMT_KEY:1,0x32bfd16358f82b39bc038c23ff978c8babc4ad0a,1,nonce,31568657
polygon-zkevm:0x32bfd16358f82b39bc038c23ff978c8babc4ad0a:SMT_KEY:2,0x32bfd16358f82b39bc038c23ff978c8babc4ad0a,2,code_hash,31568657
polygon-zkevm:0x32bfd16358f82b39bc038c23ff978c8babc4ad0a:SMT_KEY:4,0x32bfd16358f82b39bc038c23ff978c8babc4ad0a,4,code_hash_length,31568657
polygon-zkevm:0x97115feab9bf36c4c0f9e8625c0c08caa861c31e:SMT_KEY:0,0x97115feab9bf36c4c0f9e8625c0c08caa861c31e,0,balance,31568657
polygon-zkevm:0x97115feab9bf36c4c0f9e8625c0c08caa861c31e:SMT_KEY:1,0x97115feab9bf36c4c0f9e8625c0c08caa861c31e,1,nonce,31568657
polygon-zkevm:0x97115feab9bf36c4c0f9e8625c0c08caa861c31e:SMT_KEY:2,0x97115feab9bf36c4c0f9e8625c0c08caa861c31e,2,code_hash,31568657
polygon-zkevm:0x97115feab9bf36c4c0f9e8625c0c08caa861c31e:SMT_KEY:4,0x97115feab9bf36c4c0f9e8625c0c08caa861c31e,4,code_hash_length,31568657
polygon-zkevm:0x8c16fd38f5eb56698fefcd66dca9249ba6c9bd3a:SMT_KEY:0,0x8c16fd38f5eb56698fefcd66dca9249ba6c9bd3a,0,balance,31568737
polygon-zkevm:0x8c16fd38f5eb56698fefcd66dca9249ba6c9bd3a:SMT_KEY:1,0x8c16fd38f5eb56698fefcd66dca9249ba6c9bd3a,1,nonce,31568737
polygon-zkevm:0x8c16fd38f5eb56698fefcd66dca9249ba6c9bd3a:SMT_KEY:2,0x8c16fd38f5eb56698fefcd66dca9249ba6c9bd3a,2,code_hash,31568737
polygon-zkevm:0x8c16fd38f5eb56698fefcd66dca9249ba6c9bd3a:SMT_KEY:4,0x8c16fd38f5eb56698fefcd66dca9249ba6c9bd3a,4,code_hash_length,31568737
polygon-zkevm:0xf4c7f640bc046dada9633c2ebfa12180ce02f8b3:SMT_KEY:0,0xf4c7f640bc046dada9633c2ebfa12180ce02f8b3,0,balance,31568767
polygon-zkevm:0xf4c7f640bc046dada9633c2ebfa12180ce02f8b3:SMT_KEY:1,0xf4c7f640bc046dada9633c2ebfa12180ce02f8b3,1,nonce,31568767
polygon-zkevm:0xf4c7f640bc046dada9633c2ebfa12180ce02f8b3:SMT_KEY:2,0xf4c7f640bc046dada9633c2ebfa12180ce02f8b3,2,code_hash,31568767
polygon-zkevm:0xf4c7f640bc046dada9633c2ebfa12180ce02f8b3:SMT_KEY:4,0xf4c7f640bc046dada9633c2ebfa12180ce02f8b3,4,code_hash_length,31568767
polygon-zkevm:0x86b5f187469de99a824020e2afabfabe63d2eda7:SMT_KEY:0,0x86b5f187469de99a824020e2afabfabe63d2eda7,0,balance,31569747
polygon-zkevm:0x86b5f187469de99a824020e2afabfabe63d2eda7:SMT_KEY:1,0x86b5f187469de99a824020e2afabfabe63d2eda7,1,nonce,31569747
polygon-zkevm:0x86b5f187469de99a824020e2afabfabe63d2eda7:SMT_KEY:2,0x86b5f187469de99a824020e2afabfabe63d2eda7,2,code_hash,31569747
polygon-zkevm:0x86b5f187469de99a824020e2afabfabe63d2eda7:SMT_KEY:4,0x86b5f187469de99a824020e2afabfabe63d2eda7,4,code_hash_length,31569747
polygon-zkevm:0x26e86b0acf511d88bff86cc25ac3a5c936cd4caf:SMT_KEY:0,0x26e86b0acf511d88bff86cc25ac3a5c936cd4caf,0,balance,31576007
polygon-zkevm:0x26e86b0acf511d88bff86cc25ac3a5c936cd4caf:SMT_KEY:1,0x26e86b0acf511d88bff86cc25ac3a5c936cd4caf,1,nonce,31576007
polygon-zkevm:0x26e86b0acf511d88bff86cc25ac3a5c936cd4caf:SMT_KEY:2,0x26e86b0acf511d88bff86cc25ac3a5c936cd4caf,2,code_hash,31576007
polygon-zkevm:0x26e86b0acf511d88bff86cc25ac3a5c936cd4caf:SMT_KEY:4,0x26e86b0acf511d88bff86cc25ac3a5c936cd4caf,4,code_hash_length,31576007
polygon-zkevm:0x700b15dac47631e84758589f89b012a7b979ffee:SMT_KEY:0,0x700b15dac47631e84758589f89b012a7b979ffee,0,balance,31576007
polygon-zkevm:0x700b15dac47631e84758589f89b012a7b979ffee:SMT_KEY:1,0x700b15dac47631e84758589f89b012a7b979ffee,1,nonce,31576007
polygon-zkevm:0x700b15dac47631e84758589f89b012a7b979ffee:SMT_KEY:2,0x700b15dac47631e84758589f89b012a7b979ffee,2,code_hash,31576007
polygon-zkevm:0x700b15dac47631e84758589f89b012a7b979ffee:SMT_KEY:4,0x700b15dac47631e84758589f89b012a7b979ffee,4,code_hash_length,31576007
polygon-zkevm:0x0cdf8afeb88d2ac2b2980bd734c2e2615a53c3d6:SMT_KEY:0,0x0cdf8afeb88d2ac2b2980bd734c2e2615a53c3d6,0,balance,31576417
polygon-zkevm:0x0cdf8afeb88d2ac2b2980bd734c2e2615a53c3d6:SMT_KEY:1,0x0cdf8afeb88d2ac2b2980bd734c2e2615a53c3d6,1,nonce,31576417
polygon-zkevm:0x0cdf8afeb88d2ac2b2980bd734c2e2615a53c3d6:SMT_KEY:2,0x0cdf8afeb88d2ac2b2980bd734c2e2615a53c3d6,2,code_hash,31576417
polygon-zkevm:0x0cdf8afeb88d2ac2b2980bd734c2e2615a53c3d6:SMT_KEY:4,0x0cdf8afeb88d2ac2b2980bd734c2e2615a53c3d6,4,code_hash_length,31576417
polygon-zkevm:0x6f7c20464258c732577c87a9b467619e03e5c158:SMT_KEY:0,0x6f7c20464258c732577c87a9b467619e03e5c158,0,balance,31576417
polygon-zkevm:0x6f7c20464258c732577c87a9b467619e03e5c158:SMT_KEY:1,0x6f7c20464258c732577c87a9b467619e03e5c158,1,nonce,31576417
polygon-zkevm:0x6f7c20464258c732577c87a9b467619e03e5c158:SMT_KEY:2,0x6f7c20464258c732577c87a9b467619e03e5c158,2,code_hash,31576417
polygon-zkevm:0x6f7c20464258c732577c87a9b467619e03e5c158:SMT_KEY:4,0x6f7c20464258c732577c87a9b467619e03e5c158,4,code_hash_length,31576417
polygon-zkevm:0x3c45ac26343759035fa1e61bd99f89c609acf743:SMT_KEY:0,0x3c45ac26343759035fa1e61bd99f89c609acf743,0,balance,31576787
polygon-zkevm:0x3c45ac26343759035fa1e61bd99f89c609acf743:SMT_KEY:1,0x3c45ac26343759035fa1e61bd99f89c609acf743,1,nonce,31576787
polygon-zkevm:0x3c45ac26343759035fa1e61bd99f89c609acf743:SMT_KEY:2,0x3c45ac26343759035fa1e61bd99f89c609acf743,2,code_hash,31576787
polygon-zkevm:0x3c45ac26343759035fa1e61bd99f89c609acf743:SMT_KEY:4,0x3c45ac26343759035fa1e61bd99f89c609acf743,4,code_hash_length,31576787
polygon-zkevm:0xbd9f0bb86fbfff3aaeacf52350349b9e8a6f57fc:SMT_KEY:0,0xbd9f0bb86fbfff3aaeacf52350349b9e8a6f57fc,0,balance,31577927
polygon-zkevm:0xbd9f0bb86fbfff3aaeacf52350349b9e8a6f57fc:SMT_KEY:1,0xbd9f0bb86fbfff3aaeacf52350349b9e8a6f57fc,1,nonce,31577927
polygon-zkevm:0xbd9f0bb86fbfff3aaeacf52350349b9e8a6f57fc:SMT_KEY:2,0xbd9f0bb86fbfff3aaeacf52350349b9e8a6f57fc,2,code_hash,31577927
polygon-zkevm:0xbd9f0bb86fbfff3aaeacf52350349b9e8a6f57fc:SMT_KEY:4,0xbd9f0bb86fbfff3aaeacf52350349b9e8a6f57fc,4,code_hash_length,31577927
polygon-zkevm:0x8f53cd2e7d6bc46e405941b7bf06827fc79407eb:SMT_KEY:0,0x8f53cd2e7d6bc46e405941b7bf06827fc79407eb,0,balance,31577937
polygon-zkevm:0x8f53cd2e7d6bc46e405941b7bf06827fc79407eb:SMT_KEY:1,0x8f53cd2e7d6bc46e405941b7bf06827fc79407eb,1,nonce,31577937
polygon-zkevm:0x8f53cd2e7d6bc46e405941b7bf06827fc79407eb:SMT_KEY:2,0x8f53cd2e7d6bc46e405941b7bf06827fc79407eb,2,code_hash,31577937
polygon-zkevm:0x8f53cd2e7d6bc46e405941b7bf06827fc79407eb:SMT_KEY:4,0x8f53cd2e7d6bc46e405941b7bf06827fc79407eb,4,code_hash_length,31577937
polygon-zkevm:0x11e9e872f52685bcb0037c29c8761204778b253c:SMT_KEY:0,0x11e9e872f52685bcb0037c29c8761204778b253c,0,balance,31578187
polygon-zkevm:0x11e9e872f52685bcb0037c29c8761204778b253c:SMT_KEY:1,0x11e9e872f52685bcb0037c29c8761204778b253c,1,nonce,31578187
polygon-zkevm:0x11e9e872f52685bcb0037c29c8761204778b253c:SMT_KEY:2,0x11e9e872f52685bcb0037c29c8761204778b253c,2,code_hash,31578187
polygon-zkevm:0x11e9e872f52685bcb0037c29c8761204778b253c:SMT_KEY:4,0x11e9e872f52685bcb0037c29c8761204778b253c,4,code_hash_length,31578187
polygon-zkevm:0x87173d70612893b59e0ec33c6e2d93a2b8552ac3:SMT_KEY:0,0x87173d70612893b59e0ec33c6e2d93a2b8552ac3,0,balance,31578327
polygon-zkevm:0x87173d70612893b59e0ec33c6e2d93a2b8552ac3:SMT_KEY:1,0x87173d70612893b59e0ec33c6e2d93a2b8552ac3,1,nonce,31578327
polygon-zkevm:0x87173d70612893b59e0ec33c6e2d93a2b8552ac3:SMT_KEY:2,0x87173d70612893b59e0ec33c6e2d93a2b8552ac3,2,code_hash,31578327
polygon-zkevm:0x87173d70612893b59e0ec33c6e2d93a2b8552ac3:SMT_KEY:4,0x87173d70612893b59e0ec33c6e2d93a2b8552ac3,4,code_hash_length,31578327
polygon-zkevm:0xeaa07c7ff9dff576330b5bf123afef5eee4df36c:SMT_KEY:0,0xeaa07c7ff9dff576330b5bf123afef5eee4df36c,0,balance,31578327
polygon-zkevm:0xeaa07c7ff9dff576330b5bf123afef5eee4df36c:SMT_KEY:1,0xeaa07c7ff9dff576330b5bf123afef5eee4df36c,1,nonce,31578327
polygon-zkevm:0xeaa07c7ff9dff576330b5bf123afef5eee4df36c:SMT_KEY:2,0xeaa07c7ff9dff576330b5bf123afef5eee4df36c,2,code_hash,31578327
polygon-zkevm:0xeaa07c7ff9dff576330b5bf123afef5eee4df36c:SMT_KEY:4,0xeaa07c7ff9dff576330b5bf123afef5eee4df36c,4,code_hash_length,31578327
polygon-zkevm:0x114d995475840a129af10089fd55f32b56385082:SMT_KEY:0,0x114d995475840a129af10089fd55f32b56385082,0,balance,31580487
polygon-zkevm:0x114d995475840a129af10089fd55f32b56385082:SMT_KEY:1,0x114d995475840a129af10089fd55f32b56385082,1,nonce,31580487
polygon-zkevm:0x114d995475840a129af10089fd55f32b56385082:SMT_KEY:2,0x114d995475840a129af10089fd55f32b56385082,2,code_hash,31580487
polygon-zkevm:0x114d995475840a129af10089fd55f32b56385082:SMT_KEY:4,0x114d995475840a129af10089fd55f32b56385082,4,code_hash_length,31580487
polygon-zkevm:0x85a596ee4e0be703b4bcf4e6244888036edcdb67:SMT_KEY:0,0x85a596ee4e0be703b4bcf4e6244888036edcdb67,0,balance,31583727
polygon-zkevm:0x85a596ee4e0be703b4bcf4e6244888036edcdb67:SMT_KEY:1,0x85a596ee4e0be703b4bcf4e6244888036edcdb67,1,nonce,31583727
polygon-zkevm:0x85a596ee4e0be703b4bcf4e6244888036edcdb67:SMT_KEY:2,0x85a596ee4e0be703b4bcf4e6244888036edcdb67,2,code_hash,31583727
polygon-zkevm:0x85a596ee4e0be703b4bcf4e6244888036edcdb67:SMT_KEY:4,0x85a596ee4e0be703b4bcf4e6244888036edcdb67,4,code_hash_length,31583727
polygon-zkevm:0x95a8a28fcd70cf24e43ba0bdd1910468d125d57a:SMT_KEY:0,0x95a8a28fcd70cf24e43ba0bdd1910468d125d57a,0,balance,31583727
polygon-zkevm:0x95a8a28fcd70cf24e43ba0bdd1910468d125d57a:SMT_KEY:1,0x95a8a28fcd70cf24e43ba0bdd1910468d125d57a,1,nonce,31583727
polygon-zkevm:0x95a8a28fcd70cf24e43ba0bdd1910468d125d57a:SMT_KEY:2,0x95a8a28fcd70cf24e43ba0bdd1910468d125d57a,2,code_hash,31583727
polygon-zkevm:0x95a8a28fcd70cf24e43ba0bdd1910468d125d57a:SMT_KEY:4,0x95a8a28fcd70cf24e43ba0bdd1910468d125d57a,4,code_hash_length,31583727
polygon-zkevm:0xaab6bd2906fa9e252e276df3e96bab392e038b6a:SMT_KEY:0,0xaab6bd2906fa9e252e276df3e96bab392e038b6a,0,balance,31585327
polygon-zkevm:0xaab6bd2906fa9e252e276df3e96bab392e038b6a:SMT_KEY:1,0xaab6bd2906fa9e252e276df3e96bab392e038b6a,1,nonce,31585327
polygon-zkevm:0xaab6bd2906fa9e252e276df3e96bab392e038b6a:SMT_KEY:2,0xaab6bd2906fa9e252e276df3e96bab392e038b6a,2,code_hash,31585327
polygon-zkevm:0xaab6bd2906fa9e252e276df3e96bab392e038b6a:SMT_KEY:4,0xaab6bd2906fa9e252e276df3e96bab392e038b6a,4,code_hash_length,31585327
polygon-zkevm:0xfbade9af36e7e6cc479b7a072a86b2d3b0209ea9:SMT_KEY:0,0xfbade9af36e7e6cc479b7a072a86b2d3b0209ea9,0,balance,31587947
polygon-zkevm:0xfbade9af36e7e6cc479b7a072a86b2d3b0209ea9:SMT_KEY:1,0xfbade9af36e7e6cc479b7a072a86b2d3b0209ea9,1,nonce,31587947
polygon-zkevm:0xfbade9af36e7e6cc479b7a072a86b2d3b0209ea9:SMT_KEY:2,0xfbade9af36e7e6cc479b7a072a86b2d3b0209ea9,2,code_hash,31587947
polygon-zkevm:0xfbade9af36e7e6cc479b7a072a86b2d3b0209ea9:SMT_KEY:4,0xfbade9af36e7e6cc479b7a072a86b2d3b0209ea9,4,code_hash_length,31587947
polygon-zkevm:0xca9b16256124adeb7f2c0182680befef33e31366:SMT_KEY:0,0xca9b16256124adeb7f2c0182680befef33e31366,0,balance,31588587
polygon-zkevm:0xca9b16256124adeb7f2c0182680befef33e31366:SMT_KEY:1,0xca9b16256124adeb7f2c0182680befef33e31366,1,nonce,31588587
polygon-zkevm:0xca9b16256124adeb7f2c0182680befef33e31366:SMT_KEY:2,0xca9b16256124adeb7f2c0182680befef33e31366,2,code_hash,31588587
polygon-zkevm:0xca9b16256124adeb7f2c0182680befef33e31366:SMT_KEY:4,0xca9b16256124adeb7f2c0182680befef33e31366,4,code_hash_length,31588587
polygon-zkevm:0x74d8fe1a23d77b6853b424c05e9fcc745afcd657:SMT_KEY:0,0x74d8fe1a23d77b6853b424c05e9fcc745afcd657,0,balance,31595887
polygon-zkevm:0x74d8fe1a23d77b6853b424c05e9fcc745afcd657:SMT_KEY:1,0x74d8fe1a23d77b6853b424c05e9fcc745afcd657,1,nonce,31595887
polygon-zkevm:0x74d8fe1a23d77b6853b424c05e9fcc745afcd657:SMT_KEY:2,0x74d8fe1a23d77b6853b424c05e9fcc745afcd657,2,code_hash,31595887
polygon-zkevm:0x74d8fe1a23d77b6853b424c05e9fcc745afcd657:SMT_KEY:4,0x74d8fe1a23d77b6853b424c05e9fcc745afcd657,4,code_hash_length,31595887
polygon-zkevm:0x6cd6cb820d0c23cc29328bee6563f0fa81b081c9:SMT_KEY:0,0x6cd6cb820d0c23cc29328bee6563f0fa81b081c9,0,balance,31596857
polygon-zkevm:0x6cd6cb820d0c23cc29328bee6563f0fa81b081c9:SMT_KEY:1,0x6cd6cb820d0c23cc29328bee6563f0fa81b081c9,1,nonce,31596857
polygon-zkevm:0x6cd6cb820d0c23cc29328bee6563f0fa81b081c9:SMT_KEY:2,0x6cd6cb820d0c23cc29328bee6563f0fa81b081c9,2,code_hash,31596857
polygon-zkevm:0x6cd6cb820d0c23cc29328bee6563f0fa81b081c9:SMT_KEY:4,0x6cd6cb820d0c23cc29328bee6563f0fa81b081c9,4,code_hash_length,31596857
polygon-zkevm:0xd9939a0ff223af886cbcf2c0140c4cc19a8b56ff:SMT_KEY:0,0xd9939a0ff223af886cbcf2c0140c4cc19a8b56ff,0,balance,31596857
polygon-zkevm:0xd9939a0ff223af886cbcf2c0140c4cc19a8b56ff:SMT_KEY:1,0xd9939a0ff223af886cbcf2c0140c4cc19a8b56ff,1,nonce,31596857
polygon-zkevm:0xd9939a0ff223af886cbcf2c0140c4cc19a8b56ff:SMT_KEY:2,0xd9939a0ff223af886cbcf2c0140c4cc19a8b56ff,2,code_hash,31596857
polygon-zkevm:0xd9939a0ff223af886cbcf2c0140c4cc19a8b56ff:SMT_KEY:4,0xd9939a0ff223af886cbcf2c0140c4cc19a8b56ff,4,code_hash_length,31596857
polygon-zkevm:0x4cf15963b3e0a0c5376eec4d34a406653d061681:SMT_KEY:0,0x4cf15963b3e0a0c5376eec4d34a406653d061681,0,balance,31597217
polygon-zkevm:0x4cf15963b3e0a0c5376eec4d34a406653d061681:SMT_KEY:1,0x4cf15963b3e0a0c5376eec4d34a406653d061681,1,nonce,31597217
polygon-zkevm:0x4cf15963b3e0a0c5376eec4d34a406653d061681:SMT_KEY:2,0x4cf15963b3e0a0c5376eec4d34a406653d061681,2,code_hash,31597217
polygon-zkevm:0x4cf15963b3e0a0c5376eec4d34a406653d061681:SMT_KEY:4,0x4cf15963b3e0a0c5376eec4d34a406653d061681,4,code_hash_length,31597217
polygon-zkevm:0x40b1beb7a24a34300e9d1f1cb56e6bb5e5ee3be9:SMT_KEY:0,0x40b1beb7a24a34300e9d1f1cb56e6bb5e5ee3be9,0,balance,31597237
polygon-zkevm:0x40b1beb7a24a34300e9d1f1cb56e6bb5e5ee3be9:SMT_KEY:1,0x40b1beb7a24a34300e9d1f1cb56e6bb5e5ee3be9,1,nonce,31597237
polygon-zkevm:0x40b1beb7a24a34300e9d1f1cb56e6bb5e5ee3be9:SMT_KEY:2,0x40b1beb7a24a34300e9d1f1cb56e6bb5e5ee3be9,2,code_hash,31597237
polygon-zkevm:0x40b1beb7a24a34300e9d1f1cb56e6bb5e5ee3be9:SMT_KEY:4,0x40b1beb7a24a34300e9d1f1cb56e6bb5e5ee3be9,4,code_hash_length,31597237
polygon-zkevm:0x4cf89f51e090d6dcddbbbe5a458a01e9061823c5:SMT_KEY:0,0x4cf89f51e090d6dcddbbbe5a458a01e9061823c5,0,balance,32000357
polygon-zkevm:0x4cf89f51e090d6dcddbbbe5a458a01e9061823c5:SMT_KEY:1,0x4cf89f51e090d6dcddbbbe5a458a01e9061823c5,1,nonce,32000357
polygon-zkevm:0x4cf89f51e090d6dcddbbbe5a458a01e9061823c5:SMT_KEY:2,0x4cf89f51e090d6dcddbbbe5a458a01e9061823c5,2,code_hash,32000357
polygon-zkevm:0x4cf89f51e090d6dcddbbbe5a458a01e9061823c5:SMT_KEY:4,0x4cf89f51e090d6dcddbbbe5a458a01e9061823c5,4,code_hash_length,32000357
polygon-zkevm:0x645a1900d06ec40e85339e01f7d51c7ae2dbed2e:SMT_KEY:0,0x645a1900d06ec40e85339e01f7d51c7ae2dbed2e,0,balance,32000357
polygon-zkevm:0x645a1900d06ec40e85339e01f7d51c7ae2dbed2e:SMT_KEY:1,0x645a1900d06ec40e85339e01f7d51c7ae2dbed2e,1,nonce,32000357
polygon-zkevm:0x645a1900d06ec40e85339e01f7d51c7ae2dbed2e:SMT_KEY:2,0x645a1900d06ec40e85339e01f7d51c7ae2dbed2e,2,code_hash,32000357
polygon-zkevm:0x645a1900d06ec40e85339e01f7d51c7ae2dbed2e:SMT_KEY:4,0x645a1900d06ec40e85339e01f7d51c7ae2dbed2e,4,code_hash_length,32000357
polygon-zkevm:0xc00fc2ec5099db4850e4035d1537f757d1744485:SMT_KEY:0,0xc00fc2ec5099db4850e4035d1537f757d1744485,0,balance,32001287
polygon-zkevm:0xc00fc2ec5099db4850e4035d1537f757d1744485:SMT_KEY:1,0xc00fc2ec5099db4850e4035d1537f757d1744485,1,nonce,32001287
polygon-zkevm:0xc00fc2ec5099db4850e4035d1537f757d1744485:SMT_KEY:2,0xc00fc2ec5099db4850e4035d1537f757d1744485,2,code_hash,32001287
polygon-zkevm:0xc00fc2ec5099db4850e4035d1537f757d1744485:SMT_KEY:4,0xc00fc2ec5099db4850e4035d1537f757d1744485,4,code_hash_length,32001287
polygon-zkevm:0x18d7c61826cdadc62bdfcef401d0cd5c69f3e945:SMT_KEY:0,0x18d7c61826cdadc62bdfcef401d0cd5c69f3e945,0,balance,32003557
polygon-zkevm:0x18d7c61826cdadc62bdfcef401d0cd5c69f3e945:SMT_KEY:1,0x18d7c61826cdadc62bdfcef401d0cd5c69f3e945,1,nonce,32003557
polygon-zkevm:0x18d7c61826cdadc62bdfcef401d0cd5c69f3e945:SMT_KEY:2,0x18d7c61826cdadc62bdfcef401d0cd5c69f3e945,2,code_hash,32003557
polygon-zkevm:0x18d7c61826cdadc62bdfcef401d0cd5c69f3e945:SMT_KEY:4,0x18d7c61826cdadc62bdfcef401d0cd5c69f3e945,4,code_hash_length,32003557
polygon-zkevm:0xdacf490da02b8bb3877f3c07bfa422a9c7ec0057:SMT_KEY:0,0xdacf490da02b8bb3877f3c07bfa422a9c7ec0057,0,balance,32005027
polygon-zkevm:0xdacf490da02b8bb3877f3c07bfa422a9c7ec0057:SMT_KEY:1,0xdacf490da02b8bb3877f3c07bfa422a9c7ec0057,1,nonce,32005027
polygon-zkevm:0xdacf490da02b8bb3877f3c07bfa422a9c7ec0057:SMT_KEY:2,0xdacf490da02b8bb3877f3c07bfa422a9c7ec0057,2,code_hash,32005027
polygon-zkevm:0xdacf490da02b8bb3877f3c07bfa422a9c7ec0057:SMT_KEY:4,0xdacf490da02b8bb3877f3c07bfa422a9c7ec0057,4,code_hash_length,32005027
polygon-zkevm:0x2b67600c70dce3609ece0f26179a69923579aa8b:SMT_KEY:0,0x2b67600c70dce3609ece0f26179a69923579aa8b,0,balance,32005197
polygon-zkevm:0x2b67600c70dce3609ece0f26179a69923579aa8b:SMT_KEY:1,0x2b67600c70dce3609ece0f26179a69923579aa8b,1,nonce,32005197
polygon-zkevm:0x2b67600c70dce3609ece0f26179a69923579aa8b:SMT_KEY:2,0x2b67600c70dce3609ece0f26179a69923579aa8b,2,code_hash,32005197
polygon-zkevm:0x2b67600c70dce3609ece0f26179a69923579aa8b:SMT_KEY:4,0x2b67600c70dce3609ece0f26179a69923579aa8b,4,code_hash_length,32005197
polygon-zkevm:0x6df09c68c6abd351ca68ff5d103e3b53a2796e9e:SMT_KEY:0,0x6df09c68c6abd351ca68ff5d103e3b53a2796e9e,0,balance,32005207
polygon-zkevm:0x6df09c68c6abd351ca68ff5d103e3b53a2796e9e:SMT_KEY:1,0x6df09c68c6abd351ca68ff5d103e3b53a2796e9e,1,nonce,32005207
polygon-zkevm:0x6df09c68c6abd351ca68ff5d103e3b53a2796e9e:SMT_KEY:2,0x6df09c68c6abd351ca68ff5d103e3b53a2796e9e,2,code_hash,32005207
polygon-zkevm:0x6df09c68c6abd351ca68ff5d103e3b53a2796e9e:SMT_KEY:4,0x6df09c68c6abd351ca68ff5d103e3b53a2796e9e,4,code_hash_length,32005207
polygon-zkevm:0x7b61ad2efb50ccbfd4a4546e08317dc87aa35a42:SMT_KEY:0,0x7b61ad2efb50ccbfd4a4546e08317dc87aa35a42,0,balance,32005237
polygon-zkevm:0x7b61ad2efb50ccbfd4a4546e08317dc87aa35a42:SMT_KEY:1,0x7b61ad2efb50ccbfd4a4546e08317dc87aa35a42,1,nonce,32005237
polygon-zkevm:0x7b61ad2efb50ccbfd4a4546e08317dc87aa35a42:SMT_KEY:2,0x7b61ad2efb50ccbfd4a4546e08317dc87aa35a42,2,code_hash,32005237
polygon-zkevm:0x7b61ad2efb50ccbfd4a4546e08317dc87aa35a42:SMT_KEY:4,0x7b61ad2efb50ccbfd4a4546e08317dc87aa35a42,4,code_hash_length,32005237
polygon-zkevm:0xa6fc8f63ccd436363cbd391a1e787c250df2c27d:SMT_KEY:0,0xa6fc8f63ccd436363cbd391a1e787c250df2c27d,0,balance,32005277
polygon-zkevm:0xa6fc8f63ccd436363cbd391a1e787c250df2c27d:SMT_KEY:1,0xa6fc8f63ccd436363cbd391a1e787c250df2c27d,1,nonce,32005277
polygon-zkevm:0xa6fc8f63ccd436363cbd391a1e787c250df2c27d:SMT_KEY:2,0xa6fc8f63ccd436363cbd391a1e787c250df2c27d,2,code_hash,32005277
polygon-zkevm:0xa6fc8f63ccd436363cbd391a1e787c250df2c27d:SMT_KEY:4,0xa6fc8f63ccd436363cbd391a1e787c250df2c27d,4,code_hash_length,32005277
polygon-zkevm:0x7d4238e3b2dda63a10c49b26a82f4a4ba76d6f76:SMT_KEY:0,0x7d4238e3b2dda63a10c49b26a82f4a4ba76d6f76,0,balance,32009157
polygon-zkevm:0x7d4238e3b2dda63a10c49b26a82f4a4ba76d6f76:SMT_KEY:1,0x7d4238e3b2dda63a10c49b26a82f4a4ba76d6f76,1,nonce,32009157
polygon-zkevm:0x7d4238e3b2dda63a10c49b26a82f4a4ba76d6f76:SMT_KEY:2,0x7d4238e3b2dda63a10c49b26a82f4a4ba76d6f76,2,code_hash,32009157
polygon-zkevm:0x7d4238e3b2dda63a10c49b26a82f4a4ba76d6f76:SMT_KEY:4,0x7d4238e3b2dda63a10c49b26a82f4a4ba76d6f76,4,code_hash_length,32009157
polygon-zkevm:0x99546a5fd65f4e509e5f8e332c55e9689e198a8a:SMT_KEY:0,0x99546a5fd65f4e509e5f8e332c55e9689e198a8a,0,balance,32009567
polygon-zkevm:0x99546a5fd65f4e509e5f8e332c55e9689e198a8a:SMT_KEY:1,0x99546a5fd65f4e509e5f8e332c55e9689e198a8a,1,nonce,32009567
polygon-zkevm:0x99546a5fd65f4e509e5f8e332c55e9689e198a8a:SMT_KEY:2,0x99546a5fd65f4e509e5f8e332c55e9689e198a8a,2,code_hash,32009567
polygon-zkevm:0x99546a5fd65f4e509e5f8e332c55e9689e198a8a:SMT_KEY:4,0x99546a5fd65f4e509e5f8e332c55e9689e198a8a,4,code_hash_length,32009567
polygon-zkevm:0xaf36fe8be7012ac79c99ef50706bd90474ec3146:SMT_KEY:0,0xaf36fe8be7012ac79c99ef50706bd90474ec3146,0,balance,32011367
polygon-zkevm:0xaf36fe8be7012ac79c99ef50706bd90474ec3146:SMT_KEY:1,0xaf36fe8be7012ac79c99ef50706bd90474ec3146,1,nonce,32011367
polygon-zkevm:0xaf36fe8be7012ac79c99ef50706bd90474ec3146:SMT_KEY:2,0xaf36fe8be7012ac79c99ef50706bd90474ec3146,2,code_hash,32011367
polygon-zkevm:0xaf36fe8be7012ac79c99ef50706bd90474ec3146:SMT_KEY:4,0xaf36fe8be7012ac79c99ef50706bd90474ec3146,4,code_hash_length,32011367
polygon-zkevm:0x332e1a3c270b333660c45304bba1535a13e9bb97:SMT_KEY:0,0x332e1a3c270b333660c45304bba1535a13e9bb97,0,balance,32011487
polygon-zkevm:0x332e1a3c270b333660c45304bba1535a13e9bb97:SMT_KEY:1,0x332e1a3c270b333660c45304bba1535a13e9bb97,1,nonce,32011487
polygon-zkevm:0x332e1a3c270b333660c45304bba1535a13e9bb97:SMT_KEY:2,0x332e1a3c270b333660c45304bba1535a13e9bb97,2,code_hash,32011487
polygon-zkevm:0x332e1a3c270b333660c45304bba1535a13e9bb97:SMT_KEY:4,0x332e1a3c270b333660c45304bba1535a13e9bb97,4,code_hash_length,32011487
polygon-zkevm:0x5dab9d8c945f3ade10480e4321e077c6987cd579:SMT_KEY:0,0x5dab9d8c945f3ade10480e4321e077c6987cd579,0,balance,32011837
polygon-zkevm:0x5dab9d8c945f3ade10480e4321e077c6987cd579:SMT_KEY:1,0x5dab9d8c945f3ade10480e4321e077c6987cd579,1,nonce,32011837
polygon-zkevm:0x5dab9d8c945f3ade10480e4321e077c6987cd579:SMT_KEY:2,0x5dab9d8c945f3ade10480e4321e077c6987cd579,2,code_hash,32011837
polygon-zkevm:0x5dab9d8c945f3ade10480e4321e077c6987cd579:SMT_KEY:4,0x5dab9d8c945f3ade10480e4321e077c6987cd579,4,code_hash_length,32011837
polygon-zkevm:0x8bcc8c04c6ecb71553dbbbdf2d3b964f9d0a9733:SMT_KEY:0,0x8bcc8c04c6ecb71553dbbbdf2d3b964f9d0a9733,0,balance,32011837
polygon-zkevm:0x8bcc8c04c6ecb71553dbbbdf2d3b964f9d0a9733:SMT_KEY:1,0x8bcc8c04c6ecb71553dbbbdf2d3b964f9d0a9733,1,nonce,32011837
polygon-zkevm:0x8bcc8c04c6ecb71553dbbbdf2d3b964f9d0a9733:SMT_KEY:2,0x8bcc8c04c6ecb71553dbbbdf2d3b964f9d0a9733,2,code_hash,32011837
polygon-zkevm:0x8bcc8c04c6ecb71553dbbbdf2d3b964f9d0a9733:SMT_KEY:4,0x8bcc8c04c6ecb71553dbbbdf2d3b964f9d0a9733,4,code_hash_length,32011837
polygon-zkevm:0x3c832dfbb45f0eb1d6c2ebb43b078b93ea617b42:SMT_KEY:0,0x3c832dfbb45f0eb1d6c2ebb43b078b93ea617b42,0,balance,32011857
polygon-zkevm:0x3c832dfbb45f0eb1d6c2ebb43b078b93ea617b42:SMT_KEY:1,0x3c832dfbb45f0eb1d6c2ebb43b078b93ea617b42,1,nonce,32011857
polygon-zkevm:0x3c832dfbb45f0eb1d6c2ebb43b078b93ea617b42:SMT_KEY:2,0x3c832dfbb45f0eb1d6c2ebb43b078b93ea617b42,2,code_hash,32011857
polygon-zkevm:0x3c832dfbb45f0eb1d6c2ebb43b078b93ea617b42:SMT_KEY:4,0x3c832dfbb45f0eb1d6c2ebb43b078b93ea617b42,4,code_hash_length,32011857
polygon-zkevm:0x5c7836d83058ef957e12ce9f0c084e4e9b5d33d5:SMT_KEY:0,0x5c7836d83058ef957e12ce9f0c084e4e9b5d33d5,0,balance,32013967
polygon-zkevm:0x5c7836d83058ef957e12ce9f0c084e4e9b5d33d5:SMT_KEY:1,0x5c7836d83058ef957e12ce9f0c084e4e9b5d33d5,1,nonce,32013967
polygon-zkevm:0x5c7836d83058ef957e12ce9f0c084e4e9b5d33d5:SMT_KEY:2,0x5c7836d83058ef957e12ce9f0c084e4e9b5d33d5,2,code_hash,32013967
polygon-zkevm:0x5c7836d83058ef957e12ce9f0c084e4e9b5d33d5:SMT_KEY:4,0x5c7836d83058ef957e12ce9f0c084e4e9b5d33d5,4,code_hash_length,32013967
polygon-zkevm:0xf768f11073399cc6270bea2f86407d1d4cbcf53f:SMT_KEY:0,0xf768f11073399cc6270bea2f86407d1d4cbcf53f,0,balance,32013967
polygon-zkevm:0xf768f11073399cc6270bea2f86407d1d4cbcf53f:SMT_KEY:1,0xf768f11073399cc6270bea2f86407d1d4cbcf53f,1,nonce,32013967
polygon-zkevm:0xf768f11073399cc6270bea2f86407d1d4cbcf53f:SMT_KEY:2,0xf768f11073399cc6270bea2f86407d1d4cbcf53f,2,code_hash,32013967
polygon-zkevm:0xf768f11073399cc6270bea2f86407d1d4cbcf53f:SMT_KEY:4,0xf768f11073399cc6270bea2f86407d1d4cbcf53f,4,code_hash_length,32013967
polygon-zkevm:0xa23afd16a08194647cb371e6d5a36763eea91786:SMT_KEY:0,0xa23afd16a08194647cb371e6d5a36763eea91786,0,balance,32020697
polygon-zkevm:0xa23afd16a08194647cb371e6d5a36763eea91786:SMT_KEY:1,0xa23afd16a08194647cb371e6d5a36763eea91786,1,nonce,32020697
polygon-zkevm:0xa23afd16a08194647cb371e6d5a36763eea91786:SMT_KEY:2,0xa23afd16a08194647cb371e6d5a36763eea91786,2,code_hash,32020697
polygon-zkevm:0xa23afd16a08194647cb371e6d5a36763eea91786:SMT_KEY:4,0xa23afd16a08194647cb371e6d5a36763eea91786,4,code_hash_length,32020697
polygon-zkevm:0x2a2ae579efe5c0e62dc46b5e412d09aa63488fd9:SMT_KEY:0,0x2a2ae579efe5c0e62dc46b5e412d09aa63488fd9,0,balance,32027287
polygon-zkevm:0x2a2ae579efe5c0e62dc46b5e412d09aa63488fd9:SMT_KEY:1,0x2a2ae579efe5c0e62dc46b5e412d09aa63488fd9,1,nonce,32027287
polygon-zkevm:0x2a2ae579efe5c0e62dc46b5e412d09aa63488fd9:SMT_KEY:2,0x2a2ae579efe5c0e62dc46b5e412d09aa63488fd9,2,code_hash,32027287
polygon-zkevm:0x2a2ae579efe5c0e62dc46b5e412d09aa63488fd9:SMT_KEY:4,0x2a2ae579efe5c0e62dc46b5e412d09aa63488fd9,4,code_hash_length,32027287
polygon-zkevm:0x9e994c8101f5ebc994a081f1d1f7004c6afe3d19:SMT_KEY:0,0x9e994c8101f5ebc994a081f1d1f7004c6afe3d19,0,balance,32027287
polygon-zkevm:0x9e994c8101f5ebc994a081f1d1f7004c6afe3d19:SMT_KEY:1,0x9e994c8101f5ebc994a081f1d1f7004c6afe3d19,1,nonce,32027287
polygon-zkevm:0x9e994c8101f5ebc994a081f1d1f7004c6afe3d19:SMT_KEY:2,0x9e994c8101f5ebc994a081f1d1f7004c6afe3d19,2,code_hash,32027287
polygon-zkevm:0x9e994c8101f5ebc994a081f1d1f7004c6afe3d19:SMT_KEY:4,0x9e994c8101f5ebc994a081f1d1f7004c6afe3d19,4,code_hash_length,32027287
polygon-zkevm:0x411d2c093e4c2e69bf0d8e94be1bf13dadd879c6:SMT_KEY:0,0x411d2c093e4c2e69bf0d8e94be1bf13dadd879c6,0,balance,32035277
polygon-zkevm:0x411d2c093e4c2e69bf0d8e94be1bf13dadd879c6:SMT_KEY:1,0x411d2c093e4c2e69bf0d8e94be1bf13dadd879c6,1,nonce,32035277
polygon-zkevm:0x411d2c093e4c2e69bf0d8e94be1bf13dadd879c6:SMT_KEY:2,0x411d2c093e4c2e69bf0d8e94be1bf13dadd879c6,2,code_hash,32035277
polygon-zkevm:0x411d2c093e4c2e69bf0d8e94be1bf13dadd879c6:SMT_KEY:4,0x411d2c093e4c2e69bf0d8e94be1bf13dadd879c6,4,code_hash_length,32035277
polygon-zkevm:0xace2b3e7c752d5debca72210141d464371b3b9b1:SMT_KEY:0,0xace2b3e7c752d5debca72210141d464371b3b9b1,0,balance,32035277
polygon-zkevm:0xace2b3e7c752d5debca72210141d464371b3b9b1:SMT_KEY:1,0xace2b3e7c752d5debca72210141d464371b3b9b1,1,nonce,32035277
polygon-zkevm:0xace2b3e7c752d5debca72210141d464371b3b9b1:SMT_KEY:2,0xace2b3e7c752d5debca72210141d464371b3b9b1,2,code_hash,32035277
polygon-zkevm:0xace2b3e7c752d5debca72210141d464371b3b9b1:SMT_KEY:4,0xace2b3e7c752d5debca72210141d464371b3b9b1,4,code_hash_length,32035277
polygon-zkevm:0x55daf84ce8a424e58454f5c969735e298b0de025:SMT_KEY:0,0x55daf84ce8a424e58454f5c969735e298b0de025,0,balance,32037377
polygon-zkevm:0x55daf84ce8a424e58454f5c969735e298b0de025:SMT_KEY:1,0x55daf84ce8a424e58454f5c969735e298b0de025,1,nonce,32037377
polygon-zkevm:0x55daf84ce8a424e58454f5c969735e298b0de025:SMT_KEY:2,0x55daf84ce8a424e58454f5c969735e298b0de025,2,code_hash,32037377
polygon-zkevm:0x55daf84ce8a424e58454f5c969735e298b0de025:SMT_KEY:4,0x55daf84ce8a424e58454f5c969735e298b0de025,4,code_hash_length,32037377
polygon-zkevm:0x0af80ddd630c251f57d401ca38885d04f962bfb8:SMT_KEY:0,0x0af80ddd630c251f57d401ca38885d04f962bfb8,0,balance,32039977
polygon-zkevm:0x0af80ddd630c251f57d401ca38885d04f962bfb8:SMT_KEY:1,0x0af80ddd630c251f57d401ca38885d04f962bfb8,1,nonce,32039977
polygon-zkevm:0x0af80ddd630c251f57d401ca38885d04f962bfb8:SMT_KEY:2,0x0af80ddd630c251f57d401ca38885d04f962bfb8,2,code_hash,32039977
polygon-zkevm:0x0af80ddd630c251f57d401ca38885d04f962bfb8:SMT_KEY:4,0x0af80ddd630c251f57d401ca38885d04f962bfb8,4,code_hash_length,32039977
polygon-zkevm:0x37444d2075254f95bb015c1ea338f95fdbdc80d3:SMT_KEY:0,0x37444d2075254f95bb015c1ea338f95fdbdc80d3,0,balance,32039977
polygon-zkevm:0x37444d2075254f95bb015c1ea338f95fdbdc80d3:SMT_KEY:1,0x37444d2075254f95bb015c1ea338f95fdbdc80d3,1,nonce,32039977
polygon-zkevm:0x37444d2075254f95bb015c1ea338f95fdbdc80d3:SMT_KEY:2,0x37444d2075254f95bb015c1ea338f95fdbdc80d3,2,code_hash,32039977
polygon-zkevm:0x37444d2075254f95bb015c1ea338f95fdbdc80d3:SMT_KEY:4,0x37444d2075254f95bb015c1ea338f95fdbdc80d3,4,code_hash_length,32039977
polygon-zkevm:0x292a29a807a8da975e5a9a21d931e743e14bbb52:SMT_KEY:0,0x292a29a807a8da975e5a9a21d931e743e14bbb52,0,balance,32042407
polygon-zkevm:0x292a29a807a8da975e5a9a21d931e743e14bbb52:SMT_KEY:1,0x292a29a807a8da975e5a9a21d931e743e14bbb52,1,nonce,32042407
polygon-zkevm:0x292a29a807a8da975e5a9a21d931e743e14bbb52:SMT_KEY:2,0x292a29a807a8da975e5a9a21d931e743e14bbb52,2,code_hash,32042407
polygon-zkevm:0x292a29a807a8da975e5a9a21d931e743e14bbb52:SMT_KEY:4,0x292a29a807a8da975e5a9a21d931e743e14bbb52,4,code_hash_length,32042407
polygon-zkevm:0xae91d6cbe511c54570229880d54c6a9330b50343:SMT_KEY:0,0xae91d6cbe511c54570229880d54c6a9330b50343,0,balance,32043707
polygon-zkevm:0xae91d6cbe511c54570229880d54c6a9330b50343:SMT_KEY:1,0xae91d6cbe511c54570229880d54c6a9330b50343,1,nonce,32043707
polygon-zkevm:0xae91d6cbe511c54570229880d54c6a9330b50343:SMT_KEY:2,0xae91d6cbe511c54570229880d54c6a9330b50343,2,code_hash,32043707
polygon-zkevm:0xae91d6cbe511c54570229880d54c6a9330b50343:SMT_KEY:4,0xae91d6cbe511c54570229880d54c6a9330b50343,4,code_hash_length,32043707
polygon-zkevm:0xf9251497024c9284a86b9832a389f0fa6af13828:SMT_KEY:0,0xf9251497024c9284a86b9832a389f0fa6af13828,0,balance,32044777
polygon-zkevm:0xf9251497024c9284a86b9832a389f0fa6af13828:SMT_KEY:1,0xf9251497024c9284a86b9832a389f0fa6af13828,1,nonce,32044777
polygon-zkevm:0xf9251497024c9284a86b9832a389f0fa6af13828:SMT_KEY:2,0xf9251497024c9284a86b9832a389f0fa6af13828,2,code_hash,32044777
polygon-zkevm:0xf9251497024c9284a86b9832a389f0fa6af13828:SMT_KEY:4,0xf9251497024c9284a86b9832a389f0fa6af13828,4,code_hash_length,32044777
polygon-zkevm:0x1796a56b5446a4d7d32914aa645ba1d3730ae81d:SMT_KEY:0,0x1796a56b5446a4d7d32914aa645ba1d3730ae81d,0,balance,32049747
polygon-zkevm:0x1796a56b5446a4d7d32914aa645ba1d3730ae81d:SMT_KEY:1,0x1796a56b5446a4d7d32914aa645ba1d3730ae81d,1,nonce,32049747
polygon-zkevm:0x1796a56b5446a4d7d32914aa645ba1d3730ae81d:SMT_KEY:2,0x1796a56b5446a4d7d32914aa645ba1d3730ae81d,2,code_hash,32049747
polygon-zkevm:0x1796a56b5446a4d7d32914aa645ba1d3730ae81d:SMT_KEY:4,0x1796a56b5446a4d7d32914aa645ba1d3730ae81d,4,code_hash_length,32049747
polygon-zkevm:0x5e2b297016d41055876ff1078100c548adc3a498:SMT_KEY:0,0x5e2b297016d41055876ff1078100c548adc3a498,0,balance,32049747
polygon-zkevm:0x5e2b297016d41055876ff1078100c548adc3a498:SMT_KEY:1,0x5e2b297016d41055876ff1078100c548adc3a498,1,nonce,32049747
polygon-zkevm:0x5e2b297016d41055876ff1078100c548adc3a498:SMT_KEY:2,0x5e2b297016d41055876ff1078100c548adc3a498,2,code_hash,32049747
polygon-zkevm:0x5e2b297016d41055876ff1078100c548adc3a498:SMT_KEY:4,0x5e2b297016d41055876ff1078100c548adc3a498,4,code_hash_length,32049747
polygon-zkevm:0xdcf645c7c245f4b34260374828a013d81875e642:SMT_KEY:0,0xdcf645c7c245f4b34260374828a013d81875e642,0,balance,32052487
polygon-zkevm:0xdcf645c7c245f4b34260374828a013d81875e642:SMT_KEY:1,0xdcf645c7c245f4b34260374828a013d81875e642,1,nonce,32052487
polygon-zkevm:0xdcf645c7c245f4b34260374828a013d81875e642:SMT_KEY:2,0xdcf645c7c245f4b34260374828a013d81875e642,2,code_hash,32052487
polygon-zkevm:0xdcf645c7c245f4b34260374828a013d81875e642:SMT_KEY:4,0xdcf645c7c245f4b34260374828a013d81875e642,4,code_hash_length,32052487
polygon-zkevm:0xf111122404b8c2fc01dff89c65d3104fbb608008:SMT_KEY:0,0xf111122404b8c2fc01dff89c65d3104fbb608008,0,balance,32052487
polygon-zkevm:0xf111122404b8c2fc01dff89c65d3104fbb608008:SMT_KEY:1,0xf111122404b8c2fc01dff89c65d3104fbb608008,1,nonce,32052487
polygon-zkevm:0xf111122404b8c2fc01dff89c65d3104fbb608008:SMT_KEY:2,0xf111122404b8c2fc01dff89c65d3104fbb608008,2,code_hash,32052487
polygon-zkevm:0xf111122404b8c2fc01dff89c65d3104fbb608008:SMT_KEY:4,0xf111122404b8c2fc01dff89c65d3104fbb608008,4,code_hash_length,32052487
polygon-zkevm:0x0e437c109a4c1e15172c4da557e77724d7243f71:SMT_KEY:0,0x0e437c109a4c1e15172c4da557e77724d7243f71,0,balance,32058027
polygon-zkevm:0x0e437c109a4c1e15172c4da557e77724d7243f71:SMT_KEY:1,0x0e437c109a4c1e15172c4da557e77724d7243f71,1,nonce,32058027
polygon-zkevm:0x0e437c109a4c1e15172c4da557e77724d7243f71:SMT_KEY:2,0x0e437c109a4c1e15172c4da557e77724d7243f71,2,code_hash,32058027
polygon-zkevm:0x0e437c109a4c1e15172c4da557e77724d7243f71:SMT_KEY:4,0x0e437c109a4c1e15172c4da557e77724d7243f71,4,code_hash_length,32058027
polygon-zkevm:0x67a5ab0aef8e6b3b2ae4ba1d514c2ccce2ca6e56:SMT_KEY:0,0x67a5ab0aef8e6b3b2ae4ba1d514c2ccce2ca6e56,0,balance,32073347
polygon-zkevm:0x67a5ab0aef8e6b3b2ae4ba1d514c2ccce2ca6e56:SMT_KEY:1,0x67a5ab0aef8e6b3b2ae4ba1d514c2ccce2ca6e56,1,nonce,32073347
polygon-zkevm:0x67a5ab0aef8e6b3b2ae4ba1d514c2ccce2ca6e56:SMT_KEY:2,0x67a5ab0aef8e6b3b2ae4ba1d514c2ccce2ca6e56,2,code_hash,32073347
polygon-zkevm:0x67a5ab0aef8e6b3b2ae4ba1d514c2ccce2ca6e56:SMT_KEY:4,0x67a5ab0aef8e6b3b2ae4ba1d514c2ccce2ca6e56,4,code_hash_length,32073347
