key,address,leaf_type,leaf_type_name,first_seen_block
polygon-zkevm:0x417a7ba2d8d0060ae6c54fd098590db854b9c1d5:SMT_KEY:0,0x417a7ba2d8d0060ae6c54fd098590db854b9c1d5,0,balance,22048400
polygon-zkevm:0x417a7ba2d8d0060ae6c54fd098590db854b9c1d5:SMT_KEY:1,0x417a7ba2d8d0060ae6c54fd098590db854b9c1d5,1,nonce,22048400
polygon-zkevm:0x417a7ba2d8d0060ae6c54fd098590db854b9c1d5:SMT_KEY:2,0x417a7ba2d8d0060ae6c54fd098590db854b9c1d5,2,code_hash,22048400
polygon-zkevm:0x417a7ba2d8d0060ae6c54fd098590db854b9c1d5:SMT_KEY:4,0x417a7ba2d8d0060ae6c54fd098590db854b9c1d5,4,code_hash_length,22048400
polygon-zkevm:0x9af3049dd15616fd627a35563b5282bea5c32e20:SMT_KEY:0,0x9af3049dd15616fd627a35563b5282bea5c32e20,0,balance,22048400
polygon-zkevm:0x9af3049dd15616fd627a35563b5282bea5c32e20:SMT_KEY:1,0x9af3049dd15616fd627a35563b5282bea5c32e20,1,nonce,22048400
polygon-zkevm:0x9af3049dd15616fd627a35563b5282bea5c32e20:SMT_KEY:2,0x9af3049dd15616fd627a35563b5282bea5c32e20,2,code_hash,22048400
polygon-zkevm:0x9af3049dd15616fd627a35563b5282bea5c32e20:SMT_KEY:4,0x9af3049dd15616fd627a35563b5282bea5c32e20,4,code_hash_length,22048400
polygon-zkevm:0x555a64968e4803e27669d64e349ef3d18fca0895:SMT_KEY:0,0x555a64968e4803e27669d64e349ef3d18fca0895,0,balance,22048455
polygon-zkevm:0x555a64968e4803e27669d64e349ef3d18fca0895:SMT_KEY:1,0x555a64968e4803e27669d64e349ef3d18fca0895,1,nonce,22048455
polygon-zkevm:0x555a64968e4803e27669d64e349ef3d18fca0895:SMT_KEY:2,0x555a64968e4803e27669d64e349ef3d18fca0895,2,code_hash,22048455
polygon-zkevm:0x555a64968e4803e27669d64e349ef3d18fca0895:SMT_KEY:4,0x555a64968e4803e27669d64e349ef3d18fca0895,4,code_hash_length,22048455
polygon-zkevm:0x685ee51518320a6625fa2bb523b2eab385df68b3:SMT_KEY:0,0x685ee51518320a6625fa2bb523b2eab385df68b3,0,balance,22048455
polygon-zkevm:0x685ee51518320a6625fa2bb523b2eab385df68b3:SMT_KEY:1,0x685ee51518320a6625fa2bb523b2eab385df68b3,1,nonce,22048455
polygon-zkevm:0x685ee51518320a6625fa2bb523b2eab385df68b3:SMT_KEY:2,0x685ee51518320a6625fa2bb523b2eab385df68b3,2,code_hash,22048455
polygon-zkevm:0x685ee51518320a6625fa2bb523b2eab385df68b3:SMT_KEY:4,0x685ee51518320a6625fa2bb523b2eab385df68b3,4,code_hash_length,22048455
polygon-zkevm:0x00d2e45938811353506a12cb7a0bde2a50e0947b:SMT_KEY:0,0x00d2e45938811353506a12cb7a0bde2a50e0947b,0,balance,22048475
polygon-zkevm:0x00d2e45938811353506a12cb7a0bde2a50e0947b:SMT_KEY:1,0x00d2e45938811353506a12cb7a0bde2a50e0947b,1,nonce,22048475
polygon-zkevm:0x00d2e45938811353506a12cb7a0bde2a50e0947b:SMT_KEY:2,0x00d2e45938811353506a12cb7a0bde2a50e0947b,2,code_hash,22048475
polygon-zkevm:0x00d2e45938811353506a12cb7a0bde2a50e0947b:SMT_KEY:4,0x00d2e45938811353506a12cb7a0bde2a50e0947b,4,code_hash_length,22048475
polygon-zkevm:0xb8af4fa4feabaa02a09d146e4f871ea4a0a41c04:SMT_KEY:0,0xb8af4fa4feabaa02a09d146e4f871ea4a0a41c04,0,balance,22048475
polygon-zkevm:0xb8af4fa4feabaa02a09d146e4f871ea4a0a41c04:SMT_KEY:1,0xb8af4fa4feabaa02a09d146e4f871ea4a0a41c04,1,nonce,22048475
polygon-zkevm:0xb8af4fa4feabaa02a09d146e4f871ea4a0a41c04:SMT_KEY:2,0xb8af4fa4feabaa02a09d146e4f871ea4a0a41c04,2,code_hash,22048475
polygon-zkevm:0xb8af4fa4feabaa02a09d146e4f871ea4a0a41c04:SMT_KEY:4,0xb8af4fa4feabaa02a09d146e4f871ea4a0a41c04,4,code_hash_length,22048475
polygon-zkevm:0x709944a48caf83535e43471680fda4905fb3920a:SMT_KEY:0,0x709944a48caf83535e43471680fda4905fb3920a,0,balance,22048565
polygon-zkevm:0x709944a48caf83535e43471680fda4905fb3920a:SMT_KEY:1,0x709944a48caf83535e43471680fda4905fb3920a,1,nonce,22048565
polygon-zkevm:0x709944a48caf83535e43471680fda4905fb3920a:SMT_KEY:2,0x709944a48caf83535e43471680fda4905fb3920a,2,code_hash,22048565
polygon-zkevm:0x709944a48caf83535e43471680fda4905fb3920a:SMT_KEY:4,0x709944a48caf83535e43471680fda4905fb3920a,4,code_hash_length,22048565
polygon-zkevm:0xc680bcda3b122837a0d49ba23f607b412cd90906:SMT_KEY:0,0xc680bcda3b122837a0d49ba23f607b412cd90906,0,balance,22048565
polygon-zkevm:0xc680bcda3b122837a0d49ba23f607b412cd90906:SMT_KEY:1,0xc680bcda3b122837a0d49ba23f607b412cd90906,1,nonce,22048565
polygon-zkevm:0xc680bcda3b122837a0d49ba23f607b412cd90906:SMT_KEY:2,0xc680bcda3b122837a0d49ba23f607b412cd90906,2,code_hash,22048565
polygon-zkevm:0xc680bcda3b122837a0d49ba23f607b412cd90906:SMT_KEY:4,0xc680bcda3b122837a0d49ba23f607b412cd90906,4,code_hash_length,22048565
polygon-zkevm:0x199f9e430c2970832f4483ed0013abd8d247715d:SMT_KEY:0,0x199f9e430c2970832f4483ed0013abd8d247715d,0,balance,22048570
polygon-zkevm:0x199f9e430c2970832f4483ed0013abd8d247715d:SMT_KEY:1,0x199f9e430c2970832f4483ed0013abd8d247715d,1,nonce,22048570
polygon-zkevm:0x199f9e430c2970832f4483ed0013abd8d247715d:SMT_KEY:2,0x199f9e430c2970832f4483ed0013abd8d247715d,2,code_hash,22048570
polygon-zkevm:0x199f9e430c2970832f4483ed0013abd8d247715d:SMT_KEY:4,0x199f9e430c2970832f4483ed0013abd8d247715d,4,code_hash_length,22048570
polygon-zkevm:0xc2b55f94c1908d9a866c7d4beae36931b1b9c581:SMT_KEY:0,0xc2b55f94c1908d9a866c7d4beae36931b1b9c581,0,balance,22048570
polygon-zkevm:0xc2b55f94c1908d9a866c7d4beae36931b1b9c581:SMT_KEY:1,0xc2b55f94c1908d9a866c7d4beae36931b1b9c581,1,nonce,22048570
polygon-zkevm:0xc2b55f94c1908d9a866c7d4beae36931b1b9c581:SMT_KEY:2,0xc2b55f94c1908d9a866c7d4beae36931b1b9c581,2,code_hash,22048570
polygon-zkevm:0xc2b55f94c1908d9a866c7d4beae36931b1b9c581:SMT_KEY:4,0xc2b55f94c1908d9a866c7d4beae36931b1b9c581,4,code_hash_length,22048570
polygon-zkevm:0xc3e8b59b47112c3937a1d1a8d833ddc65e9ee5ef:SMT_KEY:0,0xc3e8b59b47112c3937a1d1a8d833ddc65e9ee5ef,0,balance,22048570
polygon-zkevm:0xc3e8b59b47112c3937a1d1a8d833ddc65e9ee5ef:SMT_KEY:1,0xc3e8b59b47112c3937a1d1a8d833ddc65e9ee5ef,1,nonce,22048570
polygon-zkevm:0xc3e8b59b47112c3937a1d1a8d833ddc65e9ee5ef:SMT_KEY:2,0xc3e8b59b47112c3937a1d1a8d833ddc65e9ee5ef,2,code_hash,22048570
polygon-zkevm:0xc3e8b59b47112c3937a1d1a8d833ddc65e9ee5ef:SMT_KEY:4,0xc3e8b59b47112c3937a1d1a8d833ddc65e9ee5ef,4,code_hash_length,22048570
polygon-zkevm:0x0be42e65325aeadcb5957442945d50a25c8cafb5:SMT_KEY:0,0x0be42e65325aeadcb5957442945d50a25c8cafb5,0,balance,22048580
polygon-zkevm:0x0be42e65325aeadcb5957442945d50a25c8cafb5:SMT_KEY:1,0x0be42e65325aeadcb5957442945d50a25c8cafb5,1,nonce,22048580
polygon-zkevm:0x0be42e65325aeadcb5957442945d50a25c8cafb5:SMT_KEY:2,0x0be42e65325aeadcb5957442945d50a25c8cafb5,2,code_hash,22048580
polygon-zkevm:0x0be42e65325aeadcb5957442945d50a25c8cafb5:SMT_KEY:4,0x0be42e65325aeadcb5957442945d50a25c8cafb5,4,code_hash_length,22048580
polygon-zkevm:0xcd2afeaf99a8ab9e1bff24c47fd5d1d284d7231a:SMT_KEY:0,0xcd2afeaf99a8ab9e1bff24c47fd5d1d284d7231a,0,balance,22048580
polygon-zkevm:0xcd2afeaf99a8ab9e1bff24c47fd5d1d284d7231a:SMT_KEY:1,0xcd2afeaf99a8ab9e1bff24c47fd5d1d284d7231a,1,nonce,22048580
polygon-zkevm:0xcd2afeaf99a8ab9e1bff24c47fd5d1d284d7231a:SMT_KEY:2,0xcd2afeaf99a8ab9e1bff24c47fd5d1d284d7231a,2,code_hash,22048580
polygon-zkevm:0xcd2afeaf99a8ab9e1bff24c47fd5d1d284d7231a:SMT_KEY:4,0xcd2afeaf99a8ab9e1bff24c47fd5d1d284d7231a,4,code_hash_length,22048580
polygon-zkevm:0x38126dd8a563c83d06f8103833d09c4bac6aa9df:SMT_KEY:0,0x38126dd8a563c83d06f8103833d09c4bac6aa9df,0,balance,22048825
polygon-zkevm:0x38126dd8a563c83d06f8103833d09c4bac6aa9df:SMT_KEY:1,0x38126dd8a563c83d06f8103833d09c4bac6aa9df,1,nonce,22048825
polygon-zkevm:0x38126dd8a563c83d06f8103833d09c4bac6aa9df:SMT_KEY:2,0x38126dd8a563c83d06f8103833d09c4bac6aa9df,2,code_hash,22048825
polygon-zkevm:0x38126dd8a563c83d06f8103833d09c4bac6aa9df:SMT_KEY:4,0x38126dd8a563c83d06f8103833d09c4bac6aa9df,4,code_hash_length,22048825
polygon-zkevm:0xb7a77a13b363bdd179181486fd573b702653250e:SMT_KEY:0,0xb7a77a13b363bdd179181486fd573b702653250e,0,balance,22048825
polygon-zkevm:0xb7a77a13b363bdd179181486fd573b702653250e:SMT_KEY:1,0xb7a77a13b363bdd179181486fd573b702653250e,1,nonce,22048825
polygon-zkevm:0xb7a77a13b363bdd179181486fd573b702653250e:SMT_KEY:2,0xb7a77a13b363bdd179181486fd573b702653250e,2,code_hash,22048825
polygon-zkevm:0xb7a77a13b363bdd179181486fd573b702653250e:SMT_KEY:4,0xb7a77a13b363bdd179181486fd573b702653250e,4,code_hash_length,22048825
polygon-zkevm:0x6b51ffff0145edcbb31803f826c79a4ea40e6d5e:SMT_KEY:0,0x6b51ffff0145edcbb31803f826c79a4ea40e6d5e,0,balance,22048835
polygon-zkevm:0x6b51ffff0145edcbb31803f826c79a4ea40e6d5e:SMT_KEY:1,0x6b51ffff0145edcbb31803f826c79a4ea40e6d5e,1,nonce,22048835
polygon-zkevm:0x6b51ffff0145edcbb31803f826c79a4ea40e6d5e:SMT_KEY:2,0x6b51ffff0145edcbb31803f826c79a4ea40e6d5e,2,code_hash,22048835
polygon-zkevm:0x6b51ffff0145edcbb31803f826c79a4ea40e6d5e:SMT_KEY:4,0x6b51ffff0145edcbb31803f826c79a4ea40e6d5e,4,code_hash_length,22048835
polygon-zkevm:0xca585e09df67e83106c9bcd839c989ace537bf95:SMT_KEY:0,0xca585e09df67e83106c9bcd839c989ace537bf95,0,balance,22048835
polygon-zkevm:0xca585e09df67e83106c9bcd839c989ace537bf95:SMT_KEY:1,0xca585e09df67e83106c9bcd839c989ace537bf95,1,nonce,22048835
polygon-zkevm:0xca585e09df67e83106c9bcd839c989ace537bf95:SMT_KEY:2,0xca585e09df67e83106c9bcd839c989ace537bf95,2,code_hash,22048835
polygon-zkevm:0xca585e09df67e83106c9bcd839c989ace537bf95:SMT_KEY:4,0xca585e09df67e83106c9bcd839c989ace537bf95,4,code_hash_length,22048835
polygon-zkevm:0xa1a108cad30787d4f241d4ed23268dc170822de7:SMT_KEY:0,0xa1a108cad30787d4f241d4ed23268dc170822de7,0,balance,22048880
polygon-zkevm:0xa1a108cad30787d4f241d4ed23268dc170822de7:SMT_KEY:1,0xa1a108cad30787d4f241d4ed23268dc170822de7,1,nonce,22048880
polygon-zkevm:0xa1a108cad30787d4f241d4ed23268dc170822de7:SMT_KEY:2,0xa1a108cad30787d4f241d4ed23268dc170822de7,2,code_hash,22048880
polygon-zkevm:0xa1a108cad30787d4f241d4ed23268dc170822de7:SMT_KEY:4,0xa1a108cad30787d4f241d4ed23268dc170822de7,4,code_hash_length,22048880
polygon-zkevm:0x1231deb6f5749ef6ce6943a275a1d3e7486f4eae:SMT_KEY:0,0x1231deb6f5749ef6ce6943a275a1d3e7486f4eae,0,balance,22048925
polygon-zkevm:0x1231deb6f5749ef6ce6943a275a1d3e7486f4eae:SMT_KEY:1,0x1231deb6f5749ef6ce6943a275a1d3e7486f4eae,1,nonce,22048925
polygon-zkevm:0x1231deb6f5749ef6ce6943a275a1d3e7486f4eae:SMT_KEY:2,0x1231deb6f5749ef6ce6943a275a1d3e7486f4eae,2,code_hash,22048925
polygon-zkevm:0x1231deb6f5749ef6ce6943a275a1d3e7486f4eae:SMT_KEY:4,0x1231deb6f5749ef6ce6943a275a1d3e7486f4eae,4,code_hash_length,22048925
polygon-zkevm:0x63ea770edf285cd8ecb42f142080a81cb9a48af6:SMT_KEY:0,0x63ea770edf285cd8ecb42f142080a81cb9a48af6,0,balance,22048925
polygon-zkevm:0x63ea770edf285cd8ecb42f142080a81cb9a48af6:SMT_KEY:1,0x63ea770edf285cd8ecb42f142080a81cb9a48af6,1,nonce,22048925
polygon-zkevm:0x63ea770edf285cd8ecb42f142080a81cb9a48af6:SMT_KEY:2,0x63ea770edf285cd8ecb42f142080a81cb9a48af6,2,code_hash,22048925
polygon-zkevm:0x63ea770edf285cd8ecb42f142080a81cb9a48af6:SMT_KEY:4,0x63ea770edf285cd8ecb42f142080a81cb9a48af6,4,code_hash_length,22048925
polygon-zkevm:0x99721702bf1b8d1a9e15f3570faa6539addc3736:SMT_KEY:0,0x99721702bf1b8d1a9e15f3570faa6539addc3736,0,balance,22048950
polygon-zkevm:0x99721702bf1b8d1a9e15f3570faa6539addc3736:SMT_KEY:1,0x99721702bf1b8d1a9e15f3570faa6539addc3736,1,nonce,22048950
polygon-zkevm:0x99721702bf1b8d1a9e15f3570faa6539addc3736:SMT_KEY:2,0x99721702bf1b8d1a9e15f3570faa6539addc3736,2,code_hash,22048950
polygon-zkevm:0x99721702bf1b8d1a9e15f3570faa6539addc3736:SMT_KEY:4,0x99721702bf1b8d1a9e15f3570faa6539addc3736,4,code_hash_length,22048950
polygon-zkevm:0xe0aa1bf93c964d09a58233765d321cc8e7b4a790:SMT_KEY:0,0xe0aa1bf93c964d09a58233765d321cc8e7b4a790,0,balance,22048950
polygon-zkevm:0xe0aa1bf93c964d09a58233765d321cc8e7b4a790:SMT_KEY:1,0xe0aa1bf93c964d09a58233765d321cc8e7b4a790,1,nonce,22048950
polygon-zkevm:0xe0aa1bf93c964d09a58233765d321cc8e7b4a790:SMT_KEY:2,0xe0aa1bf93c964d09a58233765d321cc8e7b4a790,2,code_hash,22048950
polygon-zkevm:0xe0aa1bf93c964d09a58233765d321cc8e7b4a790:SMT_KEY:4,0xe0aa1bf93c964d09a58233765d321cc8e7b4a790,4,code_hash_length,22048950
polygon-zkevm:0x00a7374620a17328f4c865f19340cc247f62fb0c:SMT_KEY:0,0x00a7374620a17328f4c865f19340cc247f62fb0c,0,balance,22049000
polygon-zkevm:0x00a7374620a17328f4c865f19340cc247f62fb0c:SMT_KEY:1,0x00a7374620a17328f4c865f19340cc247f62fb0c,1,nonce,22049000
polygon-zkevm:0x00a7374620a17328f4c865f19340cc247f62fb0c:SMT_KEY:2,0x00a7374620a17328f4c865f19340cc247f62fb0c,2,code_hash,22049000
polygon-zkevm:0x00a7374620a17328f4c865f19340cc247f62fb0c:SMT_KEY:4,0x00a7374620a17328f4c865f19340cc247f62fb0c,4,code_hash_length,22049000
polygon-zkevm:0xa2036f0538221a77a3937f1379699f44945018d0:SMT_KEY:0,0xa2036f0538221a77a3937f1379699f44945018d0,0,balance,22049005
polygon-zkevm:0xa2036f0538221a77a3937f1379699f44945018d0:SMT_KEY:1,0xa2036f0538221a77a3937f1379699f44945018d0,1,nonce,22049005
polygon-zkevm:0xa2036f0538221a77a3937f1379699f44945018d0:SMT_KEY:2,0xa2036f0538221a77a3937f1379699f44945018d0,2,code_hash,22049005
polygon-zkevm:0xa2036f0538221a77a3937f1379699f44945018d0:SMT_KEY:4,0xa2036f0538221a77a3937f1379699f44945018d0,4,code_hash_length,22049005
polygon-zkevm:0xbe5b1afae3d69e0b193e18ba75ea27e45af9d681:SMT_KEY:0,0xbe5b1afae3d69e0b193e18ba75ea27e45af9d681,0,balance,22049005
polygon-zkevm:0xbe5b1afae3d69e0b193e18ba75ea27e45af9d681:SMT_KEY:1,0xbe5b1afae3d69e0b193e18ba75ea27e45af9d681,1,nonce,22049005
polygon-zkevm:0xbe5b1afae3d69e0b193e18ba75ea27e45af9d681:SMT_KEY:2,0xbe5b1afae3d69e0b193e18ba75ea27e45af9d681,2,code_hash,22049005
polygon-zkevm:0xbe5b1afae3d69e0b193e18ba75ea27e45af9d681:SMT_KEY:4,0xbe5b1afae3d69e0b193e18ba75ea27e45af9d681,4,code_hash_length,22049005
polygon-zkevm:0x1daa4f9e8f68b71541ed4eb08f496c8e591a6bb5:SMT_KEY:0,0x1daa4f9e8f68b71541ed4eb08f496c8e591a6bb5,0,balance,22049040
polygon-zkevm:0x1daa4f9e8f68b71541ed4eb08f496c8e591a6bb5:SMT_KEY:1,0x1daa4f9e8f68b71541ed4eb08f496c8e591a6bb5,1,nonce,22049040
polygon-zkevm:0x1daa4f9e8f68b71541ed4eb08f496c8e591a6bb5:SMT_KEY:2,0x1daa4f9e8f68b71541ed4eb08f496c8e591a6bb5,2,code_hash,22049040
polygon-zkevm:0x1daa4f9e8f68b71541ed4eb08f496c8e591a6bb5:SMT_KEY:4,0x1daa4f9e8f68b71541ed4eb08f496c8e591a6bb5,4,code_hash_length,22049040
polygon-zkevm:0x8ff6508bdd71b535df073920c423e9eaee0b97af:SMT_KEY:0,0x8ff6508bdd71b535df073920c423e9eaee0b97af,0,balance,22049040
polygon-zkevm:0x8ff6508bdd71b535df073920c423e9eaee0b97af:SMT_KEY:1,0x8ff6508bdd71b535df073920c423e9eaee0b97af,1,nonce,22049040
polygon-zkevm:0x8ff6508bdd71b535df073920c423e9eaee0b97af:SMT_KEY:2,0x8ff6508bdd71b535df073920c423e9eaee0b97af,2,code_hash,22049040
polygon-zkevm:0x8ff6508bdd71b535df073920c423e9eaee0b97af:SMT_KEY:4,0x8ff6508bdd71b535df073920c423e9eaee0b97af,4,code_hash_length,22049040
polygon-zkevm:0x5fe5256a5dd4e30ad3106f97ac101b1d3b4c1317:SMT_KEY:0,0x5fe5256a5dd4e30ad3106f97ac101b1d3b4c1317,0,balance,22049045
polygon-zkevm:0x5fe5256a5dd4e30ad3106f97ac101b1d3b4c1317:SMT_KEY:1,0x5fe5256a5dd4e30ad3106f97ac101b1d3b4c1317,1,nonce,22049045
polygon-zkevm:0x5fe5256a5dd4e30ad3106f97ac101b1d3b4c1317:SMT_KEY:2,0x5fe5256a5dd4e30ad3106f97ac101b1d3b4c1317,2,code_hash,22049045
polygon-zkevm:0x5fe5256a5dd4e30ad3106f97ac101b1d3b4c1317:SMT_KEY:4,0x5fe5256a5dd4e30ad3106f97ac101b1d3b4c1317,4,code_hash_length,22049045
polygon-zkevm:0x256efafed786d24163bedf15d583ea5dbdb4757c:SMT_KEY:0,0x256efafed786d24163bedf15d583ea5dbdb4757c,0,balance,22049065
polygon-zkevm:0x256efafed786d24163bedf15d583ea5dbdb4757c:SMT_KEY:1,0x256efafed786d24163bedf15d583ea5dbdb4757c,1,nonce,22049065
polygon-zkevm:0x256efafed786d24163bedf15d583ea5dbdb4757c:SMT_KEY:2,0x256efafed786d24163bedf15d583ea5dbdb4757c,2,code_hash,22049065
polygon-zkevm:0x256efafed786d24163bedf15d583ea5dbdb4757c:SMT_KEY:4,0x256efafed786d24163bedf15d583ea5dbdb4757c,4,code_hash_length,22049065
polygon-zkevm:0x415669455d93b755efe7f20ef6f1dbdce7f68f7d:SMT_KEY:0,0x415669455d93b755efe7f20ef6f1dbdce7f68f7d,0,balance,22049065
polygon-zkevm:0x415669455d93b755efe7f20ef6f1dbdce7f68f7d:SMT_KEY:1,0x415669455d93b755efe7f20ef6f1dbdce7f68f7d,1,nonce,22049065
polygon-zkevm:0x415669455d93b755efe7f20ef6f1dbdce7f68f7d:SMT_KEY:2,0x415669455d93b755efe7f20ef6f1dbdce7f68f7d,2,code_hash,22049065
polygon-zkevm:0x415669455d93b755efe7f20ef6f1dbdce7f68f7d:SMT_KEY:4,0x415669455d93b755efe7f20ef6f1dbdce7f68f7d,4,code_hash_length,22049065
polygon-zkevm:0xb91d3060c90aac7c4c706aef2b37997b3b2a1dcf:SMT_KEY:0,0xb91d3060c90aac7c4c706aef2b37997b3b2a1dcf,0,balance,22049260
polygon-zkevm:0xb91d3060c90aac7c4c706aef2b37997b3b2a1dcf:SMT_KEY:1,0xb91d3060c90aac7c4c706aef2b37997b3b2a1dcf,1,nonce,22049260
polygon-zkevm:0xb91d3060c90aac7c4c706aef2b37997b3b2a1dcf:SMT_KEY:2,0xb91d3060c90aac7c4c706aef2b37997b3b2a1dcf,2,code_hash,22049260
polygon-zkevm:0xb91d3060c90aac7c4c706aef2b37997b3b2a1dcf:SMT_KEY:4,0xb91d3060c90aac7c4c706aef2b37997b3b2a1dcf,4,code_hash_length,22049260
polygon-zkevm:0x31b28e8a575bd07b53c51d0a7dc38c9dc47b7d9e:SMT_KEY:0,0x31b28e8a575bd07b53c51d0a7dc38c9dc47b7d9e,0,balance,22049450
polygon-zkevm:0x31b28e8a575bd07b53c51d0a7dc38c9dc47b7d9e:SMT_KEY:1,0x31b28e8a575bd07b53c51d0a7dc38c9dc47b7d9e,1,nonce,22049450
polygon-zkevm:0x31b28e8a575bd07b53c51d0a7dc38c9dc47b7d9e:SMT_KEY:2,0x31b28e8a575bd07b53c51d0a7dc38c9dc47b7d9e,2,code_hash,22049450
polygon-zkevm:0x31b28e8a575bd07b53c51d0a7dc38c9dc47b7d9e:SMT_KEY:4,0x31b28e8a575bd07b53c51d0a7dc38c9dc47b7d9e,4,code_hash_length,22049450
polygon-zkevm:0x07a009e9e98649bff954cf3032ceb3e21e020f49:SMT_KEY:0,0x07a009e9e98649bff954cf3032ceb3e21e020f49,0,balance,22049835
polygon-zkevm:0x07a009e9e98649bff954cf3032ceb3e21e020f49:SMT_KEY:1,0x07a009e9e98649bff954cf3032ceb3e21e020f49,1,nonce,22049835
polygon-zkevm:0x07a009e9e98649bff954cf3032ceb3e21e020f49:SMT_KEY:2,0x07a009e9e98649bff954cf3032ceb3e21e020f49,2,code_hash,22049835
polygon-zkevm:0x07a009e9e98649bff954cf3032ceb3e21e020f49:SMT_KEY:4,0x07a009e9e98649bff954cf3032ceb3e21e020f49,4,code_hash_length,22049835
polygon-zkevm:0xa8ce8aee21bc2a48a5ef670afcc9274c7bbbc035:SMT_KEY:0,0xa8ce8aee21bc2a48a5ef670afcc9274c7bbbc035,0,balance,22049835
polygon-zkevm:0xa8ce8aee21bc2a48a5ef670afcc9274c7bbbc035:SMT_KEY:1,0xa8ce8aee21bc2a48a5ef670afcc9274c7bbbc035,1,nonce,22049835
polygon-zkevm:0xa8ce8aee21bc2a48a5ef670afcc9274c7bbbc035:SMT_KEY:2,0xa8ce8aee21bc2a48a5ef670afcc9274c7bbbc035,2,code_hash,22049835
polygon-zkevm:0xa8ce8aee21bc2a48a5ef670afcc9274c7bbbc035:SMT_KEY:4,0xa8ce8aee21bc2a48a5ef670afcc9274c7bbbc035,4,code_hash_length,22049835
polygon-zkevm:0x17fc3813d8761eab20e8d16ba7d38b92547dec91:SMT_KEY:0,0x17fc3813d8761eab20e8d16ba7d38b92547dec91,0,balance,22049905
polygon-zkevm:0x17fc3813d8761eab20e8d16ba7d38b92547dec91:SMT_KEY:1,0x17fc3813d8761eab20e8d16ba7d38b92547dec91,1,nonce,22049905
polygon-zkevm:0x17fc3813d8761eab20e8d16ba7d38b92547dec91:SMT_KEY:2,0x17fc3813d8761eab20e8d16ba7d38b92547dec91,2,code_hash,22049905
polygon-zkevm:0x17fc3813d8761eab20e8d16ba7d38b92547dec91:SMT_KEY:4,0x17fc3813d8761eab20e8d16ba7d38b92547dec91,4,code_hash_length,22049905
polygon-zkevm:0xa06e1351e2fd2d45b5d35633ca7ecf328684a109:SMT_KEY:0,0xa06e1351e2fd2d45b5d35633ca7ecf328684a109,0,balance,22049915
polygon-zkevm:0xa06e1351e2fd2d45b5d35633ca7ecf328684a109:SMT_KEY:1,0xa06e1351e2fd2d45b5d35633ca7ecf328684a109,1,nonce,22049915
polygon-zkevm:0xa06e1351e2fd2d45b5d35633ca7ecf328684a109:SMT_KEY:2,0xa06e1351e2fd2d45b5d35633ca7ecf328684a109,2,code_hash,22049915
polygon-zkevm:0xa06e1351e2fd2d45b5d35633ca7ecf328684a109:SMT_KEY:4,0xa06e1351e2fd2d45b5d35633ca7ecf328684a109,4,code_hash_length,22049915
polygon-zkevm:0xcf32d3b339b7e19c55afc211c21af0eb6466e775:SMT_KEY:0,0xcf32d3b339b7e19c55afc211c21af0eb6466e775,0,balance,22049915
polygon-zkevm:0xcf32d3b339b7e19c55afc211c21af0eb6466e775:SMT_KEY:1,0xcf32d3b339b7e19c55afc211c21af0eb6466e775,1,nonce,22049915
polygon-zkevm:0xcf32d3b339b7e19c55afc211c21af0eb6466e775:SMT_KEY:2,0xcf32d3b339b7e19c55afc211c21af0eb6466e775,2,code_hash,22049915
polygon-zkevm:0xcf32d3b339b7e19c55afc211c21af0eb6466e775:SMT_KEY:4,0xcf32d3b339b7e19c55afc211c21af0eb6466e775,4,code_hash_length,22049915
polygon-zkevm:0x671cb29d53ca762c749f995a6e7af8900732168f:SMT_KEY:0,0x671cb29d53ca762c749f995a6e7af8900732168f,0,balance,22050020
polygon-zkevm:0x671cb29d53ca762c749f995a6e7af8900732168f:SMT_KEY:1,0x671cb29d53ca762c749f995a6e7af8900732168f,1,nonce,22050020
polygon-zkevm:0x671cb29d53ca762c749f995a6e7af8900732168f:SMT_KEY:2,0x671cb29d53ca762c749f995a6e7af8900732168f,2,code_hash,22050020
polygon-zkevm:0x671cb29d53ca762c749f995a6e7af8900732168f:SMT_KEY:4,0x671cb29d53ca762c749f995a6e7af8900732168f,4,code_hash_length,22050020
polygon-zkevm:0xe5e23462178f118daeb03da7db6a6ef8e9129bac:SMT_KEY:0,0xe5e23462178f118daeb03da7db6a6ef8e9129bac,0,balance,22050070
polygon-zkevm:0xe5e23462178f118daeb03da7db6a6ef8e9129bac:SMT_KEY:1,0xe5e23462178f118daeb03da7db6a6ef8e9129bac,1,nonce,22050070
polygon-zkevm:0xe5e23462178f118daeb03da7db6a6ef8e9129bac:SMT_KEY:2,0xe5e23462178f118daeb03da7db6a6ef8e9129bac,2,code_hash,22050070
polygon-zkevm:0xe5e23462178f118daeb03da7db6a6ef8e9129bac:SMT_KEY:4,0xe5e23462178f118daeb03da7db6a6ef8e9129bac,4,code_hash_length,22050070
polygon-zkevm:0x06581bb682c3a3eb9e98ea70a1c776304c5fefbb:SMT_KEY:0,0x06581bb682c3a3eb9e98ea70a1c776304c5fefbb,0,balance,22050100
polygon-zkevm:0x06581bb682c3a3eb9e98ea70a1c776304c5fefbb:SMT_KEY:1,0x06581bb682c3a3eb9e98ea70a1c776304c5fefbb,1,nonce,22050100
polygon-zkevm:0x06581bb682c3a3eb9e98ea70a1c776304c5fefbb:SMT_KEY:2,0x06581bb682c3a3eb9e98ea70a1c776304c5fefbb,2,code_hash,22050100
polygon-zkevm:0x06581bb682c3a3eb9e98ea70a1c776304c5fefbb:SMT_KEY:4,0x06581bb682c3a3eb9e98ea70a1c776304c5fefbb,4,code_hash_length,22050100
polygon-zkevm:0xfe642e65b75802bb33e4022545a26332f6d33557:SMT_KEY:0,0xfe642e65b75802bb33e4022545a26332f6d33557,0,balance,22050100
polygon-zkevm:0xfe642e65b75802bb33e4022545a26332f6d33557:SMT_KEY:1,0xfe642e65b75802bb33e4022545a26332f6d33557,1,nonce,22050100
polygon-zkevm:0xfe642e65b75802bb33e4022545a26332f6d33557:SMT_KEY:2,0xfe642e65b75802bb33e4022545a26332f6d33557,2,code_hash,22050100
polygon-zkevm:0xfe642e65b75802bb33e4022545a26332f6d33557:SMT_KEY:4,0xfe642e65b75802bb33e4022545a26332f6d33557,4,code_hash_length,22050100
polygon-zkevm:0x4412545af27ef57d8ba9931099c870b566210baa:SMT_KEY:0,0x4412545af27ef57d8ba9931099c870b566210baa,0,balance,22050215
polygon-zkevm:0x4412545af27ef57d8ba9931099c870b566210baa:SMT_KEY:1,0x4412545af27ef57d8ba9931099c870b566210baa,1,nonce,22050215
polygon-zkevm:0x4412545af27ef57d8ba9931099c870b566210baa:SMT_KEY:2,0x4412545af27ef57d8ba9931099c870b566210baa,2,code_hash,22050215
polygon-zkevm:0x4412545af27ef57d8ba9931099c870b566210baa:SMT_KEY:4,0x4412545af27ef57d8ba9931099c870b566210baa,4,code_hash_length,22050215
polygon-zkevm:0xd83729a90474d6ae09502ee3c58485cef40ac872:SMT_KEY:0,0xd83729a90474d6ae09502ee3c58485cef40ac872,0,balance,22050215
polygon-zkevm:0xd83729a90474d6ae09502ee3c58485cef40ac872:SMT_KEY:1,0xd83729a90474d6ae09502ee3c58485cef40ac872,1,nonce,22050215
polygon-zkevm:0xd83729a90474d6ae09502ee3c58485cef40ac872:SMT_KEY:2,0xd83729a90474d6ae09502ee3c58485cef40ac872,2,code_hash,22050215
polygon-zkevm:0xd83729a90474d6ae09502ee3c58485cef40ac872:SMT_KEY:4,0xd83729a90474d6ae09502ee3c58485cef40ac872,4,code_hash_length,22050215
polygon-zkevm:0x178580ad1637e076b5b0c1b7414663d945f922e9:SMT_KEY:0,0x178580ad1637e076b5b0c1b7414663d945f922e9,0,balance,22050325
polygon-zkevm:0x178580ad1637e076b5b0c1b7414663d945f922e9:SMT_KEY:1,0x178580ad1637e076b5b0c1b7414663d945f922e9,1,nonce,22050325
polygon-zkevm:0x178580ad1637e076b5b0c1b7414663d945f922e9:SMT_KEY:2,0x178580ad1637e076b5b0c1b7414663d945f922e9,2,code_hash,22050325
polygon-zkevm:0x178580ad1637e076b5b0c1b7414663d945f922e9:SMT_KEY:4,0x178580ad1637e076b5b0c1b7414663d945f922e9,4,code_hash_length,22050325
polygon-zkevm:0x9f4a825290dc01edceff30fec2eae7498c7f8874:SMT_KEY:0,0x9f4a825290dc01edceff30fec2eae7498c7f8874,0,balance,22050330
polygon-zkevm:0x9f4a825290dc01edceff30fec2eae7498c7f8874:SMT_KEY:1,0x9f4a825290dc01edceff30fec2eae7498c7f8874,1,nonce,22050330
polygon-zkevm:0x9f4a825290dc01edceff30fec2eae7498c7f8874:SMT_KEY:2,0x9f4a825290dc01edceff30fec2eae7498c7f8874,2,code_hash,22050330
polygon-zkevm:0x9f4a825290dc01edceff30fec2eae7498c7f8874:SMT_KEY:4,0x9f4a825290dc01edceff30fec2eae7498c7f8874,4,code_hash_length,22050330
polygon-zkevm:0xbd6dbee69e43caec12c76bbe805750760cc70b0e:SMT_KEY:0,0xbd6dbee69e43caec12c76bbe805750760cc70b0e,0,balance,22050430
polygon-zkevm:0xbd6dbee69e43caec12c76bbe805750760cc70b0e:SMT_KEY:1,0xbd6dbee69e43caec12c76bbe805750760cc70b0e,1,nonce,22050430
polygon-zkevm:0xbd6dbee69e43caec12c76bbe805750760cc70b0e:SMT_KEY:2,0xbd6dbee69e43caec12c76bbe805750760cc70b0e,2,code_hash,22050430
polygon-zkevm:0xbd6dbee69e43caec12c76bbe805750760cc70b0e:SMT_KEY:4,0xbd6dbee69e43caec12c76bbe805750760cc70b0e,4,code_hash_length,22050430
polygon-zkevm:0x07ca54b301deca9c8bc9af4e4cd6a87531018031:SMT_KEY:0,0x07ca54b301deca9c8bc9af4e4cd6a87531018031,0,balance,22050470
polygon-zkevm:0x07ca54b301deca9c8bc9af4e4cd6a87531018031:SMT_KEY:1,0x07ca54b301deca9c8bc9af4e4cd6a87531018031,1,nonce,22050470
polygon-zkevm:0x07ca54b301deca9c8bc9af4e4cd6a87531018031:SMT_KEY:2,0x07ca54b301deca9c8bc9af4e4cd6a87531018031,2,code_hash,22050470
polygon-zkevm:0x07ca54b301deca9c8bc9af4e4cd6a87531018031:SMT_KEY:4,0x07ca54b301deca9c8bc9af4e4cd6a87531018031,4,code_hash_length,22050470
polygon-zkevm:0xb3314456567986e657d4c65ec9e8cb736b92d11d:SMT_KEY:0,0xb3314456567986e657d4c65ec9e8cb736b92d11d,0,balance,22050470
polygon-zkevm:0xb3314456567986e657d4c65ec9e8cb736b92d11d:SMT_KEY:1,0xb3314456567986e657d4c65ec9e8cb736b92d11d,1,nonce,22050470
polygon-zkevm:0xb3314456567986e657d4c65ec9e8cb736b92d11d:SMT_KEY:2,0xb3314456567986e657d4c65ec9e8cb736b92d11d,2,code_hash,22050470
polygon-zkevm:0xb3314456567986e657d4c65ec9e8cb736b92d11d:SMT_KEY:4,0xb3314456567986e657d4c65ec9e8cb736b92d11d,4,code_hash_length,22050470
polygon-zkevm:0xa214aed7cf1982d5e342fd93711a49153623f953:SMT_KEY:0,0xa214aed7cf1982d5e342fd93711a49153623f953,0,balance,22050480
polygon-zkevm:0xa214aed7cf1982d5e342fd93711a49153623f953:SMT_KEY:1,0xa214aed7cf1982d5e342fd93711a49153623f953,1,nonce,22050480
polygon-zkevm:0xa214aed7cf1982d5e342fd93711a49153623f953:SMT_KEY:2,0xa214aed7cf1982d5e342fd93711a49153623f953,2,code_hash,22050480
polygon-zkevm:0xa214aed7cf1982d5e342fd93711a49153623f953:SMT_KEY:4,0xa214aed7cf1982d5e342fd93711a49153623f953,4,code_hash_length,22050480
polygon-zkevm:0x200a725af490ca05e8577ecf7b4c83e57fea54a5:SMT_KEY:0,0x200a725af490ca05e8577ecf7b4c83e57fea54a5,0,balance,22050485
polygon-zkevm:0x200a725af490ca05e8577ecf7b4c83e57fea54a5:SMT_KEY:1,0x200a725af490ca05e8577ecf7b4c83e57fea54a5,1,nonce,22050485
polygon-zkevm:0x200a725af490ca05e8577ecf7b4c83e57fea54a5:SMT_KEY:2,0x200a725af490ca05e8577ecf7b4c83e57fea54a5,2,code_hash,22050485
polygon-zkevm:0x200a725af490ca05e8577ecf7b4c83e57fea54a5:SMT_KEY:4,0x200a725af490ca05e8577ecf7b4c83e57fea54a5,4,code_hash_length,22050485
polygon-zkevm:0xa8e17be2b11e744561859c9c31ea060ee30bf37c:SMT_KEY:0,0xa8e17be2b11e744561859c9c31ea060ee30bf37c,0,balance,22050615
polygon-zkevm:0xa8e17be2b11e744561859c9c31ea060ee30bf37c:SMT_KEY:1,0xa8e17be2b11e744561859c9c31ea060ee30bf37c,1,nonce,22050615
polygon-zkevm:0xa8e17be2b11e744561859c9c31ea060ee30bf37c:SMT_KEY:2,0xa8e17be2b11e744561859c9c31ea060ee30bf37c,2,code_hash,22050615
polygon-zkevm:0xa8e17be2b11e744561859c9c31ea060ee30bf37c:SMT_KEY:4,0xa8e17be2b11e744561859c9c31ea060ee30bf37c,4,code_hash_length,22050615
polygon-zkevm:0xe10add2ad591a7ac3ca46788a06290de017b9fb4:SMT_KEY:0,0xe10add2ad591a7ac3ca46788a06290de017b9fb4,0,balance,22050615
polygon-zkevm:0xe10add2ad591a7ac3ca46788a06290de017b9fb4:SMT_KEY:1,0xe10add2ad591a7ac3ca46788a06290de017b9fb4,1,nonce,22050615
polygon-zkevm:0xe10add2ad591a7ac3ca46788a06290de017b9fb4:SMT_KEY:2,0xe10add2ad591a7ac3ca46788a06290de017b9fb4,2,code_hash,22050615
polygon-zkevm:0xe10add2ad591a7ac3ca46788a06290de017b9fb4:SMT_KEY:4,0xe10add2ad591a7ac3ca46788a06290de017b9fb4,4,code_hash_length,22050615
polygon-zkevm:0xcc50c6f39650a19f61bbcbeff0e4ce6b57761069:SMT_KEY:0,0xcc50c6f39650a19f61bbcbeff0e4ce6b57761069,0,balance,22050630
polygon-zkevm:0xcc50c6f39650a19f61bbcbeff0e4ce6b57761069:SMT_KEY:1,0xcc50c6f39650a19f61bbcbeff0e4ce6b57761069,1,nonce,22050630
polygon-zkevm:0xcc50c6f39650a19f61bbcbeff0e4ce6b57761069:SMT_KEY:2,0xcc50c6f39650a19f61bbcbeff0e4ce6b57761069,2,code_hash,22050630
polygon-zkevm:0xcc50c6f39650a19f61bbcbeff0e4ce6b57761069:SMT_KEY:4,0xcc50c6f39650a19f61bbcbeff0e4ce6b57761069,4,code_hash_length,22050630
polygon-zkevm:0xdeac0d4c6d3b219d4f378e7799801714ba4e7b36:SMT_KEY:0,0xdeac0d4c6d3b219d4f378e7799801714ba4e7b36,0,balance,22050630
polygon-zkevm:0xdeac0d4c6d3b219d4f378e7799801714ba4e7b36:SMT_KEY:1,0xdeac0d4c6d3b219d4f378e7799801714ba4e7b36,1,nonce,22050630
polygon-zkevm:0xdeac0d4c6d3b219d4f378e7799801714ba4e7b36:SMT_KEY:2,0xdeac0d4c6d3b219d4f378e7799801714ba4e7b36,2,code_hash,22050630
polygon-zkevm:0xdeac0d4c6d3b219d4f378e7799801714ba4e7b36:SMT_KEY:4,0xdeac0d4c6d3b219d4f378e7799801714ba4e7b36,4,code_hash_length,22050630
polygon-zkevm:0x9b77bf36dc0733e218ed29e332d2a2445c93e528:SMT_KEY:0,0x9b77bf36dc0733e218ed29e332d2a2445c93e528,0,balance,22050655
polygon-zkevm:0x9b77bf36dc0733e218ed29e332d2a2445c93e528:SMT_KEY:1,0x9b77bf36dc0733e218ed29e332d2a2445c93e528,1,nonce,22050655
polygon-zkevm:0x9b77bf36dc0733e218ed29e332d2a2445c93e528:SMT_KEY:2,0x9b77bf36dc0733e218ed29e332d2a2445c93e528,2,code_hash,22050655
polygon-zkevm:0x9b77bf36dc0733e218ed29e332d2a2445c93e528:SMT_KEY:4,0x9b77bf36dc0733e218ed29e332d2a2445c93e528,4,code_hash_length,22050655
polygon-zkevm:0xe1b729aa23fafb4485f9bdbfe937a8a6b91a1b13:SMT_KEY:0,0xe1b729aa23fafb4485f9bdbfe937a8a6b91a1b13,0,balance,22050655
polygon-zkevm:0xe1b729aa23fafb4485f9bdbfe937a8a6b91a1b13:SMT_KEY:1,0xe1b729aa23fafb4485f9bdbfe937a8a6b91a1b13,1,nonce,22050655
polygon-zkevm:0xe1b729aa23fafb4485f9bdbfe937a8a6b91a1b13:SMT_KEY:2,0xe1b729aa23fafb4485f9bdbfe937a8a6b91a1b13,2,code_hash,22050655
polygon-zkevm:0xe1b729aa23fafb4485f9bdbfe937a8a6b91a1b13:SMT_KEY:4,0xe1b729aa23fafb4485f9bdbfe937a8a6b91a1b13,4,code_hash_length,22050655
polygon-zkevm:0xa658742d33ebd2ce2f0bdff73515aa797fd161d9:SMT_KEY:0,0xa658742d33ebd2ce2f0bdff73515aa797fd161d9,0,balance,22050790
polygon-zkevm:0xa658742d33ebd2ce2f0bdff73515aa797fd161d9:SMT_KEY:1,0xa658742d33ebd2ce2f0bdff73515aa797fd161d9,1,nonce,22050790
polygon-zkevm:0xa658742d33ebd2ce2f0bdff73515aa797fd161d9:SMT_KEY:2,0xa658742d33ebd2ce2f0bdff73515aa797fd161d9,2,code_hash,22050790
polygon-zkevm:0xa658742d33ebd2ce2f0bdff73515aa797fd161d9:SMT_KEY:4,0xa658742d33ebd2ce2f0bdff73515aa797fd161d9,4,code_hash_length,22050790
polygon-zkevm:0xe93685f3bba03016f02bd1828badd6195988d950:SMT_KEY:0,0xe93685f3bba03016f02bd1828badd6195988d950,0,balance,22050790
polygon-zkevm:0xe93685f3bba03016f02bd1828badd6195988d950:SMT_KEY:1,0xe93685f3bba03016f02bd1828badd6195988d950,1,nonce,22050790
polygon-zkevm:0xe93685f3bba03016f02bd1828badd6195988d950:SMT_KEY:2,0xe93685f3bba03016f02bd1828badd6195988d950,2,code_hash,22050790
polygon-zkevm:0xe93685f3bba03016f02bd1828badd6195988d950:SMT_KEY:4,0xe93685f3bba03016f02bd1828badd6195988d950,4,code_hash_length,22050790
polygon-zkevm:0x458069219ced3ca5c8901d0f076b366d7b212a51:SMT_KEY:0,0x458069219ced3ca5c8901d0f076b366d7b212a51,0,balance,22050855
polygon-zkevm:0x458069219ced3ca5c8901d0f076b366d7b212a51:SMT_KEY:1,0x458069219ced3ca5c8901d0f076b366d7b212a51,1,nonce,22050855
polygon-zkevm:0x458069219ced3ca5c8901d0f076b366d7b212a51:SMT_KEY:2,0x458069219ced3ca5c8901d0f076b366d7b212a51,2,code_hash,22050855
polygon-zkevm:0x458069219ced3ca5c8901d0f076b366d7b212a51:SMT_KEY:4,0x458069219ced3ca5c8901d0f076b366d7b212a51,4,code_hash_length,22050855
polygon-zkevm:0xbc43dfdec65cd7031cd4835ad23efa4b728c2e83:SMT_KEY:0,0xbc43dfdec65cd7031cd4835ad23efa4b728c2e83,0,balance,22050855
polygon-zkevm:0xbc43dfdec65cd7031cd4835ad23efa4b728c2e83:SMT_KEY:1,0xbc43dfdec65cd7031cd4835ad23efa4b728c2e83,1,nonce,22050855
polygon-zkevm:0xbc43dfdec65cd7031cd4835ad23efa4b728c2e83:SMT_KEY:2,0xbc43dfdec65cd7031cd4835ad23efa4b728c2e83,2,code_hash,22050855
polygon-zkevm:0xbc43dfdec65cd7031cd4835ad23efa4b728c2e83:SMT_KEY:4,0xbc43dfdec65cd7031cd4835ad23efa4b728c2e83,4,code_hash_length,22050855
polygon-zkevm:0x5a8bf7fdc5be87012203233845dfe208e337529d:SMT_KEY:0,0x5a8bf7fdc5be87012203233845dfe208e337529d,0,balance,22051010
polygon-zkevm:0x5a8bf7fdc5be87012203233845dfe208e337529d:SMT_KEY:1,0x5a8bf7fdc5be87012203233845dfe208e337529d,1,nonce,22051010
polygon-zkevm:0x5a8bf7fdc5be87012203233845dfe208e337529d:SMT_KEY:2,0x5a8bf7fdc5be87012203233845dfe208e337529d,2,code_hash,22051010
polygon-zkevm:0x5a8bf7fdc5be87012203233845dfe208e337529d:SMT_KEY:4,0x5a8bf7fdc5be87012203233845dfe208e337529d,4,code_hash_length,22051010
polygon-zkevm:0x886bd2518c974bc7a9715ee18c59bc79b0202014:SMT_KEY:0,0x886bd2518c974bc7a9715ee18c59bc79b0202014,0,balance,22051270
polygon-zkevm:0x886bd2518c974bc7a9715ee18c59bc79b0202014:SMT_KEY:1,0x886bd2518c974bc7a9715ee18c59bc79b0202014,1,nonce,22051270
polygon-zkevm:0x886bd2518c974bc7a9715ee18c59bc79b0202014:SMT_KEY:2,0x886bd2518c974bc7a9715ee18c59bc79b0202014,2,code_hash,22051270
polygon-zkevm:0x886bd2518c974bc7a9715ee18c59bc79b0202014:SMT_KEY:4,0x886bd2518c974bc7a9715ee18c59bc79b0202014,4,code_hash_length,22051270
polygon-zkevm:0x8f957ed3f969d7b6e5d6df81e61a5ff45f594dd1:SMT_KEY:0,0x8f957ed3f969d7b6e5d6df81e61a5ff45f594dd1,0,balance,22051270
polygon-zkevm:0x8f957ed3f969d7b6e5d6df81e61a5ff45f594dd1:SMT_KEY:1,0x8f957ed3f969d7b6e5d6df81e61a5ff45f594dd1,1,nonce,22051270
polygon-zkevm:0x8f957ed3f969d7b6e5d6df81e61a5ff45f594dd1:SMT_KEY:2,0x8f957ed3f969d7b6e5d6df81e61a5ff45f594dd1,2,code_hash,22051270
polygon-zkevm:0x8f957ed3f969d7b6e5d6df81e61a5ff45f594dd1:SMT_KEY:4,0x8f957ed3f969d7b6e5d6df81e61a5ff45f594dd1,4,code_hash_length,22051270
polygon-zkevm:0x996623daec8db6dfa50a4a631833f45a0e4600d6:SMT_KEY:0,0x996623daec8db6dfa50a4a631833f45a0e4600d6,0,balance,22051310
polygon-zkevm:0x996623daec8db6dfa50a4a631833f45a0e4600d6:SMT_KEY:1,0x996623daec8db6dfa50a4a631833f45a0e4600d6,1,nonce,22051310
polygon-zkevm:0x996623daec8db6dfa50a4a631833f45a0e4600d6:SMT_KEY:2,0x996623daec8db6dfa50a4a631833f45a0e4600d6,2,code_hash,22051310
polygon-zkevm:0x996623daec8db6dfa50a4a631833f45a0e4600d6:SMT_KEY:4,0x996623daec8db6dfa50a4a631833f45a0e4600d6,4,code_hash_length,22051310
polygon-zkevm:0x3eb210eaa4026f62d027fafaba1fa5592febb06a:SMT_KEY:0,0x3eb210eaa4026f62d027fafaba1fa5592febb06a,0,balance,22051485
polygon-zkevm:0x3eb210eaa4026f62d027fafaba1fa5592febb06a:SMT_KEY:1,0x3eb210eaa4026f62d027fafaba1fa5592febb06a,1,nonce,22051485
polygon-zkevm:0x3eb210eaa4026f62d027fafaba1fa5592febb06a:SMT_KEY:2,0x3eb210eaa4026f62d027fafaba1fa5592febb06a,2,code_hash,22051485
polygon-zkevm:0x3eb210eaa4026f62d027fafaba1fa5592febb06a:SMT_KEY:4,0x3eb210eaa4026f62d027fafaba1fa5592febb06a,4,code_hash_length,22051485
polygon-zkevm:0x8227ba2bc3aac89c643c24db380fd51491e990a1:SMT_KEY:0,0x8227ba2bc3aac89c643c24db380fd51491e990a1,0,balance,22051830
polygon-zkevm:0x8227ba2bc3aac89c643c24db380fd51491e990a1:SMT_KEY:1,0x8227ba2bc3aac89c643c24db380fd51491e990a1,1,nonce,22051830
polygon-zkevm:0x8227ba2bc3aac89c643c24db380fd51491e990a1:SMT_KEY:2,0x8227ba2bc3aac89c643c24db380fd51491e990a1,2,code_hash,22051830
polygon-zkevm:0x8227ba2bc3aac89c643c24db380fd51491e990a1:SMT_KEY:4,0x8227ba2bc3aac89c643c24db380fd51491e990a1,4,code_hash_length,22051830
polygon-zkevm:0xb89a6778d1efe7a5b7096757a21b810cc2886fa1:SMT_KEY:0,0xb89a6778d1efe7a5b7096757a21b810cc2886fa1,0,balance,22051830
polygon-zkevm:0xb89a6778d1efe7a5b7096757a21b810cc2886fa1:SMT_KEY:1,0xb89a6778d1efe7a5b7096757a21b810cc2886fa1,1,nonce,22051830
polygon-zkevm:0xb89a6778d1efe7a5b7096757a21b810cc2886fa1:SMT_KEY:2,0xb89a6778d1efe7a5b7096757a21b810cc2886fa1,2,code_hash,22051830
polygon-zkevm:0xb89a6778d1efe7a5b7096757a21b810cc2886fa1:SMT_KEY:4,0xb89a6778d1efe7a5b7096757a21b810cc2886fa1,4,code_hash_length,22051830
polygon-zkevm:0x3348053b13e22b2717c742cd4a60f5040564a530:SMT_KEY:0,0x3348053b13e22b2717c742cd4a60f5040564a530,0,balance,22051865
polygon-zkevm:0x3348053b13e22b2717c742cd4a60f5040564a530:SMT_KEY:1,0x3348053b13e22b2717c742cd4a60f5040564a530,1,nonce,22051865
polygon-zkevm:0x3348053b13e22b2717c742cd4a60f5040564a530:SMT_KEY:2,0x3348053b13e22b2717c742cd4a60f5040564a530,2,code_hash,22051865
polygon-zkevm:0x3348053b13e22b2717c742cd4a60f5040564a530:SMT_KEY:4,0x3348053b13e22b2717c742cd4a60f5040564a530,4,code_hash_length,22051865
polygon-zkevm:0x41af65a0c5a93c9593279e19236a46af9352fdb1:SMT_KEY:0,0x41af65a0c5a93c9593279e19236a46af9352fdb1,0,balance,22051865
polygon-zkevm:0x41af65a0c5a93c9593279e19236a46af9352fdb1:SMT_KEY:1,0x41af65a0c5a93c9593279e19236a46af9352fdb1,1,nonce,22051865
polygon-zkevm:0x41af65a0c5a93c9593279e19236a46af9352fdb1:SMT_KEY:2,0x41af65a0c5a93c9593279e19236a46af9352fdb1,2,code_hash,22051865
polygon-zkevm:0x41af65a0c5a93c9593279e19236a46af9352fdb1:SMT_KEY:4,0x41af65a0c5a93c9593279e19236a46af9352fdb1,4,code_hash_length,22051865
polygon-zkevm:0xaaa748f902bcf6559b38d0da3b5f069a2a71c84a:SMT_KEY:0,0xaaa748f902bcf6559b38d0da3b5f069a2a71c84a,0,balance,22051925
polygon-zkevm:0xaaa748f902bcf6559b38d0da3b5f069a2a71c84a:SMT_KEY:1,0xaaa748f902bcf6559b38d0da3b5f069a2a71c84a,1,nonce,22051925
polygon-zkevm:0xaaa748f902bcf6559b38d0da3b5f069a2a71c84a:SMT_KEY:2,0xaaa748f902bcf6559b38d0da3b5f069a2a71c84a,2,code_hash,22051925
polygon-zkevm:0xaaa748f902bcf6559b38d0da3b5f069a2a71c84a:SMT_KEY:4,0xaaa748f902bcf6559b38d0da3b5f069a2a71c84a,4,code_hash_length,22051925
polygon-zkevm:0x2e8932d5662ad426fe335162b233680a524395ee:SMT_KEY:0,0x2e8932d5662ad426fe335162b233680a524395ee,0,balance,22051930
polygon-zkevm:0x2e8932d5662ad426fe335162b233680a524395ee:SMT_KEY:1,0x2e8932d5662ad426fe335162b233680a524395ee,1,nonce,22051930
polygon-zkevm:0x2e8932d5662ad426fe335162b233680a524395ee:SMT_KEY:2,0x2e8932d5662ad426fe335162b233680a524395ee,2,code_hash,22051930
polygon-zkevm:0x2e8932d5662ad426fe335162b233680a524395ee:SMT_KEY:4,0x2e8932d5662ad426fe335162b233680a524395ee,4,code_hash_length,22051930
polygon-zkevm:0x0728fa8212336f808b02312b058fd5a743131f9b:SMT_KEY:0,0x0728fa8212336f808b02312b058fd5a743131f9b,0,balance,22051975
polygon-zkevm:0x0728fa8212336f808b02312b058fd5a743131f9b:SMT_KEY:1,0x0728fa8212336f808b02312b058fd5a743131f9b,1,nonce,22051975
polygon-zkevm:0x0728fa8212336f808b02312b058fd5a743131f9b:SMT_KEY:2,0x0728fa8212336f808b02312b058fd5a743131f9b,2,code_hash,22051975
polygon-zkevm:0x0728fa8212336f808b02312b058fd5a743131f9b:SMT_KEY:4,0x0728fa8212336f808b02312b058fd5a743131f9b,4,code_hash_length,22051975
polygon-zkevm:0x0e7197e7200a706e4b8e0ecfd39ef8c45cff1422:SMT_KEY:0,0x0e7197e7200a706e4b8e0ecfd39ef8c45cff1422,0,balance,22051975
polygon-zkevm:0x0e7197e7200a706e4b8e0ecfd39ef8c45cff1422:SMT_KEY:1,0x0e7197e7200a706e4b8e0ecfd39ef8c45cff1422,1,nonce,22051975
polygon-zkevm:0x0e7197e7200a706e4b8e0ecfd39ef8c45cff1422:SMT_KEY:2,0x0e7197e7200a706e4b8e0ecfd39ef8c45cff1422,2,code_hash,22051975
polygon-zkevm:0x0e7197e7200a706e4b8e0ecfd39ef8c45cff1422:SMT_KEY:4,0x0e7197e7200a706e4b8e0ecfd39ef8c45cff1422,4,code_hash_length,22051975
polygon-zkevm:0x2fc617e933a52713247ce25730f6695920b3befe:SMT_KEY:0,0x2fc617e933a52713247ce25730f6695920b3befe,0,balance,22052045
polygon-zkevm:0x2fc617e933a52713247ce25730f6695920b3befe:SMT_KEY:1,0x2fc617e933a52713247ce25730f6695920b3befe,1,nonce,22052045
polygon-zkevm:0x2fc617e933a52713247ce25730f6695920b3befe:SMT_KEY:2,0x2fc617e933a52713247ce25730f6695920b3befe,2,code_hash,22052045
polygon-zkevm:0x2fc617e933a52713247ce25730f6695920b3befe:SMT_KEY:4,0x2fc617e933a52713247ce25730f6695920b3befe,4,code_hash_length,22052045
polygon-zkevm:0xec2a30ccd79fa981c45ec429419db90a403d2ae5:SMT_KEY:0,0xec2a30ccd79fa981c45ec429419db90a403d2ae5,0,balance,22052045
polygon-zkevm:0xec2a30ccd79fa981c45ec429419db90a403d2ae5:SMT_KEY:1,0xec2a30ccd79fa981c45ec429419db90a403d2ae5,1,nonce,22052045
polygon-zkevm:0xec2a30ccd79fa981c45ec429419db90a403d2ae5:SMT_KEY:2,0xec2a30ccd79fa981c45ec429419db90a403d2ae5,2,code_hash,22052045
polygon-zkevm:0xec2a30ccd79fa981c45ec429419db90a403d2ae5:SMT_KEY:4,0xec2a30ccd79fa981c45ec429419db90a403d2ae5,4,code_hash_length,22052045
polygon-zkevm:0x195f07660bfcd5b2acf674f171f4d2b358db39b6:SMT_KEY:0,0x195f07660bfcd5b2acf674f171f4d2b358db39b6,0,balance,22052275
polygon-zkevm:0x195f07660bfcd5b2acf674f171f4d2b358db39b6:SMT_KEY:1,0x195f07660bfcd5b2acf674f171f4d2b358db39b6,1,nonce,22052275
polygon-zkevm:0x195f07660bfcd5b2acf674f171f4d2b358db39b6:SMT_KEY:2,0x195f07660bfcd5b2acf674f171f4d2b358db39b6,2,code_hash,22052275
polygon-zkevm:0x195f07660bfcd5b2acf674f171f4d2b358db39b6:SMT_KEY:4,0x195f07660bfcd5b2acf674f171f4d2b358db39b6,4,code_hash_length,22052275
polygon-zkevm:0x250dbc2ba40ef5edc5da223be2bed812eeb63286:SMT_KEY:0,0x250dbc2ba40ef5edc5da223be2bed812eeb63286,0,balance,22052275
polygon-zkevm:0x250dbc2ba40ef5edc5da223be2bed812eeb63286:SMT_KEY:1,0x250dbc2ba40ef5edc5da223be2bed812eeb63286,1,nonce,22052275
polygon-zkevm:0x250dbc2ba40ef5edc5da223be2bed812eeb63286:SMT_KEY:2,0x250dbc2ba40ef5edc5da223be2bed812eeb63286,2,code_hash,22052275
polygon-zkevm:0x250dbc2ba40ef5edc5da223be2bed812eeb63286:SMT_KEY:4,0x250dbc2ba40ef5edc5da223be2bed812eeb63286,4,code_hash_length,22052275
polygon-zkevm:0x4cae795b7c43cbbdef4a0423470cd3b45f52dc6f:SMT_KEY:0,0x4cae795b7c43cbbdef4a0423470cd3b45f52dc6f,0,balance,22052395
polygon-zkevm:0x4cae795b7c43cbbdef4a0423470cd3b45f52dc6f:SMT_KEY:1,0x4cae795b7c43cbbdef4a0423470cd3b45f52dc6f,1,nonce,22052395
polygon-zkevm:0x4cae795b7c43cbbdef4a0423470cd3b45f52dc6f:SMT_KEY:2,0x4cae795b7c43cbbdef4a0423470cd3b45f52dc6f,2,code_hash,22052395
polygon-zkevm:0x4cae795b7c43cbbdef4a0423470cd3b45f52dc6f:SMT_KEY:4,0x4cae795b7c43cbbdef4a0423470cd3b45f52dc6f,4,code_hash_length,22052395
polygon-zkevm:0xb58f5110855fbef7a715d325d60543e7d4c18143:SMT_KEY:0,0xb58f5110855fbef7a715d325d60543e7d4c18143,0,balance,22052395
polygon-zkevm:0xb58f5110855fbef7a715d325d60543e7d4c18143:SMT_KEY:1,0xb58f5110855fbef7a715d325d60543e7d4c18143,1,nonce,22052395
polygon-zkevm:0xb58f5110855fbef7a715d325d60543e7d4c18143:SMT_KEY:2,0xb58f5110855fbef7a715d325d60543e7d4c18143,2,code_hash,22052395
polygon-zkevm:0xb58f5110855fbef7a715d325d60543e7d4c18143:SMT_KEY:4,0xb58f5110855fbef7a715d325d60543e7d4c18143,4,code_hash_length,22052395
polygon-zkevm:0x7f44be3aa8ebccd86674b6e2e0551101b801a8d2:SMT_KEY:0,0x7f44be3aa8ebccd86674b6e2e0551101b801a8d2,0,balance,22052400
polygon-zkevm:0x7f44be3aa8ebccd86674b6e2e0551101b801a8d2:SMT_KEY:1,0x7f44be3aa8ebccd86674b6e2e0551101b801a8d2,1,nonce,22052400
polygon-zkevm:0x7f44be3aa8ebccd86674b6e2e0551101b801a8d2:SMT_KEY:2,0x7f44be3aa8ebccd86674b6e2e0551101b801a8d2,2,code_hash,22052400
polygon-zkevm:0x7f44be3aa8ebccd86674b6e2e0551101b801a8d2:SMT_KEY:4,0x7f44be3aa8ebccd86674b6e2e0551101b801a8d2,4,code_hash_length,22052400
polygon-zkevm:0x3ded923e33a92f7bc5f265f3aee88aaaffc287c3:SMT_KEY:0,0x3ded923e33a92f7bc5f265f3aee88aaaffc287c3,0,balance,22052440
polygon-zkevm:0x3ded923e33a92f7bc5f265f3aee88aaaffc287c3:SMT_KEY:1,0x3ded923e33a92f7bc5f265f3aee88aaaffc287c3,1,nonce,22052440
polygon-zkevm:0x3ded923e33a92f7bc5f265f3aee88aaaffc287c3:SMT_KEY:2,0x3ded923e33a92f7bc5f265f3aee88aaaffc287c3,2,code_hash,22052440
polygon-zkevm:0x3ded923e33a92f7bc5f265f3aee88aaaffc287c3:SMT_KEY:4,0x3ded923e33a92f7bc5f265f3aee88aaaffc287c3,4,code_hash_length,22052440
polygon-zkevm:0xa71343c2d6d95214e1496e6dae89df89aee163ce:SMT_KEY:0,0xa71343c2d6d95214e1496e6dae89df89aee163ce,0,balance,22052440
polygon-zkevm:0xa71343c2d6d95214e1496e6dae89df89aee163ce:SMT_KEY:1,0xa71343c2d6d95214e1496e6dae89df89aee163ce,1,nonce,22052440
polygon-zkevm:0xa71343c2d6d95214e1496e6dae89df89aee163ce:SMT_KEY:2,0xa71343c2d6d95214e1496e6dae89df89aee163ce,2,code_hash,22052440
polygon-zkevm:0xa71343c2d6d95214e1496e6dae89df89aee163ce:SMT_KEY:4,0xa71343c2d6d95214e1496e6dae89df89aee163ce,4,code_hash_length,22052440
polygon-zkevm:0x1664e78d2be4ea3d10a0aefa1a877942a53d740c:SMT_KEY:0,0x1664e78d2be4ea3d10a0aefa1a877942a53d740c,0,balance,22052445
polygon-zkevm:0x1664e78d2be4ea3d10a0aefa1a877942a53d740c:SMT_KEY:1,0x1664e78d2be4ea3d10a0aefa1a877942a53d740c,1,nonce,22052445
polygon-zkevm:0x1664e78d2be4ea3d10a0aefa1a877942a53d740c:SMT_KEY:2,0x1664e78d2be4ea3d10a0aefa1a877942a53d740c,2,code_hash,22052445
polygon-zkevm:0x1664e78d2be4ea3d10a0aefa1a877942a53d740c:SMT_KEY:4,0x1664e78d2be4ea3d10a0aefa1a877942a53d740c,4,code_hash_length,22052445
polygon-zkevm:0x34fb0a8ceb9d3f15ffe1863404a6e3a359ec9436:SMT_KEY:0,0x34fb0a8ceb9d3f15ffe1863404a6e3a359ec9436,0,balance,22052445
polygon-zkevm:0x34fb0a8ceb9d3f15ffe1863404a6e3a359ec9436:SMT_KEY:1,0x34fb0a8ceb9d3f15ffe1863404a6e3a359ec9436,1,nonce,22052445
polygon-zkevm:0x34fb0a8ceb9d3f15ffe1863404a6e3a359ec9436:SMT_KEY:2,0x34fb0a8ceb9d3f15ffe1863404a6e3a359ec9436,2,code_hash,22052445
polygon-zkevm:0x34fb0a8ceb9d3f15ffe1863404a6e3a359ec9436:SMT_KEY:4,0x34fb0a8ceb9d3f15ffe1863404a6e3a359ec9436,4,code_hash_length,22052445
polygon-zkevm:0x3460270aafb9e538177e6ab7529650f88d740ce3:SMT_KEY:0,0x3460270aafb9e538177e6ab7529650f88d740ce3,0,balance,22052545
polygon-zkevm:0x3460270aafb9e538177e6ab7529650f88d740ce3:SMT_KEY:1,0x3460270aafb9e538177e6ab7529650f88d740ce3,1,nonce,22052545
polygon-zkevm:0x3460270aafb9e538177e6ab7529650f88d740ce3:SMT_KEY:2,0x3460270aafb9e538177e6ab7529650f88d740ce3,2,code_hash,22052545
polygon-zkevm:0x3460270aafb9e538177e6ab7529650f88d740ce3:SMT_KEY:4,0x3460270aafb9e538177e6ab7529650f88d740ce3,4,code_hash_length,22052545
polygon-zkevm:0xcadf127e68933c2234b778084cd37bf117d08bf9:SMT_KEY:0,0xcadf127e68933c2234b778084cd37bf117d08bf9,0,balance,22052545
polygon-zkevm:0xcadf127e68933c2234b778084cd37bf117d08bf9:SMT_KEY:1,0xcadf127e68933c2234b778084cd37bf117d08bf9,1,nonce,22052545
polygon-zkevm:0xcadf127e68933c2234b778084cd37bf117d08bf9:SMT_KEY:2,0xcadf127e68933c2234b778084cd37bf117d08bf9,2,code_hash,22052545
polygon-zkevm:0xcadf127e68933c2234b778084cd37bf117d08bf9:SMT_KEY:4,0xcadf127e68933c2234b778084cd37bf117d08bf9,4,code_hash_length,22052545
polygon-zkevm:0x88291c4e429c442b4128ea3468ee88b965817a37:SMT_KEY:0,0x88291c4e429c442b4128ea3468ee88b965817a37,0,balance,22052610
polygon-zkevm:0x88291c4e429c442b4128ea3468ee88b965817a37:SMT_KEY:1,0x88291c4e429c442b4128ea3468ee88b965817a37,1,nonce,22052610
polygon-zkevm:0x88291c4e429c442b4128ea3468ee88b965817a37:SMT_KEY:2,0x88291c4e429c442b4128ea3468ee88b965817a37,2,code_hash,22052610
polygon-zkevm:0x88291c4e429c442b4128ea3468ee88b965817a37:SMT_KEY:4,0x88291c4e429c442b4128ea3468ee88b965817a37,4,code_hash_length,22052610
polygon-zkevm:0xb93c7491465cfe6121ee6bf62b2fdac567669953:SMT_KEY:0,0xb93c7491465cfe6121ee6bf62b2fdac567669953,0,balance,22052660
polygon-zkevm:0xb93c7491465cfe6121ee6bf62b2fdac567669953:SMT_KEY:1,0xb93c7491465cfe6121ee6bf62b2fdac567669953,1,nonce,22052660
polygon-zkevm:0xb93c7491465cfe6121ee6bf62b2fdac567669953:SMT_KEY:2,0xb93c7491465cfe6121ee6bf62b2fdac567669953,2,code_hash,22052660
polygon-zkevm:0xb93c7491465cfe6121ee6bf62b2fdac567669953:SMT_KEY:4,0xb93c7491465cfe6121ee6bf62b2fdac567669953,4,code_hash_length,22052660
polygon-zkevm:0x46ef0071b1e2ff6b42d36e5a177ea43ae5917f4e:SMT_KEY:0,0x46ef0071b1e2ff6b42d36e5a177ea43ae5917f4e,0,balance,22052665
polygon-zkevm:0x46ef0071b1e2ff6b42d36e5a177ea43ae5917f4e:SMT_KEY:1,0x46ef0071b1e2ff6b42d36e5a177ea43ae5917f4e,1,nonce,22052665
polygon-zkevm:0x46ef0071b1e2ff6b42d36e5a177ea43ae5917f4e:SMT_KEY:2,0x46ef0071b1e2ff6b42d36e5a177ea43ae5917f4e,2,code_hash,22052665
polygon-zkevm:0x46ef0071b1e2ff6b42d36e5a177ea43ae5917f4e:SMT_KEY:4,0x46ef0071b1e2ff6b42d36e5a177ea43ae5917f4e,4,code_hash_length,22052665
polygon-zkevm:0xa66105eff43b29c43d28102de44907a116bdf2af:SMT_KEY:0,0xa66105eff43b29c43d28102de44907a116bdf2af,0,balance,22052665
polygon-zkevm:0xa66105eff43b29c43d28102de44907a116bdf2af:SMT_KEY:1,0xa66105eff43b29c43d28102de44907a116bdf2af,1,nonce,22052665
polygon-zkevm:0xa66105eff43b29c43d28102de44907a116bdf2af:SMT_KEY:2,0xa66105eff43b29c43d28102de44907a116bdf2af,2,code_hash,22052665
polygon-zkevm:0xa66105eff43b29c43d28102de44907a116bdf2af:SMT_KEY:4,0xa66105eff43b29c43d28102de44907a116bdf2af,4,code_hash_length,22052665
polygon-zkevm:0x18c6008203daffb8a74ab1156a63a7364dfaf5df:SMT_KEY:0,0x18c6008203daffb8a74ab1156a63a7364dfaf5df,0,balance,22052715
polygon-zkevm:0x18c6008203daffb8a74ab1156a63a7364dfaf5df:SMT_KEY:1,0x18c6008203daffb8a74ab1156a63a7364dfaf5df,1,nonce,22052715
polygon-zkevm:0x18c6008203daffb8a74ab1156a63a7364dfaf5df:SMT_KEY:2,0x18c6008203daffb8a74ab1156a63a7364dfaf5df,2,code_hash,22052715
polygon-zkevm:0x18c6008203daffb8a74ab1156a63a7364dfaf5df:SMT_KEY:4,0x18c6008203daffb8a74ab1156a63a7364dfaf5df,4,code_hash_length,22052715
polygon-zkevm:0x88d86af98569bc4a2df0fa81bc9bc7e888d900cd:SMT_KEY:0,0x88d86af98569bc4a2df0fa81bc9bc7e888d900cd,0,balance,22052715
polygon-zkevm:0x88d86af98569bc4a2df0fa81bc9bc7e888d900cd:SMT_KEY:1,0x88d86af98569bc4a2df0fa81bc9bc7e888d900cd,1,nonce,22052715
polygon-zkevm:0x88d86af98569bc4a2df0fa81bc9bc7e888d900cd:SMT_KEY:2,0x88d86af98569bc4a2df0fa81bc9bc7e888d900cd,2,code_hash,22052715
polygon-zkevm:0x88d86af98569bc4a2df0fa81bc9bc7e888d900cd:SMT_KEY:4,0x88d86af98569bc4a2df0fa81bc9bc7e888d900cd,4,code_hash_length,22052715
polygon-zkevm:0xc2cd0d62c659b55e9a05b9d0a32b4885a1c8fdde:SMT_KEY:0,0xc2cd0d62c659b55e9a05b9d0a32b4885a1c8fdde,0,balance,22052715
polygon-zkevm:0xc2cd0d62c659b55e9a05b9d0a32b4885a1c8fdde:SMT_KEY:1,0xc2cd0d62c659b55e9a05b9d0a32b4885a1c8fdde,1,nonce,22052715
polygon-zkevm:0xc2cd0d62c659b55e9a05b9d0a32b4885a1c8fdde:SMT_KEY:2,0xc2cd0d62c659b55e9a05b9d0a32b4885a1c8fdde,2,code_hash,22052715
polygon-zkevm:0xc2cd0d62c659b55e9a05b9d0a32b4885a1c8fdde:SMT_KEY:4,0xc2cd0d62c659b55e9a05b9d0a32b4885a1c8fdde,4,code_hash_length,22052715
polygon-zkevm:0xf2ab98c7ee971f9b9eb612e1501fefa2fb087f82:SMT_KEY:0,0xf2ab98c7ee971f9b9eb612e1501fefa2fb087f82,0,balance,22052715
polygon-zkevm:0xf2ab98c7ee971f9b9eb612e1501fefa2fb087f82:SMT_KEY:1,0xf2ab98c7ee971f9b9eb612e1501fefa2fb087f82,1,nonce,22052715
polygon-zkevm:0xf2ab98c7ee971f9b9eb612e1501fefa2fb087f82:SMT_KEY:2,0xf2ab98c7ee971f9b9eb612e1501fefa2fb087f82,2,code_hash,22052715
polygon-zkevm:0xf2ab98c7ee971f9b9eb612e1501fefa2fb087f82:SMT_KEY:4,0xf2ab98c7ee971f9b9eb612e1501fefa2fb087f82,4,code_hash_length,22052715
polygon-zkevm:0x1f65b76b70e88aac66dddd6e631dbe53e59b0d4a:SMT_KEY:0,0x1f65b76b70e88aac66dddd6e631dbe53e59b0d4a,0,balance,22052755
polygon-zkevm:0x1f65b76b70e88aac66dddd6e631dbe53e59b0d4a:SMT_KEY:1,0x1f65b76b70e88aac66dddd6e631dbe53e59b0d4a,1,nonce,22052755
polygon-zkevm:0x1f65b76b70e88aac66dddd6e631dbe53e59b0d4a:SMT_KEY:2,0x1f65b76b70e88aac66dddd6e631dbe53e59b0d4a,2,code_hash,22052755
polygon-zkevm:0x1f65b76b70e88aac66dddd6e631dbe53e59b0d4a:SMT_KEY:4,0x1f65b76b70e88aac66dddd6e631dbe53e59b0d4a,4,code_hash_length,22052755
polygon-zkevm:0x74118f688c1ade603bb9571fa6fcf037cfa49ec7:SMT_KEY:0,0x74118f688c1ade603bb9571fa6fcf037cfa49ec7,0,balance,22052880
polygon-zkevm:0x74118f688c1ade603bb9571fa6fcf037cfa49ec7:SMT_KEY:1,0x74118f688c1ade603bb9571fa6fcf037cfa49ec7,1,nonce,22052880
polygon-zkevm:0x74118f688c1ade603bb9571fa6fcf037cfa49ec7:SMT_KEY:2,0x74118f688c1ade603bb9571fa6fcf037cfa49ec7,2,code_hash,22052880
polygon-zkevm:0x74118f688c1ade603bb9571fa6fcf037cfa49ec7:SMT_KEY:4,0x74118f688c1ade603bb9571fa6fcf037cfa49ec7,4,code_hash_length,22052880
polygon-zkevm:0x1ee406994b97cede7a9345c43bd6f42da738a651:SMT_KEY:0,0x1ee406994b97cede7a9345c43bd6f42da738a651,0,balance,22052925
polygon-zkevm:0x1ee406994b97cede7a9345c43bd6f42da738a651:SMT_KEY:1,0x1ee406994b97cede7a9345c43bd6f42da738a651,1,nonce,22052925
polygon-zkevm:0x1ee406994b97cede7a9345c43bd6f42da738a651:SMT_KEY:2,0x1ee406994b97cede7a9345c43bd6f42da738a651,2,code_hash,22052925
polygon-zkevm:0x1ee406994b97cede7a9345c43bd6f42da738a651:SMT_KEY:4,0x1ee406994b97cede7a9345c43bd6f42da738a651,4,code_hash_length,22052925
polygon-zkevm:0x5890f29be721a6ba1ea94e36c68a82c07467ab8a:SMT_KEY:0,0x5890f29be721a6ba1ea94e36c68a82c07467ab8a,0,balance,22052945
polygon-zkevm:0x5890f29be721a6ba1ea94e36c68a82c07467ab8a:SMT_KEY:1,0x5890f29be721a6ba1ea94e36c68a82c07467ab8a,1,nonce,22052945
polygon-zkevm:0x5890f29be721a6ba1ea94e36c68a82c07467ab8a:SMT_KEY:2,0x5890f29be721a6ba1ea94e36c68a82c07467ab8a,2,code_hash,22052945
polygon-zkevm:0x5890f29be721a6ba1ea94e36c68a82c07467ab8a:SMT_KEY:4,0x5890f29be721a6ba1ea94e36c68a82c07467ab8a,4,code_hash_length,22052945
polygon-zkevm:0xdf77091e92741c200eef0f7e5595e49b76c0152c:SMT_KEY:0,0xdf77091e92741c200eef0f7e5595e49b76c0152c,0,balance,22052945
polygon-zkevm:0xdf77091e92741c200eef0f7e5595e49b76c0152c:SMT_KEY:1,0xdf77091e92741c200eef0f7e5595e49b76c0152c,1,nonce,22052945
polygon-zkevm:0xdf77091e92741c200eef0f7e5595e49b76c0152c:SMT_KEY:2,0xdf77091e92741c200eef0f7e5595e49b76c0152c,2,code_hash,22052945
polygon-zkevm:0xdf77091e92741c200eef0f7e5595e49b76c0152c:SMT_KEY:4,0xdf77091e92741c200eef0f7e5595e49b76c0152c,4,code_hash_length,22052945
polygon-zkevm:0xd3ac65c35202db27a62fd4fd3d097127bdf55881:SMT_KEY:0,0xd3ac65c35202db27a62fd4fd3d097127bdf55881,0,balance,22053040
polygon-zkevm:0xd3ac65c35202db27a62fd4fd3d097127bdf55881:SMT_KEY:1,0xd3ac65c35202db27a62fd4fd3d097127bdf55881,1,nonce,22053040
polygon-zkevm:0xd3ac65c35202db27a62fd4fd3d097127bdf55881:SMT_KEY:2,0xd3ac65c35202db27a62fd4fd3d097127bdf55881,2,code_hash,22053040
polygon-zkevm:0xd3ac65c35202db27a62fd4fd3d097127bdf55881:SMT_KEY:4,0xd3ac65c35202db27a62fd4fd3d097127bdf55881,4,code_hash_length,22053040
polygon-zkevm:0x25ab3efd52e6470681ce037cd546dc60726948d3:SMT_KEY:0,0x25ab3efd52e6470681ce037cd546dc60726948d3,0,balance,22053120
polygon-zkevm:0x25ab3efd52e6470681ce037cd546dc60726948d3:SMT_KEY:1,0x25ab3efd52e6470681ce037cd546dc60726948d3,1,nonce,22053120
polygon-zkevm:0x25ab3efd52e6470681ce037cd546dc60726948d3:SMT_KEY:2,0x25ab3efd52e6470681ce037cd546dc60726948d3,2,code_hash,22053120
polygon-zkevm:0x25ab3efd52e6470681ce037cd546dc60726948d3:SMT_KEY:4,0x25ab3efd52e6470681ce037cd546dc60726948d3,4,code_hash_length,22053120
polygon-zkevm:0x666d6b8a44d226150ca9058beebafe0e3ac065a2:SMT_KEY:0,0x666d6b8a44d226150ca9058beebafe0e3ac065a2,0,balance,22053120
polygon-zkevm:0x666d6b8a44d226150ca9058beebafe0e3ac065a2:SMT_KEY:1,0x666d6b8a44d226150ca9058beebafe0e3ac065a2,1,nonce,22053120
polygon-zkevm:0x666d6b8a44d226150ca9058beebafe0e3ac065a2:SMT_KEY:2,0x666d6b8a44d226150ca9058beebafe0e3ac065a2,2,code_hash,22053120
polygon-zkevm:0x666d6b8a44d226150ca9058beebafe0e3ac065a2:SMT_KEY:4,0x666d6b8a44d226150ca9058beebafe0e3ac065a2,4,code_hash_length,22053120
polygon-zkevm:0x64327de57373bcd4243b0235cb877d9c65f7f6d8:SMT_KEY:0,0x64327de57373bcd4243b0235cb877d9c65f7f6d8,0,balance,22053160
polygon-zkevm:0x64327de57373bcd4243b0235cb877d9c65f7f6d8:SMT_KEY:1,0x64327de57373bcd4243b0235cb877d9c65f7f6d8,1,nonce,22053160
polygon-zkevm:0x64327de57373bcd4243b0235cb877d9c65f7f6d8:SMT_KEY:2,0x64327de57373bcd4243b0235cb877d9c65f7f6d8,2,code_hash,22053160
polygon-zkevm:0x64327de57373bcd4243b0235cb877d9c65f7f6d8:SMT_KEY:4,0x64327de57373bcd4243b0235cb877d9c65f7f6d8,4,code_hash_length,22053160
polygon-zkevm:0x50b7ea5f3453c57d6c9fc068990f90420bb547c0:SMT_KEY:0,0x50b7ea5f3453c57d6c9fc068990f90420bb547c0,0,balance,22053170
polygon-zkevm:0x50b7ea5f3453c57d6c9fc068990f90420bb547c0:SMT_KEY:1,0x50b7ea5f3453c57d6c9fc068990f90420bb547c0,1,nonce,22053170
polygon-zkevm:0x50b7ea5f3453c57d6c9fc068990f90420bb547c0:SMT_KEY:2,0x50b7ea5f3453c57d6c9fc068990f90420bb547c0,2,code_hash,22053170
polygon-zkevm:0x50b7ea5f3453c57d6c9fc068990f90420bb547c0:SMT_KEY:4,0x50b7ea5f3453c57d6c9fc068990f90420bb547c0,4,code_hash_length,22053170
polygon-zkevm:0x12ba0d9f6d1b94ec9f26a99ac3c6af044fee186d:SMT_KEY:0,0x12ba0d9f6d1b94ec9f26a99ac3c6af044fee186d,0,balance,22053175
polygon-zkevm:0x12ba0d9f6d1b94ec9f26a99ac3c6af044fee186d:SMT_KEY:1,0x12ba0d9f6d1b94ec9f26a99ac3c6af044fee186d,1,nonce,22053175
polygon-zkevm:0x12ba0d9f6d1b94ec9f26a99ac3c6af044fee186d:SMT_KEY:2,0x12ba0d9f6d1b94ec9f26a99ac3c6af044fee186d,2,code_hash,22053175
polygon-zkevm:0x12ba0d9f6d1b94ec9f26a99ac3c6af044fee186d:SMT_KEY:4,0x12ba0d9f6d1b94ec9f26a99ac3c6af044fee186d,4,code_hash_length,22053175
polygon-zkevm:0xc0b9e26b5ed5b2bb1e1d1dfb175c9865aba722ae:SMT_KEY:0,0xc0b9e26b5ed5b2bb1e1d1dfb175c9865aba722ae,0,balance,22053175
polygon-zkevm:0xc0b9e26b5ed5b2bb1e1d1dfb175c9865aba722ae:SMT_KEY:1,0xc0b9e26b5ed5b2bb1e1d1dfb175c9865aba722ae,1,nonce,22053175
polygon-zkevm:0xc0b9e26b5ed5b2bb1e1d1dfb175c9865aba722ae:SMT_KEY:2,0xc0b9e26b5ed5b2bb1e1d1dfb175c9865aba722ae,2,code_hash,22053175
polygon-zkevm:0xc0b9e26b5ed5b2bb1e1d1dfb175c9865aba722ae:SMT_KEY:4,0xc0b9e26b5ed5b2bb1e1d1dfb175c9865aba722ae,4,code_hash_length,22053175
polygon-zkevm:0x55621743d61348c31d4dc2e7f3a4c8de385d3d24:SMT_KEY:0,0x55621743d61348c31d4dc2e7f3a4c8de385d3d24,0,balance,22053185
polygon-zkevm:0x55621743d61348c31d4dc2e7f3a4c8de385d3d24:SMT_KEY:1,0x55621743d61348c31d4dc2e7f3a4c8de385d3d24,1,nonce,22053185
polygon-zkevm:0x55621743d61348c31d4dc2e7f3a4c8de385d3d24:SMT_KEY:2,0x55621743d61348c31d4dc2e7f3a4c8de385d3d24,2,code_hash,22053185
polygon-zkevm:0x55621743d61348c31d4dc2e7f3a4c8de385d3d24:SMT_KEY:4,0x55621743d61348c31d4dc2e7f3a4c8de385d3d24,4,code_hash_length,22053185
polygon-zkevm:0x8234890f38b174e35a99a09ca40e7b08beef9cab:SMT_KEY:0,0x8234890f38b174e35a99a09ca40e7b08beef9cab,0,balance,22053230
polygon-zkevm:0x8234890f38b174e35a99a09ca40e7b08beef9cab:SMT_KEY:1,0x8234890f38b174e35a99a09ca40e7b08beef9cab,1,nonce,22053230
polygon-zkevm:0x8234890f38b174e35a99a09ca40e7b08beef9cab:SMT_KEY:2,0x8234890f38b174e35a99a09ca40e7b08beef9cab,2,code_hash,22053230
polygon-zkevm:0x8234890f38b174e35a99a09ca40e7b08beef9cab:SMT_KEY:4,0x8234890f38b174e35a99a09ca40e7b08beef9cab,4,code_hash_length,22053230
polygon-zkevm:0xd07ab3cd6ce7062b4cf8c2d459c0a9f88403ecb9:SMT_KEY:0,0xd07ab3cd6ce7062b4cf8c2d459c0a9f88403ecb9,0,balance,22053340
polygon-zkevm:0xd07ab3cd6ce7062b4cf8c2d459c0a9f88403ecb9:SMT_KEY:1,0xd07ab3cd6ce7062b4cf8c2d459c0a9f88403ecb9,1,nonce,22053340
polygon-zkevm:0xd07ab3cd6ce7062b4cf8c2d459c0a9f88403ecb9:SMT_KEY:2,0xd07ab3cd6ce7062b4cf8c2d459c0a9f88403ecb9,2,code_hash,22053340
polygon-zkevm:0xd07ab3cd6ce7062b4cf8c2d459c0a9f88403ecb9:SMT_KEY:4,0xd07ab3cd6ce7062b4cf8c2d459c0a9f88403ecb9,4,code_hash_length,22053340
polygon-zkevm:0xe62d19df93d84b3552498260188d19a772296b10:SMT_KEY:0,0xe62d19df93d84b3552498260188d19a772296b10,0,balance,22053340
polygon-zkevm:0xe62d19df93d84b3552498260188d19a772296b10:SMT_KEY:1,0xe62d19df93d84b3552498260188d19a772296b10,1,nonce,22053340
polygon-zkevm:0xe62d19df93d84b3552498260188d19a772296b10:SMT_KEY:2,0xe62d19df93d84b3552498260188d19a772296b10,2,code_hash,22053340
polygon-zkevm:0xe62d19df93d84b3552498260188d19a772296b10:SMT_KEY:4,0xe62d19df93d84b3552498260188d19a772296b10,4,code_hash_length,22053340
polygon-zkevm:0x4dc6dcbe8b6a9534a5a82e32ff38202e0a70556d:SMT_KEY:0,0x4dc6dcbe8b6a9534a5a82e32ff38202e0a70556d,0,balance,22053350
polygon-zkevm:0x4dc6dcbe8b6a9534a5a82e32ff38202e0a70556d:SMT_KEY:1,0x4dc6dcbe8b6a9534a5a82e32ff38202e0a70556d,1,nonce,22053350
polygon-zkevm:0x4dc6dcbe8b6a9534a5a82e32ff38202e0a70556d:SMT_KEY:2,0x4dc6dcbe8b6a9534a5a82e32ff38202e0a70556d,2,code_hash,22053350
polygon-zkevm:0x4dc6dcbe8b6a9534a5a82e32ff38202e0a70556d:SMT_KEY:4,0x4dc6dcbe8b6a9534a5a82e32ff38202e0a70556d,4,code_hash_length,22053350
polygon-zkevm:0x055ef256bc11277fc2e4af99d14c816fd82edb87:SMT_KEY:0,0x055ef256bc11277fc2e4af99d14c816fd82edb87,0,balance,22053525
polygon-zkevm:0x055ef256bc11277fc2e4af99d14c816fd82edb87:SMT_KEY:1,0x055ef256bc11277fc2e4af99d14c816fd82edb87,1,nonce,22053525
polygon-zkevm:0x055ef256bc11277fc2e4af99d14c816fd82edb87:SMT_KEY:2,0x055ef256bc11277fc2e4af99d14c816fd82edb87,2,code_hash,22053525
polygon-zkevm:0x055ef256bc11277fc2e4af99d14c816fd82edb87:SMT_KEY:4,0x055ef256bc11277fc2e4af99d14c816fd82edb87,4,code_hash_length,22053525
polygon-zkevm:0x71871f8d560b0ed56d657211f68d6654db65c2dd:SMT_KEY:0,0x71871f8d560b0ed56d657211f68d6654db65c2dd,0,balance,22053530
polygon-zkevm:0x71871f8d560b0ed56d657211f68d6654db65c2dd:SMT_KEY:1,0x71871f8d560b0ed56d657211f68d6654db65c2dd,1,nonce,22053530
polygon-zkevm:0x71871f8d560b0ed56d657211f68d6654db65c2dd:SMT_KEY:2,0x71871f8d560b0ed56d657211f68d6654db65c2dd,2,code_hash,22053530
polygon-zkevm:0x71871f8d560b0ed56d657211f68d6654db65c2dd:SMT_KEY:4,0x71871f8d560b0ed56d657211f68d6654db65c2dd,4,code_hash_length,22053530
polygon-zkevm:0x1582a9b52f22a3085f7de63f1d35c12117c6b732:SMT_KEY:0,0x1582a9b52f22a3085f7de63f1d35c12117c6b732,0,balance,22053550
polygon-zkevm:0x1582a9b52f22a3085f7de63f1d35c12117c6b732:SMT_KEY:1,0x1582a9b52f22a3085f7de63f1d35c12117c6b732,1,nonce,22053550
polygon-zkevm:0x1582a9b52f22a3085f7de63f1d35c12117c6b732:SMT_KEY:2,0x1582a9b52f22a3085f7de63f1d35c12117c6b732,2,code_hash,22053550
polygon-zkevm:0x1582a9b52f22a3085f7de63f1d35c12117c6b732:SMT_KEY:4,0x1582a9b52f22a3085f7de63f1d35c12117c6b732,4,code_hash_length,22053550
polygon-zkevm:0x61c8273ef3a356cf85c2e52100396e4640c2bae6:SMT_KEY:0,0x61c8273ef3a356cf85c2e52100396e4640c2bae6,0,balance,22053575
polygon-zkevm:0x61c8273ef3a356cf85c2e52100396e4640c2bae6:SMT_KEY:1,0x61c8273ef3a356cf85c2e52100396e4640c2bae6,1,nonce,22053575
polygon-zkevm:0x61c8273ef3a356cf85c2e52100396e4640c2bae6:SMT_KEY:2,0x61c8273ef3a356cf85c2e52100396e4640c2bae6,2,code_hash,22053575
polygon-zkevm:0x61c8273ef3a356cf85c2e52100396e4640c2bae6:SMT_KEY:4,0x61c8273ef3a356cf85c2e52100396e4640c2bae6,4,code_hash_length,22053575
polygon-zkevm:0x43da27c8980e9a17868a89b0a33c23336bed2fcc:SMT_KEY:0,0x43da27c8980e9a17868a89b0a33c23336bed2fcc,0,balance,22053595
polygon-zkevm:0x43da27c8980e9a17868a89b0a33c23336bed2fcc:SMT_KEY:1,0x43da27c8980e9a17868a89b0a33c23336bed2fcc,1,nonce,22053595
polygon-zkevm:0x43da27c8980e9a17868a89b0a33c23336bed2fcc:SMT_KEY:2,0x43da27c8980e9a17868a89b0a33c23336bed2fcc,2,code_hash,22053595
polygon-zkevm:0x43da27c8980e9a17868a89b0a33c23336bed2fcc:SMT_KEY:4,0x43da27c8980e9a17868a89b0a33c23336bed2fcc,4,code_hash_length,22053595
polygon-zkevm:0xeb19bfb054173101087390c35de06eb1eff4c1e4:SMT_KEY:0,0xeb19bfb054173101087390c35de06eb1eff4c1e4,0,balance,22053640
polygon-zkevm:0xeb19bfb054173101087390c35de06eb1eff4c1e4:SMT_KEY:1,0xeb19bfb054173101087390c35de06eb1eff4c1e4,1,nonce,22053640
polygon-zkevm:0xeb19bfb054173101087390c35de06eb1eff4c1e4:SMT_KEY:2,0xeb19bfb054173101087390c35de06eb1eff4c1e4,2,code_hash,22053640
polygon-zkevm:0xeb19bfb054173101087390c35de06eb1eff4c1e4:SMT_KEY:4,0xeb19bfb054173101087390c35de06eb1eff4c1e4,4,code_hash_length,22053640
polygon-zkevm:0x2f1b7f52fe9b78640849002865791018b0a5b89c:SMT_KEY:0,0x2f1b7f52fe9b78640849002865791018b0a5b89c,0,balance,22053680
polygon-zkevm:0x2f1b7f52fe9b78640849002865791018b0a5b89c:SMT_KEY:1,0x2f1b7f52fe9b78640849002865791018b0a5b89c,1,nonce,22053680
polygon-zkevm:0x2f1b7f52fe9b78640849002865791018b0a5b89c:SMT_KEY:2,0x2f1b7f52fe9b78640849002865791018b0a5b89c,2,code_hash,22053680
polygon-zkevm:0x2f1b7f52fe9b78640849002865791018b0a5b89c:SMT_KEY:4,0x2f1b7f52fe9b78640849002865791018b0a5b89c,4,code_hash_length,22053680
polygon-zkevm:0x2aee25444ecc1b1895d6fcbad5c260e6df2f6763:SMT_KEY:0,0x2aee25444ecc1b1895d6fcbad5c260e6df2f6763,0,balance,22053755
polygon-zkevm:0x2aee25444ecc1b1895d6fcbad5c260e6df2f6763:SMT_KEY:1,0x2aee25444ecc1b1895d6fcbad5c260e6df2f6763,1,nonce,22053755
polygon-zkevm:0x2aee25444ecc1b1895d6fcbad5c260e6df2f6763:SMT_KEY:2,0x2aee25444ecc1b1895d6fcbad5c260e6df2f6763,2,code_hash,22053755
polygon-zkevm:0x2aee25444ecc1b1895d6fcbad5c260e6df2f6763:SMT_KEY:4,0x2aee25444ecc1b1895d6fcbad5c260e6df2f6763,4,code_hash_length,22053755
polygon-zkevm:0x44307ed7b4d4a320c8bc87ac314f7ef24f1d0fd0:SMT_KEY:0,0x44307ed7b4d4a320c8bc87ac314f7ef24f1d0fd0,0,balance,22053805
polygon-zkevm:0x44307ed7b4d4a320c8bc87ac314f7ef24f1d0fd0:SMT_KEY:1,0x44307ed7b4d4a320c8bc87ac314f7ef24f1d0fd0,1,nonce,22053805
polygon-zkevm:0x44307ed7b4d4a320c8bc87ac314f7ef24f1d0fd0:SMT_KEY:2,0x44307ed7b4d4a320c8bc87ac314f7ef24f1d0fd0,2,code_hash,22053805
polygon-zkevm:0x44307ed7b4d4a320c8bc87ac314f7ef24f1d0fd0:SMT_KEY:4,0x44307ed7b4d4a320c8bc87ac314f7ef24f1d0fd0,4,code_hash_length,22053805
polygon-zkevm:0xb4132d4d3cafc7c053f2eae74215ec13642b0669:SMT_KEY:0,0xb4132d4d3cafc7c053f2eae74215ec13642b0669,0,balance,22053835
polygon-zkevm:0xb4132d4d3cafc7c053f2eae74215ec13642b0669:SMT_KEY:1,0xb4132d4d3cafc7c053f2eae74215ec13642b0669,1,nonce,22053835
polygon-zkevm:0xb4132d4d3cafc7c053f2eae74215ec13642b0669:SMT_KEY:2,0xb4132d4d3cafc7c053f2eae74215ec13642b0669,2,code_hash,22053835
polygon-zkevm:0xb4132d4d3cafc7c053f2eae74215ec13642b0669:SMT_KEY:4,0xb4132d4d3cafc7c053f2eae74215ec13642b0669,4,code_hash_length,22053835
polygon-zkevm:0x4dfb9258828185bedaf4b4ad8f1fd092c8d5646e:SMT_KEY:0,0x4dfb9258828185bedaf4b4ad8f1fd092c8d5646e,0,balance,22053865
polygon-zkevm:0x4dfb9258828185bedaf4b4ad8f1fd092c8d5646e:SMT_KEY:1,0x4dfb9258828185bedaf4b4ad8f1fd092c8d5646e,1,nonce,22053865
polygon-zkevm:0x4dfb9258828185bedaf4b4ad8f1fd092c8d5646e:SMT_KEY:2,0x4dfb9258828185bedaf4b4ad8f1fd092c8d5646e,2,code_hash,22053865
polygon-zkevm:0x4dfb9258828185bedaf4b4ad8f1fd092c8d5646e:SMT_KEY:4,0x4dfb9258828185bedaf4b4ad8f1fd092c8d5646e,4,code_hash_length,22053865
polygon-zkevm:0x2d6c3aaaa53be2989f8c0a49cd143bbae8a3aeac:SMT_KEY:0,0x2d6c3aaaa53be2989f8c0a49cd143bbae8a3aeac,0,balance,22053910
polygon-zkevm:0x2d6c3aaaa53be2989f8c0a49cd143bbae8a3aeac:SMT_KEY:1,0x2d6c3aaaa53be2989f8c0a49cd143bbae8a3aeac,1,nonce,22053910
polygon-zkevm:0x2d6c3aaaa53be2989f8c0a49cd143bbae8a3aeac:SMT_KEY:2,0x2d6c3aaaa53be2989f8c0a49cd143bbae8a3aeac,2,code_hash,22053910
polygon-zkevm:0x2d6c3aaaa53be2989f8c0a49cd143bbae8a3aeac:SMT_KEY:4,0x2d6c3aaaa53be2989f8c0a49cd143bbae8a3aeac,4,code_hash_length,22053910
polygon-zkevm:0xd8ec0aa51fe286bf5ed7d6c9553f4a32ca24d604:SMT_KEY:0,0xd8ec0aa51fe286bf5ed7d6c9553f4a32ca24d604,0,balance,22053940
polygon-zkevm:0xd8ec0aa51fe286bf5ed7d6c9553f4a32ca24d604:SMT_KEY:1,0xd8ec0aa51fe286bf5ed7d6c9553f4a32ca24d604,1,nonce,22053940
polygon-zkevm:0xd8ec0aa51fe286bf5ed7d6c9553f4a32ca24d604:SMT_KEY:2,0xd8ec0aa51fe286bf5ed7d6c9553f4a32ca24d604,2,code_hash,22053940
polygon-zkevm:0xd8ec0aa51fe286bf5ed7d6c9553f4a32ca24d604:SMT_KEY:4,0xd8ec0aa51fe286bf5ed7d6c9553f4a32ca24d604,4,code_hash_length,22053940
polygon-zkevm:0x0deefd9ee500c713d513d97a996275e8230e4ba9:SMT_KEY:0,0x0deefd9ee500c713d513d97a996275e8230e4ba9,0,balance,22053960
polygon-zkevm:0x0deefd9ee500c713d513d97a996275e8230e4ba9:SMT_KEY:1,0x0deefd9ee500c713d513d97a996275e8230e4ba9,1,nonce,22053960
polygon-zkevm:0x0deefd9ee500c713d513d97a996275e8230e4ba9:SMT_KEY:2,0x0deefd9ee500c713d513d97a996275e8230e4ba9,2,code_hash,22053960
polygon-zkevm:0x0deefd9ee500c713d513d97a996275e8230e4ba9:SMT_KEY:4,0x0deefd9ee500c713d513d97a996275e8230e4ba9,4,code_hash_length,22053960
polygon-zkevm:0x11871187bae89dff227491a7a712eaac56108fef:SMT_KEY:0,0x11871187bae89dff227491a7a712eaac56108fef,0,balance,22053960
polygon-zkevm:0x11871187bae89dff227491a7a712eaac56108fef:SMT_KEY:1,0x11871187bae89dff227491a7a712eaac56108fef,1,nonce,22053960
polygon-zkevm:0x11871187bae89dff227491a7a712eaac56108fef:SMT_KEY:2,0x11871187bae89dff227491a7a712eaac56108fef,2,code_hash,22053960
polygon-zkevm:0x11871187bae89dff227491a7a712eaac56108fef:SMT_KEY:4,0x11871187bae89dff227491a7a712eaac56108fef,4,code_hash_length,22053960
polygon-zkevm:0x151db144e7cbe9876cf165984b9dbc22a4fcdae4:SMT_KEY:0,0x151db144e7cbe9876cf165984b9dbc22a4fcdae4,0,balance,22053960
polygon-zkevm:0x151db144e7cbe9876cf165984b9dbc22a4fcdae4:SMT_KEY:1,0x151db144e7cbe9876cf165984b9dbc22a4fcdae4,1,nonce,22053960
polygon-zkevm:0x151db144e7cbe9876cf165984b9dbc22a4fcdae4:SMT_KEY:2,0x151db144e7cbe9876cf165984b9dbc22a4fcdae4,2,code_hash,22053960
polygon-zkevm:0x151db144e7cbe9876cf165984b9dbc22a4fcdae4:SMT_KEY:4,0x151db144e7cbe9876cf165984b9dbc22a4fcdae4,4,code_hash_length,22053960
polygon-zkevm:0x110d84c18294b20a1e2833f5524f2578a61dd45b:SMT_KEY:0,0x110d84c18294b20a1e2833f5524f2578a61dd45b,0,balance,22054080
polygon-zkevm:0x110d84c18294b20a1e2833f5524f2578a61dd45b:SMT_KEY:1,0x110d84c18294b20a1e2833f5524f2578a61dd45b,1,nonce,22054080
polygon-zkevm:0x110d84c18294b20a1e2833f5524f2578a61dd45b:SMT_KEY:2,0x110d84c18294b20a1e2833f5524f2578a61dd45b,2,code_hash,22054080
polygon-zkevm:0x110d84c18294b20a1e2833f5524f2578a61dd45b:SMT_KEY:4,0x110d84c18294b20a1e2833f5524f2578a61dd45b,4,code_hash_length,22054080
polygon-zkevm:0x4d5eef5674d630fd341167c7a2cd683c46e75252:SMT_KEY:0,0x4d5eef5674d630fd341167c7a2cd683c46e75252,0,balance,22054080
polygon-zkevm:0x4d5eef5674d630fd341167c7a2cd683c46e75252:SMT_KEY:1,0x4d5eef5674d630fd341167c7a2cd683c46e75252,1,nonce,22054080
polygon-zkevm:0x4d5eef5674d630fd341167c7a2cd683c46e75252:SMT_KEY:2,0x4d5eef5674d630fd341167c7a2cd683c46e75252,2,code_hash,22054080
polygon-zkevm:0x4d5eef5674d630fd341167c7a2cd683c46e75252:SMT_KEY:4,0x4d5eef5674d630fd341167c7a2cd683c46e75252,4,code_hash_length,22054080
polygon-zkevm:0x395bba136c073b5fe9144ee39ff76d166b08e1bd:SMT_KEY:0,0x395bba136c073b5fe9144ee39ff76d166b08e1bd,0,balance,22054090
polygon-zkevm:0x395bba136c073b5fe9144ee39ff76d166b08e1bd:SMT_KEY:1,0x395bba136c073b5fe9144ee39ff76d166b08e1bd,1,nonce,22054090
polygon-zkevm:0x395bba136c073b5fe9144ee39ff76d166b08e1bd:SMT_KEY:2,0x395bba136c073b5fe9144ee39ff76d166b08e1bd,2,code_hash,22054090
polygon-zkevm:0x395bba136c073b5fe9144ee39ff76d166b08e1bd:SMT_KEY:4,0x395bba136c073b5fe9144ee39ff76d166b08e1bd,4,code_hash_length,22054090
polygon-zkevm:0x91604f590d66ace8975eed6bd16cf55647d1c499:SMT_KEY:0,0x91604f590d66ace8975eed6bd16cf55647d1c499,0,balance,22054145
polygon-zkevm:0x91604f590d66ace8975eed6bd16cf55647d1c499:SMT_KEY:1,0x91604f590d66ace8975eed6bd16cf55647d1c499,1,nonce,22054145
polygon-zkevm:0x91604f590d66ace8975eed6bd16cf55647d1c499:SMT_KEY:2,0x91604f590d66ace8975eed6bd16cf55647d1c499,2,code_hash,22054145
polygon-zkevm:0x91604f590d66ace8975eed6bd16cf55647d1c499:SMT_KEY:4,0x91604f590d66ace8975eed6bd16cf55647d1c499,4,code_hash_length,22054145
polygon-zkevm:0xf70da97812cb96acdf810712aa562db8dfa3dbef:SMT_KEY:0,0xf70da97812cb96acdf810712aa562db8dfa3dbef,0,balance,22054145
polygon-zkevm:0xf70da97812cb96acdf810712aa562db8dfa3dbef:SMT_KEY:1,0xf70da97812cb96acdf810712aa562db8dfa3dbef,1,nonce,22054145
polygon-zkevm:0xf70da97812cb96acdf810712aa562db8dfa3dbef:SMT_KEY:2,0xf70da97812cb96acdf810712aa562db8dfa3dbef,2,code_hash,22054145
polygon-zkevm:0xf70da97812cb96acdf810712aa562db8dfa3dbef:SMT_KEY:4,0xf70da97812cb96acdf810712aa562db8dfa3dbef,4,code_hash_length,22054145
polygon-zkevm:0x8a6b2b67968f89f6af41507d066ddeea1650c0e5:SMT_KEY:0,0x8a6b2b67968f89f6af41507d066ddeea1650c0e5,0,balance,22054205
polygon-zkevm:0x8a6b2b67968f89f6af41507d066ddeea1650c0e5:SMT_KEY:1,0x8a6b2b67968f89f6af41507d066ddeea1650c0e5,1,nonce,22054205
polygon-zkevm:0x8a6b2b67968f89f6af41507d066ddeea1650c0e5:SMT_KEY:2,0x8a6b2b67968f89f6af41507d066ddeea1650c0e5,2,code_hash,22054205
polygon-zkevm:0x8a6b2b67968f89f6af41507d066ddeea1650c0e5:SMT_KEY:4,0x8a6b2b67968f89f6af41507d066ddeea1650c0e5,4,code_hash_length,22054205
polygon-zkevm:0xfc5814d029f741d3ac52a222dba511ca5068fe3f:SMT_KEY:0,0xfc5814d029f741d3ac52a222dba511ca5068fe3f,0,balance,22054230
polygon-zkevm:0xfc5814d029f741d3ac52a222dba511ca5068fe3f:SMT_KEY:1,0xfc5814d029f741d3ac52a222dba511ca5068fe3f,1,nonce,22054230
polygon-zkevm:0xfc5814d029f741d3ac52a222dba511ca5068fe3f:SMT_KEY:2,0xfc5814d029f741d3ac52a222dba511ca5068fe3f,2,code_hash,22054230
polygon-zkevm:0xfc5814d029f741d3ac52a222dba511ca5068fe3f:SMT_KEY:4,0xfc5814d029f741d3ac52a222dba511ca5068fe3f,4,code_hash_length,22054230
polygon-zkevm:0x00000000000007736e2f9aa5630b8c812e1f3fc9:SMT_KEY:0,0x00000000000007736e2f9aa5630b8c812e1f3fc9,0,balance,22054255
polygon-zkevm:0x00000000000007736e2f9aa5630b8c812e1f3fc9:SMT_KEY:1,0x00000000000007736e2f9aa5630b8c812e1f3fc9,1,nonce,22054255
polygon-zkevm:0x00000000000007736e2f9aa5630b8c812e1f3fc9:SMT_KEY:2,0x00000000000007736e2f9aa5630b8c812e1f3fc9,2,code_hash,22054255
polygon-zkevm:0x00000000000007736e2f9aa5630b8c812e1f3fc9:SMT_KEY:4,0x00000000000007736e2f9aa5630b8c812e1f3fc9,4,code_hash_length,22054255
polygon-zkevm:0xc599362dc519363e6bfef909591088c5270c30c6:SMT_KEY:0,0xc599362dc519363e6bfef909591088c5270c30c6,0,balance,22054255
polygon-zkevm:0xc599362dc519363e6bfef909591088c5270c30c6:SMT_KEY:1,0xc599362dc519363e6bfef909591088c5270c30c6,1,nonce,22054255
polygon-zkevm:0xc599362dc519363e6bfef909591088c5270c30c6:SMT_KEY:2,0xc599362dc519363e6bfef909591088c5270c30c6,2,code_hash,22054255
polygon-zkevm:0xc599362dc519363e6bfef909591088c5270c30c6:SMT_KEY:4,0xc599362dc519363e6bfef909591088c5270c30c6,4,code_hash_length,22054255
polygon-zkevm:0x2e663bd6d1a0cb207eb37bdbcf57153c3222e062:SMT_KEY:0,0x2e663bd6d1a0cb207eb37bdbcf57153c3222e062,0,balance,22054300
polygon-zkevm:0x2e663bd6d1a0cb207eb37bdbcf57153c3222e062:SMT_KEY:1,0x2e663bd6d1a0cb207eb37bdbcf57153c3222e062,1,nonce,22054300
polygon-zkevm:0x2e663bd6d1a0cb207eb37bdbcf57153c3222e062:SMT_KEY:2,0x2e663bd6d1a0cb207eb37bdbcf57153c3222e062,2,code_hash,22054300
polygon-zkevm:0x2e663bd6d1a0cb207eb37bdbcf57153c3222e062:SMT_KEY:4,0x2e663bd6d1a0cb207eb37bdbcf57153c3222e062,4,code_hash_length,22054300
polygon-zkevm:0xbc8af10aa1d0d55ecf28e613f9297ae834908989:SMT_KEY:0,0xbc8af10aa1d0d55ecf28e613f9297ae834908989,0,balance,22054325
polygon-zkevm:0xbc8af10aa1d0d55ecf28e613f9297ae834908989:SMT_KEY:1,0xbc8af10aa1d0d55ecf28e613f9297ae834908989,1,nonce,22054325
polygon-zkevm:0xbc8af10aa1d0d55ecf28e613f9297ae834908989:SMT_KEY:2,0xbc8af10aa1d0d55ecf28e613f9297ae834908989,2,code_hash,22054325
polygon-zkevm:0xbc8af10aa1d0d55ecf28e613f9297ae834908989:SMT_KEY:4,0xbc8af10aa1d0d55ecf28e613f9297ae834908989,4,code_hash_length,22054325
polygon-zkevm:0x7d414bd93bd3ff17bb35a5fb3c05fed00389d9d3:SMT_KEY:0,0x7d414bd93bd3ff17bb35a5fb3c05fed00389d9d3,0,balance,22054365
polygon-zkevm:0x7d414bd93bd3ff17bb35a5fb3c05fed00389d9d3:SMT_KEY:1,0x7d414bd93bd3ff17bb35a5fb3c05fed00389d9d3,1,nonce,22054365
polygon-zkevm:0x7d414bd93bd3ff17bb35a5fb3c05fed00389d9d3:SMT_KEY:2,0x7d414bd93bd3ff17bb35a5fb3c05fed00389d9d3,2,code_hash,22054365
polygon-zkevm:0x7d414bd93bd3ff17bb35a5fb3c05fed00389d9d3:SMT_KEY:4,0x7d414bd93bd3ff17bb35a5fb3c05fed00389d9d3,4,code_hash_length,22054365
polygon-zkevm:0xbe4fb271cfb7bcbb47ea9573321c7bfe309fc220:SMT_KEY:0,0xbe4fb271cfb7bcbb47ea9573321c7bfe309fc220,0,balance,22054370
polygon-zkevm:0xbe4fb271cfb7bcbb47ea9573321c7bfe309fc220:SMT_KEY:1,0xbe4fb271cfb7bcbb47ea9573321c7bfe309fc220,1,nonce,22054370
polygon-zkevm:0xbe4fb271cfb7bcbb47ea9573321c7bfe309fc220:SMT_KEY:2,0xbe4fb271cfb7bcbb47ea9573321c7bfe309fc220,2,code_hash,22054370
polygon-zkevm:0xbe4fb271cfb7bcbb47ea9573321c7bfe309fc220:SMT_KEY:4,0xbe4fb271cfb7bcbb47ea9573321c7bfe309fc220,4,code_hash_length,22054370
polygon-zkevm:0xcfb52a9e5808302ec8b3201f9ffc973cde2f5c3d:SMT_KEY:0,0xcfb52a9e5808302ec8b3201f9ffc973cde2f5c3d,0,balance,22054405
polygon-zkevm:0xcfb52a9e5808302ec8b3201f9ffc973cde2f5c3d:SMT_KEY:1,0xcfb52a9e5808302ec8b3201f9ffc973cde2f5c3d,1,nonce,22054405
polygon-zkevm:0xcfb52a9e5808302ec8b3201f9ffc973cde2f5c3d:SMT_KEY:2,0xcfb52a9e5808302ec8b3201f9ffc973cde2f5c3d,2,code_hash,22054405
polygon-zkevm:0xcfb52a9e5808302ec8b3201f9ffc973cde2f5c3d:SMT_KEY:4,0xcfb52a9e5808302ec8b3201f9ffc973cde2f5c3d,4,code_hash_length,22054405
polygon-zkevm:0x6aafdbb2ca5fe9fe422cf7f8e636cf7dfb112667:SMT_KEY:0,0x6aafdbb2ca5fe9fe422cf7f8e636cf7dfb112667,0,balance,22054415
polygon-zkevm:0x6aafdbb2ca5fe9fe422cf7f8e636cf7dfb112667:SMT_KEY:1,0x6aafdbb2ca5fe9fe422cf7f8e636cf7dfb112667,1,nonce,22054415
polygon-zkevm:0x6aafdbb2ca5fe9fe422cf7f8e636cf7dfb112667:SMT_KEY:2,0x6aafdbb2ca5fe9fe422cf7f8e636cf7dfb112667,2,code_hash,22054415
polygon-zkevm:0x6aafdbb2ca5fe9fe422cf7f8e636cf7dfb112667:SMT_KEY:4,0x6aafdbb2ca5fe9fe422cf7f8e636cf7dfb112667,4,code_hash_length,22054415
polygon-zkevm:0xb86964d514bae12d8dbe2fd94bb7d3a97e52a25e:SMT_KEY:0,0xb86964d514bae12d8dbe2fd94bb7d3a97e52a25e,0,balance,22054470
polygon-zkevm:0xb86964d514bae12d8dbe2fd94bb7d3a97e52a25e:SMT_KEY:1,0xb86964d514bae12d8dbe2fd94bb7d3a97e52a25e,1,nonce,22054470
polygon-zkevm:0xb86964d514bae12d8dbe2fd94bb7d3a97e52a25e:SMT_KEY:2,0xb86964d514bae12d8dbe2fd94bb7d3a97e52a25e,2,code_hash,22054470
polygon-zkevm:0xb86964d514bae12d8dbe2fd94bb7d3a97e52a25e:SMT_KEY:4,0xb86964d514bae12d8dbe2fd94bb7d3a97e52a25e,4,code_hash_length,22054470
polygon-zkevm:0xdb309b15401da54b631f5ac3c58bedb527a43760:SMT_KEY:0,0xdb309b15401da54b631f5ac3c58bedb527a43760,0,balance,22054495
polygon-zkevm:0xdb309b15401da54b631f5ac3c58bedb527a43760:SMT_KEY:1,0xdb309b15401da54b631f5ac3c58bedb527a43760,1,nonce,22054495
polygon-zkevm:0xdb309b15401da54b631f5ac3c58bedb527a43760:SMT_KEY:2,0xdb309b15401da54b631f5ac3c58bedb527a43760,2,code_hash,22054495
polygon-zkevm:0xdb309b15401da54b631f5ac3c58bedb527a43760:SMT_KEY:4,0xdb309b15401da54b631f5ac3c58bedb527a43760,4,code_hash_length,22054495
polygon-zkevm:0x6fa4d7fbc11af531126485efe7e44ccbae54bbcd:SMT_KEY:0,0x6fa4d7fbc11af531126485efe7e44ccbae54bbcd,0,balance,22054515
polygon-zkevm:0x6fa4d7fbc11af531126485efe7e44ccbae54bbcd:SMT_KEY:1,0x6fa4d7fbc11af531126485efe7e44ccbae54bbcd,1,nonce,22054515
polygon-zkevm:0x6fa4d7fbc11af531126485efe7e44ccbae54bbcd:SMT_KEY:2,0x6fa4d7fbc11af531126485efe7e44ccbae54bbcd,2,code_hash,22054515
polygon-zkevm:0x6fa4d7fbc11af531126485efe7e44ccbae54bbcd:SMT_KEY:4,0x6fa4d7fbc11af531126485efe7e44ccbae54bbcd,4,code_hash_length,22054515
polygon-zkevm:0x37fa31dea49e1c8b8065ce041e7a79ef4a785969:SMT_KEY:0,0x37fa31dea49e1c8b8065ce041e7a79ef4a785969,0,balance,22054555
polygon-zkevm:0x37fa31dea49e1c8b8065ce041e7a79ef4a785969:SMT_KEY:1,0x37fa31dea49e1c8b8065ce041e7a79ef4a785969,1,nonce,22054555
polygon-zkevm:0x37fa31dea49e1c8b8065ce041e7a79ef4a785969:SMT_KEY:2,0x37fa31dea49e1c8b8065ce041e7a79ef4a785969,2,code_hash,22054555
polygon-zkevm:0x37fa31dea49e1c8b8065ce041e7a79ef4a785969:SMT_KEY:4,0x37fa31dea49e1c8b8065ce041e7a79ef4a785969,4,code_hash_length,22054555
polygon-zkevm:0x2ee901d6aab21aa32e50ad15779201c2d6637092:SMT_KEY:0,0x2ee901d6aab21aa32e50ad15779201c2d6637092,0,balance,22054610
polygon-zkevm:0x2ee901d6aab21aa32e50ad15779201c2d6637092:SMT_KEY:1,0x2ee901d6aab21aa32e50ad15779201c2d6637092,1,nonce,22054610
polygon-zkevm:0x2ee901d6aab21aa32e50ad15779201c2d6637092:SMT_KEY:2,0x2ee901d6aab21aa32e50ad15779201c2d6637092,2,code_hash,22054610
polygon-zkevm:0x2ee901d6aab21aa32e50ad15779201c2d6637092:SMT_KEY:4,0x2ee901d6aab21aa32e50ad15779201c2d6637092,4,code_hash_length,22054610
polygon-zkevm:0x917192639dc0d1c8f6ecb4ffe69c5653cac232fd:SMT_KEY:0,0x917192639dc0d1c8f6ecb4ffe69c5653cac232fd,0,balance,22054655
polygon-zkevm:0x917192639dc0d1c8f6ecb4ffe69c5653cac232fd:SMT_KEY:1,0x917192639dc0d1c8f6ecb4ffe69c5653cac232fd,1,nonce,22054655
polygon-zkevm:0x917192639dc0d1c8f6ecb4ffe69c5653cac232fd:SMT_KEY:2,0x917192639dc0d1c8f6ecb4ffe69c5653cac232fd,2,code_hash,22054655
polygon-zkevm:0x917192639dc0d1c8f6ecb4ffe69c5653cac232fd:SMT_KEY:4,0x917192639dc0d1c8f6ecb4ffe69c5653cac232fd,4,code_hash_length,22054655
polygon-zkevm:0x1dabb29facf6c90fa16dee99fe32c3154dbb57f6:SMT_KEY:0,0x1dabb29facf6c90fa16dee99fe32c3154dbb57f6,0,balance,22054695
polygon-zkevm:0x1dabb29facf6c90fa16dee99fe32c3154dbb57f6:SMT_KEY:1,0x1dabb29facf6c90fa16dee99fe32c3154dbb57f6,1,nonce,22054695
polygon-zkevm:0x1dabb29facf6c90fa16dee99fe32c3154dbb57f6:SMT_KEY:2,0x1dabb29facf6c90fa16dee99fe32c3154dbb57f6,2,code_hash,22054695
polygon-zkevm:0x1dabb29facf6c90fa16dee99fe32c3154dbb57f6:SMT_KEY:4,0x1dabb29facf6c90fa16dee99fe32c3154dbb57f6,4,code_hash_length,22054695
polygon-zkevm:0xb6005d3867d1c796017d0133a12369f653387044:SMT_KEY:0,0xb6005d3867d1c796017d0133a12369f653387044,0,balance,22054770
polygon-zkevm:0xb6005d3867d1c796017d0133a12369f653387044:SMT_KEY:1,0xb6005d3867d1c796017d0133a12369f653387044,1,nonce,22054770
polygon-zkevm:0xb6005d3867d1c796017d0133a12369f653387044:SMT_KEY:2,0xb6005d3867d1c796017d0133a12369f653387044,2,code_hash,22054770
polygon-zkevm:0xb6005d3867d1c796017d0133a12369f653387044:SMT_KEY:4,0xb6005d3867d1c796017d0133a12369f653387044,4,code_hash_length,22054770
polygon-zkevm:0x3eb6347f6282e78f778c23c97e8657f5ee5378e0:SMT_KEY:0,0x3eb6347f6282e78f778c23c97e8657f5ee5378e0,0,balance,22054825
polygon-zkevm:0x3eb6347f6282e78f778c23c97e8657f5ee5378e0:SMT_KEY:1,0x3eb6347f6282e78f778c23c97e8657f5ee5378e0,1,nonce,22054825
polygon-zkevm:0x3eb6347f6282e78f778c23c97e8657f5ee5378e0:SMT_KEY:2,0x3eb6347f6282e78f778c23c97e8657f5ee5378e0,2,code_hash,22054825
polygon-zkevm:0x3eb6347f6282e78f778c23c97e8657f5ee5378e0:SMT_KEY:4,0x3eb6347f6282e78f778c23c97e8657f5ee5378e0,4,code_hash_length,22054825
polygon-zkevm:0x5523985926aa12ba58dc5ad00ddca99678d7227e:SMT_KEY:0,0x5523985926aa12ba58dc5ad00ddca99678d7227e,0,balance,22054825
polygon-zkevm:0x5523985926aa12ba58dc5ad00ddca99678d7227e:SMT_KEY:1,0x5523985926aa12ba58dc5ad00ddca99678d7227e,1,nonce,22054825
polygon-zkevm:0x5523985926aa12ba58dc5ad00ddca99678d7227e:SMT_KEY:2,0x5523985926aa12ba58dc5ad00ddca99678d7227e,2,code_hash,22054825
polygon-zkevm:0x5523985926aa12ba58dc5ad00ddca99678d7227e:SMT_KEY:4,0x5523985926aa12ba58dc5ad00ddca99678d7227e,4,code_hash_length,22054825
polygon-zkevm:0x623af4933a5fa31ac834c4c22f24690076e1699a:SMT_KEY:0,0x623af4933a5fa31ac834c4c22f24690076e1699a,0,balance,22054860
polygon-zkevm:0x623af4933a5fa31ac834c4c22f24690076e1699a:SMT_KEY:1,0x623af4933a5fa31ac834c4c22f24690076e1699a,1,nonce,22054860
polygon-zkevm:0x623af4933a5fa31ac834c4c22f24690076e1699a:SMT_KEY:2,0x623af4933a5fa31ac834c4c22f24690076e1699a,2,code_hash,22054860
polygon-zkevm:0x623af4933a5fa31ac834c4c22f24690076e1699a:SMT_KEY:4,0x623af4933a5fa31ac834c4c22f24690076e1699a,4,code_hash_length,22054860
polygon-zkevm:0xda7b11717526582b1c641ab2f89e82b1b8eaf80b:SMT_KEY:0,0xda7b11717526582b1c641ab2f89e82b1b8eaf80b,0,balance,22054860
polygon-zkevm:0xda7b11717526582b1c641ab2f89e82b1b8eaf80b:SMT_KEY:1,0xda7b11717526582b1c641ab2f89e82b1b8eaf80b,1,nonce,22054860
polygon-zkevm:0xda7b11717526582b1c641ab2f89e82b1b8eaf80b:SMT_KEY:2,0xda7b11717526582b1c641ab2f89e82b1b8eaf80b,2,code_hash,22054860
polygon-zkevm:0xda7b11717526582b1c641ab2f89e82b1b8eaf80b:SMT_KEY:4,0xda7b11717526582b1c641ab2f89e82b1b8eaf80b,4,code_hash_length,22054860
polygon-zkevm:0xdebafb96e04e3e0f9591989051235bed6f9d8012:SMT_KEY:0,0xdebafb96e04e3e0f9591989051235bed6f9d8012,0,balance,22054895
polygon-zkevm:0xdebafb96e04e3e0f9591989051235bed6f9d8012:SMT_KEY:1,0xdebafb96e04e3e0f9591989051235bed6f9d8012,1,nonce,22054895
polygon-zkevm:0xdebafb96e04e3e0f9591989051235bed6f9d8012:SMT_KEY:2,0xdebafb96e04e3e0f9591989051235bed6f9d8012,2,code_hash,22054895
polygon-zkevm:0xdebafb96e04e3e0f9591989051235bed6f9d8012:SMT_KEY:4,0xdebafb96e04e3e0f9591989051235bed6f9d8012,4,code_hash_length,22054895
polygon-zkevm:0xf87c56ebe182ac6866c5168fb24e1beea1ffaa63:SMT_KEY:0,0xf87c56ebe182ac6866c5168fb24e1beea1ffaa63,0,balance,22054905
polygon-zkevm:0xf87c56ebe182ac6866c5168fb24e1beea1ffaa63:SMT_KEY:1,0xf87c56ebe182ac6866c5168fb24e1beea1ffaa63,1,nonce,22054905
polygon-zkevm:0xf87c56ebe182ac6866c5168fb24e1beea1ffaa63:SMT_KEY:2,0xf87c56ebe182ac6866c5168fb24e1beea1ffaa63,2,code_hash,22054905
polygon-zkevm:0xf87c56ebe182ac6866c5168fb24e1beea1ffaa63:SMT_KEY:4,0xf87c56ebe182ac6866c5168fb24e1beea1ffaa63,4,code_hash_length,22054905
polygon-zkevm:0x2aeb6eb0eb7837b5f838b90c902d9cca6ed6d559:SMT_KEY:0,0x2aeb6eb0eb7837b5f838b90c902d9cca6ed6d559,0,balance,22054920
polygon-zkevm:0x2aeb6eb0eb7837b5f838b90c902d9cca6ed6d559:SMT_KEY:1,0x2aeb6eb0eb7837b5f838b90c902d9cca6ed6d559,1,nonce,22054920
polygon-zkevm:0x2aeb6eb0eb7837b5f838b90c902d9cca6ed6d559:SMT_KEY:2,0x2aeb6eb0eb7837b5f838b90c902d9cca6ed6d559,2,code_hash,22054920
polygon-zkevm:0x2aeb6eb0eb7837b5f838b90c902d9cca6ed6d559:SMT_KEY:4,0x2aeb6eb0eb7837b5f838b90c902d9cca6ed6d559,4,code_hash_length,22054920
polygon-zkevm:0x6d7f94cbdf33017c41061c8493c505e82569db7a:SMT_KEY:0,0x6d7f94cbdf33017c41061c8493c505e82569db7a,0,balance,22054950
polygon-zkevm:0x6d7f94cbdf33017c41061c8493c505e82569db7a:SMT_KEY:1,0x6d7f94cbdf33017c41061c8493c505e82569db7a,1,nonce,22054950
polygon-zkevm:0x6d7f94cbdf33017c41061c8493c505e82569db7a:SMT_KEY:2,0x6d7f94cbdf33017c41061c8493c505e82569db7a,2,code_hash,22054950
polygon-zkevm:0x6d7f94cbdf33017c41061c8493c505e82569db7a:SMT_KEY:4,0x6d7f94cbdf33017c41061c8493c505e82569db7a,4,code_hash_length,22054950
polygon-zkevm:0xf02fbdf3c7ea181c55bbd56a8d734bd3de4e2514:SMT_KEY:0,0xf02fbdf3c7ea181c55bbd56a8d734bd3de4e2514,0,balance,22054950
polygon-zkevm:0xf02fbdf3c7ea181c55bbd56a8d734bd3de4e2514:SMT_KEY:1,0xf02fbdf3c7ea181c55bbd56a8d734bd3de4e2514,1,nonce,22054950
polygon-zkevm:0xf02fbdf3c7ea181c55bbd56a8d734bd3de4e2514:SMT_KEY:2,0xf02fbdf3c7ea181c55bbd56a8d734bd3de4e2514,2,code_hash,22054950
polygon-zkevm:0xf02fbdf3c7ea181c55bbd56a8d734bd3de4e2514:SMT_KEY:4,0xf02fbdf3c7ea181c55bbd56a8d734bd3de4e2514,4,code_hash_length,22054950
polygon-zkevm:0x3bdb03ad7363152dfbc185ee23ebc93f0cf93fd1:SMT_KEY:0,0x3bdb03ad7363152dfbc185ee23ebc93f0cf93fd1,0,balance,22055070
polygon-zkevm:0x3bdb03ad7363152dfbc185ee23ebc93f0cf93fd1:SMT_KEY:1,0x3bdb03ad7363152dfbc185ee23ebc93f0cf93fd1,1,nonce,22055070
polygon-zkevm:0x3bdb03ad7363152dfbc185ee23ebc93f0cf93fd1:SMT_KEY:2,0x3bdb03ad7363152dfbc185ee23ebc93f0cf93fd1,2,code_hash,22055070
polygon-zkevm:0x3bdb03ad7363152dfbc185ee23ebc93f0cf93fd1:SMT_KEY:4,0x3bdb03ad7363152dfbc185ee23ebc93f0cf93fd1,4,code_hash_length,22055070
polygon-zkevm:0x57d2d722ac735abe1a5c95cc8b81c51c9645ac19:SMT_KEY:0,0x57d2d722ac735abe1a5c95cc8b81c51c9645ac19,0,balance,22055070
polygon-zkevm:0x57d2d722ac735abe1a5c95cc8b81c51c9645ac19:SMT_KEY:1,0x57d2d722ac735abe1a5c95cc8b81c51c9645ac19,1,nonce,22055070
polygon-zkevm:0x57d2d722ac735abe1a5c95cc8b81c51c9645ac19:SMT_KEY:2,0x57d2d722ac735abe1a5c95cc8b81c51c9645ac19,2,code_hash,22055070
polygon-zkevm:0x57d2d722ac735abe1a5c95cc8b81c51c9645ac19:SMT_KEY:4,0x57d2d722ac735abe1a5c95cc8b81c51c9645ac19,4,code_hash_length,22055070
polygon-zkevm:0x0d659056e26916e090d4702383371a5451e3dfcc:SMT_KEY:0,0x0d659056e26916e090d4702383371a5451e3dfcc,0,balance,22055150
polygon-zkevm:0x0d659056e26916e090d4702383371a5451e3dfcc:SMT_KEY:1,0x0d659056e26916e090d4702383371a5451e3dfcc,1,nonce,22055150
polygon-zkevm:0x0d659056e26916e090d4702383371a5451e3dfcc:SMT_KEY:2,0x0d659056e26916e090d4702383371a5451e3dfcc,2,code_hash,22055150
polygon-zkevm:0x0d659056e26916e090d4702383371a5451e3dfcc:SMT_KEY:4,0x0d659056e26916e090d4702383371a5451e3dfcc,4,code_hash_length,22055150
polygon-zkevm:0x37e4d7a8801319117f9b0a92fb3419d22092144c:SMT_KEY:0,0x37e4d7a8801319117f9b0a92fb3419d22092144c,0,balance,22055240
polygon-zkevm:0x37e4d7a8801319117f9b0a92fb3419d22092144c:SMT_KEY:1,0x37e4d7a8801319117f9b0a92fb3419d22092144c,1,nonce,22055240
polygon-zkevm:0x37e4d7a8801319117f9b0a92fb3419d22092144c:SMT_KEY:2,0x37e4d7a8801319117f9b0a92fb3419d22092144c,2,code_hash,22055240
polygon-zkevm:0x37e4d7a8801319117f9b0a92fb3419d22092144c:SMT_KEY:4,0x37e4d7a8801319117f9b0a92fb3419d22092144c,4,code_hash_length,22055240
polygon-zkevm:0x41e3a87a83a97feef756695ef8c066ecca75a54d:SMT_KEY:0,0x41e3a87a83a97feef756695ef8c066ecca75a54d,0,balance,22055370
polygon-zkevm:0x41e3a87a83a97feef756695ef8c066ecca75a54d:SMT_KEY:1,0x41e3a87a83a97feef756695ef8c066ecca75a54d,1,nonce,22055370
polygon-zkevm:0x41e3a87a83a97feef756695ef8c066ecca75a54d:SMT_KEY:2,0x41e3a87a83a97feef756695ef8c066ecca75a54d,2,code_hash,22055370
polygon-zkevm:0x41e3a87a83a97feef756695ef8c066ecca75a54d:SMT_KEY:4,0x41e3a87a83a97feef756695ef8c066ecca75a54d,4,code_hash_length,22055370
polygon-zkevm:0xc626845bf4e6a5802ef774da0b3dfc6707f015f7:SMT_KEY:0,0xc626845bf4e6a5802ef774da0b3dfc6707f015f7,0,balance,22055395
polygon-zkevm:0xc626845bf4e6a5802ef774da0b3dfc6707f015f7:SMT_KEY:1,0xc626845bf4e6a5802ef774da0b3dfc6707f015f7,1,nonce,22055395
polygon-zkevm:0xc626845bf4e6a5802ef774da0b3dfc6707f015f7:SMT_KEY:2,0xc626845bf4e6a5802ef774da0b3dfc6707f015f7,2,code_hash,22055395
polygon-zkevm:0xc626845bf4e6a5802ef774da0b3dfc6707f015f7:SMT_KEY:4,0xc626845bf4e6a5802ef774da0b3dfc6707f015f7,4,code_hash_length,22055395
polygon-zkevm:0xd446035a4983b2b04f962cabdbac695102182cb3:SMT_KEY:0,0xd446035a4983b2b04f962cabdbac695102182cb3,0,balance,22055395
polygon-zkevm:0xd446035a4983b2b04f962cabdbac695102182cb3:SMT_KEY:1,0xd446035a4983b2b04f962cabdbac695102182cb3,1,nonce,22055395
polygon-zkevm:0xd446035a4983b2b04f962cabdbac695102182cb3:SMT_KEY:2,0xd446035a4983b2b04f962cabdbac695102182cb3,2,code_hash,22055395
polygon-zkevm:0xd446035a4983b2b04f962cabdbac695102182cb3:SMT_KEY:4,0xd446035a4983b2b04f962cabdbac695102182cb3,4,code_hash_length,22055395
polygon-zkevm:0x5452649fc6300d5774947b782c92795a28747258:SMT_KEY:0,0x5452649fc6300d5774947b782c92795a28747258,0,balance,22055450
polygon-zkevm:0x5452649fc6300d5774947b782c92795a28747258:SMT_KEY:1,0x5452649fc6300d5774947b782c92795a28747258,1,nonce,22055450
polygon-zkevm:0x5452649fc6300d5774947b782c92795a28747258:SMT_KEY:2,0x5452649fc6300d5774947b782c92795a28747258,2,code_hash,22055450
polygon-zkevm:0x5452649fc6300d5774947b782c92795a28747258:SMT_KEY:4,0x5452649fc6300d5774947b782c92795a28747258,4,code_hash_length,22055450
polygon-zkevm:0x7caec4f5886a3a44a0ed028aaf98aef5d13c2c74:SMT_KEY:0,0x7caec4f5886a3a44a0ed028aaf98aef5d13c2c74,0,balance,22055480
polygon-zkevm:0x7caec4f5886a3a44a0ed028aaf98aef5d13c2c74:SMT_KEY:1,0x7caec4f5886a3a44a0ed028aaf98aef5d13c2c74,1,nonce,22055480
polygon-zkevm:0x7caec4f5886a3a44a0ed028aaf98aef5d13c2c74:SMT_KEY:2,0x7caec4f5886a3a44a0ed028aaf98aef5d13c2c74,2,code_hash,22055480
polygon-zkevm:0x7caec4f5886a3a44a0ed028aaf98aef5d13c2c74:SMT_KEY:4,0x7caec4f5886a3a44a0ed028aaf98aef5d13c2c74,4,code_hash_length,22055480
polygon-zkevm:0xf4fb6f1a84eae65f20c9bc53c9f4bec9b733526d:SMT_KEY:0,0xf4fb6f1a84eae65f20c9bc53c9f4bec9b733526d,0,balance,22055480
polygon-zkevm:0xf4fb6f1a84eae65f20c9bc53c9f4bec9b733526d:SMT_KEY:1,0xf4fb6f1a84eae65f20c9bc53c9f4bec9b733526d,1,nonce,22055480
polygon-zkevm:0xf4fb6f1a84eae65f20c9bc53c9f4bec9b733526d:SMT_KEY:2,0xf4fb6f1a84eae65f20c9bc53c9f4bec9b733526d,2,code_hash,22055480
polygon-zkevm:0xf4fb6f1a84eae65f20c9bc53c9f4bec9b733526d:SMT_KEY:4,0xf4fb6f1a84eae65f20c9bc53c9f4bec9b733526d,4,code_hash_length,22055480
polygon-zkevm:0xe961066d859d4922b51269801cd26a2351c4f1e3:SMT_KEY:0,0xe961066d859d4922b51269801cd26a2351c4f1e3,0,balance,22055530
polygon-zkevm:0xe961066d859d4922b51269801cd26a2351c4f1e3:SMT_KEY:1,0xe961066d859d4922b51269801cd26a2351c4f1e3,1,nonce,22055530
polygon-zkevm:0xe961066d859d4922b51269801cd26a2351c4f1e3:SMT_KEY:2,0xe961066d859d4922b51269801cd26a2351c4f1e3,2,code_hash,22055530
polygon-zkevm:0xe961066d859d4922b51269801cd26a2351c4f1e3:SMT_KEY:4,0xe961066d859d4922b51269801cd26a2351c4f1e3,4,code_hash_length,22055530
polygon-zkevm:0xd3e4d4bf274f8a8ff2542959fcdd3c5e112cab34:SMT_KEY:0,0xd3e4d4bf274f8a8ff2542959fcdd3c5e112cab34,0,balance,22055600
polygon-zkevm:0xd3e4d4bf274f8a8ff2542959fcdd3c5e112cab34:SMT_KEY:1,0xd3e4d4bf274f8a8ff2542959fcdd3c5e112cab34,1,nonce,22055600
polygon-zkevm:0xd3e4d4bf274f8a8ff2542959fcdd3c5e112cab34:SMT_KEY:2,0xd3e4d4bf274f8a8ff2542959fcdd3c5e112cab34,2,code_hash,22055600
polygon-zkevm:0xd3e4d4bf274f8a8ff2542959fcdd3c5e112cab34:SMT_KEY:4,0xd3e4d4bf274f8a8ff2542959fcdd3c5e112cab34,4,code_hash_length,22055600
polygon-zkevm:0x23aeed2f18e17c9d89640177d5f804f1e6aabddd:SMT_KEY:0,0x23aeed2f18e17c9d89640177d5f804f1e6aabddd,0,balance,22055935
polygon-zkevm:0x23aeed2f18e17c9d89640177d5f804f1e6aabddd:SMT_KEY:1,0x23aeed2f18e17c9d89640177d5f804f1e6aabddd,1,nonce,22055935
polygon-zkevm:0x23aeed2f18e17c9d89640177d5f804f1e6aabddd:SMT_KEY:2,0x23aeed2f18e17c9d89640177d5f804f1e6aabddd,2,code_hash,22055935
polygon-zkevm:0x23aeed2f18e17c9d89640177d5f804f1e6aabddd:SMT_KEY:4,0x23aeed2f18e17c9d89640177d5f804f1e6aabddd,4,code_hash_length,22055935
polygon-zkevm:0xcd1d9052660cb53363bda06f95d91035bc3060c7:SMT_KEY:0,0xcd1d9052660cb53363bda06f95d91035bc3060c7,0,balance,22055935
polygon-zkevm:0xcd1d9052660cb53363bda06f95d91035bc3060c7:SMT_KEY:1,0xcd1d9052660cb53363bda06f95d91035bc3060c7,1,nonce,22055935
polygon-zkevm:0xcd1d9052660cb53363bda06f95d91035bc3060c7:SMT_KEY:2,0xcd1d9052660cb53363bda06f95d91035bc3060c7,2,code_hash,22055935
polygon-zkevm:0xcd1d9052660cb53363bda06f95d91035bc3060c7:SMT_KEY:4,0xcd1d9052660cb53363bda06f95d91035bc3060c7,4,code_hash_length,22055935
polygon-zkevm:0x17d518736ee9341dcdc0a2498e013d33cfcdd080:SMT_KEY:0,0x17d518736ee9341dcdc0a2498e013d33cfcdd080,0,balance,22056020
polygon-zkevm:0x17d518736ee9341dcdc0a2498e013d33cfcdd080:SMT_KEY:1,0x17d518736ee9341dcdc0a2498e013d33cfcdd080,1,nonce,22056020
polygon-zkevm:0x17d518736ee9341dcdc0a2498e013d33cfcdd080:SMT_KEY:2,0x17d518736ee9341dcdc0a2498e013d33cfcdd080,2,code_hash,22056020
polygon-zkevm:0x17d518736ee9341dcdc0a2498e013d33cfcdd080:SMT_KEY:4,0x17d518736ee9341dcdc0a2498e013d33cfcdd080,4,code_hash_length,22056020
polygon-zkevm:0x288cf70af192216496714fc0fb9537ce727298b7:SMT_KEY:0,0x288cf70af192216496714fc0fb9537ce727298b7,0,balance,22056020
polygon-zkevm:0x288cf70af192216496714fc0fb9537ce727298b7:SMT_KEY:1,0x288cf70af192216496714fc0fb9537ce727298b7,1,nonce,22056020
polygon-zkevm:0x288cf70af192216496714fc0fb9537ce727298b7:SMT_KEY:2,0x288cf70af192216496714fc0fb9537ce727298b7,2,code_hash,22056020
polygon-zkevm:0x288cf70af192216496714fc0fb9537ce727298b7:SMT_KEY:4,0x288cf70af192216496714fc0fb9537ce727298b7,4,code_hash_length,22056020
polygon-zkevm:0xbcfd70ec4140841052dbe06b0dc9ac07726bff4d:SMT_KEY:0,0xbcfd70ec4140841052dbe06b0dc9ac07726bff4d,0,balance,22056095
polygon-zkevm:0xbcfd70ec4140841052dbe06b0dc9ac07726bff4d:SMT_KEY:1,0xbcfd70ec4140841052dbe06b0dc9ac07726bff4d,1,nonce,22056095
polygon-zkevm:0xbcfd70ec4140841052dbe06b0dc9ac07726bff4d:SMT_KEY:2,0xbcfd70ec4140841052dbe06b0dc9ac07726bff4d,2,code_hash,22056095
polygon-zkevm:0xbcfd70ec4140841052dbe06b0dc9ac07726bff4d:SMT_KEY:4,0xbcfd70ec4140841052dbe06b0dc9ac07726bff4d,4,code_hash_length,22056095
polygon-zkevm:0x90e5f3d9ad160b9bd212eb9ded87671f93333d5b:SMT_KEY:0,0x90e5f3d9ad160b9bd212eb9ded87671f93333d5b,0,balance,22056200
polygon-zkevm:0x90e5f3d9ad160b9bd212eb9ded87671f93333d5b:SMT_KEY:1,0x90e5f3d9ad160b9bd212eb9ded87671f93333d5b,1,nonce,22056200
polygon-zkevm:0x90e5f3d9ad160b9bd212eb9ded87671f93333d5b:SMT_KEY:2,0x90e5f3d9ad160b9bd212eb9ded87671f93333d5b,2,code_hash,22056200
polygon-zkevm:0x90e5f3d9ad160b9bd212eb9ded87671f93333d5b:SMT_KEY:4,0x90e5f3d9ad160b9bd212eb9ded87671f93333d5b,4,code_hash_length,22056200
polygon-zkevm:0xcca3e2b709a7936be1d423435f1c3348bedb53aa:SMT_KEY:0,0xcca3e2b709a7936be1d423435f1c3348bedb53aa,0,balance,22056200
polygon-zkevm:0xcca3e2b709a7936be1d423435f1c3348bedb53aa:SMT_KEY:1,0xcca3e2b709a7936be1d423435f1c3348bedb53aa,1,nonce,22056200
polygon-zkevm:0xcca3e2b709a7936be1d423435f1c3348bedb53aa:SMT_KEY:2,0xcca3e2b709a7936be1d423435f1c3348bedb53aa,2,code_hash,22056200
polygon-zkevm:0xcca3e2b709a7936be1d423435f1c3348bedb53aa:SMT_KEY:4,0xcca3e2b709a7936be1d423435f1c3348bedb53aa,4,code_hash_length,22056200
polygon-zkevm:0xe294c510d020cf4fec1aec0b8735f882c1f6f733:SMT_KEY:0,0xe294c510d020cf4fec1aec0b8735f882c1f6f733,0,balance,22056255
polygon-zkevm:0xe294c510d020cf4fec1aec0b8735f882c1f6f733:SMT_KEY:1,0xe294c510d020cf4fec1aec0b8735f882c1f6f733,1,nonce,22056255
polygon-zkevm:0xe294c510d020cf4fec1aec0b8735f882c1f6f733:SMT_KEY:2,0xe294c510d020cf4fec1aec0b8735f882c1f6f733,2,code_hash,22056255
polygon-zkevm:0xe294c510d020cf4fec1aec0b8735f882c1f6f733:SMT_KEY:4,0xe294c510d020cf4fec1aec0b8735f882c1f6f733,4,code_hash_length,22056255
polygon-zkevm:0xf2312a6269acd4c7b572c4d27ab476aff7e64a68:SMT_KEY:0,0xf2312a6269acd4c7b572c4d27ab476aff7e64a68,0,balance,22056375
polygon-zkevm:0xf2312a6269acd4c7b572c4d27ab476aff7e64a68:SMT_KEY:1,0xf2312a6269acd4c7b572c4d27ab476aff7e64a68,1,nonce,22056375
polygon-zkevm:0xf2312a6269acd4c7b572c4d27ab476aff7e64a68:SMT_KEY:2,0xf2312a6269acd4c7b572c4d27ab476aff7e64a68,2,code_hash,22056375
polygon-zkevm:0xf2312a6269acd4c7b572c4d27ab476aff7e64a68:SMT_KEY:4,0xf2312a6269acd4c7b572c4d27ab476aff7e64a68,4,code_hash_length,22056375
polygon-zkevm:0x6e2a1efce794bf01d6a41bc9f1ffb7bbd1a22be3:SMT_KEY:0,0x6e2a1efce794bf01d6a41bc9f1ffb7bbd1a22be3,0,balance,22056520
polygon-zkevm:0x6e2a1efce794bf01d6a41bc9f1ffb7bbd1a22be3:SMT_KEY:1,0x6e2a1efce794bf01d6a41bc9f1ffb7bbd1a22be3,1,nonce,22056520
polygon-zkevm:0x6e2a1efce794bf01d6a41bc9f1ffb7bbd1a22be3:SMT_KEY:2,0x6e2a1efce794bf01d6a41bc9f1ffb7bbd1a22be3,2,code_hash,22056520
polygon-zkevm:0x6e2a1efce794bf01d6a41bc9f1ffb7bbd1a22be3:SMT_KEY:4,0x6e2a1efce794bf01d6a41bc9f1ffb7bbd1a22be3,4,code_hash_length,22056520
polygon-zkevm:0xfe30aac979e4036d75e0ad2c1cc0ddea0d2bc805:SMT_KEY:0,0xfe30aac979e4036d75e0ad2c1cc0ddea0d2bc805,0,balance,22056695
polygon-zkevm:0xfe30aac979e4036d75e0ad2c1cc0ddea0d2bc805:SMT_KEY:1,0xfe30aac979e4036d75e0ad2c1cc0ddea0d2bc805,1,nonce,22056695
polygon-zkevm:0xfe30aac979e4036d75e0ad2c1cc0ddea0d2bc805:SMT_KEY:2,0xfe30aac979e4036d75e0ad2c1cc0ddea0d2bc805,2,code_hash,22056695
polygon-zkevm:0xfe30aac979e4036d75e0ad2c1cc0ddea0d2bc805:SMT_KEY:4,0xfe30aac979e4036d75e0ad2c1cc0ddea0d2bc805,4,code_hash_length,22056695
polygon-zkevm:0x0e38ce31e3e50394dc7c177ebb5a77bf4fe5c05e:SMT_KEY:0,0x0e38ce31e3e50394dc7c177ebb5a77bf4fe5c05e,0,balance,22056725
polygon-zkevm:0x0e38ce31e3e50394dc7c177ebb5a77bf4fe5c05e:SMT_KEY:1,0x0e38ce31e3e50394dc7c177ebb5a77bf4fe5c05e,1,nonce,22056725
polygon-zkevm:0x0e38ce31e3e50394dc7c177ebb5a77bf4fe5c05e:SMT_KEY:2,0x0e38ce31e3e50394dc7c177ebb5a77bf4fe5c05e,2,code_hash,22056725
polygon-zkevm:0x0e38ce31e3e50394dc7c177ebb5a77bf4fe5c05e:SMT_KEY:4,0x0e38ce31e3e50394dc7c177ebb5a77bf4fe5c05e,4,code_hash_length,22056725
polygon-zkevm:0xd077589624fd63b5e2d06c4588095362179bb82f:SMT_KEY:0,0xd077589624fd63b5e2d06c4588095362179bb82f,0,balance,22056730
polygon-zkevm:0xd077589624fd63b5e2d06c4588095362179bb82f:SMT_KEY:1,0xd077589624fd63b5e2d06c4588095362179bb82f,1,nonce,22056730
polygon-zkevm:0xd077589624fd63b5e2d06c4588095362179bb82f:SMT_KEY:2,0xd077589624fd63b5e2d06c4588095362179bb82f,2,code_hash,22056730
polygon-zkevm:0xd077589624fd63b5e2d06c4588095362179bb82f:SMT_KEY:4,0xd077589624fd63b5e2d06c4588095362179bb82f,4,code_hash_length,22056730
polygon-zkevm:0x6c4cb69ab2a0583d2c44df3dff302f01eeddf8a2:SMT_KEY:0,0x6c4cb69ab2a0583d2c44df3dff302f01eeddf8a2,0,balance,22056760
polygon-zkevm:0x6c4cb69ab2a0583d2c44df3dff302f01eeddf8a2:SMT_KEY:1,0x6c4cb69ab2a0583d2c44df3dff302f01eeddf8a2,1,nonce,22056760
polygon-zkevm:0x6c4cb69ab2a0583d2c44df3dff302f01eeddf8a2:SMT_KEY:2,0x6c4cb69ab2a0583d2c44df3dff302f01eeddf8a2,2,code_hash,22056760
polygon-zkevm:0x6c4cb69ab2a0583d2c44df3dff302f01eeddf8a2:SMT_KEY:4,0x6c4cb69ab2a0583d2c44df3dff302f01eeddf8a2,4,code_hash_length,22056760
polygon-zkevm:0x5099abff70bf5611b2b0ec2610d381f558b32419:SMT_KEY:0,0x5099abff70bf5611b2b0ec2610d381f558b32419,0,balance,22056875
polygon-zkevm:0x5099abff70bf5611b2b0ec2610d381f558b32419:SMT_KEY:1,0x5099abff70bf5611b2b0ec2610d381f558b32419,1,nonce,22056875
polygon-zkevm:0x5099abff70bf5611b2b0ec2610d381f558b32419:SMT_KEY:2,0x5099abff70bf5611b2b0ec2610d381f558b32419,2,code_hash,22056875
polygon-zkevm:0x5099abff70bf5611b2b0ec2610d381f558b32419:SMT_KEY:4,0x5099abff70bf5611b2b0ec2610d381f558b32419,4,code_hash_length,22056875
polygon-zkevm:0x4350af2249746bbf1febd3dc2593dab33752a3dd:SMT_KEY:0,0x4350af2249746bbf1febd3dc2593dab33752a3dd,0,balance,22056900
polygon-zkevm:0x4350af2249746bbf1febd3dc2593dab33752a3dd:SMT_KEY:1,0x4350af2249746bbf1febd3dc2593dab33752a3dd,1,nonce,22056900
polygon-zkevm:0x4350af2249746bbf1febd3dc2593dab33752a3dd:SMT_KEY:2,0x4350af2249746bbf1febd3dc2593dab33752a3dd,2,code_hash,22056900
polygon-zkevm:0x4350af2249746bbf1febd3dc2593dab33752a3dd:SMT_KEY:4,0x4350af2249746bbf1febd3dc2593dab33752a3dd,4,code_hash_length,22056900
polygon-zkevm:0x8903dc1f4736d2fcb90c1497aebbaba133daac76:SMT_KEY:0,0x8903dc1f4736d2fcb90c1497aebbaba133daac76,0,balance,22056900
polygon-zkevm:0x8903dc1f4736d2fcb90c1497aebbaba133daac76:SMT_KEY:1,0x8903dc1f4736d2fcb90c1497aebbaba133daac76,1,nonce,22056900
polygon-zkevm:0x8903dc1f4736d2fcb90c1497aebbaba133daac76:SMT_KEY:2,0x8903dc1f4736d2fcb90c1497aebbaba133daac76,2,code_hash,22056900
polygon-zkevm:0x8903dc1f4736d2fcb90c1497aebbaba133daac76:SMT_KEY:4,0x8903dc1f4736d2fcb90c1497aebbaba133daac76,4,code_hash_length,22056900
polygon-zkevm:0xfeb222b5f532c586c5b186bc596c5d5fe0b3a4a6:SMT_KEY:0,0xfeb222b5f532c586c5b186bc596c5d5fe0b3a4a6,0,balance,22056905
polygon-zkevm:0xfeb222b5f532c586c5b186bc596c5d5fe0b3a4a6:SMT_KEY:1,0xfeb222b5f532c586c5b186bc596c5d5fe0b3a4a6,1,nonce,22056905
polygon-zkevm:0xfeb222b5f532c586c5b186bc596c5d5fe0b3a4a6:SMT_KEY:2,0xfeb222b5f532c586c5b186bc596c5d5fe0b3a4a6,2,code_hash,22056905
polygon-zkevm:0xfeb222b5f532c586c5b186bc596c5d5fe0b3a4a6:SMT_KEY:4,0xfeb222b5f532c586c5b186bc596c5d5fe0b3a4a6,4,code_hash_length,22056905
polygon-zkevm:0x12d41b6df938c739f00c392575e3fd9292d98215:SMT_KEY:0,0x12d41b6df938c739f00c392575e3fd9292d98215,0,balance,22056915
polygon-zkevm:0x12d41b6df938c739f00c392575e3fd9292d98215:SMT_KEY:1,0x12d41b6df938c739f00c392575e3fd9292d98215,1,nonce,22056915
polygon-zkevm:0x12d41b6df938c739f00c392575e3fd9292d98215:SMT_KEY:2,0x12d41b6df938c739f00c392575e3fd9292d98215,2,code_hash,22056915
polygon-zkevm:0x12d41b6df938c739f00c392575e3fd9292d98215:SMT_KEY:4,0x12d41b6df938c739f00c392575e3fd9292d98215,4,code_hash_length,22056915
polygon-zkevm:0x27b365c4a88f82de3174b3e2159c3a95ee878189:SMT_KEY:0,0x27b365c4a88f82de3174b3e2159c3a95ee878189,0,balance,22056915
polygon-zkevm:0x27b365c4a88f82de3174b3e2159c3a95ee878189:SMT_KEY:1,0x27b365c4a88f82de3174b3e2159c3a95ee878189,1,nonce,22056915
polygon-zkevm:0x27b365c4a88f82de3174b3e2159c3a95ee878189:SMT_KEY:2,0x27b365c4a88f82de3174b3e2159c3a95ee878189,2,code_hash,22056915
polygon-zkevm:0x27b365c4a88f82de3174b3e2159c3a95ee878189:SMT_KEY:4,0x27b365c4a88f82de3174b3e2159c3a95ee878189,4,code_hash_length,22056915
polygon-zkevm:0x3c7717ff655bd5c1ffcf73fe4613bea56a7e685b:SMT_KEY:0,0x3c7717ff655bd5c1ffcf73fe4613bea56a7e685b,0,balance,22056995
polygon-zkevm:0x3c7717ff655bd5c1ffcf73fe4613bea56a7e685b:SMT_KEY:1,0x3c7717ff655bd5c1ffcf73fe4613bea56a7e685b,1,nonce,22056995
polygon-zkevm:0x3c7717ff655bd5c1ffcf73fe4613bea56a7e685b:SMT_KEY:2,0x3c7717ff655bd5c1ffcf73fe4613bea56a7e685b,2,code_hash,22056995
polygon-zkevm:0x3c7717ff655bd5c1ffcf73fe4613bea56a7e685b:SMT_KEY:4,0x3c7717ff655bd5c1ffcf73fe4613bea56a7e685b,4,code_hash_length,22056995
polygon-zkevm:0x0f28529b0adbc29b64ba25941f9aefd0588e9236:SMT_KEY:0,0x0f28529b0adbc29b64ba25941f9aefd0588e9236,0,balance,22057110
polygon-zkevm:0x0f28529b0adbc29b64ba25941f9aefd0588e9236:SMT_KEY:1,0x0f28529b0adbc29b64ba25941f9aefd0588e9236,1,nonce,22057110
polygon-zkevm:0x0f28529b0adbc29b64ba25941f9aefd0588e9236:SMT_KEY:2,0x0f28529b0adbc29b64ba25941f9aefd0588e9236,2,code_hash,22057110
polygon-zkevm:0x0f28529b0adbc29b64ba25941f9aefd0588e9236:SMT_KEY:4,0x0f28529b0adbc29b64ba25941f9aefd0588e9236,4,code_hash_length,22057110
polygon-zkevm:0x31c2f6fcff4f8759b3bd5bf0e1084a055615c768:SMT_KEY:0,0x31c2f6fcff4f8759b3bd5bf0e1084a055615c768,0,balance,22057110
polygon-zkevm:0x31c2f6fcff4f8759b3bd5bf0e1084a055615c768:SMT_KEY:1,0x31c2f6fcff4f8759b3bd5bf0e1084a055615c768,1,nonce,22057110
polygon-zkevm:0x31c2f6fcff4f8759b3bd5bf0e1084a055615c768:SMT_KEY:2,0x31c2f6fcff4f8759b3bd5bf0e1084a055615c768,2,code_hash,22057110
polygon-zkevm:0x31c2f6fcff4f8759b3bd5bf0e1084a055615c768:SMT_KEY:4,0x31c2f6fcff4f8759b3bd5bf0e1084a055615c768,4,code_hash_length,22057110
polygon-zkevm:0x3b0574e54a9e00b38e500cb74e508c9832fcc743:SMT_KEY:0,0x3b0574e54a9e00b38e500cb74e508c9832fcc743,0,balance,22057110
polygon-zkevm:0x3b0574e54a9e00b38e500cb74e508c9832fcc743:SMT_KEY:1,0x3b0574e54a9e00b38e500cb74e508c9832fcc743,1,nonce,22057110
polygon-zkevm:0x3b0574e54a9e00b38e500cb74e508c9832fcc743:SMT_KEY:2,0x3b0574e54a9e00b38e500cb74e508c9832fcc743,2,code_hash,22057110
polygon-zkevm:0x3b0574e54a9e00b38e500cb74e508c9832fcc743:SMT_KEY:4,0x3b0574e54a9e00b38e500cb74e508c9832fcc743,4,code_hash_length,22057110
polygon-zkevm:0x5bcae2be4bb5068256c53519406eb90f3a6604f1:SMT_KEY:0,0x5bcae2be4bb5068256c53519406eb90f3a6604f1,0,balance,22057110
polygon-zkevm:0x5bcae2be4bb5068256c53519406eb90f3a6604f1:SMT_KEY:1,0x5bcae2be4bb5068256c53519406eb90f3a6604f1,1,nonce,22057110
polygon-zkevm:0x5bcae2be4bb5068256c53519406eb90f3a6604f1:SMT_KEY:2,0x5bcae2be4bb5068256c53519406eb90f3a6604f1,2,code_hash,22057110
polygon-zkevm:0x5bcae2be4bb5068256c53519406eb90f3a6604f1:SMT_KEY:4,0x5bcae2be4bb5068256c53519406eb90f3a6604f1,4,code_hash_length,22057110
polygon-zkevm:0x5f2978c2af6fbd895132231bf9a9ac2c972dc25f:SMT_KEY:0,0x5f2978c2af6fbd895132231bf9a9ac2c972dc25f,0,balance,22057110
polygon-zkevm:0x5f2978c2af6fbd895132231bf9a9ac2c972dc25f:SMT_KEY:1,0x5f2978c2af6fbd895132231bf9a9ac2c972dc25f,1,nonce,22057110
polygon-zkevm:0x5f2978c2af6fbd895132231bf9a9ac2c972dc25f:SMT_KEY:2,0x5f2978c2af6fbd895132231bf9a9ac2c972dc25f,2,code_hash,22057110
polygon-zkevm:0x5f2978c2af6fbd895132231bf9a9ac2c972dc25f:SMT_KEY:4,0x5f2978c2af6fbd895132231bf9a9ac2c972dc25f,4,code_hash_length,22057110
polygon-zkevm:0xbc28a2fc824e341d04944c99923fbff0eecc0161:SMT_KEY:0,0xbc28a2fc824e341d04944c99923fbff0eecc0161,0,balance,22057110
polygon-zkevm:0xbc28a2fc824e341d04944c99923fbff0eecc0161:SMT_KEY:1,0xbc28a2fc824e341d04944c99923fbff0eecc0161,1,nonce,22057110
polygon-zkevm:0xbc28a2fc824e341d04944c99923fbff0eecc0161:SMT_KEY:2,0xbc28a2fc824e341d04944c99923fbff0eecc0161,2,code_hash,22057110
polygon-zkevm:0xbc28a2fc824e341d04944c99923fbff0eecc0161:SMT_KEY:4,0xbc28a2fc824e341d04944c99923fbff0eecc0161,4,code_hash_length,22057110
polygon-zkevm:0xc0d8bf190393f325b8318eb427076a44db29c87a:SMT_KEY:0,0xc0d8bf190393f325b8318eb427076a44db29c87a,0,balance,22057110
polygon-zkevm:0xc0d8bf190393f325b8318eb427076a44db29c87a:SMT_KEY:1,0xc0d8bf190393f325b8318eb427076a44db29c87a,1,nonce,22057110
polygon-zkevm:0xc0d8bf190393f325b8318eb427076a44db29c87a:SMT_KEY:2,0xc0d8bf190393f325b8318eb427076a44db29c87a,2,code_hash,22057110
polygon-zkevm:0xc0d8bf190393f325b8318eb427076a44db29c87a:SMT_KEY:4,0xc0d8bf190393f325b8318eb427076a44db29c87a,4,code_hash_length,22057110
polygon-zkevm:0xc8c2473ca020f27f67a64d6247bfd1e55502e2ea:SMT_KEY:0,0xc8c2473ca020f27f67a64d6247bfd1e55502e2ea,0,balance,28048415
polygon-zkevm:0xc8c2473ca020f27f67a64d6247bfd1e55502e2ea:SMT_KEY:1,0xc8c2473ca020f27f67a64d6247bfd1e55502e2ea,1,nonce,28048415
polygon-zkevm:0xc8c2473ca020f27f67a64d6247bfd1e55502e2ea:SMT_KEY:2,0xc8c2473ca020f27f67a64d6247bfd1e55502e2ea,2,code_hash,28048415
polygon-zkevm:0xc8c2473ca020f27f67a64d6247bfd1e55502e2ea:SMT_KEY:4,0xc8c2473ca020f27f67a64d6247bfd1e55502e2ea,4,code_hash_length,28048415
polygon-zkevm:0xf6ad3ccf71abb3e12becf6b3d2a74c963859adcd:SMT_KEY:0,0xf6ad3ccf71abb3e12becf6b3d2a74c963859adcd,0,balance,28048415
polygon-zkevm:0xf6ad3ccf71abb3e12becf6b3d2a74c963859adcd:SMT_KEY:1,0xf6ad3ccf71abb3e12becf6b3d2a74c963859adcd,1,nonce,28048415
polygon-zkevm:0xf6ad3ccf71abb3e12becf6b3d2a74c963859adcd:SMT_KEY:2,0xf6ad3ccf71abb3e12becf6b3d2a74c963859adcd,2,code_hash,28048415
polygon-zkevm:0xf6ad3ccf71abb3e12becf6b3d2a74c963859adcd:SMT_KEY:4,0xf6ad3ccf71abb3e12becf6b3d2a74c963859adcd,4,code_hash_length,28048415
polygon-zkevm:0xc80d786cdbc5286854bd666b4cdb1ad985ca2c39:SMT_KEY:0,0xc80d786cdbc5286854bd666b4cdb1ad985ca2c39,0,balance,28048545
polygon-zkevm:0xc80d786cdbc5286854bd666b4cdb1ad985ca2c39:SMT_KEY:1,0xc80d786cdbc5286854bd666b4cdb1ad985ca2c39,1,nonce,28048545
polygon-zkevm:0xc80d786cdbc5286854bd666b4cdb1ad985ca2c39:SMT_KEY:2,0xc80d786cdbc5286854bd666b4cdb1ad985ca2c39,2,code_hash,28048545
polygon-zkevm:0xc80d786cdbc5286854bd666b4cdb1ad985ca2c39:SMT_KEY:4,0xc80d786cdbc5286854bd666b4cdb1ad985ca2c39,4,code_hash_length,28048545
polygon-zkevm:0x339d413ccefd986b1b3647a9cfa9cbbe70a30749:SMT_KEY:0,0x339d413ccefd986b1b3647a9cfa9cbbe70a30749,0,balance,28048630
polygon-zkevm:0x339d413ccefd986b1b3647a9cfa9cbbe70a30749:SMT_KEY:1,0x339d413ccefd986b1b3647a9cfa9cbbe70a30749,1,nonce,28048630
polygon-zkevm:0x339d413ccefd986b1b3647a9cfa9cbbe70a30749:SMT_KEY:2,0x339d413ccefd986b1b3647a9cfa9cbbe70a30749,2,code_hash,28048630
polygon-zkevm:0x339d413ccefd986b1b3647a9cfa9cbbe70a30749:SMT_KEY:4,0x339d413ccefd986b1b3647a9cfa9cbbe70a30749,4,code_hash_length,28048630
polygon-zkevm:0x5eb6b3db915d29fc624b8a0e42ac029e36a1d86b:SMT_KEY:0,0x5eb6b3db915d29fc624b8a0e42ac029e36a1d86b,0,balance,28048630
polygon-zkevm:0x5eb6b3db915d29fc624b8a0e42ac029e36a1d86b:SMT_KEY:1,0x5eb6b3db915d29fc624b8a0e42ac029e36a1d86b,1,nonce,28048630
polygon-zkevm:0x5eb6b3db915d29fc624b8a0e42ac029e36a1d86b:SMT_KEY:2,0x5eb6b3db915d29fc624b8a0e42ac029e36a1d86b,2,code_hash,28048630
polygon-zkevm:0x5eb6b3db915d29fc624b8a0e42ac029e36a1d86b:SMT_KEY:4,0x5eb6b3db915d29fc624b8a0e42ac029e36a1d86b,4,code_hash_length,28048630
polygon-zkevm:0xa6bf2be6c60175601bf88217c75dd4b14abb5fbb:SMT_KEY:0,0xa6bf2be6c60175601bf88217c75dd4b14abb5fbb,0,balance,28048825
polygon-zkevm:0xa6bf2be6c60175601bf88217c75dd4b14abb5fbb:SMT_KEY:1,0xa6bf2be6c60175601bf88217c75dd4b14abb5fbb,1,nonce,28048825
polygon-zkevm:0xa6bf2be6c60175601bf88217c75dd4b14abb5fbb:SMT_KEY:2,0xa6bf2be6c60175601bf88217c75dd4b14abb5fbb,2,code_hash,28048825
polygon-zkevm:0xa6bf2be6c60175601bf88217c75dd4b14abb5fbb:SMT_KEY:4,0xa6bf2be6c60175601bf88217c75dd4b14abb5fbb,4,code_hash_length,28048825
polygon-zkevm:0xb8ff877ed78ba520ece21b1de7843a8a57ca47cb:SMT_KEY:0,0xb8ff877ed78ba520ece21b1de7843a8a57ca47cb,0,balance,28048825
polygon-zkevm:0xb8ff877ed78ba520ece21b1de7843a8a57ca47cb:SMT_KEY:1,0xb8ff877ed78ba520ece21b1de7843a8a57ca47cb,1,nonce,28048825
polygon-zkevm:0xb8ff877ed78ba520ece21b1de7843a8a57ca47cb:SMT_KEY:2,0xb8ff877ed78ba520ece21b1de7843a8a57ca47cb,2,code_hash,28048825
polygon-zkevm:0xb8ff877ed78ba520ece21b1de7843a8a57ca47cb:SMT_KEY:4,0xb8ff877ed78ba520ece21b1de7843a8a57ca47cb,4,code_hash_length,28048825
polygon-zkevm:0xe21dee010b5309e3ea85606d02ef2d89e8dcc024:SMT_KEY:0,0xe21dee010b5309e3ea85606d02ef2d89e8dcc024,0,balance,28049065
polygon-zkevm:0xe21dee010b5309e3ea85606d02ef2d89e8dcc024:SMT_KEY:1,0xe21dee010b5309e3ea85606d02ef2d89e8dcc024,1,nonce,28049065
polygon-zkevm:0xe21dee010b5309e3ea85606d02ef2d89e8dcc024:SMT_KEY:2,0xe21dee010b5309e3ea85606d02ef2d89e8dcc024,2,code_hash,28049065
polygon-zkevm:0xe21dee010b5309e3ea85606d02ef2d89e8dcc024:SMT_KEY:4,0xe21dee010b5309e3ea85606d02ef2d89e8dcc024,4,code_hash_length,28049065
polygon-zkevm:0xfbc5f5edf8bf111f6c09ee64874727f9e8a4fba5:SMT_KEY:0,0xfbc5f5edf8bf111f6c09ee64874727f9e8a4fba5,0,balance,28049215
polygon-zkevm:0xfbc5f5edf8bf111f6c09ee64874727f9e8a4fba5:SMT_KEY:1,0xfbc5f5edf8bf111f6c09ee64874727f9e8a4fba5,1,nonce,28049215
polygon-zkevm:0xfbc5f5edf8bf111f6c09ee64874727f9e8a4fba5:SMT_KEY:2,0xfbc5f5edf8bf111f6c09ee64874727f9e8a4fba5,2,code_hash,28049215
polygon-zkevm:0xfbc5f5edf8bf111f6c09ee64874727f9e8a4fba5:SMT_KEY:4,0xfbc5f5edf8bf111f6c09ee64874727f9e8a4fba5,4,code_hash_length,28049215
polygon-zkevm:0x9ef6d3c2f60d7b9008d74cab1fc0f899c957c819:SMT_KEY:0,0x9ef6d3c2f60d7b9008d74cab1fc0f899c957c819,0,balance,28049240
polygon-zkevm:0x9ef6d3c2f60d7b9008d74cab1fc0f899c957c819:SMT_KEY:1,0x9ef6d3c2f60d7b9008d74cab1fc0f899c957c819,1,nonce,28049240
polygon-zkevm:0x9ef6d3c2f60d7b9008d74cab1fc0f899c957c819:SMT_KEY:2,0x9ef6d3c2f60d7b9008d74cab1fc0f899c957c819,2,code_hash,28049240
polygon-zkevm:0x9ef6d3c2f60d7b9008d74cab1fc0f899c957c819:SMT_KEY:4,0x9ef6d3c2f60d7b9008d74cab1fc0f899c957c819,4,code_hash_length,28049240
polygon-zkevm:0x96d60f471b394fe38d2ac9687b2c9dc05a055b53:SMT_KEY:0,0x96d60f471b394fe38d2ac9687b2c9dc05a055b53,0,balance,28049255
polygon-zkevm:0x96d60f471b394fe38d2ac9687b2c9dc05a055b53:SMT_KEY:1,0x96d60f471b394fe38d2ac9687b2c9dc05a055b53,1,nonce,28049255
polygon-zkevm:0x96d60f471b394fe38d2ac9687b2c9dc05a055b53:SMT_KEY:2,0x96d60f471b394fe38d2ac9687b2c9dc05a055b53,2,code_hash,28049255
polygon-zkevm:0x96d60f471b394fe38d2ac9687b2c9dc05a055b53:SMT_KEY:4,0x96d60f471b394fe38d2ac9687b2c9dc05a055b53,4,code_hash_length,28049255
polygon-zkevm:0x1b3bf6f1250887c8f526be00d99af1068be1c29c:SMT_KEY:0,0x1b3bf6f1250887c8f526be00d99af1068be1c29c,0,balance,28049280
polygon-zkevm:0x1b3bf6f1250887c8f526be00d99af1068be1c29c:SMT_KEY:1,0x1b3bf6f1250887c8f526be00d99af1068be1c29c,1,nonce,28049280
polygon-zkevm:0x1b3bf6f1250887c8f526be00d99af1068be1c29c:SMT_KEY:2,0x1b3bf6f1250887c8f526be00d99af1068be1c29c,2,code_hash,28049280
polygon-zkevm:0x1b3bf6f1250887c8f526be00d99af1068be1c29c:SMT_KEY:4,0x1b3bf6f1250887c8f526be00d99af1068be1c29c,4,code_hash_length,28049280
polygon-zkevm:0x2fb0d4f09e5f7e399354d8dbf602c871b84c081f:SMT_KEY:0,0x2fb0d4f09e5f7e399354d8dbf602c871b84c081f,0,balance,28049660
polygon-zkevm:0x2fb0d4f09e5f7e399354d8dbf602c871b84c081f:SMT_KEY:1,0x2fb0d4f09e5f7e399354d8dbf602c871b84c081f,1,nonce,28049660
polygon-zkevm:0x2fb0d4f09e5f7e399354d8dbf602c871b84c081f:SMT_KEY:2,0x2fb0d4f09e5f7e399354d8dbf602c871b84c081f,2,code_hash,28049660
polygon-zkevm:0x2fb0d4f09e5f7e399354d8dbf602c871b84c081f:SMT_KEY:4,0x2fb0d4f09e5f7e399354d8dbf602c871b84c081f,4,code_hash_length,28049660
polygon-zkevm:0x12a7d1e6620be71f1e89197c2be949d69c54a2a9:SMT_KEY:0,0x12a7d1e6620be71f1e89197c2be949d69c54a2a9,0,balance,28049755
polygon-zkevm:0x12a7d1e6620be71f1e89197c2be949d69c54a2a9:SMT_KEY:1,0x12a7d1e6620be71f1e89197c2be949d69c54a2a9,1,nonce,28049755
polygon-zkevm:0x12a7d1e6620be71f1e89197c2be949d69c54a2a9:SMT_KEY:2,0x12a7d1e6620be71f1e89197c2be949d69c54a2a9,2,code_hash,28049755
polygon-zkevm:0x12a7d1e6620be71f1e89197c2be949d69c54a2a9:SMT_KEY:4,0x12a7d1e6620be71f1e89197c2be949d69c54a2a9,4,code_hash_length,28049755
polygon-zkevm:0xdb95e4739a778b171b4c10d24c831ef69dd156c6:SMT_KEY:0,0xdb95e4739a778b171b4c10d24c831ef69dd156c6,0,balance,28049755
polygon-zkevm:0xdb95e4739a778b171b4c10d24c831ef69dd156c6:SMT_KEY:1,0xdb95e4739a778b171b4c10d24c831ef69dd156c6,1,nonce,28049755
polygon-zkevm:0xdb95e4739a778b171b4c10d24c831ef69dd156c6:SMT_KEY:2,0xdb95e4739a778b171b4c10d24c831ef69dd156c6,2,code_hash,28049755
polygon-zkevm:0xdb95e4739a778b171b4c10d24c831ef69dd156c6:SMT_KEY:4,0xdb95e4739a778b171b4c10d24c831ef69dd156c6,4,code_hash_length,28049755
polygon-zkevm:0x5598e6596e92ee25158544727fdd5aa3cf8a4204:SMT_KEY:0,0x5598e6596e92ee25158544727fdd5aa3cf8a4204,0,balance,28049875
polygon-zkevm:0x5598e6596e92ee25158544727fdd5aa3cf8a4204:SMT_KEY:1,0x5598e6596e92ee25158544727fdd5aa3cf8a4204,1,nonce,28049875
polygon-zkevm:0x5598e6596e92ee25158544727fdd5aa3cf8a4204:SMT_KEY:2,0x5598e6596e92ee25158544727fdd5aa3cf8a4204,2,code_hash,28049875
polygon-zkevm:0x5598e6596e92ee25158544727fdd5aa3cf8a4204:SMT_KEY:4,0x5598e6596e92ee25158544727fdd5aa3cf8a4204,4,code_hash_length,28049875
polygon-zkevm:0x779c8ce226fcd80bd83770883bbada8313492ac8:SMT_KEY:0,0x779c8ce226fcd80bd83770883bbada8313492ac8,0,balance,28049875
polygon-zkevm:0x779c8ce226fcd80bd83770883bbada8313492ac8:SMT_KEY:1,0x779c8ce226fcd80bd83770883bbada8313492ac8,1,nonce,28049875
polygon-zkevm:0x779c8ce226fcd80bd83770883bbada8313492ac8:SMT_KEY:2,0x779c8ce226fcd80bd83770883bbada8313492ac8,2,code_hash,28049875
polygon-zkevm:0x779c8ce226fcd80bd83770883bbada8313492ac8:SMT_KEY:4,0x779c8ce226fcd80bd83770883bbada8313492ac8,4,code_hash_length,28049875
polygon-zkevm:0x87388cd0e9d8ea75fa9c217f5ec4698422821b6a:SMT_KEY:0,0x87388cd0e9d8ea75fa9c217f5ec4698422821b6a,0,balance,28049925
polygon-zkevm:0x87388cd0e9d8ea75fa9c217f5ec4698422821b6a:SMT_KEY:1,0x87388cd0e9d8ea75fa9c217f5ec4698422821b6a,1,nonce,28049925
polygon-zkevm:0x87388cd0e9d8ea75fa9c217f5ec4698422821b6a:SMT_KEY:2,0x87388cd0e9d8ea75fa9c217f5ec4698422821b6a,2,code_hash,28049925
polygon-zkevm:0x87388cd0e9d8ea75fa9c217f5ec4698422821b6a:SMT_KEY:4,0x87388cd0e9d8ea75fa9c217f5ec4698422821b6a,4,code_hash_length,28049925
polygon-zkevm:0x6e22706d6e86c38f4bad40415b1b4c76f5b821b0:SMT_KEY:0,0x6e22706d6e86c38f4bad40415b1b4c76f5b821b0,0,balance,28049935
polygon-zkevm:0x6e22706d6e86c38f4bad40415b1b4c76f5b821b0:SMT_KEY:1,0x6e22706d6e86c38f4bad40415b1b4c76f5b821b0,1,nonce,28049935
polygon-zkevm:0x6e22706d6e86c38f4bad40415b1b4c76f5b821b0:SMT_KEY:2,0x6e22706d6e86c38f4bad40415b1b4c76f5b821b0,2,code_hash,28049935
polygon-zkevm:0x6e22706d6e86c38f4bad40415b1b4c76f5b821b0:SMT_KEY:4,0x6e22706d6e86c38f4bad40415b1b4c76f5b821b0,4,code_hash_length,28049935
polygon-zkevm:0xa4546415f9242707a4e8834a529259301922a16e:SMT_KEY:0,0xa4546415f9242707a4e8834a529259301922a16e,0,balance,28050045
polygon-zkevm:0xa4546415f9242707a4e8834a529259301922a16e:SMT_KEY:1,0xa4546415f9242707a4e8834a529259301922a16e,1,nonce,28050045
polygon-zkevm:0xa4546415f9242707a4e8834a529259301922a16e:SMT_KEY:2,0xa4546415f9242707a4e8834a529259301922a16e,2,code_hash,28050045
polygon-zkevm:0xa4546415f9242707a4e8834a529259301922a16e:SMT_KEY:4,0xa4546415f9242707a4e8834a529259301922a16e,4,code_hash_length,28050045
polygon-zkevm:0xbf08de57242dedc737bb418388accb154bd0c292:SMT_KEY:0,0xbf08de57242dedc737bb418388accb154bd0c292,0,balance,28050330
polygon-zkevm:0xbf08de57242dedc737bb418388accb154bd0c292:SMT_KEY:1,0xbf08de57242dedc737bb418388accb154bd0c292,1,nonce,28050330
polygon-zkevm:0xbf08de57242dedc737bb418388accb154bd0c292:SMT_KEY:2,0xbf08de57242dedc737bb418388accb154bd0c292,2,code_hash,28050330
polygon-zkevm:0xbf08de57242dedc737bb418388accb154bd0c292:SMT_KEY:4,0xbf08de57242dedc737bb418388accb154bd0c292,4,code_hash_length,28050330
polygon-zkevm:0xea034fb02eb1808c2cc3adbc15f447b93cbe08e1:SMT_KEY:0,0xea034fb02eb1808c2cc3adbc15f447b93cbe08e1,0,balance,28050330
polygon-zkevm:0xea034fb02eb1808c2cc3adbc15f447b93cbe08e1:SMT_KEY:1,0xea034fb02eb1808c2cc3adbc15f447b93cbe08e1,1,nonce,28050330
polygon-zkevm:0xea034fb02eb1808c2cc3adbc15f447b93cbe08e1:SMT_KEY:2,0xea034fb02eb1808c2cc3adbc15f447b93cbe08e1,2,code_hash,28050330
polygon-zkevm:0xea034fb02eb1808c2cc3adbc15f447b93cbe08e1:SMT_KEY:4,0xea034fb02eb1808c2cc3adbc15f447b93cbe08e1,4,code_hash_length,28050330
polygon-zkevm:0x59916da825d2d2ec1bf878d71c88826f6633ecca:SMT_KEY:0,0x59916da825d2d2ec1bf878d71c88826f6633ecca,0,balance,28050345
polygon-zkevm:0x59916da825d2d2ec1bf878d71c88826f6633ecca:SMT_KEY:1,0x59916da825d2d2ec1bf878d71c88826f6633ecca,1,nonce,28050345
polygon-zkevm:0x59916da825d2d2ec1bf878d71c88826f6633ecca:SMT_KEY:2,0x59916da825d2d2ec1bf878d71c88826f6633ecca,2,code_hash,28050345
polygon-zkevm:0x59916da825d2d2ec1bf878d71c88826f6633ecca:SMT_KEY:4,0x59916da825d2d2ec1bf878d71c88826f6633ecca,4,code_hash_length,28050345
polygon-zkevm:0x77956e8b78c61ecfbfbdd95e19b6c5e538412aab:SMT_KEY:0,0x77956e8b78c61ecfbfbdd95e19b6c5e538412aab,0,balance,28050650
polygon-zkevm:0x77956e8b78c61ecfbfbdd95e19b6c5e538412aab:SMT_KEY:1,0x77956e8b78c61ecfbfbdd95e19b6c5e538412aab,1,nonce,28050650
polygon-zkevm:0x77956e8b78c61ecfbfbdd95e19b6c5e538412aab:SMT_KEY:2,0x77956e8b78c61ecfbfbdd95e19b6c5e538412aab,2,code_hash,28050650
polygon-zkevm:0x77956e8b78c61ecfbfbdd95e19b6c5e538412aab:SMT_KEY:4,0x77956e8b78c61ecfbfbdd95e19b6c5e538412aab,4,code_hash_length,28050650
polygon-zkevm:0x1b81d678ffb9c0263b24a97847620c99d213eb14:SMT_KEY:0,0x1b81d678ffb9c0263b24a97847620c99d213eb14,0,balance,28050735
polygon-zkevm:0x1b81d678ffb9c0263b24a97847620c99d213eb14:SMT_KEY:1,0x1b81d678ffb9c0263b24a97847620c99d213eb14,1,nonce,28050735
polygon-zkevm:0x1b81d678ffb9c0263b24a97847620c99d213eb14:SMT_KEY:2,0x1b81d678ffb9c0263b24a97847620c99d213eb14,2,code_hash,28050735
polygon-zkevm:0x1b81d678ffb9c0263b24a97847620c99d213eb14:SMT_KEY:4,0x1b81d678ffb9c0263b24a97847620c99d213eb14,4,code_hash_length,28050735
polygon-zkevm:0x12e081ea95127d2144fda40810f10d031f4bcddc:SMT_KEY:0,0x12e081ea95127d2144fda40810f10d031f4bcddc,0,balance,28050765
polygon-zkevm:0x12e081ea95127d2144fda40810f10d031f4bcddc:SMT_KEY:1,0x12e081ea95127d2144fda40810f10d031f4bcddc,1,nonce,28050765
polygon-zkevm:0x12e081ea95127d2144fda40810f10d031f4bcddc:SMT_KEY:2,0x12e081ea95127d2144fda40810f10d031f4bcddc,2,code_hash,28050765
polygon-zkevm:0x12e081ea95127d2144fda40810f10d031f4bcddc:SMT_KEY:4,0x12e081ea95127d2144fda40810f10d031f4bcddc,4,code_hash_length,28050765
polygon-zkevm:0x9ed4795541304c599b3a1eebd06eba535292df7d:SMT_KEY:0,0x9ed4795541304c599b3a1eebd06eba535292df7d,0,balance,28050780
polygon-zkevm:0x9ed4795541304c599b3a1eebd06eba535292df7d:SMT_KEY:1,0x9ed4795541304c599b3a1eebd06eba535292df7d,1,nonce,28050780
polygon-zkevm:0x9ed4795541304c599b3a1eebd06eba535292df7d:SMT_KEY:2,0x9ed4795541304c599b3a1eebd06eba535292df7d,2,code_hash,28050780
polygon-zkevm:0x9ed4795541304c599b3a1eebd06eba535292df7d:SMT_KEY:4,0x9ed4795541304c599b3a1eebd06eba535292df7d,4,code_hash_length,28050780
polygon-zkevm:0x439904c2dc8874e484f2134078379ab2aec2399f:SMT_KEY:0,0x439904c2dc8874e484f2134078379ab2aec2399f,0,balance,28051025
polygon-zkevm:0x439904c2dc8874e484f2134078379ab2aec2399f:SMT_KEY:1,0x439904c2dc8874e484f2134078379ab2aec2399f,1,nonce,28051025
polygon-zkevm:0x439904c2dc8874e484f2134078379ab2aec2399f:SMT_KEY:2,0x439904c2dc8874e484f2134078379ab2aec2399f,2,code_hash,28051025
polygon-zkevm:0x439904c2dc8874e484f2134078379ab2aec2399f:SMT_KEY:4,0x439904c2dc8874e484f2134078379ab2aec2399f,4,code_hash_length,28051025
polygon-zkevm:0x4f9a0e7fd2bf6067db6994cf12e4495df938e6e9:SMT_KEY:0,0x4f9a0e7fd2bf6067db6994cf12e4495df938e6e9,0,balance,28051060
polygon-zkevm:0x4f9a0e7fd2bf6067db6994cf12e4495df938e6e9:SMT_KEY:1,0x4f9a0e7fd2bf6067db6994cf12e4495df938e6e9,1,nonce,28051060
polygon-zkevm:0x4f9a0e7fd2bf6067db6994cf12e4495df938e6e9:SMT_KEY:2,0x4f9a0e7fd2bf6067db6994cf12e4495df938e6e9,2,code_hash,28051060
polygon-zkevm:0x4f9a0e7fd2bf6067db6994cf12e4495df938e6e9:SMT_KEY:4,0x4f9a0e7fd2bf6067db6994cf12e4495df938e6e9,4,code_hash_length,28051060
polygon-zkevm:0x63c43c3fb852739f55095656ad329b41a2d99a75:SMT_KEY:0,0x63c43c3fb852739f55095656ad329b41a2d99a75,0,balance,28051060
polygon-zkevm:0x63c43c3fb852739f55095656ad329b41a2d99a75:SMT_KEY:1,0x63c43c3fb852739f55095656ad329b41a2d99a75,1,nonce,28051060
polygon-zkevm:0x63c43c3fb852739f55095656ad329b41a2d99a75:SMT_KEY:2,0x63c43c3fb852739f55095656ad329b41a2d99a75,2,code_hash,28051060
polygon-zkevm:0x63c43c3fb852739f55095656ad329b41a2d99a75:SMT_KEY:4,0x63c43c3fb852739f55095656ad329b41a2d99a75,4,code_hash_length,28051060
polygon-zkevm:0xd99bf391c25a80f7a571f5d8ad557dbea011f200:SMT_KEY:0,0xd99bf391c25a80f7a571f5d8ad557dbea011f200,0,balance,28051170
polygon-zkevm:0xd99bf391c25a80f7a571f5d8ad557dbea011f200:SMT_KEY:1,0xd99bf391c25a80f7a571f5d8ad557dbea011f200,1,nonce,28051170
polygon-zkevm:0xd99bf391c25a80f7a571f5d8ad557dbea011f200:SMT_KEY:2,0xd99bf391c25a80f7a571f5d8ad557dbea011f200,2,code_hash,28051170
polygon-zkevm:0xd99bf391c25a80f7a571f5d8ad557dbea011f200:SMT_KEY:4,0xd99bf391c25a80f7a571f5d8ad557dbea011f200,4,code_hash_length,28051170
polygon-zkevm:0x6106e787dbd47ea5fb6ba01424b257d5822a38ac:SMT_KEY:0,0x6106e787dbd47ea5fb6ba01424b257d5822a38ac,0,balance,28051215
polygon-zkevm:0x6106e787dbd47ea5fb6ba01424b257d5822a38ac:SMT_KEY:1,0x6106e787dbd47ea5fb6ba01424b257d5822a38ac,1,nonce,28051215
polygon-zkevm:0x6106e787dbd47ea5fb6ba01424b257d5822a38ac:SMT_KEY:2,0x6106e787dbd47ea5fb6ba01424b257d5822a38ac,2,code_hash,28051215
polygon-zkevm:0x6106e787dbd47ea5fb6ba01424b257d5822a38ac:SMT_KEY:4,0x6106e787dbd47ea5fb6ba01424b257d5822a38ac,4,code_hash_length,28051215
polygon-zkevm:0x8754bc615047de01228a7527b712806a71a8dc9a:SMT_KEY:0,0x8754bc615047de01228a7527b712806a71a8dc9a,0,balance,28051300
polygon-zkevm:0x8754bc615047de01228a7527b712806a71a8dc9a:SMT_KEY:1,0x8754bc615047de01228a7527b712806a71a8dc9a,1,nonce,28051300
polygon-zkevm:0x8754bc615047de01228a7527b712806a71a8dc9a:SMT_KEY:2,0x8754bc615047de01228a7527b712806a71a8dc9a,2,code_hash,28051300
polygon-zkevm:0x8754bc615047de01228a7527b712806a71a8dc9a:SMT_KEY:4,0x8754bc615047de01228a7527b712806a71a8dc9a,4,code_hash_length,28051300
polygon-zkevm:0xd9bccf78bb46b6170c8a2bbfa3b5bd8b7d2da91f:SMT_KEY:0,0xd9bccf78bb46b6170c8a2bbfa3b5bd8b7d2da91f,0,balance,28051565
polygon-zkevm:0xd9bccf78bb46b6170c8a2bbfa3b5bd8b7d2da91f:SMT_KEY:1,0xd9bccf78bb46b6170c8a2bbfa3b5bd8b7d2da91f,1,nonce,28051565
polygon-zkevm:0xd9bccf78bb46b6170c8a2bbfa3b5bd8b7d2da91f:SMT_KEY:2,0xd9bccf78bb46b6170c8a2bbfa3b5bd8b7d2da91f,2,code_hash,28051565
polygon-zkevm:0xd9bccf78bb46b6170c8a2bbfa3b5bd8b7d2da91f:SMT_KEY:4,0xd9bccf78bb46b6170c8a2bbfa3b5bd8b7d2da91f,4,code_hash_length,28051565
polygon-zkevm:0x623777cc098c6058a46cf7530f45150ff6a8459d:SMT_KEY:0,0x623777cc098c6058a46cf7530f45150ff6a8459d,0,balance,28051705
polygon-zkevm:0x623777cc098c6058a46cf7530f45150ff6a8459d:SMT_KEY:1,0x623777cc098c6058a46cf7530f45150ff6a8459d,1,nonce,28051705
polygon-zkevm:0x623777cc098c6058a46cf7530f45150ff6a8459d:SMT_KEY:2,0x623777cc098c6058a46cf7530f45150ff6a8459d,2,code_hash,28051705
polygon-zkevm:0x623777cc098c6058a46cf7530f45150ff6a8459d:SMT_KEY:4,0x623777cc098c6058a46cf7530f45150ff6a8459d,4,code_hash_length,28051705
polygon-zkevm:0x7d0ab961bd3101a0e0e1308e653b682f8df86301:SMT_KEY:0,0x7d0ab961bd3101a0e0e1308e653b682f8df86301,0,balance,28051705
polygon-zkevm:0x7d0ab961bd3101a0e0e1308e653b682f8df86301:SMT_KEY:1,0x7d0ab961bd3101a0e0e1308e653b682f8df86301,1,nonce,28051705
polygon-zkevm:0x7d0ab961bd3101a0e0e1308e653b682f8df86301:SMT_KEY:2,0x7d0ab961bd3101a0e0e1308e653b682f8df86301,2,code_hash,28051705
polygon-zkevm:0x7d0ab961bd3101a0e0e1308e653b682f8df86301:SMT_KEY:4,0x7d0ab961bd3101a0e0e1308e653b682f8df86301,4,code_hash_length,28051705
polygon-zkevm:0xa3c863a5ba8e80a43688fd3c0c10d84248a25c53:SMT_KEY:0,0xa3c863a5ba8e80a43688fd3c0c10d84248a25c53,0,balance,28052165
polygon-zkevm:0xa3c863a5ba8e80a43688fd3c0c10d84248a25c53:SMT_KEY:1,0xa3c863a5ba8e80a43688fd3c0c10d84248a25c53,1,nonce,28052165
polygon-zkevm:0xa3c863a5ba8e80a43688fd3c0c10d84248a25c53:SMT_KEY:2,0xa3c863a5ba8e80a43688fd3c0c10d84248a25c53,2,code_hash,28052165
polygon-zkevm:0xa3c863a5ba8e80a43688fd3c0c10d84248a25c53:SMT_KEY:4,0xa3c863a5ba8e80a43688fd3c0c10d84248a25c53,4,code_hash_length,28052165
polygon-zkevm:0x108004cdb9450f7da79a9297cc44a213763ef9ce:SMT_KEY:0,0x108004cdb9450f7da79a9297cc44a213763ef9ce,0,balance,28052335
polygon-zkevm:0x108004cdb9450f7da79a9297cc44a213763ef9ce:SMT_KEY:1,0x108004cdb9450f7da79a9297cc44a213763ef9ce,1,nonce,28052335
polygon-zkevm:0x108004cdb9450f7da79a9297cc44a213763ef9ce:SMT_KEY:2,0x108004cdb9450f7da79a9297cc44a213763ef9ce,2,code_hash,28052335
polygon-zkevm:0x108004cdb9450f7da79a9297cc44a213763ef9ce:SMT_KEY:4,0x108004cdb9450f7da79a9297cc44a213763ef9ce,4,code_hash_length,28052335
polygon-zkevm:0x62a13fcf0ec6e069d6eec6ade9874913a3c7a9c4:SMT_KEY:0,0x62a13fcf0ec6e069d6eec6ade9874913a3c7a9c4,0,balance,28052335
polygon-zkevm:0x62a13fcf0ec6e069d6eec6ade9874913a3c7a9c4:SMT_KEY:1,0x62a13fcf0ec6e069d6eec6ade9874913a3c7a9c4,1,nonce,28052335
polygon-zkevm:0x62a13fcf0ec6e069d6eec6ade9874913a3c7a9c4:SMT_KEY:2,0x62a13fcf0ec6e069d6eec6ade9874913a3c7a9c4,2,code_hash,28052335
polygon-zkevm:0x62a13fcf0ec6e069d6eec6ade9874913a3c7a9c4:SMT_KEY:4,0x62a13fcf0ec6e069d6eec6ade9874913a3c7a9c4,4,code_hash_length,28052335
polygon-zkevm:0x8ee30051d4f1a1253af8f8b0b93e081a0b391adb:SMT_KEY:0,0x8ee30051d4f1a1253af8f8b0b93e081a0b391adb,0,balance,28052735
polygon-zkevm:0x8ee30051d4f1a1253af8f8b0b93e081a0b391adb:SMT_KEY:1,0x8ee30051d4f1a1253af8f8b0b93e081a0b391adb,1,nonce,28052735
polygon-zkevm:0x8ee30051d4f1a1253af8f8b0b93e081a0b391adb:SMT_KEY:2,0x8ee30051d4f1a1253af8f8b0b93e081a0b391adb,2,code_hash,28052735
polygon-zkevm:0x8ee30051d4f1a1253af8f8b0b93e081a0b391adb:SMT_KEY:4,0x8ee30051d4f1a1253af8f8b0b93e081a0b391adb,4,code_hash_length,28052735
polygon-zkevm:0xda638a635c906a0e0d50f2c8663b45d255947525:SMT_KEY:0,0xda638a635c906a0e0d50f2c8663b45d255947525,0,balance,28052810
polygon-zkevm:0xda638a635c906a0e0d50f2c8663b45d255947525:SMT_KEY:1,0xda638a635c906a0e0d50f2c8663b45d255947525,1,nonce,28052810
polygon-zkevm:0xda638a635c906a0e0d50f2c8663b45d255947525:SMT_KEY:2,0xda638a635c906a0e0d50f2c8663b45d255947525,2,code_hash,28052810
polygon-zkevm:0xda638a635c906a0e0d50f2c8663b45d255947525:SMT_KEY:4,0xda638a635c906a0e0d50f2c8663b45d255947525,4,code_hash_length,28052810
polygon-zkevm:0xf809fb312574aeeb2e785707664d84b4e88cdeee:SMT_KEY:0,0xf809fb312574aeeb2e785707664d84b4e88cdeee,0,balance,28052810
polygon-zkevm:0xf809fb312574aeeb2e785707664d84b4e88cdeee:SMT_KEY:1,0xf809fb312574aeeb2e785707664d84b4e88cdeee,1,nonce,28052810
polygon-zkevm:0xf809fb312574aeeb2e785707664d84b4e88cdeee:SMT_KEY:2,0xf809fb312574aeeb2e785707664d84b4e88cdeee,2,code_hash,28052810
polygon-zkevm:0xf809fb312574aeeb2e785707664d84b4e88cdeee:SMT_KEY:4,0xf809fb312574aeeb2e785707664d84b4e88cdeee,4,code_hash_length,28052810
polygon-zkevm:0xc3617463856708f755b18969d3f545f407f0b225:SMT_KEY:0,0xc3617463856708f755b18969d3f545f407f0b225,0,balance,28053100
polygon-zkevm:0xc3617463856708f755b18969d3f545f407f0b225:SMT_KEY:1,0xc3617463856708f755b18969d3f545f407f0b225,1,nonce,28053100
polygon-zkevm:0xc3617463856708f755b18969d3f545f407f0b225:SMT_KEY:2,0xc3617463856708f755b18969d3f545f407f0b225,2,code_hash,28053100
polygon-zkevm:0xc3617463856708f755b18969d3f545f407f0b225:SMT_KEY:4,0xc3617463856708f755b18969d3f545f407f0b225,4,code_hash_length,28053100
polygon-zkevm:0x354f68cae7a324b3b8a686c9097c6e5bea47bbe7:SMT_KEY:0,0x354f68cae7a324b3b8a686c9097c6e5bea47bbe7,0,balance,28053745
polygon-zkevm:0x354f68cae7a324b3b8a686c9097c6e5bea47bbe7:SMT_KEY:1,0x354f68cae7a324b3b8a686c9097c6e5bea47bbe7,1,nonce,28053745
polygon-zkevm:0x354f68cae7a324b3b8a686c9097c6e5bea47bbe7:SMT_KEY:2,0x354f68cae7a324b3b8a686c9097c6e5bea47bbe7,2,code_hash,28053745
polygon-zkevm:0x354f68cae7a324b3b8a686c9097c6e5bea47bbe7:SMT_KEY:4,0x354f68cae7a324b3b8a686c9097c6e5bea47bbe7,4,code_hash_length,28053745
polygon-zkevm:0x34b7103905aad8a763bf8818cda22e5e9af72624:SMT_KEY:0,0x34b7103905aad8a763bf8818cda22e5e9af72624,0,balance,28053900
polygon-zkevm:0x34b7103905aad8a763bf8818cda22e5e9af72624:SMT_KEY:1,0x34b7103905aad8a763bf8818cda22e5e9af72624,1,nonce,28053900
polygon-zkevm:0x34b7103905aad8a763bf8818cda22e5e9af72624:SMT_KEY:2,0x34b7103905aad8a763bf8818cda22e5e9af72624,2,code_hash,28053900
polygon-zkevm:0x34b7103905aad8a763bf8818cda22e5e9af72624:SMT_KEY:4,0x34b7103905aad8a763bf8818cda22e5e9af72624,4,code_hash_length,28053900
polygon-zkevm:0xe18ca00dcab461f9da49bdd2f20fc7f3537f071a:SMT_KEY:0,0xe18ca00dcab461f9da49bdd2f20fc7f3537f071a,0,balance,28054200
polygon-zkevm:0xe18ca00dcab461f9da49bdd2f20fc7f3537f071a:SMT_KEY:1,0xe18ca00dcab461f9da49bdd2f20fc7f3537f071a,1,nonce,28054200
polygon-zkevm:0xe18ca00dcab461f9da49bdd2f20fc7f3537f071a:SMT_KEY:2,0xe18ca00dcab461f9da49bdd2f20fc7f3537f071a,2,code_hash,28054200
polygon-zkevm:0xe18ca00dcab461f9da49bdd2f20fc7f3537f071a:SMT_KEY:4,0xe18ca00dcab461f9da49bdd2f20fc7f3537f071a,4,code_hash_length,28054200
polygon-zkevm:0xf550d557471d70a06b2f423c94900d4673029b0e:SMT_KEY:0,0xf550d557471d70a06b2f423c94900d4673029b0e,0,balance,28054345
polygon-zkevm:0xf550d557471d70a06b2f423c94900d4673029b0e:SMT_KEY:1,0xf550d557471d70a06b2f423c94900d4673029b0e,1,nonce,28054345
polygon-zkevm:0xf550d557471d70a06b2f423c94900d4673029b0e:SMT_KEY:2,0xf550d557471d70a06b2f423c94900d4673029b0e,2,code_hash,28054345
polygon-zkevm:0xf550d557471d70a06b2f423c94900d4673029b0e:SMT_KEY:4,0xf550d557471d70a06b2f423c94900d4673029b0e,4,code_hash_length,28054345
polygon-zkevm:0x1a2bd99016233a06dbe7d69a30316db46b7c6511:SMT_KEY:0,0x1a2bd99016233a06dbe7d69a30316db46b7c6511,0,balance,28054800
polygon-zkevm:0x1a2bd99016233a06dbe7d69a30316db46b7c6511:SMT_KEY:1,0x1a2bd99016233a06dbe7d69a30316db46b7c6511,1,nonce,28054800
polygon-zkevm:0x1a2bd99016233a06dbe7d69a30316db46b7c6511:SMT_KEY:2,0x1a2bd99016233a06dbe7d69a30316db46b7c6511,2,code_hash,28054800
polygon-zkevm:0x1a2bd99016233a06dbe7d69a30316db46b7c6511:SMT_KEY:4,0x1a2bd99016233a06dbe7d69a30316db46b7c6511,4,code_hash_length,28054800
polygon-zkevm:0xd748123e395ab14aaa7e294b0f441212ff9bcd02:SMT_KEY:0,0xd748123e395ab14aaa7e294b0f441212ff9bcd02,0,balance,28054800
polygon-zkevm:0xd748123e395ab14aaa7e294b0f441212ff9bcd02:SMT_KEY:1,0xd748123e395ab14aaa7e294b0f441212ff9bcd02,1,nonce,28054800
polygon-zkevm:0xd748123e395ab14aaa7e294b0f441212ff9bcd02:SMT_KEY:2,0xd748123e395ab14aaa7e294b0f441212ff9bcd02,2,code_hash,28054800
polygon-zkevm:0xd748123e395ab14aaa7e294b0f441212ff9bcd02:SMT_KEY:4,0xd748123e395ab14aaa7e294b0f441212ff9bcd02,4,code_hash_length,28054800
polygon-zkevm:0x65d4315d121a639cc4fc78e06acea95880839421:SMT_KEY:0,0x65d4315d121a639cc4fc78e06acea95880839421,0,balance,28055110
polygon-zkevm:0x65d4315d121a639cc4fc78e06acea95880839421:SMT_KEY:1,0x65d4315d121a639cc4fc78e06acea95880839421,1,nonce,28055110
polygon-zkevm:0x65d4315d121a639cc4fc78e06acea95880839421:SMT_KEY:2,0x65d4315d121a639cc4fc78e06acea95880839421,2,code_hash,28055110
polygon-zkevm:0x65d4315d121a639cc4fc78e06acea95880839421:SMT_KEY:4,0x65d4315d121a639cc4fc78e06acea95880839421,4,code_hash_length,28055110
polygon-zkevm:0xafb4636ce9bded4261c7226f32148496196ec622:SMT_KEY:0,0xafb4636ce9bded4261c7226f32148496196ec622,0,balance,28055765
polygon-zkevm:0xafb4636ce9bded4261c7226f32148496196ec622:SMT_KEY:1,0xafb4636ce9bded4261c7226f32148496196ec622,1,nonce,28055765
polygon-zkevm:0xafb4636ce9bded4261c7226f32148496196ec622:SMT_KEY:2,0xafb4636ce9bded4261c7226f32148496196ec622,2,code_hash,28055765
polygon-zkevm:0xafb4636ce9bded4261c7226f32148496196ec622:SMT_KEY:4,0xafb4636ce9bded4261c7226f32148496196ec622,4,code_hash_length,28055765
polygon-zkevm:0x1680fceab005319574cc81dc1eeae51ba89b532f:SMT_KEY:0,0x1680fceab005319574cc81dc1eeae51ba89b532f,0,balance,28055780
polygon-zkevm:0x1680fceab005319574cc81dc1eeae51ba89b532f:SMT_KEY:1,0x1680fceab005319574cc81dc1eeae51ba89b532f,1,nonce,28055780
polygon-zkevm:0x1680fceab005319574cc81dc1eeae51ba89b532f:SMT_KEY:2,0x1680fceab005319574cc81dc1eeae51ba89b532f,2,code_hash,28055780
polygon-zkevm:0x1680fceab005319574cc81dc1eeae51ba89b532f:SMT_KEY:4,0x1680fceab005319574cc81dc1eeae51ba89b532f,4,code_hash_length,28055780
polygon-zkevm:0x7915c217654a80363737545ad05daebf2fab9568:SMT_KEY:0,0x7915c217654a80363737545ad05daebf2fab9568,0,balance,28055920
polygon-zkevm:0x7915c217654a80363737545ad05daebf2fab9568:SMT_KEY:1,0x7915c217654a80363737545ad05daebf2fab9568,1,nonce,28055920
polygon-zkevm:0x7915c217654a80363737545ad05daebf2fab9568:SMT_KEY:2,0x7915c217654a80363737545ad05daebf2fab9568,2,code_hash,28055920
polygon-zkevm:0x7915c217654a80363737545ad05daebf2fab9568:SMT_KEY:4,0x7915c217654a80363737545ad05daebf2fab9568,4,code_hash_length,28055920
polygon-zkevm:0x1a91b8a792c325d88666fe27a0b8358d05a81b2e:SMT_KEY:0,0x1a91b8a792c325d88666fe27a0b8358d05a81b2e,0,balance,28059465
polygon-zkevm:0x1a91b8a792c325d88666fe27a0b8358d05a81b2e:SMT_KEY:1,0x1a91b8a792c325d88666fe27a0b8358d05a81b2e,1,nonce,28059465
polygon-zkevm:0x1a91b8a792c325d88666fe27a0b8358d05a81b2e:SMT_KEY:2,0x1a91b8a792c325d88666fe27a0b8358d05a81b2e,2,code_hash,28059465
polygon-zkevm:0x1a91b8a792c325d88666fe27a0b8358d05a81b2e:SMT_KEY:4,0x1a91b8a792c325d88666fe27a0b8358d05a81b2e,4,code_hash_length,28059465
polygon-zkevm:0x01dfbe3fa2635703da48ce40a26c77b880f5a8bc:SMT_KEY:0,0x01dfbe3fa2635703da48ce40a26c77b880f5a8bc,0,balance,28062215
polygon-zkevm:0x01dfbe3fa2635703da48ce40a26c77b880f5a8bc:SMT_KEY:1,0x01dfbe3fa2635703da48ce40a26c77b880f5a8bc,1,nonce,28062215
polygon-zkevm:0x01dfbe3fa2635703da48ce40a26c77b880f5a8bc:SMT_KEY:2,0x01dfbe3fa2635703da48ce40a26c77b880f5a8bc,2,code_hash,28062215
polygon-zkevm:0x01dfbe3fa2635703da48ce40a26c77b880f5a8bc:SMT_KEY:4,0x01dfbe3fa2635703da48ce40a26c77b880f5a8bc,4,code_hash_length,28062215
polygon-zkevm:0x98e6cbe431a6ffff0f9a3cf1198c2d38e8032eb8:SMT_KEY:0,0x98e6cbe431a6ffff0f9a3cf1198c2d38e8032eb8,0,balance,28063535
polygon-zkevm:0x98e6cbe431a6ffff0f9a3cf1198c2d38e8032eb8:SMT_KEY:1,0x98e6cbe431a6ffff0f9a3cf1198c2d38e8032eb8,1,nonce,28063535
polygon-zkevm:0x98e6cbe431a6ffff0f9a3cf1198c2d38e8032eb8:SMT_KEY:2,0x98e6cbe431a6ffff0f9a3cf1198c2d38e8032eb8,2,code_hash,28063535
polygon-zkevm:0x98e6cbe431a6ffff0f9a3cf1198c2d38e8032eb8:SMT_KEY:4,0x98e6cbe431a6ffff0f9a3cf1198c2d38e8032eb8,4,code_hash_length,28063535
polygon-zkevm:0xa0cb600f61d6588c3d2a0df1237bd8dc04063e00:SMT_KEY:0,0xa0cb600f61d6588c3d2a0df1237bd8dc04063e00,0,balance,28063750
polygon-zkevm:0xa0cb600f61d6588c3d2a0df1237bd8dc04063e00:SMT_KEY:1,0xa0cb600f61d6588c3d2a0df1237bd8dc04063e00,1,nonce,28063750
polygon-zkevm:0xa0cb600f61d6588c3d2a0df1237bd8dc04063e00:SMT_KEY:2,0xa0cb600f61d6588c3d2a0df1237bd8dc04063e00,2,code_hash,28063750
polygon-zkevm:0xa0cb600f61d6588c3d2a0df1237bd8dc04063e00:SMT_KEY:4,0xa0cb600f61d6588c3d2a0df1237bd8dc04063e00,4,code_hash_length,28063750
polygon-zkevm:0x328809a567b87b6123462c3062e8438bbb75c1c5:SMT_KEY:0,0x328809a567b87b6123462c3062e8438bbb75c1c5,0,balance,28063805
polygon-zkevm:0x328809a567b87b6123462c3062e8438bbb75c1c5:SMT_KEY:1,0x328809a567b87b6123462c3062e8438bbb75c1c5,1,nonce,28063805
polygon-zkevm:0x328809a567b87b6123462c3062e8438bbb75c1c5:SMT_KEY:2,0x328809a567b87b6123462c3062e8438bbb75c1c5,2,code_hash,28063805
polygon-zkevm:0x328809a567b87b6123462c3062e8438bbb75c1c5:SMT_KEY:4,0x328809a567b87b6123462c3062e8438bbb75c1c5,4,code_hash_length,28063805
polygon-zkevm:0x40df0c3bbaae5ea3a509d8f2aa9e086776c98e6c:SMT_KEY:0,0x40df0c3bbaae5ea3a509d8f2aa9e086776c98e6c,0,balance,28063950
polygon-zkevm:0x40df0c3bbaae5ea3a509d8f2aa9e086776c98e6c:SMT_KEY:1,0x40df0c3bbaae5ea3a509d8f2aa9e086776c98e6c,1,nonce,28063950
polygon-zkevm:0x40df0c3bbaae5ea3a509d8f2aa9e086776c98e6c:SMT_KEY:2,0x40df0c3bbaae5ea3a509d8f2aa9e086776c98e6c,2,code_hash,28063950
polygon-zkevm:0x40df0c3bbaae5ea3a509d8f2aa9e086776c98e6c:SMT_KEY:4,0x40df0c3bbaae5ea3a509d8f2aa9e086776c98e6c,4,code_hash_length,28063950
polygon-zkevm:0x66a460003467a83cfe35361af8f1e85497c19a0d:SMT_KEY:0,0x66a460003467a83cfe35361af8f1e85497c19a0d,0,balance,28063950
polygon-zkevm:0x66a460003467a83cfe35361af8f1e85497c19a0d:SMT_KEY:1,0x66a460003467a83cfe35361af8f1e85497c19a0d,1,nonce,28063950
polygon-zkevm:0x66a460003467a83cfe35361af8f1e85497c19a0d:SMT_KEY:2,0x66a460003467a83cfe35361af8f1e85497c19a0d,2,code_hash,28063950
polygon-zkevm:0x66a460003467a83cfe35361af8f1e85497c19a0d:SMT_KEY:4,0x66a460003467a83cfe35361af8f1e85497c19a0d,4,code_hash_length,28063950
polygon-zkevm:0xbac36de2da66ff9a1c99e2693e23b43be96f870c:SMT_KEY:0,0xbac36de2da66ff9a1c99e2693e23b43be96f870c,0,balance,28064440
polygon-zkevm:0xbac36de2da66ff9a1c99e2693e23b43be96f870c:SMT_KEY:1,0xbac36de2da66ff9a1c99e2693e23b43be96f870c,1,nonce,28064440
polygon-zkevm:0xbac36de2da66ff9a1c99e2693e23b43be96f870c:SMT_KEY:2,0xbac36de2da66ff9a1c99e2693e23b43be96f870c,2,code_hash,28064440
polygon-zkevm:0xbac36de2da66ff9a1c99e2693e23b43be96f870c:SMT_KEY:4,0xbac36de2da66ff9a1c99e2693e23b43be96f870c,4,code_hash_length,28064440
polygon-zkevm:0xff88768dde21dffd69c1aceafbdf0d6134bb2060:SMT_KEY:0,0xff88768dde21dffd69c1aceafbdf0d6134bb2060,0,balance,28064890
polygon-zkevm:0xff88768dde21dffd69c1aceafbdf0d6134bb2060:SMT_KEY:1,0xff88768dde21dffd69c1aceafbdf0d6134bb2060,1,nonce,28064890
polygon-zkevm:0xff88768dde21dffd69c1aceafbdf0d6134bb2060:SMT_KEY:2,0xff88768dde21dffd69c1aceafbdf0d6134bb2060,2,code_hash,28064890
polygon-zkevm:0xff88768dde21dffd69c1aceafbdf0d6134bb2060:SMT_KEY:4,0xff88768dde21dffd69c1aceafbdf0d6134bb2060,4,code_hash_length,28064890
polygon-zkevm:0x83b874c1e09d316059d929da402dcb1a98e92082:SMT_KEY:0,0x83b874c1e09d316059d929da402dcb1a98e92082,0,balance,28065225
polygon-zkevm:0x83b874c1e09d316059d929da402dcb1a98e92082:SMT_KEY:1,0x83b874c1e09d316059d929da402dcb1a98e92082,1,nonce,28065225
polygon-zkevm:0x83b874c1e09d316059d929da402dcb1a98e92082:SMT_KEY:2,0x83b874c1e09d316059d929da402dcb1a98e92082,2,code_hash,28065225
polygon-zkevm:0x83b874c1e09d316059d929da402dcb1a98e92082:SMT_KEY:4,0x83b874c1e09d316059d929da402dcb1a98e92082,4,code_hash_length,28065225
polygon-zkevm:0xb8dfc637f13a27d980d5b1317c9bb7755acb3e6a:SMT_KEY:0,0xb8dfc637f13a27d980d5b1317c9bb7755acb3e6a,0,balance,28065225
polygon-zkevm:0xb8dfc637f13a27d980d5b1317c9bb7755acb3e6a:SMT_KEY:1,0xb8dfc637f13a27d980d5b1317c9bb7755acb3e6a,1,nonce,28065225
polygon-zkevm:0xb8dfc637f13a27d980d5b1317c9bb7755acb3e6a:SMT_KEY:2,0xb8dfc637f13a27d980d5b1317c9bb7755acb3e6a,2,code_hash,28065225
polygon-zkevm:0xb8dfc637f13a27d980d5b1317c9bb7755acb3e6a:SMT_KEY:4,0xb8dfc637f13a27d980d5b1317c9bb7755acb3e6a,4,code_hash_length,28065225
polygon-zkevm:0x939d65c9b31b7d3de6bc93a473829a9268706dfd:SMT_KEY:0,0x939d65c9b31b7d3de6bc93a473829a9268706dfd,0,balance,28065385
polygon-zkevm:0x939d65c9b31b7d3de6bc93a473829a9268706dfd:SMT_KEY:1,0x939d65c9b31b7d3de6bc93a473829a9268706dfd,1,nonce,28065385
polygon-zkevm:0x939d65c9b31b7d3de6bc93a473829a9268706dfd:SMT_KEY:2,0x939d65c9b31b7d3de6bc93a473829a9268706dfd,2,code_hash,28065385
polygon-zkevm:0x939d65c9b31b7d3de6bc93a473829a9268706dfd:SMT_KEY:4,0x939d65c9b31b7d3de6bc93a473829a9268706dfd,4,code_hash_length,28065385
polygon-zkevm:0x73107d5ecccf6f698223e589d2fb3472041eb40a:SMT_KEY:0,0x73107d5ecccf6f698223e589d2fb3472041eb40a,0,balance,28065445
polygon-zkevm:0x73107d5ecccf6f698223e589d2fb3472041eb40a:SMT_KEY:1,0x73107d5ecccf6f698223e589d2fb3472041eb40a,1,nonce,28065445
polygon-zkevm:0x73107d5ecccf6f698223e589d2fb3472041eb40a:SMT_KEY:2,0x73107d5ecccf6f698223e589d2fb3472041eb40a,2,code_hash,28065445
polygon-zkevm:0x73107d5ecccf6f698223e589d2fb3472041eb40a:SMT_KEY:4,0x73107d5ecccf6f698223e589d2fb3472041eb40a,4,code_hash_length,28065445
polygon-zkevm:0x4e68b6ae775962b60e153beca671d16e60cb2ee7:SMT_KEY:0,0x4e68b6ae775962b60e153beca671d16e60cb2ee7,0,balance,28065535
polygon-zkevm:0x4e68b6ae775962b60e153beca671d16e60cb2ee7:SMT_KEY:1,0x4e68b6ae775962b60e153beca671d16e60cb2ee7,1,nonce,28065535
polygon-zkevm:0x4e68b6ae775962b60e153beca671d16e60cb2ee7:SMT_KEY:2,0x4e68b6ae775962b60e153beca671d16e60cb2ee7,2,code_hash,28065535
polygon-zkevm:0x4e68b6ae775962b60e153beca671d16e60cb2ee7:SMT_KEY:4,0x4e68b6ae775962b60e153beca671d16e60cb2ee7,4,code_hash_length,28065535
polygon-zkevm:0x2066debfac7d7f6d20f512be919df6cedca9654c:SMT_KEY:0,0x2066debfac7d7f6d20f512be919df6cedca9654c,0,balance,28066510
polygon-zkevm:0x2066debfac7d7f6d20f512be919df6cedca9654c:SMT_KEY:1,0x2066debfac7d7f6d20f512be919df6cedca9654c,1,nonce,28066510
polygon-zkevm:0x2066debfac7d7f6d20f512be919df6cedca9654c:SMT_KEY:2,0x2066debfac7d7f6d20f512be919df6cedca9654c,2,code_hash,28066510
polygon-zkevm:0x2066debfac7d7f6d20f512be919df6cedca9654c:SMT_KEY:4,0x2066debfac7d7f6d20f512be919df6cedca9654c,4,code_hash_length,28066510
polygon-zkevm:0x2b265b6d826e8d538c3721a1b364073cb3f75234:SMT_KEY:0,0x2b265b6d826e8d538c3721a1b364073cb3f75234,0,balance,28067040
polygon-zkevm:0x2b265b6d826e8d538c3721a1b364073cb3f75234:SMT_KEY:1,0x2b265b6d826e8d538c3721a1b364073cb3f75234,1,nonce,28067040
polygon-zkevm:0x2b265b6d826e8d538c3721a1b364073cb3f75234:SMT_KEY:2,0x2b265b6d826e8d538c3721a1b364073cb3f75234,2,code_hash,28067040
polygon-zkevm:0x2b265b6d826e8d538c3721a1b364073cb3f75234:SMT_KEY:4,0x2b265b6d826e8d538c3721a1b364073cb3f75234,4,code_hash_length,28067040
polygon-zkevm:0x412f6fa9d37960d85b29cf2f96c1772a488d4de7:SMT_KEY:0,0x412f6fa9d37960d85b29cf2f96c1772a488d4de7,0,balance,28067040
polygon-zkevm:0x412f6fa9d37960d85b29cf2f96c1772a488d4de7:SMT_KEY:1,0x412f6fa9d37960d85b29cf2f96c1772a488d4de7,1,nonce,28067040
polygon-zkevm:0x412f6fa9d37960d85b29cf2f96c1772a488d4de7:SMT_KEY:2,0x412f6fa9d37960d85b29cf2f96c1772a488d4de7,2,code_hash,28067040
polygon-zkevm:0x412f6fa9d37960d85b29cf2f96c1772a488d4de7:SMT_KEY:4,0x412f6fa9d37960d85b29cf2f96c1772a488d4de7,4,code_hash_length,28067040
polygon-zkevm:0x739df3eae179d323d2a2947c56dae1530f8bc61d:SMT_KEY:0,0x739df3eae179d323d2a2947c56dae1530f8bc61d,0,balance,28067040
polygon-zkevm:0x739df3eae179d323d2a2947c56dae1530f8bc61d:SMT_KEY:1,0x739df3eae179d323d2a2947c56dae1530f8bc61d,1,nonce,28067040
polygon-zkevm:0x739df3eae179d323d2a2947c56dae1530f8bc61d:SMT_KEY:2,0x739df3eae179d323d2a2947c56dae1530f8bc61d,2,code_hash,28067040
polygon-zkevm:0x739df3eae179d323d2a2947c56dae1530f8bc61d:SMT_KEY:4,0x739df3eae179d323d2a2947c56dae1530f8bc61d,4,code_hash_length,28067040
polygon-zkevm:0xb7553b14e05c2eff8e2ebab2b1100f1f09c5207d:SMT_KEY:0,0xb7553b14e05c2eff8e2ebab2b1100f1f09c5207d,0,balance,28067040
polygon-zkevm:0xb7553b14e05c2eff8e2ebab2b1100f1f09c5207d:SMT_KEY:1,0xb7553b14e05c2eff8e2ebab2b1100f1f09c5207d,1,nonce,28067040
polygon-zkevm:0xb7553b14e05c2eff8e2ebab2b1100f1f09c5207d:SMT_KEY:2,0xb7553b14e05c2eff8e2ebab2b1100f1f09c5207d,2,code_hash,28067040
polygon-zkevm:0xb7553b14e05c2eff8e2ebab2b1100f1f09c5207d:SMT_KEY:4,0xb7553b14e05c2eff8e2ebab2b1100f1f09c5207d,4,code_hash_length,28067040
polygon-zkevm:0xf8cbf618bc8ff4bf78beb744ba33380c362227db:SMT_KEY:0,0xf8cbf618bc8ff4bf78beb744ba33380c362227db,0,balance,28067040
polygon-zkevm:0xf8cbf618bc8ff4bf78beb744ba33380c362227db:SMT_KEY:1,0xf8cbf618bc8ff4bf78beb744ba33380c362227db,1,nonce,28067040
polygon-zkevm:0xf8cbf618bc8ff4bf78beb744ba33380c362227db:SMT_KEY:2,0xf8cbf618bc8ff4bf78beb744ba33380c362227db,2,code_hash,28067040
polygon-zkevm:0xf8cbf618bc8ff4bf78beb744ba33380c362227db:SMT_KEY:4,0xf8cbf618bc8ff4bf78beb744ba33380c362227db,4,code_hash_length,28067040
polygon-zkevm:0xca56f9cb50c680067ab9dc665ca584cd5773674b:SMT_KEY:0,0xca56f9cb50c680067ab9dc665ca584cd5773674b,0,balance,28067225
polygon-zkevm:0xca56f9cb50c680067ab9dc665ca584cd5773674b:SMT_KEY:1,0xca56f9cb50c680067ab9dc665ca584cd5773674b,1,nonce,28067225
polygon-zkevm:0xca56f9cb50c680067ab9dc665ca584cd5773674b:SMT_KEY:2,0xca56f9cb50c680067ab9dc665ca584cd5773674b,2,code_hash,28067225
polygon-zkevm:0xca56f9cb50c680067ab9dc665ca584cd5773674b:SMT_KEY:4,0xca56f9cb50c680067ab9dc665ca584cd5773674b,4,code_hash_length,28067225
polygon-zkevm:0x3d21a0726f62cbb96cd79f4eac2acff7791ea6c2:SMT_KEY:0,0x3d21a0726f62cbb96cd79f4eac2acff7791ea6c2,0,balance,28067945
polygon-zkevm:0x3d21a0726f62cbb96cd79f4eac2acff7791ea6c2:SMT_KEY:1,0x3d21a0726f62cbb96cd79f4eac2acff7791ea6c2,1,nonce,28067945
polygon-zkevm:0x3d21a0726f62cbb96cd79f4eac2acff7791ea6c2:SMT_KEY:2,0x3d21a0726f62cbb96cd79f4eac2acff7791ea6c2,2,code_hash,28067945
polygon-zkevm:0x3d21a0726f62cbb96cd79f4eac2acff7791ea6c2:SMT_KEY:4,0x3d21a0726f62cbb96cd79f4eac2acff7791ea6c2,4,code_hash_length,28067945
polygon-zkevm:0xa877f9333626c31dc8afeff55e6e0d3eb2bfc121:SMT_KEY:0,0xa877f9333626c31dc8afeff55e6e0d3eb2bfc121,0,balance,28068675
polygon-zkevm:0xa877f9333626c31dc8afeff55e6e0d3eb2bfc121:SMT_KEY:1,0xa877f9333626c31dc8afeff55e6e0d3eb2bfc121,1,nonce,28068675
polygon-zkevm:0xa877f9333626c31dc8afeff55e6e0d3eb2bfc121:SMT_KEY:2,0xa877f9333626c31dc8afeff55e6e0d3eb2bfc121,2,code_hash,28068675
polygon-zkevm:0xa877f9333626c31dc8afeff55e6e0d3eb2bfc121:SMT_KEY:4,0xa877f9333626c31dc8afeff55e6e0d3eb2bfc121,4,code_hash_length,28068675
polygon-zkevm:0x74e4fd2c31d306e6613f00e0b0e472beee2449fa:SMT_KEY:0,0x74e4fd2c31d306e6613f00e0b0e472beee2449fa,0,balance,28068780
polygon-zkevm:0x74e4fd2c31d306e6613f00e0b0e472beee2449fa:SMT_KEY:1,0x74e4fd2c31d306e6613f00e0b0e472beee2449fa,1,nonce,28068780
polygon-zkevm:0x74e4fd2c31d306e6613f00e0b0e472beee2449fa:SMT_KEY:2,0x74e4fd2c31d306e6613f00e0b0e472beee2449fa,2,code_hash,28068780
polygon-zkevm:0x74e4fd2c31d306e6613f00e0b0e472beee2449fa:SMT_KEY:4,0x74e4fd2c31d306e6613f00e0b0e472beee2449fa,4,code_hash_length,28068780
polygon-zkevm:0x417b4adc279743fc49f047c323fc668db9e600d8:SMT_KEY:0,0x417b4adc279743fc49f047c323fc668db9e600d8,0,balance,28068930
polygon-zkevm:0x417b4adc279743fc49f047c323fc668db9e600d8:SMT_KEY:1,0x417b4adc279743fc49f047c323fc668db9e600d8,1,nonce,28068930
polygon-zkevm:0x417b4adc279743fc49f047c323fc668db9e600d8:SMT_KEY:2,0x417b4adc279743fc49f047c323fc668db9e600d8,2,code_hash,28068930
polygon-zkevm:0x417b4adc279743fc49f047c323fc668db9e600d8:SMT_KEY:4,0x417b4adc279743fc49f047c323fc668db9e600d8,4,code_hash_length,28068930
polygon-zkevm:0xdb9f47800ba9cdd9f99815bc02dd0aa47abffe88:SMT_KEY:0,0xdb9f47800ba9cdd9f99815bc02dd0aa47abffe88,0,balance,28068930
polygon-zkevm:0xdb9f47800ba9cdd9f99815bc02dd0aa47abffe88:SMT_KEY:1,0xdb9f47800ba9cdd9f99815bc02dd0aa47abffe88,1,nonce,28068930
polygon-zkevm:0xdb9f47800ba9cdd9f99815bc02dd0aa47abffe88:SMT_KEY:2,0xdb9f47800ba9cdd9f99815bc02dd0aa47abffe88,2,code_hash,28068930
polygon-zkevm:0xdb9f47800ba9cdd9f99815bc02dd0aa47abffe88:SMT_KEY:4,0xdb9f47800ba9cdd9f99815bc02dd0aa47abffe88,4,code_hash_length,28068930
polygon-zkevm:0x8bc920001949589258557412a32f8d297a74f244:SMT_KEY:0,0x8bc920001949589258557412a32f8d297a74f244,0,balance,28069085
polygon-zkevm:0x8bc920001949589258557412a32f8d297a74f244:SMT_KEY:1,0x8bc920001949589258557412a32f8d297a74f244,1,nonce,28069085
polygon-zkevm:0x8bc920001949589258557412a32f8d297a74f244:SMT_KEY:2,0x8bc920001949589258557412a32f8d297a74f244,2,code_hash,28069085
polygon-zkevm:0x8bc920001949589258557412a32f8d297a74f244:SMT_KEY:4,0x8bc920001949589258557412a32f8d297a74f244,4,code_hash_length,28069085
polygon-zkevm:0xf5097de4ece1a5f927b7a863446618163050d95c:SMT_KEY:0,0xf5097de4ece1a5f927b7a863446618163050d95c,0,balance,28069085
polygon-zkevm:0xf5097de4ece1a5f927b7a863446618163050d95c:SMT_KEY:1,0xf5097de4ece1a5f927b7a863446618163050d95c,1,nonce,28069085
polygon-zkevm:0xf5097de4ece1a5f927b7a863446618163050d95c:SMT_KEY:2,0xf5097de4ece1a5f927b7a863446618163050d95c,2,code_hash,28069085
polygon-zkevm:0xf5097de4ece1a5f927b7a863446618163050d95c:SMT_KEY:4,0xf5097de4ece1a5f927b7a863446618163050d95c,4,code_hash_length,28069085
polygon-zkevm:0x53cc75c17b925861d54de993d34e3707c7079c1f:SMT_KEY:0,0x53cc75c17b925861d54de993d34e3707c7079c1f,0,balance,28069135
polygon-zkevm:0x53cc75c17b925861d54de993d34e3707c7079c1f:SMT_KEY:1,0x53cc75c17b925861d54de993d34e3707c7079c1f,1,nonce,28069135
polygon-zkevm:0x53cc75c17b925861d54de993d34e3707c7079c1f:SMT_KEY:2,0x53cc75c17b925861d54de993d34e3707c7079c1f,2,code_hash,28069135
polygon-zkevm:0x53cc75c17b925861d54de993d34e3707c7079c1f:SMT_KEY:4,0x53cc75c17b925861d54de993d34e3707c7079c1f,4,code_hash_length,28069135
polygon-zkevm:0xf7a68bcfa1f27c05dbfab4089dadbe63956bbf50:SMT_KEY:0,0xf7a68bcfa1f27c05dbfab4089dadbe63956bbf50,0,balance,28069350
polygon-zkevm:0xf7a68bcfa1f27c05dbfab4089dadbe63956bbf50:SMT_KEY:1,0xf7a68bcfa1f27c05dbfab4089dadbe63956bbf50,1,nonce,28069350
polygon-zkevm:0xf7a68bcfa1f27c05dbfab4089dadbe63956bbf50:SMT_KEY:2,0xf7a68bcfa1f27c05dbfab4089dadbe63956bbf50,2,code_hash,28069350
polygon-zkevm:0xf7a68bcfa1f27c05dbfab4089dadbe63956bbf50:SMT_KEY:4,0xf7a68bcfa1f27c05dbfab4089dadbe63956bbf50,4,code_hash_length,28069350
polygon-zkevm:0x57e769746ffc39f1f6b8da6cb39bb87dbd66e9af:SMT_KEY:0,0x57e769746ffc39f1f6b8da6cb39bb87dbd66e9af,0,balance,28069355
polygon-zkevm:0x57e769746ffc39f1f6b8da6cb39bb87dbd66e9af:SMT_KEY:1,0x57e769746ffc39f1f6b8da6cb39bb87dbd66e9af,1,nonce,28069355
polygon-zkevm:0x57e769746ffc39f1f6b8da6cb39bb87dbd66e9af:SMT_KEY:2,0x57e769746ffc39f1f6b8da6cb39bb87dbd66e9af,2,code_hash,28069355
polygon-zkevm:0x57e769746ffc39f1f6b8da6cb39bb87dbd66e9af:SMT_KEY:4,0x57e769746ffc39f1f6b8da6cb39bb87dbd66e9af,4,code_hash_length,28069355
polygon-zkevm:0x79f7c6c6dc16ed3154e85a8ef9c1ef31cefaeb19:SMT_KEY:0,0x79f7c6c6dc16ed3154e85a8ef9c1ef31cefaeb19,0,balance,28069355
polygon-zkevm:0x79f7c6c6dc16ed3154e85a8ef9c1ef31cefaeb19:SMT_KEY:1,0x79f7c6c6dc16ed3154e85a8ef9c1ef31cefaeb19,1,nonce,28069355
polygon-zkevm:0x79f7c6c6dc16ed3154e85a8ef9c1ef31cefaeb19:SMT_KEY:2,0x79f7c6c6dc16ed3154e85a8ef9c1ef31cefaeb19,2,code_hash,28069355
polygon-zkevm:0x79f7c6c6dc16ed3154e85a8ef9c1ef31cefaeb19:SMT_KEY:4,0x79f7c6c6dc16ed3154e85a8ef9c1ef31cefaeb19,4,code_hash_length,28069355
polygon-zkevm:0xc96ae5098f0e403fb92e951670dbc367460d41a3:SMT_KEY:0,0xc96ae5098f0e403fb92e951670dbc367460d41a3,0,balance,28069630
polygon-zkevm:0xc96ae5098f0e403fb92e951670dbc367460d41a3:SMT_KEY:1,0xc96ae5098f0e403fb92e951670dbc367460d41a3,1,nonce,28069630
polygon-zkevm:0xc96ae5098f0e403fb92e951670dbc367460d41a3:SMT_KEY:2,0xc96ae5098f0e403fb92e951670dbc367460d41a3,2,code_hash,28069630
polygon-zkevm:0xc96ae5098f0e403fb92e951670dbc367460d41a3:SMT_KEY:4,0xc96ae5098f0e403fb92e951670dbc367460d41a3,4,code_hash_length,28069630
polygon-zkevm:0x8bb8cc3715e48b1f33f9d2cd5861d9866f9c16e6:SMT_KEY:0,0x8bb8cc3715e48b1f33f9d2cd5861d9866f9c16e6,0,balance,28069855
polygon-zkevm:0x8bb8cc3715e48b1f33f9d2cd5861d9866f9c16e6:SMT_KEY:1,0x8bb8cc3715e48b1f33f9d2cd5861d9866f9c16e6,1,nonce,28069855
polygon-zkevm:0x8bb8cc3715e48b1f33f9d2cd5861d9866f9c16e6:SMT_KEY:2,0x8bb8cc3715e48b1f33f9d2cd5861d9866f9c16e6,2,code_hash,28069855
polygon-zkevm:0x8bb8cc3715e48b1f33f9d2cd5861d9866f9c16e6:SMT_KEY:4,0x8bb8cc3715e48b1f33f9d2cd5861d9866f9c16e6,4,code_hash_length,28069855
polygon-zkevm:0x1e4a5963abfd975d8c9021ce480b42188849d41d:SMT_KEY:0,0x1e4a5963abfd975d8c9021ce480b42188849d41d,0,balance,31050465
polygon-zkevm:0x1e4a5963abfd975d8c9021ce480b42188849d41d:SMT_KEY:1,0x1e4a5963abfd975d8c9021ce480b42188849d41d,1,nonce,31050465
polygon-zkevm:0x1e4a5963abfd975d8c9021ce480b42188849d41d:SMT_KEY:2,0x1e4a5963abfd975d8c9021ce480b42188849d41d,2,code_hash,31050465
polygon-zkevm:0x1e4a5963abfd975d8c9021ce480b42188849d41d:SMT_KEY:4,0x1e4a5963abfd975d8c9021ce480b42188849d41d,4,code_hash_length,31050465
polygon-zkevm:0x522ea58a06842817a18b1fc6e2311c3c24094181:SMT_KEY:0,0x522ea58a06842817a18b1fc6e2311c3c24094181,0,balance,31050465
polygon-zkevm:0x522ea58a06842817a18b1fc6e2311c3c24094181:SMT_KEY:1,0x522ea58a06842817a18b1fc6e2311c3c24094181,1,nonce,31050465
polygon-zkevm:0x522ea58a06842817a18b1fc6e2311c3c24094181:SMT_KEY:2,0x522ea58a06842817a18b1fc6e2311c3c24094181,2,code_hash,31050465
polygon-zkevm:0x522ea58a06842817a18b1fc6e2311c3c24094181:SMT_KEY:4,0x522ea58a06842817a18b1fc6e2311c3c24094181,4,code_hash_length,31050465
polygon-zkevm:0x61f4ecd130291e5d5d7809a112f9f9081b8ed3a5:SMT_KEY:0,0x61f4ecd130291e5d5d7809a112f9f9081b8ed3a5,0,balance,31050790
polygon-zkevm:0x61f4ecd130291e5d5d7809a112f9f9081b8ed3a5:SMT_KEY:1,0x61f4ecd130291e5d5d7809a112f9f9081b8ed3a5,1,nonce,31050790
polygon-zkevm:0x61f4ecd130291e5d5d7809a112f9f9081b8ed3a5:SMT_KEY:2,0x61f4ecd130291e5d5d7809a112f9f9081b8ed3a5,2,code_hash,31050790
polygon-zkevm:0x61f4ecd130291e5d5d7809a112f9f9081b8ed3a5:SMT_KEY:4,0x61f4ecd130291e5d5d7809a112f9f9081b8ed3a5,4,code_hash_length,31050790
polygon-zkevm:0xee5f1096950ee296df87fe83c6726521d8c8259f:SMT_KEY:0,0xee5f1096950ee296df87fe83c6726521d8c8259f,0,balance,31050790
polygon-zkevm:0xee5f1096950ee296df87fe83c6726521d8c8259f:SMT_KEY:1,0xee5f1096950ee296df87fe83c6726521d8c8259f,1,nonce,31050790
polygon-zkevm:0xee5f1096950ee296df87fe83c6726521d8c8259f:SMT_KEY:2,0xee5f1096950ee296df87fe83c6726521d8c8259f,2,code_hash,31050790
polygon-zkevm:0xee5f1096950ee296df87fe83c6726521d8c8259f:SMT_KEY:4,0xee5f1096950ee296df87fe83c6726521d8c8259f,4,code_hash_length,31050790
polygon-zkevm:0xffccfbb3fddc04cb28c87f3595b4b464b909ac21:SMT_KEY:0,0xffccfbb3fddc04cb28c87f3595b4b464b909ac21,0,balance,31051930
polygon-zkevm:0xffccfbb3fddc04cb28c87f3595b4b464b909ac21:SMT_KEY:1,0xffccfbb3fddc04cb28c87f3595b4b464b909ac21,1,nonce,31051930
polygon-zkevm:0xffccfbb3fddc04cb28c87f3595b4b464b909ac21:SMT_KEY:2,0xffccfbb3fddc04cb28c87f3595b4b464b909ac21,2,code_hash,31051930
polygon-zkevm:0xffccfbb3fddc04cb28c87f3595b4b464b909ac21:SMT_KEY:4,0xffccfbb3fddc04cb28c87f3595b4b464b909ac21,4,code_hash_length,31051930
polygon-zkevm:0x292a296fb447eb0c7a4fc2f879d2090c2082c015:SMT_KEY:0,0x292a296fb447eb0c7a4fc2f879d2090c2082c015,0,balance,31052090
polygon-zkevm:0x292a296fb447eb0c7a4fc2f879d2090c2082c015:SMT_KEY:1,0x292a296fb447eb0c7a4fc2f879d2090c2082c015,1,nonce,31052090
polygon-zkevm:0x292a296fb447eb0c7a4fc2f879d2090c2082c015:SMT_KEY:2,0x292a296fb447eb0c7a4fc2f879d2090c2082c015,2,code_hash,31052090
polygon-zkevm:0x292a296fb447eb0c7a4fc2f879d2090c2082c015:SMT_KEY:4,0x292a296fb447eb0c7a4fc2f879d2090c2082c015,4,code_hash_length,31052090
polygon-zkevm:0x4d4e856ae4e991bb8d5061a03f6388d3d48e59e9:SMT_KEY:0,0x4d4e856ae4e991bb8d5061a03f6388d3d48e59e9,0,balance,31052090
polygon-zkevm:0x4d4e856ae4e991bb8d5061a03f6388d3d48e59e9:SMT_KEY:1,0x4d4e856ae4e991bb8d5061a03f6388d3d48e59e9,1,nonce,31052090
polygon-zkevm:0x4d4e856ae4e991bb8d5061a03f6388d3d48e59e9:SMT_KEY:2,0x4d4e856ae4e991bb8d5061a03f6388d3d48e59e9,2,code_hash,31052090
polygon-zkevm:0x4d4e856ae4e991bb8d5061a03f6388d3d48e59e9:SMT_KEY:4,0x4d4e856ae4e991bb8d5061a03f6388d3d48e59e9,4,code_hash_length,31052090
polygon-zkevm:0xbc9a641a9707fa0a6c1a3a380671f541a18f464a:SMT_KEY:0,0xbc9a641a9707fa0a6c1a3a380671f541a18f464a,0,balance,31052535
polygon-zkevm:0xbc9a641a9707fa0a6c1a3a380671f541a18f464a:SMT_KEY:1,0xbc9a641a9707fa0a6c1a3a380671f541a18f464a,1,nonce,31052535
polygon-zkevm:0xbc9a641a9707fa0a6c1a3a380671f541a18f464a:SMT_KEY:2,0xbc9a641a9707fa0a6c1a3a380671f541a18f464a,2,code_hash,31052535
polygon-zkevm:0xbc9a641a9707fa0a6c1a3a380671f541a18f464a:SMT_KEY:4,0xbc9a641a9707fa0a6c1a3a380671f541a18f464a,4,code_hash_length,31052535
polygon-zkevm:0x1ad95f9cc90d7b03134c9cef55c4eaacf9a82a44:SMT_KEY:0,0x1ad95f9cc90d7b03134c9cef55c4eaacf9a82a44,0,balance,31052810
polygon-zkevm:0x1ad95f9cc90d7b03134c9cef55c4eaacf9a82a44:SMT_KEY:1,0x1ad95f9cc90d7b03134c9cef55c4eaacf9a82a44,1,nonce,31052810
polygon-zkevm:0x1ad95f9cc90d7b03134c9cef55c4eaacf9a82a44:SMT_KEY:2,0x1ad95f9cc90d7b03134c9cef55c4eaacf9a82a44,2,code_hash,31052810
polygon-zkevm:0x1ad95f9cc90d7b03134c9cef55c4eaacf9a82a44:SMT_KEY:4,0x1ad95f9cc90d7b03134c9cef55c4eaacf9a82a44,4,code_hash_length,31052810
polygon-zkevm:0x83ecfb358becdeafc0a55280161e3072c9922dc3:SMT_KEY:0,0x83ecfb358becdeafc0a55280161e3072c9922dc3,0,balance,31052810
polygon-zkevm:0x83ecfb358becdeafc0a55280161e3072c9922dc3:SMT_KEY:1,0x83ecfb358becdeafc0a55280161e3072c9922dc3,1,nonce,31052810
polygon-zkevm:0x83ecfb358becdeafc0a55280161e3072c9922dc3:SMT_KEY:2,0x83ecfb358becdeafc0a55280161e3072c9922dc3,2,code_hash,31052810
polygon-zkevm:0x83ecfb358becdeafc0a55280161e3072c9922dc3:SMT_KEY:4,0x83ecfb358becdeafc0a55280161e3072c9922dc3,4,code_hash_length,31052810
polygon-zkevm:0x059858cfdb4b8d47e632990e65c90cd5ff35ea1f:SMT_KEY:0,0x059858cfdb4b8d47e632990e65c90cd5ff35ea1f,0,balance,31053540
polygon-zkevm:0x059858cfdb4b8d47e632990e65c90cd5ff35ea1f:SMT_KEY:1,0x059858cfdb4b8d47e632990e65c90cd5ff35ea1f,1,nonce,31053540
polygon-zkevm:0x059858cfdb4b8d47e632990e65c90cd5ff35ea1f:SMT_KEY:2,0x059858cfdb4b8d47e632990e65c90cd5ff35ea1f,2,code_hash,31053540
polygon-zkevm:0x059858cfdb4b8d47e632990e65c90cd5ff35ea1f:SMT_KEY:4,0x059858cfdb4b8d47e632990e65c90cd5ff35ea1f,4,code_hash_length,31053540
polygon-zkevm:0x543e46b90cb6e6cfcdbc7a9fe456b4fd1d595bed:SMT_KEY:0,0x543e46b90cb6e6cfcdbc7a9fe456b4fd1d595bed,0,balance,31053540
polygon-zkevm:0x543e46b90cb6e6cfcdbc7a9fe456b4fd1d595bed:SMT_KEY:1,0x543e46b90cb6e6cfcdbc7a9fe456b4fd1d595bed,1,nonce,31053540
polygon-zkevm:0x543e46b90cb6e6cfcdbc7a9fe456b4fd1d595bed:SMT_KEY:2,0x543e46b90cb6e6cfcdbc7a9fe456b4fd1d595bed,2,code_hash,31053540
polygon-zkevm:0x543e46b90cb6e6cfcdbc7a9fe456b4fd1d595bed:SMT_KEY:4,0x543e46b90cb6e6cfcdbc7a9fe456b4fd1d595bed,4,code_hash_length,31053540
polygon-zkevm:0x530e773aec9577a4db0e4f2869d2ca881bba6fdb:SMT_KEY:0,0x530e773aec9577a4db0e4f2869d2ca881bba6fdb,0,balance,31053650
polygon-zkevm:0x530e773aec9577a4db0e4f2869d2ca881bba6fdb:SMT_KEY:1,0x530e773aec9577a4db0e4f2869d2ca881bba6fdb,1,nonce,31053650
polygon-zkevm:0x530e773aec9577a4db0e4f2869d2ca881bba6fdb:SMT_KEY:2,0x530e773aec9577a4db0e4f2869d2ca881bba6fdb,2,code_hash,31053650
polygon-zkevm:0x530e773aec9577a4db0e4f2869d2ca881bba6fdb:SMT_KEY:4,0x530e773aec9577a4db0e4f2869d2ca881bba6fdb,4,code_hash_length,31053650
polygon-zkevm:0x99ecf1ccb9b71af28947aaa66f9211d8128c52c6:SMT_KEY:0,0x99ecf1ccb9b71af28947aaa66f9211d8128c52c6,0,balance,31054635
polygon-zkevm:0x99ecf1ccb9b71af28947aaa66f9211d8128c52c6:SMT_KEY:1,0x99ecf1ccb9b71af28947aaa66f9211d8128c52c6,1,nonce,31054635
polygon-zkevm:0x99ecf1ccb9b71af28947aaa66f9211d8128c52c6:SMT_KEY:2,0x99ecf1ccb9b71af28947aaa66f9211d8128c52c6,2,code_hash,31054635
polygon-zkevm:0x99ecf1ccb9b71af28947aaa66f9211d8128c52c6:SMT_KEY:4,0x99ecf1ccb9b71af28947aaa66f9211d8128c52c6,4,code_hash_length,31054635
polygon-zkevm:0xe09aa9c00c2c303814a35aec6f51fc7a4638b943:SMT_KEY:0,0xe09aa9c00c2c303814a35aec6f51fc7a4638b943,0,balance,31054635
polygon-zkevm:0xe09aa9c00c2c303814a35aec6f51fc7a4638b943:SMT_KEY:1,0xe09aa9c00c2c303814a35aec6f51fc7a4638b943,1,nonce,31054635
polygon-zkevm:0xe09aa9c00c2c303814a35aec6f51fc7a4638b943:SMT_KEY:2,0xe09aa9c00c2c303814a35aec6f51fc7a4638b943,2,code_hash,31054635
polygon-zkevm:0xe09aa9c00c2c303814a35aec6f51fc7a4638b943:SMT_KEY:4,0xe09aa9c00c2c303814a35aec6f51fc7a4638b943,4,code_hash_length,31054635
polygon-zkevm:0xa7fd99748ce527eadc0bdac60cba8a4ef4090f7c:SMT_KEY:0,0xa7fd99748ce527eadc0bdac60cba8a4ef4090f7c,0,balance,31055420
polygon-zkevm:0xa7fd99748ce527eadc0bdac60cba8a4ef4090f7c:SMT_KEY:1,0xa7fd99748ce527eadc0bdac60cba8a4ef4090f7c,1,nonce,31055420
polygon-zkevm:0xa7fd99748ce527eadc0bdac60cba8a4ef4090f7c:SMT_KEY:2,0xa7fd99748ce527eadc0bdac60cba8a4ef4090f7c,2,code_hash,31055420
polygon-zkevm:0xa7fd99748ce527eadc0bdac60cba8a4ef4090f7c:SMT_KEY:4,0xa7fd99748ce527eadc0bdac60cba8a4ef4090f7c,4,code_hash_length,31055420
polygon-zkevm:0xe7832f2a98b67e58a05fd4a7f3db48aac865c3f1:SMT_KEY:0,0xe7832f2a98b67e58a05fd4a7f3db48aac865c3f1,0,balance,31055420
polygon-zkevm:0xe7832f2a98b67e58a05fd4a7f3db48aac865c3f1:SMT_KEY:1,0xe7832f2a98b67e58a05fd4a7f3db48aac865c3f1,1,nonce,31055420
polygon-zkevm:0xe7832f2a98b67e58a05fd4a7f3db48aac865c3f1:SMT_KEY:2,0xe7832f2a98b67e58a05fd4a7f3db48aac865c3f1,2,code_hash,31055420
polygon-zkevm:0xe7832f2a98b67e58a05fd4a7f3db48aac865c3f1:SMT_KEY:4,0xe7832f2a98b67e58a05fd4a7f3db48aac865c3f1,4,code_hash_length,31055420
polygon-zkevm:0x7959ebc9b52b7f0cd61a8a605fc69f42f2cb6da5:SMT_KEY:0,0x7959ebc9b52b7f0cd61a8a605fc69f42f2cb6da5,0,balance,31057345
polygon-zkevm:0x7959ebc9b52b7f0cd61a8a605fc69f42f2cb6da5:SMT_KEY:1,0x7959ebc9b52b7f0cd61a8a605fc69f42f2cb6da5,1,nonce,31057345
polygon-zkevm:0x7959ebc9b52b7f0cd61a8a605fc69f42f2cb6da5:SMT_KEY:2,0x7959ebc9b52b7f0cd61a8a605fc69f42f2cb6da5,2,code_hash,31057345
polygon-zkevm:0x7959ebc9b52b7f0cd61a8a605fc69f42f2cb6da5:SMT_KEY:4,0x7959ebc9b52b7f0cd61a8a605fc69f42f2cb6da5,4,code_hash_length,31057345
polygon-zkevm:0xaf4a8048b2a2ce1757e221c9af0b8dc2426ca625:SMT_KEY:0,0xaf4a8048b2a2ce1757e221c9af0b8dc2426ca625,0,balance,31057775
polygon-zkevm:0xaf4a8048b2a2ce1757e221c9af0b8dc2426ca625:SMT_KEY:1,0xaf4a8048b2a2ce1757e221c9af0b8dc2426ca625,1,nonce,31057775
polygon-zkevm:0xaf4a8048b2a2ce1757e221c9af0b8dc2426ca625:SMT_KEY:2,0xaf4a8048b2a2ce1757e221c9af0b8dc2426ca625,2,code_hash,31057775
polygon-zkevm:0xaf4a8048b2a2ce1757e221c9af0b8dc2426ca625:SMT_KEY:4,0xaf4a8048b2a2ce1757e221c9af0b8dc2426ca625,4,code_hash_length,31057775
polygon-zkevm:0x8c48afc5570be1f73b094461e3e31719321ece60:SMT_KEY:0,0x8c48afc5570be1f73b094461e3e31719321ece60,0,balance,31058230
polygon-zkevm:0x8c48afc5570be1f73b094461e3e31719321ece60:SMT_KEY:1,0x8c48afc5570be1f73b094461e3e31719321ece60,1,nonce,31058230
polygon-zkevm:0x8c48afc5570be1f73b094461e3e31719321ece60:SMT_KEY:2,0x8c48afc5570be1f73b094461e3e31719321ece60,2,code_hash,31058230
polygon-zkevm:0x8c48afc5570be1f73b094461e3e31719321ece60:SMT_KEY:4,0x8c48afc5570be1f73b094461e3e31719321ece60,4,code_hash_length,31058230
polygon-zkevm:0x75feba0b7763ec26c2ba72a65ccb8ebb0dceb8c0:SMT_KEY:0,0x75feba0b7763ec26c2ba72a65ccb8ebb0dceb8c0,0,balance,31064100
polygon-zkevm:0x75feba0b7763ec26c2ba72a65ccb8ebb0dceb8c0:SMT_KEY:1,0x75feba0b7763ec26c2ba72a65ccb8ebb0dceb8c0,1,nonce,31064100
polygon-zkevm:0x75feba0b7763ec26c2ba72a65ccb8ebb0dceb8c0:SMT_KEY:2,0x75feba0b7763ec26c2ba72a65ccb8ebb0dceb8c0,2,code_hash,31064100
polygon-zkevm:0x75feba0b7763ec26c2ba72a65ccb8ebb0dceb8c0:SMT_KEY:4,0x75feba0b7763ec26c2ba72a65ccb8ebb0dceb8c0,4,code_hash_length,31064100
polygon-zkevm:0xb3872e5f5b80390613c1332dc3db871c296bf20b:SMT_KEY:0,0xb3872e5f5b80390613c1332dc3db871c296bf20b,0,balance,31066035
polygon-zkevm:0xb3872e5f5b80390613c1332dc3db871c296bf20b:SMT_KEY:1,0xb3872e5f5b80390613c1332dc3db871c296bf20b,1,nonce,31066035
polygon-zkevm:0xb3872e5f5b80390613c1332dc3db871c296bf20b:SMT_KEY:2,0xb3872e5f5b80390613c1332dc3db871c296bf20b,2,code_hash,31066035
polygon-zkevm:0xb3872e5f5b80390613c1332dc3db871c296bf20b:SMT_KEY:4,0xb3872e5f5b80390613c1332dc3db871c296bf20b,4,code_hash_length,31066035
polygon-zkevm:0x31323909d0026e368d8bf3c68a1caafe8a9d4b09:SMT_KEY:0,0x31323909d0026e368d8bf3c68a1caafe8a9d4b09,0,balance,31066175
polygon-zkevm:0x31323909d0026e368d8bf3c68a1caafe8a9d4b09:SMT_KEY:1,0x31323909d0026e368d8bf3c68a1caafe8a9d4b09,1,nonce,31066175
polygon-zkevm:0x31323909d0026e368d8bf3c68a1caafe8a9d4b09:SMT_KEY:2,0x31323909d0026e368d8bf3c68a1caafe8a9d4b09,2,code_hash,31066175
polygon-zkevm:0x31323909d0026e368d8bf3c68a1caafe8a9d4b09:SMT_KEY:4,0x31323909d0026e368d8bf3c68a1caafe8a9d4b09,4,code_hash_length,31066175
polygon-zkevm:0xf7faff5c982ce9049bd13f3a82fe2aa429ed45df:SMT_KEY:0,0xf7faff5c982ce9049bd13f3a82fe2aa429ed45df,0,balance,31066175
polygon-zkevm:0xf7faff5c982ce9049bd13f3a82fe2aa429ed45df:SMT_KEY:1,0xf7faff5c982ce9049bd13f3a82fe2aa429ed45df,1,nonce,31066175
polygon-zkevm:0xf7faff5c982ce9049bd13f3a82fe2aa429ed45df:SMT_KEY:2,0xf7faff5c982ce9049bd13f3a82fe2aa429ed45df,2,code_hash,31066175
polygon-zkevm:0xf7faff5c982ce9049bd13f3a82fe2aa429ed45df:SMT_KEY:4,0xf7faff5c982ce9049bd13f3a82fe2aa429ed45df,4,code_hash_length,31066175
polygon-zkevm:0xa23afd16a08194647cb371e6d5a36763eea91786:SMT_KEY:0,0xa23afd16a08194647cb371e6d5a36763eea91786,0,balance,31070120
polygon-zkevm:0xa23afd16a08194647cb371e6d5a36763eea91786:SMT_KEY:1,0xa23afd16a08194647cb371e6d5a36763eea91786,1,nonce,31070120
polygon-zkevm:0xa23afd16a08194647cb371e6d5a36763eea91786:SMT_KEY:2,0xa23afd16a08194647cb371e6d5a36763eea91786,2,code_hash,31070120
polygon-zkevm:0xa23afd16a08194647cb371e6d5a36763eea91786:SMT_KEY:4,0xa23afd16a08194647cb371e6d5a36763eea91786,4,code_hash_length,31070120
polygon-zkevm:0x6b78c9d678e9352bf189fd590a844f96cfaafda2:SMT_KEY:0,0x6b78c9d678e9352bf189fd590a844f96cfaafda2,0,balance,31070140
polygon-zkevm:0x6b78c9d678e9352bf189fd590a844f96cfaafda2:SMT_KEY:1,0x6b78c9d678e9352bf189fd590a844f96cfaafda2,1,nonce,31070140
polygon-zkevm:0x6b78c9d678e9352bf189fd590a844f96cfaafda2:SMT_KEY:2,0x6b78c9d678e9352bf189fd590a844f96cfaafda2,2,code_hash,31070140
polygon-zkevm:0x6b78c9d678e9352bf189fd590a844f96cfaafda2:SMT_KEY:4,0x6b78c9d678e9352bf189fd590a844f96cfaafda2,4,code_hash_length,31070140
polygon-zkevm:0x4cf89f51e090d6dcddbbbe5a458a01e9061823c5:SMT_KEY:0,0x4cf89f51e090d6dcddbbbe5a458a01e9061823c5,0,balance,32048170
polygon-zkevm:0x4cf89f51e090d6dcddbbbe5a458a01e9061823c5:SMT_KEY:1,0x4cf89f51e090d6dcddbbbe5a458a01e9061823c5,1,nonce,32048170
polygon-zkevm:0x4cf89f51e090d6dcddbbbe5a458a01e9061823c5:SMT_KEY:2,0x4cf89f51e090d6dcddbbbe5a458a01e9061823c5,2,code_hash,32048170
polygon-zkevm:0x4cf89f51e090d6dcddbbbe5a458a01e9061823c5:SMT_KEY:4,0x4cf89f51e090d6dcddbbbe5a458a01e9061823c5,4,code_hash_length,32048170
polygon-zkevm:0x645a1900d06ec40e85339e01f7d51c7ae2dbed2e:SMT_KEY:0,0x645a1900d06ec40e85339e01f7d51c7ae2dbed2e,0,balance,32048170
polygon-zkevm:0x645a1900d06ec40e85339e01f7d51c7ae2dbed2e:SMT_KEY:1,0x645a1900d06ec40e85339e01f7d51c7ae2dbed2e,1,nonce,32048170
polygon-zkevm:0x645a1900d06ec40e85339e01f7d51c7ae2dbed2e:SMT_KEY:2,0x645a1900d06ec40e85339e01f7d51c7ae2dbed2e,2,code_hash,32048170
polygon-zkevm:0x645a1900d06ec40e85339e01f7d51c7ae2dbed2e:SMT_KEY:4,0x645a1900d06ec40e85339e01f7d51c7ae2dbed2e,4,code_hash_length,32048170
polygon-zkevm:0x842291cfbef554ff48197316136df9bea63eaac6:SMT_KEY:0,0x842291cfbef554ff48197316136df9bea63eaac6,0,balance,32048275
polygon-zkevm:0x842291cfbef554ff48197316136df9bea63eaac6:SMT_KEY:1,0x842291cfbef554ff48197316136df9bea63eaac6,1,nonce,32048275
polygon-zkevm:0x842291cfbef554ff48197316136df9bea63eaac6:SMT_KEY:2,0x842291cfbef554ff48197316136df9bea63eaac6,2,code_hash,32048275
polygon-zkevm:0x842291cfbef554ff48197316136df9bea63eaac6:SMT_KEY:4,0x842291cfbef554ff48197316136df9bea63eaac6,4,code_hash_length,32048275
polygon-zkevm:0x18d7c61826cdadc62bdfcef401d0cd5c69f3e945:SMT_KEY:0,0x18d7c61826cdadc62bdfcef401d0cd5c69f3e945,0,balance,32048360
polygon-zkevm:0x18d7c61826cdadc62bdfcef401d0cd5c69f3e945:SMT_KEY:1,0x18d7c61826cdadc62bdfcef401d0cd5c69f3e945,1,nonce,32048360
polygon-zkevm:0x18d7c61826cdadc62bdfcef401d0cd5c69f3e945:SMT_KEY:2,0x18d7c61826cdadc62bdfcef401d0cd5c69f3e945,2,code_hash,32048360
polygon-zkevm:0x18d7c61826cdadc62bdfcef401d0cd5c69f3e945:SMT_KEY:4,0x18d7c61826cdadc62bdfcef401d0cd5c69f3e945,4,code_hash_length,32048360
polygon-zkevm:0xdae5696f7165fb71b72896d64fced54c481625f5:SMT_KEY:0,0xdae5696f7165fb71b72896d64fced54c481625f5,0,balance,32049015
polygon-zkevm:0xdae5696f7165fb71b72896d64fced54c481625f5:SMT_KEY:1,0xdae5696f7165fb71b72896d64fced54c481625f5,1,nonce,32049015
polygon-zkevm:0xdae5696f7165fb71b72896d64fced54c481625f5:SMT_KEY:2,0xdae5696f7165fb71b72896d64fced54c481625f5,2,code_hash,32049015
polygon-zkevm:0xdae5696f7165fb71b72896d64fced54c481625f5:SMT_KEY:4,0xdae5696f7165fb71b72896d64fced54c481625f5,4,code_hash_length,32049015
polygon-zkevm:0xeed7a561433de809779a95e08d56d5bce5323434:SMT_KEY:0,0xeed7a561433de809779a95e08d56d5bce5323434,0,balance,32049435
polygon-zkevm:0xeed7a561433de809779a95e08d56d5bce5323434:SMT_KEY:1,0xeed7a561433de809779a95e08d56d5bce5323434,1,nonce,32049435
polygon-zkevm:0xeed7a561433de809779a95e08d56d5bce5323434:SMT_KEY:2,0xeed7a561433de809779a95e08d56d5bce5323434,2,code_hash,32049435
polygon-zkevm:0xeed7a561433de809779a95e08d56d5bce5323434:SMT_KEY:4,0xeed7a561433de809779a95e08d56d5bce5323434,4,code_hash_length,32049435
polygon-zkevm:0x67d0809ada627ab5bd623640332a2f370b2c906f:SMT_KEY:0,0x67d0809ada627ab5bd623640332a2f370b2c906f,0,balance,32049720
polygon-zkevm:0x67d0809ada627ab5bd623640332a2f370b2c906f:SMT_KEY:1,0x67d0809ada627ab5bd623640332a2f370b2c906f,1,nonce,32049720
polygon-zkevm:0x67d0809ada627ab5bd623640332a2f370b2c906f:SMT_KEY:2,0x67d0809ada627ab5bd623640332a2f370b2c906f,2,code_hash,32049720
polygon-zkevm:0x67d0809ada627ab5bd623640332a2f370b2c906f:SMT_KEY:4,0x67d0809ada627ab5bd623640332a2f370b2c906f,4,code_hash_length,32049720
polygon-zkevm:0x137f8fe28cf380918a03f4254b437660caa1352c:SMT_KEY:0,0x137f8fe28cf380918a03f4254b437660caa1352c,0,balance,32050760
polygon-zkevm:0x137f8fe28cf380918a03f4254b437660caa1352c:SMT_KEY:1,0x137f8fe28cf380918a03f4254b437660caa1352c,1,nonce,32050760
polygon-zkevm:0x137f8fe28cf380918a03f4254b437660caa1352c:SMT_KEY:2,0x137f8fe28cf380918a03f4254b437660caa1352c,2,code_hash,32050760
polygon-zkevm:0x137f8fe28cf380918a03f4254b437660caa1352c:SMT_KEY:4,0x137f8fe28cf380918a03f4254b437660caa1352c,4,code_hash_length,32050760
polygon-zkevm:0x34d2ac4e10a1232947e55267d48972b437dc78d8:SMT_KEY:0,0x34d2ac4e10a1232947e55267d48972b437dc78d8,0,balance,32052420
polygon-zkevm:0x34d2ac4e10a1232947e55267d48972b437dc78d8:SMT_KEY:1,0x34d2ac4e10a1232947e55267d48972b437dc78d8,1,nonce,32052420
polygon-zkevm:0x34d2ac4e10a1232947e55267d48972b437dc78d8:SMT_KEY:2,0x34d2ac4e10a1232947e55267d48972b437dc78d8,2,code_hash,32052420
polygon-zkevm:0x34d2ac4e10a1232947e55267d48972b437dc78d8:SMT_KEY:4,0x34d2ac4e10a1232947e55267d48972b437dc78d8,4,code_hash_length,32052420
polygon-zkevm:0xbd4734584862d13c303296355df23d9f4b5cf5bb:SMT_KEY:0,0xbd4734584862d13c303296355df23d9f4b5cf5bb,0,balance,32052605
polygon-zkevm:0xbd4734584862d13c303296355df23d9f4b5cf5bb:SMT_KEY:1,0xbd4734584862d13c303296355df23d9f4b5cf5bb,1,nonce,32052605
polygon-zkevm:0xbd4734584862d13c303296355df23d9f4b5cf5bb:SMT_KEY:2,0xbd4734584862d13c303296355df23d9f4b5cf5bb,2,code_hash,32052605
polygon-zkevm:0xbd4734584862d13c303296355df23d9f4b5cf5bb:SMT_KEY:4,0xbd4734584862d13c303296355df23d9f4b5cf5bb,4,code_hash_length,32052605
polygon-zkevm:0xf5f3b8faf45023fd92c0c88fedf73fb0529fc1cd:SMT_KEY:0,0xf5f3b8faf45023fd92c0c88fedf73fb0529fc1cd,0,balance,32052605
polygon-zkevm:0xf5f3b8faf45023fd92c0c88fedf73fb0529fc1cd:SMT_KEY:1,0xf5f3b8faf45023fd92c0c88fedf73fb0529fc1cd,1,nonce,32052605
polygon-zkevm:0xf5f3b8faf45023fd92c0c88fedf73fb0529fc1cd:SMT_KEY:2,0xf5f3b8faf45023fd92c0c88fedf73fb0529fc1cd,2,code_hash,32052605
polygon-zkevm:0xf5f3b8faf45023fd92c0c88fedf73fb0529fc1cd:SMT_KEY:4,0xf5f3b8faf45023fd92c0c88fedf73fb0529fc1cd,4,code_hash_length,32052605
polygon-zkevm:0x7d4238e3b2dda63a10c49b26a82f4a4ba76d6f76:SMT_KEY:0,0x7d4238e3b2dda63a10c49b26a82f4a4ba76d6f76,0,balance,32052825
polygon-zkevm:0x7d4238e3b2dda63a10c49b26a82f4a4ba76d6f76:SMT_KEY:1,0x7d4238e3b2dda63a10c49b26a82f4a4ba76d6f76,1,nonce,32052825
polygon-zkevm:0x7d4238e3b2dda63a10c49b26a82f4a4ba76d6f76:SMT_KEY:2,0x7d4238e3b2dda63a10c49b26a82f4a4ba76d6f76,2,code_hash,32052825
polygon-zkevm:0x7d4238e3b2dda63a10c49b26a82f4a4ba76d6f76:SMT_KEY:4,0x7d4238e3b2dda63a10c49b26a82f4a4ba76d6f76,4,code_hash_length,32052825
polygon-zkevm:0x2a3dd3eb832af982ec71669e178424b10dca2ede:SMT_KEY:0,0x2a3dd3eb832af982ec71669e178424b10dca2ede,0,balance,32054095
polygon-zkevm:0x2a3dd3eb832af982ec71669e178424b10dca2ede:SMT_KEY:1,0x2a3dd3eb832af982ec71669e178424b10dca2ede,1,nonce,32054095
polygon-zkevm:0x2a3dd3eb832af982ec71669e178424b10dca2ede:SMT_KEY:2,0x2a3dd3eb832af982ec71669e178424b10dca2ede,2,code_hash,32054095
polygon-zkevm:0x2a3dd3eb832af982ec71669e178424b10dca2ede:SMT_KEY:4,0x2a3dd3eb832af982ec71669e178424b10dca2ede,4,code_hash_length,32054095
polygon-zkevm:0xc59ddc2d744c9e7a00f59712121ad9f561f0e669:SMT_KEY:0,0xc59ddc2d744c9e7a00f59712121ad9f561f0e669,0,balance,32054095
polygon-zkevm:0xc59ddc2d744c9e7a00f59712121ad9f561f0e669:SMT_KEY:1,0xc59ddc2d744c9e7a00f59712121ad9f561f0e669,1,nonce,32054095
polygon-zkevm:0xc59ddc2d744c9e7a00f59712121ad9f561f0e669:SMT_KEY:2,0xc59ddc2d744c9e7a00f59712121ad9f561f0e669,2,code_hash,32054095
polygon-zkevm:0xc59ddc2d744c9e7a00f59712121ad9f561f0e669:SMT_KEY:4,0xc59ddc2d744c9e7a00f59712121ad9f561f0e669,4,code_hash_length,32054095
polygon-zkevm:0xc00fc2ec5099db4850e4035d1537f757d1744485:SMT_KEY:0,0xc00fc2ec5099db4850e4035d1537f757d1744485,0,balance,32055080
polygon-zkevm:0xc00fc2ec5099db4850e4035d1537f757d1744485:SMT_KEY:1,0xc00fc2ec5099db4850e4035d1537f757d1744485,1,nonce,32055080
polygon-zkevm:0xc00fc2ec5099db4850e4035d1537f757d1744485:SMT_KEY:2,0xc00fc2ec5099db4850e4035d1537f757d1744485,2,code_hash,32055080
polygon-zkevm:0xc00fc2ec5099db4850e4035d1537f757d1744485:SMT_KEY:4,0xc00fc2ec5099db4850e4035d1537f757d1744485,4,code_hash_length,32055080
polygon-zkevm:0x15dd590aedb68577c74ed23413876be45071c74a:SMT_KEY:0,0x15dd590aedb68577c74ed23413876be45071c74a,0,balance,32056470
polygon-zkevm:0x15dd590aedb68577c74ed23413876be45071c74a:SMT_KEY:1,0x15dd590aedb68577c74ed23413876be45071c74a,1,nonce,32056470
polygon-zkevm:0x15dd590aedb68577c74ed23413876be45071c74a:SMT_KEY:2,0x15dd590aedb68577c74ed23413876be45071c74a,2,code_hash,32056470
polygon-zkevm:0x15dd590aedb68577c74ed23413876be45071c74a:SMT_KEY:4,0x15dd590aedb68577c74ed23413876be45071c74a,4,code_hash_length,32056470
polygon-zkevm:0x4458d1894bc15754caf3cdad66bfdf41794b618a:SMT_KEY:0,0x4458d1894bc15754caf3cdad66bfdf41794b618a,0,balance,32056470
polygon-zkevm:0x4458d1894bc15754caf3cdad66bfdf41794b618a:SMT_KEY:1,0x4458d1894bc15754caf3cdad66bfdf41794b618a,1,nonce,32056470
polygon-zkevm:0x4458d1894bc15754caf3cdad66bfdf41794b618a:SMT_KEY:2,0x4458d1894bc15754caf3cdad66bfdf41794b618a,2,code_hash,32056470
polygon-zkevm:0x4458d1894bc15754caf3cdad66bfdf41794b618a:SMT_KEY:4,0x4458d1894bc15754caf3cdad66bfdf41794b618a,4,code_hash_length,32056470
polygon-zkevm:0x60c688801fd64a9e8d6341b6adf22d27c489d7e9:SMT_KEY:0,0x60c688801fd64a9e8d6341b6adf22d27c489d7e9,0,balance,32060190
polygon-zkevm:0x60c688801fd64a9e8d6341b6adf22d27c489d7e9:SMT_KEY:1,0x60c688801fd64a9e8d6341b6adf22d27c489d7e9,1,nonce,32060190
polygon-zkevm:0x60c688801fd64a9e8d6341b6adf22d27c489d7e9:SMT_KEY:2,0x60c688801fd64a9e8d6341b6adf22d27c489d7e9,2,code_hash,32060190
polygon-zkevm:0x60c688801fd64a9e8d6341b6adf22d27c489d7e9:SMT_KEY:4,0x60c688801fd64a9e8d6341b6adf22d27c489d7e9,4,code_hash_length,32060190
polygon-zkevm:0xdd26257a65a8e0ea550af84bcaac48d227dd056f:SMT_KEY:0,0xdd26257a65a8e0ea550af84bcaac48d227dd056f,0,balance,32060190
polygon-zkevm:0xdd26257a65a8e0ea550af84bcaac48d227dd056f:SMT_KEY:1,0xdd26257a65a8e0ea550af84bcaac48d227dd056f,1,nonce,32060190
polygon-zkevm:0xdd26257a65a8e0ea550af84bcaac48d227dd056f:SMT_KEY:2,0xdd26257a65a8e0ea550af84bcaac48d227dd056f,2,code_hash,32060190
polygon-zkevm:0xdd26257a65a8e0ea550af84bcaac48d227dd056f:SMT_KEY:4,0xdd26257a65a8e0ea550af84bcaac48d227dd056f,4,code_hash_length,32060190
polygon-zkevm:0x0743fbc8a18752d281263882162a6616f2edc154:SMT_KEY:0,0x0743fbc8a18752d281263882162a6616f2edc154,0,balance,32060210
polygon-zkevm:0x0743fbc8a18752d281263882162a6616f2edc154:SMT_KEY:1,0x0743fbc8a18752d281263882162a6616f2edc154,1,nonce,32060210
polygon-zkevm:0x0743fbc8a18752d281263882162a6616f2edc154:SMT_KEY:2,0x0743fbc8a18752d281263882162a6616f2edc154,2,code_hash,32060210
polygon-zkevm:0x0743fbc8a18752d281263882162a6616f2edc154:SMT_KEY:4,0x0743fbc8a18752d281263882162a6616f2edc154,4,code_hash_length,32060210
polygon-zkevm:0x2cdcf29b7b2d5406ca2959df1e36c65e96aea094:SMT_KEY:0,0x2cdcf29b7b2d5406ca2959df1e36c65e96aea094,0,balance,32060210
polygon-zkevm:0x2cdcf29b7b2d5406ca2959df1e36c65e96aea094:SMT_KEY:1,0x2cdcf29b7b2d5406ca2959df1e36c65e96aea094,1,nonce,32060210
polygon-zkevm:0x2cdcf29b7b2d5406ca2959df1e36c65e96aea094:SMT_KEY:2,0x2cdcf29b7b2d5406ca2959df1e36c65e96aea094,2,code_hash,32060210
polygon-zkevm:0x2cdcf29b7b2d5406ca2959df1e36c65e96aea094:SMT_KEY:4,0x2cdcf29b7b2d5406ca2959df1e36c65e96aea094,4,code_hash_length,32060210
polygon-zkevm:0xd99ac0681b904991169a4f398b9043781adbe0c3:SMT_KEY:0,0xd99ac0681b904991169a4f398b9043781adbe0c3,0,balance,32066340
polygon-zkevm:0xd99ac0681b904991169a4f398b9043781adbe0c3:SMT_KEY:1,0xd99ac0681b904991169a4f398b9043781adbe0c3,1,nonce,32066340
polygon-zkevm:0xd99ac0681b904991169a4f398b9043781adbe0c3:SMT_KEY:2,0xd99ac0681b904991169a4f398b9043781adbe0c3,2,code_hash,32066340
polygon-zkevm:0xd99ac0681b904991169a4f398b9043781adbe0c3:SMT_KEY:4,0xd99ac0681b904991169a4f398b9043781adbe0c3,4,code_hash_length,32066340
polygon-zkevm:0x368cb4212abd097f35efcd34e291b6ee1d60e622:SMT_KEY:0,0x368cb4212abd097f35efcd34e291b6ee1d60e622,0,balance,32067520
polygon-zkevm:0x368cb4212abd097f35efcd34e291b6ee1d60e622:SMT_KEY:1,0x368cb4212abd097f35efcd34e291b6ee1d60e622,1,nonce,32067520
polygon-zkevm:0x368cb4212abd097f35efcd34e291b6ee1d60e622:SMT_KEY:2,0x368cb4212abd097f35efcd34e291b6ee1d60e622,2,code_hash,32067520
polygon-zkevm:0x368cb4212abd097f35efcd34e291b6ee1d60e622:SMT_KEY:4,0x368cb4212abd097f35efcd34e291b6ee1d60e622,4,code_hash_length,32067520
polygon-zkevm:0xae8315438f04b20ab05e68acfb9298843a63c45d:SMT_KEY:0,0xae8315438f04b20ab05e68acfb9298843a63c45d,0,balance,32068795
polygon-zkevm:0xae8315438f04b20ab05e68acfb9298843a63c45d:SMT_KEY:1,0xae8315438f04b20ab05e68acfb9298843a63c45d,1,nonce,32068795
polygon-zkevm:0xae8315438f04b20ab05e68acfb9298843a63c45d:SMT_KEY:2,0xae8315438f04b20ab05e68acfb9298843a63c45d,2,code_hash,32068795
polygon-zkevm:0xae8315438f04b20ab05e68acfb9298843a63c45d:SMT_KEY:4,0xae8315438f04b20ab05e68acfb9298843a63c45d,4,code_hash_length,32068795
polygon-zkevm:0xefd52a9e454feb9ad8edca588c7a9703d67cdff7:SMT_KEY:0,0xefd52a9e454feb9ad8edca588c7a9703d67cdff7,0,balance,32069725
polygon-zkevm:0xefd52a9e454feb9ad8edca588c7a9703d67cdff7:SMT_KEY:1,0xefd52a9e454feb9ad8edca588c7a9703d67cdff7,1,nonce,32069725
polygon-zkevm:0xefd52a9e454feb9ad8edca588c7a9703d67cdff7:SMT_KEY:2,0xefd52a9e454feb9ad8edca588c7a9703d67cdff7,2,code_hash,32069725
polygon-zkevm:0xefd52a9e454feb9ad8edca588c7a9703d67cdff7:SMT_KEY:4,0xefd52a9e454feb9ad8edca588c7a9703d67cdff7,4,code_hash_length,32069725
