address,first_seen_block,window
0x94f2f371332dd7b9ae5964d6dd0b7076213f952c,3998487,3998487-4098486
0xf6ad3ccf71abb3e12becf6b3d2a74c963859adcd,3998487,31997487-32097486
0x17d8605cdb36191acc2fcb3d3d7908171bcb99a2,3998497,3998487-4098486
0x3689d3b912d4d73ffcaad3a80861e7caf2d4f049,3998497,11998487-12098486
0x1e2d8f84605d32a2cbf302e30bfd2387badf35dd,3998507,7998487-8098486
0x3f12099232e7ff5cd69006020969770a12e453ae,3998507,3998487-4098486
0xae3f6a5e6784a6e896dcc66e24719b84d78435c1,3998517,3998487-4098486
0x4f9a0e7fd2bf6067db6994cf12e4495df938e6e9,3998527,31997487-32097486
0xd30b8f1f0af8b70dc4a6a40ee1bddcfee74e74a8,3998527,3998487-4098486
0x5e68be9a532eadf5edcbc2bec857d3d4b2e3aec5,3998537,7998487-8098486
0x7d994b4aa00ae968105f91068b53a6619ccd54df,3998537,3998487-4098486
0xa94c612141694b2157598c8451aa5e5c1da038eb,3998547,3998487-4098486
0x925d4481992df005e3f51c0c0e148bb8c3099e7f,3998557,3998487-4098486
0xa6bf2be6c60175601bf88217c75dd4b14abb5fbb,3998567,31997487-32097486
0xb8ff877ed78ba520ece21b1de7843a8a57ca47cb,3998567,31997487-32097486
0xfd98563a5ebbbb65efccf68f12cc6427f70d08a1,3998577,3998487-4098486
0x3951cfd4c7bcca2c6d2438287ea11b6f839daf4a,3998587,3998487-4098486
0x8e0376206019acd8a5c63dcc4c0bf372fcfa5ca5,3998597,3998487-4098486
0x38800503a2a784d10426c058750c6aeb95a6ac90,3998607,3998487-4098486
0xa8ce8aee21bc2a48a5ef670afcc9274c7bbbc035,3998607,31997487-32097486
0x29bc6ac96d383b4fd7304691e6bc4bcbac8a4901,3998617,3998487-4098486
0xce15d17aa3165ebedfc046c7d9bf639865431253,3998627,3998487-4098486
0x0947d418e756dfd3042e33dbc2e615c9c29f5d7a,3998637,3998487-4098486
0x3a23f943181408eac424116af7b7790c94cb97a5,3998637,23998487-24098486
0xca811de9df36bfbe9c30574fc00926afc0cbd324,3998647,3998487-4098486
0x6b516ad4ca48a6e34af809da4f84e509b52b9917,3998657,3998487-4098486
0xf691aaf3de62a51dc321b787a0f83fa3fb678680,3998657,3998487-4098486
0xa658742d33ebd2ce2f0bdff73515aa797fd161d9,3998667,31498487-31598486
0xe93685f3bba03016f02bd1828badd6195988d950,3998667,31498487-31598486
0x1fad5e8a741868d7972875d2031b23bea4baf6a4,3998677,3998487-4098486
0xc9224f77e9431d1f88b0e1ca0fd203e103650a06,3998697,3998487-4098486
0x9cdd5540e392db4b5f18c84714b6bcd074ebdd0a,3998707,3998487-4098486
0x05c4aba396ab8e04b652f4d485ed01e9ae7b94ce,3998717,3998487-4098486
0x22c5b360a725d4983e4f5f48ac4f474b364f5e43,3998737,3998487-4098486
0xe64adca6a1debfb50efa95d7c073d45e32b5ca1b,3998737,3998487-4098486
0x5c62af613fdd58ca54a9ae6a1fdf74b59cec5a5b,3998747,3998487-4098486
0x275100fa7874b4a675fcd77260dee149ce027543,3998757,3998487-4098486
0x175c60916ccd377c6d9d8a1b58863dfdeca90cfd,3998767,3998487-4098486
0xbf81c9bf9883abab878952fcbfb84914a67b6e43,3998777,3998487-4098486
0xac2ea127268d6eb5c23b5e76b903589387fa6c83,3998787,3998487-4098486
0x0e6998acc5a20a5aa58e40eb0dd6c06f2d3206a0,3998807,3998487-4098486
0x76f948e5f13b9a84a81e5681df8682bbf524805e,3998807,3998487-4098486
0x24c6d498d0f6b8b28d7938f6c198bd89caee7954,3998817,3998487-4098486
0x80c67432656d59144ceff962e8faf8926599bcf8,3998827,7998487-8098486
0xe2b5b5bd4e47febfb490cc4b81cff0e481171b99,3998827,3998487-4098486
0x54c83b28d0069b1d57347e9de96471ebbdf1574a,3998837,3998487-4098486
0x7fbd4eb606c55c49ba4725251137970bb56682b6,3998847,3998487-4098486
0x555a64968e4803e27669d64e349ef3d18fca0895,3998857,23998487-24098486
0x685ee51518320a6625fa2bb523b2eab385df68b3,3998857,23998487-24098486
0x4a43f71582c0a5e1f4daa8c466585755254bb52f,3998867,3998487-4098486
0xdccada4894941593f4c842d7c6bfd486e8344116,3998887,19998487-20098486
0xead2ffbeb016800a1fefe24fbc1dee41a51db601,3998887,3998487-4098486
0xa2036f0538221a77a3937f1379699f44945018d0,3998897,31498487-31598486
0xe2df7e61f645958033b1e04505431fb827f4dc60,3998897,3998487-4098486
0xb35f9aac007666cacd0520b68d59d682262db7da,3998907,3998487-4098486
0x31b1c23fbf3409b0556abd4da1fc4b08d938ea0a,3998917,3998487-4098486
0xe596e79375364acf31d0b9f4ed5b5b9b8123d238,3998927,3998487-4098486
0xac9d3f04bfdf7698d8a59e07e81fc988cc2202c9,3998937,3998487-4098486
0x6c922ced1f0ef0910474987b0bf37903e4030a3f,3998947,3998487-4098486
0xe996563e39d96bbd6c3c33ba47ef300934a30a9b,3998967,3998487-4098486
0x82be81938d4f486dfa761acd0eb996316ff60631,3998977,3998487-4098486
0x1fd37dc62bc9fbc3e4205a9a91b79bfaa5190afd,3998987,3998487-4098486
0x8acd3dae1ae5670474772061088a46e0a459ba35,3998997,3998487-4098486
0x2ad8969ab6b422c2eb61093aa27aacf1e128f01f,3999007,3998487-4098486
0x7ccebcf8a751c0724b8bf8a99525091df08db3a9,3999017,3998487-4098486
0x63a93a907328f98c7e7bf8f3b8c8c719ccece763,3999027,3998487-4098486
0x1f526b640f43fcb439ed2cc26ca622bed9b2794a,3999037,3998487-4098486
0x5b4a08e006917f68c35d450379d91c430d479296,3999057,3998487-4098486
0xb293aa7230a9a9d213aabd5d2348e2b3f5da3ddd,3999067,3998487-4098486
0x58121a0d7308e4956745197e306e855389fe5a09,3999077,3998487-4098486
0xd29f97e32cdd04c3af3c0e01fa313c3b9fdf5ceb,3999097,3998487-4098486
0xe4edb277e41dc89ab076a1f049f4a3efa700bce8,3999097,23998487-24098486
0x14474536ea9d8fe761edf527f35a30f43c39a097,3999107,3998487-4098486
0xba83d3e5f4e148a80e86f6bc5981edd93e26477f,3999117,3998487-4098486
0xb662681a80738da10349f7d06dfa0b550fe30645,3999127,3998487-4098486
0x0e6d7db330b74f25e34b23dbc0eb7640fa90aedf,3999137,3998487-4098486
0x0c07fc4f70348c5de11ca5c1b99318ec7abeb4ca,3999147,3998487-4098486
0x0d1e753a25ebda689453309112904807625befbe,3999147,29998487-30098486
0x491e59c255c790d4e3a53cec2632524088f1aaa4,3999167,7998487-8098486
0x924128fc2cda777a6b5e0a9ad3ef1a8cdf73967e,3999167,7998487-8098486
0xcf4e955abe2aa1a5e1230a1e43cab2345dbd08f0,3999187,3998487-4098486
0x0a5f0e623749a1fa866c8427f96f2b3257923b11,3999197,3998487-4098486
0x8ec0e37b034844d9821e2ba553f697b68e7569b0,3999207,3998487-4098486
0x9284ebd0873bdd3c53c40135e59451cade77f43c,3999227,3998487-4098486
0x1e4a5963abfd975d8c9021ce480b42188849d41d,3999247,31997487-32097486
0x63caf5da98237e728cec4030225b8c9097fb3595,3999247,3998487-4098486
0x2f686751b19a9d91cc3d57d90150bc767f050066,3999267,3998487-4098486
0x53a12fdb01594485a50902973e26d01e5839a841,3999267,3998487-4098486
0xb58f5110855fbef7a715d325d60543e7d4c18143,3999277,11998487-12098486
0xdf2e970dffacea357919936e28775457f05aaf02,3999277,3998487-4098486
0x45643fe996fc50d887a1ccf933f28bb93e4fd35f,3999287,3998487-4098486
0x0dd5c3b51e26c8070ecc9549ab37238bf485fb1e,3999307,3998487-4098486
0x68d9baa40394da2e2c1ca05d30bf33f52823ee7b,3999327,23998487-24098486
0x2184b626e0f34d7fff555185e048b2a09a2f201d,3999347,3998487-4098486
0x4d0e49f46faee8e2f43c20abcf885bc44c940886,3999347,3998487-4098486
0x1a46c5f4f40d9b51a88149c1902bab08daddd3e8,3999367,3998487-4098486
0x106ff64f69cfe2827782bee8fa8509bf25854bc1,3999377,3998487-4098486
0x9cc9e8369c29047fe95504f1705cb13768d9e229,3999387,3998487-4098486
0xb21dfcf420cc7536c7ef5652ee8018741f17f017,3999397,3998487-4098486
0x4c8692c08904cfb5d777046bb140ce8644a0c26b,3999407,3998487-4098486
0x80d846b471c0c3f04db19ce566cb383d9f6d3b87,3999417,3998487-4098486
0x76a23de90baae85021a8475126a451a1eee39a17,3999427,3998487-4098486
0xe68d12a3f576dd12a27cc8e89105fe719c192efa,3999437,3998487-4098486
0x8c6a3daf3a08f59749c51fdf0c875bfb4f3e73c4,3999447,3998487-4098486
0x3d29fb752f61d47ab6cdd8886d13ef0c2b415844,3999457,3998487-4098486
0xe37af946bd4ef7de4024a8cc3f765f4501c3f51e,3999477,3998487-4098486
0x1071ce3bf6a04af31f745d1cf4cdde3608f9d195,3999487,3998487-4098486
0x2964e60cbbe8a35d9a16a6de0308206fdc28c08a,3999487,3998487-4098486
0xe932d82890e002804e02668b8269c618dd7e9707,3999497,3998487-4098486
0x8530e9421880480081d72196ef8b878cac1bfb1b,3999507,3998487-4098486
0x72e344f6503cd9d45201e5e78a8985a2ee5a9a05,3999517,3998487-4098486
0x1925c4e475ab3e5456c8f1ec423b60b55c382f50,3999537,3998487-4098486
0xd30010775a65142f8b59bb91136f83dfb2e107ae,3999547,3998487-4098486
0x8e4355ea7d61f33786bf91b0f1165fded28a31ab,3999567,3998487-4098486
0xeee06449bc69069d04e9b7ac84ce831bd6a6ea92,3999577,3998487-4098486
0x2a3dd3eb832af982ec71669e178424b10dca2ede,3999587,31997487-32097486
0x4ca25c4e560fb5adc3ff43eb0ad82ee0cd84aace,3999587,15998487-16098486
0x11b9e18a8b3749a3edaa72380100761704e72fb4,3999597,3998487-4098486
0x54ff6a3a1ae0c3a66c9af050824096e8fd78f320,3999607,3998487-4098486
0x2fc617e933a52713247ce25730f6695920b3befe,3999617,31498487-31598486
0x4097a629bab10b9141fa58bfa20f7fde52ac5abc,3999617,3998487-4098486
0x31e2bf291a571919aedfcc609f6ffc6ce5a0f9b1,3999627,3998487-4098486
0x4d13447fbe662bce0dbd474fe25958a1c762bc00,3999637,3998487-4098486
0xca4822e327c37ad211b8792d75fd3e2717d27996,3999667,3998487-4098486
0x83eef7c4866b0dba123f7d5aee251b84a0e8241c,3999677,3998487-4098486
0x2da161748527af0d69aafa8f799956112d51b270,3999687,3998487-4098486
0x5509406f6c2e33b1a3e8af4c3ee480eca869d206,3999697,3998487-4098486
0xb884dc9d21bf318c4255e93924015e002e2febf3,3999707,3998487-4098486
0x30546f6bdaaea24a694ffe856f8825aa7c800db7,3999747,3998487-4098486
0x80ddf63bd9b5b0bcf7ab764b1fe61de7391996a7,3999757,3998487-4098486
0x796a93c053de03ae3e5dac3ebe2fcabb2903b39a,3999777,3998487-4098486
0x21c8271613f4ba8ba1a543a272d6137280a2be11,3999787,3998487-4098486
0xe63fc959518cb8dfc75fc57701860fb3c2fa04aa,3999787,3998487-4098486
0x179321e72c94fd6c615bcea41b36f4079d25fffa,3999797,3998487-4098486
0x508b5bab9fa2bc3ebb6238e762b52016d10c6a7f,3999807,3998487-4098486
0x86355f02119bdbc28ed6a4d5e0ca327ca7730fff,3999807,3998487-4098486
0x40d83f54b23e595dd23fc12b387edef1fd732aef,3999817,3998487-4098486
0x229fd64c932e5689a8b1927cfb194bfdac7a5979,3999837,3998487-4098486
0x6d02d52e32f439e0a086de60b31c043e1feb82a3,3999847,3998487-4098486
0x4b0e8cdee70cd8b42aa3187ce2049f9ad60a0fbe,3999867,3998487-4098486
0x41d3d33156ae7c62c094aae2995003ae63f587b3,3999877,3998487-4098486
0x02e82bad0ad70a7b9c92ba3b1e7ad253f6d1356d,3999887,3998487-4098486
0xd02b918143bf301521a1ff1dca7d33f1456fb101,3999907,3998487-4098486
0x397c0a03fe759f4ed4505541ce8012132c893ed8,3999927,3998487-4098486
0xed60b86d59aaa2fe3790ae6c66948a3d334aff76,3999927,3998487-4098486
0x46a15b0b27311cedf172ab29e4f4766fbe7f4364,3999947,30998487-31098486
0xaedb060280607f3518fa7434800bd96e4e32cf77,3999947,3998487-4098486
0x0edfcd38b38efe48670f5ff9bcf0dca552742ae5,3999957,3998487-4098486
0xc132fb675a094776879a89a28878acb24e405c69,3999977,3998487-4098486
0x8903dc1f4736d2fcb90c1497aebbaba133daac76,3999987,3998487-4098486
0xa771c9d06cc6bcfe2f1f98da2f21121fe3009d7e,3999987,3998487-4098486
0xfae49eba15f7be18597f00f86510d4d87acda494,3999997,3998487-4098486
0xb2734967e41119ce06540b9cfe58c8c17f9882af,4000007,3998487-4098486
0x336434d3d18adf0dd81ae08a46d6bb7e2ec2034b,4000027,3998487-4098486
0x6273a433bb0f7af075270de55a1ea0d741c19a46,4000047,3998487-4098486
0x197ba1a78e67ccf7d9992bc53c321ffea07a97c0,4000067,3998487-4098486
0x7481c16e7782608ccba70029c0fd41d78aa6b56e,4000067,19998487-20098486
0x5c15c5fb899030cbd6560c602bec38a88ccace70,4000077,3998487-4098486
0x8713f064749374e5a7ffaa789fdc9cc93179b58a,4000077,3998487-4098486
0x2ce8e1df4594b9ce300a17a864d3e3e0f63dd763,4000097,3998487-4098486
0xdd07e1d7a51bfe262cd6c83d8350790479321f7d,4000107,3998487-4098486
0xa54c46f8ffa49244f27acc0aae607e9bb88ab87b,4000117,3998487-4098486
0xdb9a26d9518685c182ad67ef9209b7f7fa2e9429,4000117,3998487-4098486
0xf3266a93cf3815586283566567f9bd628b63b2fb,4000127,3998487-4098486
0x1c4281e11c2e2a071df22b619e4e26058155b038,4000157,3998487-4098486
0xdbc85ccb95d74036ded44cbdaaf3d5f60c6a5dae,4000177,3998487-4098486
0x1163cd208e30d4bbbd033ae18b9b5145d77220df,4000187,3998487-4098486
0x66eaa9f98d59486941ccec7c9f385cdb22f13c7d,4000207,3998487-4098486
0xc9a8f96db53caea12117d110d3e2d6a5fca860a2,4000217,3998487-4098486
0x2fdb6145722f9bb4781842cfd970ef36be6c6872,4000227,3998487-4098486
0x53a43c3482f30083a6792dc44c89df5592a14b6a,4000257,3998487-4098486
0xe97bea5a43e319bdb34590407f7a4217ad6e4aed,4000267,3998487-4098486
0x622a07dc5e8cd64854ad291ca872d39aa53b65c2,4000287,3998487-4098486
0x4a52b44f77f8504898b330a7726e3aec041b047d,4000297,3998487-4098486
0xfbc22927760cb77121575b71874373ad201db122,4000317,3998487-4098486
0xd89edafe5c7b6019e36b922bd4211d8ca7cc022d,4000337,3998487-4098486
0xa0ec6394091c492a7fc0cc7b05bc8d8e31190fed,4000367,3998487-4098486
0xf8a89af2d506842f391327ccef5b29414144a373,4000377,3998487-4098486
0x9b94594a5208eb48fb6864078807126d92c4f830,4000387,3998487-4098486
0xa02573c4ad15c16b48f10842aac9c9ea405b65a3,4000387,3998487-4098486
0xb77ac3913366ceb1c2c933fb7897dde6106280e7,4000427,3998487-4098486
0xa51faf84aed0bdbfe8797d9bb6363d79f7f13f81,4000437,3998487-4098486
0xd868e118f3937894774177b2ab611ec91bd0269e,4000447,3998487-4098486
0x30548375f926dda597547920e2de59f0c0ef8c3a,4000457,3998487-4098486
0xf82fa14caa48d39ecfa162f154c7ba419d4fc68a,4000467,3998487-4098486
0x484562740c97e67382a3a2ef9423474752936339,4000477,3998487-4098486
0xd22bf0b70cd60bc874983b5e679aa34c6aa7eca8,4000487,3998487-4098486
0x15a630de53014868af25e204fa5b43e7df2cac12,4000497,3998487-4098486
0x861f7ed9ddf920dd269ed5fb510e5b3857c2009e,4000527,3998487-4098486
0xa83360de829b817d75db35308849bc919117d3e5,4000557,3998487-4098486
0x678aa4bf4e210cf2166753e054d5b7c31cc7fa86,4000567,23998487-24098486
0xb11050d3d5b76d05626a20c2e56dac454d3b1abf,4000567,3998487-4098486
0xa8ec9d90d545e636975d1674c7bc0043e02053f3,4000577,3998487-4098486
0xecbc02ad563e84f12c517364788c9fe84e1d70ee,4000587,3998487-4098486
0x09295604e24d39a5107ae015cdf00cb79916947c,4000597,3998487-4098486
0x84dba5388aa5dacb93fb0288dd85b0ef527943d0,4000617,3998487-4098486
0x3d4ceb7f82b9d8a64e974bedf4d6abbc44514d1f,4000627,3998487-4098486
0x4791f7ef1b62e418e4b1c47fec5a615010bf8d9f,4000647,3998487-4098486
0xca13012f885103a9e79d89a4231e338c60868e52,4000667,3998487-4098486
0x2cf8d9624c33a5a6bb4a0f5d4753925102a1fa29,4000677,3998487-4098486
0xc306904fb96508dbc19d72caa58acc214b922f5b,4000697,3998487-4098486
0xdef61f0888e6b2a4e01ffa6b3a0ee2923f61dbfc,4000707,3998487-4098486
0x188102c1266a775255aba0d7900890bbd530d5d5,4000717,3998487-4098486
0xcbbe23cad8537cdfb7e62702f1a118f9ea5a8b83,4000757,3998487-4098486
0xb62fd57014b893fab6d15175c6f23b98b3cbc372,4000777,3998487-4098486
0x3d60905cb3c75e245e157b1e093f66d537727825,4000787,3998487-4098486
0x341025a83258eaa7c2b237cb4faeb038bfcf23c4,4000807,3998487-4098486
0xb0cd131782e1eae61ca687385c2dd10beab4c7a0,4000817,3998487-4098486
0x5f97245b6c82162cc45f268b05cec3a7a535b629,4000827,3998487-4098486
0xf2992ff24691cebfdc26bf3a392094e3eebc6043,4000847,3998487-4098486
0x0b4cb9b54a78a5911fa2258c6d2c9b87c80e1bba,4000857,3998487-4098486
0x33f1e941828b5e0da1763bb27d69504b44cf2377,4000877,3998487-4098486
0xac47c23722ace10f5ef58a82e1d356afb4c7e1bb,4000897,3998487-4098486
0xcbfd753800dafa56d2cba5e6a35b19c6adf18c98,4000907,3998487-4098486
0xdc60fd9d2a4ccf97f292969580874de69e6c326e,4000907,3998487-4098486
0xc1d38685e362598266e384c9da73bcc68a68a4db,4000937,3998487-4098486
0xe81cd6f799eca0b3b3afe00927b390a305935637,4000947,3998487-4098486
0x20c8e704766cea2b0bca9ebc8618c38a970eb296,4000957,3998487-4098486
0x913fdd00c1444265ffd84acd5857eaa2ee96d0fe,4000967,3998487-4098486
0x921b486cc33580af7d8208df1619383470d5dcbe,4000967,11998487-12098486
0xad1329080628d717d8fe440dba12c364c0cc6c91,4000997,3998487-4098486
0x4141b44f0e8b53adcac97d87a3c524d70e5e23b7,4001017,3998487-4098486
0x9216a9375a7030ad79e7528e3802e1b79155e038,4001017,3998487-4098486
0xcf92758401283bb85d9e5cc818bcea5eb86da8ad,4001027,3998487-4098486
0x0d661cb4a6363d115d89de8dc8a99f91e5e097ef,4001037,3998487-4098486
0x716bdc2c9f7211b57484a5a3d31acfe35a2015ce,4001047,3998487-4098486
0x554c0d10aa7e5e0c047d4a7f58ab5e764b9cb2c0,4001057,3998487-4098486
0xa057ea9c9322a523a9f39404fb165e7428931d28,4001067,3998487-4098486
0x0743fbc8a18752d281263882162a6616f2edc154,4001077,3998487-4098486
0xee1727f5074e747716637e1776b7f7c7133f16b1,4001077,23998487-24098486
0x2a155ace2087896c0a243c2563c5370d79286e38,4001087,3998487-4098486
0x45a318273749d6eb00f5f6ca3bc7cd3de26d642a,4001087,3998487-4098486
0xdf272918bc7f0d91621f728f3a8e1a3a7fa80e21,4001107,3998487-4098486
0x661a1df7d788e5bd595e5bbe688f1263dd341952,4001117,3998487-4098486
0x9ba9b7719e0e1359faa06c14ac1be63b73f26081,4001127,3998487-4098486
0x7a5ea3fe7c048e37a84eee14fa38d0d4ddb91dea,4001137,3998487-4098486
0xad41c77d99e282267c1492cdefe528d7d5044253,4001137,11998487-12098486
0x033a876783d4a68db84e357791b531b01191fce2,4001157,3998487-4098486
0x94d44d6c63a0b3e7945e421341009ffcc0f5959d,4001167,3998487-4098486
0xd8e1e7009802c914b0d39b31fc1759a865b727b1,4001167,27998487-28098486
0xa94b50b51bf332ce5d19c4d2e7085c57d2db2d53,4001187,3998487-4098486
0x88753f1987f278454a3b46069608be266f7d39ca,4001217,3998487-4098486
0x70162d6833aa6bd74a3f93f90a27537958a8afa6,4001227,3998487-4098486
0x4e6a0929c673728941eaafb6ed0284ffbd3d3648,4001237,3998487-4098486
0x822538bf9938f9d64243b3ef212c8acf61dc252a,4001247,3998487-4098486
0x0a3c487851e3349deb38d134496aba297b0526c9,4001257,3998487-4098486
0xad457e5837b48bb9b5e63b99bd2f4fb33022f0c8,4001267,3998487-4098486
0x7689d3688fec206e5d0b6179dbb6736c072ecb81,4001277,3998487-4098486
0xfa13e969446fd9f80d5af4ee97bb597be524a8fa,4001307,3998487-4098486
0xcd52a0a26820d2f909ba1f2e54a2adf88e852b61,4001317,3998487-4098486
0x9cb6b0a109ad9b1f029107f40737f6ceb64d356b,4001327,3998487-4098486
0x3335733c454805df6a77f825f266e136fb4a3333,4001337,31498487-31598486
0xa4d332c853b8da32d84c9fe49d026baccbd0947a,4001337,3998487-4098486
0x74fb8ece54a5e07f17567ea419f53e5946895a65,4001357,3998487-4098486
0x65857ad9bedfe378259652272f400fef3b919afe,4001367,3998487-4098486
0x6ea32f626e3a5c41547235ebbdf861526e11f482,4001367,15998487-16098486
0x1157672c913f7148007b01444dae49169c64c3da,4001377,3998487-4098486
0xedc3c920e6a9c0b2e35a4f8eadc6f852aaa5887f,4001387,3998487-4098486
0x08616539875f5bb1157d062249d96474ab737ffe,4001397,3998487-4098486
0x05e27008ae985352a5b75050103eb28eff4b13b8,4001407,3998487-4098486
0x7b2e3fc7510d1a51b3bef735f985446589219354,4001417,3998487-4098486
0x9f55e2359d571b5a7915dba532e1338585adaed1,4001417,3998487-4098486
0x21fa169002ac48b21f9ad5992c92d9401340ac37,4001427,3998487-4098486
0x8937c8f5702aed8248b7b82c0f7a908a1b945010,4001437,3998487-4098486
0x112b30489e8c97956588f650982bedd924fbead5,4001457,3998487-4098486
0xb9845dd1b8cf1f6e0e916cf3138362ddad594b00,4001467,3998487-4098486
0x33de46b0876ac828f47723afe28a2c57e86e5957,4001477,3998487-4098486
0x39bfad8eae9f567144a1fc8443ba7e8542376a09,7998487,7998487-8098486
0xc0a17eee6c31af84dde61c29e5bb0b97f7ab70f8,7998497,7998487-8098486
0x19456f45c1e313d13b27a2e197fa4be1ae222482,7998507,7998487-8098486
0x1a7b46c660603ebb5fbe3ae51e80ad21df00bdd1,7998507,7998487-8098486
0x0aef37ccd887c1f5f5fe672cdace4d114bf11465,7998517,7998487-8098486
0x417a7ba2d8d0060ae6c54fd098590db854b9c1d5,7998527,23998487-24098486
0x9af3049dd15616fd627a35563b5282bea5c32e20,7998527,23998487-24098486
0xada6e69781399990d42becb1a9427955ffa73bdc,7998537,23998487-24098486
0xd750229a866224fa97400a31c512aa555f70dba5,7998537,7998487-8098486
0x88a913bf543c7d1763d6fef716e351ca054fb927,7998547,7998487-8098486
0xedaa0f5bf2459186a0e7df467bb4d9a598004920,7998547,7998487-8098486
0x4a47b028683c20bd2f50bc0ddbdd1d7ab94c23aa,7998557,7998487-8098486
0xb83b554730d29ce4cb55bb42206c3e2c03e4a40a,7998557,11998487-12098486
0xe352b3faa350e1283f51d63d0a44af040b16a7b2,7998567,7998487-8098486
0xc14521db4a853622ca4853390fbd3098d81b606c,7998577,7998487-8098486
0x487295618a9072093e63f03e7c26c17be7eb4693,7998587,7998487-8098486
0xcddc97984e5243707d2cad169a10269633fbd156,7998597,7998487-8098486
0xcfd1272b654842e844e1c401d2dcb36ef32c7dbd,7998607,7998487-8098486
0x56e9ccfad783e020756e599b6ccb8cf36208751b,7998627,7998487-8098486
0x8fec11a0d755d9312be6424bf6750c7266cf52a0,7998647,7998487-8098486
0xac92957e61637b6fc186c7fa9037873a2904c0c1,7998657,7998487-8098486
0x3b53e460644516e4501a8756e30b84ab0ddd0853,7998667,7998487-8098486
0x1f86ff2792a7fd9f7a0d80a11f500655fc769403,7998677,7998487-8098486
0xdc1540a9c1e113f2ab1270f9bbf1337670b28f8c,7998687,7998487-8098486
0x9a21b978dfcbd2fee2113918e43bc5c1ea6e3ad7,7998697,7998487-8098486
0xe2e1d82b050bb5bfec776b2653a72f093a8373ab,7998697,7998487-8098486
0x86d62dceb6e3f0fa73434ba36f392fd079bdc704,7998707,7998487-8098486
0x4004ef31c034d4bf1583c7c326704276c67aa838,7998717,7998487-8098486
0x1ac344ee9bf132ddabc53b5ce2e7f1ec36f76b9a,7998727,7998487-8098486
0x73903fec691a80ec47bc830bf3f0bad127a06e30,7998727,15998487-16098486
0xed081c90935b13b23f8fae606958c1efdb535cce,7998737,7998487-8098486
0xe21c7533c5f118ec5816be9e3be560ce3aee7828,7998747,7998487-8098486
0xfee4641c184cdc94176ea4e90c2f3b0d6b385584,7998747,7998487-8098486
0xf3eab2365c8689d7d429e9cf03c78b29f07907b1,7998767,7998487-8098486
0xfa5575bb741f3afd6a75d6db2594c4324bf64e4a,7998777,7998487-8098486
0x1a97a59674dff69d3202970762ce3562f885b944,7998787,7998487-8098486
0xd7aa9ba6caac7b0436c91396f22ca5a7f31664fc,7998797,7998487-8098486
0xb03d1ce8d627f69b416b2d809bbe6ce3063f9db7,7998817,7998487-8098486
0x0311447b23e00e0aed6d393213b010838185f846,7998827,7998487-8098486
0x3259e5ace86ff943a2233925dec0004a384114bd,7998847,7998487-8098486
0xbb1a5027643d93de9f11a7eae87d06cc7f6c5f56,7998867,7998487-8098486
0xe574e7e38d7f9c93ec46e0fd45b9e2dc3c9dba5b,7998877,7998487-8098486
0x57d81723f333447a0668b6836a86db574d3dc6c4,7998917,7998487-8098486
0x656a41eebec46a6f3709783c8c93c2e522d2afeb,7998927,7998487-8098486
0x9dd60cca382ce124cf17dbd57c74922a594fe91b,7998937,7998487-8098486
0xfa8d8d8ab4a0ba66facee0cfa99b75c004b23e68,7998947,7998487-8098486
0x20451c1d3041df794024d76929fdb14459a92a64,7998957,7998487-8098486
0x03951c8aed4382213850d2cbb58fd33bc645e499,7998967,7998487-8098486
0x270864586801f4bdf2022a9c85071ec9e7e08dd2,7998977,7998487-8098486
0x14740941b81ad6f09092a0ca1902fc95c930015c,7998987,7998487-8098486
0x7e547fdfb5d6f3fa9ac2a332fae355d19e53257f,7998997,7998487-8098486
0x50bf1df7f530eb3f6bbd2479c792162f204df1e3,7999007,7998487-8098486
0x0fd821fcc5dc1be9795fd1f87580f3765ca67762,7999017,7998487-8098486
0x5de1b712878f760ce8b6c62e68e00208f55e8f75,7999027,7998487-8098486
0x9a5ea5ac5b6950050629d169187d2933364fe0d4,7999027,7998487-8098486
0xf580e78d24ba4a93799ad73c7c74d47424b37596,7999037,7998487-8098486
0xf7f8b33a14e544260cfc72da478db1683a923c14,7999037,7998487-8098486
0xba2324f8701c675f323c8ce8bcec1fced49ff233,7999047,7998487-8098486
0x5e7c3ac7631e5c2889260f88c20d160a55592b07,7999057,7998487-8098486
0xeb9a7a4396e61ce74dae9cb31d912c1372092a07,7999087,7998487-8098486
0xbd6903f33c58fcead3fa3653e5679bfcd1f1a708,7999097,7998487-8098486
0x08be4f02f8cb7b0c25e467651e35e5ea47562883,7999107,7998487-8098486
0x018874a9637dc8cdf32d1b935557221342f2eeee,7999127,7998487-8098486
0x1b81d678ffb9c0263b24a97847620c99d213eb14,7999147,31997487-32097486
0x23abcb82f468e3422a7212d4ad47cc2dd39162a3,7999147,19998487-20098486
0xb701396370d840b222c2c4789542f129ddba858d,7999157,7998487-8098486
0xc49a0fa70106aa9449cb998386e854470cbdc2c7,7999177,7998487-8098486
0x2cd9c69f9379170d7afe7cec85de6e8cb7aeeca3,7999187,7998487-8098486
0xfe78040206ac1c57b8d6052857683ec70345f4eb,7999187,7998487-8098486
0x9197963977b0a9fa1f8f9da70e5b46fda4360751,7999197,7998487-8098486
0x38b05766fb7810e96891a90e594dee3df140c5fe,7999207,7998487-8098486
0x0c72b64f453249215f7b612cc8cf4f0648763b8e,7999217,7998487-8098486
0xcee3eca2e681d91e02b6de36e2262f0871fdc4e8,7999217,7998487-8098486
0x2f5426fe41931cb7563adb8148a82d1c9e96f6b2,7999227,7998487-8098486
0xc6c1712454162873e766fb11891d90d05f017a50,7999247,7998487-8098486
0x0e7c757d0c8858cae7bd9c478f3ad3752c138cce,7999257,7998487-8098486
0x1cd631ffc5bf739fb6c47a6dda6460595f84fb22,7999267,7998487-8098486
0x7b41b6a35e5313b1a5619cf848cd1aa7d32662cb,7999267,7998487-8098486
0x97b132668edf04033bab9321684ab87bebea8769,7999277,7998487-8098486
0x2fe160ec7525fafda6ae1877c1626aa2b29582c0,7999297,7998487-8098486
0xb8ddfbdcf40e659a7d178504c6387f8e6a75c13b,7999327,7998487-8098486
0x118eadcc4f84a2749e43ffe0ea960eea4b2e3ffb,7999337,7998487-8098486
0x6131b5fae19ea4f9d964eac0408e4408b66337b5,7999337,19998487-20098486
0x908cefee8e352d8083f2e3d146568b381eac595a,7999347,7998487-8098486
0x21bf63c0418d4f1d13f884c50498b2259b321b43,7999357,7998487-8098486
0x39d361e66798155813b907a70d6c2e3fdafb0877,7999357,7998487-8098486
0x3451b9d4f3f8d3ec438936df174b316ec86741ac,7999367,7998487-8098486
0xe7cd1ba7703985e48bef82715c98c1e09fcdc0c4,7999377,7998487-8098486
0x54f8466be9e3128314a5b1f9e8b7d6c6cd3d3d8e,7999387,7998487-8098486
0x7fe6103714e5bb901dcd770c6d7e42093907e3de,7999397,7998487-8098486
0x6f3bddcb13012d911a7677075c863d2574ebfacf,7999407,7998487-8098486
0x77e946f3c079f95616c22c44089c181820742d28,7999407,7998487-8098486
0x1fa06e0374f8dd6fcf398703b757946310bbd04c,7999417,7998487-8098486
0xfa264102fbdd206bcf365537b529616ed6015025,7999427,7998487-8098486
0x4466cda36629fafdca8814b64d083369a85feaf0,7999437,7998487-8098486
0x81623c263c10f61ffe848786c16d34fe0c6e5fef,7999477,7998487-8098486
0x14509e4f8c786b9d71e17bb03af76db33fa3a519,7999497,7998487-8098486
0xff2ba47e9fcfd407ea2cd333bfccb65b459b61a2,7999507,7998487-8098486
0xabbe15ca82410eafa23ab4e16e4fc4ffd161a3dd,7999517,7998487-8098486
0x8fd34eefbfc607a1aabd8e0eea2d1ce82b07e1ca,7999527,7998487-8098486
0x10693ae68e43870abb048cca95a7dc06067086d4,7999537,7998487-8098486
0xefab60acfaaf6d9264ab6581ffb71988028486fd,7999547,7998487-8098486
0x3913ecc1c8e2a97a34f51efbccaab5848081cdcd,7999557,7998487-8098486
0x65a4b8a0927c7fd899aed24356bf83810f7b9a3f,7999567,23998487-24098486
0xaf8ae6955d07776ab690e565ba6fbc79b8de3a5d,7999567,15998487-16098486
0x402c8f617bc9f1cd84f4d527e01c15f6877adbb5,7999577,7998487-8098486
0xd437f7b44c52401579fcfb0d217ad65ad833abf0,7999587,7998487-8098486
0x41011442c1e6908b95d364bcb653ccd27f9801a4,7999607,7998487-8098486
0xfec92c25021cf3a015fd2f8e4e1b3f3293244e8b,7999617,7998487-8098486
0x415c26cbacece7b2499de2c25591be225319b1c0,7999627,7998487-8098486
0xb9596fea763c6f0c0656f39c7f058c5870c2735f,7999637,7998487-8098486
0xa1453b2e5d0d54816a0965923d5785cf6f55b660,7999657,7998487-8098486
0xfefad0824de5e0e2a94d26bd11a30013e086db8f,7999667,7998487-8098486
0xa01a0fc51b959dfde2c0ceb1397e8cc7d69de155,7999677,7998487-8098486
0xedac7f95ebda06b5531f137af4b0f2f99ebc3779,7999687,7998487-8098486
0x72f876aa0af57ef842203f6711778cff953c240a,7999697,7998487-8098486
0x3758aa66cad9f2606f1f501c9cb31b94b713a6d5,7999707,7998487-8098486
0x924a32d688725b7e35c5f7b208c8e6ce9e4b2193,7999717,7998487-8098486
0xc39a08124b2b34ae5ea02f5a92ceb3dbedc5fe6e,7999737,7998487-8098486
0x319b5024cbc1af9cb4b2b4f96308abe6080b23db,7999757,7998487-8098486
0x6d63094943598b80c054fa2841a24cc449e4d6d7,7999777,7998487-8098486
0x41c2ad810b8d4038734bd0e156b89eae0e222f01,7999787,7998487-8098486
0x696c0ba235444607a1c4b93e6b34ba14928c1b60,7999787,7998487-8098486
0xfe952def1c0e295048374ccd0b8ebe7001f1123e,7999797,7998487-8098486
0x56fb8ec07018924e0bf201a9d1d7ec51ce2d14ea,7999807,7998487-8098486
0x22dbab013fe4cbd9d412beb111d226a5c5a2b503,7999817,7998487-8098486
0x503deabad9641c5b4015041eeb0f1263e415715d,7999827,7998487-8098486
0x892e025d252779e2df91cc84ef0d77f3ef32e458,7999827,7998487-8098486
0x15881a0ac127aadf37e66d4b4afd30cdd8d8a821,7999837,7998487-8098486
0xd181a5c725d5c0a9eb5a6a2eee4455bbe5175d09,7999857,7998487-8098486
0x10c78e7dd1e2617510e012e3e0e26c134c810862,7999867,7998487-8098486
0xed9d4e8621000f81c9c9052177d4bfb53c2dec1c,7999877,7998487-8098486
0x3053542f1310618bbfa7db1690fdb5c6a1d7612a,7999897,7998487-8098486
0x43d1de2bcdbfc1a260d84a65be3f346e17fcbc32,7999907,7998487-8098486
0x8f1c6ea5d36b5e3159a0db851bd9ba1392d1058f,7999917,7998487-8098486
0x812ade38ec63860a7af9a4c8e80b66baf6566ab6,7999947,7998487-8098486
0x1872f74f4a80eaeb2d85fd3d431943bde8f1beb4,7999957,7998487-8098486
0x3f57bea3001496062b67f052d59777f70023e5cc,7999957,7998487-8098486
0x75c692dffea2ccaed41291ce39911a0bfe8fde75,7999967,7998487-8098486
0x17da2e48061812d4793125f2eb1b469b701db5fd,7999977,7998487-8098486
0x4bb3a360e4309263243be7f3122a4136d34c91a5,7999997,7998487-8098486
0x5664e164b579527b380bedf973c2c7fb7c0c420e,8000007,7998487-8098486
0xf9dd39d8593dbcaeb5a30469163c2fc49777ed11,8000007,7998487-8098486
0x3fdb918f6cfa0f3cc83b99c6f525a73c2fc12e99,8000017,7998487-8098486
0x63c98c683d706356463e5c91701f67396b3475c4,8000027,7998487-8098486
0xec5c3607611fa6436e5c584a5cb31ef4a813f0fd,8000037,7998487-8098486
0xc6393979c7f5b4462d85ba98ee38a2480dc659a7,8000047,7998487-8098486
0xeddf25207f91da1e6c03282edf36896e368baa34,8000067,7998487-8098486
0x301514fb3c57b3a93904b7b7df260efd62c6f60b,8000077,7998487-8098486
0x12345d0a68b42e20915c5e77a2b95bb8792754eb,8000097,7998487-8098486
0xb5bbaecdc2b39b44932ad78d7cbbad7d260e959d,8000107,7998487-8098486
0x2dc5b4261159fffaa56c4e197605d05a72a7b368,8000127,7998487-8098486
0x5e699f0140039be57ca8c27ee5b4697aa0769b57,8000137,7998487-8098486
0x758a1e3e12ef6c74d77b4320ea4ef017ad5a4fc4,8000147,7998487-8098486
0x769c7f4ab50e3bb038e1d707430fbefcb1941e07,8000157,7998487-8098486
0xaa22e4da25515af124fdcb1562537bb063573719,8000167,7998487-8098486
0xf74b0152cdeba79fe1877af377278f9d6990744e,8000167,7998487-8098486
0x9f7d0731641643ea2ed71ae5f4f2d882b8d9a02d,8000177,7998487-8098486
0x6e0457f3fae255034b3d15c6115739bbf44469f5,8000207,7998487-8098486
0x95c46b5096b753ee825af5bf33f3d334447a8fa7,8000217,7998487-8098486
0xafde46e61d89e564cd3200cb2e32d6ace5c77f53,8000227,7998487-8098486
0x3ed85633c78654a66be13cdfc4e67dc4a8a1ee19,8000237,7998487-8098486
0x8b4efad3a43f81001ea65f45cbcd18bd2b7d243b,8000247,7998487-8098486
0xe2ec00d481a96063e860dc1da25efdaf1e56bd66,8000257,7998487-8098486
0xbb44acf792cf7bc9e891a1dd394ec501bf07e8fa,8000267,7998487-8098486
0x99da05b1d4a6e2daa90fb9fca0f9ae2f6cb8c07e,8000297,7998487-8098486
0x9174695d8e014105f70fb489146923217288f2d7,8000307,7998487-8098486
0xf768f97b87ab4d22eb5b9c34506ab099f67cd9a3,8000317,7998487-8098486
0x2681a08d156be6db2acbbc20b1374c114dabd7af,8000327,7998487-8098486
0x7f5fac1c6fc582b1f9fe3ddc64febd0b2d75e8e5,8000337,7998487-8098486
0x55b7b7c8d86275ca0dc8203c49dfdce26bfa270c,8000347,7998487-8098486
0x76f54185815cd1a4423adff558e90394650ca0fc,8000347,7998487-8098486
0xb3a4b0b5882b468eec38cf9e03c692994404e00e,8000367,7998487-8098486
0xa6f2a5d06f6e66c908c2a3347287c150204add2b,8000387,7998487-8098486
0xe23c0caff82c9e81c4eefb7a080f522f6f54b131,8000387,7998487-8098486
0x51e1d9e53d713c7d00d84fe0a6dee7b568acf1af,8000397,7998487-8098486
0xbe9a11f051a78451bb534d23cae9d2e4321e10b4,8000407,7998487-8098486
0x0fe97bb4bde4d0c796c6d085db17c2ae5e785858,8000417,7998487-8098486
0xb981b38abd4700a65f362f1b4e7f2b7e6020d57a,8000427,7998487-8098486
0x17ca2843aacec5399a1b0443eeda04c5fdd0d98a,8000437,7998487-8098486
0x34c4a040b9849e38e2920bc5691643edde440545,8000437,7998487-8098486
0xd01728e05f741c85ae743a216ae7f511f34ee747,8000447,7998487-8098486
0x7d3b88e22725216a2c3cfff54db4589b6dfd2856,8000457,7998487-8098486
0xee7d2069269aa17557ad07d43e7b83ad356545ce,8000467,7998487-8098486
0xd66efb8d84e4456242749a9444d35e6f0df1a6b1,8000477,7998487-8098486
0xa12be66dc0c7f33050692b7ccf44723454e5c1a0,8000487,7998487-8098486
0x76074895cc1271a952a28d3773e0874546dd1f84,8000507,7998487-8098486
0x456325f2ac7067234dd71e01bebe032b0255e039,8000517,7998487-8098486
0x7a766f2af737f6712c4dd49f0a9ab35a8f8cab2c,8000517,7998487-8098486
0xdc15906c393e015be9fbf3c82a81ba6d3df7ea72,8000527,7998487-8098486
0x4fb65d7476878ea051be77d5de7cc57b19fe4d9b,8000537,7998487-8098486
0x71f0bd5fed01425d22b2a73d1b48f32783e623d4,8000547,7998487-8098486
0xb79a4f5828eb55c10d7abf4bfe9a9f5d11aa84e0,8000557,7998487-8098486
0xbc79b3dffb6e0d663a19489c702a9844ab6138f2,8000557,7998487-8098486
0x2275fe0244d75b42dfcf1774f50c7bd83f6e163d,8000567,11998487-12098486
0x2b341552cf6f9665f4778e4215261d75732e860d,8000567,7998487-8098486
0x486a63d4abfef85957f40bb39aa14c88af445f58,8000577,7998487-8098486
0xf59ba50708b621a7641875b853ff2d1b3c4b8916,8000587,7998487-8098486
0x3884d390da7000b2646cc05b53620f9a3f9cc004,8000597,7998487-8098486
0x9ca67abe4e8d2f36ec6642f30dc74a8f566ec358,8000607,7998487-8098486
0xa40b2cf0a1380249b0e0f6bc62bba5dc46518449,8000627,7998487-8098486
0xe5a2bfa394dcd6dae0d41f7b63257642305c6563,8000637,7998487-8098486
0x06d1bd45caaa2881abb78c8111541bd0b192abc6,8000647,7998487-8098486
0x7b9a092c44e99d743de93ca179865c7f5e6300fa,8000657,7998487-8098486
0x4a96b3c84adf928a4919eb4c53680cf9a8faf125,8000667,7998487-8098486
0x89d58350332f0369724dd996a4bbe6b0791cf079,8000677,7998487-8098486
0x7f45ca0113ad7bf550178090f48344b842569c48,8000687,7998487-8098486
0xc406acfdd94a83ce225c23be87658806c34fc2c2,8000697,7998487-8098486
0x0d3600350a87637c12071245978027bc201eae12,8000717,7998487-8098486
0x788b7bde4550724cad3977bd3551959d33303b79,8000727,7998487-8098486
0xbcb63692ec87e7d7ed5c3ef0127cc4550914323d,8000757,7998487-8098486
0x3de18fe2909ee39448df3b21ef7a77a0cf2c37f9,8000767,7998487-8098486
0x898a64dee4a09d3d501752351b3e626c90419049,8000777,7998487-8098486
0xd9d74a29307cc6fc8bf424ee4217f1a587fbc8dc,8000777,7998487-8098486
0x6d76fc749e861ebcff3fb79b513c21b0f1c998ba,8000787,7998487-8098486
0x17648d62f219569413e56be71e86ed37ce51de29,8000797,7998487-8098486
0x4f24e181f9ba357aef2699664a744512ec5d3c59,8000817,7998487-8098486
0xd5b0bb3c6bf7b6d33d0dba23d433c4050fc8cd95,8000827,7998487-8098486
0x677ce8978c2d66fe154bcedd93c6c869806ee42e,8000837,7998487-8098486
0xa375b70687490dbdd8a95269e15295ff8ee84605,8000847,7998487-8098486
0xec125911912039f9993d229e67a20fd80947e317,8000857,7998487-8098486
0x8fc18ce3fbefc308e67122e76587c3bed4fd2648,8000867,7998487-8098486
0xf1ac5ed9a15ef00b71e46a0d9a5cb0a6a1bbf002,8000877,7998487-8098486
0x169f917dd97f3fcf70ed4eb2922a5e839e7ecee5,8000887,7998487-8098486
0x354321eaa60588c148195ae26de875b82710e2e3,8000907,7998487-8098486
0x51e225543610ad0189eb1e24a2da744dc8cf74e0,8000917,7998487-8098486
0x3b78637e124f302ca73257ea6babc705ac0208dc,8000937,7998487-8098486
0x37c65585fb90f9f0f2e59dc31d4759b40e500f8e,8000957,7998487-8098486
0x5a75cc8d2d7c20bcc1e28f0d6f69681193c6cf0d,8000967,7998487-8098486
0x6d631c0ca4122dec49e196d688a6f59343098504,8000977,7998487-8098486
0x2e5b44076d7fd55011f69faf17ebeb15152df4e3,8000997,7998487-8098486
0x40bdb014c65850a7250969e209f09774cf340164,8000997,7998487-8098486
0xc420494234557ea88be4e32afe4b987c3aacf219,8001007,7998487-8098486
0xe9c7f3196ab8c09f6616365e8873daeb207c0391,8001007,15998487-16098486
0xadcc4b1424baa396393e55b1b5c5549eb4a75a6a,8001017,7998487-8098486
0x2169ec73eeb5287ed3180b401b6383beaf5a2011,8001027,7998487-8098486
0xf84ecc462f2c27b1a561b27627a088a86f2df836,8001037,7998487-8098486
0xd0013136b2f089de18d796caabe5d63062233f80,8001047,7998487-8098486
0xe234d12cf319d0a459cf1016d2ab825bfe4fbfcc,8001057,7998487-8098486
0x16d329e3f64068009be1c6959d97efba5ad32d4f,8001067,7998487-8098486
0x25e61a942331788d6122d7862a2d3cb2ea581138,8001067,7998487-8098486
0x2790994715141617b8e75c0079456d0ed78a6d51,8001077,7998487-8098486
0xf165a9793a270c1347badf883f48c36cb5e2310e,8001087,7998487-8098486
0x2acc5fd4d5a83f8bac6228a1b8e7b6c51936a0cd,8001097,7998487-8098486
0x1ac3b43a6b189bd603ba3d046052f8a1a93daed6,8001107,7998487-8098486
0xd3f75b4267a793446d06ae7eb38b08324a570109,8001117,7998487-8098486
0xb6448286aa38512ac43ea4cb5b5c3e2661d6b029,8001127,7998487-8098486
0x80855f00b4ecbe4a5dde2898f50c4122d9bc25dc,8001137,7998487-8098486
0x630eaf1754e9494f2f449179de63e7a0a098c6fe,8001147,7998487-8098486
0xef4e8204ebc6fcfe661d71883a83295f9d7e46be,8001157,7998487-8098486
0xcfbfbd52f0ae1d4747cae4f87767619163c853fb,8001207,7998487-8098486
0x6be283c5473c7c95fa1730077be80eaa71611777,8001217,7998487-8098486
0xc4a5bd6d250508019f2a970fd1c42c3658cce84b,8001227,7998487-8098486
0xc32c384b6ed8745cafdb858353ef34f6eda200c4,8001237,7998487-8098486
0xec6f6272f55624d26677b3d50950a9aef974c337,8001247,7998487-8098486
0x10bd8e673aebe11812fb3603fb50b55477628056,8001257,7998487-8098486
0xe54858e4643346c4152e9c176461dece53626df2,8001267,7998487-8098486
0x3b1df4f6067505e445e7b48b4c09593196865b68,8001277,7998487-8098486
0xf52cbefad898a6c3965a9069c0b01278c9ce6a3b,8001287,7998487-8098486
0x9aadedd9ea748be7058376cf36414d052936617e,8001327,7998487-8098486
0xfa4f08c84f6e7a8175535479745317e85bfbc9a4,8001327,7998487-8098486
0x11fb29f1becc5ec8b505012e8bec11f97bea12c0,8001337,7998487-8098486
0x7144ef4feed3cba1973593391d9615711f5903ff,8001337,7998487-8098486
0x517e6642ab1993a95832662ab1f409c8ed173e96,8001347,7998487-8098486
0x142a62a6b8d535d2c4f7d0e1636d31ec55a2f86b,8001357,7998487-8098486
0x597af78d5c73c57c992068075ddcf0160b73bcf9,8001367,7998487-8098486
0xd0e9b3c1034be492fd299e05e89a5aa868a80553,8001377,7998487-8098486
0x180d2d77c11de9f24c0064ffa04a36d0ef0a385f,8001387,7998487-8098486
0x12033ff8ef6e3d8c8da6df70f94399396867048b,8001417,7998487-8098486
0x19af9a019e67ca5f6d2608b24ec8cf9e095af3c4,8001427,7998487-8098486
0xfac79f844d2ddbc6341934d80aa7bcada64d1a8f,8001457,7998487-8098486
0xd9e93e29066eaf9ef9e7c37475e70caf225a8522,8001477,7998487-8098486
0x169dde50fe1b02ddf59eeb199ba4182d0893f42d,11998547,11998487-12098486
0xdedc1117be920b520c82d5af76cca7e5b2048dcb,11998547,11998487-12098486
0x1a44076050125825900e736c501f859c50fe728c,11998577,11998487-12098486
0x57bffa72db682f7eb6c132dae03ff36bbeb0c459,11998627,11998487-12098486
0x77567899c184d19572dcc82745194eb304559c27,11998627,11998487-12098486
0x1231deb6f5749ef6ce6943a275a1d3e7486f4eae,11998727,27998487-28098486
0xa4a436bc988e893cf5135f18cb4b186600433d53,11998727,11998487-12098486
0xb89a6778d1efe7a5b7096757a21b810cc2886fa1,11998727,31498487-31598486
0xef3a9115ddc79d17ec41ae3a0cdfb791a9ec45be,11998727,11998487-12098486
0x537ada04c0d8502bdd2393d4525e3587ff2b2999,11998737,11998487-12098486
0xaae58d86b483d0cb6dc1ceadb7b6c05a0ed73cf0,11998737,11998487-12098486
0x0c64ac69c95251e0f75d89a43006449414deba3c,11998767,11998487-12098486
0x479caf1e9555458782a76615122468e2c8d6ceb8,11998777,11998487-12098486
0x56b1b53df5881745e18fb8f4009888b829496a26,11998887,11998487-12098486
0x5c8e02921ba4b59908079566dc8cf4f6d8e108e0,11998887,11998487-12098486
0x68286607a1d43602d880d349187c3c48c0fd05e6,11998887,11998487-12098486
0x85e00036f461c46256ccaaed19839e2107a3884f,11998887,11998487-12098486
0x3a88b3f4495cb7d4e3b87bfa6cdc8dfb2103a173,11998897,11998487-12098486
0xe18173b6e3f018a66500e719ecefefa97ef92032,11998897,11998487-12098486
0x060055edd929c41c6bd5af6abb262c5487821da1,11998917,11998487-12098486
0x2f15b21b2b8817749648ccad53025cdddea40d1d,11998927,11998487-12098486
0xba45f2cb29dd2b5255aee3c7cefa5aa0ab677819,11998927,11998487-12098486
0xe10add2ad591a7ac3ca46788a06290de017b9fb4,11998927,23998487-24098486
0xe12adb411efec0513a5eae5d37d6e0d06d9b7ff9,11998977,11998487-12098486
0x9a6f123801e435d098ebf1b15c1cf1c185487fc9,11999007,11998487-12098486
0xca8dbfc66557ba2adcb4b726671267e3130be7ae,11999037,11998487-12098486
0xed0ea1872ee75ce9f0ac663078140719a419fdd0,11999037,11998487-12098486
0x4e91018730352f856b7bc487d25e6f97d3870295,11999047,11998487-12098486
0x71ad49ddbfa18b312a2e32a871549ba4fd18300d,11999047,11998487-12098486
0x1c200097c84ed5a97a3d7e10c2ea61a11523e78c,11999057,11998487-12098486
0xd551237a5bcb034e372082a7edc5201849bf5464,11999057,11998487-12098486
0x567b6485ef56063e84584ffac8cc3bcbdb134fcf,11999097,11998487-12098486
0x04f864d5401989e4d5d9da07a4fd2936666a1d70,11999167,11998487-12098486
0x31323909d0026e368d8bf3c68a1caafe8a9d4b09,11999167,29998487-30098486
0xf7faff5c982ce9049bd13f3a82fe2aa429ed45df,11999167,29998487-30098486
0x12a007edb6beb5a7d98c1c667e19200f2fb03542,11999187,11998487-12098486
0x565a740466a195f9b2ca10cffc917a190729cdd1,11999187,11998487-12098486
0x8ea4e052356cff0052a37d33c5fd2965cc5de729,11999197,11998487-12098486
0xddb6fe52bd896f12b35fe03dbd012cf349de6cea,11999287,11998487-12098486
0x407ebed204bd3af7665447961c2ae69b099cd934,11999337,11998487-12098486
0x590958e5aa458b0d5c405c416cd7db07af5471f0,11999347,11998487-12098486
0x24ba8e6ea8c32c3a482e97c62647839b0fecff10,11999417,11998487-12098486
0x3eb6347f6282e78f778c23c97e8657f5ee5378e0,11999437,29998487-30098486
0x5523985926aa12ba58dc5ad00ddca99678d7227e,11999437,31498487-31598486
0xc46c2b61f3affb61732b462c6cb6062f5e93a77f,11999437,11998487-12098486
0x6fb57d194bd89cf54ada268f87ba7b0c73548dc5,11999447,11998487-12098486
0x7cda4b76a23765abf123929af2a8c8ca9c4d76de,11999457,11998487-12098486
0x80d02303ba0088cd807acd98a6364070a726624d,11999467,11998487-12098486
0x79a99f6952a1c472e5f7c0c7653fbfa79ead3bb0,11999527,11998487-12098486
0xea034fb02eb1808c2cc3adbc15f447b93cbe08e1,11999527,31498487-31598486
0x8fa66b0f585a4286ff692c66b7f19e748eb3c897,11999557,11998487-12098486
0x55bed010b0d569e698b002f9d3bd1b2e95d11b02,11999597,11998487-12098486
0x420b0310ab61aefa4c15b072f03aa738a18d5d84,11999607,11998487-12098486
0x84a7059096a393f09f3d3f5771e4f25e2d1474ce,11999607,11998487-12098486
0xbc59506a5ce024b892776d4f7dd450b0fb3584a2,11999617,11998487-12098486
0x568810b7d72be40ed21515a445a1606daecc93a7,11999637,11998487-12098486
0x98bb79abec7315a069a223d38767bc675b6fb212,11999647,11998487-12098486
0x1a19f3662662319914290b1ae17deb1b3f1c814a,11999657,11998487-12098486
0x45ce6ac9f21eaf1010f9839a4da09a7e35c84eda,11999717,11998487-12098486
0xc30d6ef0db79555296118b1bcf5b578268bb6206,11999767,11998487-12098486
0xc15ab7d37312cd9ef816b8914d8dac64da2029ee,11999777,11998487-12098486
0x463215eba5029dfeb93bce8e59bb3d73c53413bb,11999787,11998487-12098486
0x6dd434082eab5cd134b33719ec1ff05fe985b97b,11999787,11998487-12098486
0xdead4cfa72e54efe8be351765583a9d7e16a11f5,11999797,11998487-12098486
0x12d41b6df938c739f00c392575e3fd9292d98215,11999807,11998487-12098486
0x1374b1e1d26e095226ecc914567924cd6e0825b6,11999807,11998487-12098486
0x1e7e4c855520b2106320952a570a3e5e3e618101,11999807,11998487-12098486
0x8bfae28463c7029c57f0baefb98b29e564dc2e02,11999807,11998487-12098486
0xdf726df2a7f98db5b2a4480cb6e7e3ca087936f0,11999857,11998487-12098486
0x676d57b310b7d3b95a62f72a116b31fd36528361,11999887,11998487-12098486
0x819d1daa794c1c46b841981b61cc978d95a17b8e,11999907,11998487-12098486
0xa1283278e8dde0bae62340331562e1e2398b6f79,11999907,11998487-12098486
0xf402a8650395b3958a388735c42549d3ef034a07,11999907,11998487-12098486
0xc8fa67d010eab938e59f433f9ce792dcaebd6f0f,11999937,11998487-12098486
0xfe681cc246c5eb36626557034ca0ae290ba66f61,11999947,11998487-12098486
0xc01fc624e1a892f695f328ddd4be2f3fd63c4b81,11999977,11998487-12098486
0x2e0d668dc046011e98b3dc8dedbb69ad214afcb7,11999987,11998487-12098486
0x2a402a12723457ce8243a70b63f745c462bd11f9,11999997,11998487-12098486
0x0ce6c85cf43553de10fc56ceca0aef6ff0dd444d,12000007,11998487-12098486
0x710bda329b2a6224e4b44833de30f38e7f81d564,12000007,11998487-12098486
0xe85467d882bf7cf588a5c4951475c0ee11d7849d,12000037,11998487-12098486
0x1024c01ec70637ea31e9fb661f625aefd6105d81,12000047,11998487-12098486
0xc0732402db7154a97d855462a9c52269b3dbe05e,12000047,11998487-12098486
0x34cd5c5cbbce319f3a94be0b8d721b273b3ed75c,12000097,11998487-12098486
0x41a96178e30698311f0e0c25e0b0c7d4d775e7a4,12000097,11998487-12098486
0xccc40cf48ac0d8de33d6daedd3886c8f4bd34ca2,12000097,11998487-12098486
0x18336f52a5e4ce6e918b43f7722a182195653ebb,12000127,11998487-12098486
0x3b17f4c26a80a3bfcec1cc0d03615ba02a104556,12000127,11998487-12098486
0x27057fea00c29315cc2d7ae2cc0fb6edd7a63584,12000147,11998487-12098486
0xa63780db766f5932ae1fcd11769e6786f327865b,12000167,11998487-12098486
0x3a79899c85560bad85accb19bfd51b6a3c72dd86,12000297,11998487-12098486
0x2162feb49e9efe2506de3273f4edabe09d36cbaf,12000307,11998487-12098486
0x197ba6364c9baf7b38833033f2df78b17244ab35,12000347,11998487-12098486
0x25ab3efd52e6470681ce037cd546dc60726948d3,12000347,29998487-30098486
0x54bfa9356b806cdd44dc8468187b6b58c02c55a2,12000347,11998487-12098486
0x666d6b8a44d226150ca9058beebafe0e3ac065a2,12000347,29998487-30098486
0x46b4edaa761ef8d2934e9f7aaf32b5bf2c9c9f67,12000367,19998487-20098486
0x5e809a85aa182a9921edd10a4163745bb3e36284,12000467,15998487-16098486
0x061ce8e11e2df5d502872eddeeb4cb407c4163c7,12000497,11998487-12098486
0xaae3301debe54146a49f279a96a5d3ddaf8cc78f,12000497,11998487-12098486
0x4d4872fe2d6b8a6297e77510ffee4ee7c4b274bc,12000597,11998487-12098486
0x775833805f8d10451d3171c1e76f071f18442283,12000597,11998487-12098486
0x1c33c5cf20c9b72d5678b15ebb8dac39b18f0b73,12000647,11998487-12098486
0xbde37f8573e3b85b38fa242bf18e1009ae63fb95,12000687,11998487-12098486
0x3debc774173b0a67153929f530a12f6ee0e2fd87,12000697,11998487-12098486
0xdb985b093560de5501d696f637f21cbcb30b8c7d,12000707,11998487-12098486
0x777354a5bc730a30c825f1ed00795fe324d793c7,12000727,11998487-12098486
0x5e433452131190aca78ec7a7506f2c34d061d0de,12000757,11998487-12098486
0x525868063dfb084a3542e2dfeb60d81e21d79c31,12000777,11998487-12098486
0xcc6584b04beb68a2ef29971449f58750cb715c38,12000817,11998487-12098486
0x225403378ba822ad5698786bea7936efe2e0a6de,12000827,11998487-12098486
0x3818258d808c1ccb256a73845b4fdf9ccb8e1895,12000837,11998487-12098486
0x980a5e3d0e980789a83fbe5a79194e8ec564d247,12000837,11998487-12098486
0x37eaa0ef3549a5bb7d431be78a3d99bd360d19e5,12000867,31498487-31598486
0x5394547d906e5c01ad3dae5097f364c17e5f2e26,12000877,11998487-12098486
0x6bb4046468b02faf13331052581d9e2970f85ed5,12000887,11998487-12098486
0xbf6d4e92b0af5eb22b45018ef0c345ee91a69eb6,12000897,11998487-12098486
0x21979fb69b48d8775777ea1149eb720cd80cb477,12000907,11998487-12098486
0xdcaf5177b7da57c31d3cfda4d100822b4406daac,12000947,11998487-12098486
0x358677b74282719a3af28384d79c4ad51ce7f403,12001017,11998487-12098486
0x04c55ead7c087746c0b259ae7a2dd58d68108899,12001027,11998487-12098486
0x3df9bb53841455f5b0c499db98a5f8bbfb1e2d8a,12001027,11998487-12098486
0x6b2c0c7be2048daa9b5527982c29f48062b34d58,12001027,15998487-16098486
0x761313003d2a21f5bb5b5f8ac138ad7a703aa9d7,12001077,11998487-12098486
0x0000049f63ef0d60abe49fdd8bebfa5a68822222,12001107,11998487-12098486
0xa69fe25ebb47816dc46bbfc5cfe8cf2b0e0aebd8,12001107,11998487-12098486
0xb4c23dd2c7c66b2b4f1f7d2635a31aaccc2eba9f,12001107,11998487-12098486
0xc20726a39f6c4afb81451786aafa473f199ececf,12001117,11998487-12098486
0x431ae3daa822837c8fdaf0119d6d3a2bac9ccd36,12001167,11998487-12098486
0x861c2d4767a71378e3ae58f2cfc1a7829c56a0f7,12001187,11998487-12098486
0xc972f98905aecbb2fa74d09742f92f698993fb5e,12001187,11998487-12098486
0xea4b156056be504f37bedcb0c19ddc2a8519a72a,12001237,11998487-12098486
0x09b96417602ed6ac76651f7a8c4860e60e3aa6d0,12001247,19998487-20098486
0x3a464f746d23ab22155710f44db16dca53e0775e,12001247,19998487-20098486
0x3bf58c1c5d580b8016b44ad9485e59f2be988843,12001287,11998487-12098486
0x865d7eb5db37cc02ec209dd778f4e3851a421a20,12001307,11998487-12098486
0x87a83a26c2385f2a7eb0a88a1ba1e410d67bd47c,12001327,11998487-12098486
0x66ef66871c036bcf471f6266fb220059ad1019fb,12001337,11998487-12098486
0x299ac951e72ef94aa229cb484c5afa2934ef1395,12001367,11998487-12098486
0xa204b007323f8dad66173717d792fd3dddc0e767,12001367,11998487-12098486
0xc21e4ebd1d92036cb467b53fe3258f219d909eb9,12001367,19998487-20098486
0x76242c1590701beb28276db6bec9ac6b711f88d6,12001377,11998487-12098486
0xbfa2f68bf9ad60dc3cfb1cef04730eb7fa251424,12001407,11998487-12098486
0xd46f8e428a06789b5884df54e029e738277388d1,12001407,27998487-28098486
0xfc5049b46f2a5cb7e37a97bd031e7e0b5dfc6ce8,12001417,11998487-12098486
0x8472177d6880fe20beb490348f37a46fd32da02e,12001427,11998487-12098486
0x216f92ac691a73347467bd6c487f5774081fc587,12001437,11998487-12098486
0xbf177d16b827d657c691d7f38b55125d2c08a752,12001437,11998487-12098486
0x33ae7167ce88f0e319e43c42821fa6845e7d1825,12001477,11998487-12098486
0xd600d94d0812f7edfa47d0cf02a767b1dd14a01b,12001477,11998487-12098486
0x946ecf621433c65fa4b95c2c6b67fc22990c7a4f,12001497,11998487-12098486
0xec7b710e6b3c71128ac5aa52c05f222323c826d2,12001507,11998487-12098486
0x0b91ce508e40f0718cde07681e69c6b5d9c55f97,12001517,11998487-12098486
0xec34632e168392baed062d98ff2fd54bafa3138c,12001517,11998487-12098486
0x73b44fe3dad6d33fd64e57e78e2352174dbb35b7,12001547,11998487-12098486
0xc976c68d789762605716b374d6b66176bfe4943a,12001617,11998487-12098486
0x1f5a92e27532bf843358f94c2e39e24364d8ec48,12001647,11998487-12098486
0xca68ad4ee5c96871ec6c6dac2f714a8437a3fe66,12001657,11998487-12098486
0xfe744aef67324ccb15819206c3d91f2e58d53e4e,12001657,11998487-12098486
0xdbe3fa98db1b2854bfec8b51aebcabd1de84bdbb,12001667,11998487-12098486
0x138739bb3b667fde5a0181f28f556269c98204ce,12001717,11998487-12098486
0x7be47925b5b44c9f713dbac829cc3f63854df235,12001757,11998487-12098486
0x81cf978d7b04b292b9c0d973b2c64bd9367c84b7,12001757,11998487-12098486
0x8bf9bd6008389ec5501d6a28c40ff492888e6750,12001757,11998487-12098486
0x54f4dae412b63363bf09cb82412faa4370b1f6d1,12001777,11998487-12098486
0xa2c623cf0428603171f08a3532d6901478a95e80,12001777,11998487-12098486
0xb5b7644a0e8f1fd12040298eacf8012ae96158a2,12001777,11998487-12098486
0xea2da66b144f8d49507888338e8ca3e0e8ab1327,12001787,11998487-12098486
0x7b3c2f153055d9cf69a8dad7a233953d894d40be,12001797,11998487-12098486
0x2687a83c367541913e80113bd457dc2f04a512c7,12001837,11998487-12098486
0xe0273a4997f6288b6402915ccffb17a36f001f7f,12001857,11998487-12098486
0xb07546ff77f3ac41bdd309b9424c6da02493014e,12001867,11998487-12098486
0xe45dcee0f553b35b6005e5c787ee916a20c24700,12001887,11998487-12098486
0x9afdab8f7746528033b1fe2f568c5157aed4f6ad,12001907,11998487-12098486
0x3f04d7a7297d5535595ee0a30071008b54e62a03,12001917,11998487-12098486
0x45b3b34b53d7eb530a9eaa5a707f8217f326bbec,12001917,11998487-12098486
0x635fed9fb6764cf8ee6416e5d554c93f773dbb9f,12001917,11998487-12098486
0x2b874b1fc0139c871d2a6e827839275e1a525b2a,12001927,11998487-12098486
0x8f66454d51302a764ecb9249d0e5df2e120ffc12,12001927,11998487-12098486
0x639c0e5bf82dced5cacd13e4e5b96bc8147deff3,12001937,11998487-12098486
0xf74c600639cc55289c46c966cd50d74f10863f1b,12001947,11998487-12098486
0xd5dbb9e213545a4d8248d671bfcf6e5fa6e72faf,12001977,11998487-12098486
0x9a66644084108a1bc23a9ccd50d6d63e53098db6,12002017,23998487-24098486
0x29ccd4879b0b483e37a243aa9da0b7c73d43009f,12002047,11998487-12098486
0x6d8c696c1b0768fc4c9222b95733b5d29493dc23,12002047,11998487-12098486
0xe4dad51806277cdcd637e2d02179ad3586ad43cd,12002047,11998487-12098486
0x678aec0675ad24f554e2112a90a89dd0290f02ce,12002067,11998487-12098486
0x89ea43908455b6021167482c82d0cebc31dbc2f7,12002067,11998487-12098486
0xf7bfbe133da945859e429243024a8516f0060ba2,12002097,11998487-12098486
0x839c027218686f6bf5a63c46325548d9be4dd85d,12002137,11998487-12098486
0x2098bf8e4afa9d5a73152e66cbb647e1194f9a43,12002147,11998487-12098486
0x6d956721f28b5b88c8bf7dbb1dca58101625081a,12002167,11998487-12098486
0xca063cc642797a955e9a9066f41f714567af6e6c,12002187,11998487-12098486
0xcabf0b8cc4e81c505756e7e420b775a737478d74,12002187,11998487-12098486
0xb8fbc6e2d113228f961e52c3bd23a70781b3786b,12002197,11998487-12098486
0x6c480a100eeed2e0e64f66392c396c57a91527ee,12002207,11998487-12098486
0x339d413ccefd986b1b3647a9cfa9cbbe70a30749,12002317,31997487-32097486
0x5eb6b3db915d29fc624b8a0e42ac029e36a1d86b,12002317,31997487-32097486
0xc16b76c25b60e5970ace61c719ca263133ccc1b3,12002337,11998487-12098486
0x4f6e39732519f4d1f6711a698dc7a3d03bfa8c71,12002347,11998487-12098486
0xc5015b9d9161dca7e18e32f6f25c4ad850731fd4,12002347,11998487-12098486
0x74cae0ecc47b02ed9b9d32e000fd70b9417970c5,12002357,19998487-20098486
0x3d18bfb2df52e4a4232404973b27551c86335d93,12002367,11998487-12098486
0x52bfe8fe06c8197a8e3dcce57ce012e13a7315eb,12002367,23998487-24098486
0xd6242960d6c232b68845453625e581dedb51c1ac,12002367,11998487-12098486
0x224666e416479a97aa76d77285be8443a35bff04,12002397,11998487-12098486
0x510281e06424f99004490f825bf1237332221f89,12002487,11998487-12098486
0x18c3f240482d51ae9a38f590cc72f2ffe4a9a9af,12002507,11998487-12098486
0x7dc59896e2d2117cfa10ee52fc9fe0f692b36ae3,12002507,11998487-12098486
0x1daa4f9e8f68b71541ed4eb08f496c8e591a6bb5,12002557,23998487-24098486
0x8ff6508bdd71b535df073920c423e9eaee0b97af,12002557,23998487-24098486
0x7638f0279d679af2c01718e3ce8e4b112a3780c4,12002567,11998487-12098486
0x5c981bbc7d31f546bfd5d490b26f1ce7e47b6e74,12002577,11998487-12098486
0x88ef131fe3158a67443d76e8da5f3055277632fd,12002587,11998487-12098486
0x094890edad05c0ee51deab79f995d57dfc09eb99,12002597,11998487-12098486
0xae7e6984085a24d594213e4905e5da224dfa064d,12002607,11998487-12098486
0xf39ff1e8781c0cc7c714b78d73630f6b9ddddd5f,12002607,11998487-12098486
0x9fe77412aa5c6ba67ff3095bbc534884f9a61a38,12002617,15998487-16098486
0xabfb07f25f0a424f8d117013fb3f5dd0b39328b6,12002617,11998487-12098486
0xca89dd379d575691ca2225d1623f2413fb4f70d6,12002617,11998487-12098486
0x37e4d7a8801319117f9b0a92fb3419d22092144c,12002647,31997487-32097486
0x5890f29be721a6ba1ea94e36c68a82c07467ab8a,12002647,31997487-32097486
0xbc43dfdec65cd7031cd4835ad23efa4b728c2e83,12002647,31997487-32097486
0x5d8cff95d7a57c0bf50b30b43c7cc0d52825d4a9,12002657,11998487-12098486
0x14a22ac5d7638c5d3385765e8542ed351682d427,12002667,11998487-12098486
0xb849edebba22bd6c2d6771a117650828989fe720,12002677,11998487-12098486
0x9e024740ba76bb61107696181f49f660564234e1,12002717,11998487-12098486
0x0917dfded7bcd98ab3b3b2a06c8c630207d52f58,12002727,11998487-12098486
0x095fa8e3cde03d08d1c113077ecbd09cdf818f90,12002737,11998487-12098486
0x34eb5eb6b547a95f4d3dda3b3aeba484e9d20af1,12002757,11998487-12098486
0x693b7d22fd48a5e571db748cb921ef1df47d4b49,12002797,11998487-12098486
0x3c4108b980beec4a0b120a638bd52c5788186dd4,12002807,11998487-12098486
0x9e66eba102b77fc75cd87b5e60141b85573bc8e8,12002827,11998487-12098486
0xc7d919416012766a889e681ad1c50447f5dd27fd,12002827,11998487-12098486
0xef54733d89d5d0406b2ebd797555fadd42cab789,12002827,11998487-12098486
0x124aa56c754024cbae9993f48e4fea5736d09469,12002837,11998487-12098486
0x0073e2f1b89a29c37e9c809d716e15ff91b58d9d,12002847,11998487-12098486
0x115c50b9666d4020d81d2b0f112f6fb0f0e37ac7,12002847,11998487-12098486
0x48d74cbfc464aed35fe77bd1b9bfb79af5184d22,12002857,11998487-12098486
0xd67cea2879e14a5c43022f68552078ba259c0d28,12002857,11998487-12098486
0x34fae97547e990ef0e05e05286c51e4645bf1a85,12002887,11998487-12098486
0x50a86759d495ecfa7c301071d6b0bdd4bd664ab0,12002887,11998487-12098486
0xba64636c817bd4e7ad39977363c8ec7d9e57f8eb,12002887,11998487-12098486
0xb060457dea4d4a90623467a905dca503997af3ae,12002937,11998487-12098486
0x973d6b30fcb1fea724a2cdf0a4a873be236acc13,12002947,11998487-12098486
0x13c385a2aa976b637d2a701dec0e2479cdae3bb7,12003047,11998487-12098486
0x1e223e792aa6b68d6cf6603ba853b4da85dbfa86,12003047,11998487-12098486
0x6c65599ef895f6fa06f2ff1ff5dc27cfffa96db3,12003087,11998487-12098486
0xa1343bc05bdd47d2e0cd14bc7499bd2fd976f1ed,12003137,11998487-12098486
0x374c48f4a3112b60e7877d0dfc99b66b79a94e69,12003207,11998487-12098486
0x120ef59b80774f02211563834d8e3b72cb1649d6,12003237,11998487-12098486
0x270d5c4d15960baf120d177b2309e92e58bfad3c,12003237,11998487-12098486
0x6c8dc657f835456829e0399e21e31b0369d82e40,12003237,11998487-12098486
0xba12222222228d8ba445958a75a0704d566bf2c8,12003247,19998487-20098486
0x7f7bf36632a530f575490bbc21a846c4d6770d53,12003307,11998487-12098486
0x42901a3c2d6f7ac2c85a0804114a0d7e2077f863,12003357,11998487-12098486
0x74e1d68ff9b267e48126a9d2289c8598e295fdac,12003357,11998487-12098486
0x17804628afb4d03f32dc001ba2ab6e2cb18aea49,12003397,11998487-12098486
0xddd1fa4e0f7484e79ca9afa9d2fad6e47e8ae24a,12003437,11998487-12098486
0xf855dac824471272f3ab0ebea04263cd0d7a27f7,12003447,11998487-12098486
0xea522fe96eee54d4cea09caae51baf8bc3d31303,12003467,11998487-12098486
0xe288f45bbc11f8bb278ad02aceed571310294d0e,12003477,11998487-12098486
0xda627fc2749107a60755a9f8ed037d0baba79e1e,12003487,11998487-12098486
0x793273b456bdce672238f3fee3ca54b2748e6bbf,12003517,11998487-12098486
0x79de4f8534d76be89463695704d80cf61e34ce8e,12003517,11998487-12098486
0x8d08e81a68e4afdd9da619640b4563f682806ef9,12003517,11998487-12098486
0x693c1da8492da538b2dc4fa78bb8b0651656d79d,12003527,11998487-12098486
0x17fc3813d8761eab20e8d16ba7d38b92547dec91,12003567,23998487-24098486
0xc1ab9b690bec04a955cc0cf005e32ef80299314a,12003597,11998487-12098486
0x46d963a229caf05ff4afc14b1b35105ab777e846,12003627,11998487-12098486
0x4211b74e881d45cd23d00078fd0e714a0843041d,12003707,11998487-12098486
0xbf00a98e08ac1079d7574829f7ace1741f992613,12003707,11998487-12098486
0x4727dbfb6938a62e2b80c45e19cc7eeb0bbdb9d2,12003717,11998487-12098486
0xa6e562e5d24feca0fb1c690d9834e52de0cb51b1,12003807,11998487-12098486
0x339defa3ea1b5a08bf6ecf085488fed7f424f699,12003837,11998487-12098486
0xb073ac8e703123eb457ed6520683c6cd5c402870,12003847,11998487-12098486
0xae9b55a2cfc6054ed1b430ff8de1bd84a44204c5,12003857,11998487-12098486
0xb9c65798359a8431f4861392167a9b8db518ccfe,12003877,11998487-12098486
0x6745288f82b5d48289f8740596241b761cb78b2c,12003907,11998487-12098486
0x60292ee7ac453105b4e1f9893fd2193a953838b8,12003947,11998487-12098486
0x71ad504027c2163668e12f086f5201d3ae605800,12003967,11998487-12098486
0xcca6f0a4d87d6baf8224844b71e97fec57b42c5c,12003997,11998487-12098486
0xb9eb31acc71558bcd765dd1637084483ad5846da,12004067,11998487-12098486
0xccd1f417534f35959cc91cf51e36bbc5582a9a4b,12004117,11998487-12098486
0xfa2187f9325741e1f96c00a524f6ad5d7e8a7238,12004177,11998487-12098486
0xaeda7b7b834a07df5401e195a8910a84c7493bf9,12004217,11998487-12098486
0xe322265d0211b7a45a747a7ab7c6b6db843d2dc2,12004217,11998487-12098486
0x81ba1c21286b22bcd165bdd076b1b9244d5f2da9,12004227,11998487-12098486
0x89deb2f7f0acd975a31107b252113c7903bbc326,12004247,11998487-12098486
0xd3ef989c0d7ea8daf8876f49a76564804a1619b6,12004317,11998487-12098486
0xedc03c234882fa785e7084b2c7e13bc8b7b6a4e3,12004317,11998487-12098486
0x199f9e430c2970832f4483ed0013abd8d247715d,12004347,31997487-32097486
0x4412545af27ef57d8ba9931099c870b566210baa,12004347,31997487-32097486
0x96d60f471b394fe38d2ac9687b2c9dc05a055b53,12004347,31997487-32097486
0xb580b8e1d3eb850ac8f657532a840dc49c2d1567,12004417,11998487-12098486
0x17b2340242f5b529e559959a5d1b726d4bbdbaa4,12004447,11998487-12098486
0x2ae69f6c8f285bc7560abd2a08a8bb0ea44f9690,12004457,11998487-12098486
0xc0b05248197ae986fa1e54733dbf389f468e97cf,12004467,11998487-12098486
0x587f47ed1096d2de800dd93a40a0f146fdd38307,12004477,11998487-12098486
0xf57cb671d50535126694ce5cc3cebe3f32794896,12004477,11998487-12098486
0x501c094db0d04b1a0eaca9d47cd1f35960decc07,12004517,11998487-12098486
0xdd35e5fc078d9536f3a95371879bdad7ca679aa2,12004527,11998487-12098486
0x0fb1e9d87baddd120a8c0c45767e46fce43f7c50,12004567,11998487-12098486
0x48116ed47930415b933c8125d425ccee455e34f6,12004597,11998487-12098486
0xf279827d7f3c26bf275fb1d0b80b516c55f31c19,12004607,11998487-12098486
0x00051d55999c7cd91b17af7276cbecd647dbc000,12004647,15998487-16098486
0xaf850edb8df389de8dacbb29391f6e032349a1a3,12004677,11998487-12098486
0x9ff1c9f8a758891ad2a1a5bcaf3c49ff06a00281,12004687,11998487-12098486
0x95045076fc93a14a4e9b576599479cb4f58a1b11,12004737,11998487-12098486
0x5fe5256a5dd4e30ad3106f97ac101b1d3b4c1317,12004757,23998487-24098486
0x7f89a599296600da8a2a6d8ed6df551b8a283a61,12004787,11998487-12098486
0xca585e09df67e83106c9bcd839c989ace537bf95,12004787,30998487-31098486
0x98f0f120de21a90f220b0027a9c70029df9bbde4,15998497,15998487-16098486
0x063bac84221b5b02b92ceb740ac129db0edfedc7,15998517,19998487-20098486
0x2e8932d5662ad426fe335162b233680a524395ee,15998517,31997487-32097486
0xefabbdefad6c123ffb11f1e3251d516e2764495d,15998517,19998487-20098486
0x60e5fb6e3c2e3ec686453227c623f39f4041afd8,15998547,15998487-16098486
0xb1e3eee501f24dfdb6ae00fcc905dd0b6a281ff5,15998577,15998487-16098486
0xf9e82b6b3ccc71e9f206677e850b7593459bb6f7,15998577,15998487-16098486
0x31b28e8a575bd07b53c51d0a7dc38c9dc47b7d9e,15998597,23998487-24098486
0xb8af4fa4feabaa02a09d146e4f871ea4a0a41c04,15998597,29998487-30098486
0xdd144d2b6de680c9faf1ebf1b801f85ad4b4cfe3,15998597,15998487-16098486
0x804f813be88d36e2388b0edf317a721067c656dc,15998667,15998487-16098486
0x6a65842233db5b345764fc716092abcef221b441,15998697,15998487-16098486
0x91604f590d66ace8975eed6bd16cf55647d1c499,15998697,19998487-20098486
0x6a3f0c54587a9b6a77af22d7019960a3e54f6f8e,15998767,15998487-16098486
0xafc81c13d1daf52802b16cdb3b922cbd512e8c95,15998837,15998487-16098486
0x1195cf65f83b3a5768f3c496d3a05ad6412c64b7,15998957,19998487-20098486
0x38f9a6cb26747194deb0f6bfb6b89340aad1b270,15998957,15998487-16098486
0x3c062959a5c2e5d9143460f484161bf2397871ee,15998957,15998487-16098486
0xe7a3b42c9917aa3ae239cc43d13856e1ae987662,15998957,15998487-16098486
0x5ef1bfbb3371db210a995951baaa6466f9d9a145,15998987,15998487-16098486
0x8aef919b81b79ce0f2361f767a3e1837d7aa8e6c,15999007,15998487-16098486
0xe8e203fed3aa29e65a336aa00d6e7bfeacc3afbc,15999047,15998487-16098486
0x98d7c628086262ea7bd83a23ccbc72f8cd10cd84,15999057,15998487-16098486
0x767381d4e0381cc38824501e512ec3775a9fbd29,15999097,15998487-16098486
0xb2032932244d587e290ee97c02f3183f66d77bc4,15999107,15998487-16098486
0xdafb1611f8c1c41fd4e424e3fd18f79d6229c868,15999137,15998487-16098486
0xdfabbba1e0e66bca23f416a09f3ed42e1c41153a,15999137,15998487-16098486
0x3000e15385d89c3d3ec260b7c56707f33c6a5b5c,15999147,19998487-20098486
0x6e6b8f03c407cfce46ba9847231fec40dce93083,15999147,19998487-20098486
0x470c9f27bc28e59b3687189edd7b65ddad1b8721,15999177,15998487-16098486
0x93b5d7050768a82d505dfc25764625aa545e2145,15999177,15998487-16098486
0x9648f521e47d0ba3731b88d176af4ec576963140,15999177,15998487-16098486
0x25691ddcbf0be4cae38f720bfa8e0f6de4a03817,15999187,15998487-16098486
0x26c2710e3c232461159a4564677a24a80ab2253c,15999197,15998487-16098486
0xd3ee28cb8ed02a5641dfa02624df399b01f1e131,15999197,15998487-16098486
0x9d63095b3fa4a0775fd31765f2be74c33cd1df3c,15999217,15998487-16098486
0x0f93149d54461a783c1517b23974113b89e38241,15999237,15998487-16098486
0x36a914eb17e3977014cb68d6488b659a4dccd56d,15999317,15998487-16098486
0x94a4781083ca9b5ba8dc32bbea9cce26116c25e4,15999317,15998487-16098486
0x22e211d421ef3238fd2ad20ae90f642724641a2e,15999357,15998487-16098486
0x31c2f6fcff4f8759b3bd5bf0e1084a055615c768,15999427,23998487-24098486
0x72446a4ab67e0883cf0a821b711c44d46ad39a93,15999427,15998487-16098486
0x07f62f48709b2c427e54e102531d07d9e21ad99e,15999467,15998487-16098486
0xcaaf6515b7a9fdbbb652914c134818161ed34ca5,15999547,15998487-16098486
0x25fca8cb566632185aa28fdf26fff33457df2196,15999567,15998487-16098486
0x0e0434ddf5273f71250a99c6fbcabfeca301de5f,15999587,15998487-16098486
0xb78a48658642e77942495f16993b94303c361661,15999647,15998487-16098486
0xd0511689f0cebde0567d537c7974133d39675cf4,15999657,15998487-16098486
0xf70da97812cb96acdf810712aa562db8dfa3dbef,15999657,29998487-30098486
0xaf127b00ae9fd54067eecdb417cc07275f6564c3,15999667,15998487-16098486
0xa11e12be903bb7fc43eaa342aac1eed288cb4fb3,15999707,15998487-16098486
0xce9ec1be8d2ffe07501219ce4ade149b56cbe302,15999707,19998487-20098486
0xd13fff4e80c1c8bddb4c3c0a8ce22103d4781da8,15999727,15998487-16098486
0xda44a1ed127691decb80d8a6072e8b7957fa6ab6,15999727,15998487-16098486
0xa2d96b41a298775a300cabf4fdd0f34ef861094a,15999737,19998487-20098486
0x8df3dffef849257a0b01046760b21649a1b6e8ae,15999887,15998487-16098486
0x59bc1371ae20f09a58d827014c6b8a81212f3f48,15999917,15998487-16098486
0xf4a2fb3677a86434e600dbd95bc5029b56c1fcc4,15999917,15998487-16098486
0x66ad043b57778b0ffe9fb63511b213325778a06c,16000007,15998487-16098486
0x17d518736ee9341dcdc0a2498e013d33cfcdd080,16000087,15998487-16098486
0xa1add90262b59ce69845a5f82360a93d9dc73c68,16000107,15998487-16098486
0xb573a0b29cc6a9d7c5c2b75e5f145e678fca9815,16000117,15998487-16098486
0xbd8f8fa774e65bf535a09abcce5474a7d79aa535,16000117,15998487-16098486
0xa1adf64c1f3c94a4c17654284b710b88abda552b,16000157,15998487-16098486
0xe025e9341ecdbded104976466fadf01aaa1da380,16000177,15998487-16098486
0xe8421233d54ab11d4a938c403f41bda0a3a08b64,16000227,15998487-16098486
0x1f8231ef50e99d361b5252a24ec2ec44285367e1,16000377,15998487-16098486
0x2a3d5a503db8ae738198ed16bc310c701f75ebdf,16000427,15998487-16098486
0x5a0be8812c6b30d4ba0e7715ada6e216b00199f3,16000427,15998487-16098486
0x9f28ac2c1a2a82db54dfed6b9784a7a950efec08,16000427,15998487-16098486
0x99337e9ab8980558323e7746c8ae46723e81ff62,16000437,15998487-16098486
0x1abfa3d823f9f8d85af33622046d3b7f66262670,16000497,15998487-16098486
0x8d09a00e7eb1254a1f4e3b5e526aa2fe00ebe425,16000607,15998487-16098486
0xb91d3060c90aac7c4c706aef2b37997b3b2a1dcf,16000607,27998487-28098486
0x0b01168b77425d8a4df02f794d2ced416ec6e7d4,16000777,15998487-16098486
0x444ba0c3dc39308a02a559db9b9eb8add45b85c6,16000837,15998487-16098486
0x962a6953f917907b4eb46c47cc15726bc154939b,16000847,15998487-16098486
0xaa830ea4ca3c7b13be85a8d3ab8441db5ca0cc5f,16000847,15998487-16098486
0x30d56f157758c4ff615869a4d57690b1d08240b6,16000907,15998487-16098486
0xb231b8a74973b4165371c854c5a6dc87c331679c,16000907,15998487-16098486
0x1f4f56292f0a2bd5908168d0fb8a048f782a07aa,16001057,15998487-16098486
0x5c77372dce657796c3244817a6f681ebf78fcfd2,16001057,15998487-16098486
0x086c0e00228b32cc107afb614182e6668ed6f092,16001147,15998487-16098486
0x903b473899b9868801f6b8b893aef02a01445e7b,16001167,15998487-16098486
0x22cbedc29c1c29102a61aed7fdff2897e0c862b3,16001187,15998487-16098486
0x8620e6fe8fddc42f6bbbb3b38c7b522d8aceeba0,16001187,15998487-16098486
0xaa5d84366d57b0a831b89b865700128ef06bb2f2,16001197,15998487-16098486
0x1a7b56ce9cc5dce83bed3a365c01df27fb2de8d4,16001237,19998487-20098486
0x56ddcbc09713d2ba8dff06ec008cbecf4b702bfb,16001247,15998487-16098486
0x80a7239a8770bbb7798098556a35c0d9d9325673,16001267,15998487-16098486
0xecb9d29df4d628eb040a2e7248489fbeaab18258,16001347,15998487-16098486
0x4be1136247cdeca3775a7a32aff6a621c1c149eb,16001407,15998487-16098486
0x6d3a6fda22aa10822326efdd4501c0efd8958148,16001407,15998487-16098486
0x519fafd15436b64e1e82fd5ddff73ff8d21331db,16001627,15998487-16098486
0x677cea6b5333a4a5269abb061447f5ee0e66a6fa,16001657,15998487-16098486
0x4ab09d12e37239c89da3578b2f694d1906321d30,16001737,15998487-16098486
0x9bece2c966fec66f1f942fa24d961849ce0947c7,16001747,15998487-16098486
0x11dde8fd9515ff054018770eab22c6fa74bf550d,16001777,19998487-20098486
0xb7a77a13b363bdd179181486fd573b702653250e,16001777,23998487-24098486
0x1421fcb12d209ab56bf843e1a9f2f8a62a4ec2bf,16001797,15998487-16098486
0x38126dd8a563c83d06f8103833d09c4bac6aa9df,16001797,19998487-20098486
0x535f8f457fbb164d500d0f0e1680794b26a81f75,16001797,19998487-20098486
0xfeb8bac57bc7c3dcce15b075e8d73b6d67dac9b9,16001797,15998487-16098486
0x2729e75a75fff1c69ac92cd5633621732d597eca,16001817,15998487-16098486
0xd5ebc5e5f38c2d8c91c43122a105327c1f0260b4,16001817,15998487-16098486
0xf0d61aeda516cca1ff20be65cfb0213be688a24f,16001817,15998487-16098486
0x9cc44811ffc0484e5ecc7ec4e11da34394a60ecd,16001827,15998487-16098486
0xa06e1351e2fd2d45b5d35633ca7ecf328684a109,16001827,23998487-24098486
0xdbb12ec1c6e8a25443d7328c25b8a1e8b91141aa,16001847,15998487-16098486
0xfcb49cb1130cb4de0c7938f14c70371d81258651,16001847,15998487-16098486
0x1664e78d2be4ea3d10a0aefa1a877942a53d740c,16001917,27998487-28098486
0x34fb0a8ceb9d3f15ffe1863404a6e3a359ec9436,16001917,27998487-28098486
0x33128fa08f5e0545f4714434b53bdb5e98f62474,16001957,19998487-20098486
0xd83729a90474d6ae09502ee3c58485cef40ac872,16002047,31997487-32097486
0x49c8ab38b44e98c568244f3188f3f4a40ae769ad,16002057,15998487-16098486
0x9bf0ea70fa1f3db7fc78acb56069e9c260c3db99,16002107,15998487-16098486
0x93c94cc75b6040659dd84b447c0b5c9e16a5b7bd,16002177,15998487-16098486
0x0c88734c67da49cf9a190fb5a1139b8ae3fba2ee,16002227,15998487-16098486
0x89e830972c7b453d4715ba1d3894aa096f219f02,16002227,15998487-16098486
0x6cd8401984a8dd15382dcbb44d87dd249472fd8b,16002247,15998487-16098486
0x562bff166fc684b94e3386cac1368ae8a491ad35,16002257,15998487-16098486
0xc6f768a399ce1421b2c0295e2a98d33a8292c398,16002297,15998487-16098486
0x0000a41c8fb13ac331d04800d85135f081b19a44,16002317,15998487-16098486
0xd4a1b17fe7d40d845c196588e6d19121f9c67d05,16002437,15998487-16098486
0xe2e869c8bb2eda9ac557708dec83529e1e98a3cd,16002507,15998487-16098486
0xc6731e3d717e9fcf497bedcde41783518cfe2027,16002527,15998487-16098486
0x55a5705453ee82c742274154136fce8149597058,16002547,15998487-16098486
0x270ac3a5dfd0cc8f67d59169b97ef4bbfa65d1be,16002637,15998487-16098486
0x8df57cdd2fc6baa4e2b451dccbdd3c646b80e382,16002647,15998487-16098486
0xd5929dffeb066ff754611afecf2afbdb4a7c5cd1,16002747,15998487-16098486
0x8bf1629ecdecab7cf09cec256a2dba3c3403f67d,16002777,15998487-16098486
0x0797e9e4f02ac298121a88bebd39560c47cd5490,16002797,15998487-16098486
0x272956b9330efc6c5a5a46180d301f85c40acf2e,16002797,15998487-16098486
0x6fcefa0ad8f8a7e0f938a799930b17d0461c1396,16002797,15998487-16098486
0x4183ae3e46765fc09952f72ab53bccc23db8ac5a,16002827,15998487-16098486
0x27f3b193e75e6dc85253bc64d9ad38d137b715ab,16002867,15998487-16098486
0x7dd14c291d61d333d8b67b5401a83cbb5d489bfe,16002867,15998487-16098486
0x4341f7472b7a0cd2ad5b39842eac8a20585bfaf7,16002917,15998487-16098486
0x0f037e56e563503adca3f7721b5390b917216558,16002937,15998487-16098486
0xcd57b9681370a3f027a2085db85f059305142f79,16002937,15998487-16098486
0xe9f2319010a5e73b656306790b4d358f4ff36d04,16002937,15998487-16098486
0xf7937f825a2aecdcb962925f12b64943d0b2496a,16003197,15998487-16098486
0xa60a3d65f0600e513e9b8fc5bfc9e26589d67d45,16003267,15998487-16098486
0xc03642a42f5df6e382e69c91e9e75a90540d714c,16003287,15998487-16098486
0xeb116237489bdc132296a774ecf1e6d30cc31279,16003297,15998487-16098486
0xe15446570585e178c097de0d80cd416ef15183c8,16003347,15998487-16098486
0x0523250f55085be932dc8a1f8832580e0dedbe18,16003437,15998487-16098486
0x7752b7d4c7eaf7e4741124c6c1ce26e760e80e8c,16003447,15998487-16098486
0xa4546415f9242707a4e8834a529259301922a16e,16003527,15998487-16098486
0x4cb01b6672bc750821af952ec5a2447fc90195b1,16003537,15998487-16098486
0x837808055c0e472176c1bb21ab0e997b32465f8f,16003557,15998487-16098486
0x9142e709052d0da072142861d38df6849e7a2078,16003557,15998487-16098486
0x94d6adfb6491b43f33ebe4151307ed7c9908ed7c,16003587,15998487-16098486
0x1b9ddf0e7eded66af89f1dea5df1ac3cc793c16c,16003607,15998487-16098486
0x68791cfe079814c46e0e25c19bcc5bfc71a744f7,16003607,15998487-16098486
0x7643d10013ffff6886071cb351aa1ee2c2d8c55a,16003657,15998487-16098486
0x8a57fa87f376499ce5df5f6e384ea778958200ce,16003677,15998487-16098486
0xd15c5c8eeb51841c4a289b2756237270de3e0742,16003737,15998487-16098486
0x83e91a9c91d14f6b6e670cf7b33cb540cc90e518,16003747,15998487-16098486
0xf2614a233c7c3e7f08b1f887ba133a13f1eb2c55,16003757,19998487-20098486
0x98464f58c04e6ef1966d04ba2fc7fd50f153ff45,16003777,15998487-16098486
0x1f149e515ea36f17c9429a9b90f6464900bb4239,16003787,15998487-16098486
0xec17c56b3606ca9517bc8b640f93acd48ad06217,16003847,15998487-16098486
0x374f328ba653bc43e42cbeb41e4f8cf2647edb6e,16003867,15998487-16098486
0xbda5144cb25ef7a3e94d26fbce28b5c480fb8fdf,16003867,15998487-16098486
0xe4568aa2a5a15db669ee233a094c0166f3d519bf,16003877,15998487-16098486
0x6b5a3ba99c0fc6225c7d570ee8a15d08d8bb42e4,16003887,15998487-16098486
0xbcfa4cfa97f74a6abf80b9901569bbc8654f4315,16003907,27998487-28098486
0xc8332131adf037bf933ff4d885a41bbea987bbff,16003907,27998487-28098486
0x07ad7198af7f56dbc710f345c1d7ae86fb09d66b,16003947,19998487-20098486
0x403d30fb89d5411c6b2572707f341204bcf0fae0,16003957,15998487-16098486
0x5752d091d99d8a05cd972de070008de750341251,16003957,15998487-16098486
0x248c7bbd9665f5eb9bdcdc6d0500495a487be355,16004037,15998487-16098486
0x3fd0ce9f00b690d8b6a6f7429652eb8743651402,16004037,15998487-16098486
0xc28a4ec9f09e4071e3707eaaca5c3754fa4f5faa,16004037,15998487-16098486
0xc9e9ee2c05279b6589d9535fcbe1d8084155fa4d,16004057,15998487-16098486
0xfb1c39700cbcfe543c9d0d2eaef215f558e08103,16004107,15998487-16098486
0xedb40c90bbada60cd86284b4334db70449db7336,16004117,15998487-16098486
0xab13211f8acca2cdad9fbb06e97d8b936a83c91b,16004187,15998487-16098486
0x48c0a8d945a7f354b2dec34e1ef725da072ec588,16004307,15998487-16098486
0x3d5fca867ae0ecbdbc8dd429f5f1755debaee198,16004317,15998487-16098486
0x31fd739da387a1982ae4d2f216f0bd6d28d077d6,16004327,15998487-16098486
0x0bf748d20cae6823e0da16a72886b2b90c408a61,16004367,15998487-16098486
0xd85e6bd81c6653b8ff366a3f9b65011ec3bf9cdc,16004397,15998487-16098486
0x0ceeeadecb9889543954bf0a7485baad519b2722,16004447,15998487-16098486
0x156d270290c7e0db980d1327cd4d06c09740e343,16004447,15998487-16098486
0xeec9cf52439f98835bdac02960d05c2158b926ac,16004447,15998487-16098486
0x3f202a1068b55b4bbd58e549289b1afb661b9f67,16004517,15998487-16098486
0x96f0ffc8b3da6b5d7ab4e213c1beb7a2145d23f1,16004517,15998487-16098486
0x996623daec8db6dfa50a4a631833f45a0e4600d6,16004537,23998487-24098486
0x45c3707c25ece1e4705a5d708685f0a77dc18cd1,16004577,15998487-16098486
0x832f80e93c77966dd343810c254f10ad58d9876d,16004577,23998487-24098486
0x3171ee768024dc298808d900df37f4e9e1cb9b87,16004647,15998487-16098486
0xfb44496ef7ce7dc94da1ec9f45115c80bba1778d,16004747,15998487-16098486
0x652e3b28a40ae2015d7b1e54f16dbfd4d303d4ac,16004787,15998487-16098486
0xdc4c44943bfbc9f87d0f1fe11d69a4b814d3608c,16004917,15998487-16098486
0x00000000000000adc04c56bf30ac9d3c0aaf14dc,16005097,15998487-16098486
0x705ffe291165bef96a22d675bef3ab52d3934487,16005097,15998487-16098486
0xe2e1808ed4cc4a6f701696086838f511ee187d57,16005137,15998487-16098486
0xcb71b1178e71e231e5bfed8c33ddbe325948f02f,16005197,15998487-16098486
0x95d0c2ffdbb141a3ac7702701468a4d03385cda3,16005207,15998487-16098486
0xe3f2f60503cf882afca819d908d58db91bf2b616,16005207,15998487-16098486
0x060d0b3ed41afb6e00e13352148ed183f21178e1,16005237,15998487-16098486
0xc7f96bb93dd616f961a8875f0f32e56deb6fa5a6,16005237,15998487-16098486
0x3aceb77bf88c3a92079baa8db3ddb172e3636bb7,16005247,15998487-16098486
0xf26a55ed2bcdef30f8582b8eadb3600da4397190,16005277,15998487-16098486
0x9e64d30ed85edb50061b0f7b9e74fe47793d7795,16005337,15998487-16098486
0x2c3ede42c49e72eb6a723d069cff75c5fa1e41e4,16005377,15998487-16098486
0x8163cdebc23d1dccf88d54fcc8e2e7b034251922,16005457,15998487-16098486
0xdf029e82663fd41032dc7c0f64cc5ea41e827fcc,16005457,15998487-16098486
0xdeeca7c7d30d1fef8ab888059f06d541d7bdba8a,16005557,15998487-16098486
0x67613343b2f3f3c56cf88e916a73aca15031b5b1,16005577,15998487-16098486
0xebc26715582342e16d9784155791b844361fa90c,16005577,15998487-16098486
0xc87577a091829e5808c9190d509b62a4c24b0c54,16005587,15998487-16098486
0x10a9960cd3163e22c5f17e9b494b952df4a411db,16005657,15998487-16098486
0xdeca03545482abcf2c7075ef5dd0ed1958623753,16005737,15998487-16098486
0x6ae540f1c3a96a8628d52b416ec1bf72932f83fe,16005767,15998487-16098486
0x7033d32687d5384068530c19958d84cc1b9f1c9b,16005767,15998487-16098486
0xb2a1b7dafe0323c3b0b4d3aabf0adb3a5669d732,16005787,15998487-16098486
0x039ec08387a7b9d8eecc73a406d003720d3dd7a6,16005807,15998487-16098486
0xff454d35688b97c05ce62ce8e7bc351009634c9c,16005807,15998487-16098486
0xb1e960a35c2cd3dd3328f827ac05ca9a31653ea2,16005817,15998487-16098486
0x00d2e45938811353506a12cb7a0bde2a50e0947b,16006117,15998487-16098486
0x90aa855670b61f9493dff9893a9abc0a9e30f74b,16006137,15998487-16098486
0xbd72882120508518fcba2ae58e134ecead18d979,16006137,15998487-16098486
0x0728fa8212336f808b02312b058fd5a743131f9b,16006167,31997487-32097486
0x888b707a12205b52805d86123fe720ba119f0632,16006217,15998487-16098486
0xc2cd0d62c659b55e9a05b9d0a32b4885a1c8fdde,16006217,15998487-16098486
0x1650683e50e075efc778be4d1a6be929f3831719,16006297,15998487-16098486
0x106e19e048787d3ee56b5f92baf0f8366959eb11,16006387,15998487-16098486
0x79dc37f246db5a0aaa32a3d480102f96a807e62c,16006387,15998487-16098486
0xd617da8e8c5e9ca11a54f9e7198a4ce8b75fd64e,16006457,15998487-16098486
0xe5c7b4166d5cfaa9cae93048cf683f870ad4faeb,16006457,15998487-16098486
0x9a89162d26db6759344c774f0d90b2c6b913e831,16006467,15998487-16098486
0x0f0c50de38d30ed6e06a6a90c4211204f1ff5209,16006507,15998487-16098486
0x7bd1d120cca752c42e2864488bf94d2c409d6c44,16006507,15998487-16098486
0x0922b44805cb5d90f35f3b9781aff83b47d722d3,16006527,15998487-16098486
0x465c63680f2a0b4277d9b4cecc3f3310e531a77f,16006567,15998487-16098486
0x4231435c0592ab3c272d7bbe4f922d38da11472c,16006637,15998487-16098486
0xb768acf35556258d8aa693034d7f23e1f77c8a0d,16006697,15998487-16098486
0x973fe58c8253782234dc35a47e18fd1452fde26c,16006847,15998487-16098486
0x024c3d1f574cdcdd42374394df96b747460096a3,16006877,15998487-16098486
0xa2352ad7a63b35e9429b9e779c6a13bd16774e63,16006877,29998487-30098486
0x5f6aaa6b54f4098023b58e0235fced8a72f01922,16006887,15998487-16098486
0x05747fc55e8156f2337a5e525f5c5818bd8f195f,16006927,15998487-16098486
0x2719ff686109600443aee99a44307feda046a92e,16006997,15998487-16098486
0xcb204adb19425397d9fdb082c6e28d66f703eada,16006997,15998487-16098486
0x4cecdd6bd69e40c66d9b60be0f188d03e7132bae,16007007,15998487-16098486
0xc118504ed9fd0ffc1c9e2fdcf989ca262bd43f9f,16007167,15998487-16098486
0xc790f82bf6f8709aa4a56dc11afad7af7c2a9867,16007167,15998487-16098486
0xf97c14e245c94e628145caabfd14d73b2fc40004,16007377,15998487-16098486
0x3ea53fa9a2072245fe40a65a8b5f0110bec04099,16007437,15998487-16098486
0x3ef3d8ba38ebe18db133cec108f4d14ce00dd9ae,16007437,15998487-16098486
0x1577189786f220ebea568789f919c57c6caca3d1,19998487,19998487-20098486
0xc5de2f91fdde39cb9a385d58af73f51e92f99e2d,19998507,19998487-20098486
0xe6825c3835e985d18e5d9f183b54cd363ac64fe6,19998507,19998487-20098486
0x6ae9eef910a819b4d1fedb36f4701c418aeff594,19998517,19998487-20098486
0xcf32c5bb41f7a302298a2d2072155800871baad3,19998517,19998487-20098486
0x38b0fb000792568a897638a54a1a10bed7768233,19998547,19998487-20098486
0x4715eb2c5ce7b9cccc5be17228dbb1e68b74078b,19998547,19998487-20098486
0x65ab9bf9883669ec06ed93dea6aaf4b4be6ce764,19998547,19998487-20098486
0x927e042a11b25bdaf80d538f2fe4a541304a86ee,19998547,19998487-20098486
0x390d9a55eef37581f183afff7b0d4f8ebb8d23fd,19998577,19998487-20098486
0xa2ca655872e7849802641c84d5a686efe2aa9d40,19998597,19998487-20098486
0x18467509bd6c00222706695611527a6993970b67,19998627,19998487-20098486
0x3c7717ff655bd5c1ffcf73fe4613bea56a7e685b,19998627,19998487-20098486
0xc43d3da78462baf758291ec1cdb41d0477fab5ff,19998627,19998487-20098486
0xe566da48340e7a12ee4dee641218793240e53c29,19998687,19998487-20098486
0x1bfef10693dd39a78afd9c90ad9b16a779c4e538,19998697,19998487-20098486
0x792345eb29a408494b6c0a066c9ae8d8fe3e0fc0,19998707,19998487-20098486
0x388bc0bdf9531cb3484a7303b68f6fbfbc7829dd,19998737,19998487-20098486
0xcad878a5fd303b21480267d9931627e8df8b8644,19998787,19998487-20098486
0x83592732ba9f96f4fb242e53271d09cb9b4af3a0,19998907,19998487-20098486
0x186450fd23700e8883a527439de1d99c23cd221f,19998937,19998487-20098486
0x7abe724c9446ee2cdcd5c5eef3ef75312b7d6d13,19998937,19998487-20098486
0x7e093ba1474b79481f9b87d66c99a819f25e82e2,19998937,19998487-20098486
0xf4035131b4d6fb4c858d791ef178246860f999e3,19998937,19998487-20098486
0x3c7daa90c4546923d62e58ea155e218d0fda494d,19998947,19998487-20098486
0x07e5fc9fd30e4b9df6c6040a639848fab9628be9,19998957,19998487-20098486
0x47df8da66360eee967c7e31ae1ac89514ea0d6f8,19998957,19998487-20098486
0x03af9714392c13838f9ae054329e042fc00c56b4,19999037,19998487-20098486
0x7c9d212145e18d8d673c16f765ac0989fdcc3160,19999037,19998487-20098486
0xe5e23462178f118daeb03da7db6a6ef8e9129bac,19999077,19998487-20098486
0x41a758be83322819aea54a7984e6ebba836b08ac,19999177,19998487-20098486
0x99091d202d547985df6abb7a3e055f932d7d2bb1,19999187,19998487-20098486
0x2fcbe79d7682d0b2d1d193c80e1cd9155586b146,19999197,19998487-20098486
0x07ca54b301deca9c8bc9af4e4cd6a87531018031,19999227,27998487-28098486
0xb3314456567986e657d4c65ec9e8cb736b92d11d,19999227,31997487-32097486
0x4879fc54ba5a3749bcbc0f95b6915d5076011a41,19999307,19998487-20098486
0x82f40b79822d3f8e5ee7038b38174103355efe30,19999307,19998487-20098486
0xd1857cc2c032e5db7eac210144738372d6bc6d77,19999307,19998487-20098486
0x32860bda7bddaaff2cbce5a2dd89f60e36ca4a19,19999407,19998487-20098486
0xfe93bc054ba22381334baad78ee78c9096eacc86,19999457,19998487-20098486
0x799854c1b15ce300eeb1c88d0dd40d33bf9ccc31,19999497,19998487-20098486
0x1a903fe2f732f96baa7292a05f4121766dd7e07a,19999507,19998487-20098486
0x2f7e95ab5ac03697f55b8769929257b25e5c92a2,19999597,19998487-20098486
0x39a15124c762445759051ff18731d4d4eb32da58,19999627,19998487-20098486
0x669357779a9d90f30a2676b7a1767a5e0ae5cd3f,19999637,19998487-20098486
0x2798c35977e54106d12a74409b5950b0c4951824,19999657,19998487-20098486
0x761622bfbef37d6d1536d8b2505d84714a5c7f97,19999667,19998487-20098486
0x2e8fd6e454e913ad25a924592a550f5a62681efe,19999767,19998487-20098486
0xe8ced5c467f880837c7fa3f2f05cb99403e6ccee,19999767,19998487-20098486
0xea53253b91867ed414f1f8a0f086244b852d9707,19999767,19998487-20098486
0x8bc0aee1276dd867a92fad7affa7af252569ecae,19999827,19998487-20098486
0xe05b539447b17630cb087473f6b50e5c5f73fdeb,19999827,19998487-20098486
0x6e0281917d87ab3c236c1163025514cebe5da662,20000007,19998487-20098486
0x71db520d035d9b7bde8b85830a6f25703485a94f,20000007,19998487-20098486
0xcbcd3e618612611a2ff7c7f984bd07449f8ba2f9,20000057,19998487-20098486
0xa83fed4cde61f3646d62dfebfd1583918df47eeb,20000137,19998487-20098486
0x56aa405fde1147d4af4e3ea1d1d28f5d0b8d83c2,20000167,19998487-20098486
0x581b26f362ad383f7b51ef8a165efa13dde398a4,20000197,19998487-20098486
0x5d8e1ed597e7cadad0c60b1ef003556a03e4b13e,20000207,19998487-20098486
0x7585c053a047630d1069e78722d23eb2606d07de,20000257,19998487-20098486
0x11c6e839e42fd821cef544d849a5f44e7cfc95db,20000327,19998487-20098486
0x417b4adc279743fc49f047c323fc668db9e600d8,20000337,19998487-20098486
0xf9d64d54d32ee2bdceaabfa60c4c438e224427d0,20000337,19998487-20098486
0x82dfa6f13548b5909acbb7af91e85dd8890a784c,20000457,19998487-20098486
0xcf6030b2bfb39bb51f70bf666581483b36ee0113,20000457,19998487-20098486
0x8cfe327cec66d1c090dd72bd0ff11d690c33a2eb,20000467,19998487-20098486
0x2a0e6327285902338fe28433e19c81fb1b6cb941,20000507,19998487-20098486
0x3348053b13e22b2717c742cd4a60f5040564a530,20000527,30998487-31098486
0x8c48afc5570be1f73b094461e3e31719321ece60,20000527,31997487-32097486
0xbc4f22d7bccc2c3b928c6b85f4021cac3a47963f,20000557,19998487-20098486
0x23285d3cb061b44aa5605194257898c2d2e36dcd,20000567,19998487-20098486
0xa61c8e0a5508dcb6de2a653fbd8aaa9cbaafaedf,20000597,19998487-20098486
0xac6e453b964714200f353d2b435df5bfd2393d71,20000617,19998487-20098486
0xa2c010585cac9d01e0ef75610c9b4b4f84d6ce4f,20000627,19998487-20098486
0x1d359fd082be63e382fd4804d2cbcfc13edfc4de,20000717,19998487-20098486
0x5aa025404989030227c8f43006bde890d066fb8d,20000727,19998487-20098486
0x8c826f795466e39acbff1bb4eeeb759609377ba1,20000727,23998487-24098486
0x0f7bff52ebe7203f32ae39bc497d50e402480f59,20000797,19998487-20098486
0xef8f38fece5f66d0ca4cb7b094d047fc0f94f35b,20000797,19998487-20098486
0x9b139d48ced583a58604d589d5bc96cc17f680a5,20000807,19998487-20098486
0xf85679bda8a81eb8638af3fc27269c12f3ce8a9c,20000897,19998487-20098486
0x26cd8341d64ac46789e52ae02771f8ae47e6d68c,20000907,19998487-20098486
0x6d288a0589fa8a060f2c36d245cdf767a5717060,20000907,19998487-20098486
0xa0a3859a8e4cbf50ab916194d44a7525d2883de2,20000907,19998487-20098486
0xe16eb767e92c7048bc720e45e5782be508fef38e,20000927,19998487-20098486
0xbca5b698f0349593c0f7ef8561e3288448b85eaf,20000957,19998487-20098486
0xd87a757941408994772d2f9b3cb0c0e796e61e07,20000997,19998487-20098486
0x69b213dffa4f0b42de8b7df44af7a324063b3092,20001007,19998487-20098486
0x2aeae897434522099633801198efb66240bdd60c,20001027,19998487-20098486
0xf80a9725b5259cfae8d2f8af87236a2acb392652,20001127,19998487-20098486
0x06581bb682c3a3eb9e98ea70a1c776304c5fefbb,20001177,31997487-32097486
0x3d21a0726f62cbb96cd79f4eac2acff7791ea6c2,20001177,31997487-32097486
0x628dfa2cc2fd9b95d445facdb38a6bd9893065d4,20001177,19998487-20098486
0xabba235cbbd200e508dd2661fba27ba608ae5321,20001177,19998487-20098486
0x437015c3ca391c057de15cd40a27a5f75b94e199,20001237,19998487-20098486
0x9f05297ab13e590ffd5167cac5bd288bc1420ba1,20001537,19998487-20098486
0x67d0809ada627ab5bd623640332a2f370b2c906f,20001567,30998487-31098486
0xc2b55f94c1908d9a866c7d4beae36931b1b9c581,20001567,31997487-32097486
0x1fe18523a0c802c86e46957848bb4c7d5841190c,20001607,19998487-20098486
0xc36e712c0e77d7ec8a39041103db0e586de297aa,20001677,19998487-20098486
0xfc5a66a3007b05be7fb4284f3c5f9b61973897d0,20001747,19998487-20098486
0x0adc57fba0e23669fefe329c1f4862de309f57d4,20001807,19998487-20098486
0xbe1fc00c056145b8b1e95cee1628c77a011bbfab,20001817,19998487-20098486
0x00d14752dc85635afa0d901e79faea0f2abfa1f2,20001837,19998487-20098486
0x325487159a84a06497a4bd60753fc190204c159b,20001837,19998487-20098486
0x921684542e452a41f1382c51edb5598d9e87b253,20001837,19998487-20098486
0xd9bccf78bb46b6170c8a2bbfa3b5bd8b7d2da91f,20001887,31997487-32097486
0x11054947a3bc12049940ec93a8de68353ec0d7a9,20001947,19998487-20098486
0xb31d4e5e3568b6fb15fd4121b4b8389769edef8d,20002057,19998487-20098486
0x53c31a1ba32b700a82b910bd9441c10920b13f0e,20002127,19998487-20098486
0xac6a9f9befa6482381df57d5ce02ff70b371e982,20002217,19998487-20098486
0x23339eeddaf1f2400f96f0dd5bd3becd9d8b56dc,20002227,19998487-20098486
0x2b5606fb05188e248373a028ae70a896ed0747a1,20002237,19998487-20098486
0xae7dc4569764b2d30d228aa53eb5d7af2411c682,20002237,19998487-20098486
0x00000000001594c61dd8a6804da9ab58ed2483ce,20002247,31997487-32097486
0x6e732a286e5f4014c214d1c60d0a86b474c16f9f,20002247,19998487-20098486
0x83e9c7adc757e4ff1b641fe5cccd6cd3b3b852e5,20002287,19998487-20098486
0x98e64b0d0809b0a9e37fa259cf39484d4f8a25c9,20002307,19998487-20098486
0x28e2c7494faccd0b2f77293047ad3114a1a0d844,20002377,19998487-20098486
0xbf3402c27e6de2b11a73787824b5abb364f57165,20002377,19998487-20098486
0xa438dbbea33ddb3f8d841917a7de3fe5af37b323,20002507,19998487-20098486
0xd96f26e2607801dccb31a9dc945c56d327ded010,20002537,19998487-20098486
0x72c60769f933f13f96f6d23817bb41fc32a5b453,20002607,19998487-20098486
0xa3c863a5ba8e80a43688fd3c0c10d84248a25c53,20002607,31997487-32097486
0xd2ed906f8bbec146d0e6aefc1a625d043efec0f8,20002607,19998487-20098486
0x1ae9a2acc56f33d51cd7b5a0ab3f930f58003817,20002627,19998487-20098486
0x454cfb6c2387a54f15b3afd646db598d6e973000,20002627,19998487-20098486
0xaeae796fa1e43f85d71c642c68d88003db0fdb08,20002637,19998487-20098486
0x28912e9a957dd79800fbe3801d3bf1a8e544d0f5,20002667,19998487-20098486
0x522715f01143622b0256772c6bd05cbf7a0ddaeb,20002697,19998487-20098486
0x970b09650f383aa571f04f3202d4f4083312fe85,20002707,19998487-20098486
0xfdc000f0ccd37d968365f9dbc2082fd4e361adb3,20002717,19998487-20098486
0x5d74ee118005470ee50c39004f75cd30d179e4b5,20002727,19998487-20098486
0x08efb6d315c7e74c39620c9aaea289730f43a429,20002777,19998487-20098486
0x3c5e2bb3ed418eb90d21d1d70e393c06931d3446,20002777,19998487-20098486
0xa7934cdb1e8b147ed562ad93832cb70513ab4c36,20002777,19998487-20098486
0xb72cb6fb48b5f1707f3701b5160675c22492b307,20002777,19998487-20098486
0xba9a3c0a22baebe8c4926227bde32d6edc0d5d28,20002777,19998487-20098486
0x58a9bad029a725d8c1e1aa48d758d22e5dde3c6b,20002827,19998487-20098486
0xea16c50dd33dc52e5fbaeb0c5f4e3aff750f4754,20002827,19998487-20098486
0x35441a1d8a44016b86de9d64aeb894a5748146f8,20002957,19998487-20098486
0x98b6abee8e77c98f3b0d726f88a8a3ce354e0142,20002957,19998487-20098486
0x9c20ed8ecda9ee63b80b89af7d5ac9fd8644985f,20003117,19998487-20098486
0xca4157455a6e4fa063cc17389e44ed4d18cf9324,20003167,19998487-20098486
0x22b21beddef74fe62f031d2c5c8f7a9f8a4b304d,20003177,19998487-20098486
0x2c42d641029ad421efee09a208e23e27effba10e,20003177,19998487-20098486
0xfe13b6883a66222a1e7c4fc2375b1c86513ea9b7,20003197,19998487-20098486
0x29147bb06ec4ec46d000771180f20f9e33c97c70,20003217,19998487-20098486
0x8a9630aa4f6063b7180440be2a3e48ef9cc10945,20003237,19998487-20098486
0x709944a48caf83535e43471680fda4905fb3920a,20003287,29998487-30098486
0x7d414bd93bd3ff17bb35a5fb3c05fed00389d9d3,20003287,23998487-24098486
0x77934fe433cd8588bc30d7809d9eff770303639b,20003387,19998487-20098486
0x5a0e368862f24a0679acf529c162e21d00bf27b6,20003437,19998487-20098486
0x35def80d70f37b5ea29bac74a2050a0748f87872,20003467,19998487-20098486
0x5422cb136f5f7f196df50637a6dbbbc08bec0f1d,20003467,19998487-20098486
0x952e99b58ded2ea87753c5da30ec3cb0332c66ad,20003497,19998487-20098486
0xf37f2c88cd623c9acdcdc6c316541ae6a48447be,20003497,19998487-20098486
0x1412729138834ffa100473cc7a749c7d17fb73b6,20003507,19998487-20098486
0x74118f688c1ade603bb9571fa6fcf037cfa49ec7,20003547,31997487-32097486
0xdd022973000bed46c97fe5fdc57dfb60d16476de,20003627,19998487-20098486
0x83485525c160ef941de5855422f7077c641d2dfb,20003647,19998487-20098486
0x443341ce6cb98331304851591e53640ad4512954,20003687,19998487-20098486
0x6c6f2771c00ee087e5ba867c6dfd2d4fa1d04f31,20003717,19998487-20098486
0x0e7197e7200a706e4b8e0ecfd39ef8c45cff1422,20003727,31997487-32097486
0x982745f0fc2d8f4a12512a8125f23de32eea8f69,20003817,19998487-20098486
0x4264026182156ef3d331a52be2f2a4cd2928dd92,20003887,19998487-20098486
0x929989f9b25164d3745652037eb3ef0a453e2ece,20003887,19998487-20098486
0x3f3623c56cc427ea34d37086a14869957a036a17,20003897,19998487-20098486
0x46c368c044d921db6e511415f62574f52c647830,20003897,19998487-20098486
0x631563241c1b8988ba3922255b2fa3b5c231db8b,20003967,19998487-20098486
0x341b1cdcbdc5149de98b49c08905b9f5980162a0,20004107,19998487-20098486
0xc181c6e0e56e3e59a4fface432355d76164fa64e,20004177,19998487-20098486
0x458069219ced3ca5c8901d0f076b366d7b212a51,20004207,31997487-32097486
0x07df55e2ccf35ee71c812f83229d988dd3e85508,20004317,19998487-20098486
0xd717338a8f5f2b58f8eefe6243531108750a61eb,20004317,19998487-20098486
0x6b0125f1356c12fc4cee7e941e03a7bd5b4c8100,20004357,19998487-20098486
0x9eee81238f87b90644bf089206af0e33cc6441eb,20004547,19998487-20098486
0x1572c91d4153317ffd4f5263a61366eda581cb9b,20004647,19998487-20098486
0x35f45f8b5a9b85054deab7e482329c13e324a09a,20004647,19998487-20098486
0x55ebeb5be8948f5c20beb89ab290cee39768c27d,20004647,19998487-20098486
0x7465ca91ac12bd994bc2f4f5c581997ffe9c0818,20004647,19998487-20098486
0x9a6827b2dac7895694e9601775f2f6712e46c205,20004647,19998487-20098486
0x9355e92a77de71f5c0cd49629e8a2507d8f7b050,20004707,19998487-20098486
0x875aeb0e758a63a57b5441fddd6fdcac39695b3d,20004737,19998487-20098486
0x78be015f3f650836869611226c398a3f9df5d403,20004747,19998487-20098486
0x93ef7f5c07063fb0bbeb198b88ad5fa84cb10f22,20004877,19998487-20098486
0x54ccdce5025e9ea9eaf378d486954374b07ee2ed,20005027,19998487-20098486
0x535bf8270487536663a6a5b0db5f429e6ba6bc8c,20005067,19998487-20098486
0xc626845bf4e6a5802ef774da0b3dfc6707f015f7,20005067,23998487-24098486
0x7cfe310b31c71c45a8141326cb73f7e248a42bd1,20005107,19998487-20098486
0x1b24b533f5723122917daa5e15f74ba9d121bf2a,20005207,19998487-20098486
0x255f526483435c4b62dcd05c7cfcc83f8c23a416,20005297,19998487-20098486
0x4994ade96702fadcdc1946e9349a8f86e226158a,20005297,19998487-20098486
0x72a668de8be5a112e2310ff5036307f90ecae8ab,20005297,19998487-20098486
0xc97a976de4da53b031e34c4f19a9e02c3c542704,20005427,19998487-20098486
0x7a5008ad7ed34c0764047eba1dd952770581c0eb,20005437,19998487-20098486
0xe21dee010b5309e3ea85606d02ef2d89e8dcc024,20005457,31997487-32097486
0x623777cc098c6058a46cf7530f45150ff6a8459d,20005507,31997487-32097486
0xb7c1c4290946efc9fb8e4c47a65899f98f448272,20005507,19998487-20098486
0xa214aed7cf1982d5e342fd93711a49153623f953,20005537,29998487-30098486
0x784c9b65be4f8d37329bd3b60f2dbbc8ed8efcfb,20005547,19998487-20098486
0x55cf851bbea90c64d97003258f18ed6643f3d4bb,20005577,19998487-20098486
0x75359fcd3b430284e5d5e24bdc23526c6dede9a7,20005577,19998487-20098486
0x77a917df7a084b7b3e43517ae28373c2a5492625,20005577,19998487-20098486
0x41af65a0c5a93c9593279e19236a46af9352fdb1,20005587,31997487-32097486
0x7ee5c226a46b2c4c8a0487ab23a9d3ffe50fd4de,20005737,19998487-20098486
0x16c56709bd3ee083e2cc7b10d230a1b05d372218,20005807,19998487-20098486
0x2ec4c8ebf7be5d8d37073919d18c21ef71f93e97,20005817,19998487-20098486
0xc2c007352c00fefa1a4752a28658705168abd873,20005817,19998487-20098486
0xcb5c86e4333114b7dfde0c1274ca579ef2013b5a,20005817,19998487-20098486
0x88ff654e88974fa6b2828d766b8ea16f59680e4d,20005877,19998487-20098486
0x2988d030b060ec8c226eebad66682e5b0c717424,20005997,19998487-20098486
0x256efafed786d24163bedf15d583ea5dbdb4757c,20006047,31997487-32097486
0x415669455d93b755efe7f20ef6f1dbdce7f68f7d,20006047,31997487-32097486
0x30e3257b88a8ddbdc952f0f9e7694dca3a3196fe,20006067,19998487-20098486
0xa65755a01ef7c3d6d3f76c28b30103f2073e5d35,20006067,19998487-20098486
0xa66105eff43b29c43d28102de44907a116bdf2af,20006147,19998487-20098486
0xd34792f7369ebd31dfe163febd0198825ccfaef3,20006147,19998487-20098486
0x2e1b4703c82141d641c7157a67230e804075d40c,20006167,19998487-20098486
0x9c012c259439b30938a7ff5612a5f4add42b9cff,20006387,19998487-20098486
0xf658deaed035cb2d88185070f4dfe289725af8f7,20006437,19998487-20098486
0x38ddff5444d58b78e8179466cb7eb1ff0efa839f,20006497,19998487-20098486
0xa62ef2b89003eb40a9f51d674d02a7fad6bb41db,20006507,19998487-20098486
0x6fc524108f1579155bc10fa6985f3e63ba91dd3f,20006547,19998487-20098486
0x083c828b221b126965a146658d4e512337182df1,20006727,19998487-20098486
0x29e866a8471da4f89b4aff3fd41c801d8027058b,20006827,19998487-20098486
0x7dac480d20f322d2ef108a59a465ccb5749371c4,20006827,19998487-20098486
0xa594f87198d8b62d53ee8bef44f3c957f44fc940,20006827,19998487-20098486
0xcd9307c7c15be395cfaf3480404f1f6dd22cf738,20006827,19998487-20098486
0x5700b33a3c9e5096e602d8b53ba0b263e417d2f3,20006857,19998487-20098486
0x8d6da7ba023e95ac6dd0c00cc06991e739933e6a,20007267,19998487-20098486
0x6b09e2335d1e9e01c407ebb083ac06501ed453eb,20007317,19998487-20098486
0x80fe121b69163e17bd4e9cc573652e29e48fa4ae,20007357,19998487-20098486
0xc1e28f6514c7c02bd575409de915a0839d4e4114,23998577,23998487-24098486
0xe579e19f38572a02a2c32f70a45896d47119ed6e,23998607,23998487-24098486
0x0d6cb63a4cedf4fd852b69b2d694b3d6810f70eb,23998837,23998487-24098486
0x789099c062b60280cf4ddde219890ff351262088,23998917,23998487-24098486
0x9b13a4dded17053cae4ec3b846eb890277d9972a,23998917,23998487-24098486
0x94b1fd2b784030004ea7e1ce0a5f91dde89344bb,23998927,23998487-24098486
0x842291cfbef554ff48197316136df9bea63eaac6,23998947,31997487-32097486
0x0be42e65325aeadcb5957442945d50a25c8cafb5,23998997,30998487-31098486
0xb93c7491465cfe6121ee6bf62b2fdac567669953,23998997,23998487-24098486
0xcd2afeaf99a8ab9e1bff24c47fd5d1d284d7231a,23998997,30998487-31098486
0x13b8fb094b64c3a45014308f855e68fa6e834f75,23999207,23998487-24098486
0x2522f8dc783db8e57c2f1e4072b0f71cf561bd6a,23999277,23998487-24098486
0xee69edad15d6eca14ae705ce75da8bd5d20a4871,23999347,23998487-24098486
0xaa966bcad3514e7a24f8a078e990c5081f6665b9,23999367,23998487-24098486
0x888586caac2a4e0cce70772f7afb50e3fe77e6ee,23999477,23998487-24098486
0x020706b53df41bb8d9ad56efe7edbef900a56a70,23999727,23998487-24098486
0xdf743cd340ff7245ac0720af5e6bc6cdb4aa8238,23999727,23998487-24098486
0xfe642e65b75802bb33e4022545a26332f6d33557,23999777,31997487-32097486
0x238193be9e80e68eace3588b45d8cf4a7eae0fa3,23999787,23998487-24098486
0xd73c5e36d47eed32f0327f9d3f04b49384e90fab,23999787,23998487-24098486
0x395fc9a7b8b2371721aaceba07cf7ae23f55ba14,23999897,23998487-24098486
0x7d5cd3e60008b96d5ad6be548fd965f47a98c905,24000047,23998487-24098486
0x391e7c679d29bd940d63be94ad22a25d25b5a604,24000177,23998487-24098486
0xf7625211f078cdd971538e1e5022e3f7741d1e95,24000207,23998487-24098486
0x83bef6b4bdc5e23767dedc5c0c812ab8a783e685,24000237,23998487-24098486
0xfc49f90c00e2193b2776f9c0b58e25d7abd4d2b3,24000237,23998487-24098486
0x2d832b4e4b39208109f4a6ffafeaaf4d6c63b57f,24000427,23998487-24098486
0x5120b907acb35b9303bea0c171c4e3b18669cb20,24000437,23998487-24098486
0xc64867a3ee1e70d617077aa90e760ad97c8e65e0,24000777,23998487-24098486
0x2a37d63eadfe4b4682a3c28c1c2cd4f109cc2762,24000827,23998487-24098486
0x3ecf8a199e9a540f0f2dc8a3b169cc5a79d6efc6,24000967,23998487-24098486
0xad751c7f7c49f0d2079bd3b3b9df7b916eea78fb,24001037,23998487-24098486
0x92909133adc892175f806f2c19bf10f85837eb84,24001127,23998487-24098486
0xd30d8ca2e7715ee6804a287eb86fafc0839b1380,24001127,23998487-24098486
0x5c780a9b51d8358b230c4c92342cb57b1bcf1900,24001437,23998487-24098486
0x4ee17cf485b2c7d21ed39cd654fdf6a336ec995d,24001447,23998487-24098486
0x6593fec733afb22d2bc161a8df30c503590d50ea,24001447,23998487-24098486
0xf68774ed6c43d4067ba5cb69a054b90f40f93382,24001487,23998487-24098486
0x5598e6596e92ee25158544727fdd5aa3cf8a4204,24001507,27998487-28098486
0xac304b5c52af8fc89be09138f80d9255147df48c,24001507,23998487-24098486
0xa7eccdb9be08178f896c26b7bbd8c3d4e844d9ba,24001567,23998487-24098486
0xe7b150a82f97e3ffc9df4084410fcc680e287107,24001607,23998487-24098486
0x6a0bb98ac93137c83f7f87c8d3e59143104b3334,24001627,23998487-24098486
0xe9458f8e03e76ef81614cb0b77e070d55a60c1ed,24001637,23998487-24098486
0x6343f32719a54a553624da8fd0f10ff4a30496c0,24001787,23998487-24098486
0x7af9338b7bd50ed9fea0733bcc07af3d73c6f275,24001847,23998487-24098486
0x8b1637c5391ed912fc65734ac35d177f4fd95df7,24001857,23998487-24098486
0x83f7d47882cade1858ddb4ed4e94048c31039caf,24001927,23998487-24098486
0xdbb6b9d1890155b9b641942d4d3f73cf66dcfc83,24001927,30998487-31098486
0xe7dfd51c43ce3ccd85f13c4bc6f1667410fc2529,24001927,23998487-24098486
0x3950bf2fff93e5d502430f17924aef4c621ea772,24002097,23998487-24098486
0x827802f1bc0b560551aabc0461fbf8142788a1fb,24002097,23998487-24098486
0x78dcaaef07e07f1dce2738200c7afbfd7627156a,24002157,23998487-24098486
0x89c6340b1a1f4b25d36cd8b063d49045caf3f818,24002157,23998487-24098486
0x65792c3579c01b98f920777b6c936ab1e46bb963,24002217,23998487-24098486
0xa7ec92d95f66cf9829462e5ca1a63c8faddd72d5,24002317,23998487-24098486
0x2329b07cf0f949b398f9e6dacb2429d681f22176,24002587,23998487-24098486
0xcf7ecee185f19e2e970a301ee37f93536ed66179,24002687,23998487-24098486
0x87388cd0e9d8ea75fa9c217f5ec4698422821b6a,24002697,27998487-28098486
0xb3d1fb7e221d11baa99c2b84c0db3fb1399c7fcc,24002697,23998487-24098486
0x34452e421787f15af743195bd2ed09435f340130,24002757,23998487-24098486
0x5fbce71b1b74d0d8511dc708ceed3250a1abdaca,24002927,23998487-24098486
0x38a07152ee64c7067feeba904d72abc9a9da0c77,24002957,23998487-24098486
0x8a0645a5915ae2078bff9656bc83d354fa06139e,24002957,23998487-24098486
0x98751600628aa93f966726d66cec66a039480dea,24002957,23998487-24098486
0xf1aca662d5318072d3c1482c936b0ba0ee2f0c52,24002987,23998487-24098486
0xe894fa40889b4ed2be4a0de343fb31a35443ac9e,24003047,23998487-24098486
0x61f4ecd130291e5d5d7809a112f9f9081b8ed3a5,24003127,23998487-24098486
0x7c499d60555e29241cb834afae2eda70deeff559,24003327,23998487-24098486
0x459dc0dcb82c7e3c791041f9cdb5f797b6459315,24003357,23998487-24098486
0xff8544fed5379d9ffa8d47a74ce6b91e632ac44d,24003357,23998487-24098486
0x70b516d751680b7abb3499a176803c9c50aae7e0,24003417,23998487-24098486
0x6abdefaa8fabc39508d54100d06e9eaea08d9afa,24003567,23998487-24098486
0x7915c217654a80363737545ad05daebf2fab9568,24003607,31997487-32097486
0xc059533080803b3d4d3c65ec4f23b6f7b6196d38,24003617,23998487-24098486
0x07e114c06462d8892ae4574a7502b8c1c0fbdfbb,24003757,23998487-24098486
0x932d7e38fc589b8124a7078c834da0354d5a057a,24003797,23998487-24098486
0xf447b405fc7b41ddfef3cf66ec790eabd6b26a47,24004077,23998487-24098486
0xc7f63487c9fd3bd5281d703285656e33a2807b8e,24004397,23998487-24098486
0xf76a0d83f7904705547671b6bf634565fc35e0b8,24004527,23998487-24098486
0xe88f1dd588efaff52760ed9ef41b1a3e9f387cbc,24004547,23998487-24098486
0x675695097ca0a5b675631baf306ecb7f7b9b0dcf,24004587,23998487-24098486
0xaf9e39a6fbc46bf0434ef96523aa964165590a2b,24004677,23998487-24098486
0x1af12471694a9900a46d6e9c99857efdaa03cbf6,24004827,23998487-24098486
0x65f82507e07b0375fe55a5d70259033baecaae9b,24004827,23998487-24098486
0xca57d7331f40e0e771ca69279a7deeecfb0cd039,24005097,23998487-24098486
0x4581b89e04de97b5e120875ae2608779c4faec97,24005207,23998487-24098486
0x148892dcddaf3241e6ef112aaf4007b18c211b9e,24005347,23998487-24098486
0x3beff42b258a2c3e87de4fb1a1efb49acc928dfc,24005347,23998487-24098486
0xc60a583b052c5c35190393eccdcab20a76cbf777,24005347,23998487-24098486
0xd6ef5ac82d178d6a44cf6df99735ee9ab7b493b9,24005417,23998487-24098486
0xc8cbe25381d08ef1302d26fdab23ab455c6c79e9,24005497,23998487-24098486
0xe2a70e9d1a4e1d45602ec7c709cd7acdb8533f20,24005527,23998487-24098486
0xe4d9f174e9b9f987836030ca0b244a5b4f615869,24005667,23998487-24098486
0x564d9033752e95f9528d9fc3ded47a6d7ed6f8e4,24005717,23998487-24098486
0xf54a4f5aefdae408d16ad18dda774cb301317382,24005717,23998487-24098486
0x3bdb03ad7363152dfbc185ee23ebc93f0cf93fd1,24006247,23998487-24098486
0x5994ac0de5b8966ee74b0a67d4afb9176ff9f772,24006247,23998487-24098486
0xc680bcda3b122837a0d49ba23f607b412cd90906,24006337,29998487-30098486
0xe369e8176960afa83aaf9a396c52fd091380093a,24006337,23998487-24098486
0x4654b7614f264e35a815bed71e96db3d7f4f670b,24006397,23998487-24098486
0x64936e4a960eccf6048b92267802a773e7636992,24006417,29998487-30098486
0x889758b37ed75953cadf00dc6f56781c8367ca41,24006417,23998487-24098486
0xfc92bcb548e630f82cdce642334f6b39847c92cb,24006457,23998487-24098486
0x0432e16a05660c496abbe82a3bee561b57792b76,24006477,23998487-24098486
0x0a914a24d1fbabe0d913cd1bccb275938133c071,24006597,23998487-24098486
0x49525c292f006396aa78d3441ee73ee992ef3183,24006647,23998487-24098486
0xa2c193e15f2564d5414ed8da474db4ec1bb8d4e4,24006657,29998487-30098486
0x69e22b4eaa54a60b58964e9afd175aaa011ab01d,24006717,23998487-24098486
0xc3e8b59b47112c3937a1d1a8d833ddc65e9ee5ef,24006747,23998487-24098486
0xa01c28cebcea47f26877995af0dd8a445f4adad5,24006867,23998487-24098486
0x009905bf008cca637185eeafe8f51bb56dd2aca7,24006917,23998487-24098486
0x88913bdc41da3a18c93cdf2e97f9f0c73a7084b4,24006917,23998487-24098486
0x623b3471753e09e8fff61435882de2e89999b2ca,24007157,23998487-24098486
0x12e081ea95127d2144fda40810f10d031f4bcddc,24007227,31498487-31598486
0x6eb22cb84989529fee9ed5664cc9b0f140cd161e,24007237,23998487-24098486
0x8bd4ab4cf017e15d630f325aa4f6362c224b864b,24007307,23998487-24098486
0xb18def2832a1a0b961aa00550cb0f588a185ba28,24007307,23998487-24098486
0x922887d0fd9382ee9f534f925a775102229a19b1,24007327,23998487-24098486
0xcb2334d42910faf6865abe1fa8e079306b3d9ae5,24007407,23998487-24098486
0xd0a625cb5653b1bc50e0df215ffd1ddefc363324,24007507,23998487-24098486
0x5df48b92045c3696f7a5bc37cc732e3d71e19ae8,24007587,23998487-24098486
0xe8566bd83ae21e540c1623897df1c129c6d286ff,24007587,23998487-24098486
0x4ea6a4348c883906d7d02eaa5f1a60c94bfdc853,24007657,23998487-24098486
0x0fb6f9585777c2df4e2ba5facb2281da81fdeece,24007667,23998487-24098486
0x9544df7c3212818e0242fd533c2c14891a7f102d,24007667,23998487-24098486
0xfaac105dc04fb37ef487904d813b28e5043dffe8,24007667,23998487-24098486
0x76e42b4459090439a6ae8bf5f262c1e79273527b,24007677,23998487-24098486
0x0057278e3ef69456901f4ea605ee396bd668ebea,24007727,23998487-24098486
0x035b038fcc56a943f1756641b1af0a8cb755357a,24007767,23998487-24098486
0x53912e5f992e168e60839181634ee2c806da746b,24007987,23998487-24098486
0x3a5cc27b8f4c45c3e7e6bbdcb1c1650d7751690e,24007997,23998487-24098486
0x98100d1786b6cce25f64bbeb082948f5ec613419,24008157,23998487-24098486
0x724eda2484513dcb85ef7c1be5b5a229a15cdc94,24008167,23998487-24098486
0x4683d038f729657be385491fc488309c024234f6,24008237,23998487-24098486
0x4ddb5fab504f1ff841c015c428f4ea5fd2c8f291,24008237,23998487-24098486
0x5bd660521717b05fa1643209d9c727fce4d8116f,24008467,23998487-24098486
0x65782ccc54d8ecdefb389f34fe8a503f66263f97,24008487,23998487-24098486
0x4f2a4243607f274301017acdc2a5185ec5a79cb0,24008497,23998487-24098486
0xcfb52a9e5808302ec8b3201f9ffc973cde2f5c3d,24009047,27998487-28098486
0x37565cffc3c430c4bf8a2399714389146833b8a2,24009157,23998487-24098486
0x1cf938e05731e0eec4ab5934a3fb1429e536e0c3,24009177,23998487-24098486
0x31e3d4e6b7962e363ec0c0aa0c859358c7879157,24009257,23998487-24098486
0x63b6206f53954e123f5db5284be4bf416ed56137,24009537,23998487-24098486
0x107a4596c5664fddd918fbd2605e69feae5fb4c6,24009657,23998487-24098486
0xf82b3a0cd76ef3dcfaf772c27b2a39f1e1915494,24009747,23998487-24098486
0x83d4a7a5e82ebf1ee8d45c0365de7c41373c59fb,24009877,23998487-24098486
0xc0b54011af8591ac7f9dbc635ce3660b5db903a7,24009987,23998487-24098486
0x4fe25c92341f9a3141f172a427f73d32f180f33b,24010337,23998487-24098486
0xca3c069685b053cbee6300ef6d622b1448dce6fb,24010447,23998487-24098486
0xfbc5f5edf8bf111f6c09ee64874727f9e8a4fba5,24010617,31997487-32097486
0xa255b691d48546e0ee4c62bd33c985af1af3ac53,24010657,23998487-24098486
0x1e907e9e37b1bda638af818281a574fa137b5d07,24010967,23998487-24098486
0xde5cabe76e2060574384e0a1c82ea3a65dfeb47c,24011157,23998487-24098486
0xcee9cb0fd4ae6813da96e252fa3e8deadd1cf637,24011177,23998487-24098486
0x1d1d9e7dbc56e1ce9cfc2c3138dd47f48a0e9621,24011367,23998487-24098486
0x0bc9e2d83106cd619f0ace09faeb68431d0dd7be,27999487,27998487-28098486
0x59916da825d2d2ec1bf878d71c88826f6633ecca,27999487,29998487-30098486
0x3368e188725d08cb88b2592c17ad8334c9bf7f58,27999507,27998487-28098486
0xb4132d4d3cafc7c053f2eae74215ec13642b0669,28000157,31997487-32097486
0xaf4a8048b2a2ce1757e221c9af0b8dc2426ca625,28000897,31997487-32097486
0xc8c2473ca020f27f67a64d6247bfd1e55502e2ea,28000977,31997487-32097486
0x200a725af490ca05e8577ecf7b4c83e57fea54a5,28001647,31997487-32097486
0xc00908d09adf1fcca89e199f0fcc562922da5692,28001817,27998487-28098486
0x819fec2168eeed0be582621cc991aa38df6d296c,28002237,29998487-30098486
0x779c8ce226fcd80bd83770883bbada8313492ac8,28004497,27998487-28098486
0x699a27cc7ea34c2236162043159d5946be08823c,28005277,27998487-28098486
0x9b26045d1cfeec3736621c9fe618f154a87ddce5,28005277,27998487-28098486
0xf436a540811a120e2e984abf00e6f01d8424abb2,28005357,27998487-28098486
0x5c452c87ec0351913c22599b13dacddae0e0a114,28005497,27998487-28098486
0x30e026f9b3d78a317cc0d4e91c2ac56d50bf3fce,28006047,27998487-28098486
0xd01dc6a0233de43f19fd99e69742ba15078d496f,28006047,27998487-28098486
0x8ec6b2cd27db2ed4b65fe88fcedadc6b3f07693a,28006247,27998487-28098486
0x737dafe24f65744bc757d0934fe818a380bb0ca5,28006547,27998487-28098486
0xc79c882280e9418e4d6ea814d26770a267843127,28006677,27998487-28098486
0xc804154139b5f7cb412eb3051a84ea9df755e2a3,28006677,27998487-28098486
0x990aabb2cd476ad10855720cb734953c495043ae,28006737,27998487-28098486
0x71ddf9acf07d4b10d6e6318a913f2f9ea4a0353e,28007987,29998487-30098486
0x4121b940b6b6a23624f61d87ff74b95d1d213ad4,28008567,27998487-28098486
0x439904c2dc8874e484f2134078379ab2aec2399f,28008877,31997487-32097486
0x4eb68ecf77639e64c9ed0826978940fec1be9f3f,28009467,27998487-28098486
0x86ee3d0d858ed329d647037f32c01515f74d6ddd,28009467,27998487-28098486
0x9eeaab14e43250cfc04a1901b734779cbccb5d5e,28011477,27998487-28098486
0xed2c9aff19a6b5d43383624472e85bad29a036ac,28011517,27998487-28098486
0x0ff1ed35545d14b1b07f771c38027580f624c91e,28011917,27998487-28098486
0x49bc288acf75e5248abe86b21ffec800a020dc4a,28012977,27998487-28098486
0x1d8bb512f56451ddef820d6fe0faa0b1b655af07,28013907,27998487-28098486
0x085a92368ab710a85f57b9872c0fe4361a405e5d,28014537,27998487-28098486
0xbf20bfc8f6e9c2946f0ebdde84a5d973332202ee,28016097,27998487-28098486
0x2fb55f3f63e21b1a450f59b5b17034f7f955a8b2,28017117,27998487-28098486
0x3f2df9d36f0fd528e450973991e7efe8a17a036b,28017447,27998487-28098486
0x9bfc22621cae7399ea2724b5531d9d1ab92715b9,28017937,27998487-28098486
0x5d60ec3ebe9d7abea493ff96cae6e4be6318324d,28018677,27998487-28098486
0x7959ebc9b52b7f0cd61a8a605fc69f42f2cb6da5,28019757,31997487-32097486
0xa939b353f3148633dd5fd41b003a40ceefd21141,28020247,27998487-28098486
0xe48fef91f682578914cb3c2aeaaeb41edee60ab3,28020427,27998487-28098486
0xc451b0191351ce308fdfd779d73814c910fc5ecb,28020697,27998487-28098486
0xece6806c469591a8665e27139e798cad0c4d1acd,28020697,27998487-28098486
0x341a38b69a6b8f00fad4eed3a2b8528e3fed07ff,28020877,27998487-28098486
0xd10c833f4305e1053a64bc738c550381f48104ca,28021657,27998487-28098486
0xff88768dde21dffd69c1aceafbdf0d6134bb2060,28021747,27998487-28098486
0x2704b75cf050a5d556ebc541f1417db12a035212,28022077,27998487-28098486
0x9f403140bc0574d7d36ea472b82daa1bbd4ef327,28022827,27998487-28098486
0xbe4fb271cfb7bcbb47ea9573321c7bfe309fc220,28022827,27998487-28098486
0xe294c510d020cf4fec1aec0b8735f882c1f6f733,28022967,31997487-32097486
0x818fb297b3223dc285ce5a6ce152e916763e29a1,28023127,27998487-28098486
0x488863d609f3a673875a914fbee7508a1de45ec6,28023137,29998487-30098486
0x7ab8d70e579c89fe75e9eb2cffa4ccb27722b6cf,28023347,27998487-28098486
0x1ad95f9cc90d7b03134c9cef55c4eaacf9a82a44,28024657,31997487-32097486
0x75feba0b7763ec26c2ba72a65ccb8ebb0dceb8c0,28024657,31997487-32097486
0x2eb919dc3a5bbb13d91e62acf6eeb4bfa1aa60d3,28026607,27998487-28098486
0x90d708798249dbcda4b6daada5ac86b067d4b8ba,28031707,27998487-28098486
0x04a6fcd89607de59c731ebc5534f92b608331a67,28033317,27998487-28098486
0xc5f350c5f8bbe09b5afbcfbaec4f187592e79f69,28033457,27998487-28098486
0x2474462276a060057b07a72d756018f0288a46da,28033467,27998487-28098486
0x89c06edf70662a472353fa22c085b4bc7b9acbe2,28035037,31997487-32097486
0xade6209a546a20e7885ef20ede1678fdd3e9c2d2,28035627,27998487-28098486
0x83cc3d2c284d423cd18e9a44dc24231ffc7cd3c6,28035777,29998487-30098486
0x89cbada8c98919e8c44d744a4234c2a8e22dc4d9,28037417,27998487-28098486
0x7560e255f7d5abd4af80d48f9834bad510a27835,28037567,27998487-28098486
0xc08a642bf42c34ac763688254ca32ee660d716e5,28038007,27998487-28098486
0xa9adc695727f818d9c4585fb211dc8dee7302971,28039157,27998487-28098486
0x8fc8f8548c2ff2d7a8a92a30acab3ca6a6b9f868,28040077,27998487-28098486
0x906797b88cd35aaecb9b348e5399b89676e89843,28040077,27998487-28098486
0x9324ea43553e1eec6ccf68119caa3a05fe80dc8a,28041277,27998487-28098486
0xe530d28960d48708ccf3e62aa7b42a80bc427aef,28041277,27998487-28098486
0x432dee14106b591a4933effddc30221f28a8ba1e,28041307,27998487-28098486
0xa0e5d5f7caddda0203a7f505afaebaf95ab0a76d,28041877,27998487-28098486
0x2dd0b3001ccc2cd88f8e25f3e1fcaac7ecd6de88,28041987,27998487-28098486
0x1bebde1d2c380f76cfceef50b922281a507dbcb1,28041997,27998487-28098486
0x8754bc615047de01228a7527b712806a71a8dc9a,28043547,29998487-30098486
0x9d9d32b5515b04e77a63de159da07ce218e0a12e,28043547,27998487-28098486
0xb6d0eccc97b8858f0645cdb7f3f1190103b0d9f0,28044457,27998487-28098486
0xf5ff6011f14f100cdc166a8d6521c04715f4f83f,28044457,27998487-28098486
0x7b1471e5165b268ee6b1bf57edd14ef273396054,28044467,27998487-28098486
0xc416300b936880c81257d356948890a9cdcbf6ae,28044677,27998487-28098486
0xa011fe59c22e5c59c890583b83f4e332157c7fcf,28044697,27998487-28098486
0xd0017a0044ee74d5b1d2feffbcaeff090a9aa6ca,28044857,27998487-28098486
0xcfd461b0312e99dfb0edc2b21559ead54e9a911e,28045227,27998487-28098486
0x3214b118a1f72ea82efad7249a8c6c98f30f6db6,28045347,27998487-28098486
0x6cf8e51700554260866331d8e1e1b9577dddb353,30003007,29998487-30098486
0x18c9ff3c49d1d2d9a432af5e63be4864226be2bd,30003227,29998487-30098486
0xe7ac1be175dbe89db73f44878d6a5ec751015fe6,30003327,29998487-30098486
0x20c0ffe245c1f21141dfef273de035e855e46b96,30003687,29998487-30098486
0x8f957ed3f969d7b6e5d6df81e61a5ff45f594dd1,30003687,31997487-32097486
0x9140421a8c63d7270b1a5db2056917ee57d98456,30003797,29998487-30098486
0x4ae999a58e6e8decd09459b565735fa274d25cfa,30004297,29998487-30098486
0x178580ad1637e076b5b0c1b7414663d945f922e9,30004327,29998487-30098486
0x1d3d04ab66f830cf6758bd60cbd1fd85bbacda54,30005187,29998487-30098486
0x35ac0df50efea3246c0f9b69d23be607102a1200,30005307,29998487-30098486
0xbc9a641a9707fa0a6c1a3a380671f541a18f464a,30005497,30998487-31098486
0x83ecfb358becdeafc0a55280161e3072c9922dc3,30006007,30998487-31098486
0x8dbff231f9e5c30b961db290e981952adf70ba48,30007517,29998487-30098486
0x06062d9f4703a1f641d8e3a9f52a6b0da9b47c69,30007547,29998487-30098486
0x1144fc74a4907375273b14211ab4e3b8cfc4231f,30007547,29998487-30098486
0xb6ccf3c3389a4d20982e3306cb12f61efb1cacd3,30007547,29998487-30098486
0x3f6546963ff78b371ee672f26c4cf0e849260cd2,30007637,29998487-30098486
0xefc93e25e70d6d79e0a364b6e53accee9ac45a3f,30007687,29998487-30098486
0x0892d6d6840cdcb0d1a22feff9ca3ef6b9a824e0,30007737,29998487-30098486
0x5bdf3b18a73469ee06f4b05a0b1ad84d8048e103,30007787,29998487-30098486
0x937dbb2bd994cd7fe3a7fdedf08d5ec70c892ae0,30008137,29998487-30098486
0x209adc932c8b174a39e84f96c443b8dd3bd6c9f1,30008397,29998487-30098486
0xd73b602da503d583935b7ea5774af779f0694276,30008577,29998487-30098486
0x4ccb77dc625db500022f482505b38baaf9e64740,30008627,29998487-30098486
0xf32bc96f7ac17cef7460c788f81e7aa4af30ceeb,30009037,29998487-30098486
0x35335c4628327f275545dc8b50dc761862ffa940,30009147,29998487-30098486
0xa02f280caf4e5f0a649ab748bf79fbd067c4333a,30009937,29998487-30098486
0xb3872e5f5b80390613c1332dc3db871c296bf20b,30010847,30998487-31098486
0x272671cd64309a0eb2099e49b42e9e9d91afc620,30013517,29998487-30098486
0x2b80ffb96019d3215ca4d68f7d80aa78f92ebc43,30013567,29998487-30098486
0xfe42390f3f5fd4902ad72cc0f5644c15845051bb,30013757,29998487-30098486
0x062f05cd6c835677b05a8658a351969476861316,30013827,31498487-31598486
0x5258d5beb800df857d8a4e808ee0c8c7bf567e0e,30013827,29998487-30098486
0x8be4350b96ef2e15bfba9f8327ed292694bcfc8e,30014017,29998487-30098486
0x20ad80f89ea3b3dc079484214924f98ac684b7c6,30014597,29998487-30098486
0x03b6d486e3b9c0ca35761e968deb14cd627ea821,30014737,29998487-30098486
0x03f13887755bb8ebb3a11c6a13c3ecde46f23000,30015247,29998487-30098486
0x4af40aaaf5928febf23774a1faa62f413f5e973a,30018617,29998487-30098486
0xfe0b21c2e40a2e2845922361a3dff675e6923531,30018617,29998487-30098486
0x66e517b225481abc4fca905348986feb0c4e2c12,30020647,29998487-30098486
0x739df3eae179d323d2a2947c56dae1530f8bc61d,30030177,29998487-30098486
0xf8cbf618bc8ff4bf78beb744ba33380c362227db,30030177,29998487-30098486
0x0d4c2f8150a7a19ea4e4f7a512ee079d85bf63f7,30030387,29998487-30098486
0x34b7103905aad8a763bf8818cda22e5e9af72624,30030907,29998487-30098486
0x3b74282bb272348e4f1730489991e808e79f1777,30031497,29998487-30098486
0x3f922732b21f36e3226944ec7606acfdb55d35c1,30033157,29998487-30098486
0xb690b8bfe965a5b90deaa7a322343f7feac39a56,30033817,29998487-30098486
0xbce5a16d2801083eb194039e8c01cb9e4851eaba,30036157,29998487-30098486
0x091ecbf29a599fc799fcfe7f986a177977ecd523,30038137,29998487-30098486
0xaf6d4f2f0f4d08b34182234d6c39865b56ab5b4c,30040007,29998487-30098486
0x982290d36ecbdcd56743684b52a1591fa5092cbb,30040057,29998487-30098486
0x32429d07fd585990978e3bd1aa87de56476f0910,30040097,29998487-30098486
0xe13f88f7b02a909f8f40b16d9aa64d2ec5b3d135,30040097,29998487-30098486
0xd0f4009e59e97b3cf356e92336b89008d10e6b2e,30040107,29998487-30098486
0x6b6b0d146edfec4ef8388782f069e6d26e91ef9e,30040167,29998487-30098486
0x7b8cc7ad48fca14165287c0590583b8477219a3a,30043847,29998487-30098486
0x31c798ac8159568d44c7f0c8678bf6fdc4caf57c,30045807,29998487-30098486
0xad3c4d5cbef66293ae86c0e23a2584ee50e5a317,30047287,29998487-30098486
0x95bf28c6502a0544c7adc154bc60d886d9a80a5c,30049247,29998487-30098486
0x6b78c9d678e9352bf189fd590a844f96cfaafda2,31016417,31498487-31598486
0x6a003b00f799919c2998e5b07709744ebcd31cb3,31019027,30998487-31098486
0xb3d283f11cea03bc6e80e8a4fcd34b38fd8a5e8c,31019027,30998487-31098486
0x346dd9a2950cd09f703a8dd962141a6d78b72599,31028837,30998487-31098486
0x6718f03b382e252e92b47be953fdea94be85314d,31029877,30998487-31098486
0x3bd39453f9c39738acbabe1e703172368b4656f1,31030727,30998487-31098486
0x59ca61a9a253bf8c9e6059d8c3f9934f947b52cd,31031957,31498487-31598486
0xcf167dea97a12206b3319d133622be86d08d565a,31031957,31498487-31598486
0x40c23c9a56be82ebd72470b1796f302e9636f69d,31032627,30998487-31098486
0x7a2cfa04bb92809651b479a66275adfc2012e495,31035377,30998487-31098486
0x47760e5d1bfa5d5bbae2d4f5b60ec43a82553230,31041887,30998487-31098486
0x74668b9d15dc9a48c5226e88147eb12b3ca75242,31041887,30998487-31098486
0x85425f86a756f0a0274e52f6e5de1088aa1c5f7a,31042197,30998487-31098486
0x299bc2dc62a07a5fe854ff7e66e15b5af9bf1123,31042937,30998487-31098486
0xf41e2e7f0d656ed682eb5858a825f717a54bd025,31042937,30998487-31098486
0x19f4ebc0a1744b93a355c2320899276ae7f79ee5,31043627,30998487-31098486
0xc77ae4f296e67112c3ecf0c8bb02ae74a1ec7799,31043627,30998487-31098486
0xbc123a08d6314e3052a990ae0fc2bc6043535e90,31044547,30998487-31098486
0xd0cce4f76ae44ff6b6f7d8d8e6b08c4b91d0cbf2,31049447,30998487-31098486
0x059858cfdb4b8d47e632990e65c90cd5ff35ea1f,31052747,30998487-31098486
0x48bc8de96194d531c73a85144515794fcf4c4564,31052747,30998487-31098486
0x7f6eaac76836b4eed36b9d008a37b284f66938e4,31053467,30998487-31098486
0x35eb04fcc69ea4dab370c95e53b1814830116a70,31053637,30998487-31098486
0x3e91e246e0e566b41324dcc36227f0a43b3d6c76,31055987,30998487-31098486
0xbd8317bff900a887e94d6ba61c03e91d1fdbe5fa,31056547,30998487-31098486
0x023fa838682c115c2cfba96ef3791cb5bd931fc7,31057607,30998487-31098486
0xb398d5c16cad89c2cbacc9718e6ea3780a8d5880,31057607,30998487-31098486
0x13da9b5ada359ec74e932092723a6ecfcc87a651,31078537,30998487-31098486
0x44da20bf78fef25db0cafba3d0b4f0ca0dd80d80,31079027,30998487-31098486
0x56cef4156e712d21f2c03192a660dd31a38cb975,31079027,30998487-31098486
0x221b8d806748e3592640cddffb32d93638e85bce,31080397,30998487-31098486
0x691155704680af18d520c1f89dd949c5acaab21c,31080397,30998487-31098486
0x10f7072452f17d425fc8acda73fd4c26cee7dfd9,31080917,30998487-31098486
0x46f02cb4e117aad60f18885114942df11f5a0499,31081517,30998487-31098486
0x79f7c6c6dc16ed3154e85a8ef9c1ef31cefaeb19,31081517,30998487-31098486
0x510e5253a6e16f23f07559dc767790d35670b5a1,31081967,30998487-31098486
0x368b6ac222a3f2fcdf87b39388f3b5584c07b0b8,31082417,30998487-31098486
0xc118d14516f947a47e80319fcd3ffddfdead7777,31502127,31498487-31598486
0xd2c5c709179f82b06b44f469a6335d948624d2ff,31502127,31498487-31598486
0x99b0e034a5a0504a5c47c067a4e943db3d4a4a60,31502727,31997487-32097486
0xd7d4e294a3c17d290d4a1686c59dcdd7304d47b4,31503567,31498487-31598486
0x0e549147f670b1c055f69cdbb7b13830142e1e2f,31504177,31498487-31598486
0xefea30981a9d0fd79834e36c2cb709d57f1c7f84,31504177,31498487-31598486
0x1fcb63fb0caacea3d346bb96b7c27e29db30bb55,31508967,31498487-31598486
0xee59607007ead17c63bff70b6129ec7e7156505b,31508967,31498487-31598486
0x053ca636031aa635b2e360b38f030d2eae5b01c2,31514017,31498487-31598486
0x640fb10ec7d1bdb0f65a7ae3a8338b8723147a9c,31514437,31498487-31598486
0x561c83f2a98ea21e3b874ebe9dc686a9510bbd7a,31515597,31498487-31598486
0x375488f097176507e39b9653b88fdc52cde736bf,31518317,31498487-31598486
0x6b4b4ebb6826784c4a6a16c35eee2265bee1324a,31518317,31498487-31598486
0x10c2e39cc1ce8b4be6786eb7d8a5f4f3fc7934e4,31522517,31498487-31598486
0xd99ac0681b904991169a4f398b9043781adbe0c3,31529577,31498487-31598486
0x8a0ac34b2f2cc999b793ba67407c0d5b8ec0175e,31530297,31498487-31598486
0x713617e93e83ecd28fc0d5de23225e6c459014e0,31530307,31498487-31598486
0x7f6b19c4cc66fec1d4bd1f1803f22934b964a439,31532887,31498487-31598486
0x3ddf02f2d6e3afe2b0118a79b3656a5d88daaaad,31541147,31498487-31598486
0x2a4b03bdea735be24bbb141e2ccd7b92640631e6,31552407,31498487-31598486
0x21dbf0ef37b8d27c8b5c0df41008df29409accec,31554917,31498487-31598486
0xa1ccdc00bef0c3eb140e3ed82aeaf4071494917c,31559357,31498487-31598486
0x2d8fdd1b51abc5f354e59891f11e4095c3976c8a,31559457,31498487-31598486
0xbe860b9859d2434a8aa0f76ddde19484f74005e0,31559457,31498487-31598486
0x4ced9a88431c36ec2f4a7ee7e011466d8362a1a9,31565157,31498487-31598486
0xecf3365559ffe5fdbe1953df0a01244e234e4453,31565157,31498487-31598486
0x32bfd16358f82b39bc038c23ff978c8babc4ad0a,31568657,31498487-31598486
0x97115feab9bf36c4c0f9e8625c0c08caa861c31e,31568657,31498487-31598486
0x8c16fd38f5eb56698fefcd66dca9249ba6c9bd3a,31568737,31498487-31598486
0xf4c7f640bc046dada9633c2ebfa12180ce02f8b3,31568767,31498487-31598486
0x86b5f187469de99a824020e2afabfabe63d2eda7,31569747,31498487-31598486
0x26e86b0acf511d88bff86cc25ac3a5c936cd4caf,31576007,31498487-31598486
0x700b15dac47631e84758589f89b012a7b979ffee,31576007,31498487-31598486
0x0cdf8afeb88d2ac2b2980bd734c2e2615a53c3d6,31576417,31498487-31598486
0x6f7c20464258c732577c87a9b467619e03e5c158,31576417,31498487-31598486
0x3c45ac26343759035fa1e61bd99f89c609acf743,31576787,31498487-31598486
0xbd9f0bb86fbfff3aaeacf52350349b9e8a6f57fc,31577927,31498487-31598486
0x8f53cd2e7d6bc46e405941b7bf06827fc79407eb,31577937,31498487-31598486
0x11e9e872f52685bcb0037c29c8761204778b253c,31578187,31498487-31598486
0x87173d70612893b59e0ec33c6e2d93a2b8552ac3,31578327,31498487-31598486
0xeaa07c7ff9dff576330b5bf123afef5eee4df36c,31578327,31498487-31598486
0x114d995475840a129af10089fd55f32b56385082,31580487,31498487-31598486
0x85a596ee4e0be703b4bcf4e6244888036edcdb67,31583727,31498487-31598486
0x95a8a28fcd70cf24e43ba0bdd1910468d125d57a,31583727,31498487-31598486
0xaab6bd2906fa9e252e276df3e96bab392e038b6a,31585327,31498487-31598486
0xfbade9af36e7e6cc479b7a072a86b2d3b0209ea9,31587947,31498487-31598486
0xca9b16256124adeb7f2c0182680befef33e31366,31588587,31498487-31598486
0x74d8fe1a23d77b6853b424c05e9fcc745afcd657,31595887,31498487-31598486
0x6cd6cb820d0c23cc29328bee6563f0fa81b081c9,31596857,31498487-31598486
0xd9939a0ff223af886cbcf2c0140c4cc19a8b56ff,31596857,31498487-31598486
0x4cf15963b3e0a0c5376eec4d34a406653d061681,31597217,31498487-31598486
0x40b1beb7a24a34300e9d1f1cb56e6bb5e5ee3be9,31597237,31498487-31598486
0x4cf89f51e090d6dcddbbbe5a458a01e9061823c5,32000357,31997487-32097486
0x645a1900d06ec40e85339e01f7d51c7ae2dbed2e,32000357,31997487-32097486
0xc00fc2ec5099db4850e4035d1537f757d1744485,32001287,31997487-32097486
0x18d7c61826cdadc62bdfcef401d0cd5c69f3e945,32003557,31997487-32097486
0xdacf490da02b8bb3877f3c07bfa422a9c7ec0057,32005027,31997487-32097486
0x2b67600c70dce3609ece0f26179a69923579aa8b,32005197,31997487-32097486
0x6df09c68c6abd351ca68ff5d103e3b53a2796e9e,32005207,31997487-32097486
0x7b61ad2efb50ccbfd4a4546e08317dc87aa35a42,32005237,31997487-32097486
0xa6fc8f63ccd436363cbd391a1e787c250df2c27d,32005277,31997487-32097486
0x7d4238e3b2dda63a10c49b26a82f4a4ba76d6f76,32009157,31997487-32097486
0x99546a5fd65f4e509e5f8e332c55e9689e198a8a,32009567,31997487-32097486
0xaf36fe8be7012ac79c99ef50706bd90474ec3146,32011367,31997487-32097486
0x332e1a3c270b333660c45304bba1535a13e9bb97,32011487,31997487-32097486
0x5dab9d8c945f3ade10480e4321e077c6987cd579,32011837,31997487-32097486
0x8bcc8c04c6ecb71553dbbbdf2d3b964f9d0a9733,32011837,31997487-32097486
0x3c832dfbb45f0eb1d6c2ebb43b078b93ea617b42,32011857,31997487-32097486
0x5c7836d83058ef957e12ce9f0c084e4e9b5d33d5,32013967,31997487-32097486
0xf768f11073399cc6270bea2f86407d1d4cbcf53f,32013967,31997487-32097486
0xa23afd16a08194647cb371e6d5a36763eea91786,32020697,31997487-32097486
0x2a2ae579efe5c0e62dc46b5e412d09aa63488fd9,32027287,31997487-32097486
0x9e994c8101f5ebc994a081f1d1f7004c6afe3d19,32027287,31997487-32097486
0x411d2c093e4c2e69bf0d8e94be1bf13dadd879c6,32035277,31997487-32097486
0xace2b3e7c752d5debca72210141d464371b3b9b1,32035277,31997487-32097486
0x55daf84ce8a424e58454f5c969735e298b0de025,32037377,31997487-32097486
0x0af80ddd630c251f57d401ca38885d04f962bfb8,32039977,31997487-32097486
0x37444d2075254f95bb015c1ea338f95fdbdc80d3,32039977,31997487-32097486
0x292a29a807a8da975e5a9a21d931e743e14bbb52,32042407,31997487-32097486
0xae91d6cbe511c54570229880d54c6a9330b50343,32043707,31997487-32097486
0xf9251497024c9284a86b9832a389f0fa6af13828,32044777,31997487-32097486
0x1796a56b5446a4d7d32914aa645ba1d3730ae81d,32049747,31997487-32097486
0x5e2b297016d41055876ff1078100c548adc3a498,32049747,31997487-32097486
0xdcf645c7c245f4b34260374828a013d81875e642,32052487,31997487-32097486
0xf111122404b8c2fc01dff89c65d3104fbb608008,32052487,31997487-32097486
0x0e437c109a4c1e15172c4da557e77724d7243f71,32058027,31997487-32097486
0x67a5ab0aef8e6b3b2ae4ba1d514c2ccce2ca6e56,32073347,31997487-32097486
