key,address,leaf_type,first_seen_block
zksync-era:0x27533a4b89bc02dde7eee1924b4b66f1f357b700:account_leaf:balance,0x27533a4b89bc02dde7eee1924b4b66f1f357b700,balance,70082262
zksync-era:0x27533a4b89bc02dde7eee1924b4b66f1f357b700:account_leaf:nonce,0x27533a4b89bc02dde7eee1924b4b66f1f357b700,nonce,70082262
zksync-era:0x27533a4b89bc02dde7eee1924b4b66f1f357b700:account_leaf:code,0x27533a4b89bc02dde7eee1924b4b66f1f357b700,code,70082262
zksync-era:0x27533a4b89bc02dde7eee1924b4b66f1f357b700:account_leaf:storage_root,0x27533a4b89bc02dde7eee1924b4b66f1f357b700,storage_root,70082262
zksync-era:0x117d1015fd2cbaa32a1fe0e0c913fc02b4d5f115:account_leaf:balance,0x117d1015fd2cbaa32a1fe0e0c913fc02b4d5f115,balance,70082262
zksync-era:0x117d1015fd2cbaa32a1fe0e0c913fc02b4d5f115:account_leaf:nonce,0x117d1015fd2cbaa32a1fe0e0c913fc02b4d5f115,nonce,70082262
zksync-era:0x117d1015fd2cbaa32a1fe0e0c913fc02b4d5f115:account_leaf:code,0x117d1015fd2cbaa32a1fe0e0c913fc02b4d5f115,code,70082262
zksync-era:0x117d1015fd2cbaa32a1fe0e0c913fc02b4d5f115:account_leaf:storage_root,0x117d1015fd2cbaa32a1fe0e0c913fc02b4d5f115,storage_root,70082262
zksync-era:0xa42bf0c8794fa8853ec0f1b24a489972e8cf4c30:account_leaf:balance,0xa42bf0c8794fa8853ec0f1b24a489972e8cf4c30,balance,70082462
zksync-era:0xa42bf0c8794fa8853ec0f1b24a489972e8cf4c30:account_leaf:nonce,0xa42bf0c8794fa8853ec0f1b24a489972e8cf4c30,nonce,70082462
zksync-era:0xa42bf0c8794fa8853ec0f1b24a489972e8cf4c30:account_leaf:code,0xa42bf0c8794fa8853ec0f1b24a489972e8cf4c30,code,70082462
zksync-era:0xa42bf0c8794fa8853ec0f1b24a489972e8cf4c30:account_leaf:storage_root,0xa42bf0c8794fa8853ec0f1b24a489972e8cf4c30,storage_root,70082462
zksync-era:0x021f20f07948b152045291a990649e1edfc15223:account_leaf:balance,0x021f20f07948b152045291a990649e1edfc15223,balance,70082462
zksync-era:0x021f20f07948b152045291a990649e1edfc15223:account_leaf:nonce,0x021f20f07948b152045291a990649e1edfc15223,nonce,70082462
zksync-era:0x021f20f07948b152045291a990649e1edfc15223:account_leaf:code,0x021f20f07948b152045291a990649e1edfc15223,code,70082462
zksync-era:0x021f20f07948b152045291a990649e1edfc15223:account_leaf:storage_root,0x021f20f07948b152045291a990649e1edfc15223,storage_root,70082462
zksync-era:0xfcfdd186534bf7d4aef35d5b3bde9e59e0c388c0:account_leaf:balance,0xfcfdd186534bf7d4aef35d5b3bde9e59e0c388c0,balance,70082662
zksync-era:0xfcfdd186534bf7d4aef35d5b3bde9e59e0c388c0:account_leaf:nonce,0xfcfdd186534bf7d4aef35d5b3bde9e59e0c388c0,nonce,70082662
zksync-era:0xfcfdd186534bf7d4aef35d5b3bde9e59e0c388c0:account_leaf:code,0xfcfdd186534bf7d4aef35d5b3bde9e59e0c388c0,code,70082662
zksync-era:0xfcfdd186534bf7d4aef35d5b3bde9e59e0c388c0:account_leaf:storage_root,0xfcfdd186534bf7d4aef35d5b3bde9e59e0c388c0,storage_root,70082662
zksync-era:0xbc87ee5b87061edf762d3997c99c8650181a8cb3:account_leaf:balance,0xbc87ee5b87061edf762d3997c99c8650181a8cb3,balance,70082662
zksync-era:0xbc87ee5b87061edf762d3997c99c8650181a8cb3:account_leaf:nonce,0xbc87ee5b87061edf762d3997c99c8650181a8cb3,nonce,70082662
zksync-era:0xbc87ee5b87061edf762d3997c99c8650181a8cb3:account_leaf:code,0xbc87ee5b87061edf762d3997c99c8650181a8cb3,code,70082662
zksync-era:0xbc87ee5b87061edf762d3997c99c8650181a8cb3:account_leaf:storage_root,0xbc87ee5b87061edf762d3997c99c8650181a8cb3,storage_root,70082662
zksync-era:0x8652767d52054d2cd29343369b19ba357f46869d:account_leaf:balance,0x8652767d52054d2cd29343369b19ba357f46869d,balance,70083062
zksync-era:0x8652767d52054d2cd29343369b19ba357f46869d:account_leaf:nonce,0x8652767d52054d2cd29343369b19ba357f46869d,nonce,70083062
zksync-era:0x8652767d52054d2cd29343369b19ba357f46869d:account_leaf:code,0x8652767d52054d2cd29343369b19ba357f46869d,code,70083062
zksync-era:0x8652767d52054d2cd29343369b19ba357f46869d:account_leaf:storage_root,0x8652767d52054d2cd29343369b19ba357f46869d,storage_root,70083062
zksync-era:0xd1ac84b46b155ca8c93c8459374d980f24f367e2:account_leaf:balance,0xd1ac84b46b155ca8c93c8459374d980f24f367e2,balance,70083062
zksync-era:0xd1ac84b46b155ca8c93c8459374d980f24f367e2:account_leaf:nonce,0xd1ac84b46b155ca8c93c8459374d980f24f367e2,nonce,70083062
zksync-era:0xd1ac84b46b155ca8c93c8459374d980f24f367e2:account_leaf:code,0xd1ac84b46b155ca8c93c8459374d980f24f367e2,code,70083062
zksync-era:0xd1ac84b46b155ca8c93c8459374d980f24f367e2:account_leaf:storage_root,0xd1ac84b46b155ca8c93c8459374d980f24f367e2,storage_root,70083062
zksync-era:0x3bdb03ad7363152dfbc185ee23ebc93f0cf93fd1:account_leaf:balance,0x3bdb03ad7363152dfbc185ee23ebc93f0cf93fd1,balance,70084062
zksync-era:0x3bdb03ad7363152dfbc185ee23ebc93f0cf93fd1:account_leaf:nonce,0x3bdb03ad7363152dfbc185ee23ebc93f0cf93fd1,nonce,70084062
zksync-era:0x3bdb03ad7363152dfbc185ee23ebc93f0cf93fd1:account_leaf:code,0x3bdb03ad7363152dfbc185ee23ebc93f0cf93fd1,code,70084062
zksync-era:0x3bdb03ad7363152dfbc185ee23ebc93f0cf93fd1:account_leaf:storage_root,0x3bdb03ad7363152dfbc185ee23ebc93f0cf93fd1,storage_root,70084062
zksync-era:0xcf6f494bd464baab002993573676ace610bdb8a3:account_leaf:balance,0xcf6f494bd464baab002993573676ace610bdb8a3,balance,70084062
zksync-era:0xcf6f494bd464baab002993573676ace610bdb8a3:account_leaf:nonce,0xcf6f494bd464baab002993573676ace610bdb8a3,nonce,70084062
zksync-era:0xcf6f494bd464baab002993573676ace610bdb8a3:account_leaf:code,0xcf6f494bd464baab002993573676ace610bdb8a3,code,70084062
zksync-era:0xcf6f494bd464baab002993573676ace610bdb8a3:account_leaf:storage_root,0xcf6f494bd464baab002993573676ace610bdb8a3,storage_root,70084062
zksync-era:0x7aed074ca56f5050d5a2e512ecc5bf7103937d76:account_leaf:balance,0x7aed074ca56f5050d5a2e512ecc5bf7103937d76,balance,70084262
zksync-era:0x7aed074ca56f5050d5a2e512ecc5bf7103937d76:account_leaf:nonce,0x7aed074ca56f5050d5a2e512ecc5bf7103937d76,nonce,70084262
zksync-era:0x7aed074ca56f5050d5a2e512ecc5bf7103937d76:account_leaf:code,0x7aed074ca56f5050d5a2e512ecc5bf7103937d76,code,70084262
zksync-era:0x7aed074ca56f5050d5a2e512ecc5bf7103937d76:account_leaf:storage_root,0x7aed074ca56f5050d5a2e512ecc5bf7103937d76,storage_root,70084262
zksync-era:0x0b4dbc4745d4aeaf1f25635628a86d444aab896f:account_leaf:balance,0x0b4dbc4745d4aeaf1f25635628a86d444aab896f,balance,70084262
zksync-era:0x0b4dbc4745d4aeaf1f25635628a86d444aab896f:account_leaf:nonce,0x0b4dbc4745d4aeaf1f25635628a86d444aab896f,nonce,70084262
zksync-era:0x0b4dbc4745d4aeaf1f25635628a86d444aab896f:account_leaf:code,0x0b4dbc4745d4aeaf1f25635628a86d444aab896f,code,70084262
zksync-era:0x0b4dbc4745d4aeaf1f25635628a86d444aab896f:account_leaf:storage_root,0x0b4dbc4745d4aeaf1f25635628a86d444aab896f,storage_root,70084262
zksync-era:0x89546182dd4385189db0e8e8d8b3d59a02e513f1:account_leaf:balance,0x89546182dd4385189db0e8e8d8b3d59a02e513f1,balance,70084462
zksync-era:0x89546182dd4385189db0e8e8d8b3d59a02e513f1:account_leaf:nonce,0x89546182dd4385189db0e8e8d8b3d59a02e513f1,nonce,70084462
zksync-era:0x89546182dd4385189db0e8e8d8b3d59a02e513f1:account_leaf:code,0x89546182dd4385189db0e8e8d8b3d59a02e513f1,code,70084462
zksync-era:0x89546182dd4385189db0e8e8d8b3d59a02e513f1:account_leaf:storage_root,0x89546182dd4385189db0e8e8d8b3d59a02e513f1,storage_root,70084462
zksync-era:0xecd150244bafa5af21066c4001890311129ba405:account_leaf:balance,0xecd150244bafa5af21066c4001890311129ba405,balance,70084662
zksync-era:0xecd150244bafa5af21066c4001890311129ba405:account_leaf:nonce,0xecd150244bafa5af21066c4001890311129ba405,nonce,70084662
zksync-era:0xecd150244bafa5af21066c4001890311129ba405:account_leaf:code,0xecd150244bafa5af21066c4001890311129ba405,code,70084662
zksync-era:0xecd150244bafa5af21066c4001890311129ba405:account_leaf:storage_root,0xecd150244bafa5af21066c4001890311129ba405,storage_root,70084662
zksync-era:0xd0ea21ba66b67be636de1ec4bd9696eb8c61e9aa:account_leaf:balance,0xd0ea21ba66b67be636de1ec4bd9696eb8c61e9aa,balance,70084662
zksync-era:0xd0ea21ba66b67be636de1ec4bd9696eb8c61e9aa:account_leaf:nonce,0xd0ea21ba66b67be636de1ec4bd9696eb8c61e9aa,nonce,70084662
zksync-era:0xd0ea21ba66b67be636de1ec4bd9696eb8c61e9aa:account_leaf:code,0xd0ea21ba66b67be636de1ec4bd9696eb8c61e9aa,code,70084662
zksync-era:0xd0ea21ba66b67be636de1ec4bd9696eb8c61e9aa:account_leaf:storage_root,0xd0ea21ba66b67be636de1ec4bd9696eb8c61e9aa,storage_root,70084662
zksync-era:0xb4ab2ff34fadc774aff45f1c4566cb5e16bd4867:account_leaf:balance,0xb4ab2ff34fadc774aff45f1c4566cb5e16bd4867,balance,70084862
zksync-era:0xb4ab2ff34fadc774aff45f1c4566cb5e16bd4867:account_leaf:nonce,0xb4ab2ff34fadc774aff45f1c4566cb5e16bd4867,nonce,70084862
zksync-era:0xb4ab2ff34fadc774aff45f1c4566cb5e16bd4867:account_leaf:code,0xb4ab2ff34fadc774aff45f1c4566cb5e16bd4867,code,70084862
zksync-era:0xb4ab2ff34fadc774aff45f1c4566cb5e16bd4867:account_leaf:storage_root,0xb4ab2ff34fadc774aff45f1c4566cb5e16bd4867,storage_root,70084862
zksync-era:0xcade0af5b1ca22524a75b6678e0406722283d5e3:account_leaf:balance,0xcade0af5b1ca22524a75b6678e0406722283d5e3,balance,70084862
zksync-era:0xcade0af5b1ca22524a75b6678e0406722283d5e3:account_leaf:nonce,0xcade0af5b1ca22524a75b6678e0406722283d5e3,nonce,70084862
zksync-era:0xcade0af5b1ca22524a75b6678e0406722283d5e3:account_leaf:code,0xcade0af5b1ca22524a75b6678e0406722283d5e3,code,70084862
zksync-era:0xcade0af5b1ca22524a75b6678e0406722283d5e3:account_leaf:storage_root,0xcade0af5b1ca22524a75b6678e0406722283d5e3,storage_root,70084862
zksync-era:0x90fd529286f283b2fc5fc9b6da5ee917cf0a40f7:account_leaf:balance,0x90fd529286f283b2fc5fc9b6da5ee917cf0a40f7,balance,70085462
zksync-era:0x90fd529286f283b2fc5fc9b6da5ee917cf0a40f7:account_leaf:nonce,0x90fd529286f283b2fc5fc9b6da5ee917cf0a40f7,nonce,70085462
zksync-era:0x90fd529286f283b2fc5fc9b6da5ee917cf0a40f7:account_leaf:code,0x90fd529286f283b2fc5fc9b6da5ee917cf0a40f7,code,70085462
zksync-era:0x90fd529286f283b2fc5fc9b6da5ee917cf0a40f7:account_leaf:storage_root,0x90fd529286f283b2fc5fc9b6da5ee917cf0a40f7,storage_root,70085462
zksync-era:0xccc88a9d1b4ed6b0eaba998850414b24f1c315be:account_leaf:balance,0xccc88a9d1b4ed6b0eaba998850414b24f1c315be,balance,70085662
zksync-era:0xccc88a9d1b4ed6b0eaba998850414b24f1c315be:account_leaf:nonce,0xccc88a9d1b4ed6b0eaba998850414b24f1c315be,nonce,70085662
zksync-era:0xccc88a9d1b4ed6b0eaba998850414b24f1c315be:account_leaf:code,0xccc88a9d1b4ed6b0eaba998850414b24f1c315be,code,70085662
zksync-era:0xccc88a9d1b4ed6b0eaba998850414b24f1c315be:account_leaf:storage_root,0xccc88a9d1b4ed6b0eaba998850414b24f1c315be,storage_root,70085662
zksync-era:0x8f106b4c860bb3d4a411b9bdc756eb1615ff47e2:account_leaf:balance,0x8f106b4c860bb3d4a411b9bdc756eb1615ff47e2,balance,70085662
zksync-era:0x8f106b4c860bb3d4a411b9bdc756eb1615ff47e2:account_leaf:nonce,0x8f106b4c860bb3d4a411b9bdc756eb1615ff47e2,nonce,70085662
zksync-era:0x8f106b4c860bb3d4a411b9bdc756eb1615ff47e2:account_leaf:code,0x8f106b4c860bb3d4a411b9bdc756eb1615ff47e2,code,70085662
zksync-era:0x8f106b4c860bb3d4a411b9bdc756eb1615ff47e2:account_leaf:storage_root,0x8f106b4c860bb3d4a411b9bdc756eb1615ff47e2,storage_root,70085662
zksync-era:0x0e5d1bcf3ccd9b71c82b2faf4f3c20bedd4991db:account_leaf:balance,0x0e5d1bcf3ccd9b71c82b2faf4f3c20bedd4991db,balance,70085862
zksync-era:0x0e5d1bcf3ccd9b71c82b2faf4f3c20bedd4991db:account_leaf:nonce,0x0e5d1bcf3ccd9b71c82b2faf4f3c20bedd4991db,nonce,70085862
zksync-era:0x0e5d1bcf3ccd9b71c82b2faf4f3c20bedd4991db:account_leaf:code,0x0e5d1bcf3ccd9b71c82b2faf4f3c20bedd4991db,code,70085862
zksync-era:0x0e5d1bcf3ccd9b71c82b2faf4f3c20bedd4991db:account_leaf:storage_root,0x0e5d1bcf3ccd9b71c82b2faf4f3c20bedd4991db,storage_root,70085862
zksync-era:0x5a7d6b2f92c77fad6ccabd7ee0624e64907eaf3e:account_leaf:balance,0x5a7d6b2f92c77fad6ccabd7ee0624e64907eaf3e,balance,70085862
zksync-era:0x5a7d6b2f92c77fad6ccabd7ee0624e64907eaf3e:account_leaf:nonce,0x5a7d6b2f92c77fad6ccabd7ee0624e64907eaf3e,nonce,70085862
zksync-era:0x5a7d6b2f92c77fad6ccabd7ee0624e64907eaf3e:account_leaf:code,0x5a7d6b2f92c77fad6ccabd7ee0624e64907eaf3e,code,70085862
zksync-era:0x5a7d6b2f92c77fad6ccabd7ee0624e64907eaf3e:account_leaf:storage_root,0x5a7d6b2f92c77fad6ccabd7ee0624e64907eaf3e,storage_root,70085862
zksync-era:0x89443df793f7f6d2d8c2da107aa8006173ffadcf:account_leaf:balance,0x89443df793f7f6d2d8c2da107aa8006173ffadcf,balance,70086262
zksync-era:0x89443df793f7f6d2d8c2da107aa8006173ffadcf:account_leaf:nonce,0x89443df793f7f6d2d8c2da107aa8006173ffadcf,nonce,70086262
zksync-era:0x89443df793f7f6d2d8c2da107aa8006173ffadcf:account_leaf:code,0x89443df793f7f6d2d8c2da107aa8006173ffadcf,code,70086262
zksync-era:0x89443df793f7f6d2d8c2da107aa8006173ffadcf:account_leaf:storage_root,0x89443df793f7f6d2d8c2da107aa8006173ffadcf,storage_root,70086262
zksync-era:0xb8ff877ed78ba520ece21b1de7843a8a57ca47cb:account_leaf:balance,0xb8ff877ed78ba520ece21b1de7843a8a57ca47cb,balance,70086462
zksync-era:0xb8ff877ed78ba520ece21b1de7843a8a57ca47cb:account_leaf:nonce,0xb8ff877ed78ba520ece21b1de7843a8a57ca47cb,nonce,70086462
zksync-era:0xb8ff877ed78ba520ece21b1de7843a8a57ca47cb:account_leaf:code,0xb8ff877ed78ba520ece21b1de7843a8a57ca47cb,code,70086462
zksync-era:0xb8ff877ed78ba520ece21b1de7843a8a57ca47cb:account_leaf:storage_root,0xb8ff877ed78ba520ece21b1de7843a8a57ca47cb,storage_root,70086462
zksync-era:0xb183c2b91cf76cad13602b32ada2fd273f19009c:account_leaf:balance,0xb183c2b91cf76cad13602b32ada2fd273f19009c,balance,70086462
zksync-era:0xb183c2b91cf76cad13602b32ada2fd273f19009c:account_leaf:nonce,0xb183c2b91cf76cad13602b32ada2fd273f19009c,nonce,70086462
zksync-era:0xb183c2b91cf76cad13602b32ada2fd273f19009c:account_leaf:code,0xb183c2b91cf76cad13602b32ada2fd273f19009c,code,70086462
zksync-era:0xb183c2b91cf76cad13602b32ada2fd273f19009c:account_leaf:storage_root,0xb183c2b91cf76cad13602b32ada2fd273f19009c,storage_root,70086462
zksync-era:0x76c9cf548b4179f8901cda1f8623568b58215e62:account_leaf:balance,0x76c9cf548b4179f8901cda1f8623568b58215e62,balance,70086662
zksync-era:0x76c9cf548b4179f8901cda1f8623568b58215e62:account_leaf:nonce,0x76c9cf548b4179f8901cda1f8623568b58215e62,nonce,70086662
zksync-era:0x76c9cf548b4179f8901cda1f8623568b58215e62:account_leaf:code,0x76c9cf548b4179f8901cda1f8623568b58215e62,code,70086662
zksync-era:0x76c9cf548b4179f8901cda1f8623568b58215e62:account_leaf:storage_root,0x76c9cf548b4179f8901cda1f8623568b58215e62,storage_root,70086662
zksync-era:0x45bf2912dc82565dbda324afc47900ee02a0e3ef:account_leaf:balance,0x45bf2912dc82565dbda324afc47900ee02a0e3ef,balance,70086662
zksync-era:0x45bf2912dc82565dbda324afc47900ee02a0e3ef:account_leaf:nonce,0x45bf2912dc82565dbda324afc47900ee02a0e3ef,nonce,70086662
zksync-era:0x45bf2912dc82565dbda324afc47900ee02a0e3ef:account_leaf:code,0x45bf2912dc82565dbda324afc47900ee02a0e3ef,code,70086662
zksync-era:0x45bf2912dc82565dbda324afc47900ee02a0e3ef:account_leaf:storage_root,0x45bf2912dc82565dbda324afc47900ee02a0e3ef,storage_root,70086662
zksync-era:0x9b2af393a2fab36c75efda9d0c57522d4a7024f7:account_leaf:balance,0x9b2af393a2fab36c75efda9d0c57522d4a7024f7,balance,70086862
zksync-era:0x9b2af393a2fab36c75efda9d0c57522d4a7024f7:account_leaf:nonce,0x9b2af393a2fab36c75efda9d0c57522d4a7024f7,nonce,70086862
zksync-era:0x9b2af393a2fab36c75efda9d0c57522d4a7024f7:account_leaf:code,0x9b2af393a2fab36c75efda9d0c57522d4a7024f7,code,70086862
zksync-era:0x9b2af393a2fab36c75efda9d0c57522d4a7024f7:account_leaf:storage_root,0x9b2af393a2fab36c75efda9d0c57522d4a7024f7,storage_root,70086862
zksync-era:0x9522ab080dd3fa8fbc7e0b0fafa269fe9dbb7439:account_leaf:balance,0x9522ab080dd3fa8fbc7e0b0fafa269fe9dbb7439,balance,70086862
zksync-era:0x9522ab080dd3fa8fbc7e0b0fafa269fe9dbb7439:account_leaf:nonce,0x9522ab080dd3fa8fbc7e0b0fafa269fe9dbb7439,nonce,70086862
zksync-era:0x9522ab080dd3fa8fbc7e0b0fafa269fe9dbb7439:account_leaf:code,0x9522ab080dd3fa8fbc7e0b0fafa269fe9dbb7439,code,70086862
zksync-era:0x9522ab080dd3fa8fbc7e0b0fafa269fe9dbb7439:account_leaf:storage_root,0x9522ab080dd3fa8fbc7e0b0fafa269fe9dbb7439,storage_root,70086862
zksync-era:0x339d413ccefd986b1b3647a9cfa9cbbe70a30749:account_leaf:balance,0x339d413ccefd986b1b3647a9cfa9cbbe70a30749,balance,70087062
zksync-era:0x339d413ccefd986b1b3647a9cfa9cbbe70a30749:account_leaf:nonce,0x339d413ccefd986b1b3647a9cfa9cbbe70a30749,nonce,70087062
zksync-era:0x339d413ccefd986b1b3647a9cfa9cbbe70a30749:account_leaf:code,0x339d413ccefd986b1b3647a9cfa9cbbe70a30749,code,70087062
zksync-era:0x339d413ccefd986b1b3647a9cfa9cbbe70a30749:account_leaf:storage_root,0x339d413ccefd986b1b3647a9cfa9cbbe70a30749,storage_root,70087062
zksync-era:0x2b79f3c2ee059e465a24bf5a2f4fe989546053b1:account_leaf:balance,0x2b79f3c2ee059e465a24bf5a2f4fe989546053b1,balance,70087062
zksync-era:0x2b79f3c2ee059e465a24bf5a2f4fe989546053b1:account_leaf:nonce,0x2b79f3c2ee059e465a24bf5a2f4fe989546053b1,nonce,70087062
zksync-era:0x2b79f3c2ee059e465a24bf5a2f4fe989546053b1:account_leaf:code,0x2b79f3c2ee059e465a24bf5a2f4fe989546053b1,code,70087062
zksync-era:0x2b79f3c2ee059e465a24bf5a2f4fe989546053b1:account_leaf:storage_root,0x2b79f3c2ee059e465a24bf5a2f4fe989546053b1,storage_root,70087062
zksync-era:0xa60c6a02b3dab3c1e1f9b56d39c1f2c3c872dfa2:account_leaf:balance,0xa60c6a02b3dab3c1e1f9b56d39c1f2c3c872dfa2,balance,70087262
zksync-era:0xa60c6a02b3dab3c1e1f9b56d39c1f2c3c872dfa2:account_leaf:nonce,0xa60c6a02b3dab3c1e1f9b56d39c1f2c3c872dfa2,nonce,70087262
zksync-era:0xa60c6a02b3dab3c1e1f9b56d39c1f2c3c872dfa2:account_leaf:code,0xa60c6a02b3dab3c1e1f9b56d39c1f2c3c872dfa2,code,70087262
zksync-era:0xa60c6a02b3dab3c1e1f9b56d39c1f2c3c872dfa2:account_leaf:storage_root,0xa60c6a02b3dab3c1e1f9b56d39c1f2c3c872dfa2,storage_root,70087262
zksync-era:0x7c168119bf754269523ac9728aeeba8e4eee6100:account_leaf:balance,0x7c168119bf754269523ac9728aeeba8e4eee6100,balance,70087262
zksync-era:0x7c168119bf754269523ac9728aeeba8e4eee6100:account_leaf:nonce,0x7c168119bf754269523ac9728aeeba8e4eee6100,nonce,70087262
zksync-era:0x7c168119bf754269523ac9728aeeba8e4eee6100:account_leaf:code,0x7c168119bf754269523ac9728aeeba8e4eee6100,code,70087262
zksync-era:0x7c168119bf754269523ac9728aeeba8e4eee6100:account_leaf:storage_root,0x7c168119bf754269523ac9728aeeba8e4eee6100,storage_root,70087262
zksync-era:0x2aee50e2c43845e038642de2a3bedc234ea8823a:account_leaf:balance,0x2aee50e2c43845e038642de2a3bedc234ea8823a,balance,70087462
zksync-era:0x2aee50e2c43845e038642de2a3bedc234ea8823a:account_leaf:nonce,0x2aee50e2c43845e038642de2a3bedc234ea8823a,nonce,70087462
zksync-era:0x2aee50e2c43845e038642de2a3bedc234ea8823a:account_leaf:code,0x2aee50e2c43845e038642de2a3bedc234ea8823a,code,70087462
zksync-era:0x2aee50e2c43845e038642de2a3bedc234ea8823a:account_leaf:storage_root,0x2aee50e2c43845e038642de2a3bedc234ea8823a,storage_root,70087462
zksync-era:0x562323f3471514cbc5ece6ff8904214815ac4b46:account_leaf:balance,0x562323f3471514cbc5ece6ff8904214815ac4b46,balance,70087662
zksync-era:0x562323f3471514cbc5ece6ff8904214815ac4b46:account_leaf:nonce,0x562323f3471514cbc5ece6ff8904214815ac4b46,nonce,70087662
zksync-era:0x562323f3471514cbc5ece6ff8904214815ac4b46:account_leaf:code,0x562323f3471514cbc5ece6ff8904214815ac4b46,code,70087662
zksync-era:0x562323f3471514cbc5ece6ff8904214815ac4b46:account_leaf:storage_root,0x562323f3471514cbc5ece6ff8904214815ac4b46,storage_root,70087662
zksync-era:0x02e5be68d46dac0b524905bff209cf47ee6db2a9:account_leaf:balance,0x02e5be68d46dac0b524905bff209cf47ee6db2a9,balance,70087662
zksync-era:0x02e5be68d46dac0b524905bff209cf47ee6db2a9:account_leaf:nonce,0x02e5be68d46dac0b524905bff209cf47ee6db2a9,nonce,70087662
zksync-era:0x02e5be68d46dac0b524905bff209cf47ee6db2a9:account_leaf:code,0x02e5be68d46dac0b524905bff209cf47ee6db2a9,code,70087662
zksync-era:0x02e5be68d46dac0b524905bff209cf47ee6db2a9:account_leaf:storage_root,0x02e5be68d46dac0b524905bff209cf47ee6db2a9,storage_root,70087662
zksync-era:0x934939599310a84dd724d65af4d4c8a286e568b0:account_leaf:balance,0x934939599310a84dd724d65af4d4c8a286e568b0,balance,70088062
zksync-era:0x934939599310a84dd724d65af4d4c8a286e568b0:account_leaf:nonce,0x934939599310a84dd724d65af4d4c8a286e568b0,nonce,70088062
zksync-era:0x934939599310a84dd724d65af4d4c8a286e568b0:account_leaf:code,0x934939599310a84dd724d65af4d4c8a286e568b0,code,70088062
zksync-era:0x934939599310a84dd724d65af4d4c8a286e568b0:account_leaf:storage_root,0x934939599310a84dd724d65af4d4c8a286e568b0,storage_root,70088062
zksync-era:0xf70da97812cb96acdf810712aa562db8dfa3dbef:account_leaf:balance,0xf70da97812cb96acdf810712aa562db8dfa3dbef,balance,70088262
zksync-era:0xf70da97812cb96acdf810712aa562db8dfa3dbef:account_leaf:nonce,0xf70da97812cb96acdf810712aa562db8dfa3dbef,nonce,70088262
zksync-era:0xf70da97812cb96acdf810712aa562db8dfa3dbef:account_leaf:code,0xf70da97812cb96acdf810712aa562db8dfa3dbef,code,70088262
zksync-era:0xf70da97812cb96acdf810712aa562db8dfa3dbef:account_leaf:storage_root,0xf70da97812cb96acdf810712aa562db8dfa3dbef,storage_root,70088262
zksync-era:0xe09348c518c51671a54fce1f16a1d55ede6c7c58:account_leaf:balance,0xe09348c518c51671a54fce1f16a1d55ede6c7c58,balance,70088262
zksync-era:0xe09348c518c51671a54fce1f16a1d55ede6c7c58:account_leaf:nonce,0xe09348c518c51671a54fce1f16a1d55ede6c7c58,nonce,70088262
zksync-era:0xe09348c518c51671a54fce1f16a1d55ede6c7c58:account_leaf:code,0xe09348c518c51671a54fce1f16a1d55ede6c7c58,code,70088262
zksync-era:0xe09348c518c51671a54fce1f16a1d55ede6c7c58:account_leaf:storage_root,0xe09348c518c51671a54fce1f16a1d55ede6c7c58,storage_root,70088262
zksync-era:0xe0055b74422bec15cb1625792c4aa0bedcc61aa7:account_leaf:balance,0xe0055b74422bec15cb1625792c4aa0bedcc61aa7,balance,70088462
zksync-era:0xe0055b74422bec15cb1625792c4aa0bedcc61aa7:account_leaf:nonce,0xe0055b74422bec15cb1625792c4aa0bedcc61aa7,nonce,70088462
zksync-era:0xe0055b74422bec15cb1625792c4aa0bedcc61aa7:account_leaf:code,0xe0055b74422bec15cb1625792c4aa0bedcc61aa7,code,70088462
zksync-era:0xe0055b74422bec15cb1625792c4aa0bedcc61aa7:account_leaf:storage_root,0xe0055b74422bec15cb1625792c4aa0bedcc61aa7,storage_root,70088462
zksync-era:0xcd340e92a3588532bc879e4e68f9e0c7c2c95549:account_leaf:balance,0xcd340e92a3588532bc879e4e68f9e0c7c2c95549,balance,70088462
zksync-era:0xcd340e92a3588532bc879e4e68f9e0c7c2c95549:account_leaf:nonce,0xcd340e92a3588532bc879e4e68f9e0c7c2c95549,nonce,70088462
zksync-era:0xcd340e92a3588532bc879e4e68f9e0c7c2c95549:account_leaf:code,0xcd340e92a3588532bc879e4e68f9e0c7c2c95549,code,70088462
zksync-era:0xcd340e92a3588532bc879e4e68f9e0c7c2c95549:account_leaf:storage_root,0xcd340e92a3588532bc879e4e68f9e0c7c2c95549,storage_root,70088462
zksync-era:0x9d5adefefbc2ad84c3938fa5c4c1fe1fa88c6547:account_leaf:balance,0x9d5adefefbc2ad84c3938fa5c4c1fe1fa88c6547,balance,70088662
zksync-era:0x9d5adefefbc2ad84c3938fa5c4c1fe1fa88c6547:account_leaf:nonce,0x9d5adefefbc2ad84c3938fa5c4c1fe1fa88c6547,nonce,70088662
zksync-era:0x9d5adefefbc2ad84c3938fa5c4c1fe1fa88c6547:account_leaf:code,0x9d5adefefbc2ad84c3938fa5c4c1fe1fa88c6547,code,70088662
zksync-era:0x9d5adefefbc2ad84c3938fa5c4c1fe1fa88c6547:account_leaf:storage_root,0x9d5adefefbc2ad84c3938fa5c4c1fe1fa88c6547,storage_root,70088662
zksync-era:0xc945857307698a02bda071f014c669e5c2d2cf36:account_leaf:balance,0xc945857307698a02bda071f014c669e5c2d2cf36,balance,70088662
zksync-era:0xc945857307698a02bda071f014c669e5c2d2cf36:account_leaf:nonce,0xc945857307698a02bda071f014c669e5c2d2cf36,nonce,70088662
zksync-era:0xc945857307698a02bda071f014c669e5c2d2cf36:account_leaf:code,0xc945857307698a02bda071f014c669e5c2d2cf36,code,70088662
zksync-era:0xc945857307698a02bda071f014c669e5c2d2cf36:account_leaf:storage_root,0xc945857307698a02bda071f014c669e5c2d2cf36,storage_root,70088662
zksync-era:0x39e098a153ad69834a9dac32f0fca92066ad03f4:account_leaf:balance,0x39e098a153ad69834a9dac32f0fca92066ad03f4,balance,70088862
zksync-era:0x39e098a153ad69834a9dac32f0fca92066ad03f4:account_leaf:nonce,0x39e098a153ad69834a9dac32f0fca92066ad03f4,nonce,70088862
zksync-era:0x39e098a153ad69834a9dac32f0fca92066ad03f4:account_leaf:code,0x39e098a153ad69834a9dac32f0fca92066ad03f4,code,70088862
zksync-era:0x39e098a153ad69834a9dac32f0fca92066ad03f4:account_leaf:storage_root,0x39e098a153ad69834a9dac32f0fca92066ad03f4,storage_root,70088862
zksync-era:0x1d046689047747c5dba879324abbbc035d95a55b:account_leaf:balance,0x1d046689047747c5dba879324abbbc035d95a55b,balance,70088862
zksync-era:0x1d046689047747c5dba879324abbbc035d95a55b:account_leaf:nonce,0x1d046689047747c5dba879324abbbc035d95a55b,nonce,70088862
zksync-era:0x1d046689047747c5dba879324abbbc035d95a55b:account_leaf:code,0x1d046689047747c5dba879324abbbc035d95a55b,code,70088862
zksync-era:0x1d046689047747c5dba879324abbbc035d95a55b:account_leaf:storage_root,0x1d046689047747c5dba879324abbbc035d95a55b,storage_root,70088862
zksync-era:0x9452ed6da616783786c6d8aaf73047ecad126c57:account_leaf:balance,0x9452ed6da616783786c6d8aaf73047ecad126c57,balance,70088862
zksync-era:0x9452ed6da616783786c6d8aaf73047ecad126c57:account_leaf:nonce,0x9452ed6da616783786c6d8aaf73047ecad126c57,nonce,70088862
zksync-era:0x9452ed6da616783786c6d8aaf73047ecad126c57:account_leaf:code,0x9452ed6da616783786c6d8aaf73047ecad126c57,code,70088862
zksync-era:0x9452ed6da616783786c6d8aaf73047ecad126c57:account_leaf:storage_root,0x9452ed6da616783786c6d8aaf73047ecad126c57,storage_root,70088862
zksync-era:0x75feba0b7763ec26c2ba72a65ccb8ebb0dceb8c0:account_leaf:balance,0x75feba0b7763ec26c2ba72a65ccb8ebb0dceb8c0,balance,70088862
zksync-era:0x75feba0b7763ec26c2ba72a65ccb8ebb0dceb8c0:account_leaf:nonce,0x75feba0b7763ec26c2ba72a65ccb8ebb0dceb8c0,nonce,70088862
zksync-era:0x75feba0b7763ec26c2ba72a65ccb8ebb0dceb8c0:account_leaf:code,0x75feba0b7763ec26c2ba72a65ccb8ebb0dceb8c0,code,70088862
zksync-era:0x75feba0b7763ec26c2ba72a65ccb8ebb0dceb8c0:account_leaf:storage_root,0x75feba0b7763ec26c2ba72a65ccb8ebb0dceb8c0,storage_root,70088862
zksync-era:0x798387e3f2f8f423c4d84fa4359a48182a3ff477:account_leaf:balance,0x798387e3f2f8f423c4d84fa4359a48182a3ff477,balance,70089062
zksync-era:0x798387e3f2f8f423c4d84fa4359a48182a3ff477:account_leaf:nonce,0x798387e3f2f8f423c4d84fa4359a48182a3ff477,nonce,70089062
zksync-era:0x798387e3f2f8f423c4d84fa4359a48182a3ff477:account_leaf:code,0x798387e3f2f8f423c4d84fa4359a48182a3ff477,code,70089062
zksync-era:0x798387e3f2f8f423c4d84fa4359a48182a3ff477:account_leaf:storage_root,0x798387e3f2f8f423c4d84fa4359a48182a3ff477,storage_root,70089062
zksync-era:0x18381c0f738146fb694de18d1106bde2be040fa4:account_leaf:balance,0x18381c0f738146fb694de18d1106bde2be040fa4,balance,70089262
zksync-era:0x18381c0f738146fb694de18d1106bde2be040fa4:account_leaf:nonce,0x18381c0f738146fb694de18d1106bde2be040fa4,nonce,70089262
zksync-era:0x18381c0f738146fb694de18d1106bde2be040fa4:account_leaf:code,0x18381c0f738146fb694de18d1106bde2be040fa4,code,70089262
zksync-era:0x18381c0f738146fb694de18d1106bde2be040fa4:account_leaf:storage_root,0x18381c0f738146fb694de18d1106bde2be040fa4,storage_root,70089262
zksync-era:0xa478bf3f621d47e6753f463711630c282d2803ab:account_leaf:balance,0xa478bf3f621d47e6753f463711630c282d2803ab,balance,70089462
zksync-era:0xa478bf3f621d47e6753f463711630c282d2803ab:account_leaf:nonce,0xa478bf3f621d47e6753f463711630c282d2803ab,nonce,70089462
zksync-era:0xa478bf3f621d47e6753f463711630c282d2803ab:account_leaf:code,0xa478bf3f621d47e6753f463711630c282d2803ab,code,70089462
zksync-era:0xa478bf3f621d47e6753f463711630c282d2803ab:account_leaf:storage_root,0xa478bf3f621d47e6753f463711630c282d2803ab,storage_root,70089462
zksync-era:0x8ce32b9c2997704f56bd6e18124a2b290bed190d:account_leaf:balance,0x8ce32b9c2997704f56bd6e18124a2b290bed190d,balance,70089662
zksync-era:0x8ce32b9c2997704f56bd6e18124a2b290bed190d:account_leaf:nonce,0x8ce32b9c2997704f56bd6e18124a2b290bed190d,nonce,70089662
zksync-era:0x8ce32b9c2997704f56bd6e18124a2b290bed190d:account_leaf:code,0x8ce32b9c2997704f56bd6e18124a2b290bed190d,code,70089662
zksync-era:0x8ce32b9c2997704f56bd6e18124a2b290bed190d:account_leaf:storage_root,0x8ce32b9c2997704f56bd6e18124a2b290bed190d,storage_root,70089662
zksync-era:0x5ff34a8c9c5e86a63144d2a560389d357600bd85:account_leaf:balance,0x5ff34a8c9c5e86a63144d2a560389d357600bd85,balance,70089862
zksync-era:0x5ff34a8c9c5e86a63144d2a560389d357600bd85:account_leaf:nonce,0x5ff34a8c9c5e86a63144d2a560389d357600bd85,nonce,70089862
zksync-era:0x5ff34a8c9c5e86a63144d2a560389d357600bd85:account_leaf:code,0x5ff34a8c9c5e86a63144d2a560389d357600bd85,code,70089862
zksync-era:0x5ff34a8c9c5e86a63144d2a560389d357600bd85:account_leaf:storage_root,0x5ff34a8c9c5e86a63144d2a560389d357600bd85,storage_root,70089862
zksync-era:0x7cbebfebb3baf74eda497714a404e5fcaff7aaa7:account_leaf:balance,0x7cbebfebb3baf74eda497714a404e5fcaff7aaa7,balance,70089862
zksync-era:0x7cbebfebb3baf74eda497714a404e5fcaff7aaa7:account_leaf:nonce,0x7cbebfebb3baf74eda497714a404e5fcaff7aaa7,nonce,70089862
zksync-era:0x7cbebfebb3baf74eda497714a404e5fcaff7aaa7:account_leaf:code,0x7cbebfebb3baf74eda497714a404e5fcaff7aaa7,code,70089862
zksync-era:0x7cbebfebb3baf74eda497714a404e5fcaff7aaa7:account_leaf:storage_root,0x7cbebfebb3baf74eda497714a404e5fcaff7aaa7,storage_root,70089862
zksync-era:0x7b217443bfa96950fb23ce9a387fbf0cb452e0c8:account_leaf:balance,0x7b217443bfa96950fb23ce9a387fbf0cb452e0c8,balance,70090062
zksync-era:0x7b217443bfa96950fb23ce9a387fbf0cb452e0c8:account_leaf:nonce,0x7b217443bfa96950fb23ce9a387fbf0cb452e0c8,nonce,70090062
zksync-era:0x7b217443bfa96950fb23ce9a387fbf0cb452e0c8:account_leaf:code,0x7b217443bfa96950fb23ce9a387fbf0cb452e0c8,code,70090062
zksync-era:0x7b217443bfa96950fb23ce9a387fbf0cb452e0c8:account_leaf:storage_root,0x7b217443bfa96950fb23ce9a387fbf0cb452e0c8,storage_root,70090062
zksync-era:0xc528725be8741fe5a1b3e10596ec89d8069b2605:account_leaf:balance,0xc528725be8741fe5a1b3e10596ec89d8069b2605,balance,70090062
zksync-era:0xc528725be8741fe5a1b3e10596ec89d8069b2605:account_leaf:nonce,0xc528725be8741fe5a1b3e10596ec89d8069b2605,nonce,70090062
zksync-era:0xc528725be8741fe5a1b3e10596ec89d8069b2605:account_leaf:code,0xc528725be8741fe5a1b3e10596ec89d8069b2605,code,70090062
zksync-era:0xc528725be8741fe5a1b3e10596ec89d8069b2605:account_leaf:storage_root,0xc528725be8741fe5a1b3e10596ec89d8069b2605,storage_root,70090062
zksync-era:0xeee2258be34e50b41a764f5d47fe58476db71102:account_leaf:balance,0xeee2258be34e50b41a764f5d47fe58476db71102,balance,70090262
zksync-era:0xeee2258be34e50b41a764f5d47fe58476db71102:account_leaf:nonce,0xeee2258be34e50b41a764f5d47fe58476db71102,nonce,70090262
zksync-era:0xeee2258be34e50b41a764f5d47fe58476db71102:account_leaf:code,0xeee2258be34e50b41a764f5d47fe58476db71102,code,70090262
zksync-era:0xeee2258be34e50b41a764f5d47fe58476db71102:account_leaf:storage_root,0xeee2258be34e50b41a764f5d47fe58476db71102,storage_root,70090262
zksync-era:0xb4d4572e553fed9f5327c1e1623d10aec86b62f4:account_leaf:balance,0xb4d4572e553fed9f5327c1e1623d10aec86b62f4,balance,70090262
zksync-era:0xb4d4572e553fed9f5327c1e1623d10aec86b62f4:account_leaf:nonce,0xb4d4572e553fed9f5327c1e1623d10aec86b62f4,nonce,70090262
zksync-era:0xb4d4572e553fed9f5327c1e1623d10aec86b62f4:account_leaf:code,0xb4d4572e553fed9f5327c1e1623d10aec86b62f4,code,70090262
zksync-era:0xb4d4572e553fed9f5327c1e1623d10aec86b62f4:account_leaf:storage_root,0xb4d4572e553fed9f5327c1e1623d10aec86b62f4,storage_root,70090262
zksync-era:0xec84cff0ec97820535468ac9d94b01e87a066ba1:account_leaf:balance,0xec84cff0ec97820535468ac9d94b01e87a066ba1,balance,70090462
zksync-era:0xec84cff0ec97820535468ac9d94b01e87a066ba1:account_leaf:nonce,0xec84cff0ec97820535468ac9d94b01e87a066ba1,nonce,70090462
zksync-era:0xec84cff0ec97820535468ac9d94b01e87a066ba1:account_leaf:code,0xec84cff0ec97820535468ac9d94b01e87a066ba1,code,70090462
zksync-era:0xec84cff0ec97820535468ac9d94b01e87a066ba1:account_leaf:storage_root,0xec84cff0ec97820535468ac9d94b01e87a066ba1,storage_root,70090462
zksync-era:0x0924e7b7ca08caa9088b8b36e4765324c9feca56:account_leaf:balance,0x0924e7b7ca08caa9088b8b36e4765324c9feca56,balance,70090662
zksync-era:0x0924e7b7ca08caa9088b8b36e4765324c9feca56:account_leaf:nonce,0x0924e7b7ca08caa9088b8b36e4765324c9feca56,nonce,70090662
zksync-era:0x0924e7b7ca08caa9088b8b36e4765324c9feca56:account_leaf:code,0x0924e7b7ca08caa9088b8b36e4765324c9feca56,code,70090662
zksync-era:0x0924e7b7ca08caa9088b8b36e4765324c9feca56:account_leaf:storage_root,0x0924e7b7ca08caa9088b8b36e4765324c9feca56,storage_root,70090662
zksync-era:0x3d82b7047f144b86d8beea37eefb47ab52c3e8b0:account_leaf:balance,0x3d82b7047f144b86d8beea37eefb47ab52c3e8b0,balance,70090662
zksync-era:0x3d82b7047f144b86d8beea37eefb47ab52c3e8b0:account_leaf:nonce,0x3d82b7047f144b86d8beea37eefb47ab52c3e8b0,nonce,70090662
zksync-era:0x3d82b7047f144b86d8beea37eefb47ab52c3e8b0:account_leaf:code,0x3d82b7047f144b86d8beea37eefb47ab52c3e8b0,code,70090662
zksync-era:0x3d82b7047f144b86d8beea37eefb47ab52c3e8b0:account_leaf:storage_root,0x3d82b7047f144b86d8beea37eefb47ab52c3e8b0,storage_root,70090662
zksync-era:0xe4c82643a4f9fd288322cc6fbd7c48ab068b38d3:account_leaf:balance,0xe4c82643a4f9fd288322cc6fbd7c48ab068b38d3,balance,70090862
zksync-era:0xe4c82643a4f9fd288322cc6fbd7c48ab068b38d3:account_leaf:nonce,0xe4c82643a4f9fd288322cc6fbd7c48ab068b38d3,nonce,70090862
zksync-era:0xe4c82643a4f9fd288322cc6fbd7c48ab068b38d3:account_leaf:code,0xe4c82643a4f9fd288322cc6fbd7c48ab068b38d3,code,70090862
zksync-era:0xe4c82643a4f9fd288322cc6fbd7c48ab068b38d3:account_leaf:storage_root,0xe4c82643a4f9fd288322cc6fbd7c48ab068b38d3,storage_root,70090862
zksync-era:0x51281d9f89200143b2e9da963572ee43e473e009:account_leaf:balance,0x51281d9f89200143b2e9da963572ee43e473e009,balance,70090862
zksync-era:0x51281d9f89200143b2e9da963572ee43e473e009:account_leaf:nonce,0x51281d9f89200143b2e9da963572ee43e473e009,nonce,70090862
zksync-era:0x51281d9f89200143b2e9da963572ee43e473e009:account_leaf:code,0x51281d9f89200143b2e9da963572ee43e473e009,code,70090862
zksync-era:0x51281d9f89200143b2e9da963572ee43e473e009:account_leaf:storage_root,0x51281d9f89200143b2e9da963572ee43e473e009,storage_root,70090862
zksync-era:0x2039bb4116b4efc145ec4f0e2ea75012d6c0f181:account_leaf:balance,0x2039bb4116b4efc145ec4f0e2ea75012d6c0f181,balance,70091062
zksync-era:0x2039bb4116b4efc145ec4f0e2ea75012d6c0f181:account_leaf:nonce,0x2039bb4116b4efc145ec4f0e2ea75012d6c0f181,nonce,70091062
zksync-era:0x2039bb4116b4efc145ec4f0e2ea75012d6c0f181:account_leaf:code,0x2039bb4116b4efc145ec4f0e2ea75012d6c0f181,code,70091062
zksync-era:0x2039bb4116b4efc145ec4f0e2ea75012d6c0f181:account_leaf:storage_root,0x2039bb4116b4efc145ec4f0e2ea75012d6c0f181,storage_root,70091062
zksync-era:0x37e88031c0534479e7e49c8e3d8e5cff26f34cea:account_leaf:balance,0x37e88031c0534479e7e49c8e3d8e5cff26f34cea,balance,70091062
zksync-era:0x37e88031c0534479e7e49c8e3d8e5cff26f34cea:account_leaf:nonce,0x37e88031c0534479e7e49c8e3d8e5cff26f34cea,nonce,70091062
zksync-era:0x37e88031c0534479e7e49c8e3d8e5cff26f34cea:account_leaf:code,0x37e88031c0534479e7e49c8e3d8e5cff26f34cea,code,70091062
zksync-era:0x37e88031c0534479e7e49c8e3d8e5cff26f34cea:account_leaf:storage_root,0x37e88031c0534479e7e49c8e3d8e5cff26f34cea,storage_root,70091062
zksync-era:0xbd4372e44c5ee654dd838304006e1f0f69983154:account_leaf:balance,0xbd4372e44c5ee654dd838304006e1f0f69983154,balance,70091262
zksync-era:0xbd4372e44c5ee654dd838304006e1f0f69983154:account_leaf:nonce,0xbd4372e44c5ee654dd838304006e1f0f69983154,nonce,70091262
zksync-era:0xbd4372e44c5ee654dd838304006e1f0f69983154:account_leaf:code,0xbd4372e44c5ee654dd838304006e1f0f69983154,code,70091262
zksync-era:0xbd4372e44c5ee654dd838304006e1f0f69983154:account_leaf:storage_root,0xbd4372e44c5ee654dd838304006e1f0f69983154,storage_root,70091262
zksync-era:0x71ee2db4d6ba67164cb311ce011551c1f8b6e306:account_leaf:balance,0x71ee2db4d6ba67164cb311ce011551c1f8b6e306,balance,70091262
zksync-era:0x71ee2db4d6ba67164cb311ce011551c1f8b6e306:account_leaf:nonce,0x71ee2db4d6ba67164cb311ce011551c1f8b6e306,nonce,70091262
zksync-era:0x71ee2db4d6ba67164cb311ce011551c1f8b6e306:account_leaf:code,0x71ee2db4d6ba67164cb311ce011551c1f8b6e306,code,70091262
zksync-era:0x71ee2db4d6ba67164cb311ce011551c1f8b6e306:account_leaf:storage_root,0x71ee2db4d6ba67164cb311ce011551c1f8b6e306,storage_root,70091262
zksync-era:0xb56a6eca45a4191e007a69d33916f0d335c0159c:account_leaf:balance,0xb56a6eca45a4191e007a69d33916f0d335c0159c,balance,70091462
zksync-era:0xb56a6eca45a4191e007a69d33916f0d335c0159c:account_leaf:nonce,0xb56a6eca45a4191e007a69d33916f0d335c0159c,nonce,70091462
zksync-era:0xb56a6eca45a4191e007a69d33916f0d335c0159c:account_leaf:code,0xb56a6eca45a4191e007a69d33916f0d335c0159c,code,70091462
zksync-era:0xb56a6eca45a4191e007a69d33916f0d335c0159c:account_leaf:storage_root,0xb56a6eca45a4191e007a69d33916f0d335c0159c,storage_root,70091462
zksync-era:0x6eb0cbf2aeac6640c82d4768555035f776763b0f:account_leaf:balance,0x6eb0cbf2aeac6640c82d4768555035f776763b0f,balance,70091662
zksync-era:0x6eb0cbf2aeac6640c82d4768555035f776763b0f:account_leaf:nonce,0x6eb0cbf2aeac6640c82d4768555035f776763b0f,nonce,70091662
zksync-era:0x6eb0cbf2aeac6640c82d4768555035f776763b0f:account_leaf:code,0x6eb0cbf2aeac6640c82d4768555035f776763b0f,code,70091662
zksync-era:0x6eb0cbf2aeac6640c82d4768555035f776763b0f:account_leaf:storage_root,0x6eb0cbf2aeac6640c82d4768555035f776763b0f,storage_root,70091662
zksync-era:0x5aea5775959fbc2557cc8789bc1bf90a239d9a91:account_leaf:balance,0x5aea5775959fbc2557cc8789bc1bf90a239d9a91,balance,70091662
zksync-era:0x5aea5775959fbc2557cc8789bc1bf90a239d9a91:account_leaf:nonce,0x5aea5775959fbc2557cc8789bc1bf90a239d9a91,nonce,70091662
zksync-era:0x5aea5775959fbc2557cc8789bc1bf90a239d9a91:account_leaf:code,0x5aea5775959fbc2557cc8789bc1bf90a239d9a91,code,70091662
zksync-era:0x5aea5775959fbc2557cc8789bc1bf90a239d9a91:account_leaf:storage_root,0x5aea5775959fbc2557cc8789bc1bf90a239d9a91,storage_root,70091662
zksync-era:0xb55daf9777a1ddea4b8b6644479f038eebed41ac:account_leaf:balance,0xb55daf9777a1ddea4b8b6644479f038eebed41ac,balance,70091862
zksync-era:0xb55daf9777a1ddea4b8b6644479f038eebed41ac:account_leaf:nonce,0xb55daf9777a1ddea4b8b6644479f038eebed41ac,nonce,70091862
zksync-era:0xb55daf9777a1ddea4b8b6644479f038eebed41ac:account_leaf:code,0xb55daf9777a1ddea4b8b6644479f038eebed41ac,code,70091862
zksync-era:0xb55daf9777a1ddea4b8b6644479f038eebed41ac:account_leaf:storage_root,0xb55daf9777a1ddea4b8b6644479f038eebed41ac,storage_root,70091862
zksync-era:0xe629b208046f7a33de3a43931c9fe505a7ac3d36:account_leaf:balance,0xe629b208046f7a33de3a43931c9fe505a7ac3d36,balance,70091862
zksync-era:0xe629b208046f7a33de3a43931c9fe505a7ac3d36:account_leaf:nonce,0xe629b208046f7a33de3a43931c9fe505a7ac3d36,nonce,70091862
zksync-era:0xe629b208046f7a33de3a43931c9fe505a7ac3d36:account_leaf:code,0xe629b208046f7a33de3a43931c9fe505a7ac3d36,code,70091862
zksync-era:0xe629b208046f7a33de3a43931c9fe505a7ac3d36:account_leaf:storage_root,0xe629b208046f7a33de3a43931c9fe505a7ac3d36,storage_root,70091862
zksync-era:0x338677d8af642648c35b9e346d4b00bd6ea44444:account_leaf:balance,0x338677d8af642648c35b9e346d4b00bd6ea44444,balance,70092062
zksync-era:0x338677d8af642648c35b9e346d4b00bd6ea44444:account_leaf:nonce,0x338677d8af642648c35b9e346d4b00bd6ea44444,nonce,70092062
zksync-era:0x338677d8af642648c35b9e346d4b00bd6ea44444:account_leaf:code,0x338677d8af642648c35b9e346d4b00bd6ea44444,code,70092062
zksync-era:0x338677d8af642648c35b9e346d4b00bd6ea44444:account_leaf:storage_root,0x338677d8af642648c35b9e346d4b00bd6ea44444,storage_root,70092062
zksync-era:0x38307cb291af47af9847c134a34e9477c939ca28:account_leaf:balance,0x38307cb291af47af9847c134a34e9477c939ca28,balance,70092062
zksync-era:0x38307cb291af47af9847c134a34e9477c939ca28:account_leaf:nonce,0x38307cb291af47af9847c134a34e9477c939ca28,nonce,70092062
zksync-era:0x38307cb291af47af9847c134a34e9477c939ca28:account_leaf:code,0x38307cb291af47af9847c134a34e9477c939ca28,code,70092062
zksync-era:0x38307cb291af47af9847c134a34e9477c939ca28:account_leaf:storage_root,0x38307cb291af47af9847c134a34e9477c939ca28,storage_root,70092062
zksync-era:0xb80f759919e9365e27947a2a7afd4912f780c096:account_leaf:balance,0xb80f759919e9365e27947a2a7afd4912f780c096,balance,70092462
zksync-era:0xb80f759919e9365e27947a2a7afd4912f780c096:account_leaf:nonce,0xb80f759919e9365e27947a2a7afd4912f780c096,nonce,70092462
zksync-era:0xb80f759919e9365e27947a2a7afd4912f780c096:account_leaf:code,0xb80f759919e9365e27947a2a7afd4912f780c096,code,70092462
zksync-era:0xb80f759919e9365e27947a2a7afd4912f780c096:account_leaf:storage_root,0xb80f759919e9365e27947a2a7afd4912f780c096,storage_root,70092462
zksync-era:0x36a1acbbcafca2468b85011ddd16e7cb4d673230:account_leaf:balance,0x36a1acbbcafca2468b85011ddd16e7cb4d673230,balance,70092462
zksync-era:0x36a1acbbcafca2468b85011ddd16e7cb4d673230:account_leaf:nonce,0x36a1acbbcafca2468b85011ddd16e7cb4d673230,nonce,70092462
zksync-era:0x36a1acbbcafca2468b85011ddd16e7cb4d673230:account_leaf:code,0x36a1acbbcafca2468b85011ddd16e7cb4d673230,code,70092462
zksync-era:0x36a1acbbcafca2468b85011ddd16e7cb4d673230:account_leaf:storage_root,0x36a1acbbcafca2468b85011ddd16e7cb4d673230,storage_root,70092462
zksync-era:0xfeabfa43bd953f8865fa60a2aca6a89144e6deb5:account_leaf:balance,0xfeabfa43bd953f8865fa60a2aca6a89144e6deb5,balance,70092662
zksync-era:0xfeabfa43bd953f8865fa60a2aca6a89144e6deb5:account_leaf:nonce,0xfeabfa43bd953f8865fa60a2aca6a89144e6deb5,nonce,70092662
zksync-era:0xfeabfa43bd953f8865fa60a2aca6a89144e6deb5:account_leaf:code,0xfeabfa43bd953f8865fa60a2aca6a89144e6deb5,code,70092662
zksync-era:0xfeabfa43bd953f8865fa60a2aca6a89144e6deb5:account_leaf:storage_root,0xfeabfa43bd953f8865fa60a2aca6a89144e6deb5,storage_root,70092662
zksync-era:0x5fc44e95eaa48f9eb84be17bd3ac66b6a82af709:account_leaf:balance,0x5fc44e95eaa48f9eb84be17bd3ac66b6a82af709,balance,70092662
zksync-era:0x5fc44e95eaa48f9eb84be17bd3ac66b6a82af709:account_leaf:nonce,0x5fc44e95eaa48f9eb84be17bd3ac66b6a82af709,nonce,70092662
zksync-era:0x5fc44e95eaa48f9eb84be17bd3ac66b6a82af709:account_leaf:code,0x5fc44e95eaa48f9eb84be17bd3ac66b6a82af709,code,70092662
zksync-era:0x5fc44e95eaa48f9eb84be17bd3ac66b6a82af709:account_leaf:storage_root,0x5fc44e95eaa48f9eb84be17bd3ac66b6a82af709,storage_root,70092662
zksync-era:0xa82e7e71640cbcbdf076d8a2af135a379633c31a:account_leaf:balance,0xa82e7e71640cbcbdf076d8a2af135a379633c31a,balance,70092862
zksync-era:0xa82e7e71640cbcbdf076d8a2af135a379633c31a:account_leaf:nonce,0xa82e7e71640cbcbdf076d8a2af135a379633c31a,nonce,70092862
zksync-era:0xa82e7e71640cbcbdf076d8a2af135a379633c31a:account_leaf:code,0xa82e7e71640cbcbdf076d8a2af135a379633c31a,code,70092862
zksync-era:0xa82e7e71640cbcbdf076d8a2af135a379633c31a:account_leaf:storage_root,0xa82e7e71640cbcbdf076d8a2af135a379633c31a,storage_root,70092862
zksync-era:0xa84fd90d8640fa63d194601e0b2d1c9094297083:account_leaf:balance,0xa84fd90d8640fa63d194601e0b2d1c9094297083,balance,70093062
zksync-era:0xa84fd90d8640fa63d194601e0b2d1c9094297083:account_leaf:nonce,0xa84fd90d8640fa63d194601e0b2d1c9094297083,nonce,70093062
zksync-era:0xa84fd90d8640fa63d194601e0b2d1c9094297083:account_leaf:code,0xa84fd90d8640fa63d194601e0b2d1c9094297083,code,70093062
zksync-era:0xa84fd90d8640fa63d194601e0b2d1c9094297083:account_leaf:storage_root,0xa84fd90d8640fa63d194601e0b2d1c9094297083,storage_root,70093062
zksync-era:0x3d9780607fe45b92bb24b5dd29485dd843385b83:account_leaf:balance,0x3d9780607fe45b92bb24b5dd29485dd843385b83,balance,70093262
zksync-era:0x3d9780607fe45b92bb24b5dd29485dd843385b83:account_leaf:nonce,0x3d9780607fe45b92bb24b5dd29485dd843385b83,nonce,70093262
zksync-era:0x3d9780607fe45b92bb24b5dd29485dd843385b83:account_leaf:code,0x3d9780607fe45b92bb24b5dd29485dd843385b83,code,70093262
zksync-era:0x3d9780607fe45b92bb24b5dd29485dd843385b83:account_leaf:storage_root,0x3d9780607fe45b92bb24b5dd29485dd843385b83,storage_root,70093262
zksync-era:0x2c81df4f11a1c7e43acb972e73767b1f5d0d9edc:account_leaf:balance,0x2c81df4f11a1c7e43acb972e73767b1f5d0d9edc,balance,70093462
zksync-era:0x2c81df4f11a1c7e43acb972e73767b1f5d0d9edc:account_leaf:nonce,0x2c81df4f11a1c7e43acb972e73767b1f5d0d9edc,nonce,70093462
zksync-era:0x2c81df4f11a1c7e43acb972e73767b1f5d0d9edc:account_leaf:code,0x2c81df4f11a1c7e43acb972e73767b1f5d0d9edc,code,70093462
zksync-era:0x2c81df4f11a1c7e43acb972e73767b1f5d0d9edc:account_leaf:storage_root,0x2c81df4f11a1c7e43acb972e73767b1f5d0d9edc,storage_root,70093462
zksync-era:0xbbbc04e35c1127a606028d2b91da49126766ee99:account_leaf:balance,0xbbbc04e35c1127a606028d2b91da49126766ee99,balance,70093462
zksync-era:0xbbbc04e35c1127a606028d2b91da49126766ee99:account_leaf:nonce,0xbbbc04e35c1127a606028d2b91da49126766ee99,nonce,70093462
zksync-era:0xbbbc04e35c1127a606028d2b91da49126766ee99:account_leaf:code,0xbbbc04e35c1127a606028d2b91da49126766ee99,code,70093462
zksync-era:0xbbbc04e35c1127a606028d2b91da49126766ee99:account_leaf:storage_root,0xbbbc04e35c1127a606028d2b91da49126766ee99,storage_root,70093462
zksync-era:0xf284be331dad3bf50c308676a8e65a58880f628a:account_leaf:balance,0xf284be331dad3bf50c308676a8e65a58880f628a,balance,70093662
zksync-era:0xf284be331dad3bf50c308676a8e65a58880f628a:account_leaf:nonce,0xf284be331dad3bf50c308676a8e65a58880f628a,nonce,70093662
zksync-era:0xf284be331dad3bf50c308676a8e65a58880f628a:account_leaf:code,0xf284be331dad3bf50c308676a8e65a58880f628a,code,70093662
zksync-era:0xf284be331dad3bf50c308676a8e65a58880f628a:account_leaf:storage_root,0xf284be331dad3bf50c308676a8e65a58880f628a,storage_root,70093662
zksync-era:0xfa5b80d0e656d48bfa9c5dc1d2f9d5f9d43a331f:account_leaf:balance,0xfa5b80d0e656d48bfa9c5dc1d2f9d5f9d43a331f,balance,70093862
zksync-era:0xfa5b80d0e656d48bfa9c5dc1d2f9d5f9d43a331f:account_leaf:nonce,0xfa5b80d0e656d48bfa9c5dc1d2f9d5f9d43a331f,nonce,70093862
zksync-era:0xfa5b80d0e656d48bfa9c5dc1d2f9d5f9d43a331f:account_leaf:code,0xfa5b80d0e656d48bfa9c5dc1d2f9d5f9d43a331f,code,70093862
zksync-era:0xfa5b80d0e656d48bfa9c5dc1d2f9d5f9d43a331f:account_leaf:storage_root,0xfa5b80d0e656d48bfa9c5dc1d2f9d5f9d43a331f,storage_root,70093862
zksync-era:0xb5bd52398a18f53dcb8d2a578b245756e9114f87:account_leaf:balance,0xb5bd52398a18f53dcb8d2a578b245756e9114f87,balance,70093862
zksync-era:0xb5bd52398a18f53dcb8d2a578b245756e9114f87:account_leaf:nonce,0xb5bd52398a18f53dcb8d2a578b245756e9114f87,nonce,70093862
zksync-era:0xb5bd52398a18f53dcb8d2a578b245756e9114f87:account_leaf:code,0xb5bd52398a18f53dcb8d2a578b245756e9114f87,code,70093862
zksync-era:0xb5bd52398a18f53dcb8d2a578b245756e9114f87:account_leaf:storage_root,0xb5bd52398a18f53dcb8d2a578b245756e9114f87,storage_root,70093862
zksync-era:0xe5bad080aadcef1ba36cafb7773086fa2b57d5ea:account_leaf:balance,0xe5bad080aadcef1ba36cafb7773086fa2b57d5ea,balance,70094062
zksync-era:0xe5bad080aadcef1ba36cafb7773086fa2b57d5ea:account_leaf:nonce,0xe5bad080aadcef1ba36cafb7773086fa2b57d5ea,nonce,70094062
zksync-era:0xe5bad080aadcef1ba36cafb7773086fa2b57d5ea:account_leaf:code,0xe5bad080aadcef1ba36cafb7773086fa2b57d5ea,code,70094062
zksync-era:0xe5bad080aadcef1ba36cafb7773086fa2b57d5ea:account_leaf:storage_root,0xe5bad080aadcef1ba36cafb7773086fa2b57d5ea,storage_root,70094062
zksync-era:0x1af2ee2b183880f5c49693245bbbb38f36755086:account_leaf:balance,0x1af2ee2b183880f5c49693245bbbb38f36755086,balance,70094062
zksync-era:0x1af2ee2b183880f5c49693245bbbb38f36755086:account_leaf:nonce,0x1af2ee2b183880f5c49693245bbbb38f36755086,nonce,70094062
zksync-era:0x1af2ee2b183880f5c49693245bbbb38f36755086:account_leaf:code,0x1af2ee2b183880f5c49693245bbbb38f36755086,code,70094062
zksync-era:0x1af2ee2b183880f5c49693245bbbb38f36755086:account_leaf:storage_root,0x1af2ee2b183880f5c49693245bbbb38f36755086,storage_root,70094062
zksync-era:0xd5e9e5c98aba69034d6789d4b07a722ba4ea9b02:account_leaf:balance,0xd5e9e5c98aba69034d6789d4b07a722ba4ea9b02,balance,70094262
zksync-era:0xd5e9e5c98aba69034d6789d4b07a722ba4ea9b02:account_leaf:nonce,0xd5e9e5c98aba69034d6789d4b07a722ba4ea9b02,nonce,70094262
zksync-era:0xd5e9e5c98aba69034d6789d4b07a722ba4ea9b02:account_leaf:code,0xd5e9e5c98aba69034d6789d4b07a722ba4ea9b02,code,70094262
zksync-era:0xd5e9e5c98aba69034d6789d4b07a722ba4ea9b02:account_leaf:storage_root,0xd5e9e5c98aba69034d6789d4b07a722ba4ea9b02,storage_root,70094262
zksync-era:0xfd54762d435a490405dda0fbc92b7168934e8525:account_leaf:balance,0xfd54762d435a490405dda0fbc92b7168934e8525,balance,70094262
zksync-era:0xfd54762d435a490405dda0fbc92b7168934e8525:account_leaf:nonce,0xfd54762d435a490405dda0fbc92b7168934e8525,nonce,70094262
zksync-era:0xfd54762d435a490405dda0fbc92b7168934e8525:account_leaf:code,0xfd54762d435a490405dda0fbc92b7168934e8525,code,70094262
zksync-era:0xfd54762d435a490405dda0fbc92b7168934e8525:account_leaf:storage_root,0xfd54762d435a490405dda0fbc92b7168934e8525,storage_root,70094262
zksync-era:0xc1a7eb78e128ebe377429458c70f8528290c1b51:account_leaf:balance,0xc1a7eb78e128ebe377429458c70f8528290c1b51,balance,70094462
zksync-era:0xc1a7eb78e128ebe377429458c70f8528290c1b51:account_leaf:nonce,0xc1a7eb78e128ebe377429458c70f8528290c1b51,nonce,70094462
zksync-era:0xc1a7eb78e128ebe377429458c70f8528290c1b51:account_leaf:code,0xc1a7eb78e128ebe377429458c70f8528290c1b51,code,70094462
zksync-era:0xc1a7eb78e128ebe377429458c70f8528290c1b51:account_leaf:storage_root,0xc1a7eb78e128ebe377429458c70f8528290c1b51,storage_root,70094462
zksync-era:0x39311caea22c0d93206a09c19a176f9790df2510:account_leaf:balance,0x39311caea22c0d93206a09c19a176f9790df2510,balance,70094662
zksync-era:0x39311caea22c0d93206a09c19a176f9790df2510:account_leaf:nonce,0x39311caea22c0d93206a09c19a176f9790df2510,nonce,70094662
zksync-era:0x39311caea22c0d93206a09c19a176f9790df2510:account_leaf:code,0x39311caea22c0d93206a09c19a176f9790df2510,code,70094662
zksync-era:0x39311caea22c0d93206a09c19a176f9790df2510:account_leaf:storage_root,0x39311caea22c0d93206a09c19a176f9790df2510,storage_root,70094662
zksync-era:0x47016eddb7202f3bd961b45aa69cbf2558933992:account_leaf:balance,0x47016eddb7202f3bd961b45aa69cbf2558933992,balance,70094862
zksync-era:0x47016eddb7202f3bd961b45aa69cbf2558933992:account_leaf:nonce,0x47016eddb7202f3bd961b45aa69cbf2558933992,nonce,70094862
zksync-era:0x47016eddb7202f3bd961b45aa69cbf2558933992:account_leaf:code,0x47016eddb7202f3bd961b45aa69cbf2558933992,code,70094862
zksync-era:0x47016eddb7202f3bd961b45aa69cbf2558933992:account_leaf:storage_root,0x47016eddb7202f3bd961b45aa69cbf2558933992,storage_root,70094862
zksync-era:0xa51d04f8639a810934321693774162330e62a070:account_leaf:balance,0xa51d04f8639a810934321693774162330e62a070,balance,70095462
zksync-era:0xa51d04f8639a810934321693774162330e62a070:account_leaf:nonce,0xa51d04f8639a810934321693774162330e62a070,nonce,70095462
zksync-era:0xa51d04f8639a810934321693774162330e62a070:account_leaf:code,0xa51d04f8639a810934321693774162330e62a070,code,70095462
zksync-era:0xa51d04f8639a810934321693774162330e62a070:account_leaf:storage_root,0xa51d04f8639a810934321693774162330e62a070,storage_root,70095462
zksync-era:0x8358fc2dd62c00c1a9cd0fcb577309a4cead2471:account_leaf:balance,0x8358fc2dd62c00c1a9cd0fcb577309a4cead2471,balance,70095662
zksync-era:0x8358fc2dd62c00c1a9cd0fcb577309a4cead2471:account_leaf:nonce,0x8358fc2dd62c00c1a9cd0fcb577309a4cead2471,nonce,70095662
zksync-era:0x8358fc2dd62c00c1a9cd0fcb577309a4cead2471:account_leaf:code,0x8358fc2dd62c00c1a9cd0fcb577309a4cead2471,code,70095662
zksync-era:0x8358fc2dd62c00c1a9cd0fcb577309a4cead2471:account_leaf:storage_root,0x8358fc2dd62c00c1a9cd0fcb577309a4cead2471,storage_root,70095662
zksync-era:0x703b52f2b28febcb60e1372858af5b18849fe867:account_leaf:balance,0x703b52f2b28febcb60e1372858af5b18849fe867,balance,70095662
zksync-era:0x703b52f2b28febcb60e1372858af5b18849fe867:account_leaf:nonce,0x703b52f2b28febcb60e1372858af5b18849fe867,nonce,70095662
zksync-era:0x703b52f2b28febcb60e1372858af5b18849fe867:account_leaf:code,0x703b52f2b28febcb60e1372858af5b18849fe867,code,70095662
zksync-era:0x703b52f2b28febcb60e1372858af5b18849fe867:account_leaf:storage_root,0x703b52f2b28febcb60e1372858af5b18849fe867,storage_root,70095662
zksync-era:0xa763189e36f18155e6ddd83b38dadf60e061e4dc:account_leaf:balance,0xa763189e36f18155e6ddd83b38dadf60e061e4dc,balance,70096262
zksync-era:0xa763189e36f18155e6ddd83b38dadf60e061e4dc:account_leaf:nonce,0xa763189e36f18155e6ddd83b38dadf60e061e4dc,nonce,70096262
zksync-era:0xa763189e36f18155e6ddd83b38dadf60e061e4dc:account_leaf:code,0xa763189e36f18155e6ddd83b38dadf60e061e4dc,code,70096262
zksync-era:0xa763189e36f18155e6ddd83b38dadf60e061e4dc:account_leaf:storage_root,0xa763189e36f18155e6ddd83b38dadf60e061e4dc,storage_root,70096262
zksync-era:0x02d652e6d28c51169fd832b0a95a37f91474c07b:account_leaf:balance,0x02d652e6d28c51169fd832b0a95a37f91474c07b,balance,70096262
zksync-era:0x02d652e6d28c51169fd832b0a95a37f91474c07b:account_leaf:nonce,0x02d652e6d28c51169fd832b0a95a37f91474c07b,nonce,70096262
zksync-era:0x02d652e6d28c51169fd832b0a95a37f91474c07b:account_leaf:code,0x02d652e6d28c51169fd832b0a95a37f91474c07b,code,70096262
zksync-era:0x02d652e6d28c51169fd832b0a95a37f91474c07b:account_leaf:storage_root,0x02d652e6d28c51169fd832b0a95a37f91474c07b,storage_root,70096262
zksync-era:0x1be2158a873f8392bd6660a00102e533f207fe94:account_leaf:balance,0x1be2158a873f8392bd6660a00102e533f207fe94,balance,70096462
zksync-era:0x1be2158a873f8392bd6660a00102e533f207fe94:account_leaf:nonce,0x1be2158a873f8392bd6660a00102e533f207fe94,nonce,70096462
zksync-era:0x1be2158a873f8392bd6660a00102e533f207fe94:account_leaf:code,0x1be2158a873f8392bd6660a00102e533f207fe94,code,70096462
zksync-era:0x1be2158a873f8392bd6660a00102e533f207fe94:account_leaf:storage_root,0x1be2158a873f8392bd6660a00102e533f207fe94,storage_root,70096462
zksync-era:0x6fd27e2137f5965e029e681fd2aca6ccb4304044:account_leaf:balance,0x6fd27e2137f5965e029e681fd2aca6ccb4304044,balance,70096462
zksync-era:0x6fd27e2137f5965e029e681fd2aca6ccb4304044:account_leaf:nonce,0x6fd27e2137f5965e029e681fd2aca6ccb4304044,nonce,70096462
zksync-era:0x6fd27e2137f5965e029e681fd2aca6ccb4304044:account_leaf:code,0x6fd27e2137f5965e029e681fd2aca6ccb4304044,code,70096462
zksync-era:0x6fd27e2137f5965e029e681fd2aca6ccb4304044:account_leaf:storage_root,0x6fd27e2137f5965e029e681fd2aca6ccb4304044,storage_root,70096462
zksync-era:0x8190d7b55092947a9e9cfbe9d034c148615db7f0:account_leaf:balance,0x8190d7b55092947a9e9cfbe9d034c148615db7f0,balance,70096662
zksync-era:0x8190d7b55092947a9e9cfbe9d034c148615db7f0:account_leaf:nonce,0x8190d7b55092947a9e9cfbe9d034c148615db7f0,nonce,70096662
zksync-era:0x8190d7b55092947a9e9cfbe9d034c148615db7f0:account_leaf:code,0x8190d7b55092947a9e9cfbe9d034c148615db7f0,code,70096662
zksync-era:0x8190d7b55092947a9e9cfbe9d034c148615db7f0:account_leaf:storage_root,0x8190d7b55092947a9e9cfbe9d034c148615db7f0,storage_root,70096662
zksync-era:0xdb7d721c06c9121b7b3bad70eb7f85fc3963a930:account_leaf:balance,0xdb7d721c06c9121b7b3bad70eb7f85fc3963a930,balance,70096862
zksync-era:0xdb7d721c06c9121b7b3bad70eb7f85fc3963a930:account_leaf:nonce,0xdb7d721c06c9121b7b3bad70eb7f85fc3963a930,nonce,70096862
zksync-era:0xdb7d721c06c9121b7b3bad70eb7f85fc3963a930:account_leaf:code,0xdb7d721c06c9121b7b3bad70eb7f85fc3963a930,code,70096862
zksync-era:0xdb7d721c06c9121b7b3bad70eb7f85fc3963a930:account_leaf:storage_root,0xdb7d721c06c9121b7b3bad70eb7f85fc3963a930,storage_root,70096862
zksync-era:0x0d1017b136af2ebd0c1ace0335383e7d0b0c26d0:account_leaf:balance,0x0d1017b136af2ebd0c1ace0335383e7d0b0c26d0,balance,70097062
zksync-era:0x0d1017b136af2ebd0c1ace0335383e7d0b0c26d0:account_leaf:nonce,0x0d1017b136af2ebd0c1ace0335383e7d0b0c26d0,nonce,70097062
zksync-era:0x0d1017b136af2ebd0c1ace0335383e7d0b0c26d0:account_leaf:code,0x0d1017b136af2ebd0c1ace0335383e7d0b0c26d0,code,70097062
zksync-era:0x0d1017b136af2ebd0c1ace0335383e7d0b0c26d0:account_leaf:storage_root,0x0d1017b136af2ebd0c1ace0335383e7d0b0c26d0,storage_root,70097062
zksync-era:0x5814c242c20ccfae1f317c522858586c5e7bb9df:account_leaf:balance,0x5814c242c20ccfae1f317c522858586c5e7bb9df,balance,70097262
zksync-era:0x5814c242c20ccfae1f317c522858586c5e7bb9df:account_leaf:nonce,0x5814c242c20ccfae1f317c522858586c5e7bb9df,nonce,70097262
zksync-era:0x5814c242c20ccfae1f317c522858586c5e7bb9df:account_leaf:code,0x5814c242c20ccfae1f317c522858586c5e7bb9df,code,70097262
zksync-era:0x5814c242c20ccfae1f317c522858586c5e7bb9df:account_leaf:storage_root,0x5814c242c20ccfae1f317c522858586c5e7bb9df,storage_root,70097262
zksync-era:0x4df15bee0d9e987bdf0a830a920d78bd4376c151:account_leaf:balance,0x4df15bee0d9e987bdf0a830a920d78bd4376c151,balance,70097462
zksync-era:0x4df15bee0d9e987bdf0a830a920d78bd4376c151:account_leaf:nonce,0x4df15bee0d9e987bdf0a830a920d78bd4376c151,nonce,70097462
zksync-era:0x4df15bee0d9e987bdf0a830a920d78bd4376c151:account_leaf:code,0x4df15bee0d9e987bdf0a830a920d78bd4376c151,code,70097462
zksync-era:0x4df15bee0d9e987bdf0a830a920d78bd4376c151:account_leaf:storage_root,0x4df15bee0d9e987bdf0a830a920d78bd4376c151,storage_root,70097462
zksync-era:0x50583bf9ef4ef2e7aea0c1216fe93665e4fb9590:account_leaf:balance,0x50583bf9ef4ef2e7aea0c1216fe93665e4fb9590,balance,70097662
zksync-era:0x50583bf9ef4ef2e7aea0c1216fe93665e4fb9590:account_leaf:nonce,0x50583bf9ef4ef2e7aea0c1216fe93665e4fb9590,nonce,70097662
zksync-era:0x50583bf9ef4ef2e7aea0c1216fe93665e4fb9590:account_leaf:code,0x50583bf9ef4ef2e7aea0c1216fe93665e4fb9590,code,70097662
zksync-era:0x50583bf9ef4ef2e7aea0c1216fe93665e4fb9590:account_leaf:storage_root,0x50583bf9ef4ef2e7aea0c1216fe93665e4fb9590,storage_root,70097662
zksync-era:0x95b3641d549f719eb5105f9550eca4a7a2f305de:account_leaf:balance,0x95b3641d549f719eb5105f9550eca4a7a2f305de,balance,70097862
zksync-era:0x95b3641d549f719eb5105f9550eca4a7a2f305de:account_leaf:nonce,0x95b3641d549f719eb5105f9550eca4a7a2f305de,nonce,70097862
zksync-era:0x95b3641d549f719eb5105f9550eca4a7a2f305de:account_leaf:code,0x95b3641d549f719eb5105f9550eca4a7a2f305de,code,70097862
zksync-era:0x95b3641d549f719eb5105f9550eca4a7a2f305de:account_leaf:storage_root,0x95b3641d549f719eb5105f9550eca4a7a2f305de,storage_root,70097862
zksync-era:0x9155a24abf159b6d45bf834480c7ccb8e6e5aa43:account_leaf:balance,0x9155a24abf159b6d45bf834480c7ccb8e6e5aa43,balance,70097862
zksync-era:0x9155a24abf159b6d45bf834480c7ccb8e6e5aa43:account_leaf:nonce,0x9155a24abf159b6d45bf834480c7ccb8e6e5aa43,nonce,70097862
zksync-era:0x9155a24abf159b6d45bf834480c7ccb8e6e5aa43:account_leaf:code,0x9155a24abf159b6d45bf834480c7ccb8e6e5aa43,code,70097862
zksync-era:0x9155a24abf159b6d45bf834480c7ccb8e6e5aa43:account_leaf:storage_root,0x9155a24abf159b6d45bf834480c7ccb8e6e5aa43,storage_root,70097862
zksync-era:0x464fc339add314932920d3e060745bd7ea3e92ad:account_leaf:balance,0x464fc339add314932920d3e060745bd7ea3e92ad,balance,70098062
zksync-era:0x464fc339add314932920d3e060745bd7ea3e92ad:account_leaf:nonce,0x464fc339add314932920d3e060745bd7ea3e92ad,nonce,70098062
zksync-era:0x464fc339add314932920d3e060745bd7ea3e92ad:account_leaf:code,0x464fc339add314932920d3e060745bd7ea3e92ad,code,70098062
zksync-era:0x464fc339add314932920d3e060745bd7ea3e92ad:account_leaf:storage_root,0x464fc339add314932920d3e060745bd7ea3e92ad,storage_root,70098062
zksync-era:0x88a5db8ae0afafc85b8f00d0fb664d6a47779c62:account_leaf:balance,0x88a5db8ae0afafc85b8f00d0fb664d6a47779c62,balance,70098262
zksync-era:0x88a5db8ae0afafc85b8f00d0fb664d6a47779c62:account_leaf:nonce,0x88a5db8ae0afafc85b8f00d0fb664d6a47779c62,nonce,70098262
zksync-era:0x88a5db8ae0afafc85b8f00d0fb664d6a47779c62:account_leaf:code,0x88a5db8ae0afafc85b8f00d0fb664d6a47779c62,code,70098262
zksync-era:0x88a5db8ae0afafc85b8f00d0fb664d6a47779c62:account_leaf:storage_root,0x88a5db8ae0afafc85b8f00d0fb664d6a47779c62,storage_root,70098262
zksync-era:0x394311a6aaa0d8e3411d8b62de4578d41322d1bd:account_leaf:balance,0x394311a6aaa0d8e3411d8b62de4578d41322d1bd,balance,70098462
zksync-era:0x394311a6aaa0d8e3411d8b62de4578d41322d1bd:account_leaf:nonce,0x394311a6aaa0d8e3411d8b62de4578d41322d1bd,nonce,70098462
zksync-era:0x394311a6aaa0d8e3411d8b62de4578d41322d1bd:account_leaf:code,0x394311a6aaa0d8e3411d8b62de4578d41322d1bd,code,70098462
zksync-era:0x394311a6aaa0d8e3411d8b62de4578d41322d1bd:account_leaf:storage_root,0x394311a6aaa0d8e3411d8b62de4578d41322d1bd,storage_root,70098462
zksync-era:0xe0b015e54d54fc84a6cb9b666099c46ade9335ff:account_leaf:balance,0xe0b015e54d54fc84a6cb9b666099c46ade9335ff,balance,70098462
zksync-era:0xe0b015e54d54fc84a6cb9b666099c46ade9335ff:account_leaf:nonce,0xe0b015e54d54fc84a6cb9b666099c46ade9335ff,nonce,70098462
zksync-era:0xe0b015e54d54fc84a6cb9b666099c46ade9335ff:account_leaf:code,0xe0b015e54d54fc84a6cb9b666099c46ade9335ff,code,70098462
zksync-era:0xe0b015e54d54fc84a6cb9b666099c46ade9335ff:account_leaf:storage_root,0xe0b015e54d54fc84a6cb9b666099c46ade9335ff,storage_root,70098462
zksync-era:0x26c3e80808a8be5ecc3cfa1d134affaaef023434:account_leaf:balance,0x26c3e80808a8be5ecc3cfa1d134affaaef023434,balance,70098662
zksync-era:0x26c3e80808a8be5ecc3cfa1d134affaaef023434:account_leaf:nonce,0x26c3e80808a8be5ecc3cfa1d134affaaef023434,nonce,70098662
zksync-era:0x26c3e80808a8be5ecc3cfa1d134affaaef023434:account_leaf:code,0x26c3e80808a8be5ecc3cfa1d134affaaef023434,code,70098662
zksync-era:0x26c3e80808a8be5ecc3cfa1d134affaaef023434:account_leaf:storage_root,0x26c3e80808a8be5ecc3cfa1d134affaaef023434,storage_root,70098662
zksync-era:0xbccbe82bace4ff6431022ee45936743de689ab27:account_leaf:balance,0xbccbe82bace4ff6431022ee45936743de689ab27,balance,70098662
zksync-era:0xbccbe82bace4ff6431022ee45936743de689ab27:account_leaf:nonce,0xbccbe82bace4ff6431022ee45936743de689ab27,nonce,70098662
zksync-era:0xbccbe82bace4ff6431022ee45936743de689ab27:account_leaf:code,0xbccbe82bace4ff6431022ee45936743de689ab27,code,70098662
zksync-era:0xbccbe82bace4ff6431022ee45936743de689ab27:account_leaf:storage_root,0xbccbe82bace4ff6431022ee45936743de689ab27,storage_root,70098662
zksync-era:0xb5d86e1a626675974b7ed94b7c0ec70e74eb932c:account_leaf:balance,0xb5d86e1a626675974b7ed94b7c0ec70e74eb932c,balance,70099062
zksync-era:0xb5d86e1a626675974b7ed94b7c0ec70e74eb932c:account_leaf:nonce,0xb5d86e1a626675974b7ed94b7c0ec70e74eb932c,nonce,70099062
zksync-era:0xb5d86e1a626675974b7ed94b7c0ec70e74eb932c:account_leaf:code,0xb5d86e1a626675974b7ed94b7c0ec70e74eb932c,code,70099062
zksync-era:0xb5d86e1a626675974b7ed94b7c0ec70e74eb932c:account_leaf:storage_root,0xb5d86e1a626675974b7ed94b7c0ec70e74eb932c,storage_root,70099062
zksync-era:0x6016f01295e1fa71b949f9da7ab3c8589348f174:account_leaf:balance,0x6016f01295e1fa71b949f9da7ab3c8589348f174,balance,70099062
zksync-era:0x6016f01295e1fa71b949f9da7ab3c8589348f174:account_leaf:nonce,0x6016f01295e1fa71b949f9da7ab3c8589348f174,nonce,70099062
zksync-era:0x6016f01295e1fa71b949f9da7ab3c8589348f174:account_leaf:code,0x6016f01295e1fa71b949f9da7ab3c8589348f174,code,70099062
zksync-era:0x6016f01295e1fa71b949f9da7ab3c8589348f174:account_leaf:storage_root,0x6016f01295e1fa71b949f9da7ab3c8589348f174,storage_root,70099062
zksync-era:0x210357fd04e163cb13f8140a37045ba5302474be:account_leaf:balance,0x210357fd04e163cb13f8140a37045ba5302474be,balance,70099662
zksync-era:0x210357fd04e163cb13f8140a37045ba5302474be:account_leaf:nonce,0x210357fd04e163cb13f8140a37045ba5302474be,nonce,70099662
zksync-era:0x210357fd04e163cb13f8140a37045ba5302474be:account_leaf:code,0x210357fd04e163cb13f8140a37045ba5302474be,code,70099662
zksync-era:0x210357fd04e163cb13f8140a37045ba5302474be:account_leaf:storage_root,0x210357fd04e163cb13f8140a37045ba5302474be,storage_root,70099662
zksync-era:0x4f389318c8a9d5614fb95a69bade21c3f83bd0c3:account_leaf:balance,0x4f389318c8a9d5614fb95a69bade21c3f83bd0c3,balance,70099862
zksync-era:0x4f389318c8a9d5614fb95a69bade21c3f83bd0c3:account_leaf:nonce,0x4f389318c8a9d5614fb95a69bade21c3f83bd0c3,nonce,70099862
zksync-era:0x4f389318c8a9d5614fb95a69bade21c3f83bd0c3:account_leaf:code,0x4f389318c8a9d5614fb95a69bade21c3f83bd0c3,code,70099862
zksync-era:0x4f389318c8a9d5614fb95a69bade21c3f83bd0c3:account_leaf:storage_root,0x4f389318c8a9d5614fb95a69bade21c3f83bd0c3,storage_root,70099862
zksync-era:0x6778f05ae94216938717d04752ac0078a05f9301:account_leaf:balance,0x6778f05ae94216938717d04752ac0078a05f9301,balance,70099862
zksync-era:0x6778f05ae94216938717d04752ac0078a05f9301:account_leaf:nonce,0x6778f05ae94216938717d04752ac0078a05f9301,nonce,70099862
zksync-era:0x6778f05ae94216938717d04752ac0078a05f9301:account_leaf:code,0x6778f05ae94216938717d04752ac0078a05f9301,code,70099862
zksync-era:0x6778f05ae94216938717d04752ac0078a05f9301:account_leaf:storage_root,0x6778f05ae94216938717d04752ac0078a05f9301,storage_root,70099862
zksync-era:0x1a55d815307f3e5b31fd40c4475d3271d1c5d264:account_leaf:balance,0x1a55d815307f3e5b31fd40c4475d3271d1c5d264,balance,70100062
zksync-era:0x1a55d815307f3e5b31fd40c4475d3271d1c5d264:account_leaf:nonce,0x1a55d815307f3e5b31fd40c4475d3271d1c5d264,nonce,70100062
zksync-era:0x1a55d815307f3e5b31fd40c4475d3271d1c5d264:account_leaf:code,0x1a55d815307f3e5b31fd40c4475d3271d1c5d264,code,70100062
zksync-era:0x1a55d815307f3e5b31fd40c4475d3271d1c5d264:account_leaf:storage_root,0x1a55d815307f3e5b31fd40c4475d3271d1c5d264,storage_root,70100062
zksync-era:0xac2219347dcd9ed7b9a02d444adc2d66c2135c9a:account_leaf:balance,0xac2219347dcd9ed7b9a02d444adc2d66c2135c9a,balance,70100262
zksync-era:0xac2219347dcd9ed7b9a02d444adc2d66c2135c9a:account_leaf:nonce,0xac2219347dcd9ed7b9a02d444adc2d66c2135c9a,nonce,70100262
zksync-era:0xac2219347dcd9ed7b9a02d444adc2d66c2135c9a:account_leaf:code,0xac2219347dcd9ed7b9a02d444adc2d66c2135c9a,code,70100262
zksync-era:0xac2219347dcd9ed7b9a02d444adc2d66c2135c9a:account_leaf:storage_root,0xac2219347dcd9ed7b9a02d444adc2d66c2135c9a,storage_root,70100262
zksync-era:0x28b80abd976527972fb47556b48cbe2b0ce8389a:account_leaf:balance,0x28b80abd976527972fb47556b48cbe2b0ce8389a,balance,70100462
zksync-era:0x28b80abd976527972fb47556b48cbe2b0ce8389a:account_leaf:nonce,0x28b80abd976527972fb47556b48cbe2b0ce8389a,nonce,70100462
zksync-era:0x28b80abd976527972fb47556b48cbe2b0ce8389a:account_leaf:code,0x28b80abd976527972fb47556b48cbe2b0ce8389a,code,70100462
zksync-era:0x28b80abd976527972fb47556b48cbe2b0ce8389a:account_leaf:storage_root,0x28b80abd976527972fb47556b48cbe2b0ce8389a,storage_root,70100462
zksync-era:0x498ab3644910b5bc3b2dbdbc60d09ef3315134d2:account_leaf:balance,0x498ab3644910b5bc3b2dbdbc60d09ef3315134d2,balance,70100862
zksync-era:0x498ab3644910b5bc3b2dbdbc60d09ef3315134d2:account_leaf:nonce,0x498ab3644910b5bc3b2dbdbc60d09ef3315134d2,nonce,70100862
zksync-era:0x498ab3644910b5bc3b2dbdbc60d09ef3315134d2:account_leaf:code,0x498ab3644910b5bc3b2dbdbc60d09ef3315134d2,code,70100862
zksync-era:0x498ab3644910b5bc3b2dbdbc60d09ef3315134d2:account_leaf:storage_root,0x498ab3644910b5bc3b2dbdbc60d09ef3315134d2,storage_root,70100862
zksync-era:0xe7d7d7158e8ad812af7796d048aa47e747f0a8b9:account_leaf:balance,0xe7d7d7158e8ad812af7796d048aa47e747f0a8b9,balance,70100862
zksync-era:0xe7d7d7158e8ad812af7796d048aa47e747f0a8b9:account_leaf:nonce,0xe7d7d7158e8ad812af7796d048aa47e747f0a8b9,nonce,70100862
zksync-era:0xe7d7d7158e8ad812af7796d048aa47e747f0a8b9:account_leaf:code,0xe7d7d7158e8ad812af7796d048aa47e747f0a8b9,code,70100862
zksync-era:0xe7d7d7158e8ad812af7796d048aa47e747f0a8b9:account_leaf:storage_root,0xe7d7d7158e8ad812af7796d048aa47e747f0a8b9,storage_root,70100862
zksync-era:0xf51a7b3d72d25734b9710de1b7fba5a382507673:account_leaf:balance,0xf51a7b3d72d25734b9710de1b7fba5a382507673,balance,70101062
zksync-era:0xf51a7b3d72d25734b9710de1b7fba5a382507673:account_leaf:nonce,0xf51a7b3d72d25734b9710de1b7fba5a382507673,nonce,70101062
zksync-era:0xf51a7b3d72d25734b9710de1b7fba5a382507673:account_leaf:code,0xf51a7b3d72d25734b9710de1b7fba5a382507673,code,70101062
zksync-era:0xf51a7b3d72d25734b9710de1b7fba5a382507673:account_leaf:storage_root,0xf51a7b3d72d25734b9710de1b7fba5a382507673,storage_root,70101062
zksync-era:0x873534b54be5a0c900798b0f775b2f0eb238e89f:account_leaf:balance,0x873534b54be5a0c900798b0f775b2f0eb238e89f,balance,70101462
zksync-era:0x873534b54be5a0c900798b0f775b2f0eb238e89f:account_leaf:nonce,0x873534b54be5a0c900798b0f775b2f0eb238e89f,nonce,70101462
zksync-era:0x873534b54be5a0c900798b0f775b2f0eb238e89f:account_leaf:code,0x873534b54be5a0c900798b0f775b2f0eb238e89f,code,70101462
zksync-era:0x873534b54be5a0c900798b0f775b2f0eb238e89f:account_leaf:storage_root,0x873534b54be5a0c900798b0f775b2f0eb238e89f,storage_root,70101462
zksync-era:0x0baa722aefa911a4f7e7657198bcdb9efc06bf38:account_leaf:balance,0x0baa722aefa911a4f7e7657198bcdb9efc06bf38,balance,70101462
zksync-era:0x0baa722aefa911a4f7e7657198bcdb9efc06bf38:account_leaf:nonce,0x0baa722aefa911a4f7e7657198bcdb9efc06bf38,nonce,70101462
zksync-era:0x0baa722aefa911a4f7e7657198bcdb9efc06bf38:account_leaf:code,0x0baa722aefa911a4f7e7657198bcdb9efc06bf38,code,70101462
zksync-era:0x0baa722aefa911a4f7e7657198bcdb9efc06bf38:account_leaf:storage_root,0x0baa722aefa911a4f7e7657198bcdb9efc06bf38,storage_root,70101462
zksync-era:0xb43ea5b13f41aac35703124f826ec0f3a3cabe0e:account_leaf:balance,0xb43ea5b13f41aac35703124f826ec0f3a3cabe0e,balance,70101662
zksync-era:0xb43ea5b13f41aac35703124f826ec0f3a3cabe0e:account_leaf:nonce,0xb43ea5b13f41aac35703124f826ec0f3a3cabe0e,nonce,70101662
zksync-era:0xb43ea5b13f41aac35703124f826ec0f3a3cabe0e:account_leaf:code,0xb43ea5b13f41aac35703124f826ec0f3a3cabe0e,code,70101662
zksync-era:0xb43ea5b13f41aac35703124f826ec0f3a3cabe0e:account_leaf:storage_root,0xb43ea5b13f41aac35703124f826ec0f3a3cabe0e,storage_root,70101662
zksync-era:0x31b3024d120f5ded87c39883f8be5d19c6f18a4c:account_leaf:balance,0x31b3024d120f5ded87c39883f8be5d19c6f18a4c,balance,70101662
zksync-era:0x31b3024d120f5ded87c39883f8be5d19c6f18a4c:account_leaf:nonce,0x31b3024d120f5ded87c39883f8be5d19c6f18a4c,nonce,70101662
zksync-era:0x31b3024d120f5ded87c39883f8be5d19c6f18a4c:account_leaf:code,0x31b3024d120f5ded87c39883f8be5d19c6f18a4c,code,70101662
zksync-era:0x31b3024d120f5ded87c39883f8be5d19c6f18a4c:account_leaf:storage_root,0x31b3024d120f5ded87c39883f8be5d19c6f18a4c,storage_root,70101662
zksync-era:0x4cd00e387622c35bddb9b4c962c136462338bc31:account_leaf:balance,0x4cd00e387622c35bddb9b4c962c136462338bc31,balance,70101862
zksync-era:0x4cd00e387622c35bddb9b4c962c136462338bc31:account_leaf:nonce,0x4cd00e387622c35bddb9b4c962c136462338bc31,nonce,70101862
zksync-era:0x4cd00e387622c35bddb9b4c962c136462338bc31:account_leaf:code,0x4cd00e387622c35bddb9b4c962c136462338bc31,code,70101862
zksync-era:0x4cd00e387622c35bddb9b4c962c136462338bc31:account_leaf:storage_root,0x4cd00e387622c35bddb9b4c962c136462338bc31,storage_root,70101862
zksync-era:0x116df994623e7d3452070a44b81db7af02c6fb3e:account_leaf:balance,0x116df994623e7d3452070a44b81db7af02c6fb3e,balance,70101862
zksync-era:0x116df994623e7d3452070a44b81db7af02c6fb3e:account_leaf:nonce,0x116df994623e7d3452070a44b81db7af02c6fb3e,nonce,70101862
zksync-era:0x116df994623e7d3452070a44b81db7af02c6fb3e:account_leaf:code,0x116df994623e7d3452070a44b81db7af02c6fb3e,code,70101862
zksync-era:0x116df994623e7d3452070a44b81db7af02c6fb3e:account_leaf:storage_root,0x116df994623e7d3452070a44b81db7af02c6fb3e,storage_root,70101862
zksync-era:0x04f8b36d1b930e45efef3b355e15f9f9d4cbf9c3:account_leaf:balance,0x04f8b36d1b930e45efef3b355e15f9f9d4cbf9c3,balance,70101862
zksync-era:0x04f8b36d1b930e45efef3b355e15f9f9d4cbf9c3:account_leaf:nonce,0x04f8b36d1b930e45efef3b355e15f9f9d4cbf9c3,nonce,70101862
zksync-era:0x04f8b36d1b930e45efef3b355e15f9f9d4cbf9c3:account_leaf:code,0x04f8b36d1b930e45efef3b355e15f9f9d4cbf9c3,code,70101862
zksync-era:0x04f8b36d1b930e45efef3b355e15f9f9d4cbf9c3:account_leaf:storage_root,0x04f8b36d1b930e45efef3b355e15f9f9d4cbf9c3,storage_root,70101862
zksync-era:0x1b7535a664e988dd1b5b8d86b6eb97837a22fe87:account_leaf:balance,0x1b7535a664e988dd1b5b8d86b6eb97837a22fe87,balance,70101862
zksync-era:0x1b7535a664e988dd1b5b8d86b6eb97837a22fe87:account_leaf:nonce,0x1b7535a664e988dd1b5b8d86b6eb97837a22fe87,nonce,70101862
zksync-era:0x1b7535a664e988dd1b5b8d86b6eb97837a22fe87:account_leaf:code,0x1b7535a664e988dd1b5b8d86b6eb97837a22fe87,code,70101862
zksync-era:0x1b7535a664e988dd1b5b8d86b6eb97837a22fe87:account_leaf:storage_root,0x1b7535a664e988dd1b5b8d86b6eb97837a22fe87,storage_root,70101862
zksync-era:0x8e582b0c35d382c073867e88d7ecbcf3520acf5f:account_leaf:balance,0x8e582b0c35d382c073867e88d7ecbcf3520acf5f,balance,70102062
zksync-era:0x8e582b0c35d382c073867e88d7ecbcf3520acf5f:account_leaf:nonce,0x8e582b0c35d382c073867e88d7ecbcf3520acf5f,nonce,70102062
zksync-era:0x8e582b0c35d382c073867e88d7ecbcf3520acf5f:account_leaf:code,0x8e582b0c35d382c073867e88d7ecbcf3520acf5f,code,70102062
zksync-era:0x8e582b0c35d382c073867e88d7ecbcf3520acf5f:account_leaf:storage_root,0x8e582b0c35d382c073867e88d7ecbcf3520acf5f,storage_root,70102062
zksync-era:0x87ddd923d29de3988661f944889ac87e8563a61e:account_leaf:balance,0x87ddd923d29de3988661f944889ac87e8563a61e,balance,70102062
zksync-era:0x87ddd923d29de3988661f944889ac87e8563a61e:account_leaf:nonce,0x87ddd923d29de3988661f944889ac87e8563a61e,nonce,70102062
zksync-era:0x87ddd923d29de3988661f944889ac87e8563a61e:account_leaf:code,0x87ddd923d29de3988661f944889ac87e8563a61e,code,70102062
zksync-era:0x87ddd923d29de3988661f944889ac87e8563a61e:account_leaf:storage_root,0x87ddd923d29de3988661f944889ac87e8563a61e,storage_root,70102062
zksync-era:0xd5fe9c6937d8415e4c5d4a600f837c2207c87bdd:account_leaf:balance,0xd5fe9c6937d8415e4c5d4a600f837c2207c87bdd,balance,70102262
zksync-era:0xd5fe9c6937d8415e4c5d4a600f837c2207c87bdd:account_leaf:nonce,0xd5fe9c6937d8415e4c5d4a600f837c2207c87bdd,nonce,70102262
zksync-era:0xd5fe9c6937d8415e4c5d4a600f837c2207c87bdd:account_leaf:code,0xd5fe9c6937d8415e4c5d4a600f837c2207c87bdd,code,70102262
zksync-era:0xd5fe9c6937d8415e4c5d4a600f837c2207c87bdd:account_leaf:storage_root,0xd5fe9c6937d8415e4c5d4a600f837c2207c87bdd,storage_root,70102262
zksync-era:0x71e7dd99545a40ebed3c87a2d025d0dd51939058:account_leaf:balance,0x71e7dd99545a40ebed3c87a2d025d0dd51939058,balance,70102462
zksync-era:0x71e7dd99545a40ebed3c87a2d025d0dd51939058:account_leaf:nonce,0x71e7dd99545a40ebed3c87a2d025d0dd51939058,nonce,70102462
zksync-era:0x71e7dd99545a40ebed3c87a2d025d0dd51939058:account_leaf:code,0x71e7dd99545a40ebed3c87a2d025d0dd51939058,code,70102462
zksync-era:0x71e7dd99545a40ebed3c87a2d025d0dd51939058:account_leaf:storage_root,0x71e7dd99545a40ebed3c87a2d025d0dd51939058,storage_root,70102462
zksync-era:0xaede212cda8fc657ac7b4ad5e98fd510624638b3:account_leaf:balance,0xaede212cda8fc657ac7b4ad5e98fd510624638b3,balance,70102862
zksync-era:0xaede212cda8fc657ac7b4ad5e98fd510624638b3:account_leaf:nonce,0xaede212cda8fc657ac7b4ad5e98fd510624638b3,nonce,70102862
zksync-era:0xaede212cda8fc657ac7b4ad5e98fd510624638b3:account_leaf:code,0xaede212cda8fc657ac7b4ad5e98fd510624638b3,code,70102862
zksync-era:0xaede212cda8fc657ac7b4ad5e98fd510624638b3:account_leaf:storage_root,0xaede212cda8fc657ac7b4ad5e98fd510624638b3,storage_root,70102862
zksync-era:0xd10c833f4305e1053a64bc738c550381f48104ca:account_leaf:balance,0xd10c833f4305e1053a64bc738c550381f48104ca,balance,70103462
zksync-era:0xd10c833f4305e1053a64bc738c550381f48104ca:account_leaf:nonce,0xd10c833f4305e1053a64bc738c550381f48104ca,nonce,70103462
zksync-era:0xd10c833f4305e1053a64bc738c550381f48104ca:account_leaf:code,0xd10c833f4305e1053a64bc738c550381f48104ca,code,70103462
zksync-era:0xd10c833f4305e1053a64bc738c550381f48104ca:account_leaf:storage_root,0xd10c833f4305e1053a64bc738c550381f48104ca,storage_root,70103462
zksync-era:0x54069e96c4247b37c2fbd9559ca99f08cd1cd66c:account_leaf:balance,0x54069e96c4247b37c2fbd9559ca99f08cd1cd66c,balance,70103462
zksync-era:0x54069e96c4247b37c2fbd9559ca99f08cd1cd66c:account_leaf:nonce,0x54069e96c4247b37c2fbd9559ca99f08cd1cd66c,nonce,70103462
zksync-era:0x54069e96c4247b37c2fbd9559ca99f08cd1cd66c:account_leaf:code,0x54069e96c4247b37c2fbd9559ca99f08cd1cd66c,code,70103462
zksync-era:0x54069e96c4247b37c2fbd9559ca99f08cd1cd66c:account_leaf:storage_root,0x54069e96c4247b37c2fbd9559ca99f08cd1cd66c,storage_root,70103462
zksync-era:0xa0243d4ff2aa9fef4153be4350997a47318054b9:account_leaf:balance,0xa0243d4ff2aa9fef4153be4350997a47318054b9,balance,70104262
zksync-era:0xa0243d4ff2aa9fef4153be4350997a47318054b9:account_leaf:nonce,0xa0243d4ff2aa9fef4153be4350997a47318054b9,nonce,70104262
zksync-era:0xa0243d4ff2aa9fef4153be4350997a47318054b9:account_leaf:code,0xa0243d4ff2aa9fef4153be4350997a47318054b9,code,70104262
zksync-era:0xa0243d4ff2aa9fef4153be4350997a47318054b9:account_leaf:storage_root,0xa0243d4ff2aa9fef4153be4350997a47318054b9,storage_root,70104262
zksync-era:0x50fd6b1d3f8095b9650ea2f8c0afb5e5b0dd6299:account_leaf:balance,0x50fd6b1d3f8095b9650ea2f8c0afb5e5b0dd6299,balance,70104262
zksync-era:0x50fd6b1d3f8095b9650ea2f8c0afb5e5b0dd6299:account_leaf:nonce,0x50fd6b1d3f8095b9650ea2f8c0afb5e5b0dd6299,nonce,70104262
zksync-era:0x50fd6b1d3f8095b9650ea2f8c0afb5e5b0dd6299:account_leaf:code,0x50fd6b1d3f8095b9650ea2f8c0afb5e5b0dd6299,code,70104262
zksync-era:0x50fd6b1d3f8095b9650ea2f8c0afb5e5b0dd6299:account_leaf:storage_root,0x50fd6b1d3f8095b9650ea2f8c0afb5e5b0dd6299,storage_root,70104262
zksync-era:0x831fe2b6aba340d25977a1400e2c5b2d808f0f55:account_leaf:balance,0x831fe2b6aba340d25977a1400e2c5b2d808f0f55,balance,70105462
zksync-era:0x831fe2b6aba340d25977a1400e2c5b2d808f0f55:account_leaf:nonce,0x831fe2b6aba340d25977a1400e2c5b2d808f0f55,nonce,70105462
zksync-era:0x831fe2b6aba340d25977a1400e2c5b2d808f0f55:account_leaf:code,0x831fe2b6aba340d25977a1400e2c5b2d808f0f55,code,70105462
zksync-era:0x831fe2b6aba340d25977a1400e2c5b2d808f0f55:account_leaf:storage_root,0x831fe2b6aba340d25977a1400e2c5b2d808f0f55,storage_root,70105462
zksync-era:0xf76bcda2cbc032786d2635310e1d5f322e9ab450:account_leaf:balance,0xf76bcda2cbc032786d2635310e1d5f322e9ab450,balance,70105862
zksync-era:0xf76bcda2cbc032786d2635310e1d5f322e9ab450:account_leaf:nonce,0xf76bcda2cbc032786d2635310e1d5f322e9ab450,nonce,70105862
zksync-era:0xf76bcda2cbc032786d2635310e1d5f322e9ab450:account_leaf:code,0xf76bcda2cbc032786d2635310e1d5f322e9ab450,code,70105862
zksync-era:0xf76bcda2cbc032786d2635310e1d5f322e9ab450:account_leaf:storage_root,0xf76bcda2cbc032786d2635310e1d5f322e9ab450,storage_root,70105862
zksync-era:0x5c931a5bc76ec279c97d516d61e8153de6242e79:account_leaf:balance,0x5c931a5bc76ec279c97d516d61e8153de6242e79,balance,70106262
zksync-era:0x5c931a5bc76ec279c97d516d61e8153de6242e79:account_leaf:nonce,0x5c931a5bc76ec279c97d516d61e8153de6242e79,nonce,70106262
zksync-era:0x5c931a5bc76ec279c97d516d61e8153de6242e79:account_leaf:code,0x5c931a5bc76ec279c97d516d61e8153de6242e79,code,70106262
zksync-era:0x5c931a5bc76ec279c97d516d61e8153de6242e79:account_leaf:storage_root,0x5c931a5bc76ec279c97d516d61e8153de6242e79,storage_root,70106262
zksync-era:0x341e94069f53234fe6dabef707ad424830525715:account_leaf:balance,0x341e94069f53234fe6dabef707ad424830525715,balance,70106262
zksync-era:0x341e94069f53234fe6dabef707ad424830525715:account_leaf:nonce,0x341e94069f53234fe6dabef707ad424830525715,nonce,70106262
zksync-era:0x341e94069f53234fe6dabef707ad424830525715:account_leaf:code,0x341e94069f53234fe6dabef707ad424830525715,code,70106262
zksync-era:0x341e94069f53234fe6dabef707ad424830525715:account_leaf:storage_root,0x341e94069f53234fe6dabef707ad424830525715,storage_root,70106262
zksync-era:0xf087c864aeccfb6a2bf1af6a0382b0d0f6c5d834:account_leaf:balance,0xf087c864aeccfb6a2bf1af6a0382b0d0f6c5d834,balance,70106662
zksync-era:0xf087c864aeccfb6a2bf1af6a0382b0d0f6c5d834:account_leaf:nonce,0xf087c864aeccfb6a2bf1af6a0382b0d0f6c5d834,nonce,70106662
zksync-era:0xf087c864aeccfb6a2bf1af6a0382b0d0f6c5d834:account_leaf:code,0xf087c864aeccfb6a2bf1af6a0382b0d0f6c5d834,code,70106662
zksync-era:0xf087c864aeccfb6a2bf1af6a0382b0d0f6c5d834:account_leaf:storage_root,0xf087c864aeccfb6a2bf1af6a0382b0d0f6c5d834,storage_root,70106662
zksync-era:0xf1111ad835eb6e66c7e6fc252486e03c792b0fde:account_leaf:balance,0xf1111ad835eb6e66c7e6fc252486e03c792b0fde,balance,70106662
zksync-era:0xf1111ad835eb6e66c7e6fc252486e03c792b0fde:account_leaf:nonce,0xf1111ad835eb6e66c7e6fc252486e03c792b0fde,nonce,70106662
zksync-era:0xf1111ad835eb6e66c7e6fc252486e03c792b0fde:account_leaf:code,0xf1111ad835eb6e66c7e6fc252486e03c792b0fde,code,70106662
zksync-era:0xf1111ad835eb6e66c7e6fc252486e03c792b0fde:account_leaf:storage_root,0xf1111ad835eb6e66c7e6fc252486e03c792b0fde,storage_root,70106662
zksync-era:0xe944c6322c5914eaacecfffe5e2227417773a2f8:account_leaf:balance,0xe944c6322c5914eaacecfffe5e2227417773a2f8,balance,70106862
zksync-era:0xe944c6322c5914eaacecfffe5e2227417773a2f8:account_leaf:nonce,0xe944c6322c5914eaacecfffe5e2227417773a2f8,nonce,70106862
zksync-era:0xe944c6322c5914eaacecfffe5e2227417773a2f8:account_leaf:code,0xe944c6322c5914eaacecfffe5e2227417773a2f8,code,70106862
zksync-era:0xe944c6322c5914eaacecfffe5e2227417773a2f8:account_leaf:storage_root,0xe944c6322c5914eaacecfffe5e2227417773a2f8,storage_root,70106862
zksync-era:0xb3872e5f5b80390613c1332dc3db871c296bf20b:account_leaf:balance,0xb3872e5f5b80390613c1332dc3db871c296bf20b,balance,70107262
zksync-era:0xb3872e5f5b80390613c1332dc3db871c296bf20b:account_leaf:nonce,0xb3872e5f5b80390613c1332dc3db871c296bf20b,nonce,70107262
zksync-era:0xb3872e5f5b80390613c1332dc3db871c296bf20b:account_leaf:code,0xb3872e5f5b80390613c1332dc3db871c296bf20b,code,70107262
zksync-era:0xb3872e5f5b80390613c1332dc3db871c296bf20b:account_leaf:storage_root,0xb3872e5f5b80390613c1332dc3db871c296bf20b,storage_root,70107262
zksync-era:0x48a94042de3004adbeb11d7d39ee53c812fbfe07:account_leaf:balance,0x48a94042de3004adbeb11d7d39ee53c812fbfe07,balance,70107462
zksync-era:0x48a94042de3004adbeb11d7d39ee53c812fbfe07:account_leaf:nonce,0x48a94042de3004adbeb11d7d39ee53c812fbfe07,nonce,70107462
zksync-era:0x48a94042de3004adbeb11d7d39ee53c812fbfe07:account_leaf:code,0x48a94042de3004adbeb11d7d39ee53c812fbfe07,code,70107462
zksync-era:0x48a94042de3004adbeb11d7d39ee53c812fbfe07:account_leaf:storage_root,0x48a94042de3004adbeb11d7d39ee53c812fbfe07,storage_root,70107462
zksync-era:0x4c21d4c317999444452c6c19e34f67b4de00cf06:account_leaf:balance,0x4c21d4c317999444452c6c19e34f67b4de00cf06,balance,70107462
zksync-era:0x4c21d4c317999444452c6c19e34f67b4de00cf06:account_leaf:nonce,0x4c21d4c317999444452c6c19e34f67b4de00cf06,nonce,70107462
zksync-era:0x4c21d4c317999444452c6c19e34f67b4de00cf06:account_leaf:code,0x4c21d4c317999444452c6c19e34f67b4de00cf06,code,70107462
zksync-era:0x4c21d4c317999444452c6c19e34f67b4de00cf06:account_leaf:storage_root,0x4c21d4c317999444452c6c19e34f67b4de00cf06,storage_root,70107462
zksync-era:0xaac5c9fc4b9326e067ff3c384c168430355f2112:account_leaf:balance,0xaac5c9fc4b9326e067ff3c384c168430355f2112,balance,70107662
zksync-era:0xaac5c9fc4b9326e067ff3c384c168430355f2112:account_leaf:nonce,0xaac5c9fc4b9326e067ff3c384c168430355f2112,nonce,70107662
zksync-era:0xaac5c9fc4b9326e067ff3c384c168430355f2112:account_leaf:code,0xaac5c9fc4b9326e067ff3c384c168430355f2112,code,70107662
zksync-era:0xaac5c9fc4b9326e067ff3c384c168430355f2112:account_leaf:storage_root,0xaac5c9fc4b9326e067ff3c384c168430355f2112,storage_root,70107662
zksync-era:0xa4ffda9fcae6f836fe773231694f242281941207:account_leaf:balance,0xa4ffda9fcae6f836fe773231694f242281941207,balance,70108462
zksync-era:0xa4ffda9fcae6f836fe773231694f242281941207:account_leaf:nonce,0xa4ffda9fcae6f836fe773231694f242281941207,nonce,70108462
zksync-era:0xa4ffda9fcae6f836fe773231694f242281941207:account_leaf:code,0xa4ffda9fcae6f836fe773231694f242281941207,code,70108462
zksync-era:0xa4ffda9fcae6f836fe773231694f242281941207:account_leaf:storage_root,0xa4ffda9fcae6f836fe773231694f242281941207,storage_root,70108462
zksync-era:0x15d190dd8a1ed39cf5b790e2ffed1f365e9c865b:account_leaf:balance,0x15d190dd8a1ed39cf5b790e2ffed1f365e9c865b,balance,70108862
zksync-era:0x15d190dd8a1ed39cf5b790e2ffed1f365e9c865b:account_leaf:nonce,0x15d190dd8a1ed39cf5b790e2ffed1f365e9c865b,nonce,70108862
zksync-era:0x15d190dd8a1ed39cf5b790e2ffed1f365e9c865b:account_leaf:code,0x15d190dd8a1ed39cf5b790e2ffed1f365e9c865b,code,70108862
zksync-era:0x15d190dd8a1ed39cf5b790e2ffed1f365e9c865b:account_leaf:storage_root,0x15d190dd8a1ed39cf5b790e2ffed1f365e9c865b,storage_root,70108862
zksync-era:0x5564e24b76d423b6724405b81bc9f1f3cd5e2ea3:account_leaf:balance,0x5564e24b76d423b6724405b81bc9f1f3cd5e2ea3,balance,70109662
zksync-era:0x5564e24b76d423b6724405b81bc9f1f3cd5e2ea3:account_leaf:nonce,0x5564e24b76d423b6724405b81bc9f1f3cd5e2ea3,nonce,70109662
zksync-era:0x5564e24b76d423b6724405b81bc9f1f3cd5e2ea3:account_leaf:code,0x5564e24b76d423b6724405b81bc9f1f3cd5e2ea3,code,70109662
zksync-era:0x5564e24b76d423b6724405b81bc9f1f3cd5e2ea3:account_leaf:storage_root,0x5564e24b76d423b6724405b81bc9f1f3cd5e2ea3,storage_root,70109662
zksync-era:0x9c2b545bdf5769bc1ed9ba65f029f8e3f036d8c3:account_leaf:balance,0x9c2b545bdf5769bc1ed9ba65f029f8e3f036d8c3,balance,70110262
zksync-era:0x9c2b545bdf5769bc1ed9ba65f029f8e3f036d8c3:account_leaf:nonce,0x9c2b545bdf5769bc1ed9ba65f029f8e3f036d8c3,nonce,70110262
zksync-era:0x9c2b545bdf5769bc1ed9ba65f029f8e3f036d8c3:account_leaf:code,0x9c2b545bdf5769bc1ed9ba65f029f8e3f036d8c3,code,70110262
zksync-era:0x9c2b545bdf5769bc1ed9ba65f029f8e3f036d8c3:account_leaf:storage_root,0x9c2b545bdf5769bc1ed9ba65f029f8e3f036d8c3,storage_root,70110262
zksync-era:0x53f9e73dd906f45359cf24f2c66435872db143d4:account_leaf:balance,0x53f9e73dd906f45359cf24f2c66435872db143d4,balance,70110462
zksync-era:0x53f9e73dd906f45359cf24f2c66435872db143d4:account_leaf:nonce,0x53f9e73dd906f45359cf24f2c66435872db143d4,nonce,70110462
zksync-era:0x53f9e73dd906f45359cf24f2c66435872db143d4:account_leaf:code,0x53f9e73dd906f45359cf24f2c66435872db143d4,code,70110462
zksync-era:0x53f9e73dd906f45359cf24f2c66435872db143d4:account_leaf:storage_root,0x53f9e73dd906f45359cf24f2c66435872db143d4,storage_root,70110462
zksync-era:0x470bff97516270e6ca6c57de6993f39fe38c8637:account_leaf:balance,0x470bff97516270e6ca6c57de6993f39fe38c8637,balance,70110662
zksync-era:0x470bff97516270e6ca6c57de6993f39fe38c8637:account_leaf:nonce,0x470bff97516270e6ca6c57de6993f39fe38c8637,nonce,70110662
zksync-era:0x470bff97516270e6ca6c57de6993f39fe38c8637:account_leaf:code,0x470bff97516270e6ca6c57de6993f39fe38c8637,code,70110662
zksync-era:0x470bff97516270e6ca6c57de6993f39fe38c8637:account_leaf:storage_root,0x470bff97516270e6ca6c57de6993f39fe38c8637,storage_root,70110662
zksync-era:0x0e69d2ebd94a97c929018c37326e7a96e961b2f2:account_leaf:balance,0x0e69d2ebd94a97c929018c37326e7a96e961b2f2,balance,70110862
zksync-era:0x0e69d2ebd94a97c929018c37326e7a96e961b2f2:account_leaf:nonce,0x0e69d2ebd94a97c929018c37326e7a96e961b2f2,nonce,70110862
zksync-era:0x0e69d2ebd94a97c929018c37326e7a96e961b2f2:account_leaf:code,0x0e69d2ebd94a97c929018c37326e7a96e961b2f2,code,70110862
zksync-era:0x0e69d2ebd94a97c929018c37326e7a96e961b2f2:account_leaf:storage_root,0x0e69d2ebd94a97c929018c37326e7a96e961b2f2,storage_root,70110862
zksync-era:0xad0297f485a22865cd5c7d6ce1266b0a0f8efcba:account_leaf:balance,0xad0297f485a22865cd5c7d6ce1266b0a0f8efcba,balance,70113462
zksync-era:0xad0297f485a22865cd5c7d6ce1266b0a0f8efcba:account_leaf:nonce,0xad0297f485a22865cd5c7d6ce1266b0a0f8efcba,nonce,70113462
zksync-era:0xad0297f485a22865cd5c7d6ce1266b0a0f8efcba:account_leaf:code,0xad0297f485a22865cd5c7d6ce1266b0a0f8efcba,code,70113462
zksync-era:0xad0297f485a22865cd5c7d6ce1266b0a0f8efcba:account_leaf:storage_root,0xad0297f485a22865cd5c7d6ce1266b0a0f8efcba,storage_root,70113462
zksync-era:0x3355df6d4c9c3035724fd0e3914de96a5a83aaf4:account_leaf:balance,0x3355df6d4c9c3035724fd0e3914de96a5a83aaf4,balance,70113862
zksync-era:0x3355df6d4c9c3035724fd0e3914de96a5a83aaf4:account_leaf:nonce,0x3355df6d4c9c3035724fd0e3914de96a5a83aaf4,nonce,70113862
zksync-era:0x3355df6d4c9c3035724fd0e3914de96a5a83aaf4:account_leaf:code,0x3355df6d4c9c3035724fd0e3914de96a5a83aaf4,code,70113862
zksync-era:0x3355df6d4c9c3035724fd0e3914de96a5a83aaf4:account_leaf:storage_root,0x3355df6d4c9c3035724fd0e3914de96a5a83aaf4,storage_root,70113862
zksync-era:0x75f8ae950f9cee524778d8082f8083a6fcb2abc5:account_leaf:balance,0x75f8ae950f9cee524778d8082f8083a6fcb2abc5,balance,70113862
zksync-era:0x75f8ae950f9cee524778d8082f8083a6fcb2abc5:account_leaf:nonce,0x75f8ae950f9cee524778d8082f8083a6fcb2abc5,nonce,70113862
zksync-era:0x75f8ae950f9cee524778d8082f8083a6fcb2abc5:account_leaf:code,0x75f8ae950f9cee524778d8082f8083a6fcb2abc5,code,70113862
zksync-era:0x75f8ae950f9cee524778d8082f8083a6fcb2abc5:account_leaf:storage_root,0x75f8ae950f9cee524778d8082f8083a6fcb2abc5,storage_root,70113862
zksync-era:0x440a9bfa0168387cce7248d0d6e017cf82ad5bac:account_leaf:balance,0x440a9bfa0168387cce7248d0d6e017cf82ad5bac,balance,70114262
zksync-era:0x440a9bfa0168387cce7248d0d6e017cf82ad5bac:account_leaf:nonce,0x440a9bfa0168387cce7248d0d6e017cf82ad5bac,nonce,70114262
zksync-era:0x440a9bfa0168387cce7248d0d6e017cf82ad5bac:account_leaf:code,0x440a9bfa0168387cce7248d0d6e017cf82ad5bac,code,70114262
zksync-era:0x440a9bfa0168387cce7248d0d6e017cf82ad5bac:account_leaf:storage_root,0x440a9bfa0168387cce7248d0d6e017cf82ad5bac,storage_root,70114262
zksync-era:0x7e0c71c98cf68cd471fa58d26ea8b5c99f7a2bfa:account_leaf:balance,0x7e0c71c98cf68cd471fa58d26ea8b5c99f7a2bfa,balance,70114462
zksync-era:0x7e0c71c98cf68cd471fa58d26ea8b5c99f7a2bfa:account_leaf:nonce,0x7e0c71c98cf68cd471fa58d26ea8b5c99f7a2bfa,nonce,70114462
zksync-era:0x7e0c71c98cf68cd471fa58d26ea8b5c99f7a2bfa:account_leaf:code,0x7e0c71c98cf68cd471fa58d26ea8b5c99f7a2bfa,code,70114462
zksync-era:0x7e0c71c98cf68cd471fa58d26ea8b5c99f7a2bfa:account_leaf:storage_root,0x7e0c71c98cf68cd471fa58d26ea8b5c99f7a2bfa,storage_root,70114462
zksync-era:0xf14f4f12ee31ec51678728c7274fc66e8b6b076e:account_leaf:balance,0xf14f4f12ee31ec51678728c7274fc66e8b6b076e,balance,70115062
zksync-era:0xf14f4f12ee31ec51678728c7274fc66e8b6b076e:account_leaf:nonce,0xf14f4f12ee31ec51678728c7274fc66e8b6b076e,nonce,70115062
zksync-era:0xf14f4f12ee31ec51678728c7274fc66e8b6b076e:account_leaf:code,0xf14f4f12ee31ec51678728c7274fc66e8b6b076e,code,70115062
zksync-era:0xf14f4f12ee31ec51678728c7274fc66e8b6b076e:account_leaf:storage_root,0xf14f4f12ee31ec51678728c7274fc66e8b6b076e,storage_root,70115062
zksync-era:0x67340c407b9eb826715ca9b4b198775e913f380e:account_leaf:balance,0x67340c407b9eb826715ca9b4b198775e913f380e,balance,70115262
zksync-era:0x67340c407b9eb826715ca9b4b198775e913f380e:account_leaf:nonce,0x67340c407b9eb826715ca9b4b198775e913f380e,nonce,70115262
zksync-era:0x67340c407b9eb826715ca9b4b198775e913f380e:account_leaf:code,0x67340c407b9eb826715ca9b4b198775e913f380e,code,70115262
zksync-era:0x67340c407b9eb826715ca9b4b198775e913f380e:account_leaf:storage_root,0x67340c407b9eb826715ca9b4b198775e913f380e,storage_root,70115262
zksync-era:0xed4e9e5e0c49d32582d3aaa91f3c752cb89ad1e9:account_leaf:balance,0xed4e9e5e0c49d32582d3aaa91f3c752cb89ad1e9,balance,70115462
zksync-era:0xed4e9e5e0c49d32582d3aaa91f3c752cb89ad1e9:account_leaf:nonce,0xed4e9e5e0c49d32582d3aaa91f3c752cb89ad1e9,nonce,70115462
zksync-era:0xed4e9e5e0c49d32582d3aaa91f3c752cb89ad1e9:account_leaf:code,0xed4e9e5e0c49d32582d3aaa91f3c752cb89ad1e9,code,70115462
zksync-era:0xed4e9e5e0c49d32582d3aaa91f3c752cb89ad1e9:account_leaf:storage_root,0xed4e9e5e0c49d32582d3aaa91f3c752cb89ad1e9,storage_root,70115462
zksync-era:0xdaad6e63b52458d8a1b07e67e12a865efb6b8f51:account_leaf:balance,0xdaad6e63b52458d8a1b07e67e12a865efb6b8f51,balance,70115662
zksync-era:0xdaad6e63b52458d8a1b07e67e12a865efb6b8f51:account_leaf:nonce,0xdaad6e63b52458d8a1b07e67e12a865efb6b8f51,nonce,70115662
zksync-era:0xdaad6e63b52458d8a1b07e67e12a865efb6b8f51:account_leaf:code,0xdaad6e63b52458d8a1b07e67e12a865efb6b8f51,code,70115662
zksync-era:0xdaad6e63b52458d8a1b07e67e12a865efb6b8f51:account_leaf:storage_root,0xdaad6e63b52458d8a1b07e67e12a865efb6b8f51,storage_root,70115662
zksync-era:0x5667043e7c2309d1dc19d1f9355b5c472b3bb976:account_leaf:balance,0x5667043e7c2309d1dc19d1f9355b5c472b3bb976,balance,70115862
zksync-era:0x5667043e7c2309d1dc19d1f9355b5c472b3bb976:account_leaf:nonce,0x5667043e7c2309d1dc19d1f9355b5c472b3bb976,nonce,70115862
zksync-era:0x5667043e7c2309d1dc19d1f9355b5c472b3bb976:account_leaf:code,0x5667043e7c2309d1dc19d1f9355b5c472b3bb976,code,70115862
zksync-era:0x5667043e7c2309d1dc19d1f9355b5c472b3bb976:account_leaf:storage_root,0x5667043e7c2309d1dc19d1f9355b5c472b3bb976,storage_root,70115862
zksync-era:0x91db5305946446922ffd913bca64f470e590d480:account_leaf:balance,0x91db5305946446922ffd913bca64f470e590d480,balance,70115862
zksync-era:0x91db5305946446922ffd913bca64f470e590d480:account_leaf:nonce,0x91db5305946446922ffd913bca64f470e590d480,nonce,70115862
zksync-era:0x91db5305946446922ffd913bca64f470e590d480:account_leaf:code,0x91db5305946446922ffd913bca64f470e590d480,code,70115862
zksync-era:0x91db5305946446922ffd913bca64f470e590d480:account_leaf:storage_root,0x91db5305946446922ffd913bca64f470e590d480,storage_root,70115862
zksync-era:0x91604f590d66ace8975eed6bd16cf55647d1c499:account_leaf:balance,0x91604f590d66ace8975eed6bd16cf55647d1c499,balance,70116062
zksync-era:0x91604f590d66ace8975eed6bd16cf55647d1c499:account_leaf:nonce,0x91604f590d66ace8975eed6bd16cf55647d1c499,nonce,70116062
zksync-era:0x91604f590d66ace8975eed6bd16cf55647d1c499:account_leaf:code,0x91604f590d66ace8975eed6bd16cf55647d1c499,code,70116062
zksync-era:0x91604f590d66ace8975eed6bd16cf55647d1c499:account_leaf:storage_root,0x91604f590d66ace8975eed6bd16cf55647d1c499,storage_root,70116062
zksync-era:0xd7edf5ac28a6b2ae546c6039788e68c07bba5fa9:account_leaf:balance,0xd7edf5ac28a6b2ae546c6039788e68c07bba5fa9,balance,70116062
zksync-era:0xd7edf5ac28a6b2ae546c6039788e68c07bba5fa9:account_leaf:nonce,0xd7edf5ac28a6b2ae546c6039788e68c07bba5fa9,nonce,70116062
zksync-era:0xd7edf5ac28a6b2ae546c6039788e68c07bba5fa9:account_leaf:code,0xd7edf5ac28a6b2ae546c6039788e68c07bba5fa9,code,70116062
zksync-era:0xd7edf5ac28a6b2ae546c6039788e68c07bba5fa9:account_leaf:storage_root,0xd7edf5ac28a6b2ae546c6039788e68c07bba5fa9,storage_root,70116062
zksync-era:0xdd66e0f461aa16ca9876e32052eaacd8d1715471:account_leaf:balance,0xdd66e0f461aa16ca9876e32052eaacd8d1715471,balance,70116262
zksync-era:0xdd66e0f461aa16ca9876e32052eaacd8d1715471:account_leaf:nonce,0xdd66e0f461aa16ca9876e32052eaacd8d1715471,nonce,70116262
zksync-era:0xdd66e0f461aa16ca9876e32052eaacd8d1715471:account_leaf:code,0xdd66e0f461aa16ca9876e32052eaacd8d1715471,code,70116262
zksync-era:0xdd66e0f461aa16ca9876e32052eaacd8d1715471:account_leaf:storage_root,0xdd66e0f461aa16ca9876e32052eaacd8d1715471,storage_root,70116262
zksync-era:0xa297bd74809664ef495893fe8bb063431e8af61b:account_leaf:balance,0xa297bd74809664ef495893fe8bb063431e8af61b,balance,70116462
zksync-era:0xa297bd74809664ef495893fe8bb063431e8af61b:account_leaf:nonce,0xa297bd74809664ef495893fe8bb063431e8af61b,nonce,70116462
zksync-era:0xa297bd74809664ef495893fe8bb063431e8af61b:account_leaf:code,0xa297bd74809664ef495893fe8bb063431e8af61b,code,70116462
zksync-era:0xa297bd74809664ef495893fe8bb063431e8af61b:account_leaf:storage_root,0xa297bd74809664ef495893fe8bb063431e8af61b,storage_root,70116462
zksync-era:0xda84f507269d3c6b0c47a5a29de9b440c1a81a94:account_leaf:balance,0xda84f507269d3c6b0c47a5a29de9b440c1a81a94,balance,70116862
zksync-era:0xda84f507269d3c6b0c47a5a29de9b440c1a81a94:account_leaf:nonce,0xda84f507269d3c6b0c47a5a29de9b440c1a81a94,nonce,70116862
zksync-era:0xda84f507269d3c6b0c47a5a29de9b440c1a81a94:account_leaf:code,0xda84f507269d3c6b0c47a5a29de9b440c1a81a94,code,70116862
zksync-era:0xda84f507269d3c6b0c47a5a29de9b440c1a81a94:account_leaf:storage_root,0xda84f507269d3c6b0c47a5a29de9b440c1a81a94,storage_root,70116862
zksync-era:0x127f89942721ae589bdd581d25b26d24c422dd04:account_leaf:balance,0x127f89942721ae589bdd581d25b26d24c422dd04,balance,70117062
zksync-era:0x127f89942721ae589bdd581d25b26d24c422dd04:account_leaf:nonce,0x127f89942721ae589bdd581d25b26d24c422dd04,nonce,70117062
zksync-era:0x127f89942721ae589bdd581d25b26d24c422dd04:account_leaf:code,0x127f89942721ae589bdd581d25b26d24c422dd04,code,70117062
zksync-era:0x127f89942721ae589bdd581d25b26d24c422dd04:account_leaf:storage_root,0x127f89942721ae589bdd581d25b26d24c422dd04,storage_root,70117062
zksync-era:0x0000000000000000000000000000000000000000:account_leaf:balance,0x0000000000000000000000000000000000000000,balance,70117262
zksync-era:0x0000000000000000000000000000000000000000:account_leaf:nonce,0x0000000000000000000000000000000000000000,nonce,70117262
zksync-era:0x0000000000000000000000000000000000000000:account_leaf:code,0x0000000000000000000000000000000000000000,code,70117262
zksync-era:0x0000000000000000000000000000000000000000:account_leaf:storage_root,0x0000000000000000000000000000000000000000,storage_root,70117262
zksync-era:0x666ec807ef454377942c5634bf3e5f5538f0d679:account_leaf:balance,0x666ec807ef454377942c5634bf3e5f5538f0d679,balance,70117262
zksync-era:0x666ec807ef454377942c5634bf3e5f5538f0d679:account_leaf:nonce,0x666ec807ef454377942c5634bf3e5f5538f0d679,nonce,70117262
zksync-era:0x666ec807ef454377942c5634bf3e5f5538f0d679:account_leaf:code,0x666ec807ef454377942c5634bf3e5f5538f0d679,code,70117262
zksync-era:0x666ec807ef454377942c5634bf3e5f5538f0d679:account_leaf:storage_root,0x666ec807ef454377942c5634bf3e5f5538f0d679,storage_root,70117262
zksync-era:0x59be340eb09ce92e0dfe053d34dfb3df33a341f3:account_leaf:balance,0x59be340eb09ce92e0dfe053d34dfb3df33a341f3,balance,70117462
zksync-era:0x59be340eb09ce92e0dfe053d34dfb3df33a341f3:account_leaf:nonce,0x59be340eb09ce92e0dfe053d34dfb3df33a341f3,nonce,70117462
zksync-era:0x59be340eb09ce92e0dfe053d34dfb3df33a341f3:account_leaf:code,0x59be340eb09ce92e0dfe053d34dfb3df33a341f3,code,70117462
zksync-era:0x59be340eb09ce92e0dfe053d34dfb3df33a341f3:account_leaf:storage_root,0x59be340eb09ce92e0dfe053d34dfb3df33a341f3,storage_root,70117462
zksync-era:0x19ab096040f13cfa6a18ab2e0ca786bdfe8eacd0:account_leaf:balance,0x19ab096040f13cfa6a18ab2e0ca786bdfe8eacd0,balance,70117662
zksync-era:0x19ab096040f13cfa6a18ab2e0ca786bdfe8eacd0:account_leaf:nonce,0x19ab096040f13cfa6a18ab2e0ca786bdfe8eacd0,nonce,70117662
zksync-era:0x19ab096040f13cfa6a18ab2e0ca786bdfe8eacd0:account_leaf:code,0x19ab096040f13cfa6a18ab2e0ca786bdfe8eacd0,code,70117662
zksync-era:0x19ab096040f13cfa6a18ab2e0ca786bdfe8eacd0:account_leaf:storage_root,0x19ab096040f13cfa6a18ab2e0ca786bdfe8eacd0,storage_root,70117662
zksync-era:0x000000c0f624da031e44661f23c2e5bdacc6dcf4:account_leaf:balance,0x000000c0f624da031e44661f23c2e5bdacc6dcf4,balance,70117662
zksync-era:0x000000c0f624da031e44661f23c2e5bdacc6dcf4:account_leaf:nonce,0x000000c0f624da031e44661f23c2e5bdacc6dcf4,nonce,70117662
zksync-era:0x000000c0f624da031e44661f23c2e5bdacc6dcf4:account_leaf:code,0x000000c0f624da031e44661f23c2e5bdacc6dcf4,code,70117662
zksync-era:0x000000c0f624da031e44661f23c2e5bdacc6dcf4:account_leaf:storage_root,0x000000c0f624da031e44661f23c2e5bdacc6dcf4,storage_root,70117662
zksync-era:0xeeaf8badb4ab4f3a949189f028dcbe8701206861:account_leaf:balance,0xeeaf8badb4ab4f3a949189f028dcbe8701206861,balance,70117662
zksync-era:0xeeaf8badb4ab4f3a949189f028dcbe8701206861:account_leaf:nonce,0xeeaf8badb4ab4f3a949189f028dcbe8701206861,nonce,70117662
zksync-era:0xeeaf8badb4ab4f3a949189f028dcbe8701206861:account_leaf:code,0xeeaf8badb4ab4f3a949189f028dcbe8701206861,code,70117662
zksync-era:0xeeaf8badb4ab4f3a949189f028dcbe8701206861:account_leaf:storage_root,0xeeaf8badb4ab4f3a949189f028dcbe8701206861,storage_root,70117662
zksync-era:0x550bc3f184b2729c497adeda789c80c2495562d3:account_leaf:balance,0x550bc3f184b2729c497adeda789c80c2495562d3,balance,70117662
zksync-era:0x550bc3f184b2729c497adeda789c80c2495562d3:account_leaf:nonce,0x550bc3f184b2729c497adeda789c80c2495562d3,nonce,70117662
zksync-era:0x550bc3f184b2729c497adeda789c80c2495562d3:account_leaf:code,0x550bc3f184b2729c497adeda789c80c2495562d3,code,70117662
zksync-era:0x550bc3f184b2729c497adeda789c80c2495562d3:account_leaf:storage_root,0x550bc3f184b2729c497adeda789c80c2495562d3,storage_root,70117662
zksync-era:0x0fc16d5ea09c995a52678e0dd4ffde25404a6559:account_leaf:balance,0x0fc16d5ea09c995a52678e0dd4ffde25404a6559,balance,70117862
zksync-era:0x0fc16d5ea09c995a52678e0dd4ffde25404a6559:account_leaf:nonce,0x0fc16d5ea09c995a52678e0dd4ffde25404a6559,nonce,70117862
zksync-era:0x0fc16d5ea09c995a52678e0dd4ffde25404a6559:account_leaf:code,0x0fc16d5ea09c995a52678e0dd4ffde25404a6559,code,70117862
zksync-era:0x0fc16d5ea09c995a52678e0dd4ffde25404a6559:account_leaf:storage_root,0x0fc16d5ea09c995a52678e0dd4ffde25404a6559,storage_root,70117862
zksync-era:0xe45a3ab1a1cedc47f704f83ef7e28b9bb6b0594a:account_leaf:balance,0xe45a3ab1a1cedc47f704f83ef7e28b9bb6b0594a,balance,70118062
zksync-era:0xe45a3ab1a1cedc47f704f83ef7e28b9bb6b0594a:account_leaf:nonce,0xe45a3ab1a1cedc47f704f83ef7e28b9bb6b0594a,nonce,70118062
zksync-era:0xe45a3ab1a1cedc47f704f83ef7e28b9bb6b0594a:account_leaf:code,0xe45a3ab1a1cedc47f704f83ef7e28b9bb6b0594a,code,70118062
zksync-era:0xe45a3ab1a1cedc47f704f83ef7e28b9bb6b0594a:account_leaf:storage_root,0xe45a3ab1a1cedc47f704f83ef7e28b9bb6b0594a,storage_root,70118062
zksync-era:0xcf8b2640b2715966b2332ca601de3129375ebd3a:account_leaf:balance,0xcf8b2640b2715966b2332ca601de3129375ebd3a,balance,70118062
zksync-era:0xcf8b2640b2715966b2332ca601de3129375ebd3a:account_leaf:nonce,0xcf8b2640b2715966b2332ca601de3129375ebd3a,nonce,70118062
zksync-era:0xcf8b2640b2715966b2332ca601de3129375ebd3a:account_leaf:code,0xcf8b2640b2715966b2332ca601de3129375ebd3a,code,70118062
zksync-era:0xcf8b2640b2715966b2332ca601de3129375ebd3a:account_leaf:storage_root,0xcf8b2640b2715966b2332ca601de3129375ebd3a,storage_root,70118062
zksync-era:0xe83a339bf4d658020a08cf2ab24d2e6cb7479129:account_leaf:balance,0xe83a339bf4d658020a08cf2ab24d2e6cb7479129,balance,70118662
zksync-era:0xe83a339bf4d658020a08cf2ab24d2e6cb7479129:account_leaf:nonce,0xe83a339bf4d658020a08cf2ab24d2e6cb7479129,nonce,70118662
zksync-era:0xe83a339bf4d658020a08cf2ab24d2e6cb7479129:account_leaf:code,0xe83a339bf4d658020a08cf2ab24d2e6cb7479129,code,70118662
zksync-era:0xe83a339bf4d658020a08cf2ab24d2e6cb7479129:account_leaf:storage_root,0xe83a339bf4d658020a08cf2ab24d2e6cb7479129,storage_root,70118662
zksync-era:0x372fe7d2dd3fb2da4391903678f08338ecf9ae11:account_leaf:balance,0x372fe7d2dd3fb2da4391903678f08338ecf9ae11,balance,70118862
zksync-era:0x372fe7d2dd3fb2da4391903678f08338ecf9ae11:account_leaf:nonce,0x372fe7d2dd3fb2da4391903678f08338ecf9ae11,nonce,70118862
zksync-era:0x372fe7d2dd3fb2da4391903678f08338ecf9ae11:account_leaf:code,0x372fe7d2dd3fb2da4391903678f08338ecf9ae11,code,70118862
zksync-era:0x372fe7d2dd3fb2da4391903678f08338ecf9ae11:account_leaf:storage_root,0x372fe7d2dd3fb2da4391903678f08338ecf9ae11,storage_root,70118862
zksync-era:0xb80d90fcf2ed0e4febe02d2a209109bf1f62df95:account_leaf:balance,0xb80d90fcf2ed0e4febe02d2a209109bf1f62df95,balance,70119062
zksync-era:0xb80d90fcf2ed0e4febe02d2a209109bf1f62df95:account_leaf:nonce,0xb80d90fcf2ed0e4febe02d2a209109bf1f62df95,nonce,70119062
zksync-era:0xb80d90fcf2ed0e4febe02d2a209109bf1f62df95:account_leaf:code,0xb80d90fcf2ed0e4febe02d2a209109bf1f62df95,code,70119062
zksync-era:0xb80d90fcf2ed0e4febe02d2a209109bf1f62df95:account_leaf:storage_root,0xb80d90fcf2ed0e4febe02d2a209109bf1f62df95,storage_root,70119062
zksync-era:0x7fb0a119fe1ac12d9e8092ac501192e16332a27d:account_leaf:balance,0x7fb0a119fe1ac12d9e8092ac501192e16332a27d,balance,70119262
zksync-era:0x7fb0a119fe1ac12d9e8092ac501192e16332a27d:account_leaf:nonce,0x7fb0a119fe1ac12d9e8092ac501192e16332a27d,nonce,70119262
zksync-era:0x7fb0a119fe1ac12d9e8092ac501192e16332a27d:account_leaf:code,0x7fb0a119fe1ac12d9e8092ac501192e16332a27d,code,70119262
zksync-era:0x7fb0a119fe1ac12d9e8092ac501192e16332a27d:account_leaf:storage_root,0x7fb0a119fe1ac12d9e8092ac501192e16332a27d,storage_root,70119262
zksync-era:0xdd7daf8d4ad0b5667207873ca47fa05f67d9c3a5:account_leaf:balance,0xdd7daf8d4ad0b5667207873ca47fa05f67d9c3a5,balance,70119862
zksync-era:0xdd7daf8d4ad0b5667207873ca47fa05f67d9c3a5:account_leaf:nonce,0xdd7daf8d4ad0b5667207873ca47fa05f67d9c3a5,nonce,70119862
zksync-era:0xdd7daf8d4ad0b5667207873ca47fa05f67d9c3a5:account_leaf:code,0xdd7daf8d4ad0b5667207873ca47fa05f67d9c3a5,code,70119862
zksync-era:0xdd7daf8d4ad0b5667207873ca47fa05f67d9c3a5:account_leaf:storage_root,0xdd7daf8d4ad0b5667207873ca47fa05f67d9c3a5,storage_root,70119862
zksync-era:0x7070286eb343ba22fe8a151f7bf896e23870bda7:account_leaf:balance,0x7070286eb343ba22fe8a151f7bf896e23870bda7,balance,70120462
zksync-era:0x7070286eb343ba22fe8a151f7bf896e23870bda7:account_leaf:nonce,0x7070286eb343ba22fe8a151f7bf896e23870bda7,nonce,70120462
zksync-era:0x7070286eb343ba22fe8a151f7bf896e23870bda7:account_leaf:code,0x7070286eb343ba22fe8a151f7bf896e23870bda7,code,70120462
zksync-era:0x7070286eb343ba22fe8a151f7bf896e23870bda7:account_leaf:storage_root,0x7070286eb343ba22fe8a151f7bf896e23870bda7,storage_root,70120462
zksync-era:0xd109e0ad8858631593b937f80ac2ed53988f8fdd:account_leaf:balance,0xd109e0ad8858631593b937f80ac2ed53988f8fdd,balance,70120662
zksync-era:0xd109e0ad8858631593b937f80ac2ed53988f8fdd:account_leaf:nonce,0xd109e0ad8858631593b937f80ac2ed53988f8fdd,nonce,70120662
zksync-era:0xd109e0ad8858631593b937f80ac2ed53988f8fdd:account_leaf:code,0xd109e0ad8858631593b937f80ac2ed53988f8fdd,code,70120662
zksync-era:0xd109e0ad8858631593b937f80ac2ed53988f8fdd:account_leaf:storage_root,0xd109e0ad8858631593b937f80ac2ed53988f8fdd,storage_root,70120662
zksync-era:0xddccfe31109c32d51483ab72c09cb490ad93ba19:account_leaf:balance,0xddccfe31109c32d51483ab72c09cb490ad93ba19,balance,70120862
zksync-era:0xddccfe31109c32d51483ab72c09cb490ad93ba19:account_leaf:nonce,0xddccfe31109c32d51483ab72c09cb490ad93ba19,nonce,70120862
zksync-era:0xddccfe31109c32d51483ab72c09cb490ad93ba19:account_leaf:code,0xddccfe31109c32d51483ab72c09cb490ad93ba19,code,70120862
zksync-era:0xddccfe31109c32d51483ab72c09cb490ad93ba19:account_leaf:storage_root,0xddccfe31109c32d51483ab72c09cb490ad93ba19,storage_root,70120862
zksync-era:0xab97925eb84fe0260779f58b7cb08d77dcb1ee2b:account_leaf:balance,0xab97925eb84fe0260779f58b7cb08d77dcb1ee2b,balance,70120862
zksync-era:0xab97925eb84fe0260779f58b7cb08d77dcb1ee2b:account_leaf:nonce,0xab97925eb84fe0260779f58b7cb08d77dcb1ee2b,nonce,70120862
zksync-era:0xab97925eb84fe0260779f58b7cb08d77dcb1ee2b:account_leaf:code,0xab97925eb84fe0260779f58b7cb08d77dcb1ee2b,code,70120862
zksync-era:0xab97925eb84fe0260779f58b7cb08d77dcb1ee2b:account_leaf:storage_root,0xab97925eb84fe0260779f58b7cb08d77dcb1ee2b,storage_root,70120862
zksync-era:0x81c552cbd9cf8fc6bed868564e8ed91593b5e5a2:account_leaf:balance,0x81c552cbd9cf8fc6bed868564e8ed91593b5e5a2,balance,70121062
zksync-era:0x81c552cbd9cf8fc6bed868564e8ed91593b5e5a2:account_leaf:nonce,0x81c552cbd9cf8fc6bed868564e8ed91593b5e5a2,nonce,70121062
zksync-era:0x81c552cbd9cf8fc6bed868564e8ed91593b5e5a2:account_leaf:code,0x81c552cbd9cf8fc6bed868564e8ed91593b5e5a2,code,70121062
zksync-era:0x81c552cbd9cf8fc6bed868564e8ed91593b5e5a2:account_leaf:storage_root,0x81c552cbd9cf8fc6bed868564e8ed91593b5e5a2,storage_root,70121062
zksync-era:0x6b8e0f3fdf3d5bfa942e1ee567c89347b1641ef8:account_leaf:balance,0x6b8e0f3fdf3d5bfa942e1ee567c89347b1641ef8,balance,70121262
zksync-era:0x6b8e0f3fdf3d5bfa942e1ee567c89347b1641ef8:account_leaf:nonce,0x6b8e0f3fdf3d5bfa942e1ee567c89347b1641ef8,nonce,70121262
zksync-era:0x6b8e0f3fdf3d5bfa942e1ee567c89347b1641ef8:account_leaf:code,0x6b8e0f3fdf3d5bfa942e1ee567c89347b1641ef8,code,70121262
zksync-era:0x6b8e0f3fdf3d5bfa942e1ee567c89347b1641ef8:account_leaf:storage_root,0x6b8e0f3fdf3d5bfa942e1ee567c89347b1641ef8,storage_root,70121262
zksync-era:0x20561e34cd999c3a4ac0564da21ef38232970c6c:account_leaf:balance,0x20561e34cd999c3a4ac0564da21ef38232970c6c,balance,70121262
zksync-era:0x20561e34cd999c3a4ac0564da21ef38232970c6c:account_leaf:nonce,0x20561e34cd999c3a4ac0564da21ef38232970c6c,nonce,70121262
zksync-era:0x20561e34cd999c3a4ac0564da21ef38232970c6c:account_leaf:code,0x20561e34cd999c3a4ac0564da21ef38232970c6c,code,70121262
zksync-era:0x20561e34cd999c3a4ac0564da21ef38232970c6c:account_leaf:storage_root,0x20561e34cd999c3a4ac0564da21ef38232970c6c,storage_root,70121262
zksync-era:0xe9a911b75ff5bb6e7b41a045b4d3ceedb6101381:account_leaf:balance,0xe9a911b75ff5bb6e7b41a045b4d3ceedb6101381,balance,70121462
zksync-era:0xe9a911b75ff5bb6e7b41a045b4d3ceedb6101381:account_leaf:nonce,0xe9a911b75ff5bb6e7b41a045b4d3ceedb6101381,nonce,70121462
zksync-era:0xe9a911b75ff5bb6e7b41a045b4d3ceedb6101381:account_leaf:code,0xe9a911b75ff5bb6e7b41a045b4d3ceedb6101381,code,70121462
zksync-era:0xe9a911b75ff5bb6e7b41a045b4d3ceedb6101381:account_leaf:storage_root,0xe9a911b75ff5bb6e7b41a045b4d3ceedb6101381,storage_root,70121462
zksync-era:0x5035748fd7e9d4671a954b5bf4f5d39f7750fe64:account_leaf:balance,0x5035748fd7e9d4671a954b5bf4f5d39f7750fe64,balance,70121662
zksync-era:0x5035748fd7e9d4671a954b5bf4f5d39f7750fe64:account_leaf:nonce,0x5035748fd7e9d4671a954b5bf4f5d39f7750fe64,nonce,70121662
zksync-era:0x5035748fd7e9d4671a954b5bf4f5d39f7750fe64:account_leaf:code,0x5035748fd7e9d4671a954b5bf4f5d39f7750fe64,code,70121662
zksync-era:0x5035748fd7e9d4671a954b5bf4f5d39f7750fe64:account_leaf:storage_root,0x5035748fd7e9d4671a954b5bf4f5d39f7750fe64,storage_root,70121662
zksync-era:0xce606ab737eb68a2167231933171f416b5116630:account_leaf:balance,0xce606ab737eb68a2167231933171f416b5116630,balance,70121862
zksync-era:0xce606ab737eb68a2167231933171f416b5116630:account_leaf:nonce,0xce606ab737eb68a2167231933171f416b5116630,nonce,70121862
zksync-era:0xce606ab737eb68a2167231933171f416b5116630:account_leaf:code,0xce606ab737eb68a2167231933171f416b5116630,code,70121862
zksync-era:0xce606ab737eb68a2167231933171f416b5116630:account_leaf:storage_root,0xce606ab737eb68a2167231933171f416b5116630,storage_root,70121862
zksync-era:0xc5412215ef5d00f082260a9a4da6cbd2d25c4c83:account_leaf:balance,0xc5412215ef5d00f082260a9a4da6cbd2d25c4c83,balance,70122062
zksync-era:0xc5412215ef5d00f082260a9a4da6cbd2d25c4c83:account_leaf:nonce,0xc5412215ef5d00f082260a9a4da6cbd2d25c4c83,nonce,70122062
zksync-era:0xc5412215ef5d00f082260a9a4da6cbd2d25c4c83:account_leaf:code,0xc5412215ef5d00f082260a9a4da6cbd2d25c4c83,code,70122062
zksync-era:0xc5412215ef5d00f082260a9a4da6cbd2d25c4c83:account_leaf:storage_root,0xc5412215ef5d00f082260a9a4da6cbd2d25c4c83,storage_root,70122062
zksync-era:0x84b37b0f5f695b4852dd505104de7c8d2bba0988:account_leaf:balance,0x84b37b0f5f695b4852dd505104de7c8d2bba0988,balance,70122262
zksync-era:0x84b37b0f5f695b4852dd505104de7c8d2bba0988:account_leaf:nonce,0x84b37b0f5f695b4852dd505104de7c8d2bba0988,nonce,70122262
zksync-era:0x84b37b0f5f695b4852dd505104de7c8d2bba0988:account_leaf:code,0x84b37b0f5f695b4852dd505104de7c8d2bba0988,code,70122262
zksync-era:0x84b37b0f5f695b4852dd505104de7c8d2bba0988:account_leaf:storage_root,0x84b37b0f5f695b4852dd505104de7c8d2bba0988,storage_root,70122262
zksync-era:0x6d57b44aebd8278bc12e88522e61053b2ef9f06e:account_leaf:balance,0x6d57b44aebd8278bc12e88522e61053b2ef9f06e,balance,70122862
zksync-era:0x6d57b44aebd8278bc12e88522e61053b2ef9f06e:account_leaf:nonce,0x6d57b44aebd8278bc12e88522e61053b2ef9f06e,nonce,70122862
zksync-era:0x6d57b44aebd8278bc12e88522e61053b2ef9f06e:account_leaf:code,0x6d57b44aebd8278bc12e88522e61053b2ef9f06e,code,70122862
zksync-era:0x6d57b44aebd8278bc12e88522e61053b2ef9f06e:account_leaf:storage_root,0x6d57b44aebd8278bc12e88522e61053b2ef9f06e,storage_root,70122862
zksync-era:0xf7bac63fc7ceacf0589f25454ecf5c2ce904997c:account_leaf:balance,0xf7bac63fc7ceacf0589f25454ecf5c2ce904997c,balance,70123062
zksync-era:0xf7bac63fc7ceacf0589f25454ecf5c2ce904997c:account_leaf:nonce,0xf7bac63fc7ceacf0589f25454ecf5c2ce904997c,nonce,70123062
zksync-era:0xf7bac63fc7ceacf0589f25454ecf5c2ce904997c:account_leaf:code,0xf7bac63fc7ceacf0589f25454ecf5c2ce904997c,code,70123062
zksync-era:0xf7bac63fc7ceacf0589f25454ecf5c2ce904997c:account_leaf:storage_root,0xf7bac63fc7ceacf0589f25454ecf5c2ce904997c,storage_root,70123062
zksync-era:0xfba04587aad4954b4b48b5381ff1c59c69ce1bfb:account_leaf:balance,0xfba04587aad4954b4b48b5381ff1c59c69ce1bfb,balance,70123262
zksync-era:0xfba04587aad4954b4b48b5381ff1c59c69ce1bfb:account_leaf:nonce,0xfba04587aad4954b4b48b5381ff1c59c69ce1bfb,nonce,70123262
zksync-era:0xfba04587aad4954b4b48b5381ff1c59c69ce1bfb:account_leaf:code,0xfba04587aad4954b4b48b5381ff1c59c69ce1bfb,code,70123262
zksync-era:0xfba04587aad4954b4b48b5381ff1c59c69ce1bfb:account_leaf:storage_root,0xfba04587aad4954b4b48b5381ff1c59c69ce1bfb,storage_root,70123262
zksync-era:0x9a8f92a830a5cb89a3816e3d267cb7791c16b04d:account_leaf:balance,0x9a8f92a830a5cb89a3816e3d267cb7791c16b04d,balance,70123462
zksync-era:0x9a8f92a830a5cb89a3816e3d267cb7791c16b04d:account_leaf:nonce,0x9a8f92a830a5cb89a3816e3d267cb7791c16b04d,nonce,70123462
zksync-era:0x9a8f92a830a5cb89a3816e3d267cb7791c16b04d:account_leaf:code,0x9a8f92a830a5cb89a3816e3d267cb7791c16b04d,code,70123462
zksync-era:0x9a8f92a830a5cb89a3816e3d267cb7791c16b04d:account_leaf:storage_root,0x9a8f92a830a5cb89a3816e3d267cb7791c16b04d,storage_root,70123462
zksync-era:0x11f5a58803806c09a20bb0d732727f049cacf4dc:account_leaf:balance,0x11f5a58803806c09a20bb0d732727f049cacf4dc,balance,70123662
zksync-era:0x11f5a58803806c09a20bb0d732727f049cacf4dc:account_leaf:nonce,0x11f5a58803806c09a20bb0d732727f049cacf4dc,nonce,70123662
zksync-era:0x11f5a58803806c09a20bb0d732727f049cacf4dc:account_leaf:code,0x11f5a58803806c09a20bb0d732727f049cacf4dc,code,70123662
zksync-era:0x11f5a58803806c09a20bb0d732727f049cacf4dc:account_leaf:storage_root,0x11f5a58803806c09a20bb0d732727f049cacf4dc,storage_root,70123662
zksync-era:0x54452ec0591d306152664e7fb02d3cb65eea207f:account_leaf:balance,0x54452ec0591d306152664e7fb02d3cb65eea207f,balance,70124062
zksync-era:0x54452ec0591d306152664e7fb02d3cb65eea207f:account_leaf:nonce,0x54452ec0591d306152664e7fb02d3cb65eea207f,nonce,70124062
zksync-era:0x54452ec0591d306152664e7fb02d3cb65eea207f:account_leaf:code,0x54452ec0591d306152664e7fb02d3cb65eea207f,code,70124062
zksync-era:0x54452ec0591d306152664e7fb02d3cb65eea207f:account_leaf:storage_root,0x54452ec0591d306152664e7fb02d3cb65eea207f,storage_root,70124062
zksync-era:0x710f74563d572ccda295991acd3990746255d8a9:account_leaf:balance,0x710f74563d572ccda295991acd3990746255d8a9,balance,70124662
zksync-era:0x710f74563d572ccda295991acd3990746255d8a9:account_leaf:nonce,0x710f74563d572ccda295991acd3990746255d8a9,nonce,70124662
zksync-era:0x710f74563d572ccda295991acd3990746255d8a9:account_leaf:code,0x710f74563d572ccda295991acd3990746255d8a9,code,70124662
zksync-era:0x710f74563d572ccda295991acd3990746255d8a9:account_leaf:storage_root,0x710f74563d572ccda295991acd3990746255d8a9,storage_root,70124662
zksync-era:0x83ecfb358becdeafc0a55280161e3072c9922dc3:account_leaf:balance,0x83ecfb358becdeafc0a55280161e3072c9922dc3,balance,70124862
zksync-era:0x83ecfb358becdeafc0a55280161e3072c9922dc3:account_leaf:nonce,0x83ecfb358becdeafc0a55280161e3072c9922dc3,nonce,70124862
zksync-era:0x83ecfb358becdeafc0a55280161e3072c9922dc3:account_leaf:code,0x83ecfb358becdeafc0a55280161e3072c9922dc3,code,70124862
zksync-era:0x83ecfb358becdeafc0a55280161e3072c9922dc3:account_leaf:storage_root,0x83ecfb358becdeafc0a55280161e3072c9922dc3,storage_root,70124862
zksync-era:0xa883a7ed9a3bb84432c0bde8b814c4523fd35ffe:account_leaf:balance,0xa883a7ed9a3bb84432c0bde8b814c4523fd35ffe,balance,70125062
zksync-era:0xa883a7ed9a3bb84432c0bde8b814c4523fd35ffe:account_leaf:nonce,0xa883a7ed9a3bb84432c0bde8b814c4523fd35ffe,nonce,70125062
zksync-era:0xa883a7ed9a3bb84432c0bde8b814c4523fd35ffe:account_leaf:code,0xa883a7ed9a3bb84432c0bde8b814c4523fd35ffe,code,70125062
zksync-era:0xa883a7ed9a3bb84432c0bde8b814c4523fd35ffe:account_leaf:storage_root,0xa883a7ed9a3bb84432c0bde8b814c4523fd35ffe,storage_root,70125062
zksync-era:0x534001ccc8c4fd73065b55766f65a14f0b03c4d4:account_leaf:balance,0x534001ccc8c4fd73065b55766f65a14f0b03c4d4,balance,70125662
zksync-era:0x534001ccc8c4fd73065b55766f65a14f0b03c4d4:account_leaf:nonce,0x534001ccc8c4fd73065b55766f65a14f0b03c4d4,nonce,70125662
zksync-era:0x534001ccc8c4fd73065b55766f65a14f0b03c4d4:account_leaf:code,0x534001ccc8c4fd73065b55766f65a14f0b03c4d4,code,70125662
zksync-era:0x534001ccc8c4fd73065b55766f65a14f0b03c4d4:account_leaf:storage_root,0x534001ccc8c4fd73065b55766f65a14f0b03c4d4,storage_root,70125662
zksync-era:0xa7dd8de3b8dabccbc489f1bc97b2aedf31727908:account_leaf:balance,0xa7dd8de3b8dabccbc489f1bc97b2aedf31727908,balance,70125862
zksync-era:0xa7dd8de3b8dabccbc489f1bc97b2aedf31727908:account_leaf:nonce,0xa7dd8de3b8dabccbc489f1bc97b2aedf31727908,nonce,70125862
zksync-era:0xa7dd8de3b8dabccbc489f1bc97b2aedf31727908:account_leaf:code,0xa7dd8de3b8dabccbc489f1bc97b2aedf31727908,code,70125862
zksync-era:0xa7dd8de3b8dabccbc489f1bc97b2aedf31727908:account_leaf:storage_root,0xa7dd8de3b8dabccbc489f1bc97b2aedf31727908,storage_root,70125862
zksync-era:0xa849dcf5d2a97d533ec2693ac6ef78e3eb5a1130:account_leaf:balance,0xa849dcf5d2a97d533ec2693ac6ef78e3eb5a1130,balance,70126062
zksync-era:0xa849dcf5d2a97d533ec2693ac6ef78e3eb5a1130:account_leaf:nonce,0xa849dcf5d2a97d533ec2693ac6ef78e3eb5a1130,nonce,70126062
zksync-era:0xa849dcf5d2a97d533ec2693ac6ef78e3eb5a1130:account_leaf:code,0xa849dcf5d2a97d533ec2693ac6ef78e3eb5a1130,code,70126062
zksync-era:0xa849dcf5d2a97d533ec2693ac6ef78e3eb5a1130:account_leaf:storage_root,0xa849dcf5d2a97d533ec2693ac6ef78e3eb5a1130,storage_root,70126062
zksync-era:0xc7d252fdfaee7f3c06ce676dcf68d0aa368ddc49:account_leaf:balance,0xc7d252fdfaee7f3c06ce676dcf68d0aa368ddc49,balance,70126662
zksync-era:0xc7d252fdfaee7f3c06ce676dcf68d0aa368ddc49:account_leaf:nonce,0xc7d252fdfaee7f3c06ce676dcf68d0aa368ddc49,nonce,70126662
zksync-era:0xc7d252fdfaee7f3c06ce676dcf68d0aa368ddc49:account_leaf:code,0xc7d252fdfaee7f3c06ce676dcf68d0aa368ddc49,code,70126662
zksync-era:0xc7d252fdfaee7f3c06ce676dcf68d0aa368ddc49:account_leaf:storage_root,0xc7d252fdfaee7f3c06ce676dcf68d0aa368ddc49,storage_root,70126662
zksync-era:0x99c56385dabce3e81d8499d0b8d0257abc07e8a3:account_leaf:balance,0x99c56385dabce3e81d8499d0b8d0257abc07e8a3,balance,70126662
zksync-era:0x99c56385dabce3e81d8499d0b8d0257abc07e8a3:account_leaf:nonce,0x99c56385dabce3e81d8499d0b8d0257abc07e8a3,nonce,70126662
zksync-era:0x99c56385dabce3e81d8499d0b8d0257abc07e8a3:account_leaf:code,0x99c56385dabce3e81d8499d0b8d0257abc07e8a3,code,70126662
zksync-era:0x99c56385dabce3e81d8499d0b8d0257abc07e8a3:account_leaf:storage_root,0x99c56385dabce3e81d8499d0b8d0257abc07e8a3,storage_root,70126662
zksync-era:0xc7cd39f72c2bf8c18a75a20b9b8b820ba963f15c:account_leaf:balance,0xc7cd39f72c2bf8c18a75a20b9b8b820ba963f15c,balance,70126862
zksync-era:0xc7cd39f72c2bf8c18a75a20b9b8b820ba963f15c:account_leaf:nonce,0xc7cd39f72c2bf8c18a75a20b9b8b820ba963f15c,nonce,70126862
zksync-era:0xc7cd39f72c2bf8c18a75a20b9b8b820ba963f15c:account_leaf:code,0xc7cd39f72c2bf8c18a75a20b9b8b820ba963f15c,code,70126862
zksync-era:0xc7cd39f72c2bf8c18a75a20b9b8b820ba963f15c:account_leaf:storage_root,0xc7cd39f72c2bf8c18a75a20b9b8b820ba963f15c,storage_root,70126862
zksync-era:0xf2220ae74866ff181b5922613f94d92e84f2491f:account_leaf:balance,0xf2220ae74866ff181b5922613f94d92e84f2491f,balance,70127262
zksync-era:0xf2220ae74866ff181b5922613f94d92e84f2491f:account_leaf:nonce,0xf2220ae74866ff181b5922613f94d92e84f2491f,nonce,70127262
zksync-era:0xf2220ae74866ff181b5922613f94d92e84f2491f:account_leaf:code,0xf2220ae74866ff181b5922613f94d92e84f2491f,code,70127262
zksync-era:0xf2220ae74866ff181b5922613f94d92e84f2491f:account_leaf:storage_root,0xf2220ae74866ff181b5922613f94d92e84f2491f,storage_root,70127262
zksync-era:0xf4d88963c92dd3c752f11ccb6934111270c791f5:account_leaf:balance,0xf4d88963c92dd3c752f11ccb6934111270c791f5,balance,70127262
zksync-era:0xf4d88963c92dd3c752f11ccb6934111270c791f5:account_leaf:nonce,0xf4d88963c92dd3c752f11ccb6934111270c791f5,nonce,70127262
zksync-era:0xf4d88963c92dd3c752f11ccb6934111270c791f5:account_leaf:code,0xf4d88963c92dd3c752f11ccb6934111270c791f5,code,70127262
zksync-era:0xf4d88963c92dd3c752f11ccb6934111270c791f5:account_leaf:storage_root,0xf4d88963c92dd3c752f11ccb6934111270c791f5,storage_root,70127262
zksync-era:0x483fde31bce3dcc168e23a870831b50ce2ccd1f1:account_leaf:balance,0x483fde31bce3dcc168e23a870831b50ce2ccd1f1,balance,70127462
zksync-era:0x483fde31bce3dcc168e23a870831b50ce2ccd1f1:account_leaf:nonce,0x483fde31bce3dcc168e23a870831b50ce2ccd1f1,nonce,70127462
zksync-era:0x483fde31bce3dcc168e23a870831b50ce2ccd1f1:account_leaf:code,0x483fde31bce3dcc168e23a870831b50ce2ccd1f1,code,70127462
zksync-era:0x483fde31bce3dcc168e23a870831b50ce2ccd1f1:account_leaf:storage_root,0x483fde31bce3dcc168e23a870831b50ce2ccd1f1,storage_root,70127462
zksync-era:0x1e95662eafd95ca789c099cdd8d7dbf8fd648a9e:account_leaf:balance,0x1e95662eafd95ca789c099cdd8d7dbf8fd648a9e,balance,70127462
zksync-era:0x1e95662eafd95ca789c099cdd8d7dbf8fd648a9e:account_leaf:nonce,0x1e95662eafd95ca789c099cdd8d7dbf8fd648a9e,nonce,70127462
zksync-era:0x1e95662eafd95ca789c099cdd8d7dbf8fd648a9e:account_leaf:code,0x1e95662eafd95ca789c099cdd8d7dbf8fd648a9e,code,70127462
zksync-era:0x1e95662eafd95ca789c099cdd8d7dbf8fd648a9e:account_leaf:storage_root,0x1e95662eafd95ca789c099cdd8d7dbf8fd648a9e,storage_root,70127462
zksync-era:0x4cf89f51e090d6dcddbbbe5a458a01e9061823c5:account_leaf:balance,0x4cf89f51e090d6dcddbbbe5a458a01e9061823c5,balance,70127662
zksync-era:0x4cf89f51e090d6dcddbbbe5a458a01e9061823c5:account_leaf:nonce,0x4cf89f51e090d6dcddbbbe5a458a01e9061823c5,nonce,70127662
zksync-era:0x4cf89f51e090d6dcddbbbe5a458a01e9061823c5:account_leaf:code,0x4cf89f51e090d6dcddbbbe5a458a01e9061823c5,code,70127662
zksync-era:0x4cf89f51e090d6dcddbbbe5a458a01e9061823c5:account_leaf:storage_root,0x4cf89f51e090d6dcddbbbe5a458a01e9061823c5,storage_root,70127662
zksync-era:0xb4f60c599cd44d8149b373c9affa495431a41f04:account_leaf:balance,0xb4f60c599cd44d8149b373c9affa495431a41f04,balance,70127662
zksync-era:0xb4f60c599cd44d8149b373c9affa495431a41f04:account_leaf:nonce,0xb4f60c599cd44d8149b373c9affa495431a41f04,nonce,70127662
zksync-era:0xb4f60c599cd44d8149b373c9affa495431a41f04:account_leaf:code,0xb4f60c599cd44d8149b373c9affa495431a41f04,code,70127662
zksync-era:0xb4f60c599cd44d8149b373c9affa495431a41f04:account_leaf:storage_root,0xb4f60c599cd44d8149b373c9affa495431a41f04,storage_root,70127662
zksync-era:0xda4d2f59212f84656b6ae376ef9f99940e0bf403:account_leaf:balance,0xda4d2f59212f84656b6ae376ef9f99940e0bf403,balance,70127662
zksync-era:0xda4d2f59212f84656b6ae376ef9f99940e0bf403:account_leaf:nonce,0xda4d2f59212f84656b6ae376ef9f99940e0bf403,nonce,70127662
zksync-era:0xda4d2f59212f84656b6ae376ef9f99940e0bf403:account_leaf:code,0xda4d2f59212f84656b6ae376ef9f99940e0bf403,code,70127662
zksync-era:0xda4d2f59212f84656b6ae376ef9f99940e0bf403:account_leaf:storage_root,0xda4d2f59212f84656b6ae376ef9f99940e0bf403,storage_root,70127662
zksync-era:0x4a8fff314460fb002a6e530b03c60c543ec6ac11:account_leaf:balance,0x4a8fff314460fb002a6e530b03c60c543ec6ac11,balance,70127662
zksync-era:0x4a8fff314460fb002a6e530b03c60c543ec6ac11:account_leaf:nonce,0x4a8fff314460fb002a6e530b03c60c543ec6ac11,nonce,70127662
zksync-era:0x4a8fff314460fb002a6e530b03c60c543ec6ac11:account_leaf:code,0x4a8fff314460fb002a6e530b03c60c543ec6ac11,code,70127662
zksync-era:0x4a8fff314460fb002a6e530b03c60c543ec6ac11:account_leaf:storage_root,0x4a8fff314460fb002a6e530b03c60c543ec6ac11,storage_root,70127662
zksync-era:0x7712c06f5dfb4a52c6fe57bfd14148585acaff8e:account_leaf:balance,0x7712c06f5dfb4a52c6fe57bfd14148585acaff8e,balance,70127862
zksync-era:0x7712c06f5dfb4a52c6fe57bfd14148585acaff8e:account_leaf:nonce,0x7712c06f5dfb4a52c6fe57bfd14148585acaff8e,nonce,70127862
zksync-era:0x7712c06f5dfb4a52c6fe57bfd14148585acaff8e:account_leaf:code,0x7712c06f5dfb4a52c6fe57bfd14148585acaff8e,code,70127862
zksync-era:0x7712c06f5dfb4a52c6fe57bfd14148585acaff8e:account_leaf:storage_root,0x7712c06f5dfb4a52c6fe57bfd14148585acaff8e,storage_root,70127862
zksync-era:0x99819f0e0927718f5fbc73d3327ff7691d0243d6:account_leaf:balance,0x99819f0e0927718f5fbc73d3327ff7691d0243d6,balance,70127862
zksync-era:0x99819f0e0927718f5fbc73d3327ff7691d0243d6:account_leaf:nonce,0x99819f0e0927718f5fbc73d3327ff7691d0243d6,nonce,70127862
zksync-era:0x99819f0e0927718f5fbc73d3327ff7691d0243d6:account_leaf:code,0x99819f0e0927718f5fbc73d3327ff7691d0243d6,code,70127862
zksync-era:0x99819f0e0927718f5fbc73d3327ff7691d0243d6:account_leaf:storage_root,0x99819f0e0927718f5fbc73d3327ff7691d0243d6,storage_root,70127862
zksync-era:0x60b85973c583012f4f34e9e3ddbcb99dcd05fda4:account_leaf:balance,0x60b85973c583012f4f34e9e3ddbcb99dcd05fda4,balance,70128262
zksync-era:0x60b85973c583012f4f34e9e3ddbcb99dcd05fda4:account_leaf:nonce,0x60b85973c583012f4f34e9e3ddbcb99dcd05fda4,nonce,70128262
zksync-era:0x60b85973c583012f4f34e9e3ddbcb99dcd05fda4:account_leaf:code,0x60b85973c583012f4f34e9e3ddbcb99dcd05fda4,code,70128262
zksync-era:0x60b85973c583012f4f34e9e3ddbcb99dcd05fda4:account_leaf:storage_root,0x60b85973c583012f4f34e9e3ddbcb99dcd05fda4,storage_root,70128262
zksync-era:0x618f2bd38b59c53c3f4e541c139a96ef48c66f58:account_leaf:balance,0x618f2bd38b59c53c3f4e541c139a96ef48c66f58,balance,70128462
zksync-era:0x618f2bd38b59c53c3f4e541c139a96ef48c66f58:account_leaf:nonce,0x618f2bd38b59c53c3f4e541c139a96ef48c66f58,nonce,70128462
zksync-era:0x618f2bd38b59c53c3f4e541c139a96ef48c66f58:account_leaf:code,0x618f2bd38b59c53c3f4e541c139a96ef48c66f58,code,70128462
zksync-era:0x618f2bd38b59c53c3f4e541c139a96ef48c66f58:account_leaf:storage_root,0x618f2bd38b59c53c3f4e541c139a96ef48c66f58,storage_root,70128462
zksync-era:0x3827edb4ba56ee8dcdecbe023ed18c9a94070813:account_leaf:balance,0x3827edb4ba56ee8dcdecbe023ed18c9a94070813,balance,70128662
zksync-era:0x3827edb4ba56ee8dcdecbe023ed18c9a94070813:account_leaf:nonce,0x3827edb4ba56ee8dcdecbe023ed18c9a94070813,nonce,70128662
zksync-era:0x3827edb4ba56ee8dcdecbe023ed18c9a94070813:account_leaf:code,0x3827edb4ba56ee8dcdecbe023ed18c9a94070813,code,70128662
zksync-era:0x3827edb4ba56ee8dcdecbe023ed18c9a94070813:account_leaf:storage_root,0x3827edb4ba56ee8dcdecbe023ed18c9a94070813,storage_root,70128662
zksync-era:0x2099cc103d4daf304c874f75bff7a4656b9ef182:account_leaf:balance,0x2099cc103d4daf304c874f75bff7a4656b9ef182,balance,70129262
zksync-era:0x2099cc103d4daf304c874f75bff7a4656b9ef182:account_leaf:nonce,0x2099cc103d4daf304c874f75bff7a4656b9ef182,nonce,70129262
zksync-era:0x2099cc103d4daf304c874f75bff7a4656b9ef182:account_leaf:code,0x2099cc103d4daf304c874f75bff7a4656b9ef182,code,70129262
zksync-era:0x2099cc103d4daf304c874f75bff7a4656b9ef182:account_leaf:storage_root,0x2099cc103d4daf304c874f75bff7a4656b9ef182,storage_root,70129262
zksync-era:0xce2ff248b2e0e89272551fde479639bfaa4920bb:account_leaf:balance,0xce2ff248b2e0e89272551fde479639bfaa4920bb,balance,70129462
zksync-era:0xce2ff248b2e0e89272551fde479639bfaa4920bb:account_leaf:nonce,0xce2ff248b2e0e89272551fde479639bfaa4920bb,nonce,70129462
zksync-era:0xce2ff248b2e0e89272551fde479639bfaa4920bb:account_leaf:code,0xce2ff248b2e0e89272551fde479639bfaa4920bb,code,70129462
zksync-era:0xce2ff248b2e0e89272551fde479639bfaa4920bb:account_leaf:storage_root,0xce2ff248b2e0e89272551fde479639bfaa4920bb,storage_root,70129462
zksync-era:0x20791c2d521c324ba27720652f812615f0a26b53:account_leaf:balance,0x20791c2d521c324ba27720652f812615f0a26b53,balance,70129662
zksync-era:0x20791c2d521c324ba27720652f812615f0a26b53:account_leaf:nonce,0x20791c2d521c324ba27720652f812615f0a26b53,nonce,70129662
zksync-era:0x20791c2d521c324ba27720652f812615f0a26b53:account_leaf:code,0x20791c2d521c324ba27720652f812615f0a26b53,code,70129662
zksync-era:0x20791c2d521c324ba27720652f812615f0a26b53:account_leaf:storage_root,0x20791c2d521c324ba27720652f812615f0a26b53,storage_root,70129662
zksync-era:0x36380264d4161047dcf1aa9cdbce14e85e1a8f4c:account_leaf:balance,0x36380264d4161047dcf1aa9cdbce14e85e1a8f4c,balance,70129662
zksync-era:0x36380264d4161047dcf1aa9cdbce14e85e1a8f4c:account_leaf:nonce,0x36380264d4161047dcf1aa9cdbce14e85e1a8f4c,nonce,70129662
zksync-era:0x36380264d4161047dcf1aa9cdbce14e85e1a8f4c:account_leaf:code,0x36380264d4161047dcf1aa9cdbce14e85e1a8f4c,code,70129662
zksync-era:0x36380264d4161047dcf1aa9cdbce14e85e1a8f4c:account_leaf:storage_root,0x36380264d4161047dcf1aa9cdbce14e85e1a8f4c,storage_root,70129662
zksync-era:0x76df63db845027965b7f2da9acbd5994f3524c16:account_leaf:balance,0x76df63db845027965b7f2da9acbd5994f3524c16,balance,70131062
zksync-era:0x76df63db845027965b7f2da9acbd5994f3524c16:account_leaf:nonce,0x76df63db845027965b7f2da9acbd5994f3524c16,nonce,70131062
zksync-era:0x76df63db845027965b7f2da9acbd5994f3524c16:account_leaf:code,0x76df63db845027965b7f2da9acbd5994f3524c16,code,70131062
zksync-era:0x76df63db845027965b7f2da9acbd5994f3524c16:account_leaf:storage_root,0x76df63db845027965b7f2da9acbd5994f3524c16,storage_root,70131062
zksync-era:0x21d2f444600fc45160e8eb7f114f4c78cc5570cb:account_leaf:balance,0x21d2f444600fc45160e8eb7f114f4c78cc5570cb,balance,70131462
zksync-era:0x21d2f444600fc45160e8eb7f114f4c78cc5570cb:account_leaf:nonce,0x21d2f444600fc45160e8eb7f114f4c78cc5570cb,nonce,70131462
zksync-era:0x21d2f444600fc45160e8eb7f114f4c78cc5570cb:account_leaf:code,0x21d2f444600fc45160e8eb7f114f4c78cc5570cb,code,70131462
zksync-era:0x21d2f444600fc45160e8eb7f114f4c78cc5570cb:account_leaf:storage_root,0x21d2f444600fc45160e8eb7f114f4c78cc5570cb,storage_root,70131462
zksync-era:0xeef28237b394797b9b25b09ad5705cad833d6b40:account_leaf:balance,0xeef28237b394797b9b25b09ad5705cad833d6b40,balance,70131462
zksync-era:0xeef28237b394797b9b25b09ad5705cad833d6b40:account_leaf:nonce,0xeef28237b394797b9b25b09ad5705cad833d6b40,nonce,70131462
zksync-era:0xeef28237b394797b9b25b09ad5705cad833d6b40:account_leaf:code,0xeef28237b394797b9b25b09ad5705cad833d6b40,code,70131462
zksync-era:0xeef28237b394797b9b25b09ad5705cad833d6b40:account_leaf:storage_root,0xeef28237b394797b9b25b09ad5705cad833d6b40,storage_root,70131462
zksync-era:0x78229dd723a77168d567eb3a692de33ecb978f6a:account_leaf:balance,0x78229dd723a77168d567eb3a692de33ecb978f6a,balance,70131662
zksync-era:0x78229dd723a77168d567eb3a692de33ecb978f6a:account_leaf:nonce,0x78229dd723a77168d567eb3a692de33ecb978f6a,nonce,70131662
zksync-era:0x78229dd723a77168d567eb3a692de33ecb978f6a:account_leaf:code,0x78229dd723a77168d567eb3a692de33ecb978f6a,code,70131662
zksync-era:0x78229dd723a77168d567eb3a692de33ecb978f6a:account_leaf:storage_root,0x78229dd723a77168d567eb3a692de33ecb978f6a,storage_root,70131662
