address,first_seen_block
0x1e1edaedd8a1c0570ba8171d86a58f6a83d0d7d8,69632271
0x5a7d6b2f92c77fad6ccabd7ee0624e64907eaf3e,69632271
0xd4169e045bcf9a86cc00101225d9ed61d2f51af2,69632471
0xc83a7f14c19f100cfebe4fbb35b56fcdca646731,69632471
0x9452ed6da616783786c6d8aaf73047ecad126c57,69632671
0xa478bf3f621d47e6753f463711630c282d2803ab,69632671
0xaede212cda8fc657ac7b4ad5e98fd510624638b3,69632871
0x000000000000000000000000000000000000800a,69632871
0xc945857307698a02bda071f014c669e5c2d2cf36,69633071
0x9d5adefefbc2ad84c3938fa5c4c1fe1fa88c6547,69633071
0x7c168119bf754269523ac9728aeeba8e4eee6100,69633271
0xc1a7eb78e128ebe377429458c70f8528290c1b51,69633271
0xf4847f0646f6ab5261e28ca28a5199283e2f99e0,69633471
0x4d9429246ea989c9cee203b43f6d1c7d83e3b8f8,69633471
0xc735ab4219cf86364e50e52af765a6bd60deaac4,69633671
0xe0b015e54d54fc84a6cb9b666099c46ade9335ff,69634071
0xf7bac63fc7ceacf0589f25454ecf5c2ce904997c,69634071
0xdf39d9177069664f9bdba6053dc3d1cc7aacbf6b,69634271
0x1fa66e2b38d0cc496ec51f81c3e05e6a6708986f,69634271
0xa84fd90d8640fa63d194601e0b2d1c9094297083,69634471
0x8a7eed6e1afe84265a872fe3e22c8a0458939426,69634671
0x8aa5222ba5f223b381ebb5160c817adef12f3b85,69634671
0xa55aad155f5f078a05d48a357ab840f41b766c02,69634871
0x13598fd0986d0e33c402f6907f05acf720224527,69634871
0xa717f380f0316464ce4ac3f16f408336535735a1,69635071
0x5aea5775959fbc2557cc8789bc1bf90a239d9a91,69635071
0x0e1c8368d1cb9390a41205891eb49d6b7904dfd7,69635271
0xc144dca2ab4bb4284cfd6424ef60bfeb6543c87a,69635471
0x341e94069f53234fe6dabef707ad424830525715,69635471
0x36ebc7fa4794111e39490f4e2fb532be5da63a8b,69635471
0x1d17cbcf0d6d143135ae902365d2e5e2a16538d4,69635471
0x39e098a153ad69834a9dac32f0fca92066ad03f4,69635671
0x339d413ccefd986b1b3647a9cfa9cbbe70a30749,69635871
0x2b79f3c2ee059e465a24bf5a2f4fe989546053b1,69635871
0xa586c2e47aabb5293a69fd7e96c851be9d15eef7,69636071
0x3bdb03ad7363152dfbc185ee23ebc93f0cf93fd1,69636071
0xdc6c059ed24d98ff41069ab54ea540c79d6ba9bc,69636471
0x76c9cf548b4179f8901cda1f8623568b58215e62,69636471
0x021f20f07948b152045291a990649e1edfc15223,69636671
0x117d1015fd2cbaa32a1fe0e0c913fc02b4d5f115,69636671
0xd52573f6d4f68d8e7f8fe2ed50a1023c5f6fe82a,69636871
0x2a52460674c1e7ef26cf9f4684ae138db06e61e0,69636871
0xcab211c57d2b5727dd09adf99e7f0f5c7bb9fa75,69637071
0x5544a9d56a40bda3728517055c6c6674612d809f,69637271
0xf70da97812cb96acdf810712aa562db8dfa3dbef,69637271
0xc8e00f9f2b12d7389dd955298872cb65164ef743,69637271
0x188a5b2032b0f4300c71f8a21fbc760b36daeaf5,69637471
0xb96e286b4fee4c17e260156e6f827e1606891e64,69637471
0x39b6980817f80b6f744011c81c8cf4c4924aa1d1,69637671
0xa60c6a02b3dab3c1e1f9b56d39c1f2c3c872dfa2,69637871
0x8ea9d463dffdc5906905c68b191326f420d7e246,69638071
0x083f43cc8a56a8946979a34fbaa944adbc72b775,69638271
0xf1ce343bffa54a6042d6269aab8e7e2d95e67fd9,69638471
0x9d62da7d09e5ecb3d3ebe8a6e2dd14138275f4f8,69638671
0x450afa113af20e0e63c1761e77b7e4b48ffec06a,69638671
0xc1288be3a5d66dcf6d83c8c10e2f3eec368608c9,69638871
0xe629b208046f7a33de3a43931c9fe505a7ac3d36,69639271
0x767a40b2118e1b92ee5e18801e513681a4d34946,69639271
0x3355df6d4c9c3035724fd0e3914de96a5a83aaf4,69639671
0x8e31d63313b75112f3f33912696a1b264951eadd,69639671
0x893114a65354f8f2b319cba5b99106dc653e69b9,69639871
0xb521887245ef17e1d160f9ddf63f6d739a8ece70,69639871
0x23fe2939b2264ee44ac7815aae16cfc78412ba7f,69640071
0x18381c0f738146fb694de18d1106bde2be040fa4,69640271
0x6af6ae0d90ab7abf6ec8dbd9f1da69e9d07d6c28,69640471
0x05bdefbe3b6f0e7805afc8be40bd11b17314f617,69640471
0x8e14774f348c163db35c0a412b3874d9c62c531f,69640671
0x651817b6b7464b61c6c6ef87da2bc84ee0e64377,69640871
0xa929cf2f30ce13e9ee0c498719d53add892be1b3,69640871
0xfc7857fcadf861ea9bd6915de1eb2b3fafd8d212,69641271
0xb44958ff91b4b67d8d4db010e38ccffe52551ecb,69641271
0x335feb9370729ed0d97ee898498d921bf2c99144,69641671
0x6068152becc3fdc8ef9b2411b7ccf0e2caddbade,69641671
0x0d679d026a6182644e09d7a9a203090fb60084a6,69641871
0x434348bcf02f6673bcf33756d878229bac9e9976,69642071
0xec84cff0ec97820535468ac9d94b01e87a066ba1,69642471
0xa42bf0c8794fa8853ec0f1b24a489972e8cf4c30,69642471
0xe32709f8fd46f5ee785cad8167ebdcf94e2b55ee,69642871
0x89443df793f7f6d2d8c2da107aa8006173ffadcf,69643071
0xe1903e3d386a5c8487c8f9e609950c0a2db8d112,69643271
0x8ce32b9c2997704f56bd6e18124a2b290bed190d,69643471
0x27533a4b89bc02dde7eee1924b4b66f1f357b700,69643671
0x63c53163c5eb30ca50191135ed521333a52057cf,69643871
0x7f5c4b2fa4079564064f83ec06ed10a358789987,69644071
0x4df3a7838cf9b24b635ab7496913de0a8defcbd8,69644071
0x86801b53e9e14a202e2bc0fd9c387e4739375d30,69644271
0x7bc78de8fce1cec9f0fb8fa3211a6e72effaf7e8,69644271
0xbc7f82bf94dbe960147b53672fa0bdf548ef52d2,69644671
0x68b731619b20caa71d4a9e4ea712a2e2c1d36039,69644871
0x47df30f44bb4ee84f5cf9afa1c17b17fd509d3f6,69645071
0x7b217443bfa96950fb23ce9a387fbf0cb452e0c8,69645671
0xc528725be8741fe5a1b3e10596ec89d8069b2605,69645671
0x3d9780607fe45b92bb24b5dd29485dd843385b83,69645871
0x1faeab0edf59bb80ac39edbb644c23b7289b6737,69646071
0xd6e2dfbd4de24c3415cd0dcc6acf61bf857000c7,69646271
0x7aed074ca56f5050d5a2e512ecc5bf7103937d76,69646271
0x84eff9e7b3e5bc034a652be233bca51906798e19,69646471
0x49aff48cf755d116e74f5e3712a58a5520135c4a,69646671
0x1d71b75a8ea8545f0f824e39160200fada124916,69646871
0xdfaab828f5f515e104baaba4d8d554da9096f0e4,69646871
0x97b9d2102a9a65a26e1ee82d59e42d1b73b68689,69647271
0xea461068d75f941ac579ae4dbc2cfc8eb8ef4c81,69647271
0xf76bcda2cbc032786d2635310e1d5f322e9ab450,69647471
0xb9ba765f819031e53d97fb733b36a00cb89548e4,69647671
0xf89e282286ac4207afb1cf0ae15ba8c44487f5e1,69647871
0xbd4372e44c5ee654dd838304006e1f0f69983154,69647871
0x1b887a14216bdeb7f8204ee6a269bd9ff73a084c,69648071
0xf5b8db8ba0c40839834f738bc4d9931c1cf4c52c,69648271
0x4539ecec795c96c1e4b99fca258fd017ab4427e8,69648271
0xf087c864aeccfb6a2bf1af6a0382b0d0f6c5d834,69648471
0xf1111ad835eb6e66c7e6fc252486e03c792b0fde,69648471
0xd297fa914353c44b2e33ebe05f21846f1048cfeb,69648671
0x857846eda3a0956301c5eb6f6ce88d9d4f793a9d,69648871
0xb3325ed33837c72ac689f5065ca4176d9a9e2f76,69648871
0x2ec2c4c3dc212c990d1bc2b48b0392a3951d926e,69649071
0xf970f7b32ed6cb64bbe61ab95a30e0665887500b,69649071
0x3d8b2509e0862f4280a397709620b311f9712c7b,69649271
0xda888af6026e69f881377280f88545dd472dab80,69649671
0x7248a95b7115462d551665be0517d9ded1ad0108,69649671
0x0baa722aefa911a4f7e7657198bcdb9efc06bf38,69649871
0x873534b54be5a0c900798b0f775b2f0eb238e89f,69649871
0xb526295e737d3501806d1388b8be87abdfe286cb,69650071
0xf9b52be2426f06ab6d560f64a7b15e820f33cbdb,69650271
0x31c2be4b447a74e2fec1dfb691a29e6ec8f69166,69650471
0x78e30497a3c7527d953c6b1e3541b021a98ac43c,69650671
0x81325a127f5f1ebbecf912f2334ade830d699fe3,69650671
0x20561e34cd999c3a4ac0564da21ef38232970c6c,69650871
0xe83a339bf4d658020a08cf2ab24d2e6cb7479129,69650871
0xb3a51fd02d9193209678f82077786f74040e6583,69650871
0x1af2ee2b183880f5c49693245bbbb38f36755086,69650871
0x4b9eb6c0b6ea15176bbf62841c6b2a8a398cb656,69651071
0x17f4db5ed795bcd00d71acf460e355734532331d,69651071
0x736b788dbd0c6e5373fd0252fd013d1985a75aec,69651271
0xf7a7dc6b70716d5a75cc65d7f0b492e137fece3c,69651871
0xc118d14516f947a47e80319fcd3ffddfdead7777,69652071
0xbad3bdfa1dfd85adb29f87f80d8d0f9264ef3f80,69652071
0xfb7974664e42e90020b3d9121affdc28d580111c,69652271
0xb4f60c599cd44d8149b373c9affa495431a41f04,69652471
0x5379143934ef08d797a3e5c56301e28c231b4ba9,69652471
0x9e943d9427170dec606b2729f38088c20f96ad32,69653071
0x6defebae2b47ac6620a5a0ebf54e6e1f849f1f6f,69653271
0x36a1acbbcafca2468b85011ddd16e7cb4d673230,69653271
0xe3924d07fad8e504274f188df1d67ad257f5284f,69653271
0x3079b09c022fecc1f44b6a05f6f1337b3b3049a7,69653471
0xafcac09fa1516d4b5427a28cb6e9bf20e7f0153e,69653471
0xb9a6d1dcfcd3b1c1fdf7606b8effe225e7e276ca,69653671
0x9c6ff692bbf996e347b9db4e0a4feccef9aa198d,69653871
0x0000b81c6c9ac666804e00d638391691b9900000,69653871
0x80115c708e12edd42e504c1cd52aea96c547c05c,69654071
0xd408d4b883581b20a28007ac6f8f245071c39db3,69654071
0xd07c30af3ff30d96bdc9c6044958230eb797ddbf,69654071
0xc031c368b51c28266396273b0c6ce2489b00969d,69654071
0x3b4afaea283428517d42196a28a0d2e694608889,69654071
0x93068d29624da31cc1b1220663f684947aa5aece,69654271
0x22d8b71599e14f20a49a397b88c1c878c86f5579,69654271
0x3bd0f0d5d22bc190e8569381c35051294fd872b2,69654471
0x8d7285c97d0d0c451be72f737875a98751870b97,69655071
0xf6b944b1a01c8c398276eff214127b8240893a45,69655071
0xc334c8beeb2448e3adc37d5e30e1f2214ff73b18,69655071
0x4cd00e387622c35bddb9b4c962c136462338bc31,69655071
0x195a81d6c478bc35c226aead603070817728a8fc,69655071
0x84363ef250c6c3bf02f57fe7d856df5542f3f50c,69655271
0x693fc964496dd2951e9c5a4beea713ea256c14b6,69655271
0xd5fe9c6937d8415e4c5d4a600f837c2207c87bdd,69655271
0x7aee2f3114dc21f8cde7d37bb4616c40cf1b2e24,69655871
0x91db5305946446922ffd913bca64f470e590d480,69655871
0x3def15253a7ae7b45f598ca2d562f7187b700f71,69656071
0x124e8cb8cdd9d896b978021a1f43d0b0de37c162,69656471
0x4dc9f707df88de5e05f3a1ee054d75bdd2cacd37,69657071
0xe9bdbeaa2944f3e809e08ddf72628bbf4191f023,69657271
0x493257fd37edb34451f62edf8d2a0c418852ba4c,69657271
0xf65000d09ece790b36e8f0087e0fab985d527715,69657471
0x695e50ec204286f8604f0f05dd5ea9c362c2c43e,69657471
0xec56c237a0e8eef441dfd66efc0bf0b8ca414925,69657671
0xd0c503de67ec8d61bf3c04ac7a859b8b86b15ad3,69657871
0x5e2c35ac715c08d4d3c4ff24c9c2286673042bba,69658071
0x6d8f867332af6a5446005cc7904993d6c3009b1a,69658071
0x86b35a4b027d90f3af52911fccd66191f27f0ac4,69658271
0x3c8ab3ce85ad62a296c8c15e3bc2b68e987bb156,69658671
0x75a936115a02c48dfba9bb15428001270b64b2a7,69658671
0x464fc339add314932920d3e060745bd7ea3e92ad,69658871
0x82c465c5462910014f632aa67e3dc9fe26f7e57e,69659071
0x99c56385dabce3e81d8499d0b8d0257abc07e8a3,69659271
0xc7d252fdfaee7f3c06ce676dcf68d0aa368ddc49,69659271
0xf3977e6307eb0220e7ea9c54bc557136a49b19af,69659471
0xaa6e2b9238038318a0196a0fdf26b4966d404c1d,69659671
0x60b85973c583012f4f34e9e3ddbcb99dcd05fda4,69659671
0xad69ea1d8bc806b4722d54d6fc8bcdf83dab593f,69659871
0x578443c471e829913de1a54fce1a8def49ee7c87,69660071
0xe7bdd9862d740aea3919d6c1250dae6ed64345ac,69660071
0x2a2ea06db77a2e69b90e8508ceb69fa2e172ec84,69660271
0x9522ab080dd3fa8fbc7e0b0fafa269fe9dbb7439,69660271
0x1b85b9f0fa556ea3f1bec9123cab1f5316ccfba6,69660271
0xacf9a5610cb9e6ec9c84ca7429815e95b6607e9f,69660471
0xb4ab2ff34fadc774aff45f1c4566cb5e16bd4867,69660671
0x4fb2f3de01bebd7172eedafad1044675ffa5c258,69660671
0xa4514cb2d2b911766030f0a4aae0292b8fdabe8b,69661071
0xcfa82e9515c1075521aae5a9a37a7121c8edee69,69661471
0x91604f590d66ace8975eed6bd16cf55647d1c499,69662071
0x7dd05a7b5c7364846d2188e6bb177e7807a8da0e,69662071
0x04db7c32974ff6c5fca07ef95e3bffb1aacddade,69662271
0xc5412215ef5d00f082260a9a4da6cbd2d25c4c83,69662471
0xc1d5a56fc36dd9370353f09b32c49470c52dff12,69662871
0x09da3fc7aee6ea61a18ea4a6dd3e489e4f779450,69662871
0xa2cd02a50b3e2c6667b804c96a13702069447170,69663071
0xc929e4ef999d257379ff8e22182746f0d3f295b1,69663471
0xba25c115598f16677337eb7fd71b2297f0b6d15c,69663671
0x941fc398d9faebdd9f311011541045a1d66c748e,69663671
0x34dd3264cecb9ea572ea9767ebdf95352baf16f9,69663871
0xf6c3b624ac37b1d9f175f8b8e37efaa464b8e821,69664071
0xc40040a777d372e414b2dce6d0b2cfc5e19aa69c,69664271
0x1b67ca61d1cef5766daaeab2bc4df6a6417f7a0a,69664471
0xf8b59f3c3ab33200ec80a8a58b2aa5f5d2a8944c,69664471
0xd8e2d29c68001ad82efb7e29a96ffdee04285b60,69664671
0xcd6121185a98370be32d71f60a910de0d733946f,69664871
0xea492dcdf98161a37a3bdd83c1067c01ebad4ad8,69664871
0x89546182dd4385189db0e8e8d8b3d59a02e513f1,69665271
0xcf94301936b301f8c91752c8799866631e1109d2,69665271
0xeceb682bcd1d57d0359b2a3f1a3742bed3586843,69665471
0xbbeb516fb02a01611cbbe0453fe3c580d7281011,69665471
0x8ebeceaf3a46a73d39d55a879de1796256c08e88,69665871
0x3dea23da437a0346760b0dac2a3d1110b294352e,69666071
0xeb0363edbb8c2fd047a3ebea5d356e3402893283,69666271
0x9c6b01cdae92ab4e0da31528da8b0aa1013bb683,69666471
0xacba3d4d9e9fbba7e60801cf762b47454fb998d5,69666671
0xbe7824168e6e713146499fa1511a14fbb70a2c4c,69666871
0xad33ecabecf9c20d04d1ce456823ea72bb998e1f,69667271
0x78fe09d61aa4442cea2b0473845d7e1ad4e1bd17,69667471
0x73462d69325bf369bf6ca8293a7a303b80f5a02a,69667671
0x6f3f8a6d13faeb6d436f4daf59febaaa35ac3d67,69667671
0x31c2c031fdc9d33e974f327ab0d9883eae06ca4a,69667871
0xc4311515ffa63376494ff9866095b3aba109bdd6,69667871
0xc65302410cf647fd617a75a08584f17bcc220f55,69669271
0x6bcef75b1be9adea16c2085d227b67ea4ae6a3a9,69669271
0x440a9bfa0168387cce7248d0d6e017cf82ad5bac,69669671
0x3d82b7047f144b86d8beea37eefb47ab52c3e8b0,69669671
0x6bca0e9e6b443d11b1bf69e8c2f76f877a688b1d,69670071
0x0f0e650393d7e14c5851c771c4b8da3fa2b03f58,69670271
0xa447f8bdf19bc4d382aa49e002b6179982659cc1,69670271
0x100edfc5dd127d23c63d62b9c590fbd7be64a875,69670671
0xf9f659bb680b74c6fe39bc90f12a240c5279c303,69670871
0x23e8ebf58a362e542598c210aa732b7d5f8937fa,69670871
0x38c00442aa49628b8c4843aa734827ab3f83e61d,69671071
0x8513ec41b85b99e2891c28f2303d1b5d0fe0e648,69671271
0xd50dd9c5bef6c23c0337380c0022093ec6ca38b3,69671471
0x11d4a78753517f00b24f8a80712f9d83709e464a,69671671
0xaccd8581d122133e887fcbb3ed4b635b7b7c5266,69671871
0x8d51cb182456e3084aece215c305b3c0f4ded3a8,69672671
0x42337373862e2d96d03faf4607d64a02c285196c,69672871
0xb55e4a8e0f4782a4393b36092b4fd83b4bc14d1a,69673071
0x05c3123a1a20d6fb96c58ed9f7c27d1e2261ae60,69673471
0x8ee072de1dd6eb961bef6e7832bd41f79f0628e8,69673671
0x5d3bc6a4c202bc7fc3b4a9bec87eb5901c02db22,69673671
0x340d9001ff32c3fbe1c21acec60ffdc8a80589df,69673871
0x48a94042de3004adbeb11d7d39ee53c812fbfe07,69673871
0xbea32ded2d3a3fb9ae532fd66a5a53b6e02eeb6a,69674071
0x8b791913eb07c32779a16750e3868aa8495f5964,69674671
0x8c826f795466e39acbff1bb4eeeb759609377ba1,69675071
0x2be8ca5cfb33e32e71e5db08bcaf2c8390b633cf,69675071
0x0f6e0fec6695cdb9d3c7665c38ad4cb53eea6370,69675271
0x2c81df4f11a1c7e43acb972e73767b1f5d0d9edc,69675271
0x16dc8182759125bd56ef04a91d168179cf99857f,69675471
0x3df4b82d8470a81c4f433cb09512346a43a5c6dd,69675471
0x2e19fd7dc855c5d31456e17191d5beb56f0a4007,69675871
0x753ee88cc54baf663cbe28ebb323d8d174778d3e,69676071
0x9931ad248d810675cf5af957c0969b1011642c6a,69676071
0x3f88c36ab176cbbaf0d2c6668e01e4a67c18d2d9,69676471
0xe45a3ab1a1cedc47f704f83ef7e28b9bb6b0594a,69677271
0x6b8e0f3fdf3d5bfa942e1ee567c89347b1641ef8,69677271
0x2acc031205bc14bebe4a4a5c6afe57116849ddc6,69677471
0x5ff24c7388d1dbe3d810b636c91e45b8e52eb071,69677671
0x59fb62bc94ef3592949898c948c199abc3990ac6,69677871
0xe66aa98b55c5a55c9af9da12fe39b8868af9a346,69678071
0x067c926dd85492f8d107aa32f3d15421d61f0ce3,69678471
0x406501c05959e341efed908634ef71174f0b3f4a,69678871
0x3f0b8b206a7fbdb3ecfc08c9407ca83f5ab1ce59,69678871
0xf6fde0e12c95f9b7cc9dbdf5ccc81c35e0fc21f7,69679271
0x72384ecddb67074f682f9d27eba9f0b663c0607e,69679471
0x66184928f9ed4deb086da37ed0e51c1041514ee3,69679871
0x0cea6ac43e71dd3d22b2268274259a02d965d1ea,69680071
0x64a84a643c3acfee07ba71cb9870bd6e1bc45be1,69680271
0x4f9403e8a7652b19ce14c4ecf7b1272292f90dca,69680871
0x27bc71c53aae1fe278b8b5f0c1501127586c8311,69681071
0x3ad80ef6d9f0f18226d33cb92c86dbb156118754,69681471
0x0d05a7d3448512b78fa8a9e46c4872c88c4a0d05,69681471
0x81009f3114303ba0ca99aff6257c032d1cbd1e0a,69681871
0x067328aafe471a2a675563f8c4c0a16b4dc20bed,69682071
0x01f39e384eddfd630dfecfc462c3568ebc849b41,69682271
0x8ed6b28ba404b4872d650c61006c8fe6771fc07c,69682471
0x4c21d4c317999444452c6c19e34f67b4de00cf06,69682671
0xe5bad080aadcef1ba36cafb7773086fa2b57d5ea,69682671
0x884b074ae40c792f8922378947e14453fdbc4123,69682871
0xbbe06ea75813760ae2387276b64b592a4b6ce29f,69683071
0x20c42a3ffb8e882ee737f464e09089cc43e2a553,69683271
0xc4851914e172f539a426523352b91575b53d6e63,69683671
0xfcfdd186534bf7d4aef35d5b3bde9e59e0c388c0,69683871
0xbc87ee5b87061edf762d3997c99c8650181a8cb3,69683871
0xc8a3d1d834617796cdd8c68709e9719f41cb472e,69684071
0x87723d4aff2e1d86900fbed9002cc017bbe3b36e,69684471
0x1e3335e8860ef0e8dd92affc0eec21ac7474346b,69684671
0x7762cb7996c47ade1fe8a5714d08b1acfa5895af,69685271
0x28547f8ad6e9f674813a0e71b6b1d26ee1a9c241,69685471
0x21ebc2f23a91fd7eb8406cdce2fd653de280b5fc,69685471
0x99819f0e0927718f5fbc73d3327ff7691d0243d6,69685671
0x7712c06f5dfb4a52c6fe57bfd14148585acaff8e,69685671
0xba12222222228d8ba445958a75a0704d566bf2c8,69685871
0xa4a4b03cafa4f62b57224add2bfd6f214b38d20c,69685871
0xb4791fe4f8ad6206296c4c9d3a39e795b73c3fcf,69686471
0xee13ecd99fce503e1c922e0d7ac1014002a8e745,69686671
0xad8e227396b8a06cc588b797ef034e3b39e55a50,69687071
0x5b88fbe2d9448d72ac57cbb162f09b790b36c6b5,69687871
0x256efafed786d24163bedf15d583ea5dbdb4757c,69688071
0x81e519fb1ea4299e83301cb973fbec442cb66b57,69688071
0x365b6225992bf2a636ff0266aacc7d129f63094f,69689071
0x4d69d1039862ea92cf54d11b033ab598ff57fb17,69689271
0xe7728c54a41589949bd56d230208b304e198b54e,69689471
0x97391a688731aabbee5d8e8bad1cd9455b55f746,69689471
0x7d2455c84edeb12928e10093e6c9dbd7e29bd076,69689671
0xaed65fd79f106a1d3b213929e82e431193dd0630,69689871
0x5e5b9175ac3fb512c82ef5756fc93b1b08ece531,69690271
0x52ebc666f36a5ad4f7f35542405565ade9e5d3f3,69690471
0x0ea47b13cf98800ddd909348e7aeac6aa206b4ef,69690671
0x92a24e8fbcc40763c31f71a3718fe3d45d505d2f,69691271
0x9ce615a6f8c98a7e6b92c6536fa7157f14769d40,69691271
0xba632af5791888dad2b4c52972125e5ca0d151a1,69691671
0x3d6991085ab1ae3926cb96f25684c40a364b6856,69691871
0xd428c74f56176cfc1927e18549dcb38afb4d2e17,69692071
0x8652767d52054d2cd29343369b19ba357f46869d,69692071
0x10d5de55947cebf7fd00d1ba6c852eda267e9a52,69692271
0xd5eca0df88d44b4bcfb41ac298ab4b7c5b5d5940,69692271
0x8b80e454db3e24c2b6c67944d8d165d314f2b083,69692671
0xd46d84b9ce5018f6c83b6c50f8ba2e421069f7fc,69692871
0x2aee50e2c43845e038642de2a3bedc234ea8823a,69693071
0x2e431ceaad33fe690fbc71047545757bae9fedd6,69693271
0xa176dea39d71b211a2e2349a234c05e077cacebd,69693471
0x1421fcb12d209ab56bf843e1a9f2f8a62a4ec2bf,69693471
0xdfce1bcf9709b4d495c8e52a8a84dec4a99f0e28,69693471
0xfffffffffffffd3a53e9f2fd64a769e8fe3e78b0,69693471
0xfffffffffffff66fc3a943242fc1ec37ad919fd4,69693471
0xc01b4363ff3878eee4d817076d28612e6d94e1cb,69693671
0xd17018acfda769402bbd23d3b17f24df24f3506d,69693671
0xd1352d9c58664a449fec35060ebe1415b1cf6951,69693871
0x9721fee1245e0ba9b1a225849e6cf715620a6875,69694071
0x4ab07c8f60e7c4a21493565e9cfb3242496d4dd9,69694071
0xed09afa0a1ae5faf32d2bacb0cb4b6ec7a2c25ac,69694271
0xff8d4e25a42288702d5d1698e02a3f5a74ca0499,69694471
0x5f9ca30068b15cd4a973c37eb35a4c85b26f48de,69694671
0x91d610a0131a9c197b41c054eb4cc29336e9f81e,69694871
0x39160b2b82c060a0fad1891b1c1dd803d559d941,69695271
0xb9cc2db819767d5ced176de2af83e36d0cf198e1,69695471
0x0541deea7d5c7b7490970e3dc28b3cbbd7bda6e1,69695871
0x7cfe0f3407d727f7bdf13a62500672214f6a531b,69696071
0x557a4e06df56f1d1280baf3a1961335eee86200f,69696471
0x2da10a1e27bf85cedd8ffb1abbe97e53391c0295,69696671
0xddf44199eefb5ba61202a07062f7d6ab4c564dd3,69696871
0x2399f1174b424a1cc5b05567f79188f751b928b2,69697071
0xb2c28ba3827f29518856809ea2bcd965991a3195,69697471
0xe0055b74422bec15cb1625792c4aa0bedcc61aa7,69698471
0x88a5db8ae0afafc85b8f00d0fb664d6a47779c62,69698471
0xf498e4b660bf261d5654ba198927732fbf7aab22,69698671
0x75af292c1c9a37b3ea2e6041168b4e48875b9ed5,69698671
0xb36495ed2640005db6f760b64138f7c53414e1d3,69699071
0x76df63db845027965b7f2da9acbd5994f3524c16,69699071
0xfb0b5185d9eba1201239b59e6ae6e483a33d87df,69699271
0x29da9dd0869736b0f7381e688d4628a46987d837,69700471
0xfa3098642ce05674f49e52dd1f722b0a899b12f6,69700671
0xcdde7c0b98af1e95f78c5fe9f2d9428bdbc58a03,69700871
0x935a3ef28360ad8eaceb909569c49cd57bcd1870,69701271
0xc4b0da76d8c74ab676d737108e40ef80c0831471,69701271
0xfc983d72c99ac3859b27f6c316abeb34cf67dd98,69701471
0x13e51c00a6e07fad9fd1723fb9793e7a04a0df2f,69701871
0xfffffffffffff5bc66346f257c5b6b347024c4e5,69702271
0x31115e093856fcd2d0dbc774fd646b159bcb2127,69702471
0x7ca87181f6f690039ac1ba44bed4560a239586fa,69703071
0x4c75163ce896cc791688a47838f4cb829e23e47d,69703271
0xe0ab14cf4b44221bcb59398f1091934eaf9429b3,69703471
0xbd39071d2a152f2091024e261bf3ea1d2bc39f54,69703871
0x52f59167f6d43bb3569b94a70723c0254a30a58a,69704071
0xedf0851d590696dcf7ce38541308a14d002bcf36,69704071
0x37e174adbd54882a6ed43c8f956babb27cc0d2a4,69704271
0xd8fc9b75a6dff864796eefc951379751106cd8e4,69704271
0x4b8cb486d9704940a176bfec25a64adc4170eaac,69704671
0x2f62a61a6cd8e245f477432ce981f1eba83e3da5,69704671
0x20101c91f2d4f5c23a3be790826a336e56c0afbb,69704671
0x351caa53d6e408384489faef7988b2e5139959c7,69705071
0x45bf2912dc82565dbda324afc47900ee02a0e3ef,69705271
0xb4dcfe4590adbd275ac3ef1a3dd10e819d11648c,69705471
0x50cdfc3de8ab0a055b6447578c8023888fd99d68,69705671
0x70ed5bc285efa302916bcaea2585ec16fdea4754,69705871
0x244e27594d5f014cdb8d90945c8ab0ad1942d266,69706271
0x205dad3b5cf894e525ad12631e3083e48740ef42,69706271
0xa85c46bea88b9077e4a407ca4023298da1c4ae8e,69706871
0x2fb5d167c285f826a0e777d492da60553feadcd2,69706871
0x0a80cf298ebed3c755e54d20918cb3a5e2250a03,69707071
0x8701779537ec4a0ee2b075ec9b567399fe4d0dab,69707471
0xb07e17f786145444ba9bc83e06adea4cbbaa8243,69708071
0x0ba0224c5a6a0ffca88f427f3fd5123f8055a7cf,69708071
0xb6e44fcf0d2503ed19babcc044dedc024aff4d5d,69708071
0xcd01e84a5798f11eafba2973053b3199ac696cb4,69708471
0xc9071e64d1c484046908cc149173b32a0eeb9506,69708671
0x24b5292adc6cf2373ddbc09c8699b4f88c6b2cdb,69708671
0x6c643272343fa61515753ac1777ec344f6b7358a,69708871
0x01d1928c626c9619a87e6ad5fab1d756556073cc,69708871
0xdcd296763e6a6072aabf6c09f1fbbb8620273842,69709471
0xf3a2f6b8b270d550de4ac3550ff6a1906c20b818,69709871
0x95b3641d549f719eb5105f9550eca4a7a2f305de,69709871
0xb0315138c4ff6801e4ca47d8686c1bbc3cebd787,69710271
0x8c1b24dfe53bc63ffb73c92976647ce84d376992,69710271
0xa2c193e15f2564d5414ed8da474db4ec1bb8d4e4,69710271
0x5540cc951ab8fe4a224ee8dc849401936550c722,69710271
0xc75bd73417fe6a590dfae88b336d21d7fc507314,69710471
0x341090688c71f696da81d571b7f1cd9973605c3a,69710671
0x471c9141cf7f886d0520ec09606b81ddca86cad9,69711071
0x000006c733b6ed5f519da818f2444febf82167bd,69711071
0xf062864df266d268fb7ead83233fb9e5a2d0f8a9,69711271
0xa4ffda9fcae6f836fe773231694f242281941207,69711471
0x9928780ee20a3f66a9f8dd4764739665f1a93b8a,69711671
0x5e08ff18259cadd64d07d135127b075c4fa884e3,69711671
0x58eb464f5a11063ca42bbb3c08557afae32978c0,69712071
0x33a8746982fa861b614d02bdcd46e8839312be45,69712271
0x21f939b304964181f1dc2978f3628726fd1489a4,69712671
0xf9e1d1e9f22c96752356adfd377231528c7e851e,69712871
0x473e6222f2db70d23a9b0bac4e6d271e0200d517,69713071
0xe7c7acbaee750525fa15c20efe8a2264f2155581,69713071
0x3eabc4888a97b57df8730a1632a8b6a4e3dbfede,69713471
0x6ffafc4386929837006b94383dc47e45d5c705e7,69713471
0x63e4fcd66699fc76f3627202b23d1235801e1dda,69714071
0x9606ec131eec0f84c95d82c9a63959f2331cf2ac,69714271
0xf0ded7e28d812af3d2217c91f0801a4dc05e090e,69714471
0xac688f137ab70c3161bb7ae08c089339bf74d53d,69714471
0x28097442b5d13813b5951e581bb862079aa38571,69714871
0xa35fd83c4abcc33d8e495402ac487444658bc3df,69715671
0x7a364b134db62ca2206ecf29959db045c136df38,69715871
0xbe7d1fd1f6748bbdefc4fbacafbb11c6fc506d1d,69716071
0x73814bad2a7fa9d546640a68f2aa42b311320c02,69716271
0xf9e82b6b3ccc71e9f206677e850b7593459bb6f7,69716871
0xf2cfa8311dd7cf9a6dd86dd57a43b311b07ab3a7,69717271
0xd3e167ecc567fd00a260536e4f65ec38afe77e23,69717471
0x7e30d17c78c42e715e58ec20dd703786549aa5f1,69717471
0xc6c02f72f861b55dc09d6a3b85b9706cd9e44e8e,69717871
0xe1253b98b07a84a3bbcde7b2ef1cc70f11777afd,69718071
0xc3b8cf80f0133fb6222cb8206435fd694c07c122,69718471
0x391e7c679d29bd940d63be94ad22a25d25b5a604,69718671
0x7638e19cbea0a349feb3750f5a622c2e645ba118,69719071
0x81d0071aae6f984f7ca623ccfbe5e0f1ad40428f,69719271
0x2295bcae37cf67f9156d680b71ba3df3846592fa,69719471
0x1958386856e5f6f27587b38efcdac7edf0bfc2ab,69719871
0xb8ff877ed78ba520ece21b1de7843a8a57ca47cb,69720271
0xc80e8a7390f2ae21ca1abefc96b118831c05acce,69720271
0xb183c2b91cf76cad13602b32ada2fd273f19009c,69720271
0x9e16575900a54f9c0692863ef5ba0a33185da5d2,69720471
0x98e4b2e9ef1b7ab883eb6729c49edef9885c09e6,69720671
0x88590b3551b15feb12d7d785f11c0ed2ebdb39ba,69720871
0x9ac9a3a2c3628a153d5ae46a76ee21b13a63e0f2,69720871
0x8b9bf5de43c5db5453fbf2d6465d92fa923e769a,69721071
0x03484107ebb9a3cb03b8189109f5814ad45ec84b,69721271
0x1dce3787296deb3d531941b922c17a04c63b3e32,69722071
0x04016246e64da8c1a909e21d177bed4ff318f7aa,69722271
0x2b2f5801a0d46ab5536b7618be365d0ccdeee08e,69722471
0xe9cf28980934a9f1f890312a68b2df7bf79418b9,69722671
0x3fe92ad2b4e6c35b1d48669827d1bccc6475341b,69723071
0xfbd4cc7bdae39ab23994cddfcdfb5fa196af1bfe,69723271
0x2e4c963f338771b173f475854968c58bfb7d2c6b,69723471
0x5d1e6ffe607bf33fa936b792fc10d8bc3cdab8e9,69723871
0x7e095914934b105aebcf2ebb590ec8dd7051a69a,69724271
0x4602d9a8235aef2863ad282cf98c08e1f656a60e,69724671
0xfa269067f478229a876e43c3e2a31e179b0cd9c3,69724871
0xa49b92fc38e04a95734690f1e8b2592520a9cc44,69725071
0xb88d8a59d685a4d47df97a51e96904b01381a696,69725071
0x3d1c62483257e6717982016a1cfdb30d4b4580ee,69725471
0xf98a2f62e360f23d389e86c195c939f9a95a703c,69725671
0x76705327e682f2d96943280d99464ab61219e34f,69725671
0x242665e21ed3d2c82f803ee1832399e3e9a745da,69725871
0xfb064332b6b300e9d7eb18b82a9656fc11b9a899,69725871
0x7400793aad94c8ca801aa036357d10f5fd0ce08f,69726271
0x7a27e12d09003bb7cabb09571ea549db6c25ca28,69726271
0x689b28bb3dd73be1adf8d52a43dace79102345fd,69726671
0x8353f9c6fb8c5c2412fb449b2c7db38fa3f05f93,69726871
0x1e7a67f22bf651a46f85fba6ac3b6931d2293668,69726871
0x2bf7c98d7a0b2278b31befda93d61aaf0aa56544,69727071
0x8859ad0d5d47a94d0e9c6212fa9d503e06e9d3e8,69727071
0x5e0986d6e48bc783eb713400805ac407989367b7,69727471
0x2a0cd5a582cd83fbe1cfc2a616029870dcfd1814,69727871
0xd70833f39948862234d977771b8e6eaea26a881c,69728071
0xa30a4018ee21e40c78e6f9560d66961516b7583b,69728271
0x10d967f46b06580c4a87b05c78f04e4df25c0db0,69728671
0xbaf47fda6cb29a235a687a57f6cb47dffce83b79,69728671
0xe8e15e442797a2b707fe9c9c762f9248a63c2779,69729071
0x149ed2cfbd209af29514147ed9c478cb84e2e2d8,69729071
0x1f9bed3558d820496854b5b2cffc1538de46e7e2,69729471
0x54452ec0591d306152664e7fb02d3cb65eea207f,69729871
0xb4a6d29844d54a96be120f8d750b39c6bc2c1045,69730071
0xccc88a9d1b4ed6b0eaba998850414b24f1c315be,69730271
0xcc231e2c7e7f21cb12477543aa9fcd882f6fe159,69730271
0x11f772ab5f05e6249e2b4ad5ca9eb2fa0703488e,69730871
0xbadc9c69f9cac22a02850b046db60a3304600fef,69730871
0xc1e2b29a4a6195a055ad51ee737a91b90bfa808a,69731271
0xcd37ef9120132f71e23982881e19b68ae3b4e871,69731671
0x5cca1897dfcbeff63be8e0a56c15e332797c83f9,69732071
0xbc648a73fd4696f3b3b41c768ae13cb00babe2a0,69732071
0xe219343e6dddd9d82ad44cac95a11111e5ec31a1,69732471
0x394311a6aaa0d8e3411d8b62de4578d41322d1bd,69732671
0x35d328c7229ee6507c9d96bc7a7d7480cc6001a8,69732871
0x21d6de01d1e3d40b6fab288e3f507c1e969547e3,69733071
0x27d45b6de0c31e217cc1640d98ef2ee7d967e7e1,69733071
0x0000000000000000000000000000000000000000,69733271
0x666ec807ef454377942c5634bf3e5f5538f0d679,69733271
0x921518351014643a15516a3282dd20601ca84760,69734071
0xd0a804265aca98075fd6668dc939f8f5c976762b,69735671
0xf312ff8b512588a46c3543a8b45de9ed4b6ac52c,69736071
0x755c6b0896295ce0c5d9a2afdb4c348a2ae08c54,69736471
0x3668ba88a32332269483a0eb2406a7f8149b486d,69736671
0xaeed9101c760a2a306b6b9ed774a775ecc9686f3,69736671
0xa3656c8b16887dec78d4b1d99badd708adddffda,69736871
0x93c583af1471b0e84f9db5b7e42f18a547100c8b,69736871
0x6c5d96e0455bbeb6d11891e460cf6d54ccd9cb07,69737471
0xc057c06318e1174f7867492bbc570114b83e090c,69737471
0xcd340e92a3588532bc879e4e68f9e0c7c2c95549,69737871
0x07ae8551be970cb1cca11dd7a11f47ae82e70e67,69738871
0x54a10c65b7c0bd36eb99a63237e7e66c0594212d,69739071
0xb1db513ac47e476944f392d8e047e3a0a5a5ff9c,69739271
0x685458949ed5379d40ef0472a98931e1e050c907,69739671
0x6f3d6acdc16ff4ceaccf43b553fcc3c822b8291a,69739871
0x2dc8e4b6427c90517aa75e841c02ecdb23502de7,69740271
0x095d064ad56f8e7154056f558d9d885b2f58bf54,69740471
0xa9232040bf0e0aea2578a5b2243f2916dbfc0a69,69740671
0x9ed7b5e4249f439a014150323e989bea091d7105,69740871
0x5cbd15d48ac85035f57736dffd3f279f923d267d,69741071
0xe1a9b24dfa1b535ac323e04a6465cd24bb527de0,69741471
0xfd54762d435a490405dda0fbc92b7168934e8525,69741671
0x2ec358a7043a1af424dee8cd3e57e78a34967365,69741671
0x3024f06639bc8da14cceba787c64cf4bf5d3454a,69741871
0xa7cd8ebff9303e6fb5d295381c520f2cbb3cab4e,69742071
0x6fd27e2137f5965e029e681fd2aca6ccb4304044,69742071
0x9af3a7eecc209d02fd66d61fc59aee5d80542670,69742271
0x6853a985086a6adcc12a927813148c752e0a54c6,69742671
0xe593853b4d603d5b8f21036bb4ad0d1880097a6e,69743671
0xc5df20a043f277088759fb0af21a50b611ac0c1e,69743671
0xaf5043f581ad0d7888956c7155b0aef55b775782,69744071
0x83779efd9a39d760c9ac0073f2f5453d59e0bfa8,69744671
0x46cec3225274a1cdeaf0505b9fd22c83d0a4433d,69744871
0x3d949494687e073ba944c6e6482e0dd2683ef3cf,69745071
0x8755f0c3a72e761850e633b4df4d9b4d074b8f9d,69745071
0x907591b7d416c54597f7d83be20ace5c0bd06695,69745271
0x6261089f6baf6a5026f3b4329ae5ff4a4a8e2458,69745471
0xac019d6f6f6895d125a68cdcc9074f6782d53895,69746071
0x2a584c02de672425729af2f174fb19fe734dde5d,69746471
0x0c8b4651dc135d9330d9711ffdb8253bb8c4cc4c,69747471
0x0265596fe52fd1159f0436b82507634579da287f,69748271
0xa5941bdf71eb46ef390350776b7be077aec20356,69748271
0x4c3fa36a3c10fd7a8cd3530a4a9ac6cb7aa341cc,69749271
0xf369fca28bc25aca7fb34ced75f1be79e85b8b32,69749671
0x8a2af0811ad79db1e944fa7eb567e7db730e69d0,69749871
0xdc6dd252dfa4845bcf7df54ba17a503783b4ce14,69749871
0xd16be8b0173ec4ce124d67498b4842a31b39f2ef,69750871
0x5a148a9260c1f670429361c34d40b477280f01a9,69751071
0x585bf3881f8bb46827403c6611ea6dbe7df59c55,69751071
0x804a0126834efa3ae0de5c92dd6fc7fd3c96d7de,69751271
0x85f3402236ce77ce4c8566a78b33ad1675a9930c,69751671
0x3579ac489431d120cd703ad32e4e1850b10c7182,69752071
0x798387e3f2f8f423c4d84fa4359a48182a3ff477,69752271
0x784a2dd1eab3bb8276342f956ae3c13c5458644b,69753071
0x9f6eae5bd27c2aeaf91d12db365ecaef4e0602c2,69753271
0xc082f633aa943aac07b4e69c405b9982221d7759,69754071
0x229b36476b2587ca542b704d21d65f1dadf62fd6,69754671
0xd5359ecf7321b11d76e7b2a252e85bbddc1150ee,69754671
0xad0297f485a22865cd5c7d6ce1266b0a0f8efcba,69754871
0x2a343e795556c99cd94c9f334bc0c54d70bec1be,69755071
0x0827dd6dc90ddb94bef1afe69b3d24a9abda023b,69755071
0xcb6e09636d5efa25f862ab3eef01b4a14580ede4,69755671
0x09bd7847aae187c5358b03a083ed461d1acec755,69756471
0x55e92eb2ca3d9610937585e7791c6733676e6db7,69756871
0x4aed951940bea67aefecbbfa54f6a227c92416a6,69756871
0xf28971835cc23cd9e90fb7c7e9ea1d06ed90e768,69757071
0x649f8bc918de61bf46351a0477c67008ba363404,69757271
0x4230bb808b0e3be0da04974fc8c4916682d7e91b,69757471
0x7a684052e8c21ce56c09c99e1c333f70c1dfc921,69758071
0xcf8b2640b2715966b2332ca601de3129375ebd3a,69758271
0x2aff8ac8742c7aba2fe7af7936ad3a0fda671cfc,69758471
0xeca3e5764fa0027064ecab14956300dc81cb737a,69759471
0x9cf27ab106b852b3b52d2798b8a340c7384b5658,69759471
0xff581db0dabe422a96ed2c7bff1a3fee78cb6739,69760271
0xb27b7c644d5bf31bb2f3108f6024a66a23463feb,69760671
0x1e5af7b64cecd78f0141450e942f19b1935c495e,69761471
0xe2358a5c45e434fc47f3d308fb42b3a2e0022215,69761871
0x0000000000000000000000000000000000000003,69761871
0x934939599310a84dd724d65af4d4c8a286e568b0,69762071
0x0616e5762c1e7dc3723c50663df10a162d690a86,69762271
0xa40de2e8e33519d60a8b58d156ea70365abe365c,69762271
0xb92fe925dc43a0ecde6c8b1a2709c170ec4fff4f,69762471
0xcc3cee9a15369935290aa3711c6fa74c78560be1,69762671
0x1091f14851c98be4fc1146fff0f20ceae07ed77d,69763071
0xc5db68f30d21cbe0c9eac7be5ea83468d69297e6,69763471
0x489b9ae5ab0887b83bd0097d310f933357168552,69763471
0x3c8f043da4da7316efa28e3e38d2bced34981d47,69763871
0xe52dd36863246dcb9cde6e352848f251694f6d1f,69764071
0xfe4931fb4deabc515f1a48b94b6b17653eeaa34f,69764271
0x84dbabe4dc4637a4338c6d958b6b9ceeddfca10f,69764471
0xf2bf1a1e8b29ebc4c50ec723d4cea554c35782b1,69764671
0xa691be7fc5cda46c9291bb38da447ef077c11fd6,69764871
0xbff8d132090827bb76dc56386d2d9ed8ef052842,69765271
0x235085ebd1990428711d941970840a57d7b6be63,69765671
0xbccbe82bace4ff6431022ee45936743de689ab27,69765871
0x2d5bb53fe4a854ad6c81f7a8d30fc7e5d1bbd4a9,69766271
0x240d5645bffaf6f8bc3586e459a4155f270bcb3b,69766471
0xcb4dc6d8386ef8a52a5e02bcfa8c7faf889393b7,69766471
0xea9ddbd8fe5282b3417a2c14f215352b639c9d66,69767071
0xb4de6c5d6f00a381ac356b3957e40a88459a9d09,69768071
0x5d795de26e44034d9c95c1f58bcbac5e90407bcf,69768071
0x79b37d437ebd222ef11e7bde705293b1415e9fd3,69768271
0x6cb5e34ff04595da8f51089b320f116df0101373,69768271
0x4836303b3e3a33f1a9f629e43d2c5082523674d9,69768471
0xde0db61b8eedf56920ad4bcccc212c9863a94e3c,69768471
0x700eae32715d29443e1ff8ee89b0ba333baedc0b,69769271
0xee53b979d0c4b2a40279287965b918bd2a4b760d,69769471
0x496d88d1efc3e145b7c12d53b78ce5e7eda7a42c,69769671
0x6029e047899b0bf9a640e321dbe14d1297633217,69769871
0xfd1d18173d2f179a45bf21f755a261aae7c2d769,69770671
0xc874901c1aa292781110118ee4d3731c74e05b16,69770671
0xcc85a72e59a7371ffd4fab7701f2dba7af5f4d82,69771871
0xaefd74ab28bddc00caeb8aab772063701d34a326,69772671
0x5a85aed7c00d2eb1018ff1eeda31dcf8bc673f59,69772871
0xc511f4f7b6f34ff63f62ac16fbf115b4b24eb450,69773871
0xcea71246c814b83d6aab7c68d9d469a5b28d3a1a,69774071
0xa550f78059659036ff4f3b8b7ce231a9860de505,69774271
0x7111a30b83f9b3c9b83b45c9fd35b1520397398b,69774271
0x74668b9d15dc9a48c5226e88147eb12b3ca75242,69774471
0x2fe4cc3d888d345d5c876b5a5bed45c76fe5acfb,69774471
0xe46f58d75c133d7efaec0db5bf2193e17b377026,69775071
0xb80d90fcf2ed0e4febe02d2a209109bf1f62df95,69775271
0x4836f158f1e8b8223d83f56f740e1b6f8093334c,69775471
0xca662213ec6056d01a7c55a11773b55d7aa745af,69775471
0x091fd5d63bd726c2de7003e9b453861de578de08,69776671
0xb43ea5b13f41aac35703124f826ec0f3a3cabe0e,69776871
0xbea1eaf012cdd9639885e29eabbe6250fe9e361c,69777071
0x9729d3061161068dcab98e796ace8c89b8565f56,69777271
0x6fd4383cb451173d5f9304f041c7bcbf27d561ff,69777271
0xe92e65049b3c2ca12806e9567b08895118c5a03f,69777471
0x26c3e80808a8be5ecc3cfa1d134affaaef023434,69777671
0xb6690c4620efac5b7980e3ec4c28079db90f5143,69777871
0xc31c300da443578f20d1f3c6c8463f94a5b1adbb,69778271
0x28731bcc616b5f51dd52cf2e4df0e78dd1136c06,69778271
0xb61a62192b381b1aa26f541427b7abf735146c64,69778271
0xf321d9feed1671cdcdec605043020f6797cb9485,69778471
0xfd80169ce13e4031beaa45a10a26c12d1d628b26,69778471
0xb1b7e31cb43796e333bb55e939dce09e6141fe79,69778671
0xa815e2ed7f7d5b0c49fda367f249232a1b9d2883,69779071
0x193b4569b97967166c1d7efeae57c4f8ce8cd8c6,69779071
0xf89d7b9c864f589bbf53a82105107622b35eaa40,69780071
0xb623ce25a1dc2cd3bdb298536eadda557ea2847d,69780671
0x8514b9ddb0c381fcc25f0deb1e191e7a6709268d,69781271
0x1475c363a300a29847b049c848e2f31648fff998,69781871
0x6f7c20464258c732577c87a9b467619e03e5c158,69782271
0xa89c88cb2c14a751ee3c130c59cfcd36d1f75f5f,69782271
0x8d2f82bbe510ee42cf7b9014e835afb05b229d8a,69782471
0x1425c312b3ae2f7d01dffa87e56d1fa565172f16,69782671
0x1a60e60b9d20d8c62622ed4504f8967dee641b0b,69782671
0x8552d3630c15ef2c1f3a8a71c15bf6be99f03eb7,69782871
0xb32adc03dd866c5362db9f63a0aee16899c722c6,69783271
0x6fabdc3ba12433cd5eec8a8eaa998649f2f03abf,69783671
0x4631748435ab31272f75b0aa669b9a818714685c,69783871
0x022b94188219dbafc501abad95a6b61df5a17e3e,69784871
0xf4d88963c92dd3c752f11ccb6934111270c791f5,69784871
0xa49ea90921eaff2243b7d8f0a42f2b5d0f84db86,69785271
0x1f6b9c9b622965933e1f8895bc07ffd4aef0dbb8,69786071
0xf9cda624fbc7e059355ce98a31693d299facd963,69787071
0x4bba932e9792a2b917d47830c93a9bc79320e4f7,69787471
0xa4d081adc844e5c18278420e9842547740ea1012,69787471
0x817f46ba6284f8073bfadca12b24e10949a5fc86,69787871
0xf7eba675a31daae9e377dd556a4172ff3ea6f9e2,69788071
0x6022b9550cb1a27b9e6cd1b9e4301356b889dc1a,69788071
0x062ceecf10cfa6dba8fc90486102ce6cae31a97d,69788671
0x06b0d9908e428c8341c038255555e10c4c661aa3,69788871
0x7ffb9431c5f85582832b881d5de84f5bf71a5fbe,69788871
0x36f6e33161272705f8a3892b06306e48ef1e6e5e,69788871
0x9eee479dcf6075a0cb905c27e8f952910c3bb69d,69789271
0x90973213e2a230227bd7ccafb30391f4a52439ee,69789271
0xcb6931d7e680f36e05fedf7ea1f57a312ba92dcd,69789671
0xf937987f1392d065a27acfdea76ae137b2981e5a,69790071
0xf6839d7ef2d46df93f7617c317abe7ce699ecb34,69790271
0x1d6735568cc58bb9561fdee2c49e91cd5929d640,69790271
0xab8454126722dbcb3da5ab2cbb647663c2e56659,69790671
0x20924d8a650d575f54eeca0c0700d86acaeb148a,69790671
0x138df8ceb2fe8b68ad3936d7921a5421651a12f8,69790871
0xa7a2aa092cd7e9064820c0ec924899fe140362f0,69791071
0x4e3aa71ad1c139fd6a5fb95f92b3f1e03a7be8b9,69791071
0x21a50e3f8297731203527c0c063eb7dc64819236,69791271
0x6d3ab927f92d716981e0585b70211676cae8c290,69791471
0xa06f0c44ff9b665e54a5a254c17aa0d5f95291b5,69791871
0xda5b6852ebf61d59f18ac8ccbac9da68cfc82167,69791871
0x9037392365db9e915470f584349aa71262f6f052,69792071
0xfed12b30016cee9c11da970aa4b2bbbbffe783d5,69792071
0x46d80ab90b109eea0a0f6143b427e3f986f3d4a6,69792271
0xbdf0a5822acd33cfae2321d7f654593ad5655c7c,69792671
0xe95d9b5a0b8646bec16ddaf6e77d5b86245945bc,69792871
0xa39480e0c586a664b0900de2c9e248274bd5585e,69793071
0x7ec99eb3be80a1b790aebc1ad721df6e1a246ddc,69793271
0x1acfcce8f1412a755f671bef80e86a54c804f7e8,69793271
0x8ce12a47634d1a4814195ef0f43c8ef729d5bdac,69793471
0xed1f782215af9be9036fb515924d87e2e37a109b,69793871
0xf9268f58129b54dacbfd5a023b1a038f430f9357,69794071
0x7642e38867860d4512fcce1116e2fb539c5cdd21,69794071
0xdf41b3f66d6d1b225dae3d9e200eb041dde412c6,69794271
0xf70bee4932e099b5f8509592e25fdfa2d09893c2,69795071
0x9d2bb9a9ee9f15a7f6939baaaf2e9d5c42e1576d,69795071
0xb253528104d8c23ee14647410dedf70a9092bffe,69795271
0xddfa0ea6c23c7923bc7474795602e52748dbcdee,69795671
0xe65ee83e7b466cb3836f666baaeb4ed6d29b5723,69796271
0x6659b480c329ab322ca158b17111ed08be8daa1e,69796271
0xd5f81585a3c1d09e7d8f4d970739d605d3decae6,69796471
0xe8e460a56679f8b3557e0f88f67e4639362bbdc2,69796871
0xb2b7075ead608fabf04c3959983ee63df5b0e0fc,69797271
0x340f754549cd27a0c7457b1f771a3f09645c1a3f,69797271
0x1aac355f25d5ea461c2d3d679ada7bf9e3f506d4,69798071
0x8144d36c72a066dd4dbd7e5aeba6ff9e62dceef3,69798671
0x3fe0875464653db075f14912ebd77c728cf01e4f,69799071
0x6a2c005f227ee56ff65987c2a32e1d7654b92cb6,69799071
0xf348d2da93d2059224e07efa2edec5e5101bc69f,69799271
0xfb21c293a49ee73b82ae9ed53bcc3670a5928412,69799471
0xa2445d7c640bebbc2b65fbde7eb00e450a03f0f0,69799671
0x7676a281c29afb79d5de772169b4fd2b9746ef51,69799871
0xff9bd28cb379296571faf4e92b90e6de8a2c7576,69800071
0xcfc2a3f9403b091a466b8a00dd60a2b42b25ea11,69800271
0x806c3917e0291483b53b83b886b9f363661c73b8,69800671
0x2beb078f02af270f85e752f4a7ffce0101ecc7e0,69800871
0xb35c5b8df4e2bb82d003d544c6b347c807134016,69801471
0x24b231a09da1e9a41fe2f91586bee788f8704e90,69801871
0x3539e091214f6291fa5781864dbf58d688f945d7,69802271
0x23de2cecafa034c3f304c43c84e19c3b47a171a2,69802471
0xf8445aca9e20e980c857ed649dac4b8d4c13d085,69803071
0xf26a72f00fa0998970739866c5d67beaa6a6e23a,69803271
0x787c09494ec8bcb24dcaf8659e7d5d69979ee508,69803271
0xe344145781e163924fedfdeff5f9942bfe2b3654,69803471
0x18b78a16aa59e8a9be0f7b82367807b1c60be779,69803671
0x2042ecdc71f9ffb2eb9cda7f801eccc5c6c8b7eb,69803671
0xdcb6262b58aa6917e6de34ed92192f283f86c07c,69803671
0x6c2fdb8587088eb353bce6e94a460ecc45a61524,69803871
0xa887414eebf4f04f950a228a5e35f009bf4b575d,69804071
0xf01c21caea62edb5063c69964e21319969f512f1,69804271
0x2b9b3a2e4253e180aaa00c0356cddc48ecf8026a,69804871
0x860c7a016cc82584625cb66e72c22fc2f617b554,69805271
0x6ac4e5cba4d6aa50e906617cd6c2a915a793a43f,69805471
0xfabebe03883f338819957bde659cf7dc7c4ab03f,69806071
0x72d354d937d4189f36f234de8f8c3594dbecf24e,69806271
0xc8bf6a3be8438eafad6112059263d5fdc8cc3940,69806671
0x969e8267e85da556524c9ae3ed9786cd1568b68f,69806671
0x94f614e7239caae8e60b26f8f657ae925727124e,69806871
0x34b44b8c802ac1d41a24eccb2a4db224db4e14ca,69807071
0xfcf64165772037f9b750f7c9a7391e7e926a8a53,69807071
0x5a3c72f464351bd23cf4bb043319e9ac237fb895,69807271
0xfb8429acbe7854b27ad20100da2157af0d76e7cd,69807471
0x6d26789262201fb2bbf765eee6c26eeeae86bd0e,69807871
0xc1c151f2d89d91b5aac1a6a87a5aead0fa22e423,69808271
0x60923d0d28a5cc35bde2a2de56e8ffbd8da72a03,69808471
0xebc162babd9154b41e9bde3fe86d6913bdd6b01a,69808671
0xf6ece07645365cf8bfe84b30ab1f189ac067cea2,69809671
0xc358172bc05686c1170381e777c8f6c93cc5a973,69810671
0x6778f05ae94216938717d04752ac0078a05f9301,69810871
0xd3500b35aa7a1162163c6f39b5caf286fffb4adb,69810871
0x5f285ee99423d7ced4742023cd2831c0023aee00,69810871
0x4d6680879e4fc257f6e26dbe1042c7ed42057ea0,69811071
0x47ef4a5641992a72cfd57b9406c9d9cefee8e0c4,69811071
0x6bb9efafd0bbc68e8b03f4d885b198c9f7f9edc2,69811271
0x0e4abede7b20c88e59cf166b9c514b4fd8315c68,69811271
0x9d08f4d53d5938b5e4e7f20cf3e93c1e000a3cf0,69811671
0xc98af58ff20caa2b9887bd38201a31784bc582cd,69812471
0x30859be322614ee4c4c228d3a15d4abcde412795,69812871
0x299c254a58ed739e439afeb259a18dd06a351aa5,69813071
0x31b3024d120f5ded87c39883f8be5d19c6f18a4c,69813271
0x092a583b17801d6383b1b22e9512c6b95c171ba4,69813671
0x2fc617e933a52713247ce25730f6695920b3befe,69813871
0x928b016f13c537f839bb78ccf0a1271d8679a6d9,69813871
0x414adc3ddbd2adef55f1047966649bed9bb6531d,69814271
0xa64192b1b13c43be8d1f48c613a37f20350943e8,69814671
0xc0f09a5cb6ee00becfd50d95cd9227425405f495,69814871
0xdd4093958e45b4d74dd113bec6a5f7962c51e9b2,69815071
0x981c8021c0652f62b772d017e42e31af70ae4abd,69815471
0x359a39f4ae95c2a8832283b666bd875f452644af,69815471
0x17fc3813d8761eab20e8d16ba7d38b92547dec91,69815471
0x6536e25f36448102eeff63f00b3ba9d53b099d1c,69815471
0xc14e2b6bbcb9d765330125aef926a6978e25a883,69815671
0x5b86acf276eaef513810748091a02bc96946b4c4,69816671
0xa68afa81fdda8cc475be1811e1d9484151515377,69817471
0xafa6200386671762f3c5589a97385ee97e7f9b03,69818271
0xd5f009e66c244215200a276e5e0a8288ef6c1eb3,69818671
0x24478e9c3960e48898ae910da40d0bab3da4d359,69818871
0xbf1fcf496b725f47dfead323e0f3deb2fd5ae580,69819271
0x15d190dd8a1ed39cf5b790e2ffed1f365e9c865b,69819471
0xd855acfc7c175d526283bf15ab9799a986107876,69819671
0x41880e38a3050acc26336c5ab8fd9b2d078dc6d0,69820071
0x84d8952646b3f2cd6b2e8671920c503dea88c4aa,69820271
0xbbf191c5afbffc47e480c2ac8eee8852423eda9c,69820471
0xf47027f3edcb1f0b6861a25e6f3738e398440e11,69820671
0x724ee31dda38b0907b2cb8a686842946044a82d7,69820871
0x9c8a4686aab9a77d2c30dfd792c0959ff0c51f3c,69821071
0x9bce606da691fb814cde0f8bd2792c589ae61bea,69821871
0xad56aaceb54407803dda93d6b1ba6b85676a2226,69822271
0x61b85f79caa13108815c239139fc4be784c09ed5,69822471
0x751a84b0a0e8501d2badf484932920273442f686,69822871
0xa1de09624ae4d371e4ed5506fd8b12a3754953c2,69823271
0x507e026f2c5a45710f730f3d8345634df7500119,69823471
0x06b98dd13f4f9513efe638d590a0bbe5ef35cfe1,69823671
0x4fb43068723f82153363393d5c9d029113990a8b,69823671
0xead93ad9e8004d9dd25589f7a5702f5813a4d7cd,69823671
0xc16580a085679f47df221aaef3f5167336312ddd,69823871
0xaa7b73613a3e1c3c85be9b744458b2c84d643f41,69824071
0xe1b0098ca308b0e244e30216c31c581457c6e93d,69824471
0x42ba186db121c9628d48014f69d54d448b1c1558,69824671
0xa4cdb91d674ba9deff7be9e2649e4eedf95c94ba,69825071
0xa5605e3b4f8d1e09bd5dc0d9fff3a8a3f8813ba6,69825071
0x27982035ce62e7a3e2c551e58160087ed5cf4457,69825471
0xaf99f0e4b942707a55ae4591c35936a4df4e3fb1,69825871
0x0e595bfcafb552f83e25d24e8a383f88c1ab48a4,69826071
0x209d4b89786398d32a32b8fff2c388b834f82898,69826071
0x0684ccaa78c070807b2ab99edc6e436a6dae5b26,69826471
0xc8e7c2432cb75aa30edfd58ae4fa6b089e80615b,69826871
0x931a42a2386205e8169b2f1cb4a74b077e1cda49,69827071
0x7b250b55802e27cab8daabf831a0ae472577998e,69827271
0x14b84b6791f9024f747f825f70c9d1f176470d50,69828271
0x96fed866230e8e7b2c12de26cb4b17ce537210e1,69828471
0x31e9dd460b7746157baa85d4f00a4610d5efdda1,69829271
0xaf201415e8ae79a7fd81bdaf67344ea3f3386065,69829671
0xf671800aeb061beff57fbe30306e954515ec26e3,69830471
0xeb9bfcd66cb620f76b81c30b5483fb8aa1e47fe1,69830671
0xad206ef82ebd619344482949e98e8756feffeeac,69831071
0xf051e6cad6ecff5c572a832bcfd39be4d55038fd,69832271
0xd567a4f6d04389d8c783c07f20c92ca6a15f0d6c,69832271
0x36c1cdb634829d9b2281ad623f3ed4c36b27980b,69832471
0xfacc4784889be81a682e145a0947d8a5a584290a,69832871
0x5bbbe5bcd5fd042dbbda084d01d1891f37bc0d33,69833471
0x35cc311bf9f6bd5a6e8948f4d10d77aeab924997,69833871
0x550bc3f184b2729c497adeda789c80c2495562d3,69834071
0x000000c0f624da031e44661f23c2e5bdacc6dcf4,69834071
0x0000000000000000000000000000000000010003,69834271
0x962802fbf81dd666fae7dabcbc14098f9a53e91d,69834271
0x05d3f02955704f01bed045d866d86c5c3b1f64b7,69834471
0xec8ec13f08258e51e5c5434deca848e1ea305cd9,69834871
0x54b30559eb387d8c646f97083a9d307e4a369e12,69835071
0x8315183fd774982fd26ff5d2931ba46220de5e96,69835471
0xebd37a1394ede6c8eccd38af88aee43d5673cbb4,69836071
0xbe76fe6a81c83dc8001080e50bf25958c5884d8c,69836271
0x30c7c4ddba58de0e23633af643c9072e8d0e3416,69836471
0x2b709976cd781683c5c9ffd22355162e999311bf,69837271
0x13217a64c0d415ed6ff1b93c53362c1f4b068ef8,69837471
0x7bb67731e1dc56d75beb2d93d52851bb39b6d833,69837471
0xb6cb8e369b1bd414e22674d7c76db6089686d069,69838271
0x935a665aff7b96bb32362b182b70789c54d75450,69838471
0xdf1cda60a60fc9ae2fa67eb5fb3f58d6ba03b5e2,69838671
0x6ea53bc84d6b93b82459ff6f90119319cc55b230,69838871
0x4a8fff314460fb002a6e530b03c60c543ec6ac11,69840271
0x4cf89f51e090d6dcddbbbe5a458a01e9061823c5,69840271
0xe8bdd15c8f1e3b4f34a4b987af6b09adc1d91898,69840471
0xac61fcfbddb46a0b1d72a170425bf74c27f234d5,69840671
0xf17fa3db78c92987f3ab759a67af0277004177d3,69840671
0x9b76b7f77e6d5e59aa43263f8f84f7257ad76445,69841271
0x6d57b44aebd8278bc12e88522e61053b2ef9f06e,69841271
0x0000000000000000000000000000000000008006,69841471
0x011ff18571ced951752711e17999faa119d59fe2,69841471
0xe04447b101cbb6c9cf1461ddf96c6d10bc075b63,69841871
0x02e5be68d46dac0b524905bff209cf47ee6db2a9,69841871
0x2dd8fa1ca45e070c676b85ac2b8b46e6dbb4aee1,69842071
0x30abd9532331b73c4d8d9412f928751149a1e600,69842671
0x8a8afe1a74a1cc8babd78c8eb138af589123add2,69843471
0x46f83ffcdefe3502634bfe6e9d4ed4adbbe3e497,69843871
0xd9f58c44506efea820baf832d4d4addd1bdaeb52,69844471
0x69e133962646dc02dad6f90e6a186ca3a707270b,69844671
0xb5d86e1a626675974b7ed94b7c0ec70e74eb932c,69844671
0x89c5b5eed247b9cae343fd28a51a74a88bd5f1ae,69845271
0x7a68b3dedad73ab56551a9816563aae35cef5bdf,69845671
0x778ea09c32526d8370f581785c7a5522c991fedc,69845871
0x9ac1152479319419b8246a384e4bdde989606880,69846071
0xba55862a84d6c711da5baa2396eaeefa4edaa80e,69846071
0x3145eb99a5f93d84284b3f8c8e4c1287c29d0171,69846471
0xf7902ff78f81eb1c611ada04f8ca44798e1fe1f4,69846671
0x8f9120aec6597e3fd56cc12a300cee5d2dd17c5c,69846871
0x8165f483d8b653dd2712b72fdb5ce685441e18a5,69847271
0xd603cb64f9355432d443982f767ee95d37834c91,69847671
0xa281578b25f99870524245c57b3284b1d745a9cc,69847871
0x520d7ad9f4f93751fc0895329494b17ef9a1ba64,69848071
0x07f62f48709b2c427e54e102531d07d9e21ad99e,69848671
0xe383f4c6718009b3ac5397c67c44f4c0d772fb0b,69849071
0xb3872e5f5b80390613c1332dc3db871c296bf20b,69849471
0x1d046689047747c5dba879324abbbc035d95a55b,69849471
0x417a94dd495782b5a82a7c6649dae8db3c99fe7a,69849671
0xb6b016f3591e80e42aa20d94ad3867560fd32855,69849871
0x9899f62ecf16b70bffc88677023026c47e48c218,69850071
0x9bda715c4f04b7da560853c2eee2511e477868a0,69850471
0xeddc00a08a36f1f6ab7a5d62fdc37e9ae2ae7a60,69851271
0x8776f9c7659f60f3d4814c0415dafb51974b1778,69851471
0x2d7fd1a6c1fa5c07fcbe1bb38dcbbefd28c6584d,69851671
0x3ca8fe91b2436deff4ce61ed1d3b63433db1513f,69851671
0x5fa6880086c6ce05691334da2c212c62f3c0ce77,69851871
0x1ceef1472afee3c0f182d407f6e44c44500e5bea,69852671
0x9df1dbea9474b191475f3cec89adc9cb3fd3cdcd,69852871
0x3536f7eb6edf80b8d6d92d11173c01418341ff33,69853271
0x11bdb1427ae9bcb4f875e7bfd56033fb299411d6,69853671
0xb9e1a361c85701fd2ec0de77f59fcc01082bdc91,69853871
0xbeb5f525390b96847aa6317427d254a870111429,69854271
0x268d5b0816e406a4591fb4498787c576d0244eb4,69854271
0x56248d5b527b8390c132048a081de0c90a9e2eed,69854671
0xffb162f0326437e6eb3e95765b978c5557a1e488,69855071
0x594060d4fe065c6ba3e2b507620aea83a6bbcb45,69855071
0xcf78f711e3ea57530a00dd5a8521755fac81c2e1,69855471
0x643c94706d3b3f056e8289e1f2de26b8aff88f1e,69855871
0x13371143e88aae513828b7f2888f40917e760785,69856071
0xcec701bafef178721325426a578f6e3d41edecca,69856271
0xf7831e1366be7b763fa3678150f68a3300c80753,69856471
0x00000000000007736e2f9aa5630b8c812e1f3fc9,69856671
0xc20dce845580b6de3955929c070fb8bc10ecb46f,69856671
0xb66316832164d78df6df60cf3c00cfeee3eaed8a,69856871
0x7270142875a5958c60f1a46f3a058d26d4be5c69,69857071
0xc1fe511fbf94226c0082f1b1808d02180d1535ba,69857071
0x133db7f2b1a0d1ba541542b51d43cedfc60f4768,69857271
0x34bb5a03d9d6ab3e2ace76fd350db333fde86e9e,69857471
0x71fc6611d39fc7b2f677619898affb90c33ac55e,69857471
0x04f8b36d1b930e45efef3b355e15f9f9d4cbf9c3,69858471
0x1b7535a664e988dd1b5b8d86b6eb97837a22fe87,69858471
0x0d0707963952f2fba59dd06f2b425ace40b492fe,69858871
0x044ffe79b69f390bcddc791e645fd9393edb9129,69859071
0x5d1ff41bfa43db7966eba3d675dcb03e40056a2d,69859471
0x1eb8e4fd116d69b7c448cee2fa7ee5a4b4acae65,69859871
0x7d54a311d56957fa3c9a3e397ca9dc6061113ab3,69859871
0x0053a843631a38569d6d1cd0bae59b891f2bbc2e,69860071
0x6a7210663cc4098293ab29687d99bf3bdc4a5de4,69860871
0x0f04e249b1abb2342d4fceba1b13252429e75bf1,69861071
0x1940097ac9d3a50168a7191bb6fd53291682615b,69861071
0xdeadc0dec18f9f380c7c272e366a5e0b32aa1eff,69861271
0xa2b249e42fb8314d28e9e55525e14244d3dd514f,69861271
0x12f2eeeed29f4bd9043ebd26c6fba2f1b3e2e61d,69861471
0x039df3954c70b96c7f43e127f007894fc5126092,69862071
0x62f7ea079afb9f312909f3c6964da639f3db775f,69862471
0x68d95a01d3efee0eaf05a6d05a6ad89d7c06bf3d,69862671
0x4ab06c67fd2e0827fe3a8635739258c6d4dbd203,69862871
0xc59f25f6c9c4f0ba25e5a720df0408baa1fde207,69863071
0x8cbfbdf18d74386226b0a04dda1822223998a277,69863271
0x2307a78e5b905fc52379ac68cd22efb413230e39,69863471
0xc309fbf56f1a10ef9e129923c57deef7c6c40c28,69863671
0xf155b161b4ce8f81b295929d52c2c4c08a2613af,69863671
0x8c834ce88039fd2a9ea997be3c24c5485422c7bb,69863871
0x2374048c2ad266b28f5b4fbb22e0e96518fd6dcc,69864071
0xb16ac17c06e63490a2fc0e22134c4ab9b1b05a5d,69864271
0xd31f8b7d8f332b4914e5a5a45db55b769440636f,69864471
0xbfef1060145bafbfe6484ea36f373b55af28b91b,69864871
0x4f9d21872c8360150e036d4b371f327eaf4b04eb,69865271
0xb7585654d3bae3e6ba1ab328200585f0c78846e2,69865471
0xa1d088cbcdf4044dab15ae985868b5bd260a5769,69865671
0xd5badbb0d6e6519c7a82eb16a745ca7d02719ffa,69865871
0x51590ebe481c64c6f78dcdd2deba5fb1bfb3e21a,69866071
0x46e36839f3db11e384de1dd2614525531560b7a6,69866471
0xe7895ed01a1a6aacf1c2e955af14e7cf612e7f9d,69866671
0x73c028ef82a5f96cbdc915fe1c0cc0ed5eba3a34,69866671
0x03ede52578a8752bbd14a9cf3881822870693cc4,69867471
0x731361d0257019ea6b2fdac931202dd2af7e4443,69867671
0x9dd8ec88f7fda088d039dcef0d47a9c99205a5b3,69868071
0x862810177c8a2a3ef3f2126e474b02e89ff97aa9,69868271
0x3313102a171ee7c87dcb3bf7cf3cc989ff44435c,69868471
0x385ec9a1bd621dda1476cdb77493d52da5a51ca8,69868671
0x3705a58d1cc93fea639b0aa64107e6051ea44ce8,69868871
0xf4157195529828bb6f7cc47029785bc81434ee91,69869071
0xaa9e74622961ee4d87e05f24ef548c7490712ce6,69869271
0x2c0f99c531fa43854bbdaecfa1c1415d725f32f5,69869471
0x04f3edf6ab425356a9138df274590369579cc097,69869671
0x5c3fbf33a25c874b282cd051c978f379ab43c252,69869871
0x2ea375b765ce49978e31d0b733961a586c2f8224,69870271
0x1ff399085920efdb7c7d9aa140669f85e6c36fd8,69870471
0xfe3694a50fb1e7acff02c5a633f25341d27a6cd0,69870671
0x66cce0d46418c028ed328d656f174f1f3e1bd580,69870871
0x96e76a8f0cdd8fe398fa26438823845a199df037,69871071
0xf98754729eb8a5747118de7bcf76b72b1a875f85,69871871
0xc991e13c382e7619ed3e2d3ca93fd0986a51d6f1,69872071
0x66e84d801016a6badcfc8873ddcaba6dbbf68f2c,69872271
0x0206711cfc0fbed9f23c746ebc40a6de93e189cf,69872671
0x8ef29f8c70aefa43c45f62273d4535c4b3d3781d,69872871
0xd8cb6e219aba5c322cd5e3fbf8a89eea0b0ac113,69873271
0xd03465338226ea0178337f4abb16fdd6df529f57,69873271
0x0c4e3b38cb9db629eddbc13f8d7ffa2229c1d878,69873671
0x6626c794ecb9fc7852ba54830feb7497bdcf0335,69873871
0x85ad5f2ef63796c2d1d2e5943a40caf87408abe9,69874271
0x3894af06d4f91a6874791f50e9ca246ea4c6232c,69874471
0x4b06537d875b146708263f093c3029f3ecec99c7,69874671
0x466fd9b7bf3304135af24605d1dea69ed03cd0c9,69874871
0x5f99718ca484f22716e6887a2aab7b0c0831e280,69874871
0x45a10170a766df4e709c3e25022779a65baa698c,69875071
0x664ead64507c2f86fbb8a1856984d2839aca4986,69875271
0x3db744585f892dc77750b2f4376b4fc1dd66d510,69875471
0x9c20ed8ecda9ee63b80b89af7d5ac9fd8644985f,69875471
0xbf7acd966a3b60efe2ff8246d9ac0678b4902e58,69875671
0x81c1f727c7f5504076eb5a197f67d39429d7964b,69875871
0x2f65321aa08e38322fdf3ddc129c8ccca6baf85d,69876671
0x4698abc6fb9163d79213a4aec6b7fbf3c61447c6,69876871
0xf075de21a42aaee3715cd487f078369bab2bac35,69877071
0xa00edbbcec3a496b85e3e9244b8b5a2935a66af9,69877271
0x54069e96c4247b37c2fbd9559ca99f08cd1cd66c,69877271
0x7ad4a029b5285def6af495dbd24132f2d2928458,69877671
0xf4a5cc629157615f91724710824757a7ad43fc75,69877871
0xdead8bc56932bc23f5d295d06467b547f8070159,69878271
0x7585570d5a4df10bf4fda847d309bbe41983e83b,69878471
0xd515c9007392f780ba1ec8c5e52e26a317df6a3f,69878471
0x23ef0a295dfc966adf358c1c2a01ad1aeab07679,69878671
0x500deb315e730ef0b0f0ae10eb45c30c195c583b,69878871
0x06eb14cdc820da071208480aa8a4f782a4bb34c1,69879071
0x71fb52b24bf9e0d64e91d7e9e88143e63fbd513e,69879071
0x973a955c3f0f131f85a76b9c0ed4d1fed0e7d679,69879271
0x451e7332007047c7911033752835c5dd6a6fa50e,69879471
0x23377896c89747feaf5a06f11b29a80baa728421,69879671
0xcf002a37ddb6efc07d8cf6ff9e7d34a303f3b969,69879871
0x967fa181442a075c47984af0564dbd2b03c48f7a,69880071
0xec5897c5466558cef257401a92568b543af6a864,69880471
0x12efe08d0c4a532f2b3173e88fbe05a391fd0ed3,69880871
0x4dcfc36036e51bd57a3a8459911245fc14d3df1c,69881071
0x8fb812f4ac0f987e78a71c5c7f9cdc240cc3beff,69881271
0xde6303496b3d526a9f8ccb387374f4d758dd650f,69881471
0x2b4d2a5a077a3759e26ab79f39ec2d7571442eb5,69881671
0x11b932035c9c635737c2ebc8b2411bb938ba4e67,69881671
0x2bb077ee0b76b8ce7e89fdc91e23e872d04aeb9e,69881871
0xaedc471d2453d6455878d6c3151191c6cd4b875b,69882071
0x18f533dd2c88d8d03748254a88acb9ad6d549b90,69882271
0x0378d7d1e5fae84749af0d8439f222770325bda2,69882471
0x5abcc60574bd06d46ae2705185b6be903710fdbc,69882671
0xf73574a26976c0b31630216f4dee5cc130d2bf90,69882871
0x1943cfbbf5920d297e92c0c2b8fccb6d42f7f1e1,69883071
0x53e147b9d07dd8164069040e880ed81bd0aeac49,69883271
0x044703850750b2d8f2ca9053ca11a27a8de02508,69883471
0x00d0789b0990086495c4f755b13b178679dbb335,69883671
0x17f2c618a837d3b9369a07e84eaac80e7e42a8c8,69884071
0x8467cf591011346e84ed724df3a3a52b0b49d08f,69884271
0x5a4f8f0e193573a06d13c31eb6a6b13dc9caf587,69885071
0xdd15553673126d386f9e735d0cc56a96e59cc095,69885471
0x4efe35b9f2ce0c7390a990d6e278d8fc3faf8c6f,69885871
0x591162de99aad90d8ea0b91f582006d72a40e6ba,69886471
0x55575ba35554123d74d82f0a2b17620ae17225b5,69886671
0x99d83adef4a7171a87b9b6c1d79659f731330e52,69886871
0x7e7b2c8e00bb0234a9b35cd4299a7fb93377a48c,69887071
0x1fd6abfba0f032c51fbf60281a279a530372bc84,69887671
0xea95349d997d1ae1f01b69826dd41323303d8999,69888471
0xd54b2fba5f2620ff49939e6b08b8b60b0c9ed157,69888471
0xb28983edcc70f3d7a35de5d02601ac750800183d,69889471
0x0e7a4abb0a21e4efbd952d2985d7695f84bcb556,69889871
0xda4d2f59212f84656b6ae376ef9f99940e0bf403,69890471
0x30408d44cc4cc736b622793c022d5525b5ed9f9a,69890871
0x45559297bdedf453e172833ac7086f7d03f6690b,69891071
0x0a65c215ce8abc782a4b763fffa10a41652ac42c,69891071
0x9a5eda1c33d00519c7b526c6e42571c5ebf17e65,69891871
0x55daf1ffdd44da5a189b1809aa5e0cb28848b23e,69892071
0x95dbbf12ac592f0dd7a2cddf75351507f2cce102,69892271
0x4969ab89cef58f64860f139114b7ae2e42c2b844,69892671
0xac2219347dcd9ed7b9a02d444adc2d66c2135c9a,69893071
0xbac10e427df5f9d92c4abffb2ab0dc19cdad9022,69893271
0x97708c1a3eeb71563fea695d513c212f516438b7,69893271
0x67344f9832506fb5a58d8b89428179eadb0614a8,69893471
0xa713b62ccc6bf92127acc5c1f2058e07c83212e3,69893671
0x5dec6c699a3400e802243833b7de7d7b2ef9559f,69894071
0x4a0f4801eddb825d712f33d6e8121739ab646b5f,69894471
0xe27127408dca2baf53d81292c06070cdaf83afd1,69895071
0x5528c96009a7655077c6e074fd8fee3465616be3,69895671
0x06435b9bab75b85baaaa75b86b25dcaae2319610,69895871
0x41fbba5cb38d22b2d80606406944cedd7c97f6f9,69896871
0x49bcd2667e19fa89d5f537c461a9ea5539801148,69897271
0xcba1d7a02168f2d9732e5ba2d3458bd46f505e16,69897271
0x47260090ce5e83454d5f05a0abbb2c953835f777,69897471
0x6be0cbdec9006153e850c0c45c6989bbb5926c0e,69897471
0xe31b04a915e1615851d26eaefbc98636b1cd9466,69897871
0x15f0347e007d3d29f9320b530f60478b18b414be,69897871
0x6022578d0b9674cba1a90275b31d76145ee9f67a,69898471
0xcb6f63ed28eff29be13498f8005f80818fcfd915,69899071
0x9a66644084108a1bc23a9ccd50d6d63e53098db6,69899271
0x252fb662e4d7435d2a5ded8ec94d8932cf76c178,69899871
0x756900ffac1af0c3883ccdd32296f36d14af60d1,69900471
0x9c54507a27c71414d0cb1062606835a34a4b78f8,69900671
0x832ab3b263c21180a8c627a09f6442327e59477f,69901671
0xeb4c98f24b403b53b777b4de64c809fb96f910be,69902071
0x02f92eed6e0c6182a79dbbff32585ec2791f8105,69902471
0x43863674abc825245377b6b4a6f0a9e849baacd9,69902871
0x807f67d95a787013713e9d6e6d039a11c7d2afa2,69902871
0x9991ce7b8818f5784a56ed901f71f268ab13428d,69903471
0x787b3ed3717d5ae7d2a952d7dfb7efb830258035,69903471
0xa9f9a805350628b2cbef8c8f0518a1bf793b66d6,69903671
0xe0edbc73a753c53582375a93407a655cde1ce9ec,69903871
0x21ea31cdde2ef92f2748ed57e8ade471eeec8098,69904471
0xc1e3cadf93e19502efaf224b3344b7f06bdafaa0,69904671
0x1e9cba9157acc2f0453ea1c1f99e6f67b3c85f56,69905071
0x2c5a43a8bfddbba58a839dba32301c8dfea8841f,69905271
0x2d8404092b2ad831636b5816e6573a71e5422f79,69906071
0x2b64237277c605d07f17b96f9627712340c32981,69906671
0xc2aedb7d84b168683185cc401dd2d0d9b14d1aae,69906671
0x0a778518ace20d2b9917dc5b4a394781ad065403,69907071
0x41e41b40856d31ffcc36b0e8313945f3c4d2b014,69907271
0x2932d01bdd0dc78808fd18395f4c718b49c7fea5,69907271
0x4da0008e5a399f0e1e128c9dc2e6a3f093c03d35,69907271
0x9741565272c7b29574c88ed2ebdf15bfe9c04612,69907671
0x728d45b9a81d84dec7b75b5a8c01c42bcc496c43,69907671
0xdde2ca541f2878a556e89c8f0301cd1d95697a44,69907871
0xf00b552b747e7015d831cff8a37fd8cbf5d707f3,69908271
0x4885e1759c2cbabee204884870dc7acdbabc66f0,69908671
0xa0f8c65aac6e9b6b0b3f2b8f5d23ee5453d99d11,69909271
0xff80553197714fd84f17c0b3ac4b55b9cbdd2a33,69909471
0x75af11a1b72fa9e99c5a6fa040beff55814d61fa,69909671
0x74258a92611e029b748f79c50024dd851339db15,69909871
0x4990a52d89732869dea8ad8727b0a21f0f8351c0,69909871
0x5601a41012abdabcfc2e58bf33d23bfe9bac9c75,69910071
0xb54566f1d0fe1d9ae3bd8fb40148df0141e2f41f,69910271
0x94c421892d8175e61fd496b6320f0198f8fe5503,69910471
0x6edd7968499fc84555b93ce1dfb9a17a231c7dd9,69910471
0x68e510fac6090db72aa23d482c00cd0f1c139d64,69910671
0x27cacb7725e0733da6057bbe2aa30f1f77eef74a,69910871
0x0d201d19369162deb7474c122b4dd726317664cf,69911271
0x8d25b3e415ee15bc404a7b46dd866f2f86ddbf0f,69911671
0x4f3975d1b4417eee15326eb13e65de502c082b19,69911871
0x3fb9cf893bb758f1ba03d1fb535e81353ffdf605,69911871
0x2039bb4116b4efc145ec4f0e2ea75012d6c0f181,69912271
0x493b4302ef760e6ac4313e8b8011cf9f8b188cc7,69912271
0xf3a174640a21932569f4a01cd699230d55e13fd2,69912471
0x1365d28c8d726d01a81071a4ddb56805ab7f7836,69912471
0xfae2f565a595a5c3774e7e2b89cbabbd02d8439f,69912671
0x0cfa8732858f5ca16606be65c3c39e3812d40840,69912871
0xe8a41faabee09763dd5828fd134811fad553dfca,69913071
0xd6ef2cd9f81d2d625e3d266293d7209e6595b9c0,69913471
0x15f31357f3d22bb04c0854eb4e6ccb5319fe44b8,69913671
0xc6dac3a53d5d6de9d1d05aa6e28b8e9e41722601,69913671
0xdb24137a32ca65f9c8ef2cba5a2c150895904645,69913871
0x31df5010f360f49de4d78bf13bdd96e093e193e1,69913871
0xce7e8bc9f5d6c3c84f5bb840d6b265f5715665e0,69914071
0xcbd1cb6377f079fe79d7aa4e6f5f0859735bf281,69914271
0xa8f3ec077048757cf6935666add9abff18978e73,69914871
0x383a263d1b827b2e7e6bd72c613e378cc12b5bc3,69915271
0xbe1a86b9e10cac992e71fb4fe7f81266e0d45db6,69915471
0xcd36d43c8b83b4447f20a80b45fad9d482485f1e,69915671
0xf05ef58e234fa5900ab479f2d3139cf8178a39ec,69915871
0x623777cc098c6058a46cf7530f45150ff6a8459d,69915871
0x2bc82d8ea57f1f134b3b95d3bbe3766f9eee91d7,69915871
0xead83c8818e9f3936cc7ee261811bcda4e6a1790,69916071
0xb4b4da9815e7733ef23fe40ecea0d6272be67b4d,69916071
0x394ebb703f216ff763cbee6312ae3916e13c9dc8,69916471
0x642d81fff0fbab206d1e9ffcd6390d7e05647daf,69916671
0xf8ce668b017521320a05d5204cc30ca2d9913f3d,69916671
0x40552926b6f66269bc00c0bd7a1081ae44fa99a4,69916871
0x2f376f1b991d7d8d3b6251795d30e07b02b48850,69917071
0x46d84a9b8bc40a9590a108bf3173f7bf2caf4611,69917271
0x64944b48b15fe8bd79432dfcfc321f3707b7c464,69917471
0xeef26f2b8385ae15ced84096124fcc1ee15f9bfe,69918071
0x11c04a36f67e3568807b7f093b318bdd16eefb30,69918871
0xb111986be55ea22cf113dcaba174a9c0d58fee7e,69919271
0xa577fa31d5d3656bcf8fe8641b8b9cdf5eee9039,69919471
0x4111f611a421650fd10cce160a52297a707afd7c,69919671
0x46051b4ef9cd261a06e1d05dff8282855a10f225,69920071
0x41d29961db1f49d5619227ddd11843124c90bebe,69920271
0x2ded9e76e79e3fd32b6649f85c39271a7849b63a,69920671
0x287d1a460c1615e3a72b28057b623b490533399c,69920871
0x66588d5e05d89c7d91113bc2496d980764da2dc8,69921271
0xf5f7a3a9c032716179b11350ba208aeccff414a6,69921471
0x9e5aa814c4a98acfafea3bdc3e812332c2762890,69921671
0x2220d4233bc70150cd1c589a08f5e6e7f9030c89,69921871
0x08e9563ea297d2584f4ce9027ae18b6d76b918f0,69922071
0x7ec42812b488712303bd93e618313467c8b1a29d,69922271
0x464de5c25819818cee5e4f7c9a8d90a0e2e113aa,69922471
0x4faf9cc669543e6aa2f00ac7189c6328dfa1139b,69922671
0x64746450e51bcde1279299d396e4140aafea3526,69923071
0x2405222cb85b63d1985620953fb362c7fa27d4e5,69923271
0x05fe4625f5b2d8b0985b9ab7946feee8e6a018e7,69923471
0xabd3bdbfdbf6837746e03268168aa57d627536b0,69923671
0x86f7f15a3108e27fabf5bd4e7d749b303a57fbbb,69923871
0xdaee41e335322c85ff2c5a6745c98e1351806e98,69924271
0x459f27b4e0a867a063090f9cbd64b6fca5d12516,69924271
0x9a78755b62d078a2b5cb7c84eea4988b963b813b,69924871
0x71baa7cf13fc37994b517b0033e7c2580286a344,69925071
0xa7d6ba360d3e6a8d97d0612b1cef576f4817530d,69925271
0x27920e38e7b7684aa829677f967f697ea6c76ff5,69925471
0x57b3cf7b73c8eedb189453435e80bad17eb37377,69925671
0xb4faf97d67d17c4253b14d3128e807a24baee25d,69926671
0x73a2715c06295c703a188a4d3a895e1b8614d80e,69926871
0x428456d5e303e4b70be05e02c70d6ac6f64f0c5f,69927271
0xc287a270c720523845f93baf7f4751eace46f918,69928471
0xc611893a20f68c80fb3c588e20fdc0b541941959,69929071
0xa0806da7835a4e63db2ce44a2b622ef8b73b5db5,69930071
0x303edcd8dbe1607fe512d45cc15d3e41fa4db44b,69930071
0x749c9560131971ed5fa224264dbab7d8327d6165,69931271
0x776eb75c1c43778bc3c2d55ae11638a3843642dc,69931471
0x5279d0d1f77b2104bdb7ed034a6a229ef54f9105,69931671
0xe8507c3146d62243c9460def9a967c0cbc99fcd7,69931871
0xfd30e6849638c895cd34b7af5215ebc40c5ae531,69931871
0xac089c0cccbac6211efc99fa609d82bf4809e641,69931871
0xc67d415daedd2d08c037efd980048f5039b4dbc9,69932671
0x30e4509678b1b3798954e1aecb1883886fcbf8de,69932671
0xa411e1067e8269f9f445a92abb84954b251beb70,69932871
0x8508717f0d666e42784bad74922b17933d6cc147,69932871
0x9e7834f66f695b57bcf146cfd5b01d128d25d26f,69933471
0x0a0ea252ec4ff694d43433e75db8bbd0f0b1face,69933671
0xee5a018e3927c2bf9952844692841827ab4bdf7b,69933871
0xe8b08be34011ca6aa517baa8022753ac3083f234,69934071
0x8815e3255b215144e00b6c52b3df6335be65fa24,69934271
0x86f2f94ebc3c2fc649ce3dd2681dbdc9f891c359,69934871
0xf28b709d3d3354f38aa65ba8d0254687ddd30c78,69935071
0xc7d800d912b13bbc751b8319a805500faf8d91be,69935271
0x14aef114e5f677e3c9d301b30a496a37d95d4ecb,69935471
0xbd36f7c16e94ef969e2575e26dd13324187ffdab,69935471
0x4633b859705f222fad5899ed30b998c136dcba57,69935671
0x943ac2310d9bc703d6ab5e5e76876e212100f894,69936071
0x00735ecf52ced2bf121f393586961156122958b6,69936071
0xb3b7d489e2c7ea1348f415396d9955c32eef6cba,69936271
0x902ab3e7e2248ae9628d54fa63d2d574a265353b,69937271
0x18688ab00a92e46f2f2e52c95d727a46cddd5b35,69937271
0x9b5def958d0f3b6955cbea4d5b7809b2fb26b059,69937471
0x48f878339209e6eb68912413f8078e494e3ca44a,69937471
0xbe3752768e16f5b77b7dff3ff52aad8a8470ce87,69937671
0xa04a3046844bf5e054d2718ec8ddbc53e1d1d5fa,69938671
0x2cb51ab511a1d2cbc697afdc7e79b487e67c275c,69939071
0xf5332cf17a6d5b92c8b024c620a89f97940ebac7,69939271
0x06688db3aabb3b3924bccd5e027089c52f3f5072,69939671
0x049fb0aac64d7f962f2cd896011f59d34f947968,69940071
0x919080930b8457d981b8bdd1420b18b72337650b,69940471
0xb5bd52398a18f53dcb8d2a578b245756e9114f87,69940871
0xfa5b80d0e656d48bfa9c5dc1d2f9d5f9d43a331f,69940871
0x267228f4d64c39531884bb0f4fb7d25d98039f4c,69941671
0x8cf50432887e19682f296de8f7f94f7e81223a34,69941671
0x1e8f1099a3fe6d2c1a960528394f4feb8f8a288d,69941871
0xe1126a7d96a1c3c7b07ba071438d7c05001b4c52,69941871
0xde483ae08f88eda5d1525efd0f7324e8963802db,69942671
0xad99a393ce601c61d1f0e31186b2202a75648808,69943071
0xf7f578b8b69dfb60bfd65cf10df65253de2baf73,69943471
0x1dac79247e757739adf9ebc845a74c64a496d21f,69943471
0xbebeabe990671d4a42fd3a2b875e9dd4b244fc87,69943671
0x128c6c0c13ff1956504a4d32febbb5ad9083433f,69943671
0xf2bc86f900e2cb373770b69c81736e932520f015,69943871
0xd550c93f5ae4abcaa72f679242972e67544791a1,69944071
0x02fbdae2cffd4dba0dfd394ba98ec76821133ff5,69944671
0x12384a6b626e2b05aaa462d339186bc9911010b1,69945471
0xed3cf575c080b168099d29d833a5b83e5901631a,69945671
0x115918ec2583b2c10de4fe3fab70064867e0cf9b,69946471
0x063c99be190d3abe638161c42e1f78678012600e,69946671
0x87726d4537afb91a02e65406845a7553d15d928f,69946671
0x611249b8b6b027d743832eede77dfe0fd67bc8e7,69947071
0xef168264499a4cb8196a65304a7c7f60c2132a77,69947671
0x8d1aade42646b715470b20485e7abe43ee35c1b9,69948071
0xc475e832d9f7f06fe53cb8c9300f69b7fbb13e21,69948271
0x6ddc3eaf80d67abaf17d72ccff71e06f958cbf67,69948471
0xd6cbe50054c9a9e3eed385dd2ba094f7e8018f34,69948671
0xbe9b127a3ecb386fc82ece75896507f51b04f617,69948671
0x00ac9eec7fcbfb335ff678e4137e2e3383989204,69949071
0x3d089224f6223eadc914e11e1b75c1e82b64d20c,69949471
0x92cce68c6f8e94b06943e639743c0d9f5eee60f0,69949671
0x2601972b0d6918c5b37f22f5c319397dbad35c97,69949871
0xe601231538f0b3792d76b4641cbe4b5b87365971,69950271
0xe9376e80587bff40386359dc51dc77dc60a297b8,69951071
0x011235f8d857085177d949c5fbec1d3535148a55,69951471
0x74a8b3183e7a61256f9e97467e6e6a178bf06c72,69951671
0xab48f8a490f79a1c87bcbf3b0dd64e0917ecf519,69952071
0x3463f0fa05d8001f965c1c1ed8034e509f663ff1,69953471
0x9530330e59712f9dfb96e2aaf682ad29b1734c3c,69953671
0xc746036cc455a62ca8b7e36f98d5b5de4adc9b30,69953871
0x7fa80d1a75f30ac1fe1c7469707678d02871a4e4,69954071
0x1b671a6b3394e75bebc02a928b11452d1f56f127,69954271
0xadb1dcabfcdd8e60457e4c856214f471cd41b178,69954471
0x0a59cf55cde7d4341131ecb75daddcf1ce6c63ff,69954671
0xe93685f3bba03016f02bd1828badd6195988d950,69954871
0x04830f6decf08dec9ed6c3fcad215245b78a59e1,69954871
0x39b92b032ede395173b51843f6aade23057eca02,69955071
0xade26b85a27a1c7d5c8aa6cc1216874ed1ecb975,69955471
0xcefc3eca9926fc31387da659a0ebb21e75fe33eb,69956071
0x58975f3bb62117f97efef90b116aa08a58cb2820,69956271
0x001cafc3a7217d371bd75bdef59615bee08a47e4,69956271
0x8432692b45d13d1ffcd0bffc66c26bb08f09cbf0,69956471
0x26881c5c9c144f9aecf5d51af5731a781db67483,69956671
0x44a8a5e1fcca1bcec219d806570fe04611b2ce06,69957271
0x632261bcfbeca6cffc3bef05480102ccead577b3,69957471
0x702e1f5a5eda1ad3a8b5b1c5cdcf071c34418844,69958271
0xf9aaa1cb9ae28329d56f703a1cffbdaab50ba59a,69958471
0xe4eb310389c6d68483bc3373f455a452ad193c75,69958471
0x9cb227626dde3db3aaa02951526d8102dc7e7a3b,69958671
0x0f256ef0a7303ef69287dd2105d9ad5ee74252b4,69961271
0x016e7ee08132ba6ec71f8e35f8ef20bec85cdaaa,69961471
0xc8804c3b7410ab6a1b885fcdbd07b7a072cd5c4b,69961671
0x59af504d35146abd20204215aee400c18b9169b2,69961671
0xcf74359129976f89b47e2482929de97d749087bf,69962071
0x000000104551469868bb70b231d6cfff35e43826,69962071
0x253faba1b6b6e7dd17b432a58df89b8de5acf6b4,69962271
0x88b8399dea3eff964c2b6c2495be71c416b01fbc,69962271
0x530dad2b990f7719f6eb238c83203b866cdea0b8,69962471
0xe113772d2635b58e6b2238bc9d3081e7ef4722a1,69962871
0x4ee5d28066d482be30b495320a29c68e3e3fd4f2,69962871
0x2fdf3c69bdf7b49f2e5a62a3f119f51d3377e43d,69963071
0x4d05fa3d38d36e9bdfa4d4e6f36d1265762fdaaf,69963271
0x91fcec3821462945ba36f162c8c7fd89c95f5760,69963271
0xd0766fe446ed90e6aba458038ff7f886c703099d,69963471
0xcef3303c3a7153aa6087e840db7b064334e29a40,69963471
0xfe3b30df845b7197abd45a0fd9f7f0319087120d,69963671
0x931fae889fa5d293b8eb3dd18650eb73050e3d70,69963671
0x2c9c54f1cb8bb3bf3401e1ebffc3153ec01f6e3b,69963871
0x4f611cfac1f1b4f290c8afec3693cbb6e803875f,69964671
0xf824dca44691bc2af8829051f4c5e6a2566060f3,69964871
0x6b73809a18879d6d0ef400d6d7cfe98ab0fcabbc,69965071
0x440de8b4e2ae9c63cb1c22c9edd32db11de86113,69965271
0xc8aa941d5e971943ad5105f6345b174240f6e4b3,69965671
0xc919c030bdfc8d886118b9a7d098e66ce91785f9,69966271
0x74611bd2b9d98ca222b90f727defad615650f2ce,69966871
0x4f15818dc2ae5fa84d519d88cb2caae9cd18ee6d,69967071
0xfe7e78ad80415d234b3e2e0ddb699a980a4fed75,69967671
0x28bd2dd304c1596599a51e8c131a0890388a40f9,69967871
0x73e76ab69b6653e532443f7e5f37a5a304a95b77,69967871
0x7f9fd25d00f7f85bebd5aca7d7972e87319ce453,69968271
0xcc8b4a997f9df4edf43036aa0035d97df444aa79,69968471
0xdc71fc121399c7e9c2d51498ef455abe4a19be06,69968671
0xb3640962d0376d240b3c64b24c3581e524a1fe6e,69968871
0x0801412bb01af518c3245fba35d44563923583bd,69969471
0xde630154a5a0447b0842c8881be9de2294d516d8,69969671
0x99390e13f9f16cda229980f67bd6e4b2cfd386d4,69969671
0x02009d41afcb1061e0b6b4f8e045578c8303334e,69969871
0xdd1b473d51a6242b8d46f054f24046bf1241a761,69970271
0xc39c8366ba36cafa238e921cfe93bd80eb735766,69970471
0x1dd7c2c0eb618c9416c55d4dc9bb11679c9f6859,69970471
0x07e8acb4466849e4c3935ef94068d0d1433a0cc2,69970671
0xc75fc95df591fca35e60df2a8849334852424b3c,69970871
0xdc12ea5ee764ae580775d2dc7be061461d6d306e,69971271
0x7be108daa512200377271ba1ef83eb2bdf7550fa,69971271
0x929cd0b5b03df44200a2f77291b886ae40cb9c63,69972471
0xd70c70ad87aa8d45b8d59600342fb3aee76e3c68,69972671
0xdf6483595d3df6195601790c9d82d88c76b96ad4,69972871
0x546b34f8d8191085b7cacde4dbf1d646307c6259,69973071
0xb03639f1291590ee620c49b6304da166bc38815b,69973271
0x043951150857e82d8f59bcabf1cf4ef99fb9ae03,69973471
0x60a1a4b89d1d960f3b54e44cb0d80d844b8ff4a0,69973671
0x56ac96fbef426ebeb78eb0259e191f8bcb4344d2,69974671
0x5fe5256a5dd4e30ad3106f97ac101b1d3b4c1317,69975271
0x31d9efdafe3d69ea956266506161f4aa78ef863f,69975471
0x82461ba879da05f789388f0c3c0b27f3ae426fca,69976471
0xec5e42ca0a42aca0d46ac5a7c7b4eff66da7f94a,69976871
0x8a010a89dad02bc43ebc0052e9ea8fd11b166daa,69977471
0x9b9cd5370903a02158dd360edd06a68c40e4fbad,69977871
0x50f658ce15e51d56155ee8b0a832ed97b22e82c0,69977871
0x500d29bbbbadd3715a8c4385a77b9eba1bad2753,69977871
0x1104dfdeade7b2ee858645f1bb796ae09a057c92,69978471
0xe120c67a7662f55200405c8f840ef476bfc2cb9f,69978671
0x555ac7aaf62ac286620727e4c90bf4a6c193313b,69978871
0xfc9161b99a3b0691477e12737163d007600ac262,69980271
0xb1c5521c10056a939556cd3a3d21b3832829ba13,69980271
0xb8b21fd68edb07699a4a21cc2a7d850f501cc410,69980471
0xf5c6e5232358892b93490d8965823399ec79adc8,69980471
0x06bc9e2a0df2039001a9d7bdc60aaa4b7543b897,69980871
0xae0417b882d2ee5b9b379fd2a335d7eb85ca6613,69981471
0x8bd8ba5a834415e7f60a3efcac741cfae20578d4,69981471
0xcf98d22c7946bea2fdb661a02f7d11ed5427eba9,69981671
0x70285d2addb7a0bc90e9c5ea7e7f7c571dbfd3f2,69981671
0x7f4cda08c04f8b68942fc60ec639702f1941213f,69981871
0x0649ea94664d4168ea4ab5f54c76d23672653bfc,69982071
0xc08d5454ba46c931ac2a2e69a644deb551e57988,69982671
0xc0c203a76824f00445178f9389927f8b2a6664f6,69982871
0x9bd2b068a01d5d960004e17401557bd3a75f0085,69983271
0xaa5f7c43152a8bb2e406d3219eb9dfdf4d1d51d2,69983471
0x4329dcc056ce753075936c89a89119ea46993798,69983871
0x2cde10eed7b62a5ddecde7336f89affdf182e9ab,69984071
0xd0998a889d1ef1a561d53fd756cd596819a26c69,69984271
0x0a53f66a3ffeee7f89cfbb45f30196bccdcd2805,69985071
0x8960dbedba8e6749f579ed5706b393960b74baa0,69985271
0x5cc5637abddf96e3011147a8920470ed3cacd2d8,69985471
0xbffbc34ac01602c7806e16441b7be7422769720f,69985871
0xb418478192e276a41b181e56459cd3ace1c274f1,69986071
0x79d003145467460d0330b97ffc52cc38f4c80894,69986271
0x5a3f58570c0ed41dfd66b2a652e887f0f9ef2d79,69986471
0x1b9e6647464d0a39f5d192e13f0ac42a45d60702,69986871
0xfdde59e6fab4d0a2173bc4ba041503bee5510a75,69987071
0xfe1948958ec03e18bdb6348e909282030a874c43,69987271
0x1503b916186e30706d5b3b4fb96011181d5e686e,69987471
0x5aeb3585eab6522edf84af1a772248ff7a17977a,69987471
0xd3c71efd18903e0b45ad9a41da236109dfc0ed09,69987671
0x33a326890f332fba796658782fbc8495a14e975b,69987871
0xaff8dff782bd3390d3f480e51385c7d669e9ceed,69988071
0xfc95dd2fee47dc71b78e739c20a9dc7d0d33d2bc,69988071
0x482c66aa64ee2eac69d62252703e4f3e8722e47c,69988671
0xe44952a1d0d088ae41ea1156c45a9694109724be,69988871
0x6b45b9e1e45d8828e13663f5cc1fde81f4c420da,69988871
0xc8e96daf753d3b89e213445fa5ae0f27927df9be,69989271
0x2dbb9e1ce9b96c17979e7a7d4024414a43f9dec2,69989471
0xe05dbdcbf0e29ab5f5b83d94f98b1eaf4387630a,69989871
0x6920322e30e8ab3684bf018b379e455e46a7557b,69990871
0x86e2bf8ca36000850c12e875e562a6559328b919,69991271
0x6bf1cb3fdcc9043324c782434dfb0392014e3915,69991471
0xc5d8bc84b82009fd0eb1813cd6a04d2704249f0e,69991671
0xdb2815f137e24ccebcceb6485891982fa011f0e4,69991871
0x3eb94726e178d4b5f71b0b415a2d828e9c48632c,69992071
0xb26081fc8eabc5eb01b2c41398ab6fa6556d7006,69992871
0xb95d392f294543fc5028db6adc68da73457998bd,69993071
0x0dc6bacabb341ae63f3301c86e49f09d80767f61,69993071
0x7d6b3b1c03dd9531d123c307185dbd08b3013d1f,69993271
0xe4c82643a4f9fd288322cc6fbd7c48ab068b38d3,69993271
0x83db77a8cdf334a40196b0c60eda7614ba038920,69993871
0x124701619f40c2839745ca0e2b0e0bb2adb3d1f6,69994271
0x98664eeccea8b1689c7193bb55a9d2dc41119229,69994471
0xaeabdd8a583cf92a5116135d1529215cb7baaff3,69994671
0xf5c3bac18394b663ce4aaa457f09dc4612a0fc98,69994871
0x6722d5444b71266843bb459b35b6aaefac8e6860,69994871
0x56489cbb1282178052b1cd7a637217d64cf2af1e,69995271
0x028f2642d27237b0433a1a5741fc54904710bf4a,69996071
0xcd41c1b330c487b35ce7c784a3c715d4ab2e8347,69996271
0x8f215fdaa3103b6cb6d2460d71e561166c3224cd,69996871
0xef201082874b532cf9c194dd3a5e488de15f6332,69997071
0xbcad0bc73b6a645080418776dd7b000b33ad046e,69997271
0xc6b2fff5c65ce176b6ea6b548cf7abef7c296f35,69997471
0xf1bb01716fbecbd564e579cc3723641c35c88491,69997871
0xf806b0f720780f8c6ec3f3d8fa1e2a002b456351,69998071
0xe7eb3f74b7eb307db92d9007b2658bd4343ec673,69998471
0xdf2affc430477c4757c114b0b0d110563c77e2b1,69998871
0xd6cb9e304ce70f4ed6d43c2532ea53f9739a79ad,69999071
0xeb2762d5c37977346301a199182b2ccb16fbd123,69999271
0x6a5ac4e87f2cfb91938655a58b0575d0afaf7e48,69999671
0xa5a02673b2577a3cca722098af73471dc92f5591,69999871
0x43d53e23c8e71f2674d36c6f1f24e583fba58cc8,70000271
0x8ccd430b219b973a93d9b4b933968f1bbd393180,70000471
0xf0928914eb660d8baa3f11afc31ab4b95cdf3ce2,70001071
0x2ee3fb0b4b3dc54379fecf54422526b8f544ab85,70001271
0x2595804367658b0e06c2c3a4a70ce4ec603dba65,70002071
0x3aec585dbb870923b2d754dac6ef0979b8e6edb9,70002471
0x16718787551cdff5a4662748793cd6c923c5f3aa,70002871
0x2d5ecbb26accb0fe671b0d1975e4dcda998c0f72,70003471
0xe520dd0477452fe92d90492aad6e720face7cd06,70003671
0x29b16a61895607bfd0927219f5fa92e4db605917,70003671
0x0a6997bc17d4a28c41ce3366bccc488f134b46d4,70003871
0x387706851477dbf749c3416216b3b0ae27332dce,70004071
0xea5f8f4b58c548890d96fe869761138d385858b3,70006871
0x3dc9cc89708427bd56b1d1b93cd47a1cf4da6587,70007471
0xc376ecff7b4b82c8b0a53a3043a0bc0b94c61ac3,70008271
0xe13f5e3295edb0bc787df23b45a74830bdca0a78,70008471
0xc1a4f768eff4080443c6ef27d8e11abd53fafab9,70009471
0x50c7d4ba1e38c8b443dae0aac102eacbc8eaca1d,70010071
0xcaa39dbe7e937f262e607e82e5f7e5ff39290249,70010271
0x84304f237d03e919654f14a87ebf1a5a6e058405,70010271
0xf03f4bf48b108360baf1597fb8053ebe0f5245da,70010471
0x61bf3334fb3a64d1da537eda1aa535fa50503f0a,70010471
0x03c542781980d40a61949db45557e8334fda1c62,70010671
0x0eb29d3577dbe0e5c8ec9e73468ee5014bf7fa43,70010671
0xb36c38f8017c33ab735c259cd34cd22aed7c3b77,70010871
0x54a027afe3bee14a1942b5b83045ea4e45ce26a2,70010871
0x78c16fae1c1db13aec2156271a3ed72e00e6e037,70011071
0x85fa5f639b0b20d8e9ea2cd8cfc086a973eea4ea,70011071
0x47d9d3968bfeb852c5d283e6e83ef825afceeddf,70011271
0x3f6320bbccc03dd40e2cecf1b3e11ab2be531910,70011471
0x8c51f3f86c14ca730c877c89a93336ec8e9f8049,70011471
0xf37c46e8be6938c35303420840ab36fdee7a48e8,70011671
0x990158b44baff015641d4adb9db7a8c6337ca10d,70011871
0xfde354c1480d4ce77efebe6893210e940b810415,70012071
0x4915696afe68eaf84259123a42fb2fb938acfee4,70012471
0x6c3b1ef653164f54630d7ab6e88b42972c04a8a6,70013071
0x61a518a282bb6eb83ab5a46a235ba1f0bd59e860,70013071
0x368923acaf03b9eca817a9ba7103ace118450d03,70013271
0x74a312bed65b8cc88f3cddc44ad6dc4c6e92042a,70013271
0x9ecbab993c7d139503d639047114efc6e4669c68,70013471
0x97a2d3c6a567e872907840416608cfc4fd01c534,70013871
0xc4d1af2eb2474974e213a3a645cd98802966b4ed,70013871
0x00d5f2322d78adf0d041b3f215d2b23f1b79d408,70014071
0x006f08f196759121bfb623ca22e037863639af86,70014071
0x35ad7db6f0e614b5f82887701d7b0beeda46285b,70014471
0x182484da573fee71f5ed1c90a4bed46447d4d712,70014871
0x0eb654b599327bcb0478418d4668638208987f02,70014871
0x8707dc2db7eff0b2f3c3d83cd79f1da644d43beb,70015071
0x9dd02872b4d11480b38eddad3e82bebdd212e77f,70015271
0x62861e1f6f381a990f7270ce2adbce6372a6320c,70015271
0x5aeb3f9d774d90451eba80155b4c8ddca0e86780,70015471
0xc0c16ec653cfa1c0f96176fddcd59dfc399cfcec,70015671
0xe477bd5a3a2b2c5544eb99e3fbd2bfd075324712,70015671
0xfc4a0faef5276704320d9c12a8b780e080550abe,70015871
0x4fb8791a9c1ac61a10c1962e8a80105146c55df5,70016071
0xb9925cce1da331418900c2ca344444c89c2c67d3,70016071
0x782e9486932d5f184226503851239c7de890bc4c,70016471
0x2c4e5cd67198f27d4551f933d5977fde6a30c09f,70016871
0x645614279fa7ea4d48c38b1de0dd980b8c315047,70016871
0x37ecc239addd100e6c38d78d8133bbe38328f2e6,70017071
0xbac80d8e59a959428cf82d6899c111a140cb6a5b,70017471
0x2382659d7b0d968e5d0335a7845aeaf6be08e325,70017871
0xef449c3c09dece254911dd86df800c2c53d10c46,70017871
0x45d618f495319757aabce26aa3eec3d1ff1e34e3,70018071
0x02cc04e1ecf664943c5d115495a9bcbf0f2db73a,70018071
0x2a791d1356b4bf3489888ec3c9150cc52e33f151,70018871
0x1c4fef7b949c00c9d484ab4b98ca3239b88f6dfb,70019071
0xe2f62dfef10ac98830c9cd29ee240b18aeeb803c,70019271
0x45856bd6bb9f076f4c558a4d5932c6c8d832b0d0,70019271
0x192b3c16237277965eed4415462154ae3beede04,70019871
0x7b65ff0eaee63db94dd218635db5533530be858b,70020871
0x0b7c75a9689a84854256c7d5db7c87feb1bbbb8b,70021071
0x31042d9a93057e7cae449bd52a1d131d74f22bfc,70021671
0xa6f40120d4f85a37ad0369623e4e58539a782da8,70021871
0x20214a1a9c410fd052e3f7103c877af4b35944b8,70022071
0x741c30559dd52e0226fc91016780e1bfbb84f164,70022671
0x3c776415a508b1ee2c44e09d5b16cf1a156f1556,70022871
0x12c4bc70f241a9c82034b1eb994fbdf8d8faf481,70023071
0x04bd143081d5490fca1ffa11e9e89fdfd688749a,70023071
0x4a0d3ae001a385e7fd76bddf522616c5328a816c,70023071
0x83febeee6a14d68e41162704007629fe838c0a3e,70023071
0x944e3661da24cb81a6cd6f9ac4bd821864cd2033,70023471
0x5f7f3e256ab61566db3a8047b4405a52aa3517b2,70024071
0x6ad53e90adf89e9d1760e3491f4bda0111cecd99,70024271
0xa16265f257bc4955e3fd796254201c8204a53022,70024271
0xa8baa480c53ee08e0b914efe535d52ff608700eb,70024471
0xb31a167bfa149809867dd62a66fa1aeee75ecc61,70024871
0x9464dcb073cec1e75ba4206c669ceae671af9652,70025071
0x2ffd7a919d85b40d52e22cfc728cbceac28bc02e,70025471
0x91c28970ceffcd112b403ddbd2fc5f2fce9067ef,70025871
0xa0d8ac52fafcf9847071ef61fbf9b7eb3d98ed4a,70025871
0x8ead9c5b06613b76e3d412c9563aa970c5d05088,70026071
0xb0b0d2aa021dc8c796d43494cae7d8f59b974e76,70026271
0x72a092713d262e3f3fa44bd8c1c82251625f11dd,70026471
0x5667043e7c2309d1dc19d1f9355b5c472b3bb976,70026671
0x888c11709eefb5205eafefcdd3b6671b7cf4b0f3,70027471
0xf3ede6954e32ae86674e7e9bfe7ee3459a06577f,70028471
0x29b3175b924c03b4dc1e835eb0a313e923a7b5b7,70028871
0x7e545d6d34c89465b7aa424b2d9d3e4af40ec119,70029271
0x40880596726d4bc774340803a78163d62278aee0,70029471
0xcbb7e31edd9569f96b8abc688516c9379e166b05,70029671
0x998c9144ac6fbe101e683c753cc769bfc362f8bb,70029871
0x9808e80c9b007d197d0ccd8407278e1a45ac4bfa,70029871
0x50701da2bb196a66bb183d2f88e52fc614a8d8b6,70030071
0x50658b9e043361f8690a90b5195d39effe1634ab,70030071
0xa12bcb24473de0c39320f64231784fea6bbeff6d,70030271
0xa0d833b66901bc2cb5a38d8ac78c392159449095,70030271
0xe2bb72f311ab896355f978543866474bd162890f,70030471
0xe3a0b00804f57ece3590801066a85b5ced6c4d1e,70030471
0xe2e5fadf1ed7bb6c5d9f7a8c24ac661b2602f5d5,70030471
0x130e0a671bb80db02399d802b96add7e10390200,70030671
0x12a4e5bc2af1850ae29627718dfaf5200fd6a63d,70030671
0x12a30d38c63d9d8990e1cd13583a480c4735b7e1,70030671
0x12970169552d84a1147727cc216769f58d2f8f1a,70030671
0x130eef2fce6ea25860b4e66837e32e6464d9396e,70030671
0x2cb1223cc9eac01a42e205c4de68c8515656ca18,70030871
0xa2ad58f55e8a29fce33aaaf4c515a5f256b2db80,70031071
0x61dd6a5f58ff50a76825228e601c73c02a6d7120,70031271
0x61d34d74c8c7c2781a82e7ae12d5dde3f7559f0a,70031271
0x6126b51904bee5f68c4ebff5b7373dabf6a403de,70031271
0xb4239b5919c5027b835b37a2696287f929cc4f70,70031471
0xe10170dc5a4d20f13c747afb9c496e635bf4a182,70031671
0x2f0fbf9bc529a25ce11b53a838985d7b1573fce7,70031871
0x4aaef276c35adf175217c3f0d639b3fefa5d9937,70032071
0x081c172b3ab481b4a4370255cda51723235902e4,70032271
0x7b0a2aacb4688626bc5aad9dc3e0e370187749f3,70032471
0x79aad07463efc660bdc805fe92bd697c34cca0d1,70032471
0x7bd07ebc451c0f04d4f0e020e0be15a2dcce8b58,70032471
0xee015a106d23d8c117b1bd64c57268ee78e5dcd4,70032671
0xec1591adb74ebea6d7a30b0c9efc5e554a1f0b90,70032671
0x27a3c37a06500660148a434b0115a3bff964c229,70032871
0xa4c8db2db85060776f390c79da6d4d34302e8176,70033071
0xf61d382a2d5439c57f393b95447392bad49ede5a,70033271
0x62adc0a3347dd3b5a5bb89df7f13461da51b490b,70033471
0x5f621f0a237daeabbad1bb742b4539d055f089a0,70033471
0x585479694aa128aeb77cb4ed7876095245a78630,70033671
0x7c13a440367f1363cb5dfa6cb4a1dbd46c0b1090,70033871
0xe924a9cc57bc75adecbaa5e8a3da361f2f02de4a,70034071
0xe9892960b2a70415d85e8586ac6d587b5c8c374c,70034071
0xe973f415ab43407610098caa2101aea0ecd32639,70034071
0xaa806d282320cad6ac4e84c21c6662c888e85d8f,70034271
0x55f1b013297d345eb3ce31246efac00f48122250,70034271
0x1fe74922ed3693a9b42d8ea2ab9d9dcba1581658,70034471
0x21dab2cfc8911d25baa0d66b68386d300be4e790,70034471
0x20fc785fd8a74244a788b4b4afbda60b6d55238d,70034471
0x5fdfdd9d5b186b5da2ca001d5c5ac084f36b45d9,70034671
0x625df12dbad2602387b80efc25183712f052b71c,70034671
0x6287412ca6c8d8bbfa011024647b9ad282c0b7f7,70034671
0x09d5a3585e31dfa9710b4435765aa855e9c5117f,70034871
0x092fc55f034b16fb609845b5415258673fb2bf68,70034871
0x095ba24648a4df9191b84ee2eea950b095343937,70034871
0x0a3f70e53d55a8fe417e4447a18b697091ccdf9f,70034871
0xf9a2b15bef13297fcebc8f6a76ce9912060b9b09,70035071
0xf8c741f2f9214c3e2c8e289ca85a1083caf96c31,70035071
0xd8f37989c34ec4dd07fa071c125be72df2ce6299,70035271
0xfe7fd587ca069f2204e96d78fee7fe166fb6cc46,70035471
0xfe264bb31d394d2236f9c9c614fee1cafd26d120,70035471
0xd2984ca848254b3987ce58d746a79a77b3d77207,70035671
0x29df6dbafe1944a546cfba9e691bb0207c9ebd18,70035871
0x6d841e973f2164f75221bf5335eafd133a6a2c64,70036071
0xb9853c892edcf0ad3030a991f9b47940b9ae86ae,70036271
0x25f35053f61a420ca543a5a691b67d14c37da691,70036471
0x7296738a0eac0c4e2408de63fc5ceb942fbe8c75,70036671
0x2ce07582c13eadd0542d445543586a24ec0f1834,70036871
0x2cdcc39e15f3ea7467d8bdc0e0a6ef644e051ddc,70036871
0x2cbb02e60141e956e067d9aa053886ab8878eb2f,70036871
0x2c5cd8aaad6400da685c5462f72246582ecb1dd6,70036871
0xba8f557da3bc911d04b1c6330640ce8fe112c240,70037071
0xba58fb027e86f521be6f6a6ffa80a99032e2b2dc,70037071
0x53971aed2075b51b8b593b7c0ed4087a6e47a663,70037271
0xaa7a8d59f4abd48ec8c3bbc6c772fdeb19447b7f,70037471
0xe342427d5b1b699d1c93dcf65d28bb76b31ebd18,70037671
0x4cd56f0c95dbee692482032f76719a163939c5cc,70037671
0xffa8a15189c2f93daa03591849afd2d42e5e8fb4,70037871
0xffbe391f3871140bca5c9abd594035f4ba5a4956,70037871
0x790248c8d815a49565a09b620c1f1e99cbb11cdc,70038071
0x27c88cd0b3e32a0d2375aee8e10981d8d0eac127,70038271
0xebe2676cc5affdd99a2011c93cf857224cdebd2c,70038471
0xebbdc41e5fdd12109d6269f2f267687ad711dd3a,70038471
0xe27b31402180b7636271cd929a7bb7d4f15e20a3,70038671
0xa99650ff49d71bb85f351be9dbec6ec6aa1949ef,70038871
0x4cdce72a2c49960e17eff42e8b518dd87ea44dc8,70039071
0x4d5df112999210f2c1a9bb3fb820cef77ac2e4ab,70039071
0xd2da42e2a9c19e81e3d0b472d23f363ddb750942,70039271
0xb6bee03b89892cfc76499c48091c095f2be89ed0,70039471
0x38d4197db5fa23d2e1bc4b1ea4b5cc7c8b34187b,70039671
0x374241cb1e4a7c444efaf39c0d86a21c823994b4,70039671
0x7ffcd87bda51be6a56a8ca356fd6ef3a729fb9b7,70039871
0x11c6cb27ad0747dca1d5d8b39e3c59767d60a55e,70040071
0xd8fdf136e381d1ffa13859593273712382c57245,70040271
0xd902cca53ae6e06f4c909c5c012a40c91df1d45d,70040271
0x6072af7689b35aee6b8d13c6f8de9017a5dcd605,70040471
0xe5808a0f9e94ac33580cca29b9799b69ec67d140,70040671
0xd0971451cca82991ab65d31600680234a97d1539,70040871
0xfc935f19a2406d66ac9e5e0a06667b4f8a4d508d,70041071
0x53960c5b4f8caad1ee98c5747a4463aeb073e105,70041271
0x539276c6d5f29a6e00b386260c8f53dda6084dea,70041271
0xd73c103aa14244217ece379e9067f41553954778,70041471
0xd16d1563b23c99c717dd0c688d4a5cff3158688d,70041671
0xd21d23952b74768b022d3669eafc36af82113f51,70041671
0x7e9904e0ea8faa4bba232d6a3f93491d831b7d09,70041871
0x7e8129bdb065e48ce6cf5c01fb2f19c17855f123,70041871
0xd45bc38ebeed5b84396fe94009b54e2d6b202370,70042071
0x7d15f17e4bdba5f96ef928e71c11a678ed6437bc,70042271
0x7c84079a148f7bc5a3d4b99c76978cb8905008c6,70042271
0x2e9ebc203b60e39969713744f6ef17ace1a1a446,70042471
0x2ed2b4c2e348cc77a0ba6c8213e073dd294ed4b7,70042471
0x75d2ceae289a3f5ed9f9e084eca7e76e2de0881a,70042671
0x7ed9d1c1843552043cf4f8a46789e4449f12a132,70042871
0x95972d3612835dfa312a33ed921e3e3a12cae736,70043071
0x959cea44c5cd011ba1873cc388cb68bb0cd5df60,70043071
0x95aa3797c78ddef043aff3bf90e83d93d1875dbd,70043071
0x8fa3ed3628e3d7ddbce7fe737a0383471af7e5f6,70043271
0x8f1a13ef485fb5b8ea23197daed308eeb3967cb5,70043271
0x5c532117f3e547e83a223e8ad3ac781e4fffba57,70043471
0x5c8d2ca47425daebe6ea476ee54aa303a28489c0,70043471
0x0a0e3b018927754fa98114f5d7e809020d043204,70043671
0xbd0e6666026b2e1c86dbebe7614f952e23bbfa70,70043871
0xbc91aba980f81f2187ccd47b5d275ad1e0cebbbe,70043871
0xd44139abdb3996963c25cad01949774571c5d3da,70044071
0xf2c473191ffe5fef2ff9b1117c024c4f3f55e1ff,70044271
0xbbab2412f1e0964e7484f069f54b4e8487f2e6e9,70044471
0xbb8a8eacad151b6472db553ca375eb1e9e66a084,70044471
0xbbc0dbd4412028775f200e738880b39d671be328,70044471
0xcdd08ad1e822a9940b752c2858d89625be7af684,70044671
0xcdf02822f3a4d1d680353285ddda0b0227717d22,70044671
0x9288f5aff774e30e703e6335bb303809b1e99aa9,70044871
0xaab9077a6839b9431bd975042570df317530c7c1,70045071
0x689681d54007bed92e51f3d92f042548e3fac285,70045271
0x99e411927c070a93b9d395ccc843f4acff05684f,70045471
0x246b559d568f493759f8bf08e7e3f127a3942447,70045671
0x57b7b6f56b7975b6a8802f21ab6f02656d7587a5,70045871
0x1201a40e04cdcb3249023be9e0d7c56cfdaeb8ff,70046071
0x1204e4a2a6a5fa247ff83b85ea6f126ec3a48198,70046071
0x0bf352bb08eab4d1c761354d6b25e52cad428139,70046271
0x0bf60483bac867b5df88263ec885bf988b67306b,70046271
0x2ea33f647cd4e5e2d4c123b6a4c0ec008ddf5fbe,70046471
0x406f4533b2f6209812d7ef9c7d69b8c54217c208,70046471
0xbacf93c4fbe5cc0782f97532dbffa5803b46b442,70046671
0x561d9c40c8ca0800e85e6084cabd5c9d32702f19,70046671
0xbe6ad846b3b8ed3b6b12580445a65e6423eb1fec,70046871
0xcdd00688f6b6130cc88536b731990dd457462ba1,70047071
0xcdd1a019d81d3e6d0c3574da5278374c83003d3c,70047071
0xa5c02d722abf8c788b1255b8cda5c04c579edf95,70047271
0xa5aedb8576a1db5f1375c125eef1b35dc29ebe7c,70047271
0x77691ed533df8c57b5a5854ac82c3612fe4ddb3d,70047471
0x637fdcb4ab33b1c92fe2d16179e7ab12e9b50e59,70047671
0x630013c893aefae7be9f7afa7d35d3808fac299a,70047671
0x636ccea2cb91073df99208809de9c81391f6e77b,70047671
0x62fa27426376e76f35cd444891fbaad40b9fb101,70047671
0x7983d0383542cf157edc484ed12d36ed2fb7f16a,70047871
0x79142ba4aad11e9936bbfafc46e48f4bf2976da3,70047871
0x339f1d9aa46172f908674432b6fe5da567d6178f,70048071
0x339dd7148375f20f7cc0329d2f4762db147667da,70048071
0x11539fab9264755adcb041126845ecf00bf993ce,70048271
0xda1c7f2a603d09ccb23f8ab2ca4137f399b459d8,70048471
0xcd3ac79e4fb3d7a2b76408311697520213a692b9,70048671
0xcd6f55e6980d169a0c48f6ce09ac1c217bf8a19d,70048671
0xcd6ae7524c3569d3389024b4e405c7b8c6b9c5c0,70048671
0xcd9c2c7d231b2fe09bef45e1c3bbb7f3afc417a0,70048671
0xdad6d1d8532324171fea4875d29556a5d447b234,70048871
0xc54c84cd3eb9286db6046383638c658d0e4db74a,70049071
0xcd2695b5b935b162c18084583f0475699e8dbfa3,70049071
0xcc2f8f8ac60377d24d50a21adddc592490b86174,70049071
0x89edfc5319bc90857985011eac71a57889d1cb33,70049271
0x89f9fed2e0979e5d46416a9e1bfc1643777c4bfe,70049271
0x0e0660fe023c1f833a4692b63f7fc167ae1d0ada,70049471
0x0e087247036292c583198c02680a6ac7d3f19d08,70049471
0x47ce0864555316eb91d892d714a87e990875c8ce,70049671
0x3c57fe1f20c8f98fdbc13d59c27cff2b5c41e8bc,70049871
0x3c15dbe6c7e0b2a3861189d7ceae3a2c4d9c7fa3,70049871
0x3c0f529ff8654694589120acc744417a1ec9bd75,70049871
0x41e96b94934d6011271cf1769237bcdfecdf9822,70050071
0x4234d7619cc09538530a7f4aeef63d1e71873198,70050071
0xea357b371cabed375dccbbefca869fe0463e3319,70050271
0x1e51d97bb2645a9cc78722540977ffea954d4886,70050271
0x6e2f1d673471a3a8c18588cb9b2d26e3094ef1f6,70050471
0x61a0dec3fd7586aa788ecd0becf9b324c30f51aa,70050671
0x61932ba0605a4225f3e8e0b6c4e3e2b25847f6b0,70050671
0x6183eff633a5e1b40f458155a142bdee405c0754,70050671
0xab28b83bae45c6e82844cc11bb945a872aa43e72,70050871
0xab42fca2a0814410e1ad578a8ae95ad32ce92a3a,70050871
0x4ea985d3d8922d0ba09aa01cbbd16bea82213ee9,70051071
0xe0372d3dae601d32ca5dce3c3f13059ca5416403,70051271
0xe010274671b341b8a21df99903c2c1f0b46e39bc,70051271
0xf22069b312a262ce66bba6e805d3c09a0c34e2e9,70051471
0xea6d4d242a0e0e5d500156c295327671529f7604,70051671
0xe8308e5894917c6b9c1b2111448f6e61f3a7b914,70051671
0x5a031677087f67b72279dc8494e7238c19f7df3c,70051871
0x1525d642e7fbd942de7c0aa73d5489cd98b701f5,70052071
0x78bf350f0bb505b1837a3204a6776e0331ffa7e3,70052271
0x78f3e93d8406f6585cfb59658c92b04d85b42f1e,70052271
0x78c2d1dad0d10ac34e723fc8ce097e7dd2f752f6,70052271
0x719f7dd518cbe1e93524de4d113507a848e7d231,70052471
0x4ea16ff182224156f57ca7fd5d7d11b3ddf10f3a,70052671
0x4ec5930617cef9c24298a53e54e80771eec909a7,70052671
0xb84d226d2824277712c97ef0714a5f7081f9cd88,70052871
0xb2ce83175d2a31898fb48a51d4afdcd47fcb2d8f,70053071
0x467fc77bbe2cf878bbab81b4de049616312042a1,70053271
0x464e98ccb0731fbea80f5e544e6302644dc15b80,70053271
0xdb67590ac33853b5f797676173d750bd6eb3532e,70053471
0xdb7c6839132b42ebc0c7f7d7617febb189b8304d,70053471
0xdb79d8f918c42d7a3ee4ae307f86b3c84ffefbc3,70053471
0x8adcd9d7c7a2d35a7fab97bcf308a277895df05b,70053671
0xcea8157c2f8e7dded9d65ee1d4409c1da543b4a2,70053871
0x5b7d9e949da550fd748e47b64ede93ecc155cf78,70054071
0xd5dc1f891d916eaf3eb2325da5c0ee727eb7afc2,70054271
0xd5fc1455f6601d6832825a72ac5abc7fd0132151,70054271
0xd568c31341344b7ccd714c664040174964ed2eaf,70054271
0x6eca153fc8de2cb7f32c4d4ae0b5a664d336251c,70054471
0x6e5432a6fbfc1b5d750420850bb8b08421adcf06,70054471
0x0f4ba7463500ae6f86326f141c4268603a474a0e,70054671
0xa3ce27d772485d70398bbf75b2e49e8efd037b8b,70054871
0xa2dbd4381f00a29588e62efa6d0b62278a5d79ce,70054871
0x02848d0e1abd8aba96ec85e0c1d43880b3fc8d43,70055071
0xabfc96334e01231167629d1682bd7c868a27be28,70055271
0x474c4074f775b4f10da38b1489b2dadc44cbfcf2,70055471
0x46fd9f070a42471040f62151022fc4b442885892,70055471
0xfd4c3ea3785bd3dab41dc4ecb717ac3581377743,70055671
0xaf372d04e3f8c488dec038e5ba5fe7d71d94f8cb,70055871
0x9c5d3b3f5ff7673d4012e48064050e3f13788670,70056071
0xacf5a67f2fcfeda3946ccb1ad9d16d2eb65c3c96,70056071
0x6dd4839704058e4e897a7f3db841a8666d9279ad,70056071
0x1abf4f744b7b36a7befe929238eb0600c3d9b32b,70056271
0x1a78442e7dc51fb728b1113399d308485ff89ae5,70056271
0xcd3679cd74dffb15857039b672cfbecb9e1632b8,70056471
0xcd75d5db9cde047a985d13ad2bc944cf4b0fce45,70056471
0x84205357e5c74111facdacba48010a93048a42ba,70056671
0x279ba71e4edd514824eaf78992c0c0ffb7f89742,70056871
0xad4ed91d7f8261348b73948ffa3d8afd16c1269d,70057071
0xad17cea442bf7aa35a2ba35f845a4bf96fd7c336,70057071
0xace84452ebcf11f1b7f7cd54b40e111818007239,70057071
0x316b3c45ddb6c923ab2fd599e826f2e267ec499e,70057271
0xc32068fc1bcd33817128a78570a9f74a566759b5,70057471
0x61aa9deef643986b5a416d9aa35b9c83d0d4531f,70057671
0xe53a2475e4d83e92a76c2fd98f4f95d1ee34bf6c,70057871
0xe56ac33d8c1902a5cadac9e07f4afb8101ce5138,70057871
0xe5c41fd0100054c1998b899f2c58081558ac6b70,70057871
0xe52edc01fe6061c5679ee11ddae78bbf955d1b86,70057871
0x2d0fd61f05398ab85919b8f5777f7235e50bbf83,70058071
0xa8cfcfab5edf88315c606031665e86eb80c396e5,70058271
0xa8f6e41ba56617f7d7ad55d1d5c32189c810c50a,70058271
0x271b8aca6abf76e93f3fa4bd38138ffef65c394c,70058471
0xae771ea5968ee2128658bf5fdf763c171fa0061f,70058671
0xae7629ee688c93b79768d80530910d555cf63468,70058671
0xadf286c20a95a8d3ec9b7e15944a0714cb6ba03f,70058671
0x09c65162b50fe54931d0b4d0432b1937ac8ed0a0,70058871
0xab2629982e4a351eea4d5a039f6ead7868ba477e,70059071
0x9391ce308d6e31409cd42f878fb5295b1c09f68d,70059071
0x5aca43cd1f6130ab63138d98a206f892b5ce6545,70059271
0xfba920fb2c1e028a0e803c25816ba20c977ad383,70059471
0xcd7fec5ea7049820f35b4734f37f47c9964df922,70059671
0xcd3ef70163a9bf95fa97bf05d5076054011910a9,70059671
0x90ca6881670c30ad6a40b8cce4358cbb3dd37117,70059871
0x5c6781ca759b842e8083a7e399fad655019917ec,70060071
0x5c6d741a0e9e42bd94658318fd071467ef386f05,70060071
0x19a5a0181274a600d132494c89ceb02996138e30,70060271
0xd7801277c53d3860e7455229304fab5949ae757f,70060471
0xd7c19f562f5260664def77da72787f666254392c,70060471
0xd7e70b47a07c911acac3d7db0c2f771dd229fca3,70060471
0xd83f6c2488ee0ab2a177e69c01db38dd3f891408,70060471
0x81e9f81c53f4f675bf99c183eb09a19fde6d52cf,70060671
0x1cf7369be85a29be749b332b84c67927a5d9443a,70060871
0xc2f2469f41535eb0c1f70cc9befc0510f562b631,70061071
0x6b6fe7e2bdd04e60bc25216e4d2bb5a5febc47b1,70061271
0x0a39c1004835130b6ab4f3bf8fb338c16e4d83b2,70061471
0x0a8834619f8c42ea5cbcabc86ac6bbdfeffb92e9,70061471
0x0a5542c77d1f154b31d21f85581a4b7e5db01dc4,70061471
0x0a16c04e64cd3bdcdb957e6fecbe56fc59bb2cf1,70061471
0x201cde581b4e78a8aae12f33813c93a3b5e995a9,70061671
0xd66bd54708fd5242512d1ed7513d52b2a5724ce0,70061671
0x01dac42d65a389eb905b4971c07e691010afe526,70061871
0xc4dad620cc091be70cf581fe57db78682139b248,70061871
0x4b8f5b2bd2a45c35bac6e4007b25356bda108829,70062071
0x7d7b7a037e09ee8dffb4c5aa955cd8b36afca97a,70062671
0x7d00e9f40e7794d9a4a088374dde8652c1cc138f,70063071
0xa8b3d8ef68df050650570ba5614f75bbafc606b1,70063271
0x0c18abc3312e896d93451f7c5b4300e3e692f765,70063271
0xd19eb709d0a28ccd7256d8e61a6ab61baa6c7f13,70063471
0xb27c0febf57964abdba0cb23239fb72d9bf9c678,70064071
0xff33269d58adf3827bafebeaa6946b9266d056e4,70064271
0x6e43bf1e994cf1458ff2858d61871aacac200045,70064671
0x73223601eed66a15d9bc87eb23f8b011b65f2e80,70065071
0x89f2c0648ffbdbd4615fdb690fbb9e51abd1a526,70065071
0xdce24fe6e79e771e6622b722a6ab7eec86b02bd8,70065071
0xd5efeedaeadbfaa3c5741010cce8a2cf61df2630,70065271
0x5ffbf1987a04db0b75b1e9cb8c8430d10993c961,70065471
0x9d85c5fa0a42e852b8c5946cbfe9a257ef16288a,70066671
0x06d28b709cae350678c35a42e16ee6c261e1a78f,70066871
0x80b7413ad426a0982df8d400db08b8047505d637,70067271
0x6f0be075d8d5006d2b697175f7e967b21800299d,70068071
0x4407d0958a16c25d939d5c09c14f4ff901b2ef60,70068271
0x39367c98fcfaa77d4da955f2d0cd14df9192d2ed,70068471
0x6cabfee1f36fbdf2570894c86e07cc2233e5c15b,70068671
0x59a9f768d7aa7d3245fe2096290d7beebaa8ac02,70068871
0x700cb9d6cac2660438acfe5457f749334f66c4ae,70069071
0x1d7e454ab11603667c211b065246062c95da81d8,70069271
0x30296f4025bfc38178f152e20e5e12e6756befc9,70070471
0x57b873cf2401378ab39dd6dfd79527fa02217d57,70072071
0x0946c51740f7fcd72f3f2ea2526ee9ebe5c217fb,70072271
0xc7d654e6fb6b5d84b5a88a814f3ea9d28b1b7977,70072471
0xeab804590011d0650fcb6c4da1870c6e9ca062d1,70072671
0xa7dad5ecc789526eaae132cda9bf9067b9243330,70073071
0xf531e91425d6e5c9fbc1b96db07fc564da911c26,70073071
0xfb953ca3225ba0cb297dbf32280a1b9d8eb3e8cb,70073471
0xa4c5ce3f3a4487cf35ac4911727d0cb83b6d8f4f,70073871
0x33399215af1b93fb9872a7c74065d2482a02feef,70074071
0x74c5a860d4ace052ae759debbbf746fde62e6c18,70074271
0x8acd4659b7086077f02dedfb94a096099bcfc317,70074471
0xcac2edcd082628ba3ba31b3b74537792550319e6,70074871
0xf29751c0a2507bdab2e67177f9fa3cd6c73f2cbd,70075471
0x7c271bfc0bed715b67ff1752fda73daab6215fc1,70076071
0xa6984f9fa7a294018b8f0a0e88d07e2f066484b1,70076471
0x39bff8c8e9cc9bd59b88190ac0961d1c944020f1,70076671
0xe6603a4698c4f8ee487e4b4662722140482fbe9f,70077071
0x1f907a0869ad02b0535d75882937585f29e22507,70077271
0xd8b4e6efeb398a3916c1d822637744ea9643e467,70077871
0x3d645e20761203e754fe75495072ee6dd57cadab,70078271
0xce31721e20087bd291c97928d3e7c4d3630e15a9,70078471
0x58672d723085e2b93ff8b66eae4562e06065ff93,70078871
0xc1b6fea5145f588c3a0f5815df43d2b66efc8b54,70079271
0x1d686250bbffa9fe120b591f5992dd7fc0fd99a4,70079471
0x3f69557a41612032f31d5f5abd5d5cd6d17c7b41,70079471
0x3163d05c00dff1c8f4d96eda93c9b2647025ebba,70079671
0x3d73813545c7ee068da84292f78e3ab6b660707f,70080071
0x63a28eace741d04bec8d251370e2243423a0e061,70080471
0x2dacd5a721c9b9ac0bbc9428b4c534ae6740d975,70080871
0xb8df04e45a811736196a320410d366dc305555c3,70081071
0x5ea3f8694a6e0e9972aa9683daf49981492f21d7,70081871
0x1d7441fe55fa4c7d213674dccfdbf3124d70947f,70081871
0x860d78f985ba056e98a811ae3f9e259919bff362,70082471
0x6bda2d503ddc525e54a5aa23dc9e1474392027b4,70083471
0xef19ca3de197b3cbfa124dc4dfaa1af2cad1379c,70084871
0x664e390e672a811c12091db8426cbb7d68d5d8a6,70086471
0xd7e9ffc97f9430ede5dcdbdd19d4283c25212332,70086671
0xd47877674331b6963cfc3226cf85d6a13b097229,70086871
0x4555ddf20dd9091fa7aa7cefa426a14cbbab4876,70087271
0xc3e93e3e2ff21c46ad3dc20e9a0cd40df38b49ca,70087271
0xe1bc9ee3cb1d4ba269fea41388e326ee234cc4bf,70088071
0x14c2a8d3e503d8d9fbc0d506a4aa7c7c54bee7f3,70088871
0x34b43517383591ddf848f73817a4c342ce21265f,70089071
0x9fa4881523809e67d105a5fc0a5c0a968a0505a8,70089471
0x503067245d2286b42c85bd9595727f1f22ee9cb5,70090671
0xb3d47a822e36c5193c0fa21d0bfe02d879d11c36,70090871
0x37e88031c0534479e7e49c8e3d8e5cff26f34cea,70091071
0x445c59735bb084054f1b8d00ea8d5ed619bf7ef1,70091271
0x5c805f2d4d3d0bf9a859bbeac33e5adeeeb02e18,70092071
0xd217dbe5f2783b4ae742445a42bb023d72739527,70093071
0x12600b462e191c87d863f427f094e316d97a4ac1,70093471
0x14ecba0e84367d733ba042bc1283709575ecd79d,70095071
0xb975a8808bba5a64e7a63531cf312f286f964d7d,70095271
0x7078d874ecbc89d8ce6ed999e4c21c2929333889,70095271
0x28af705afd88d3d4ec408a61ad42b54c155c452e,70095471
0x02d652e6d28c51169fd832b0a95a37f91474c07b,70096071
0x2f0ff85827b932f3f5c9a9cb82d65ef734d1674e,70096071
0x1b935043308de7bdc8624df4ee77a0816088a63c,70096271
0x21e04acf36b90f0af512413b338a7e1ba6a00a52,70096471
0xa2b35dc287979ae996ba85afac0a48e87e8f0433,70096671
0xcb512bd8402a5a9d6299ce4592946af64e981e88,70096871
0x98308859640ee3400a158bc502746ad3434cd9f8,70097071
0xb61318916db74e07fa5abe8abe8b59d6da0dfd6e,70097271
0xb4ea8450d3d9f5a9e09adb80c16c257d09a04d64,70097471
0xfc8d2f6d1937cd4ccaad5c26fbb42a3dfc9dac85,70097871
0x451401613e6d48ec1da2f2aef7e6b21248d27798,70098471
0x7edcb053d4598a145ddaf5260cf89a32263a2807,70098471
0xd853ea365863767987a5c0df88ef1aed2feb8e7f,70099271
0xa1170d91f8d7ae9a587c1fbb57868ea01d09987e,70099671
0xaaee90cf7e36b12229a50ba5f3a0ae819ed6fb8b,70101071
0x3369d2cf353be897cf83b9c30dccd8cc2b798dfd,70101671
0x3bf2ffd559b9637e4a267ac0bc055021612b77f7,70102671
0xde167bb9f640a3d6de7b8c16c28920755f5921f2,70103271
0xc59ddc2d744c9e7a00f59712121ad9f561f0e669,70103271
0x078d241dbe88c96d02e69cee7e13be12b3612205,70104871
0xff15883a2eeec9c3b74238230c9f898c4d79ba47,70106671
0x17a91203a9e9c3519c2f76210497ef7f4be2352f,70107271
0x3a7125e2e0f559ac98284f91947d821cb1d28780,70107471
0x1246afc769f887033a391512febb27ec7e5918cd,70107471
0x801c3d19c08bcca00fa6db186fdf2b50a6f354a5,70107671
0x75feba0b7763ec26c2ba72a65ccb8ebb0dceb8c0,70109271
0xa1851273b897e40c4b923920cabc86baf67c01bb,70109471
0x1e0e7dad3a1746bf195b6511035065b60e119ec2,70110471
0x978c047bbc545350a026e5a432d18be9e746a230,70110671
0xd07c30aff30d96bdc9c6044958230eb797ddddbf,70112071
0x03adec4fadeef145a1719777ff83334e0bc1a100,70112071
0x535da15e3675c9888fd1acae848fa66063817f4b,70112271
0xe1f33897a7bb63f05346ba4a1a281e0145d91974,70112471
0xfccaea5fa77d41272ee89b23f056a74026fda950,70113671
0x44624ec30e5b365579204b622850bc3734a2c3a9,70113871
0x56dbcb27ff45ac4c9cc3dc34719151768fe5fa24,70114471
0xf14f4f12ee31ec51678728c7274fc66e8b6b076e,70115071
0x09e12b5ab7705a4a4263d9c0ec3c003702789158,70115271
0x012d79fb0266038912bdf2be66acc67876c7df49,70115671
0xef1acf01f8a4623b5389d18cb1b2e64f18407148,70115871
0x7b05d43801a87ddf6a77be299f67d94acb25d409,70116271
0xe72e738fa323f497e4ccfe799ccc5c7e7a4621fd,70116671
0x761fa6e8d5708a506a3b7fffbe7f9211a31964a0,70116671
0x279c62e6fe98dd63bc5e31419eae5177fe65050f,70116871
0x1dc351259da2df7613e3b71fd337164649f96808,70117271
0xe097ba593ec5d398acd309d956364c7bfea51c3d,70118071
0x05d2db9dccdeaa94a4a7b3e14a78eeaf58639cd7,70118871
0x261fac0a77d4bf725d7d7143ff6335c90f1c0c95,70119871
0x46311421118e382212f3ca57781dabd0b424b217,70120671
0x4232311d9eeabffd809a188d7fd404000113ee8d,70121071
0x12188061a73a5b694c9699df11b183b0578d7415,70121471
0xa034650c3a27e7870e366a67442bb1ac9ccbe8b0,70121671
0x9084d479736bd4b973992f90e8bb6d739c1e2396,70122071
0x0a6a73e9041e8108ad3e95697fc46b3ea438ed37,70122271
0x3f3fc18eb28fdfe20890617fdca58d61811308d3,70122471
0xed5550ad7c146d58e39b961875642d469fe13b19,70122871
0x3ca2a338c7e62cd214de4232265455342ae6f2f7,70123471
0x46483f48fdf320b98700c7309270c0ad44f1d244,70123871
0x4a3ec04b6fa5937df10480551c7c44acb233bfad,70124471
0x8d294bcc06a8c70ef491ee056820038c6aaf1393,70125671
0x12ee0a53e614563603ffdae3fdba9dde70f84477,70125871
0x104a0b648b3f0d9a9b250eb7065a62ff0634d31d,70126071
0x5fc44e95eaa48f9eb84be17bd3ac66b6a82af709,70126271
0x04249c7bf9ebaa94772bdf3ba029c3bd94e99d9a,70126271
0xfea6fb86abe847b9d7af770da61dda7beee726e7,70126671
0x77a6ab7dc9096e7a311eb9bb4791494460f53c82,70126871
0x3d2af89d8dc67fbfa1d7f0b8ad0e828269a80cd7,70126871
0x90741d2242d8e25660e9ece16e6541ec80bb390d,70127271
0x30851a3c67c764e8f044fefad2d172ff9c60c74f,70128471
0x17887a9faa62b30b3fa3fbdc9db096df138b555a,70128671
0x0cd8aac0b6ea41ccc477cae9f2e591f5639bb7ea,70128871
0x26f80410db7806c30e41eec93aa284372c0a07f9,70129071
0x6b2a8faf918ff06a2a004cd03fa32c3ad9f000cf,70129071
0xbadd9adb835fb4813cd8d8c87d8fcd2f123fd4b0,70129871
0xd3e9f742e8524243a4d0f1a61a7bf9394b6ddb45,70129871
0x053bb5232534b2267c95a3f391941949211bf61f,70130271
0x5d6bc46051b0c35d4f5bd3350d7b032f29bae8e8,70131271
0xb7f6cec2fad84db69bb8787c66af1d64450dc653,70131471
