0	16	2	7
1	13	16	30
2	40	24	30
3	30	27	8
4	7	29	22
5	32	2	9
6	21	17	16
7	8	19	32
8	39	7	10
9	31	23	6
10	9	32	25
11	22	23	3
12	2	36	16
13	22	6	0
14	4	26	22
15	6	28	20
16	39	19	13
17	13	23	33
18	36	37	26
19	15	6	16
20	34	8	35
21	4	38	26
22	23	30	6
23	33	27	32
24	4	1	31
25	36	2	5
26	3	8	23
27	21	32	28
28	4	8	25
29	27	4	28
30	29	26	23
31	24	29	16
32	23	2	33
33	10	15	32
34	18	30	3
35	7	10	21
36	12	15	4
37	14	29	35
38	37	23	24
39	38	35	30
40	27	10	5
41	16	19	2
42	18	32	37
43	5	36	40
44	34	36	22
45	6	19	32
46	1	30	2
47	36	32	1
48	40	26	2
49	38	5	4
50	12	23	38
51	29	17	6
52	12	5	7
53	8	39	14
54	16	30	34
55	0	37	17
56	2	9	13
57	40	1	21
58	17	34	22
59	35	25	33
60	30	38	4
61	39	16	38
62	11	17	34
63	31	13	26
64	10	18	12
65	17	36	24
66	1	8	14
67	13	35	14
68	36	11	18
69	27	35	14
70	25	8	1
71	27	15	26
72	21	10	26
73	21	12	11
74	27	20	29
75	10	35	19
76	16	23	18
77	27	22	3
78	6	33	8
79	1	39	5
80	0	33	15
81	3	7	14
82	6	14	21
83	13	25	30
84	4	11	29
85	2	20	0
86	1	31	2
87	40	34	6
88	13	10	8
89	4	20	15
90	5	35	25
91	24	31	37
92	11	40	24
93	14	11	7
94	17	18	35
95	2	18	19
96	19	39	6
97	26	34	21
98	16	38	39
99	30	31	32
100	32	37	38
101	31	19	18
102	40	3	5
103	6	22	35
104	40	16	30
105	25	0	29
106	30	15	38
107	10	11	7
108	31	21	33
109	5	27	20
110	35	3	0
111	7	34	20
112	13	39	38
113	10	1	8
114	11	27	8
115	39	31	29
116	9	5	37
117	20	37	4
118	34	16	0
119	6	36	15
120	11	29	17
121	25	20	3
122	7	8	5
123	30	10	21
124	17	2	32
125	7	16	15
126	10	4	20
127	20	37	35
128	16	15	17
129	7	27	26
130	15	33	9
131	29	15	32
132	32	15	23
133	7	6	26
134	17	2	23
135	30	38	22
136	15	27	7
137	34	26	4
138	7	25	24
139	37	22	33
140	35	5	29
141	34	10	20
142	38	32	23
143	20	15	5
144	33	28	30
145	9	35	21
146	37	18	32
147	37	12	5
148	37	2	5
149	2	38	14
150	22	8	4
151	11	13	28
152	9	20	40
153	28	7	20
154	3	27	24
155	33	3	6
156	28	26	27
157	18	20	12
158	10	4	31
159	15	22	11
160	32	25	0
161	37	28	34
162	10	3	0
163	2	35	36
164	40	24	36
165	4	32	37
166	39	14	27
167	35	16	12
168	17	33	29
169	12	40	21
170	7	24	35
171	24	18	36
172	7	21	28
173	27	28	38
174	0	23	19
175	1	27	35
176	22	33	34
177	3	35	5
178	36	40	22
179	33	12	18
180	31	32	28
181	10	3	33
182	10	2	28
183	2	3	19
184	7	35	26
185	15	6	24
186	9	40	38
187	25	9	1
188	11	4	15
189	20	2	6
190	27	38	5
191	19	13	34
192	4	40	16
193	4	2	3
194	37	5	14
195	39	17	40
196	36	24	16
197	31	20	7
198	39	17	7
199	5	18	4
200	36	35	7
201	17	15	27
202	36	19	17
203	21	40	17
204	38	9	0
205	40	11	35
206	5	13	26
207	33	12	32
208	28	7	27
209	27	39	15
210	10	5	28
211	26	13	20
212	11	30	18
213	24	40	1
214	0	32	27
215	17	31	4
216	7	11	22
217	32	13	4
218	29	32	22
219	10	16	5
220	6	11	26
221	36	21	34
222	18	15	19
223	27	26	30
224	8	1	18
225	9	27	25
226	34	23	15
227	40	5	11
228	9	2	30
229	25	0	2
230	13	21	22
231	38	36	32
232	8	2	20
233	20	32	33
234	20	14	11
235	21	17	11
236	25	6	23
237	5	25	37
238	12	4	35
239	34	15	21
240	13	1	2
241	21	2	7
242	15	6	34
243	7	13	11
244	13	14	12
245	26	21	17
246	7	23	33
247	26	23	4
248	31	1	24
249	2	34	23
250	24	37	8
251	30	40	32
252	20	13	16
253	2	31	0
254	37	21	7
255	16	14	17
256	32	19	13
257	30	5	21
258	35	20	0
259	2	17	24
260	36	3	5
261	15	13	19
262	39	29	35
263	34	38	22
264	1	14	32
265	23	17	25
266	11	7	31
267	18	10	20
268	37	34	15
269	7	14	37
270	16	38	32
271	10	6	14
272	30	23	35
273	33	6	28
274	22	26	39
275	8	3	4
276	31	19	15
277	9	17	18
278	37	20	15
279	28	37	15
280	8	3	29
281	17	27	4
282	6	12	39
283	16	27	4
284	11	21	22
285	30	7	16
286	28	26	0
287	25	17	33
288	38	32	22
289	36	33	19
290	26	24	34
291	36	30	15
292	30	18	8
293	3	1	9
294	34	0	14
295	2	28	7
296	6	25	15
297	18	31	21
298	11	18	30
299	15	0	5
300	38	30	18
301	7	4	0
302	39	26	34
303	34	40	17
304	39	33	28
305	30	37	21
306	14	36	33
307	24	19	2
308	22	3	28
309	26	1	31
310	25	5	29
311	38	20	21
312	18	38	6
313	11	6	1
314	8	37	20
315	37	2	35
316	16	2	9
317	24	36	9
318	2	23	25
319	8	17	5
320	26	19	21
321	15	2	24
322	24	14	28
323	6	40	35
324	33	12	0
325	6	36	37
326	28	36	3
327	14	28	18
328	35	4	39
329	36	3	38
330	3	19	23
331	27	0	36
332	17	16	11
333	24	12	25
334	31	8	18
335	33	16	34
336	25	10	8
337	4	40	35
338	32	10	16
339	39	16	25
340	37	32	19
341	10	16	14
342	11	3	40
343	2	14	26
344	38	15	27
345	13	40	38
346	4	22	18
347	24	26	36
348	37	19	14
349	9	21	14
350	5	32	6
351	2	33	25
352	14	35	6
353	15	0	17
354	1	4	31
355	32	10	33
356	13	3	1
357	19	34	1
358	31	32	30
359	20	3	38
360	5	28	22
361	10	7	37
362	22	5	27
363	36	0	5
364	8	21	22
365	20	5	12
366	26	22	12
367	38	29	6
368	4	16	19
369	4	18	20
370	15	27	37
371	23	12	17
372	15	27	9
373	14	2	32
374	9	33	26
375	21	38	29
376	12	30	37
377	13	21	31
378	12	36	30
379	37	28	29
380	37	14	25
381	10	25	30
382	27	33	18
383	32	25	29
384	7	26	35
385	39	23	3
386	21	27	6
387	17	1	38
388	35	36	16
389	35	16	23
390	15	23	24
391	21	34	17
392	1	19	0
393	6	9	28
394	8	15	22
395	39	2	6
396	3	35	27
397	26	25	13
398	20	29	10
399	21	0	23
400	38	39	20
401	11	23	30
402	40	6	36
403	0	9	35
404	37	25	6
405	19	35	13
406	11	32	12
407	22	23	26
408	25	15	31
409	29	35	34
410	12	13	8
411	17	14	40
412	28	0	17
413	11	40	30
414	29	30	34
415	23	24	20
416	28	20	14
417	35	24	17
418	31	7	15
419	19	0	9
420	9	21	6
421	28	40	7
422	7	33	18
423	4	24	16
424	40	21	32
425	11	23	29
426	4	3	19
427	35	7	18
428	23	35	25
429	0	30	2
430	2	37	15
431	37	32	9
432	31	17	33
433	36	21	34
434	22	33	14
435	25	17	7
436	15	12	18
437	39	28	32
438	29	40	32
439	9	32	35
440	0	8	36
441	19	8	3
442	25	11	2
443	15	40	17
444	2	18	14
445	38	10	3
446	38	31	4
447	18	7	17
448	19	37	14
449	21	2	37
450	35	25	26
451	20	38	11
452	15	36	37
453	24	11	35
454	18	13	32
455	19	28	14
456	13	39	3
457	8	35	9
458	16	9	25
459	33	29	35
460	40	14	33
461	9	34	7
462	9	22	4
463	9	34	15
464	26	20	37
465	31	2	15
466	26	6	16
467	32	22	30
468	24	38	12
469	39	36	24
470	4	31	27
471	10	39	34
472	3	32	4
473	39	0	4
474	21	22	3
475	31	19	9
476	2	0	4
477	16	35	17
478	17	19	12
479	30	31	17
480	22	25	7
481	30	36	39
482	14	13	40
483	18	15	8
484	12	15	8
485	15	36	4
486	37	8	10
487	20	27	28
488	16	36	17
489	23	6	15
490	33	12	11
491	39	34	5
492	26	3	27
493	18	34	24
494	8	1	40
495	38	18	27
496	8	13	28
497	35	22	14
498	21	34	38
499	32	8	11
500	38	31	26
501	12	5	31
502	36	8	39
503	34	15	21
504	34	4	9
505	19	17	9
506	4	24	38
507	3	11	23
508	32	23	3
509	3	30	19
510	8	39	18
511	10	11	7
512	13	1	29
513	23	37	34
514	37	33	31
515	9	17	16
516	28	6	0
517	39	17	28
518	22	0	8
519	30	40	11
520	30	22	15
521	36	5	4
522	25	11	19
523	22	26	12
524	19	32	27
525	37	15	16
526	40	4	31
527	11	6	27
528	21	36	15
529	29	26	12
530	5	9	18
531	37	34	7
532	0	1	12
533	35	17	8
534	18	31	33
535	28	6	4
536	25	29	20
537	25	33	39
538	30	21	3
539	19	23	37
540	0	15	20
541	22	37	33
542	12	0	19
543	0	28	9
544	19	3	31
545	11	33	36
546	10	18	27
547	16	22	8
548	14	4	19
549	38	15	8
550	1	34	36
551	1	11	22
552	20	23	25
553	19	29	27
554	29	31	30
555	20	25	4
556	14	38	1
557	40	33	1
558	32	25	39
559	8	18	28
560	8	36	19
561	10	9	27
562	30	29	23
563	16	6	31
564	15	37	38
565	7	2	21
566	37	35	5
567	39	19	30
568	2	40	33
569	17	3	11
570	16	31	30
571	23	33	14
572	32	3	5
573	39	2	5
574	28	2	33
575	0	18	39
576	29	32	26
577	0	37	14
578	2	10	14
579	0	35	23
580	14	23	11
581	27	8	16
582	11	2	12
583	4	31	29
584	24	20	27
585	4	31	13
586	13	26	1
587	27	21	25
588	26	27	30
589	3	20	26
590	23	2	5
591	35	26	3
592	25	10	1
593	9	39	20
594	11	40	27
595	40	20	5
596	10	38	13
597	1	38	14
598	7	35	11
599	5	29	23
600	0	12	29
601	19	27	36
602	21	25	31
603	39	24	35
604	24	9	6
605	38	36	35
606	28	26	27
607	14	36	28
608	34	35	32
609	34	19	4
610	9	8	22
611	11	33	10
612	9	30	39
613	31	21	27
614	16	13	25
615	22	9	8
616	11	25	26
617	7	2	9
618	39	4	14
619	11	1	16
620	22	9	19
621	3	29	35
622	17	19	38
623	36	32	9
624	12	7	19
625	10	2	40
626	7	34	20
627	2	22	8
628	37	26	5
629	9	29	13
630	38	15	25
631	1	25	31
632	32	23	13
633	29	39	16
634	15	7	22
635	12	22	2
636	23	4	1
637	8	28	18
638	5	0	26
639	21	3	24
640	25	32	27
641	19	28	18
642	9	32	30
643	12	2	25
644	18	0	20
645	3	7	2
646	4	19	35
647	2	0	25
648	2	0	20
649	25	17	34
650	3	2	34
651	27	3	10
652	40	35	11
653	37	17	35
654	2	3	0
655	23	24	15
656	36	28	27
657	34	0	5
658	35	1	22
659	25	13	35
660	16	14	13
661	20	38	12
662	8	1	11
663	17	37	14
664	15	9	13
665	21	6	16
666	36	6	13
667	12	17	18
668	4	39	5
669	33	8	10
670	24	21	34
671	26	21	11
672	3	38	20
673	36	40	25
674	22	3	24
675	15	37	30
676	16	2	29
677	33	38	28
678	22	6	23
679	19	12	7
680	12	34	26
681	17	19	29
682	22	10	12
683	21	34	30
684	40	30	10
685	36	22	40
686	39	38	36
687	9	3	28
688	22	12	11
689	28	19	10
690	20	6	27
691	3	10	20
692	9	39	37
693	29	26	3
694	29	19	13
695	11	35	12
696	38	24	12
697	9	1	18
698	26	30	24
699	40	19	31
700	3	25	8
701	27	14	12
702	20	29	9
703	6	37	39
704	8	2	39
705	8	32	28
706	11	37	14
707	33	13	35
708	32	37	0
709	1	31	18
710	18	9	35
711	22	30	33
712	16	37	5
713	21	16	3
714	21	22	4
715	14	1	19
716	16	25	29
717	35	34	19
718	9	14	16
719	15	27	8
720	24	2	20
721	31	7	23
722	21	28	40
723	1	10	35
724	2	37	5
725	26	25	13
726	17	0	36
727	6	37	26
728	24	32	19
729	7	22	32
730	2	40	11
731	22	39	7
732	10	23	4
733	35	10	6
734	5	2	12
735	34	2	13
736	40	32	14
737	13	37	14
738	16	1	5
739	17	33	6
740	6	26	22
741	14	23	27
742	11	36	1
743	27	20	3
744	35	19	1
745	3	26	21
746	32	30	0
747	19	35	4
748	12	30	1
749	9	19	37
750	19	29	21
751	23	38	4
752	30	10	25
753	36	8	26
754	6	4	2
755	19	21	18
756	15	4	14
757	6	3	30
758	9	34	21
759	2	1	40
760	11	14	17
761	21	6	26
762	18	37	13
763	9	36	26
764	4	14	22
765	5	30	14
766	39	4	40
767	25	28	39
768	38	23	37
769	7	40	34
770	10	19	37
771	5	18	39
772	24	19	30
773	33	29	26
774	11	19	34
775	29	22	21
776	24	39	15
777	2	8	36
778	4	25	1
779	38	15	23
780	14	40	8
781	19	13	29
782	17	5	12
783	38	30	0
784	20	28	39
785	19	35	40
786	22	26	9
787	13	30	14
788	11	20	8
789	15	25	30
790	6	9	17
791	2	30	8
792	30	37	25
793	31	14	18
794	34	35	5
795	26	0	31
796	10	18	39
797	5	36	39
798	27	16	33
799	17	21	15
800	35	21	34
801	24	20	2
802	37	36	28
803	36	5	3
804	2	20	18
805	18	38	35
806	38	4	12
807	3	29	23
808	27	35	28
809	4	19	24
810	8	22	28
811	34	18	24
812	6	1	12
813	28	24	13
814	26	12	17
815	39	28	2
816	31	40	15
817	20	13	17
818	15	19	9
819	23	26	30
820	23	21	2
821	1	38	32
822	25	36	21
823	36	29	30
824	19	36	38
825	21	19	35
826	32	37	18
827	37	28	27
828	13	17	7
829	4	3	23
830	2	16	5
831	31	39	40
832	30	29	22
833	32	6	29
834	12	36	0
835	39	21	38
836	6	38	34
837	4	35	2
838	33	27	24
839	33	11	22
840	11	20	0
841	7	23	38
842	0	4	29
843	26	22	30
844	33	27	9
845	30	7	37
846	28	11	8
847	9	24	28
848	39	31	36
849	1	32	26
850	1	17	33
851	32	10	23
852	14	2	6
853	19	31	27
854	36	40	21
855	12	17	13
856	13	10	1
857	35	9	20
858	8	22	21
859	21	14	39
860	30	9	8
861	6	27	21
862	26	11	22
863	21	30	22
864	12	8	16
865	18	32	25
866	33	9	23
867	1	0	27
868	39	29	20
869	14	1	12
870	38	30	3
871	10	3	9
872	8	26	35
873	2	35	32
874	38	33	14
875	34	19	37
876	26	21	5
877	15	14	22
878	37	14	1
879	12	23	37
880	11	25	5
881	11	25	9
882	18	32	17
883	39	33	17
884	38	10	2
885	32	6	33
886	7	24	6
887	11	4	13
888	0	24	10
889	19	33	34
890	29	19	7
891	22	37	20
892	29	18	27
893	36	15	1
894	39	0	11
895	16	34	8
896	19	32	1
897	23	25	12
898	32	17	29
899	26	38	37
900	38	23	4
901	25	26	23
902	6	2	40
903	31	38	36
904	40	16	13
905	30	19	3
906	1	9	28
907	21	14	6
908	31	13	14
909	8	39	1
910	23	15	5
911	39	13	1
912	4	3	33
913	7	19	4
914	7	11	10
915	7	1	15
916	21	6	40
917	5	12	23
918	28	8	31
919	26	10	24
920	23	27	33
921	26	39	30
922	14	28	26
923	16	18	2
924	23	36	37
925	18	29	14
926	22	7	14
927	16	7	14
928	3	15	19
929	4	30	7
930	14	11	13
931	9	7	38
932	16	38	40
933	4	5	13
934	11	2	33
935	37	24	12
936	26	17	1
937	8	4	20
938	35	14	2
939	14	25	34
940	34	7	1
941	26	35	12
942	20	32	33
943	17	15	23
944	37	33	17
945	28	18	17
946	24	37	1
947	36	16	10
948	16	31	17
949	17	4	24
950	10	27	38
951	36	10	17
952	8	25	23
953	21	29	27
954	24	9	21
955	34	4	37
956	11	29	0
957	25	28	21
958	20	40	34
959	2	20	1
960	40	26	39
961	25	40	2
962	7	11	40
963	15	8	4
964	29	39	37
965	18	21	19
966	16	34	11
967	18	22	19
968	33	31	10
969	19	17	6
970	0	21	33
971	30	40	35
972	24	2	25
973	31	5	16
974	0	4	19
975	9	39	38
976	21	14	29
977	35	17	14
978	15	1	34
979	31	2	13
980	34	32	18
981	4	1	18
982	8	24	5
983	28	19	35
984	36	5	35
985	40	17	1
986	16	18	0
987	31	14	27
988	15	9	26
989	35	10	16
990	33	7	25
991	35	10	37
992	25	34	31
993	24	19	27
994	14	32	24
995	17	20	9
996	2	5	22
997	24	9	32
998	39	19	23
999	28	29	38
1000	16	33	28
1001	40	10	4
1002	27	12	35
1003	18	0	23
1004	17	23	9
1005	24	3	26
1006	30	15	11
1007	3	18	14
1008	0	10	12
1009	34	26	36
1010	40	15	37
1011	33	38	22
1012	13	14	40
1013	16	6	14
1014	15	36	10
1015	30	15	9
1016	31	18	8
1017	22	24	34
1018	20	28	39
1019	18	25	34
1020	6	35	22
1021	27	33	21
1022	6	28	33
1023	39	23	16
1024	2	25	7
1025	31	35	6
1026	28	12	34
1027	38	39	35
1028	18	6	26
1029	27	22	1
1030	31	8	16
1031	29	5	1
1032	23	25	30
1033	24	26	30
1034	26	31	2
1035	25	37	32
1036	19	5	30
1037	4	24	7
1038	12	8	13
1039	6	35	11
1040	9	18	17
1041	26	36	28
1042	35	27	40
1043	27	28	21
1044	22	35	11
1045	17	36	4
1046	7	25	12
1047	25	17	29
1048	22	29	2
1049	13	31	15
1050	12	16	20
1051	13	9	27
1052	38	40	0
1053	29	27	1
1054	18	6	15
1055	39	36	21
1056	18	29	1
1057	38	12	9
1058	24	40	0
1059	34	2	37
1060	10	6	12
1061	39	11	10
1062	7	28	12
1063	25	24	13
1064	4	40	26
1065	20	39	34
1066	40	24	19
1067	8	10	28
1068	30	37	38
1069	10	34	27
1070	33	34	38
1071	14	32	20
1072	33	29	22
1073	3	9	10
1074	13	35	39
1075	38	8	15
1076	25	21	34
1077	1	10	30
1078	5	23	28
1079	1	18	22
1080	32	2	38
1081	3	0	8
1082	25	6	7
1083	15	32	33
1084	26	11	9
1085	7	4	37
1086	22	28	27
1087	37	6	12
1088	8	28	20
1089	23	34	8
1090	39	10	4
1091	28	10	39
1092	1	0	37
1093	31	29	8
1094	12	26	16
1095	20	35	37
1096	35	2	39
1097	17	30	24
1098	11	34	31
1099	17	33	37
1100	21	28	3
1101	20	28	12
1102	2	26	23
1103	8	28	4
1104	2	14	31
1105	23	20	21
1106	29	12	19
1107	39	31	19
1108	14	1	33
1109	28	21	10
1110	5	34	7
1111	19	15	33
1112	36	22	8
1113	25	20	24
1114	38	10	2
1115	25	21	16
1116	24	31	25
1117	7	27	35
1118	33	19	27
1119	17	8	19
1120	20	32	25
1121	19	33	0
1122	29	16	28
1123	19	25	7
1124	18	8	28
1125	21	22	24
1126	20	22	8
1127	11	32	7
1128	9	16	32
1129	2	4	18
1130	18	10	28
1131	8	37	17
1132	23	5	3
1133	40	30	2
1134	34	13	7
1135	34	3	14
1136	30	26	16
1137	12	34	26
1138	8	33	20
1139	31	36	23
1140	18	14	1
1141	19	12	2
1142	35	20	25
1143	39	33	36
1144	12	29	30
1145	39	35	6
1146	13	15	36
1147	3	12	4
1148	7	36	18
1149	16	37	4
1150	32	12	8
1151	36	22	19
1152	10	36	27
1153	15	11	3
1154	23	32	26
1155	17	16	29
1156	7	26	14
1157	38	33	40
1158	38	1	37
1159	30	26	32
1160	7	6	38
1161	22	38	2
1162	25	36	26
1163	34	10	20
1164	22	26	10
1165	32	19	0
1166	22	35	36
1167	36	15	29
1168	30	6	18
1169	37	36	12
1170	28	31	21
1171	18	10	32
1172	25	33	36
1173	12	26	30
1174	21	16	26
1175	14	15	5
1176	2	40	13
1177	9	7	27
1178	31	1	4
1179	20	39	14
1180	36	16	17
1181	36	31	22
1182	4	2	38
1183	31	16	37
1184	0	36	14
1185	8	14	22
1186	38	9	15
1187	24	27	4
1188	14	16	25
1189	37	5	16
1190	39	26	33
1191	34	26	37
1192	38	40	25
1193	35	24	19
1194	5	3	37
1195	7	34	38
1196	4	5	24
1197	39	23	13
1198	26	40	5
1199	12	39	14
1200	8	40	37
1201	15	18	21
1202	25	3	23
1203	40	21	36
1204	5	38	34
1205	5	22	37
1206	37	10	27
1207	20	31	19
1208	12	40	14
1209	31	2	13
1210	33	7	28
1211	4	24	8
1212	1	0	12
1213	28	11	8
1214	32	5	36
1215	16	14	0
1216	15	1	33
1217	10	18	17
1218	31	21	40
1219	34	0	18
1220	21	32	3
1221	38	31	29
1222	22	18	29
1223	8	17	16
1224	29	36	22
1225	22	26	9
1226	17	40	37
1227	18	16	30
1228	30	10	37
1229	18	38	35
1230	14	33	34
1231	28	29	36
1232	31	37	30
1233	18	7	28
1234	1	27	10
1235	9	6	21
1236	40	18	34
1237	7	0	38
1238	35	2	29
1239	23	35	9
1240	36	20	18
1241	31	32	19
1242	10	39	7
1243	20	36	4
1244	18	30	21
1245	30	0	8
1246	7	38	4
1247	34	3	39
1248	32	34	21
1249	0	8	24
1250	20	40	4
1251	27	15	22
1252	23	24	2
1253	6	29	33
1254	35	15	11
1255	39	12	0
1256	19	30	14
1257	30	18	28
1258	24	18	6
1259	3	7	10
1260	33	30	26
1261	14	23	10
1262	11	15	32
1263	30	36	31
1264	28	15	34
1265	33	7	37
1266	0	36	10
1267	18	39	38
1268	24	34	35
1269	28	0	26
1270	5	23	4
1271	34	13	33
1272	18	14	10
1273	13	31	29
1274	15	13	2
1275	31	0	7
1276	14	26	10
1277	13	28	11
1278	16	6	1
1279	35	25	15
1280	0	40	21
1281	25	22	21
1282	15	40	9
1283	22	18	1
1284	39	9	4
1285	12	39	7
1286	28	12	39
1287	19	37	32
1288	15	19	5
1289	5	31	18
1290	21	32	0
1291	3	6	18
1292	12	14	40
1293	26	29	31
1294	18	36	20
1295	38	1	37
1296	16	9	20
1297	36	22	21
1298	15	1	31
1299	6	36	30
1300	11	29	23
1301	0	10	17
1302	25	28	9
1303	18	33	10
1304	28	36	39
1305	13	21	20
1306	30	16	36
1307	7	3	36
1308	7	38	20
1309	33	3	28
1310	10	27	25
1311	7	22	11
1312	5	36	20
1313	29	35	16
1314	13	37	39
1315	2	21	33
1316	27	33	18
1317	34	22	20
1318	36	28	22
1319	28	27	14
1320	3	16	18
1321	0	32	1
1322	30	40	35
1323	16	30	19
1324	33	23	31
1325	3	1	11
1326	21	40	24
1327	17	40	13
1328	16	30	0
1329	23	17	16
1330	4	31	10
1331	20	32	40
1332	12	25	1
1333	9	19	21
1334	26	32	37
1335	7	24	28
1336	25	2	20
1337	28	16	21
1338	21	30	28
1339	37	35	6
1340	36	37	26
1341	3	16	9
1342	40	34	25
1343	28	8	21
1344	37	40	13
1345	33	34	6
1346	33	10	26
1347	24	28	13
1348	32	7	39
1349	13	12	40
1350	29	9	13
1351	4	8	29
1352	17	38	0
1353	21	36	38
1354	38	36	25
1355	26	36	27
1356	14	32	19
1357	21	37	35
1358	30	7	28
1359	36	2	35
1360	10	2	38
1361	23	35	3
1362	35	15	5
1363	17	26	19
1364	33	22	38
1365	9	12	32
1366	31	40	15
1367	33	40	10
1368	13	37	19
1369	6	26	9
1370	1	30	21
1371	28	0	29
1372	17	12	35
1373	31	1	25
1374	27	16	5
1375	26	14	33
1376	15	0	31
1377	3	23	10
1378	35	8	3
1379	35	22	33
1380	34	28	40
1381	22	1	38
1382	20	15	7
1383	36	15	31
1384	11	17	25
1385	26	17	30
1386	19	31	32
1387	28	29	33
1388	34	32	18
1389	8	15	38
1390	2	19	34
1391	27	38	39
1392	23	7	18
1393	30	15	13
1394	12	30	28
1395	0	33	20
1396	0	22	26
1397	34	8	1
1398	26	27	24
1399	26	7	39
1400	19	36	1
1401	24	10	4
1402	32	9	15
1403	25	38	11
1404	4	10	23
1405	18	2	33
1406	18	25	14
1407	25	3	20
1408	19	24	25
1409	7	30	12
1410	30	38	15
1411	32	30	4
1412	37	11	5
1413	39	10	14
1414	16	14	6
1415	6	36	22
1416	23	13	2
1417	34	35	33
1418	10	25	37
1419	3	23	20
1420	0	21	17
1421	19	28	12
1422	38	16	32
1423	26	5	9
1424	0	7	39
1425	20	32	2
1426	24	5	18
1427	14	35	27
1428	38	33	7
1429	12	39	33
1430	10	29	8
1431	32	11	18
1432	40	12	0
1433	28	38	13
1434	39	15	32
1435	36	11	14
1436	21	19	4
1437	21	36	34
1438	17	11	9
1439	38	24	35
1440	5	20	36
1441	22	7	27
1442	19	11	18
1443	24	21	2
1444	19	15	1
1445	7	18	28
1446	29	28	38
1447	20	35	29
1448	27	33	10
1449	6	16	8
1450	5	25	36
1451	6	28	0
1452	37	15	17
1453	36	39	13
1454	9	26	12
1455	26	9	25
1456	18	8	34
1457	12	8	7
1458	24	40	12
1459	19	22	26
1460	23	11	19
1461	13	6	11
1462	9	36	5
1463	35	21	38
1464	37	0	12
1465	13	16	32
1466	37	31	26
1467	8	18	17
1468	10	21	6
1469	28	21	37
1470	19	5	21
1471	27	13	37
1472	15	31	8
1473	38	26	27
1474	2	18	19
1475	21	23	28
1476	33	16	5
1477	2	34	35
1478	11	27	10
1479	9	3	6
1480	35	16	37
1481	26	35	37
1482	31	27	10
1483	34	18	0
1484	16	6	4
1485	4	40	27
1486	15	24	6
1487	28	21	15
1488	32	20	0
1489	8	26	36
1490	3	18	1
1491	1	24	15
1492	18	7	24
1493	36	35	39
1494	5	39	27
1495	18	12	23
1496	1	16	22
1497	25	29	32
1498	10	16	17
1499	35	7	33
1500	0	16	28
1501	30	39	33
1502	8	2	33
1503	0	17	31
1504	7	22	18
1505	2	3	12
1506	0	20	34
1507	4	35	29
1508	0	34	11
1509	19	38	9
1510	14	27	6
1511	33	36	5
1512	33	14	11
1513	10	33	27
1514	3	18	30
1515	21	23	0
1516	26	17	7
1517	31	25	29
1518	0	38	32
1519	35	8	38
1520	7	35	6
1521	7	10	3
1522	31	11	25
1523	1	16	20
1524	35	28	4
1525	13	21	10
1526	29	0	39
1527	37	33	10
1528	31	8	39
1529	33	25	15
1530	36	39	17
1531	0	17	33
1532	11	6	31
1533	20	14	3
1534	15	21	29
1535	10	3	25
1536	5	34	27
1537	6	30	38
1538	40	10	34
1539	35	40	9
1540	11	4	9
1541	14	4	8
1542	26	8	39
1543	37	21	3
1544	10	26	9
1545	12	11	16
1546	33	21	35
1547	9	16	2
1548	34	20	28
1549	21	32	36
1550	20	15	22
1551	32	12	28
1552	24	12	8
1553	8	15	36
1554	22	5	10
1555	3	29	26
1556	24	6	30
1557	3	1	24
1558	38	27	7
1559	23	14	6
1560	6	33	19
1561	4	0	40
1562	32	38	33
1563	0	22	24
1564	26	28	17
1565	20	16	35
1566	5	23	15
1567	20	17	39
1568	32	6	25
1569	22	33	25
1570	20	24	36
1571	9	15	23
1572	33	22	4
1573	21	22	16
1574	21	30	1
1575	14	38	2
1576	31	39	26
1577	39	6	3
1578	22	17	30
1579	18	16	11
1580	32	25	17
1581	36	13	27
1582	8	26	5
1583	2	27	21
1584	30	2	14
1585	10	38	21
1586	40	10	35
1587	5	24	7
1588	8	22	18
1589	12	15	6
1590	3	31	32
1591	16	39	15
1592	37	20	10
1593	8	5	25
1594	22	6	12
1595	3	33	26
1596	22	39	12
1597	40	3	13
1598	0	33	31
1599	10	33	32
1600	7	30	36
1601	10	7	33
1602	3	13	2
1603	12	3	36
1604	28	17	38
1605	11	13	17
1606	2	26	15
1607	11	24	40
1608	11	15	6
1609	8	24	5
1610	38	40	3
1611	34	11	0
1612	4	39	29
1613	17	0	15
1614	20	36	17
1615	18	2	20
1616	26	9	15
1617	29	5	0
1618	28	14	15
1619	20	14	22
1620	21	12	24
1621	16	29	8
1622	24	36	9
1623	38	29	34
1624	27	36	9
1625	31	16	25
1626	8	35	37
1627	32	22	24
1628	1	15	33
1629	3	4	23
1630	39	17	21
1631	30	4	27
1632	39	0	24
1633	7	16	5
1634	3	10	7
1635	12	38	16
1636	6	35	40
1637	6	35	19
1638	28	15	9
1639	17	9	7
1640	11	16	21
1641	9	34	18
1642	37	32	18
1643	40	27	17
1644	14	9	33
1645	4	30	9
1646	39	27	31
1647	17	4	15
1648	25	39	8
1649	1	28	27
1650	28	30	4
1651	22	18	3
1652	25	29	27
1653	30	19	3
1654	28	6	26
1655	8	6	18
1656	39	13	7
1657	10	26	12
1658	37	15	11
1659	19	25	28
1660	37	10	27
1661	28	17	33
1662	16	9	34
1663	31	7	24
1664	29	23	10
1665	8	32	37
1666	1	0	19
1667	21	23	16
1668	26	6	22
1669	15	3	27
1670	1	39	36
1671	18	33	27
1672	37	28	6
1673	20	8	27
1674	9	26	28
1675	31	2	34
1676	26	25	13
1677	31	18	37
1678	30	29	14
1679	36	11	30
1680	33	29	40
1681	13	27	9
1682	27	20	9
1683	19	13	26
1684	15	40	14
1685	29	1	40
1686	21	26	22
1687	9	2	20
1688	30	35	40
1689	11	22	13
1690	7	38	22
1691	4	35	10
1692	5	12	9
1693	15	33	10
1694	1	39	34
1695	21	8	36
1696	13	23	28
1697	12	7	30
1698	16	34	14
1699	14	5	31
1700	1	30	3
1701	10	4	25
1702	19	17	8
1703	35	15	7
1704	1	11	33
1705	29	0	11
1706	22	15	10
1707	19	17	16
1708	40	35	8
1709	22	29	40
1710	6	7	25
1711	17	34	37
1712	26	12	25
1713	27	25	31
1714	37	24	36
1715	23	33	28
1716	2	37	1
1717	38	6	29
1718	28	32	27
1719	1	13	4
1720	29	37	4
1721	28	4	27
1722	8	29	35
1723	12	35	20
1724	6	39	13
1725	26	21	10
1726	25	19	24
1727	18	9	32
1728	1	33	11
1729	7	23	25
1730	23	35	18
1731	33	10	24
1732	14	22	8
1733	28	0	31
1734	16	39	11
1735	33	0	38
1736	31	15	13
1737	8	4	37
1738	1	38	4
1739	27	23	31
1740	12	38	9
1741	18	22	16
1742	12	33	24
1743	33	35	18
1744	31	12	3
1745	4	32	37
1746	35	32	29
1747	37	22	7
1748	28	29	8
1749	34	31	22
1750	39	7	12
1751	11	13	21
1752	0	11	15
1753	0	37	24
1754	40	12	28
1755	8	22	7
1756	24	1	39
1757	29	30	17
1758	2	24	19
1759	1	37	35
1760	3	10	4
1761	7	13	30
1762	18	4	22
1763	10	8	16
1764	36	19	33
1765	36	31	24
1766	32	6	4
1767	39	8	38
1768	29	11	32
1769	17	34	40
1770	33	38	15
1771	33	29	7
1772	33	15	28
1773	13	19	31
1774	29	5	36
1775	8	38	16
1776	39	17	31
1777	37	40	0
1778	16	33	32
1779	18	30	19
1780	6	0	8
1781	14	36	11
1782	10	30	17
1783	2	40	37
1784	24	28	16
1785	2	19	29
1786	40	15	20
1787	37	10	22
1788	36	29	35
1789	5	22	21
1790	22	25	36
1791	9	6	28
1792	4	20	38
1793	1	35	14
1794	36	31	8
1795	11	36	37
1796	33	23	7
1797	5	27	24
1798	19	31	9
1799	20	32	21
1800	36	8	38
1801	15	35	29
1802	39	8	7
1803	29	21	3
1804	4	37	7
1805	19	25	15
1806	20	23	24
1807	1	18	16
1808	38	5	7
1809	34	9	38
1810	0	7	4
1811	24	7	38
1812	28	32	3
1813	11	10	27
1814	16	21	38
1815	8	30	35
1816	4	19	31
1817	5	30	19
1818	30	16	31
1819	6	30	15
1820	8	16	20
1821	1	19	6
1822	20	24	36
1823	27	33	25
1824	23	17	32
1825	36	24	37
1826	15	32	40
1827	11	15	27
1828	34	16	40
1829	30	3	37
1830	30	8	1
1831	33	30	1
1832	12	27	32
1833	13	0	11
1834	36	34	16
1835	12	7	40
1836	40	23	0
1837	14	36	31
1838	35	31	9
1839	18	32	14
1840	0	20	33
1841	22	31	24
1842	16	34	31
1843	35	23	34
1844	5	15	14
1845	9	34	39
1846	7	24	15
1847	33	8	18
1848	19	11	23
1849	8	15	29
1850	14	0	20
1851	0	35	24
1852	22	28	26
1853	40	37	13
1854	14	25	19
1855	33	36	20
1856	32	34	31
1857	6	5	10
1858	8	19	28
1859	22	21	20
1860	23	36	28
1861	28	14	7
1862	16	39	0
1863	18	27	3
1864	3	6	15
1865	16	26	27
1866	31	9	37
1867	4	10	40
1868	8	24	33
1869	38	13	11
1870	26	17	38
1871	12	26	4
1872	26	39	32
1873	3	15	16
1874	12	25	22
1875	36	21	34
1876	34	9	5
1877	21	19	17
1878	37	4	21
1879	7	16	6
1880	33	16	15
1881	21	17	37
1882	7	26	40
1883	11	9	25
1884	35	4	0
1885	10	22	40
1886	4	21	27
1887	33	23	4
1888	32	5	20
1889	1	21	11
1890	10	14	29
1891	1	2	21
1892	18	36	2
1893	32	28	33
1894	4	14	20
1895	10	13	14
1896	39	37	4
1897	33	22	2
1898	22	2	9
1899	24	0	14
1900	25	39	12
1901	2	1	12
1902	5	3	14
1903	18	19	35
1904	0	31	14
1905	0	39	40
1906	17	29	27
1907	32	11	9
1908	18	40	8
1909	29	26	11
1910	11	0	14
1911	1	35	38
1912	18	12	4
1913	23	39	34
1914	34	4	27
1915	40	0	11
1916	29	5	14
1917	9	35	3
1918	7	4	30
1919	8	40	25
1920	11	20	2
1921	24	35	36
1922	6	27	3
1923	31	27	14
1924	18	22	23
1925	5	15	33
1926	36	15	11
1927	12	35	20
1928	19	36	26
1929	28	38	9
1930	22	38	20
1931	40	1	17
1932	35	33	40
1933	26	31	35
1934	39	2	14
1935	12	29	17
1936	12	16	31
1937	19	28	8
1938	38	33	27
1939	30	13	31
1940	4	23	32
1941	5	6	30
1942	5	34	20
1943	39	10	17
1944	15	10	17
1945	37	30	20
1946	0	6	11
1947	32	27	12
1948	26	11	5
1949	23	8	13
1950	1	20	14
1951	18	30	16
1952	24	39	27
1953	39	27	35
1954	30	32	9
1955	40	37	7
1956	11	6	40
1957	15	33	32
1958	9	24	16
1959	7	30	40
1960	1	9	25
1961	2	15	29
1962	34	16	40
1963	32	19	33
1964	39	9	27
1965	37	38	7
1966	28	14	33
1967	39	29	0
1968	11	16	0
1969	22	33	29
1970	20	15	39
1971	33	5	37
1972	16	20	35
1973	14	6	30
1974	35	34	8
1975	40	19	39
1976	13	36	35
1977	6	1	25
1978	0	6	11
1979	27	32	26
1980	2	3	33
1981	33	30	10
1982	10	7	28
1983	6	18	33
1984	34	27	28
1985	14	0	13
1986	18	40	21
1987	35	16	3
1988	3	13	29
1989	31	37	6
1990	24	1	40
1991	40	20	2
1992	4	6	12
1993	33	12	24
1994	24	3	5
1995	16	6	7
1996	11	5	22
1997	13	23	15
1998	18	33	31
1999	0	7	29
2000	20	19	37
2001	9	17	22
2002	25	19	9
2003	37	18	21
2004	33	24	9
2005	4	12	39
2006	26	1	12
2007	0	35	10
2008	19	32	11
2009	38	17	27
2010	2	16	14
2011	38	19	37
2012	14	11	5
2013	14	40	7
2014	7	16	9
2015	14	0	7
2016	32	40	21
2017	16	5	13
2018	3	40	9
2019	32	11	1
2020	20	32	0
2021	14	5	22
2022	39	28	35
2023	2	10	18
2024	22	24	3
2025	36	3	7
2026	28	9	3
2027	7	18	12
2028	18	32	20
2029	8	27	14
2030	37	14	15
2031	34	35	11
2032	19	6	13
2033	18	2	1
2034	31	22	12
2035	16	2	20
2036	0	9	6
2037	36	13	39
2038	17	25	23
2039	1	22	26
2040	3	1	8
2041	29	37	17
2042	15	24	28
2043	11	24	4
2044	27	26	5
2045	26	11	36
2046	17	8	21
2047	29	26	38
2048	20	10	11
2049	25	36	27
2050	3	15	30
2051	40	38	18
2052	1	15	25
2053	16	38	13
2054	25	2	24
2055	23	27	6
2056	37	12	2
2057	2	1	30
2058	38	10	6
2059	16	6	4
2060	8	36	33
2061	9	5	11
2062	37	12	3
2063	33	32	2
2064	18	40	31
2065	6	1	36
2066	12	8	28
2067	14	25	21
2068	36	15	22
2069	1	31	8
2070	24	10	19
2071	40	7	26
2072	24	22	6
2073	27	21	25
2074	12	7	39
2075	40	7	33
2076	12	19	31
2077	18	39	40
2078	33	28	15
2079	8	13	33
2080	26	11	40
2081	29	32	22
2082	27	35	31
2083	27	10	3
2084	17	14	35
2085	2	19	35
2086	7	11	6
2087	26	3	28
2088	40	8	36
2089	11	12	26
2090	19	3	38
2091	6	33	29
2092	28	1	13
2093	16	36	3
2094	27	2	17
2095	16	38	9
2096	20	27	6
2097	30	31	37
2098	29	18	36
2099	28	35	18
2100	16	38	7
2101	35	37	15
2102	14	6	26
2103	18	36	14
2104	30	24	23
2105	12	10	25
2106	40	5	30
2107	13	38	29
2108	4	36	19
2109	31	23	15
2110	18	30	24
2111	1	13	3
2112	37	38	39
2113	1	6	5
2114	13	21	15
2115	16	11	2
2116	30	34	36
2117	2	21	25
2118	16	21	6
2119	1	6	39
2120	18	21	19
2121	10	33	0
2122	16	5	20
2123	27	2	20
2124	21	13	28
2125	24	40	20
2126	35	0	18
2127	18	33	30
2128	24	26	2
2129	9	18	21
2130	4	9	5
2131	14	6	38
2132	1	25	3
2133	2	33	20
2134	32	22	33
2135	12	30	0
2136	17	11	24
2137	16	24	6
2138	37	33	29
2139	17	10	18
2140	29	27	16
2141	16	26	10
2142	20	5	13
2143	14	35	39
2144	15	16	5
2145	30	21	7
2146	14	11	1
2147	30	16	27
2148	35	17	10
2149	24	9	39
2150	20	23	24
2151	14	16	15
2152	9	20	35
2153	15	6	12
2154	33	27	28
2155	13	35	30
2156	12	33	5
2157	6	2	0
2158	4	32	15
2159	9	15	21
2160	30	8	26
2161	22	13	8
2162	32	33	35
2163	16	34	20
2164	25	34	39
2165	11	35	14
2166	11	24	0
2167	25	2	34
2168	8	36	6
2169	23	29	12
2170	29	17	5
2171	29	4	36
2172	12	13	10
2173	27	38	12
2174	33	20	9
2175	10	14	1
2176	11	31	32
2177	3	39	34
2178	5	25	40
2179	20	37	23
2180	31	27	33
2181	40	2	32
2182	1	7	33
2183	28	25	2
2184	16	34	5
2185	35	14	15
2186	35	27	24
2187	13	15	21
2188	30	7	10
2189	2	33	12
2190	40	0	25
2191	33	19	10
2192	19	24	18
2193	28	9	12
2194	29	40	16
2195	2	6	32
2196	20	32	18
2197	26	38	14
2198	22	5	40
2199	2	39	4
2200	31	28	23
2201	34	19	12
2202	12	39	30
2203	30	6	7
2204	4	20	38
2205	29	28	26
2206	35	15	36
2207	21	28	6
2208	5	30	35
2209	28	21	14
2210	23	33	36
2211	31	32	18
2212	14	17	9
2213	23	28	18
2214	21	26	32
2215	40	10	24
2216	24	27	35
2217	36	39	11
2218	1	17	8
2219	0	20	11
2220	14	11	19
2221	21	13	16
2222	30	13	18
2223	7	30	28
2224	30	18	4
2225	29	2	14
2226	13	32	31
2227	37	38	13
2228	32	10	22
2229	23	4	10
2230	11	6	24
2231	16	0	20
2232	21	35	7
2233	28	16	22
2234	7	23	13
2235	2	5	18
2236	11	37	10
2237	30	24	34
2238	37	24	9
2239	1	20	37
2240	6	33	18
2241	27	5	32
2242	30	28	15
2243	31	20	11
2244	7	25	20
2245	18	22	16
2246	8	36	39
2247	25	7	35
2248	31	40	24
2249	4	9	15
2250	16	7	19
2251	18	3	5
2252	24	27	36
2253	40	3	14
2254	38	0	14
2255	18	40	9
2256	8	28	35
2257	8	17	18
2258	33	36	32
2259	16	27	6
2260	21	7	32
2261	5	8	37
2262	10	34	40
2263	24	37	26
2264	27	15	33
2265	40	1	5
2266	39	28	22
2267	32	16	39
2268	4	39	37
2269	8	10	38
2270	24	29	33
2271	8	35	14
2272	13	40	28
2273	8	37	21
2274	33	5	20
2275	33	11	12
2276	10	40	25
2277	14	40	11
2278	22	6	2
2279	40	16	0
2280	5	27	17
2281	11	35	22
2282	8	37	29
2283	6	32	31
2284	16	18	32
2285	9	0	4
2286	36	8	22
2287	7	28	40
2288	2	32	27
2289	7	30	18
2290	0	39	36
2291	29	24	4
2292	7	3	37
2293	19	8	28
2294	26	7	3
2295	39	16	5
2296	30	14	3
2297	12	28	16
2298	14	0	40
2299	27	23	4
2300	2	40	1
2301	6	7	25
2302	40	8	39
2303	28	29	26
2304	34	23	27
2305	10	28	12
2306	5	19	0
2307	12	27	40
2308	33	14	0
2309	30	20	1
2310	0	2	4
2311	3	30	24
2312	6	12	22
2313	5	22	24
2314	35	21	40
2315	17	14	30
2316	2	13	22
2317	39	33	31
2318	15	36	40
2319	23	35	7
2320	39	14	25
2321	3	31	28
2322	1	32	11
2323	13	37	31
2324	11	13	22
2325	32	6	7
2326	36	13	28
2327	14	34	3
2328	20	6	11
2329	23	34	8
2330	32	28	38
2331	5	17	22
2332	4	12	0
2333	20	17	31
2334	2	29	27
2335	24	34	40
2336	14	29	7
2337	31	40	2
2338	10	0	38
2339	9	29	4
2340	8	22	5
2341	38	2	32
2342	9	23	10
2343	12	14	37
2344	13	27	40
2345	22	0	37
2346	8	26	21
2347	6	20	11
2348	18	2	8
2349	28	30	20
2350	4	17	31
2351	9	32	35
2352	20	32	4
2353	34	40	38
2354	36	6	26
2355	26	4	20
2356	37	35	34
2357	34	7	26
2358	38	2	15
2359	30	24	27
2360	26	0	8
2361	20	7	17
2362	24	11	29
2363	23	26	29
2364	9	36	17
2365	13	20	3
2366	2	0	29
2367	32	12	13
2368	21	38	31
2369	9	15	14
2370	18	4	36
2371	15	4	16
2372	30	20	35
2373	6	0	32
2374	38	28	1
2375	3	31	40
2376	28	11	19
2377	15	22	30
2378	18	11	24
2379	39	11	15
2380	2	6	18
2381	14	39	10
2382	35	1	14
2383	39	13	25
2384	27	22	21
2385	17	35	24
2386	30	6	15
2387	39	4	34
2388	27	7	8
2389	37	28	7
2390	35	36	13
2391	32	22	38
2392	12	22	17
2393	4	32	5
2394	10	24	30
2395	23	13	6
2396	17	32	9
2397	19	18	39
2398	12	34	4
2399	28	24	27
2400	29	10	37
2401	39	17	3
2402	1	31	18
2403	22	7	3
2404	13	33	20
2405	31	20	29
2406	20	25	14
2407	11	22	30
2408	37	26	19
2409	36	17	16
2410	30	26	35
2411	30	1	8
2412	28	13	10
2413	2	10	18
2414	32	37	15
2415	30	19	27
2416	10	31	20
2417	14	18	19
2418	22	16	24
2419	32	24	29
2420	40	33	22
2421	2	25	12
2422	12	32	18
2423	34	32	17
2424	30	26	18
2425	13	33	26
2426	36	15	24
2427	12	24	32
2428	10	21	9
2429	24	28	13
2430	2	24	11
2431	0	39	34
2432	39	10	22
2433	33	27	9
2434	31	17	9
2435	39	33	24
2436	18	1	20
2437	38	20	12
2438	15	20	13
2439	20	17	1
2440	7	33	37
2441	10	12	32
2442	12	20	0
2443	39	4	40
2444	13	10	34
2445	32	28	40
2446	16	5	40
2447	35	17	25
2448	17	38	37
2449	28	34	8
2450	39	21	5
2451	13	39	34
2452	32	35	6
2453	35	2	11
2454	36	16	25
2455	23	31	35
2456	21	0	15
2457	2	32	8
2458	26	7	36
2459	3	2	14
2460	13	24	22
2461	12	37	10
2462	16	35	29
2463	30	23	27
2464	22	16	29
2465	40	15	25
2466	0	15	16
2467	11	7	34
2468	38	11	22
2469	28	13	40
2470	4	0	36
2471	36	11	12
2472	15	2	35
2473	14	11	26
2474	20	3	26
2475	17	15	7
2476	13	35	0
2477	11	23	24
2478	25	5	13
2479	25	29	3
2480	3	4	17
2481	12	33	18
2482	15	26	37
2483	32	6	16
2484	40	36	5
2485	33	4	12
2486	36	22	5
2487	2	0	33
2488	1	5	30
2489	15	10	9
2490	7	24	11
2491	14	26	16
2492	22	13	30
2493	27	20	1
2494	1	23	5
2495	11	26	7
2496	0	15	23
2497	23	37	16
2498	6	28	25
2499	24	2	9
2500	4	8	23
2501	23	32	38
2502	31	0	14
2503	25	13	11
2504	31	1	6
2505	20	37	35
2506	38	33	15
2507	17	5	39
2508	23	1	7
2509	9	8	26
2510	8	5	31
2511	40	15	4
2512	8	29	38
2513	29	34	19
2514	0	24	6
2515	19	14	7
2516	7	27	39
2517	9	8	21
2518	35	3	16
2519	19	5	22
2520	33	19	14
2521	34	25	22
2522	11	8	32
2523	31	3	25
2524	35	15	31
2525	22	29	13
2526	6	14	40
2527	1	4	14
2528	35	31	0
2529	25	17	21
2530	2	32	31
2531	1	2	30
2532	14	18	3
2533	13	2	39
2534	23	31	9
2535	28	39	21
2536	20	34	13
2537	8	38	23
2538	4	28	38
2539	35	34	3
2540	40	39	37
2541	30	8	1
2542	36	4	37
2543	22	34	13
2544	39	12	18
2545	1	27	35
2546	1	32	0
2547	36	3	35
2548	33	14	4
2549	40	25	32
2550	31	4	17
2551	14	26	27
2552	11	18	30
2553	13	11	21
2554	16	0	37
2555	8	40	27
2556	16	4	28
2557	12	32	10
2558	29	6	14
2559	0	11	10
2560	39	36	33
2561	30	26	23
2562	24	1	32
2563	3	9	4
2564	39	29	17
2565	2	13	5
2566	5	39	15
2567	14	4	7
2568	19	11	18
2569	10	26	38
2570	31	12	30
2571	0	1	27
2572	27	18	24
2573	14	29	6
2574	36	32	34
2575	6	1	18
2576	4	32	5
2577	33	25	9
2578	40	23	27
2579	23	22	17
2580	14	22	27
2581	13	30	39
2582	17	1	9
2583	40	2	1
2584	30	19	15
2585	4	36	15
2586	1	26	20
2587	32	10	1
2588	19	12	37
2589	32	15	17
2590	25	34	23
2591	0	25	32
2592	4	35	1
2593	26	21	6
2594	10	26	16
2595	32	21	17
2596	33	23	27
2597	9	17	8
2598	4	7	34
2599	19	4	2
2600	20	29	22
2601	23	11	0
2602	23	36	35
2603	32	37	14
2604	6	16	9
2605	26	17	13
2606	26	25	35
2607	4	22	10
2608	15	33	22
2609	36	23	21
2610	9	14	18
2611	18	26	25
2612	18	25	31
2613	30	25	38
2614	12	8	7
2615	17	28	40
2616	15	28	2
2617	17	3	6
2618	26	23	4
2619	29	16	11
2620	40	9	7
2621	37	40	24
2622	34	22	0
2623	3	22	18
2624	20	11	23
2625	15	21	35
2626	7	30	23
2627	5	25	21
2628	33	10	11
2629	11	21	37
2630	0	14	4
2631	1	39	30
2632	31	21	39
2633	35	10	3
2634	40	26	27
2635	2	23	30
2636	17	36	19
2637	2	34	33
2638	14	29	4
2639	5	12	40
2640	8	27	35
2641	15	16	2
2642	39	14	11
2643	9	4	0
2644	11	17	19
2645	10	8	27
2646	12	34	11
2647	18	11	12
2648	17	36	8
2649	22	5	30
2650	21	18	6
2651	40	16	38
2652	38	18	3
2653	36	16	25
2654	40	20	37
2655	12	3	7
2656	23	9	5
2657	10	18	32
2658	2	25	39
2659	32	36	35
2660	4	23	39
2661	13	27	26
2662	35	11	25
2663	21	37	16
2664	39	36	35
2665	13	23	3
2666	8	18	38
2667	39	19	0
2668	23	30	22
2669	19	4	40
2670	7	29	2
2671	23	2	4
2672	30	23	35
2673	11	0	10
2674	40	28	17
2675	13	15	3
2676	1	4	26
2677	4	31	33
2678	14	19	26
2679	8	0	7
2680	28	25	23
2681	40	23	15
2682	12	32	29
2683	2	9	10
2684	0	15	37
2685	19	22	8
2686	1	19	28
2687	9	24	3
2688	29	4	38
2689	31	1	37
2690	26	11	31
2691	2	24	33
2692	20	37	27
2693	39	34	14
2694	8	11	9
2695	3	35	10
2696	32	37	3
2697	30	9	33
2698	32	1	33
2699	35	32	13
2700	4	37	32
2701	29	7	32
2702	2	7	19
2703	39	30	34
2704	29	23	16
2705	12	17	14
2706	16	12	24
2707	27	36	5
2708	2	23	38
2709	32	13	4
2710	3	24	36
2711	24	0	17
2712	2	25	22
2713	17	12	21
2714	11	19	37
2715	29	38	7
2716	37	29	23
2717	1	7	18
2718	13	3	24
2719	24	5	1
2720	37	23	31
2721	8	28	9
2722	24	0	25
2723	39	29	38
2724	38	4	16
2725	11	6	39
2726	27	38	30
2727	37	36	40
2728	5	29	3
2729	16	12	11
2730	30	13	29
2731	4	10	35
2732	22	32	24
2733	6	16	25
2734	28	15	16
2735	34	18	5
2736	1	0	29
2737	14	32	27
2738	2	31	21
2739	2	34	23
2740	38	36	5
2741	3	36	17
2742	19	1	9
2743	13	5	12
2744	12	7	15
2745	9	10	32
2746	30	7	27
2747	37	36	32
2748	4	33	5
2749	1	22	37
2750	16	11	15
2751	27	26	1
2752	2	18	10
2753	35	24	21
2754	34	9	24
2755	19	15	6
2756	38	10	7
2757	14	33	11
2758	13	4	16
2759	35	12	17
2760	36	9	28
2761	13	24	17
2762	9	20	19
2763	17	0	12
2764	39	11	2
2765	17	22	10
2766	30	17	21
2767	22	12	31
2768	27	7	2
2769	12	39	5
2770	23	19	26
2771	2	18	8
2772	35	4	1
2773	14	23	22
2774	39	32	20
2775	32	40	11
2776	23	11	17
2777	14	30	21
2778	29	39	3
2779	26	3	4
2780	39	26	18
2781	15	7	19
2782	20	40	15
2783	31	5	23
2784	34	18	26
2785	37	7	19
2786	32	2	5
2787	1	22	28
2788	12	31	22
2789	27	37	15
2790	24	5	2
2791	32	37	35
2792	22	18	16
2793	24	8	40
2794	16	38	26
2795	4	31	33
2796	37	34	1
2797	40	18	33
2798	15	35	26
2799	32	25	38
2800	12	35	23
2801	21	26	0
2802	25	20	10
2803	12	6	4
2804	18	37	12
2805	8	19	7
2806	30	18	23
2807	34	8	29
2808	3	37	34
2809	16	20	26
2810	26	14	39
2811	9	39	25
2812	9	25	7
2813	34	3	6
2814	31	30	24
2815	20	40	13
2816	37	28	25
2817	24	28	8
2818	21	30	4
2819	36	38	6
2820	16	33	21
2821	5	32	36
2822	12	7	20
2823	32	0	39
2824	32	5	31
2825	7	15	14
2826	20	30	29
2827	8	26	22
2828	40	23	20
2829	11	38	37
2830	38	30	15
2831	19	16	26
2832	13	29	38
2833	9	10	34
2834	18	19	15
2835	11	2	26
2836	21	11	24
2837	4	28	40
2838	2	13	36
2839	10	39	13
2840	17	32	14
2841	1	10	26
2842	3	23	14
2843	18	22	6
2844	31	8	12
2845	37	24	11
2846	33	18	21
2847	10	31	37
2848	7	38	37
2849	25	27	8
2850	9	20	23
2851	12	37	16
2852	21	25	8
2853	27	18	0
2854	6	28	34
2855	29	13	2
2856	25	35	1
2857	5	14	30
2858	28	18	30
2859	36	1	18
2860	32	38	23
2861	9	28	25
2862	32	16	28
2863	29	4	26
2864	4	11	2
2865	27	11	35
2866	12	10	22
2867	4	26	22
2868	32	23	36
2869	40	31	14
2870	17	28	34
2871	1	13	38
2872	18	38	37
2873	12	8	31
2874	2	40	4
2875	37	24	10
2876	11	12	36
2877	25	8	26
2878	23	26	5
2879	10	28	21
2880	18	5	25
2881	18	32	37
2882	36	14	39
2883	37	24	10
2884	23	12	32
2885	5	29	8
2886	30	9	35
2887	39	31	23
2888	24	26	8
2889	20	15	7
2890	35	19	10
2891	6	14	13
2892	26	29	20
2893	19	3	37
2894	20	3	26
2895	30	5	34
2896	36	28	1
2897	15	32	16
2898	40	20	5
2899	20	2	22
2900	6	27	13
2901	37	25	28
2902	18	9	7
2903	20	35	29
2904	16	19	32
2905	3	26	10
2906	18	10	21
2907	37	38	8
2908	21	15	23
2909	17	25	0
2910	19	24	23
2911	0	36	35
2912	40	11	12
2913	3	8	10
2914	3	24	5
2915	28	1	37
2916	7	11	14
2917	20	30	10
2918	37	25	13
2919	5	19	36
2920	24	39	3
2921	15	3	24
2922	33	34	8
2923	36	40	2
2924	23	13	19
2925	25	34	8
2926	36	5	34
2927	1	14	29
2928	34	13	21
2929	15	7	31
2930	38	36	6
2931	7	18	20
2932	12	33	24
2933	6	19	40
2934	34	36	21
2935	30	5	0
2936	24	20	30
2937	8	18	6
2938	11	8	1
2939	38	24	35
2940	1	12	39
2941	9	15	28
2942	34	26	28
2943	0	39	16
2944	26	25	13
2945	10	19	5
2946	40	23	2
2947	26	1	34
2948	33	23	20
2949	40	10	6
2950	18	30	34
2951	26	37	15
2952	18	8	13
2953	24	16	13
2954	22	30	23
2955	17	39	28
2956	36	27	34
2957	30	37	25
2958	30	0	38
2959	30	14	5
2960	28	16	26
2961	11	7	4
2962	9	28	36
2963	40	18	6
2964	26	0	40
2965	20	23	0
2966	37	22	20
2967	23	30	1
2968	24	1	14
2969	9	38	20
2970	1	7	8
2971	29	40	18
2972	10	21	12
2973	15	28	7
2974	15	22	36
2975	38	36	16
2976	30	14	22
2977	6	36	25
2978	40	34	25
2979	26	3	17
2980	14	36	40
2981	13	30	40
2982	17	32	15
2983	14	23	16
2984	25	37	19
2985	12	16	35
2986	22	14	31
2987	23	9	0
2988	2	33	0
2989	37	36	7
2990	15	4	20
2991	2	19	29
2992	19	31	15
2993	20	14	7
2994	40	27	19
2995	11	17	6
2996	27	39	8
2997	37	2	39
2998	3	17	0
2999	21	22	26
3000	18	0	33
3001	27	34	2
3002	30	22	34
3003	25	36	20
3004	28	0	13
3005	10	14	0
3006	39	29	12
3007	25	9	17
3008	35	18	37
3009	40	20	25
3010	24	0	40
3011	31	21	39
3012	34	7	22
3013	7	9	34
3014	33	38	22
3015	37	13	21
3016	6	7	13
3017	31	26	36
3018	3	9	7
3019	18	3	31
3020	33	7	31
3021	16	34	8
3022	6	10	25
3023	23	32	21
3024	21	32	16
3025	29	34	9
3026	30	25	17
3027	31	0	21
3028	8	2	25
3029	8	22	12
3030	0	13	29
3031	5	31	36
3032	3	6	11
3033	40	34	35
3034	5	24	37
3035	17	14	0
3036	14	21	40
3037	27	12	11
3038	26	25	39
3039	29	39	38
3040	12	4	30
3041	12	8	37
3042	25	37	24
3043	0	5	21
3044	16	4	38
3045	29	19	18
3046	15	22	36
3047	38	28	24
3048	16	13	38
3049	3	9	18
3050	2	25	17
3051	17	26	8
3052	30	25	14
3053	5	28	27
3054	22	33	31
3055	20	25	23
3056	10	5	34
3057	17	3	21
3058	22	33	23
3059	8	32	33
3060	0	21	6
3061	27	4	18
3062	5	17	10
3063	36	31	27
3064	35	4	22
3065	18	13	8
3066	9	18	13
3067	9	34	39
3068	23	34	31
3069	11	36	13
3070	35	26	39
3071	9	39	30
3072	5	30	13
3073	39	31	20
3074	15	37	9
3075	17	18	19
3076	34	27	2
3077	29	0	7
3078	27	8	15
3079	24	21	39
3080	0	5	30
3081	30	23	0
3082	20	27	28
3083	31	21	28
3084	38	18	26
3085	30	7	3
3086	3	25	7
3087	4	27	29
3088	20	21	25
3089	25	12	13
3090	2	18	1
3091	19	15	13
3092	34	23	22
3093	29	1	40
3094	28	18	37
3095	22	27	15
3096	19	3	23
3097	39	32	26
3098	10	6	22
3099	16	11	37
3100	25	28	7
3101	25	21	8
3102	15	11	25
3103	36	33	22
3104	24	26	0
3105	7	16	39
3106	14	6	33
3107	8	14	3
3108	23	2	21
3109	9	31	34
3110	12	30	35
3111	19	4	10
3112	35	16	36
3113	1	0	19
3114	15	24	17
3115	0	29	22
3116	3	29	20
3117	16	33	13
3118	37	10	19
3119	3	39	33
3120	15	20	36
3121	12	3	30
3122	6	32	18
3123	32	9	13
3124	6	12	10
3125	31	8	19
3126	35	13	28
3127	38	8	23
3128	17	10	4
3129	34	11	8
3130	1	39	36
3131	8	31	19
3132	40	33	7
3133	40	32	29
3134	31	38	1
3135	15	16	13
3136	10	35	39
3137	11	34	15
3138	35	2	37
3139	25	16	17
3140	32	8	9
3141	21	39	15
3142	25	31	11
3143	33	5	34
3144	18	28	21
3145	3	20	23
3146	19	16	11
3147	26	36	39
3148	32	5	15
3149	1	15	31
3150	6	12	10
3151	22	27	24
3152	16	22	3
3153	8	21	6
3154	40	18	35
3155	28	30	8
3156	21	33	31
3157	39	17	6
3158	20	33	8
3159	6	23	24
3160	31	9	3
3161	34	21	15
3162	37	24	15
3163	6	5	19
3164	21	25	39
3165	16	12	13
3166	6	10	22
3167	15	9	13
3168	26	37	40
3169	23	8	28
3170	10	3	19
3171	23	7	27
3172	17	25	40
3173	28	7	20
3174	29	37	10
3175	21	8	19
3176	37	36	24
3177	9	19	39
3178	30	11	19
3179	5	38	23
3180	20	12	1
3181	26	35	12
3182	31	17	36
3183	16	26	37
3184	40	18	3
3185	35	16	17
3186	15	39	26
3187	8	37	30
3188	23	11	1
3189	32	28	9
3190	19	28	3
3191	20	16	29
3192	22	1	9
3193	20	22	36
3194	10	11	21
3195	30	5	35
3196	19	40	12
3197	31	3	6
3198	16	36	33
3199	16	23	29
3200	35	8	12
3201	1	36	32
3202	15	19	7
3203	4	25	5
3204	21	9	18
3205	12	4	2
3206	31	1	7
3207	31	17	0
3208	20	23	37
3209	38	24	0
3210	16	6	2
3211	25	12	6
3212	22	39	24
3213	10	36	13
3214	8	35	39
3215	30	24	40
3216	12	2	24
3217	7	27	37
3218	17	25	35
3219	9	24	34
3220	20	21	19
3221	13	12	39
3222	36	13	11
3223	35	2	15
3224	17	35	0
3225	17	4	35
3226	37	29	17
3227	40	34	2
3228	16	23	3
3229	35	20	39
3230	31	3	30
3231	40	15	19
3232	6	23	22
3233	33	7	20
3234	21	17	28
3235	7	32	11
3236	21	0	22
3237	11	8	15
3238	14	33	26
3239	24	28	36
3240	23	29	35
3241	31	36	7
3242	1	18	21
3243	26	23	17
3244	27	35	37
3245	22	33	0
3246	4	8	15
3247	27	33	15
3248	33	9	0
3249	32	10	30
3250	10	19	6
3251	18	25	12
3252	2	35	15
3253	36	19	21
3254	34	5	1
3255	38	6	39
3256	5	22	9
3257	35	14	31
3258	10	26	7
3259	19	35	40
3260	4	26	30
3261	13	11	27
3262	0	10	12
3263	32	15	29
3264	31	33	20
3265	36	5	39
3266	3	28	21
3267	0	19	14
3268	6	18	33
3269	33	40	23
3270	30	14	16
3271	17	13	2
3272	11	32	37
3273	12	21	9
3274	37	1	22
3275	15	11	25
3276	4	32	2
3277	9	17	2
3278	36	33	13
3279	2	31	39
3280	20	29	1
3281	21	11	20
3282	29	13	8
3283	17	20	26
3284	21	18	5
3285	12	4	22
3286	31	4	36
3287	20	7	10
3288	25	0	14
3289	8	3	5
3290	21	15	19
3291	8	35	7
3292	35	9	7
3293	36	31	4
3294	7	17	28
3295	40	30	28
3296	27	30	36
3297	14	34	20
3298	21	38	40
3299	16	37	19
3300	15	10	33
3301	26	15	35
3302	9	26	38
3303	9	1	0
3304	5	0	27
3305	0	28	17
3306	36	6	30
3307	29	31	22
3308	40	6	16
3309	32	22	20
3310	1	6	29
3311	24	33	15
3312	31	32	9
3313	35	5	6
3314	4	1	15
3315	6	29	30
3316	20	35	27
3317	37	2	30
3318	3	30	36
3319	12	24	35
3320	25	23	32
3321	18	12	28
3322	3	18	20
3323	1	7	24
3324	34	28	11
3325	3	24	33
3326	32	27	29
3327	31	26	19
3328	10	4	19
3329	18	1	25
3330	23	15	28
3331	13	32	11
3332	1	24	11
3333	3	1	32
3334	3	5	25
3335	7	17	14
3336	26	7	16
3337	21	11	6
3338	39	16	33
3339	24	7	15
3340	18	0	32
3341	22	35	6
3342	14	34	29
3343	17	13	4
3344	10	13	15
3345	32	36	28
3346	38	25	23
3347	37	28	38
3348	20	40	32
3349	20	29	40
3350	33	17	27
3351	13	6	37
3352	40	38	7
3353	13	9	39
3354	14	32	26
3355	18	12	29
3356	21	2	15
3357	35	7	32
3358	18	39	21
3359	11	39	34
3360	17	25	5
3361	11	21	13
3362	37	29	26
3363	25	19	18
3364	13	26	9
3365	9	37	32
3366	16	27	12
3367	32	18	5
3368	25	7	11
3369	16	10	0
3370	7	11	10
3371	36	0	14
3372	34	24	14
3373	21	7	9
3374	19	16	24
3375	28	17	25
3376	27	35	1
3377	31	14	4
3378	39	12	4
3379	8	19	16
3380	17	19	0
3381	12	30	40
3382	2	40	11
3383	26	7	28
3384	32	35	16
3385	22	35	19
3386	26	9	22
3387	14	33	8
3388	5	39	9
3389	30	20	32
3390	0	20	32
3391	34	25	32
3392	39	17	13
3393	38	36	40
3394	0	19	31
3395	13	40	4
3396	12	8	27
3397	15	37	35
3398	10	34	33
3399	4	28	24
3400	30	28	26
3401	7	3	2
3402	24	16	6
3403	10	36	0
3404	15	1	8
3405	11	16	29
3406	1	18	14
3407	16	39	10
3408	21	11	35
3409	36	20	37
3410	21	11	34
3411	28	12	27
3412	20	25	37
3413	3	2	8
3414	16	9	15
3415	16	0	33
3416	17	38	24
3417	10	20	1
3418	34	35	36
3419	0	18	8
3420	15	23	21
3421	23	37	18
3422	0	16	22
3423	18	3	10
3424	7	25	26
3425	24	28	34
3426	25	18	0
3427	27	11	28
3428	32	24	33
3429	21	30	10
3430	35	22	23
3431	12	33	23
3432	25	26	34
3433	6	9	33
3434	16	35	18
3435	39	12	13
3436	7	37	9
3437	5	26	20
3438	0	36	8
3439	36	39	18
3440	17	29	34
3441	11	37	23
3442	20	7	19
3443	37	2	11
3444	35	33	30
3445	19	4	24
3446	12	26	36
3447	26	31	37
3448	8	5	38
3449	19	29	30
3450	2	15	9
3451	22	39	35
3452	6	5	16
3453	40	15	24
3454	40	31	3
3455	40	35	13
3456	10	33	16
3457	37	2	23
3458	27	6	11
3459	13	8	14
3460	11	0	7
3461	31	5	33
3462	29	37	7
3463	14	23	10
3464	11	36	33
3465	31	30	33
3466	22	0	26
3467	7	34	40
3468	25	18	12
3469	13	2	12
3470	38	25	16
3471	37	38	0
3472	35	37	11
3473	11	5	9
3474	3	30	19
3475	5	21	4
3476	30	12	21
3477	0	24	18
3478	11	2	30
3479	39	6	21
3480	0	40	28
3481	23	18	27
3482	34	23	28
3483	19	18	40
3484	36	34	19
3485	17	35	33
3486	15	0	21
3487	38	10	5
3488	4	2	13
3489	15	1	22
3490	28	37	34
3491	29	26	1
3492	15	25	1
3493	32	14	24
3494	3	10	12
3495	2	12	38
3496	23	11	12
3497	21	6	22
3498	38	26	15
3499	37	39	12
3500	27	32	12
3501	31	23	32
3502	10	19	36
3503	6	1	31
3504	6	18	13
3505	28	26	25
3506	2	35	18
3507	8	17	13
3508	2	34	39
3509	37	40	20
3510	40	16	5
3511	32	27	28
3512	6	35	24
3513	32	24	2
3514	10	15	16
3515	17	13	29
3516	15	0	12
3517	35	21	15
3518	2	11	23
3519	32	24	30
3520	24	40	25
3521	31	10	33
3522	19	23	40
3523	31	17	10
3524	5	7	26
3525	31	35	11
3526	24	3	40
3527	15	10	20
3528	33	35	4
3529	40	30	31
3530	33	30	9
3531	14	39	36
3532	39	13	3
3533	29	34	11
3534	25	15	10
3535	2	17	27
3536	25	26	36
3537	18	39	24
3538	28	29	40
3539	36	34	21
3540	12	39	8
3541	21	7	15
3542	15	31	32
3543	10	31	34
3544	28	14	10
3545	22	31	33
3546	2	25	19
3547	25	34	16
3548	21	16	23
3549	5	3	21
3550	25	15	21
3551	17	38	16
3552	11	31	37
3553	23	25	40
3554	20	36	5
3555	9	15	11
3556	24	14	9
3557	5	32	28
3558	39	8	7
3559	26	9	27
3560	2	6	35
3561	9	39	37
3562	10	20	13
3563	34	26	20
3564	17	24	31
3565	26	7	35
3566	37	10	36
3567	7	1	28
3568	33	15	19
3569	10	35	22
3570	14	35	15
3571	11	23	25
3572	18	12	15
3573	9	5	23
3574	0	33	6
3575	32	4	29
3576	38	20	40
3577	12	4	19
3578	28	10	13
3579	23	17	3
3580	36	39	31
3581	20	5	18
3582	17	33	10
3583	19	28	32
3584	2	40	21
3585	23	36	2
3586	24	19	31
3587	18	30	40
3588	10	38	0
3589	6	40	28
3590	13	27	14
3591	3	7	9
3592	7	28	27
3593	1	24	9
3594	39	18	2
3595	33	2	22
3596	29	12	7
3597	14	25	12
3598	2	30	11
3599	16	37	9
3600	27	39	30
3601	22	39	14
3602	21	30	16
3603	7	33	32
3604	6	7	18
3605	31	0	9
3606	35	37	26
3607	15	40	26
3608	35	33	29
3609	40	1	35
3610	10	29	22
3611	29	8	25
3612	3	21	2
3613	39	14	26
3614	12	23	3
3615	25	38	8
3616	39	19	13
3617	23	40	6
3618	37	22	30
3619	29	22	32
3620	0	12	37
3621	30	21	5
3622	33	21	25
3623	16	13	11
3624	21	31	22
3625	8	3	30
3626	8	6	27
3627	1	12	29
3628	30	21	33
3629	24	33	22
3630	5	33	3
3631	3	17	8
3632	34	6	17
3633	19	13	6
3634	29	16	22
3635	28	12	15
3636	10	39	12
3637	26	0	35
3638	16	19	27
3639	34	29	3
3640	4	14	36
3641	31	17	35
3642	13	14	21
3643	39	37	27
3644	2	22	8
3645	12	6	39
3646	32	27	0
3647	24	20	23
3648	38	32	37
3649	33	17	22
3650	30	40	21
3651	19	11	39
3652	10	31	33
3653	4	15	8
3654	20	40	21
3655	10	34	20
3656	32	5	21
3657	3	33	26
3658	30	23	10
3659	38	14	25
3660	16	11	2
3661	4	5	26
3662	8	0	5
3663	13	28	14
3664	35	33	17
3665	18	14	22
3666	31	9	4
3667	25	23	26
3668	14	7	37
3669	40	35	32
3670	19	0	9
3671	25	11	17
3672	25	38	24
3673	26	4	25
3674	39	31	28
3675	16	4	18
3676	0	40	27
3677	22	14	20
3678	40	0	37
3679	10	33	40
3680	24	0	31
3681	37	6	1
3682	10	29	15
3683	1	10	20
3684	4	38	12
3685	2	12	18
3686	29	36	25
3687	35	27	4
3688	18	14	38
3689	26	30	29
3690	40	27	34
3691	35	26	34
3692	38	9	11
3693	32	9	38
3694	16	21	15
3695	32	9	0
3696	21	3	15
3697	4	35	26
3698	37	11	15
3699	26	4	24
3700	0	24	30
3701	33	40	38
3702	9	33	13
3703	12	20	3
3704	29	1	6
3705	15	25	14
3706	17	26	34
3707	29	15	26
3708	32	6	39
3709	5	21	37
3710	19	0	33
3711	12	31	8
3712	7	6	15
3713	11	31	30
3714	6	20	13
3715	37	24	1
3716	32	10	26
3717	11	19	7
3718	21	25	32
3719	1	0	28
3720	6	19	38
3721	25	40	30
3722	31	29	35
3723	32	19	13
3724	20	16	38
3725	40	20	13
3726	39	20	34
3727	3	7	32
3728	10	39	25
3729	0	31	10
3730	9	10	30
3731	37	2	25
3732	26	39	23
3733	0	15	32
3734	3	0	17
3735	10	11	5
3736	13	7	2
3737	37	18	28
3738	2	8	34
3739	0	31	26
3740	8	0	5
3741	37	7	0
3742	36	29	35
3743	17	4	18
3744	11	9	36
3745	31	4	25
3746	3	35	12
3747	5	39	38
3748	33	28	40
3749	32	26	12
3750	39	25	9
3751	31	20	26
3752	9	31	21
3753	35	19	5
3754	4	27	18
3755	28	14	39
3756	39	10	7
3757	12	38	37
3758	36	2	27
3759	8	21	32
3760	20	38	37
3761	4	5	33
3762	5	27	36
3763	5	26	23
3764	26	23	37
3765	10	35	26
3766	24	1	13
3767	11	27	28
3768	8	12	6
3769	10	11	28
3770	20	35	12
3771	25	31	32
3772	2	3	34
3773	35	20	3
3774	13	11	36
3775	38	2	28
3776	33	15	29
3777	20	4	26
3778	1	31	11
3779	20	34	37
3780	34	11	4
3781	1	3	8
3782	5	22	6
3783	24	39	23
3784	38	23	36
3785	17	10	34
3786	4	13	38
3787	26	10	20
3788	25	28	23
3789	6	37	8
3790	35	4	39
3791	19	6	22
3792	18	19	16
3793	24	29	37
3794	9	6	3
3795	19	11	35
3796	1	39	2
3797	0	40	32
3798	35	22	11
3799	20	4	39
3800	33	23	6
3801	24	34	7
3802	16	9	24
3803	13	40	3
3804	33	22	5
3805	1	28	36
3806	15	40	27
3807	3	27	15
3808	31	37	18
3809	27	33	8
3810	31	7	39
3811	21	27	0
3812	36	34	9
3813	40	18	30
3814	22	19	21
3815	35	38	23
3816	6	17	4
3817	37	21	12
3818	34	4	1
3819	18	25	11
3820	23	3	34
3821	17	10	35
3822	20	21	29
3823	37	15	9
3824	28	20	40
3825	26	33	28
3826	1	26	5
3827	25	38	36
3828	33	4	30
3829	30	26	0
3830	5	22	8
3831	28	5	2
3832	35	10	22
3833	38	17	13
3834	30	2	7
3835	5	3	18
3836	15	35	10
3837	10	6	35
3838	9	37	1
3839	4	23	36
3840	27	8	15
3841	37	19	31
3842	18	36	31
3843	7	36	13
3844	3	7	1
3845	21	8	37
3846	0	8	39
3847	21	3	13
3848	20	32	13
3849	39	12	40
3850	13	9	6
3851	26	2	4
3852	24	20	1
3853	1	0	9
3854	3	5	25
3855	39	20	1
3856	11	2	7
3857	10	19	36
3858	7	23	16
3859	16	7	33
3860	13	27	24
3861	20	40	26
3862	7	8	3
3863	40	27	35
3864	15	0	9
3865	35	2	37
3866	38	12	31
3867	0	10	37
3868	35	15	6
3869	8	37	19
3870	1	0	12
3871	33	7	26
3872	22	36	28
3873	32	10	21
3874	4	9	2
3875	3	11	22
3876	33	39	36
3877	11	17	34
3878	29	7	11
3879	35	25	2
3880	28	30	32
3881	1	36	20
3882	7	32	24
3883	22	20	2
3884	35	24	29
3885	25	37	39
3886	16	34	3
3887	14	29	19
3888	40	5	13
3889	5	34	36
3890	38	16	26
3891	22	18	31
3892	9	32	24
3893	27	7	33
3894	26	20	39
3895	26	9	7
3896	32	37	14
3897	12	38	32
3898	17	29	10
3899	15	4	12
3900	0	20	26
3901	4	7	34
3902	5	17	39
3903	22	37	19
3904	17	19	11
3905	3	36	20
3906	5	38	12
3907	35	22	40
3908	34	9	18
3909	30	36	15
3910	35	1	32
3911	34	8	25
3912	14	22	24
3913	13	4	14
3914	11	36	40
3915	14	16	13
3916	9	4	38
3917	26	33	35
3918	8	20	9
3919	40	21	5
3920	15	38	34
3921	31	9	14
3922	10	0	6
3923	6	14	20
3924	26	25	2
3925	6	23	12
3926	29	0	26
3927	27	10	35
3928	3	32	25
3929	36	25	10
3930	40	17	15
3931	27	5	19
3932	15	36	22
3933	26	24	19
3934	31	14	11
3935	32	6	34
3936	11	33	38
3937	20	27	35
3938	39	12	9
3939	40	13	38
3940	33	39	31
3941	23	33	14
3942	34	15	1
3943	32	19	30
3944	1	14	16
3945	20	34	17
3946	17	21	36
3947	32	35	6
3948	2	5	14
3949	25	27	0
3950	27	38	35
3951	12	3	9
3952	36	22	15
3953	33	1	29
3954	30	8	33
3955	36	4	8
3956	2	17	12
3957	32	13	24
3958	6	20	35
3959	22	16	5
3960	16	5	37
3961	30	11	3
3962	25	14	36
3963	2	35	28
3964	6	30	8
3965	37	7	34
3966	40	24	29
3967	29	33	7
3968	35	1	3
3969	26	0	28
3970	5	15	39
3971	31	2	38
3972	31	15	19
3973	34	16	14
3974	21	2	31
3975	15	5	7
3976	20	28	35
3977	35	9	39
3978	21	18	36
3979	32	25	16
3980	10	35	18
3981	23	38	18
3982	16	10	19
3983	5	7	33
3984	10	15	28
3985	18	0	31
3986	24	14	6
3987	9	14	3
3988	5	0	30
3989	32	12	11
3990	26	11	35
3991	20	33	18
3992	7	1	20
3993	39	17	3
3994	11	28	34
3995	8	4	34
3996	29	18	38
3997	11	37	39
3998	5	16	9
3999	18	0	21
4000	37	21	8
4001	16	29	20
4002	35	36	38
4003	5	11	32
4004	22	12	36
4005	5	27	30
4006	30	4	31
4007	10	2	13
4008	8	28	7
4009	23	9	21
4010	33	34	7
4011	26	0	7
4012	14	39	3
4013	28	37	20
4014	17	19	6
4015	3	36	26
4016	18	3	26
4017	3	15	4
4018	23	30	31
4019	31	29	22
4020	36	27	37
4021	33	26	19
4022	27	17	18
4023	27	8	20
4024	36	23	25
4025	15	4	35
4026	5	10	15
4027	27	2	0
4028	36	13	15
4029	13	14	12
4030	39	12	31
4031	21	20	7
4032	37	34	1
4033	34	28	1
4034	15	10	25
4035	15	26	2
4036	29	12	28
4037	21	31	29
4038	0	32	10
4039	6	24	27
4040	23	15	26
4041	9	40	0
4042	15	5	25
4043	24	19	37
4044	30	39	40
4045	36	5	35
4046	3	32	12
4047	5	32	25
4048	3	1	11
4049	24	1	34
4050	32	0	11
4051	6	2	9
4052	36	16	15
4053	20	26	38
4054	28	11	4
4055	37	32	18
4056	26	14	39
4057	28	27	9
4058	1	35	37
4059	11	10	6
4060	26	33	5
4061	24	35	28
4062	13	19	28
4063	36	9	6
4064	32	1	13
4065	26	39	5
4066	13	35	19
4067	6	38	28
4068	10	40	26
4069	25	16	30
4070	34	9	18
4071	19	12	23
4072	18	32	39
4073	28	34	3
4074	27	0	2
4075	20	24	36
4076	17	20	31
4077	4	39	28
4078	36	40	27
4079	37	7	25
4080	13	30	0
4081	5	33	8
4082	6	34	38
4083	10	33	4
4084	0	33	7
4085	28	39	17
4086	9	1	25
4087	36	26	32
4088	11	38	6
4089	35	17	33
4090	25	14	9
4091	0	37	12
4092	30	2	24
4093	6	40	24
4094	30	34	2
4095	0	34	9
4096	4	19	22
4097	9	17	6
4098	39	13	29
4099	32	14	40
4100	29	0	23
4101	34	8	26
4102	18	37	1
4103	14	29	13
4104	0	24	27
4105	30	14	35
4106	12	34	28
4107	8	22	33
4108	32	27	2
4109	12	28	0
4110	0	33	35
4111	39	3	27
4112	30	33	35
4113	2	0	37
4114	21	31	5
4115	4	15	34
4116	14	25	16
4117	35	27	32
4118	23	40	36
4119	31	12	10
4120	22	0	39
4121	14	26	32
4122	0	20	28
4123	25	17	23
4124	28	33	35
4125	25	22	36
4126	29	40	32
4127	21	14	10
4128	21	1	39
4129	19	39	22
4130	19	37	33
4131	11	22	25
4132	17	31	30
4133	3	7	36
4134	19	16	36
4135	7	38	20
4136	0	25	2
4137	16	28	9
4138	38	25	14
4139	35	36	23
4140	21	39	2
4141	13	22	39
4142	24	17	7
4143	8	17	35
4144	25	1	31
4145	1	25	17
4146	19	27	8
4147	33	4	39
4148	4	37	5
4149	11	39	30
4150	35	39	13
4151	0	34	4
4152	7	0	22
4153	37	30	40
4154	24	35	38
4155	21	28	7
4156	24	5	28
4157	19	30	13
4158	19	13	25
4159	38	37	39
4160	21	34	1
4161	36	17	6
4162	24	12	2
4163	15	39	36
4164	30	19	37
4165	33	22	26
4166	11	36	35
4167	18	5	7
4168	34	1	35
4169	6	20	37
4170	37	21	28
4171	23	3	9
4172	28	14	19
4173	10	9	0
4174	27	35	10
4175	30	22	8
4176	8	28	11
4177	28	24	38
4178	25	2	10
4179	23	0	12
4180	31	35	30
4181	19	30	32
4182	5	40	15
4183	2	26	10
4184	22	28	31
4185	33	26	10
4186	40	27	2
4187	36	35	12
4188	0	5	36
4189	35	3	6
4190	25	31	2
4191	9	35	1
4192	33	22	24
4193	20	31	19
4194	23	32	1
4195	4	40	33
4196	39	15	40
4197	14	33	29
4198	26	12	20
4199	13	27	9
4200	39	27	28
4201	26	16	15
4202	37	4	21
4203	10	2	8
4204	10	40	9
4205	10	34	7
4206	14	5	18
4207	13	33	20
4208	23	4	35
4209	15	24	6
4210	11	12	17
4211	28	37	7
4212	17	40	39
4213	2	11	37
4214	11	12	9
4215	22	13	2
4216	25	13	36
4217	16	39	32
4218	19	26	3
4219	36	18	32
4220	26	31	25
4221	40	38	7
4222	32	28	33
4223	20	1	16
4224	30	5	18
4225	8	40	10
4226	5	23	37
4227	21	40	37
4228	14	31	36
4229	28	6	36
4230	36	16	23
4231	13	11	17
4232	40	15	28
4233	34	23	9
4234	39	15	14
4235	3	16	38
4236	25	1	35
4237	5	40	26
4238	2	3	17
4239	10	4	17
4240	15	22	28
4241	40	20	27
4242	2	1	26
4243	17	30	18
4244	9	39	15
4245	15	30	32
4246	29	1	9
4247	2	8	6
4248	28	16	35
4249	39	4	19
4250	13	17	23
4251	19	34	37
4252	18	23	37
4253	9	34	10
4254	2	34	20
4255	17	37	2
4256	26	27	32
4257	32	10	30
4258	19	14	8
4259	26	19	11
4260	30	15	5
4261	6	0	21
4262	38	2	4
4263	26	2	18
4264	6	18	28
4265	30	4	0
4266	38	12	20
4267	8	32	28
4268	33	37	6
4269	29	17	34
4270	33	16	0
4271	1	17	9
4272	28	21	24
4273	10	2	35
4274	12	35	29
4275	9	19	17
4276	14	10	23
4277	4	12	21
4278	17	4	16
4279	28	20	34
4280	14	40	15
4281	39	14	34
4282	1	38	12
4283	9	0	20
4284	4	15	32
4285	7	39	13
4286	14	19	3
4287	11	33	10
4288	39	27	24
4289	36	32	4
4290	24	27	11
4291	18	22	36
4292	13	31	28
4293	33	25	37
4294	1	26	34
4295	33	1	24
4296	25	3	18
4297	34	9	35
4298	32	8	16
4299	8	4	29
4300	16	6	22
4301	5	37	34
4302	19	36	23
4303	19	0	3
4304	15	30	14
4305	40	18	0
4306	35	16	22
4307	36	27	1
4308	37	12	31
4309	40	27	8
4310	27	36	3
4311	18	1	40
4312	23	12	11
4313	14	5	7
4314	6	1	0
4315	13	39	18
4316	38	39	11
4317	34	7	29
4318	25	13	16
4319	19	30	34
4320	36	40	7
4321	2	5	36
4322	4	26	9
4323	40	32	39
4324	27	39	8
4325	26	8	38
4326	30	27	32
4327	23	34	4
4328	20	17	39
4329	21	36	8
4330	33	27	6
4331	18	31	32
4332	34	27	30
4333	18	27	33
4334	33	11	40
4335	30	7	37
4336	1	20	17
4337	40	18	15
4338	29	19	12
4339	36	15	30
4340	22	10	3
4341	33	26	16
4342	17	26	30
4343	37	40	9
4344	18	37	39
4345	4	38	18
4346	7	17	26
4347	1	6	31
4348	33	5	26
4349	26	10	4
4350	23	18	7
4351	27	14	1
4352	28	37	39
4353	35	8	31
4354	13	23	14
4355	0	39	26
4356	5	14	37
4357	17	27	14
4358	13	2	20
4359	19	28	20
4360	0	21	5
4361	13	1	0
4362	15	38	35
4363	5	39	10
4364	13	37	18
4365	32	12	27
4366	4	5	21
4367	6	37	29
4368	24	1	16
4369	10	29	0
4370	39	17	1
4371	11	35	17
4372	5	9	34
4373	20	22	4
4374	2	35	25
4375	35	25	33
4376	26	18	12
4377	10	23	6
4378	8	12	17
4379	0	7	18
4380	29	23	12
4381	9	1	28
4382	18	6	25
4383	13	6	38
4384	4	22	37
4385	39	32	6
4386	13	12	32
4387	31	38	39
4388	23	19	34
4389	31	17	12
4390	4	12	17
4391	36	9	23
4392	5	1	0
4393	33	40	28
4394	13	35	40
4395	10	38	37
4396	25	11	8
4397	2	0	17
4398	20	26	28
4399	23	22	10
4400	5	4	3
4401	6	17	10
4402	20	25	5
4403	9	23	8
4404	13	2	3
4405	6	3	15
4406	39	0	22
4407	12	26	36
4408	26	28	10
4409	33	18	4
4410	13	20	38
4411	27	9	24
4412	19	5	28
4413	34	30	19
4414	13	11	31
4415	21	12	7
4416	22	1	36
4417	11	19	7
4418	33	18	0
4419	19	0	29
4420	5	0	15
4421	4	35	8
4422	21	24	17
4423	27	8	12
4424	40	1	13
4425	4	5	39
4426	36	4	37
4427	23	32	5
4428	22	16	12
4429	27	34	30
4430	26	31	32
4431	38	26	22
4432	39	11	23
4433	3	2	12
4434	29	0	7
4435	33	8	1
4436	15	18	36
4437	5	34	10
4438	6	1	33
4439	24	38	22
4440	14	15	21
4441	29	27	25
4442	9	24	26
4443	23	32	12
4444	17	18	22
4445	35	36	31
4446	13	37	38
4447	25	23	18
4448	23	31	27
4449	35	16	26
4450	38	33	24
4451	36	13	39
4452	27	23	4
4453	8	36	21
4454	23	30	36
4455	39	22	15
4456	37	35	13
4457	16	29	11
4458	16	15	19
4459	33	40	9
4460	27	28	38
4461	28	19	18
4462	31	29	22
4463	23	19	27
4464	32	33	21
4465	23	14	4
4466	40	6	37
4467	26	40	38
4468	38	1	36
4469	6	12	2
4470	22	34	16
4471	16	22	20
4472	14	9	11
4473	1	35	25
4474	23	29	15
4475	29	21	14
4476	15	19	32
4477	19	24	8
4478	9	26	13
4479	21	37	26
4480	8	1	29
4481	30	22	1
4482	18	40	36
4483	16	40	29
4484	19	20	28
4485	8	12	39
4486	11	39	21
4487	2	7	16
4488	36	21	10
4489	38	6	3
4490	16	39	17
4491	27	21	39
4492	12	25	9
4493	26	11	19
4494	26	10	29
4495	9	6	17
4496	11	24	31
4497	0	38	8
4498	0	33	24
4499	35	27	40
4500	39	21	24
4501	28	4	10
4502	30	14	29
4503	1	23	38
4504	5	2	10
4505	4	17	34
4506	21	31	8
4507	11	12	18
4508	11	26	8
4509	39	21	4
4510	25	5	18
4511	30	1	3
4512	30	15	37
4513	1	32	5
4514	16	22	19
4515	28	15	8
4516	19	14	26
4517	30	10	19
4518	40	18	34
4519	18	26	6
4520	0	32	35
4521	24	1	12
4522	8	0	30
4523	3	32	22
4524	34	11	12
4525	16	9	32
4526	17	6	7
4527	38	7	1
4528	28	16	40
4529	34	14	25
4530	3	4	6
4531	18	4	10
4532	36	13	18
4533	13	10	20
4534	36	29	16
4535	15	14	25
4536	37	5	12
4537	27	17	12
4538	6	13	23
4539	23	33	5
4540	9	8	18
4541	26	37	36
4542	38	39	34
4543	13	7	16
4544	1	33	3
4545	24	8	21
4546	38	2	3
4547	14	26	20
4548	17	28	26
4549	20	31	9
4550	35	12	37
4551	1	35	25
4552	28	0	6
4553	26	15	4
4554	24	22	7
4555	37	0	30
4556	3	8	9
4557	31	3	23
4558	6	39	9
4559	21	16	34
4560	1	19	36
4561	23	35	6
4562	25	3	13
4563	30	14	3
4564	30	25	29
4565	32	7	19
4566	3	13	16
4567	10	9	31
4568	15	2	31
4569	38	0	29
4570	2	7	5
4571	6	40	38
4572	10	32	9
4573	31	14	32
4574	29	22	27
4575	28	4	33
4576	27	28	25
4577	38	25	24
4578	37	38	17
4579	16	12	34
4580	25	10	35
4581	1	10	29
4582	29	7	34
4583	27	34	7
4584	39	3	25
4585	3	6	37
4586	24	37	12
4587	15	5	16
4588	35	31	20
4589	0	25	19
4590	32	18	24
4591	2	11	17
4592	2	37	28
4593	32	11	31
4594	20	9	12
4595	15	37	3
4596	11	27	15
4597	38	28	30
4598	15	26	3
4599	3	17	35
4600	36	0	18
4601	37	5	14
4602	28	17	10
4603	22	37	9
4604	37	38	13
4605	22	31	39
4606	11	23	6
4607	35	27	11
4608	34	18	40
4609	6	23	40
4610	29	15	4
4611	19	1	0
4612	0	19	17
4613	38	12	29
4614	4	12	7
4615	13	35	26
4616	35	16	20
4617	38	13	12
4618	34	37	9
4619	24	29	30
4620	35	29	36
4621	26	12	29
4622	31	33	23
4623	10	23	7
4624	20	4	24
4625	35	8	32
4626	5	0	31
4627	14	12	32
4628	1	14	22
4629	30	24	3
4630	3	39	27
4631	1	23	40
4632	20	27	16
4633	35	9	26
4634	9	35	14
4635	30	34	16
4636	11	33	23
4637	33	7	40
4638	7	36	32
4639	24	13	19
4640	37	29	19
4641	2	13	16
4642	19	14	15
4643	34	11	32
4644	21	12	37
4645	37	26	0
4646	32	14	36
4647	12	30	8
4648	34	7	9
4649	16	38	34
4650	23	15	0
4651	17	23	2
4652	0	2	39
4653	8	11	31
4654	14	8	12
4655	2	0	9
4656	27	8	23
4657	14	5	7
4658	32	6	22
4659	8	34	27
4660	23	25	1
4661	5	6	22
4662	36	15	25
4663	29	33	31
4664	2	38	10
4665	1	29	36
4666	27	37	29
4667	13	18	26
4668	29	22	25
4669	3	11	36
4670	28	8	11
4671	24	19	15
4672	30	6	39
4673	35	27	23
4674	33	3	30
4675	9	26	29
4676	31	2	39
4677	3	33	36
4678	27	26	3
4679	27	2	17
4680	0	34	30
4681	34	11	9
4682	24	28	6
4683	12	29	33
4684	24	1	20
4685	10	11	8
4686	21	26	18
4687	27	14	22
4688	2	40	21
4689	12	6	11
4690	16	15	1
4691	0	27	30
4692	34	25	4
4693	26	14	38
4694	25	19	16
4695	20	25	18
4696	1	37	39
4697	35	22	27
4698	9	33	17
4699	35	34	4
4700	7	20	25
4701	9	6	38
4702	28	25	4
4703	32	17	39
4704	23	20	29
4705	22	29	35
4706	31	28	22
4707	31	32	17
4708	4	36	10
4709	3	5	24
4710	12	35	2
4711	9	27	38
4712	40	19	21
4713	32	38	25
4714	8	0	6
4715	14	13	18
4716	18	3	17
4717	13	16	5
4718	17	4	13
4719	4	16	30
4720	24	40	35
4721	22	3	36
4722	20	5	7
4723	40	4	21
4724	39	32	2
4725	15	37	17
4726	6	10	34
4727	15	28	23
4728	4	0	8
4729	13	29	37
4730	14	19	23
4731	15	20	21
4732	10	30	9
4733	19	12	2
4734	21	37	29
4735	30	17	24
4736	38	6	23
4737	35	39	20
4738	0	35	14
4739	16	22	17
4740	4	23	37
4741	21	23	6
4742	8	33	9
4743	22	25	3
4744	22	30	5
4745	27	20	32
4746	29	21	40
4747	22	37	38
4748	18	11	33
4749	17	6	22
4750	21	37	11
4751	20	14	21
4752	28	19	24
4753	31	23	32
4754	18	13	31
4755	1	5	21
4756	39	6	29
4757	40	0	34
4758	18	24	35
4759	17	4	40
4760	40	6	21
4761	15	19	38
4762	5	31	36
4763	6	13	40
4764	35	4	8
4765	34	30	39
4766	38	24	13
4767	18	10	3
4768	3	20	15
4769	10	5	38
4770	38	8	37
4771	37	14	40
4772	39	18	33
4773	17	23	24
4774	5	16	36
4775	34	5	29
4776	37	12	5
4777	33	25	23
4778	26	1	34
4779	37	0	32
4780	14	23	28
4781	0	5	13
4782	3	38	31
4783	11	32	13
4784	24	12	32
4785	24	34	19
4786	11	20	39
4787	14	7	36
4788	22	10	30
4789	14	1	31
4790	36	31	21
4791	20	14	29
4792	11	1	35
4793	1	5	15
4794	35	20	6
4795	12	15	10
4796	11	13	20
4797	23	9	17
4798	2	7	40
4799	33	3	9
4800	4	9	28
4801	6	34	15
4802	25	33	9
4803	31	17	20
4804	23	31	4
4805	34	16	19
4806	21	25	28
4807	24	16	35
4808	30	28	0
4809	3	9	29
4810	23	30	5
4811	6	10	16
4812	22	39	26
4813	14	9	11
4814	16	2	37
4815	1	36	33
4816	26	20	16
4817	33	31	1
4818	23	29	35
4819	26	24	28
4820	4	7	33
4821	11	13	33
4822	13	5	28
4823	18	15	10
4824	32	37	40
4825	5	17	20
4826	27	29	18
4827	8	4	21
4828	20	14	9
4829	1	10	0
4830	33	3	25
4831	39	26	2
4832	15	7	38
4833	35	7	26
4834	31	25	33
4835	6	1	34
4836	36	29	7
4837	0	38	30
4838	33	32	21
4839	1	29	36
4840	14	25	3
4841	3	32	22
4842	4	10	23
4843	36	32	1
4844	37	7	9
4845	33	19	21
4846	3	24	4
4847	26	9	3
4848	20	11	34
4849	14	21	2
4850	16	40	38
4851	10	39	6
4852	0	27	35
4853	16	5	35
4854	27	9	32
4855	31	9	1
4856	30	21	39
4857	7	25	40
4858	10	22	30
4859	29	2	35
4860	31	21	10
4861	25	28	0
4862	17	30	15
4863	7	20	38
4864	38	8	25
4865	38	2	28
4866	27	25	4
4867	40	30	39
4868	30	27	35
4869	39	33	11
4870	0	20	40
4871	4	38	40
4872	27	17	9
4873	14	1	5
4874	10	30	4
4875	17	25	16
4876	10	0	3
4877	7	15	16
4878	20	22	33
4879	14	29	13
4880	13	23	7
4881	13	5	15
4882	35	32	25
4883	10	8	7
4884	26	32	13
4885	18	29	40
4886	17	40	21
4887	37	5	7
4888	36	19	30
4889	37	24	34
4890	31	28	16
4891	13	7	23
4892	4	26	21
4893	35	29	2
4894	1	3	13
4895	14	23	3
4896	8	40	6
4897	4	37	23
4898	3	4	13
4899	17	11	29
4900	21	19	2
4901	25	4	10
4902	39	11	10
4903	26	29	39
4904	22	14	17
4905	20	38	21
4906	16	33	37
4907	40	27	22
4908	38	40	5
4909	12	8	7
4910	19	18	5
4911	24	2	33
4912	28	24	12
4913	39	25	31
4914	5	38	17
4915	2	40	13
4916	4	19	39
4917	33	7	18
4918	31	1	8
4919	7	35	19
4920	16	1	34
4921	29	2	20
4922	28	0	39
4923	2	36	9
4924	9	21	6
4925	0	26	40
4926	20	13	22
4927	13	36	2
4928	23	13	7
4929	9	37	25
4930	36	8	19
4931	12	21	22
4932	12	34	6
4933	27	19	32
4934	16	24	15
4935	6	20	30
4936	25	20	1
4937	37	16	20
4938	1	40	19
4939	16	32	24
4940	27	19	22
4941	31	28	5
4942	21	22	37
4943	30	21	8
4944	34	5	37
4945	15	20	40
4946	21	36	3
4947	7	29	31
4948	2	29	14
4949	21	5	18
4950	0	16	21
4951	29	30	4
4952	5	14	11
4953	2	38	1
4954	28	25	10
4955	25	17	1
4956	25	2	27
4957	27	9	24
4958	8	18	17
4959	36	20	35
4960	32	28	34
4961	3	0	34
4962	17	36	31
4963	22	34	2
4964	11	21	20
4965	9	3	21
4966	40	19	15
4967	16	8	27
4968	9	32	35
4969	19	33	21
4970	17	5	16
4971	23	11	21
4972	36	11	18
4973	12	4	29
4974	19	36	18
4975	21	6	38
4976	18	39	37
4977	40	30	28
4978	0	4	21
4979	4	22	7
4980	5	17	12
4981	0	27	7
4982	3	11	2
4983	14	40	19
4984	31	40	12
4985	2	14	5
4986	28	7	24
4987	36	7	16
4988	0	7	28
4989	25	28	3
4990	13	25	14
4991	25	8	29
4992	37	38	23
4993	5	1	9
4994	37	40	38
4995	32	13	15
4996	27	14	34
4997	33	26	24
4998	30	1	19
4999	1	10	26
5000	39	20	2
5001	28	31	3
5002	36	22	1
5003	2	24	17
5004	3	39	0
5005	33	12	17
5006	26	16	3
5007	5	40	16
5008	23	31	7
5009	40	36	14
5010	12	0	26
5011	35	40	5
5012	33	15	5
5013	1	3	24
5014	15	22	31
5015	38	22	13
5016	26	19	30
5017	36	5	30
5018	1	25	28
5019	12	30	24
5020	39	14	2
5021	24	38	40
5022	29	38	31
5023	27	18	13
5024	16	13	8
5025	6	39	8
5026	24	6	9
5027	6	35	14
5028	2	9	20
5029	20	28	9
5030	39	2	11
5031	7	32	2
5032	20	1	14
5033	5	21	26
5034	27	4	40
5035	4	24	14
5036	35	37	11
5037	2	11	25
5038	39	6	24
5039	19	5	20
5040	37	11	23
5041	31	17	39
5042	0	25	4
5043	8	6	4
5044	19	12	7
5045	8	16	1
5046	6	19	2
5047	22	39	2
5048	2	21	20
5049	4	25	5
5050	39	16	19
5051	14	2	37
5052	27	26	0
5053	18	5	27
5054	23	29	37
5055	16	40	24
5056	9	16	2
5057	32	33	35
5058	18	26	7
5059	40	1	31
5060	14	23	31
5061	1	38	29
5062	38	19	30
5063	30	24	2
5064	21	9	4
5065	31	18	36
5066	16	34	32
5067	33	27	22
5068	13	39	0
5069	38	30	25
5070	36	12	29
5071	15	30	9
5072	5	19	18
5073	6	36	23
5074	2	34	3
5075	0	18	15
5076	5	0	2
5077	7	19	11
5078	32	28	35
5079	37	9	33
5080	19	4	31
5081	23	33	27
5082	25	30	21
5083	13	20	4
5084	16	4	17
5085	16	14	31
5086	17	12	10
5087	30	25	29
5088	11	29	14
5089	4	6	21
5090	25	39	15
5091	28	21	3
5092	36	13	4
5093	30	17	22
5094	29	22	30
5095	8	0	25
5096	3	11	18
5097	25	12	21
5098	20	24	6
5099	20	30	21
5100	37	3	36
5101	9	32	24
5102	21	40	9
5103	17	24	21
5104	29	0	11
5105	25	29	14
5106	16	40	13
5107	32	10	26
5108	28	18	14
5109	4	32	13
5110	28	26	22
5111	30	20	29
5112	12	0	4
5113	37	21	9
5114	14	40	35
5115	31	16	35
5116	17	30	19
5117	19	23	0
5118	37	28	39
5119	19	26	0
5120	28	29	33
5121	12	10	40
5122	5	10	22
5123	40	7	33
5124	26	0	23
5125	31	39	17
5126	30	19	27
5127	26	39	20
5128	38	5	1
5129	11	40	21
5130	17	23	39
5131	17	24	1
5132	7	25	10
5133	28	32	39
5134	6	17	30
5135	33	24	29
5136	25	28	7
5137	29	1	3
5138	26	28	37
5139	40	26	30
5140	30	22	24
5141	36	10	34
5142	33	2	30
5143	12	31	16
5144	26	10	4
5145	40	14	26
5146	7	21	8
5147	0	7	12
5148	19	24	17
5149	10	13	26
5150	39	21	28
5151	24	8	32
5152	4	32	22
5153	19	35	26
5154	31	1	39
5155	5	25	38
5156	26	9	36
5157	2	6	20
5158	36	40	35
5159	10	29	4
5160	32	16	24
5161	20	22	34
5162	0	26	9
5163	16	35	20
5164	30	16	34
5165	13	7	3
5166	40	36	30
5167	22	6	25
5168	32	7	10
5169	25	32	29
5170	22	35	20
5171	2	30	28
5172	10	25	2
5173	23	18	20
5174	18	1	34
5175	29	12	7
5176	40	19	20
5177	39	3	8
5178	11	12	10
5179	36	37	15
5180	28	13	19
5181	23	36	25
5182	32	11	26
5183	31	29	34
5184	38	16	27
5185	38	22	21
5186	3	20	6
5187	8	5	29
5188	33	22	28
5189	1	28	8
5190	14	33	24
5191	9	28	20
5192	2	12	3
5193	16	33	25
5194	35	13	25
5195	23	20	13
5196	8	9	4
5197	19	40	39
5198	30	1	22
5199	35	14	34
5200	16	15	40
5201	14	34	1
5202	4	1	24
5203	27	2	22
5204	36	13	32
5205	27	12	40
5206	12	28	39
5207	28	39	5
5208	18	13	4
5209	5	10	20
5210	13	12	22
5211	22	2	16
5212	14	27	29
5213	5	13	12
5214	20	22	28
5215	18	15	39
5216	25	10	5
5217	4	27	20
5218	1	27	4
5219	16	14	5
5220	2	14	19
5221	20	28	0
5222	32	23	7
5223	36	17	22
5224	3	38	24
5225	6	38	9
5226	22	35	25
5227	6	8	16
5228	31	4	10
5229	10	9	17
5230	0	18	20
5231	23	0	22
5232	21	24	14
5233	1	39	23
5234	14	10	16
5235	33	29	27
5236	4	24	11
5237	23	37	38
5238	17	7	25
5239	39	20	12
5240	7	12	15
5241	27	19	0
5242	27	18	4
5243	25	21	35
5244	10	31	33
5245	31	20	10
5246	12	31	1
5247	13	36	11
5248	25	13	23
5249	24	26	1
5250	23	31	11
5251	7	14	37
5252	26	17	33
5253	1	6	19
5254	7	35	23
5255	33	3	21
5256	36	25	33
5257	27	24	33
5258	27	36	39
5259	9	30	40
5260	28	35	33
5261	18	24	6
5262	25	19	28
5263	2	11	38
5264	24	30	1
5265	21	8	39
5266	38	22	18
5267	21	13	17
5268	5	39	32
5269	33	11	28
5270	6	40	2
5271	28	0	27
5272	12	40	25
5273	39	36	7
5274	34	0	27
5275	9	16	32
5276	31	27	22
5277	20	34	7
5278	20	29	10
5279	13	28	35
5280	15	5	22
5281	3	16	37
5282	6	29	12
5283	7	24	15
5284	39	40	16
5285	8	5	0
5286	19	39	22
5287	27	28	36
5288	34	19	27
5289	25	35	9
5290	40	32	1
5291	5	12	19
5292	7	13	4
5293	14	28	32
5294	31	14	22
5295	37	24	16
5296	11	14	21
5297	23	35	5
5298	13	2	7
5299	9	11	27
5300	25	27	28
5301	3	38	5
5302	22	23	37
5303	0	20	13
5304	29	27	8
5305	1	15	30
5306	19	36	13
5307	0	15	25
5308	26	31	28
5309	5	0	35
5310	28	14	34
5311	30	2	0
5312	10	5	15
5313	18	33	39
5314	28	2	21
5315	12	5	11
5316	11	17	13
5317	9	36	34
5318	23	25	19
5319	29	40	35
5320	29	38	21
5321	7	9	25
5322	37	5	40
5323	16	11	3
5324	22	7	0
5325	40	17	5
5326	2	27	26
5327	0	19	8
5328	29	30	33
5329	13	29	27
5330	30	35	39
5331	38	14	6
5332	14	2	15
5333	15	26	29
5334	20	5	16
5335	31	28	38
5336	32	22	9
5337	38	22	2
5338	23	34	4
5339	24	16	28
5340	14	11	35
5341	5	0	12
5342	27	19	4
5343	38	6	13
5344	27	20	9
5345	0	2	15
5346	29	19	14
5347	37	38	40
5348	12	3	38
5349	15	0	2
5350	38	19	27
5351	17	8	26
5352	8	0	24
5353	20	9	11
5354	27	29	7
5355	40	26	23
5356	1	21	6
5357	32	18	10
5358	10	5	29
5359	40	18	34
5360	28	14	21
5361	40	5	0
5362	37	19	0
5363	25	11	21
5364	21	15	3
5365	33	7	39
5366	5	16	34
5367	3	16	23
5368	3	4	23
5369	28	17	18
5370	7	16	20
5371	21	12	24
5372	10	33	32
5373	19	30	0
5374	9	13	12
5375	19	1	35
5376	34	5	12
5377	37	29	1
5378	11	6	8
5379	2	16	36
5380	32	23	19
5381	24	33	30
5382	39	24	11
5383	10	16	25
5384	13	28	36
5385	24	35	2
5386	37	20	9
5387	5	30	9
5388	39	4	1
5389	4	18	39
5390	17	0	23
5391	27	31	29
5392	1	20	22
5393	16	4	21
5394	30	33	25
5395	3	23	16
5396	32	37	33
5397	36	32	1
5398	0	40	14
5399	6	29	20
5400	36	27	31
5401	26	21	8
5402	28	34	3
5403	17	18	25
5404	25	34	37
5405	27	31	10
5406	3	32	13
5407	31	40	37
5408	0	15	5
5409	32	30	11
5410	5	40	1
5411	14	35	0
5412	16	31	39
5413	37	12	29
5414	24	4	35
5415	4	31	35
5416	4	17	8
5417	32	9	12
5418	8	39	33
5419	5	31	27
5420	20	38	15
5421	11	24	7
5422	3	15	18
5423	28	12	37
5424	29	40	15
5425	31	26	27
5426	28	31	6
5427	6	27	3
5428	16	5	38
5429	15	36	4
5430	37	20	33
5431	7	16	9
5432	4	8	17
5433	6	20	40
5434	37	38	35
5435	27	20	3
5436	1	8	16
5437	22	6	2
5438	36	9	29
5439	0	12	4
5440	10	32	30
5441	24	8	4
5442	27	3	17
5443	9	14	10
5444	15	37	2
5445	31	5	32
5446	20	15	34
5447	19	14	25
5448	36	34	2
5449	0	13	29
5450	40	19	20
5451	32	5	21
5452	26	5	23
5453	8	19	3
5454	40	3	7
5455	24	7	20
5456	22	25	21
5457	1	12	8
5458	29	20	0
5459	14	19	1
5460	24	12	11
5461	10	18	37
5462	38	2	19
5463	17	25	8
5464	6	14	27
5465	4	21	12
5466	10	5	29
5467	24	39	14
5468	38	0	26
5469	30	36	10
5470	17	32	34
5471	11	26	38
5472	13	18	17
5473	16	37	3
5474	14	5	17
5475	16	4	21
5476	2	7	13
5477	10	13	3
5478	34	5	27
5479	8	7	40
5480	26	8	10
5481	29	25	40
5482	11	20	22
5483	25	2	22
5484	32	16	4
5485	5	1	6
5486	4	5	36
5487	29	18	11
5488	37	33	14
5489	9	2	40
5490	11	10	27
5491	12	35	18
5492	19	14	32
5493	17	15	0
5494	11	36	5
5495	23	37	1
5496	4	39	28
5497	11	17	26
5498	39	27	34
5499	28	32	40
5500	16	27	12
5501	37	13	1
5502	4	12	14
5503	3	14	7
5504	9	35	29
5505	40	30	18
5506	0	9	23
5507	9	30	21
5508	11	21	28
5509	2	3	40
5510	23	11	13
5511	38	31	17
5512	36	39	21
5513	9	39	25
5514	36	34	32
5515	10	13	16
5516	38	4	35
5517	32	37	34
5518	34	1	29
5519	1	27	23
5520	35	28	39
5521	22	10	36
5522	1	37	21
5523	3	5	4
5524	29	15	1
5525	40	34	31
5526	0	16	4
5527	20	4	1
5528	13	28	34
5529	11	14	35
5530	40	13	22
5531	9	1	20
5532	40	3	0
5533	40	37	30
5534	40	19	22
5535	22	31	21
5536	33	10	29
5537	8	37	22
5538	34	2	20
5539	15	13	22
5540	26	35	16
5541	35	18	22
5542	32	13	24
5543	24	2	8
5544	27	19	6
5545	16	29	5
5546	24	6	20
5547	16	40	22
5548	16	21	6
5549	29	23	13
5550	28	25	33
5551	23	10	33
5552	31	17	29
5553	12	35	2
5554	14	12	37
5555	2	16	29
5556	5	18	9
5557	17	15	3
5558	34	33	32
5559	29	27	26
5560	31	10	3
5561	29	1	18
5562	34	9	1
5563	9	5	4
5564	38	5	11
5565	5	12	2
5566	7	35	32
5567	3	18	2
5568	19	35	20
5569	38	28	1
5570	11	35	3
5571	28	19	6
5572	20	13	2
5573	23	12	35
5574	37	21	1
5575	5	24	39
5576	15	36	23
5577	16	35	27
5578	39	33	24
5579	37	13	19
5580	11	5	35
5581	37	1	13
5582	4	20	11
5583	36	31	34
5584	35	5	3
5585	31	9	37
5586	1	28	4
5587	21	1	20
5588	8	2	27
5589	3	0	40
5590	32	7	19
5591	11	10	3
5592	18	6	28
5593	35	21	17
5594	28	24	13
5595	33	38	15
5596	31	22	0
5597	17	28	4
5598	23	8	21
5599	30	18	13
5600	24	8	32
5601	22	34	13
5602	28	5	33
5603	0	14	35
5604	24	21	6
5605	9	5	32
5606	33	3	34
5607	7	36	3
5608	17	19	12
5609	29	2	33
5610	15	39	25
5611	40	1	25
5612	33	4	11
5613	30	27	31
5614	17	8	4
5615	19	34	14
5616	30	2	0
5617	3	6	29
5618	2	30	8
5619	11	14	29
5620	25	32	11
5621	12	7	4
5622	4	29	18
5623	26	39	9
5624	13	40	5
5625	20	31	17
5626	18	36	23
5627	12	0	21
5628	4	31	30
5629	1	28	23
5630	7	18	36
5631	13	10	25
5632	34	28	14
5633	29	31	15
5634	22	7	23
5635	1	20	36
5636	22	38	10
5637	14	34	30
5638	13	23	16
5639	2	8	31
5640	29	16	24
5641	32	24	36
5642	10	32	0
5643	39	33	40
5644	24	7	0
5645	13	12	1
5646	22	14	36
5647	11	4	34
5648	22	21	25
5649	16	10	8
5650	27	0	16
5651	20	15	40
5652	28	17	16
5653	32	0	27
5654	33	1	35
5655	4	27	34
5656	10	24	8
5657	25	14	10
5658	26	8	32
5659	20	17	30
5660	38	7	12
5661	39	18	34
5662	37	24	0
5663	35	8	2
5664	32	16	33
5665	15	1	3
5666	39	31	4
5667	10	36	6
5668	19	35	2
5669	20	18	23
5670	36	25	29
5671	5	33	36
5672	35	24	8
5673	0	10	2
5674	10	5	14
5675	10	20	7
5676	5	15	35
5677	18	13	37
5678	37	3	8
5679	40	1	36
5680	34	38	15
5681	17	21	32
5682	37	18	13
5683	28	23	21
5684	9	33	20
5685	18	9	13
5686	14	37	24
5687	27	36	13
5688	9	14	19
5689	34	15	24
5690	11	18	24
5691	19	14	37
5692	13	39	2
5693	14	35	2
5694	18	33	34
5695	40	34	14
5696	27	6	16
5697	23	7	9
5698	36	38	30
5699	19	37	14
5700	21	10	25
5701	15	34	18
5702	18	12	5
5703	27	28	17
5704	22	18	19
5705	20	10	2
5706	17	3	26
5707	16	40	39
5708	3	36	34
5709	20	14	9
5710	12	28	27
5711	9	7	4
5712	1	24	13
5713	9	28	1
5714	4	1	38
5715	24	38	28
5716	31	13	28
5717	4	0	17
5718	17	34	23
5719	5	40	28
5720	7	12	11
5721	12	15	19
5722	16	35	22
5723	40	27	4
5724	7	35	26
5725	4	7	16
5726	35	32	13
5727	33	5	15
5728	3	15	27
5729	3	30	19
5730	36	15	37
5731	39	29	38
5732	22	29	20
5733	3	32	29
5734	8	15	19
5735	12	30	8
5736	12	35	16
5737	25	30	14
5738	30	26	2
5739	10	1	26
5740	9	37	18
5741	37	38	18
5742	28	9	0
5743	38	36	27
5744	38	6	24
5745	0	27	26
5746	24	35	6
5747	20	30	11
5748	12	40	28
5749	6	9	8
5750	13	10	31
5751	18	29	38
5752	14	23	35
5753	30	25	36
5754	2	24	37
5755	1	8	22
5756	2	12	15
5757	36	34	20
5758	34	19	2
5759	5	19	25
5760	15	8	5
5761	36	27	19
5762	18	32	26
5763	9	27	36
5764	1	28	11
5765	38	24	14
5766	39	20	14
5767	3	10	4
5768	8	4	39
5769	27	6	16
5770	14	21	19
5771	23	38	22
5772	21	29	0
5773	40	20	33
5774	4	35	38
5775	36	12	17
5776	9	18	1
5777	26	4	21
5778	20	12	1
5779	30	17	20
5780	29	11	10
5781	16	39	26
5782	6	19	35
5783	5	13	9
5784	32	28	5
5785	37	26	19
5786	32	30	10
5787	29	1	5
5788	34	15	1
5789	24	32	3
5790	32	1	40
5791	4	40	12
5792	37	6	7
5793	21	24	2
5794	8	28	3
5795	25	32	31
5796	7	9	18
5797	22	13	35
5798	38	31	22
5799	8	1	24
5800	10	30	34
5801	19	40	34
5802	24	8	14
5803	11	6	30
5804	5	13	1
5805	7	29	40
5806	3	26	21
5807	19	9	20
5808	6	33	29
5809	7	3	15
5810	11	19	27
5811	39	2	13
5812	39	6	20
5813	39	30	40
5814	17	15	18
5815	21	34	19
5816	40	33	14
5817	37	5	11
5818	19	27	7
5819	5	20	16
5820	38	17	4
5821	35	32	20
5822	30	38	29
5823	33	14	27
5824	29	0	30
5825	17	14	24
5826	9	15	29
5827	29	8	5
5828	33	29	31
5829	17	28	35
5830	5	12	9
5831	19	2	14
5832	25	26	2
5833	8	6	13
5834	13	1	37
5835	33	1	23
5836	6	31	20
5837	20	8	35
5838	24	19	2
5839	14	17	0
5840	16	0	29
5841	3	26	24
5842	24	2	13
5843	15	38	29
5844	37	16	23
5845	22	14	36
5846	19	33	37
5847	33	1	0
5848	36	33	2
5849	23	26	38
5850	24	19	9
5851	9	2	7
5852	17	35	13
5853	6	2	33
5854	36	22	19
5855	8	35	28
5856	10	12	20
5857	16	34	1
5858	32	18	9
5859	19	25	40
5860	22	20	29
5861	30	27	17
5862	6	19	40
5863	36	27	38
5864	17	40	35
5865	23	18	8
5866	33	9	8
5867	9	20	11
5868	36	27	31
5869	28	23	22
5870	6	33	37
5871	26	3	31
5872	2	17	10
5873	22	4	37
5874	7	16	3
5875	13	36	9
5876	7	22	38
5877	29	22	31
5878	15	28	5
5879	27	22	15
5880	23	17	24
5881	38	8	20
5882	36	34	2
5883	10	19	37
5884	2	20	21
5885	36	29	38
5886	10	5	36
5887	24	22	14
5888	31	26	18
5889	5	37	6
5890	32	10	28
5891	38	36	12
5892	26	15	30
5893	9	15	30
5894	27	39	4
5895	11	6	31
5896	22	14	33
5897	20	6	18
5898	18	5	16
5899	23	20	12
5900	15	34	16
5901	18	29	12
5902	14	37	32
5903	15	37	26
5904	6	17	39
5905	35	10	3
5906	19	39	34
5907	5	33	4
5908	39	30	32
5909	12	35	40
5910	29	24	37
5911	22	19	13
5912	21	4	36
5913	35	22	25
5914	29	2	28
5915	25	11	34
5916	0	7	30
5917	3	1	20
5918	30	10	2
5919	21	29	26
5920	33	4	38
5921	26	14	24
5922	23	8	28
5923	34	29	28
5924	3	34	15
5925	35	23	2
5926	29	2	23
5927	35	12	36
5928	34	0	7
5929	25	39	17
5930	13	25	16
5931	10	36	3
5932	11	18	21
5933	20	21	15
5934	21	0	3
5935	31	33	20
5936	34	29	5
5937	16	11	7
5938	22	19	23
5939	2	38	34
5940	5	16	24
5941	34	23	32
5942	33	34	20
5943	2	6	27
5944	31	40	37
5945	25	37	14
5946	15	22	4
5947	23	35	6
5948	6	3	2
5949	7	38	17
5950	10	12	24
5951	24	32	6
5952	33	20	14
5953	39	37	18
5954	29	17	0
5955	12	9	21
5956	34	18	30
5957	2	40	7
5958	25	9	40
5959	3	14	19
5960	39	19	10
5961	11	15	23
5962	12	7	10
5963	19	38	20
5964	33	8	34
5965	0	5	19
5966	34	9	40
5967	37	23	15
5968	6	17	37
5969	27	14	5
5970	11	36	19
5971	33	13	34
5972	28	40	12
5973	3	28	40
5974	33	1	35
5975	6	19	31
5976	22	18	24
5977	17	14	40
5978	11	24	32
5979	9	20	13
5980	18	39	26
5981	35	2	25
5982	26	13	14
5983	13	28	10
5984	25	13	40
5985	38	22	20
5986	26	1	14
5987	21	9	38
5988	6	40	16
5989	25	0	37
5990	19	25	16
5991	3	9	37
5992	14	20	29
5993	38	18	36
5994	12	2	15
5995	37	26	6
5996	3	33	37
5997	33	31	35
5998	38	4	31
5999	14	30	19
6000	24	7	12
6001	13	12	26
6002	23	14	30
6003	11	0	17
6004	12	13	25
6005	29	5	23
6006	16	23	11
6007	31	25	9
6008	27	34	38
6009	13	33	24
6010	10	26	40
6011	40	7	29
6012	5	0	13
6013	17	20	19
6014	38	16	40
6015	26	17	9
6016	36	11	26
6017	28	31	36
6018	30	37	39
6019	0	12	9
6020	20	27	21
6021	12	23	30
6022	0	35	25
6023	13	28	36
6024	39	2	30
6025	16	13	2
6026	38	37	30
6027	25	16	35
6028	30	16	26
6029	27	29	5
6030	18	30	38
6031	14	5	25
6032	24	11	28
6033	0	33	2
6034	8	9	11
6035	30	40	28
6036	15	37	31
6037	5	4	2
6038	37	29	11
6039	18	3	28
6040	32	30	36
6041	11	39	14
6042	25	22	40
6043	3	38	33
6044	29	27	10
6045	6	22	28
6046	14	28	22
6047	34	9	19
6048	31	30	5
6049	39	10	32
6050	35	31	27
6051	3	5	2
6052	4	27	19
6053	14	0	36
6054	29	18	38
6055	7	8	20
6056	35	20	5
6057	37	24	4
6058	37	5	18
6059	21	6	20
6060	9	35	26
6061	4	27	13
6062	26	5	9
6063	22	17	34
6064	13	9	30
6065	28	25	27
6066	38	36	20
6067	23	7	4
6068	34	4	36
6069	17	15	36
6070	7	2	6
6071	9	34	1
6072	38	12	21
6073	6	22	24
6074	3	14	34
6075	10	16	5
6076	27	19	39
6077	27	17	25
6078	26	10	11
6079	37	26	21
6080	13	14	10
6081	10	24	0
6082	4	38	23
6083	17	1	12
6084	13	1	40
6085	31	38	5
6086	11	0	8
6087	7	12	10
6088	17	18	29
6089	4	25	35
6090	24	30	21
6091	28	7	21
6092	32	5	30
6093	31	38	17
6094	26	1	21
6095	12	29	32
6096	7	9	14
6097	20	18	39
6098	28	14	39
6099	18	1	26
6100	0	4	39
6101	11	6	20
6102	16	9	4
6103	21	35	20
6104	21	37	18
6105	20	8	6
6106	8	4	7
6107	4	34	29
6108	34	14	25
6109	25	34	13
6110	21	37	39
6111	24	40	27
6112	29	5	38
6113	9	0	12
6114	18	24	34
6115	10	22	27
6116	34	8	33
6117	1	38	13
6118	28	40	11
6119	6	9	7
6120	14	30	5
6121	30	40	19
6122	34	7	37
6123	29	24	3
6124	17	28	32
6125	40	33	5
6126	21	34	13
6127	10	30	11
6128	31	38	1
6129	32	24	18
6130	14	16	12
6131	34	28	36
6132	15	12	34
6133	37	2	22
6134	13	39	25
6135	39	19	28
6136	11	29	34
6137	14	8	5
6138	19	11	38
6139	12	25	17
6140	23	38	16
6141	39	0	14
6142	28	38	32
6143	32	11	25
6144	15	9	6
6145	37	0	4
6146	40	16	21
6147	18	12	25
6148	15	40	21
6149	35	19	21
6150	27	29	12
6151	30	7	25
6152	16	10	28
6153	32	4	3
6154	30	29	3
6155	36	28	17
6156	15	5	27
6157	31	29	25
6158	23	38	14
6159	17	5	2
6160	28	13	34
6161	7	35	2
6162	13	14	6
6163	24	7	6
6164	8	21	6
6165	34	25	6
6166	0	15	16
6167	13	32	5
6168	17	2	35
6169	13	1	14
6170	39	21	27
6171	16	15	6
6172	20	8	25
6173	15	25	0
6174	0	22	31
6175	17	21	3
6176	17	19	38
6177	40	30	20
6178	34	30	40
6179	25	28	6
6180	40	10	4
6181	12	6	11
6182	28	18	8
6183	36	11	33
6184	13	20	6
6185	8	32	16
6186	24	31	22
6187	34	4	27
6188	30	23	14
6189	34	15	13
6190	29	11	14
6191	7	26	17
6192	13	2	1
6193	31	8	38
6194	36	24	9
6195	14	11	31
6196	0	6	15
6197	1	2	21
6198	14	2	29
6199	23	25	12
6200	20	3	39
6201	37	4	14
6202	2	17	25
6203	39	27	35
6204	8	25	23
6205	32	25	18
6206	11	39	4
6207	10	28	6
6208	20	21	5
6209	32	9	10
6210	0	21	34
6211	35	37	20
6212	25	24	15
6213	24	19	16
6214	23	3	20
6215	7	15	2
6216	23	9	27
6217	37	26	23
6218	24	7	39
6219	13	35	3
6220	4	16	17
6221	23	27	1
6222	3	16	39
6223	11	40	28
6224	35	2	16
6225	22	18	19
6226	10	20	7
6227	34	5	14
6228	11	13	2
6229	8	22	24
6230	6	28	19
6231	5	3	29
6232	13	29	12
6233	24	0	7
6234	11	40	20
6235	23	28	31
6236	6	32	15
6237	24	21	33
6238	11	14	23
6239	6	36	25
6240	13	34	21
6241	16	32	31
6242	14	2	33
6243	25	2	22
6244	38	4	35
6245	5	16	28
6246	28	23	13
6247	35	4	7
6248	24	37	6
6249	20	39	32
6250	23	19	37
6251	0	32	11
6252	23	5	11
6253	0	35	15
6254	39	21	29
6255	38	19	20
6256	14	0	35
6257	0	7	14
6258	22	8	0
6259	7	22	16
6260	18	6	33
6261	15	11	32
6262	37	16	6
6263	8	5	18
6264	27	21	9
6265	34	25	32
6266	36	17	19
6267	17	7	30
6268	15	32	11
6269	3	39	16
6270	12	40	18
6271	23	1	18
6272	14	21	24
6273	27	31	18
6274	15	27	5
6275	0	34	23
6276	0	18	17
6277	21	13	29
6278	6	19	16
6279	5	32	26
6280	24	6	34
6281	37	17	33
6282	8	20	32
6283	17	12	29
6284	38	1	27
6285	39	12	38
6286	35	12	26
6287	5	22	7
6288	22	3	6
6289	31	29	18
6290	25	30	36
6291	29	10	27
6292	13	17	8
6293	25	10	22
6294	29	13	32
6295	10	8	5
6296	34	38	3
6297	38	13	2
6298	4	36	25
6299	13	35	40
6300	20	30	1
6301	6	25	3
6302	5	16	6
6303	26	21	27
6304	11	33	35
6305	8	25	35
6306	26	12	22
6307	29	2	30
6308	26	34	31
6309	37	9	34
6310	25	35	28
6311	16	37	29
6312	20	32	2
6313	19	4	18
6314	37	24	17
6315	18	10	9
6316	19	35	29
6317	21	17	15
6318	13	10	23
6319	30	36	32
6320	16	7	26
6321	9	20	7
6322	38	10	40
6323	6	37	17
6324	1	38	10
6325	37	3	36
6326	33	25	29
6327	35	10	4
6328	33	12	21
6329	28	8	39
6330	36	35	2
6331	35	20	7
6332	15	22	30
6333	33	8	18
6334	24	33	6
6335	9	6	37
6336	20	33	27
6337	1	4	13
6338	20	12	24
6339	4	13	32
6340	27	13	7
6341	15	8	35
6342	20	4	27
6343	10	21	36
6344	2	32	9
6345	34	2	24
6346	15	6	1
6347	40	10	19
6348	26	36	0
6349	14	13	21
6350	12	10	13
6351	21	27	4
6352	29	13	17
6353	34	28	20
6354	21	1	35
6355	11	17	6
6356	32	24	28
6357	16	27	0
6358	7	32	38
6359	26	19	22
6360	39	7	40
6361	1	40	38
6362	21	38	17
6363	12	3	39
6364	6	32	14
6365	32	15	30
6366	10	19	7
6367	25	28	32
6368	10	23	31
6369	36	11	7
6370	22	35	0
6371	1	31	26
6372	2	14	36
6373	10	35	7
6374	29	20	25
6375	18	38	14
6376	7	31	25
6377	22	32	1
6378	32	21	27
6379	18	0	19
6380	37	7	28
6381	38	0	7
6382	1	31	4
6383	11	12	39
6384	2	32	17
6385	26	13	16
6386	5	21	16
6387	35	6	19
6388	17	31	2
6389	11	39	17
6390	39	1	32
6391	33	35	16
6392	10	24	9
6393	16	36	38
6394	17	2	30
6395	3	37	39
6396	8	10	6
6397	39	21	38
6398	19	10	36
6399	28	2	9
6400	21	3	28
6401	6	27	21
6402	7	3	28
6403	16	26	24
6404	18	39	16
6405	13	25	31
6406	30	26	18
6407	38	24	28
6408	0	24	34
6409	10	16	18
6410	11	3	9
6411	25	0	26
6412	34	24	26
6413	6	14	36
6414	36	10	26
6415	1	20	4
6416	16	27	12
6417	27	35	9
6418	29	11	8
6419	0	4	5
6420	20	29	33
6421	26	2	20
6422	6	21	25
6423	37	31	21
6424	27	9	8
6425	10	16	19
6426	31	32	26
6427	39	33	13
6428	4	38	2
6429	18	35	9
6430	10	11	33
6431	12	3	1
6432	1	36	15
6433	7	22	5
6434	19	26	10
6435	4	31	33
6436	11	25	24
6437	3	20	30
6438	36	30	15
6439	6	2	12
6440	32	7	13
6441	16	38	13
6442	37	3	9
6443	23	33	38
6444	16	39	15
6445	33	39	32
6446	2	10	5
6447	29	9	26
6448	9	10	22
6449	14	35	32
6450	0	3	25
6451	34	29	17
6452	15	18	12
6453	12	22	35
6454	17	3	34
6455	3	31	36
6456	8	28	14
6457	26	28	35
6458	29	18	14
6459	10	1	33
6460	29	30	33
6461	28	5	2
6462	25	31	17
6463	1	16	40
6464	26	4	28
6465	35	3	8
6466	19	8	40
6467	34	14	6
6468	19	13	17
6469	12	17	38
6470	36	29	14
6471	31	9	35
6472	31	1	19
6473	1	6	39
6474	9	17	11
6475	10	20	11
6476	36	8	22
6477	24	1	9
6478	6	25	7
6479	38	22	2
6480	13	28	14
6481	34	17	40
6482	4	13	1
6483	29	20	34
6484	10	37	7
6485	1	8	4
6486	33	27	12
6487	30	26	8
6488	13	8	7
6489	37	10	34
6490	17	39	7
6491	22	19	34
6492	18	13	24
6493	13	35	40
6494	3	35	14
6495	38	8	23
6496	16	9	35
6497	16	30	34
6498	11	8	31
6499	3	6	36
6500	23	26	35
6501	11	34	31
6502	11	19	17
6503	33	15	13
6504	31	1	8
6505	30	11	39
6506	1	6	30
6507	19	7	13
6508	34	7	1
6509	8	2	34
6510	37	39	31
6511	31	37	2
6512	2	39	28
6513	23	15	14
6514	36	11	37
6515	0	35	19
6516	6	11	5
6517	40	35	26
6518	10	17	19
6519	37	9	33
6520	36	19	27
6521	2	1	28
6522	19	2	21
6523	38	24	10
6524	2	33	30
6525	37	3	35
6526	2	4	38
6527	33	1	13
6528	13	14	0
6529	13	0	35
6530	34	27	19
6531	25	1	26
6532	31	40	39
6533	14	11	26
6534	18	33	40
6535	37	15	20
6536	4	25	39
6537	22	5	1
6538	21	35	1
6539	9	3	4
6540	13	20	21
6541	23	34	22
6542	16	34	37
6543	17	15	35
6544	19	38	39
6545	8	7	15
6546	14	10	30
6547	12	40	23
6548	20	3	28
6549	16	34	11
6550	19	25	29
6551	15	13	39
6552	20	3	14
6553	30	1	5
6554	35	40	0
6555	39	16	27
6556	1	24	7
6557	24	4	28
6558	35	30	14
6559	32	14	35
6560	29	18	28
6561	22	8	29
6562	30	2	13
6563	37	30	9
6564	19	28	21
6565	19	37	0
6566	28	37	11
6567	30	37	17
6568	3	1	35
6569	40	38	29
6570	36	3	18
6571	21	12	16
6572	40	36	17
6573	7	36	31
6574	9	20	31
6575	6	15	37
6576	29	36	19
6577	13	31	14
6578	11	38	0
6579	8	33	15
6580	20	19	21
6581	7	20	29
6582	7	17	30
6583	28	39	29
6584	22	19	10
6585	29	22	16
6586	7	39	37
6587	26	2	19
6588	29	19	24
6589	34	30	27
6590	29	12	8
6591	12	38	15
6592	36	5	8
6593	19	33	37
6594	11	24	15
6595	30	20	19
6596	3	17	15
6597	17	18	14
6598	24	2	20
6599	40	36	20
6600	12	4	36
6601	1	27	39
6602	9	3	4
6603	27	25	15
6604	1	30	5
6605	32	4	13
6606	28	10	32
6607	5	15	9
6608	37	19	11
6609	25	10	30
6610	32	6	1
6611	12	33	26
6612	38	22	24
6613	5	7	4
6614	20	21	16
6615	1	8	10
6616	34	13	1
6617	18	37	34
6618	32	40	9
6619	24	34	12
6620	0	29	17
6621	2	5	34
6622	7	36	12
6623	16	19	37
6624	22	40	10
6625	32	1	22
6626	2	13	36
6627	20	16	3
6628	25	3	6
6629	26	7	6
6630	28	38	37
6631	0	22	38
6632	28	20	35
6633	24	12	40
6634	39	24	34
6635	34	9	18
6636	5	16	19
6637	3	21	6
6638	27	20	40
6639	39	19	1
6640	3	19	25
6641	6	32	12
6642	38	4	22
6643	31	28	34
6644	36	22	9
6645	13	9	17
6646	4	11	31
6647	4	37	29
6648	18	22	30
6649	3	6	13
6650	39	34	36
6651	37	34	38
6652	31	30	0
6653	40	3	13
6654	13	1	22
6655	21	39	6
6656	19	1	27
6657	3	11	30
6658	37	18	9
6659	11	26	34
6660	36	33	32
6661	11	40	2
6662	10	3	37
6663	26	23	0
6664	2	13	35
6665	22	29	21
6666	35	21	33
6667	39	5	33
6668	1	27	2
6669	20	16	33
6670	23	12	28
6671	35	19	16
6672	25	34	40
6673	21	38	24
6674	30	24	14
6675	0	16	36
6676	37	5	15
6677	10	40	28
6678	7	39	11
6679	0	12	30
6680	19	5	23
6681	4	39	17
6682	30	24	16
6683	30	0	18
6684	40	13	39
6685	3	27	14
6686	7	9	19
6687	7	37	31
6688	6	27	35
6689	36	22	26
6690	13	14	35
6691	24	36	20
6692	27	29	31
6693	15	14	38
6694	23	24	28
6695	3	36	24
6696	0	19	11
6697	1	25	0
6698	14	18	12
6699	0	12	16
6700	27	32	7
6701	33	19	11
6702	6	1	16
6703	9	17	26
6704	27	12	34
6705	40	18	22
6706	32	0	30
6707	8	0	2
6708	13	19	18
6709	14	34	3
6710	34	9	22
6711	30	15	31
6712	0	5	27
6713	21	5	38
6714	12	10	27
6715	32	3	1
6716	24	21	28
6717	26	25	11
6718	2	39	33
6719	3	20	12
6720	19	20	11
6721	9	38	13
6722	33	3	35
6723	3	31	26
6724	2	18	16
6725	3	31	36
6726	10	23	24
6727	29	6	19
6728	31	22	38
6729	1	3	27
6730	18	22	39
6731	1	5	24
6732	5	33	1
6733	11	26	29
6734	26	19	11
6735	11	23	21
6736	16	3	15
6737	33	23	5
6738	40	5	31
6739	32	7	16
6740	25	17	10
6741	6	10	40
6742	31	13	27
6743	22	36	6
6744	12	9	18
6745	28	9	17
6746	9	0	37
6747	27	2	3
6748	22	25	4
6749	15	2	32
6750	2	38	24
6751	37	16	27
6752	34	3	12
6753	26	40	15
6754	34	18	12
6755	17	19	21
6756	16	24	22
6757	24	18	3
6758	28	39	31
6759	4	24	25
6760	24	8	23
6761	1	4	37
6762	30	4	37
6763	19	38	4
6764	3	4	29
6765	31	5	24
6766	13	37	3
6767	23	12	36
6768	2	12	20
6769	28	8	33
6770	11	2	12
6771	39	33	9
6772	7	35	2
6773	40	26	29
6774	24	27	20
6775	0	3	20
6776	6	16	5
6777	21	16	15
6778	32	3	17
6779	7	26	14
6780	35	12	5
6781	38	28	8
6782	25	22	20
6783	37	13	30
6784	26	12	19
6785	24	31	28
6786	6	17	5
6787	37	31	32
6788	14	4	40
6789	11	1	22
6790	8	36	20
6791	26	38	33
6792	31	10	27
6793	28	15	32
6794	11	5	10
6795	14	34	2
6796	31	14	15
6797	31	13	18
6798	5	14	2
6799	33	20	28
6800	33	30	34
6801	39	6	17
6802	16	7	40
6803	22	17	37
6804	29	9	0
6805	39	20	31
6806	9	7	16
6807	34	19	25
6808	38	25	17
6809	30	0	33
6810	33	22	34
6811	0	19	38
6812	20	39	32
6813	40	39	34
6814	5	24	31
6815	20	36	8
6816	0	20	6
6817	11	18	36
6818	3	16	15
6819	36	19	25
6820	33	3	0
6821	20	9	10
6822	30	3	24
6823	3	32	33
6824	17	26	25
6825	24	36	23
6826	27	5	37
6827	7	37	12
6828	6	35	5
6829	12	21	11
6830	13	39	38
6831	26	15	17
6832	7	35	38
6833	24	20	0
6834	35	36	2
6835	24	32	22
6836	9	30	23
6837	15	18	12
6838	33	5	21
6839	35	8	20
6840	13	35	6
6841	24	30	11
6842	19	20	5
6843	5	27	21
6844	4	32	9
6845	25	19	17
6846	33	20	19
6847	23	9	32
6848	10	30	32
6849	0	25	37
6850	27	31	37
6851	28	22	18
6852	13	33	17
6853	29	39	16
6854	20	19	11
6855	19	31	40
6856	38	1	29
6857	7	13	34
6858	22	1	28
6859	29	16	9
6860	27	16	9
6861	18	32	1
6862	22	33	1
6863	7	17	33
6864	22	39	17
6865	29	8	7
6866	40	15	17
6867	9	23	35
6868	23	3	18
6869	22	26	35
6870	6	40	23
6871	4	25	3
6872	23	24	36
6873	22	31	17
6874	35	39	30
6875	2	29	23
6876	12	15	34
6877	30	15	20
6878	21	33	1
6879	32	13	26
6880	12	40	7
6881	34	29	26
6882	30	4	40
6883	25	29	2
6884	36	40	22
6885	31	15	4
6886	13	28	25
6887	7	12	23
6888	7	28	37
6889	29	24	33
6890	8	25	7
6891	8	15	14
6892	22	9	5
6893	36	5	27
6894	31	10	17
6895	38	35	40
6896	25	6	33
6897	26	6	27
6898	20	39	9
6899	12	16	39
6900	25	35	0
6901	26	30	37
6902	14	35	20
6903	18	20	3
6904	17	34	2
6905	8	5	24
6906	11	17	19
6907	7	38	4
6908	6	9	13
6909	25	24	20
6910	8	29	10
6911	9	31	10
6912	2	14	23
6913	9	12	39
6914	5	11	38
6915	7	9	13
6916	14	36	37
6917	21	0	13
6918	23	36	8
6919	22	38	21
6920	3	6	9
6921	25	7	5
6922	11	10	7
6923	9	4	3
6924	36	22	15
6925	25	37	2
6926	27	35	39
6927	1	6	29
6928	22	25	30
6929	33	4	3
6930	31	10	14
6931	34	24	40
6932	15	37	5
6933	25	18	17
6934	30	28	40
6935	6	40	24
6936	18	3	31
6937	1	25	10
6938	32	21	24
6939	18	33	25
6940	23	37	17
6941	0	15	1
6942	0	18	39
6943	25	8	14
6944	37	40	15
6945	15	17	1
6946	3	1	25
6947	8	28	6
6948	29	35	14
6949	25	30	36
6950	19	36	22
6951	16	20	29
6952	15	36	2
6953	11	26	18
6954	36	12	3
6955	25	14	7
6956	31	5	36
6957	16	18	12
6958	30	23	34
6959	10	40	13
6960	31	18	30
6961	40	12	15
6962	27	13	6
6963	13	23	0
6964	10	7	35
6965	40	13	20
6966	6	37	16
6967	4	31	32
6968	23	34	28
6969	28	35	20
6970	19	30	25
6971	5	37	40
6972	7	18	36
6973	20	26	18
6974	31	1	6
6975	19	17	16
6976	28	16	32
6977	6	18	14
6978	36	1	15
6979	30	39	12
6980	4	1	40
6981	15	18	37
6982	22	3	17
6983	9	24	28
6984	28	25	35
6985	8	36	33
6986	40	29	36
6987	38	18	35
6988	15	13	18
6989	23	31	38
6990	2	40	27
6991	30	15	14
6992	9	14	39
6993	3	25	5
6994	24	11	5
6995	1	9	37
6996	15	26	10
6997	8	14	29
6998	0	25	7
6999	22	17	14
7000	25	18	9
7001	31	20	16
7002	33	30	6
7003	32	24	20
7004	11	0	3
7005	32	31	36
7006	7	26	25
7007	38	8	10
7008	22	12	11
7009	40	35	16
7010	16	11	39
7011	8	2	20
7012	29	21	3
7013	28	33	15
7014	27	19	9
7015	33	35	9
7016	20	25	1
7017	16	25	18
7018	40	9	10
7019	39	8	19
7020	1	40	5
7021	1	6	27
7022	11	33	34
7023	36	23	13
7024	13	18	28
7025	25	35	37
7026	11	0	13
7027	10	38	17
7028	2	24	16
7029	26	36	14
7030	6	18	11
7031	36	10	3
7032	28	34	25
7033	30	16	36
7034	22	19	17
7035	37	14	35
7036	14	39	36
7037	27	37	9
7038	38	23	6
7039	0	35	11
7040	18	9	12
7041	0	39	22
7042	12	29	5
7043	9	39	20
7044	5	6	15
7045	39	20	27
7046	26	25	1
7047	9	17	35
7048	10	33	38
7049	40	4	36
7050	24	2	12
7051	30	14	15
7052	11	26	22
7053	40	9	23
7054	35	21	29
7055	16	36	35
7056	30	10	26
7057	20	2	37
7058	12	9	10
7059	29	7	27
7060	32	6	17
7061	7	21	4
7062	4	31	33
7063	39	17	13
7064	35	17	12
7065	29	35	33
7066	35	11	4
7067	21	16	35
7068	16	35	15
7069	28	22	21
7070	8	37	1
7071	16	27	33
7072	38	28	34
7073	34	36	35
7074	28	39	40
7075	9	28	21
7076	17	19	34
7077	26	19	2
7078	21	23	35
7079	29	3	25
7080	12	24	6
7081	32	24	18
7082	11	17	7
7083	5	36	37
7084	22	3	14
7085	9	34	10
7086	19	14	33
7087	5	33	16
7088	10	17	37
7089	0	5	25
7090	27	12	0
7091	7	19	40
7092	15	24	13
7093	27	10	21
7094	40	22	19
7095	29	7	15
7096	3	32	20
7097	18	9	29
7098	2	37	36
7099	14	26	13
7100	15	6	29
7101	31	12	35
7102	27	17	32
7103	4	39	9
7104	13	30	34
7105	23	40	0
7106	14	37	34
7107	10	16	20
7108	24	26	7
7109	35	6	1
7110	4	25	27
7111	36	31	8
7112	16	22	40
7113	33	3	37
7114	16	30	5
7115	15	23	14
7116	30	16	39
7117	18	21	32
7118	4	12	21
7119	36	12	33
7120	40	16	21
7121	12	15	10
7122	11	8	2
7123	16	3	17
7124	26	33	37
7125	28	38	11
7126	19	13	25
7127	22	12	20
7128	15	4	17
7129	6	27	1
7130	35	20	0
7131	18	32	5
7132	3	12	7
7133	27	28	21
7134	19	24	20
7135	36	39	13
7136	15	22	37
7137	23	10	32
7138	19	25	24
7139	9	28	38
7140	39	8	6
7141	30	35	5
7142	11	34	6
7143	12	4	2
7144	8	34	38
7145	20	16	24
7146	24	27	12
7147	17	35	0
7148	6	27	24
7149	30	10	35
7150	40	1	4
7151	32	7	10
7152	32	16	14
7153	13	26	16
7154	33	26	36
7155	2	40	1
7156	10	40	9
7157	2	35	30
7158	5	4	33
7159	28	15	24
7160	40	34	36
7161	38	17	28
7162	24	12	7
7163	40	15	32
7164	8	36	26
7165	27	15	28
7166	38	23	19
7167	26	22	29
7168	7	9	32
7169	18	6	21
7170	40	26	34
7171	14	27	22
7172	6	5	22
7173	27	34	31
7174	0	33	10
7175	39	9	17
7176	12	20	7
7177	40	23	1
7178	13	2	7
7179	18	40	23
7180	14	10	4
7181	36	11	13
7182	30	24	4
7183	37	5	28
7184	17	13	24
7185	20	7	4
7186	20	23	21
7187	2	12	27
7188	2	38	5
7189	15	14	10
7190	20	6	22
7191	32	17	26
7192	37	26	6
7193	40	9	34
7194	25	6	39
7195	40	20	15
7196	23	34	2
7197	22	36	25
7198	17	11	18
7199	32	38	28
7200	40	26	27
7201	6	29	24
7202	21	14	26
7203	7	35	27
7204	13	5	36
7205	29	37	26
7206	26	22	40
7207	19	31	3
7208	19	18	7
7209	27	0	23
7210	2	17	32
7211	19	6	11
7212	9	16	10
7213	10	5	34
7214	25	12	21
7215	32	30	1
7216	36	19	34
7217	16	30	40
7218	16	17	31
7219	34	11	30
7220	23	1	6
7221	37	29	30
7222	20	34	13
7223	39	38	35
7224	14	35	25
7225	29	25	12
7226	31	19	0
7227	29	26	6
7228	31	11	17
7229	11	36	39
7230	35	6	0
7231	20	32	4
7232	4	16	19
7233	29	4	20
7234	21	1	28
7235	24	20	8
7236	7	29	3
7237	6	21	10
7238	10	13	35
7239	0	35	13
7240	26	8	11
7241	25	29	10
7242	39	6	4
7243	33	18	25
7244	20	32	19
7245	27	7	4
7246	15	11	4
7247	20	35	5
7248	9	38	30
7249	20	27	7
7250	36	19	29
7251	26	28	8
7252	20	37	38
7253	37	24	18
7254	2	6	29
7255	12	5	29
7256	6	3	10
7257	37	11	18
7258	23	7	6
7259	36	29	30
7260	39	36	32
7261	10	12	0
7262	19	25	15
7263	30	37	2
7264	24	36	27
7265	27	0	2
7266	12	5	34
7267	17	8	28
7268	16	40	19
7269	11	30	31
7270	31	37	21
7271	1	29	36
7272	8	38	10
7273	33	27	31
7274	6	19	36
7275	8	15	23
7276	10	14	34
7277	17	10	37
7278	25	5	21
7279	7	16	40
7280	1	9	33
7281	37	3	16
7282	40	0	11
7283	18	28	11
7284	4	19	27
7285	18	14	27
7286	28	2	5
7287	4	14	3
7288	20	12	37
7289	24	27	23
7290	39	27	9
7291	28	39	4
7292	23	2	15
7293	1	12	23
7294	16	17	3
7295	16	1	15
7296	29	21	37
7297	36	16	27
7298	27	29	12
7299	22	15	8
7300	8	4	16
7301	5	3	30
7302	6	21	0
7303	25	35	31
7304	33	32	20
7305	24	35	10
7306	7	25	27
7307	1	23	5
7308	36	9	22
7309	2	5	13
7310	6	21	22
7311	16	18	26
7312	23	34	5
7313	9	40	3
7314	16	23	4
7315	6	17	38
7316	14	17	26
7317	40	26	23
7318	28	33	31
7319	21	28	17
7320	40	7	32
7321	38	13	26
7322	1	13	35
7323	27	11	22
7324	23	37	22
7325	22	6	37
7326	18	40	26
7327	31	11	18
7328	33	28	31
7329	3	40	18
7330	19	20	36
7331	2	14	32
7332	28	32	27
7333	1	14	30
7334	36	25	31
7335	29	7	24
7336	19	0	38
7337	23	33	19
7338	25	39	26
7339	9	6	22
7340	21	23	17
7341	11	38	10
7342	39	26	11
7343	35	18	33
7344	6	25	38
7345	10	8	11
7346	28	4	18
7347	14	10	9
7348	8	10	5
7349	23	20	18
7350	5	29	21
7351	37	38	36
7352	36	4	35
7353	2	23	0
7354	14	8	2
7355	37	14	29
7356	28	9	6
7357	7	18	19
7358	40	6	31
7359	22	31	33
7360	3	20	30
7361	16	6	24
7362	38	34	21
7363	30	1	22
7364	9	3	7
7365	13	17	5
7366	13	1	5
7367	32	1	16
7368	11	27	1
7369	13	28	40
7370	1	35	14
7371	37	7	39
7372	1	18	38
7373	24	40	32
7374	10	5	22
7375	23	30	22
7376	7	40	36
7377	40	2	39
7378	39	37	24
7379	11	28	31
7380	34	24	40
7381	33	15	16
7382	8	25	0
7383	4	22	10
7384	16	14	8
7385	23	5	39
7386	34	19	26
7387	20	13	4
7388	1	30	26
7389	12	21	24
7390	32	4	6
7391	39	23	21
7392	30	11	23
7393	19	10	12
7394	8	12	10
7395	9	24	21
7396	5	13	17
7397	19	4	18
7398	28	2	4
7399	33	10	40
7400	40	7	28
7401	7	11	15
7402	23	1	24
7403	7	29	15
7404	31	39	13
7405	38	16	22
7406	38	16	36
7407	10	18	17
7408	37	13	1
7409	0	32	29
7410	3	5	25
7411	6	38	5
7412	18	25	7
7413	5	24	32
7414	20	40	37
7415	10	9	17
7416	6	27	5
7417	12	3	18
7418	40	7	25
7419	23	16	36
7420	29	34	3
7421	10	34	37
7422	10	40	17
7423	10	5	7
7424	7	17	0
7425	21	12	7
7426	39	3	28
7427	7	9	27
7428	14	0	28
7429	18	29	31
7430	40	23	8
7431	3	16	14
7432	5	4	7
7433	36	14	31
7434	15	21	31
7435	28	18	14
7436	1	10	9
7437	16	10	19
7438	28	14	26
7439	37	4	5
7440	18	15	24
7441	21	3	29
7442	8	32	17
7443	37	7	17
7444	16	11	12
7445	9	13	8
7446	3	22	26
7447	40	37	23
7448	8	33	39
7449	9	16	12
7450	14	25	39
7451	16	13	7
7452	29	31	26
7453	8	25	34
7454	10	14	27
7455	20	9	24
7456	35	4	3
7457	37	4	33
7458	5	16	11
7459	19	10	0
7460	32	37	17
7461	34	17	0
7462	22	7	13
7463	28	12	30
7464	34	16	2
7465	33	1	13
7466	22	19	40
7467	34	11	16
7468	26	19	35
7469	10	18	37
7470	13	38	23
7471	35	40	36
7472	8	29	22
7473	39	0	2
7474	37	28	18
7475	25	38	18
7476	5	38	12
7477	28	29	31
7478	22	15	26
7479	4	17	38
7480	5	33	20
7481	10	20	18
7482	8	25	39
7483	19	20	12
7484	37	24	20
7485	40	27	28
7486	28	9	26
7487	16	17	29
7488	28	36	40
7489	35	26	11
7490	35	30	32
7491	12	18	21
7492	32	21	5
7493	33	23	37
7494	28	40	6
7495	30	38	37
7496	20	6	25
7497	24	3	12
7498	2	18	20
7499	39	33	19
7500	16	1	8
7501	3	40	13
7502	10	21	28
7503	25	39	38
7504	26	24	14
7505	39	0	9
7506	14	38	21
7507	35	17	28
7508	37	34	28
7509	40	19	2
7510	11	22	8
7511	8	31	18
7512	16	30	11
7513	15	2	3
7514	8	30	24
7515	27	36	30
7516	39	10	8
7517	21	20	32
7518	20	36	18
7519	3	30	38
7520	36	29	4
7521	30	40	32
7522	18	36	9
7523	23	27	32
7524	35	7	31
7525	19	38	21
7526	40	4	10
7527	9	30	21
7528	35	1	31
7529	4	26	13
7530	27	26	18
7531	4	19	35
7532	22	4	14
7533	35	14	17
7534	15	30	2
7535	13	12	9
7536	3	12	30
7537	8	0	23
7538	12	20	27
7539	13	31	35
7540	14	5	10
7541	4	16	34
7542	11	40	22
7543	32	3	13
7544	19	3	35
7545	4	12	26
7546	15	1	26
7547	34	24	1
7548	8	30	15
7549	31	1	13
7550	28	21	40
7551	36	25	5
7552	33	36	1
7553	21	4	29
7554	17	27	13
7555	2	25	0
7556	34	33	2
7557	24	33	12
7558	25	19	21
7559	12	9	29
7560	38	29	37
7561	2	22	29
7562	7	13	36
7563	30	2	7
7564	17	37	35
7565	6	11	9
7566	7	17	26
7567	13	29	8
7568	22	15	17
7569	5	12	6
7570	11	35	4
7571	21	6	24
7572	4	18	38
7573	38	2	18
7574	29	10	1
7575	27	25	3
7576	9	18	25
7577	11	8	33
7578	11	0	6
7579	30	28	22
7580	35	12	14
7581	29	32	21
7582	22	9	37
7583	5	24	4
7584	28	37	27
7585	19	7	28
7586	19	36	13
7587	1	36	18
7588	39	28	7
7589	16	11	25
7590	19	2	1
7591	24	2	35
7592	3	28	18
7593	30	37	10
7594	40	25	39
7595	17	11	33
7596	16	38	23
7597	17	34	13
7598	17	37	38
7599	30	18	28
7600	37	12	15
7601	2	0	3
7602	28	8	39
7603	12	4	6
7604	28	13	18
7605	29	3	38
7606	32	6	11
7607	24	4	30
7608	22	21	40
7609	38	12	37
7610	8	35	7
7611	6	20	8
7612	14	30	15
7613	27	28	29
7614	14	31	24
7615	5	31	18
7616	16	0	40
7617	5	14	40
7618	16	35	11
7619	27	39	20
7620	27	21	30
7621	27	29	10
7622	11	32	12
7623	24	17	34
7624	4	0	5
7625	30	3	29
7626	14	17	38
7627	21	39	27
7628	37	5	35
7629	16	35	40
7630	30	9	0
7631	14	11	33
7632	23	39	33
7633	21	0	8
7634	20	38	24
7635	2	3	4
7636	31	29	15
7637	6	40	18
7638	5	36	32
7639	11	29	2
7640	34	1	27
7641	24	16	4
7642	14	16	32
7643	5	12	11
7644	3	36	1
7645	12	38	24
7646	40	4	28
7647	8	21	14
7648	9	17	5
7649	33	36	30
7650	14	21	16
7651	1	37	25
7652	34	9	39
7653	8	24	23
7654	37	33	25
7655	0	3	40
7656	38	11	33
7657	24	14	30
7658	2	15	38
7659	5	0	9
7660	4	36	10
7661	26	35	18
7662	27	34	1
7663	2	1	8
7664	17	11	6
7665	26	38	6
7666	2	37	19
7667	26	11	4
7668	36	28	2
7669	26	9	18
7670	31	26	32
7671	15	8	19
7672	33	32	23
7673	13	39	26
7674	33	29	24
7675	33	23	39
7676	36	12	19
7677	11	27	2
7678	25	38	13
7679	31	32	20
7680	22	4	18
7681	22	5	26
7682	37	3	22
7683	1	25	35
7684	18	6	3
7685	36	26	15
7686	39	21	17
7687	13	40	22
7688	35	22	8
7689	6	13	35
7690	32	37	21
7691	0	39	5
7692	36	7	0
7693	28	5	26
7694	19	40	30
7695	15	18	10
7696	34	22	6
7697	36	40	17
7698	10	21	14
7699	39	7	40
7700	35	3	0
7701	8	32	23
7702	36	7	30
7703	0	40	31
7704	6	23	0
7705	26	39	9
7706	1	35	5
7707	14	38	39
7708	29	28	14
7709	23	4	31
7710	32	8	17
7711	20	19	5
7712	1	26	2
7713	36	2	16
7714	29	36	16
7715	7	40	28
7716	27	13	35
7717	18	27	39
7718	5	26	30
7719	40	24	0
7720	12	32	36
7721	7	40	5
7722	37	28	20
7723	14	22	20
7724	10	21	7
7725	35	4	33
7726	15	37	7
7727	11	22	13
7728	16	32	11
7729	28	12	39
7730	24	21	5
7731	30	20	12
7732	1	17	28
7733	17	14	21
7734	40	24	29
7735	2	25	11
7736	28	29	33
7737	0	33	21
7738	27	16	14
7739	9	18	8
7740	5	20	11
7741	33	2	34
7742	33	13	2
7743	40	20	21
7744	40	22	26
7745	19	7	21
7746	13	30	18
7747	4	40	33
7748	17	33	6
7749	13	3	33
7750	10	40	26
7751	4	31	34
7752	2	36	13
7753	20	34	19
7754	21	19	7
7755	29	2	13
7756	3	5	35
7757	19	29	17
7758	21	35	28
7759	2	27	38
7760	20	3	21
7761	18	24	29
7762	2	0	9
7763	13	7	29
7764	17	6	40
7765	26	24	0
7766	32	27	25
7767	34	8	33
7768	27	19	2
7769	7	2	4
7770	31	36	39
7771	15	14	13
7772	0	4	10
7773	32	24	31
7774	1	24	2
7775	30	31	0
7776	23	10	2
7777	38	31	18
7778	20	34	28
7779	38	33	36
7780	6	18	32
7781	32	23	38
7782	1	17	11
7783	31	14	24
7784	17	33	12
7785	36	32	7
7786	13	21	25
7787	6	25	12
7788	32	3	12
7789	19	29	8
7790	3	18	19
7791	27	0	36
7792	1	11	21
7793	38	23	20
7794	8	0	11
7795	10	28	16
7796	2	25	38
7797	31	20	19
7798	11	21	33
7799	25	10	32
7800	4	1	14
7801	25	13	21
7802	13	0	27
7803	4	1	0
7804	12	34	5
7805	17	31	1
7806	32	10	14
7807	3	17	31
7808	24	3	2
7809	13	39	18
7810	13	16	12
7811	28	35	11
7812	33	32	9
7813	25	35	13
7814	24	38	35
7815	19	40	0
7816	15	39	20
7817	31	13	19
7818	4	31	28
7819	40	17	10
7820	28	8	18
7821	35	29	10
7822	3	14	25
7823	22	14	31
7824	34	37	9
7825	8	19	9
7826	26	27	14
7827	8	37	36
7828	16	12	6
7829	28	3	22
7830	11	7	20
7831	36	6	17
7832	3	38	20
7833	38	4	5
7834	32	28	12
7835	12	1	27
7836	1	17	20
7837	5	15	0
7838	36	22	33
7839	37	20	15
7840	4	25	37
7841	1	21	23
7842	12	35	8
7843	16	1	33
7844	33	22	11
7845	10	17	9
7846	28	18	5
7847	8	1	3
7848	33	7	0
7849	3	21	15
7850	28	3	32
7851	21	17	12
7852	15	6	26
7853	5	19	30
7854	1	35	40
7855	4	23	9
7856	7	10	6
7857	0	11	5
7858	24	33	22
7859	2	16	19
7860	3	11	27
7861	40	25	32
7862	20	29	34
7863	15	30	0
7864	13	12	29
7865	11	38	17
7866	20	15	4
7867	9	26	30
7868	32	34	22
7869	7	2	23
7870	2	36	15
7871	26	22	14
7872	32	21	16
7873	33	24	12
7874	28	26	29
7875	20	28	10
7876	22	2	1
7877	22	16	20
7878	19	12	0
7879	3	12	32
7880	21	39	18
7881	36	21	5
7882	21	7	5
7883	14	19	7
7884	3	36	8
7885	38	18	2
7886	13	31	14
7887	40	36	4
7888	28	23	32
7889	23	12	38
7890	18	12	30
7891	20	25	29
7892	12	10	3
7893	16	34	14
7894	5	28	32
7895	9	22	10
7896	17	2	27
7897	14	18	11
7898	39	26	32
7899	19	33	14
7900	38	7	32
7901	36	21	32
7902	14	2	15
7903	39	11	34
7904	13	25	23
7905	37	11	26
7906	13	28	33
7907	38	30	14
7908	24	14	9
7909	15	13	33
7910	38	33	24
7911	28	11	4
7912	40	10	19
7913	7	35	12
7914	11	19	31
7915	31	20	32
7916	22	10	11
7917	31	17	2
7918	31	6	37
7919	22	35	7
7920	15	31	33
7921	24	25	26
7922	19	0	1
7923	28	40	4
7924	28	23	32
7925	22	33	6
7926	23	33	37
7927	39	38	2
7928	13	31	7
7929	35	12	19
7930	14	32	9
7931	7	21	2
7932	25	1	10
7933	5	20	25
7934	15	11	25
7935	5	35	32
7936	23	6	7
7937	23	37	2
7938	1	2	23
7939	6	1	28
7940	4	31	39
7941	25	37	34
7942	10	4	13
7943	17	18	6
7944	35	40	5
7945	30	4	5
7946	4	25	15
7947	35	12	24
7948	7	36	16
7949	26	33	32
7950	18	0	21
7951	33	11	15
7952	7	32	30
7953	28	8	10
7954	29	27	23
7955	21	10	34
7956	10	5	16
7957	1	18	21
7958	0	38	6
7959	16	39	6
7960	28	10	11
7961	8	20	28
7962	12	39	17
7963	0	5	4
7964	26	8	19
7965	26	18	40
7966	22	38	10
7967	9	4	11
7968	40	10	0
7969	20	13	34
7970	35	24	27
7971	35	39	37
7972	35	21	8
7973	8	21	25
7974	37	5	17
7975	38	10	7
7976	29	13	18
7977	11	32	39
7978	19	27	8
7979	34	40	23
7980	36	39	24
7981	8	20	1
7982	40	36	31
7983	16	34	10
7984	37	2	6
7985	36	22	19
7986	17	23	20
7987	39	5	32
7988	0	20	36
7989	31	19	17
7990	14	11	18
7991	40	11	39
7992	19	39	30
7993	5	23	6
7994	23	35	36
7995	38	32	7
7996	1	29	9
7997	28	0	24
7998	15	7	31
7999	21	10	27
8000	5	4	25
8001	18	39	40
8002	39	5	18
8003	40	28	25
8004	37	39	14
8005	10	13	18
8006	40	34	23
8007	10	20	9
8008	39	17	15
8009	20	12	26
8010	16	38	32
8011	16	34	17
8012	29	15	13
8013	18	17	29
8014	25	8	19
8015	29	14	23
8016	30	22	17
8017	16	32	30
8018	8	0	6
8019	8	11	26
8020	28	12	10
8021	25	15	4
8022	36	18	17
8023	34	20	14
8024	14	39	3
8025	40	12	22
8026	20	15	17
8027	21	35	32
8028	28	29	20
8029	31	27	34
8030	24	32	11
8031	2	25	34
8032	28	1	12
8033	6	38	20
8034	14	24	11
8035	11	22	0
8036	21	18	24
8037	25	6	34
8038	15	21	18
8039	15	30	22
8040	33	10	16
8041	9	37	0
8042	36	2	21
8043	9	11	24
8044	17	35	9
8045	23	32	22
8046	27	25	19
8047	38	22	8
8048	23	36	33
8049	19	25	34
8050	0	13	1
8051	16	39	10
8052	1	4	13
8053	17	25	24
8054	1	32	37
8055	22	17	24
8056	8	10	19
8057	37	38	35
8058	22	2	32
8059	14	9	13
8060	27	10	8
8061	22	16	14
8062	2	10	9
8063	24	25	17
8064	37	13	15
8065	21	13	33
8066	32	5	10
8067	31	6	2
8068	13	11	2
8069	27	0	8
8070	12	28	25
8071	23	33	3
8072	22	36	40
8073	37	1	18
8074	34	40	25
8075	35	20	31
8076	26	37	20
8077	33	24	2
8078	28	39	24
8079	23	36	8
8080	10	13	39
8081	31	34	18
8082	33	15	39
8083	31	27	4
8084	26	3	5
8085	30	40	11
8086	31	2	34
8087	32	30	5
8088	12	26	3
8089	12	23	21
8090	9	35	38
8091	15	3	36
8092	7	17	21
8093	26	6	19
8094	26	15	6
8095	21	26	36
8096	15	23	31
8097	4	11	1
8098	35	26	16
8099	7	0	23
8100	36	12	3
8101	15	37	24
8102	14	8	9
8103	25	36	39
8104	39	1	2
8105	10	38	6
8106	31	21	39
8107	20	18	39
8108	30	16	12
8109	36	21	5
8110	21	33	38
8111	36	34	32
8112	19	38	40
8113	6	20	34
8114	2	26	32
8115	0	11	39
8116	11	17	18
8117	30	9	37
8118	24	31	32
8119	4	23	9
8120	39	6	34
8121	22	23	2
8122	1	26	29
8123	0	36	4
8124	25	4	26
8125	24	10	35
8126	34	5	40
8127	6	36	0
8128	6	36	1
8129	40	18	27
8130	34	12	33
8131	4	32	22
8132	29	2	12
8133	25	24	21
8134	30	35	11
8135	8	38	27
8136	28	22	40
8137	4	33	24
8138	22	28	25
8139	39	17	19
8140	10	28	22
8141	11	36	39
8142	22	23	3
8143	14	24	35
8144	1	2	39
8145	11	12	1
8146	40	0	35
8147	11	26	9
8148	39	1	40
8149	14	10	20
8150	18	23	8
8151	23	20	24
8152	6	10	35
8153	39	3	18
8154	10	8	22
8155	33	0	19
8156	3	4	28
8157	13	10	15
8158	14	35	32
8159	29	7	13
8160	20	35	6
8161	39	0	34
8162	3	1	39
8163	38	26	37
8164	10	7	39
8165	28	1	30
8166	0	22	18
8167	16	1	30
8168	29	24	23
8169	0	7	35
8170	16	24	15
8171	25	37	10
8172	5	38	37
8173	21	27	10
8174	37	9	1
8175	14	33	13
8176	12	16	18
8177	9	13	0
8178	10	1	33
8179	15	26	31
8180	3	29	20
8181	13	6	15
8182	28	5	4
8183	30	35	14
8184	12	30	20
8185	31	27	18
8186	17	24	4
8187	36	35	29
8188	37	18	29
8189	23	36	22
8190	5	0	31
8191	24	18	25
8192	10	32	11
8193	19	30	12
8194	3	28	23
8195	16	35	12
8196	11	25	35
8197	36	32	17
8198	28	26	3
8199	16	19	11
8200	17	15	30
8201	24	29	39
8202	35	32	19
8203	14	7	17
8204	14	1	40
8205	13	12	14
8206	3	19	10
8207	28	7	12
8208	18	27	20
8209	0	27	19
8210	27	20	14
8211	7	1	23
8212	15	33	5
8213	23	5	20
8214	2	6	7
8215	1	4	11
8216	19	26	34
8217	23	26	31
8218	16	28	24
8219	40	31	28
8220	8	4	7
8221	36	12	18
8222	6	26	2
8223	17	33	14
8224	34	33	1
8225	36	39	0
8226	12	7	8
8227	10	4	12
8228	38	16	14
8229	32	38	26
8230	33	0	10
8231	30	2	1
8232	21	37	9
8233	21	34	2
8234	21	32	37
8235	0	9	27
8236	8	33	1
8237	7	34	8
8238	12	26	40
8239	31	30	36
8240	34	6	2
8241	27	1	31
8242	8	6	2
8243	25	27	28
8244	34	6	14
8245	36	0	11
8246	3	6	29
8247	31	19	35
8248	14	1	28
8249	8	30	5
8250	9	12	6
8251	40	25	9
8252	10	39	38
8253	23	24	28
8254	12	5	22
8255	37	1	39
8256	7	6	9
8257	15	1	26
8258	17	12	10
8259	11	7	10
8260	4	13	34
8261	23	40	30
8262	30	21	31
8263	23	28	40
8264	4	38	33
8265	22	32	2
8266	7	2	21
8267	39	25	12
8268	3	0	24
8269	23	31	26
8270	27	18	21
8271	40	22	37
8272	23	27	28
8273	10	34	4
8274	39	13	17
8275	29	7	22
8276	24	16	35
8277	33	22	40
8278	9	23	13
8279	24	26	11
8280	38	21	17
8281	35	3	39
8282	3	6	39
8283	33	26	3
8284	23	4	19
8285	12	37	8
8286	3	36	40
8287	38	33	5
8288	27	19	6
8289	4	29	32
8290	34	19	12
8291	24	13	17
8292	27	38	13
8293	9	1	7
8294	14	7	13
8295	21	6	11
8296	32	23	15
8297	20	16	34
8298	35	12	21
8299	24	11	16
8300	10	3	24
8301	8	40	0
8302	40	24	26
8303	30	9	0
8304	29	6	12
8305	34	0	29
8306	7	19	13
8307	19	27	9
8308	14	29	23
8309	19	10	16
8310	20	36	18
8311	21	40	35
8312	40	4	9
8313	9	19	21
8314	30	3	12
8315	9	2	14
8316	9	34	37
8317	1	6	27
8318	14	24	23
8319	34	27	20
8320	3	30	18
8321	10	9	21
8322	32	29	39
8323	39	9	7
8324	19	31	4
8325	33	4	14
8326	19	1	25
8327	17	8	4
8328	18	14	30
8329	37	28	17
8330	1	0	9
8331	1	13	4
8332	24	12	28
8333	0	28	10
8334	31	14	6
8335	19	21	22
8336	12	0	37
8337	30	4	29
8338	25	6	21
8339	36	39	38
8340	14	26	24
8341	29	0	32
8342	36	12	7
8343	10	5	23
8344	26	13	5
8345	24	8	23
8346	33	28	36
8347	14	37	1
8348	15	36	23
8349	32	29	7
8350	31	20	37
8351	28	14	24
8352	10	1	33
8353	28	27	37
8354	34	27	29
8355	8	28	27
8356	25	31	2
8357	23	4	25
8358	40	32	39
8359	31	7	0
8360	4	22	10
8361	13	11	15
8362	16	11	30
8363	38	16	4
8364	4	16	1
8365	35	28	10
8366	24	39	21
8367	24	14	6
8368	14	34	10
8369	35	20	1
8370	7	1	0
8371	38	16	35
8372	13	21	19
8373	24	7	15
8374	4	6	3
8375	3	23	6
8376	29	23	4
8377	33	4	10
8378	19	5	2
8379	8	6	37
8380	39	20	10
8381	13	27	16
8382	14	34	40
8383	28	2	22
8384	38	37	24
8385	8	32	29
8386	32	39	16
8387	24	2	22
8388	38	18	12
8389	27	38	33
8390	28	1	22
8391	22	25	39
8392	11	29	5
8393	9	33	22
8394	34	29	24
8395	19	7	40
8396	22	10	20
8397	22	4	3
8398	27	4	11
8399	24	31	34
8400	1	2	25
8401	39	29	28
8402	5	21	9
8403	27	24	19
8404	25	28	31
8405	18	39	17
8406	39	13	27
8407	2	11	20
8408	29	37	4
8409	13	36	15
8410	15	2	26
8411	39	5	12
8412	26	5	17
8413	20	35	19
8414	28	37	40
8415	2	28	1
8416	7	0	24
8417	31	28	34
8418	38	7	24
8419	19	1	7
8420	14	25	22
8421	0	28	12
8422	37	5	9
8423	40	10	35
8424	28	14	35
8425	18	0	28
8426	32	8	36
8427	38	1	19
8428	5	23	16
8429	8	37	6
8430	29	36	28
8431	22	6	14
8432	14	24	15
8433	10	21	12
8434	32	39	11
8435	17	21	34
8436	14	20	34
8437	7	18	22
8438	38	36	30
8439	1	13	31
8440	11	6	28
8441	28	38	29
8442	19	33	17
8443	12	3	7
8444	7	17	26
8445	2	22	1
8446	30	9	33
8447	7	6	25
8448	4	25	13
8449	16	32	2
8450	25	9	39
8451	3	16	15
8452	38	18	11
8453	6	19	16
8454	36	33	12
8455	9	23	1
8456	13	18	24
8457	22	14	5
8458	35	34	12
8459	8	33	32
8460	13	19	26
8461	15	12	5
8462	29	2	5
8463	6	13	29
8464	40	36	22
8465	21	15	16
8466	30	3	21
8467	27	4	34
8468	16	8	20
8469	30	4	13
8470	27	38	37
8471	27	29	28
8472	36	34	32
8473	4	3	14
8474	18	27	25
8475	21	15	30
8476	34	33	32
8477	12	20	6
8478	38	8	2
8479	18	35	30
8480	10	2	20
8481	2	4	18
8482	21	35	20
8483	22	13	0
8484	11	33	17
8485	20	33	5
8486	33	18	39
8487	5	17	27
8488	18	35	33
8489	14	17	24
8490	19	21	39
8491	7	34	38
8492	16	3	35
8493	3	12	30
8494	21	10	4
8495	26	20	11
8496	38	34	2
8497	32	17	24
8498	3	38	16
8499	13	4	38
8500	13	14	23
8501	13	0	19
8502	21	39	10
8503	37	39	4
8504	1	13	20
8505	22	12	3
8506	15	27	26
8507	25	15	39
8508	15	23	4
8509	38	17	0
8510	23	39	31
8511	9	33	37
8512	16	31	36
8513	23	12	5
8514	15	19	13
8515	1	19	34
8516	1	19	6
8517	30	12	29
8518	5	11	16
8519	8	31	10
8520	34	35	21
8521	25	0	10
8522	20	14	5
8523	30	26	21
8524	25	24	22
8525	5	38	16
8526	6	10	12
8527	21	11	0
8528	20	38	26
8529	20	15	16
8530	29	7	31
8531	19	18	5
8532	17	0	35
8533	30	22	24
8534	30	17	20
8535	36	17	34
8536	24	21	35
8537	25	4	35
8538	33	6	11
8539	21	26	12
8540	40	9	2
8541	17	3	40
8542	40	0	27
8543	37	20	39
8544	3	36	30
8545	37	39	34
8546	20	32	35
8547	26	5	31
8548	29	35	34
8549	32	9	0
8550	17	1	39
8551	34	29	14
8552	14	7	6
8553	30	27	12
8554	5	21	12
8555	2	16	12
8556	19	25	12
8557	33	18	5
8558	26	30	34
8559	1	27	37
8560	28	30	16
8561	26	2	16
8562	9	35	11
8563	33	16	9
8564	12	4	22
8565	3	0	24
8566	35	9	39
8567	6	19	5
8568	9	29	38
8569	28	7	15
8570	30	2	16
8571	27	30	8
8572	40	39	32
8573	38	33	3
8574	22	7	16
8575	37	22	14
8576	16	22	40
8577	35	3	22
8578	40	37	8
8579	2	40	31
8580	25	1	38
8581	17	23	26
8582	14	0	34
8583	24	37	22
8584	13	31	32
8585	19	26	10
8586	0	8	32
8587	39	2	6
8588	2	16	14
8589	12	13	1
8590	21	3	4
8591	24	26	31
8592	5	6	28
8593	39	11	26
8594	18	25	35
8595	34	18	25
8596	35	6	4
8597	17	12	20
8598	14	22	38
8599	6	24	0
8600	0	24	35
8601	34	8	36
8602	35	7	10
8603	19	32	28
8604	24	28	29
8605	25	26	22
8606	8	20	35
8607	31	14	19
8608	31	32	8
8609	21	40	36
8610	20	7	30
8611	30	25	27
8612	22	31	12
8613	33	26	24
8614	1	15	31
8615	17	22	3
8616	18	13	12
8617	20	23	18
8618	20	24	40
8619	1	2	24
8620	24	16	34
8621	8	33	40
8622	36	11	17
8623	24	34	19
8624	26	6	40
8625	5	16	1
8626	32	28	33
8627	1	21	8
8628	9	38	29
8629	29	28	25
8630	21	9	11
8631	3	9	11
8632	29	12	13
8633	5	4	15
8634	25	32	34
8635	39	18	9
8636	33	18	26
8637	7	12	19
8638	35	30	23
8639	15	13	25
8640	11	2	26
8641	4	39	32
8642	14	27	25
8643	17	5	23
8644	16	8	37
8645	14	10	33
8646	39	6	31
8647	33	29	0
8648	24	11	19
8649	38	0	24
8650	28	17	21
8651	2	21	15
8652	15	25	17
8653	2	28	39
8654	30	25	23
8655	0	17	1
8656	14	27	4
8657	10	27	7
8658	40	37	11
8659	40	11	35
8660	22	21	34
8661	35	17	0
8662	37	1	10
8663	15	25	40
8664	28	5	21
8665	40	10	2
8666	26	18	19
8667	35	12	3
8668	7	24	31
8669	17	7	3
8670	31	25	4
8671	18	21	17
8672	15	16	31
8673	19	1	21
8674	27	17	20
8675	6	26	14
8676	34	24	19
8677	31	18	26
8678	6	17	38
8679	5	9	20
8680	27	14	23
8681	38	21	36
8682	1	38	29
8683	13	23	37
8684	0	38	19
8685	25	4	15
8686	33	14	26
8687	20	14	0
8688	30	22	24
8689	11	21	23
8690	25	11	16
8691	29	38	14
8692	40	34	3
8693	28	40	11
8694	13	0	19
8695	27	37	13
8696	27	22	32
8697	13	16	40
8698	19	37	15
8699	27	31	6
8700	39	16	23
8701	8	35	40
8702	32	20	39
8703	15	10	2
8704	20	39	7
8705	13	37	9
8706	2	31	27
8707	8	6	28
8708	38	40	17
8709	18	29	28
8710	24	25	21
8711	9	23	1
8712	4	3	14
8713	36	20	26
8714	10	37	39
8715	0	16	29
8716	7	25	13
8717	15	13	20
8718	35	0	17
8719	4	38	28
8720	25	23	34
8721	7	32	10
8722	6	36	4
8723	8	9	32
8724	23	30	22
8725	15	18	2
8726	11	37	29
8727	33	26	21
8728	28	31	18
8729	31	6	7
8730	15	21	7
8731	8	38	20
8732	33	18	7
8733	18	0	1
8734	18	15	35
8735	32	31	6
8736	16	23	24
8737	1	17	15
8738	12	5	8
8739	34	26	29
8740	32	17	30
8741	39	6	0
8742	6	10	35
8743	37	13	23
8744	15	28	3
8745	30	4	23
8746	38	9	26
8747	9	12	0
8748	26	23	24
8749	11	0	17
8750	32	31	20
8751	1	28	16
8752	10	21	8
8753	15	6	1
8754	36	28	9
8755	18	3	28
8756	5	30	15
8757	6	39	38
8758	8	32	5
8759	0	14	34
8760	30	17	34
8761	20	26	39
8762	33	17	14
8763	3	40	34
8764	19	34	40
8765	9	31	27
8766	2	38	22
8767	26	34	38
8768	37	23	1
8769	35	18	14
8770	9	32	36
8771	10	7	28
8772	15	39	30
8773	40	3	8
8774	16	32	6
8775	24	6	32
8776	10	34	24
8777	27	3	9
8778	32	36	14
8779	30	12	31
8780	1	17	18
8781	1	7	8
8782	15	20	27
8783	29	18	23
8784	19	16	4
8785	2	22	21
8786	23	14	11
8787	23	25	4
8788	7	2	31
8789	40	39	7
8790	5	6	30
8791	32	21	11
8792	21	39	38
8793	1	12	9
8794	18	9	35
8795	20	0	27
8796	10	25	21
8797	40	15	19
8798	3	27	15
8799	2	6	38
8800	38	16	30
8801	16	27	7
8802	14	18	9
8803	26	15	36
8804	24	37	32
8805	11	35	18
8806	13	2	40
8807	15	7	20
8808	35	24	15
8809	19	39	25
8810	3	4	33
8811	5	16	11
8812	23	34	8
8813	3	26	40
8814	13	33	32
8815	21	35	36
8816	38	5	36
8817	30	8	27
8818	9	7	1
8819	3	7	11
8820	4	33	10
8821	35	24	40
8822	17	2	0
8823	13	8	16
8824	7	11	10
8825	5	22	14
8826	38	19	1
8827	13	37	36
8828	28	7	39
8829	25	39	32
8830	24	37	1
8831	39	18	14
8832	28	32	7
8833	4	8	13
8834	23	29	1
8835	1	25	2
8836	37	3	22
8837	16	15	4
8838	30	3	5
8839	40	34	36
8840	25	17	29
8841	19	31	29
8842	17	4	32
8843	20	11	1
8844	11	1	12
8845	22	32	25
8846	6	2	37
8847	30	27	39
8848	18	8	24
8849	40	38	37
8850	11	21	16
8851	31	9	34
8852	10	35	3
8853	0	23	33
8854	38	26	29
8855	9	3	0
8856	17	20	10
8857	12	29	1
8858	5	2	8
8859	17	16	21
8860	38	27	32
8861	37	39	38
8862	36	16	24
8863	28	22	23
8864	6	35	1
8865	10	14	25
8866	32	18	17
8867	37	33	18
8868	31	39	5
8869	20	22	39
8870	26	17	11
8871	23	15	9
8872	22	39	0
8873	30	13	6
8874	0	12	8
8875	19	29	30
8876	34	7	19
8877	31	27	14
8878	2	25	11
8879	7	18	37
8880	23	22	35
8881	38	10	20
8882	8	5	37
8883	2	15	7
8884	2	30	14
8885	37	14	19
8886	19	5	37
8887	37	27	4
8888	24	1	21
8889	37	8	3
8890	23	1	8
8891	38	11	1
8892	11	34	38
8893	35	37	36
8894	35	36	14
8895	18	17	13
8896	29	10	16
8897	21	0	5
8898	7	22	9
8899	29	16	34
8900	3	1	2
8901	35	17	22
8902	38	15	31
8903	20	33	35
8904	29	21	28
8905	9	3	16
8906	5	31	27
8907	2	10	11
8908	20	29	40
8909	28	38	14
8910	24	27	35
8911	30	28	6
8912	10	29	35
8913	18	3	15
8914	31	27	21
8915	7	22	27
8916	14	24	1
8917	30	16	25
8918	26	22	18
8919	27	40	2
8920	39	20	6
8921	1	36	23
8922	19	32	15
8923	39	12	31
8924	12	16	35
8925	34	22	5
8926	27	21	9
8927	4	3	22
8928	30	6	31
8929	27	16	3
8930	34	2	20
8931	30	21	16
8932	14	34	21
8933	12	13	35
8934	2	24	36
8935	27	33	18
8936	10	33	25
8937	40	29	7
8938	1	31	26
8939	16	14	36
8940	19	3	4
8941	34	3	38
8942	29	40	5
8943	19	18	20
8944	11	19	31
8945	25	9	38
8946	18	16	37
8947	35	17	14
8948	6	16	32
8949	11	36	27
8950	20	7	24
8951	8	14	1
8952	21	8	16
8953	21	6	3
8954	18	9	11
8955	39	23	12
8956	19	1	27
8957	16	17	33
8958	14	25	11
8959	38	4	0
8960	36	17	32
8961	20	25	30
8962	40	3	5
8963	11	23	9
8964	4	31	28
8965	24	39	38
8966	2	34	4
8967	34	35	18
8968	17	21	10
8969	33	36	13
8970	16	3	28
8971	34	18	13
8972	20	10	23
8973	11	25	31
8974	9	6	21
8975	35	40	31
8976	18	40	28
8977	31	3	13
8978	23	20	35
8979	30	21	40
8980	38	16	40
8981	36	37	25
8982	5	8	7
8983	28	10	39
8984	17	13	39
8985	26	23	0
8986	13	36	40
8987	30	17	9
8988	9	40	18
8989	27	14	8
8990	32	27	30
8991	2	1	21
8992	11	7	34
8993	23	6	28
8994	12	4	17
8995	31	9	25
8996	30	27	0
8997	35	39	32
8998	28	4	36
8999	25	8	21
9000	33	40	0
9001	1	17	27
9002	13	35	34
9003	17	1	30
9004	33	39	6
9005	7	40	37
9006	8	32	14
9007	3	10	5
9008	18	13	24
9009	12	34	37
9010	36	35	26
9011	37	33	22
9012	23	27	18
9013	22	24	39
9014	34	22	5
9015	40	31	39
9016	12	17	7
9017	29	1	27
9018	16	24	36
9019	4	6	22
9020	12	32	40
9021	32	34	11
9022	38	34	21
9023	15	24	37
9024	34	15	39
9025	12	21	13
9026	4	33	18
9027	13	6	37
9028	21	3	9
9029	21	33	30
9030	30	24	32
9031	39	14	3
9032	20	27	10
9033	0	32	16
9034	29	5	8
9035	22	36	26
9036	15	40	8
9037	12	34	31
9038	3	37	10
9039	33	12	3
9040	7	40	1
9041	29	6	34
9042	15	10	27
9043	11	37	21
9044	4	34	21
9045	4	20	37
9046	6	29	1
9047	40	7	9
9048	22	40	27
9049	9	29	28
9050	28	21	35
9051	1	35	28
9052	7	25	23
9053	9	24	14
9054	9	23	15
9055	33	26	12
9056	12	33	27
9057	35	34	17
9058	4	35	22
9059	33	34	24
9060	38	39	17
9061	4	32	31
9062	11	29	33
9063	7	29	14
9064	22	35	13
9065	14	27	16
9066	38	4	31
9067	6	20	15
9068	23	16	20
9069	5	25	2
9070	35	23	14
9071	3	39	18
9072	38	28	13
9073	26	27	8
9074	33	11	39
9075	31	5	29
9076	35	12	38
9077	11	40	18
9078	31	10	35
9079	21	23	28
9080	1	17	37
9081	22	13	36
9082	10	23	4
9083	0	19	10
9084	35	28	16
9085	34	39	17
9086	21	6	13
9087	11	26	2
9088	24	31	23
9089	1	22	12
9090	30	15	31
9091	17	3	6
9092	26	9	35
9093	17	36	15
9094	8	1	35
9095	25	2	9
9096	17	29	5
9097	35	33	20
9098	20	40	9
9099	24	34	6
9100	11	32	26
9101	6	24	27
9102	23	19	13
9103	32	39	26
9104	12	6	26
9105	27	22	19
9106	21	28	31
9107	6	26	23
9108	17	30	1
9109	40	9	15
9110	12	1	21
9111	13	18	33
9112	29	11	14
9113	29	20	40
9114	36	24	25
9115	5	1	21
9116	8	6	37
9117	22	6	35
9118	21	15	16
9119	40	15	36
9120	19	6	31
9121	40	2	19
9122	11	29	13
9123	27	4	20
9124	24	0	25
9125	15	25	6
9126	18	2	27
9127	3	14	17
9128	1	12	0
9129	27	18	5
9130	38	32	25
9131	29	18	14
9132	11	14	33
9133	40	27	26
9134	10	18	8
9135	18	24	8
9136	6	8	0
9137	31	35	0
9138	0	1	12
9139	38	19	1
9140	11	28	40
9141	11	5	22
9142	28	37	39
9143	1	32	4
9144	26	24	9
9145	17	35	9
9146	8	18	36
9147	37	40	17
9148	10	9	18
9149	1	29	38
9150	33	18	16
9151	9	36	33
9152	33	8	4
9153	4	13	11
9154	12	2	14
9155	10	9	6
9156	39	21	16
9157	21	3	5
9158	9	6	13
9159	13	15	27
9160	8	1	13
9161	11	6	10
9162	39	2	21
9163	1	4	24
9164	5	34	35
9165	28	3	34
9166	4	33	17
9167	25	10	17
9168	8	34	22
9169	28	38	4
9170	15	28	10
9171	29	14	2
9172	20	7	2
9173	11	40	14
9174	16	12	36
9175	10	32	24
9176	7	35	39
9177	40	29	36
9178	20	18	27
9179	1	26	24
9180	1	26	28
9181	13	34	37
9182	29	14	7
9183	27	8	39
9184	25	28	13
9185	3	36	23
9186	39	30	6
9187	13	37	16
9188	26	13	31
9189	7	33	36
9190	21	6	26
9191	18	37	0
9192	36	11	39
9193	28	8	20
9194	32	10	18
9195	7	25	26
9196	15	10	35
9197	10	18	7
9198	15	24	22
9199	25	21	24
9200	34	22	11
9201	21	7	2
9202	5	39	15
9203	24	40	39
9204	2	39	1
9205	36	11	20
9206	29	21	30
9207	22	20	10
9208	12	37	8
9209	28	2	19
9210	18	23	8
9211	3	4	21
9212	28	26	39
9213	29	33	13
9214	33	14	34
9215	23	5	10
9216	18	33	38
9217	11	4	36
9218	5	14	21
9219	38	32	18
9220	23	26	30
9221	35	23	13
9222	29	22	40
9223	5	2	9
9224	8	40	24
9225	19	32	17
9226	36	12	6
9227	5	7	17
9228	26	19	9
9229	14	31	15
9230	2	9	37
9231	29	32	17
9232	34	36	23
9233	34	11	36
9234	16	9	20
9235	30	40	34
9236	4	28	33
9237	31	24	2
9238	19	2	27
9239	2	35	26
9240	33	24	37
9241	5	14	12
9242	30	35	25
9243	25	21	20
9244	18	23	3
9245	25	30	12
9246	36	32	30
9247	15	13	39
9248	7	22	10
9249	6	31	19
9250	20	30	15
9251	28	12	2
9252	32	25	29
9253	16	20	25
9254	7	38	0
9255	25	10	16
9256	27	5	3
9257	24	0	39
9258	7	3	34
9259	13	32	30
9260	24	32	5
9261	7	21	37
9262	31	17	0
9263	31	1	37
9264	3	35	2
9265	6	13	4
9266	0	7	17
9267	23	20	37
9268	17	34	22
9269	29	1	34
9270	27	36	7
9271	40	10	30
9272	24	30	19
9273	36	5	31
9274	21	36	6
9275	33	30	20
9276	22	6	19
9277	28	7	40
9278	13	11	6
9279	18	20	22
9280	40	19	15
9281	21	13	24
9282	31	13	24
9283	15	33	0
9284	23	38	20
9285	36	9	29
9286	4	38	20
9287	24	1	15
9288	17	8	5
9289	29	11	1
9290	9	2	21
9291	22	30	29
9292	2	7	20
9293	10	5	34
9294	10	7	15
9295	24	26	38
9296	7	32	29
9297	9	7	27
9298	36	18	3
9299	27	16	6
9300	5	3	11
9301	35	13	11
9302	28	23	10
9303	14	21	5
9304	21	25	26
9305	37	5	34
9306	15	18	31
9307	40	25	35
9308	1	36	0
9309	36	37	5
9310	37	24	31
9311	11	26	14
9312	26	35	16
9313	10	7	39
9314	40	10	11
9315	27	33	17
9316	25	34	9
9317	1	40	9
9318	7	39	35
9319	24	27	9
9320	8	19	16
9321	37	25	11
9322	28	37	12
9323	20	8	14
9324	37	35	18
9325	6	19	23
9326	22	19	20
9327	28	24	38
9328	36	16	3
9329	12	10	8
9330	3	18	16
9331	6	23	3
9332	40	13	17
9333	12	32	26
9334	39	7	23
9335	32	20	22
9336	29	35	23
9337	7	36	10
9338	6	13	1
9339	34	39	18
9340	35	27	37
9341	13	20	6
9342	17	7	13
9343	20	9	11
9344	37	23	7
9345	14	29	10
9346	26	17	37
9347	34	10	4
9348	13	2	6
9349	16	21	2
9350	14	21	12
9351	2	3	14
9352	0	39	19
9353	4	28	25
9354	20	11	38
9355	39	17	28
9356	38	30	0
9357	3	32	14
9358	5	27	32
9359	9	25	39
9360	19	14	8
9361	22	23	35
9362	3	30	6
9363	10	21	8
9364	34	22	0
9365	8	29	22
9366	25	30	31
9367	10	19	3
9368	38	34	15
9369	6	13	0
9370	22	34	4
9371	39	15	18
9372	31	9	40
9373	28	31	20
9374	36	3	9
9375	10	29	25
9376	9	14	1
9377	16	8	22
9378	27	22	36
9379	21	0	7
9380	11	16	37
9381	25	29	34
9382	40	9	32
9383	38	34	17
9384	10	6	17
9385	6	26	22
9386	18	38	35
9387	30	0	37
9388	21	34	22
9389	18	27	23
9390	15	0	2
9391	39	9	24
9392	26	9	18
9393	19	27	0
9394	12	2	1
9395	31	4	11
9396	36	22	10
9397	33	29	40
9398	36	11	10
9399	39	34	24
9400	33	16	28
9401	31	21	18
9402	22	11	16
9403	33	15	13
9404	31	39	21
9405	28	32	39
9406	5	25	33
9407	37	34	9
9408	35	19	21
9409	38	0	23
9410	35	13	12
9411	32	13	35
9412	29	35	18
9413	26	30	2
9414	32	11	26
9415	28	21	27
9416	10	31	32
9417	34	19	13
9418	13	22	4
9419	30	17	2
9420	0	29	12
9421	30	27	36
9422	3	26	11
9423	21	12	17
9424	33	21	32
9425	6	13	18
9426	40	37	9
9427	22	19	31
9428	21	4	15
9429	37	32	24
9430	5	24	38
9431	22	13	39
9432	23	3	25
9433	14	0	38
9434	26	36	2
9435	18	1	23
9436	35	28	32
9437	21	30	4
9438	3	27	19
9439	37	0	1
9440	34	32	19
9441	18	32	26
9442	32	22	20
9443	2	38	37
9444	27	6	29
9445	32	22	0
9446	12	38	36
9447	39	21	18
9448	1	14	11
9449	17	10	9
9450	39	15	21
9451	27	5	15
9452	15	17	16
9453	26	17	8
9454	17	31	12
9455	13	12	25
9456	9	17	7
9457	11	2	19
9458	6	35	37
9459	19	1	7
9460	11	23	3
9461	16	27	5
9462	6	24	15
9463	25	11	7
9464	31	4	28
9465	11	32	8
9466	9	5	3
9467	16	14	20
9468	21	0	32
9469	4	34	37
9470	39	31	37
9471	36	31	32
9472	7	2	19
9473	32	17	34
9474	15	39	13
9475	25	1	17
9476	30	33	19
9477	23	14	38
9478	18	15	8
9479	33	30	10
9480	32	39	26
9481	14	2	26
9482	22	32	23
9483	24	27	6
9484	21	19	35
9485	19	13	7
9486	35	39	21
9487	21	27	32
9488	4	21	8
9489	34	28	21
9490	24	12	34
9491	10	37	0
9492	12	32	35
9493	6	12	24
9494	13	30	27
9495	11	37	24
9496	37	0	3
9497	5	0	21
9498	5	37	35
9499	34	11	12
9500	22	33	16
9501	5	18	29
9502	12	2	39
9503	28	21	3
9504	9	23	30
9505	20	9	33
9506	26	6	10
9507	34	5	3
9508	39	40	18
9509	5	1	23
9510	5	18	33
9511	10	34	22
9512	2	21	11
9513	5	33	35
9514	30	22	16
9515	3	0	25
9516	13	20	23
9517	6	40	22
9518	16	7	20
9519	13	25	17
9520	37	36	24
9521	0	18	26
9522	15	8	16
9523	20	8	21
9524	36	34	15
9525	22	26	6
9526	20	12	19
9527	24	28	10
9528	24	30	29
9529	29	31	40
9530	37	2	32
9531	20	37	19
9532	7	39	17
9533	20	0	30
9534	3	11	34
9535	23	4	8
9536	23	3	31
9537	15	21	14
9538	25	14	7
9539	2	27	36
9540	1	18	28
9541	12	33	28
9542	21	28	18
9543	0	15	14
9544	18	4	3
9545	4	35	12
9546	14	32	11
9547	27	17	2
9548	40	39	21
9549	0	39	29
9550	27	33	24
9551	28	31	30
9552	9	21	6
9553	20	9	2
9554	36	5	3
9555	16	40	9
9556	5	12	38
9557	4	6	37
9558	0	20	24
9559	32	13	33
9560	11	23	36
9561	22	40	2
9562	20	3	8
9563	17	25	11
9564	28	23	30
9565	31	26	5
9566	28	25	20
9567	37	35	27
9568	6	36	13
9569	31	12	2
9570	19	15	6
9571	3	20	36
9572	10	33	18
9573	6	1	27
9574	17	19	32
9575	4	13	7
9576	27	33	40
9577	28	25	5
9578	1	30	32
9579	3	35	37
9580	9	10	27
9581	6	39	22
9582	5	39	21
9583	1	25	31
9584	16	17	34
9585	22	29	8
9586	14	9	30
9587	18	12	14
9588	28	23	40
9589	9	0	19
9590	16	11	36
9591	11	20	5
9592	33	24	25
9593	40	23	37
9594	7	0	22
9595	9	0	13
9596	11	16	25
9597	0	38	36
9598	11	15	31
9599	14	5	23
9600	16	34	1
9601	38	21	35
9602	16	7	3
9603	10	1	16
9604	35	33	29
9605	13	8	14
9606	12	13	33
9607	32	28	34
9608	20	31	29
9609	3	5	25
9610	33	16	28
9611	13	19	10
9612	12	20	15
9613	34	38	19
9614	26	31	2
9615	11	20	9
9616	26	20	15
9617	11	33	3
9618	16	3	8
9619	10	30	4
9620	10	17	28
9621	33	0	37
9622	31	7	4
9623	17	26	13
9624	19	34	25
9625	33	22	12
9626	25	4	33
9627	13	30	0
9628	33	0	13
9629	1	19	29
9630	23	34	20
9631	40	28	10
9632	32	17	30
9633	9	20	4
9634	27	1	19
9635	8	39	29
9636	20	40	5
9637	26	37	22
9638	13	17	9
9639	35	34	4
9640	39	17	34
9641	2	26	13
9642	1	4	31
9643	38	16	30
9644	20	21	2
9645	30	38	32
9646	10	37	20
9647	7	19	30
9648	12	38	23
9649	25	23	11
9650	10	27	17
9651	34	22	26
9652	37	36	25
9653	22	11	15
9654	17	27	13
9655	19	39	9
9656	33	40	4
9657	0	16	2
9658	39	23	32
9659	21	28	40
9660	1	34	38
9661	33	39	38
9662	16	18	38
9663	20	5	19
9664	9	19	6
9665	2	4	22
9666	29	32	25
9667	19	24	15
9668	29	5	16
9669	2	34	31
9670	24	2	8
9671	1	18	6
9672	40	12	4
9673	19	11	28
9674	9	10	17
9675	29	37	2
9676	17	0	24
9677	9	20	24
9678	7	0	14
9679	15	16	0
9680	14	36	35
9681	2	32	13
9682	25	30	1
9683	22	40	26
9684	22	15	1
9685	22	39	30
9686	18	16	13
9687	16	15	22
9688	20	1	8
9689	26	14	23
9690	37	2	13
9691	8	6	38
9692	8	26	12
9693	40	34	12
9694	32	14	3
9695	21	15	1
9696	11	14	7
9697	8	35	25
9698	24	11	13
9699	26	35	19
9700	31	30	2
9701	23	28	3
9702	21	35	18
9703	34	35	32
9704	6	12	22
9705	0	23	10
9706	29	27	6
9707	22	16	39
9708	22	10	25
9709	4	31	8
9710	7	32	12
9711	33	27	29
9712	34	19	9
9713	9	31	11
9714	39	34	9
9715	0	27	33
9716	14	38	10
9717	18	4	24
9718	11	8	4
9719	14	0	12
9720	34	8	1
9721	33	11	12
9722	1	4	18
9723	4	27	35
9724	9	31	3
9725	7	3	38
9726	26	32	20
9727	6	12	3
9728	19	37	9
9729	1	19	29
9730	4	38	6
9731	31	24	16
9732	17	28	31
9733	33	5	1
9734	1	30	28
9735	36	40	39
9736	13	35	1
9737	1	32	31
9738	14	13	15
9739	14	40	19
9740	35	38	11
9741	16	17	15
9742	0	21	27
9743	30	8	20
9744	9	8	33
9745	10	36	9
9746	40	26	7
9747	36	30	5
9748	34	29	37
9749	12	22	29
9750	32	2	5
9751	10	17	26
9752	26	24	37
9753	24	28	35
9754	18	17	29
9755	0	29	28
9756	17	30	29
9757	36	10	11
9758	16	27	15
9759	29	36	12
9760	6	40	30
9761	3	9	34
9762	7	28	36
9763	30	21	25
9764	35	33	39
9765	38	0	28
9766	36	5	19
9767	26	0	34
9768	27	8	2
9769	19	14	10
9770	8	23	10
9771	26	34	14
9772	5	8	28
9773	9	14	19
9774	12	3	34
9775	5	26	31
9776	2	19	29
9777	38	29	28
9778	26	6	14
9779	1	5	27
9780	25	3	26
9781	14	18	37
9782	36	15	26
9783	32	15	4
9784	33	7	38
9785	12	32	10
9786	23	13	15
9787	34	31	28
9788	16	14	40
9789	39	26	13
9790	8	4	9
9791	40	20	35
9792	17	22	31
9793	14	37	26
9794	39	16	29
9795	19	21	14
9796	29	33	38
9797	7	16	10
9798	27	30	23
9799	34	20	24
9800	28	40	26
9801	8	7	22
9802	21	5	25
9803	0	28	29
9804	35	0	34
9805	7	22	38
9806	18	37	30
9807	26	15	29
9808	8	30	37
9809	13	37	15
9810	4	32	37
9811	14	34	11
9812	0	33	25
9813	5	38	13
9814	35	5	19
9815	20	8	24
9816	30	34	7
9817	26	4	16
9818	38	22	0
9819	3	27	26
9820	36	18	4
9821	11	3	6
9822	7	20	22
9823	37	15	39
9824	4	36	19
9825	25	3	19
9826	25	20	31
9827	23	24	32
9828	1	34	19
9829	31	14	23
9830	29	20	32
9831	16	17	33
9832	36	26	35
9833	39	9	16
9834	17	34	18
9835	8	11	19
9836	12	18	34
9837	15	26	38
9838	21	31	26
9839	35	15	33
9840	13	5	39
9841	15	2	36
9842	28	2	36
9843	33	16	17
9844	10	21	11
9845	14	28	23
9846	1	18	3
9847	22	6	23
9848	16	9	23
9849	24	33	31
9850	11	22	27
9851	3	5	39
9852	8	9	23
9853	0	14	33
9854	28	38	24
9855	34	16	1
9856	4	25	39
9857	36	37	11
9858	35	13	15
9859	4	7	40
9860	33	22	31
9861	29	1	37
9862	38	22	27
9863	13	10	23
9864	37	30	16
9865	22	30	21
9866	25	7	16
9867	35	21	14
9868	6	3	34
9869	2	37	17
9870	1	21	27
9871	38	24	11
9872	1	20	14
9873	40	34	24
9874	14	37	16
9875	7	18	25
9876	25	27	5
9877	18	29	0
9878	22	38	13
9879	16	15	0
9880	7	28	27
9881	34	23	28
9882	1	2	26
9883	30	10	19
9884	38	4	33
9885	12	3	39
9886	6	2	12
9887	18	26	7
9888	21	29	5
9889	17	38	25
9890	13	32	9
9891	1	5	35
9892	30	9	5
9893	19	14	25
9894	17	37	34
9895	29	1	17
9896	2	3	24
9897	2	11	16
9898	22	17	6
9899	13	36	37
9900	4	3	27
9901	19	24	20
9902	39	36	24
9903	4	25	20
9904	14	24	25
9905	31	5	32
9906	16	18	26
9907	40	13	31
9908	4	2	6
9909	12	0	25
9910	18	6	26
9911	0	13	3
9912	16	11	27
9913	10	33	6
9914	35	31	30
9915	2	14	34
9916	7	24	38
9917	32	12	38
9918	4	3	22
9919	1	27	21
9920	37	6	11
9921	10	12	36
9922	7	35	33
9923	34	10	18
9924	3	16	10
9925	7	35	12
9926	28	7	27
9927	12	27	16
9928	17	12	19
9929	24	0	26
9930	11	12	39
9931	33	5	9
9932	32	29	6
9933	21	34	40
9934	22	18	6
9935	39	31	18
9936	1	33	4
9937	30	18	2
9938	29	30	21
9939	30	14	37
9940	40	25	22
9941	5	6	13
9942	8	32	17
9943	13	19	20
9944	30	9	26
9945	30	23	21
9946	1	21	18
9947	2	18	26
9948	8	38	28
9949	36	38	22
9950	27	38	14
9951	12	11	16
9952	30	21	6
9953	36	26	35
9954	26	2	34
9955	12	34	37
9956	19	7	26
9957	21	15	20
9958	36	20	9
9959	30	5	4
9960	20	2	18
9961	3	20	14
9962	16	25	22
9963	7	26	16
9964	35	30	19
9965	14	40	36
9966	4	29	18
9967	3	27	28
9968	16	28	17
9969	19	35	13
9970	23	30	22
9971	1	21	23
9972	18	21	13
9973	35	18	8
9974	0	17	16
9975	20	8	12
9976	35	12	7
9977	35	4	33
9978	9	37	12
9979	35	24	23
9980	10	4	7
9981	38	10	34
9982	9	37	23
9983	24	21	18
9984	25	27	39
9985	0	2	37
9986	13	14	1
9987	29	14	20
9988	14	11	12
9989	13	40	8
9990	23	6	27
9991	23	30	28
9992	6	24	20
9993	30	27	5
9994	2	25	11
9995	15	17	11
9996	40	16	39
9997	31	34	27
9998	17	28	19
9999	40	17	29
10000	18	31	26
10001	35	38	19
10002	30	13	38
10003	28	38	3
10004	11	36	23
10005	1	33	24
10006	19	25	28
10007	2	30	12
10008	11	26	27
10009	11	15	12
10010	15	13	10
10011	6	5	7
10012	15	27	1
10013	0	16	13
10014	36	8	28
10015	36	9	39
10016	36	20	30
10017	21	40	9
10018	35	12	25
10019	4	16	6
10020	27	21	19
10021	21	37	8
10022	35	16	15
10023	26	35	19
10024	35	25	8
10025	9	17	31
10026	15	1	13
10027	10	9	38
10028	9	7	27
10029	38	33	4
10030	28	9	29
10031	1	33	26
10032	5	29	23
10033	40	3	25
10034	3	23	5
10035	38	40	35
10036	21	27	16
10037	4	27	12
10038	40	20	37
10039	14	38	2
10040	35	11	1
10041	26	21	27
10042	6	8	5
10043	26	12	10
10044	6	27	31
10045	31	30	16
10046	0	38	11
10047	26	30	22
10048	10	32	33
10049	29	25	7
10050	40	36	28
10051	20	4	15
10052	19	2	13
10053	13	38	23
10054	31	37	4
10055	39	1	3
10056	20	25	39
10057	29	14	7
10058	4	20	33
10059	9	11	4
10060	11	10	3
10061	17	27	6
10062	12	13	11
10063	24	31	22
10064	13	6	18
10065	35	29	17
10066	34	15	20
10067	6	38	33
10068	30	38	15
10069	10	20	6
10070	1	11	8
10071	20	12	29
10072	12	26	30
10073	14	19	20
10074	40	30	16
10075	28	7	26
10076	15	8	13
10077	33	38	27
10078	27	37	34
10079	34	2	4
10080	20	19	28
10081	7	34	25
10082	36	32	21
10083	9	15	25
10084	31	15	4
10085	0	30	8
10086	38	18	34
10087	22	24	30
10088	2	13	3
10089	15	30	5
10090	14	25	36
10091	14	39	0
10092	18	35	4
10093	0	29	40
10094	28	2	16
10095	19	12	23
10096	14	12	25
10097	3	23	33
10098	28	2	35
10099	3	26	20
10100	27	35	20
10101	5	9	6
10102	1	7	16
10103	24	31	25
10104	19	16	8
10105	16	19	4
10106	28	8	2
10107	27	0	40
10108	10	4	23
10109	26	24	40
10110	4	6	15
10111	34	24	17
10112	22	16	39
10113	28	13	25
10114	10	31	15
10115	3	32	10
10116	27	31	4
10117	28	36	27
10118	32	6	19
10119	6	14	38
10120	29	16	25
10121	4	0	40
10122	35	27	32
10123	8	25	27
10124	14	27	28
10125	2	11	35
10126	23	39	29
10127	14	21	26
10128	20	32	19
10129	14	35	27
10130	36	0	20
10131	21	39	14
10132	27	36	17
10133	27	11	19
10134	34	6	29
10135	36	37	4
10136	32	23	30
10137	0	21	17
10138	20	17	38
10139	20	9	7
10140	38	36	10
10141	4	7	12
10142	20	0	30
10143	31	21	18
10144	31	24	12
10145	18	28	5
10146	3	22	38
10147	17	13	11
10148	0	22	36
10149	24	13	32
10150	30	14	10
10151	40	16	8
10152	12	24	15
10153	33	17	28
10154	14	32	39
10155	5	19	29
10156	20	40	3
10157	37	29	40
10158	10	17	32
10159	9	28	39
10160	4	23	22
10161	32	38	35
10162	22	19	33
10163	40	12	20
10164	15	39	3
10165	28	5	31
10166	2	5	4
10167	19	5	37
10168	7	1	3
10169	19	25	31
10170	15	14	30
10171	20	13	38
10172	40	21	14
10173	31	27	37
10174	13	25	19
10175	39	7	34
10176	38	6	16
10177	40	36	23
10178	33	20	25
10179	31	22	36
10180	8	25	30
10181	38	28	5
10182	2	3	31
10183	6	9	2
10184	35	13	2
10185	14	25	28
10186	32	9	39
10187	24	9	8
10188	37	7	14
10189	23	20	29
10190	12	19	10
10191	9	4	1
10192	36	4	14
10193	4	2	20
10194	14	7	4
10195	36	18	29
10196	21	35	26
10197	40	34	9
10198	5	25	1
10199	36	10	20
10200	26	2	37
10201	28	32	13
10202	25	21	16
10203	16	39	37
10204	18	29	16
10205	32	27	24
10206	21	17	37
10207	24	13	30
10208	14	23	26
10209	19	31	38
10210	16	11	5
10211	16	6	5
10212	1	35	21
10213	13	23	38
10214	26	22	2
10215	10	14	21
10216	8	17	22
10217	21	39	18
10218	11	24	35
10219	14	13	35
10220	16	28	1
10221	38	3	9
10222	31	30	1
10223	37	18	34
10224	18	12	30
10225	19	21	18
10226	25	28	17
10227	1	34	11
10228	27	35	10
10229	10	16	36
10230	15	35	20
10231	2	36	1
10232	13	3	31
10233	35	17	6
10234	23	2	4
10235	9	19	21
10236	25	21	16
10237	0	10	21
10238	10	31	20
10239	25	15	26
10240	15	31	6
10241	9	2	39
10242	36	33	16
10243	21	10	5
10244	17	6	40
10245	38	40	21
10246	12	23	14
10247	7	38	39
10248	26	15	23
10249	10	20	37
10250	29	20	17
10251	25	6	27
10252	19	34	4
10253	33	10	40
10254	13	19	40
10255	31	7	14
10256	12	37	13
10257	9	34	10
10258	26	15	37
10259	10	19	4
10260	28	34	5
10261	25	24	22
10262	20	40	17
10263	27	31	22
10264	6	10	12
10265	30	33	6
10266	38	12	23
10267	14	9	11
10268	7	28	11
10269	24	23	20
10270	3	24	27
10271	7	4	19
10272	20	24	34
10273	28	22	36
10274	34	17	29
10275	22	39	20
10276	9	8	16
10277	38	18	9
10278	20	5	30
10279	35	11	0
10280	5	23	20
10281	11	37	30
10282	7	0	15
10283	17	7	29
10284	35	30	15
10285	1	5	6
10286	25	19	3
10287	13	39	7
10288	6	26	33
10289	11	38	14
10290	15	32	33
10291	14	26	8
10292	16	3	29
10293	24	3	29
10294	9	1	22
10295	35	37	40
10296	35	39	14
10297	6	7	30
10298	25	11	40
10299	11	25	0
10300	29	4	39
10301	18	7	17
10302	19	1	39
10303	21	18	11
10304	23	38	4
10305	4	11	9
10306	3	8	23
10307	28	17	34
10308	10	31	25
10309	3	11	30
10310	17	12	37
10311	1	13	35
10312	12	17	1
10313	29	17	31
10314	11	7	4
10315	34	25	17
10316	30	26	32
10317	8	5	6
10318	12	1	5
10319	40	28	13
10320	16	27	11
10321	24	20	15
10322	10	23	0
10323	8	2	16
10324	16	9	34
10325	23	39	22
10326	7	0	22
10327	8	35	7
10328	2	20	19
10329	32	21	39
10330	35	13	20
10331	1	3	31
10332	9	11	8
10333	29	17	12
10334	2	4	27
10335	21	4	8
10336	12	4	28
10337	12	27	5
10338	24	14	9
10339	19	24	23
10340	28	40	29
10341	9	12	21
10342	33	18	3
10343	7	0	19
10344	33	7	9
10345	32	37	0
10346	39	40	3
10347	35	39	31
10348	7	9	0
10349	23	28	15
10350	17	8	7
10351	25	24	16
10352	23	36	20
10353	38	36	27
10354	9	33	31
10355	3	27	0
10356	20	14	10
10357	13	10	25
10358	36	20	39
10359	18	5	6
10360	40	14	15
10361	31	1	4
10362	22	40	9
10363	35	5	37
10364	23	9	24
10365	8	10	26
10366	29	40	6
10367	5	35	24
10368	31	23	32
10369	15	2	14
10370	2	5	29
10371	25	36	21
10372	19	18	11
10373	17	37	21
10374	26	35	25
10375	23	7	35
10376	28	33	32
10377	32	18	36
10378	28	18	16
10379	18	4	22
10380	18	16	6
10381	18	21	11
10382	34	17	23
10383	40	9	10
10384	40	26	23
10385	39	32	35
10386	33	25	32
10387	15	26	17
10388	34	33	0
10389	16	26	1
10390	17	13	5
10391	30	18	20
10392	32	11	17
10393	38	31	12
10394	16	9	14
10395	26	11	0
10396	11	9	6
10397	20	8	22
10398	18	5	35
10399	22	1	10
10400	28	11	26
10401	22	13	20
10402	38	16	0
10403	3	9	27
10404	38	21	20
10405	10	5	11
10406	32	29	19
10407	25	37	0
10408	17	40	27
10409	18	38	31
10410	3	11	36
10411	27	35	33
10412	40	13	29
10413	0	33	22
10414	1	13	10
10415	19	32	35
10416	15	7	2
10417	5	4	1
10418	3	7	34
10419	3	4	20
10420	5	30	35
10421	10	34	39
10422	28	3	20
10423	23	33	2
10424	23	16	34
10425	37	26	27
10426	24	37	1
10427	34	10	23
10428	17	23	39
10429	10	12	15
10430	37	19	34
10431	2	29	21
10432	32	14	35
10433	34	39	40
10434	14	31	26
10435	30	14	10
10436	16	4	20
10437	23	11	17
10438	26	17	0
10439	23	2	40
10440	34	24	11
10441	27	13	10
10442	9	14	27
10443	17	3	16
10444	38	36	17
10445	40	14	31
10446	13	21	0
10447	6	2	12
10448	32	1	21
10449	27	33	1
10450	28	13	11
10451	6	17	18
10452	1	38	29
10453	18	36	23
10454	1	0	12
10455	27	16	3
10456	6	21	37
10457	40	15	1
10458	22	34	20
10459	4	15	0
10460	25	4	11
10461	27	32	29
10462	16	12	11
10463	26	16	4
10464	35	39	14
10465	1	34	33
10466	29	16	38
10467	2	1	25
10468	27	40	20
10469	7	2	29
10470	35	23	12
10471	40	30	24
10472	15	23	9
10473	5	7	2
10474	22	6	12
10475	32	20	21
10476	36	34	27
10477	35	29	37
10478	11	18	23
10479	26	3	35
10480	16	32	6
10481	35	0	36
10482	1	32	38
10483	18	24	26
10484	13	7	36
10485	0	11	12
10486	7	17	2
10487	11	40	39
10488	7	16	38
10489	6	30	38
10490	18	30	0
10491	36	4	6
10492	23	16	26
10493	16	22	21
10494	19	1	30
10495	18	10	36
10496	25	9	7
10497	4	14	24
10498	17	38	23
10499	33	31	12
10500	36	13	11
10501	12	6	26
10502	0	20	10
10503	14	15	4
10504	39	26	6
10505	13	8	18
10506	36	11	14
10507	11	26	19
10508	25	20	18
10509	0	27	16
10510	3	8	27
10511	27	29	11
10512	20	12	21
10513	11	1	17
10514	26	36	17
10515	13	32	28
10516	14	0	27
10517	37	9	31
10518	30	14	7
10519	26	20	15
10520	7	9	6
10521	9	17	35
10522	30	4	28
10523	27	2	19
10524	5	11	24
10525	31	17	34
10526	12	20	13
10527	35	40	38
10528	36	13	35
10529	10	22	0
10530	24	19	39
10531	9	1	14
10532	22	33	11
10533	18	29	19
10534	15	39	32
10535	23	40	13
10536	0	25	20
10537	31	24	20
10538	20	11	40
10539	40	30	22
10540	14	21	17
10541	32	12	37
10542	38	29	25
10543	5	24	16
10544	30	31	14
10545	35	7	40
10546	15	23	29
10547	20	12	29
10548	24	16	8
10549	15	25	20
10550	12	34	5
10551	15	39	37
10552	5	9	38
10553	8	39	21
10554	6	3	24
10555	15	3	29
10556	18	33	6
10557	5	29	37
10558	39	35	15
10559	11	30	40
10560	18	22	11
10561	33	15	35
10562	16	23	31
10563	19	15	4
10564	30	36	37
10565	9	20	40
10566	1	24	2
10567	14	11	4
10568	10	8	19
10569	5	18	38
10570	13	27	8
10571	28	18	16
10572	36	16	10
10573	12	3	23
10574	13	38	18
10575	38	9	16
10576	3	1	34
10577	14	17	36
10578	20	25	21
10579	12	36	35
10580	40	17	20
10581	16	22	27
10582	35	4	33
10583	3	38	33
10584	40	39	4
10585	12	38	15
10586	14	35	25
10587	20	16	37
10588	14	39	36
10589	28	3	10
10590	33	32	31
10591	14	34	3
10592	20	14	13
10593	15	12	6
10594	11	7	10
10595	34	2	25
10596	21	28	10
10597	18	22	36
10598	28	19	18
10599	35	22	29
10600	15	1	25
10601	28	29	20
10602	28	15	34
10603	24	19	23
10604	14	24	25
10605	29	23	20
10606	1	11	28
10607	26	5	6
10608	17	21	14
10609	36	9	16
10610	37	35	36
10611	38	25	12
10612	32	4	29
10613	37	19	38
10614	13	34	32
10615	21	34	8
10616	30	7	20
10617	35	1	25
10618	16	3	24
10619	16	31	40
10620	12	17	7
10621	7	32	38
10622	2	40	19
10623	16	6	13
10624	28	33	8
10625	36	1	12
10626	12	2	34
10627	14	24	13
10628	21	22	34
10629	18	34	22
10630	16	21	28
10631	21	0	22
10632	28	23	30
10633	10	21	3
10634	40	34	8
10635	39	31	17
10636	5	8	13
10637	29	33	12
10638	34	40	5
10639	13	17	1
10640	28	1	39
10641	20	6	26
10642	29	27	34
10643	28	40	36
10644	40	36	33
10645	25	10	1
10646	31	16	1
10647	0	7	3
10648	15	9	1
10649	19	8	36
10650	13	7	39
10651	13	4	39
10652	34	30	11
10653	22	14	3
10654	34	27	33
10655	24	30	33
10656	37	20	16
10657	9	28	33
10658	11	23	5
10659	37	24	29
10660	4	37	7
10661	37	6	19
10662	11	17	13
10663	36	0	6
10664	34	26	33
10665	31	9	39
10666	33	24	4
10667	22	6	19
10668	2	4	19
10669	6	21	40
10670	31	11	21
10671	11	27	10
10672	13	15	28
10673	30	18	23
10674	1	14	19
10675	25	39	36
10676	14	5	7
10677	35	19	34
10678	39	8	38
10679	25	0	28
10680	39	20	6
10681	40	31	25
10682	7	0	4
10683	23	17	21
10684	38	29	31
10685	27	11	25
10686	25	14	35
10687	22	3	19
10688	24	30	25
10689	15	24	3
10690	6	10	18
10691	2	35	20
10692	22	40	30
10693	32	34	4
10694	38	4	27
10695	1	0	22
10696	22	24	33
10697	6	32	18
10698	20	18	28
10699	0	1	33
10700	8	35	26
10701	39	20	16
10702	16	15	33
10703	30	18	13
10704	5	40	23
10705	29	28	16
10706	31	14	32
10707	9	13	35
10708	8	30	23
10709	9	29	3
10710	25	23	35
10711	9	28	27
10712	15	4	33
10713	18	33	32
10714	37	35	17
10715	7	24	35
10716	29	32	21
10717	30	13	14
10718	10	15	22
10719	32	24	11
10720	38	4	40
10721	4	13	9
10722	23	35	14
10723	6	33	3
10724	37	16	2
10725	26	7	15
10726	10	38	19
10727	18	12	23
10728	0	15	14
10729	31	36	2
10730	26	24	40
10731	27	34	7
10732	5	40	7
10733	15	10	24
10734	1	8	24
10735	40	13	15
10736	11	4	21
10737	3	4	10
10738	9	1	28
10739	19	34	12
10740	39	2	36
10741	24	37	12
10742	20	26	19
10743	36	7	9
10744	23	11	3
10745	27	28	34
10746	5	1	21
10747	6	26	37
10748	34	17	40
10749	40	16	18
10750	1	35	2
10751	28	14	31
10752	20	1	4
10753	6	14	31
10754	7	1	11
10755	23	22	8
10756	24	6	19
10757	37	17	6
10758	25	33	1
10759	4	18	36
10760	18	32	37
10761	38	33	9
10762	25	12	27
10763	20	8	30
10764	32	18	8
10765	19	37	6
10766	7	29	26
10767	29	27	7
10768	23	3	31
10769	9	12	29
10770	27	15	1
10771	4	17	27
10772	28	18	22
10773	37	1	14
10774	24	25	5
10775	16	21	24
10776	4	1	31
10777	18	15	32
10778	32	35	24
10779	34	24	2
10780	37	26	21
10781	15	10	36
10782	16	22	33
10783	34	7	30
10784	3	33	24
10785	4	5	12
10786	19	38	5
10787	36	6	16
10788	11	1	24
10789	39	38	27
10790	18	15	38
10791	32	20	16
10792	32	1	39
10793	19	40	14
10794	3	11	18
10795	3	19	20
10796	7	3	34
10797	35	19	34
10798	32	2	16
10799	37	17	10
10800	17	21	0
10801	6	20	26
10802	4	26	25
10803	36	22	29
10804	11	31	20
10805	16	4	6
10806	21	15	25
10807	18	30	39
10808	31	24	35
10809	8	16	26
10810	4	39	29
10811	10	16	6
10812	28	18	17
10813	0	20	28
10814	40	7	28
10815	21	25	35
10816	0	22	14
10817	32	29	37
10818	5	7	25
10819	25	26	4
10820	34	20	40
10821	15	18	11
10822	15	10	31
10823	13	12	15
10824	30	12	0
10825	30	28	12
10826	33	24	16
10827	24	17	1
10828	39	29	27
10829	12	26	0
10830	18	8	3
10831	35	11	29
10832	11	26	34
10833	25	9	40
10834	16	23	1
10835	26	32	11
10836	27	40	37
10837	32	12	9
10838	30	20	38
10839	34	16	25
10840	14	32	37
10841	30	39	4
10842	36	31	21
10843	16	14	9
10844	3	1	27
10845	28	1	14
10846	13	35	4
10847	31	20	18
10848	12	27	24
10849	11	29	36
10850	30	19	8
10851	15	21	7
10852	0	39	17
10853	12	35	34
10854	8	16	4
10855	3	25	1
10856	19	14	20
10857	21	8	23
10858	24	2	36
10859	38	2	18
10860	13	7	22
10861	20	13	37
10862	37	4	28
10863	37	27	15
10864	29	36	1
10865	8	13	5
10866	1	21	7
10867	2	9	7
10868	20	14	0
10869	3	19	17
10870	38	10	5
10871	37	21	3
10872	33	17	20
10873	32	4	24
10874	24	18	23
10875	22	15	35
10876	9	18	34
10877	14	33	1
10878	1	18	17
10879	8	10	12
10880	36	3	27
10881	16	33	27
10882	7	13	31
10883	40	14	2
10884	28	12	10
10885	19	11	38
10886	12	40	9
10887	0	9	23
10888	13	18	36
10889	10	36	2
10890	27	1	25
10891	9	36	25
10892	2	36	9
10893	31	32	26
10894	16	21	39
10895	13	39	25
10896	35	14	7
10897	16	0	32
10898	4	18	15
10899	10	0	17
10900	24	37	26
10901	27	28	20
10902	38	6	8
10903	14	17	20
10904	22	16	20
10905	11	20	15
10906	35	21	3
10907	29	13	25
10908	11	19	10
10909	25	9	3
10910	26	21	25
10911	20	16	30
10912	24	17	4
10913	37	40	3
10914	19	38	33
10915	25	30	21
10916	6	25	35
10917	13	4	20
10918	23	15	16
10919	9	35	2
10920	31	7	25
10921	25	14	7
10922	20	15	10
10923	33	3	4
10924	11	17	24
10925	12	30	39
10926	17	22	30
10927	5	37	28
10928	21	23	4
10929	4	38	28
10930	4	19	17
10931	4	9	7
10932	17	16	18
10933	19	3	40
10934	37	5	32
10935	22	37	29
10936	7	3	29
10937	11	33	3
10938	23	35	9
10939	8	31	4
10940	10	24	17
10941	14	19	40
10942	15	21	36
10943	29	33	34
10944	4	40	7
10945	22	29	1
10946	25	6	24
10947	0	30	3
10948	28	36	7
10949	13	26	35
10950	18	20	8
10951	17	14	1
10952	9	21	8
10953	0	35	20
10954	4	38	22
10955	37	10	29
10956	25	21	14
10957	39	14	19
10958	19	31	37
10959	32	3	18
10960	40	13	25
10961	33	2	34
10962	13	25	14
10963	27	21	36
10964	6	5	11
10965	14	34	5
10966	14	10	4
10967	31	25	11
10968	19	36	5
10969	8	2	29
10970	37	27	19
10971	12	13	11
10972	29	10	24
10973	32	18	5
10974	33	32	25
10975	7	36	19
10976	5	4	28
10977	12	1	6
10978	12	16	5
10979	36	33	39
10980	5	23	18
10981	32	20	26
10982	29	20	38
10983	37	36	4
10984	22	3	2
10985	39	21	26
10986	29	0	34
10987	17	32	16
10988	23	16	36
10989	4	3	31
10990	21	37	39
10991	6	24	1
10992	15	6	10
10993	35	13	20
10994	31	11	30
10995	40	21	6
10996	21	30	6
10997	31	25	28
10998	15	23	40
10999	16	24	26
11000	2	7	17
11001	40	35	24
11002	4	35	37
11003	11	6	27
11004	29	21	33
11005	14	15	12
11006	31	24	1
11007	19	9	30
11008	2	12	0
11009	39	13	5
11010	37	20	7
11011	13	19	33
11012	34	5	33
11013	38	40	33
11014	33	12	7
11015	34	40	27
11016	6	2	34
11017	25	28	38
11018	13	1	37
11019	27	32	16
11020	18	16	32
11021	25	38	37
11022	26	22	5
11023	8	39	9
11024	23	14	26
11025	17	25	36
11026	27	33	39
11027	30	12	40
11028	21	25	4
11029	15	14	25
11030	15	9	12
11031	5	36	21
11032	24	0	27
11033	12	16	31
11034	4	19	30
11035	9	8	40
11036	17	23	20
11037	22	12	30
11038	11	30	23
11039	23	31	19
11040	33	13	37
11041	2	28	29
11042	31	28	35
11043	11	29	14
11044	12	0	4
11045	4	2	1
11046	31	24	39
11047	10	21	2
11048	28	39	32
11049	12	26	21
11050	10	11	18
11051	13	18	10
11052	13	4	9
11053	21	8	40
11054	8	28	22
11055	20	10	32
11056	1	26	27
11057	38	13	37
11058	2	6	23
11059	27	7	9
11060	37	14	40
11061	36	33	39
11062	30	1	2
11063	28	15	18
11064	24	6	1
11065	21	4	24
11066	3	23	0
11067	12	28	13
11068	15	13	28
11069	15	31	6
11070	19	2	5
11071	1	35	34
11072	7	28	19
11073	24	10	18
11074	18	13	25
11075	16	14	30
11076	22	27	15
11077	4	16	0
11078	8	4	23
11079	28	3	0
11080	15	28	9
11081	6	19	16
11082	31	35	40
11083	11	0	2
11084	27	3	26
11085	8	27	32
11086	23	3	26
11087	29	31	20
11088	27	11	29
11089	7	1	4
11090	39	27	29
11091	35	27	16
11092	31	14	3
11093	14	35	16
11094	21	19	16
11095	18	30	21
11096	29	28	19
11097	39	31	4
11098	28	33	1
11099	36	24	2
11100	33	10	29
11101	2	26	22
11102	36	7	13
11103	14	6	24
11104	27	19	4
11105	13	31	11
11106	33	7	23
11107	33	28	26
11108	11	34	14
11109	2	15	26
11110	0	38	2
11111	18	20	11
11112	29	2	17
11113	3	26	38
11114	1	0	17
11115	28	0	29
11116	33	21	8
11117	36	33	30
11118	34	8	10
11119	3	12	26
11120	4	10	13
11121	0	32	8
11122	14	6	36
11123	21	31	18
11124	16	35	39
11125	38	39	11
11126	39	36	0
11127	31	16	14
11128	34	35	26
11129	21	4	25
11130	9	14	31
11131	21	27	12
11132	5	7	21
11133	13	38	8
11134	38	32	17
11135	18	0	1
11136	35	20	29
11137	23	29	10
11138	38	25	3
11139	32	36	16
11140	11	9	0
11141	31	17	1
11142	31	37	38
11143	26	6	32
11144	19	7	12
11145	8	4	6
11146	13	26	2
11147	19	38	6
11148	4	12	25
11149	28	25	7
11150	13	3	1
11151	24	28	4
11152	6	23	26
11153	28	15	39
11154	37	22	33
11155	33	21	31
11156	37	33	1
11157	13	31	1
11158	12	28	5
11159	25	37	21
11160	16	34	4
11161	35	2	11
11162	39	8	1
11163	1	20	36
11164	26	33	38
11165	9	38	11
11166	20	39	0
11167	33	29	18
11168	18	1	23
11169	6	16	13
11170	19	0	27
11171	22	27	25
11172	4	23	18
11173	1	10	19
11174	11	26	13
11175	2	14	19
11176	30	36	7
11177	14	38	22
11178	23	16	28
11179	22	8	39
11180	17	15	5
11181	2	32	40
11182	15	4	9
11183	31	7	40
11184	24	4	30
11185	14	19	26
11186	0	22	15
11187	18	0	30
11188	26	10	36
11189	32	28	34
11190	30	16	23
11191	28	7	26
11192	1	28	13
11193	22	30	19
11194	28	26	13
11195	23	7	36
11196	13	4	27
11197	31	20	39
11198	10	12	17
11199	23	18	31
11200	12	38	8
11201	29	18	26
11202	3	1	5
11203	5	13	12
11204	8	32	15
11205	30	38	39
11206	25	1	9
11207	27	2	37
11208	29	39	20
11209	36	24	7
11210	38	33	11
11211	12	2	38
11212	2	13	15
11213	35	22	0
11214	1	13	3
11215	25	37	26
11216	11	39	2
11217	26	22	24
11218	12	4	27
11219	19	31	12
11220	34	26	10
11221	29	16	4
11222	0	6	9
11223	13	37	10
11224	36	19	31
11225	16	38	18
11226	12	16	19
11227	26	7	12
11228	34	0	19
11229	1	3	7
11230	3	25	37
11231	33	17	13
11232	7	23	20
11233	6	17	18
11234	23	15	13
11235	39	32	36
11236	13	0	17
11237	14	2	38
11238	0	24	25
11239	38	5	10
11240	26	35	14
11241	7	36	11
11242	1	3	28
11243	7	35	25
11244	10	25	18
11245	40	36	17
11246	24	23	29
11247	33	25	36
11248	11	34	6
11249	10	35	5
11250	39	15	34
11251	32	36	39
11252	1	5	35
11253	22	7	10
11254	25	27	13
11255	11	7	22
11256	14	29	39
11257	14	5	10
11258	3	21	38
11259	34	40	18
11260	27	1	3
11261	20	2	34
11262	26	40	33
11263	23	36	9
11264	16	23	30
11265	30	9	1
11266	4	11	39
11267	19	18	20
11268	22	29	18
11269	0	20	35
11270	26	23	20
11271	12	40	18
11272	31	28	39
11273	15	5	4
11274	29	8	25
11275	31	10	12
11276	20	29	28
11277	30	18	33
11278	7	38	4
11279	11	38	9
11280	27	10	19
11281	10	5	6
11282	10	36	6
11283	9	20	15
11284	36	25	26
11285	30	22	40
11286	21	4	33
11287	2	13	5
11288	12	17	8
11289	16	35	14
11290	10	8	29
11291	40	36	17
11292	6	13	26
11293	16	2	20
11294	12	37	6
11295	2	36	19
11296	19	37	11
11297	30	5	8
11298	34	30	21
11299	29	27	13
11300	14	25	37
11301	5	3	36
11302	9	37	39
11303	1	25	9
11304	40	35	33
11305	30	6	31
11306	8	10	38
11307	2	13	7
11308	7	2	37
11309	2	30	1
11310	34	37	10
11311	3	25	14
11312	17	12	38
11313	29	36	7
11314	2	32	13
11315	27	32	17
11316	2	23	6
11317	3	38	10
11318	8	25	37
11319	36	8	34
11320	33	28	12
11321	28	35	12
11322	29	23	8
11323	27	37	3
11324	40	31	26
11325	29	22	27
11326	16	1	32
11327	30	35	4
11328	11	0	27
11329	5	16	31
11330	28	5	11
11331	26	8	0
11332	7	1	14
11333	5	35	38
11334	10	19	39
11335	4	26	34
11336	31	40	23
11337	33	40	35
11338	20	38	8
11339	3	6	14
11340	14	7	28
11341	35	32	16
11342	0	19	3
11343	19	26	12
11344	34	17	22
11345	28	40	27
11346	10	37	33
11347	8	34	13
11348	30	9	24
11349	10	32	20
11350	28	1	31
11351	32	21	14
11352	13	19	23
11353	4	32	38
11354	10	28	26
11355	32	26	34
11356	26	39	16
11357	4	19	26
11358	30	16	23
11359	40	36	29
11360	9	31	40
11361	22	12	25
11362	20	16	39
11363	13	34	28
11364	3	24	6
11365	10	16	9
11366	9	35	40
11367	12	11	7
11368	28	24	34
11369	28	17	25
11370	19	9	17
11371	6	3	21
11372	12	23	37
11373	9	27	36
11374	18	1	28
11375	13	10	40
11376	38	18	11
11377	15	33	28
11378	40	16	30
11379	40	39	14
11380	4	10	34
11381	21	33	26
11382	20	22	15
11383	23	13	34
11384	14	18	16
11385	36	31	6
11386	15	30	28
11387	22	4	11
11388	24	6	16
11389	32	30	35
11390	25	34	39
11391	15	23	39
11392	27	20	24
11393	4	28	32
11394	24	33	8
11395	38	16	7
11396	19	4	1
11397	4	31	17
11398	11	1	6
11399	35	36	11
11400	10	3	5
11401	14	9	29
11402	5	21	10
11403	39	32	14
11404	37	21	16
11405	10	23	14
11406	4	10	21
11407	18	15	30
11408	2	4	17
11409	25	3	32
11410	23	9	6
11411	37	4	8
11412	25	18	4
11413	25	19	10
11414	5	16	4
11415	19	6	1
11416	23	25	24
11417	40	36	32
11418	12	20	21
11419	37	13	18
11420	4	11	31
11421	34	17	39
11422	19	31	26
11423	15	27	8
11424	13	39	1
11425	30	27	16
11426	29	17	20
11427	31	11	16
11428	14	32	24
11429	17	32	19
11430	24	3	9
11431	8	33	19
11432	21	37	25
11433	28	22	31
11434	32	25	12
11435	5	10	34
11436	10	0	4
11437	34	30	7
11438	25	34	24
11439	33	4	13
11440	22	40	0
11441	29	14	2
11442	16	25	38
11443	23	7	28
11444	9	40	2
11445	7	39	26
11446	30	0	23
11447	28	5	23
11448	15	2	28
11449	30	38	27
11450	23	24	13
11451	1	21	25
11452	12	5	32
11453	30	18	4
11454	5	33	22
11455	26	29	37
11456	38	0	16
11457	7	10	17
11458	32	34	27
11459	5	9	1
11460	11	6	14
11461	22	12	19
11462	30	34	0
11463	17	39	40
11464	22	14	4
11465	37	30	22
11466	23	35	18
11467	27	16	29
11468	22	39	15
11469	6	0	3
11470	12	5	29
11471	30	23	8
11472	31	11	14
11473	34	26	32
11474	34	40	19
11475	36	4	38
11476	4	31	24
11477	9	19	10
11478	12	29	14
11479	28	38	10
11480	17	16	28
11481	8	14	20
11482	25	33	39
11483	26	23	6
11484	2	7	4
11485	13	22	28
11486	20	26	14
11487	0	26	29
11488	5	34	39
11489	31	15	12
11490	17	29	23
11491	7	33	31
11492	32	38	40
11493	11	2	28
11494	17	6	14
11495	25	32	3
11496	13	17	23
11497	33	22	3
11498	31	40	33
11499	25	0	23
11500	0	24	32
11501	22	16	17
11502	6	10	3
11503	30	26	17
11504	31	4	38
11505	37	35	13
11506	0	6	13
11507	40	27	35
11508	4	27	23
11509	2	34	23
11510	4	31	26
11511	22	34	29
11512	13	36	18
11513	34	26	30
11514	2	33	12
11515	35	16	2
11516	35	32	22
11517	37	2	6
11518	6	8	9
11519	19	12	22
11520	14	12	19
11521	6	22	20
11522	27	30	37
11523	35	0	2
11524	32	27	1
11525	37	14	34
11526	14	25	2
11527	30	39	12
11528	22	13	33
11529	4	35	14
11530	31	32	1
11531	31	23	11
11532	38	32	17
11533	24	11	26
11534	27	17	2
11535	8	10	31
11536	3	2	15
11537	7	34	6
11538	18	13	24
11539	28	13	24
11540	14	6	19
11541	34	39	9
11542	31	2	1
11543	30	10	29
11544	0	34	18
11545	3	0	5
11546	38	34	10
11547	8	36	16
11548	30	13	10
11549	22	38	30
11550	18	36	31
11551	21	34	16
11552	23	25	8
11553	8	18	39
11554	17	34	9
11555	8	2	26
11556	24	26	15
11557	38	2	33
11558	25	0	29
11559	40	26	28
11560	35	25	13
11561	6	13	34
11562	18	21	39
11563	16	29	6
11564	32	39	28
11565	16	31	14
11566	12	26	21
11567	31	1	4
11568	10	8	34
11569	28	3	12
11570	33	29	11
11571	2	34	40
11572	10	2	22
11573	1	19	33
11574	2	20	12
11575	25	17	31
11576	11	32	26
11577	15	10	13
11578	24	34	21
11579	25	17	12
11580	19	18	3
11581	4	24	39
11582	22	10	25
11583	4	21	37
11584	1	17	37
11585	18	26	40
11586	15	20	10
11587	10	40	19
11588	6	25	16
11589	17	5	30
11590	26	18	31
11591	6	24	0
11592	38	40	24
11593	36	28	6
11594	19	21	8
11595	40	16	24
11596	23	10	2
11597	33	12	21
11598	13	11	18
11599	30	26	16
11600	18	1	21
11601	36	30	26
11602	9	14	37
11603	15	14	24
11604	3	36	34
11605	26	6	5
11606	26	34	36
11607	1	38	22
11608	11	1	6
11609	18	39	38
11610	22	7	26
11611	1	0	30
11612	37	35	6
11613	16	14	36
11614	10	25	11
11615	37	10	28
11616	22	3	33
11617	3	21	29
11618	37	29	19
11619	24	40	10
11620	25	8	29
11621	15	24	25
11622	20	27	31
11623	40	23	12
11624	23	7	27
11625	15	34	31
11626	17	18	9
11627	7	37	15
11628	5	39	26
11629	39	20	29
11630	31	0	11
11631	1	26	33
11632	4	3	0
11633	5	11	34
11634	18	28	11
11635	24	26	1
11636	12	36	20
11637	0	7	39
11638	4	28	2
11639	40	38	9
11640	18	5	7
11641	18	25	26
11642	26	6	18
11643	30	25	22
11644	39	36	35
11645	39	5	37
11646	30	22	17
11647	35	0	2
11648	6	22	30
11649	31	30	32
11650	40	4	30
11651	38	2	3
11652	38	1	23
11653	37	19	33
11654	11	3	1
11655	10	36	33
11656	31	14	36
11657	18	22	39
11658	3	15	6
11659	27	11	30
11660	10	8	19
11661	32	17	40
11662	36	37	13
11663	13	9	18
11664	32	12	31
11665	12	20	19
11666	5	3	19
11667	11	12	5
11668	21	8	34
11669	9	21	40
11670	10	29	13
11671	40	33	28
11672	23	13	26
11673	22	13	7
11674	40	6	15
11675	5	30	17
11676	24	14	30
11677	36	28	26
11678	33	38	2
11679	15	36	37
11680	36	7	1
11681	31	32	21
11682	26	1	32
11683	3	12	7
11684	25	1	14
11685	35	36	33
11686	33	28	2
11687	4	21	37
11688	29	21	14
11689	14	21	15
11690	12	34	24
11691	19	25	13
11692	25	40	27
11693	25	40	8
11694	35	26	15
11695	15	40	34
11696	11	0	14
11697	34	39	6
11698	40	16	33
11699	9	21	1
11700	7	28	29
11701	31	25	17
11702	7	5	30
11703	4	32	34
11704	14	35	2
11705	25	1	9
11706	12	38	25
11707	4	1	0
11708	6	13	2
11709	5	18	3
11710	40	6	31
11711	10	35	11
11712	20	39	10
11713	1	14	9
11714	9	19	1
11715	36	1	10
11716	21	35	3
11717	6	18	23
11718	14	32	30
11719	33	40	10
11720	40	8	33
11721	38	22	33
11722	0	12	21
11723	18	39	31
11724	0	32	37
11725	11	19	8
11726	16	17	39
11727	22	35	37
11728	1	18	28
11729	8	32	30
11730	21	4	7
11731	20	6	33
11732	30	9	6
11733	13	4	18
11734	38	25	35
11735	19	3	29
11736	31	6	8
11737	23	19	16
11738	11	4	13
11739	6	16	38
11740	9	11	17
11741	2	4	1
11742	19	13	24
11743	5	8	33
11744	18	27	25
11745	40	32	3
11746	24	30	35
11747	6	28	11
11748	7	3	34
11749	25	15	23
11750	21	13	7
11751	11	29	27
11752	2	7	32
11753	11	27	5
11754	16	11	0
11755	20	8	28
11756	27	25	28
11757	13	22	21
11758	34	20	12
11759	15	33	0
11760	8	22	37
11761	21	40	24
11762	36	1	0
11763	18	23	7
11764	28	3	34
11765	24	23	0
11766	29	18	14
11767	4	15	24
11768	4	19	23
11769	22	30	20
11770	34	5	31
11771	26	4	14
11772	25	8	6
11773	13	7	4
11774	25	12	16
11775	20	22	9
11776	13	35	5
11777	4	8	33
11778	22	35	8
11779	32	16	25
11780	0	24	37
11781	16	35	21
11782	22	18	27
11783	10	1	28
11784	8	38	33
11785	2	14	19
11786	29	36	23
11787	33	4	31
11788	27	15	28
11789	16	23	2
11790	28	18	29
11791	15	36	27
11792	6	38	30
11793	12	37	6
11794	30	34	18
11795	9	2	0
11796	30	2	5
11797	24	33	13
11798	22	4	14
11799	31	29	2
11800	6	30	8
11801	37	29	6
11802	19	16	39
11803	18	4	2
11804	23	11	14
11805	17	34	18
11806	17	40	33
11807	23	10	33
11808	10	38	26
11809	30	40	39
11810	1	10	12
11811	17	3	11
11812	1	19	27
11813	35	18	3
11814	12	17	30
11815	4	27	20
11816	14	38	12
11817	2	25	11
11818	3	36	32
11819	11	34	23
11820	17	30	9
11821	21	1	7
11822	35	39	29
11823	2	38	31
11824	3	20	34
11825	15	12	19
11826	22	20	29
11827	16	32	34
11828	29	20	10
11829	11	17	39
11830	34	16	19
11831	33	36	40
11832	26	18	25
11833	38	23	30
11834	9	18	23
11835	13	38	0
11836	27	30	38
11837	10	26	14
11838	17	6	40
11839	9	5	19
11840	23	24	8
11841	22	23	32
11842	8	7	12
11843	32	11	33
11844	4	40	13
11845	18	20	33
11846	7	31	18
11847	30	6	35
11848	27	0	24
11849	27	2	9
11850	26	8	17
11851	3	25	8
11852	23	33	7
11853	13	20	23
11854	35	21	13
11855	10	33	19
11856	40	9	37
11857	33	27	11
11858	32	4	30
11859	6	23	0
11860	34	17	37
11861	39	35	8
11862	25	23	4
11863	19	12	31
11864	0	20	18
11865	22	12	38
11866	34	21	30
11867	9	37	22
11868	28	26	31
11869	4	8	13
11870	23	11	37
11871	18	10	2
11872	11	27	14
11873	19	31	12
11874	14	21	38
11875	23	36	40
11876	3	0	9
11877	26	4	39
11878	34	5	35
11879	23	17	21
11880	30	16	8
11881	22	39	31
11882	38	35	22
11883	10	18	3
11884	34	25	10
11885	4	30	13
11886	14	13	32
11887	13	21	9
11888	25	1	10
11889	17	25	3
11890	7	40	39
11891	15	27	23
11892	23	6	38
11893	3	24	25
11894	32	13	1
11895	1	25	19
11896	33	23	28
11897	32	8	40
11898	25	26	20
11899	13	4	27
11900	36	22	33
11901	13	36	5
11902	32	21	38
11903	30	8	28
11904	19	23	27
11905	3	7	23
11906	12	36	35
11907	34	20	33
11908	1	15	25
11909	9	28	3
11910	16	3	30
11911	23	36	9
11912	27	11	33
11913	29	1	0
11914	31	25	2
11915	25	24	3
11916	15	21	32
11917	40	9	19
11918	2	23	38
11919	0	19	15
11920	6	15	26
11921	23	6	31
11922	33	38	14
11923	21	29	38
11924	36	37	22
11925	13	37	12
11926	10	4	16
11927	8	6	32
11928	28	19	9
11929	15	7	21
11930	18	1	27
11931	36	14	2
11932	12	24	28
11933	36	15	40
11934	20	28	16
11935	36	11	23
11936	17	25	2
11937	38	23	17
11938	21	28	16
11939	26	22	29
11940	27	34	13
11941	14	1	29
11942	23	22	1
11943	4	3	38
11944	31	16	15
11945	36	23	11
11946	7	21	2
11947	8	18	12
11948	33	24	12
11949	40	2	39
11950	7	17	6
11951	39	36	11
11952	21	12	14
11953	38	27	35
11954	29	28	33
11955	36	18	28
11956	15	33	14
11957	14	6	5
11958	38	16	37
11959	28	26	19
11960	40	11	35
11961	30	23	6
11962	13	20	7
11963	28	20	0
11964	15	13	14
11965	18	1	13
11966	32	38	25
11967	38	9	10
11968	29	26	32
11969	35	25	38
11970	27	23	22
11971	21	4	27
11972	19	14	11
11973	22	28	18
11974	20	37	16
11975	38	29	20
11976	10	29	0
11977	36	9	4
11978	6	18	15
11979	21	29	32
11980	40	10	28
11981	24	30	4
11982	15	9	33
11983	33	2	20
11984	18	39	26
11985	29	9	24
11986	15	34	36
11987	8	37	28
11988	23	40	19
11989	23	37	24
11990	30	12	10
11991	16	5	33
11992	19	36	1
11993	5	27	7
11994	9	6	1
11995	30	31	32
11996	11	18	31
11997	37	10	14
11998	5	35	26
11999	24	9	6
12000	9	31	22
12001	29	10	21
12002	4	15	13
12003	19	8	25
12004	29	38	20
12005	27	17	10
12006	40	19	28
12007	15	21	19
12008	27	3	25
12009	25	15	33
12010	39	6	40
12011	5	13	17
12012	8	26	21
12013	20	4	0
12014	11	8	39
12015	33	14	4
12016	15	7	40
12017	3	2	38
12018	28	37	0
12019	1	5	38
12020	13	38	16
12021	7	24	39
12022	30	1	24
12023	3	7	26
12024	10	11	7
12025	20	35	25
12026	11	5	34
12027	17	16	12
12028	14	18	4
12029	37	29	18
12030	17	26	15
12031	39	18	6
12032	35	37	20
12033	31	38	27
12034	25	15	40
12035	28	14	15
12036	11	25	7
12037	20	33	27
12038	10	1	7
12039	17	36	7
12040	28	15	11
12041	39	9	8
12042	12	13	22
12043	30	33	37
12044	31	1	19
12045	23	26	1
12046	32	2	22
12047	18	14	0
12048	29	33	1
12049	39	6	11
12050	2	1	30
12051	15	33	19
12052	25	40	17
12053	22	29	20
12054	28	17	7
12055	35	30	27
12056	40	15	1
12057	4	13	34
12058	36	26	17
12059	35	5	26
12060	38	31	37
12061	27	14	7
12062	22	13	26
12063	4	21	19
12064	4	31	36
12065	25	34	11
12066	33	7	27
12067	25	37	15
12068	18	30	2
12069	1	36	23
12070	17	11	13
12071	7	16	28
12072	27	4	26
12073	16	9	17
12074	15	11	1
12075	18	28	23
12076	36	8	3
12077	40	37	20
12078	37	28	25
12079	8	35	14
12080	15	10	31
12081	12	36	22
12082	33	15	40
12083	24	19	2
12084	14	34	6
12085	30	25	21
12086	18	8	6
12087	32	33	26
12088	34	29	7
12089	20	6	4
12090	24	29	17
12091	32	34	18
12092	24	4	25
12093	22	3	1
12094	37	17	8
12095	34	32	11
12096	38	35	5
12097	6	16	2
12098	29	3	13
12099	13	8	9
12100	11	17	10
12101	28	30	12
12102	27	9	23
12103	19	28	38
12104	4	7	32
12105	28	17	5
12106	4	32	10
12107	19	12	34
12108	35	0	3
12109	38	5	11
12110	26	24	6
12111	13	10	15
12112	30	5	6
12113	20	7	3
12114	32	24	37
12115	15	10	4
12116	27	35	16
12117	15	30	18
12118	33	7	34
12119	40	13	29
12120	38	29	19
12121	5	30	10
12122	21	13	0
12123	9	23	20
12124	11	13	9
12125	11	12	8
12126	4	18	27
12127	7	38	26
12128	33	34	15
12129	4	37	21
12130	31	32	13
12131	23	5	3
12132	1	10	40
12133	18	20	28
12134	14	23	0
12135	3	36	32
12136	17	10	21
12137	16	12	0
12138	39	4	16
12139	3	9	30
12140	21	23	31
12141	3	1	9
12142	16	3	1
12143	0	23	29
12144	11	17	15
12145	6	8	21
12146	22	21	25
12147	23	6	7
12148	9	17	34
12149	15	0	1
12150	31	38	9
12151	22	17	14
12152	11	7	15
12153	25	11	22
12154	40	7	5
12155	9	12	13
12156	31	1	39
12157	18	33	11
12158	2	40	21
12159	40	13	1
12160	32	30	6
12161	29	23	19
12162	13	15	23
12163	3	35	39
12164	15	1	37
12165	19	26	22
12166	3	23	1
12167	29	13	38
12168	8	15	28
12169	7	35	23
12170	31	20	17
12171	34	20	11
12172	36	32	25
12173	38	1	28
12174	39	35	33
12175	2	10	19
12176	24	1	7
12177	29	13	37
12178	29	39	22
12179	27	24	21
12180	40	0	6
12181	23	38	3
12182	11	15	28
12183	40	12	5
12184	36	19	21
12185	12	30	21
12186	33	3	29
12187	4	26	2
12188	0	7	32
12189	28	11	17
12190	34	3	10
12191	25	32	13
12192	25	27	33
12193	9	39	38
12194	29	17	8
12195	30	8	17
12196	9	33	22
12197	6	40	24
12198	32	37	4
12199	35	27	2
12200	0	7	29
12201	33	18	17
12202	1	8	20
12203	4	20	0
12204	11	6	28
12205	33	36	9
12206	21	34	12
12207	8	32	21
12208	22	31	12
12209	26	23	4
12210	30	40	31
12211	8	7	14
12212	9	33	16
12213	5	15	4
12214	18	28	4
12215	39	40	36
12216	37	17	40
12217	13	1	5
12218	19	40	18
12219	19	11	31
12220	38	17	33
12221	32	18	1
12222	2	30	5
12223	17	8	30
12224	14	31	34
12225	14	31	10
12226	40	1	28
12227	11	10	3
12228	0	9	40
12229	17	38	7
12230	19	25	5
12231	35	23	36
12232	34	21	13
12233	22	32	0
12234	15	1	34
12235	30	9	11
12236	10	29	12
12237	30	2	19
12238	40	34	4
12239	28	24	13
12240	25	27	33
12241	8	13	28
12242	16	26	7
12243	20	26	30
12244	5	23	4
12245	7	37	27
12246	13	10	22
12247	32	8	9
12248	31	17	2
12249	9	37	10
12250	12	30	40
12251	5	22	25
12252	3	30	22
12253	32	0	33
12254	38	5	22
12255	7	6	25
12256	0	10	20
12257	18	36	25
12258	14	21	26
12259	17	31	29
12260	40	22	13
12261	9	27	33
12262	17	9	26
12263	15	24	0
12264	10	14	6
12265	13	30	32
12266	24	21	39
12267	17	32	13
12268	2	33	32
12269	35	19	5
12270	15	3	37
12271	34	6	38
12272	23	36	9
12273	16	30	10
12274	17	31	35
12275	17	9	26
12276	1	2	34
12277	32	0	14
12278	21	1	5
12279	5	16	2
12280	15	19	4
12281	9	20	3
12282	25	6	12
12283	16	8	23
12284	40	13	8
12285	24	6	16
12286	28	38	30
12287	12	37	5
12288	30	23	0
12289	31	8	4
12290	21	36	28
12291	27	33	20
12292	6	39	26
12293	39	36	0
12294	11	17	40
12295	27	17	38
12296	2	9	33
12297	13	12	26
12298	18	31	37
12299	38	39	26
12300	19	38	26
12301	22	27	24
12302	36	31	5
12303	24	27	26
12304	19	30	39
12305	35	18	36
12306	35	40	9
12307	31	19	30
12308	40	0	7
12309	15	22	21
12310	23	13	26
12311	25	32	17
12312	13	20	40
12313	22	23	35
12314	24	38	9
12315	11	35	36
12316	13	23	26
12317	18	30	4
12318	13	11	8
12319	25	18	20
12320	30	21	25
12321	38	16	6
12322	31	15	0
12323	39	32	1
12324	8	17	3
12325	18	6	21
12326	6	2	19
12327	9	12	15
12328	20	36	17
12329	15	25	39
12330	31	7	26
12331	2	0	38
12332	23	3	5
12333	34	15	16
12334	39	31	10
12335	1	11	40
12336	9	12	31
12337	23	27	11
12338	35	4	28
12339	4	12	17
12340	21	34	35
12341	21	17	10
12342	22	8	40
12343	19	4	37
12344	31	14	3
12345	8	35	37
12346	37	31	6
12347	2	20	34
12348	2	9	8
12349	25	7	20
12350	7	4	16
12351	0	31	38
12352	37	27	35
12353	2	22	9
12354	21	31	32
12355	12	15	27
12356	14	23	17
12357	3	33	24
12358	39	14	19
12359	10	32	19
12360	12	13	8
12361	31	15	40
12362	5	1	24
12363	18	11	38
12364	12	0	40
12365	13	18	38
12366	22	34	11
12367	40	25	22
12368	30	14	6
12369	34	22	0
12370	3	18	27
12371	34	9	18
12372	4	17	30
12373	12	19	34
12374	9	24	33
12375	22	0	27
12376	17	31	20
12377	21	31	7
12378	4	26	2
12379	7	32	38
12380	8	37	10
12381	34	4	0
12382	5	32	39
12383	9	13	10
12384	30	40	26
12385	27	33	19
12386	39	26	32
12387	15	29	36
12388	40	17	21
12389	28	9	32
12390	37	23	38
12391	1	31	28
12392	7	38	4
12393	12	28	31
12394	10	31	34
12395	25	14	22
12396	2	31	0
12397	22	7	33
12398	3	19	38
12399	30	21	11
12400	4	31	40
12401	37	1	30
12402	20	0	25
12403	31	37	6
12404	38	15	25
12405	40	26	23
12406	39	40	38
12407	28	35	17
12408	26	34	29
12409	38	27	37
12410	31	33	6
12411	23	8	2
12412	35	39	32
12413	38	32	25
12414	34	7	16
12415	36	23	5
12416	5	8	23
12417	2	26	31
12418	32	19	2
12419	14	22	7
12420	19	10	15
12421	22	5	11
12422	11	3	36
12423	23	22	9
12424	4	38	10
12425	6	12	10
12426	14	12	8
12427	21	15	40
12428	8	25	23
12429	12	29	27
12430	26	36	17
12431	27	22	38
12432	20	6	37
12433	2	0	9
12434	27	0	15
12435	10	9	30
12436	5	32	28
12437	24	9	34
12438	31	25	34
12439	34	35	28
12440	6	20	12
12441	38	40	22
12442	40	2	35
12443	9	14	7
12444	25	7	24
12445	17	40	34
12446	6	34	30
12447	33	2	32
12448	39	10	6
12449	1	18	33
12450	8	12	13
12451	3	24	2
12452	16	2	13
12453	31	32	39
12454	23	11	31
12455	10	17	9
12456	4	31	30
12457	22	23	26
12458	26	28	31
12459	1	34	35
12460	0	1	19
12461	20	7	40
12462	12	32	25
12463	26	17	13
12464	3	0	13
12465	12	29	33
12466	1	12	39
12467	18	15	19
12468	3	34	17
12469	40	31	28
12470	8	9	7
12471	31	25	17
12472	16	5	39
12473	30	10	38
12474	39	24	4
12475	21	35	32
12476	37	20	39
12477	31	35	39
12478	4	31	38
12479	40	18	19
12480	0	32	5
12481	14	26	3
12482	10	14	35
12483	15	33	10
12484	11	25	27
12485	36	34	39
12486	31	19	6
12487	12	0	33
12488	5	12	10
12489	23	4	9
12490	1	3	23
12491	33	28	24
12492	32	18	12
12493	18	27	34
12494	5	36	23
12495	11	4	0
12496	39	23	8
12497	4	8	27
12498	2	18	16
12499	33	26	13
12500	22	39	37
12501	23	37	2
12502	0	10	29
12503	3	18	24
12504	39	31	26
12505	21	30	22
12506	18	8	1
12507	9	33	8
12508	40	13	5
12509	0	1	18
12510	21	22	37
12511	2	30	35
12512	13	32	37
12513	21	39	3
12514	7	35	33
12515	6	36	35
12516	31	38	19
12517	20	21	36
12518	6	14	23
12519	23	26	18
12520	1	33	8
12521	30	21	16
12522	8	1	28
12523	15	24	36
12524	24	1	25
12525	24	19	28
12526	9	8	14
12527	20	35	17
12528	27	30	29
12529	39	37	10
12530	4	29	0
12531	7	37	36
12532	17	24	23
12533	28	33	21
12534	29	13	15
12535	17	0	14
12536	39	14	35
12537	26	1	14
12538	38	8	25
12539	32	24	22
12540	35	19	21
12541	19	22	4
12542	10	3	0
12543	23	15	18
12544	9	33	2
12545	12	3	22
12546	40	15	0
12547	34	0	40
12548	24	26	2
12549	32	12	10
12550	13	19	39
12551	26	35	6
12552	37	1	40
12553	30	32	23
12554	32	39	33
12555	31	2	15
12556	3	36	34
12557	18	12	13
12558	32	38	4
12559	4	33	25
12560	26	36	10
12561	25	24	1
12562	25	36	8
12563	30	39	18
12564	9	27	1
12565	27	31	2
12566	35	6	23
12567	24	12	4
12568	22	10	38
12569	26	39	36
12570	1	19	16
12571	40	12	37
12572	20	17	10
12573	29	37	15
12574	28	29	17
12575	39	23	11
12576	27	37	18
12577	39	25	2
12578	36	31	34
12579	6	21	9
12580	2	32	24
12581	40	35	5
12582	13	3	23
12583	34	18	38
12584	9	4	23
12585	15	8	5
12586	7	39	16
12587	11	30	34
12588	8	7	9
12589	7	4	10
12590	34	11	19
12591	16	19	5
12592	4	34	2
12593	15	36	5
12594	6	28	10
12595	15	20	2
12596	36	18	29
12597	19	31	37
12598	39	30	14
12599	22	4	35
12600	1	26	33
12601	21	40	1
12602	16	8	21
12603	16	40	13
12604	27	7	0
12605	37	11	26
12606	40	5	12
12607	16	28	7
12608	36	24	4
12609	11	15	2
12610	9	1	40
12611	39	17	10
12612	40	22	24
12613	29	11	17
12614	36	31	4
12615	1	23	15
12616	0	26	4
12617	20	4	21
12618	11	23	16
12619	6	7	8
12620	13	34	23
12621	16	17	14
12622	28	4	22
12623	35	34	26
12624	2	9	22
12625	9	28	38
12626	32	30	15
12627	5	10	38
12628	9	22	1
12629	6	23	27
12630	7	21	15
12631	28	22	35
12632	35	36	1
12633	10	30	37
12634	35	40	30
12635	18	30	24
12636	28	24	18
12637	23	39	17
12638	28	33	27
12639	19	3	28
12640	12	11	26
12641	30	4	32
12642	33	14	31
12643	31	37	22
12644	13	27	3
12645	11	0	19
12646	39	23	30
12647	14	33	19
12648	20	25	31
12649	35	31	11
12650	18	29	30
12651	18	27	13
12652	12	18	13
12653	31	4	25
12654	18	40	10
12655	40	20	11
12656	10	15	3
12657	4	14	6
12658	30	13	7
12659	0	16	30
12660	31	17	22
12661	2	12	11
12662	25	23	0
12663	38	24	33
12664	3	4	34
12665	5	29	31
12666	34	1	13
12667	38	8	29
12668	23	35	20
12669	3	8	32
12670	40	26	4
12671	15	19	8
12672	10	36	28
12673	8	22	10
12674	4	24	36
12675	9	30	19
12676	33	5	20
12677	11	32	12
12678	13	16	12
12679	32	29	39
12680	38	37	9
12681	38	35	2
12682	22	24	34
12683	27	40	35
12684	25	29	11
12685	7	26	21
12686	33	24	2
12687	34	16	30
12688	32	18	34
12689	40	21	24
12690	17	3	22
12691	15	3	20
12692	6	5	3
12693	11	16	32
12694	4	9	18
12695	16	4	2
12696	26	20	25
12697	28	20	21
12698	16	29	6
12699	4	1	26
12700	33	7	30
12701	12	19	21
12702	36	35	27
12703	30	3	26
12704	7	18	24
12705	28	14	15
12706	1	9	32
12707	33	37	22
12708	21	19	32
12709	1	19	33
12710	19	31	5
12711	21	8	24
12712	14	37	23
12713	13	10	8
12714	7	10	38
12715	29	9	26
12716	1	7	21
12717	0	14	1
12718	30	21	22
12719	23	28	32
12720	0	40	16
12721	38	23	14
12722	30	2	0
12723	12	21	39
12724	13	29	40
12725	28	2	23
12726	15	24	21
12727	1	34	17
12728	37	40	29
12729	13	26	39
12730	11	39	40
12731	2	9	7
12732	10	33	27
12733	3	11	27
12734	10	36	34
12735	13	2	16
12736	27	7	30
12737	34	23	2
12738	5	1	21
12739	29	37	11
12740	35	10	17
12741	21	2	12
12742	6	36	22
12743	28	26	13
12744	30	0	21
12745	13	11	2
12746	28	40	17
12747	12	32	8
12748	8	16	22
12749	0	38	29
12750	6	17	15
12751	7	34	19
12752	19	39	29
12753	33	32	22
12754	22	40	36
12755	3	6	30
12756	4	3	11
12757	25	3	28
12758	25	14	28
12759	13	20	17
12760	18	17	9
12761	36	25	14
12762	33	39	29
12763	32	5	12
12764	36	23	17
12765	16	18	9
12766	11	40	37
12767	15	36	12
12768	40	29	34
12769	16	38	19
12770	10	33	23
12771	12	25	14
12772	21	8	15
12773	37	10	2
12774	38	28	32
12775	29	38	2
12776	7	33	39
12777	31	37	3
12778	0	1	27
12779	20	17	9
12780	8	7	36
12781	21	2	19
12782	25	23	39
12783	36	21	24
12784	36	17	31
12785	6	23	37
12786	19	38	32
12787	10	1	18
12788	32	5	8
12789	29	38	28
12790	40	7	13
12791	18	27	17
12792	28	3	16
12793	17	25	36
12794	3	10	12
12795	23	13	3
12796	3	15	31
12797	37	39	22
12798	10	30	9
12799	40	31	15
12800	16	2	3
12801	27	6	23
12802	16	7	12
12803	21	11	15
12804	14	0	22
12805	34	4	27
12806	20	30	14
12807	37	3	34
12808	26	40	20
12809	37	27	13
12810	2	0	26
12811	9	25	35
12812	8	29	9
12813	27	16	8
12814	4	32	37
12815	9	21	16
12816	33	23	3
12817	27	23	28
12818	21	39	34
12819	8	30	20
12820	14	30	40
12821	34	1	31
12822	7	34	28
12823	19	3	27
12824	17	9	32
12825	2	12	30
12826	24	13	27
12827	26	10	16
12828	14	39	11
12829	31	12	26
12830	34	33	35
12831	16	11	7
12832	36	11	30
12833	15	38	39
12834	11	38	35
12835	20	30	28
12836	11	22	32
12837	35	28	23
12838	3	19	38
12839	6	36	24
12840	12	31	18
12841	35	22	7
12842	6	30	32
12843	7	33	8
12844	9	37	25
12845	4	37	39
12846	29	32	18
12847	26	4	16
12848	8	2	19
12849	20	1	4
12850	26	3	36
12851	24	14	36
12852	19	36	13
12853	26	1	4
12854	7	10	12
12855	14	22	0
12856	9	25	5
12857	32	26	8
12858	18	40	14
12859	15	32	16
12860	33	21	25
12861	8	40	11
12862	5	19	25
12863	40	31	28
12864	15	31	10
12865	27	23	40
12866	1	6	12
12867	35	29	15
12868	35	22	12
12869	21	38	40
12870	29	39	10
12871	5	13	7
12872	1	32	39
12873	28	31	7
12874	16	26	9
12875	38	30	0
12876	29	2	25
12877	22	3	20
12878	37	15	29
12879	18	37	32
12880	39	2	17
12881	22	29	32
12882	22	15	1
12883	17	24	8
12884	19	15	10
12885	19	12	2
12886	8	35	6
12887	14	15	12
12888	7	36	37
12889	5	4	9
12890	27	7	28
12891	37	32	12
12892	31	13	7
12893	39	17	19
12894	15	24	2
12895	8	15	30
12896	14	32	23
12897	24	18	15
12898	1	12	16
12899	26	23	18
12900	40	26	10
12901	27	30	37
12902	30	14	26
12903	0	26	12
12904	2	38	15
12905	33	11	19
12906	38	32	35
12907	5	26	6
12908	27	3	11
12909	39	8	33
12910	17	22	35
12911	20	6	23
12912	37	18	11
12913	0	28	24
12914	35	7	36
12915	17	8	34
12916	29	19	27
12917	28	37	29
12918	29	9	5
12919	23	12	28
12920	10	31	35
12921	6	22	17
12922	3	24	20
12923	36	29	38
12924	33	26	3
12925	4	20	12
12926	39	6	22
12927	7	33	21
12928	18	27	24
12929	22	6	17
12930	7	35	31
12931	18	33	14
12932	5	17	22
12933	39	7	40
12934	21	5	37
12935	16	18	40
12936	21	6	12
12937	27	33	31
12938	4	11	36
12939	0	30	21
12940	33	0	4
12941	37	13	18
12942	33	20	26
12943	25	5	16
12944	24	10	17
12945	11	24	34
12946	0	40	14
12947	17	8	33
12948	18	21	23
12949	22	14	27
12950	2	22	23
12951	11	23	20
12952	17	14	26
12953	27	0	22
12954	17	14	28
12955	24	37	20
12956	37	7	6
12957	28	36	0
12958	4	0	5
12959	14	22	40
12960	37	8	34
12961	14	39	26
12962	8	25	35
12963	18	14	36
12964	25	10	31
12965	36	37	16
12966	6	4	5
12967	0	36	37
12968	25	1	28
12969	13	4	20
12970	7	28	13
12971	38	26	28
12972	18	19	32
12973	4	15	37
12974	25	13	27
12975	16	1	25
12976	29	30	28
12977	0	39	17
12978	7	11	24
12979	16	39	15
12980	24	17	39
12981	14	38	4
12982	38	8	32
12983	9	26	0
12984	0	35	30
12985	29	3	4
12986	27	34	0
12987	5	21	23
12988	7	40	31
12989	23	38	10
12990	36	9	29
12991	21	19	20
12992	21	23	12
12993	9	12	24
12994	35	12	8
12995	4	2	18
12996	11	28	16
12997	3	6	10
12998	32	12	24
12999	13	6	39
13000	11	1	21
13001	27	15	10
13002	24	23	30
13003	23	15	32
13004	18	15	26
13005	25	10	35
13006	2	22	20
13007	20	23	36
13008	22	30	9
13009	27	35	8
13010	3	10	40
13011	15	31	19
13012	33	25	22
13013	30	25	20
13014	24	13	2
13015	28	21	34
13016	28	7	32
13017	1	18	10
13018	11	13	3
13019	26	14	8
13020	27	35	11
13021	21	8	2
13022	18	10	31
13023	26	35	13
13024	31	20	30
13025	33	7	22
13026	32	17	27
13027	7	17	13
13028	30	27	21
13029	26	25	20
13030	8	2	6
13031	26	28	19
13032	34	29	2
13033	7	26	17
13034	5	15	40
13035	14	5	3
13036	12	0	33
13037	15	35	26
13038	9	13	20
13039	11	35	39
13040	0	1	8
13041	40	19	10
13042	17	28	0
13043	23	15	32
13044	5	32	24
13045	26	38	40
13046	36	30	22
13047	8	11	24
13048	2	11	17
13049	9	6	21
13050	25	38	35
13051	6	21	37
13052	0	8	4
13053	25	26	18
13054	20	13	0
13055	7	34	4
13056	8	11	13
13057	39	21	23
13058	24	13	36
13059	32	18	34
13060	34	3	31
13061	39	10	25
13062	14	10	27
13063	19	23	8
13064	29	34	30
13065	6	3	9
13066	21	5	17
13067	38	23	9
13068	13	22	17
13069	32	18	37
13070	15	24	12
13071	21	39	27
13072	32	38	22
13073	19	35	4
13074	22	24	12
13075	1	28	11
13076	40	4	13
13077	7	39	23
13078	38	16	14
13079	26	13	17
13080	20	34	40
13081	28	29	0
13082	30	4	35
13083	34	38	13
13084	6	19	22
13085	9	21	17
13086	23	10	36
13087	6	25	36
13088	5	24	1
13089	34	14	4
13090	37	1	14
13091	33	32	19
13092	24	39	2
13093	22	15	29
13094	16	9	38
13095	3	24	17
13096	20	21	26
13097	7	15	39
13098	29	21	14
13099	38	33	21
13100	33	36	15
13101	40	31	18
13102	16	23	27
13103	6	37	30
13104	29	13	38
13105	5	40	27
13106	13	20	28
13107	30	7	29
13108	15	7	39
13109	22	30	29
13110	2	22	26
13111	4	11	1
13112	7	4	19
13113	27	39	15
13114	23	36	6
13115	4	9	17
13116	20	1	4
13117	34	28	3
13118	20	33	34
13119	40	11	29
13120	37	10	14
13121	19	40	23
13122	30	9	23
13123	2	22	34
13124	8	9	24
13125	36	1	16
13126	27	13	7
13127	17	7	36
13128	3	38	36
13129	28	22	26
13130	40	25	31
13131	6	19	26
13132	7	16	38
13133	29	16	37
13134	3	6	25
13135	4	40	32
13136	26	23	31
13137	3	30	12
13138	22	39	35
13139	35	30	15
13140	15	26	31
13141	10	39	40
13142	11	2	6
13143	30	3	34
13144	39	37	17
13145	14	37	4
13146	24	40	29
13147	29	32	4
13148	32	39	25
13149	31	30	16
13150	28	11	19
13151	34	36	39
13152	20	15	38
13153	24	29	7
13154	33	23	30
13155	33	23	26
13156	30	33	36
13157	35	3	23
13158	24	4	31
13159	7	39	30
13160	31	8	23
13161	21	38	30
13162	8	30	27
13163	2	14	36
13164	39	2	18
13165	40	29	14
13166	16	26	32
13167	29	0	25
13168	12	1	26
13169	8	20	14
13170	31	29	27
13171	24	38	5
13172	3	34	8
13173	27	23	36
13174	39	33	2
13175	15	37	36
13176	4	3	1
13177	23	16	3
13178	37	10	33
13179	4	30	38
13180	24	19	29
13181	2	30	0
13182	19	39	28
13183	7	23	20
13184	20	37	29
13185	11	12	29
13186	22	37	31
13187	9	18	38
13188	0	19	39
13189	0	3	15
13190	27	18	28
13191	23	8	37
13192	22	31	33
13193	24	12	39
13194	12	25	2
13195	22	3	8
13196	34	20	29
13197	27	32	29
13198	14	22	3
13199	31	19	12
13200	23	9	2
13201	14	28	30
13202	25	1	6
13203	11	31	28
13204	34	39	29
13205	22	27	24
13206	25	13	14
13207	8	7	4
13208	33	17	12
13209	10	21	3
13210	14	13	29
13211	27	14	12
13212	33	7	31
13213	2	17	20
13214	4	29	25
13215	27	35	38
13216	30	7	10
13217	16	14	19
13218	31	9	29
13219	20	7	39
13220	15	29	17
13221	25	16	37
13222	28	15	16
13223	23	32	3
13224	18	12	6
13225	27	26	33
13226	27	37	28
13227	38	20	27
13228	32	37	33
13229	3	39	0
13230	23	29	38
13231	23	16	20
13232	0	30	2
13233	29	25	24
13234	18	7	33
13235	2	12	26
13236	39	35	13
13237	2	18	13
13238	0	11	25
13239	13	38	34
13240	14	3	18
13241	21	18	25
13242	40	9	24
13243	9	29	15
13244	1	19	30
13245	13	40	6
13246	26	27	38
13247	32	6	20
13248	4	28	14
13249	34	22	35
13250	40	37	8
13251	26	21	20
13252	34	26	12
13253	17	11	9
13254	21	11	17
13255	4	39	31
13256	30	37	1
13257	30	15	23
13258	6	16	17
13259	6	10	27
13260	24	19	28
13261	23	12	8
13262	24	7	40
13263	31	40	27
13264	33	22	15
13265	10	28	22
13266	33	29	13
13267	29	13	26
13268	2	32	37
13269	21	24	30
13270	33	38	36
13271	21	2	11
13272	5	40	21
13273	35	31	40
13274	8	23	38
13275	20	27	18
13276	23	24	36
13277	2	9	5
13278	5	25	7
13279	18	6	2
13280	36	38	11
13281	33	32	26
13282	1	5	36
13283	27	15	25
13284	19	23	14
13285	0	7	5
13286	3	27	8
13287	23	36	31
13288	23	22	11
13289	33	4	37
13290	39	23	18
13291	23	14	38
13292	1	22	24
13293	16	23	10
13294	1	17	27
13295	34	36	1
13296	9	2	27
13297	7	13	35
13298	19	8	0
13299	4	15	10
13300	24	5	4
13301	7	23	31
13302	19	24	13
13303	11	12	17
13304	28	18	27
13305	17	21	26
13306	37	11	0
13307	9	36	25
13308	2	37	34
13309	2	21	12
13310	29	1	2
13311	8	0	29
13312	35	38	13
13313	33	30	22
13314	23	13	21
13315	13	5	31
13316	36	37	30
13317	12	20	19
13318	11	10	25
13319	22	34	12
13320	38	30	27
13321	18	5	9
13322	39	10	20
13323	38	34	20
13324	1	29	39
13325	36	19	10
13326	38	32	1
13327	28	27	40
13328	3	17	19
13329	38	7	18
13330	14	1	39
13331	9	19	35
13332	7	18	34
13333	17	36	7
13334	2	0	10
13335	33	27	15
13336	7	6	34
13337	28	12	38
13338	7	3	6
13339	22	2	7
13340	0	24	31
13341	13	38	35
13342	27	10	3
13343	5	18	17
13344	18	20	8
13345	4	14	11
13346	10	15	27
13347	19	1	23
13348	19	5	4
13349	18	39	11
13350	29	3	6
13351	12	8	5
13352	20	21	27
13353	13	23	9
13354	17	7	15
13355	11	16	39
13356	23	4	5
13357	7	6	2
13358	16	13	10
13359	34	30	17
13360	19	8	4
13361	3	28	29
13362	27	2	21
13363	32	15	16
13364	23	6	4
13365	31	35	10
13366	19	16	29
13367	6	12	27
13368	8	5	16
13369	37	10	16
13370	31	38	40
13371	38	7	18
13372	13	37	28
13373	11	25	26
13374	6	13	17
13375	32	28	13
13376	18	35	30
13377	7	31	1
13378	2	39	8
13379	23	8	12
13380	20	30	8
13381	12	24	9
13382	15	5	1
13383	24	5	25
13384	25	28	14
13385	7	5	35
13386	7	6	24
13387	16	40	34
13388	17	34	10
13389	16	29	17
13390	26	33	8
13391	32	35	29
13392	0	32	29
13393	11	2	3
13394	15	7	6
13395	13	40	14
13396	0	1	15
13397	22	21	4
13398	0	22	2
13399	11	27	37
13400	29	20	23
13401	26	10	5
13402	30	6	39
13403	5	0	21
13404	23	37	10
13405	39	25	27
13406	10	37	36
13407	5	6	30
13408	11	37	16
13409	6	24	2
13410	37	29	18
13411	20	19	36
13412	5	18	11
13413	8	17	27
13414	27	18	35
13415	18	21	36
13416	34	35	3
13417	21	35	15
13418	17	15	6
13419	3	19	23
13420	12	5	37
13421	39	16	27
13422	8	22	35
13423	14	9	10
13424	3	14	40
13425	35	22	38
13426	24	25	36
13427	39	33	18
13428	21	31	30
13429	8	18	30
13430	29	33	36
13431	12	4	14
13432	27	17	7
13433	32	24	40
13434	0	38	7
13435	16	19	34
13436	21	34	25
13437	17	20	2
13438	7	29	20
13439	24	17	27
13440	28	16	5
13441	26	9	40
13442	20	39	10
13443	0	25	36
13444	35	3	5
13445	3	38	33
13446	40	12	0
13447	22	26	39
13448	15	22	18
13449	40	6	35
13450	8	40	9
13451	37	0	6
13452	7	18	22
13453	26	4	22
13454	11	7	33
13455	20	26	40
13456	32	1	4
13457	27	20	28
13458	12	21	38
13459	19	10	33
13460	33	34	29
13461	4	16	37
13462	13	1	3
13463	31	9	3
13464	34	38	1
13465	11	21	13
13466	2	38	34
13467	26	32	10
13468	37	8	28
13469	21	7	14
13470	10	16	24
13471	6	32	14
13472	21	37	6
13473	25	30	34
13474	12	3	38
13475	31	21	10
13476	17	40	29
13477	13	19	5
13478	11	19	1
13479	11	26	13
13480	15	27	25
13481	21	31	7
13482	2	25	34
13483	28	19	35
13484	18	38	20
13485	33	20	31
13486	11	14	36
13487	9	36	2
13488	22	20	26
13489	21	35	6
13490	33	25	22
13491	7	4	0
13492	6	22	2
13493	5	14	18
13494	34	27	14
13495	17	4	16
13496	28	22	33
13497	9	19	17
13498	11	36	1
13499	12	18	24
13500	27	4	33
13501	4	29	22
13502	28	3	27
13503	25	33	36
13504	28	37	16
13505	6	39	1
13506	5	33	39
13507	19	24	0
13508	33	31	38
13509	23	16	4
13510	39	30	37
13511	14	19	11
13512	25	35	10
13513	30	8	6
13514	9	39	0
13515	33	1	37
13516	22	5	39
13517	25	32	18
13518	5	35	34
13519	24	26	7
13520	40	6	27
13521	7	21	22
13522	21	15	20
13523	31	27	8
13524	12	24	1
13525	31	37	34
13526	6	1	11
13527	10	34	32
13528	4	38	28
13529	39	19	11
13530	8	13	7
13531	12	19	4
13532	34	23	0
13533	24	2	27
13534	20	2	19
13535	21	26	2
13536	7	0	26
13537	20	30	25
13538	40	22	2
13539	8	13	31
13540	14	27	24
13541	0	33	37
13542	2	36	35
13543	19	11	21
13544	25	35	19
13545	7	17	29
13546	5	37	14
13547	24	8	14
13548	7	13	31
13549	0	22	17
13550	33	17	23
13551	36	2	24
13552	22	40	2
13553	30	21	12
13554	13	2	7
13555	4	21	18
13556	12	8	3
13557	15	37	7
13558	35	3	8
13559	8	37	22
13560	20	37	32
13561	26	16	21
13562	24	25	27
13563	36	13	10
13564	6	33	36
13565	13	36	34
13566	30	37	11
13567	24	1	10
13568	25	14	20
13569	24	23	35
13570	2	5	10
13571	24	17	26
13572	13	28	34
13573	11	39	10
13574	22	21	5
13575	40	4	20
13576	25	15	37
13577	33	21	1
13578	25	31	6
13579	19	14	32
13580	35	9	33
13581	3	10	34
13582	12	27	35
13583	12	39	2
13584	28	26	29
13585	12	17	8
13586	35	30	12
13587	14	15	30
13588	13	12	27
13589	14	34	35
13590	36	20	21
13591	11	24	16
13592	7	0	9
13593	23	8	1
13594	29	3	34
13595	19	4	29
13596	33	40	14
13597	14	7	20
13598	26	2	10
13599	5	17	39
13600	10	32	19
13601	12	17	11
13602	30	8	15
13603	27	24	38
13604	20	3	32
13605	26	19	23
13606	7	8	18
13607	29	20	13
13608	21	24	35
13609	11	29	10
13610	32	15	31
13611	32	6	13
13612	11	33	23
13613	32	5	13
13614	28	2	15
13615	36	27	30
13616	18	2	23
13617	18	19	5
13618	10	40	5
13619	11	39	21
13620	26	15	13
13621	39	22	32
13622	18	15	13
13623	14	20	1
13624	28	32	39
13625	6	38	28
13626	25	36	29
13627	3	37	14
13628	21	22	32
13629	36	18	26
13630	21	9	11
13631	8	18	16
13632	29	23	36
13633	32	0	5
13634	23	37	27
13635	21	39	4
13636	30	6	39
13637	34	23	31
13638	29	7	1
13639	7	5	6
13640	12	31	9
13641	35	28	14
13642	26	39	35
13643	30	22	25
13644	8	19	25
13645	18	5	0
13646	11	12	16
13647	39	30	27
13648	12	37	5
13649	24	28	1
13650	7	15	37
13651	40	23	34
13652	14	26	6
13653	22	16	24
13654	40	2	5
13655	9	13	32
13656	7	1	37
13657	19	29	34
13658	26	40	31
13659	18	17	22
13660	15	23	26
13661	31	12	25
13662	18	17	40
13663	40	13	2
13664	23	19	9
13665	15	16	6
13666	11	34	0
13667	8	34	39
13668	12	24	30
13669	25	9	8
13670	38	24	16
13671	18	38	3
13672	3	19	15
13673	30	40	13
13674	30	3	25
13675	1	17	0
13676	29	14	35
13677	17	33	5
13678	8	11	32
13679	31	15	38
13680	4	30	26
13681	20	39	19
13682	13	21	20
13683	24	13	15
13684	7	1	34
13685	29	4	5
13686	34	18	26
13687	33	2	36
13688	21	27	34
13689	25	30	18
13690	1	13	37
13691	23	26	18
13692	29	28	25
13693	0	11	17
13694	40	34	12
13695	22	28	23
13696	17	29	1
13697	7	25	0
13698	16	21	19
13699	28	34	38
13700	16	20	13
13701	3	20	5
13702	22	11	23
13703	31	8	2
13704	8	15	24
13705	5	29	12
13706	2	6	36
13707	32	29	14
13708	23	36	39
13709	15	9	11
13710	35	28	30
13711	27	23	14
13712	39	32	33
13713	4	36	35
13714	19	31	25
13715	19	3	2
13716	4	7	40
13717	32	1	11
13718	11	19	1
13719	0	16	33
13720	16	8	25
13721	30	15	38
13722	14	38	28
13723	1	22	30
13724	9	36	12
13725	29	32	13
13726	13	22	1
13727	3	19	36
13728	32	11	8
13729	22	34	16
13730	9	11	18
13731	3	19	5
13732	37	29	40
13733	20	16	2
13734	13	39	16
13735	39	30	24
13736	17	12	13
13737	30	32	25
13738	40	36	29
13739	15	25	28
13740	12	23	15
13741	17	9	25
13742	39	19	32
13743	19	30	14
13744	11	35	30
13745	8	17	28
13746	24	4	36
13747	7	18	24
13748	38	2	25
13749	25	0	12
13750	15	14	11
13751	7	40	33
13752	20	18	36
13753	22	32	9
13754	6	26	17
13755	12	27	23
13756	32	23	0
13757	24	28	14
13758	31	36	25
13759	12	33	31
13760	30	31	8
13761	40	37	24
13762	39	21	33
13763	1	17	37
13764	4	0	18
13765	2	30	6
13766	22	31	30
13767	22	4	10
13768	19	12	26
13769	34	28	32
13770	4	17	39
13771	16	14	21
13772	32	2	12
13773	0	9	30
13774	3	16	7
13775	33	3	39
13776	19	3	18
13777	13	12	9
13778	31	1	28
13779	2	21	38
13780	2	26	12
13781	2	18	17
13782	14	34	9
13783	21	26	7
13784	29	18	16
13785	11	39	7
13786	15	6	5
13787	6	4	8
13788	25	36	16
13789	32	5	29
13790	0	37	9
13791	28	27	7
13792	15	12	20
13793	21	13	28
13794	24	1	16
13795	15	3	20
13796	31	19	22
13797	31	3	20
13798	21	20	14
13799	2	12	14
13800	37	32	11
13801	39	11	20
13802	38	27	10
13803	20	24	30
13804	26	17	7
13805	5	23	8
13806	5	24	30
13807	9	26	11
13808	40	19	8
13809	18	37	22
13810	40	13	23
13811	19	25	22
13812	8	37	9
13813	4	39	15
13814	25	26	21
13815	1	0	34
13816	40	2	0
13817	13	8	9
13818	1	28	8
13819	17	34	16
13820	3	2	36
13821	37	23	30
13822	38	39	14
13823	1	31	14
13824	28	30	0
13825	7	23	35
13826	3	23	38
13827	25	1	7
13828	16	27	35
13829	26	8	32
13830	11	3	35
13831	39	9	24
13832	2	1	24
13833	2	30	13
13834	36	30	18
13835	39	26	29
13836	15	16	29
13837	29	36	40
13838	13	1	35
13839	32	38	7
13840	39	13	24
13841	16	35	13
13842	3	35	24
13843	30	15	35
13844	1	27	33
13845	31	20	10
13846	28	30	7
13847	20	5	30
13848	40	17	25
13849	35	7	2
13850	1	6	9
13851	4	24	29
13852	0	29	4
13853	6	23	1
13854	26	37	27
13855	3	25	13
13856	12	19	30
13857	6	5	39
13858	33	29	39
13859	35	0	17
13860	10	2	26
13861	29	2	6
13862	35	2	22
13863	12	37	21
13864	23	39	5
13865	12	26	1
13866	7	10	33
13867	15	11	23
13868	35	31	19
13869	12	1	21
13870	33	7	24
13871	26	36	28
13872	30	12	17
13873	3	18	33
13874	17	20	28
13875	36	5	28
13876	29	12	24
13877	14	9	16
13878	19	13	12
13879	14	23	2
13880	30	5	33
13881	35	25	15
13882	18	4	5
13883	31	13	6
13884	0	27	38
13885	31	26	28
13886	28	3	18
13887	5	40	26
13888	24	11	33
13889	7	22	6
13890	39	14	10
13891	17	4	16
13892	19	36	35
13893	32	18	26
13894	7	39	12
13895	3	25	26
13896	19	31	13
13897	13	8	3
13898	2	33	37
13899	0	26	7
13900	25	18	21
13901	3	8	26
13902	30	20	39
13903	28	22	36
13904	32	34	3
13905	29	31	19
13906	0	34	39
13907	30	12	3
13908	22	5	34
13909	11	17	40
13910	32	37	40
13911	28	39	7
13912	11	3	28
13913	14	40	33
13914	13	5	3
13915	22	3	0
13916	20	32	9
13917	14	11	3
13918	23	26	22
13919	27	30	34
13920	22	15	12
13921	13	26	37
13922	9	28	15
13923	5	30	12
13924	25	36	15
13925	7	28	32
13926	40	9	31
13927	2	25	28
13928	28	0	38
13929	33	25	22
13930	40	30	15
13931	29	16	27
13932	28	13	33
13933	10	3	2
13934	12	21	11
13935	10	38	25
13936	34	12	36
13937	19	38	7
13938	0	18	4
13939	6	2	9
13940	31	12	38
13941	13	33	28
13942	38	32	0
13943	22	11	15
13944	19	5	20
13945	24	3	40
13946	25	13	37
13947	40	23	27
13948	11	1	35
13949	24	40	35
13950	34	36	32
13951	36	18	21
13952	6	13	0
13953	40	23	18
13954	20	0	10
13955	11	17	6
13956	17	26	3
13957	33	7	3
13958	22	13	30
13959	32	38	30
13960	18	19	14
13961	25	14	10
13962	3	36	39
13963	39	17	34
13964	27	12	5
13965	24	18	40
13966	0	28	29
13967	16	26	15
13968	29	32	14
13969	9	23	21
13970	23	25	30
13971	8	21	7
13972	40	29	23
13973	6	10	15
13974	40	4	27
13975	34	14	3
13976	39	22	29
13977	9	32	13
13978	8	22	18
13979	8	27	4
13980	22	18	31
13981	28	26	10
13982	20	0	19
13983	23	26	11
13984	15	22	21
13985	1	33	30
13986	21	11	37
13987	4	18	15
13988	8	2	3
13989	29	5	7
13990	25	16	26
13991	8	25	24
13992	24	32	18
13993	11	30	2
13994	37	15	13
13995	10	32	3
13996	7	2	29
13997	9	1	27
13998	16	35	28
13999	28	19	23
14000	16	9	6
14001	10	38	26
14002	12	2	5
14003	11	5	25
14004	26	35	39
14005	1	21	17
14006	3	32	18
14007	11	24	12
14008	4	37	35
14009	39	27	31
14010	2	1	18
14011	17	30	5
14012	13	14	32
14013	12	18	6
14014	17	37	34
14015	38	11	20
14016	24	12	23
14017	9	8	32
14018	13	0	30
14019	3	7	16
14020	19	14	5
14021	15	6	1
14022	16	11	15
14023	16	32	19
14024	19	10	23
14025	21	16	36
14026	3	18	35
14027	6	22	12
14028	27	17	14
14029	40	12	26
14030	30	19	38
14031	25	13	35
14032	25	23	14
14033	6	35	14
14034	36	16	4
14035	10	22	12
14036	31	37	8
14037	31	2	1
14038	1	32	6
14039	6	27	16
14040	30	40	33
14041	24	31	28
14042	14	15	22
14043	30	20	18
14044	3	2	35
14045	40	28	32
14046	36	28	0
14047	6	11	15
14048	31	8	30
14049	16	21	38
14050	21	15	9
14051	5	8	39
14052	1	19	18
14053	11	29	25
14054	28	5	4
14055	28	21	31
14056	13	14	22
14057	20	16	36
14058	2	35	17
14059	5	18	19
14060	17	13	22
14061	21	11	26
14062	36	0	2
14063	29	20	39
14064	29	6	22
14065	23	39	25
14066	23	24	40
14067	33	7	36
14068	0	21	35
14069	22	28	17
14070	8	15	0
14071	35	38	39
14072	34	3	10
14073	35	33	23
14074	22	12	14
14075	11	30	19
14076	35	34	38
14077	38	11	28
14078	32	4	3
14079	13	40	36
14080	27	20	33
14081	1	15	8
14082	31	21	34
14083	23	17	4
14084	39	24	10
14085	22	37	0
14086	2	31	15
14087	13	9	35
14088	10	12	2
14089	39	37	30
14090	19	13	1
14091	33	32	39
14092	11	26	36
14093	3	31	9
14094	11	9	4
14095	34	16	11
14096	23	38	20
14097	29	6	15
14098	38	13	0
14099	27	10	3
14100	7	15	38
14101	25	33	24
14102	29	36	18
14103	40	9	1
14104	6	27	26
14105	40	36	5
14106	38	11	16
14107	1	27	38
14108	37	5	26
14109	33	27	30
14110	21	13	7
14111	21	30	20
14112	3	39	17
14113	10	5	31
14114	30	35	26
14115	29	33	8
14116	5	19	18
14117	3	8	25
14118	17	16	5
14119	20	10	37
14120	20	11	18
14121	18	15	19
14122	6	33	31
14123	32	4	39
14124	32	26	7
14125	10	25	30
14126	19	38	29
14127	0	39	1
14128	40	2	24
14129	31	32	17
14130	19	26	31
14131	16	34	35
14132	4	26	22
14133	10	40	21
14134	29	2	38
14135	19	23	36
14136	2	27	29
14137	25	36	4
14138	35	36	26
14139	4	0	22
14140	38	16	1
14141	6	32	30
14142	5	15	39
14143	15	35	1
14144	36	38	21
14145	21	36	19
14146	4	19	25
14147	11	16	15
14148	16	27	29
14149	25	28	24
14150	24	39	20
14151	12	38	9
14152	27	15	12
14153	4	26	31
14154	1	30	0
14155	33	32	17
14156	18	29	0
14157	25	3	18
14158	27	26	36
14159	7	24	23
14160	16	26	25
14161	31	10	27
14162	31	20	1
14163	19	27	35
14164	34	28	20
14165	0	27	28
14166	20	2	11
14167	2	33	0
14168	28	5	23
14169	11	5	24
14170	36	28	10
14171	22	9	13
14172	16	11	35
14173	17	33	4
14174	25	0	18
14175	31	37	7
14176	5	18	34
14177	27	5	14
14178	12	24	32
14179	17	16	23
14180	35	26	28
14181	25	31	17
14182	21	31	28
14183	14	13	33
14184	14	3	5
14185	17	26	23
14186	13	10	22
14187	35	24	30
14188	25	23	38
14189	31	14	25
14190	25	33	14
14191	12	8	2
14192	9	1	8
14193	35	34	37
14194	6	40	28
14195	7	6	4
14196	39	33	29
14197	37	22	19
14198	24	22	12
14199	24	2	28
14200	13	37	26
14201	36	14	40
14202	10	40	26
14203	2	18	22
14204	5	35	17
14205	23	40	4
14206	13	28	15
14207	13	22	3
14208	16	25	26
14209	3	22	18
14210	39	9	30
14211	6	21	15
14212	26	18	30
14213	4	12	21
14214	27	7	2
14215	10	8	0
14216	9	11	26
14217	7	29	27
14218	22	10	15
14219	0	26	22
14220	0	33	34
14221	9	11	17
14222	37	11	38
14223	22	12	0
14224	27	8	31
14225	37	3	32
14226	38	15	35
14227	10	31	1
14228	21	20	33
14229	35	28	27
14230	27	33	14
14231	40	25	35
14232	13	39	27
14233	14	6	28
14234	9	14	17
14235	10	31	0
14236	30	2	28
14237	28	17	39
14238	23	36	24
14239	27	39	28
14240	17	28	2
14241	8	25	18
14242	6	13	33
14243	31	5	12
14244	21	0	36
14245	32	25	37
14246	8	29	36
14247	7	13	14
14248	31	3	10
14249	39	12	3
14250	32	13	7
14251	11	19	40
14252	33	4	20
14253	30	22	20
14254	18	23	39
14255	12	15	26
14256	14	28	0
14257	20	18	7
14258	38	26	25
14259	0	40	32
14260	7	18	22
14261	12	27	37
14262	34	39	0
14263	18	25	10
14264	18	37	3
14265	15	14	32
14266	38	15	23
14267	10	6	25
14268	30	39	10
14269	1	12	34
14270	36	27	16
14271	37	4	17
14272	31	3	19
14273	3	20	18
14274	19	31	16
14275	26	24	32
14276	36	23	18
14277	2	26	38
14278	31	26	3
14279	6	7	15
14280	25	22	38
14281	21	26	40
14282	24	37	11
14283	33	30	26
14284	16	21	3
14285	24	15	28
14286	14	2	0
14287	24	31	0
14288	22	31	25
14289	4	1	26
14290	29	30	26
14291	27	20	7
14292	35	4	36
14293	18	2	30
14294	40	14	11
14295	1	38	17
14296	25	22	8
14297	25	30	26
14298	0	20	4
14299	20	34	1
14300	1	22	0
14301	24	8	1
14302	6	16	37
14303	5	29	8
14304	4	30	29
14305	16	5	36
14306	20	22	39
14307	15	30	20
14308	31	5	39
14309	8	5	35
14310	18	23	11
14311	5	23	11
14312	14	23	34
14313	4	13	10
14314	6	33	29
14315	16	27	5
14316	36	33	0
14317	39	16	11
14318	12	23	25
14319	2	11	1
14320	15	35	32
14321	7	2	18
14322	15	7	16
14323	40	14	18
14324	36	31	19
14325	1	34	38
14326	17	11	26
14327	17	18	8
14328	10	31	4
14329	2	33	39
14330	38	18	21
14331	12	23	32
14332	30	27	13
14333	23	29	34
14334	24	35	5
14335	18	40	5
14336	18	14	36
14337	37	6	39
14338	21	12	17
14339	37	17	4
14340	21	38	34
14341	24	27	19
14342	1	12	13
14343	28	35	39
14344	10	27	33
14345	26	22	14
14346	15	12	6
14347	29	3	10
14348	37	36	6
14349	9	31	12
14350	8	37	10
14351	19	25	38
14352	26	39	2
14353	20	21	27
14354	30	24	11
14355	37	13	28
14356	13	37	0
14357	18	10	25
14358	8	12	27
14359	7	10	36
14360	10	29	32
14361	28	6	15
14362	37	11	22
14363	25	11	4
14364	22	19	15
14365	23	39	15
14366	33	35	12
14367	31	8	15
14368	11	24	20
14369	0	2	36
14370	36	18	4
14371	4	0	16
14372	14	12	2
14373	12	38	0
14374	9	8	18
14375	29	20	30
14376	26	35	15
14377	27	9	40
14378	28	23	35
14379	20	19	3
14380	9	31	1
14381	21	10	18
14382	31	29	28
14383	29	12	40
14384	29	33	1
14385	7	14	2
14386	6	8	1
14387	2	16	12
14388	14	35	24
14389	15	24	30
14390	3	1	2
14391	36	22	16
14392	15	0	30
14393	2	22	14
14394	31	38	24
14395	18	35	1
14396	31	23	2
14397	21	24	19
14398	31	16	14
14399	21	23	27
14400	39	3	36
14401	31	2	1
14402	32	35	9
14403	22	30	5
14404	27	3	19
14405	9	7	33
14406	15	9	8
14407	25	30	11
14408	29	39	12
14409	9	36	27
14410	21	15	37
14411	14	25	11
14412	25	39	30
14413	11	28	0
14414	21	27	29
14415	24	28	1
14416	16	13	40
14417	12	14	40
14418	25	31	1
14419	26	15	18
14420	40	21	8
14421	17	40	8
14422	32	40	0
14423	33	5	10
14424	24	1	16
14425	6	24	9
14426	17	2	32
14427	11	24	7
14428	22	1	21
14429	29	20	0
14430	18	8	12
14431	40	38	4
14432	35	24	14
14433	33	1	39
14434	8	40	14
14435	34	7	17
14436	17	30	29
14437	26	18	30
14438	30	9	17
14439	28	27	16
14440	12	26	35
14441	39	9	40
14442	11	40	30
14443	29	13	0
14444	25	40	0
14445	34	21	19
14446	14	26	7
14447	22	20	2
14448	10	4	28
14449	33	18	17
14450	12	2	35
14451	5	15	7
14452	32	3	10
14453	26	39	38
14454	36	22	4
14455	16	39	30
14456	4	24	23
14457	33	26	21
14458	22	7	32
14459	3	32	36
14460	37	12	33
14461	21	15	8
14462	18	0	34
14463	12	35	14
14464	11	18	14
14465	28	19	9
14466	39	0	26
14467	10	31	19
14468	36	9	24
14469	17	13	7
14470	6	16	8
14471	6	29	25
14472	37	21	39
14473	14	26	4
14474	6	12	38
14475	39	21	38
14476	20	12	34
14477	7	18	23
14478	1	39	25
14479	3	12	38
14480	34	18	14
14481	8	6	28
14482	39	40	16
14483	36	6	27
14484	32	8	5
14485	23	22	32
14486	11	20	15
14487	20	6	4
14488	32	0	4
14489	28	33	40
14490	7	17	14
14491	38	17	3
14492	37	35	3
14493	31	8	7
14494	31	20	21
14495	27	12	13
14496	27	9	39
14497	4	23	27
14498	4	37	15
14499	6	10	12
14500	37	9	24
14501	13	10	36
14502	25	5	16
14503	25	18	39
14504	31	4	16
14505	28	11	9
14506	34	6	14
14507	12	32	13
14508	27	16	10
14509	1	7	31
14510	17	31	24
14511	16	20	11
14512	5	3	37
14513	18	22	11
14514	21	2	4
14515	5	3	27
14516	22	17	11
14517	24	14	16
14518	6	3	21
14519	29	27	3
14520	40	37	36
14521	31	35	23
14522	5	32	11
14523	9	17	40
14524	13	24	26
14525	27	29	31
14526	14	7	8
14527	27	18	22
14528	11	23	15
14529	18	16	10
14530	36	33	14
14531	8	17	12
14532	29	16	10
14533	21	29	39
14534	1	13	20
14535	13	11	39
14536	24	36	8
14537	22	15	12
14538	33	21	17
14539	1	2	36
14540	19	31	7
14541	39	9	13
14542	18	35	21
14543	12	23	2
14544	17	14	22
14545	21	16	20
14546	5	37	0
14547	10	7	28
14548	37	32	24
14549	5	1	20
14550	33	22	11
14551	10	34	28
14552	23	7	26
14553	34	33	31
14554	3	7	10
14555	15	4	14
14556	6	28	30
14557	3	29	30
14558	32	37	26
14559	20	35	4
14560	16	31	22
14561	19	15	38
14562	1	27	25
14563	39	6	14
14564	12	0	5
14565	26	16	6
14566	38	11	4
14567	8	31	37
14568	26	20	29
14569	22	40	13
14570	25	11	37
14571	23	35	11
14572	13	7	32
14573	12	6	36
14574	12	26	5
14575	27	5	7
14576	37	31	20
14577	40	8	9
14578	2	36	26
14579	24	5	14
14580	18	13	36
14581	16	39	40
14582	34	2	8
14583	33	13	30
14584	15	40	18
14585	1	18	21
14586	23	5	6
14587	31	21	19
14588	39	31	9
14589	34	39	27
14590	14	18	33
14591	21	34	29
14592	31	10	11
14593	28	37	39
14594	37	5	27
14595	21	16	9
14596	8	31	0
14597	13	33	15
14598	25	5	9
14599	3	39	29
14600	8	26	16
14601	29	6	20
14602	28	22	4
14603	25	40	24
14604	10	38	12
14605	6	12	22
14606	3	2	24
14607	17	40	5
14608	21	28	16
14609	33	38	17
14610	17	34	7
14611	17	13	21
14612	5	10	25
14613	37	28	25
14614	19	36	13
14615	17	37	30
14616	12	25	7
14617	10	17	37
14618	24	14	28
14619	30	27	35
14620	16	33	29
14621	7	18	25
14622	40	23	37
14623	12	4	13
14624	35	20	27
14625	32	40	35
14626	40	33	13
14627	37	14	40
14628	7	20	35
14629	2	3	33
14630	8	18	19
14631	9	0	20
14632	25	31	35
14633	40	16	6
14634	15	27	38
14635	36	19	8
14636	9	12	23
14637	18	31	9
14638	13	38	18
14639	31	25	37
14640	16	23	36
14641	15	8	18
14642	37	26	4
14643	13	36	23
14644	1	19	22
14645	20	31	16
14646	21	32	36
14647	33	26	31
14648	38	2	22
14649	12	18	29
14650	23	13	0
14651	24	15	32
14652	3	7	37
14653	23	20	9
14654	32	11	0
14655	0	32	27
14656	23	32	3
14657	27	2	28
14658	25	34	30
14659	39	12	7
14660	16	15	22
14661	25	3	18
14662	10	12	33
14663	1	8	40
14664	34	8	9
14665	28	3	0
14666	5	36	31
14667	3	31	1
14668	11	24	10
14669	33	21	39
14670	6	16	13
14671	7	3	36
14672	36	12	24
14673	16	4	28
14674	15	2	20
14675	5	27	3
14676	12	13	34
14677	10	0	17
14678	36	26	10
14679	12	18	33
14680	3	23	30
14681	23	27	39
14682	18	9	20
14683	15	3	32
14684	22	0	1
14685	11	38	31
14686	3	12	6
14687	26	19	0
14688	25	14	15
14689	0	23	19
14690	16	29	35
14691	33	7	23
14692	11	35	17
14693	1	28	29
14694	25	7	39
14695	6	2	36
14696	11	17	10
14697	14	34	30
14698	36	27	12
14699	12	9	26
14700	38	1	5
14701	37	23	40
14702	29	27	4
14703	2	4	36
14704	34	9	28
14705	28	40	1
14706	18	12	35
14707	0	34	35
14708	23	30	3
14709	11	5	40
14710	24	23	2
14711	0	38	22
14712	37	36	9
14713	20	37	33
14714	40	11	21
14715	28	12	27
14716	32	12	30
14717	9	16	19
14718	12	15	39
14719	30	17	13
14720	18	40	39
14721	40	30	0
14722	27	32	13
14723	21	30	16
14724	4	27	31
14725	27	14	9
14726	14	23	26
14727	12	39	24
14728	29	30	3
14729	20	8	21
14730	23	39	8
14731	6	3	37
14732	9	19	24
14733	21	26	17
14734	7	13	36
14735	5	11	3
14736	26	35	40
14737	40	15	38
14738	32	19	30
14739	17	11	10
14740	18	37	22
14741	19	39	10
14742	37	2	25
14743	3	21	8
14744	0	25	31
14745	31	1	7
14746	0	28	38
14747	29	14	5
14748	36	17	32
14749	1	13	22
14750	16	8	39
14751	30	36	13
14752	13	25	21
14753	17	9	25
14754	15	17	38
14755	5	12	0
14756	37	3	19
14757	24	39	0
14758	38	2	40
14759	8	35	25
14760	36	23	28
14761	2	39	24
14762	34	19	27
14763	39	25	35
14764	3	27	29
14765	31	30	9
14766	35	21	32
14767	5	37	13
14768	4	2	36
14769	40	3	13
14770	4	1	22
14771	5	24	20
14772	36	0	6
14773	5	9	21
14774	23	24	4
14775	14	33	22
14776	1	37	9
14777	30	27	5
14778	19	20	33
14779	39	34	27
14780	6	35	7
14781	8	13	21
14782	2	7	19
14783	25	27	3
14784	26	7	39
14785	20	1	34
14786	17	7	8
14787	12	15	1
14788	33	16	30
14789	7	38	17
14790	25	30	38
14791	26	31	27
14792	30	33	11
14793	6	39	32
14794	21	20	15
14795	39	34	38
14796	6	3	39
14797	35	16	10
14798	15	23	14
14799	1	21	3
14800	39	32	21
14801	0	20	33
14802	40	27	14
14803	24	15	31
14804	0	22	24
14805	32	18	34
14806	28	18	1
14807	24	39	7
14808	20	2	27
14809	15	24	3
14810	22	19	6
14811	6	19	34
14812	17	0	18
14813	38	8	13
14814	19	12	13
14815	23	5	20
14816	30	2	15
14817	2	25	30
14818	24	18	7
14819	7	22	17
14820	18	23	28
14821	8	24	5
14822	20	25	11
14823	38	5	25
14824	19	38	9
14825	21	5	40
14826	37	30	5
14827	0	31	25
14828	0	13	3
14829	16	27	21
14830	6	14	33
14831	7	6	14
14832	38	15	35
14833	27	3	40
14834	20	31	25
14835	23	3	29
14836	40	19	5
14837	20	6	12
14838	36	14	3
14839	20	27	14
14840	37	9	18
14841	6	8	16
14842	18	28	15
14843	28	10	30
14844	39	7	1
14845	34	5	32
14846	14	12	36
14847	18	10	35
14848	37	9	13
14849	22	33	19
14850	11	20	36
14851	30	19	12
14852	10	33	34
14853	38	21	19
14854	34	28	24
14855	14	19	39
14856	31	21	23
14857	34	28	25
14858	11	37	7
14859	35	15	20
14860	25	0	33
14861	31	11	7
14862	3	34	37
14863	33	22	11
14864	1	17	11
14865	39	19	29
14866	8	18	23
14867	2	13	7
14868	21	34	25
14869	6	23	4
14870	15	22	6
14871	16	35	4
14872	37	13	17
14873	3	2	31
14874	14	40	10
14875	10	34	15
14876	9	11	8
14877	17	0	38
14878	29	22	13
14879	13	29	11
14880	20	3	6
14881	11	24	10
14882	4	19	40
14883	24	32	17
14884	11	8	3
14885	6	21	8
14886	39	18	25
14887	27	19	18
14888	13	0	19
14889	7	36	18
14890	17	26	0
14891	34	31	20
14892	19	16	29
14893	4	29	26
14894	33	16	8
14895	16	38	40
14896	25	22	21
14897	23	17	37
14898	15	3	39
14899	7	31	27
14900	12	15	39
14901	29	23	12
14902	4	29	31
14903	18	8	39
14904	10	17	13
14905	23	10	12
14906	33	9	6
14907	25	28	38
14908	11	12	25
14909	2	5	16
14910	23	13	20
14911	7	19	25
14912	10	5	15
14913	33	31	6
14914	17	32	36
14915	8	38	2
14916	7	35	19
14917	13	9	2
14918	32	12	35
14919	1	14	25
14920	0	36	29
14921	38	28	33
14922	6	27	37
14923	6	17	31
14924	33	17	7
14925	13	19	4
14926	2	34	17
14927	22	34	28
14928	8	7	25
14929	24	31	20
14930	26	13	14
14931	8	30	32
14932	17	5	12
14933	12	32	20
14934	30	37	21
14935	2	10	35
14936	11	31	15
14937	8	18	13
14938	38	15	40
14939	8	29	30
14940	13	5	16
14941	18	27	3
14942	35	23	0
14943	29	31	36
14944	18	0	17
14945	29	3	40
14946	6	30	21
14947	0	34	39
14948	4	10	30
14949	25	31	37
14950	27	17	16
14951	30	9	38
14952	18	5	3
14953	1	6	32
14954	18	14	21
14955	28	14	38
14956	10	26	1
14957	38	32	39
14958	40	25	22
14959	29	12	1
14960	11	12	6
14961	31	2	17
14962	29	40	5
14963	36	33	23
14964	34	37	20
14965	28	36	22
14966	29	12	32
14967	18	27	20
14968	11	39	13
14969	38	21	3
14970	18	4	24
14971	34	39	2
14972	33	20	3
14973	36	16	30
14974	0	35	13
14975	15	28	18
14976	40	28	25
14977	10	20	35
14978	32	13	36
14979	20	34	28
14980	17	18	37
14981	15	22	19
14982	37	6	34
14983	11	29	27
14984	36	34	38
14985	36	27	4
14986	13	21	8
14987	3	0	9
14988	8	10	20
14989	17	23	39
14990	36	21	8
14991	38	5	32
14992	36	13	20
14993	5	19	15
14994	14	4	35
14995	27	21	22
14996	40	20	30
14997	4	32	13
14998	32	36	2
14999	15	13	24
15000	25	10	34
15001	19	25	26
15002	5	9	10
15003	24	3	38
15004	10	38	18
15005	8	24	12
15006	11	33	17
15007	24	18	40
15008	38	30	17
15009	36	7	14
15010	31	34	25
15011	11	32	33
15012	22	9	39
15013	32	0	8
15014	6	14	5
15015	11	31	24
15016	25	35	16
15017	10	38	25
15018	19	7	39
15019	6	0	19
15020	22	18	35
15021	23	30	39
15022	3	4	40
15023	21	24	34
15024	30	10	32
15025	26	24	36
15026	35	9	24
15027	16	8	18
15028	32	34	12
15029	20	29	30
15030	34	4	29
15031	40	8	18
15032	27	35	34
15033	21	14	9
15034	14	10	6
15035	22	12	29
15036	2	14	18
15037	12	29	32
15038	12	10	37
15039	17	6	1
15040	11	23	5
15041	40	26	24
15042	1	15	39
15043	1	26	6
15044	30	9	13
15045	22	5	0
15046	18	11	22
15047	33	29	10
15048	4	17	6
15049	15	21	5
15050	9	22	18
15051	40	15	21
15052	27	38	17
15053	37	22	4
15054	6	31	30
15055	33	10	23
15056	23	37	38
15057	11	31	4
15058	23	4	24
15059	33	10	21
15060	30	11	27
15061	35	0	15
15062	28	39	12
15063	22	36	40
15064	10	36	20
15065	27	22	23
15066	20	17	21
15067	24	27	15
15068	22	21	11
15069	19	5	6
15070	28	24	40
15071	1	30	14
15072	34	14	33
15073	16	13	22
15074	12	23	8
15075	15	38	39
15076	16	32	9
15077	15	32	2
15078	28	22	7
15079	17	2	27
15080	21	0	10
15081	10	35	22
15082	17	24	12
15083	2	7	28
15084	15	27	4
15085	40	34	2
15086	40	2	15
15087	0	17	1
15088	30	32	14
15089	10	26	35
15090	5	2	13
15091	24	19	23
15092	3	26	33
15093	1	14	7
15094	39	9	11
15095	25	36	22
15096	13	3	7
15097	28	5	4
15098	40	35	28
15099	15	39	33
15100	31	22	7
15101	17	8	23
15102	23	15	29
15103	19	7	30
15104	24	27	16
15105	15	2	16
15106	8	2	21
15107	6	21	7
15108	17	9	12
15109	30	0	38
15110	24	28	17
15111	36	32	2
15112	23	18	12
15113	16	27	26
15114	29	24	21
15115	9	1	7
15116	29	2	26
15117	32	31	8
15118	22	15	10
15119	26	2	5
15120	36	14	37
15121	34	25	14
15122	22	13	25
15123	21	14	36
15124	31	16	9
15125	36	34	24
15126	26	21	9
15127	4	19	16
15128	9	20	19
15129	26	32	36
15130	15	35	11
15131	29	16	1
15132	4	30	13
15133	38	19	40
15134	25	26	40
15135	10	40	18
15136	32	24	25
15137	15	29	4
15138	24	17	14
15139	25	37	19
15140	13	28	22
15141	23	21	8
15142	3	18	15
15143	28	14	2
15144	19	32	23
15145	11	25	7
15146	24	5	22
15147	27	33	2
15148	7	9	8
15149	27	31	7
15150	18	31	22
15151	8	13	14
15152	2	34	16
15153	26	28	15
15154	4	14	33
15155	2	25	19
15156	38	32	28
15157	39	5	11
15158	13	29	37
15159	23	22	32
15160	23	4	32
15161	22	11	6
15162	16	2	5
15163	39	15	33
15164	35	7	38
15165	27	20	36
15166	13	27	1
15167	25	15	27
15168	21	12	22
15169	13	7	39
15170	16	36	26
15171	14	5	10
15172	4	19	20
15173	7	18	38
15174	34	0	35
15175	28	24	35
15176	0	40	10
15177	40	23	24
15178	31	7	1
15179	11	27	8
15180	1	9	5
15181	38	21	1
15182	20	22	36
15183	19	39	21
15184	8	17	1
15185	40	8	31
15186	22	7	30
15187	32	6	34
15188	16	20	19
15189	9	26	1
15190	2	32	12
15191	25	12	35
15192	6	40	20
15193	27	12	0
15194	6	27	5
15195	20	17	15
15196	37	34	7
15197	25	35	5
15198	7	24	40
15199	34	26	39
15200	37	5	32
15201	22	25	30
15202	11	38	28
15203	13	8	14
15204	1	19	6
15205	27	7	25
15206	16	37	1
15207	21	32	17
15208	2	32	13
15209	29	7	35
15210	24	29	0
15211	21	1	2
15212	37	15	3
15213	0	35	11
15214	35	2	6
15215	40	38	35
15216	33	28	29
15217	5	21	20
15218	36	12	16
15219	21	10	4
15220	23	20	39
15221	26	8	20
15222	2	17	38
15223	10	20	0
15224	33	36	3
15225	3	5	33
15226	7	28	22
15227	10	30	5
15228	21	10	37
15229	33	16	31
15230	40	15	31
15231	12	7	19
15232	16	1	3
15233	37	9	13
15234	25	20	1
15235	16	8	24
15236	8	13	29
15237	11	7	14
15238	33	38	1
15239	29	22	2
15240	36	25	15
15241	26	31	2
15242	8	31	27
15243	14	6	21
15244	1	8	37
15245	19	14	37
15246	27	28	37
15247	40	22	10
15248	6	12	35
15249	17	5	25
15250	38	25	4
15251	39	4	26
15252	22	0	24
15253	1	12	27
15254	31	28	10
15255	27	34	40
15256	22	5	4
15257	28	10	38
15258	17	6	25
15259	26	30	18
15260	5	20	30
15261	35	19	20
15262	9	25	17
15263	27	31	34
15264	19	3	16
15265	1	37	0
15266	5	11	20
15267	14	12	40
15268	24	8	10
15269	35	18	38
15270	22	40	15
15271	18	36	6
15272	16	39	17
15273	34	17	27
15274	19	1	10
15275	6	9	21
15276	11	24	19
15277	14	33	32
15278	21	26	23
15279	38	22	37
15280	6	24	3
15281	5	6	18
15282	11	18	8
15283	26	32	28
15284	21	26	31
15285	28	21	13
15286	24	1	8
15287	12	40	1
15288	39	35	30
15289	37	33	35
15290	26	30	35
15291	15	12	16
15292	13	26	5
15293	16	34	2
15294	17	4	5
15295	5	36	18
15296	24	36	1
15297	18	36	11
15298	13	26	10
15299	22	32	35
15300	16	26	10
15301	17	22	5
15302	33	13	32
15303	25	33	40
15304	23	32	5
15305	27	23	2
15306	29	32	9
15307	0	31	26
15308	27	22	32
15309	21	24	20
15310	0	1	25
15311	19	11	40
15312	21	39	31
15313	20	29	6
15314	12	29	13
15315	33	27	9
15316	9	24	3
15317	1	40	30
15318	29	38	20
15319	20	34	21
15320	23	35	30
15321	35	7	15
15322	27	23	0
15323	12	32	40
15324	32	36	12
15325	0	22	34
15326	21	37	15
15327	9	34	14
15328	27	20	22
15329	40	38	26
15330	10	8	2
15331	1	9	5
15332	11	32	34
15333	28	35	31
15334	39	6	20
15335	37	26	0
15336	20	0	31
15337	2	11	20
15338	10	8	18
15339	0	27	15
15340	12	27	19
15341	5	40	16
15342	2	32	26
15343	34	16	23
15344	36	9	25
15345	38	21	19
15346	10	6	26
15347	6	12	16
15348	0	19	4
15349	22	1	3
15350	16	27	29
15351	25	18	11
15352	18	39	37
15353	21	18	20
15354	26	38	40
15355	11	26	39
15356	22	2	39
15357	20	6	35
15358	39	26	2
15359	4	19	20
15360	32	9	15
15361	28	36	40
15362	14	9	40
15363	10	17	22
15364	7	31	27
15365	7	35	1
15366	37	40	15
15367	24	29	7
15368	28	29	36
15369	4	19	28
15370	7	39	19
15371	18	39	5
15372	37	19	18
15373	8	2	5
15374	33	8	10
15375	9	12	2
15376	30	40	11
15377	11	12	22
15378	23	32	39
15379	25	35	8
15380	5	19	40
15381	35	6	19
15382	22	34	35
15383	32	21	30
15384	26	19	12
15385	8	13	11
15386	37	40	35
15387	0	31	34
15388	24	23	25
15389	15	14	10
15390	3	12	11
15391	5	8	4
15392	12	21	10
15393	34	15	28
15394	10	32	17
15395	25	19	38
15396	21	27	7
15397	8	36	35
15398	24	25	18
15399	7	13	30
15400	3	9	17
15401	30	21	3
15402	16	14	32
15403	16	12	32
15404	35	24	10
15405	16	38	18
15406	7	21	20
15407	27	1	9
15408	14	8	39
15409	21	7	39
15410	0	11	26
15411	36	19	31
15412	23	21	26
15413	6	19	16
15414	27	32	34
15415	13	32	6
15416	28	15	12
15417	4	11	30
15418	20	8	2
15419	4	25	0
15420	31	30	9
15421	10	5	11
15422	31	6	27
15423	24	2	14
15424	21	35	24
15425	40	9	3
15426	19	1	6
15427	34	4	19
15428	18	0	37
15429	12	22	21
15430	27	3	2
15431	14	1	12
15432	27	32	36
15433	35	11	6
15434	40	36	9
15435	14	12	26
15436	24	16	17
15437	0	5	39
15438	26	34	39
15439	21	6	29
15440	1	20	13
15441	26	8	36
15442	20	31	9
15443	25	11	31
15444	1	25	29
15445	16	8	17
15446	11	16	13
15447	11	2	13
15448	22	27	26
15449	11	40	29
15450	34	15	9
15451	33	20	39
15452	21	6	0
15453	9	27	31
15454	31	23	14
15455	15	4	14
15456	40	5	13
15457	3	39	23
15458	19	15	8
15459	33	1	40
15460	20	14	7
15461	27	19	2
15462	11	22	2
15463	0	36	19
15464	7	28	25
15465	23	16	31
15466	32	15	11
15467	14	23	26
15468	11	27	19
15469	11	38	25
15470	14	38	4
15471	11	35	33
15472	36	37	0
15473	36	32	12
15474	4	22	32
15475	40	39	21
15476	38	30	24
15477	30	40	25
15478	17	10	3
15479	13	5	35
15480	26	22	1
15481	8	27	16
15482	40	35	3
15483	24	22	9
15484	8	32	0
15485	16	1	28
15486	7	12	14
15487	2	20	33
15488	22	4	14
15489	31	4	13
15490	8	38	20
15491	35	4	10
15492	21	7	25
15493	13	31	21
15494	35	2	27
15495	5	9	3
15496	33	17	13
15497	20	34	15
15498	30	32	13
15499	35	7	1
15500	8	17	40
15501	39	30	31
15502	1	23	39
15503	7	38	30
15504	17	18	32
15505	19	33	27
15506	4	21	31
15507	1	20	38
15508	16	31	18
15509	34	19	38
15510	6	7	8
15511	2	16	24
15512	39	36	32
15513	11	36	17
15514	27	17	8
15515	33	25	0
15516	30	21	12
15517	8	2	22
15518	23	27	5
15519	34	1	16
15520	5	2	16
15521	28	2	11
15522	20	1	27
15523	38	1	19
15524	24	31	36
15525	14	37	17
15526	18	21	2
15527	40	13	28
15528	20	2	3
15529	18	37	33
15530	32	35	17
15531	31	10	26
15532	35	11	32
15533	16	27	36
15534	0	34	13
15535	29	40	36
15536	11	24	6
15537	17	33	39
15538	0	8	32
15539	30	33	34
15540	30	38	29
15541	17	9	36
15542	5	7	4
15543	33	30	37
15544	7	37	36
15545	28	26	32
15546	37	8	20
15547	18	40	32
15548	30	27	19
15549	1	16	19
15550	16	12	40
15551	34	18	19
15552	12	28	13
15553	10	17	29
15554	14	0	34
15555	9	6	33
15556	16	15	13
15557	28	26	30
15558	11	19	2
15559	30	21	19
15560	15	40	7
15561	34	8	14
15562	2	21	39
15563	33	4	24
15564	33	28	34
15565	14	21	23
15566	19	22	3
15567	1	30	2
15568	35	32	8
15569	18	6	25
15570	34	14	13
15571	3	18	9
15572	26	33	8
15573	36	0	10
15574	32	16	7
15575	39	30	16
15576	8	9	13
15577	36	17	15
15578	0	25	1
15579	30	26	35
15580	40	38	33
15581	16	19	14
15582	10	25	2
15583	7	16	22
15584	12	9	2
15585	33	5	38
15586	12	25	9
15587	29	7	15
15588	17	38	5
15589	4	31	30
15590	30	31	28
15591	21	30	20
15592	24	27	12
15593	25	33	26
15594	9	5	32
15595	26	33	0
15596	3	14	2
15597	35	29	11
15598	23	32	29
15599	34	30	38
15600	2	27	29
15601	9	18	27
15602	16	8	7
15603	9	33	7
15604	15	17	26
15605	0	6	13
15606	30	10	6
15607	8	6	15
15608	3	7	31
15609	4	15	21
15610	24	28	12
15611	0	23	18
15612	9	3	32
15613	9	3	35
15614	5	18	20
15615	26	39	35
15616	13	23	4
15617	35	20	24
15618	26	25	30
15619	12	18	11
15620	29	38	4
15621	18	6	11
15622	27	18	6
15623	22	28	32
15624	26	11	31
15625	6	25	37
15626	9	36	6
15627	37	40	29
15628	10	9	5
15629	32	4	8
15630	35	3	25
15631	32	35	38
15632	32	31	36
15633	2	16	25
15634	20	22	23
15635	7	12	27
15636	30	11	33
15637	35	11	21
15638	22	37	34
15639	1	23	6
15640	18	3	34
15641	25	14	34
15642	1	40	16
15643	21	38	15
15644	32	1	13
15645	38	19	15
15646	13	0	28
15647	10	4	22
15648	16	32	38
15649	24	4	22
15650	36	30	31
15651	20	31	24
15652	19	9	40
15653	30	25	35
15654	2	25	27
15655	23	31	35
15656	11	6	29
15657	12	27	18
15658	28	35	4
15659	13	4	21
15660	5	40	25
15661	10	31	7
15662	38	14	26
15663	37	36	21
15664	37	15	28
15665	22	7	29
15666	29	32	36
15667	19	4	35
15668	20	12	36
15669	3	23	2
15670	31	26	5
15671	17	27	7
15672	26	23	39
15673	31	19	6
15674	21	33	26
15675	8	19	15
15676	33	9	21
15677	33	29	8
15678	19	18	30
15679	4	35	17
15680	15	9	34
15681	17	35	21
15682	4	17	38
15683	25	15	30
15684	38	23	14
15685	11	37	18
15686	3	10	35
15687	18	13	33
15688	22	3	28
15689	0	35	16
15690	10	25	35
15691	6	14	1
15692	24	15	0
15693	29	16	34
15694	37	2	28
15695	6	2	28
15696	38	26	25
15697	35	21	29
15698	12	35	27
15699	14	8	22
15700	18	12	16
15701	13	27	26
15702	23	2	27
15703	31	13	36
15704	15	0	37
15705	12	27	30
15706	19	11	6
15707	31	9	38
15708	18	21	4
15709	2	37	14
15710	37	7	21
15711	15	32	28
15712	34	31	15
15713	7	10	8
15714	24	0	15
15715	16	28	22
15716	11	20	3
15717	14	37	23
15718	27	5	22
15719	2	28	13
15720	26	9	7
15721	8	24	15
15722	0	28	25
15723	3	28	4
15724	29	33	28
15725	14	29	31
15726	33	1	36
15727	25	35	5
15728	2	8	11
15729	34	14	13
15730	37	19	25
15731	11	21	28
15732	30	14	18
15733	7	22	2
15734	4	33	39
15735	11	21	34
15736	15	22	25
15737	3	32	38
15738	19	22	11
15739	34	7	10
15740	8	10	24
15741	21	20	6
15742	34	9	40
15743	12	10	5
15744	20	8	23
15745	36	19	4
15746	6	4	17
15747	3	21	15
15748	1	30	35
15749	6	37	2
15750	25	36	3
15751	19	24	8
15752	36	37	12
15753	9	6	19
15754	33	38	5
15755	36	14	32
15756	0	13	3
15757	31	20	40
15758	17	15	5
15759	8	35	32
15760	16	11	20
15761	38	3	7
15762	12	33	1
15763	9	8	35
15764	20	1	13
15765	10	38	9
15766	10	12	15
15767	3	7	36
15768	5	29	22
15769	9	29	25
15770	23	2	6
15771	28	32	17
15772	38	33	26
15773	34	39	16
15774	32	6	13
15775	38	11	18
15776	37	33	34
15777	4	34	25
15778	5	26	13
15779	4	17	10
15780	32	21	38
15781	35	8	18
15782	7	38	40
15783	0	8	1
15784	23	19	13
15785	16	15	4
15786	9	31	34
15787	30	32	17
15788	3	38	1
15789	15	23	29
15790	38	37	27
15791	9	32	21
15792	31	27	3
15793	22	21	6
15794	31	25	8
15795	38	30	24
15796	37	15	30
15797	35	20	30
15798	29	34	40
15799	9	32	37
15800	35	31	36
15801	4	16	23
15802	27	24	7
15803	20	29	9
15804	16	33	11
15805	17	21	39
15806	19	27	31
15807	34	35	40
15808	34	11	13
15809	19	28	10
15810	25	28	30
15811	21	18	26
15812	26	28	8
15813	15	28	23
15814	28	38	32
15815	33	12	0
15816	13	14	32
15817	32	26	4
15818	39	29	8
15819	13	17	26
15820	16	0	7
15821	13	23	9
15822	5	2	28
15823	28	34	40
15824	31	11	32
15825	0	21	28
15826	23	16	33
15827	5	14	0
15828	17	15	1
15829	16	37	10
15830	15	10	30
15831	4	24	23
15832	40	29	25
15833	35	22	9
15834	29	2	14
15835	38	4	5
15836	2	32	18
15837	27	19	24
15838	1	32	24
15839	24	11	36
15840	3	2	38
15841	17	12	10
15842	31	38	13
15843	19	34	35
15844	27	7	17
15845	16	37	1
15846	16	34	18
15847	5	7	12
15848	18	5	26
15849	32	26	17
15850	40	29	34
15851	30	1	36
15852	21	12	14
15853	22	36	34
15854	27	10	33
15855	4	1	6
15856	14	38	26
15857	1	8	36
15858	2	18	35
15859	35	38	40
15860	27	33	21
15861	14	25	37
15862	3	23	16
15863	30	1	34
15864	23	22	5
15865	29	7	31
15866	36	12	18
15867	9	0	29
15868	32	38	9
15869	26	20	1
15870	33	34	10
15871	28	25	34
15872	27	19	5
15873	40	20	8
15874	31	24	17
15875	14	19	33
15876	20	15	24
15877	2	8	23
15878	3	20	23
15879	27	39	10
15880	1	37	21
15881	20	30	0
15882	25	3	18
15883	33	6	26
15884	26	6	18
15885	35	5	31
15886	32	38	25
15887	18	7	9
15888	23	12	27
15889	37	27	34
15890	24	1	23
15891	5	9	38
15892	31	34	19
15893	9	19	20
15894	23	31	37
15895	36	40	4
15896	25	34	2
15897	33	9	8
15898	35	28	11
15899	7	20	22
15900	32	21	40
15901	20	28	37
15902	24	19	39
15903	3	34	23
15904	8	16	1
15905	17	38	0
15906	22	28	19
15907	14	37	32
15908	11	12	21
15909	14	34	37
15910	36	4	8
15911	1	21	8
15912	39	19	32
15913	9	32	38
15914	26	12	33
15915	30	34	5
15916	33	8	28
15917	22	33	18
15918	39	18	15
15919	27	13	5
15920	38	16	40
15921	8	37	21
15922	39	21	18
15923	38	34	33
15924	8	0	17
15925	17	12	4
15926	29	8	26
15927	8	28	22
15928	0	38	27
15929	8	38	25
15930	32	33	13
15931	20	6	40
15932	38	34	40
15933	14	21	5
15934	35	37	9
15935	17	39	40
15936	36	16	15
15937	34	0	27
15938	15	35	5
15939	39	0	23
15940	0	2	12
15941	12	26	22
15942	9	14	31
15943	27	26	31
15944	2	26	31
15945	34	29	18
15946	7	29	1
15947	17	36	2
15948	33	19	36
15949	16	26	24
15950	1	23	33
15951	4	29	19
15952	8	35	17
15953	20	0	29
15954	40	27	3
15955	17	0	13
15956	3	22	9
15957	35	12	38
15958	17	11	9
15959	4	23	28
15960	36	21	23
15961	27	36	11
15962	26	16	39
15963	21	2	36
15964	37	23	36
15965	9	32	34
15966	39	17	32
15967	0	1	16
15968	34	2	39
15969	38	40	7
15970	24	22	20
15971	28	1	18
15972	23	8	16
15973	35	36	12
15974	40	2	28
15975	28	35	8
15976	1	34	3
15977	31	4	39
15978	5	7	18
15979	36	9	14
15980	0	20	7
15981	26	23	38
15982	12	16	23
15983	24	20	39
15984	10	15	7
15985	20	36	34
15986	8	30	25
15987	19	2	27
15988	39	35	29
15989	1	15	40
15990	5	7	22
15991	31	13	3
15992	8	5	40
15993	15	11	1
15994	20	38	3
15995	36	27	26
15996	29	20	7
15997	18	2	36
15998	36	0	19
15999	32	30	12
16000	39	17	37
16001	31	29	8
16002	26	9	37
16003	29	3	26
16004	13	6	18
16005	20	16	29
16006	20	40	33
16007	11	25	20
16008	0	3	21
16009	19	14	3
16010	19	25	24
16011	3	9	33
16012	25	31	0
16013	9	11	39
16014	27	31	32
16015	16	34	8
16016	34	24	14
16017	1	23	21
16018	11	38	27
16019	37	17	39
16020	21	0	20
16021	37	12	25
16022	29	6	35
16023	36	27	28
16024	26	40	7
16025	38	17	31
16026	20	10	12
16027	40	16	25
16028	10	4	28
16029	37	3	18
16030	15	20	30
16031	17	14	32
16032	36	40	28
16033	33	6	10
16034	35	11	40
16035	21	11	4
16036	3	26	5
16037	40	17	28
16038	31	6	5
16039	34	35	2
16040	17	11	15
16041	15	19	36
16042	30	8	39
16043	3	35	4
16044	28	5	37
16045	17	21	29
16046	23	8	29
16047	28	26	39
16048	32	38	23
16049	37	36	1
16050	9	0	8
16051	25	5	7
16052	0	28	25
16053	8	34	6
16054	35	0	26
16055	30	34	5
16056	0	16	35
16057	31	18	19
16058	9	3	25
16059	32	30	35
16060	39	7	28
16061	10	7	13
16062	26	5	33
16063	27	18	10
16064	35	11	27
16065	39	3	14
16066	33	19	13
16067	21	6	2
16068	21	32	3
16069	3	34	26
16070	20	39	3
16071	12	20	30
16072	10	36	6
16073	38	33	27
16074	19	8	0
16075	3	34	23
16076	9	20	25
16077	40	11	23
16078	0	14	27
16079	34	38	23
16080	0	5	30
16081	40	31	30
16082	25	34	12
16083	22	4	34
16084	40	29	0
16085	36	40	14
16086	18	26	17
16087	4	16	5
16088	16	14	1
16089	37	30	9
16090	24	36	19
16091	14	7	1
16092	27	0	21
16093	7	37	39
16094	10	2	24
16095	25	33	40
16096	37	6	31
16097	38	39	5
16098	20	2	37
16099	5	34	15
16100	25	10	24
16101	39	20	11
16102	21	3	26
16103	30	24	14
16104	12	6	40
16105	2	15	40
16106	19	27	11
16107	22	13	35
16108	3	10	22
16109	33	9	25
16110	13	31	32
16111	40	7	38
16112	26	21	10
16113	21	32	26
16114	33	31	4
16115	32	16	18
16116	25	14	34
16117	26	18	15
16118	33	29	24
16119	10	27	28
16120	36	4	9
16121	22	27	13
16122	26	13	28
16123	19	26	38
16124	12	38	22
16125	24	29	30
16126	27	19	33
16127	8	25	30
16128	36	14	16
16129	26	40	3
16130	25	29	37
16131	17	32	15
16132	24	34	37
16133	38	2	32
16134	26	1	3
16135	31	23	36
16136	14	18	24
16137	9	0	39
16138	39	12	4
16139	32	7	13
16140	6	40	26
16141	39	7	6
16142	1	28	8
16143	25	28	18
16144	23	33	36
16145	12	10	40
16146	9	11	24
16147	35	4	18
16148	37	2	8
16149	1	4	34
16150	10	24	6
16151	27	28	37
16152	9	12	22
16153	32	9	22
16154	26	8	7
16155	4	34	23
16156	27	2	18
16157	25	32	27
16158	40	4	19
16159	6	23	18
16160	22	40	21
16161	5	18	13
16162	29	33	12
16163	27	36	15
16164	31	34	14
16165	13	19	31
16166	15	33	17
16167	33	20	9
16168	36	40	24
16169	3	8	16
16170	8	11	14
16171	5	37	24
16172	4	5	29
16173	33	30	14
16174	16	20	31
16175	38	13	5
16176	28	20	19
16177	20	8	12
16178	22	27	29
16179	18	10	36
16180	21	11	10
16181	3	36	11
16182	40	3	14
16183	37	29	8
16184	5	31	34
16185	29	5	15
16186	19	6	7
16187	34	11	22
16188	5	39	27
16189	26	35	23
16190	23	7	5
16191	27	31	12
16192	34	0	19
16193	12	17	3
16194	31	33	8
16195	38	4	29
16196	32	13	23
16197	27	21	7
16198	10	4	24
16199	7	0	16
16200	7	14	9
16201	22	20	23
16202	22	23	40
16203	12	37	28
16204	37	36	13
16205	19	8	23
16206	31	13	4
16207	37	22	38
16208	27	18	38
16209	25	6	16
16210	23	20	35
16211	9	5	16
16212	8	35	14
16213	22	27	21
16214	8	34	5
16215	0	33	16
16216	37	25	13
16217	34	32	13
16218	37	11	19
16219	18	3	25
16220	38	11	17
16221	38	17	33
16222	6	22	21
16223	7	8	2
16224	26	25	12
16225	31	37	5
16226	0	37	28
16227	21	2	25
16228	29	28	9
16229	7	25	24
16230	32	13	23
16231	22	30	18
16232	35	15	26
16233	34	10	3
16234	34	39	27
16235	27	33	23
16236	31	28	18
16237	3	9	28
16238	21	37	10
16239	35	20	22
16240	32	18	29
16241	1	12	5
16242	8	23	39
16243	17	38	21
16244	9	11	16
16245	17	30	25
16246	27	34	36
16247	0	8	18
16248	2	12	23
16249	16	6	26
16250	27	18	7
16251	4	26	20
16252	19	9	5
16253	6	21	20
16254	3	39	37
16255	0	27	31
16256	26	25	30
16257	36	35	27
16258	38	40	26
16259	12	5	20
16260	17	40	3
16261	4	28	32
16262	10	30	9
16263	31	21	23
16264	16	22	21
16265	23	32	35
16266	9	0	37
16267	37	31	10
16268	23	17	19
16269	19	18	7
16270	23	40	6
16271	13	4	29
16272	12	9	26
16273	25	8	23
16274	32	1	14
16275	17	14	26
16276	0	27	39
16277	12	13	0
16278	6	38	28
16279	17	31	12
16280	8	5	26
16281	13	4	37
16282	29	15	33
16283	25	7	12
16284	32	14	18
16285	4	27	39
16286	8	20	7
16287	10	4	11
16288	29	3	38
16289	2	8	9
16290	24	35	33
16291	27	12	30
16292	33	11	6
16293	23	21	0
16294	27	8	38
16295	38	4	7
16296	33	9	30
16297	38	20	29
16298	1	39	20
16299	34	4	30
16300	24	7	9
16301	5	15	30
16302	28	26	15
16303	21	3	4
16304	26	35	0
16305	30	32	20
16306	40	9	3
16307	40	37	9
16308	30	19	1
16309	17	24	7
16310	25	23	13
16311	17	1	32
16312	32	2	18
16313	22	5	37
16314	19	7	23
16315	35	10	5
16316	26	30	15
16317	40	24	9
16318	4	1	14
16319	13	9	0
16320	8	4	13
16321	11	6	33
16322	24	16	3
16323	38	39	15
16324	36	23	34
16325	2	26	16
16326	15	1	25
16327	16	7	23
16328	31	19	18
16329	7	14	32
16330	14	37	34
16331	17	18	35
16332	40	15	27
16333	4	2	19
16334	25	14	22
16335	7	36	25
16336	4	27	20
16337	6	29	18
16338	7	40	28
16339	31	9	15
16340	27	3	1
16341	0	9	38
16342	15	9	7
16343	9	24	6
16344	14	29	1
16345	30	26	0
16346	19	0	14
16347	5	7	19
16348	29	38	14
16349	15	12	21
16350	12	4	9
16351	18	37	2
16352	1	18	26
16353	18	29	3
16354	2	34	28
16355	29	12	17
16356	24	0	35
16357	30	9	17
16358	5	37	40
16359	26	25	35
16360	13	11	29
16361	31	28	37
16362	22	31	32
16363	38	18	19
16364	33	1	11
16365	7	40	4
16366	7	27	23
16367	22	24	0
16368	8	30	0
16369	3	20	34
16370	1	28	39
16371	23	14	2
16372	5	22	37
16373	26	30	18
16374	40	34	7
16375	31	40	2
16376	15	23	4
16377	32	31	39
16378	37	13	35
16379	2	11	12
16380	40	21	10
16381	11	18	35
16382	4	26	15
16383	14	17	33
16384	15	32	25
16385	32	8	4
16386	4	1	34
16387	38	2	33
16388	14	1	15
16389	19	23	13
16390	33	25	40
16391	20	0	18
16392	14	10	23
16393	9	15	36
16394	28	35	27
16395	13	7	30
16396	3	0	4
16397	0	6	22
16398	23	12	27
16399	30	1	29
16400	10	25	8
16401	10	12	16
16402	15	26	25
16403	12	39	14
16404	11	15	29
16405	4	27	36
16406	2	37	30
16407	31	22	18
16408	30	8	1
16409	10	37	13
16410	31	11	36
16411	32	38	10
16412	31	21	17
16413	37	3	30
16414	22	26	30
16415	27	17	3
16416	26	28	1
16417	7	37	8
16418	6	15	40
16419	17	40	20
16420	7	12	3
16421	10	36	11
16422	1	18	38
16423	21	37	33
16424	30	9	14
16425	8	6	31
16426	5	26	19
16427	40	39	6
16428	22	12	26
16429	14	13	40
16430	20	22	40
16431	39	5	1
16432	4	34	28
16433	35	10	9
16434	32	27	13
16435	37	8	1
16436	6	32	29
16437	9	23	33
16438	37	20	29
16439	20	38	37
16440	38	10	23
16441	1	27	24
16442	5	15	8
16443	29	6	33
16444	5	16	24
16445	9	33	4
16446	6	25	7
16447	18	27	4
16448	38	10	26
16449	26	17	28
16450	21	6	12
16451	13	31	27
16452	0	4	21
16453	16	7	21
16454	14	7	31
16455	6	2	20
16456	22	0	18
16457	39	10	17
16458	27	19	22
16459	12	34	15
16460	6	37	27
16461	31	22	24
16462	11	30	13
16463	35	31	37
16464	26	17	35
16465	39	26	38
16466	11	16	25
16467	21	4	32
16468	6	31	39
16469	36	20	17
16470	40	30	10
16471	37	34	14
16472	22	34	37
16473	10	28	1
16474	10	29	36
16475	15	34	37
16476	15	26	34
16477	40	29	34
16478	30	4	20
16479	21	32	3
16480	17	24	32
16481	9	12	28
16482	20	19	4
16483	35	36	11
16484	33	17	26
16485	4	32	20
16486	30	1	29
16487	31	27	39
16488	33	36	9
16489	21	37	13
16490	13	39	19
16491	24	3	11
16492	38	24	39
16493	2	23	35
16494	39	12	1
16495	26	15	32
16496	23	26	4
16497	18	14	2
16498	19	30	1
16499	11	29	39
16500	31	20	22
16501	14	2	37
16502	15	22	40
16503	33	0	6
16504	22	3	28
16505	29	26	15
16506	8	34	37
16507	30	4	10
16508	1	31	28
16509	40	1	9
16510	6	36	18
16511	36	1	26
16512	31	32	13
16513	22	23	38
16514	36	21	7
16515	39	17	23
16516	17	16	30
16517	26	24	5
16518	11	29	30
16519	29	0	8
16520	26	25	6
16521	27	33	5
16522	17	28	2
16523	34	36	0
16524	1	2	30
16525	26	13	28
16526	0	14	24
16527	18	14	2
16528	2	38	39
16529	21	11	4
16530	15	7	19
16531	40	7	28
16532	19	16	38
16533	16	40	13
16534	5	35	7
16535	39	2	6
16536	20	10	6
16537	24	0	18
16538	35	28	25
16539	12	2	15
16540	18	6	21
16541	10	2	35
16542	35	13	7
16543	29	26	18
16544	30	20	23
16545	13	9	20
16546	15	19	38
16547	24	37	36
16548	38	5	32
16549	23	10	9
16550	24	36	16
16551	35	39	10
16552	21	40	6
16553	21	18	5
16554	6	4	11
16555	19	26	18
16556	38	10	36
16557	4	24	28
16558	5	14	38
16559	31	39	17
16560	13	36	34
16561	8	40	10
16562	0	7	16
16563	10	28	14
16564	5	40	32
16565	6	34	18
16566	28	18	3
16567	16	12	7
16568	0	16	22
16569	32	33	24
16570	23	38	19
16571	12	22	1
16572	39	36	26
16573	17	13	8
16574	12	14	33
16575	16	20	11
16576	7	4	33
16577	9	32	11
16578	11	16	35
16579	13	35	25
16580	0	38	21
16581	5	21	37
16582	1	4	13
16583	33	31	30
16584	20	28	34
16585	25	24	9
16586	13	23	4
16587	4	37	12
16588	1	10	18
16589	18	17	35
16590	14	27	6
16591	12	1	8
16592	6	30	22
16593	2	19	0
16594	19	12	8
16595	20	24	17
16596	27	1	22
16597	24	23	32
16598	33	9	8
16599	25	10	32
16600	20	39	4
16601	14	11	17
16602	15	31	36
16603	20	34	23
16604	36	33	30
16605	5	32	12
16606	15	31	11
16607	32	22	20
16608	36	20	25
16609	4	27	39
16610	22	2	30
16611	31	32	10
16612	8	17	14
16613	38	32	20
16614	14	26	6
16615	8	5	13
16616	39	0	4
16617	11	12	13
16618	33	9	28
16619	40	31	3
16620	5	27	14
16621	39	22	16
16622	25	30	10
16623	28	31	37
16624	29	22	35
16625	3	22	6
16626	16	11	31
16627	11	30	3
16628	28	21	37
16629	29	28	0
16630	37	29	32
16631	7	23	33
16632	39	21	8
16633	30	13	17
16634	33	13	21
16635	17	0	19
16636	2	34	30
16637	9	38	32
16638	36	40	17
16639	7	2	17
16640	32	8	37
16641	23	31	9
16642	16	40	21
16643	14	39	3
16644	22	18	13
16645	29	23	9
16646	1	10	30
16647	22	20	37
16648	34	2	6
16649	18	31	33
16650	14	3	8
16651	23	24	16
16652	30	1	28
16653	37	7	23
16654	9	5	36
16655	29	35	39
16656	21	25	12
16657	21	37	32
16658	29	17	36
16659	21	38	34
16660	26	17	37
16661	24	12	6
16662	32	5	6
16663	31	28	0
16664	26	3	19
16665	11	3	29
16666	18	28	29
16667	23	21	17
16668	9	18	22
16669	11	37	2
16670	0	10	33
16671	22	34	30
16672	22	34	28
16673	8	25	30
16674	3	12	8
16675	15	19	13
16676	24	16	15
16677	0	12	17
16678	31	7	20
16679	5	35	19
16680	24	1	32
16681	21	31	19
16682	30	12	28
16683	23	34	13
16684	36	19	1
16685	32	10	24
16686	11	32	1
16687	10	17	27
16688	36	34	9
16689	39	36	15
16690	36	9	21
16691	33	29	15
16692	27	7	14
16693	19	11	35
16694	7	9	31
16695	32	27	29
16696	19	12	32
16697	7	16	39
16698	33	35	39
16699	2	29	9
16700	15	13	14
16701	29	10	9
16702	31	0	1
16703	11	30	36
16704	13	20	19
16705	40	1	38
16706	24	20	39
16707	3	35	21
16708	3	36	4
16709	17	8	35
16710	36	5	11
16711	17	21	38
16712	36	26	16
16713	29	24	12
16714	30	33	7
16715	37	25	23
16716	26	8	2
16717	32	25	3
16718	20	21	11
16719	3	33	27
16720	28	10	16
16721	4	36	38
16722	12	34	15
16723	2	37	26
16724	22	12	15
16725	20	16	33
16726	27	2	3
16727	18	16	38
16728	31	34	9
16729	7	26	3
16730	14	11	21
16731	35	26	30
16732	34	31	19
16733	0	12	19
16734	9	7	31
16735	19	3	34
16736	10	38	28
16737	19	29	26
16738	39	6	28
16739	13	32	38
16740	20	25	4
16741	8	12	19
16742	31	7	3
16743	12	9	31
16744	13	18	39
16745	12	34	33
16746	38	16	13
16747	2	36	24
16748	11	9	23
16749	8	37	2
16750	29	10	24
16751	16	1	12
16752	26	10	11
16753	4	19	28
16754	32	37	22
16755	4	5	33
16756	10	7	15
16757	36	33	7
16758	27	22	35
16759	16	35	10
16760	11	17	33
16761	9	28	6
16762	14	9	39
16763	20	35	5
16764	34	14	16
16765	3	4	6
16766	21	0	30
16767	12	33	7
16768	16	36	11
16769	40	14	7
16770	14	15	8
16771	27	34	6
16772	39	29	18
16773	31	22	33
16774	13	3	29
16775	39	34	23
16776	33	34	12
16777	37	33	17
16778	3	2	40
16779	3	15	2
16780	23	37	32
16781	39	19	4
16782	17	39	9
16783	35	10	1
16784	28	0	5
16785	16	10	0
16786	36	12	7
16787	16	23	8
16788	33	24	40
16789	28	3	19
16790	26	16	38
16791	34	32	5
16792	24	39	0
16793	39	28	3
16794	21	29	4
16795	36	35	38
16796	7	19	29
16797	9	29	38
16798	20	29	35
16799	37	18	4
16800	2	40	27
16801	1	30	14
16802	27	2	23
16803	33	8	23
16804	3	36	31
16805	0	5	24
16806	8	25	23
16807	6	22	19
16808	5	0	4
16809	24	28	11
16810	17	10	33
16811	40	13	18
16812	5	26	18
16813	33	6	36
16814	8	34	31
16815	7	15	22
16816	18	26	20
16817	17	12	8
16818	3	38	26
16819	23	40	15
16820	31	17	36
16821	19	23	31
16822	0	7	37
16823	24	32	17
16824	22	19	7
16825	22	36	34
16826	8	25	16
16827	0	16	11
16828	28	19	23
16829	12	31	0
16830	7	3	31
16831	24	7	8
16832	15	21	17
16833	33	10	40
16834	18	38	2
16835	35	16	9
16836	17	36	21
16837	21	23	7
16838	33	34	24
16839	29	28	27
16840	38	40	3
16841	17	0	37
16842	37	17	18
16843	2	35	22
16844	3	39	31
16845	10	33	37
16846	19	15	23
16847	7	32	1
16848	13	7	28
16849	21	7	31
16850	8	12	0
16851	14	30	17
16852	12	10	30
16853	6	2	37
16854	1	6	15
16855	23	10	39
16856	8	16	29
16857	39	5	27
16858	27	13	5
16859	24	17	5
16860	9	28	19
16861	10	9	2
16862	18	26	39
16863	10	28	26
16864	32	9	26
16865	17	14	34
16866	35	14	34
16867	19	18	29
16868	18	15	2
16869	29	39	6
16870	12	22	30
16871	14	35	2
16872	22	17	12
16873	4	21	30
16874	3	2	14
16875	33	34	24
16876	32	16	5
16877	18	23	16
16878	5	38	24
16879	3	37	20
16880	8	21	17
16881	24	29	19
16882	13	7	24
16883	6	4	25
16884	22	36	15
16885	29	22	33
16886	36	9	12
16887	4	1	26
16888	12	11	2
16889	6	18	2
16890	16	38	25
16891	4	26	25
16892	29	10	5
16893	1	20	17
16894	31	36	2
16895	38	4	26
16896	3	18	29
16897	6	20	38
16898	6	5	11
16899	18	15	4
16900	30	14	2
16901	30	26	29
16902	35	2	33
16903	12	10	16
16904	24	34	20
16905	14	1	20
16906	31	11	17
16907	2	8	13
16908	4	37	19
16909	5	1	20
16910	32	31	1
16911	22	21	39
16912	5	15	27
16913	40	2	19
16914	3	14	25
16915	19	4	24
16916	3	39	29
16917	40	2	31
16918	8	23	38
16919	13	1	36
16920	16	17	4
16921	22	5	39
16922	27	5	38
16923	24	21	27
16924	19	4	21
16925	39	30	18
16926	16	4	9
16927	33	39	4
16928	33	2	0
16929	20	15	34
16930	28	23	17
16931	20	40	4
16932	16	8	30
16933	26	38	1
16934	36	38	34
16935	12	27	28
16936	4	15	30
16937	30	18	12
16938	19	6	0
16939	10	1	38
16940	2	13	36
16941	17	12	5
16942	5	30	1
16943	17	31	40
16944	12	1	32
16945	13	26	27
16946	32	16	6
16947	6	24	1
16948	12	34	6
16949	20	9	11
16950	4	3	22
16951	33	35	10
16952	3	17	1
16953	20	36	18
16954	26	4	37
16955	13	19	20
16956	23	33	0
16957	4	18	27
16958	10	16	34
16959	10	34	15
16960	6	27	14
16961	5	14	19
16962	9	28	8
16963	20	25	37
16964	33	24	35
16965	11	32	23
16966	26	17	0
16967	9	3	15
16968	15	0	4
16969	38	10	20
16970	2	10	33
16971	0	19	5
16972	13	0	12
16973	0	32	31
16974	33	39	9
16975	8	14	1
16976	0	15	8
16977	28	37	22
16978	24	28	11
16979	23	32	6
16980	14	10	26
16981	13	15	5
16982	4	7	35
16983	7	11	35
16984	7	3	31
16985	27	16	26
16986	19	40	33
16987	20	10	8
16988	27	24	1
16989	31	4	18
16990	10	5	18
16991	9	10	23
16992	33	30	13
16993	26	20	19
16994	11	10	27
16995	36	22	15
16996	34	39	25
16997	0	17	3
16998	34	38	10
16999	12	28	26
17000	10	24	19
17001	16	32	14
17002	29	14	5
17003	19	16	6
17004	21	39	12
17005	20	27	35
17006	7	6	0
17007	36	29	24
17008	19	17	0
17009	11	37	34
17010	22	24	20
17011	13	15	35
17012	26	38	2
17013	0	10	16
17014	20	0	26
17015	13	17	0
17016	16	32	20
17017	34	27	8
17018	37	30	20
17019	2	14	34
17020	0	5	8
17021	14	31	16
17022	2	5	30
17023	38	12	17
17024	15	26	11
17025	2	19	21
17026	27	10	24
17027	26	24	11
17028	28	20	12
17029	8	37	0
17030	2	26	10
17031	16	32	8
17032	27	23	13
17033	39	35	28
17034	32	4	40
17035	40	38	35
17036	0	34	10
17037	35	33	31
17038	3	1	34
17039	27	8	25
17040	8	27	10
17041	16	40	14
17042	28	40	30
17043	9	21	15
17044	29	39	6
17045	18	5	40
17046	7	40	29
17047	20	30	18
17048	34	19	33
17049	15	6	36
17050	33	3	10
17051	16	25	30
17052	18	33	20
17053	39	30	17
17054	4	18	37
17055	0	10	30
17056	26	20	21
17057	1	34	29
17058	3	16	17
17059	3	31	10
17060	18	2	22
17061	17	5	30
17062	24	6	40
17063	14	35	22
17064	28	3	4
17065	19	39	6
17066	2	12	1
17067	18	20	19
17068	11	32	17
17069	40	25	31
17070	21	40	19
17071	26	7	9
17072	39	35	11
17073	7	12	14
17074	29	40	34
17075	39	27	9
17076	37	19	4
17077	11	14	35
17078	38	22	32
17079	34	15	35
17080	40	12	2
17081	0	13	28
17082	27	36	25
17083	14	2	25
17084	26	33	31
17085	26	27	25
17086	24	4	7
17087	8	24	10
17088	14	5	30
17089	33	28	8
17090	31	22	6
17091	24	9	40
17092	37	3	21
17093	12	11	36
17094	25	12	13
17095	8	25	5
17096	16	28	1
17097	2	40	5
17098	6	2	11
17099	11	23	24
17100	32	26	36
17101	25	32	19
17102	12	26	14
17103	14	18	17
17104	3	29	25
17105	7	40	27
17106	33	40	1
17107	32	1	27
17108	11	2	1
17109	38	2	1
17110	27	11	0
17111	35	13	14
17112	25	5	22
17113	26	9	16
17114	1	8	3
17115	10	0	33
17116	24	29	7
17117	4	32	30
17118	31	26	9
17119	36	21	26
17120	30	7	16
17121	31	2	13
17122	6	40	10
17123	0	9	13
17124	22	14	9
17125	34	31	25
17126	4	28	11
17127	0	20	23
17128	7	29	12
17129	2	18	37
17130	27	7	18
17131	17	13	30
17132	10	6	11
17133	38	0	26
17134	29	7	21
17135	29	12	21
17136	30	29	27
17137	14	39	5
17138	14	12	9
17139	25	33	18
17140	32	31	14
17141	34	36	18
17142	24	10	28
17143	9	35	38
17144	17	32	36
17145	26	20	23
17146	38	26	22
17147	39	34	25
17148	16	8	23
17149	14	3	1
17150	22	9	39
17151	7	16	20
17152	29	33	30
17153	14	24	2
17154	31	26	38
17155	40	1	22
17156	37	33	34
17157	5	31	17
17158	18	11	10
17159	38	19	24
17160	29	21	37
17161	11	23	13
17162	39	7	38
17163	23	7	21
17164	11	18	21
17165	34	8	5
17166	38	29	27
17167	25	31	4
17168	24	23	14
17169	24	12	25
17170	10	28	2
17171	4	7	14
17172	16	1	0
17173	36	8	32
17174	27	33	14
17175	38	27	6
17176	9	23	40
17177	38	7	26
17178	7	17	21
17179	1	9	4
17180	33	11	10
17181	40	0	22
17182	27	13	26
17183	27	4	22
17184	13	32	18
17185	24	7	22
17186	10	26	4
17187	29	32	2
17188	17	7	30
17189	32	0	36
17190	7	13	22
17191	12	27	40
17192	3	36	21
17193	13	32	2
17194	5	0	31
17195	21	7	14
17196	16	2	9
17197	10	18	7
17198	4	37	21
17199	6	19	4
17200	11	16	36
17201	8	17	6
17202	33	4	27
17203	5	19	13
17204	34	24	3
17205	35	36	38
17206	0	33	5
17207	12	11	15
17208	10	16	36
17209	22	19	30
17210	35	17	40
17211	6	35	4
17212	36	25	21
17213	33	37	38
17214	19	6	29
17215	28	2	23
17216	20	14	22
17217	5	40	12
17218	24	30	25
17219	21	25	11
17220	9	22	21
17221	33	10	26
17222	29	32	15
17223	7	34	2
17224	10	7	34
17225	2	19	32
17226	7	32	24
17227	30	38	3
17228	12	28	18
17229	38	4	39
17230	3	35	21
17231	24	10	38
17232	30	25	13
17233	38	27	21
17234	0	4	31
17235	14	35	39
17236	13	19	16
17237	25	34	8
17238	37	24	39
17239	4	25	14
17240	10	8	25
17241	33	1	17
17242	24	6	9
17243	3	13	34
17244	23	21	5
17245	36	17	15
17246	37	9	7
17247	34	9	23
17248	2	36	3
17249	5	38	10
17250	20	36	29
17251	18	12	13
17252	12	27	25
17253	22	0	29
17254	28	14	34
17255	40	39	27
17256	6	34	21
17257	36	28	0
17258	17	2	16
17259	32	27	29
17260	27	4	37
17261	26	8	2
17262	3	25	40
17263	37	17	2
17264	35	21	6
17265	9	22	8
17266	2	12	39
17267	0	39	38
17268	7	4	39
17269	35	0	30
17270	34	19	31
17271	36	27	15
17272	4	14	13
17273	25	2	28
17274	25	28	13
17275	21	9	3
17276	12	29	39
17277	3	28	21
17278	14	39	15
17279	28	31	0
17280	25	6	20
17281	26	40	16
17282	39	21	38
17283	36	24	13
17284	7	22	9
17285	12	36	29
17286	1	30	11
17287	30	33	24
17288	19	22	40
17289	27	25	33
17290	26	16	19
17291	3	28	5
17292	30	6	32
17293	28	35	32
17294	39	38	34
17295	22	36	25
17296	36	33	5
17297	39	40	37
17298	19	40	12
17299	8	13	36
17300	23	9	33
17301	7	25	26
17302	27	6	37
17303	30	21	8
17304	5	39	32
17305	36	16	21
17306	11	1	0
17307	26	24	16
17308	37	21	16
17309	7	8	2
17310	11	9	8
17311	13	35	22
17312	30	35	7
17313	11	15	36
17314	39	13	37
17315	37	14	1
17316	10	24	6
17317	10	15	17
17318	32	3	5
17319	23	10	5
17320	5	34	39
17321	27	33	5
17322	13	2	8
17323	21	40	22
17324	37	28	8
17325	12	3	8
17326	15	1	28
17327	31	18	0
17328	10	35	0
17329	1	35	31
17330	19	36	3
17331	19	38	40
17332	9	3	39
17333	27	38	33
17334	7	35	10
17335	30	0	25
17336	3	12	24
17337	30	2	26
17338	8	29	5
17339	8	16	32
17340	9	40	10
17341	32	26	6
17342	27	24	4
17343	16	38	18
17344	31	27	14
17345	23	40	12
17346	0	14	10
17347	13	3	35
17348	20	32	4
17349	17	14	32
17350	12	29	23
17351	26	0	32
17352	32	1	23
17353	16	32	21
17354	0	29	21
17355	33	18	39
17356	11	24	18
17357	34	26	23
17358	28	33	3
17359	1	17	22
17360	7	38	6
17361	32	8	39
17362	10	32	7
17363	37	26	7
17364	36	22	33
17365	26	21	29
17366	11	7	34
17367	23	5	37
17368	2	39	31
17369	4	8	11
17370	39	16	31
17371	32	23	33
17372	2	0	14
17373	25	16	23
17374	19	3	16
17375	37	30	38
17376	4	3	14
17377	38	15	4
17378	7	23	40
17379	37	2	1
17380	26	10	20
17381	5	33	15
17382	34	33	39
17383	36	26	8
17384	33	19	34
17385	29	17	3
17386	13	24	25
17387	35	12	17
17388	25	37	28
17389	26	21	15
17390	1	19	37
17391	2	34	20
17392	38	16	18
17393	21	1	32
17394	13	26	30
17395	27	32	14
17396	17	23	28
17397	4	27	6
17398	12	32	19
17399	18	14	1
17400	37	40	39
17401	3	17	32
17402	0	25	1
17403	2	14	1
17404	39	3	38
17405	9	32	29
17406	10	36	1
17407	35	12	23
17408	21	16	24
17409	38	32	2
17410	24	10	0
17411	29	13	16
17412	31	11	13
17413	40	7	5
17414	39	11	6
17415	17	30	21
17416	1	36	12
17417	25	30	11
17418	19	31	3
17419	36	38	13
17420	31	39	38
17421	12	16	10
17422	34	29	8
17423	23	3	37
17424	28	5	32
17425	5	19	35
17426	32	12	27
17427	23	1	7
17428	3	36	29
17429	36	13	11
17430	11	29	23
17431	0	4	1
17432	28	12	34
17433	20	32	3
17434	3	31	5
17435	19	34	24
17436	16	35	24
17437	8	27	24
17438	10	23	26
17439	15	32	28
17440	34	7	18
17441	22	9	12
17442	20	13	24
17443	11	34	7
17444	3	18	36
17445	0	29	19
17446	24	7	29
17447	13	21	24
17448	4	31	22
17449	30	37	12
17450	29	7	39
17451	14	24	8
17452	28	16	29
17453	14	24	26
17454	2	17	33
17455	40	17	39
17456	40	4	28
17457	35	11	28
17458	18	3	24
17459	24	36	17
17460	8	40	20
17461	27	15	34
17462	3	17	19
17463	39	25	14
17464	33	11	0
17465	30	20	15
17466	2	26	12
17467	5	30	21
17468	16	11	19
17469	9	17	24
17470	10	36	17
17471	20	32	40
17472	18	33	2
17473	35	3	15
17474	7	37	21
17475	37	22	15
17476	34	16	39
17477	28	39	36
17478	5	11	9
17479	36	30	32
17480	13	28	38
17481	37	28	2
17482	8	34	38
17483	20	21	26
17484	11	29	0
17485	18	35	39
17486	22	26	29
17487	0	29	39
17488	22	8	29
17489	16	25	5
17490	34	3	25
17491	31	9	34
17492	29	36	39
17493	0	19	6
17494	17	4	29
17495	32	27	2
17496	19	5	10
17497	4	32	1
17498	11	18	34
17499	8	25	7
17500	20	29	23
17501	12	16	17
17502	11	37	19
17503	20	40	25
17504	35	24	26
17505	35	32	25
17506	38	17	34
17507	16	29	20
17508	16	22	29
17509	24	13	35
17510	20	32	36
17511	10	19	35
17512	34	37	3
17513	15	5	14
17514	32	36	23
17515	6	8	18
17516	0	37	19
17517	22	15	1
17518	18	38	14
17519	17	4	0
17520	1	37	10
17521	8	11	35
17522	25	0	15
17523	8	33	15
17524	25	5	29
17525	33	28	17
17526	8	3	32
17527	38	30	22
17528	20	37	27
17529	33	22	5
17530	1	12	29
17531	13	3	16
17532	9	11	8
17533	20	10	16
17534	28	33	13
17535	0	5	35
17536	37	33	40
17537	22	34	32
17538	27	35	5
17539	13	19	17
17540	35	22	9
17541	4	24	8
17542	19	27	4
17543	0	10	8
17544	5	10	4
17545	34	8	28
17546	17	14	11
17547	24	4	27
17548	31	1	26
17549	20	24	25
17550	2	25	8
17551	34	20	16
17552	10	8	33
17553	28	26	16
17554	24	37	10
17555	40	7	26
17556	40	11	12
17557	40	37	3
17558	33	5	40
17559	33	24	18
17560	39	6	7
17561	1	37	17
17562	9	32	17
17563	16	9	11
17564	10	3	18
17565	35	16	15
17566	22	1	17
17567	14	11	0
17568	27	1	34
17569	17	37	11
17570	40	13	5
17571	36	3	0
17572	40	38	29
17573	22	34	16
17574	28	37	22
17575	40	36	7
17576	15	8	0
17577	8	39	32
17578	18	21	40
17579	27	2	21
17580	30	39	26
17581	20	17	14
17582	25	6	2
17583	40	37	30
17584	20	39	4
17585	31	5	37
17586	37	20	38
17587	36	16	32
17588	26	9	7
17589	19	32	23
17590	22	16	36
17591	20	13	29
17592	28	0	30
17593	15	4	6
17594	28	12	20
17595	14	15	33
17596	21	24	40
17597	5	22	34
17598	4	12	27
17599	35	0	18
17600	38	2	32
17601	10	15	6
17602	35	34	31
17603	17	23	2
17604	40	37	30
17605	23	18	34
17606	15	38	34
17607	2	5	36
17608	19	4	1
17609	12	33	31
17610	35	7	31
17611	21	4	8
17612	23	10	24
17613	28	29	19
17614	23	26	12
17615	14	23	12
17616	39	18	27
17617	1	7	25
17618	2	20	22
17619	19	3	30
17620	37	12	29
17621	16	15	3
17622	2	15	31
17623	27	10	15
17624	30	31	20
17625	29	32	2
17626	20	34	11
17627	15	33	8
17628	28	21	8
17629	19	1	30
17630	1	28	9
17631	3	28	10
17632	40	21	24
17633	11	12	28
17634	14	16	1
17635	2	40	1
17636	31	3	29
17637	15	27	25
17638	28	2	19
17639	26	12	38
17640	27	38	29
17641	27	19	2
17642	7	29	40
17643	13	30	22
17644	18	24	21
17645	32	19	3
17646	6	1	29
17647	4	12	11
17648	11	40	35
17649	12	26	24
17650	33	36	12
17651	1	37	8
17652	26	7	18
17653	0	22	24
17654	13	12	1
17655	15	11	2
17656	12	15	33
17657	5	21	40
17658	32	9	31
17659	0	18	40
17660	6	9	5
17661	22	1	20
17662	10	5	16
17663	5	15	8
17664	28	13	14
17665	15	16	24
17666	11	2	28
17667	27	3	22
17668	9	18	21
17669	25	37	8
17670	23	18	27
17671	12	8	27
17672	27	39	32
17673	40	15	36
17674	4	36	32
17675	40	9	19
17676	22	0	10
17677	25	12	31
17678	6	25	28
17679	18	17	10
17680	30	3	4
17681	22	28	12
17682	17	39	3
17683	5	34	14
17684	3	33	5
17685	12	27	24
17686	40	39	11
17687	6	9	27
17688	6	3	40
17689	34	25	21
17690	9	11	35
17691	9	24	35
17692	24	27	22
17693	14	29	18
17694	39	29	10
17695	10	22	19
17696	0	6	4
17697	0	33	9
17698	34	13	18
17699	25	13	33
17700	11	14	3
17701	10	28	5
17702	13	24	26
17703	17	22	33
17704	5	18	30
17705	15	21	16
17706	20	22	10
17707	8	15	31
17708	40	7	33
17709	40	26	13
17710	36	30	9
17711	26	11	4
17712	2	14	12
17713	1	31	12
17714	29	10	28
17715	17	31	32
17716	25	38	36
17717	25	27	4
17718	31	11	34
17719	32	36	3
17720	26	29	36
17721	11	28	34
17722	11	3	4
17723	2	26	15
17724	11	16	0
17725	28	17	27
17726	29	1	0
17727	28	16	7
17728	21	27	7
17729	25	20	35
17730	16	11	24
17731	35	16	22
17732	19	34	16
17733	36	7	16
17734	31	0	11
17735	8	15	18
17736	15	8	13
17737	19	18	5
17738	20	22	36
17739	37	6	20
17740	35	19	16
17741	1	10	24
17742	38	3	7
17743	14	2	1
17744	10	9	37
17745	30	35	7
17746	33	16	24
17747	19	4	33
17748	10	0	26
17749	16	27	3
17750	17	33	19
17751	32	26	6
17752	33	0	7
17753	29	3	6
17754	40	33	24
17755	2	5	13
17756	33	4	12
17757	6	7	18
17758	23	15	21
17759	37	5	25
17760	5	26	3
17761	20	27	19
17762	27	33	3
17763	40	31	19
17764	25	6	16
17765	26	3	38
17766	29	10	8
17767	21	11	30
17768	0	3	38
17769	16	23	9
17770	16	26	29
17771	10	13	8
17772	3	36	39
17773	9	14	23
17774	38	10	4
17775	18	13	19
17776	7	35	0
17777	37	11	32
17778	3	26	29
17779	25	38	22
17780	35	4	19
17781	17	5	10
17782	7	13	33
17783	13	36	2
17784	35	36	19
17785	16	32	0
17786	24	6	32
17787	23	13	33
17788	17	2	15
17789	22	15	4
17790	25	13	1
17791	18	3	19
17792	36	11	1
17793	27	12	6
17794	24	36	40
17795	27	16	23
17796	32	38	33
17797	18	26	32
17798	6	26	33
17799	12	5	26
17800	34	20	10
17801	18	15	35
17802	9	33	11
17803	21	3	8
17804	31	16	0
17805	16	3	19
17806	5	4	3
17807	1	13	28
17808	4	29	8
17809	39	3	37
17810	18	15	27
17811	18	37	29
17812	16	11	31
17813	14	24	26
17814	40	2	19
17815	36	24	18
17816	2	25	8
17817	10	28	32
17818	40	17	39
17819	27	35	4
17820	38	40	18
17821	15	1	19
17822	15	1	37
17823	21	1	17
17824	7	32	30
17825	32	28	11
17826	19	8	5
17827	32	30	39
17828	36	2	20
17829	37	29	14
17830	20	10	32
17831	32	22	35
17832	21	30	12
17833	1	25	33
17834	9	12	24
17835	39	20	13
17836	31	12	23
17837	24	31	18
17838	26	14	15
17839	27	6	31
17840	24	33	19
17841	16	27	8
17842	12	24	38
17843	19	25	2
17844	3	8	15
17845	38	11	32
17846	33	22	8
17847	11	40	26
17848	5	23	16
17849	4	22	8
17850	39	35	13
17851	20	31	28
17852	19	0	8
17853	32	24	12
17854	15	3	21
17855	34	13	30
17856	32	23	21
17857	10	1	14
17858	10	31	27
17859	2	15	4
17860	31	24	35
17861	8	3	10
17862	6	20	40
17863	35	29	21
17864	9	39	15
17865	31	25	7
17866	21	0	33
17867	17	27	22
17868	27	35	22
17869	18	5	6
17870	18	23	29
17871	32	20	28
17872	3	14	17
17873	24	36	29
17874	30	7	0
17875	19	16	28
17876	24	23	3
17877	14	19	12
17878	13	39	16
17879	36	1	27
17880	38	5	15
17881	27	13	24
17882	40	16	22
17883	8	13	36
17884	28	38	5
17885	6	20	4
17886	32	17	24
17887	37	36	39
17888	31	16	21
17889	10	15	0
17890	37	20	12
17891	33	7	27
17892	30	8	16
17893	37	9	34
17894	21	38	35
17895	14	11	18
17896	25	16	0
17897	3	1	9
17898	0	29	8
17899	20	25	5
17900	26	35	14
17901	3	32	10
17902	30	9	23
17903	1	38	22
17904	20	10	18
17905	40	22	17
17906	37	6	40
17907	4	18	25
17908	23	32	11
17909	23	9	22
17910	8	1	23
17911	29	15	4
17912	19	0	3
17913	22	16	26
17914	6	36	8
17915	29	37	10
17916	16	36	12
17917	37	9	4
17918	11	13	37
17919	4	30	17
17920	3	18	8
17921	33	17	36
17922	28	19	23
17923	5	1	29
17924	38	2	3
17925	25	36	3
17926	2	13	20
17927	17	14	1
17928	9	39	31
17929	9	13	24
17930	32	15	24
17931	31	14	38
17932	21	35	18
17933	17	19	32
17934	33	8	29
17935	32	36	24
17936	31	4	6
17937	40	20	19
17938	23	18	24
17939	8	34	18
17940	10	18	14
17941	3	16	25
17942	35	15	20
17943	39	13	3
17944	26	37	36
17945	40	1	6
17946	3	2	4
17947	27	31	9
17948	16	22	20
17949	24	38	20
17950	18	19	32
17951	14	25	24
17952	32	39	37
17953	32	11	23
17954	10	17	39
17955	17	11	1
17956	24	4	2
17957	36	38	0
17958	27	20	32
17959	23	5	38
17960	36	23	12
17961	34	1	39
17962	1	23	5
17963	22	36	40
17964	18	16	4
17965	32	36	35
17966	2	8	3
17967	36	29	6
17968	13	7	31
17969	37	28	5
17970	1	19	25
17971	14	13	29
17972	32	5	39
17973	39	9	1
17974	30	12	15
17975	26	5	34
17976	0	24	3
17977	14	30	23
17978	22	31	8
17979	17	27	33
17980	29	10	38
17981	2	18	28
17982	3	5	34
17983	8	29	3
17984	37	8	2
17985	36	29	5
17986	34	28	9
17987	12	28	9
17988	39	38	23
17989	17	23	39
17990	24	21	33
17991	32	25	22
17992	15	32	21
17993	22	26	6
17994	32	11	34
17995	14	25	27
17996	35	36	16
17997	33	23	38
17998	16	15	7
17999	40	39	11
18000	0	22	26
18001	27	28	31
18002	2	25	31
18003	14	21	28
18004	25	37	39
18005	40	31	24
18006	32	13	30
18007	28	36	19
18008	4	32	31
18009	30	28	24
18010	6	14	2
18011	17	9	1
18012	22	14	32
18013	15	3	4
18014	2	21	30
18015	33	22	20
18016	38	11	25
18017	20	1	36
18018	29	9	26
18019	23	35	25
18020	5	4	37
18021	9	37	27
18022	22	10	34
18023	39	24	12
18024	15	37	10
18025	9	3	6
18026	3	6	14
18027	38	26	10
18028	24	23	19
18029	34	11	9
18030	38	29	24
18031	9	6	19
18032	36	19	23
18033	36	16	31
18034	28	15	13
18035	19	8	10
18036	24	28	38
18037	1	27	36
18038	30	1	23
18039	18	23	9
18040	15	21	7
18041	24	16	37
18042	34	8	4
18043	31	8	7
18044	12	5	15
18045	8	22	26
18046	31	35	21
18047	1	23	28
18048	39	35	14
18049	37	17	0
18050	5	23	29
18051	9	23	5
18052	20	14	31
18053	33	39	36
18054	27	32	0
18055	18	4	28
18056	32	30	6
18057	4	29	37
18058	4	28	20
18059	10	16	2
18060	4	31	14
18061	10	16	15
18062	0	29	19
18063	26	12	15
18064	6	9	10
18065	5	17	22
18066	29	19	18
18067	15	40	14
18068	4	7	5
18069	24	14	26
18070	0	18	29
18071	8	35	0
18072	34	27	31
18073	2	1	36
18074	26	37	12
18075	40	23	10
18076	8	7	32
18077	1	32	0
18078	21	14	23
18079	18	4	33
18080	15	20	23
18081	14	26	39
18082	11	10	6
18083	11	20	39
18084	16	18	14
18085	38	37	18
18086	35	31	19
18087	16	4	6
18088	32	40	16
18089	28	12	40
18090	17	13	21
18091	10	14	29
18092	35	29	38
18093	30	35	24
18094	26	39	17
18095	13	2	3
18096	16	22	24
18097	18	25	17
18098	28	21	19
18099	4	22	5
18100	36	19	17
18101	30	10	36
18102	25	28	27
18103	20	16	34
18104	23	2	20
18105	19	10	1
18106	17	27	30
18107	27	2	7
18108	0	27	14
18109	5	28	8
18110	31	20	8
18111	19	10	14
18112	27	31	3
18113	18	22	27
18114	16	23	38
18115	1	37	8
18116	29	40	2
18117	15	37	0
18118	2	23	33
18119	26	38	4
18120	21	28	30
18121	18	19	31
18122	9	6	2
18123	5	10	19
18124	9	31	3
18125	0	39	25
18126	38	22	12
18127	30	19	38
18128	27	30	10
18129	36	14	40
18130	7	15	37
18131	17	19	39
18132	11	39	21
18133	21	14	11
18134	21	40	35
18135	22	8	4
18136	15	30	34
18137	14	26	1
18138	4	20	8
18139	20	5	11
18140	25	5	28
18141	27	4	2
18142	11	6	38
18143	36	21	18
18144	31	8	25
18145	40	30	3
18146	18	0	27
18147	9	2	36
18148	10	22	35
18149	35	3	39
18150	37	29	23
18151	30	6	28
18152	13	35	10
18153	37	26	29
18154	27	38	34
18155	31	2	4
18156	14	19	21
18157	32	7	28
18158	1	10	37
18159	1	19	35
18160	34	12	24
18161	18	0	1
18162	31	15	9
18163	18	38	13
18164	21	12	16
18165	39	5	6
18166	26	4	5
18167	4	0	19
18168	30	1	25
18169	0	40	36
18170	6	13	25
18171	35	6	19
18172	24	5	1
18173	15	29	21
18174	25	32	27
18175	15	1	30
18176	9	7	16
18177	40	31	12
18178	5	37	31
18179	15	31	29
18180	0	25	29
18181	20	24	29
18182	11	3	14
18183	30	1	37
18184	8	20	37
18185	23	2	7
18186	16	23	34
18187	33	29	5
18188	35	15	39
18189	39	33	19
18190	8	9	29
18191	22	2	9
18192	12	25	11
18193	10	24	19
18194	24	40	14
18195	23	11	40
18196	31	1	25
18197	17	20	0
18198	32	29	37
18199	18	3	10
18200	14	10	9
18201	30	24	18
18202	21	40	31
18203	14	2	28
18204	32	16	26
18205	26	8	22
18206	15	26	38
18207	36	14	17
18208	4	14	21
18209	6	12	28
18210	25	26	1
18211	19	30	9
18212	9	39	1
18213	18	23	6
18214	35	29	31
18215	16	3	25
18216	4	27	35
18217	37	2	3
18218	7	33	6
18219	11	36	3
18220	38	2	14
18221	17	28	37
18222	13	22	20
18223	8	6	1
18224	23	40	32
18225	2	37	18
18226	24	27	6
18227	4	13	33
18228	3	30	19
18229	12	1	28
18230	6	22	29
18231	27	40	2
18232	1	38	40
18233	5	16	39
18234	21	9	36
18235	15	26	20
18236	1	9	34
18237	40	27	29
18238	31	8	13
18239	13	30	11
18240	24	22	32
18241	29	0	15
18242	23	5	18
18243	24	19	8
18244	24	0	38
18245	27	18	26
18246	23	4	12
18247	40	5	21
18248	0	20	5
18249	3	19	21
18250	31	24	13
18251	25	36	38
18252	38	29	8
18253	35	15	37
18254	8	0	18
18255	36	5	35
18256	25	26	31
18257	16	4	37
18258	5	14	36
18259	12	31	28
18260	5	18	14
18261	28	0	1
18262	18	34	30
18263	14	11	16
18264	38	22	11
18265	16	29	9
18266	5	32	26
18267	40	9	1
18268	25	4	6
18269	29	33	5
18270	26	8	14
18271	11	35	25
18272	9	39	24
18273	28	18	40
18274	12	40	4
18275	33	26	8
18276	32	30	28
18277	22	15	35
18278	40	14	34
18279	20	10	33
18280	10	13	1
18281	17	3	29
18282	23	1	15
18283	25	9	37
18284	22	11	3
18285	1	11	26
18286	6	4	15
18287	23	32	19
18288	12	30	8
18289	20	18	24
18290	34	6	36
18291	33	29	15
18292	26	31	15
18293	16	18	20
18294	1	19	11
18295	10	21	37
18296	4	28	6
18297	9	27	28
18298	3	17	22
18299	8	13	22
18300	36	40	9
18301	0	37	17
18302	9	8	20
18303	28	35	32
18304	10	39	19
18305	28	8	12
18306	17	14	9
18307	38	4	24
18308	11	3	4
18309	19	5	14
18310	39	17	27
18311	20	24	5
18312	12	20	39
18313	18	33	20
18314	1	17	14
18315	14	21	37
18316	17	29	33
18317	7	29	19
18318	7	39	33
18319	30	29	18
18320	22	3	32
18321	17	25	23
18322	2	25	7
18323	12	13	30
18324	12	33	5
18325	6	37	32
18326	17	27	33
18327	5	30	11
18328	40	31	25
18329	16	7	5
18330	18	31	6
18331	33	27	15
18332	23	0	25
18333	17	27	28
18334	3	12	39
18335	33	17	25
18336	4	0	10
18337	19	9	18
18338	8	22	36
18339	6	25	14
18340	32	24	11
18341	26	11	1
18342	39	6	9
18343	11	23	36
18344	17	1	37
18345	0	30	25
18346	27	11	17
18347	21	30	7
18348	2	37	4
18349	37	28	25
18350	33	19	38
18351	4	8	34
18352	25	27	33
18353	38	29	0
18354	40	20	10
18355	15	27	40
18356	34	9	23
18357	8	32	34
18358	11	39	6
18359	18	21	22
18360	16	28	36
18361	13	11	28
18362	23	24	35
18363	2	7	27
18364	19	15	29
18365	33	37	32
18366	9	8	22
18367	39	33	31
18368	18	20	38
18369	28	5	32
18370	11	24	16
18371	40	35	9
18372	10	7	8
18373	11	15	1
18374	0	31	34
18375	6	40	2
18376	19	4	26
18377	10	21	19
18378	40	39	21
18379	13	27	15
18380	26	40	34
18381	5	4	30
18382	26	32	8
18383	19	7	14
18384	7	33	30
18385	6	24	9
18386	33	24	40
18387	37	11	10
18388	1	2	6
18389	30	31	15
18390	29	35	23
18391	26	33	35
18392	28	5	0
18393	28	4	14
18394	9	23	27
18395	26	6	24
18396	4	6	31
18397	37	22	35
18398	14	8	39
18399	2	18	33
18400	18	29	5
18401	28	5	18
18402	9	16	32
18403	30	5	25
18404	6	3	16
18405	5	17	24
18406	32	29	15
18407	30	33	35
18408	3	32	27
18409	19	0	2
18410	13	26	28
18411	21	37	6
18412	29	19	38
18413	28	31	8
18414	20	2	21
18415	8	24	37
18416	35	37	27
18417	27	14	25
18418	30	31	39
18419	9	30	31
18420	1	5	40
18421	40	28	25
18422	28	12	23
18423	10	25	7
18424	13	40	2
18425	15	6	13
18426	0	32	4
18427	6	32	5
18428	4	21	27
18429	29	18	21
18430	34	25	14
18431	38	2	14
18432	24	26	1
18433	9	18	0
18434	1	3	19
18435	35	21	20
18436	0	30	9
18437	11	19	7
18438	17	34	38
18439	20	23	10
18440	23	3	15
18441	0	27	23
18442	2	6	31
18443	5	40	17
18444	21	7	5
18445	34	2	38
18446	27	23	6
18447	18	20	24
18448	30	0	37
18449	40	33	8
18450	6	14	24
18451	13	16	31
18452	33	9	22
18453	20	40	34
18454	22	10	2
18455	5	23	27
18456	25	39	34
18457	11	22	6
18458	20	11	28
18459	18	19	38
18460	21	37	19
18461	29	18	17
18462	26	4	32
18463	34	11	29
18464	20	13	38
18465	40	12	9
18466	11	34	3
18467	4	15	17
18468	33	22	14
18469	16	39	8
18470	30	17	37
18471	33	8	25
18472	26	34	2
18473	19	21	2
18474	19	29	32
18475	39	35	22
18476	28	23	38
18477	22	4	31
18478	12	7	33
18479	15	28	40
18480	40	12	22
18481	19	30	1
18482	12	18	32
18483	26	24	7
18484	21	18	30
18485	13	15	17
18486	15	4	33
18487	25	40	11
18488	6	32	39
18489	26	3	29
18490	33	15	39
18491	15	39	34
18492	29	31	40
18493	29	30	39
18494	17	18	38
18495	35	26	15
18496	27	35	38
18497	7	39	35
18498	19	18	31
18499	8	12	16
18500	29	17	31
18501	19	32	16
18502	27	30	40
18503	24	13	23
18504	9	36	21
18505	33	22	6
18506	4	23	25
18507	32	1	3
18508	21	9	31
18509	13	16	15
18510	27	12	11
18511	0	6	29
18512	8	9	3
18513	5	19	6
18514	2	32	30
18515	28	16	7
18516	23	38	6
18517	31	12	4
18518	32	37	20
18519	25	37	22
18520	24	37	23
18521	27	2	10
18522	16	29	5
18523	2	24	39
18524	20	13	32
18525	18	21	23
18526	23	34	3
18527	29	28	11
18528	11	35	1
18529	30	40	12
18530	0	2	22
18531	20	14	5
18532	17	25	28
18533	17	33	21
18534	24	26	25
18535	9	22	5
18536	27	12	36
18537	21	20	3
18538	3	22	12
18539	20	2	37
18540	17	32	10
18541	5	33	7
18542	39	25	8
18543	39	6	9
18544	12	18	1
18545	13	33	8
18546	26	10	38
18547	15	1	27
18548	16	10	29
18549	6	24	31
18550	29	25	30
18551	6	17	33
18552	15	12	25
18553	21	1	38
18554	22	32	37
18555	3	18	33
18556	20	2	34
18557	9	20	29
18558	15	20	2
18559	40	3	30
18560	35	10	12
18561	38	29	3
18562	15	14	18
18563	11	15	9
18564	14	18	20
18565	12	27	28
18566	9	33	16
18567	15	19	20
18568	31	27	22
18569	2	6	34
18570	17	36	8
18571	8	33	9
18572	19	3	6
18573	15	23	25
18574	28	6	27
18575	3	28	35
18576	20	34	4
18577	0	32	7
18578	1	9	11
18579	23	17	33
18580	10	40	26
18581	13	15	34
18582	37	9	2
18583	1	0	16
18584	25	7	5
18585	22	21	33
18586	32	27	16
18587	7	36	18
18588	38	22	18
18589	21	35	16
18590	8	23	32
18591	3	1	32
18592	27	19	12
18593	40	9	30
18594	35	20	38
18595	20	22	24
18596	18	40	20
18597	37	16	19
18598	37	15	0
18599	13	20	32
18600	22	13	24
18601	0	23	38
18602	40	11	35
18603	4	28	37
18604	23	38	4
18605	5	7	17
18606	30	17	0
18607	20	38	21
18608	20	31	23
18609	22	30	5
18610	14	15	23
18611	30	5	8
18612	26	20	37
18613	21	24	17
18614	18	27	20
18615	20	28	34
18616	26	21	15
18617	5	31	24
18618	38	21	9
18619	26	35	4
18620	14	2	16
18621	10	19	11
18622	31	6	20
18623	7	25	29
18624	40	21	9
18625	34	36	6
18626	27	18	21
18627	3	9	25
18628	2	5	14
18629	33	26	17
18630	8	2	15
18631	29	2	3
18632	24	40	5
18633	23	24	34
18634	25	27	14
18635	30	1	36
18636	20	6	30
18637	1	32	7
18638	31	39	7
18639	10	33	9
18640	37	30	18
18641	33	16	37
18642	13	14	11
18643	17	29	26
18644	40	38	0
18645	0	5	11
18646	40	23	27
18647	15	19	25
18648	22	0	32
18649	30	22	11
18650	29	15	17
18651	14	0	34
18652	21	29	12
18653	36	19	32
18654	8	36	39
18655	2	14	10
18656	16	31	1
18657	27	25	8
18658	14	15	8
18659	18	39	1
18660	14	35	15
18661	28	7	5
18662	33	11	23
18663	40	21	16
18664	23	10	6
18665	31	5	16
18666	11	1	16
18667	1	14	7
18668	28	0	5
18669	6	28	8
18670	35	32	30
18671	30	0	11
18672	28	12	19
18673	6	36	16
18674	6	31	19
18675	35	40	11
18676	10	5	36
18677	33	39	28
18678	35	21	9
18679	8	27	39
18680	26	36	17
18681	28	26	34
18682	22	9	32
18683	22	5	38
18684	19	10	6
18685	22	20	33
18686	13	8	5
18687	9	26	18
18688	5	9	3
18689	6	9	22
18690	39	18	12
18691	24	39	29
18692	4	18	24
18693	18	3	33
18694	28	19	39
18695	13	37	0
18696	0	33	12
18697	4	31	11
18698	1	31	15
18699	6	26	17
18700	34	4	40
18701	12	36	35
18702	15	22	36
18703	29	6	20
18704	25	7	34
18705	27	18	21
18706	38	18	12
18707	25	21	39
18708	27	8	36
18709	10	26	35
18710	8	2	3
18711	11	27	5
18712	29	34	36
18713	40	23	24
18714	8	34	26
18715	33	17	5
18716	7	8	23
18717	7	18	25
18718	30	22	19
18719	20	11	7
18720	6	34	11
18721	26	13	2
18722	22	2	38
18723	31	1	24
18724	39	22	20
18725	24	17	12
18726	8	28	0
18727	39	2	11
18728	15	4	0
18729	40	19	15
18730	31	17	27
18731	21	22	6
18732	34	37	21
18733	15	27	28
18734	0	15	16
18735	22	8	32
18736	5	12	1
18737	33	30	29
18738	29	20	37
18739	38	34	5
18740	14	30	31
18741	33	4	30
18742	21	33	36
18743	10	27	23
18744	26	3	0
18745	37	0	14
18746	26	20	19
18747	24	25	9
18748	13	22	31
18749	8	21	7
18750	34	22	27
18751	18	17	26
18752	11	6	15
18753	31	21	16
18754	33	5	26
18755	4	27	10
18756	37	20	32
18757	14	4	35
18758	9	24	11
18759	26	21	32
18760	5	15	35
18761	30	8	28
18762	5	24	38
18763	1	13	38
18764	23	18	39
18765	8	28	34
18766	35	11	28
18767	31	8	20
18768	3	36	26
18769	17	7	40
18770	28	5	39
18771	3	0	14
18772	33	28	0
18773	24	11	36
18774	39	1	29
18775	30	10	28
18776	32	35	0
18777	30	20	5
18778	20	17	23
18779	29	10	35
18780	17	37	10
18781	26	24	14
18782	2	37	7
18783	8	4	17
18784	35	30	29
18785	34	7	22
18786	10	23	31
18787	14	36	10
18788	10	4	37
18789	13	25	4
18790	23	18	39
18791	38	0	24
18792	16	2	18
18793	17	3	11
18794	27	34	20
18795	23	17	0
18796	37	35	21
18797	17	15	22
18798	18	28	16
18799	1	16	11
18800	9	7	26
18801	0	18	10
18802	8	19	29
18803	8	31	23
18804	21	34	23
18805	9	13	30
18806	36	13	24
18807	2	24	31
18808	17	19	23
18809	21	24	6
18810	37	21	11
18811	27	22	6
18812	25	36	14
18813	36	37	25
18814	32	36	38
18815	23	18	26
18816	8	19	36
18817	29	40	10
18818	13	8	10
18819	10	16	23
18820	23	2	18
18821	27	1	20
18822	33	12	21
18823	33	34	4
18824	19	26	5
18825	26	23	35
18826	7	24	5
18827	13	36	39
18828	14	10	22
18829	19	27	21
18830	2	38	31
18831	8	12	5
18832	20	11	19
18833	17	2	11
18834	11	37	2
18835	30	28	31
18836	6	34	39
18837	32	9	15
18838	29	6	11
18839	33	26	4
18840	22	11	36
18841	5	23	22
18842	15	13	38
18843	38	35	17
18844	6	11	13
18845	8	33	17
18846	18	39	0
18847	3	17	34
18848	15	6	35
18849	0	5	20
18850	31	3	14
18851	23	16	32
18852	40	33	3
18853	21	18	4
18854	31	32	17
18855	23	38	26
18856	23	37	18
18857	36	40	12
18858	10	12	34
18859	23	28	34
18860	22	38	3
18861	20	26	17
18862	23	22	0
18863	2	6	5
18864	21	22	25
18865	34	35	12
18866	17	28	11
18867	15	9	27
18868	17	8	36
18869	24	13	23
18870	24	28	39
18871	1	6	22
18872	22	34	19
18873	3	32	39
18874	27	35	24
18875	32	6	40
18876	39	26	22
18877	9	33	25
18878	35	2	4
18879	9	12	21
18880	35	32	37
18881	20	18	27
18882	14	13	38
18883	14	28	20
18884	23	18	1
18885	37	8	2
18886	9	31	27
18887	21	35	6
18888	4	9	13
18889	3	2	6
18890	38	28	8
18891	16	40	9
18892	21	38	22
18893	8	3	40
18894	30	12	1
18895	29	13	27
18896	20	19	21
18897	12	14	28
18898	17	8	22
18899	35	0	24
18900	18	19	25
18901	11	1	27
18902	19	14	33
18903	10	40	36
18904	1	13	39
18905	39	30	10
18906	2	4	11
18907	11	34	7
18908	26	2	29
18909	26	17	29
18910	14	20	32
18911	33	38	7
18912	24	31	1
18913	12	8	14
18914	16	28	14
18915	15	27	0
18916	40	22	8
18917	12	4	28
18918	21	38	31
18919	26	18	5
18920	40	31	35
18921	1	34	37
18922	5	9	22
18923	39	28	0
18924	34	3	19
18925	32	11	9
18926	17	37	19
18927	38	12	3
18928	40	26	24
18929	2	23	21
18930	27	9	39
18931	14	13	15
18932	5	34	28
18933	6	33	35
18934	18	37	29
18935	36	21	38
18936	1	2	12
18937	15	0	30
18938	36	17	18
18939	23	12	4
18940	37	2	11
18941	8	33	9
18942	29	9	21
18943	16	35	19
18944	13	26	21
18945	34	35	15
18946	30	39	1
18947	16	2	29
18948	8	26	35
18949	22	31	16
18950	17	18	19
18951	17	8	18
18952	35	21	30
18953	0	22	7
18954	29	37	6
18955	36	8	6
18956	35	6	11
18957	29	22	5
18958	31	39	28
18959	19	1	8
18960	34	0	15
18961	7	0	14
18962	8	23	21
18963	6	22	34
18964	39	3	25
18965	17	29	8
18966	4	39	23
18967	9	3	19
18968	40	5	28
18969	3	5	27
18970	30	14	17
18971	0	20	10
18972	8	39	35
18973	16	7	4
18974	1	8	28
18975	24	3	35
18976	37	31	40
18977	30	4	22
18978	24	10	33
18979	8	30	9
18980	29	3	18
18981	18	36	17
18982	23	12	11
18983	38	6	34
18984	20	14	0
18985	21	34	31
18986	1	11	26
18987	4	0	13
18988	8	11	32
18989	1	6	11
18990	40	9	3
18991	14	35	34
18992	11	32	23
18993	37	6	16
18994	40	21	16
18995	4	12	21
18996	6	8	29
18997	8	36	18
18998	5	14	30
18999	11	29	37
19000	12	35	20
19001	36	0	31
19002	36	6	11
19003	40	17	18
19004	10	40	28
19005	28	22	17
19006	24	27	12
19007	18	22	14
19008	29	36	5
19009	22	6	3
19010	24	26	14
19011	22	28	37
19012	23	0	39
19013	38	11	1
19014	36	9	23
19015	0	21	40
19016	2	17	32
19017	4	29	23
19018	25	37	20
19019	28	15	14
19020	3	32	7
19021	14	23	24
19022	23	1	5
19023	37	39	31
19024	33	36	16
19025	5	15	20
19026	9	36	14
19027	6	14	0
19028	18	11	40
19029	33	2	35
19030	2	11	27
19031	36	6	3
19032	30	34	18
19033	21	14	15
19034	13	37	22
19035	4	11	25
19036	19	33	27
19037	33	22	9
19038	21	28	18
19039	37	6	40
19040	12	24	20
19041	14	6	33
19042	33	27	39
19043	38	3	30
19044	33	24	10
19045	33	40	18
19046	2	35	31
19047	25	18	15
19048	19	33	14
19049	35	4	1
19050	26	33	4
19051	36	9	17
19052	6	37	19
19053	35	10	14
19054	10	39	37
19055	28	5	8
19056	0	11	7
19057	2	23	24
19058	17	10	13
19059	11	40	26
19060	36	9	38
19061	35	0	27
19062	40	27	9
19063	30	1	14
19064	31	29	37
19065	21	3	34
19066	19	22	18
19067	12	17	15
19068	32	1	35
19069	30	10	6
19070	38	8	37
19071	22	8	17
19072	18	33	37
19073	6	23	19
19074	20	32	36
19075	28	40	25
19076	25	27	5
19077	21	10	5
19078	7	31	24
19079	16	37	24
19080	7	21	34
19081	37	8	7
19082	6	16	30
19083	13	38	21
19084	6	27	15
19085	24	6	0
19086	17	13	33
19087	12	10	13
19088	19	11	31
19089	3	36	14
19090	38	13	25
19091	12	8	35
19092	21	16	30
19093	18	2	10
19094	30	6	16
19095	28	17	6
19096	26	19	37
19097	31	33	30
19098	19	5	27
19099	33	20	31
19100	19	15	32
19101	30	10	25
19102	22	31	2
19103	24	38	19
19104	1	9	23
19105	25	23	2
19106	1	40	18
19107	1	38	2
19108	31	37	21
19109	33	22	36
19110	36	6	37
19111	11	12	27
19112	33	3	39
19113	18	24	30
19114	0	28	12
19115	13	37	16
19116	25	30	7
19117	23	29	32
19118	12	35	25
19119	27	36	39
19120	19	35	9
19121	2	0	33
19122	24	38	3
19123	13	0	26
19124	39	32	5
19125	16	15	26
19126	35	32	5
19127	33	27	24
19128	23	31	9
19129	20	35	18
19130	28	13	24
19131	14	24	29
19132	8	7	39
19133	34	22	14
19134	40	3	14
19135	35	26	23
19136	22	3	32
19137	30	2	33
19138	16	12	40
19139	0	29	23
19140	28	39	4
19141	1	26	0
19142	34	23	8
19143	16	9	19
19144	0	37	32
19145	39	7	27
19146	37	36	29
19147	33	6	22
19148	25	20	39
19149	26	20	16
19150	26	38	27
19151	17	32	38
19152	23	33	6
19153	4	34	37
19154	14	23	13
19155	3	17	6
19156	14	6	37
19157	33	36	9
19158	30	17	39
19159	35	25	28
19160	18	20	16
19161	33	19	17
19162	5	37	10
19163	32	24	34
19164	16	24	18
19165	11	27	20
19166	23	32	3
19167	4	11	18
19168	21	31	15
19169	15	1	32
19170	4	0	29
19171	6	28	33
19172	14	3	5
19173	27	21	8
19174	13	38	27
19175	12	19	11
19176	4	7	10
19177	5	33	17
19178	18	11	5
19179	18	11	32
19180	7	14	20
19181	13	31	6
19182	31	6	26
19183	24	21	29
19184	5	3	12
19185	10	8	37
19186	4	34	32
19187	34	33	5
19188	23	18	16
19189	2	33	11
19190	36	6	16
19191	2	15	3
19192	37	21	6
19193	28	9	26
19194	34	32	30
19195	30	16	35
19196	6	29	22
19197	31	35	6
19198	13	38	9
19199	25	5	30
19200	0	7	19
19201	40	35	18
19202	38	36	7
19203	35	8	38
19204	8	31	7
19205	28	39	5
19206	20	37	29
19207	18	6	36
19208	10	8	22
19209	36	40	30
19210	29	15	34
19211	7	3	38
19212	12	37	40
19213	18	7	9
19214	17	35	6
19215	1	33	23
19216	22	0	15
19217	7	6	10
19218	4	18	5
19219	37	3	25
19220	8	37	27
19221	21	27	24
19222	12	2	21
19223	21	12	4
19224	37	3	35
19225	37	4	11
19226	25	36	35
19227	8	21	4
19228	23	39	13
19229	16	8	24
19230	20	35	6
19231	2	35	18
19232	29	7	28
19233	3	21	18
19234	12	20	16
19235	35	29	38
19236	28	0	39
19237	29	32	3
19238	31	4	11
19239	33	22	14
19240	18	26	40
19241	22	29	3
19242	37	11	8
19243	20	4	10
19244	24	31	0
19245	33	15	40
19246	30	29	36
19247	18	21	14
19248	29	26	40
19249	35	37	2
19250	17	11	33
19251	32	34	0
19252	15	30	10
19253	12	0	27
19254	4	26	6
19255	23	3	1
19256	36	35	27
19257	23	31	16
19258	18	37	19
19259	32	38	3
19260	26	27	33
19261	10	20	38
19262	14	28	25
19263	38	26	40
19264	36	32	21
19265	6	37	26
19266	7	32	11
19267	9	29	16
19268	40	24	21
19269	3	0	9
19270	21	14	0
19271	39	0	33
19272	25	8	29
19273	26	39	19
19274	16	13	36
19275	16	38	0
19276	19	24	40
19277	10	28	18
19278	13	17	9
19279	30	28	13
19280	36	15	35
19281	3	8	22
19282	22	25	37
19283	25	14	6
19284	27	6	23
19285	16	11	32
19286	25	3	8
19287	19	40	9
19288	17	1	27
19289	23	18	39
19290	5	32	11
19291	28	34	12
19292	40	36	17
19293	18	23	32
19294	6	9	30
19295	22	18	10
19296	26	13	19
19297	10	19	39
19298	31	10	7
19299	29	23	11
19300	38	34	27
19301	4	31	38
19302	36	21	18
19303	6	7	24
19304	26	30	25
19305	1	23	10
19306	30	14	39
19307	7	6	3
19308	19	21	31
19309	39	14	34
19310	32	21	15
19311	24	37	7
19312	37	12	14
19313	12	4	18
19314	15	28	3
19315	14	1	20
19316	29	21	5
19317	31	36	35
19318	19	18	39
19319	40	17	13
19320	16	29	2
19321	33	6	20
19322	21	3	29
19323	37	16	20
19324	17	3	34
19325	30	3	0
19326	37	24	5
19327	34	30	28
19328	26	1	17
19329	27	39	21
19330	11	13	36
19331	21	2	5
19332	26	27	23
19333	21	10	1
19334	34	9	15
19335	16	11	6
19336	30	15	17
19337	10	22	33
19338	25	22	24
19339	21	26	30
19340	13	29	39
19341	37	24	5
19342	19	35	12
19343	7	1	20
19344	0	17	3
19345	0	24	1
19346	18	25	15
19347	21	30	22
19348	34	27	16
19349	23	22	9
19350	32	20	9
19351	17	9	19
19352	37	2	4
19353	22	7	32
19354	32	31	10
19355	16	37	5
19356	35	13	24
19357	13	10	36
19358	11	22	7
19359	14	37	16
19360	16	0	5
19361	18	30	28
19362	36	37	27
19363	0	37	38
19364	19	33	20
19365	14	37	29
19366	14	22	26
19367	5	26	10
19368	13	34	40
19369	29	35	11
19370	15	39	12
19371	1	9	27
19372	10	26	5
19373	2	23	36
19374	2	0	39
19375	24	27	12
19376	9	4	17
19377	10	40	33
19378	0	10	31
19379	39	23	33
19380	33	21	4
19381	14	0	12
19382	14	15	18
19383	27	21	1
19384	28	31	18
19385	20	12	21
19386	4	7	21
19387	25	38	32
19388	26	15	35
19389	38	23	36
19390	33	11	12
19391	30	20	18
19392	32	33	16
19393	9	10	11
19394	15	21	28
19395	19	3	31
19396	22	38	17
19397	34	22	3
19398	28	23	37
19399	20	17	9
19400	20	33	14
19401	12	0	3
19402	3	20	10
19403	39	4	28
19404	18	16	14
19405	7	35	36
19406	32	37	5
19407	1	31	13
19408	4	3	28
19409	34	32	0
19410	22	18	27
19411	5	6	23
19412	24	22	12
19413	28	1	30
19414	15	11	21
19415	33	32	7
19416	38	18	39
19417	7	25	22
19418	28	27	37
19419	14	38	11
19420	37	0	15
19421	35	38	32
19422	19	28	9
19423	0	27	28
19424	34	2	21
19425	17	16	3
19426	1	5	17
19427	11	27	0
19428	8	36	17
19429	34	5	39
19430	25	13	9
19431	35	21	18
19432	21	24	39
19433	30	5	27
19434	37	3	1
19435	19	20	17
19436	40	13	39
19437	16	21	5
19438	25	22	15
19439	2	15	22
19440	11	24	25
19441	17	30	20
19442	4	10	30
19443	15	3	18
19444	2	32	16
19445	0	15	5
19446	16	14	7
19447	33	30	26
19448	3	26	37
19449	9	35	29
19450	11	17	40
19451	12	4	8
19452	7	0	27
19453	13	16	30
19454	39	15	28
19455	23	31	24
19456	8	22	35
19457	5	21	17
19458	12	10	26
19459	36	14	22
19460	23	17	36
19461	38	20	28
19462	29	30	39
19463	22	30	5
19464	20	3	29
19465	21	31	36
19466	37	35	2
19467	38	35	19
19468	24	17	29
19469	9	27	25
19470	17	33	1
19471	26	38	3
19472	7	2	35
19473	21	13	6
19474	24	2	31
19475	32	26	22
19476	16	38	34
19477	13	21	31
19478	5	28	35
19479	20	38	39
19480	14	40	4
19481	8	34	7
19482	10	19	35
19483	36	5	24
19484	24	3	9
19485	25	33	37
19486	0	31	23
19487	10	30	24
19488	22	1	20
19489	30	23	6
19490	39	15	20
19491	34	10	24
19492	36	32	13
19493	1	2	12
19494	11	25	18
19495	29	25	14
19496	36	38	37
19497	21	18	2
19498	28	5	10
19499	33	35	0
19500	28	4	17
19501	31	34	36
19502	19	29	7
19503	5	15	33
19504	27	33	26
19505	25	5	37
19506	40	2	13
19507	16	9	31
19508	23	28	19
19509	31	4	5
19510	32	4	3
19511	22	13	21
19512	1	3	36
19513	40	25	18
19514	31	17	33
19515	36	7	31
19516	17	27	37
19517	4	8	39
19518	16	39	35
19519	23	33	8
19520	0	24	19
19521	8	5	16
19522	13	10	7
19523	8	6	5
19524	4	24	9
19525	29	17	35
19526	3	5	11
19527	19	9	8
19528	20	14	24
19529	8	32	0
19530	38	29	27
19531	0	12	7
19532	5	33	3
19533	33	37	6
19534	24	27	9
19535	10	26	25
19536	13	3	7
19537	33	29	19
19538	3	31	26
19539	13	37	39
19540	27	40	6
19541	8	15	14
19542	5	33	18
19543	35	17	15
19544	37	5	15
19545	25	30	15
19546	6	13	23
19547	18	27	4
19548	3	37	9
19549	26	17	29
19550	39	5	7
19551	34	39	0
19552	12	32	16
19553	38	30	29
19554	5	3	36
19555	33	36	19
19556	22	35	8
19557	20	23	8
19558	21	35	9
19559	27	9	5
19560	28	32	4
19561	23	6	10
19562	29	32	16
19563	12	15	25
19564	1	8	5
19565	32	1	33
19566	20	10	17
19567	23	9	33
19568	40	7	24
19569	21	33	28
19570	12	7	25
19571	36	2	8
19572	6	21	40
19573	19	25	38
19574	38	5	34
19575	8	29	1
19576	37	6	10
19577	13	31	38
19578	15	7	30
19579	40	22	30
19580	18	19	27
19581	7	28	23
19582	35	15	27
19583	29	26	12
19584	40	18	1
19585	36	32	17
19586	32	4	36
19587	13	28	14
19588	13	35	1
19589	10	14	6
19590	27	39	26
19591	29	31	40
19592	20	19	4
19593	34	13	19
19594	19	6	36
19595	32	18	31
19596	1	19	37
19597	29	12	17
19598	25	39	38
19599	4	12	27
19600	40	34	26
19601	36	17	20
19602	32	7	38
19603	6	0	8
19604	38	27	14
19605	26	13	29
19606	1	34	23
19607	0	5	38
19608	1	37	35
19609	7	35	8
19610	40	16	21
19611	15	12	9
19612	13	30	32
19613	38	40	2
19614	36	2	28
19615	24	39	40
19616	27	30	9
19617	1	27	30
19618	18	5	31
19619	6	2	3
19620	13	36	40
19621	39	29	7
19622	7	24	1
19623	25	31	36
19624	35	25	21
19625	2	12	40
19626	33	17	3
19627	1	37	0
19628	18	2	30
19629	20	37	30
19630	33	37	26
19631	14	23	9
19632	10	19	7
19633	27	36	24
19634	2	10	21
19635	1	26	4
19636	8	12	15
19637	10	1	3
19638	23	37	17
19639	3	22	2
19640	22	29	40
19641	34	4	12
19642	30	16	8
19643	25	5	32
19644	6	26	32
19645	30	17	34
19646	16	31	9
19647	10	8	25
19648	11	4	21
19649	34	30	8
19650	30	36	26
19651	10	16	31
19652	25	2	7
19653	10	4	28
19654	34	14	13
19655	32	8	14
19656	9	17	20
19657	38	10	16
19658	10	31	37
19659	28	16	23
19660	13	34	29
19661	39	34	6
19662	3	16	25
19663	18	21	11
19664	2	35	4
19665	37	34	16
19666	8	3	30
19667	3	28	11
19668	34	6	20
19669	6	26	21
19670	24	19	1
19671	34	35	7
19672	12	7	9
19673	13	40	11
19674	22	7	0
19675	11	13	17
19676	11	34	20
19677	11	37	9
19678	16	8	22
19679	35	6	2
19680	9	35	23
19681	7	23	17
19682	17	2	36
19683	33	17	30
19684	4	35	8
19685	23	40	33
19686	33	31	6
19687	35	37	21
19688	9	4	29
19689	26	25	19
19690	38	6	12
19691	31	12	30
19692	4	19	25
19693	35	7	30
19694	21	11	30
19695	15	26	2
19696	21	27	15
19697	25	29	24
19698	35	1	26
19699	21	6	20
19700	2	18	12
19701	6	40	21
19702	23	8	20
19703	29	32	8
19704	34	28	30
19705	28	27	20
19706	18	37	20
19707	24	3	35
19708	26	36	28
19709	19	17	0
19710	31	26	17
19711	7	2	19
19712	20	28	24
19713	25	0	23
19714	34	24	6
19715	18	7	33
19716	5	29	8
19717	6	36	11
19718	34	5	8
19719	27	14	29
19720	30	35	8
19721	10	32	24
19722	6	38	5
19723	28	18	6
19724	10	13	5
19725	7	14	36
19726	3	7	4
19727	0	38	7
19728	40	18	0
19729	32	34	0
19730	23	4	40
19731	34	15	30
19732	27	14	21
19733	27	24	17
19734	25	26	0
19735	37	10	17
19736	35	5	8
19737	9	40	14
19738	16	21	14
19739	24	21	12
19740	40	35	0
19741	8	31	21
19742	25	31	36
19743	23	9	20
19744	8	13	20
19745	28	39	20
19746	24	13	0
19747	32	39	36
19748	39	6	18
19749	12	40	26
19750	34	5	23
19751	16	6	31
19752	27	31	4
19753	31	30	40
19754	17	9	18
19755	13	18	36
19756	19	22	10
19757	4	40	38
19758	29	38	39
19759	7	36	20
19760	30	17	32
19761	4	16	8
19762	35	25	2
19763	10	39	6
19764	20	29	33
19765	30	28	39
19766	26	37	36
19767	15	32	11
19768	18	10	17
19769	32	10	22
19770	22	14	32
19771	1	33	38
19772	35	10	18
19773	39	11	32
19774	37	14	26
19775	3	19	22
19776	19	33	31
19777	36	34	24
19778	23	17	1
19779	18	23	13
19780	15	11	19
19781	18	20	34
19782	24	6	1
19783	12	10	13
19784	30	18	17
19785	5	23	15
19786	27	29	22
19787	28	10	0
19788	17	36	38
19789	38	1	21
19790	37	10	13
19791	32	22	27
19792	8	18	36
19793	21	34	39
19794	6	36	22
19795	10	32	7
19796	6	34	1
19797	2	25	36
19798	10	19	13
19799	18	34	15
19800	19	14	1
19801	9	21	18
19802	16	0	9
19803	5	19	12
19804	19	24	22
19805	2	5	14
19806	28	0	30
19807	27	4	5
19808	19	37	7
19809	21	5	6
19810	15	5	16
19811	20	19	30
19812	7	3	20
19813	10	11	20
19814	28	30	16
19815	1	10	9
19816	14	31	10
19817	36	37	3
19818	18	39	25
19819	25	35	16
19820	3	15	35
19821	15	5	30
19822	33	38	20
19823	22	32	31
19824	7	23	27
19825	17	27	30
19826	8	40	10
19827	3	35	6
19828	20	39	36
19829	15	2	4
19830	2	39	18
19831	21	0	32
19832	9	37	5
19833	23	16	26
19834	26	8	6
19835	27	6	31
19836	13	5	31
19837	21	31	17
19838	28	23	13
19839	14	5	37
19840	23	37	14
19841	13	5	36
19842	28	35	2
19843	29	38	31
19844	39	23	20
19845	9	32	23
19846	4	34	19
19847	31	26	6
19848	5	23	15
19849	5	40	6
19850	32	16	13
19851	18	9	7
19852	37	34	8
19853	31	12	32
19854	26	37	1
19855	24	17	35
19856	36	8	15
19857	24	0	5
19858	22	28	6
19859	23	1	26
19860	11	40	35
19861	34	17	24
19862	22	29	5
19863	31	1	5
19864	11	33	39
19865	10	12	27
19866	36	3	26
19867	13	33	37
19868	3	21	9
19869	7	28	31
19870	0	26	28
19871	25	17	32
19872	7	22	18
19873	26	33	27
19874	35	23	19
19875	10	36	31
19876	39	22	31
19877	7	19	36
19878	3	29	4
19879	25	37	5
19880	36	1	11
19881	25	27	7
19882	23	12	33
19883	31	6	14
19884	3	31	30
19885	2	9	8
19886	6	15	5
19887	38	20	22
19888	21	15	17
19889	0	10	26
19890	0	32	7
19891	19	32	38
19892	19	6	39
19893	29	37	33
19894	3	22	28
19895	19	15	12
19896	37	35	26
19897	39	11	34
19898	27	15	34
19899	15	19	9
19900	1	3	15
19901	20	18	25
19902	26	16	10
19903	35	34	3
19904	26	21	8
19905	7	37	11
19906	39	34	13
19907	38	32	39
19908	32	19	31
19909	31	25	10
19910	2	16	22
19911	8	20	3
19912	35	13	10
19913	35	28	16
19914	7	20	18
19915	32	9	23
19916	40	10	31
19917	12	1	14
19918	36	4	11
19919	8	27	9
19920	21	8	28
19921	35	19	27
19922	40	33	24
19923	13	5	29
19924	29	14	19
19925	11	20	17
19926	17	40	5
19927	17	5	9
19928	9	35	26
19929	14	29	40
19930	24	34	19
19931	22	15	0
19932	10	25	19
19933	0	10	39
19934	6	21	5
19935	16	25	17
19936	10	7	29
19937	2	39	7
19938	8	25	40
19939	4	8	31
19940	17	15	34
19941	12	33	25
19942	21	35	12
19943	18	13	40
19944	10	7	14
19945	0	25	3
19946	10	1	6
19947	5	26	9
19948	4	8	28
19949	14	39	9
19950	25	5	15
19951	26	15	16
19952	32	6	29
19953	26	1	32
19954	0	25	2
19955	13	26	14
19956	32	25	19
19957	13	11	14
19958	10	28	5
19959	13	15	6
19960	22	16	25
19961	30	19	34
19962	14	29	1
19963	15	29	34
19964	27	22	10
19965	15	11	6
19966	32	7	31
19967	25	37	15
19968	3	30	16
19969	32	30	21
19970	24	36	13
19971	36	31	37
19972	26	9	18
19973	15	36	1
19974	6	31	39
19975	2	6	12
19976	10	7	4
19977	18	31	17
19978	8	33	40
19979	7	31	37
19980	12	34	23
19981	4	30	3
19982	4	10	30
19983	24	12	13
19984	39	21	40
19985	40	26	3
19986	23	40	37
19987	35	22	31
19988	31	14	5
19989	24	28	20
19990	5	19	39
19991	40	37	11
19992	15	27	16
19993	17	39	1
19994	23	34	14
19995	28	29	21
19996	11	7	12
19997	14	0	1
